county_fips,poverty_quartile,n_zctas_in_county,suppression_flag,fold,prob_high_risk,pred_high_risk,true_label
01029,3,7,0,0,0.514757989037588,1,0
01033,3,9,1,0,0.5347903708931367,1,0
01059,4,10,1,0,0.5297868768172173,1,0
01065,4,9,1,0,0.6287224366326247,1,0
01067,3,9,1,0,0.5597355994634221,1,0
01073,1,62,0,0,0.5457261505652066,1,0
01085,4,8,1,0,0.6276398708997576,1,1
01103,3,16,1,0,0.5676129970942234,1,0
01105,4,9,1,0,0.6267156674222923,1,1
01115,2,18,1,0,0.5523665399933249,1,1
01119,4,11,1,0,0.6288514498079327,1,0
01123,4,12,1,0,0.5565018464832782,1,1
01125,1,27,1,0,0.5151360243390386,1,0
01133,4,11,1,0,0.5520009575025546,1,0
04001,4,33,0,0,0.6063752438117302,1,1
04005,1,28,0,0,0.3673484023814973,0,1
04015,1,25,0,0,0.5094657194120985,1,1
04019,1,48,0,0,0.4890892302402831,0,1
04021,2,34,0,0,0.5335715774474358,1,1
05005,3,12,1,0,0.4355750311638088,0,0
05015,3,9,1,0,0.5220067005511501,1,0
05019,1,8,1,0,0.651665932766719,1,0
05027,4,7,1,0,0.5960449292957958,1,0
05037,4,8,1,0,0.6259474915904678,1,0
05049,1,14,1,0,0.4773238711378951,0,1
05065,1,20,0,0,0.3737019071716038,0,0
05067,4,11,1,0,0.6414561852003157,1,0
05081,4,7,1,0,0.6114907538803166,1,1
05087,3,13,1,0,0.5347813945488493,1,0
05101,3,20,1,0,0.5097422168526885,1,1
05123,4,13,1,0,0.6581348255983066,1,0
05125,1,14,1,0,0.48518939304348513,0,0
05135,4,13,1,0,0.5547064479188701,1,0
06001,1,53,0,0,0.40854793664785444,0,0
06005,2,12,1,0,0.45341486958136407,0,1
06017,1,23,1,0,0.40035657831697535,0,0
06019,4,56,0,0,0.6218040063980315,1,0
06025,4,17,0,0,0.6537907751734419,1,1
06029,1,52,0,0,0.6327603178945375,1,1
06037,1,292,0,0,0.279393605840126,0,0
06055,1,12,1,0,0.4108527310120901,0,0
06061,1,34,0,0,0.3924814133316728,0,0
06075,1,29,0,0,0.3613570879940646,0,0
06091,2,10,0,0,0.49842833618250704,0,0
06095,1,21,0,0,0.47776712211523314,0,0
06097,1,37,1,0,0.38727837739931276,0,0
06099,3,28,0,0,0.5788966214200765,1,0
06105,4,14,0,0,0.5431641279029025,1,0
06111,1,33,0,0,0.40355376781039626,0,0
08001,2,35,1,0,0.44405832358977915,0,0
08003,4,5,0,0,0.4802918232642616,0,0
08027,2,4,0,0,0.3341709885420755,0,0
08047,1,4,0,0,0.3309468117762254,0,0
08049,1,10,0,0,0.4167594789197269,0,0
08057,1,2,0,0,0.36313450371907374,0,0
08067,1,6,1,0,0.37221567143783185,0,1
08079,1,3,0,0,0.31180103380614704,0,0
08091,1,3,0,0,0.32754501031097727,0,0
08103,2,4,0,0,0.4441941581207216,0,0
08109,4,8,1,0,0.41322195249041055,0,1
08115,4,5,0,0,0.46927350765643955,0,0
09001,1,46,1,0,0.3147827099176979,0,0
09003,1,58,1,0,0.3926002266023056,0,0
10003,1,28,0,0,0.38373813082570035,0,0
12005,2,16,1,0,0.39979372180001127,0,0
12015,2,17,1,0,0.34582154907058316,0,0
12017,3,15,1,0,0.3691084112262766,0,0
12019,2,12,1,0,0.39422531163062746,0,0
12023,3,8,1,0,0.4724244786426895,0,0
12031,1,36,0,0,0.4217625810306402,0,0
12035,2,7,1,0,0.3624936061456906,0,0
12055,3,9,1,0,0.4553549380281333,0,1
12073,3,10,1,0,0.4002689578312748,0,0
12077,4,2,0,0,0.5063972954956018,1,0
12081,2,21,0,0,0.3623604834501694,0,0
12083,3,31,1,0,0.4331533426709104,0,0
12087,2,11,1,0,0.38841775398342193,0,0
12107,4,17,1,0,0.4828725502429176,0,0
12115,1,28,0,0,0.3114950752012355,0,0
12121,3,9,1,0,0.4727544836057595,0,1
12127,3,29,0,0,0.39388734283969806,0,0
12131,2,12,1,0,0.37762136844229466,0,0
13001,4,7,1,0,0.6085953249990146,1,0
13003,4,5,1,0,0.6355736967596112,1,1
13011,3,11,0,0,0.4885860692855453,0,0
13027,4,10,0,0,0.5844592702808613,1,0
13031,1,11,1,0,0.502488975166112,1,0
13043,4,4,1,0,0.6372238959278592,1,1
13047,1,8,0,0,0.3854984375343783,0,0
13049,4,4,0,0,0.6051872039956848,1,0
13065,4,7,0,0,0.6465533618929987,1,0
13079,3,7,0,0,0.5968337299474434,1,0
13093,4,8,1,0,0.6323820393518262,1,0
13095,4,6,1,0,0.6325850803900106,1,0
13101,3,6,1,0,0.5569507015310481,1,1
13105,4,4,0,0,0.5739167472442622,1,0
13107,4,13,1,0,0.6231880681969278,1,0
13111,3,8,1,0,0.3958080135879651,0,0
13115,4,13,1,0,0.5137085618292252,1,0
13127,3,8,1,0,0.49539566595872575,0,0
13137,3,7,1,0,0.4188229448706179,0,1
13139,2,19,1,0,0.4666345858383896,0,0
13169,4,8,1,0,0.5986775281299637,1,0
13181,4,2,0,0,0.5800337920663461,1,0
13187,3,4,0,0,0.4177657447713026,0,0
13189,4,4,1,0,0.6150194363978833,1,0
13197,4,4,1,0,0.5679435860448041,1,1
13201,4,5,0,0,0.6056951009541187,1,0
13221,3,10,0,0,0.5112092363518167,1,0
13241,4,9,0,0,0.42483798556092833,0,0
13245,1,11,0,0,0.614927308231211,1,1
13255,4,7,0,0,0.5382271441882415,1,0
13259,4,6,0,0,0.6256120533062612,1,0
13261,4,8,1,0,0.6209690384357395,1,0
13277,4,9,1,0,0.6131506355560619,1,1
13291,3,4,1,0,0.3908408514066092,0,0
13295,3,14,1,0,0.4857951518819873,0,0
13307,4,6,0,0,0.5791551729213049,1,0
16025,4,2,1,0,0.5607656710028073,1,1
16037,4,7,0,0,0.42872154408363533,0,0
16041,1,7,1,0,0.48628697052658565,0,1
16055,2,13,1,0,0.38357701410812167,0,0
16065,1,8,0,0,0.5677127937851498,1,0
16079,4,15,1,0,0.5275420011380144,1,1
17017,3,7,1,0,0.46485183015331505,0,0
17031,2,176,0,0,0.4019401697127565,0,0
17053,2,21,1,0,0.4631374611305771,0,0
17067,2,19,0,0,0.4378268281971515,0,0
17069,3,5,0,0,0.4984134288399951,0,0
17073,1,23,1,0,0.44910330591265646,0,1
17081,3,17,1,0,0.49195157514972004,0,1
17083,1,11,0,0,0.3861871034338734,0,0
17099,2,28,1,0,0.4790677836058322,0,0
17109,4,17,1,0,0.47599704113637487,0,1
17121,3,15,1,0,0.5101397693789779,1,1
17125,3,11,1,0,0.49031294599048564,0,0
17151,3,10,0,0,0.5013641225151083,1,0
17165,4,11,1,0,0.5628397050339085,1,0
17183,3,27,1,0,0.5094757645556002,1,0
17197,1,45,0,0,0.40222343176716596,0,0
17203,1,16,1,0,0.37577880909408484,0,1
18041,4,8,0,0,0.6158911788235415,1,0
18047,1,15,1,0,0.4879927682883287,0,0
18053,3,15,1,0,0.5881083560883318,1,0
18055,2,16,1,0,0.5074925007861404,1,1
18067,2,10,1,0,0.576683534475625,1,0
18071,3,8,1,0,0.5475081694093336,1,0
18081,1,12,1,0,0.5106080691688901,1,0
18083,3,11,1,0,0.5584978383324405,1,1
18093,2,12,1,0,0.5699356265904185,1,1
18101,2,7,1,0,0.5156323407713701,1,1
18121,3,12,0,0,0.5623721664771181,1,0
18123,2,14,1,0,0.45106070175843704,0,0
18133,1,15,1,0,0.4727869549340201,0,1
18135,3,14,0,0,0.5846870610184962,1,0
18139,2,16,1,0,0.594088652571905,1,0
18141,3,24,1,0,0.54649716840803,1,0
18143,3,6,1,0,0.5231010872160441,1,0
18153,3,13,1,0,0.5141854250007812,1,0
18157,3,18,1,0,0.42461367176350545,0,0
18159,2,10,0,0,0.5231524241139158,1,0
18161,2,6,0,0,0.5638719329729566,1,0
18167,1,18,1,0,0.4996244173641348,0,0
19003,2,9,1,0,0.478642686748534,0,1
19011,1,24,1,0,0.4168873480193607,0,0
19013,3,17,1,0,0.461013032697774,0,0
19015,3,18,1,0,0.4661711796632228,0,0
19039,3,9,1,0,0.523214888933512,1,1
19041,2,15,1,0,0.4068627885923782,0,0
19067,3,13,1,0,0.44035570089384823,0,0
19083,2,12,0,0,0.4210439490922396,0,0
19093,1,12,0,0,0.4068554573737257,0,0
19105,2,16,1,0,0.4560918185047719,0,0
19123,2,20,1,0,0.4548626390841334,0,0
19125,1,19,0,0,0.41603927477990915,0,0
19131,1,12,0,0,0.42724661731461117,0,0
19133,2,15,1,0,0.48790188309785476,0,1
19139,2,13,0,0,0.478354119652661,0,0
19159,2,12,0,0,0.438516473461807,0,0
19167,1,19,0,0,0.4089420698061582,0,0
19169,3,22,1,0,0.41212589460217725,0,0
19173,2,11,0,0,0.47625981991301,0,0
19179,3,12,1,0,0.5123754530287258,1,1
19185,3,12,0,0,0.545602697719905,1,0
19191,1,12,0,0,0.33382459333678877,0,0
20003,3,10,0,0,0.55090271241702,1,0
20011,4,13,1,0,0.5700678497615675,1,0
20015,2,20,1,0,0.5454196597567897,1,1
20025,2,6,0,0,0.4746361697896898,0,0
20029,3,8,1,0,0.46514705913206833,0,1
20031,2,10,0,0,0.5229956845831719,1,0
20033,1,3,0,0,0.4436377458601739,0,0
20039,2,8,1,0,0.4738616844771857,0,1
20045,1,12,1,0,0.4111082178536785,0,0
20061,3,8,1,0,0.5654478799888959,1,1
20069,1,7,0,0,0.5183151547567069,1,0
20071,1,2,0,0,0.5147841233505719,1,0
20081,3,3,0,0,0.6115772175833881,1,0
20085,2,18,1,0,0.515769190933521,1,1
20097,2,7,1,0,0.4397210448820931,0,1
20105,2,10,0,0,0.46092425994650116,0,0
20125,3,13,1,0,0.6179571772937437,1,1
20137,1,7,0,0,0.4536776956169909,0,0
20157,2,15,0,0,0.4179269554337708,0,0
20161,3,14,1,0,0.6139452894296216,1,0
20165,2,10,0,0,0.431116258049035,0,0
20169,2,9,1,0,0.4474052925130679,0,1
20171,1,4,0,0,0.5208623528768835,1,0
20185,3,9,0,0,0.485644158574014,0,0
21001,4,10,1,0,0.5762427760575517,1,0
21019,3,4,1,0,0.5198816819300981,1,1
21023,3,7,1,0,0.5238589816350379,1,1
21029,1,11,1,0,0.4757922755999506,0,0
21033,3,6,1,0,0.5720027865275567,1,1
21035,4,10,0,0,0.5419421280795803,1,0
21039,4,4,0,0,0.6300554817463824,1,0
21043,4,10,0,0,0.5642033410115895,1,0
21053,4,4,0,0,0.5990482587994695,1,0
21065,4,5,0,0,0.5845447140360772,1,0
21079,3,5,1,0,0.5516438400196803,1,0
21083,4,18,1,0,0.6211750653286512,1,1
21089,3,11,0,0,0.540256850298639,1,0
21091,2,5,0,0,0.511939822887884,1,0
21093,2,17,1,0,0.534557334491716,1,0
21095,4,27,0,0,0.5779325145817431,1,0
21103,3,13,1,0,0.542203299381227,1,0
21121,4,19,1,0,0.5701042671140969,1,1
21137,4,11,1,0,0.5823995156596198,1,0
21139,3,7,0,0,0.5908842355127666,1,0
21149,2,7,1,0,0.5613597463833411,1,1
21153,4,4,1,0,0.5938615252682238,1,1
21165,4,5,0,0,0.5643279955235541,1,0
21175,4,8,1,0,0.5677624466700396,1,0
21189,4,6,0,0,0.5866957697573977,1,0
21193,1,21,0,0,0.3642624394781654,0,0
21199,4,11,1,0,0.5555116085022817,1,0
21207,4,7,1,0,0.5693084684941966,1,0
21213,2,5,0,0,0.5842801960928447,1,0
21215,1,8,0,0,0.4597314020285374,0,0
21239,2,3,1,0,0.46215093717512423,0,0
22025,4,9,0,0,0.6283719394710612,1,0
22027,4,11,1,0,0.6502319978912756,1,0
22033,1,24,0,0,0.5216708736608942,1,0
22051,3,17,0,0,0.5241899882393432,1,0
22059,4,8,0,0,0.5881780768480034,1,0
22061,1,8,0,0,0.5536989144376117,1,1
22063,2,17,1,0,0.4886742366529466,0,0
22067,4,7,0,0,0.6476114590381731,1,0
22073,1,14,0,0,0.5388995873841265,1,1
22081,3,5,0,0,0.5462278240939088,1,0
22087,4,6,1,0,0.592938459991669,1,1
22091,3,7,0,0,0.5968591456189051,1,0
22095,3,6,1,0,0.6048128708861482,1,1
22099,4,8,1,0,0.5816514254078975,1,1
22105,1,20,1,0,0.5348919498319146,1,0
22117,4,6,1,0,0.608689830580665,1,0
22127,4,12,1,0,0.6079351862678094,1,0
23007,1,18,1,0,0.27306605749406676,0,1
23013,1,19,1,0,0.3229743062534982,0,1
23027,2,18,1,0,0.35819896224662634,0,1
24013,1,15,1,0,0.31142978822785716,0,0
24023,2,12,0,0,0.476957002984929,0,0
25001,1,47,1,0,0.28783272827365236,0,0
25009,1,45,0,0,0.3379279344841269,0,0
25013,2,41,1,0,0.45818473134618815,0,0
25015,1,28,1,0,0.3161215322359866,0,0
25027,1,87,1,0,0.3455870372374427,0,0
26011,3,10,1,0,0.5007168477538787,1,0
26027,2,14,1,0,0.5214930088037619,1,1
26033,3,17,0,0,0.5057241109278864,1,0
26045,1,19,1,0,0.45624449748351364,0,0
26053,4,7,0,0,0.4014560486541682,0,0
26059,3,18,1,0,0.501953441772266,1,0
26081,2,39,1,0,0.4269043875413814,0,0
26093,1,20,1,0,0.34182304712623524,0,0
26119,3,5,0,0,0.43417393074466104,0,0
26121,3,20,1,0,0.5266694789344504,1,0
26165,3,13,0,0,0.4384418064979816,0,0
27003,1,20,1,0,0.34031559769737957,0,0
27025,1,15,1,0,0.3528539295055448,0,1
27031,2,6,0,0,0.32366974032463675,0,0
27043,2,14,0,0,0.4392458290546339,0,0
27045,1,16,0,0,0.35790323776768135,0,0
27047,2,18,1,0,0.4224540570770194,0,1
27053,1,72,0,0,0.3394817410623492,0,0
27107,2,14,0,0,0.45293961898709356,0,0
27125,2,9,0,0,0.4712290754541128,0,0
27127,2,22,1,0,0.39645409571304685,0,0
27137,1,51,0,0,0.3875714447060181,0,0
27149,2,8,0,0,0.3591706563613843,0,0
27169,2,14,1,0,0.40157591301446005,0,1
28013,4,11,1,0,0.49481715448129576,0,0
28021,4,5,0,0,0.5452135555017615,1,0
28033,1,10,1,0,0.4786771539249582,0,0
28045,3,10,1,0,0.520141640745442,1,1
28047,1,13,0,0,0.47331411625393255,0,1
28063,4,7,0,0,0.56273355518477,1,0
28067,4,13,0,0,0.4953845916854278,0,1
28081,3,15,1,0,0.44611723214977783,0,0
28097,4,7,1,0,0.5577829250435806,1,1
28107,4,11,1,0,0.5649653215758577,1,1
28109,3,5,1,0,0.46762931720308815,0,1
28115,4,11,1,0,0.48392205077724937,0,0
28131,4,6,1,0,0.5126062247686151,1,0
28143,4,5,0,0,0.6792921788657363,1,0
28151,4,8,0,0,0.6473845579332179,1,1
28159,4,10,1,0,0.5470874185420702,1,0
29019,1,13,1,0,0.3490012368024704,0,0
29033,3,10,1,0,0.5531136140680281,1,1
29073,2,11,0,0,0.4533041760318356,0,0
29079,3,7,1,0,0.5474868888367689,1,1
29119,1,14,1,0,0.45075892587203453,0,0
29123,3,7,1,0,0.5164029706584811,1,1
29133,4,6,1,0,0.685593860869521,1,0
29151,1,15,0,0,0.39700639442211577,0,0
29167,3,18,0,0,0.6723700168620165,1,0
29179,3,11,0,0,0.5406934723175019,1,0
29181,4,9,1,0,0.6187166395052536,1,0
29187,3,15,1,0,0.5447622511108041,1,1
29189,1,46,0,0,0.4368526198413225,0,0
29197,3,6,1,0,0.5964113482826741,1,1
29205,3,9,0,0,0.5275989213561001,1,0
29207,1,13,1,0,0.5708266755889222,1,1
29223,4,14,1,0,0.5681732302717186,1,0
30015,2,13,1,0,0.46978206453014254,0,1
30021,1,8,1,0,0.43924984648898546,0,1
30025,1,4,0,0,0.39572883191265046,0,0
30031,2,10,0,0,0.3627130317295126,0,0
30045,2,12,0,0,0.3332077316502298,0,0
30047,3,15,1,0,0.48295772626908906,0,0
30079,3,7,0,0,0.4696160031671818,0,0
30089,4,11,0,0,0.5151749379898063,1,0
30093,3,7,0,0,0.42980666648040444,0,0
30101,2,8,0,0,0.4857502442517006,0,0
31015,2,5,0,0,0.39114015744258585,0,0
31029,2,7,1,0,0.3803701561836508,0,1
31039,2,11,0,0,0.4168717411701275,0,0
31041,1,21,1,0,0.29499437557510677,0,1
31057,4,7,0,0,0.5125628070813988,1,0
31073,2,9,0,0,0.4373396187745474,0,0
31079,2,11,1,0,0.421583085299574,0,1
31105,3,5,0,0,0.5246191082573582,1,0
31117,2,5,0,0,0.4330529604458004,0,0
31121,3,9,0,0,0.44658926499936064,0,0
31125,2,8,0,0,0.4203868038888607,0,0
31139,1,9,0,0,0.3694805319085736,0,0
31141,1,11,1,0,0.36335040965949855,0,1
31143,1,10,0,0,0.3816371077774983,0,0
31153,1,13,1,0,0.3832606697531898,0,0
31165,3,8,0,0,0.561768651030132,1,0
31167,2,10,0,0,0.3927685170086299,0,0
31171,1,4,0,0,0.40791332436074323,0,0
32003,1,73,0,0,0.5484340165175071,1,1
32019,3,9,1,0,0.6513664893277794,1,0
32021,3,5,1,0,0.6117014316966828,1,1
33003,1,30,0,0,0.3330984672093199,0,0
34001,1,30,0,0,0.4116955767528208,0,0
34015,1,30,1,0,0.34330582205673704,0,0
34021,1,25,1,0,0.347649379843167,0,0
34025,1,52,0,0,0.30005422772588863,0,0
34027,1,56,1,0,0.2682103321412436,0,0
34031,2,33,1,0,0.4204952168036621,0,0
34037,1,21,1,0,0.2955423968818561,0,0
34039,1,27,0,0,0.3958423949124146,0,0
34041,1,19,1,0,0.3489519364872678,0,0
35013,1,26,0,0,0.5564213063697439,1,0
35019,2,5,1,0,0.5318141215836982,1,1
35025,3,7,1,0,0.6015982712850153,1,0
35027,3,14,0,0,0.43900272198113677,0,0
35031,4,24,0,0,0.7107897306839257,1,1
35061,4,8,1,0,0.5937230570938656,1,1
36001,2,46,1,0,0.36147323931429637,0,0
36015,2,22,1,0,0.41698015492065776,0,0
36019,2,25,0,0,0.43982037761813353,0,0
36025,3,47,0,0,0.35891741872250693,0,0
36027,1,35,1,0,0.3267259084497099,0,0
36039,2,42,1,0,0.3792117200211402,0,1
36045,3,39,1,0,0.4195154594890708,0,0
36057,3,20,1,0,0.41899364748974305,0,1
36075,3,27,1,0,0.47170184456876485,0,0
36087,2,25,0,0,0.32778280834605866,0,0
36095,2,24,0,0,0.38980760180961993,0,0
36097,2,18,0,0,0.3878274993678178,0,0
36099,2,14,1,0,0.4668082483689785,0,1
36111,2,63,1,0,0.33897463593481936,0,0
36115,2,27,1,0,0.3614903956850284,0,0
37017,4,18,1,0,0.5663565661342598,1,0
37023,4,16,1,0,0.4357689870760889,0,0
37051,1,24,1,0,0.4981635452792921,0,0
37059,2,6,1,0,0.38354875361011603,0,1
37067,1,22,1,0,0.40523677197988917,0,0
37079,4,11,1,0,0.5660242617379835,1,0
37083,4,9,1,0,0.5612024934243774,1,0
37097,2,16,0,0,0.4049845298511773,0,1
37099,4,11,0,0,0.4029482305881935,0,0
37101,2,21,1,0,0.4636700458104396,0,0
37123,3,8,0,0,0.4478167488253366,0,0
37125,2,18,1,0,0.36021414021259507,0,0
37131,4,12,1,0,0.5997783866030294,1,0
37147,4,17,1,0,0.4794886058298254,0,0
37169,2,16,1,0,0.4265637109369532,0,1
37173,4,5,0,0,0.5515417857814304,1,0
37187,4,4,1,0,0.5667969841739239,1,1
38015,1,12,1,0,0.3416995441293051,0,0
38025,1,12,0,0,0.4195871514030657,0,0
38041,2,5,0,0,0.49903672265641597,0,0
38059,1,8,0,0,0.4451775830189211,0,0
38067,1,13,1,0,0.3851087998359391,0,1
38073,1,11,1,0,0.39036873254144233,0,1
38075,1,9,0,0,0.398148196251196,0,0
38081,1,12,0,0,0.36379220409757324,0,0
38083,2,9,0,0,0.47140564816793246,0,0
38105,1,10,0,0,0.3691585546649598,0,0
39001,4,11,1,0,0.5886747978445225,1,0
39005,2,19,0,0,0.4882332311749641,0,0
39007,4,19,1,0,0.5726670275905433,1,1
39027,3,13,0,0,0.5756554458400526,1,0
39029,3,24,0,0,0.5740359619650806,1,0
39033,3,15,0,0,0.5411032769104971,1,0
39051,1,12,0,0,0.5522653004204996,1,0
39053,3,12,0,0,0.5441670341470223,1,0
39067,3,16,0,0,0.5462138683317633,1,0
39087,3,14,1,0,0.5690675214618433,1,0
39093,2,24,1,0,0.4990149139615151,0,0
39121,2,15,1,0,0.47261204389433337,0,0
39129,2,17,1,0,0.5208525301156011,1,1
39135,1,16,1,0,0.5737598274927421,1,0
39143,2,17,1,0,0.5585027737043196,1,0
39149,2,18,0,0,0.539816936280769,1,0
39167,3,20,1,0,0.5382516436535688,1,0
39175,2,13,0,0,0.46303711805915454,0,0
40003,1,13,1,0,0.5037977043320109,1,1
40009,3,6,1,0,0.591107593260873,1,0
40021,4,16,1,0,0.6494776681817651,1,1
40041,4,13,1,0,0.620043120540139,1,1
40073,2,12,1,0,0.6063429876226446,1,0
40089,4,15,1,0,0.6776438076534984,1,1
40109,3,55,0,0,0.588192491947683,1,1
40115,4,9,1,0,0.6461263072676836,1,1
40125,3,16,0,0,0.6126577170038433,1,1
40127,4,16,1,0,0.6281960965566131,1,1
40137,3,10,1,0,0.6375594215640811,1,1
40153,2,11,1,0,0.5598058292733149,1,0
41003,1,10,1,0,0.39669828129272877,0,1
41011,3,10,1,0,0.517580673682538,1,0
41013,2,6,1,0,0.48088299151024155,0,0
41015,2,7,1,0,0.4167797917382956,0,0
41017,1,7,1,0,0.4014734382493052,0,0
41023,3,11,1,0,0.5337717249789402,1,1
41027,2,3,1,0,0.4360144503471469,0,0
41031,3,8,1,0,0.5456403594061999,1,0
41033,4,11,1,0,0.5160750308715267,1,0
41045,4,13,0,0,0.6161189567647559,1,0
41047,3,26,1,0,0.5515918366240973,1,0
41055,2,5,0,0,0.5357372110638693,1,0
41061,3,8,1,0,0.5058101009807762,1,0
41063,2,5,0,0,0.4506701108907565,0,0
42013,3,19,1,0,0.4087120352824862,0,0
42015,2,27,1,0,0.4544388075658667,0,0
42023,3,4,0,0,0.42656337782356857,0,0
42035,3,15,0,0,0.4034283381256008,0,0
42063,3,49,0,0,0.4385539229525874,0,0
42065,3,30,1,0,0.4417669136606845,0,0
42069,2,28,1,0,0.3556899126511842,0,0
42085,2,28,1,0,0.4420550781009932,0,0
42099,2,16,1,0,0.44074249258885817,0,1
42111,2,40,1,0,0.4272559726746877,0,0
42121,3,23,0,0,0.3913140651931304,0,0
44009,1,20,1,0,0.2698731896645423,0,0
45003,3,23,0,0,0.5682214397171426,1,1
45005,4,6,1,0,0.6729742393952597,1,1
45009,4,8,1,0,0.6536114965245354,1,0
45011,4,7,1,0,0.6650324180354208,1,0
45013,1,16,1,0,0.4035328211477925,0,0
45019,1,30,0,0,0.4663339404707959,0,0
45037,3,10,1,0,0.5220209765005791,1,0
45067,4,7,1,0,0.6078403119070231,1,1
45069,4,8,1,0,0.6191613947396861,1,0
45075,1,24,0,0,0.6350701063105979,1,1
45081,4,12,1,0,0.6319926851976515,1,0
45083,2,34,0,0,0.4719074289016741,0,0
45091,1,15,1,0,0.43164161199422824,0,0
46023,4,10,0,0,0.49681463098925993,0,0
46029,2,10,1,0,0.3633833487635333,0,0
46037,2,11,1,0,0.4611245581621607,0,1
46041,3,9,0,0,0.5496284313407591,1,0
46043,1,8,0,0,0.0871251648655429,0,0
46049,2,10,0,0,0.3692760795812313,0,0
46073,1,4,0,0,0.3533179098255024,0,0
46079,2,14,0,0,0.334099909155953,0,0
46087,2,12,0,0,0.3568058132088052,0,0
46089,2,8,0,0,0.4399790796426536,0,0
46121,4,9,1,0,0.6695143634952657,1,1
46125,1,15,0,0,0.3702037168677388,0,0
46127,1,9,0,0,0.4459595470284218,0,0
47009,2,13,1,0,0.4603075712172249,0,0
47019,4,8,1,0,0.5635410394405982,1,0
47039,4,9,0,0,0.5339399018582887,1,0
47093,2,30,0,0,0.46680042408551425,0,0
47103,3,12,0,0,0.5494472859752493,1,0
47107,4,12,1,0,0.5259862808036788,1,0
47119,1,10,1,0,0.45876286807278804,0,1
47127,3,10,0,0,0.5273863253056652,1,0
47153,2,8,0,0,0.4176300949395715,0,0
47159,3,15,1,0,0.5560910447294475,1,0
47163,3,12,1,0,0.5345144972749708,1,0
47187,1,16,1,0,0.33681523216121784,0,0
47189,1,12,1,0,0.45848147109520554,0,0
48029,2,77,0,0,0.5893376470787048,1,0
48057,3,6,1,0,0.6375594967467995,1,0
48061,4,17,0,0,0.7044798083526642,1,0
48097,2,14,1,0,0.5529598122692062,1,1
48113,3,93,0,0,0.5594318671801755,1,1
48137,4,4,0,0,0.6238160511738726,1,0
48143,1,13,1,0,0.5184451195688043,1,1
48175,3,6,0,0,0.6010106454270548,1,0
48199,2,12,1,0,0.5067225602570439,1,0
48205,1,4,0,0,0.52977180088972,1,0
48207,4,11,1,0,0.6188556848025399,1,1
48215,4,28,0,0,0.7104015404225359,1,0
48219,4,10,1,0,0.6053498833777112,1,0
48235,2,4,0,0,0.48180194801918697,0,0
48237,3,11,0,0,0.5912241645779105,1,0
48241,4,9,1,0,0.5742912444981041,1,1
48243,2,2,0,0,0.4989435235238372,0,0
48259,1,8,1,0,0.422990416937561,0,1
48261,4,2,1,0,0.7484671700352157,1,1
48269,4,2,1,0,0.6124791277075908,1,1
48273,4,4,1,0,0.6335205368143518,1,0
48275,4,6,1,0,0.5798906528023585,1,1
48303,1,25,1,0,0.5479506051947926,1,0
48309,1,29,0,0,0.572701333928526,1,0
48319,2,6,0,0,0.5181578684628185,1,0
48341,2,6,1,0,0.5949249337462696,1,0
48351,3,11,0,0,0.5786566291304701,1,0
48365,3,13,1,0,0.6037374370057578,1,0
48377,4,4,1,0,0.6619855106924215,1,1
48387,4,9,1,0,0.6069162227978432,1,1
48389,3,4,1,0,0.4166478909870063,0,0
48399,3,11,1,0,0.5579685305271288,1,1
48411,3,7,1,0,0.5945671695648106,1,1
48421,3,4,0,0,0.5792595969740885,1,0
48423,3,22,0,0,0.49610540487627663,0,1
48427,4,10,1,0,0.7415731701029654,1,1
48429,4,8,1,0,0.5608973175470853,1,1
48435,1,2,0,0,0.3717110979484282,0,0
48441,1,17,1,0,0.5011004414073813,1,0
48453,1,63,0,0,0.45667393692354546,0,0
48465,4,5,1,0,0.6776959341298587,1,1
48467,3,13,1,0,0.5593026832002719,1,0
48469,3,12,1,0,0.6356476565940723,1,0
48489,4,6,0,0,0.7370401356866585,1,0
49005,3,16,1,0,0.476915360735751,0,0
49009,1,2,0,0,0.39363118637191,0,0
49033,2,4,0,0,0.4938427338394315,0,0
49035,1,36,0,0,0.5010962921784132,1,0
49043,1,9,1,0,0.38142069278655505,0,1
49049,2,24,0,0,0.43246603342265766,0,0
50005,2,22,1,0,0.3199661808068774,0,1
50015,2,11,0,0,0.30211603348665234,0,0
50019,2,24,1,0,0.3185682113430682,0,0
50025,2,24,1,0,0.29348244174703786,0,1
51005,3,7,1,0,0.489650063047465,0,0
51009,2,9,1,0,0.4686838006542965,0,1
51011,3,8,0,0,0.5135197356828962,1,0
51037,4,14,1,0,0.5265574362910499,1,1
51043,1,7,0,0,0.3773283135857519,0,0
51053,3,12,0,0,0.6002494819122294,1,0
51065,1,10,0,0,0.3869067442645236,0,0
51073,1,6,1,0,0.40861392734478225,0,1
51077,4,9,0,0,0.5025482304365245,1,0
51079,2,5,1,0,0.3952168877810501,0,0
51095,1,4,1,0,0.3205489511553279,0,0
51107,1,21,1,0,0.28051840970946423,0,0
51109,2,12,0,0,0.4580713718779212,0,0
51163,3,12,0,0,0.43141042264202656,0,0
51191,2,10,1,0,0.45592129525409164,0,0
51650,2,9,1,0,0.550528365315146,1,0
51670,4,1,0,0,0.5980820312256562,1,0
51678,3,1,1,0,0.3856675256158258,0,1
51770,3,10,1,0,0.5324271660642985,1,0
51790,1,2,0,0,0.39562023068768915,0,0
51820,3,1,0,0,0.4882596412356713,0,0
53011,1,20,0,0,0.4129877147589839,0,0
53027,1,21,0,0,0.46850081158760265,0,0
53029,1,8,1,0,0.37347805773498693,0,1
53031,2,9,1,0,0.3965928486812471,0,0
53043,2,14,0,0,0.48772185715605987,0,0
53055,1,9,0,0,0.33595416915982607,0,0
53069,1,6,0,0,0.4380475876949182,0,0
53073,2,18,1,0,0.3966504112016415,0,0
54013,4,16,0,0,0.5871291992771324,1,0
54023,3,12,0,0,0.5526082016306477,1,0
54031,3,10,0,0,0.6107193485498167,1,0
54033,3,21,0,0,0.4981793677886669,0,0
54039,1,46,1,0,0.5332714290523497,1,0
54045,4,33,0,0,0.5790989238797641,1,0
54051,3,10,0,0,0.52363033720707,1,0
54089,4,15,0,0,0.5640171221998178,1,0
54097,4,10,1,0,0.5499991444753562,1,0
54101,4,11,0,0,0.5944950570299641,1,0
55001,2,14,1,0,0.3971781927239437,0,0
55031,2,12,1,0,0.3279470450965767,0,1
55045,1,12,1,0,0.3370784961603245,0,1
55055,1,19,1,0,0.3655983252285298,0,0
55059,1,17,1,0,0.37009759700072736,0,0
55067,2,15,0,0,0.41422288397023094,0,0
55071,1,19,1,0,0.35170982201056666,0,0
55083,1,19,1,0,0.38213124648851227,0,1
55093,1,13,0,0,0.32693318745139094,0,0
55097,2,21,1,0,0.3101912596138056,0,0
55099,2,14,1,0,0.3307050009931309,0,0
55115,2,25,1,0,0.376448396457317,0,1
55141,2,15,1,0,0.30500366727354733,0,1
56001,1,10,1,0,0.49406026247553825,0,0
56009,1,4,1,0,0.46404056495004664,0,0
56013,2,11,1,0,0.5110592268280942,1,1
56017,3,3,1,0,0.47753953247637865,0,1
56019,2,4,0,0,0.4103561724059713,0,0
56023,1,15,0,0,0.41932366083740924,0,0
56035,1,6,1,0,0.4026992923090114,0,1
56045,2,4,0,0,0.4770753520746535,0,0
01003,2,23,1,1,0.44666848644904056,0,0
01023,4,10,0,1,0.5898097013929604,1,0
01037,3,11,1,1,0.5544965878195326,1,1
01049,4,24,0,1,0.583177286883567,1,0
01053,4,9,1,1,0.6016287995107397,1,1
01087,4,13,1,1,0.5319933488313171,1,0
01089,1,25,1,1,0.471957348386611,0,0
01109,1,9,1,1,0.5310092497223168,1,1
01117,1,22,0,1,0.3913723471420033,0,0
01127,3,18,1,1,0.5504321776515146,1,0
01131,4,13,1,1,0.6166215821377528,1,1
04027,4,10,0,1,0.6024943356701706,1,1
05001,4,13,1,1,0.5894111890955431,1,0
05021,4,13,1,1,0.6111760294761944,1,0
05029,4,15,1,1,0.5966597041698939,1,0
05045,1,15,1,1,0.5100317634116293,1,0
05047,4,13,1,1,0.5923829657343578,1,0
05051,3,10,1,1,0.4778924589385974,0,0
05053,2,14,1,1,0.5086365995300106,1,0
05057,4,10,1,1,0.6327477445486904,1,0
05059,4,12,1,1,0.518576980609188,1,1
05061,4,8,1,1,0.612049690359148,1,0
05085,2,11,1,1,0.5290553402330757,1,0
05103,4,8,1,1,0.59418281317136,1,0
05109,4,10,0,1,0.5391065660236309,1,0
05115,4,13,1,1,0.5400955357197944,1,1
05119,1,31,0,1,0.5030725567982931,1,0
05147,4,9,1,1,0.647329472736039,1,1
06011,3,9,1,1,0.5890049386717947,1,0
06015,4,4,1,1,0.49073216928186514,0,0
06027,2,11,1,1,0.5362534028043258,1,0
06035,2,17,1,1,0.5372973217025054,1,1
06043,3,13,1,1,0.536208407839991,1,0
06045,3,29,1,1,0.46486936941766804,0,1
06059,1,91,0,1,0.37728267789312975,0,0
06071,3,93,0,1,0.5917871772479172,1,0
06077,1,36,0,1,0.5562130267088349,1,0
06079,2,26,1,1,0.41395337519145303,0,0
06089,3,30,0,1,0.5281489659475177,1,1
06103,4,15,1,1,0.6192924180370974,1,0
06109,1,16,1,1,0.4121056866896947,0,1
06115,3,17,1,1,0.597992561833647,1,1
08005,1,33,1,1,0.3842387096216181,0,0
08014,1,6,1,1,0.3481319179283734,0,1
08019,1,6,0,1,0.32338915487257824,0,0
08023,4,7,0,1,0.5205270210096821,1,0
08029,4,8,0,1,0.423413265880792,0,0
08055,2,4,1,1,0.482530152646122,0,1
08059,1,33,1,1,0.3378365373419834,0,0
08069,1,24,1,1,0.4201144922649552,0,0
08075,3,9,0,1,0.5030641575921149,1,0
08083,3,7,0,1,0.48348779367068,0,0
08093,1,12,0,1,0.22151946061503963,0,0
08121,2,12,1,1,0.4880772001015761,0,1
08123,1,41,1,1,0.47209775974581286,0,0
08125,3,13,0,1,0.49086342624552154,0,0
09005,1,40,1,1,0.27509235598061277,0,0
09011,1,31,1,1,0.35543250259953124,0,0
09013,1,17,0,1,0.31140636381951387,0,0
12033,1,18,1,1,0.36079397959599835,0,0
12043,4,5,1,1,0.5017640714239866,1,1
12049,4,4,1,1,0.5552975095681633,1,0
12061,2,9,1,1,0.328709334100983,0,0
12067,4,2,0,1,0.45025701722464656,0,0
12085,1,12,1,1,0.30046624149039713,0,0
12091,2,14,1,1,0.32163982824689263,0,0
12093,4,2,0,1,0.5268595068003792,1,0
12097,3,17,1,1,0.4233850038796332,0,0
12101,2,31,1,1,0.36879977425199223,0,0
12109,1,12,1,1,0.27365201717780235,0,0
12129,2,4,1,1,0.40400007203481164,0,0
12133,4,10,1,1,0.5066149092890002,1,0
13025,4,6,1,1,0.5712023492220778,1,0
13091,4,8,0,1,0.5849330303683415,1,0
13103,1,8,1,1,0.4487501221842228,0,1
13125,4,5,0,1,0.5739581833428355,1,0
13135,2,26,0,1,0.3265476513329287,0,0
13145,1,12,0,1,0.3614733921905711,0,0
13151,2,11,1,1,0.4470864562828057,0,0
13157,2,16,1,1,0.4079676641983496,0,0
13161,4,4,0,1,0.636140956633465,1,0
13171,3,9,0,1,0.535758161315441,1,0
13173,4,5,0,1,0.6069903482583918,1,0
13175,4,15,1,1,0.6094867120881379,1,1
13191,3,4,1,1,0.5454682898443161,1,0
13195,3,11,1,1,0.48661605228060123,0,0
13205,4,7,0,1,0.6670573330933618,1,0
13207,2,9,0,1,0.4824007869744867,0,0
13209,4,7,0,1,0.6015136486716463,1,0
13213,3,6,0,1,0.4764886134673576,0,0
13217,3,11,1,1,0.5462611484530798,1,0
13219,1,8,1,1,0.35067197767787467,0,1
13235,4,5,1,1,0.6281432749944076,1,1
13239,4,2,0,1,0.6032455580037257,1,0
13243,4,8,0,1,0.6654996982229832,1,0
13251,4,6,0,1,0.6131855688002251,1,0
13265,4,4,0,1,0.6207886762527134,1,0
13281,3,3,1,1,0.3446836984904208,0,1
13287,4,4,1,1,0.6418559570976955,1,1
13297,2,11,1,1,0.44918905498577566,0,1
13315,4,8,1,1,0.6223091608313372,1,1
13317,4,5,1,1,0.6097552060158015,1,1
16015,1,8,0,1,0.37124971547241453,0,0
16017,2,18,1,1,0.43175089762090174,0,0
16019,2,14,1,1,0.433896978471569,0,0
16035,3,7,1,1,0.4277948881456095,0,1
16049,3,16,0,1,0.42014715357236826,0,0
16051,1,10,0,1,0.4514089543063153,0,0
16067,3,5,0,1,0.5774304842090487,1,0
16069,2,10,1,1,0.4578052718313222,0,1
16071,2,4,0,1,0.4985491791146119,0,0
16085,1,4,0,1,0.41134834280611937,0,0
16087,4,5,1,1,0.5900026627692505,1,1
17023,2,11,0,1,0.43499778831554226,0,0
17027,1,17,1,1,0.409376327069717,0,0
17033,2,10,1,1,0.45677183897532214,0,0
17045,2,15,1,1,0.4386430836949717,0,0
17049,2,15,1,1,0.41372034612307124,0,1
17057,3,24,1,1,0.4891959165218748,0,1
17061,2,13,0,1,0.4607880278514006,0,0
17065,2,13,0,1,0.47093868397218586,0,0
17077,4,22,0,1,0.49898267621983694,0,0
17089,1,33,0,1,0.3950685026267863,0,0
17091,2,21,1,1,0.5095823198577555,1,0
17095,3,22,1,1,0.551959429058397,1,1
17107,1,20,1,1,0.4330841084659284,0,0
17113,2,33,1,1,0.4250044090690906,0,0
17115,3,27,1,1,0.5032285327964624,1,0
17169,3,12,0,1,0.4157996995782818,0,0
17179,1,21,1,1,0.41619719366341695,0,0
17187,3,14,1,1,0.5280766981081071,1,0
17199,3,22,1,1,0.4386944217137894,0,0
18003,2,33,1,1,0.48539730654558305,0,0
18009,3,7,1,1,0.6147606068142388,1,1
18015,2,17,0,1,0.5481278565314106,1,0
18035,4,21,1,1,0.5787131238077644,1,0
18043,2,10,1,1,0.4500812964922532,0,1
18051,2,16,1,1,0.49851679696318124,0,1
18059,1,15,1,1,0.44257482077891885,0,1
18073,1,13,1,1,0.4872119869172595,0,1
18075,3,9,0,1,0.6121701782768809,1,0
18077,2,11,0,1,0.5135863964785691,1,0
18089,2,28,0,1,0.5043104211533589,1,0
18091,3,15,1,1,0.5390697315988093,1,0
18099,3,13,0,1,0.566305112555946,1,0
18103,3,13,0,1,0.5674487330651835,1,0
18107,2,16,1,1,0.48482504095253676,0,0
18109,1,14,1,1,0.5317779402490437,1,0
18111,2,12,0,1,0.5159972973875586,1,0
18115,2,5,0,1,0.49164162488331276,0,0
18117,3,11,1,1,0.5412717479864952,1,0
18145,2,17,1,1,0.5843190359093252,1,1
18175,2,12,1,1,0.5376597818408385,1,0
18179,2,16,0,1,0.5114469508368924,1,0
18181,2,18,0,1,0.5136478747969406,1,0
18183,1,10,0,1,0.44375298059908186,0,0
19001,2,14,0,1,0.44248912050966166,0,0
19007,3,11,1,1,0.48566401415628624,0,1
19009,2,11,1,1,0.4536755803833422,0,1
19021,2,13,1,1,0.41078350151904186,0,0
19033,2,17,0,1,0.37812716479144887,0,0
19037,1,9,1,1,0.42564909026556985,0,1
19043,2,24,0,1,0.4261970677670714,0,0
19051,2,10,0,1,0.4311123093501549,0,0
19061,2,19,1,1,0.33586075667401366,0,0
19069,2,17,0,1,0.419967829493955,0,0
19071,2,11,1,1,0.4693201162701473,0,1
19077,1,18,1,1,0.40890993482358806,0,1
19079,1,15,1,1,0.43059278704607173,0,0
19089,2,9,0,1,0.39627004291720624,0,0
19091,2,17,0,1,0.4165094734171294,0,0
19109,2,21,1,1,0.4429312812007352,0,0
19149,1,14,1,1,0.4520978654942767,0,0
19153,2,41,0,1,0.41040274211576633,0,0
19155,2,24,1,1,0.44765322787431944,0,0
19163,2,22,1,1,0.4422318724435422,0,0
19165,1,19,0,1,0.4043956939812217,0,0
19171,2,19,0,1,0.5099155216735182,1,0
19195,1,10,0,1,0.40529818266636297,0,0
19197,2,16,1,1,0.4513458814385868,0,0
20005,2,10,1,1,0.5469139519411869,1,0
20017,3,11,0,1,0.58849500510802,1,0
20021,1,13,1,1,0.5158321978935977,1,0
20023,3,5,0,1,0.5125532416579358,1,0
20041,2,12,1,1,0.5280699555811325,1,0
20047,3,7,1,1,0.5059990694118769,1,1
20051,3,11,1,1,0.4339270262248239,0,0
20059,2,13,1,1,0.5326098672735942,1,0
20091,1,34,0,1,0.29662017020555503,0,0
20103,1,13,1,1,0.5045691984812232,1,0
20109,2,7,0,1,0.43189942011238935,0,0
20127,2,9,1,1,0.5516378989062448,1,1
20129,2,5,1,1,0.5486262244330934,1,1
20143,2,11,0,1,0.45891909959259186,0,0
20147,2,9,1,1,0.37645243261281003,0,1
20151,2,11,0,1,0.4780493635158377,0,0
20159,2,13,1,1,0.49511723637674643,0,1
20187,3,3,0,1,0.5664615197623128,1,0
20195,1,8,0,1,0.41738771605274333,0,0
20197,1,16,0,1,0.4932390666310488,0,0
20199,2,4,0,1,0.45950048742918276,0,0
20207,3,10,0,1,0.6053000930427453,1,0
20209,4,11,0,1,0.6202317858737394,1,0
21003,4,6,1,1,0.6206517558109729,1,0
21007,1,6,0,1,0.44188451073528817,0,0
21009,4,11,1,1,0.6403805917430347,1,0
21013,4,11,1,1,0.6082596846999573,1,0
21021,3,5,1,1,0.5473868439438065,1,0
21055,4,5,0,1,0.6470907855610496,1,0
21061,4,12,1,1,0.5863743520355076,1,1
21099,4,10,1,1,0.6133723290001719,1,0
21115,4,19,1,1,0.5214987343326796,1,0
21123,3,9,0,1,0.5772561580238645,1,0
21147,4,8,0,1,0.5581090647919926,1,0
21179,1,9,1,1,0.4819113445683751,0,1
21183,3,16,1,1,0.5790173010303102,1,0
21201,4,7,1,1,0.5804235392532786,1,1
21203,4,7,1,1,0.5744597763571152,1,0
21223,3,5,0,1,0.6000004511171497,1,0
21225,4,5,1,1,0.6105838978304543,1,0
21229,3,7,0,1,0.5745468259099233,1,0
21233,4,10,0,1,0.6180120990144704,1,0
22015,3,15,0,1,0.5430169552588072,1,1
22023,4,8,1,1,0.6139359730527512,1,1
22035,4,4,0,1,0.6487252428990986,1,0
22039,4,12,1,1,0.586381080369284,1,1
22043,3,8,1,1,0.5358863685932923,1,0
22083,4,6,1,1,0.6826765564545577,1,0
22111,3,10,1,1,0.5715023438465139,1,0
23005,1,38,1,1,0.2619181269422555,0,0
23015,2,25,0,1,0.2802487231713887,0,0
23017,1,33,1,1,0.40202372030470873,0,0
23019,1,47,1,1,0.40259618679458126,0,0
23029,4,31,0,1,0.5010810710125021,1,0
23031,1,36,1,1,0.327905136548339,0,0
24001,3,15,1,1,0.46981926934871326,0,1
24009,1,14,0,1,0.39450726248358003,0,0
24019,3,18,1,1,0.530899417567699,1,1
24021,1,34,1,1,0.310720058975544,0,0
24031,1,50,0,1,0.24920485499941494,0,0
24035,1,16,1,1,0.38676335305142934,0,1
24510,1,31,0,1,0.5653136993932415,1,1
25003,2,36,0,1,0.3358573836244839,0,0
25011,2,32,1,1,0.3105712425449596,0,0
25019,1,2,0,1,0.3051499886660717,0,0
25021,1,41,0,1,0.2616982975112491,0,0
26001,3,13,0,1,0.43905165491959225,0,0
26007,3,8,0,1,0.45278082872716774,0,0
26017,2,16,1,1,0.5198166759363103,1,0
26031,3,15,0,1,0.4311132409559838,0,0
26035,4,8,0,1,0.5556923770812825,1,0
26049,3,34,1,1,0.5227095195462802,1,0
26055,1,9,1,1,0.35176801134199404,0,1
26061,4,20,1,1,0.39484349992939205,0,0
26085,4,11,0,1,0.547102360624148,1,0
26089,1,11,0,1,0.3449921088131692,0,0
26095,3,3,0,1,0.5196267231963017,1,0
26101,2,15,1,1,0.4022465784443654,0,0
26109,3,14,0,1,0.45533364605215026,0,0
26117,3,25,0,1,0.5010586429609132,1,0
26129,4,9,0,1,0.5220259599017284,1,0
26139,1,22,1,1,0.38838368236766757,0,0
26145,3,28,1,1,0.5234937322916965,1,0
27021,2,24,0,1,0.40639394666641554,0,0
27023,2,10,0,1,0.4297037380767272,0,0
27027,2,15,1,1,0.4243394286489779,0,0
27029,3,11,0,1,0.5528257824097338,1,0
27033,2,13,0,1,0.43111572504590284,0,0
27037,1,22,1,1,0.30950405158294375,0,0
27041,1,17,1,1,0.32990122389010434,0,1
27049,1,17,1,1,0.3729414137899476,0,1
27051,2,11,0,1,0.40439238240183106,0,0
27059,1,12,0,1,0.35156152485465203,0,0
27063,2,14,0,1,0.40235439410904633,0,0
27073,1,10,0,1,0.3967029815473277,0,0
27085,1,12,0,1,0.3910816289874061,0,0
27093,1,13,0,1,0.3455851822665419,0,0
27103,1,10,0,1,0.34411180194997476,0,0
27121,1,12,0,1,0.35298263062846397,0,0
27129,2,16,1,1,0.4044841992739188,0,0
27133,1,12,0,1,0.38853681614816815,0,0
27141,1,9,1,1,0.357560880218566,0,1
27145,2,33,1,1,0.40241249763112613,0,0
27151,3,11,1,1,0.4061642414888302,0,1
27153,2,19,1,1,0.42516873842810754,0,0
28015,4,13,1,1,0.5660463492108817,1,1
28019,4,9,1,1,0.4777998952947485,0,1
28041,3,7,1,1,0.43737030486622813,0,0
28065,4,9,1,1,0.5235865241407656,1,1
28075,1,12,1,1,0.43141981698509685,0,1
28077,4,8,0,1,0.512938144711594,1,0
28079,4,7,0,1,0.5807551224371673,1,0
28083,4,11,1,1,0.6362786311195651,1,0
28085,4,12,1,1,0.481632490099522,0,1
28091,4,8,1,1,0.5475901403893411,1,0
28093,3,8,1,1,0.5346067565982175,1,1
28111,4,8,0,1,0.47743473662146646,0,0
28119,4,10,1,1,0.671152000011563,1,1
28129,4,15,0,1,0.527719222679846,1,0
28133,4,16,1,1,0.673076117321387,1,1
28139,4,9,0,1,0.5276585272122305,1,0
28147,4,6,1,1,0.5495556081004621,1,0
29005,2,9,0,1,0.49676816615205555,0,0
29027,2,19,0,1,0.43126011030878636,0,0
29029,3,18,1,1,0.42447749075680535,0,1
29035,3,5,1,1,0.5139243409797166,1,1
29039,4,9,1,1,0.583486594992499,1,0
29057,3,13,1,1,0.5963032134468134,1,1
29061,3,16,0,1,0.5720431857331033,1,0
29065,4,8,1,1,0.5350813823778028,1,0
29105,4,12,1,1,0.5180391487980479,1,1
29109,3,21,1,1,0.5569849669943298,1,1
29113,2,17,1,1,0.5350339006450443,1,1
29157,2,8,0,1,0.5090939433663414,1,0
29161,4,11,1,1,0.46963590443910974,0,1
29165,1,18,1,1,0.40956117659686825,0,1
29175,3,12,1,1,0.5516027593729697,1,0
29195,3,13,1,1,0.5176102563651656,1,0
29225,3,9,1,1,0.5168273175497814,1,1
29227,3,7,0,1,0.5312657747757313,1,0
29510,4,29,0,1,0.5795429409820877,1,1
30001,3,10,0,1,0.4517899406677274,0,0
30035,4,5,1,1,0.7399193011498357,1,0
30059,3,4,0,1,0.45087357583098303,0,0
30065,3,5,0,1,0.5307377971769454,1,0
30075,3,6,0,1,0.5220329581685089,1,0
30081,2,9,1,1,0.40492465818047274,0,1
30083,1,9,0,1,0.46304704671272245,0,0
30107,2,6,0,1,0.5309530416333098,1,0
31017,3,4,0,1,0.44657003391651273,0,0
31035,2,15,0,1,0.37234358955201724,0,0
31055,2,35,0,1,0.37265395946608126,0,0
31063,2,12,0,1,0.40227336625177923,0,0
31065,3,9,0,1,0.4383713493554932,0,0
31069,1,9,0,1,0.4555219336207628,0,0
31071,2,3,0,1,0.4084321228107877,0,0
31083,2,8,1,1,0.39721152607912313,0,1
31089,1,14,0,1,0.3970216014510131,0,0
31095,3,12,1,1,0.4620898131862481,0,1
31101,2,7,0,1,0.4105340892586644,0,0
31111,2,14,1,1,0.41373063015561357,0,0
31127,2,13,0,1,0.42948067446822197,0,0
31129,2,10,0,1,0.4008174110140476,0,0
31145,2,8,0,1,0.393627410414554,0,0
31147,2,9,0,1,0.4627160541360522,0,0
31155,1,18,1,1,0.3865109747042433,0,0
31169,1,15,0,1,0.38134949951252456,0,0
31173,4,10,1,1,0.6427458268832034,1,1
31175,2,6,0,1,0.37559831179378217,0,0
31177,1,15,1,1,0.37095281061248797,0,0
32001,2,2,1,1,0.6178143318212326,1,0
32017,1,5,1,1,0.3626436256178813,0,1
32023,1,11,0,1,0.6553515336115924,1,1
32027,2,3,0,1,0.6287870817653446,1,0
32029,1,5,0,1,0.47526845142319313,0,0
32033,2,7,1,1,0.5749990491158032,1,1
32510,2,4,0,1,0.5121797764917874,1,0
33001,1,15,0,1,0.2939784360452633,0,0
33005,1,27,1,1,0.30720236337558077,0,1
34013,2,31,0,1,0.4411034395892903,0,0
34019,1,26,1,1,0.27018453418787897,0,0
35001,1,27,0,1,0.48267317179365243,0,0
35009,1,7,1,1,0.5395805826449707,1,1
35033,3,13,0,1,0.46714581698875024,0,0
35043,1,21,1,1,0.4498514622502259,0,0
35049,2,15,1,1,0.386394551868046,0,0
35055,4,21,1,1,0.41288732034774744,0,1
36003,3,37,1,1,0.41125018196568885,0,0
36007,3,31,1,1,0.394939695958,0,0
36009,1,36,1,1,0.4885966377011101,0,0
36017,3,26,0,1,0.4230670258871226,0,0
36031,2,34,1,1,0.3396723049628218,0,1
36043,3,28,1,1,0.3872843556784584,0,1
36047,3,39,0,1,0.43372493707385074,0,0
36053,1,31,1,1,0.406617454220925,0,1
36055,1,50,1,1,0.40401817319646854,0,0
36077,3,43,1,1,0.33814958643493426,0,0
36081,2,63,0,1,0.3703286214516398,0,0
36085,1,12,0,1,0.38176150892533384,0,0
36103,1,108,0,1,0.31237094239136176,0,0
36105,2,62,1,1,0.4341824966034815,0,0
36117,2,20,1,1,0.41925841796853264,0,0
36121,2,24,0,1,0.4396952094385018,0,0
36123,2,13,0,1,0.376687156622081,0,0
37013,4,15,1,1,0.49890247663098575,0,1
37019,2,14,1,1,0.3165252265991661,0,0
37047,4,16,1,1,0.5564905614564803,1,0
37053,1,15,1,1,0.38261274521889244,0,0
37055,1,14,1,1,0.33749084618140207,0,1
37057,3,12,1,1,0.42865062011951777,0,0
37071,3,18,1,1,0.4450669878981514,0,0
37077,3,12,1,1,0.42309184946200656,0,0
37085,3,16,1,1,0.42801439713372796,0,0
37089,2,15,1,1,0.29442288236614383,0,0
37105,3,4,1,1,0.450810022801054,0,1
37109,2,11,1,1,0.40371346461726426,0,1
37113,3,6,0,1,0.3820355066615704,0,0
37117,4,11,0,1,0.5209004478149173,1,0
37119,2,32,0,1,0.36912669406770154,0,0
37135,2,14,1,1,0.2833266807394133,0,0
37139,3,1,0,1,0.5025495012088493,1,0
37159,3,19,1,1,0.4464981527911167,0,0
37167,2,12,0,1,0.3998671435187248,0,0
37185,4,8,1,1,0.5543909694709912,1,0
37199,3,5,0,1,0.43362244828936297,0,0
38003,1,19,0,1,0.414515238391963,0,0
38009,1,14,0,1,0.42061627744203667,0,0
38013,1,9,0,1,0.4033325854060341,0,0
38027,2,7,1,1,0.46430390877431416,0,1
38037,2,13,1,1,0.4796070547170629,0,1
38043,2,13,0,1,0.43580115886965737,0,0
38061,2,12,0,1,0.5230939947614162,1,0
38069,3,11,0,1,0.4331880360986743,0,0
38093,1,21,0,1,0.40267630832127627,0,0
38101,1,24,1,1,0.32066335497522536,0,0
38103,1,12,0,1,0.4047958170120995,0,0
39025,1,23,1,1,0.4294025567030467,0,0
39045,1,19,1,1,0.4744795216947887,0,0
39055,1,20,1,1,0.3706671682444758,0,0
39097,1,12,0,1,0.5217496308748524,1,0
39105,4,15,0,1,0.5503004619153681,1,0
39119,3,22,1,1,0.5522965491806244,1,0
39125,1,15,1,1,0.550419455190581,1,0
39127,3,17,1,1,0.5192729902742674,1,1
39133,1,24,1,1,0.4311881713961912,0,0
39145,4,20,1,1,0.5797882709199917,1,0
39159,1,20,1,1,0.46502094425289897,0,1
39171,1,12,1,1,0.534143717150782,1,1
40001,4,8,1,1,0.6914839245358491,1,0
40005,4,15,0,1,0.6819283945957679,1,0
40013,4,14,1,1,0.6727821996894733,1,1
40015,4,16,1,1,0.7046345979474995,1,0
40031,3,19,0,1,0.6746285596764156,1,1
40037,3,21,1,1,0.6052942566404335,1,0
40059,2,7,1,1,0.5859354039646764,1,1
40061,4,7,0,1,0.6689906579814113,1,0
40063,4,10,1,1,0.6698431118287174,1,0
40083,2,15,1,1,0.5817399138982523,1,1
40111,4,11,1,1,0.6760440017672958,1,1
40145,2,15,1,1,0.5963464402902531,1,1
41001,3,12,1,1,0.5012089386347522,1,0
41007,2,9,0,1,0.4320948951068745,0,0
41029,3,18,1,1,0.5115709477469063,1,0
41041,3,18,1,1,0.4972237413888048,0,1
41043,2,20,1,1,0.5417328322609877,1,0
41049,3,7,1,1,0.6674424414083131,1,1
41057,2,16,0,1,0.4422853436682261,0,0
41059,3,14,1,1,0.654716118732813,1,0
41065,3,8,1,1,0.5903589309524024,1,0
42017,1,55,0,1,0.337631735508814,0,0
42021,1,51,1,1,0.3031656846304886,0,0
42027,2,33,1,1,0.38458369000298326,0,0
42033,3,51,1,1,0.4196294307635957,0,0
42041,1,21,1,1,0.3274095346597464,0,0
42045,1,44,0,1,0.3655911458392131,0,0
42057,2,17,0,1,0.4646563431831965,0,0
42061,2,33,1,1,0.46021260185758217,0,1
42073,2,22,1,1,0.4031975852080067,0,1
42089,2,35,1,1,0.39207930388173573,0,0
42105,3,15,0,1,0.48199727569142886,0,0
42129,1,86,1,1,0.3305040981344926,0,0
42133,1,45,0,1,0.44212787715496454,0,0
44001,1,3,0,1,0.3039231165563261,0,0
44005,1,8,1,1,0.27516735450492785,0,0
45007,3,19,0,1,0.4664734368657626,0,0
45021,4,8,1,1,0.5386438010686141,1,0
45041,3,12,1,1,0.5294296576063173,1,0
45053,4,9,0,1,0.6227077849030918,1,0
45057,3,5,1,1,0.4579974325986076,0,1
45079,1,24,0,1,0.47705959439067896,0,0
46009,2,7,1,1,0.3630923108328692,0,1
46013,1,20,1,1,0.3702904938334592,0,1
46017,4,6,0,1,0.602155996589995,1,0
46027,3,8,0,1,0.43579517391380507,0,0
46031,4,15,1,1,0.6571186304483776,1,1
46059,1,8,1,1,0.3666487533876983,0,1
46067,2,13,1,1,0.37001561132855737,0,1
46075,1,5,0,1,0.3745976916981622,0,0
46083,1,12,1,1,0.326681441574352,0,1
46093,2,18,1,1,0.3945882548788054,0,0
46111,1,8,0,1,0.37086170290971865,0,0
46135,2,10,1,1,0.3486285746740688,0,0
47015,2,9,0,1,0.5610999345832528,1,0
47017,4,14,1,1,0.5832665694378922,1,0
47025,1,10,1,1,0.5301689672040909,1,0
47027,4,7,1,1,0.6067545318919202,1,1
47053,4,11,1,1,0.6030021107641315,1,0
47055,3,17,1,1,0.548807148501487,1,0
47073,4,12,1,1,0.5839139034746402,1,0
47075,4,6,1,1,0.6750845343733485,1,0
47083,3,8,0,1,0.587234450405929,1,0
47091,4,5,0,1,0.5549344313167138,1,0
47099,4,11,1,1,0.5714665858509209,1,1
47109,4,15,1,1,0.5538596570408324,1,0
47121,3,6,1,1,0.5196862472685256,1,1
47139,3,12,1,1,0.5358429790876882,1,0
47147,2,12,1,1,0.5258166433694662,1,1
47169,2,5,0,1,0.5417214266732268,1,0
47181,4,10,1,1,0.5477792018455248,1,0
48001,3,10,1,1,0.5734090116396157,1,0
48005,4,6,1,1,0.5774424877809597,1,0
48017,1,6,1,1,0.540741367882346,1,1
48021,2,15,1,1,0.5385319489347224,1,1
48031,1,8,1,1,0.4347967787941133,0,1
48033,3,9,0,1,0.6113551688647532,1,0
48035,3,11,1,1,0.5466013513521198,1,0
48051,2,5,1,1,0.5655352135389434,1,0
48055,3,14,1,1,0.6302137097210303,1,0
48065,1,6,0,1,0.5178407777169114,1,0
48079,4,4,0,1,0.7027854940756679,1,0
48091,1,14,1,1,0.42737731811970864,0,0
48099,1,17,1,1,0.2524740181285286,0,1
48101,4,3,1,1,0.6182394290272248,1,1
48115,4,4,0,1,0.6945947424467295,1,0
48125,4,7,1,1,0.6189313889059821,1,1
48129,3,6,0,1,0.5827203176545747,1,0
48145,3,17,1,1,0.6505730453448978,1,0
48149,2,15,1,1,0.5498140883289012,1,0
48151,3,9,1,1,0.5735604017533514,1,1
48157,1,34,0,1,0.4410984010270511,0,0
48163,4,5,0,1,0.6886866839677681,1,0
48173,3,4,0,1,0.6211965690389984,1,0
48177,3,14,1,1,0.6092968485922794,1,0
48183,3,10,0,1,0.535062332861463,1,1
48189,3,9,0,1,0.6273073888184709,1,0
48203,3,12,1,1,0.5604613741366259,1,1
48211,1,4,0,1,0.5070376577306769,1,0
48225,4,7,1,1,0.5882186704453009,1,0
48227,3,5,1,1,0.6273443723766505,1,0
48229,3,6,0,1,0.5740205208131107,1,0
48233,3,7,1,1,0.5799064856600424,1,0
48251,2,16,1,1,0.5376598846301184,1,0
48253,4,10,0,1,0.557246428810215,1,0
48265,3,10,1,1,0.48486672654908636,0,1
48293,4,14,1,1,0.6381744934724011,1,0
48307,3,6,1,1,0.6129856046180686,1,1
48321,1,12,1,1,0.627924039088087,1,0
48323,4,3,1,1,0.6803075947936154,1,1
48357,4,5,0,1,0.6455939174945536,1,0
48359,1,6,0,1,0.5577046441060783,1,0
48367,1,18,1,1,0.5147029019503803,1,0
48379,2,6,0,1,0.5322215323094739,1,0
48403,4,6,0,1,0.5572389058274986,1,0
48417,4,5,0,1,0.5302854209867459,1,0
48419,4,7,1,1,0.6138177462796595,1,0
48449,4,6,1,1,0.6010800819738391,1,1
48451,1,14,1,1,0.4772365373561852,0,0
48457,3,10,1,1,0.5269309697843981,1,0
48459,3,12,1,1,0.54330369018389,1,1
48475,3,6,1,1,0.6069880578708343,1,1
48477,2,7,1,1,0.5834582384558139,1,1
48491,1,25,0,1,0.42223880650262563,0,0
48495,3,2,1,1,0.6698945652188852,1,1
48497,2,17,1,1,0.5621262533924912,1,1
48501,2,4,1,1,0.6054988065561225,1,1
49001,2,4,0,1,0.4709283458880082,0,0
49011,1,13,1,1,0.45270516901405744,0,0
49017,3,11,0,1,0.47187569457794704,0,0
49029,1,2,0,1,0.44572212736833244,0,0
49041,3,12,1,1,0.5414529749489051,1,0
49051,1,6,0,1,0.43241695045955614,0,0
50003,2,21,0,1,0.3382030254180745,0,0
50007,1,21,1,1,0.32830837205551805,0,0
50017,2,31,1,1,0.315995593605754,0,0
51007,1,5,1,1,0.5265285581759023,1,1
51023,1,12,0,1,0.36896629215292237,0,0
51067,3,16,0,1,0.45056325153049903,0,0
51069,1,12,1,1,0.3328085721349233,0,1
51089,4,12,0,1,0.544159171794545,1,0
51101,1,6,0,1,0.479233397883787,0,0
51103,2,6,1,1,0.4183457897059202,0,1
51111,4,12,1,1,0.579697436569625,1,1
51133,2,7,1,1,0.45201422917952155,0,1
51135,4,7,1,1,0.5490046014696788,1,0
51145,1,5,1,1,0.3266325822763314,0,0
51165,2,22,0,1,0.44234573306763725,0,0
51169,3,12,0,1,0.5203214884386371,1,0
51171,2,14,1,1,0.43660539071287274,0,1
51195,4,8,0,1,0.5378258729549069,1,0
51199,1,9,1,1,0.28846773853991314,0,0
51530,4,1,0,1,0.5094701281854987,1,0
51570,2,1,1,1,0.3968490700849704,0,0
51640,4,1,0,1,0.5304821207629807,1,0
51683,1,1,1,1,0.35642459560658896,0,0
51710,1,15,1,1,0.4973296021970488,0,0
53023,3,2,1,1,0.5595914651644943,1,1
53035,1,20,1,1,0.37752939384803325,0,0
53037,3,12,0,1,0.5368532215485046,1,0
53047,4,22,1,1,0.5869221749074629,1,1
53057,1,17,1,1,0.4027593025953561,0,0
53059,1,8,1,1,0.4375924473038828,0,1
53065,3,21,0,1,0.5300906594393355,1,0
53071,2,8,1,1,0.5172467209462032,1,0
53075,4,20,0,1,0.5569265895038448,1,0
54011,3,13,1,1,0.5249102482797002,1,0
54025,4,21,0,1,0.5516885529998262,1,0
54029,3,5,1,1,0.5605706280005953,1,1
54037,1,9,1,1,0.490131313890008,0,0
54043,4,19,0,1,0.5790409784682784,1,0
54053,3,19,1,1,0.5785218630538779,1,0
54073,3,5,0,1,0.5614798849823812,1,0
54083,4,22,1,1,0.5048830691471392,1,0
54109,4,39,0,1,0.4679582719168769,0,0
55015,1,14,1,1,0.36898725564735635,0,1
55017,2,14,1,1,0.3603284308272973,0,0
55023,2,13,1,1,0.3653454132522005,0,0
55037,2,4,0,1,0.3462642280799882,0,0
55049,1,19,0,1,0.34250011184025825,0,0
55061,1,6,1,1,0.34819945793465,0,0
55063,2,15,1,1,0.3531748801191461,0,0
55065,2,14,1,1,0.3732367131136968,0,0
55069,1,7,1,1,0.3354699765825108,0,0
55079,3,37,0,1,0.47164320926580827,0,0
55095,1,20,1,1,0.3485609947109925,0,1
55125,2,12,1,1,0.33703554159598814,0,0
55131,1,18,1,1,0.3370515021442635,0,0
55133,1,30,1,1,0.32243345581647315,0,0
56007,2,12,1,1,0.515296860821848,1,0
56011,1,10,0,1,0.44002026013124906,0,0
56025,1,11,1,1,0.4930856239616054,0,1
56027,3,5,0,1,0.560506571846987,1,0
56039,1,9,0,1,0.3311489308361914,0,0
01005,4,9,0,2,0.6332743334365575,1,0
01009,3,17,1,2,0.5507677052768211,1,0
01025,4,10,1,2,0.6130139850549207,1,0
01027,4,10,0,2,0.6082295721440021,1,0
01039,4,13,1,2,0.5662294259065457,1,1
01043,3,19,1,2,0.5127775240284591,1,0
01061,4,14,0,2,0.5564549889004484,1,0
01063,4,8,1,2,0.6532620094992299,1,1
01075,4,9,1,2,0.5764171514116081,1,0
01091,4,15,1,2,0.6116687572072692,1,0
01095,4,18,1,2,0.5441736924600931,1,0
01097,1,36,0,2,0.5401781670010207,1,0
01099,4,17,1,2,0.6182604779975632,1,0
01113,3,12,1,2,0.5511927415122274,1,0
01121,4,12,1,2,0.5869833649900761,1,0
01129,4,16,1,2,0.6012672699022065,1,0
04012,4,8,0,2,0.5616936073981973,1,1
04013,1,136,0,2,0.4862669247222465,0,1
04017,4,33,0,2,0.5826893264094678,1,1
05007,2,21,0,2,0.4244106031398667,0,0
05013,4,6,0,2,0.6064289725385703,1,0
05025,4,7,1,2,0.5748871294733772,1,1
05035,4,11,1,2,0.682717618410227,1,0
05039,4,6,1,2,0.5864547150198569,1,1
05069,4,17,1,2,0.6428103610020429,1,0
05071,4,12,1,2,0.6241276426873837,1,0
05073,4,6,1,2,0.6288428583296742,1,1
05075,4,14,1,2,0.5602724175752505,1,0
05077,3,11,1,2,0.6822881459986948,1,1
05079,4,8,1,2,0.6135374800662083,1,0
05089,3,17,0,2,0.5312848101148883,1,0
05091,4,6,1,2,0.6223987706907511,1,0
05117,3,11,1,2,0.5883041489780477,1,1
05121,4,11,1,2,0.6043934362591307,1,0
05127,4,10,1,2,0.6365129525983262,1,1
06013,1,49,0,2,0.36705168358115825,0,0
06023,4,36,1,2,0.4475351965091205,0,0
06049,3,13,0,2,0.6168054528181046,1,0
06057,2,12,1,2,0.4200260201896967,0,0
06063,2,17,1,2,0.4522349457177079,0,0
06073,1,108,0,2,0.407746059826849,0,0
06101,3,13,1,2,0.5591825109027648,1,0
08007,1,5,1,2,0.3275539505235057,0,1
08017,2,4,0,2,0.3875701689299612,0,0
08021,4,8,0,2,0.5149033722680927,1,0
08041,1,45,0,2,0.3914107786505647,0,0
08051,2,11,0,2,0.34233850139433347,0,0
08061,3,5,0,2,0.43801224542252065,0,0
08071,4,11,0,2,0.48023187586864796,0,0
08073,2,9,0,2,0.4939877424228918,0,0
08077,2,19,1,2,0.4175329205616328,0,0
08085,3,12,0,2,0.39774793521136775,0,0
08087,2,10,1,2,0.5034268159632822,1,0
08095,2,3,0,2,0.4212849739543506,0,0
08117,1,4,0,2,0.45134205148566625,0,0
08119,1,7,0,2,0.35255854871039005,0,0
09015,1,31,1,2,0.3913383565589231,0,0
12009,2,28,0,2,0.38012079265592014,0,0
12029,4,6,0,2,0.516499038911272,1,0
12037,4,8,0,2,0.4951152341606963,0,0
12047,4,3,0,2,0.5629799949548914,1,0
12051,4,6,1,2,0.530399881449795,1,1
12059,4,4,1,2,0.5067815915112837,1,0
12063,1,14,1,2,0.48865647536154905,0,1
12079,4,5,1,2,0.5828007556707802,1,0
12103,2,48,0,2,0.35482534107412417,0,0
12123,1,6,0,2,0.39996408218563706,0,0
13005,4,3,1,2,0.6102525555949971,1,1
13013,2,8,1,2,0.44183631606246304,0,0
13015,2,14,1,2,0.4324071599036518,0,1
13021,1,12,1,2,0.5743607572572759,1,0
13023,4,6,1,2,0.5576185736393898,1,1
13029,1,3,0,2,0.3951731309926928,0,0
13045,1,11,1,2,0.4490186822801172,0,0
13051,3,14,0,2,0.4447721990136014,0,1
13053,3,2,0,2,0.3637612045463963,0,0
13059,1,9,1,2,0.4700929526557498,0,0
13061,4,6,0,2,0.664784706474461,1,0
13067,1,23,0,2,0.3240310999046822,0,0
13071,4,13,1,2,0.628043944655241,1,0
13081,4,5,0,2,0.6638200009957613,1,0
13099,4,7,0,2,0.6733699348598602,1,0
13123,3,5,0,2,0.4493511800211384,0,0
13129,4,8,1,2,0.49943511247442407,0,1
13131,4,6,0,2,0.6098293931663836,1,0
13141,4,5,0,2,0.6775454924643902,1,0
13193,4,10,1,2,0.6518530130973399,1,0
13199,4,10,0,2,0.6266165676586191,1,0
13215,4,11,1,2,0.5156908661521833,1,0
13227,2,9,1,2,0.3693827108089871,0,0
13231,2,8,0,2,0.46174802052340047,0,0
13253,4,4,1,2,0.593488049660126,1,1
13263,4,8,0,2,0.5594975823747385,1,0
13267,4,6,1,2,0.6178583909606675,1,0
13271,4,7,0,2,0.6397927748780885,1,0
13283,4,6,0,2,0.623540709530086,1,0
13289,4,6,0,2,0.6387272763639786,1,0
13311,2,7,0,2,0.39010312274043335,0,0
13313,4,8,1,2,0.4812069762747802,0,0
13319,4,9,0,2,0.6111975068863481,1,0
16003,2,6,0,2,0.42221670971685515,0,0
16029,2,7,0,2,0.4374177999200243,0,0
16031,3,9,1,2,0.5524597532206663,1,0
16059,3,10,1,2,0.4915489714179727,0,1
16075,3,7,1,2,0.5543457583285518,1,0
16081,1,5,1,2,0.44980740848861406,0,1
16083,3,10,1,2,0.4859599747887779,0,1
17001,2,23,1,2,0.37876206983192245,0,0
17007,1,15,1,2,0.43840400227729365,0,1
17009,2,5,0,2,0.41896358348168494,0,0
17015,1,11,0,2,0.4252396148349281,0,0
17019,3,35,1,2,0.3889071972154266,0,0
17021,2,20,1,2,0.4687017855388705,0,1
17025,3,13,1,2,0.4873622142470418,0,0
17029,4,16,0,2,0.45440858511285204,0,0
17035,3,12,0,2,0.46241152238044775,0,0
17055,4,19,1,2,0.5538868502890917,1,1
17059,4,9,1,2,0.5761130603993935,1,1
17071,2,17,0,2,0.4382943007367175,0,0
17079,2,15,0,2,0.46475868814215654,0,0
17085,1,15,0,2,0.3933965628569966,0,0
17087,2,10,1,2,0.5400450668005524,1,1
17093,1,19,1,2,0.4071130768965482,0,0
17097,1,35,1,2,0.3539214079711366,0,0
17119,2,35,0,2,0.4516419955603485,0,1
17123,2,19,1,2,0.4559878290333837,0,1
17129,1,8,0,2,0.3876807679355394,0,0
17135,3,28,0,2,0.48201605314152646,0,0
17137,3,16,1,2,0.47344622626943417,0,1
17147,1,16,0,2,0.3805186076362803,0,0
17157,2,18,1,2,0.5099423376182635,1,1
17159,3,9,1,2,0.49083186770199316,0,0
17161,2,20,1,2,0.4687594794703663,0,0
17171,2,9,1,2,0.4395494222036951,0,1
17177,3,19,0,2,0.4890295077346175,0,0
17181,3,13,1,2,0.48320705776030803,0,0
17189,1,13,1,2,0.4416558389987123,0,0
17193,3,11,1,2,0.48683120180882705,0,0
18007,3,10,0,2,0.5791872132594423,1,0
18011,1,12,1,2,0.38461872861534,0,1
18017,3,12,1,2,0.5858546977469336,1,1
18021,2,17,1,2,0.5547820627434709,1,0
18023,3,12,1,2,0.5673848908331546,1,1
18025,3,9,0,2,0.5796477942932292,1,0
18027,3,7,0,2,0.531637714846695,1,0
18031,2,10,0,2,0.5675194510083436,1,0
18057,1,23,0,2,0.32195241878331277,0,0
18063,1,19,1,2,0.37928521687143163,0,0
18069,2,9,1,2,0.503080083321572,1,1
18085,1,21,1,2,0.4854773621439657,0,0
18087,1,12,1,2,0.5558743923803218,1,1
18095,3,18,1,2,0.6135412784241338,1,0
18119,3,14,0,2,0.5595921076063798,1,0
18125,2,11,0,2,0.5297740371752211,1,0
18137,2,12,0,2,0.5085193015777199,1,0
18147,1,16,1,2,0.5516579107970657,1,0
18149,3,11,1,2,0.6077555284256795,1,0
18151,1,9,0,2,0.4909544494458516,0,0
18163,3,11,1,2,0.5450812546949677,1,0
18165,2,8,0,2,0.5410211107536379,1,0
18169,2,14,1,2,0.5385323484512102,1,1
18173,1,12,1,2,0.379181049866984,0,1
19019,1,16,0,2,0.3803430538431806,0,0
19023,1,16,1,2,0.4130738640534805,0,0
19053,3,11,0,2,0.458375925361865,0,0
19075,1,16,0,2,0.3950188475319996,0,0
19085,2,15,0,2,0.416343787931449,0,0
19087,2,11,1,2,0.4526671633394001,0,0
19095,1,21,1,2,0.38881639600322165,0,0
19103,1,24,1,2,0.37923065394907246,0,0
19113,1,29,1,2,0.3771047072958536,0,0
19129,1,11,1,2,0.39064150469387415,0,0
19151,2,16,1,2,0.46414808564525767,0,1
19177,2,13,0,2,0.4662029445869509,0,0
19189,1,11,0,2,0.4195201065410265,0,0
20013,2,13,0,2,0.4885878586062911,0,0
20027,1,10,1,2,0.42062546323305977,0,1
20037,1,15,1,2,0.5384200921413373,1,1
20055,3,7,1,2,0.5564575388761585,1,1
20063,2,10,0,2,0.5558155969528507,1,0
20065,2,13,0,2,0.35350109996579154,0,0
20067,2,3,1,2,0.5316582537726852,1,1
20083,2,8,1,2,0.46728115343724697,0,1
20089,3,14,0,2,0.6620647350315015,1,0
20093,3,4,0,2,0.6170504398681337,1,0
20115,1,19,0,2,0.4768171148271202,0,0
20119,1,5,0,2,0.5399362428656197,1,0
20121,1,11,1,2,0.393686820575138,0,1
20123,2,7,0,2,0.42829649668787995,0,0
20131,1,15,0,2,0.4154658632758895,0,0
20139,2,15,1,2,0.5853843905478109,1,0
20145,2,9,0,2,0.4486816616005712,0,0
20149,2,12,1,2,0.4818120831665569,0,0
20167,2,11,1,2,0.4715031444875405,0,1
20177,1,29,0,2,0.5651295993766479,1,0
20181,2,4,0,2,0.5067936713308334,1,0
20191,2,18,0,2,0.49383839418847475,0,0
20201,2,15,1,2,0.3498750655576291,0,1
20205,4,10,1,2,0.5727860683545537,1,1
21005,2,5,0,2,0.43518092831964655,0,0
21025,4,10,0,2,0.5986164947478445,1,0
21031,4,10,0,2,0.5978298147081569,1,0
21037,2,10,1,2,0.4167980323639038,0,1
21059,3,10,1,2,0.5875523217279579,1,0
21067,2,17,1,2,0.3979027435015186,0,0
21073,2,5,1,2,0.4401442657579989,0,1
21077,3,6,1,2,0.5532408413971729,1,1
21081,3,8,1,2,0.575303536712122,1,0
21105,4,7,1,2,0.6339157585505866,1,1
21107,4,13,1,2,0.5902719084420378,1,0
21113,3,4,1,2,0.4682356106656624,0,1
21127,4,10,1,2,0.581189690303973,1,0
21131,1,22,0,2,0.5141746421221015,1,0
21141,4,7,1,2,0.6163345156149386,1,0
21157,2,8,0,2,0.4865227749712566,0,0
21159,4,9,1,2,0.516734071174755,1,1
21163,2,12,1,2,0.5045945540321435,1,0
21171,4,6,1,2,0.6271267801635537,1,1
21181,4,6,0,2,0.6322047156233329,1,0
21191,3,10,1,2,0.5494600401544791,1,0
21211,2,14,1,2,0.4762505794764719,0,1
21227,3,9,1,2,0.502401614776104,1,0
21231,4,5,1,2,0.6170750646552322,1,0
21237,4,5,1,2,0.6117948084340832,1,1
22003,3,13,1,2,0.5345297816756739,1,0
22005,1,8,1,2,0.45910664005815005,0,0
22009,4,15,1,2,0.596203382811985,1,1
22021,4,4,1,2,0.6293122658034968,1,1
22049,4,7,1,2,0.6037380559521945,1,0
22055,1,16,1,2,0.4717538875305501,0,0
22057,3,14,1,2,0.5514072301238093,1,0
22071,4,17,0,2,0.5441787593212186,1,0
22097,1,18,0,2,0.5905521551101307,1,1
22107,4,4,1,2,0.5990024100108776,1,1
22109,3,13,1,2,0.5693354150856557,1,0
22119,4,12,1,2,0.648378016266393,1,1
22125,2,4,0,2,0.6986146390386189,1,0
23001,2,14,1,2,0.3580887202515101,0,0
23003,4,41,0,2,0.4989853585587755,0,0
23009,2,40,1,2,0.3037902327377179,0,1
24015,1,15,0,2,0.4848578574013688,0,1
24043,1,20,1,2,0.4743445254552363,0,0
25007,1,7,0,2,0.30454232812832516,0,0
25023,1,34,1,2,0.2971647453119243,0,0
25025,3,36,1,2,0.3702358104859316,0,0
26009,2,16,1,2,0.41349770059394564,0,0
26013,3,7,1,2,0.4725676680261427,0,1
26015,1,15,1,2,0.45351943609230844,0,1
26019,1,11,0,2,0.369081938329868,0,0
26021,1,23,1,2,0.5211535886438465,1,0
26047,2,11,0,2,0.354695191472972,0,0
26057,3,20,0,2,0.47519227355181437,0,0
26071,3,8,0,2,0.416130353235598,0,0
26075,2,29,1,2,0.5103319141682857,1,0
26083,3,6,0,2,0.3543177208134109,0,0
26099,2,39,1,2,0.47930359280184964,0,0
26103,2,15,1,2,0.35145769435354446,0,1
26111,2,15,0,2,0.37070662752025857,0,0
26113,3,9,0,2,0.5106860996981202,1,0
26125,1,71,0,2,0.3302138450916887,0,0
26133,4,9,0,2,0.5212004048697988,1,0
26137,3,7,1,2,0.42308103749304954,0,0
26141,2,7,1,2,0.42712593521442843,0,0
26143,4,7,0,2,0.4791883349943733,0,0
26149,3,13,1,2,0.5493140024436393,1,1
26151,3,22,1,2,0.5018443276604407,1,0
26155,2,19,1,2,0.44012416292754336,0,1
26157,3,21,1,2,0.5339074818452557,1,0
26163,3,68,0,2,0.5536417480886419,1,0
27005,2,16,1,2,0.46249554817154465,0,1
27009,1,9,1,2,0.3512466324714525,0,1
27015,1,10,0,2,0.35873479103131906,0,0
27017,2,15,0,2,0.368445738815649,0,0
27057,2,10,1,2,0.40058325814278684,0,0
27067,2,16,0,2,0.3707908167850099,0,0
27079,1,13,1,2,0.36716605699077604,0,0
27081,2,12,0,2,0.3922821192779707,0,0
27087,4,8,0,2,0.632647125255682,1,0
27101,1,16,0,2,0.3899806048510152,0,0
27105,3,17,0,2,0.46009190997055055,0,0
27111,1,34,1,2,0.4035292965398955,0,0
27157,1,13,0,2,0.3477058831146595,0,0
27161,2,13,0,2,0.4289704437328158,0,0
27167,1,12,0,2,0.3719997414136913,0,0
27171,1,19,1,2,0.31222270519137113,0,0
28001,4,2,1,2,0.5560730927144703,1,1
28003,4,5,1,2,0.4813020281530967,0,1
28005,4,9,0,2,0.46499973010187523,0,0
28023,4,9,1,2,0.4562019594766889,0,0
28025,4,8,1,2,0.5723628375839223,1,0
28027,4,11,1,2,0.6922146206047538,1,0
28039,4,3,1,2,0.45881432470993155,0,0
28049,1,21,0,2,0.5129941252391172,1,0
28053,4,8,0,2,0.6692863379571773,1,0
28061,4,14,1,2,0.4919532850770822,0,0
28095,4,12,1,2,0.4900097754447423,0,0
28117,4,8,0,2,0.541094757850168,1,0
28121,1,12,1,2,0.37050569394918775,0,0
28125,1,7,0,2,0.24272597693216683,0,0
29001,4,9,1,2,0.4497195736389408,0,0
29003,2,17,0,2,0.5267153349282511,1,0
29009,4,17,1,2,0.599275300205672,1,0
29013,3,13,1,2,0.5417887400974423,1,0
29015,3,13,1,2,0.5414645940826693,1,0
29049,1,11,1,2,0.4901806067588367,0,0
29051,1,9,1,2,0.40146273235930086,0,1
29053,2,14,0,2,0.4698345778988097,0,0
29063,2,10,1,2,0.5496253026051778,1,1
29067,4,16,1,2,0.6059208046716563,1,0
29103,4,12,1,2,0.573573366098407,1,1
29115,3,15,1,2,0.5121250200783489,1,1
29121,2,15,1,2,0.49541880086734286,0,0
29135,2,13,1,2,0.48633836301414124,0,0
29137,3,16,0,2,0.5731296182954405,1,0
29139,3,11,1,2,0.575476436256841,1,1
29153,4,18,1,2,0.6182095203663882,1,1
29163,1,12,1,2,0.5330121870667043,1,0
29173,3,9,0,2,0.5281866358435242,1,0
29219,3,9,1,2,0.5150150197917371,1,1
29221,1,16,0,2,0.5634317439341578,1,0
30003,4,18,1,2,0.6841138330245511,1,1
30005,4,9,1,2,0.6312357015691037,1,1
30007,2,6,0,2,0.39152703584786097,0,0
30011,2,8,0,2,0.42000149837699874,0,0
30023,4,5,0,2,0.46173981285678123,0,0
30027,3,11,0,2,0.42222924231817627,0,0
30037,3,3,0,2,0.4922637957751098,0,0
30039,2,5,0,2,0.5000828473637303,1,0
30041,3,10,0,2,0.5374758711163236,1,0
30067,2,9,0,2,0.3868944675533661,0,0
30071,3,8,0,2,0.5381260305245931,1,0
30085,4,10,0,2,0.6849212939581165,1,0
31001,2,14,1,2,0.3692752593483776,0,1
31007,2,8,1,2,0.4528193717490281,0,1
31009,2,4,0,2,0.2977120490081475,0,0
31011,2,8,1,2,0.4080964395229021,0,1
31013,2,3,1,2,0.5341591882568962,1,1
31031,3,18,0,2,0.4658979886324431,0,0
31033,1,5,1,2,0.42066761785306145,0,1
31043,3,8,0,2,0.4352007512800468,0,0
31045,2,6,1,2,0.4285616777092899,0,1
31075,2,3,1,2,0.4528568277971007,0,1
31085,2,8,0,2,0.4261703896294063,0,0
31097,2,12,0,2,0.41395704943952694,0,0
31107,2,11,0,2,0.41911525907520636,0,0
31119,2,8,1,2,0.35768463221143465,0,1
31133,3,11,0,2,0.45677985216473344,0,0
31149,1,4,0,2,0.3984136724718609,0,0
31157,3,8,1,2,0.500016434400594,1,1
31161,2,9,1,2,0.5181272652515896,1,1
31179,2,11,1,2,0.35914467480825885,0,1
31183,2,6,0,2,0.43506727726421973,0,0
32009,4,4,0,2,0.40352260460155165,0,0
32011,1,4,0,2,0.6064481535473709,1,0
32013,1,7,1,2,0.6061738542558883,1,0
32015,3,2,0,2,0.624217942286442,1,0
32031,2,27,0,2,0.49886133435132535,0,0
33013,1,31,1,2,0.25964876404967513,0,0
34017,3,16,0,2,0.3715174131193285,0,0
34033,2,14,1,2,0.4585877845898922,0,1
35003,3,9,0,2,0.7174042298576336,1,0
35007,4,9,1,2,0.5689230256436486,1,0
35021,3,6,0,2,0.5153969680415833,1,0
35045,4,22,0,2,0.6306438185644601,1,1
35051,4,10,1,2,0.5774678790018369,1,1
36023,3,17,1,2,0.43093466412691844,0,0
36033,3,23,1,2,0.46574855191065934,0,1
36035,3,14,0,2,0.4244278298369569,0,0
36063,1,22,1,2,0.4791961119490497,0,0
36065,2,54,1,2,0.4422926493737192,0,0
36069,1,25,0,2,0.39548176745038266,0,0
36091,1,27,1,2,0.269488242448884,0,0
36101,3,39,1,2,0.39270307956771044,0,0
36113,1,25,0,2,0.33628134828529166,0,0
37001,3,12,1,2,0.43927670057735685,0,0
37003,2,8,1,2,0.3971906832385772,0,1
37005,4,7,0,2,0.4929306281075702,0,0
37007,4,8,1,2,0.5394882800184679,1,0
37035,2,14,1,2,0.4025488902239455,0,0
37041,3,4,1,2,0.47232240362909234,0,0
37045,1,13,1,2,0.4898298933148268,0,0
37049,2,11,1,2,0.4162117608356586,0,0
37061,4,19,1,2,0.5890418322593328,1,0
37087,2,7,0,2,0.38165174686501113,0,0
37103,4,9,0,2,0.5374772658157133,1,0
37121,3,4,0,2,0.38909648925713247,0,0
37157,3,11,1,2,0.4755085886194939,0,0
37171,4,12,1,2,0.4683706159424256,0,0
37175,3,10,1,2,0.35393915500694434,0,0
37193,4,23,1,2,0.4518071999250096,0,0
38005,3,18,0,2,0.5742895362121179,1,0
38007,2,8,0,2,0.43072824298008006,0,0
38029,2,8,0,2,0.4037652878577837,0,0
38033,1,4,0,2,0.402202178411595,0,0
38039,2,9,0,2,0.43125120254732197,0,0
38045,2,12,0,2,0.40801394429401255,0,0
38063,1,9,0,2,0.4459073785086859,0,0
38091,1,12,0,2,0.36824347890247444,0,0
39011,1,18,0,2,0.5270381315117503,1,0
39015,3,19,0,2,0.5707439718484082,1,0
39035,1,52,0,2,0.46793884575984485,0,0
39039,1,14,0,2,0.5365034907170971,1,0
39047,3,11,0,2,0.5978455706771373,1,0
39049,2,49,0,2,0.45145956891938815,0,0
39057,2,24,0,2,0.46086336190028454,0,0
39059,3,20,1,2,0.5546562071924693,1,0
39065,3,15,1,2,0.5623457241131875,1,1
39069,1,17,0,2,0.5236735636104773,1,0
39073,3,16,1,2,0.5391342393137079,1,0
39075,1,18,1,2,0.5118397626673705,1,0
39085,1,11,1,2,0.42653437300597774,0,0
39095,3,30,0,2,0.5768168140016511,1,0
39101,3,14,1,2,0.5784317976333703,1,0
39107,1,18,1,2,0.5160239440911973,1,1
39109,1,18,0,2,0.517780215715427,1,0
39113,2,40,0,2,0.5488796436868373,1,0
39115,4,11,0,2,0.5925212223460321,1,0
39141,3,16,1,2,0.5646991813438657,1,0
39153,2,41,0,2,0.4790209112470183,0,0
39155,3,30,1,2,0.5527834228788222,1,0
39165,1,24,1,2,0.39093866686374945,0,0
40019,3,13,1,2,0.6578165521243989,1,1
40023,4,12,1,2,0.6919864055041889,1,0
40025,3,4,1,2,0.619485056595567,1,1
40027,2,21,0,2,0.49061780937315347,0,0
40029,4,10,0,2,0.6878688797659014,1,0
40035,4,10,1,2,0.6994482580973977,1,0
40045,3,7,1,2,0.5443886490644951,1,1
40079,4,23,1,2,0.6531258996508756,1,0
40093,2,15,0,2,0.5906972773206783,1,0
40121,3,19,1,2,0.6238838715726069,1,1
40123,3,10,1,2,0.5478841404582934,1,1
40133,4,10,1,2,0.6634410923015144,1,0
40135,4,9,1,2,0.6608000399593414,1,0
40139,4,9,1,2,0.6514823585689759,1,0
40141,4,8,1,2,0.6926699727043114,1,1
41005,1,37,1,2,0.3804383918854458,0,0
41021,2,4,0,2,0.5470232192249543,1,0
41035,4,17,1,2,0.5888982114145677,1,1
42007,2,28,0,2,0.3803433571723324,0,0
42019,1,37,0,2,0.29339427302705606,0,0
42029,1,44,0,2,0.31145661875660374,0,0
42049,1,32,0,2,0.4247233394083851,0,0
42067,2,13,0,2,0.45239970500888643,0,0
42071,1,57,0,2,0.42507307784806836,0,0
42077,1,34,0,2,0.41666704089000206,0,0
42083,3,22,0,2,0.4000150541453494,0,0
42087,3,13,1,2,0.4427055018638897,0,1
42093,2,9,0,2,0.38245581923624516,0,0
42095,1,26,1,2,0.3791336271876707,0,0
42113,3,13,0,2,0.4603681144126383,0,0
42117,3,25,0,2,0.4177419858601003,0,0
45015,2,17,1,2,0.5221154140422735,1,0
45025,4,11,1,2,0.5748395697252341,1,0
45033,4,11,1,2,0.6347269636019033,1,1
45043,3,5,1,2,0.48411459651705424,0,1
45049,4,13,1,2,0.6433176261749574,1,0
45051,3,16,1,2,0.4680387170037776,0,0
45055,3,13,1,2,0.4880486619092749,0,1
45061,4,12,0,2,0.6308410977735385,1,0
45065,1,11,0,2,0.583851022205499,1,0
45077,3,15,1,2,0.4077391750675747,0,0
46015,2,6,0,2,0.40739168381285795,0,0
46019,3,8,0,2,0.46223364264589617,0,0
46033,3,9,1,2,0.4668464127120288,0,1
46065,1,3,1,2,0.346787489643356,0,0
46077,1,9,1,2,0.3542319650700717,0,1
46091,1,10,1,2,0.3847491327207422,0,1
46099,1,23,1,2,0.33740824198177194,0,0
46102,4,11,0,2,0.7806887370189187,1,0
46107,1,5,0,2,0.3772447312348726,0,0
46129,1,7,1,2,0.359079892771665,0,1
47011,3,8,1,2,0.5204067692344658,1,0
47013,4,11,1,2,0.5700791568534913,1,0
47051,3,15,0,2,0.5672081414904181,1,0
47059,4,10,1,2,0.5619725993165035,1,0
47061,4,10,0,2,0.5784527334508149,1,0
47067,4,5,1,2,0.6126009847514771,1,1
47081,3,13,0,2,0.5520307231893257,1,0
47113,3,13,0,2,0.5778180564283066,1,1
47115,3,12,0,2,0.4413401938803078,0,0
47135,4,4,1,2,0.5861844819968121,1,1
47143,4,6,0,2,0.559328743755902,1,0
47145,2,10,1,2,0.47179591549333244,0,0
47151,4,9,0,2,0.5389292679110694,1,0
47161,2,8,0,2,0.5235255395018448,1,0
47175,4,7,1,2,0.5930398637097712,1,1
47177,4,6,1,2,0.6159674005145508,1,1
47185,4,5,1,2,0.5639268443940033,1,0
48007,4,5,1,2,0.5909457067247438,1,0
48009,2,10,1,2,0.5304944701647926,1,1
48011,1,6,0,2,0.5051731842212831,1,0
48015,2,13,1,2,0.5795692693124325,1,0
48019,2,7,1,2,0.5624976060699243,1,0
48023,2,2,1,2,0.5091564160839447,1,1
48025,4,11,1,2,0.65516647832994,1,1
48027,3,23,0,2,0.5869959545690588,1,0
48041,3,9,0,2,0.46805625877472873,0,0
48045,4,4,0,2,0.6653598913230535,1,0
48049,3,10,1,2,0.5521389024792974,1,1
48069,3,10,0,2,0.6168431742296199,1,0
48085,1,38,0,2,0.3754805798037854,0,0
48089,2,18,1,2,0.591214477608417,1,0
48105,2,6,0,2,0.6026127454315812,1,0
48107,4,9,0,2,0.6771332326484371,1,0
48111,1,3,0,2,0.544627177715305,1,0
48121,1,37,0,2,0.4248250863772035,0,0
48123,3,9,1,2,0.6329881841332451,1,0
48139,1,20,1,2,0.5473703800448512,1,0
48155,4,3,0,2,0.591877580061391,1,0
48167,2,18,0,2,0.525797111154891,1,1
48179,4,7,0,2,0.6182379602769021,1,0
48187,2,14,0,2,0.5339527662889008,1,1
48193,3,10,1,2,0.5806817382386751,1,1
48201,3,141,0,2,0.5391329502730392,1,0
48221,1,8,1,2,0.492091381212403,0,0
48249,4,8,1,2,0.658231339326309,1,1
48255,3,8,1,2,0.6225217623612409,1,0
48263,3,4,0,2,0.5989457486998702,1,0
48271,4,1,0,2,0.6352458355542927,1,0
48285,2,7,1,2,0.5658644885676828,1,0
48291,3,14,1,2,0.6235742242217924,1,0
48297,3,10,0,2,0.6508892203432131,1,0
48301,1,1,0,2,0.6128250185318569,1,0
48317,1,8,1,2,0.4726481759833205,0,1
48325,1,15,0,2,0.5395561499992155,1,0
48331,3,13,1,2,0.6361177687129775,1,0
48335,2,3,1,2,0.5568173116094901,1,1
48347,1,10,1,2,0.5511525707264886,1,1
48369,3,5,0,2,0.6116287814107574,1,0
48385,4,8,0,2,0.6563665615798515,1,0
48393,4,5,0,2,0.6107211916718381,1,0
48395,3,9,1,2,0.5934139615799549,1,0
48409,3,9,1,2,0.6056732447942413,1,0
48413,2,3,0,2,0.16580506789069022,0,0
48415,3,8,1,2,0.6133432439408906,1,0
48425,3,7,0,2,0.577537607520617,1,0
48433,3,7,0,2,0.5650606402169015,1,0
48443,3,2,0,2,0.5853499918628828,1,0
48445,4,6,1,2,0.7154266324348983,1,1
48455,4,7,1,2,0.5787741504656507,1,0
48461,2,4,0,2,0.5997976329752224,1,0
48471,4,9,1,2,0.5554633369215692,1,0
48473,2,11,1,2,0.6469697774688894,1,1
48479,4,10,0,2,0.658509240239228,1,1
48481,1,13,1,2,0.6403040042045465,1,0
48485,3,11,0,2,0.5910650075711985,1,1
48499,3,12,1,2,0.5232440195810053,1,0
48505,4,5,1,2,0.7186826770533555,1,0
49003,2,20,1,2,0.5142264210103015,1,1
49013,2,12,0,2,0.5936292977459523,1,0
49015,2,9,0,2,0.5345182583376655,1,0
49023,2,6,0,2,0.5235743283676397,1,0
49025,2,7,0,2,0.4700998073750244,0,0
49031,3,6,0,2,0.44997046761354953,0,0
49037,3,12,1,2,0.5991968081372726,1,0
49045,1,8,0,2,0.5646583340206094,1,0
50001,1,20,1,2,0.2592914646634821,0,1
50009,3,10,0,2,0.37474087634357445,0,0
50011,1,17,0,2,0.31447279261382555,0,0
51003,2,24,1,2,0.29357414425411543,0,0
51013,1,11,1,2,0.22382716116712503,0,0
51019,1,18,1,2,0.3634038040152148,0,1
51021,2,6,0,2,0.4101998519950975,0,0
51027,4,16,1,2,0.5691536719460382,1,0
51031,3,14,1,2,0.45695590451751655,0,1
51036,2,4,1,2,0.5543179005184871,1,1
51045,1,5,0,2,0.3764437502981176,0,0
51047,1,18,1,2,0.4388997682392418,0,1
51061,1,24,1,2,0.321125522285183,0,1
51063,2,11,1,2,0.3972794203571332,0,0
51075,1,15,1,2,0.298127103887545,0,0
51081,4,4,1,2,0.5966596669803814,1,1
51093,1,8,1,2,0.4615867715858792,0,1
51153,1,19,1,2,0.30084874688564683,0,0
51155,3,8,0,2,0.4516088064077247,0,0
51157,1,10,0,2,0.36622908163470924,0,0
51183,1,11,0,2,0.6197221527960174,1,0
51510,1,8,1,2,0.27528531456888966,0,0
51520,4,2,1,2,0.5649689563268411,1,0
51540,3,4,0,2,0.3078319121896489,0,0
51580,3,1,0,2,0.47830034423994955,0,0
51620,3,1,0,2,0.5678024306650256,1,0
51685,1,1,0,2,0.32846943935625117,0,0
51700,3,8,1,2,0.4771758359854777,0,0
51720,4,1,0,2,0.5494889688510751,1,0
51740,1,8,1,2,0.5539327613967208,1,0
51840,3,1,1,2,0.41577420534906084,0,0
53009,2,9,0,2,0.384610249061391,0,0
53017,2,13,1,2,0.48541036164146495,0,0
53041,2,23,1,2,0.46123507513814527,0,1
53045,2,15,1,2,0.4703757639313907,0,1
54001,4,12,0,2,0.5659759320186254,1,0
54017,3,10,0,2,0.5427923423054674,1,0
54041,4,11,1,2,0.573445904057722,1,0
54047,4,36,0,2,0.6245792988655553,1,0
54049,3,18,1,2,0.5148436188900009,1,1
54055,4,19,0,2,0.581760317587512,1,0
54067,3,25,1,2,0.5912062853862677,1,0
54069,2,6,1,2,0.49616629609111573,0,1
54079,2,17,1,2,0.5160000373938614,1,0
54093,2,10,0,2,0.5061258452270011,1,0
55005,2,19,1,2,0.331351989800867,0,1
55007,2,15,1,2,0.34971595917441833,0,0
55009,1,19,1,2,0.3301126807962288,0,0
55013,3,11,0,2,0.3536409698814846,0,0
55027,1,31,1,2,0.3741514826248075,0,0
55041,3,11,0,2,0.42933984386126145,0,0
55047,2,12,0,2,0.4082816968044526,0,0
55051,3,12,0,2,0.3776669402177731,0,0
55075,3,16,1,2,0.37972789930565876,0,0
55078,4,4,1,2,0.5976705439490979,1,1
55085,1,14,1,2,0.29677004228503795,0,1
55087,1,24,1,2,0.32366181031726154,0,0
55089,1,13,1,2,0.29133139260955837,0,1
55091,1,6,0,2,0.33307554028905717,0,0
55101,2,16,0,2,0.40008486917589337,0,0
55107,3,14,0,2,0.35204077225086994,0,0
55111,1,17,1,2,0.33876783022676454,0,1
55121,1,14,1,2,0.33374239389729177,0,0
55139,1,18,1,2,0.3627104533645703,0,0
56031,2,5,1,2,0.5341669458021695,1,1
01001,3,10,1,3,0.5180775673237209,1,1
01011,4,7,1,3,0.5832977356668628,1,1
01013,4,8,0,3,0.5821088915441408,1,0
01017,4,10,1,3,0.5517998092668172,1,1
01021,3,14,1,3,0.5582807163963572,1,0
01035,4,13,1,3,0.5747771781752887,1,1
01041,3,11,0,3,0.5331754533521801,1,0
01045,3,14,1,3,0.5204150836932311,1,1
01047,4,10,1,3,0.5650670209974512,1,0
01055,3,14,1,3,0.527587151321474,1,1
01077,3,9,1,3,0.4904749517440092,0,0
01079,3,10,1,3,0.5641225777704783,1,1
01083,2,15,1,3,0.5287574403627237,1,0
01093,4,12,1,3,0.5051827575390652,1,1
01101,1,24,1,3,0.5052121890956099,1,0
01107,4,8,1,3,0.5608246877962687,1,0
04003,3,23,0,3,0.49759964294492254,0,1
04007,4,13,0,3,0.5498928131848283,1,1
04011,2,3,0,3,0.4720312977179167,0,0
04023,4,9,1,3,0.6058777967214101,1,1
05003,4,7,1,3,0.570690373668502,1,0
05011,4,7,1,3,0.5734501898024762,1,1
05031,1,16,1,3,0.5678958464648305,1,0
05033,3,11,1,3,0.5916549453698281,1,1
05097,4,9,1,3,0.568830404045983,1,1
05107,4,12,1,3,0.6383038477935772,1,0
05113,4,7,1,3,0.56806455852229,1,0
05129,4,10,1,3,0.5632485776485756,1,1
05133,4,7,1,3,0.6074995495639902,1,0
05139,4,10,1,3,0.5532363337407041,1,1
05141,4,12,1,3,0.5335691808988609,1,0
05143,3,20,0,3,0.4717689103356369,0,0
05149,4,13,1,3,0.5878684090603618,1,0
06003,1,3,0,3,0.46480711520584356,0,0
06009,1,20,1,3,0.4826181791519094,0,1
06021,3,7,1,3,0.603936819936579,1,0
06031,4,12,1,3,0.6107539973694824,1,0
06033,3,15,1,3,0.5595174082948151,1,1
06039,4,18,0,3,0.619632237735776,1,0
06041,1,29,1,3,0.3223248694621091,0,0
06047,4,24,0,3,0.6022511784839336,1,1
06051,1,9,0,3,0.48935885060496376,0,0
06067,2,57,0,3,0.5018924575093796,1,0
06069,2,7,1,3,0.5062280385447291,1,0
06081,1,30,0,3,0.3579502664858293,0,0
06083,2,24,1,3,0.45051542634129366,0,0
06107,4,41,0,3,0.6343098617119031,1,0
06113,3,19,1,3,0.49979680009545796,0,0
08009,4,8,1,3,0.5173859979616752,1,1
08013,1,22,1,3,0.4856112137495852,0,0
08015,2,5,0,3,0.35425206777464535,0,0
08025,4,6,0,3,0.5525269918861477,1,0
08033,1,5,0,3,0.41417475992612,0,0
08037,1,13,1,3,0.3448981852104382,0,0
08039,1,14,0,3,0.4279922236372344,0,0
08045,1,8,1,3,0.4277977804472816,0,1
08053,1,3,0,3,0.36491422793365935,0,0
08063,2,6,0,3,0.5148141924036422,1,0
08089,4,7,0,3,0.5615265625305219,1,0
08097,1,7,0,3,0.361081660405568,0,0
08099,3,6,1,3,0.48847467168306,0,1
08101,3,15,1,3,0.5525880233766144,1,0
08113,1,7,1,3,0.3141553646699831,0,1
09009,1,41,1,3,0.3656785516418701,0,0
10001,1,18,1,3,0.5269371778060864,1,0
12001,3,23,1,3,0.3900716745301864,0,0
12011,2,53,0,3,0.3730529456159561,0,0
12027,4,4,0,3,0.5645086129292276,1,0
12041,4,5,1,3,0.4614056738378845,0,0
12045,2,2,0,3,0.4372020021588136,0,0
12057,2,56,0,3,0.3778353871224591,0,0
12069,2,28,0,3,0.43645544874569275,0,0
12071,1,38,0,3,0.37294003083547145,0,0
12086,3,79,0,3,0.42529222642362907,0,0
12095,3,46,0,3,0.375829762110469,0,0
12099,2,53,0,3,0.35331527336895824,0,0
12105,3,41,0,3,0.44279411172441274,0,0
12111,2,17,1,3,0.4332422400232202,0,0
12113,1,9,1,3,0.36360677411167136,0,0
12119,1,11,1,3,0.4201402983532045,0,0
12125,1,5,0,3,0.4447499056511712,0,0
13037,4,6,0,3,0.6540164204521616,1,0
13039,3,8,1,3,0.4445714635935193,0,1
13055,4,6,1,3,0.5213978548350774,1,0
13057,1,15,1,3,0.34446071557842334,0,0
13069,4,10,1,3,0.6207372886478323,1,1
13073,1,7,1,3,0.3872143311491138,0,0
13075,4,5,1,3,0.5799560597285587,1,0
13083,3,5,1,3,0.458974011960858,0,0
13089,1,36,0,3,0.4314956580061579,0,0
13113,1,8,1,3,0.35618997700994537,0,0
13117,1,10,0,3,0.29772255055338626,0,0
13119,3,10,1,3,0.49227608983947535,0,0
13121,1,46,0,3,0.4055251713784254,0,0
13133,3,7,0,3,0.5292835258844492,1,0
13143,3,7,0,3,0.4615232217218006,0,0
13147,4,8,0,3,0.49272664355682017,0,0
13149,3,6,1,3,0.4861378244145829,0,1
13155,4,7,1,3,0.616090533918432,1,1
13163,4,9,1,3,0.6262998405784055,1,0
13165,4,5,1,3,0.6369166095800723,1,1
13177,2,7,0,3,0.5247690983542307,1,0
13179,1,9,1,3,0.4801384914525957,0,1
13211,1,9,0,3,0.4464408448194718,0,0
13229,4,7,0,3,0.5575725791611525,1,0
13237,4,5,1,3,0.5496437555942166,1,0
13249,3,7,0,3,0.5153499878782064,1,0
13269,1,6,0,3,0.3732493498199438,0,0
13279,4,3,1,3,0.5884358561020905,1,0
13301,4,9,1,3,0.6309779449756794,1,1
13303,4,10,1,3,0.6167006932155602,1,0
13321,4,12,0,3,0.6171453419810597,1,0
16001,1,17,1,3,0.3736258506734044,0,0
16005,3,10,0,3,0.5438037535145105,1,0
16007,3,10,0,3,0.06934612182081512,0,0
16009,3,9,0,3,0.4466733724817507,0,0
16013,2,8,1,3,0.5599358489082383,1,0
16033,4,3,0,3,0.4613802313598479,0,0
16045,2,7,1,3,0.4675807872912093,0,0
16047,3,6,1,3,0.6363793780253297,1,0
16063,3,6,0,3,0.556602563367522,1,0
16073,3,12,1,3,0.5505098690792691,1,1
16077,4,4,0,3,0.5962743963001439,1,0
17003,1,8,1,3,0.38554669525441865,0,1
17037,2,22,0,3,0.473208128283879,0,0
17039,2,13,1,3,0.4950189236436159,0,0
17047,2,6,0,3,0.47780449431443356,0,0
17051,3,20,0,3,0.5378617620408974,1,0
17063,1,16,1,3,0.46954174966436873,0,0
17117,2,28,1,3,0.45172018957162835,0,0
17127,3,8,1,3,0.5428030215612253,1,0
17131,1,18,0,3,0.4742732228229822,0,0
17133,1,9,1,3,0.36132862261007315,0,1
17139,2,11,0,3,0.46239502451183334,0,0
17141,2,27,1,3,0.4643446884290601,0,1
17143,1,27,0,3,0.4675702719675037,0,0
17145,3,12,0,3,0.530792710783189,1,0
17163,2,34,0,3,0.5142925380560994,1,1
17167,2,29,1,3,0.418298215261661,0,0
17173,2,22,1,3,0.4657964685008874,0,0
17195,2,15,0,3,0.4876327658681782,0,0
18001,3,8,1,3,0.5570684627748234,1,1
18065,3,22,0,3,0.5841226740509013,1,0
18097,3,40,0,3,0.5323571370881075,1,0
18129,1,7,1,3,0.5006936008822838,1,0
18171,2,11,0,3,0.5026527270501281,1,0
18177,3,17,1,3,0.5645762933092457,1,1
19005,2,10,0,3,0.40812033205632653,0,0
19025,2,14,0,3,0.5283153732987264,1,0
19035,2,15,0,3,0.542288425601737,1,0
19049,1,25,1,3,0.4202995505306984,0,0
19063,2,7,0,3,0.49403516654194024,0,0
19065,2,24,0,3,0.4829539106771806,0,0
19073,2,13,0,3,0.4826027201294692,0,0
19081,2,13,0,3,0.4395257672355655,0,0
19099,1,19,1,3,0.4754935449230728,0,1
19107,2,19,0,3,0.4819751573751393,0,0
19111,3,12,1,3,0.5333871321517333,1,0
19117,2,9,0,3,0.486796348604131,0,0
19127,2,21,1,3,0.5228496225105568,1,1
19135,2,7,0,3,0.47319739636665276,0,0
19141,2,14,0,3,0.45543375711675815,0,0
19157,2,17,1,3,0.4462773492175231,0,0
19193,2,25,1,3,0.48480367722102696,0,0
20001,3,11,1,3,0.5959676536596273,1,0
20007,3,11,0,3,0.5190088154572231,1,0
20019,4,10,1,3,0.5943284570700522,1,1
20043,2,10,0,3,0.439882957266701,0,0
20053,2,9,0,3,0.4804220172174902,0,0
20057,4,10,1,3,0.6264982500990135,1,1
20073,3,11,1,3,0.5963036710474372,1,1
20075,2,4,0,3,0.602106182839635,1,0
20077,3,10,0,3,0.5519236463866496,1,0
20095,1,12,1,3,0.484955831600078,0,1
20101,3,5,0,3,0.5763340023552312,1,0
20111,3,12,1,3,0.6083321109511199,1,0
20117,2,13,0,3,0.5596929379545489,1,0
20135,3,9,1,3,0.38910234334542454,0,1
20153,3,10,0,3,0.5186541159129421,1,0
20163,2,10,1,3,0.3823064611022969,0,1
20179,1,11,1,3,0.5965483141904472,1,1
20183,2,10,0,3,0.45463925753142603,0,0
20193,3,8,0,3,0.5398433426399937,1,0
21027,3,18,1,3,0.5746715676818722,1,0
21041,4,8,1,3,0.5581553108551995,1,1
21051,4,10,1,3,0.5716490163445108,1,0
21075,4,3,1,3,0.6643503175378469,1,1
21085,4,9,1,3,0.5756411207854164,1,0
21101,3,8,1,3,0.5673725964488049,1,0
21111,2,41,0,3,0.47966211209644244,0,0
21119,4,24,1,3,0.5230917620516625,1,0
21125,4,8,1,3,0.5430411210626858,1,1
21129,4,6,0,3,0.5311842781545277,1,0
21135,4,9,0,3,0.5561013679246836,1,0
21143,3,4,0,3,0.6159001589336345,1,0
21145,3,7,1,3,0.5321037485489983,1,1
21169,4,10,0,3,0.5859126589442974,1,0
21173,4,5,1,3,0.5451720388102846,1,0
21177,3,17,0,3,0.5753762005561035,1,0
21185,1,11,1,3,0.36470896108609707,0,0
21187,3,9,0,3,0.5410424752658056,1,0
21195,4,39,1,3,0.4755490018766263,0,0
21197,4,4,1,3,0.5181008166947242,1,1
21235,4,7,1,3,0.5231589903828818,1,0
22001,4,15,1,3,0.5568252411581666,1,1
22007,4,9,0,3,0.519761706205371,1,0
22011,3,9,1,3,0.5482518415446004,1,1
22013,4,13,1,3,0.6087401905024433,1,0
22017,4,25,0,3,0.5712275613137257,1,1
22019,3,16,1,3,0.529711061614041,1,0
22029,4,5,0,3,0.6166718999113895,1,0
22041,4,7,1,3,0.6511118943780317,1,0
22045,4,10,1,3,0.5755331113517667,1,0
22047,3,8,1,3,0.5687696889050043,1,1
22065,4,4,1,3,0.6373349482348526,1,1
22075,2,9,0,3,0.5420651178997525,1,0
22077,3,17,1,3,0.5570475631309992,1,0
22079,4,27,1,3,0.5313374630533326,1,0
22085,4,12,0,3,0.5885985132979723,1,0
22101,4,8,1,3,0.5290057921197692,1,0
22103,2,17,1,3,0.408970772245941,0,0
22121,2,5,1,3,0.5519154434373195,1,0
22123,4,4,1,3,0.5652420760950232,1,1
23011,2,27,1,3,0.3582013828008332,0,0
23023,1,8,0,3,0.304138909018997,0,0
23025,4,24,1,3,0.47050665090411353,0,0
24025,1,24,0,3,0.39351953148665453,0,1
24027,1,24,1,3,0.2932511862680938,0,0
24029,2,9,1,3,0.47420573732392557,0,0
24033,1,39,0,3,0.34143095502370713,0,1
24039,1,11,1,3,0.528881001361243,1,0
24047,2,12,1,3,0.4679649492315563,0,1
25005,2,36,1,3,0.35608590135746643,0,0
26005,2,24,1,3,0.48458177281981835,0,0
26023,3,13,1,3,0.5573472704975562,1,0
26065,1,22,1,3,0.6467881261954146,1,0
26067,2,21,1,3,0.4872989462290117,0,0
26069,3,12,0,3,0.4633183032990718,0,0
26073,4,15,1,3,0.45821241888154335,0,1
26079,3,8,0,3,0.4710417271030365,0,0
26097,3,15,0,3,0.4776957534901254,0,0
26105,3,10,0,3,0.4513958425580284,0,0
26123,3,21,1,3,0.48593900642113647,0,1
26131,3,12,0,3,0.46219479723017404,0,0
26135,3,8,0,3,0.45898335480379776,0,0
26159,3,22,1,3,0.5227011231777432,1,0
27001,2,12,1,3,0.4485645104611704,0,0
27007,3,18,1,3,0.46268255942443215,0,0
27011,2,10,0,3,0.43960200152905293,0,0
27013,3,20,0,3,0.4095401855551148,0,0
27019,1,18,0,3,0.34830728977773284,0,0
27039,1,10,0,3,0.4200082875087485,0,0
27061,2,30,1,3,0.47923103667683964,0,1
27065,2,9,0,3,0.45576886888278545,0,0
27069,1,11,0,3,0.4216137230059869,0,0
27071,2,13,0,3,0.4507049753863683,0,0
27075,1,8,0,3,0.3655585006454513,0,0
27077,1,4,0,3,0.10685106770917248,0,0
27083,3,14,1,3,0.4344628646585574,0,0
27089,1,15,0,3,0.4869263734282164,0,0
27091,2,15,0,3,0.452112844980485,0,0
27113,1,7,0,3,0.46775741348457156,0,0
27117,2,9,0,3,0.4790520306811089,0,0
27135,1,11,1,3,0.4692694506357187,0,0
27139,1,10,1,3,0.3631826968444016,0,0
27143,1,16,0,3,0.4386744869287049,0,0
27147,1,11,0,3,0.47439292311527304,0,0
27155,1,9,0,3,0.4339170749776522,0,0
28011,4,17,1,3,0.6266810486012558,1,1
28017,4,8,0,3,0.526820441660852,1,0
28055,4,6,0,3,0.426142216754567,0,0
28057,3,10,1,3,0.45452050830361623,0,0
28069,4,11,1,3,0.5291060190646234,1,1
28071,4,13,1,3,0.45490234484073067,0,0
28073,3,6,1,3,0.38648018018413705,0,0
28087,3,8,1,3,0.4859858581549036,0,0
28101,4,11,1,3,0.49590840474863046,0,0
28105,4,6,0,3,0.4711451380855657,0,0
28127,3,10,1,3,0.497835819897337,0,0
28141,4,9,1,3,0.4817508124986806,0,0
28145,3,11,1,3,0.4369034889466198,0,0
28149,4,3,0,3,0.5148319010641907,1,0
28155,4,10,0,3,0.486400553314046,0,0
28157,4,4,0,3,0.427534824847002,0,0
29011,4,8,1,3,0.6069896894809554,1,1
29031,3,19,1,3,0.5122378916918193,1,1
29043,1,21,1,3,0.40991559424151613,0,1
29047,1,23,0,3,0.5118183870429422,1,0
29059,4,13,1,3,0.555187877257129,1,0
29069,4,14,1,3,0.6515824973965022,1,1
29071,1,23,1,3,0.5247182677055752,1,0
29077,3,21,0,3,0.4652662674794838,0,0
29085,4,13,1,3,0.5212239865811205,1,1
29087,3,6,0,3,0.5648657184889561,1,0
29089,3,10,0,3,0.520583424327586,1,0
29091,4,12,1,3,0.5794828328171073,1,0
29093,3,16,1,3,0.5439598458839797,1,1
29097,3,19,0,3,0.5699325385848778,1,1
29107,2,16,1,3,0.5305150405115593,1,1
29111,3,12,0,3,0.5606660661021553,1,0
29127,3,10,1,3,0.5274413375196852,1,0
29129,2,7,0,3,0.5102769753889226,1,0
29131,3,17,1,3,0.5091851939807653,1,0
29147,4,18,1,3,0.512180066400544,1,0
29159,3,15,1,3,0.5438678026665003,1,1
29186,2,8,1,3,0.49950589628169845,0,0
29199,3,10,1,3,0.5782685704991458,1,1
29201,4,14,1,3,0.6025975344446377,1,1
29213,3,20,1,3,0.5123826829824685,1,1
29229,4,11,1,3,0.5892018535902732,1,0
30009,1,13,0,3,0.4693996892491978,0,0
30033,2,8,0,3,0.474538320335787,0,0
30051,4,5,0,3,0.6052820641098089,1,0
30057,1,18,0,3,0.4071478431494722,0,0
30061,4,5,1,3,0.5308960398564075,1,1
30069,2,4,0,3,0.4778384110708457,0,0
30077,2,8,0,3,0.4813141542660119,0,0
30087,3,8,1,3,0.5712902611328169,1,1
30095,1,10,0,3,0.4196042175278812,0,0
30099,2,12,0,3,0.4930478864664549,0,0
30105,3,12,1,3,0.5358379667817152,1,1
30109,2,2,0,3,0.5027798093444962,1,0
31005,2,8,0,3,0.48483539566404016,0,0
31019,1,14,0,3,0.45718690947869345,0,0
31025,1,20,1,3,0.4650874757901476,0,0
31059,1,14,0,3,0.33073898174095845,0,0
31061,2,8,1,3,0.4819504953934287,0,1
31067,2,18,1,3,0.526211523212626,1,0
31081,1,14,0,3,0.45607396338470924,0,0
31091,1,1,0,3,0.5168939859666403,1,0
31103,2,4,0,3,0.33077780874108326,0,0
31113,2,3,0,3,0.45692959862638516,0,0
31123,2,7,0,3,0.5544859522847357,1,0
31131,1,19,1,3,0.4722965047150647,0,0
31181,2,8,0,3,0.47372760345810144,0,0
31185,1,15,1,3,0.4269344364342673,0,0
32007,1,14,1,3,0.5979291514254246,1,1
33009,1,37,1,3,0.30441075253445044,0,0
33017,1,17,0,3,0.3300734837875593,0,0
33019,2,19,0,3,0.3325868891938659,0,0
34003,1,66,0,3,0.290137286875515,0,0
34007,1,35,0,3,0.36927367476041406,0,0
34011,1,22,1,3,0.46634555180443044,0,0
34023,1,44,0,3,0.32456101801992104,0,0
34035,1,32,1,3,0.2868062202359092,0,0
35005,4,9,1,3,0.6647824382224709,1,1
35011,4,1,0,3,0.5708166299965193,1,0
35015,3,8,1,3,0.1356627898700644,0,1
35028,1,1,0,3,0.3172919812529133,0,0
35035,4,18,1,3,0.6058290315012476,1,0
35037,4,10,1,3,0.5700077542887834,1,1
36005,4,28,0,3,0.5326175252134953,1,0
36011,1,26,1,3,0.46737977993194046,0,0
36013,3,36,1,3,0.44257972331079587,0,0
36037,2,18,1,3,0.43263043354003305,0,1
36041,2,13,1,3,0.3580260660627108,0,1
36067,2,55,0,3,0.42297152328757764,0,0
36073,3,15,1,3,0.5225207567414224,1,0
36079,1,12,0,3,0.2930210980436878,0,0
36083,2,29,1,3,0.3637417441309965,0,0
36089,3,49,1,3,0.46197357383622406,0,0
36119,1,77,0,3,0.34432167734862834,0,0
37009,1,12,0,3,0.4032702078337582,0,0
37011,3,10,0,3,0.3897836452735105,0,0
37025,2,16,1,3,0.3881686876156919,0,0
37027,3,10,1,3,0.4209270981461986,0,1
37029,2,5,0,3,0.4483572747153583,0,0
37031,2,19,1,3,0.3929799155182278,0,0
37037,1,18,1,3,0.3291196095779023,0,1
37063,2,16,1,3,0.3473606159993593,0,0
37069,3,13,1,3,0.4480266605064959,0,0
37075,4,2,0,3,0.4739310708341262,0,0
37091,4,9,1,3,0.6254644550846536,1,0
37093,3,9,1,3,0.49718447855412734,0,1
37107,4,10,1,3,0.5218511237314061,1,0
37127,3,15,1,3,0.484109458115662,0,0
37137,3,9,0,3,0.49211333279550684,0,0
37141,3,13,1,3,0.4187807471608274,0,1
37149,2,7,0,3,0.3492558781520884,0,0
37155,4,13,0,3,0.5455488736787077,1,1
37161,1,16,1,3,0.40703032795339567,0,1
37165,4,7,1,3,0.5756862383293174,1,1
37177,4,3,0,3,0.5514061424126416,1,0
37183,1,39,0,3,0.3058852631240446,0,0
37191,1,14,1,3,0.4889500054555815,0,0
37195,4,17,1,3,0.470412628866154,0,0
37197,3,7,0,3,0.4641007060658729,0,0
38001,1,6,0,3,0.5292881546565856,1,0
38011,1,5,0,3,0.4479721290671753,0,0
38017,1,29,0,3,0.4423633029307779,0,0
38019,1,16,0,3,0.45136433772380974,0,0
38021,1,8,0,3,0.45567815497581027,0,0
38031,1,8,0,3,0.41357218220595643,0,0
38047,1,7,0,3,0.4730019675076474,0,0
38053,1,12,0,3,0.4679384388115784,0,0
38057,1,10,0,3,0.4990659140399897,0,0
38071,1,12,0,3,0.2675790216423912,0,0
39013,2,27,1,3,0.46324279026119475,0,0
39017,2,17,1,3,0.5211646827723475,1,0
39019,2,20,1,3,0.48177059745669804,0,0
39021,1,17,0,3,0.5482437678820178,1,0
39023,3,22,1,3,0.5516055176067601,1,0
39043,2,13,0,3,0.5152789024799824,1,0
39061,1,57,0,3,0.448512692621676,0,1
39071,4,15,1,3,0.5802574904591328,1,1
39077,2,14,1,3,0.5231110626490474,1,1
39083,2,16,0,3,0.5165162468660879,1,0
39089,2,28,1,3,0.4691614040255721,0,0
39099,2,36,1,3,0.5123455060696795,1,0
39123,2,18,1,3,0.5223006353369501,1,0
39137,1,17,1,3,0.45269589300942886,0,0
39139,1,19,1,3,0.494835930585949,0,0
39151,1,42,1,3,0.48832357969001683,0,0
39157,2,27,0,3,0.4563110495115972,0,0
39163,4,15,0,3,0.556529339353299,1,0
39169,2,25,1,3,0.46841348351367823,0,1
39173,2,32,1,3,0.5060866400189558,1,0
40011,3,13,1,3,0.640374095721512,1,1
40017,1,13,1,3,0.5298423615503343,1,0
40033,3,11,0,3,0.6553179193386727,1,0
40039,4,13,1,3,0.6276546283677386,1,0
40047,1,22,1,3,0.5634116068275754,1,1
40049,3,13,1,3,0.621829441808649,1,0
40055,4,4,1,3,0.6176418223332611,1,1
40057,4,6,0,3,0.6229646922920022,1,0
40071,4,10,1,3,0.6399612935781703,1,1
40087,1,12,0,3,0.5934392283319974,1,0
40097,4,17,1,3,0.6512314353736928,1,1
40099,3,7,1,3,0.6507723805594907,1,0
40101,4,15,1,3,0.6546825456006188,1,0
40103,2,11,0,3,0.5610843409817978,1,0
40105,3,7,1,3,0.6617243959955187,1,1
40107,4,11,1,3,0.6683618503585117,1,1
40119,1,14,1,3,0.677187088969045,1,0
40129,3,9,0,3,0.6017295578801741,1,0
40131,1,12,1,3,0.5842739409894143,1,0
40149,3,18,1,3,0.5930286279190305,1,1
41025,2,10,0,3,0.5481584193446508,1,0
41039,3,39,1,3,0.4587731696488359,0,0
41053,2,11,1,3,0.4609812059129877,0,0
41069,4,5,0,3,0.5526702651819096,1,0
42001,1,17,1,3,0.4288930629179807,0,0
42003,1,114,0,3,0.32024317583066547,0,0
42005,2,36,1,3,0.38430955038765974,0,0
42025,2,20,1,3,0.4268157374019006,0,0
42031,3,31,0,3,0.4220403118435023,0,0
42039,3,27,1,3,0.430673938970717,0,1
42043,2,30,1,3,0.4646640012469181,0,0
42055,1,30,1,3,0.4096798329049088,0,0
42059,2,26,1,3,0.38098886028817386,0,0
42081,2,25,1,3,0.3933273524504585,0,0
42091,1,69,0,3,0.3557535258902225,0,0
42097,2,28,1,3,0.46165812361197417,0,0
42101,4,46,0,3,0.4790275397318043,0,1
42107,2,59,1,3,0.47054841154422555,0,0
42109,2,15,1,3,0.43315953340517793,0,0
42119,1,14,1,3,0.38130122860337323,0,1
42127,2,30,1,3,0.3601007470453444,0,1
44003,1,9,1,3,0.33902124391768146,0,0
45001,4,13,1,3,0.5614233728948962,1,0
45017,4,7,1,3,0.5966723484427034,1,0
45023,4,10,1,3,0.589610329367163,1,1
45029,4,14,1,3,0.5829398868312019,1,1
45039,4,9,1,3,0.5982673625780368,1,0
45045,1,27,0,3,0.4345488753848287,0,0
45047,4,9,1,3,0.556021437207521,1,0
45059,4,16,1,3,0.5532709530751754,1,0
45071,3,11,0,3,0.5767676358674172,1,0
45087,4,9,1,3,0.5609545054897541,1,0
46003,1,9,0,3,0.4652335905466394,0,0
46005,3,11,0,3,0.44175038536746664,0,0
46011,2,12,0,3,0.3583331260776526,0,0
46035,2,6,1,3,0.43876352044558653,0,0
46047,3,7,0,3,0.5124675028184956,1,0
46069,1,5,0,3,0.35427785617285107,0,0
46071,4,12,0,3,0.6172348983794047,1,0
46081,1,9,0,3,0.5116743412561509,1,0
46085,2,9,0,3,0.5402831169898037,1,0
46097,1,9,0,3,0.4064963454098886,0,0
46101,2,13,0,3,0.4168816411314922,0,0
46103,2,20,1,3,0.41600574808321056,0,0
46105,2,9,0,3,0.4987361862718309,0,0
46117,1,4,0,3,0.4225907960164757,0,0
47001,3,11,1,3,0.45400641822695587,0,1
47003,3,13,1,3,0.5366606637701453,1,1
47029,4,8,0,3,0.5671318902575496,1,0
47035,3,11,1,3,0.4736097453179821,0,0
47043,2,11,1,3,0.5385231681390162,1,1
47057,4,9,0,3,0.5692277207545237,1,0
47063,4,7,1,3,0.5698092189089748,1,1
47069,4,12,1,3,0.5586357310962925,1,0
47071,4,13,1,3,0.5343546579521449,1,0
47085,3,4,1,3,0.5595009453178899,1,0
47087,4,11,0,3,0.5216117738653429,1,0
47089,3,10,1,3,0.4916252315836443,0,1
47117,3,12,1,3,0.4890314094058966,0,1
47125,3,15,1,3,0.517094049090714,1,0
47131,4,12,1,3,0.5805233604209029,1,1
47133,3,11,0,3,0.5333333999495218,1,0
47137,4,6,0,3,0.4890499033153399,0,0
47141,1,10,1,3,0.605801019881937,1,0
47149,1,20,1,3,0.5256149182962887,1,0
48013,3,15,1,3,0.6529314439443904,1,0
48047,4,2,1,3,0.7300026966407295,1,1
48053,2,13,1,3,0.5567365470155354,1,1
48059,2,9,0,3,0.5311483027499432,1,0
48075,4,4,1,3,0.5858680027144304,1,1
48083,2,15,1,3,0.5472076201874451,1,1
48087,4,5,1,3,0.5848009425646653,1,1
48093,2,14,1,3,0.5636561740348787,1,0
48109,4,2,1,3,0.07191043403101557,0,1
48117,4,6,1,3,0.6551537747783978,1,0
48119,3,7,1,3,0.5925636443275175,1,1
48135,2,8,1,3,0.5466104074808379,1,0
48147,2,19,1,3,0.5774184070121361,1,1
48153,3,6,0,3,0.5978316838110467,1,0
48159,1,7,1,3,0.49021843709516644,0,1
48161,4,9,1,3,0.5826284900987241,1,0
48169,4,4,1,3,0.6384858546694824,1,1
48185,3,11,1,3,0.6398247869633641,1,0
48191,4,6,0,3,0.6258013209325908,1,0
48195,4,3,0,3,0.6560368270644269,1,0
48209,2,14,1,3,0.47353008757671133,0,0
48223,3,13,1,3,0.5600991149650544,1,1
48231,3,17,0,3,0.6155019914825989,1,1
48239,2,10,1,3,0.5976973979136707,1,0
48247,4,1,1,3,0.7022670963780275,1,1
48257,2,13,0,3,0.5878937012515051,1,1
48279,4,13,0,3,0.6093578059419922,1,0
48281,2,6,1,3,0.5854326368607091,1,0
48287,2,9,1,3,0.557009482976812,1,0
48289,3,8,1,3,0.5829348700957678,1,0
48305,3,7,0,3,0.5742704934231035,1,0
48311,3,7,0,3,0.6240967975883007,1,0
48315,4,7,1,3,0.5753834367383832,1,1
48329,1,9,1,3,0.48603584117162335,0,0
48333,2,8,0,3,0.5808060179493397,1,0
48337,3,10,1,3,0.6223269267805133,1,0
48345,3,6,0,3,0.5304732988736282,1,0
48349,4,17,1,3,0.62227515384675,1,1
48355,3,26,0,3,0.6032470875132466,1,0
48361,2,4,1,3,0.5492040921170422,1,0
48373,3,9,1,3,0.5816094615751319,1,1
48375,4,16,1,3,0.6148471163967203,1,0
48383,2,2,0,3,0.6174766718577861,1,0
48391,3,5,1,3,0.6364888078650495,1,1
48405,4,4,1,3,0.5842026909580523,1,1
48431,2,2,0,3,0.6142048561191633,1,0
48437,4,5,1,3,0.6602683919231598,1,1
48439,1,74,0,3,0.5464946601103057,1,0
48483,3,6,0,3,0.5567177962892427,1,0
48503,2,6,1,3,0.5876702997797661,1,0
48507,4,4,1,3,0.7036699487419734,1,1
49007,3,6,0,3,0.5726119895546675,1,0
49021,4,10,1,3,0.4786494956453561,0,1
49027,3,11,0,3,0.4978641975864266,0,0
49053,2,21,0,3,0.44467520921293585,0,1
50021,1,29,1,3,0.3091084671745086,0,0
50023,1,26,1,3,0.297010061699794,0,1
51015,2,27,1,3,0.4354434949434829,0,1
51025,3,16,1,3,0.5621472200294306,1,0
51029,3,11,0,3,0.5301158843086404,1,0
51035,3,17,0,3,0.5066338398724475,1,0
51041,1,16,0,3,0.3771548939471175,0,0
51057,4,8,1,3,0.564559798144176,1,1
51071,2,10,0,3,0.4073266175352143,0,0
51083,3,14,1,3,0.5558611863135116,1,1
51097,2,14,0,3,0.47920439789795705,0,0
51099,1,3,0,3,0.3846372562359737,0,0
51119,1,12,1,3,0.4501716186980463,0,1
51131,3,11,1,3,0.4815860713316098,0,1
51143,4,20,1,3,0.5473307155587811,1,0
51147,1,12,1,3,0.00688800944138141,0,0
51149,3,7,1,3,0.532416284465278,1,1
51159,3,5,1,3,0.5327558856651241,1,1
51177,1,13,1,3,0.370098569766756,0,0
51181,3,10,0,3,0.5494784861924203,1,0
51185,1,18,1,3,0.3745804629286726,0,0
51590,4,2,1,3,0.5432938868743925,1,1
51630,3,3,1,3,0.40604886645804705,0,0
51660,1,3,1,3,0.00010661536310307584,0,1
51690,4,1,1,3,0.5297619002703904,1,0
51730,3,2,1,3,0.557967219269927,1,1
51735,1,1,0,3,0.3466318752058535,0,0
51750,1,2,1,3,0.9981026223523681,1,0
51800,1,8,1,3,0.48873058447029644,0,1
51830,1,2,0,3,0.3489018742226906,0,0
53007,2,14,1,3,0.4347870605505162,0,0
53013,3,5,0,3,0.5169773206711793,1,0
53021,3,7,1,3,0.5832058379530733,1,0
53051,3,9,0,3,0.5149221795210221,1,0
53053,1,59,0,3,0.4808074661619089,0,0
53077,4,22,1,3,0.6136237221192212,1,0
54003,2,11,1,3,0.5144156640795499,1,0
54005,4,31,1,3,0.5442757761242044,1,0
54007,4,18,0,3,0.5104054167198373,1,0
54009,2,8,1,3,0.501952179757835,1,0
54015,4,16,0,3,0.5659911680964768,1,0
54021,4,16,0,3,0.5136063423239828,1,0
54035,3,15,1,3,0.5069202453696317,1,0
54057,2,10,0,3,0.4555898998383541,0,0
54059,4,18,1,3,0.5256024423318408,1,0
54061,3,16,1,3,0.3588191375276485,0,0
54063,3,13,0,3,0.5295438532047964,1,0
54065,3,4,1,3,0.519164278236177,1,0
54077,3,16,0,3,0.5253814514060056,1,0
54081,4,42,1,3,0.4855103927176275,0,0
54087,4,13,0,3,0.5444829923284709,1,0
54099,4,17,1,3,0.5435273622726622,1,1
54103,4,12,1,3,0.5287787225134719,1,0
55025,1,45,0,3,0.21560391985080857,0,0
55033,2,22,0,3,0.3899663985569478,0,0
55035,2,15,0,3,0.3550785090121553,0,0
55039,1,24,1,3,0.43070280338620387,0,0
55073,1,28,1,3,0.33052638544856144,0,0
55117,1,17,1,3,0.34828568554017425,0,0
55119,2,14,1,3,0.4281140347876178,0,0
55129,2,12,0,3,0.3478166537428098,0,0
55135,1,16,1,3,0.4029907169940384,0,1
55137,2,17,1,3,0.40621574364710983,0,0
56021,1,12,1,3,0.4739920880736058,0,0
01007,3,11,0,4,0.5650571090268081,1,0
01015,3,14,1,4,0.470623960101584,0,0
01019,4,11,1,4,0.5356539329176515,1,0
01031,3,16,1,4,0.4899757667429424,0,1
01051,2,13,1,4,0.4614212948043666,0,0
01057,4,10,1,4,0.5087157410974689,1,0
01069,4,14,1,4,0.5312088214060477,1,1
01071,4,22,1,4,0.5550933145542565,1,1
01081,1,14,0,4,0.4234510171967794,0,1
01111,3,8,1,4,0.528850014512232,1,0
04009,4,10,1,4,0.5773741400129325,1,1
04025,2,31,0,4,0.4448199606281813,0,1
05009,3,9,1,4,0.4876645665380136,0,1
05017,4,6,0,4,0.6437559571390561,1,0
05023,3,17,1,4,0.45462091680899075,0,0
05041,4,12,1,4,0.6621430161660239,1,1
05043,4,9,1,4,0.5146055279317091,1,0
05055,4,9,1,4,0.5235079837179414,1,1
05063,4,20,1,4,0.49367778465658535,0,1
05083,4,12,1,4,0.5612008890538237,1,0
05093,4,15,1,4,0.6642925139474057,1,0
05095,4,9,1,4,0.6344679183980559,1,1
05099,4,10,1,4,0.5490347144407826,1,1
05105,4,8,1,4,0.5361141103137075,1,1
05111,4,10,1,4,0.6075044205763577,1,0
05131,3,16,0,4,0.4964258506838347,0,1
05137,4,16,0,4,0.5415634996535263,1,0
05145,4,17,1,4,0.5104369777264184,1,0
06007,4,18,1,4,0.5168300912775571,1,0
06053,3,31,0,4,0.44872709917641623,0,0
06065,2,75,0,4,0.522038437244263,1,1
06085,1,63,0,4,0.33524273441302854,0,0
06087,2,17,1,4,0.3650172258292051,0,0
06093,3,23,1,4,0.537785421921419,1,1
08011,4,6,0,4,0.5860226505052682,1,0
08031,2,36,0,4,0.3857024127696486,0,0
08035,1,18,1,4,0.3318625972651589,0,0
08043,3,11,1,4,0.42377061881690214,0,1
08065,3,2,0,4,0.4271640248604027,0,0
08081,2,5,1,4,0.5561114175176479,1,1
08105,4,4,0,4,0.4558483168239403,0,0
08107,1,9,1,4,0.4111765919865596,0,0
08111,1,2,0,4,0.40043609191774276,0,0
09007,1,24,1,4,0.3099058950186248,0,0
10005,2,24,1,4,0.4232849377164232,0,0
11001,1,29,0,4,0.3377797042862292,0,1
12003,2,5,1,4,0.4085592517393381,0,0
12007,1,9,0,4,0.41694086461302154,0,0
12013,3,8,0,4,0.4796831974729116,0,0
12021,1,23,0,4,0.30385208911722333,0,0
12039,4,7,1,4,0.5838538264823664,1,1
12053,3,12,1,4,0.402127822969694,0,0
12065,4,4,1,4,0.525227018602315,1,0
12075,4,13,1,4,0.45600318906390325,0,0
12089,1,6,1,4,0.33485452440954,0,0
12117,2,17,1,4,0.3072784471740637,0,0
13007,3,6,0,4,0.5589726834066224,1,0
13009,4,6,1,4,0.5832654627281887,1,1
13017,4,4,1,4,0.6271177959422031,1,0
13019,4,6,1,4,0.5849595175310318,1,0
13033,4,9,1,4,0.6214042651550857,1,0
13035,4,5,1,4,0.5509745003028351,1,0
13063,1,16,1,4,0.5594541482938553,1,0
13077,1,10,1,4,0.3676173554347762,0,0
13085,1,5,1,4,0.3411839584980052,0,0
13087,4,8,1,4,0.5850194405738277,1,0
13097,2,8,1,4,0.40564956505912286,0,0
13109,4,6,1,4,0.6048775882543858,1,1
13153,2,12,1,4,0.5043446419320543,1,0
13159,3,6,0,4,0.5724849100908951,1,0
13167,4,5,1,4,0.6200491448745359,1,1
13183,4,5,0,4,0.5510363929660516,1,0
13185,1,11,0,4,0.501421248217767,1,1
13223,1,11,1,4,0.3817885385628354,0,0
13225,4,3,1,4,0.5736773650943181,1,0
13233,4,8,1,4,0.4927151955592947,0,1
13247,2,9,1,4,0.4808853920061692,0,1
13257,3,5,1,4,0.4210123914738076,0,0
13273,4,7,1,4,0.6657811128230402,1,1
13275,3,9,1,4,0.5327969899601229,1,1
13285,4,7,1,4,0.5351313608826593,1,1
13293,4,7,1,4,0.5269575142163742,1,0
13299,4,7,1,4,0.5766507023757889,1,1
13305,4,6,1,4,0.5465568345774858,1,0
13309,4,4,1,4,0.6078670831097014,1,1
16011,3,11,1,4,0.4910538895425929,0,0
16021,3,4,0,4,0.48300603668238057,0,0
16023,3,3,0,4,0.43621863594707394,0,0
16027,3,13,0,4,0.5545903616827056,1,0
16039,3,7,1,4,0.503087653725525,1,0
16043,3,9,0,4,0.5228847945096263,1,0
16053,4,5,0,4,0.5976803793550107,1,0
16057,1,14,0,4,0.3491697401983903,0,0
16061,2,7,0,4,0.4269985603909559,0,0
17005,3,12,0,4,0.48572352693997883,0,0
17011,2,30,1,4,0.47769641409446983,0,1
17013,2,7,1,4,0.4247894928385453,0,1
17041,2,13,1,4,0.48510393940405444,0,0
17043,1,43,1,4,0.29269137916163523,0,0
17075,2,25,1,4,0.5117140209031211,1,0
17101,3,7,0,4,0.4946219573421942,0,0
17103,2,24,1,4,0.4665547469488397,0,1
17105,3,29,1,4,0.5301089134953212,1,1
17111,1,24,1,4,0.3282533180868325,0,0
17149,3,16,1,4,0.4674464048950736,0,0
17153,4,10,0,4,0.6061400408135792,1,0
17155,1,8,0,4,0.43307932660112397,0,0
17175,3,10,0,4,0.5355873210991937,1,0
17185,2,7,0,4,0.45866971417852237,0,0
17191,3,20,0,4,0.49048903270796407,0,0
17201,2,26,1,4,0.5054342573146408,1,0
18005,2,14,1,4,0.47514096494351843,0,1
18013,1,9,1,4,0.46534481834014274,0,0
18019,2,15,1,4,0.4878482150081752,0,0
18029,1,9,1,4,0.4590030987920007,0,0
18033,1,14,0,4,0.48333767699457664,0,0
18037,1,13,1,4,0.4637276138523486,0,1
18039,2,17,1,4,0.5515086771838668,1,0
18045,2,10,0,4,0.5386493160258818,1,0
18049,2,16,0,4,0.5179882958683968,1,0
18061,2,16,1,4,0.48320285111189276,0,1
18079,2,13,1,4,0.541006603396494,1,0
18105,1,18,1,4,0.39889806955404883,0,0
18113,1,17,0,4,0.5345784100827827,1,0
18127,1,15,1,4,0.46155651587680807,0,0
18131,3,13,0,4,0.5845442548836217,1,0
18155,3,9,0,4,0.5686860305159385,1,0
19017,1,12,0,4,0.37506791297622605,0,0
19027,1,16,1,4,0.45570543475887243,0,0
19029,2,13,0,4,0.5316780081770693,1,0
19031,1,18,1,4,0.43684939789075883,0,0
19045,2,20,1,4,0.4941905760784032,0,0
19047,3,19,0,4,0.48552279622313793,0,0
19055,1,16,0,4,0.4121121669392846,0,0
19057,3,12,1,4,0.48319477794232907,0,1
19059,1,10,0,4,0.40908770126671634,0,0
19097,2,14,1,4,0.42034858506293826,0,0
19101,1,16,0,4,0.4109055492854998,0,0
19115,2,13,0,4,0.4992023043353868,0,0
19119,1,12,0,4,0.4464317956675216,0,0
19121,1,14,1,4,0.4218943793878185,0,0
19137,3,10,0,4,0.48998685151072435,0,0
19143,2,8,0,4,0.48300234449584706,0,0
19145,2,12,1,4,0.487926742510038,0,0
19147,1,14,0,4,0.43465542218077996,0,0
19161,2,16,1,4,0.4487098566698699,0,1
19175,2,10,0,4,0.47971965162767566,0,0
19181,1,19,1,4,0.41977870530957384,0,1
19183,2,13,0,4,0.4666384239252708,0,0
19187,3,22,1,4,0.4619879404556265,0,0
20009,3,10,1,4,0.5181005316341635,1,0
20035,3,14,1,4,0.5987253065648953,1,1
20049,3,10,0,4,0.6154564425713104,1,0
20079,1,13,1,4,0.5020638288928768,1,1
20087,2,15,1,4,0.461598622094569,0,0
20099,4,13,1,4,0.6218452436760702,1,0
20107,3,11,0,4,0.5280779841986463,1,0
20113,1,12,1,4,0.4601638635140974,0,0
20133,4,11,1,4,0.6009185232393153,1,0
20141,2,12,0,4,0.4926916949535059,0,0
20155,2,22,1,4,0.5541161128256116,1,0
20173,2,50,0,4,0.5054982585465089,1,1
20175,4,6,1,4,0.6684222525517255,1,0
20189,4,4,0,4,0.6476174372135527,1,0
20203,1,3,0,4,0.5662347757594796,1,0
21011,4,8,1,4,0.5481474070444633,1,1
21015,1,9,1,4,0.4015098382205472,0,0
21017,3,9,0,4,0.5740027143071083,1,0
21045,4,15,0,4,0.600243432123768,1,0
21047,4,15,1,4,0.5861188760014187,1,0
21049,3,4,1,4,0.5000361583366628,1,1
21057,4,3,1,4,0.597003269567676,1,1
21063,4,6,1,4,0.5652087426569585,1,1
21069,4,7,1,4,0.5876724786034594,1,0
21071,4,33,1,4,0.554194716071511,1,1
21087,4,8,0,4,0.6095976395916994,1,0
21097,3,6,1,4,0.5817257459800153,1,0
21109,4,5,0,4,0.562501163876817,1,0
21117,2,12,1,4,0.4061725286130787,0,0
21133,1,26,1,4,0.5345585194254944,1,0
21151,1,5,1,4,0.4992948192895757,0,0
21155,1,11,0,4,0.5424517511481172,1,0
21161,4,5,1,4,0.5294300704742856,1,0
21167,2,5,1,4,0.5431326414451446,1,0
21205,4,4,1,4,0.430618672151841,0,0
21209,2,6,1,4,0.501297993503617,1,1
21217,4,6,1,4,0.5615691588406576,1,0
21219,3,9,0,4,0.6156386086930293,1,0
21221,2,5,1,4,0.5829887666838318,1,0
22031,4,10,1,4,0.5340808741639231,1,0
22037,3,8,0,4,0.5764426617794937,1,0
22053,3,10,1,4,0.5690949256613899,1,1
22069,4,16,1,4,0.5973208081362612,1,1
22089,1,10,1,4,0.4494411437432589,0,1
22093,3,7,1,4,0.529410821361549,1,0
22113,3,12,1,4,0.566386759361891,1,1
22115,3,13,1,4,0.47904696013220177,0,1
23021,3,16,1,4,0.46942027273677706,0,0
24003,1,40,0,4,0.357482160627552,0,0
24005,1,54,0,4,0.41418333802628693,0,1
24011,3,10,1,4,0.573127380059897,1,1
24017,1,24,1,4,0.40728990382230823,0,0
24037,1,26,1,4,0.3974659811151781,0,0
24041,1,16,1,4,0.3811574522880803,0,0
24045,3,16,0,4,0.4766544855751268,0,1
25017,1,83,0,4,0.25292591943490367,0,0
26003,2,13,0,4,0.435832092114105,0,0
26025,3,22,1,4,0.5263399994849052,1,0
26029,2,10,0,4,0.37748515289446094,0,0
26037,2,17,0,4,0.4349734123906477,0,0
26039,3,4,0,4,0.46712221632863044,0,0
26041,3,13,1,4,0.43589597043500095,0,1
26043,2,11,0,4,0.3504565376799792,0,0
26051,4,7,0,4,0.5196822099672158,1,0
26063,2,18,1,4,0.5187902027603668,1,1
26077,2,25,1,4,0.42098255552292135,0,0
26087,2,22,1,4,0.4669501457602724,0,0
26091,2,23,1,4,0.47262912703960164,0,0
26107,3,16,0,4,0.44116142033064504,0,0
26115,1,25,1,4,0.5127322814417918,1,0
26127,3,12,1,4,0.48114020566829135,0,0
26147,2,23,1,4,0.4432876246257668,0,0
26153,3,7,0,4,0.5328344153545178,1,0
26161,2,27,1,4,0.37211540352859757,0,0
27035,2,18,0,4,0.3204962517070632,0,0
27055,1,9,0,4,0.32675720496288074,0,0
27095,2,12,1,4,0.415616463460643,0,0
27097,2,20,1,4,0.38364665603581893,0,1
27099,2,19,1,4,0.40318812127113696,0,1
27109,1,19,1,4,0.315431642767947,0,0
27115,2,16,1,4,0.4494206728942615,0,0
27119,2,25,1,4,0.48736522595374093,0,1
27123,2,26,1,4,0.36102401665495615,0,0
27131,1,16,1,4,0.42215336331870135,0,1
27159,3,7,0,4,0.47446809693875025,0,0
27163,1,19,1,4,0.2998462067382377,0,0
27165,2,10,0,4,0.45298940312717717,0,0
27173,2,14,0,4,0.4448335383951329,0,0
28007,4,11,1,4,0.5495675732452642,1,0
28009,3,11,0,4,0.5361319874242901,1,0
28029,4,9,1,4,0.4036859493256266,0,0
28031,4,8,1,4,0.49698073733501213,0,0
28035,1,8,1,4,0.4272652771172285,0,1
28037,4,8,1,4,0.5254043667938645,1,1
28043,4,7,1,4,0.4969890850951844,0,0
28051,4,9,1,4,0.6237319873167438,1,0
28059,3,10,0,4,0.4156806248292457,0,1
28089,1,12,1,4,0.37234822704422116,0,0
28099,4,8,1,4,0.5530572158478051,1,0
28103,4,6,1,4,0.6243182969350761,1,1
28113,4,8,1,4,0.5291700531943527,1,1
28123,4,10,1,4,0.556258052000115,1,0
28135,4,18,1,4,0.6179466711104921,1,0
28137,3,5,1,4,0.5464295889817901,1,0
28153,4,7,1,4,0.5264117428863329,1,0
28161,4,7,1,4,0.517905356772,1,1
28163,4,8,1,4,0.5906892421277654,1,0
29007,3,14,0,4,0.5632806284539069,1,0
29017,4,13,1,4,0.5925128612573676,1,1
29021,3,15,1,4,0.5248947072882633,1,0
29023,4,10,1,4,0.5961315481328985,1,0
29025,3,10,1,4,0.5461067247906168,1,1
29037,1,18,1,4,0.452822492114916,0,0
29041,3,12,1,4,0.5120339107469645,1,1
29045,3,11,0,4,0.5216323715113753,1,0
29055,4,12,1,4,0.5201151040881239,1,0
29075,3,13,0,4,0.5237907584542119,1,0
29081,4,13,0,4,0.5972567309979424,1,0
29083,4,11,1,4,0.5286343400172802,1,0
29095,2,55,0,4,0.5091726600278536,1,1
29099,1,24,1,4,0.44213431199727615,0,0
29101,2,19,0,4,0.4549506811772927,0,0
29117,3,12,1,4,0.537281386895599,1,0
29125,3,10,0,4,0.4886295429510062,0,0
29141,4,15,0,4,0.5680013234606749,1,0
29143,4,17,1,4,0.6718109515395944,1,0
29145,3,15,1,4,0.524178041082217,1,0
29149,4,12,0,4,0.5982108337507608,1,0
29155,4,13,0,4,0.6698590537006639,1,0
29169,2,11,1,4,0.4071940085201972,0,1
29171,3,10,0,4,0.5508325411932145,1,0
29177,2,12,1,4,0.5275994072255277,1,0
29183,1,14,1,4,0.40526111443512336,0,0
29185,4,16,1,4,0.5514286335014298,1,1
29203,4,9,0,4,0.5776454647024749,1,0
29209,1,17,1,4,0.5121282717841428,1,1
29211,3,13,1,4,0.5748276598885814,1,1
29215,4,21,1,4,0.6051437664497628,1,0
29217,4,13,1,4,0.5549198312785864,1,0
30013,3,18,1,4,0.4986498114503865,0,1
30017,2,6,0,4,0.5161152157760194,1,0
30019,1,4,0,4,0.444380079986163,0,0
30029,2,16,1,4,0.3834321095380583,0,0
30043,2,9,0,4,0.42158313495244715,0,0
30049,1,9,1,4,0.35479842709291237,0,0
30053,4,6,1,4,0.5023951691306056,1,0
30055,3,6,0,4,0.6401592735904513,1,0
30063,2,16,0,4,0.39150536031628247,0,0
30073,3,6,1,4,0.5848782441020398,1,1
30091,1,11,0,4,0.4406104838411152,0,0
30097,1,6,0,4,0.45738566638029077,0,0
30103,3,2,0,4,0.5493833838144947,1,0
30111,2,16,1,4,0.44254378577613407,0,0
31003,2,11,1,4,0.423202779319081,0,1
31021,2,8,0,4,0.4760254671064518,0,0
31023,1,14,1,4,0.45574271378977926,0,1
31027,1,13,0,4,0.4216498211725108,0,0
31037,3,7,0,4,0.4602172765680476,0,0
31047,3,11,0,4,0.4779298675869394,0,0
31049,2,4,0,4,0.533000029447686,1,0
31051,1,12,0,4,0.4244348780091277,0,0
31053,2,14,0,4,0.45106977227493744,0,0
31077,1,8,0,4,0.43024873127073926,0,0
31087,2,6,0,4,0.5100407067247921,1,0
31093,1,11,1,4,0.40468729914142776,0,1
31099,2,11,0,4,0.39565376770388805,0,0
31109,2,42,1,4,0.348008874986588,0,0
31115,2,5,0,4,0.4614919719919789,0,0
31135,1,10,1,4,0.4845176078820116,0,1
31137,2,10,0,4,0.43231551872188845,0,0
31151,3,12,0,4,0.5102838271611123,1,0
31159,1,18,0,4,0.3960437720109584,0,0
31163,2,8,0,4,0.4561876227667766,0,0
32005,1,9,1,4,0.4426878853886332,0,0
33007,2,16,1,4,0.38597857319893236,0,1
33011,1,34,1,4,0.2953652722710688,0,0
33015,1,37,1,4,0.25775464299925427,0,0
34005,1,38,0,4,0.3060688853442124,0,0
34009,1,15,1,4,0.35126768061740166,0,0
34029,1,30,0,4,0.30608839335476384,0,0
35006,4,17,0,4,0.6772187935041775,1,0
35017,4,16,1,4,0.5398526960552269,1,0
35023,4,5,0,4,0.6211330932654872,1,0
35029,4,3,1,4,0.6753421153101099,1,0
35039,1,37,1,4,0.5350173204816361,1,0
35041,4,9,1,4,0.5983794422767648,1,0
35047,4,19,0,4,0.6230397658204165,1,0
35053,4,14,1,4,0.6161394518128406,1,0
35057,4,9,0,4,0.6796637949315694,1,0
35059,3,8,0,4,0.5894922494653154,1,0
36021,2,36,1,4,0.3542654472037444,0,1
36029,2,70,0,4,0.4212901721890331,0,0
36049,3,23,0,4,0.47755752657854844,0,0
36051,2,30,0,4,0.444832848032989,0,0
36059,1,69,0,4,0.2989821209906122,0,0
36061,2,47,0,4,0.34757595840045824,0,0
36071,1,51,1,4,0.3562202472345173,0,0
36093,1,19,1,4,0.35625055187473986,0,0
36107,2,15,1,4,0.38562431750230364,0,0
36109,1,17,1,4,0.3421592409607427,0,0
37015,4,10,1,4,0.5785222344746325,1,0
37021,2,19,1,4,0.2988529349045197,0,0
37033,3,16,0,4,0.4619396083953436,0,0
37039,3,4,1,4,0.4360503269496067,0,0
37043,3,5,1,4,0.37506211828324254,0,1
37065,4,15,1,4,0.5675487894629444,1,1
37073,2,6,0,4,0.4970285013558467,0,0
37081,3,31,0,4,0.3643842177872715,0,0
37095,4,7,0,4,0.5714045801354651,1,0
37111,3,9,1,4,0.3689067384055312,0,0
37115,3,6,0,4,0.383725822754147,0,0
37129,3,10,1,4,0.3160633433705696,0,0
37133,3,16,1,4,0.3772659394429315,0,0
37143,3,6,0,4,0.48499148919140367,0,0
37145,2,10,0,4,0.4550107644929508,0,0
37151,3,24,1,4,0.43499987049380184,0,0
37153,4,11,1,4,0.5198139219883742,1,1
37163,4,17,1,4,0.5513058744209398,1,1
37179,1,12,1,4,0.3482339996523339,0,0
37181,4,8,1,4,0.5390316783998294,1,1
37189,4,10,1,4,0.33275397886615743,0,1
38023,2,10,0,4,0.45736840177107607,0,0
38035,1,22,1,4,0.35832150128289963,0,1
38049,1,18,0,4,0.47042693199730284,0,0
38051,2,6,0,4,0.5060211360004429,1,0
38055,1,18,0,4,0.5321787253171018,1,0
38065,1,6,0,4,0.48510661372121777,0,0
38077,1,19,0,4,0.4024915000159047,0,0
38079,4,10,0,4,0.6641470967998779,1,0
38085,4,9,1,4,0.7384938651933978,1,1
38087,1,9,0,4,0.4701281720791204,0,0
38089,1,10,0,4,0.415041026054558,0,0
38095,3,10,0,4,0.4962176256737594,0,0
38097,1,12,0,4,0.39267300160252344,0,0
38099,2,16,1,4,0.44792056482823894,0,1
39003,2,20,0,4,0.5611699498466314,1,0
39009,4,18,1,4,0.4280043743759848,0,1
39031,3,18,0,4,0.5237020225944832,1,0
39037,2,25,1,4,0.5776663355253495,1,0
39041,1,24,1,4,0.35158432283991126,0,0
39063,1,24,1,4,0.4392051712369339,0,0
39079,4,11,1,4,0.5553928999166168,1,0
39081,3,23,1,4,0.5155889017277138,1,0
39091,2,18,1,4,0.5434507346110097,1,0
39103,1,24,1,4,0.377809082591523,0,0
39111,3,15,1,4,0.5082832329042815,1,0
39117,2,16,1,4,0.5127966425730398,1,1
39131,4,11,1,4,0.525274286909702,1,0
39147,2,20,1,4,0.5289452061684484,1,0
39161,2,14,0,4,0.5811130711343501,1,0
40007,3,7,0,4,0.6457744248093085,1,0
40043,3,12,1,4,0.6433239566724466,1,1
40051,2,14,1,4,0.6429284159337514,1,1
40053,1,10,1,4,0.5639206680393716,1,1
40065,3,9,1,4,0.6165420504652271,1,0
40067,4,8,1,4,0.7319586197529511,1,1
40069,4,13,1,4,0.6843086782493988,1,1
40075,4,9,1,4,0.6929150653322317,1,1
40077,4,7,1,4,0.6248995772374522,1,1
40081,3,16,1,4,0.6169607541328924,1,1
40085,3,8,1,4,0.6790491627458765,1,1
40091,4,11,1,4,0.6506420496705941,1,0
40095,4,3,1,4,0.6478271690635584,1,0
40113,3,22,1,4,0.6376392868757104,1,1
40117,3,12,1,4,0.6272559372327878,1,0
40143,2,42,0,4,0.49614806258152966,0,1
40147,1,12,1,4,0.5552661337906253,1,1
40151,2,7,0,4,0.5875006485610328,1,0
41009,2,9,1,4,0.4333133683635381,0,1
41019,3,28,1,4,0.4869399519417603,0,0
41037,4,10,0,4,0.6681295315841727,1,0
41051,2,42,0,4,0.39242403446183854,0,0
41067,1,30,1,4,0.3505596203113914,0,0
41071,2,15,0,4,0.44225535661003884,0,0
42009,2,28,1,4,0.4270204840115461,0,0
42011,1,62,1,4,0.43447592677454205,0,0
42037,2,19,1,4,0.4442406630933251,0,0
42047,2,14,1,4,0.34201859563665216,0,1
42051,3,62,1,4,0.42683725253502997,0,0
42053,4,11,1,4,0.4621586118335371,0,1
42075,2,19,1,4,0.4455727998618537,0,0
42079,3,50,1,4,0.38098041317837994,0,0
42103,1,19,0,4,0.3805405411742127,0,0
42115,2,29,1,4,0.4366027795038068,0,1
42123,2,19,1,4,0.38924244818445153,0,0
42125,1,64,1,4,0.3353173115036143,0,0
42131,1,15,0,4,0.3682796161395434,0,0
44007,1,39,0,4,0.3859940429512299,0,0
45027,4,11,1,4,0.5948791991809456,1,1
45031,4,10,1,4,0.5433066253095334,1,0
45035,2,15,1,4,0.4591965157792518,0,0
45063,2,18,0,4,0.4573812799622403,0,0
45073,3,13,1,4,0.43457467044391096,0,1
45085,4,15,1,4,0.5793915211276102,1,1
45089,4,12,1,4,0.6107481381078029,1,0
46007,4,7,0,4,0.6921114263864424,1,0
46021,1,7,0,4,0.43076995989789896,0,0
46025,2,13,0,4,0.43121333806074585,0,0
46039,1,12,0,4,0.43027402760362615,0,0
46045,1,10,0,4,0.4393132360095894,0,0
46051,1,12,0,4,0.39618789364281215,0,0
46053,3,8,0,4,0.4811221821279808,0,0
46055,3,5,0,4,0.5106746786584477,1,0
46057,1,12,0,4,0.4030412658518398,0,0
46061,2,7,0,4,0.4032242331186405,0,0
46063,1,10,0,4,0.4693370251017889,0,0
46095,4,7,0,4,0.6741208054039854,1,0
46109,4,16,1,4,0.5727941826457084,1,1
46115,1,15,0,4,0.42156277570382483,0,0
46119,1,6,0,4,0.4159232521136115,0,0
46123,4,8,0,4,0.49135661778037926,0,0
46137,4,7,0,4,0.7083965712675976,1,0
47005,4,7,1,4,0.555360489721648,1,0
47007,3,9,0,4,0.5167801031531098,1,0
47021,2,12,1,4,0.4771006268994221,0,1
47023,3,12,0,4,0.5114541060491233,1,0
47031,3,9,1,4,0.5403576372437587,1,0
47033,4,8,1,4,0.6275398664019045,1,0
47037,2,35,0,4,0.454499935288354,0,1
47041,4,11,0,4,0.5643844989488777,1,0
47045,4,11,1,4,0.5794661855221834,1,1
47047,1,15,0,4,0.4405322511725527,0,0
47049,4,9,1,4,0.5123463295908026,1,0
47065,1,31,0,4,0.42039287680870036,0,0
47077,4,14,1,4,0.588411841673156,1,0
47079,4,9,1,4,0.5978131449957507,1,1
47095,4,2,0,4,0.6683204860012809,1,0
47097,4,4,1,4,0.6678967896094563,1,0
47101,4,7,1,4,0.5220962002161774,1,1
47105,2,9,0,4,0.4185533379412566,0,0
47111,4,8,1,4,0.5556042388492437,1,0
47123,4,9,1,4,0.5087750196547803,1,1
47129,4,12,1,4,0.48683585442382743,0,0
47155,3,10,1,4,0.5355083531568684,1,0
47157,1,38,0,4,0.5321755475005048,1,1
47165,1,10,1,4,0.46303274022346164,0,0
47167,2,10,1,4,0.5872908568204366,1,0
47171,4,6,0,4,0.5044051775294075,1,0
47173,4,11,0,4,0.5251604659632275,1,0
47179,1,13,1,4,0.4286692301366876,0,0
47183,4,12,1,4,0.5722142749143564,1,1
48003,2,1,1,4,0.6244080320119674,1,0
48037,3,10,1,4,0.5430283275929588,1,1
48039,1,20,0,4,0.509076581124053,1,0
48043,3,4,1,4,0.5436707348369535,1,1
48063,3,2,1,4,0.5466746185253095,1,1
48067,4,14,1,4,0.563836918361831,1,1
48071,2,11,1,4,0.5537604505028474,1,0
48073,4,12,1,4,0.5607905970726832,1,1
48077,2,9,1,4,0.5795164096714941,1,1
48081,3,4,1,4,0.5351776338723631,1,1
48095,3,6,0,4,0.35692898237665294,0,0
48103,2,2,0,4,0.6172693975102669,1,0
48127,4,6,1,4,0.6760389004902679,1,1
48131,4,8,1,4,0.6484660845307019,1,1
48133,4,9,1,4,0.5849812115054382,1,0
48141,1,30,0,4,0.5411060439474361,1,1
48165,3,5,0,4,0.6364600567859094,1,0
48171,2,7,1,4,0.5086543426613838,1,0
48181,2,21,0,4,0.5583923066112173,1,1
48197,3,2,1,4,0.6294949791265628,1,1
48213,3,15,0,4,0.5431954073284602,1,1
48217,2,19,1,4,0.5856226775355965,1,1
48245,3,18,0,4,0.5572551634848033,1,0
48267,1,6,0,4,0.5269031722159978,1,0
48277,3,13,1,4,0.5854999812934978,1,1
48283,3,4,0,4,0.6309625721293987,1,0
48295,2,7,0,4,0.5705776120205417,1,0
48299,1,10,1,4,0.4986713700146199,0,0
48313,2,5,1,4,0.5178784996626439,1,0
48327,3,4,0,4,0.5623778720798769,1,0
48339,1,27,0,4,0.4369619148476534,0,0
48343,4,7,1,4,0.5684091030747298,1,1
48353,3,9,1,4,0.5578457509437674,1,0
48363,4,12,1,4,0.5905962090704776,1,0
48371,3,6,1,4,0.6510824331883065,1,0
48381,1,15,1,4,0.5195054076858245,1,0
48397,1,9,1,4,0.409772566559018,0,1
48401,3,16,1,4,0.5341575231487244,1,1
48407,4,8,1,4,0.5963936228553234,1,0
48447,4,7,0,4,0.5584414695071676,1,0
48463,4,8,1,4,0.6551136930432647,1,0
48487,4,6,1,4,0.6488832634729276,1,0
48493,2,12,1,4,0.5705475510245032,1,1
49019,1,2,1,4,0.5082241968368044,1,1
49039,3,15,1,4,0.49470724083973056,0,0
49047,3,10,0,4,0.6009016074934072,1,0
49055,2,6,0,4,0.47677630543447064,0,0
49057,1,9,1,4,0.48131425279151296,0,0
50013,1,5,1,4,0.29183250863187166,0,1
50027,1,34,0,4,0.2935673747204323,0,0
51001,3,33,0,4,0.5577183982629277,1,0
51017,4,7,0,4,0.5302196266546808,1,0
51033,1,11,0,4,0.4378460588127211,0,0
51049,3,7,0,4,0.5424702126306998,1,0
51051,4,12,1,4,0.5098631994658894,1,0
51059,1,48,0,4,0.23834667854421202,0,0
51085,1,12,1,4,0.2986582773539209,0,0
51087,2,16,1,4,0.4072723444987121,0,0
51091,2,7,0,4,0.42251642825886765,0,0
51105,4,11,1,4,0.5446297393559533,1,0
51113,2,21,1,4,0.5428730823414949,1,1
51115,2,15,0,4,0.5177659583924143,1,0
51117,3,13,1,4,0.5412371331099619,1,1
51121,3,10,1,4,0.3305357461688039,0,1
51125,2,17,0,4,0.4692872960477996,0,0
51127,1,6,1,4,0.4056061474981668,0,0
51137,1,12,0,4,0.41959622889302994,0,0
51139,3,6,1,4,0.47476202109784926,0,0
51141,3,14,1,4,0.4760421595694246,0,0
51161,1,14,1,4,0.3130622420734146,0,1
51167,4,11,0,4,0.5240448491718402,1,0
51173,3,10,0,4,0.4945643349430872,0,0
51175,3,12,1,4,0.5467774363355051,1,0
51179,1,5,1,4,0.3289612287120683,0,0
51187,1,7,1,4,0.3899499350799263,0,1
51193,2,8,1,4,0.5045307420941383,1,0
51197,3,11,0,4,0.4795939551759198,0,0
51550,1,6,1,4,0.38687392426026546,0,0
51595,4,1,1,4,0.5847697797624536,1,1
51600,1,3,0,4,0.2314216039985855,0,0
51610,1,4,0,4,0.2365469244512111,0,0
51680,3,5,1,4,0.3800319119266425,0,0
51760,1,15,0,4,0.46228140730856043,0,0
51775,1,1,0,4,0.3072140041018561,0,0
51810,1,12,0,4,0.333946034905759,0,0
53001,4,11,0,4,0.6535357404570592,1,0
53003,3,3,1,4,0.5577853420743629,1,0
53005,2,12,1,4,0.5172737114438227,1,0
53015,3,11,1,4,0.45590507548434067,0,1
53019,4,9,0,4,0.5953586545650458,1,0
53025,3,18,1,4,0.6097016676959114,1,0
53033,1,84,0,4,0.31886155980973685,0,0
53039,3,15,0,4,0.5010685598532395,1,0
53049,3,13,0,4,0.49742724505462665,0,0
53061,1,30,0,4,0.36759799043290575,0,0
53063,1,45,0,4,0.46179135916312275,0,0
53067,1,14,1,4,0.40426245250089066,0,0
54019,1,42,0,4,0.47155379937962594,0,0
54027,3,20,0,4,0.558456454673119,1,0
54071,3,9,0,4,0.559362466492758,1,0
54075,3,13,0,4,0.5697795417591044,1,0
54085,4,14,0,4,0.5688516237142174,1,0
54091,3,10,0,4,0.5100456440504173,1,0
54095,3,11,0,4,0.5556902207705062,1,0
54105,4,8,0,4,0.6004401044465608,1,0
54107,3,13,1,4,0.5145563630796732,1,0
55003,3,11,0,4,0.40124974093039595,0,0
55011,1,9,0,4,0.4027777819126287,0,0
55019,3,21,0,4,0.4338565448139051,0,0
55021,1,20,1,4,0.3665655048754272,0,1
55029,1,13,1,4,0.32546244289544624,0,0
55043,3,23,1,4,0.392179078228143,0,1
55053,2,14,0,4,0.41225513425184124,0,0
55057,3,14,1,4,0.4144986088850274,0,0
55077,2,14,1,4,0.4061477020245747,0,0
55081,2,12,1,4,0.35744973023660387,0,0
55103,3,14,1,4,0.4150730403703779,0,0
55105,2,19,1,4,0.4141280725132765,0,0
55109,1,18,0,4,0.3351393643548361,0,0
55113,3,12,0,4,0.38160742875173337,0,0
55123,3,18,1,4,0.4037865543521194,0,0
55127,1,16,1,4,0.3845546554463304,0,0
56003,2,15,1,4,0.5118670332354085,1,1
56005,1,8,0,4,0.5362683457620202,1,0
56015,2,9,0,4,0.5199348436299422,1,0
56029,1,8,1,4,0.43754871101293796,0,0
56033,1,9,1,4,0.4505873603345158,0,0
56037,1,12,0,4,0.5376694724957326,1,0
56041,1,5,0,4,0.5195357097551946,1,0
56043,2,2,0,4,0.5149269913329012,1,0
