county_fips,poverty_quartile,n_zctas_in_county,suppression_flag,fold,prob_high_risk,pred_high_risk,true_label
01029,3,7,0,0,0.2617610673636183,0,0
01033,3,9,1,0,0.2870131799574709,0,0
01059,4,10,1,0,0.26436278201757835,0,0
01065,4,9,1,0,0.3792706553375036,0,0
01067,3,9,1,0,0.31134580373716036,0,0
01073,1,62,0,0,0.31181815888157444,0,0
01085,4,8,1,0,0.38261256851321374,0,1
01103,3,16,1,0,0.3138163737331242,0,0
01105,4,9,1,0,0.3750882326618658,0,1
01115,2,18,1,0,0.3093302330781221,0,1
01119,4,11,1,0,0.3686978474232355,0,0
01123,4,12,1,0,0.29930839178375496,0,1
01125,1,27,1,0,0.27959073027639125,0,0
01133,4,11,1,0,0.2870835531173186,0,0
04001,4,33,0,0,0.3198758437185333,0,1
04005,1,28,0,0,0.1538759262895321,0,1
04015,1,25,0,0,0.25658853537133985,0,1
04019,1,48,0,0,0.2552314269087406,0,1
04021,2,34,0,0,0.2839797798936175,0,1
05005,3,12,1,0,0.20397497815000168,0,0
05015,3,9,1,0,0.2526646255983998,0,0
05019,1,8,1,0,0.44129989958582316,0,0
05027,4,7,1,0,0.3332917429407593,0,0
05037,4,8,1,0,0.3911885701205166,0,0
05049,1,14,1,0,0.23384188139005363,0,1
05065,1,20,0,0,0.16300163503804313,0,0
05067,4,11,1,0,0.40327166509616413,0,0
05081,4,7,1,0,0.35837627928035,0,1
05087,3,13,1,0,0.2677424397607616,0,0
05101,3,20,1,0,0.2652329719922867,0,1
05123,4,13,1,0,0.41703240128242786,0,0
05125,1,14,1,0,0.23962986880302725,0,0
05135,4,13,1,0,0.29951442997261946,0,0
06001,1,53,0,0,0.2018161496282443,0,0
06005,2,12,1,0,0.21938053682925632,0,1
06017,1,23,1,0,0.18246522651153116,0,0
06019,4,56,0,0,0.396995975575567,0,0
06025,4,17,0,0,0.44852692094447194,0,1
06029,1,52,0,0,0.4066172082949209,0,1
06037,1,292,0,0,0.13127189370672177,0,0
06055,1,12,1,0,0.19194734315869524,0,0
06061,1,34,0,0,0.1815078251765665,0,0
06075,1,29,0,0,0.17116583268920577,0,0
06091,2,10,0,0,0.27611480174089753,0,0
06095,1,21,0,0,0.26252416145369667,0,0
06097,1,37,1,0,0.17649554187110977,0,0
06099,3,28,0,0,0.3432576486234009,0,0
06105,4,14,0,0,0.32224556195476534,0,0
06111,1,33,0,0,0.19822780546824953,0,0
08001,2,35,1,0,0.20702344650679455,0,0
08003,4,5,0,0,0.24145553065002753,0,0
08027,2,4,0,0,0.12548454179239416,0,0
08047,1,4,0,0,0.13473819439716067,0,0
08049,1,10,0,0,0.1916844181541492,0,0
08057,1,2,0,0,0.1872004557184568,0,0
08067,1,6,1,0,0.1606732660505204,0,1
08079,1,3,0,0,0.1243702589767873,0,0
08091,1,3,0,0,0.12838665747677708,0,0
08103,2,4,0,0,0.19239449192546612,0,0
08109,4,8,1,0,0.18772322180139442,0,1
08115,4,5,0,0,0.21124030174075817,0,0
09001,1,46,1,0,0.12256622999789257,0,0
09003,1,58,1,0,0.17441925206364653,0,0
10003,1,28,0,0,0.17286234966301434,0,0
12005,2,16,1,0,0.17875856501495038,0,0
12015,2,17,1,0,0.13463837951448543,0,0
12017,3,15,1,0,0.15018138563015734,0,0
12019,2,12,1,0,0.1692290510709712,0,0
12023,3,8,1,0,0.21954364234694457,0,0
12031,1,36,0,0,0.19124660914549493,0,0
12035,2,7,1,0,0.14775362359948008,0,0
12055,3,9,1,0,0.20300760978106683,0,1
12073,3,10,1,0,0.1776098732934691,0,0
12077,4,2,0,0,0.2228000254669665,0,0
12081,2,21,0,0,0.1512707324439636,0,0
12083,3,31,1,0,0.18467351837381507,0,0
12087,2,11,1,0,0.1684613629073211,0,0
12107,4,17,1,0,0.22678855466079456,0,0
12115,1,28,0,0,0.11982112736566741,0,0
12121,3,9,1,0,0.21921431162103988,0,1
12127,3,29,0,0,0.1729082524219265,0,0
12131,2,12,1,0,0.1576198128869603,0,0
13001,4,7,1,0,0.34570223867722893,0,0
13003,4,5,1,0,0.3620220932171472,0,1
13011,3,11,0,0,0.24304361859450468,0,0
13027,4,10,0,0,0.34241807134074814,0,0
13031,1,11,1,0,0.2648617209654072,0,0
13043,4,4,1,0,0.36904770507541734,0,1
13047,1,8,0,0,0.17088159709402517,0,0
13049,4,4,0,0,0.32062297616239815,0,0
13065,4,7,0,0,0.3720102633579257,0,0
13079,3,7,0,0,0.3662189771764756,0,0
13093,4,8,1,0,0.38504483538228956,0,0
13095,4,6,1,0,0.4018956562393216,0,0
13101,3,6,1,0,0.3058583650955398,0,1
13105,4,4,0,0,0.31234720103541264,0,0
13107,4,13,1,0,0.35413355843624056,0,0
13111,3,8,1,0,0.17812679755494248,0,0
13115,4,13,1,0,0.26135548335479936,0,0
13127,3,8,1,0,0.2660595119092086,0,0
13137,3,7,1,0,0.19180972603592372,0,1
13139,2,19,1,0,0.23087860706718286,0,0
13169,4,8,1,0,0.3797187330630732,0,0
13181,4,2,0,0,0.33626978546498876,0,0
13187,3,4,0,0,0.1921170671818201,0,0
13189,4,4,1,0,0.37303308043873634,0,0
13197,4,4,1,0,0.32305798067789687,0,1
13201,4,5,0,0,0.3822465648882613,0,0
13221,3,10,0,0,0.2780750174024159,0,0
13241,4,9,0,0,0.19590644520406864,0,0
13245,1,11,0,0,0.3824809030237467,0,1
13255,4,7,0,0,0.3102607128106728,0,0
13259,4,6,0,0,0.35183658833367915,0,0
13261,4,8,1,0,0.38023194124689963,0,0
13277,4,9,1,0,0.37648341432301896,0,1
13291,3,4,1,0,0.17201517761727297,0,0
13295,3,14,1,0,0.24725432951051218,0,0
13307,4,6,0,0,0.31786248887422663,0,0
16025,4,2,1,0,0.28479715318575516,0,1
16037,4,7,0,0,0.26577468725492387,0,0
16041,1,7,1,0,0.2294899531554359,0,1
16055,2,13,1,0,0.16876946095126277,0,0
16065,1,8,0,0,0.33885801853699316,0,0
16079,4,15,1,0,0.26357143396055127,0,1
17017,3,7,1,0,0.21084375518212942,0,0
17031,2,176,0,0,0.1905185435306674,0,0
17053,2,21,1,0,0.2218886949326721,0,0
17067,2,19,0,0,0.205151766323385,0,0
17069,3,5,0,0,0.24346413393092795,0,0
17073,1,23,1,0,0.21773630893928117,0,1
17081,3,17,1,0,0.2455957223620248,0,1
17083,1,11,0,0,0.1764628045703818,0,0
17099,2,28,1,0,0.2327310301135247,0,0
17109,4,17,1,0,0.23028513132039086,0,1
17121,3,15,1,0,0.25361797974125916,0,1
17125,3,11,1,0,0.24962807173113308,0,0
17151,3,10,0,0,0.25016420996244093,0,0
17165,4,11,1,0,0.29896454458827926,0,0
17183,3,27,1,0,0.26074835940643,0,0
17197,1,45,0,0,0.18193344289013977,0,0
17203,1,16,1,0,0.1682343314259704,0,1
18041,4,8,0,0,0.34299518172464527,0,0
18047,1,15,1,0,0.2333616284187761,0,0
18053,3,15,1,0,0.3383817562479665,0,0
18055,2,16,1,0,0.25579201450237915,0,1
18067,2,10,1,0,0.3200171149435129,0,0
18071,3,8,1,0,0.27169005280264574,0,0
18081,1,12,1,0,0.2605182806052881,0,0
18083,3,11,1,0,0.30034191416999984,0,1
18093,2,12,1,0,0.29909968650484814,0,1
18101,2,7,1,0,0.2547468776830269,0,1
18121,3,12,0,0,0.2874731408460232,0,0
18123,2,14,1,0,0.2043583272650864,0,0
18133,1,15,1,0,0.2370136059279168,0,1
18135,3,14,0,0,0.327193256799296,0,0
18139,2,16,1,0,0.33074140076484354,0,0
18141,3,24,1,0,0.30230239863247393,0,0
18143,3,6,1,0,0.2671519047208177,0,0
18153,3,13,1,0,0.27432767999524055,0,0
18157,3,18,1,0,0.19456547177313996,0,0
18159,2,10,0,0,0.274499498297581,0,0
18161,2,6,0,0,0.3043093290272274,0,0
18167,1,18,1,0,0.2512696392137856,0,0
19003,2,9,1,0,0.2202724059199624,0,1
19011,1,24,1,0,0.19097670501709657,0,0
19013,3,17,1,0,0.22438255683616196,0,0
19015,3,18,1,0,0.2252920838211018,0,0
19039,3,9,1,0,0.24436621191704058,0,1
19041,2,15,1,0,0.1727207371779368,0,0
19067,3,13,1,0,0.19854376887430336,0,0
19083,2,12,0,0,0.19045192965716587,0,0
19093,1,12,0,0,0.1958495150217503,0,0
19105,2,16,1,0,0.21357198481347472,0,0
19123,2,20,1,0,0.2138769865564896,0,0
19125,1,19,0,0,0.19126206515713243,0,0
19131,1,12,0,0,0.20217678034976957,0,0
19133,2,15,1,0,0.2451968380402567,0,1
19139,2,13,0,0,0.22413625936331802,0,0
19159,2,12,0,0,0.20408689306049776,0,0
19167,1,19,0,0,0.1774146796008211,0,0
19169,3,22,1,0,0.1961804481294928,0,0
19173,2,11,0,0,0.229153750556506,0,0
19179,3,12,1,0,0.23930694685010184,0,1
19185,3,12,0,0,0.2778285761747843,0,0
19191,1,12,0,0,0.14375316070131203,0,0
20003,3,10,0,0,0.3074399407491458,0,0
20011,4,13,1,0,0.3123637914569619,0,0
20015,2,20,1,0,0.2937587095351125,0,1
20025,2,6,0,0,0.2253736866801731,0,0
20029,3,8,1,0,0.2298440737223956,0,1
20031,2,10,0,0,0.2808165828779165,0,0
20033,1,3,0,0,0.2108713468953919,0,0
20039,2,8,1,0,0.22298025142717726,0,1
20045,1,12,1,0,0.19088847186773802,0,0
20061,3,8,1,0,0.3176256269023419,0,1
20069,1,7,0,0,0.2481169660585144,0,0
20071,1,2,0,0,0.2507445971762978,0,0
20081,3,3,0,0,0.32930358336325943,0,0
20085,2,18,1,0,0.26774581327170216,0,1
20097,2,7,1,0,0.21308225146335164,0,1
20105,2,10,0,0,0.22932179707163206,0,0
20125,3,13,1,0,0.35718371852364816,0,1
20137,1,7,0,0,0.21236269889186218,0,0
20157,2,15,0,0,0.20095529398256046,0,0
20161,3,14,1,0,0.3930875900729538,0,0
20165,2,10,0,0,0.20948778048794245,0,0
20169,2,9,1,0,0.214988512983489,0,1
20171,1,4,0,0,0.2521035218111599,0,0
20185,3,9,0,0,0.23215904415049254,0,0
21001,4,10,1,0,0.2929014983438258,0,0
21019,3,4,1,0,0.2493111486261679,0,1
21023,3,7,1,0,0.2554281479614896,0,1
21029,1,11,1,0,0.21979909409155385,0,0
21033,3,6,1,0,0.302197675564928,0,1
21035,4,10,0,0,0.27155604990542415,0,0
21039,4,4,0,0,0.3645065186895497,0,0
21043,4,10,0,0,0.28156415601660206,0,0
21053,4,4,0,0,0.320873965711726,0,0
21065,4,5,0,0,0.3123111363886579,0,0
21079,3,5,1,0,0.2641753516242945,0,0
21083,4,18,1,0,0.3387964209029798,0,1
21089,3,11,0,0,0.27924253269365457,0,0
21091,2,5,0,0,0.24209866545379155,0,0
21093,2,17,1,0,0.2645219095608863,0,0
21095,4,27,0,0,0.2605402824483805,0,0
21103,3,13,1,0,0.2810971725649664,0,0
21121,4,19,1,0,0.3113830368217241,0,1
21137,4,11,1,0,0.30263677116586746,0,0
21139,3,7,0,0,0.3310324636442189,0,0
21149,2,7,1,0,0.30231683170333945,0,1
21153,4,4,1,0,0.3195581268534238,0,1
21165,4,5,0,0,0.29695870742168257,0,0
21175,4,8,1,0,0.28295363930253226,0,0
21189,4,6,0,0,0.3148452775705929,0,0
21193,1,21,0,0,0.13697231773176954,0,0
21199,4,11,1,0,0.2820118127671349,0,0
21207,4,7,1,0,0.28146696423542583,0,0
21213,2,5,0,0,0.30810135941566263,0,0
21215,1,8,0,0,0.2055814423691551,0,0
21239,2,3,1,0,0.20457491833001631,0,0
22025,4,9,0,0,0.3876052074562504,0,0
22027,4,11,1,0,0.38973416191611243,0,0
22033,1,24,0,0,0.2967822547188751,0,0
22051,3,17,0,0,0.2991470583929473,0,0
22059,4,8,0,0,0.32857273714782886,0,0
22061,1,8,0,0,0.30897246311605137,0,1
22063,2,17,1,0,0.2445365601190078,0,0
22067,4,7,0,0,0.41327482507066493,0,0
22073,1,14,0,0,0.29971114931586385,0,1
22081,3,5,0,0,0.31329658319428233,0,0
22087,4,6,1,0,0.3463418037019618,0,1
22091,3,7,0,0,0.33295159693770426,0,0
22095,3,6,1,0,0.3834000016997028,0,1
22099,4,8,1,0,0.3282288451205533,0,1
22105,1,20,1,0,0.27855266651533384,0,0
22117,4,6,1,0,0.32712309067264417,0,0
22127,4,12,1,0,0.36139681841623306,0,0
23007,1,18,1,0,0.09465512165821689,0,1
23013,1,19,1,0,0.11859324323634561,0,1
23027,2,18,1,0,0.13024653112049608,0,1
24013,1,15,1,0,0.12536470221816257,0,0
24023,2,12,0,0,0.22715025337293893,0,0
25001,1,47,1,0,0.1118009641390565,0,0
25009,1,45,0,0,0.1350003315455585,0,0
25013,2,41,1,0,0.212871402370268,0,0
25015,1,28,1,0,0.12253341694777313,0,0
25027,1,87,1,0,0.13405537215220675,0,0
26011,3,10,1,0,0.23917442267516323,0,0
26027,2,14,1,0,0.25867963848033404,0,1
26033,3,17,0,0,0.23983044763104272,0,0
26045,1,19,1,0,0.2145742691281106,0,0
26053,4,7,0,0,0.16414238004523174,0,0
26059,3,18,1,0,0.2307140207707518,0,0
26081,2,39,1,0,0.19593386907145452,0,0
26093,1,20,1,0,0.1387034311427519,0,0
26119,3,5,0,0,0.18825584517773278,0,0
26121,3,20,1,0,0.2670771323737025,0,0
26165,3,13,0,0,0.18609689496999648,0,0
27003,1,20,1,0,0.1357502688637824,0,0
27025,1,15,1,0,0.1525344266643567,0,1
27031,2,6,0,0,0.13492050530173894,0,0
27043,2,14,0,0,0.20948323672258276,0,0
27045,1,16,0,0,0.15195178935663872,0,0
27047,2,18,1,0,0.19020721705224208,0,1
27053,1,72,0,0,0.1446457272724807,0,0
27107,2,14,0,0,0.21408506892597762,0,0
27125,2,9,0,0,0.22818862616036606,0,0
27127,2,22,1,0,0.18536134965997214,0,0
27137,1,51,0,0,0.1748828663076243,0,0
27149,2,8,0,0,0.1518643208721162,0,0
27169,2,14,1,0,0.17989213058123976,0,1
28013,4,11,1,0,0.23238568055022957,0,0
28021,4,5,0,0,0.26717572807184486,0,0
28033,1,10,1,0,0.23391129955455178,0,0
28045,3,10,1,0,0.2715330864613613,0,1
28047,1,13,0,0,0.22830151055086526,0,1
28063,4,7,0,0,0.2865788696785159,0,0
28067,4,13,0,0,0.24849919429797984,0,1
28081,3,15,1,0,0.22049566027575915,0,0
28097,4,7,1,0,0.2990209782270823,0,1
28107,4,11,1,0,0.3101727261915645,0,1
28109,3,5,1,0,0.21883704585075836,0,1
28115,4,11,1,0,0.22643654363413054,0,0
28131,4,6,1,0,0.26058691338686213,0,0
28143,4,5,0,0,0.4482688710913649,0,0
28151,4,8,0,0,0.38863425916423106,0,1
28159,4,10,1,0,0.28370169611888596,0,0
29019,1,13,1,0,0.14699980405216212,0,0
29033,3,10,1,0,0.2890396956478628,0,1
29073,2,11,0,0,0.21249443908676796,0,0
29079,3,7,1,0,0.2791133208755971,0,1
29119,1,14,1,0,0.1894588573216805,0,0
29123,3,7,1,0,0.2507613947417464,0,1
29133,4,6,1,0,0.43284224314690833,0,0
29151,1,15,0,0,0.17634318653463996,0,0
29167,3,18,0,0,0.41980639865400005,0,0
29179,3,11,0,0,0.2802841103373229,0,0
29181,4,9,1,0,0.3431162034521553,0,0
29187,3,15,1,0,0.2673456718504926,0,1
29189,1,46,0,0,0.2129256634158043,0,0
29197,3,6,1,0,0.3318585141681791,0,1
29205,3,9,0,0,0.27024683554551443,0,0
29207,1,13,1,0,0.31347381998280865,0,1
29223,4,14,1,0,0.30208642877578623,0,0
30015,2,13,1,0,0.2289309053881097,0,1
30021,1,8,1,0,0.21933371161759427,0,1
30025,1,4,0,0,0.18730804892221783,0,0
30031,2,10,0,0,0.1612312711736849,0,0
30045,2,12,0,0,0.1411142851830294,0,0
30047,3,15,1,0,0.23162554501829608,0,0
30079,3,7,0,0,0.23067607281656327,0,0
30089,4,11,0,0,0.2617387538438497,0,0
30093,3,7,0,0,0.1961468623456719,0,0
30101,2,8,0,0,0.2353308300282663,0,0
31015,2,5,0,0,0.180211027738609,0,0
31029,2,7,1,0,0.1993503227810931,0,1
31039,2,11,0,0,0.18556193875923813,0,0
31041,1,21,1,0,0.11160099651611019,0,1
31057,4,7,0,0,0.25188643324770044,0,0
31073,2,9,0,0,0.19789544662075925,0,0
31079,2,11,1,0,0.18292186409880437,0,1
31105,3,5,0,0,0.2523308173528764,0,0
31117,2,5,0,0,0.2019005640259926,0,0
31121,3,9,0,0,0.20099440430772084,0,0
31125,2,8,0,0,0.19319509245499136,0,0
31139,1,9,0,0,0.16086969547289037,0,0
31141,1,11,1,0,0.15220423086977078,0,1
31143,1,10,0,0,0.16042917167856197,0,0
31153,1,13,1,0,0.16717821319784099,0,0
31165,3,8,0,0,0.3205115571330335,0,0
31167,2,10,0,0,0.16735297620989548,0,0
31171,1,4,0,0,0.18713786775017413,0,0
32003,1,73,0,0,0.3212549874451072,0,1
32019,3,9,1,0,0.39668658816926394,0,0
32021,3,5,1,0,0.36732160080290704,0,1
33003,1,30,0,0,0.1332968166673315,0,0
34001,1,30,0,0,0.18423451797715606,0,0
34015,1,30,1,0,0.1436938705834994,0,0
34021,1,25,1,0,0.1520000182631073,0,0
34025,1,52,0,0,0.12113893221094799,0,0
34027,1,56,1,0,0.09977063406905996,0,0
34031,2,33,1,0,0.20562661478504698,0,0
34037,1,21,1,0,0.11226764309640676,0,0
34039,1,27,0,0,0.1897824016643176,0,0
34041,1,19,1,0,0.1422515205421647,0,0
35013,1,26,0,0,0.32184147668261526,0,0
35019,2,5,1,0,0.3563122010413088,0,1
35025,3,7,1,0,0.3444036560522316,0,0
35027,3,14,0,0,0.2136220895439866,0,0
35031,4,24,0,0,0.453520481995901,0,1
35061,4,8,1,0,0.36487732833496733,0,1
36001,2,46,1,0,0.14956815124712622,0,0
36015,2,22,1,0,0.17800921763729857,0,0
36019,2,25,0,0,0.19369032431389002,0,0
36025,3,47,0,0,0.14194553032391077,0,0
36027,1,35,1,0,0.12722529823487091,0,0
36039,2,42,1,0,0.15391956386616631,0,1
36045,3,39,1,0,0.1765814042328982,0,0
36057,3,20,1,0,0.16854484309340634,0,1
36075,3,27,1,0,0.19732002432816442,0,0
36087,2,25,0,0,0.13263307439177033,0,0
36095,2,24,0,0,0.16332957905628442,0,0
36097,2,18,0,0,0.16581768414570017,0,0
36099,2,14,1,0,0.21135232366202614,0,1
36111,2,63,1,0,0.13142817370614013,0,0
36115,2,27,1,0,0.13922025136193703,0,0
37017,4,18,1,0,0.30565582108103123,0,0
37023,4,16,1,0,0.18764758830376138,0,0
37051,1,24,1,0,0.26647206045962657,0,0
37059,2,6,1,0,0.1610490028072773,0,1
37067,1,22,1,0,0.18322196709581295,0,0
37079,4,11,1,0,0.29651799606596585,0,0
37083,4,9,1,0,0.2992089155523911,0,0
37097,2,16,0,0,0.1781133967344383,0,1
37099,4,11,0,0,0.1693562918415415,0,0
37101,2,21,1,0,0.21146381897236768,0,0
37123,3,8,0,0,0.19652019616378405,0,0
37125,2,18,1,0,0.15190417641050055,0,0
37131,4,12,1,0,0.3348428055848837,0,0
37147,4,17,1,0,0.23896052026393003,0,0
37169,2,16,1,0,0.18991690739925354,0,1
37173,4,5,0,0,0.2818271546390735,0,0
37187,4,4,1,0,0.3202527710168886,0,1
38015,1,12,1,0,0.14996083733979446,0,0
38025,1,12,0,0,0.1811046227092432,0,0
38041,2,5,0,0,0.2561096502888244,0,0
38059,1,8,0,0,0.19831974760435653,0,0
38067,1,13,1,0,0.17390394873866402,0,1
38073,1,11,1,0,0.17983096984646138,0,1
38075,1,9,0,0,0.18014460452154862,0,0
38081,1,12,0,0,0.15656353137053347,0,0
38083,2,9,0,0,0.22852601672130193,0,0
38105,1,10,0,0,0.1508273726752903,0,0
39001,4,11,1,0,0.3189686658109128,0,0
39005,2,19,0,0,0.23028553679637614,0,0
39007,4,19,1,0,0.2931386135427378,0,1
39027,3,13,0,0,0.3161211679913913,0,0
39029,3,24,0,0,0.30915816499957793,0,0
39033,3,15,0,0,0.2752600690211759,0,0
39051,1,12,0,0,0.29161398985931597,0,0
39053,3,12,0,0,0.278524753882412,0,0
39067,3,16,0,0,0.28644115639079026,0,0
39087,3,14,1,0,0.29778990020101126,0,0
39093,2,24,1,0,0.24642781726621096,0,0
39121,2,15,1,0,0.21932354780447694,0,0
39129,2,17,1,0,0.24799142913002967,0,1
39135,1,16,1,0,0.31505948624512753,0,0
39143,2,17,1,0,0.2970883561178072,0,0
39149,2,18,0,0,0.2785276889958104,0,0
39167,3,20,1,0,0.2784304645838446,0,0
39175,2,13,0,0,0.2210249616611104,0,0
40003,1,13,1,0,0.25813479225488317,0,1
40009,3,6,1,0,0.3278415126427549,0,0
40021,4,16,1,0,0.38837224102483114,0,1
40041,4,13,1,0,0.3476780209289199,0,1
40073,2,12,1,0,0.3318483485187047,0,0
40089,4,15,1,0,0.4087250660881003,0,1
40109,3,55,0,0,0.35673799713607046,0,1
40115,4,9,1,0,0.3835087892920308,0,1
40125,3,16,0,0,0.348985537493643,0,1
40127,4,16,1,0,0.35919991879755475,0,1
40137,3,10,1,0,0.37543336110983255,0,1
40153,2,11,1,0,0.2868966584058934,0,0
41003,1,10,1,0,0.17667731858609093,0,1
41011,3,10,1,0,0.2524223847386776,0,0
41013,2,6,1,0,0.23273991357483903,0,0
41015,2,7,1,0,0.17698311839500885,0,0
41017,1,7,1,0,0.17892397350172223,0,0
41023,3,11,1,0,0.28371372039021814,0,1
41027,2,3,1,0,0.19166215745014037,0,0
41031,3,8,1,0,0.28898745299699197,0,0
41033,4,11,1,0,0.2534748365064104,0,0
41045,4,13,0,0,0.34955611408033316,0,0
41047,3,26,1,0,0.2979668751350724,0,0
41055,2,5,0,0,0.2919996767333167,0,0
41061,3,8,1,0,0.24762135606938526,0,0
41063,2,5,0,0,0.20968921194444012,0,0
42013,3,19,1,0,0.17435721758856818,0,0
42015,2,27,1,0,0.1944946715022502,0,0
42023,3,4,0,0,0.18323086792093565,0,0
42035,3,15,0,0,0.16121826804610254,0,0
42063,3,49,0,0,0.18943983404023074,0,0
42065,3,30,1,0,0.18686126853582916,0,0
42069,2,28,1,0,0.14286554207156776,0,0
42085,2,28,1,0,0.19404538845275598,0,0
42099,2,16,1,0,0.19506100533653156,0,1
42111,2,40,1,0,0.18231577794007336,0,0
42121,3,23,0,0,0.1542488611975695,0,0
44009,1,20,1,0,0.09826801292685487,0,0
45003,3,23,0,0,0.33875258782592504,0,1
45005,4,6,1,0,0.4480604071525215,0,1
45009,4,8,1,0,0.4440788581478186,0,0
45011,4,7,1,0,0.42982103696422214,0,0
45013,1,16,1,0,0.18858964499575442,0,0
45019,1,30,0,0,0.2550984734169121,0,0
45037,3,10,1,0,0.29586323395644964,0,0
45067,4,7,1,0,0.3729281502112621,0,1
45069,4,8,1,0,0.3649078305602844,0,0
45075,1,24,0,0,0.42398603650034705,0,1
45081,4,12,1,0,0.380810141418984,0,0
45083,2,34,0,0,0.2526210995693816,0,0
45091,1,15,1,0,0.21874873704035006,0,0
46023,4,10,0,0,0.25268814942157547,0,0
46029,2,10,1,0,0.15341069429741822,0,0
46037,2,11,1,0,0.23034176276567606,0,1
46041,3,9,0,0,0.30133372475984666,0,0
46043,1,8,0,0,0.023500756877965327,0,0
46049,2,10,0,0,0.1715280209312362,0,0
46073,1,4,0,0,0.1553608117121913,0,0
46079,2,14,0,0,0.13584537920014042,0,0
46087,2,12,0,0,0.14664468568619624,0,0
46089,2,8,0,0,0.20276328917306635,0,0
46121,4,9,1,0,0.4002254612413697,0,1
46125,1,15,0,0,0.1574279598402395,0,0
46127,1,9,0,0,0.2022213885521694,0,0
47009,2,13,1,0,0.23569177242265515,0,0
47019,4,8,1,0,0.3059981180758618,0,0
47039,4,9,0,0,0.29347524818057164,0,0
47093,2,30,0,0,0.23404459459743818,0,0
47103,3,12,0,0,0.29522836784627726,0,0
47107,4,12,1,0,0.27033899310088166,0,0
47119,1,10,1,0,0.23445592180401706,0,1
47127,3,10,0,0,0.2822212954942954,0,0
47153,2,8,0,0,0.18649986148481296,0,0
47159,3,15,1,0,0.3058918051460365,0,0
47163,3,12,1,0,0.28748015818604483,0,0
47187,1,16,1,0,0.13967518314602193,0,0
47189,1,12,1,0,0.2252546414257463,0,0
48029,2,77,0,0,0.3660515047182339,0,0
48057,3,6,1,0,0.408093524345703,0,0
48061,4,17,0,0,0.5120594302571454,1,0
48097,2,14,1,0,0.3019208396764778,0,1
48113,3,93,0,0,0.32628631652468915,0,1
48137,4,4,0,0,0.376125099538791,0,0
48143,1,13,1,0,0.2675488329920094,0,1
48175,3,6,0,0,0.3487409162220404,0,0
48199,2,12,1,0,0.2726680742224217,0,0
48205,1,4,0,0,0.2761151301404978,0,0
48207,4,11,1,0,0.34338272471136166,0,1
48215,4,28,0,0,0.5253572268714598,1,0
48219,4,10,1,0,0.36774164618162547,0,0
48235,2,4,0,0,0.2553123075476663,0,0
48237,3,11,0,0,0.32459745416542984,0,0
48241,4,9,1,0,0.30876663571472884,0,1
48243,2,2,0,0,0.244359802694833,0,0
48259,1,8,1,0,0.20106264987538422,0,1
48261,4,2,1,0,0.5461004569056437,1,1
48269,4,2,1,0,0.31993014785858204,0,1
48273,4,4,1,0,0.43647418177841724,0,0
48275,4,6,1,0,0.3162722029060814,0,1
48303,1,25,1,0,0.3200062549405707,0,0
48309,1,29,0,0,0.3272103758349832,0,0
48319,2,6,0,0,0.25457797270610316,0,0
48341,2,6,1,0,0.3537927653915099,0,0
48351,3,11,0,0,0.32314292709297315,0,0
48365,3,13,1,0,0.33906116909014644,0,0
48377,4,4,1,0,0.3991863165639162,0,1
48387,4,9,1,0,0.36207845907547226,0,1
48389,3,4,1,0,0.2179632048949804,0,0
48399,3,11,1,0,0.3049053435373628,0,1
48411,3,7,1,0,0.33143549106396847,0,1
48421,3,4,0,0,0.31522279187180596,0,0
48423,3,22,0,0,0.25875964928037043,0,1
48427,4,10,1,0,0.5267715806812477,1,1
48429,4,8,1,0,0.2987301678326414,0,1
48435,1,2,0,0,0.17726068024190603,0,0
48441,1,17,1,0,0.280134900674389,0,0
48453,1,63,0,0,0.2310384327154567,0,0
48465,4,5,1,0,0.4622150357548255,0,1
48467,3,13,1,0,0.3064644823988585,0,0
48469,3,12,1,0,0.41325566620292364,0,0
48489,4,6,0,0,0.542079014526679,1,0
49005,3,16,1,0,0.24681171933260906,0,0
49009,1,2,0,0,0.1818151102799232,0,0
49033,2,4,0,0,0.2646698138378228,0,0
49035,1,36,0,0,0.2841921669812124,0,0
49043,1,9,1,0,0.15847047198737915,0,1
49049,2,24,0,0,0.2098858201272128,0,0
50005,2,22,1,0,0.1227675936830915,0,1
50015,2,11,0,0,0.12015004769815937,0,0
50019,2,24,1,0,0.11569955186065593,0,0
50025,2,24,1,0,0.11130713562086743,0,1
51005,3,7,1,0,0.2364517662574827,0,0
51009,2,9,1,0,0.22824457214347244,0,1
51011,3,8,0,0,0.2658096275170026,0,0
51037,4,14,1,0,0.1443242877547193,0,1
51043,1,7,0,0,0.16618387739345578,0,0
51053,3,12,0,0,0.3611257116978054,0,0
51065,1,10,0,0,0.17117452268470554,0,0
51073,1,6,1,0,0.1982102340429969,0,1
51077,4,9,0,0,0.2339881142692958,0,0
51079,2,5,1,0,0.1664172762032649,0,0
51095,1,4,1,0,0.13662627322562715,0,0
51107,1,21,1,0,0.101634586979283,0,0
51109,2,12,0,0,0.21480321987246137,0,0
51163,3,12,0,0,0.2054597449000018,0,0
51191,2,10,1,0,0.21738838713464056,0,0
51650,2,9,1,0,0.32400280169151374,0,0
51670,4,1,0,0,0.3373775193780238,0,0
51678,3,1,1,0,0.17747142349339792,0,1
51770,3,10,1,0,0.27687443681440904,0,0
51790,1,2,0,0,0.17609950183681541,0,0
51820,3,1,0,0,0.24158428603018184,0,0
53011,1,20,0,0,0.1842812064235524,0,0
53027,1,21,0,0,0.219797366829296,0,0
53029,1,8,1,0,0.1576152278991642,0,1
53031,2,9,1,0,0.17110128858125742,0,0
53043,2,14,0,0,0.2551174879168131,0,0
53055,1,9,0,0,0.14217618081138042,0,0
53069,1,6,0,0,0.2095797781189768,0,0
53073,2,18,1,0,0.1777661024596213,0,0
54013,4,16,0,0,0.3195362846637038,0,0
54023,3,12,0,0,0.2743249811773365,0,0
54031,3,10,0,0,0.3196346618945805,0,0
54033,3,21,0,0,0.24431386706769095,0,0
54039,1,46,1,0,0.27677994024265784,0,0
54045,4,33,0,0,0.31375320671686796,0,0
54051,3,10,0,0,0.27394796224437173,0,0
54089,4,15,0,0,0.30243392935003416,0,0
54097,4,10,1,0,0.2827557394513664,0,0
54101,4,11,0,0,0.3281012181153628,0,0
55001,2,14,1,0,0.1561172708634746,0,0
55031,2,12,1,0,0.12327166103441753,0,1
55045,1,12,1,0,0.1284397365588805,0,1
55055,1,19,1,0,0.1503305400114615,0,0
55059,1,17,1,0,0.14828576674249466,0,0
55067,2,15,0,0,0.16475994483042342,0,0
55071,1,19,1,0,0.13687078150488818,0,0
55083,1,19,1,0,0.15370361604906835,0,1
55093,1,13,0,0,0.12913707062241414,0,0
55097,2,21,1,0,0.11901123827803999,0,0
55099,2,14,1,0,0.12407289343049278,0,0
55115,2,25,1,0,0.15501818790540234,0,1
55141,2,15,1,0,0.11162390336449499,0,1
56001,1,10,1,0,0.25772551976187635,0,0
56009,1,4,1,0,0.21829091437967643,0,0
56013,2,11,1,0,0.26980431176640013,0,1
56017,3,3,1,0,0.2303315226487927,0,1
56019,2,4,0,0,0.19200931189855058,0,0
56023,1,15,0,0,0.18897433685670464,0,0
56035,1,6,1,0,0.18253198654553326,0,1
56045,2,4,0,0,0.23474877082170634,0,0
01003,2,23,1,1,0.2201962894390552,0,0
01023,4,10,0,1,0.32648970234143626,0,0
01037,3,11,1,1,0.294477077444124,0,1
01049,4,24,0,1,0.3155371053947478,0,0
01053,4,9,1,1,0.33937844557040964,0,1
01087,4,13,1,1,0.28619748384600635,0,0
01089,1,25,1,1,0.23994522069215588,0,0
01109,1,9,1,1,0.28774550742052685,0,1
01117,1,22,0,1,0.1881341153719816,0,0
01127,3,18,1,1,0.30151449410822123,0,0
01131,4,13,1,1,0.347180129244509,0,1
04027,4,10,0,1,0.3703581979741804,0,1
05001,4,13,1,1,0.34267040514903263,0,0
05021,4,13,1,1,0.3567615840816725,0,0
05029,4,15,1,1,0.3534632939643454,0,0
05045,1,15,1,1,0.2863818559657205,0,0
05047,4,13,1,1,0.3466007226946252,0,0
05051,3,10,1,1,0.2448699375358468,0,0
05053,2,14,1,1,0.27144597265681675,0,0
05057,4,10,1,1,0.38123754970776697,0,0
05059,4,12,1,1,0.27828211144084575,0,1
05061,4,8,1,1,0.36180256667429855,0,0
05085,2,11,1,1,0.2950266406723062,0,0
05103,4,8,1,1,0.34527744141547956,0,0
05109,4,10,0,1,0.28916287426957815,0,0
05115,4,13,1,1,0.29767635084428656,0,1
05119,1,31,0,1,0.2742476792829902,0,0
05147,4,9,1,1,0.39918423541060305,0,1
06011,3,9,1,1,0.35876089502400904,0,0
06015,4,4,1,1,0.2427577984245657,0,0
06027,2,11,1,1,0.29810421162507994,0,0
06035,2,17,1,1,0.29779580833671493,0,1
06043,3,13,1,1,0.29455671584480186,0,0
06045,3,29,1,1,0.2261180965060796,0,1
06059,1,91,0,1,0.18656548103851436,0,0
06071,3,93,0,1,0.3640722935503652,0,0
06077,1,36,0,1,0.32823715601685216,0,0
06079,2,26,1,1,0.19494183689585762,0,0
06089,3,30,0,1,0.29320780346355635,0,1
06103,4,15,1,1,0.37226488632050386,0,0
06109,1,16,1,1,0.19380244110297468,0,1
06115,3,17,1,1,0.3598597574747597,0,1
08005,1,33,1,1,0.17611179112950087,0,0
08014,1,6,1,1,0.15483233788513442,0,1
08019,1,6,0,1,0.138388605026771,0,0
08023,4,7,0,1,0.26255038211656206,0,0
08029,4,8,0,1,0.19151375233313597,0,0
08055,2,4,1,1,0.24666742504882497,0,1
08059,1,33,1,1,0.14736973819407057,0,0
08069,1,24,1,1,0.20592761227639744,0,0
08075,3,9,0,1,0.2547303506563437,0,0
08083,3,7,0,1,0.23682385231615005,0,0
08093,1,12,0,1,0.08298821733846759,0,0
08121,2,12,1,1,0.23515632979891943,0,1
08123,1,41,1,1,0.2388407182096752,0,0
08125,3,13,0,1,0.2362080993799709,0,0
09005,1,40,1,1,0.11224197476027692,0,0
09011,1,31,1,1,0.157346578592124,0,0
09013,1,17,0,1,0.1318711409038427,0,0
12033,1,18,1,1,0.16396681029143262,0,0
12043,4,5,1,1,0.25914402217603344,0,1
12049,4,4,1,1,0.29736954516628855,0,0
12061,2,9,1,1,0.13810449235385955,0,0
12067,4,2,0,1,0.2065683196939628,0,0
12085,1,12,1,1,0.12502598738849705,0,0
12091,2,14,1,1,0.1371055750223915,0,0
12093,4,2,0,1,0.2726342979035239,0,0
12097,3,17,1,1,0.21231491505039823,0,0
12101,2,31,1,1,0.16823602726246073,0,0
12109,1,12,1,1,0.1140511439389364,0,0
12129,2,4,1,1,0.18195167580327454,0,0
12133,4,10,1,1,0.2532094205144895,0,0
13025,4,6,1,1,0.3026740328173564,0,0
13091,4,8,0,1,0.3310279740050497,0,0
13103,1,8,1,1,0.21790590488458958,0,1
13125,4,5,0,1,0.3228865378278022,0,0
13135,2,26,0,1,0.14969035153174154,0,0
13145,1,12,0,1,0.1622784282317517,0,0
13151,2,11,1,1,0.23036389148049316,0,0
13157,2,16,1,1,0.1920940411610003,0,0
13161,4,4,0,1,0.36962894934123436,0,0
13171,3,9,0,1,0.302828057200182,0,0
13173,4,5,0,1,0.35329361507431056,0,0
13175,4,15,1,1,0.3562075032153317,0,1
13191,3,4,1,1,0.29059831108580075,0,0
13195,3,11,1,1,0.24135470840482323,0,0
13205,4,7,0,1,0.4046543326783556,0,0
13207,2,9,0,1,0.25161949068135364,0,0
13209,4,7,0,1,0.33801338700129474,0,0
13213,3,6,0,1,0.2262428234136058,0,0
13217,3,11,1,1,0.3114679190362038,0,0
13219,1,8,1,1,0.15855309918910368,0,1
13235,4,5,1,1,0.36103734332172577,0,1
13239,4,2,0,1,0.33456910440952686,0,0
13243,4,8,0,1,0.41440870812424807,0,0
13251,4,6,0,1,0.3588076791829691,0,0
13265,4,4,0,1,0.35748490204459804,0,0
13281,3,3,1,1,0.15597779642922174,0,1
13287,4,4,1,1,0.3837495133743748,0,1
13297,2,11,1,1,0.23196258247832552,0,1
13315,4,8,1,1,0.3641444851054338,0,1
13317,4,5,1,1,0.3417424820864872,0,1
16015,1,8,0,1,0.16290772872586756,0,0
16017,2,18,1,1,0.20030767956903187,0,0
16019,2,14,1,1,0.1990381726509055,0,0
16035,3,7,1,1,0.19620660371941223,0,1
16049,3,16,0,1,0.187125292114349,0,0
16051,1,10,0,1,0.220140156294224,0,0
16067,3,5,0,1,0.3284106856532502,0,0
16069,2,10,1,1,0.21993441597053182,0,1
16071,2,4,0,1,0.2551536336473524,0,0
16085,1,4,0,1,0.192167668074112,0,0
16087,4,5,1,1,0.3169511407631108,0,1
17023,2,11,0,1,0.2054471179342675,0,0
17027,1,17,1,1,0.1907593386377999,0,0
17033,2,10,1,1,0.22052748133341493,0,0
17045,2,15,1,1,0.20624559705472678,0,0
17049,2,15,1,1,0.1927514642191354,0,1
17057,3,24,1,1,0.24429169083698152,0,1
17061,2,13,0,1,0.2249280073773758,0,0
17065,2,13,0,1,0.22594372060702744,0,0
17077,4,22,0,1,0.25860189258174493,0,0
17089,1,33,0,1,0.19185479474490064,0,0
17091,2,21,1,1,0.2648565815706976,0,0
17095,3,22,1,1,0.2934160867881799,0,1
17107,1,20,1,1,0.20347147337612562,0,0
17113,2,33,1,1,0.20532429176708797,0,0
17115,3,27,1,1,0.26322678228510904,0,0
17169,3,12,0,1,0.1848155421016448,0,0
17179,1,21,1,1,0.19623089857255538,0,0
17187,3,14,1,1,0.2734314577769407,0,0
17199,3,22,1,1,0.20832479546163127,0,0
18003,2,33,1,1,0.24176382921980785,0,0
18009,3,7,1,1,0.34765009370608096,0,1
18015,2,17,0,1,0.2849017157015619,0,0
18035,4,21,1,1,0.31598873040716124,0,0
18043,2,10,1,1,0.2118126326106003,0,1
18051,2,16,1,1,0.25069406266146643,0,1
18059,1,15,1,1,0.2113900613640581,0,1
18073,1,13,1,1,0.23717622118561646,0,1
18075,3,9,0,1,0.3513749979321443,0,0
18077,2,11,0,1,0.2504023028171499,0,0
18089,2,28,0,1,0.2555144798410326,0,0
18091,3,15,1,1,0.2876842408776627,0,0
18099,3,13,0,1,0.3062900890805247,0,0
18103,3,13,0,1,0.3030394855244797,0,0
18107,2,16,1,1,0.23451882623474576,0,0
18109,1,14,1,1,0.2703365378395894,0,0
18111,2,12,0,1,0.26121847219375705,0,0
18115,2,5,0,1,0.23806806355311838,0,0
18117,3,11,1,1,0.27154600445339716,0,0
18145,2,17,1,1,0.3152857857600844,0,1
18175,2,12,1,1,0.25881893958459823,0,0
18179,2,16,0,1,0.26166917046667876,0,0
18181,2,18,0,1,0.2595169578361478,0,0
18183,1,10,0,1,0.20444124111444653,0,0
19001,2,14,0,1,0.20588397355615304,0,0
19007,3,11,1,1,0.23163323744673897,0,1
19009,2,11,1,1,0.2154120290104329,0,1
19021,2,13,1,1,0.19157387172927107,0,0
19033,2,17,0,1,0.16799195261040292,0,0
19037,1,9,1,1,0.1961702524420074,0,1
19043,2,24,0,1,0.20050538575910418,0,0
19051,2,10,0,1,0.19392777517478973,0,0
19061,2,19,1,1,0.1486046420876027,0,0
19069,2,17,0,1,0.19071244140893395,0,0
19071,2,11,1,1,0.223040574904755,0,1
19077,1,18,1,1,0.18320756726079615,0,1
19079,1,15,1,1,0.19822200328052939,0,0
19089,2,9,0,1,0.18239124061183098,0,0
19091,2,17,0,1,0.19111661598667226,0,0
19109,2,21,1,1,0.21009441141345486,0,0
19149,1,14,1,1,0.2131466809544598,0,0
19153,2,41,0,1,0.19204976478743846,0,0
19155,2,24,1,1,0.2036541120329573,0,0
19163,2,22,1,1,0.21029571837986627,0,0
19165,1,19,0,1,0.181173083330575,0,0
19171,2,19,0,1,0.25784917997646745,0,0
19195,1,10,0,1,0.18480948402588196,0,0
19197,2,16,1,1,0.21358876370634725,0,0
20005,2,10,1,1,0.29546215614030047,0,0
20017,3,11,0,1,0.3476729731131617,0,0
20021,1,13,1,1,0.27852392615556193,0,0
20023,3,5,0,1,0.25936073133390203,0,0
20041,2,12,1,1,0.28732672276021404,0,0
20047,3,7,1,1,0.25182005928059314,0,1
20051,3,11,1,1,0.20641010441021687,0,0
20059,2,13,1,1,0.279720478837904,0,0
20091,1,34,0,1,0.12417039006331607,0,0
20103,1,13,1,1,0.26579582378982713,0,0
20109,2,7,0,1,0.19475215611390082,0,0
20127,2,9,1,1,0.3063237985820518,0,1
20129,2,5,1,1,0.2918300459041739,0,1
20143,2,11,0,1,0.22501201099160517,0,0
20147,2,9,1,1,0.16176663508120823,0,1
20151,2,11,0,1,0.24147849549332576,0,0
20159,2,13,1,1,0.25656604395710475,0,1
20187,3,3,0,1,0.3120245605559572,0,0
20195,1,8,0,1,0.19707901715390025,0,0
20197,1,16,0,1,0.26145048162286744,0,0
20199,2,4,0,1,0.22956449094438963,0,0
20207,3,10,0,1,0.355737925962084,0,0
20209,4,11,0,1,0.3783015216282429,0,0
21003,4,6,1,1,0.3358966224843915,0,0
21007,1,6,0,1,0.19436864016805225,0,0
21009,4,11,1,1,0.3649191091182183,0,0
21013,4,11,1,1,0.3421661506302708,0,0
21021,3,5,1,1,0.2664048843300485,0,0
21055,4,5,0,1,0.37091004341786654,0,0
21061,4,12,1,1,0.30621426502378823,0,1
21099,4,10,1,1,0.3407522706858734,0,0
21115,4,19,1,1,0.25232232100334284,0,0
21123,3,9,0,1,0.2910757758121645,0,0
21147,4,8,0,1,0.276357600075427,0,0
21179,1,9,1,1,0.22176667890654406,0,1
21183,3,16,1,1,0.2980614733993204,0,0
21201,4,7,1,1,0.31424913809569643,0,1
21203,4,7,1,1,0.29256575850905886,0,0
21223,3,5,0,1,0.31945451161733085,0,0
21225,4,5,1,1,0.3265082639671759,0,0
21229,3,7,0,1,0.2921723269988232,0,0
21233,4,10,0,1,0.34097942911777623,0,0
22015,3,15,0,1,0.2955734259532731,0,1
22023,4,8,1,1,0.3565376568964296,0,1
22035,4,4,0,1,0.3785982536236828,0,0
22039,4,12,1,1,0.3180169667798969,0,1
22043,3,8,1,1,0.2818471246371314,0,0
22083,4,6,1,1,0.4330543955180374,0,0
22111,3,10,1,1,0.31854771047353947,0,0
23005,1,38,1,1,0.10036979605658915,0,0
23015,2,25,0,1,0.10457938013016518,0,0
23017,1,33,1,1,0.1725154990612797,0,0
23019,1,47,1,1,0.1671763377891373,0,0
23029,4,31,0,1,0.23784593850449315,0,0
23031,1,36,1,1,0.1315581497843511,0,0
24001,3,15,1,1,0.22802428832302374,0,1
24009,1,14,0,1,0.18701919436076297,0,0
24019,3,18,1,1,0.280751806337788,0,1
24021,1,34,1,1,0.1298150826742704,0,0
24031,1,50,0,1,0.10461252183290884,0,0
24035,1,16,1,1,0.18202420867609473,0,1
24510,1,31,0,1,0.32684422230848836,0,1
25003,2,36,0,1,0.1373254298020066,0,0
25011,2,32,1,1,0.12059892525753486,0,0
25019,1,2,0,1,0.1262116981690512,0,0
25021,1,41,0,1,0.10453349928319454,0,0
26001,3,13,0,1,0.19689074289188044,0,0
26007,3,8,0,1,0.20042616528266013,0,0
26017,2,16,1,1,0.26470739453676956,0,0
26031,3,15,0,1,0.19730984615154146,0,0
26035,4,8,0,1,0.29278538219137334,0,0
26049,3,34,1,1,0.263910680937897,0,0
26055,1,9,1,1,0.15589300177966275,0,1
26061,4,20,1,1,0.17770415187041008,0,0
26085,4,11,0,1,0.28055502744729355,0,0
26089,1,11,0,1,0.15275379270681286,0,0
26095,3,3,0,1,0.2566032473112979,0,0
26101,2,15,1,1,0.18168818477663568,0,0
26109,3,14,0,1,0.21089263941934094,0,0
26117,3,25,0,1,0.24944198693624745,0,0
26129,4,9,0,1,0.2596419407845851,0,0
26139,1,22,1,1,0.18128020088120742,0,0
26145,3,28,1,1,0.27052144789901916,0,0
27021,2,24,0,1,0.19347899217263775,0,0
27023,2,10,0,1,0.20758666349199423,0,0
27027,2,15,1,1,0.20788582592973082,0,0
27029,3,11,0,1,0.31195770567178466,0,0
27033,2,13,0,1,0.2177905146358646,0,0
27037,1,22,1,1,0.1326365618768036,0,0
27041,1,17,1,1,0.14261532000830135,0,1
27049,1,17,1,1,0.16843775169725164,0,1
27051,2,11,0,1,0.19625936245787176,0,0
27059,1,12,0,1,0.15640145947484957,0,0
27063,2,14,0,1,0.19429407940878346,0,0
27073,1,10,0,1,0.18325109717841948,0,0
27085,1,12,0,1,0.17478722320893164,0,0
27093,1,13,0,1,0.15189304720918909,0,0
27103,1,10,0,1,0.15129434846400502,0,0
27121,1,12,0,1,0.1589300719681756,0,0
27129,2,16,1,1,0.18910739434225418,0,0
27133,1,12,0,1,0.1912286144745032,0,0
27141,1,9,1,1,0.1574867530773599,0,1
27145,2,33,1,1,0.2210110074826151,0,0
27151,3,11,1,1,0.18859835397561442,0,1
27153,2,19,1,1,0.20203961691004144,0,0
28015,4,13,1,1,0.3087783675043576,0,1
28019,4,9,1,1,0.23398802001829683,0,1
28041,3,7,1,1,0.20239162272096303,0,0
28065,4,9,1,1,0.2698852439543715,0,1
28075,1,12,1,1,0.20875449898911416,0,1
28077,4,8,0,1,0.2620037351076937,0,0
28079,4,7,0,1,0.31285456196103756,0,0
28083,4,11,1,1,0.3799232320929413,0,0
28085,4,12,1,1,0.24167218182458022,0,1
28091,4,8,1,1,0.2856341813590073,0,0
28093,3,8,1,1,0.2836804945304914,0,1
28111,4,8,0,1,0.23185258268482278,0,0
28119,4,10,1,1,0.41525894736550634,0,1
28129,4,15,0,1,0.27090465238910144,0,0
28133,4,16,1,1,0.42996995362189044,0,1
28139,4,9,0,1,0.2700927900676181,0,0
28147,4,6,1,1,0.2886013474007792,0,0
29005,2,9,0,1,0.24979925259763935,0,0
29027,2,19,0,1,0.19845985633648394,0,0
29029,3,18,1,1,0.19213859716627535,0,1
29035,3,5,1,1,0.25811860634355005,0,1
29039,4,9,1,1,0.32508002710969874,0,0
29057,3,13,1,1,0.3318033781011978,0,1
29061,3,16,0,1,0.3191855044212909,0,0
29065,4,8,1,1,0.2722091392222422,0,0
29105,4,12,1,1,0.2640288320203326,0,1
29109,3,21,1,1,0.29595295631048024,0,1
29113,2,17,1,1,0.28419515736945894,0,1
29157,2,8,0,1,0.26400777132042935,0,0
29161,4,11,1,1,0.22080486329065974,0,1
29165,1,18,1,1,0.1931249647530062,0,1
29175,3,12,1,1,0.2981038960787799,0,0
29195,3,13,1,1,0.2688046371415739,0,0
29225,3,9,1,1,0.2636955375341803,0,1
29227,3,7,0,1,0.2744725523613726,0,0
29510,4,29,0,1,0.3448988322616639,0,1
30001,3,10,0,1,0.2115205242230532,0,0
30035,4,5,1,1,0.513757376945039,1,0
30059,3,4,0,1,0.2197541488312982,0,0
30065,3,5,0,1,0.26548640166111687,0,0
30075,3,6,0,1,0.27605236028299174,0,0
30081,2,9,1,1,0.18087806900964803,0,1
30083,1,9,0,1,0.22241777997585852,0,0
30107,2,6,0,1,0.2615311949581823,0,0
31017,3,4,0,1,0.2129193540017134,0,0
31035,2,15,0,1,0.1585538000056393,0,0
31055,2,35,0,1,0.1768925734968051,0,0
31063,2,12,0,1,0.18135778149437565,0,0
31065,3,9,0,1,0.19896474291310953,0,0
31069,1,9,0,1,0.2228206925346278,0,0
31071,2,3,0,1,0.2029484372756738,0,0
31083,2,8,1,1,0.18550215840922799,0,1
31089,1,14,0,1,0.17903165427862786,0,0
31095,3,12,1,1,0.2179329242485449,0,1
31101,2,7,0,1,0.19243020433614677,0,0
31111,2,14,1,1,0.1867828859163654,0,0
31127,2,13,0,1,0.20180487917504714,0,0
31129,2,10,0,1,0.1795465127167521,0,0
31145,2,8,0,1,0.17624067777815702,0,0
31147,2,9,0,1,0.22700142945950555,0,0
31155,1,18,1,1,0.1721393862927987,0,0
31169,1,15,0,1,0.1741863371996327,0,0
31173,4,10,1,1,0.3947859721798115,0,1
31175,2,6,0,1,0.17373212071737193,0,0
31177,1,15,1,1,0.1631215768473309,0,0
32001,2,2,1,1,0.37251877538006567,0,0
32017,1,5,1,1,0.1485312865256454,0,1
32023,1,11,0,1,0.4035200264630497,0,1
32027,2,3,0,1,0.37954758980639886,0,0
32029,1,5,0,1,0.24813467409420442,0,0
32033,2,7,1,1,0.3268312437354696,0,1
32510,2,4,0,1,0.2763301345248389,0,0
33001,1,15,0,1,0.1097111034205252,0,0
33005,1,27,1,1,0.11830305777635113,0,1
34013,2,31,0,1,0.22306621504937996,0,0
34019,1,26,1,1,0.111927234532197,0,0
35001,1,27,0,1,0.25980777501287144,0,0
35009,1,7,1,1,0.2922592618365777,0,1
35033,3,13,0,1,0.21776230763160778,0,0
35043,1,21,1,1,0.22050168584759644,0,0
35049,2,15,1,1,0.1834888121508522,0,0
35055,4,21,1,1,0.1969015969989402,0,1
36003,3,37,1,1,0.171140538299598,0,0
36007,3,31,1,1,0.16766260477853048,0,0
36009,1,36,1,1,0.21921605724646243,0,0
36017,3,26,0,1,0.17169896349910166,0,0
36031,2,34,1,1,0.1276516863866019,0,1
36043,3,28,1,1,0.15679874085084297,0,1
36047,3,39,0,1,0.2250069371702422,0,0
36053,1,31,1,1,0.17548959997144067,0,1
36055,1,50,1,1,0.1832022708799834,0,0
36077,3,43,1,1,0.1337191317400855,0,0
36081,2,63,0,1,0.18393515585579615,0,0
36085,1,12,0,1,0.17444944803745702,0,0
36103,1,108,0,1,0.1367045261306174,0,0
36105,2,62,1,1,0.19096144567428505,0,0
36117,2,20,1,1,0.18309947537241497,0,0
36121,2,24,0,1,0.1914079479990457,0,0
36123,2,13,0,1,0.16159309482548218,0,0
37013,4,15,1,1,0.24410378747318062,0,1
37019,2,14,1,1,0.13084018467384936,0,0
37047,4,16,1,1,0.2823762390979345,0,0
37053,1,15,1,1,0.17526572243614533,0,0
37055,1,14,1,1,0.1451969788494667,0,1
37057,3,12,1,1,0.19676932200018568,0,0
37071,3,18,1,1,0.21369138410008776,0,0
37077,3,12,1,1,0.1891932505075259,0,0
37085,3,16,1,1,0.19868802788389742,0,0
37089,2,15,1,1,0.12258428274595591,0,0
37105,3,4,1,1,0.21605555743781407,0,1
37109,2,11,1,1,0.18724149068807416,0,1
37113,3,6,0,1,0.16602806584464527,0,0
37117,4,11,0,1,0.2607487364137719,0,0
37119,2,32,0,1,0.17480419303280895,0,0
37135,2,14,1,1,0.11851816508167806,0,0
37139,3,1,0,1,0.257655393621944,0,0
37159,3,19,1,1,0.21510651189377467,0,0
37167,2,12,0,1,0.18191175026108417,0,0
37185,4,8,1,1,0.2834379631193823,0,0
37199,3,5,0,1,0.19698859738198102,0,0
38003,1,19,0,1,0.1933161717209568,0,0
38009,1,14,0,1,0.20232051274365095,0,0
38013,1,9,0,1,0.19628150900252414,0,0
38027,2,7,1,1,0.23224646918936742,0,1
38037,2,13,1,1,0.2361259477993087,0,1
38043,2,13,0,1,0.21339902884509004,0,0
38061,2,12,0,1,0.2783409136020991,0,0
38069,3,11,0,1,0.21451994875367014,0,0
38093,1,21,0,1,0.2263449026870961,0,0
38101,1,24,1,1,0.14105276065183517,0,0
38103,1,12,0,1,0.194093302367673,0,0
39025,1,23,1,1,0.20501650894462098,0,0
39045,1,19,1,1,0.22378986897229008,0,0
39055,1,20,1,1,0.16608321885638913,0,0
39097,1,12,0,1,0.26488120638310864,0,0
39105,4,15,0,1,0.28655820611476507,0,0
39119,3,22,1,1,0.28228319565915483,0,0
39125,1,15,1,1,0.2875374585336083,0,0
39127,3,17,1,1,0.25239149421234125,0,1
39133,1,24,1,1,0.20299808809436926,0,0
39145,4,20,1,1,0.31188971034195495,0,0
39159,1,20,1,1,0.22981669691625192,0,1
39171,1,12,1,1,0.27666908855644046,0,1
40001,4,8,1,1,0.43952761351638214,0,0
40005,4,15,0,1,0.4296628370903451,0,0
40013,4,14,1,1,0.42590911237647544,0,1
40015,4,16,1,1,0.4634552604558421,0,0
40031,3,19,0,1,0.4305712315388612,0,1
40037,3,21,1,1,0.34849277588729455,0,0
40059,2,7,1,1,0.3131746468118878,0,1
40061,4,7,0,1,0.4072994639058095,0,0
40063,4,10,1,1,0.41279987914456695,0,0
40083,2,15,1,1,0.33604791872009926,0,1
40111,4,11,1,1,0.4293437438128065,0,1
40145,2,15,1,1,0.33860428561964917,0,1
41001,3,12,1,1,0.24661677910671076,0,0
41007,2,9,0,1,0.20112698550586838,0,0
41029,3,18,1,1,0.2739804464216403,0,0
41041,3,18,1,1,0.24844333094581764,0,1
41043,2,20,1,1,0.28698835457591093,0,0
41049,3,7,1,1,0.4113210378517089,0,1
41057,2,16,0,1,0.20554975835812953,0,0
41059,3,14,1,1,0.3996853801761561,0,0
41065,3,8,1,1,0.33219808634870185,0,0
42017,1,55,0,1,0.1483085114448688,0,0
42021,1,51,1,1,0.13883820055498183,0,0
42027,2,33,1,1,0.17204638736239425,0,0
42033,3,51,1,1,0.18319995384103205,0,0
42041,1,21,1,1,0.13606704531196678,0,0
42045,1,44,0,1,0.16906616323109291,0,0
42057,2,17,0,1,0.21666574316931442,0,0
42061,2,33,1,1,0.21252344535185744,0,1
42073,2,22,1,1,0.1788190850946184,0,1
42089,2,35,1,1,0.1773320059545159,0,0
42105,3,15,0,1,0.2219080826213571,0,0
42129,1,86,1,1,0.14239025210514855,0,0
42133,1,45,0,1,0.19899331343195495,0,0
44001,1,3,0,1,0.12630032036058864,0,0
44005,1,8,1,1,0.1220100990863797,0,0
45007,3,19,0,1,0.23446741843559618,0,0
45021,4,8,1,1,0.2904461760268133,0,0
45041,3,12,1,1,0.2881206066674872,0,0
45053,4,9,0,1,0.37413818767313173,0,0
45057,3,5,1,1,0.23122212673083062,0,1
45079,1,24,0,1,0.25135311433196644,0,0
46009,2,7,1,1,0.15925981887016907,0,1
46013,1,20,1,1,0.16426962598493094,0,1
46017,4,6,0,1,0.343598569283851,0,0
46027,3,8,0,1,0.22137364185950076,0,0
46031,4,15,1,1,0.41038435195478945,0,1
46059,1,8,1,1,0.17235670559971655,0,1
46067,2,13,1,1,0.17177668024763393,0,1
46075,1,5,0,1,0.17415674129515232,0,0
46083,1,12,1,1,0.14373926907099813,0,1
46093,2,18,1,1,0.18313914189714234,0,0
46111,1,8,0,1,0.17220606320751886,0,0
46135,2,10,1,1,0.1491355561407232,0,0
47015,2,9,0,1,0.30686531988801624,0,0
47017,4,14,1,1,0.32070392845210866,0,0
47025,1,10,1,1,0.27201096671045777,0,0
47027,4,7,1,1,0.3464794548662462,0,1
47053,4,11,1,1,0.33784938323974,0,0
47055,3,17,1,1,0.2970110882118169,0,0
47073,4,12,1,1,0.31633234068570215,0,0
47075,4,6,1,1,0.40937692195371794,0,0
47083,3,8,0,1,0.3289267778020845,0,0
47091,4,5,0,1,0.2954395545893755,0,0
47099,4,11,1,1,0.3031349727594456,0,1
47109,4,15,1,1,0.2953262502935302,0,0
47121,3,6,1,1,0.25802066277706814,0,1
47139,3,12,1,1,0.27428797510287656,0,0
47147,2,12,1,1,0.27674529645915025,0,1
47169,2,5,0,1,0.2799331964326324,0,0
47181,4,10,1,1,0.2862449554182567,0,0
48001,3,10,1,1,0.32335062009080234,0,0
48005,4,6,1,1,0.32044317925257004,0,0
48017,1,6,1,1,0.29550904930018823,0,1
48021,2,15,1,1,0.2916956859952622,0,1
48031,1,8,1,1,0.20712745803412252,0,1
48033,3,9,0,1,0.37413892779138036,0,0
48035,3,11,1,1,0.29901073348662766,0,0
48051,2,5,1,1,0.3192957203484551,0,0
48055,3,14,1,1,0.3947398783481311,0,0
48065,1,6,0,1,0.2810782946876484,0,0
48079,4,4,0,1,0.4662895877772315,0,0
48091,1,14,1,1,0.2141249772885469,0,0
48099,1,17,1,1,0.1264386849140424,0,1
48101,4,3,1,1,0.35576937785550916,0,1
48115,4,4,0,1,0.4695950287086702,0,0
48125,4,7,1,1,0.36320813318721773,0,1
48129,3,6,0,1,0.3302945298455509,0,0
48145,3,17,1,1,0.39207135413121663,0,0
48149,2,15,1,1,0.3017334640952695,0,0
48151,3,9,1,1,0.32322701757453354,0,1
48157,1,34,0,1,0.2314305052666186,0,0
48163,4,5,0,1,0.48189809775668263,0,0
48173,3,4,0,1,0.3840284613059668,0,0
48177,3,14,1,1,0.36421894103299274,0,0
48183,3,10,0,1,0.28686845967593655,0,1
48189,3,9,0,1,0.3987819100503153,0,0
48203,3,12,1,1,0.3006064637143538,0,1
48211,1,4,0,1,0.2596175292158216,0,0
48225,4,7,1,1,0.3348535247500799,0,0
48227,3,5,1,1,0.39165285203298167,0,0
48229,3,6,0,1,0.3613586445191672,0,0
48233,3,7,1,1,0.33530626091362276,0,0
48251,2,16,1,1,0.2991707915122291,0,0
48253,4,10,0,1,0.31147829268143823,0,0
48265,3,10,1,1,0.2579919718518017,0,1
48293,4,14,1,1,0.38607378516730523,0,0
48307,3,6,1,1,0.35532098436525544,0,1
48321,1,12,1,1,0.39163198193693527,0,0
48323,4,3,1,1,0.4762407611812868,0,1
48357,4,5,0,1,0.3983296702440809,0,0
48359,1,6,0,1,0.3021929266497936,0,0
48367,1,18,1,1,0.2737038523626476,0,0
48379,2,6,0,1,0.2778901388509939,0,0
48403,4,6,0,1,0.2955031939301657,0,0
48417,4,5,0,1,0.28500161776165406,0,0
48419,4,7,1,1,0.34616023153015235,0,0
48449,4,6,1,1,0.3534662520907068,0,1
48451,1,14,1,1,0.2079681602824109,0,0
48457,3,10,1,1,0.2675985830007551,0,0
48459,3,12,1,1,0.29251669199417507,0,1
48475,3,6,1,1,0.38089441330226426,0,1
48477,2,7,1,1,0.3440707870693592,0,1
48491,1,25,0,1,0.2123096245801412,0,0
48495,3,2,1,1,0.446639255196649,0,1
48497,2,17,1,1,0.3154692273085664,0,1
48501,2,4,1,1,0.3604801091799293,0,1
49001,2,4,0,1,0.24924368014089043,0,0
49011,1,13,1,1,0.24269362133815156,0,0
49017,3,11,0,1,0.25365992445691693,0,0
49029,1,2,0,1,0.2345800066439194,0,0
49041,3,12,1,1,0.30468640199813457,0,0
49051,1,6,0,1,0.22538281725816398,0,0
50003,2,21,0,1,0.14633721722893425,0,0
50007,1,21,1,1,0.14006633870528676,0,0
50017,2,31,1,1,0.1275961592841281,0,0
51007,1,5,1,1,0.258145486999536,0,1
51023,1,12,0,1,0.15636669455070532,0,0
51067,3,16,0,1,0.20601235126505862,0,0
51069,1,12,1,1,0.13823760570387134,0,1
51089,4,12,0,1,0.27096708272763836,0,0
51101,1,6,0,1,0.22959005344662856,0,0
51103,2,6,1,1,0.19260134791792746,0,1
51111,4,12,1,1,0.3050089065953635,0,1
51133,2,7,1,1,0.21929771908821766,0,1
51135,4,7,1,1,0.2797875564804103,0,0
51145,1,5,1,1,0.42432415885545915,0,0
51165,2,22,0,1,0.20373349802145718,0,0
51169,3,12,0,1,0.2522843882788273,0,0
51171,2,14,1,1,0.19133739754099002,0,1
51195,4,8,0,1,0.2625084827023487,0,0
51199,1,9,1,1,0.1143493946057235,0,0
51530,4,1,0,1,0.2542727179475777,0,0
51570,2,1,1,1,0.17084715503953066,0,0
51640,4,1,0,1,0.2599874878025628,0,0
51683,1,1,1,1,0.1574206894526342,0,0
51710,1,15,1,1,0.25328338781979676,0,0
53023,3,2,1,1,0.2953272351017578,0,1
53035,1,20,1,1,0.1653557698699124,0,0
53037,3,12,0,1,0.29262392891807015,0,0
53047,4,22,1,1,0.3303519390452047,0,1
53057,1,17,1,1,0.18361171373599175,0,0
53059,1,8,1,1,0.2077638742096722,0,1
53065,3,21,0,1,0.27245614755024866,0,0
53071,2,8,1,1,0.2724372803878656,0,0
53075,4,20,0,1,0.31035756619038024,0,0
54011,3,13,1,1,0.25525036378795146,0,0
54025,4,21,0,1,0.28417000546828636,0,0
54029,3,5,1,1,0.30416758337282357,0,1
54037,1,9,1,1,0.2346488754729848,0,0
54043,4,19,0,1,0.30829849848743013,0,0
54053,3,19,1,1,0.3098801394890314,0,0
54073,3,5,0,1,0.28484017369276754,0,0
54083,4,22,1,1,0.2448181820974637,0,0
54109,4,39,0,1,0.17756324789119593,0,0
55015,1,14,1,1,0.16010667225389755,0,1
55017,2,14,1,1,0.15736123470945168,0,0
55023,2,13,1,1,0.1573703954962161,0,0
55037,2,4,0,1,0.14429270210299364,0,0
55049,1,19,0,1,0.1464137685998762,0,0
55061,1,6,1,1,0.15093974527453494,0,0
55063,2,15,1,1,0.14808955260222534,0,0
55065,2,14,1,1,0.1670997388014805,0,0
55069,1,7,1,1,0.1343844034693991,0,0
55079,3,37,0,1,0.242295774431564,0,0
55095,1,20,1,1,0.14776590031242984,0,1
55125,2,12,1,1,0.14560062344710348,0,0
55131,1,18,1,1,0.14570188663847763,0,0
55133,1,30,1,1,0.13775796942042107,0,0
56007,2,12,1,1,0.2598353539745482,0,0
56011,1,10,0,1,0.20633381965065428,0,0
56025,1,11,1,1,0.25152306690790627,0,1
56027,3,5,0,1,0.2905295428883386,0,0
56039,1,9,0,1,0.14256212761988926,0,0
01005,4,9,0,2,0.3499780498813616,0,0
01009,3,17,1,2,0.29430469297026424,0,0
01025,4,10,1,2,0.34944973747796376,0,0
01027,4,10,0,2,0.33796831018243767,0,0
01039,4,13,1,2,0.31119377927969477,0,1
01043,3,19,1,2,0.2703193838998504,0,0
01061,4,14,0,2,0.30217903414555036,0,0
01063,4,8,1,2,0.3848982308266148,0,1
01075,4,9,1,2,0.3178205174105979,0,0
01091,4,15,1,2,0.35416661332331134,0,0
01095,4,18,1,2,0.2894489801241903,0,0
01097,1,36,0,2,0.3085623964450987,0,0
01099,4,17,1,2,0.3709065640498638,0,0
01113,3,12,1,2,0.28732094626203597,0,0
01121,4,12,1,2,0.3191271635013053,0,0
01129,4,16,1,2,0.32523682585571684,0,0
04012,4,8,0,2,0.29869437648931224,0,1
04013,1,136,0,2,0.2882852445491298,0,1
04017,4,33,0,2,0.30158283743516345,0,1
05007,2,21,0,2,0.221452922068113,0,0
05013,4,6,0,2,0.34281205635960665,0,0
05025,4,7,1,2,0.3123733073248745,0,1
05035,4,11,1,2,0.4412086771132779,0,0
05039,4,6,1,2,0.32960239091330756,0,1
05069,4,17,1,2,0.39987801470763207,0,0
05071,4,12,1,2,0.35321225122277816,0,0
05073,4,6,1,2,0.3595580918364235,0,1
05075,4,14,1,2,0.3066668340893287,0,0
05077,3,11,1,2,0.4414386949357862,0,1
05079,4,8,1,2,0.34913188751672575,0,0
05089,3,17,0,2,0.2857388996892256,0,0
05091,4,6,1,2,0.36962177212143615,0,0
05117,3,11,1,2,0.35188388938395665,0,1
05121,4,11,1,2,0.3366379089341154,0,0
05127,4,10,1,2,0.36402357410639413,0,1
06013,1,49,0,2,0.18621063389882514,0,0
06023,4,36,1,2,0.22654500071903197,0,0
06049,3,13,0,2,0.36214595209450745,0,0
06057,2,12,1,2,0.22648295792872675,0,0
06063,2,17,1,2,0.2424513596160794,0,0
06073,1,108,0,2,0.2208076885632597,0,0
06101,3,13,1,2,0.33488512750422816,0,0
08007,1,5,1,2,0.1489712248445895,0,1
08017,2,4,0,2,0.1671259212135011,0,0
08021,4,8,0,2,0.309514316407225,0,0
08041,1,45,0,2,0.19727982639903488,0,0
08051,2,11,0,2,0.16130327135616324,0,0
08061,3,5,0,2,0.20491084429910988,0,0
08071,4,11,0,2,0.25009727451558067,0,0
08073,2,9,0,2,0.2502621442188151,0,0
08077,2,19,1,2,0.2151237400067354,0,0
08085,3,12,0,2,0.18881621434790827,0,0
08087,2,10,1,2,0.2543271706239261,0,0
08095,2,3,0,2,0.1887251476088378,0,0
08117,1,4,0,2,0.22013016621606638,0,0
08119,1,7,0,2,0.17124989350931474,0,0
09015,1,31,1,2,0.17856518295594095,0,0
12009,2,28,0,2,0.19140845363249614,0,0
12029,4,6,0,2,0.2618507176228471,0,0
12037,4,8,0,2,0.255032804749456,0,0
12047,4,3,0,2,0.28466501998426114,0,0
12051,4,6,1,2,0.270595061271089,0,1
12059,4,4,1,2,0.24531352204499074,0,0
12063,1,14,1,2,0.2403599322267407,0,1
12079,4,5,1,2,0.31947975557382047,0,0
12103,2,48,0,2,0.17794034609912923,0,0
12123,1,6,0,2,0.17401481099359944,0,0
13005,4,3,1,2,0.33449435067926714,0,1
13013,2,8,1,2,0.22398839266032078,0,0
13015,2,14,1,2,0.22300568634051335,0,1
13021,1,12,1,2,0.34070527895836833,0,0
13023,4,6,1,2,0.31388822637426494,0,1
13029,1,3,0,2,0.18647576123184376,0,0
13045,1,11,1,2,0.23125937621207043,0,0
13051,3,14,0,2,0.24637832764494644,0,1
13053,3,2,0,2,0.18124016191760894,0,0
13059,1,9,1,2,0.26656391034421684,0,0
13061,4,6,0,2,0.421731746591477,0,0
13067,1,23,0,2,0.15533948478139598,0,0
13071,4,13,1,2,0.3561163345605456,0,0
13081,4,5,0,2,0.4058714562280372,0,0
13099,4,7,0,2,0.4239193829404239,0,0
13123,3,5,0,2,0.21912233058617056,0,0
13129,4,8,1,2,0.2470893397351219,0,1
13131,4,6,0,2,0.34714540775138775,0,0
13141,4,5,0,2,0.4366371799157553,0,0
13193,4,10,1,2,0.3939903724935985,0,0
13199,4,10,0,2,0.36838147788814773,0,0
13215,4,11,1,2,0.28424214326387326,0,0
13227,2,9,1,2,0.1835513659805408,0,0
13231,2,8,0,2,0.26274171743140196,0,0
13253,4,4,1,2,0.35234755096172676,0,1
13263,4,8,0,2,0.3100636659157887,0,0
13267,4,6,1,2,0.3527036404572064,0,0
13271,4,7,0,2,0.3725313153095943,0,0
13283,4,6,0,2,0.3729001876587367,0,0
13289,4,6,0,2,0.38571408382505096,0,0
13311,2,7,0,2,0.1976880224289225,0,0
13313,4,8,1,2,0.24881358983944493,0,0
13319,4,9,0,2,0.36436958396404595,0,0
16003,2,6,0,2,0.21301278553771646,0,0
16029,2,7,0,2,0.21664419464770907,0,0
16031,3,9,1,2,0.2989375780763136,0,0
16059,3,10,1,2,0.25855449329887514,0,1
16075,3,7,1,2,0.30067685905468994,0,0
16081,1,5,1,2,0.20129390625628002,0,1
16083,3,10,1,2,0.2568675033963468,0,1
17001,2,23,1,2,0.18556246278696412,0,0
17007,1,15,1,2,0.22514645166281338,0,1
17009,2,5,0,2,0.19707954853594947,0,0
17015,1,11,0,2,0.21904303012476226,0,0
17019,3,35,1,2,0.20172318273424078,0,0
17021,2,20,1,2,0.24357960515538216,0,1
17025,3,13,1,2,0.2396981773519947,0,0
17029,4,16,0,2,0.2379857458992962,0,0
17035,3,12,0,2,0.2368558121051979,0,0
17055,4,19,1,2,0.30275765728288845,0,1
17059,4,9,1,2,0.32234857985569426,0,1
17071,2,17,0,2,0.22877208450200417,0,0
17079,2,15,0,2,0.23418136250247915,0,0
17085,1,15,0,2,0.19573132149509678,0,0
17087,2,10,1,2,0.2876676587655122,0,1
17093,1,19,1,2,0.19569587918132897,0,0
17097,1,35,1,2,0.17531768830014088,0,0
17119,2,35,0,2,0.2368436989281665,0,1
17123,2,19,1,2,0.24181286087901455,0,1
17129,1,8,0,2,0.18729949234221524,0,0
17135,3,28,0,2,0.25457485141547254,0,0
17137,3,16,1,2,0.24497826751286184,0,1
17147,1,16,0,2,0.18896560346589591,0,0
17157,2,18,1,2,0.27258632310061487,0,1
17159,3,9,1,2,0.24895047585874266,0,0
17161,2,20,1,2,0.2479612615501619,0,0
17171,2,9,1,2,0.21781245485402784,0,1
17177,3,19,0,2,0.2655477986555869,0,0
17181,3,13,1,2,0.2413835612889037,0,0
17189,1,13,1,2,0.22539054331297792,0,0
17193,3,11,1,2,0.24721943236823893,0,0
18007,3,10,0,2,0.3320537320285023,0,0
18011,1,12,1,2,0.1777035813954107,0,1
18017,3,12,1,2,0.3187702854805192,0,1
18021,2,17,1,2,0.2917296162043358,0,0
18023,3,12,1,2,0.31221157053417814,0,1
18025,3,9,0,2,0.28900075343368486,0,0
18027,3,7,0,2,0.267418992375553,0,0
18031,2,10,0,2,0.31793371176212787,0,0
18057,1,23,0,2,0.14840470172753614,0,0
18063,1,19,1,2,0.17935897107237295,0,0
18069,2,9,1,2,0.2653670682643981,0,1
18085,1,21,1,2,0.24432351673621513,0,0
18087,1,12,1,2,0.2842961322182285,0,1
18095,3,18,1,2,0.3593447627908163,0,0
18119,3,14,0,2,0.299047170596169,0,0
18125,2,11,0,2,0.2770803698297766,0,0
18137,2,12,0,2,0.2588498169372299,0,0
18147,1,16,1,2,0.2953510427589181,0,0
18149,3,11,1,2,0.3370141617455789,0,0
18151,1,9,0,2,0.2626725541882871,0,0
18163,3,11,1,2,0.3050890418029281,0,0
18165,2,8,0,2,0.28436423611268674,0,0
18169,2,14,1,2,0.29975067126287575,0,1
18173,1,12,1,2,0.18057397457016733,0,1
19019,1,16,0,2,0.18574824797620296,0,0
19023,1,16,1,2,0.20665808122333082,0,0
19053,3,11,0,2,0.23395238897662896,0,0
19075,1,16,0,2,0.20066154821765333,0,0
19085,2,15,0,2,0.19921253445066164,0,0
19087,2,11,1,2,0.22306400480030508,0,0
19095,1,21,1,2,0.18825131329873868,0,0
19103,1,24,1,2,0.19272110366592632,0,0
19113,1,29,1,2,0.18113351153365936,0,0
19129,1,11,1,2,0.18300453385899365,0,0
19151,2,16,1,2,0.23397399116510914,0,1
19177,2,13,0,2,0.2280869425950169,0,0
19189,1,11,0,2,0.20560448215060997,0,0
20013,2,13,0,2,0.2528535406517918,0,0
20027,1,10,1,2,0.20764852443296297,0,1
20037,1,15,1,2,0.30438001104532775,0,1
20055,3,7,1,2,0.30629085408277873,0,1
20063,2,10,0,2,0.3053327501340188,0,0
20065,2,13,0,2,0.15522941695708303,0,0
20067,2,3,1,2,0.2830916636330659,0,1
20083,2,8,1,2,0.23944188008398945,0,1
20089,3,14,0,2,0.39149231166142817,0,0
20093,3,4,0,2,0.3479977283053964,0,0
20115,1,19,0,2,0.2636677874765606,0,0
20119,1,5,0,2,0.28716142952494034,0,0
20121,1,11,1,2,0.18948699854524967,0,1
20123,2,7,0,2,0.22178377440216818,0,0
20131,1,15,0,2,0.20166609164158406,0,0
20139,2,15,1,2,0.34700401924264135,0,0
20145,2,9,0,2,0.233224325580956,0,0
20149,2,12,1,2,0.25926790865784827,0,0
20167,2,11,1,2,0.238118012683675,0,1
20177,1,29,0,2,0.3430801039741126,0,0
20181,2,4,0,2,0.28597502870368186,0,0
20191,2,18,0,2,0.2625047999831252,0,0
20201,2,15,1,2,0.14756896796736213,0,1
20205,4,10,1,2,0.32297872141637285,0,1
21005,2,5,0,2,0.18313334895318895,0,0
21025,4,10,0,2,0.29791257871285376,0,0
21031,4,10,0,2,0.2929049709877513,0,0
21037,2,10,1,2,0.1996921327317725,0,1
21059,3,10,1,2,0.31454524694853936,0,0
21067,2,17,1,2,0.18431367655127728,0,0
21073,2,5,1,2,0.20111044567849368,0,1
21077,3,6,1,2,0.26698640601724916,0,1
21081,3,8,1,2,0.29334738890708995,0,0
21105,4,7,1,2,0.3506408337927927,0,1
21107,4,13,1,2,0.31044346736765965,0,0
21113,3,4,1,2,0.21453672081152506,0,1
21127,4,10,1,2,0.28899834533846847,0,0
21131,1,22,0,2,0.2534962371560763,0,0
21141,4,7,1,2,0.33310441851169076,0,0
21157,2,8,0,2,0.23205371399767136,0,0
21159,4,9,1,2,0.22969726170561813,0,1
21163,2,12,1,2,0.24661718565533827,0,0
21171,4,6,1,2,0.33499881768479,0,1
21181,4,6,0,2,0.3332938391269723,0,0
21191,3,10,1,2,0.2621050597419724,0,0
21211,2,14,1,2,0.23160003033345022,0,1
21227,3,9,1,2,0.24139586776690014,0,0
21231,4,5,1,2,0.33141146961256807,0,0
21237,4,5,1,2,0.3224133141956949,0,1
22003,3,13,1,2,0.2744857742959699,0,0
22005,1,8,1,2,0.24148144903699326,0,0
22009,4,15,1,2,0.3213279988473039,0,1
22021,4,4,1,2,0.3626389833420931,0,1
22049,4,7,1,2,0.34132414011855977,0,0
22055,1,16,1,2,0.2545458147681016,0,0
22057,3,14,1,2,0.2948369186989205,0,0
22071,4,17,0,2,0.3375900501580881,0,0
22097,1,18,0,2,0.3268849700544258,0,1
22107,4,4,1,2,0.35523068120101503,0,1
22109,3,13,1,2,0.31326410560619095,0,0
22119,4,12,1,2,0.3930046014334316,0,1
22125,2,4,0,2,0.43847662143494576,0,0
23001,2,14,1,2,0.14811153560370346,0,0
23003,4,41,0,2,0.22813019756733754,0,0
23009,2,40,1,2,0.1347651356429212,0,1
24015,1,15,0,2,0.2595007502103366,0,1
24043,1,20,1,2,0.2304776336549821,0,0
25007,1,7,0,2,0.14590893903671912,0,0
25023,1,34,1,2,0.12713774242634052,0,0
25025,3,36,1,2,0.17761083517520085,0,0
26009,2,16,1,2,0.19872417363779998,0,0
26013,3,7,1,2,0.21632251013431103,0,1
26015,1,15,1,2,0.2210818510953729,0,1
26019,1,11,0,2,0.17572080556691752,0,0
26021,1,23,1,2,0.28021330896439695,0,0
26047,2,11,0,2,0.17056708941881246,0,0
26057,3,20,0,2,0.2384007668734502,0,0
26071,3,8,0,2,0.1764377950344766,0,0
26075,2,29,1,2,0.2755597596266937,0,0
26083,3,6,0,2,0.15839951085516382,0,0
26099,2,39,1,2,0.2452540743830335,0,0
26103,2,15,1,2,0.1564147129378225,0,1
26111,2,15,0,2,0.17372930035466078,0,0
26113,3,9,0,2,0.24643143863125577,0,0
26125,1,71,0,2,0.15242094948017573,0,0
26133,4,9,0,2,0.25614118878904985,0,0
26137,3,7,1,2,0.20223397475613683,0,0
26141,2,7,1,2,0.19447950413469015,0,0
26143,4,7,0,2,0.2317432168011585,0,0
26149,3,13,1,2,0.2869800951937565,0,1
26151,3,22,1,2,0.25507612726021067,0,0
26155,2,19,1,2,0.21569093464168576,0,1
26157,3,21,1,2,0.27811793736346463,0,0
26163,3,68,0,2,0.30211704014238755,0,0
27005,2,16,1,2,0.24569006749253575,0,1
27009,1,9,1,2,0.15807164260454212,0,1
27015,1,10,0,2,0.18026151767450557,0,0
27017,2,15,0,2,0.1731148795004269,0,0
27057,2,10,1,2,0.19594223445516645,0,0
27067,2,16,0,2,0.17898311857969923,0,0
27079,1,13,1,2,0.17878895230403336,0,0
27081,2,12,0,2,0.20048240676709586,0,0
27087,4,8,0,2,0.365299532303496,0,0
27101,1,16,0,2,0.19594834698305694,0,0
27105,3,17,0,2,0.23435406046191568,0,0
27111,1,34,1,2,0.20480476267716474,0,0
27157,1,13,0,2,0.16406226646276223,0,0
27161,2,13,0,2,0.2153804892420246,0,0
27167,1,12,0,2,0.17980533840981577,0,0
27171,1,19,1,2,0.1400736212494445,0,0
28001,4,2,1,2,0.2695641434790267,0,1
28003,4,5,1,2,0.23063811840325577,0,1
28005,4,9,0,2,0.20563760094927136,0,0
28023,4,9,1,2,0.21134412666375824,0,0
28025,4,8,1,2,0.33740921101970434,0,0
28027,4,11,1,2,0.44680221304279744,0,0
28039,4,3,1,2,0.21260169539512658,0,0
28049,1,21,0,2,0.29063186200632296,0,0
28053,4,8,0,2,0.3936148974085445,0,0
28061,4,14,1,2,0.23183844973271017,0,0
28095,4,12,1,2,0.24774982478356222,0,0
28117,4,8,0,2,0.26789398236398915,0,0
28121,1,12,1,2,0.17994824786599325,0,0
28125,1,7,0,2,0.09447854697271289,0,0
29001,4,9,1,2,0.20954917944642382,0,0
29003,2,17,0,2,0.29312300183448176,0,0
29009,4,17,1,2,0.32160768814068563,0,0
29013,3,13,1,2,0.29929736765738324,0,0
29015,3,13,1,2,0.2961703032463369,0,0
29049,1,11,1,2,0.2643610439366685,0,0
29051,1,9,1,2,0.2092746184989411,0,1
29053,2,14,0,2,0.24038597440223428,0,0
29063,2,10,1,2,0.3196892987928969,0,1
29067,4,16,1,2,0.3329824461337885,0,0
29103,4,12,1,2,0.3236509182977806,0,1
29115,3,15,1,2,0.27197905984295306,0,1
29121,2,15,1,2,0.2561859902120218,0,0
29135,2,13,1,2,0.24840027268716525,0,0
29137,3,16,0,2,0.330190336440728,0,0
29139,3,11,1,2,0.33222874050709983,0,1
29153,4,18,1,2,0.36449583252448486,0,1
29163,1,12,1,2,0.2900315999079114,0,0
29173,3,9,0,2,0.2910160616964321,0,0
29219,3,9,1,2,0.26292997085665015,0,1
29221,1,16,0,2,0.29481019196872327,0,0
30003,4,18,1,2,0.45030757011822947,0,1
30005,4,9,1,2,0.3645245596616117,0,1
30007,2,6,0,2,0.18432410399208854,0,0
30011,2,8,0,2,0.21700666472490873,0,0
30023,4,5,0,2,0.22492335067847016,0,0
30027,3,11,0,2,0.21912587486464635,0,0
30037,3,3,0,2,0.25711533564176775,0,0
30039,2,5,0,2,0.24834586880738277,0,0
30041,3,10,0,2,0.2793830818375827,0,0
30067,2,9,0,2,0.1967349272103821,0,0
30071,3,8,0,2,0.3003960226417229,0,0
30085,4,10,0,2,0.4343388233709359,0,0
31001,2,14,1,2,0.17588073542241772,0,1
31007,2,8,1,2,0.23453339687981078,0,1
31009,2,4,0,2,0.13289206106695134,0,0
31011,2,8,1,2,0.2067745074077333,0,1
31013,2,3,1,2,0.28767367897758767,0,1
31031,3,18,0,2,0.23414678756227386,0,0
31033,1,5,1,2,0.20681663563201472,0,1
31043,3,8,0,2,0.2120102938976735,0,0
31045,2,6,1,2,0.22572401525891853,0,1
31075,2,3,1,2,0.24517826808655763,0,1
31085,2,8,0,2,0.21272230041565465,0,0
31097,2,12,0,2,0.19339148511894164,0,0
31107,2,11,0,2,0.2074026413695061,0,0
31119,2,8,1,2,0.16687779302598937,0,1
31133,3,11,0,2,0.22471781174762792,0,0
31149,1,4,0,2,0.2022380583936427,0,0
31157,3,8,1,2,0.2797765629288429,0,1
31161,2,9,1,2,0.2827553304123296,0,1
31179,2,11,1,2,0.17183292371584977,0,1
31183,2,6,0,2,0.230043183885066,0,0
32009,4,4,0,2,0.17095448410173386,0,0
32011,1,4,0,2,0.3709238694993392,0,0
32013,1,7,1,2,0.3537140727478293,0,0
32015,3,2,0,2,0.3634569499167915,0,0
32031,2,27,0,2,0.29322073154358336,0,0
33013,1,31,1,2,0.10302324743392333,0,0
34017,3,16,0,2,0.19870046154885765,0,0
34033,2,14,1,2,0.23550087052773816,0,1
35003,3,9,0,2,0.43833949793390414,0,0
35007,4,9,1,2,0.3217122535722827,0,0
35021,3,6,0,2,0.2868078972400134,0,0
35045,4,22,0,2,0.3898130537153369,0,1
35051,4,10,1,2,0.3168021514604155,0,1
36023,3,17,1,2,0.19864341626729354,0,0
36033,3,23,1,2,0.2015580394483457,0,1
36035,3,14,0,2,0.18046348104283844,0,0
36063,1,22,1,2,0.23449306974064765,0,0
36065,2,54,1,2,0.20249130426843442,0,0
36069,1,25,0,2,0.18134244664545193,0,0
36091,1,27,1,2,0.11104669668108116,0,0
36101,3,39,1,2,0.1653995697524358,0,0
36113,1,25,0,2,0.14579600383020788,0,0
37001,3,12,1,2,0.21728385982831663,0,0
37003,2,8,1,2,0.18732452019029144,0,1
37005,4,7,0,2,0.23443445321374193,0,0
37007,4,8,1,2,0.2853471640848719,0,0
37035,2,14,1,2,0.1967855375078079,0,0
37041,3,4,1,2,0.2640220223503121,0,0
37045,1,13,1,2,0.25774798717466235,0,0
37049,2,11,1,2,0.20622401622418612,0,0
37061,4,19,1,2,0.30726067716892297,0,0
37087,2,7,0,2,0.17652825021015825,0,0
37103,4,9,0,2,0.27904685084280106,0,0
37121,3,4,0,2,0.17470578734812336,0,0
37157,3,11,1,2,0.23665996935078626,0,0
37171,4,12,1,2,0.22431161357061602,0,0
37175,3,10,1,2,0.16443612773861144,0,0
37193,4,23,1,2,0.2132446567556643,0,0
38005,3,18,0,2,0.3119193299068125,0,0
38007,2,8,0,2,0.2058033253230436,0,0
38029,2,8,0,2,0.20315762316284033,0,0
38033,1,4,0,2,0.2074799439841743,0,0
38039,2,9,0,2,0.21507173645211497,0,0
38045,2,12,0,2,0.19921077270156234,0,0
38063,1,9,0,2,0.23639455866632486,0,0
38091,1,12,0,2,0.1847751258171164,0,0
39011,1,18,0,2,0.2999860261447342,0,0
39015,3,19,0,2,0.3155196074090326,0,0
39035,1,52,0,2,0.2395002894128217,0,0
39039,1,14,0,2,0.29809615489586694,0,0
39047,3,11,0,2,0.3303668033965492,0,0
39049,2,49,0,2,0.233425815999397,0,0
39057,2,24,0,2,0.24453805897290537,0,0
39059,3,20,1,2,0.2804363321579642,0,0
39065,3,15,1,2,0.32284358407855124,0,1
39069,1,17,0,2,0.2810160086690363,0,0
39073,3,16,1,2,0.2655300247617916,0,0
39075,1,18,1,2,0.24373433145392967,0,0
39085,1,11,1,2,0.21479481343421977,0,0
39095,3,30,0,2,0.33333444996195855,0,0
39101,3,14,1,2,0.30910814640512996,0,0
39107,1,18,1,2,0.2811368169618247,0,1
39109,1,18,0,2,0.27837766434072747,0,0
39113,2,40,0,2,0.31373167911326555,0,0
39115,4,11,0,2,0.3105537225130011,0,0
39141,3,16,1,2,0.2936615018374184,0,0
39153,2,41,0,2,0.24824511016192513,0,0
39155,3,30,1,2,0.30541127125067824,0,0
39165,1,24,1,2,0.18619144280129332,0,0
40019,3,13,1,2,0.41142260646346673,0,1
40023,4,12,1,2,0.437829002426377,0,0
40025,3,4,1,2,0.3590736470146898,0,1
40027,2,21,0,2,0.27192773938729575,0,0
40029,4,10,0,2,0.43172235268789394,0,0
40035,4,10,1,2,0.45130349722564894,0,0
40045,3,7,1,2,0.29564241859655377,0,1
40079,4,23,1,2,0.37712386317365953,0,0
40093,2,15,0,2,0.339732615238299,0,0
40121,3,19,1,2,0.35753055573508297,0,1
40123,3,10,1,2,0.3068872038615006,0,1
40133,4,10,1,2,0.39489877981736027,0,0
40135,4,9,1,2,0.3933630943289299,0,0
40139,4,9,1,2,0.3928327963478343,0,0
40141,4,8,1,2,0.43545581120009114,0,1
41005,1,37,1,2,0.1843472304310787,0,0
41021,2,4,0,2,0.2811066672725511,0,0
41035,4,17,1,2,0.33129282413745026,0,1
42007,2,28,0,2,0.17709287014726838,0,0
42019,1,37,0,2,0.1294761865744162,0,0
42029,1,44,0,2,0.13622463682539887,0,0
42049,1,32,0,2,0.2013209379144947,0,0
42067,2,13,0,2,0.20925826167464698,0,0
42071,1,57,0,2,0.20746503727060647,0,0
42077,1,34,0,2,0.19901741667051734,0,0
42083,3,22,0,2,0.1625758398401657,0,0
42087,3,13,1,2,0.20251108929707623,0,1
42093,2,9,0,2,0.17678026115515444,0,0
42095,1,26,1,2,0.18612730685883264,0,0
42113,3,13,0,2,0.20880016609553292,0,0
42117,3,25,0,2,0.18957918295646742,0,0
45015,2,17,1,2,0.3057455378825079,0,0
45025,4,11,1,2,0.32464698471451525,0,0
45033,4,11,1,2,0.3642237695907473,0,1
45043,3,5,1,2,0.26140205468885436,0,1
45049,4,13,1,2,0.3959075040630111,0,0
45051,3,16,1,2,0.27292587084813763,0,0
45055,3,13,1,2,0.2734009019756429,0,1
45061,4,12,0,2,0.3978916744696946,0,0
45065,1,11,0,2,0.32368769116619034,0,0
45077,3,15,1,2,0.21315837040623126,0,0
46015,2,6,0,2,0.20086978019297416,0,0
46019,3,8,0,2,0.24640266368450364,0,0
46033,3,9,1,2,0.23855488479216283,0,1
46065,1,3,1,2,0.1589673011327932,0,0
46077,1,9,1,2,0.17230199850901026,0,1
46091,1,10,1,2,0.18902981582828624,0,1
46099,1,23,1,2,0.16244072007665547,0,0
46102,4,11,0,2,0.5817954915457274,1,0
46107,1,5,0,2,0.19857140898060865,0,0
46129,1,7,1,2,0.18614417501707817,0,1
47011,3,8,1,2,0.26184770048217315,0,0
47013,4,11,1,2,0.310797822540093,0,0
47051,3,15,0,2,0.3115186241880924,0,0
47059,4,10,1,2,0.30291531479923167,0,0
47061,4,10,0,2,0.3070164799277123,0,0
47067,4,5,1,2,0.3335091273608394,0,1
47081,3,13,0,2,0.27648329166252844,0,0
47113,3,13,0,2,0.3220678781371487,0,1
47115,3,12,0,2,0.20579774957321362,0,0
47135,4,4,1,2,0.32377892670495556,0,1
47143,4,6,0,2,0.279536450304617,0,0
47145,2,10,1,2,0.23918092311525904,0,0
47151,4,9,0,2,0.2624167373350023,0,0
47161,2,8,0,2,0.26766811239333516,0,0
47175,4,7,1,2,0.3218494559058402,0,1
47177,4,6,1,2,0.3359702158021343,0,1
47185,4,5,1,2,0.3035263777325641,0,0
48007,4,5,1,2,0.3579623045654989,0,0
48009,2,10,1,2,0.3134345578027556,0,1
48011,1,6,0,2,0.27263690953943637,0,0
48015,2,13,1,2,0.3537753767920497,0,0
48019,2,7,1,2,0.3369338707044403,0,0
48023,2,2,1,2,0.29612740838066465,0,1
48025,4,11,1,2,0.44235286546057206,0,1
48027,3,23,0,2,0.36292152106900755,0,0
48041,3,9,0,2,0.2696786008015346,0,0
48045,4,4,0,2,0.420358028639506,0,0
48049,3,10,1,2,0.31908198842389,0,1
48069,3,10,0,2,0.3831515881833697,0,0
48085,1,38,0,2,0.19209079487960404,0,0
48089,2,18,1,2,0.3561190863944262,0,0
48105,2,6,0,2,0.3868423989121241,0,0
48107,4,9,0,2,0.42826118375487343,0,0
48111,1,3,0,2,0.3046247945516489,0,0
48121,1,37,0,2,0.228014665779535,0,0
48123,3,9,1,2,0.39119497458170427,0,0
48139,1,20,1,2,0.32489228220571953,0,0
48155,4,3,0,2,0.33175893177744614,0,0
48167,2,18,0,2,0.3086253738672158,0,1
48179,4,7,0,2,0.35649607709611486,0,0
48187,2,14,0,2,0.32134706613561625,0,1
48193,3,10,1,2,0.3291990796566416,0,1
48201,3,141,0,2,0.33159185246672607,0,0
48221,1,8,1,2,0.2861727759851497,0,0
48249,4,8,1,2,0.44015249979532733,0,1
48255,3,8,1,2,0.40635403862323044,0,0
48263,3,4,0,2,0.35376922282076584,0,0
48271,4,1,0,2,0.3738698214177711,0,0
48285,2,7,1,2,0.31872590805573,0,0
48291,3,14,1,2,0.36152558725826084,0,0
48297,3,10,0,2,0.413486241432707,0,0
48301,1,1,0,2,0.3772560167005587,0,0
48317,1,8,1,2,0.26122740720108906,0,1
48325,1,15,0,2,0.3229640891229461,0,0
48331,3,13,1,2,0.38654439802543145,0,0
48335,2,3,1,2,0.32627254481301887,0,1
48347,1,10,1,2,0.29839418685740227,0,1
48369,3,5,0,2,0.3615308221713893,0,0
48385,4,8,0,2,0.40477284025434696,0,0
48393,4,5,0,2,0.3560165075203487,0,0
48395,3,9,1,2,0.36079352362247696,0,0
48409,3,9,1,2,0.3802318474917574,0,0
48413,2,3,0,2,0.0696522973909124,0,0
48415,3,8,1,2,0.36828697542526845,0,0
48425,3,7,0,2,0.3518768584517565,0,0
48433,3,7,0,2,0.30518475590012206,0,0
48443,3,2,0,2,0.3745694501251609,0,0
48445,4,6,1,2,0.4698082130513283,0,1
48455,4,7,1,2,0.32010306842872666,0,0
48461,2,4,0,2,0.37136724622300155,0,0
48471,4,9,1,2,0.3368340216807951,0,0
48473,2,11,1,2,0.41163643449750903,0,1
48479,4,10,0,2,0.44655214032729273,0,1
48481,1,13,1,2,0.4083984576375493,0,0
48485,3,11,0,2,0.3791300683942717,0,1
48499,3,12,1,2,0.28522205258278355,0,0
48505,4,5,1,2,0.5066850857411931,1,0
49003,2,20,1,2,0.29960946744573635,0,1
49013,2,12,0,2,0.35718514510118615,0,0
49015,2,9,0,2,0.3100193871522496,0,0
49023,2,6,0,2,0.29662075995587484,0,0
49025,2,7,0,2,0.2613026061508136,0,0
49031,3,6,0,2,0.25232855312302294,0,0
49037,3,12,1,2,0.34619362689981037,0,0
49045,1,8,0,2,0.3355943215586118,0,0
50001,1,20,1,2,0.11570914485232954,0,1
50009,3,10,0,2,0.15634050174923034,0,0
50011,1,17,0,2,0.12776856509840898,0,0
51003,2,24,1,2,0.13584813940011312,0,0
51013,1,11,1,2,0.09689487033344873,0,0
51019,1,18,1,2,0.17200398388163918,0,1
51021,2,6,0,2,0.19692020590307732,0,0
51027,4,16,1,2,0.29809358478421194,0,0
51031,3,14,1,2,0.22810445795028841,0,1
51036,2,4,1,2,0.29823057724077434,0,1
51045,1,5,0,2,0.1606217196174715,0,0
51047,1,18,1,2,0.20984377982027355,0,1
51061,1,24,1,2,0.14450404752705925,0,1
51063,2,11,1,2,0.18981880611807622,0,0
51075,1,15,1,2,0.13742434990419664,0,0
51081,4,4,1,2,0.3233141225544952,0,1
51093,1,8,1,2,0.23319588858124632,0,1
51153,1,19,1,2,0.13005622099398528,0,0
51155,3,8,0,2,0.2206685945989156,0,0
51157,1,10,0,2,0.17530535429341265,0,0
51183,1,11,0,2,0.3270251436254037,0,0
51510,1,8,1,2,0.12539844390883728,0,0
51520,4,2,1,2,0.31270149950923076,0,0
51540,3,4,0,2,0.1450332820480378,0,0
51580,3,1,0,2,0.23334078119837648,0,0
51620,3,1,0,2,0.31353815008716,0,0
51685,1,1,0,2,0.14757845220550941,0,0
51700,3,8,1,2,0.24752005365822752,0,0
51720,4,1,0,2,0.28599835480642566,0,0
51740,1,8,1,2,0.31597145355557926,0,0
51840,3,1,1,2,0.20626447385935665,0,0
53009,2,9,0,2,0.17819633386016062,0,0
53017,2,13,1,2,0.24441901924753806,0,0
53041,2,23,1,2,0.21805512490373746,0,1
53045,2,15,1,2,0.22685344624434742,0,1
54001,4,12,0,2,0.2806744680790434,0,0
54017,3,10,0,2,0.26492999243365994,0,0
54041,4,11,1,2,0.302358931697476,0,0
54047,4,36,0,2,0.33938408105891654,0,0
54049,3,18,1,2,0.2471156978511758,0,1
54055,4,19,0,2,0.29985795487176864,0,0
54067,3,25,1,2,0.31900949355594327,0,0
54069,2,6,1,2,0.24947648191466779,0,1
54079,2,17,1,2,0.26845273988891205,0,0
54093,2,10,0,2,0.2414041671850812,0,0
55005,2,19,1,2,0.14781064845789652,0,1
55007,2,15,1,2,0.15967182495385204,0,0
55009,1,19,1,2,0.14524416448838767,0,0
55013,3,11,0,2,0.1577659387844989,0,0
55027,1,31,1,2,0.17577619174619744,0,0
55041,3,11,0,2,0.18835348579421837,0,0
55047,2,12,0,2,0.19629873512115484,0,0
55051,3,12,0,2,0.17156146886522652,0,0
55075,3,16,1,2,0.17392978532217104,0,0
55078,4,4,1,2,0.3411582717936467,0,1
55085,1,14,1,2,0.13100048698784064,0,1
55087,1,24,1,2,0.145658690449392,0,0
55089,1,13,1,2,0.13891799027370447,0,1
55091,1,6,0,2,0.14453239342459734,0,0
55101,2,16,0,2,0.19567243194652162,0,0
55107,3,14,0,2,0.15181392816880696,0,0
55111,1,17,1,2,0.149442780873896,0,1
55121,1,14,1,2,0.1472915432591493,0,0
55139,1,18,1,2,0.16536480268776588,0,0
56031,2,5,1,2,0.29062335701739433,0,1
01001,3,10,1,3,0.26458062172207836,0,1
01011,4,7,1,3,0.32193125209326434,0,1
01013,4,8,0,3,0.332292733995203,0,0
01017,4,10,1,3,0.31117632342973683,0,1
01021,3,14,1,3,0.30191677015628965,0,0
01035,4,13,1,3,0.34457332733873647,0,1
01041,3,11,0,3,0.28583142636421144,0,0
01045,3,14,1,3,0.27773618133007805,0,1
01047,4,10,1,3,0.31825626286441383,0,0
01055,3,14,1,3,0.2808790800085009,0,1
01077,3,9,1,3,0.2612940115963156,0,0
01079,3,10,1,3,0.3107003124783634,0,1
01083,2,15,1,3,0.2758272870590209,0,0
01093,4,12,1,3,0.26400399675363473,0,1
01101,1,24,1,3,0.274445422259071,0,0
01107,4,8,1,3,0.2982431728573704,0,0
04003,3,23,0,3,0.1972486521567313,0,1
04007,4,13,0,3,0.2990210363455319,0,1
04011,2,3,0,3,0.22936421712726,0,0
04023,4,9,1,3,0.36915302846331294,0,1
05003,4,7,1,3,0.3206183157999324,0,0
05011,4,7,1,3,0.31813853546591664,0,1
05031,1,16,1,3,0.3083727451459491,0,0
05033,3,11,1,3,0.3400110399903424,0,1
05097,4,9,1,3,0.34283726313379076,0,1
05107,4,12,1,3,0.41624317621727047,0,0
05113,4,7,1,3,0.33451103829526585,0,0
05129,4,10,1,3,0.32961195495136564,0,1
05133,4,7,1,3,0.3523429666255287,0,0
05139,4,10,1,3,0.31553539782140705,0,1
05141,4,12,1,3,0.2947897850066525,0,0
05143,3,20,0,3,0.2299668055035266,0,0
05149,4,13,1,3,0.33370221332147054,0,0
06003,1,3,0,3,0.220832282182804,0,0
06009,1,20,1,3,0.22061046076177715,0,1
06021,3,7,1,3,0.36631613275091873,0,0
06031,4,12,1,3,0.37796790250679485,0,0
06033,3,15,1,3,0.31645083006114827,0,1
06039,4,18,0,3,0.38102739885771975,0,0
06041,1,29,1,3,0.12061706326636713,0,0
06047,4,24,0,3,0.3687806861594016,0,1
06051,1,9,0,3,0.24272555128673773,0,0
06067,2,57,0,3,0.2662233270602578,0,0
06069,2,7,1,3,0.25572294845847426,0,0
06081,1,30,0,3,0.14418563825517827,0,0
06083,2,24,1,3,0.21435105063794768,0,0
06107,4,41,0,3,0.4033581561243194,0,0
06113,3,19,1,3,0.2562963897886925,0,0
08009,4,8,1,3,0.25658127300515415,0,1
08013,1,22,1,3,0.22598169278458377,0,0
08015,2,5,0,3,0.13874259117872245,0,0
08025,4,6,0,3,0.2611776207468323,0,0
08033,1,5,0,3,0.1881989349160206,0,0
08037,1,13,1,3,0.12795808221526786,0,0
08039,1,14,0,3,0.17846485815876958,0,0
08045,1,8,1,3,0.17496578268976787,0,1
08053,1,3,0,3,0.14352975988737535,0,0
08063,2,6,0,3,0.22483077053635242,0,0
08089,4,7,0,3,0.3058034187547445,0,0
08097,1,7,0,3,0.136489551620451,0,0
08099,3,6,1,3,0.22495800449994538,0,1
08101,3,15,1,3,0.31868136816530357,0,0
08113,1,7,1,3,0.1021358841996984,0,1
09009,1,41,1,3,0.1445938474982776,0,0
10001,1,18,1,3,0.2636084553761137,0,0
12001,3,23,1,3,0.16299998820772124,0,0
12011,2,53,0,3,0.15891671434937285,0,0
12027,4,4,0,3,0.31698567305497083,0,0
12041,4,5,1,3,0.21270291201480007,0,0
12045,2,2,0,3,0.18904486217791805,0,0
12057,2,56,0,3,0.1582736445392258,0,0
12069,2,28,0,3,0.20323582713485458,0,0
12071,1,38,0,3,0.16129800662734553,0,0
12086,3,79,0,3,0.21846459904175825,0,0
12095,3,46,0,3,0.15670847457329626,0,0
12099,2,53,0,3,0.14833824178009633,0,0
12105,3,41,0,3,0.20607796533983047,0,0
12111,2,17,1,3,0.19706591410781477,0,0
12113,1,9,1,3,0.14707179912090887,0,0
12119,1,11,1,3,0.1983222476960752,0,0
12125,1,5,0,3,0.16339769677765337,0,0
13037,4,6,0,3,0.39805877268685896,0,0
13039,3,8,1,3,0.21100044533606144,0,1
13055,4,6,1,3,0.28528056462211665,0,0
13057,1,15,1,3,0.1256437262780272,0,0
13069,4,10,1,3,0.3551736315635472,0,1
13073,1,7,1,3,0.15534312842162284,0,0
13075,4,5,1,3,0.32519341614441666,0,0
13083,3,5,1,3,0.22162175731666542,0,0
13089,1,36,0,3,0.2031605377932662,0,0
13113,1,8,1,3,0.15314543988989007,0,0
13117,1,10,0,3,0.10178420650520131,0,0
13119,3,10,1,3,0.2468200632500007,0,0
13121,1,46,0,3,0.17869084898317533,0,0
13133,3,7,0,3,0.2870955590965548,0,0
13143,3,7,0,3,0.23087874694653956,0,0
13147,4,8,0,3,0.2584862455719156,0,0
13149,3,6,1,3,0.23772920678029164,0,1
13155,4,7,1,3,0.3557201908896329,0,1
13163,4,9,1,3,0.37578268874577386,0,0
13165,4,5,1,3,0.3826355254679608,0,1
13177,2,7,0,3,0.2720042292881775,0,0
13179,1,9,1,3,0.21731005585330027,0,1
13211,1,9,0,3,0.22012857585483456,0,0
13229,4,7,0,3,0.30898531283476893,0,0
13237,4,5,1,3,0.30938165927928174,0,0
13249,3,7,0,3,0.25477280179874534,0,0
13269,1,6,0,3,0.1524670779785028,0,0
13279,4,3,1,3,0.32454344740515884,0,0
13301,4,9,1,3,0.40231783982725733,0,1
13303,4,10,1,3,0.37100020976654413,0,0
13321,4,12,0,3,0.3871314164429289,0,0
16001,1,17,1,3,0.14512159735583796,0,0
16005,3,10,0,3,0.2934934541984342,0,0
16007,3,10,0,3,0.01910354339184527,0,0
16009,3,9,0,3,0.32010277708199564,0,0
16013,2,8,1,3,0.23540633822561072,0,0
16033,4,3,0,3,0.19581527438343954,0,0
16045,2,7,1,3,0.22372564336074524,0,0
16047,3,6,1,3,0.3339237569819118,0,0
16063,3,6,0,3,0.28393931002133244,0,0
16073,3,12,1,3,0.28245787150262697,0,1
16077,4,4,0,3,0.3312341418629894,0,0
17003,1,8,1,3,0.11116565397740534,0,1
17037,2,22,0,3,0.22867155883826457,0,0
17039,2,13,1,3,0.2516015675173266,0,0
17047,2,6,0,3,0.23049353547421297,0,0
17051,3,20,0,3,0.2851354296563664,0,0
17063,1,16,1,3,0.2226302894453828,0,0
17117,2,28,1,3,0.22327272120775737,0,0
17127,3,8,1,3,0.29704040800842146,0,0
17131,1,18,0,3,0.23496603574135155,0,0
17133,1,9,1,3,0.12937007599860176,0,1
17139,2,11,0,3,0.2313180099407413,0,0
17141,2,27,1,3,0.22000716366520023,0,1
17143,1,27,0,3,0.2240719038846763,0,0
17145,3,12,0,3,0.27559778986915073,0,0
17163,2,34,0,3,0.2646187039215271,0,1
17167,2,29,1,3,0.18900786051274254,0,0
17173,2,22,1,3,0.23044215172922078,0,0
17195,2,15,0,3,0.24475138883500133,0,0
18001,3,8,1,3,0.30216584484704856,0,1
18065,3,22,0,3,0.3328171562255859,0,0
18097,3,40,0,3,0.2758490049626192,0,0
18129,1,7,1,3,0.25030589364777805,0,0
18171,2,11,0,3,0.24683043347059808,0,0
18177,3,17,1,3,0.3135106171510037,0,1
19005,2,10,0,3,0.17217258812397784,0,0
19025,2,14,0,3,0.2828877958034117,0,0
19035,2,15,0,3,0.29232899666300116,0,0
19049,1,25,1,3,0.174394373965881,0,0
19063,2,7,0,3,0.2358041444854443,0,0
19065,2,24,0,3,0.2378533774501695,0,0
19073,2,13,0,3,0.2280305475535947,0,0
19081,2,13,0,3,0.19643639221145986,0,0
19099,1,19,1,3,0.22266553262804584,0,1
19107,2,19,0,3,0.2334082484886506,0,0
19111,3,12,1,3,0.2799733732392805,0,0
19117,2,9,0,3,0.2230369114583585,0,0
19127,2,21,1,3,0.25859931922479895,0,1
19135,2,7,0,3,0.21212097816882924,0,0
19141,2,14,0,3,0.21142651279422864,0,0
19157,2,17,1,3,0.20182112709255154,0,0
19193,2,25,1,3,0.21838218566860218,0,0
20001,3,11,1,3,0.37174802698516485,0,0
20007,3,11,0,3,0.26187811679951306,0,0
20019,4,10,1,3,0.35150949841914086,0,1
20043,2,10,0,3,0.20796777040681208,0,0
20053,2,9,0,3,0.22612401919814962,0,0
20057,4,10,1,3,0.35214590304663673,0,1
20073,3,11,1,3,0.35481709443894716,0,1
20075,2,4,0,3,0.3169173716877185,0,0
20077,3,10,0,3,0.29379623620940987,0,0
20095,1,12,1,3,0.25232832762248375,0,1
20101,3,5,0,3,0.3051938061521281,0,0
20111,3,12,1,3,0.35965832170310863,0,0
20117,2,13,0,3,0.31411507857601595,0,0
20135,3,9,1,3,0.14960970805663706,0,1
20153,3,10,0,3,0.26024410640337753,0,0
20163,2,10,1,3,0.17766104793007037,0,1
20179,1,11,1,3,0.30443824772422456,0,1
20183,2,10,0,3,0.23388372203080302,0,0
20193,3,8,0,3,0.2804358783147723,0,0
21027,3,18,1,3,0.3034455199577014,0,0
21041,4,8,1,3,0.28915538478702785,0,1
21051,4,10,1,3,0.29683453947462113,0,0
21075,4,3,1,3,0.4224111172733126,0,1
21085,4,9,1,3,0.3242582978901353,0,0
21101,3,8,1,3,0.31281977650117154,0,0
21111,2,41,0,3,0.23580937528379498,0,0
21119,4,24,1,3,0.27058901403586555,0,0
21125,4,8,1,3,0.27128635484801106,0,1
21129,4,6,0,3,0.22255259131953317,0,0
21135,4,9,0,3,0.30528260361136417,0,0
21143,3,4,0,3,0.34261426336255807,0,0
21145,3,7,1,3,0.2977181998903151,0,1
21169,4,10,0,3,0.32360374078625376,0,0
21173,4,5,1,3,0.2678285361399151,0,0
21177,3,17,0,3,0.3176484176949406,0,0
21185,1,11,1,3,0.13825001936603737,0,0
21187,3,9,0,3,0.2690158779822394,0,0
21195,4,39,1,3,0.21693902734032317,0,0
21197,4,4,1,3,0.2416945834504327,0,1
21235,4,7,1,3,0.262893275502293,0,0
22001,4,15,1,3,0.30247410607194464,0,1
22007,4,9,0,3,0.26756340085528324,0,0
22011,3,9,1,3,0.29315218286828937,0,1
22013,4,13,1,3,0.37370391603891306,0,0
22017,4,25,0,3,0.3380747736410687,0,1
22019,3,16,1,3,0.29324683367185866,0,0
22029,4,5,0,3,0.37379601695634534,0,0
22041,4,7,1,3,0.4275763480336437,0,0
22045,4,10,1,3,0.31945904281185244,0,0
22047,3,8,1,3,0.33145290353187856,0,1
22065,4,4,1,3,0.38239788182780254,0,1
22075,2,9,0,3,0.2984039626405115,0,0
22077,3,17,1,3,0.32358770157527295,0,0
22079,4,27,1,3,0.29081906063415985,0,0
22085,4,12,0,3,0.3545647667718122,0,0
22101,4,8,1,3,0.27421701915450564,0,0
22103,2,17,1,3,0.1799787040947916,0,0
22121,2,5,1,3,0.3249653512017334,0,0
22123,4,4,1,3,0.32213349330559904,0,1
23011,2,27,1,3,0.13180923445603474,0,0
23023,1,8,0,3,0.11197404555938754,0,0
23025,4,24,1,3,0.20476223355550074,0,0
24025,1,24,0,3,0.1746955099020097,0,1
24027,1,24,1,3,0.10020544667175693,0,0
24029,2,9,1,3,0.24920463101295445,0,0
24033,1,39,0,3,0.1136584641222951,0,1
24039,1,11,1,3,0.20352975681501564,0,0
24047,2,12,1,3,0.2433993645097572,0,1
25005,2,36,1,3,0.1342413604022311,0,0
26005,2,24,1,3,0.23354330635431939,0,0
26023,3,13,1,3,0.29471178767181205,0,0
26065,1,22,1,3,0.36860482577816034,0,0
26067,2,21,1,3,0.2274389953495036,0,0
26069,3,12,0,3,0.21310127452380304,0,0
26073,4,15,1,3,0.2086771330024848,0,1
26079,3,8,0,3,0.2228750763079322,0,0
26097,3,15,0,3,0.2376278534925754,0,0
26105,3,10,0,3,0.21606982630411972,0,0
26123,3,21,1,3,0.2305049074719715,0,1
26131,3,12,0,3,0.20362075746702277,0,0
26135,3,8,0,3,0.21174909621072735,0,0
26159,3,22,1,3,0.25600734885620674,0,0
27001,2,12,1,3,0.20947590154184292,0,0
27007,3,18,1,3,0.22431243168043022,0,0
27011,2,10,0,3,0.21051380092217756,0,0
27013,3,20,0,3,0.18581496423622798,0,0
27019,1,18,0,3,0.12996875413336723,0,0
27039,1,10,0,3,0.17883118382001884,0,0
27061,2,30,1,3,0.2287208540416041,0,1
27065,2,9,0,3,0.21722326028304334,0,0
27069,1,11,0,3,0.20699354061389977,0,0
27071,2,13,0,3,0.21156535524013073,0,0
27075,1,8,0,3,0.1510105161156356,0,0
27077,1,4,0,3,0.01329185410166154,0,0
27083,3,14,1,3,0.19291847132602516,0,0
27089,1,15,0,3,0.23845552092891242,0,0
27091,2,15,0,3,0.22811847788136924,0,0
27113,1,7,0,3,0.22195536511239194,0,0
27117,2,9,0,3,0.23457792265879315,0,0
27135,1,11,1,3,0.21203961113803924,0,0
27139,1,10,1,3,0.1321532661686787,0,0
27143,1,16,0,3,0.1953841192710556,0,0
27147,1,11,0,3,0.22459380162423087,0,0
27155,1,9,0,3,0.2139076655231815,0,0
28011,4,17,1,3,0.3969944344777058,0,1
28017,4,8,0,3,0.2655693863650749,0,0
28055,4,6,0,3,0.1812825213139633,0,0
28057,3,10,1,3,0.22387691391142855,0,0
28069,4,11,1,3,0.2799619821851524,0,1
28071,4,13,1,3,0.09693157887115522,0,0
28073,3,6,1,3,0.15336126064750982,0,0
28087,3,8,1,3,0.23428426329718746,0,0
28101,4,11,1,3,0.24736554320907567,0,0
28105,4,6,0,3,0.21960652178730103,0,0
28127,3,10,1,3,0.24381793649872174,0,0
28141,4,9,1,3,0.2391824803126428,0,0
28145,3,11,1,3,0.18541408590300626,0,0
28149,4,3,0,3,0.2539534591523678,0,0
28155,4,10,0,3,0.2408393025922702,0,0
28157,4,4,0,3,0.1787811585230789,0,0
29011,4,8,1,3,0.36650180842030705,0,1
29031,3,19,1,3,0.269091881295604,0,1
29043,1,21,1,3,0.16409998425007843,0,1
29047,1,23,0,3,0.2555316881222652,0,0
29059,4,13,1,3,0.3076314237247754,0,0
29069,4,14,1,3,0.4137453271137434,0,1
29071,1,23,1,3,0.27684477056572177,0,0
29077,3,21,0,3,0.22936425999212687,0,0
29085,4,13,1,3,0.284970985297383,0,1
29087,3,6,0,3,0.33257968851649,0,0
29089,3,10,0,3,0.2702085634190047,0,0
29091,4,12,1,3,0.3323780505389634,0,0
29093,3,16,1,3,0.29995485239669095,0,1
29097,3,19,0,3,0.29925735532195197,0,1
29107,2,16,1,3,0.2945170628149513,0,1
29111,3,12,0,3,0.3113643977160309,0,0
29127,3,10,1,3,0.2849136821565934,0,0
29129,2,7,0,3,0.25343609200507383,0,0
29131,3,17,1,3,0.2530790025339627,0,0
29147,4,18,1,3,0.26362154790472764,0,0
29159,3,15,1,3,0.2798223141206767,0,1
29186,2,8,1,3,0.2453142106970603,0,0
29199,3,10,1,3,0.35013637610371473,0,1
29201,4,14,1,3,0.37293261830327634,0,1
29213,3,20,1,3,0.27541176564838477,0,1
29229,4,11,1,3,0.33665802728344807,0,0
30009,1,13,0,3,0.21704259418200228,0,0
30033,2,8,0,3,0.22674940270646168,0,0
30051,4,5,0,3,0.33795640116183623,0,0
30057,1,18,0,3,0.17705408163981337,0,0
30061,4,5,1,3,0.26458538204562576,0,1
30069,2,4,0,3,0.23100350072456646,0,0
30077,2,8,0,3,0.22688642111821009,0,0
30087,3,8,1,3,0.3181702076581332,0,1
30095,1,10,0,3,0.18141618756527952,0,0
30099,2,12,0,3,0.253632268245175,0,0
30105,3,12,1,3,0.2831347254623538,0,1
30109,2,2,0,3,0.24569175205330218,0,0
31005,2,8,0,3,0.2445138913558794,0,0
31019,1,14,0,3,0.19573597920808694,0,0
31025,1,20,1,3,0.20511094743851027,0,0
31059,1,14,0,3,0.1309207903056814,0,0
31061,2,8,1,3,0.2331879101863114,0,1
31067,2,18,1,3,0.26202618763477886,0,0
31081,1,14,0,3,0.21026288766091672,0,0
31091,1,1,0,3,0.2891864245753045,0,0
31103,2,4,0,3,0.12873167068309355,0,0
31113,2,3,0,3,0.20811675007794653,0,0
31123,2,7,0,3,0.27990513941772477,0,0
31131,1,19,1,3,0.219761608533703,0,0
31181,2,8,0,3,0.22775116986435429,0,0
31185,1,15,1,3,0.17900895866692784,0,0
32007,1,14,1,3,0.33316713384101304,0,1
33009,1,37,1,3,0.10229473975014565,0,0
33017,1,17,0,3,0.11837110092121103,0,0
33019,2,19,0,3,0.11823742262636078,0,0
34003,1,66,0,3,0.1075863982705635,0,0
34007,1,35,0,3,0.15804995590361443,0,0
34011,1,22,1,3,0.21274959105942534,0,0
34023,1,44,0,3,0.12630623161162452,0,0
34035,1,32,1,3,0.09975185132644857,0,0
35005,4,9,1,3,0.4255320078963507,0,1
35011,4,1,0,3,0.3067342658006174,0,0
35015,3,8,1,3,0.031123931780836507,0,1
35028,1,1,0,3,0.11885092348637577,0,0
35035,4,18,1,3,0.33791908633118234,0,0
35037,4,10,1,3,0.3154349934543686,0,1
36005,4,28,0,3,0.2994312196221572,0,0
36011,1,26,1,3,0.19190209309085662,0,0
36013,3,36,1,3,0.18785376684351224,0,0
36037,2,18,1,3,0.17424178013136601,0,1
36041,2,13,1,3,0.12535941288802202,0,1
36067,2,55,0,3,0.18468402503282522,0,0
36073,3,15,1,3,0.2462234736329597,0,0
36079,1,12,0,3,0.09639587802792977,0,0
36083,2,29,1,3,0.13582296979917158,0,0
36089,3,49,1,3,0.1859509500923835,0,0
36119,1,77,0,3,0.1353620969282937,0,0
37009,1,12,0,3,0.1424653935417157,0,0
37011,3,10,0,3,0.16387409900289857,0,0
37025,2,16,1,3,0.16021570418953524,0,0
37027,3,10,1,3,0.18102075587737299,0,1
37029,2,5,0,3,0.19038068737379887,0,0
37031,2,19,1,3,0.17114333947986424,0,0
37037,1,18,1,3,0.12157903532503786,0,1
37063,2,16,1,3,0.1343119237865227,0,0
37069,3,13,1,3,0.19751845281252403,0,0
37075,4,2,0,3,0.21481039568140106,0,0
37091,4,9,1,3,0.3466477239534266,0,0
37093,3,9,1,3,0.2321346530508747,0,1
37107,4,10,1,3,0.2662675648434618,0,0
37127,3,15,1,3,0.23422025159248194,0,0
37137,3,9,0,3,0.24041420894776955,0,0
37141,3,13,1,3,0.1771256118117608,0,1
37149,2,7,0,3,0.14152616349754374,0,0
37155,4,13,0,3,0.28372891995761507,0,1
37161,1,16,1,3,0.15988459191060833,0,1
37165,4,7,1,3,0.3157918820788623,0,1
37177,4,3,0,3,0.28150963124401596,0,0
37183,1,39,0,3,0.10378514361991165,0,0
37191,1,14,1,3,0.22966267617880898,0,0
37195,4,17,1,3,0.22006717198032363,0,0
37197,3,7,0,3,0.2143834090769186,0,0
38001,1,6,0,3,0.3030565720272016,0,0
38011,1,5,0,3,0.2042292394767478,0,0
38017,1,29,0,3,0.18630574810634726,0,0
38019,1,16,0,3,0.21848026437766924,0,0
38021,1,8,0,3,0.21499847042807338,0,0
38031,1,8,0,3,0.1880624454907656,0,0
38047,1,7,0,3,0.23606997829056592,0,0
38053,1,12,0,3,0.20539726323318191,0,0
38057,1,10,0,3,0.230685327813765,0,0
38071,1,12,0,3,0.07272992533518506,0,0
39013,2,27,1,3,0.23349466530233773,0,0
39017,2,17,1,3,0.2603101252361837,0,0
39019,2,20,1,3,0.23738705724082942,0,0
39021,1,17,0,3,0.2928497554408585,0,0
39023,3,22,1,3,0.3064489274051475,0,0
39043,2,13,0,3,0.2771773524878732,0,0
39061,1,57,0,3,0.2136402781597982,0,1
39071,4,15,1,3,0.3304020855211624,0,1
39077,2,14,1,3,0.2649085392042222,0,1
39083,2,16,0,3,0.25971446029084333,0,0
39089,2,28,1,3,0.22152009632642125,0,0
39099,2,36,1,3,0.2717696648182898,0,0
39123,2,18,1,3,0.2965150606936213,0,0
39137,1,17,1,3,0.21694968094374983,0,0
39139,1,19,1,3,0.23288381073298078,0,0
39151,1,42,1,3,0.23982273663266118,0,0
39157,2,27,0,3,0.2117853599602129,0,0
39163,4,15,0,3,0.29228768751384715,0,0
39169,2,25,1,3,0.22311004469267165,0,1
39173,2,32,1,3,0.2578965648680127,0,0
40011,3,13,1,3,0.3932131940826386,0,1
40017,1,13,1,3,0.2722980608996376,0,0
40033,3,11,0,3,0.42575389666126473,0,0
40039,4,13,1,3,0.3886157651979504,0,0
40047,1,22,1,3,0.2808244827284354,0,1
40049,3,13,1,3,0.3783590738096879,0,0
40055,4,4,1,3,0.3725334752991478,0,1
40057,4,6,0,3,0.3650123608532454,0,0
40071,4,10,1,3,0.39872424358494185,0,1
40087,1,12,0,3,0.32764928403711635,0,0
40097,4,17,1,3,0.41936411224417947,0,1
40099,3,7,1,3,0.42110436335962137,0,0
40101,4,15,1,3,0.4274119790567937,0,0
40103,2,11,0,3,0.31264741749101876,0,0
40105,3,7,1,3,0.43276857435913424,0,1
40107,4,11,1,3,0.4384602211212293,0,1
40119,1,14,1,3,0.41433495160107864,0,0
40129,3,9,0,3,0.34649943836402486,0,0
40131,1,12,1,3,0.3389028170111519,0,0
40149,3,18,1,3,0.34891758986944726,0,1
41025,2,10,0,3,0.2931533788862058,0,0
41039,3,39,1,3,0.21335218979830972,0,0
41053,2,11,1,3,0.2123220261774308,0,0
41069,4,5,0,3,0.3184687285006533,0,0
42001,1,17,1,3,0.18820304987460412,0,0
42003,1,114,0,3,0.12641738534583147,0,0
42005,2,36,1,3,0.1651459339588206,0,0
42025,2,20,1,3,0.18480148467078167,0,0
42031,3,31,0,3,0.18879646097959651,0,0
42039,3,27,1,3,0.18695819667660823,0,1
42043,2,30,1,3,0.21263227197025156,0,0
42055,1,30,1,3,0.175931080882794,0,0
42059,2,26,1,3,0.1557399349901647,0,0
42081,2,25,1,3,0.15835929072648103,0,0
42091,1,69,0,3,0.14409947327934527,0,0
42097,2,28,1,3,0.21095037331063302,0,0
42101,4,46,0,3,0.25386518647634,0,1
42107,2,59,1,3,0.2164579982873394,0,0
42109,2,15,1,3,0.19060511962174903,0,0
42119,1,14,1,3,0.15613309073184656,0,1
42127,2,30,1,3,0.14369102528905417,0,1
44003,1,9,1,3,0.13745226867151017,0,0
45001,4,13,1,3,0.3243649303816713,0,0
45017,4,7,1,3,0.350255984908881,0,0
45023,4,10,1,3,0.36679965615056653,0,1
45029,4,14,1,3,0.348190865858136,0,1
45039,4,9,1,3,0.3533882655403117,0,0
45045,1,27,0,3,0.19656434501036543,0,0
45047,4,9,1,3,0.3204861420021893,0,0
45059,4,16,1,3,0.3081480204358851,0,0
45071,3,11,0,3,0.33076790063615935,0,0
45087,4,9,1,3,0.3349093572937509,0,0
46003,1,9,0,3,0.21932680464893262,0,0
46005,3,11,0,3,0.18851410541198377,0,0
46011,2,12,0,3,0.14046745418613335,0,0
46035,2,6,1,3,0.21157152647375913,0,0
46047,3,7,0,3,0.2577864971947591,0,0
46069,1,5,0,3,0.1553988261456606,0,0
46071,4,12,0,3,0.36965044246070966,0,0
46081,1,9,0,3,0.24820928593626354,0,0
46085,2,9,0,3,0.28833750433837824,0,0
46097,1,9,0,3,0.17586319766090688,0,0
46101,2,13,0,3,0.185141286453801,0,0
46103,2,20,1,3,0.18524997832958548,0,0
46105,2,9,0,3,0.2613236704473854,0,0
46117,1,4,0,3,0.192826964483665,0,0
47001,3,11,1,3,0.22098834694600822,0,1
47003,3,13,1,3,0.2792371977328521,0,1
47029,4,8,0,3,0.3209623340189424,0,0
47035,3,11,1,3,0.24245249944077393,0,0
47043,2,11,1,3,0.2700561635384645,0,1
47057,4,9,0,3,0.31399021798842097,0,0
47063,4,7,1,3,0.31589370016535334,0,1
47069,4,12,1,3,0.3051598934113242,0,0
47071,4,13,1,3,0.2944340491197193,0,0
47085,3,4,1,3,0.3067407611046864,0,0
47087,4,11,0,3,0.2667306907903441,0,0
47089,3,10,1,3,0.24313967237052517,0,1
47117,3,12,1,3,0.24017212660238213,0,1
47125,3,15,1,3,0.2576926304988559,0,0
47131,4,12,1,3,0.33363649923254735,0,1
47133,3,11,0,3,0.2974741817870631,0,0
47137,4,6,0,3,0.26967042834608596,0,0
47141,1,10,1,3,0.32913927760234984,0,0
47149,1,20,1,3,0.26783340804194006,0,0
48013,3,15,1,3,0.43061135239045595,0,0
48047,4,2,1,3,0.517083192279404,1,1
48053,2,13,1,3,0.310594422222545,0,1
48059,2,9,0,3,0.27746350901230676,0,0
48075,4,4,1,3,0.3095861158846895,0,1
48083,2,15,1,3,0.29314208146308424,0,1
48087,4,5,1,3,0.31155935204548174,0,1
48093,2,14,1,3,0.30513744605713644,0,0
48109,4,2,1,3,0.01387995857147122,0,1
48117,4,6,1,3,0.41454082050612856,0,0
48119,3,7,1,3,0.3429892055984426,0,1
48135,2,8,1,3,0.31376600571952445,0,0
48147,2,19,1,3,0.32786473088273566,0,1
48153,3,6,0,3,0.3509494837579068,0,0
48159,1,7,1,3,0.24124964902252913,0,1
48161,4,9,1,3,0.3380257003844254,0,0
48169,4,4,1,3,0.38161232274631873,0,1
48185,3,11,1,3,0.39877168852358236,0,0
48191,4,6,0,3,0.35863437916899565,0,0
48195,4,3,0,3,0.39604103483740793,0,0
48209,2,14,1,3,0.23532897198086775,0,0
48223,3,13,1,3,0.3126763500172151,0,1
48231,3,17,0,3,0.3628302649152072,0,1
48239,2,10,1,3,0.3416455707644852,0,0
48247,4,1,1,3,0.4840316772683972,0,1
48257,2,13,0,3,0.33184533815919554,0,1
48279,4,13,0,3,0.3560305253889252,0,0
48281,2,6,1,3,0.33417646193161515,0,0
48287,2,9,1,3,0.3060913581040202,0,0
48289,3,8,1,3,0.33753230638633075,0,0
48305,3,7,0,3,0.3331851480767155,0,0
48311,3,7,0,3,0.3849167990101882,0,0
48315,4,7,1,3,0.31451612125207895,0,1
48329,1,9,1,3,0.2513330552728372,0,0
48333,2,8,0,3,0.32474018623644085,0,0
48337,3,10,1,3,0.3945825583802986,0,0
48345,3,6,0,3,0.2822888443504357,0,0
48349,4,17,1,3,0.3734688321271004,0,1
48355,3,26,0,3,0.3848397846195576,0,0
48361,2,4,1,3,0.305046022845483,0,0
48373,3,9,1,3,0.32562181569994847,0,1
48375,4,16,1,3,0.37925087803451685,0,0
48383,2,2,0,3,0.3706528040279763,0,0
48391,3,5,1,3,0.3926839053338946,0,1
48405,4,4,1,3,0.3331135755942064,0,1
48431,2,2,0,3,0.3783006101741321,0,0
48437,4,5,1,3,0.4182874072263034,0,1
48439,1,74,0,3,0.2977089014771493,0,0
48483,3,6,0,3,0.29939746219464725,0,0
48503,2,6,1,3,0.34670427760318806,0,0
48507,4,4,1,3,0.4941170647214356,0,1
49007,3,6,0,3,0.3405818654414061,0,0
49021,4,10,1,3,0.23624118742220943,0,1
49027,3,11,0,3,0.2567750011317236,0,0
49053,2,21,0,3,0.23036472477695696,0,1
50021,1,29,1,3,0.11584231157612773,0,0
50023,1,26,1,3,0.1074381419547176,0,1
51015,2,27,1,3,0.20005480490744648,0,1
51025,3,16,1,3,0.29516642788729175,0,0
51029,3,11,0,3,0.26053313493298447,0,0
51035,3,17,0,3,0.25206583071034655,0,0
51041,1,16,0,3,0.146498500238694,0,0
51057,4,8,1,3,0.3105622125886284,0,1
51071,2,10,0,3,0.17561679680873463,0,0
51083,3,14,1,3,0.29803353603707405,0,1
51097,2,14,0,3,0.23314637645387357,0,0
51099,1,3,0,3,0.1416904792189708,0,0
51119,1,12,1,3,0.21885709449114726,0,1
51131,3,11,1,3,0.1804532489550715,0,1
51143,4,20,1,3,0.2865248586654426,0,0
51147,1,12,1,3,0.00014300312732067638,0,0
51149,3,7,1,3,0.26686499926573637,0,1
51159,3,5,1,3,0.27435428569152087,0,1
51177,1,13,1,3,0.13544058704114587,0,0
51181,3,10,0,3,0.29319185779399803,0,0
51185,1,18,1,3,0.13468700432944217,0,0
51590,4,2,1,3,0.2867733920406962,0,1
51630,3,3,1,3,0.17866835811590873,0,0
51660,1,3,1,3,4.5007680776055e-07,0,1
51690,4,1,1,3,0.27819529171270074,0,0
51730,3,2,1,3,0.30261793687470195,0,1
51735,1,1,0,3,0.13562761848130636,0,0
51750,1,2,1,3,0.7634930285474584,1,0
51800,1,8,1,3,0.22799047233902792,0,1
51830,1,2,0,3,0.14360214150114414,0,0
53007,2,14,1,3,0.18790684591725915,0,0
53013,3,5,0,3,0.24982886848343402,0,0
53021,3,7,1,3,0.32544068825486105,0,0
53051,3,9,0,3,0.2696744951680077,0,0
53053,1,59,0,3,0.2364326108375022,0,0
53077,4,22,1,3,0.3592462028832561,0,0
54003,2,11,1,3,0.24178904587879965,0,0
54005,4,31,1,3,0.31176839280831986,0,0
54007,4,18,0,3,0.26102389074112275,0,0
54009,2,8,1,3,0.27469782941699744,0,0
54015,4,16,0,3,0.3662071634904738,0,0
54021,4,16,0,3,0.23702156661790288,0,0
54035,3,15,1,3,0.25817697937858447,0,0
54057,2,10,0,3,0.2171827130003841,0,0
54059,4,18,1,3,0.28160365100318974,0,0
54061,3,16,1,3,0.14275433095570886,0,0
54063,3,13,0,3,0.28595687925817403,0,0
54065,3,4,1,3,0.2621397938984821,0,0
54077,3,16,0,3,0.2620920243334234,0,0
54081,4,42,1,3,0.2535000057441321,0,0
54087,4,13,0,3,0.2938768994331751,0,0
54099,4,17,1,3,0.3017705839422575,0,1
54103,4,12,1,3,0.2925385707877913,0,0
55025,1,45,0,3,0.0584795657542905,0,0
55033,2,22,0,3,0.1567181210428733,0,0
55035,2,15,0,3,0.14105434184577995,0,0
55039,1,24,1,3,0.18903208484536574,0,0
55073,1,28,1,3,0.11841366878725185,0,0
55117,1,17,1,3,0.13828657168850758,0,0
55119,2,14,1,3,0.1726940900911776,0,0
55129,2,12,0,3,0.13498816875297126,0,0
55135,1,16,1,3,0.16724162489638636,0,1
55137,2,17,1,3,0.1704849259674517,0,0
56021,1,12,1,3,0.19858723178270493,0,0
01007,3,11,0,4,0.3079200987871219,0,0
01015,3,14,1,4,0.22753616215301,0,0
01019,4,11,1,4,0.27305964228734697,0,0
01031,3,16,1,4,0.2363909635737805,0,1
01051,2,13,1,4,0.21727252780051912,0,0
01057,4,10,1,4,0.2543344972131361,0,0
01069,4,14,1,4,0.28180089693654214,0,1
01071,4,22,1,4,0.2941219993152371,0,1
01081,1,14,0,4,0.19200042925417085,0,1
01111,3,8,1,4,0.2786998385088384,0,0
04009,4,10,1,4,0.3224944321031251,0,1
04025,2,31,0,4,0.188876291718805,0,1
05009,3,9,1,4,0.2234567255121251,0,1
05017,4,6,0,4,0.36089326835744834,0,0
05023,3,17,1,4,0.2044599171435587,0,0
05041,4,12,1,4,0.40473321948006974,0,1
05043,4,9,1,4,0.25223013173711073,0,0
05055,4,9,1,4,0.25350782829417984,0,1
05063,4,20,1,4,0.22598417916786562,0,1
05083,4,12,1,4,0.280729918912531,0,0
05093,4,15,1,4,0.42542523525461273,0,0
05095,4,9,1,4,0.37390576437141115,0,1
05099,4,10,1,4,0.2991562899526941,0,1
05105,4,8,1,4,0.2698846065372343,0,1
05111,4,10,1,4,0.340887418257276,0,0
05131,3,16,0,4,0.23928040793193467,0,1
05137,4,16,0,4,0.26358196067581036,0,0
05145,4,17,1,4,0.2381681600026148,0,0
06007,4,18,1,4,0.2589040833914781,0,0
06053,3,31,0,4,0.2361225929345984,0,0
06065,2,75,0,4,0.28027200474512803,0,1
06085,1,63,0,4,0.1500309190735607,0,0
06087,2,17,1,4,0.15776206565141013,0,0
06093,3,23,1,4,0.2861635160848235,0,1
08011,4,6,0,4,0.3326994276064593,0,0
08031,2,36,0,4,0.17559989090674236,0,0
08035,1,18,1,4,0.1452162109644997,0,0
08043,3,11,1,4,0.18139652601733575,0,1
08065,3,2,0,4,0.1840843125106089,0,0
08081,2,5,1,4,0.29642494843670664,0,1
08105,4,4,0,4,0.23409104719133583,0,0
08107,1,9,1,4,0.18497346709305787,0,0
08111,1,2,0,4,0.1770018551539491,0,0
09007,1,24,1,4,0.11586656594056013,0,0
10005,2,24,1,4,0.18765610468173022,0,0
11001,1,29,0,4,0.14836222144291494,0,1
12003,2,5,1,4,0.1765490789227737,0,0
12007,1,9,0,4,0.19221994186381622,0,0
12013,3,8,0,4,0.22075711488084335,0,0
12021,1,23,0,4,0.115417521475199,0,0
12039,4,7,1,4,0.31673329256239247,0,1
12053,3,12,1,4,0.17609396057250834,0,0
12065,4,4,1,4,0.26253216537095053,0,0
12075,4,13,1,4,0.2107667045632503,0,0
12089,1,6,1,4,0.14214285335210275,0,0
12117,2,17,1,4,0.12335635657987717,0,0
13007,3,6,0,4,0.31766979788325067,0,0
13009,4,6,1,4,0.30681811394104735,0,1
13017,4,4,1,4,0.36653420276752136,0,0
13019,4,6,1,4,0.3403923267327254,0,0
13033,4,9,1,4,0.3952005429239048,0,0
13035,4,5,1,4,0.3025064985096742,0,0
13063,1,16,1,4,0.3381238617000797,0,0
13077,1,10,1,4,0.16099699699005493,0,0
13085,1,5,1,4,0.14217168281378745,0,0
13087,4,8,1,4,0.3611114605600895,0,0
13097,2,8,1,4,0.19728643432442486,0,0
13109,4,6,1,4,0.33984523936311256,0,1
13153,2,12,1,4,0.2666954488702791,0,0
13159,3,6,0,4,0.3243225469095827,0,0
13167,4,5,1,4,0.3688958167492792,0,1
13183,4,5,0,4,0.3107696973159217,0,0
13185,1,11,0,4,0.2662382129965335,0,1
13223,1,11,1,4,0.16867828450411582,0,0
13225,4,3,1,4,0.3359298642212233,0,0
13233,4,8,1,4,0.2543009916143824,0,1
13247,2,9,1,4,0.24751011316975638,0,1
13257,3,5,1,4,0.20629996618214827,0,0
13273,4,7,1,4,0.4216299161039137,0,1
13275,3,9,1,4,0.2848720767242136,0,1
13285,4,7,1,4,0.28723108298125805,0,1
13293,4,7,1,4,0.2922673918017534,0,0
13299,4,7,1,4,0.3198812781901525,0,1
13305,4,6,1,4,0.2993358586087709,0,0
13309,4,4,1,4,0.3543372690635688,0,1
16011,3,11,1,4,0.23970966008025138,0,0
16021,3,4,0,4,0.24313392310514204,0,0
16023,3,3,0,4,0.2123949552308719,0,0
16027,3,13,0,4,0.3199638460549486,0,0
16039,3,7,1,4,0.25037627317289907,0,0
16043,3,9,0,4,0.2645228341268959,0,0
16053,4,5,0,4,0.3394966581377688,0,0
16057,1,14,0,4,0.14834782648636452,0,0
16061,2,7,0,4,0.19051535027761585,0,0
17005,3,12,0,4,0.23370698848241536,0,0
17011,2,30,1,4,0.22803365413280072,0,1
17013,2,7,1,4,0.19908804528140422,0,1
17041,2,13,1,4,0.25166468848218654,0,0
17043,1,43,1,4,0.11839849163860068,0,0
17075,2,25,1,4,0.25992159753969923,0,0
17101,3,7,0,4,0.2339790581472562,0,0
17103,2,24,1,4,0.22428462687895606,0,1
17105,3,29,1,4,0.2781328341598596,0,1
17111,1,24,1,4,0.13562037305533317,0,0
17149,3,16,1,4,0.22651505425325605,0,0
17153,4,10,0,4,0.3629623015804683,0,0
17155,1,8,0,4,0.20280011907714995,0,0
17175,3,10,0,4,0.28937975535238014,0,0
17185,2,7,0,4,0.21611405392932828,0,0
17191,3,20,0,4,0.23986708076023616,0,0
17201,2,26,1,4,0.24962029905939684,0,0
18005,2,14,1,4,0.23653821901376507,0,1
18013,1,9,1,4,0.22185604423314328,0,0
18019,2,15,1,4,0.25232344098638226,0,0
18029,1,9,1,4,0.22894392792817672,0,0
18033,1,14,0,4,0.25241932520551247,0,0
18037,1,13,1,4,0.22543587243471527,0,1
18039,2,17,1,4,0.30407392515031684,0,0
18045,2,10,0,4,0.29814687112354993,0,0
18049,2,16,0,4,0.28251764978996285,0,0
18061,2,16,1,4,0.24277357366425623,0,1
18079,2,13,1,4,0.30139675086266055,0,0
18105,1,18,1,4,0.16308158455504296,0,0
18113,1,17,0,4,0.2809946262081114,0,0
18127,1,15,1,4,0.22949757204661556,0,0
18131,3,13,0,4,0.3402485131103143,0,0
18155,3,9,0,4,0.30818109864198917,0,0
19017,1,12,0,4,0.1670118529689417,0,0
19027,1,16,1,4,0.21645567039307062,0,0
19029,2,13,0,4,0.26338718540295497,0,0
19031,1,18,1,4,0.19900299195063775,0,0
19045,2,20,1,4,0.2513887090778468,0,0
19047,3,19,0,4,0.23864040082565358,0,0
19055,1,16,0,4,0.20039821024780463,0,0
19057,3,12,1,4,0.23280739934891026,0,1
19059,1,10,0,4,0.1877215495157977,0,0
19097,2,14,1,4,0.20328548892103096,0,0
19101,1,16,0,4,0.18388331858906534,0,0
19115,2,13,0,4,0.23905117583620758,0,0
19119,1,12,0,4,0.20319216000417714,0,0
19121,1,14,1,4,0.18463757569164915,0,0
19137,3,10,0,4,0.24102662874198638,0,0
19143,2,8,0,4,0.22570894711388817,0,0
19145,2,12,1,4,0.22501494878991685,0,0
19147,1,14,0,4,0.19726336941873213,0,0
19161,2,16,1,4,0.20709432911303344,0,1
19175,2,10,0,4,0.21910744470928722,0,0
19181,1,19,1,4,0.18520155086961884,0,1
19183,2,13,0,4,0.2206495215030978,0,0
19187,3,22,1,4,0.22876745096966178,0,0
20009,3,10,1,4,0.25735582814738434,0,0
20035,3,14,1,4,0.3371474561059069,0,1
20049,3,10,0,4,0.3641849829765865,0,0
20079,1,13,1,4,0.241260302918246,0,1
20087,2,15,1,4,0.22469870701139338,0,0
20099,4,13,1,4,0.36829783864312454,0,0
20107,3,11,0,4,0.27745642217465977,0,0
20113,1,12,1,4,0.22266064622658618,0,0
20133,4,11,1,4,0.3478205577003339,0,0
20141,2,12,0,4,0.2576293895786872,0,0
20155,2,22,1,4,0.2969195599988033,0,0
20173,2,50,0,4,0.2598638524293067,0,1
20175,4,6,1,4,0.4321777173516695,0,0
20189,4,4,0,4,0.3895255115322127,0,0
20203,1,3,0,4,0.29435183899268375,0,0
21011,4,8,1,4,0.2881399853493108,0,1
21015,1,9,1,4,0.17667298328407863,0,0
21017,3,9,0,4,0.3113906079218717,0,0
21045,4,15,0,4,0.32134247253685577,0,0
21047,4,15,1,4,0.33894686602781665,0,0
21049,3,4,1,4,0.24321373730907742,0,1
21057,4,3,1,4,0.3099498178313831,0,1
21063,4,6,1,4,0.27592097909228724,0,1
21069,4,7,1,4,0.3296320349041552,0,0
21071,4,33,1,4,0.2778788373488917,0,1
21087,4,8,0,4,0.33227413550835727,0,0
21097,3,6,1,4,0.3117021419122766,0,0
21109,4,5,0,4,0.2917669618670851,0,0
21117,2,12,1,4,0.18356748074871443,0,0
21133,1,26,1,4,0.26170462392451604,0,0
21151,1,5,1,4,0.23308512567646453,0,0
21155,1,11,0,4,0.27441899590345725,0,0
21161,4,5,1,4,0.27439587799167264,0,0
21167,2,5,1,4,0.278411067959621,0,0
21205,4,4,1,4,0.17457947827241851,0,0
21209,2,6,1,4,0.2399324088262923,0,1
21217,4,6,1,4,0.2954450268969289,0,0
21219,3,9,0,4,0.337488088257911,0,0
21221,2,5,1,4,0.30815467100079763,0,0
22031,4,10,1,4,0.2671953921902198,0,0
22037,3,8,0,4,0.32827295631493664,0,0
22053,3,10,1,4,0.318887181662272,0,1
22069,4,16,1,4,0.3525236224672296,0,1
22089,1,10,1,4,0.23085048203813086,0,1
22093,3,7,1,4,0.3054611474251205,0,0
22113,3,12,1,4,0.31852275757723464,0,1
22115,3,13,1,4,0.23256382341404996,0,1
23021,3,16,1,4,0.2035252437095155,0,0
24003,1,40,0,4,0.1532286055527175,0,0
24005,1,54,0,4,0.1938681274354965,0,1
24011,3,10,1,4,0.30752573217932555,0,1
24017,1,24,1,4,0.18763413523453393,0,0
24037,1,26,1,4,0.1791016357298044,0,0
24041,1,16,1,4,0.1671740928461871,0,0
24045,3,16,0,4,0.23274436365869813,0,1
25017,1,83,0,4,0.09259031249693779,0,0
26003,2,13,0,4,0.18241279477284958,0,0
26025,3,22,1,4,0.25314638540610046,0,0
26029,2,10,0,4,0.15328096183555465,0,0
26037,2,17,0,4,0.18780630531197973,0,0
26039,3,4,0,4,0.20772083291254745,0,0
26041,3,13,1,4,0.18941301218322945,0,1
26043,2,11,0,4,0.1330953681009422,0,0
26051,4,7,0,4,0.2462353273067364,0,0
26063,2,18,1,4,0.251499495826577,0,1
26077,2,25,1,4,0.18589463246238713,0,0
26087,2,22,1,4,0.2120234322850171,0,0
26091,2,23,1,4,0.21881647676030463,0,0
26107,3,16,0,4,0.19700905787462636,0,0
26115,1,25,1,4,0.24505901257989499,0,0
26127,3,12,1,4,0.21469028430880593,0,0
26147,2,23,1,4,0.19958288198059862,0,0
26153,3,7,0,4,0.2662731931196896,0,0
26161,2,27,1,4,0.1569276902934716,0,0
27035,2,18,0,4,0.1266812657953672,0,0
27055,1,9,0,4,0.126460415041336,0,0
27095,2,12,1,4,0.17599554715893517,0,0
27097,2,20,1,4,0.15841123670133408,0,1
27099,2,19,1,4,0.16909922135523625,0,1
27109,1,19,1,4,0.13002336465121972,0,0
27115,2,16,1,4,0.19060294308295297,0,0
27119,2,25,1,4,0.22930032324653205,0,1
27123,2,26,1,4,0.15857585164821594,0,0
27131,1,16,1,4,0.18246913517508723,0,1
27159,3,7,0,4,0.21609191646718384,0,0
27163,1,19,1,4,0.12052677306933668,0,0
27165,2,10,0,4,0.20313305085963013,0,0
27173,2,14,0,4,0.19918590527769223,0,0
28007,4,11,1,4,0.28921027438714214,0,0
28009,3,11,0,4,0.26880555005301476,0,0
28029,4,9,1,4,0.1652411574267107,0,0
28031,4,8,1,4,0.24964070260696597,0,0
28035,1,8,1,4,0.19314699927572737,0,1
28037,4,8,1,4,0.27635630729216076,0,1
28043,4,7,1,4,0.2569914205142183,0,0
28051,4,9,1,4,0.3684463377513386,0,0
28059,3,10,0,4,0.19822108996723872,0,1
28089,1,12,1,4,0.16683250391071353,0,0
28099,4,8,1,4,0.2820846771598343,0,0
28103,4,6,1,4,0.37807065237356163,0,1
28113,4,8,1,4,0.2684672403421375,0,1
28123,4,10,1,4,0.2878624828438683,0,0
28135,4,18,1,4,0.32526509767928,0,0
28137,3,5,1,4,0.2943808608189293,0,0
28153,4,7,1,4,0.27656529865130797,0,0
28161,4,7,1,4,0.2842002511427482,0,1
28163,4,8,1,4,0.3271585583882468,0,0
29007,3,14,0,4,0.31000294827103986,0,0
29017,4,13,1,4,0.31475214816222785,0,1
29021,3,15,1,4,0.2695136425227585,0,0
29023,4,10,1,4,0.3192224278524517,0,0
29025,3,10,1,4,0.2841751735131607,0,1
29037,1,18,1,4,0.22135171805878529,0,0
29041,3,12,1,4,0.2718929427832048,0,1
29045,3,11,0,4,0.25989505531984464,0,0
29055,4,12,1,4,0.25313120779716863,0,0
29075,3,13,0,4,0.2832746767399867,0,0
29081,4,13,0,4,0.31773779649447986,0,0
29083,4,11,1,4,0.2666997723025336,0,0
29095,2,55,0,4,0.26617148062404555,0,1
29099,1,24,1,4,0.2026210126041242,0,0
29101,2,19,0,4,0.21878678933703077,0,0
29117,3,12,1,4,0.2713337848884215,0,0
29125,3,10,0,4,0.22294858639548615,0,0
29141,4,15,0,4,0.2965875727379459,0,0
29143,4,17,1,4,0.4324517815294734,0,0
29145,3,15,1,4,0.25969962868165075,0,0
29149,4,12,0,4,0.3422890450180194,0,0
29155,4,13,0,4,0.4215620835526585,0,0
29169,2,11,1,4,0.17607727709493537,0,1
29171,3,10,0,4,0.2856947869217204,0,0
29177,2,12,1,4,0.28720731341477945,0,0
29183,1,14,1,4,0.1749260951834392,0,0
29185,4,16,1,4,0.3004115267598712,0,1
29203,4,9,0,4,0.3095702255562219,0,0
29209,1,17,1,4,0.24648380384658933,0,1
29211,3,13,1,4,0.3051800755244123,0,1
29215,4,21,1,4,0.345485485105868,0,0
29217,4,13,1,4,0.2997103302002764,0,0
30013,3,18,1,4,0.25060957831674224,0,1
30017,2,6,0,4,0.2549706275293903,0,0
30019,1,4,0,4,0.21260786311642554,0,0
30029,2,16,1,4,0.16630576682474182,0,0
30043,2,9,0,4,0.19429682961829853,0,0
30049,1,9,1,4,0.15109386773556616,0,0
30053,4,6,1,4,0.2335832648626898,0,0
30055,3,6,0,4,0.39531580693846213,0,0
30063,2,16,0,4,0.1687670895555602,0,0
30073,3,6,1,4,0.31972177740367985,0,1
30091,1,11,0,4,0.21085157978763214,0,0
30097,1,6,0,4,0.2244184293997928,0,0
30103,3,2,0,4,0.30484822873437917,0,0
30111,2,16,1,4,0.2177761842891238,0,0
31003,2,11,1,4,0.19583579700748735,0,1
31021,2,8,0,4,0.2217024116378641,0,0
31023,1,14,1,4,0.2066661886983016,0,1
31027,1,13,0,4,0.1940554163934342,0,0
31037,3,7,0,4,0.22535204928736166,0,0
31047,3,11,0,4,0.22581536177453557,0,0
31049,2,4,0,4,0.27556158636733336,0,0
31051,1,12,0,4,0.19099185698361373,0,0
31053,2,14,0,4,0.19384595599305862,0,0
31077,1,8,0,4,0.20659022319809092,0,0
31087,2,6,0,4,0.2595645638116381,0,0
31093,1,11,1,4,0.17828661234675608,0,1
31099,2,11,0,4,0.175698620422928,0,0
31109,2,42,1,4,0.1482923198937868,0,0
31115,2,5,0,4,0.2308581070176463,0,0
31135,1,10,1,4,0.22908645439650183,0,1
31137,2,10,0,4,0.187252939992955,0,0
31151,3,12,0,4,0.23869971672889218,0,0
31159,1,18,0,4,0.18110064251841013,0,0
31163,2,8,0,4,0.20590500429454917,0,0
32005,1,9,1,4,0.20266543699106299,0,0
33007,2,16,1,4,0.1508012932854779,0,1
33011,1,34,1,4,0.10872263130156011,0,0
33015,1,37,1,4,0.0958164277571466,0,0
34005,1,38,0,4,0.11784720694250753,0,0
34009,1,15,1,4,0.14457829690878224,0,0
34029,1,30,0,4,0.11499155044100604,0,0
35006,4,17,0,4,0.4502265015410471,0,0
35017,4,16,1,4,0.3235250582906057,0,0
35023,4,5,0,4,0.3735266206591164,0,0
35029,4,3,1,4,0.4104706737824445,0,0
35039,1,37,1,4,0.3242449111827182,0,0
35041,4,9,1,4,0.349699267799581,0,0
35047,4,19,0,4,0.3904382698626103,0,0
35053,4,14,1,4,0.3844308083230788,0,0
35057,4,9,0,4,0.4306556434399952,0,0
35059,3,8,0,4,0.34992255610371154,0,0
36021,2,36,1,4,0.15425691317800536,0,1
36029,2,70,0,4,0.1890231784567099,0,0
36049,3,23,0,4,0.2293903318610782,0,0
36051,2,30,0,4,0.20377061868115823,0,0
36059,1,69,0,4,0.12513312492443418,0,0
36061,2,47,0,4,0.15895203583845227,0,0
36071,1,51,1,4,0.14954504016718667,0,0
36093,1,19,1,4,0.14754652917796154,0,0
36107,2,15,1,4,0.16680614496731921,0,0
36109,1,17,1,4,0.13777555952771975,0,0
37015,4,10,1,4,0.3170554128710588,0,0
37021,2,19,1,4,0.11153154059920181,0,0
37033,3,16,0,4,0.21740990311519034,0,0
37039,3,4,1,4,0.18422890636345493,0,0
37043,3,5,1,4,0.1490645835875669,0,1
37065,4,15,1,4,0.3119662440031339,0,1
37073,2,6,0,4,0.2606868563006068,0,0
37081,3,31,0,4,0.1585957722771408,0,0
37095,4,7,0,4,0.2957179244130546,0,0
37111,3,9,1,4,0.14624632781830466,0,0
37115,3,6,0,4,0.162923540998615,0,0
37129,3,10,1,4,0.1290551472547246,0,0
37133,3,16,1,4,0.16580627238401874,0,0
37143,3,6,0,4,0.23517301418893993,0,0
37145,2,10,0,4,0.21493088075835465,0,0
37151,3,24,1,4,0.19017757390721673,0,0
37153,4,11,1,4,0.2602888802789362,0,1
37163,4,17,1,4,0.28731719557094076,0,1
37179,1,12,1,4,0.14740017558995117,0,0
37181,4,8,1,4,0.2789575951662377,0,1
37189,4,10,1,4,0.1251031754711876,0,1
38023,2,10,0,4,0.21970574526278375,0,0
38035,1,22,1,4,0.15489482542959518,0,1
38049,1,18,0,4,0.2209272640849333,0,0
38051,2,6,0,4,0.2560732568879314,0,0
38055,1,18,0,4,0.26535969159524425,0,0
38065,1,6,0,4,0.22571746179921912,0,0
38077,1,19,0,4,0.1750006741617377,0,0
38079,4,10,0,4,0.44438905290482766,0,0
38085,4,9,1,4,0.5296899919616826,1,1
38087,1,9,0,4,0.2210151686677392,0,0
38089,1,10,0,4,0.18380594092585817,0,0
38095,3,10,0,4,0.24280221800107474,0,0
38097,1,12,0,4,0.16438156537308046,0,0
38099,2,16,1,4,0.21370420379702484,0,1
39003,2,20,0,4,0.3119497468343752,0,0
39009,4,18,1,4,0.1793552823139407,0,1
39031,3,18,0,4,0.2571585251575757,0,0
39037,2,25,1,4,0.3216243158428485,0,0
39041,1,24,1,4,0.14602806274898722,0,0
39063,1,24,1,4,0.2049567373406184,0,0
39079,4,11,1,4,0.28579966808707263,0,0
39081,3,23,1,4,0.25037429266038025,0,0
39091,2,18,1,4,0.2912189337105804,0,0
39103,1,24,1,4,0.1557040766664108,0,0
39111,3,15,1,4,0.24993299850433678,0,0
39117,2,16,1,4,0.2597034257477404,0,1
39131,4,11,1,4,0.26164379520735215,0,0
39147,2,20,1,4,0.2675728491240516,0,0
39161,2,14,0,4,0.32758418069093653,0,0
40007,3,7,0,4,0.3728734672927121,0,0
40043,3,12,1,4,0.3925355879671961,0,1
40051,2,14,1,4,0.384092763830972,0,1
40053,1,10,1,4,0.3054373826126415,0,1
40065,3,9,1,4,0.37984007025167316,0,0
40067,4,8,1,4,0.49131732383628,0,1
40069,4,13,1,4,0.41767930110277524,0,1
40075,4,9,1,4,0.44630514210456534,0,1
40077,4,7,1,4,0.3532155767286658,0,1
40081,3,16,1,4,0.35140090943013236,0,1
40085,3,8,1,4,0.4154897618833813,0,1
40091,4,11,1,4,0.379233576524572,0,0
40095,4,3,1,4,0.37582947774411113,0,0
40113,3,22,1,4,0.3774623463457134,0,1
40117,3,12,1,4,0.3600983585532101,0,0
40143,2,42,0,4,0.24867190781976733,0,1
40147,1,12,1,4,0.2907755946709613,0,1
40151,2,7,0,4,0.33484851124623694,0,0
41009,2,9,1,4,0.1903776045055284,0,1
41019,3,28,1,4,0.2248235880255454,0,0
41037,4,10,0,4,0.3878383719031608,0,0
41051,2,42,0,4,0.1657622624058516,0,0
41067,1,30,1,4,0.1390692406554422,0,0
41071,2,15,0,4,0.1912477356879179,0,0
42009,2,28,1,4,0.1756000361734059,0,0
42011,1,62,1,4,0.18984751815775205,0,0
42037,2,19,1,4,0.17629545972015087,0,0
42047,2,14,1,4,0.12680074369635327,0,1
42051,3,62,1,4,0.18068685183203556,0,0
42053,4,11,1,4,0.19073207951414708,0,1
42075,2,19,1,4,0.19626376122207884,0,0
42079,3,50,1,4,0.1488438197132943,0,0
42103,1,19,0,4,0.14240872393400872,0,0
42115,2,29,1,4,0.17380617582005242,0,1
42123,2,19,1,4,0.14686217270820937,0,0
42125,1,64,1,4,0.13045065805585027,0,0
42131,1,15,0,4,0.14259999258376357,0,0
44007,1,39,0,4,0.16587860795915055,0,0
45027,4,11,1,4,0.33740347838213036,0,1
45031,4,10,1,4,0.311935440498202,0,0
45035,2,15,1,4,0.2208796626132338,0,0
45063,2,18,0,4,0.21735068951275924,0,0
45073,3,13,1,4,0.20891694503524338,0,1
45085,4,15,1,4,0.3492692487808444,0,1
45089,4,12,1,4,0.36725108246902943,0,0
46007,4,7,0,4,0.461109431573281,0,0
46021,1,7,0,4,0.2113583991537684,0,0
46025,2,13,0,4,0.20521549510899537,0,0
46039,1,12,0,4,0.1804590477676414,0,0
46045,1,10,0,4,0.20425805569783048,0,0
46051,1,12,0,4,0.1676373636246545,0,0
46053,3,8,0,4,0.2506102602469723,0,0
46055,3,5,0,4,0.2823290400967297,0,0
46057,1,12,0,4,0.17801047432652017,0,0
46061,2,7,0,4,0.1913450558290933,0,0
46063,1,10,0,4,0.2409716429980488,0,0
46095,4,7,0,4,0.4255115277563796,0,0
46109,4,16,1,4,0.31445301304303086,0,1
46115,1,15,0,4,0.19072975686495014,0,0
46119,1,6,0,4,0.1919360031020113,0,0
46123,4,8,0,4,0.2452762771904671,0,0
46137,4,7,0,4,0.4779980985722714,0,0
47005,4,7,1,4,0.2980428204920992,0,0
47007,3,9,0,4,0.2523888753995228,0,0
47021,2,12,1,4,0.24651246092640902,0,1
47023,3,12,0,4,0.2737099292180685,0,0
47031,3,9,1,4,0.2933365730763592,0,0
47033,4,8,1,4,0.3767383750075619,0,0
47037,2,35,0,4,0.22615880175281586,0,1
47041,4,11,0,4,0.3146245058955045,0,0
47045,4,11,1,4,0.3395804690952795,0,1
47047,1,15,0,4,0.22737378044505865,0,0
47049,4,9,1,4,0.264961857579965,0,0
47065,1,31,0,4,0.20547347401529742,0,0
47077,4,14,1,4,0.32973557502879913,0,0
47079,4,9,1,4,0.3329796323085621,0,1
47095,4,2,0,4,0.4055231185358672,0,0
47097,4,4,1,4,0.42156641396629546,0,0
47101,4,7,1,4,0.2827348182315702,0,1
47105,2,9,0,4,0.1893798234278023,0,0
47111,4,8,1,4,0.3026024536613954,0,0
47123,4,9,1,4,0.2632356637474972,0,1
47129,4,12,1,4,0.2388692251556094,0,0
47155,3,10,1,4,0.2659248791446995,0,0
47157,1,38,0,4,0.30059584220347485,0,1
47165,1,10,1,4,0.22480222567665922,0,0
47167,2,10,1,4,0.3352288944409932,0,0
47171,4,6,0,4,0.23282441446247765,0,0
47173,4,11,0,4,0.2746661963661825,0,0
47179,1,13,1,4,0.2136729218616293,0,0
47183,4,12,1,4,0.3199011204064568,0,1
48003,2,1,1,4,0.3911487850791663,0,0
48037,3,10,1,4,0.29518755206883357,0,1
48039,1,20,0,4,0.26917555288109907,0,0
48043,3,4,1,4,0.31209129297131627,0,1
48063,3,2,1,4,0.29043536444990703,0,1
48067,4,14,1,4,0.2984092419713598,0,1
48071,2,11,1,4,0.30028972122740416,0,0
48073,4,12,1,4,0.2923197811843179,0,1
48077,2,9,1,4,0.32609269209010416,0,1
48081,3,4,1,4,0.27053366076948016,0,1
48095,3,6,0,4,0.1421145451742498,0,0
48103,2,2,0,4,0.4003452859768043,0,0
48127,4,6,1,4,0.40897282154181075,0,1
48131,4,8,1,4,0.4009520879962267,0,1
48133,4,9,1,4,0.3299137650422201,0,0
48141,1,30,0,4,0.31259162519012706,0,1
48165,3,5,0,4,0.40427000553193426,0,0
48171,2,7,1,4,0.25126585998694845,0,0
48181,2,21,0,4,0.2985482131595268,0,1
48197,3,2,1,4,0.3584865469270514,0,1
48213,3,15,0,4,0.287277794554571,0,1
48217,2,19,1,4,0.3267004084235782,0,1
48245,3,18,0,4,0.3213487024165673,0,0
48267,1,6,0,4,0.27432042356526065,0,0
48277,3,13,1,4,0.33253865199250454,0,1
48283,3,4,0,4,0.3885397450056952,0,0
48295,2,7,0,4,0.31460525221834557,0,0
48299,1,10,1,4,0.2431987302998116,0,0
48313,2,5,1,4,0.26723400004691633,0,0
48327,3,4,0,4,0.28636013809078426,0,0
48339,1,27,0,4,0.20648763080598803,0,0
48343,4,7,1,4,0.30175098369467795,0,1
48353,3,9,1,4,0.31645548040560384,0,0
48363,4,12,1,4,0.3260500176702497,0,0
48371,3,6,1,4,0.429792889860165,0,0
48381,1,15,1,4,0.2677414461111333,0,0
48397,1,9,1,4,0.1905103069818797,0,1
48401,3,16,1,4,0.27673212243322254,0,1
48407,4,8,1,4,0.3272076824532423,0,0
48447,4,7,0,4,0.3070012390570137,0,0
48463,4,8,1,4,0.41712308298743406,0,0
48487,4,6,1,4,0.3893814489977518,0,0
48493,2,12,1,4,0.3337596958681225,0,1
49019,1,2,1,4,0.255734180128516,0,1
49039,3,15,1,4,0.240241103137585,0,0
49047,3,10,0,4,0.3311415207756577,0,0
49055,2,6,0,4,0.2404811231208307,0,0
49057,1,9,1,4,0.24417933056591434,0,0
50013,1,5,1,4,0.11627565493300743,0,1
50027,1,34,0,4,0.10954283177662927,0,0
51001,3,33,0,4,0.31604988592485295,0,0
51017,4,7,0,4,0.28068945474851364,0,0
51033,1,11,0,4,0.21338525326702323,0,0
51049,3,7,0,4,0.28638457018603264,0,0
51051,4,12,1,4,0.2567271046822296,0,0
51059,1,48,0,4,0.09015725710292025,0,0
51085,1,12,1,4,0.12069968690396284,0,0
51087,2,16,1,4,0.19678854894277664,0,0
51091,2,7,0,4,0.20095036169896266,0,0
51105,4,11,1,4,0.2824898460206431,0,0
51113,2,21,1,4,0.30122260762095393,0,1
51115,2,15,0,4,0.2698931727871838,0,0
51117,3,13,1,4,0.2947006870626298,0,1
51121,3,10,1,4,0.12800297346544803,0,1
51125,2,17,0,4,0.23797510969574998,0,0
51127,1,6,1,4,0.1869721826959355,0,0
51137,1,12,0,4,0.19359142752431968,0,0
51139,3,6,1,4,0.2244427982485779,0,0
51141,3,14,1,4,0.2317244068729812,0,0
51161,1,14,1,4,0.12163595748408101,0,1
51167,4,11,0,4,0.2746138647722234,0,0
51173,3,10,0,4,0.233009231893984,0,0
51175,3,12,1,4,0.32377465140015466,0,0
51179,1,5,1,4,0.12384432262595382,0,0
51187,1,7,1,4,0.1718708971912052,0,1
51193,2,8,1,4,0.25662670846020286,0,0
51197,3,11,0,4,0.23103121230286405,0,0
51550,1,6,1,4,0.1865111359961965,0,0
51595,4,1,1,4,0.32898042862553056,0,1
51600,1,3,0,4,0.08223536784525796,0,0
51610,1,4,0,4,0.08908925079757968,0,0
51680,3,5,1,4,0.16591235058438647,0,0
51760,1,15,0,4,0.24469195446285932,0,0
51775,1,1,0,4,0.11555101099740843,0,0
51810,1,12,0,4,0.1465741739263665,0,0
53001,4,11,0,4,0.4050461672708257,0,0
53003,3,3,1,4,0.2979533997674374,0,0
53005,2,12,1,4,0.2724716584000556,0,0
53015,3,11,1,4,0.19339458157077252,0,1
53019,4,9,0,4,0.33440939564673544,0,0
53025,3,18,1,4,0.3506483796546888,0,0
53033,1,84,0,4,0.12796952904348521,0,0
53039,3,15,0,4,0.24909745886123186,0,0
53049,3,13,0,4,0.23130402945973572,0,0
53061,1,30,0,4,0.14990712174155862,0,0
53063,1,45,0,4,0.22640114163791605,0,0
53067,1,14,1,4,0.17489927971645142,0,0
54019,1,42,0,4,0.19028881093421404,0,0
54027,3,20,0,4,0.2992049868730317,0,0
54071,3,9,0,4,0.28840180289205103,0,0
54075,3,13,0,4,0.30050372295865446,0,0
54085,4,14,0,4,0.2856581173822668,0,0
54091,3,10,0,4,0.24101466614818504,0,0
54095,3,11,0,4,0.28316603752471325,0,0
54105,4,8,0,4,0.32918660381615333,0,0
54107,3,13,1,4,0.2551056300876772,0,0
55003,3,11,0,4,0.15581709847257846,0,0
55011,1,9,0,4,0.1570506371538024,0,0
55019,3,21,0,4,0.17942635513907004,0,0
55021,1,20,1,4,0.14721532306552265,0,1
55029,1,13,1,4,0.11674542677234591,0,0
55043,3,23,1,4,0.1643617282419283,0,1
55053,2,14,0,4,0.1646547005971351,0,0
55057,3,14,1,4,0.16752375193514912,0,0
55077,2,14,1,4,0.16474116754677615,0,0
55081,2,12,1,4,0.14020621538939512,0,0
55103,3,14,1,4,0.15760476961576542,0,0
55105,2,19,1,4,0.18128208105835367,0,0
55109,1,18,0,4,0.13542007247521948,0,0
55113,3,12,0,4,0.1488116381699128,0,0
55123,3,18,1,4,0.15691194448783824,0,0
55127,1,16,1,4,0.15455050836999307,0,0
56003,2,15,1,4,0.27756662700180146,0,1
56005,1,8,0,4,0.28101483920651427,0,0
56015,2,9,0,4,0.27784479720555066,0,0
56029,1,8,1,4,0.20548715176273036,0,0
56033,1,9,1,4,0.22208048874526568,0,0
56037,1,12,0,4,0.2887520612188904,0,0
56041,1,5,0,4,0.27736390360017893,0,0
56043,2,2,0,4,0.27217361201984014,0,0
