county_fips,income_group,n_zctas_in_county,suppression_flag,fold,prob_high_risk,pred_high_risk,true_label
01009,0,17,1,0,0.4343285971926588,0,0
01011,1,7,1,0,0.5099485347564193,1,1
01013,1,8,0,0,0.5079765666431341,1,0
01037,0,11,1,0,0.45457869018669056,0,0
01041,0,11,0,0,0.46294214839254183,0,0
01047,1,10,1,0,0.5106889548096293,1,0
01061,0,14,0,0,0.464005924925877,0,0
01073,0,62,0,0,0.41431218797840524,0,0
01089,0,25,1,0,0.343528580551023,0,0
01097,0,36,0,0,0.41452051188982936,0,0
01099,1,17,1,0,0.48433060115738935,0,0
01109,1,9,1,0,0.5515241879183318,1,1
01111,0,8,1,0,0.45460961300775476,0,0
01121,0,12,1,0,0.47899342813884377,0,0
01129,0,16,1,0,0.48479571020656975,0,0
04011,0,3,0,0,0.41947723957607164,0,0
04012,0,8,0,0,0.548425928412016,1,1
04013,0,136,0,0,0.42680127518962846,0,1
04017,1,33,0,0,0.5065197013305979,1,1
04025,0,31,0,0,0.4243922952816574,0,1
05009,0,9,1,0,0.4313336483806733,0,0
05011,1,7,1,0,0.49126150318362694,0,0
05021,0,13,1,0,0.5544056349948343,1,0
05025,0,7,1,0,0.4553394284186069,0,1
05029,0,15,1,0,0.5177483809374817,1,0
05031,0,16,1,0,0.4593429420370366,0,0
05043,0,9,1,0,0.44055271251710343,0,0
05051,0,10,1,0,0.41855317028404526,0,0
05061,0,8,1,0,0.520835175766855,1,0
05083,0,12,1,0,0.5057041390813934,1,0
05127,0,10,1,0,0.5301881047304621,1,1
05133,0,7,1,0,0.5054842222603796,1,0
05145,0,17,1,0,0.4943255190933694,0,0
05149,0,13,1,0,0.5175055374704772,1,0
06003,0,3,0,0,0.41466581985436335,0,0
06009,0,20,1,0,0.43908287970967064,0,1
06015,0,4,1,0,0.40727279689175494,0,0
06021,0,7,1,0,0.5560775352337408,1,0
06023,0,36,1,0,0.3889432250066463,0,0
06037,0,292,0,0,0.11783083722921626,0,0
06041,0,29,1,0,0.2379616703371788,0,0
06043,0,13,1,0,0.4852831355251271,0,0
06047,0,24,0,0,0.5586969881023479,1,0
06049,0,13,0,0,0.5698987168188977,1,0
06051,0,9,0,0,0.40349682118570773,0,0
06055,0,12,1,0,0.34926702207244736,0,0
06059,0,91,0,0,0.3172469128871242,0,0
06061,0,34,0,0,0.33106594862849975,0,0
06063,0,17,1,0,0.3867309015773873,0,0
06069,0,7,1,0,0.4149507316042972,0,0
06071,0,93,0,0,0.4964989212866851,0,0
06077,0,36,0,0,0.489407298346781,0,0
06087,0,17,1,0,0.31150848065350434,0,0
06115,0,17,1,0,0.5065958985442159,1,1
08011,0,6,0,0,0.5134961545246457,1,0
08041,0,45,0,0,0.3343164105435258,0,0
08043,0,11,1,0,0.3557312203268328,0,1
08059,0,33,1,0,0.2764737102897547,0,0
08061,0,5,0,0,0.4440799122099083,0,0
08067,0,6,1,0,0.31379394081325707,0,1
08093,0,12,0,0,0.15071046644636066,0,0
08123,0,41,1,0,0.39915213806884814,0,0
09001,0,46,1,0,0.2415107524520473,0,0
09003,0,58,1,0,0.313713356164821,0,0
09011,0,31,1,0,0.2695380626523068,0,0
09013,0,17,0,0,0.22553613528777422,0,0
10001,0,18,1,0,0.43268222368526654,0,0
12013,0,8,0,0,0.41201810950007856,0,0
12021,0,23,0,0,0.30235915438832733,0,0
12027,0,4,0,0,0.4543935997287603,0,0
12031,0,36,0,0,0.3212084002230576,0,0
12033,0,18,1,0,0.319208631497765,0,0
12061,0,9,1,0,0.3341674987434866,0,0
12071,0,38,0,0,0.308322654616273,0,0
12089,0,6,1,0,0.2792368181352457,0,0
12093,0,2,0,0,0.45875332094455584,0,0
12109,0,12,1,0,0.23931737759515612,0,0
12119,0,11,1,0,0.34923561312607715,0,0
12123,0,6,0,0,0.2986523031128145,0,0
12125,0,5,0,0,0.3578874687756763,0,0
13003,1,5,1,0,0.5320312746955059,1,1
13007,1,6,0,0,0.4752641871070174,0,0
13011,0,11,0,0,0.39385640632899904,0,0
13021,0,12,1,0,0.49139969791673915,0,0
13031,1,11,1,0,0.4326636946710875,0,0
13037,1,6,0,0,0.575972384366596,1,0
13039,0,8,1,0,0.3274998247952588,0,1
13049,0,4,0,0,0.4957529525722077,0,0
13055,0,6,1,0,0.44574197154739553,0,0
13069,0,10,1,0,0.5298255491057681,1,1
13071,0,13,1,0,0.5363896875685842,1,0
13073,0,7,1,0,0.2645093318331432,0,0
13079,0,7,0,0,0.4804391658363831,0,0
13103,0,8,1,0,0.3267000417564417,0,1
13105,0,4,0,0,0.49606694522754485,0,0
13115,0,13,1,0,0.40621857993700106,0,0
13119,0,10,1,0,0.44230911712549986,0,0
13121,0,46,0,0,0.2960915456103921,0,0
13137,0,7,1,0,0.34402459285571313,0,1
13143,0,7,0,0,0.3655585009826831,0,0
13151,0,11,1,0,0.3196323338516195,0,0
13169,0,8,1,0,0.4807264261255651,0,0
13173,0,5,0,0,0.49295288556046485,0,0
13175,0,15,1,0,0.516695714900935,1,1
13187,0,4,0,0,0.32759586505525173,0,0
13191,0,4,1,0,0.47167492082500456,0,0
13193,1,10,1,0,0.5427598822775536,1,0
13227,0,9,1,0,0.28965354853147063,0,0
13253,1,4,1,0,0.5404645702045718,1,1
13255,0,7,0,0,0.4409055338626562,0,0
13261,1,8,1,0,0.5087293397220318,1,0
13263,1,8,0,0,0.4539490324861067,0,0
13283,1,6,0,0,0.5255745990478007,1,0
13307,0,6,0,0,0.49328438483175435,0,0
13309,1,4,1,0,0.5141891834388531,1,1
13315,1,8,1,0,0.5316219914975228,1,1
13317,0,5,1,0,0.522961715824562,1,1
13321,0,12,0,0,0.5451403577731371,1,0
16033,0,3,0,0,0.47870140145190426,0,0
16055,0,13,1,0,0.3228788387608291,0,0
16059,0,10,1,0,0.4610834772102479,0,1
16065,1,8,0,0,0.2847726820632565,0,0
16067,0,5,0,0,0.5256772905509756,1,0
16077,0,4,0,0,0.5019544300655121,1,0
17009,0,5,0,0,0.32838180271752865,0,0
17011,0,30,1,0,0.406198598690827,0,1
17029,0,16,0,0,0.3925973466150951,0,0
17049,0,15,1,0,0.3310061318603245,0,0
17059,0,9,1,0,0.5015859876552194,1,1
17065,0,13,0,0,0.4090801270965445,0,0
17083,0,11,0,0,0.31720130593331786,0,0
17095,0,22,1,0,0.48055974203639157,0,1
17099,0,28,1,0,0.41944307017494004,0,0
17103,0,24,1,0,0.38666944600071274,0,0
17109,0,17,1,0,0.4029080398386304,0,1
17135,0,28,0,0,0.4064724417066324,0,0
17143,0,27,0,0,0.36562938409083706,0,0
17147,0,16,0,0,0.32180397395942306,0,0
17157,0,18,1,0,0.4169667323660731,0,0
17159,0,9,1,0,0.41910456526629913,0,0
17163,0,34,0,0,0.3907739565567545,0,1
17169,0,12,0,0,0.35231077588092213,0,0
17171,0,9,1,0,0.37048704047181436,0,1
17183,0,27,1,0,0.43510564738695556,0,0
17203,0,16,1,0,0.30499436830200394,0,0
18001,0,8,1,0,0.4963901685510104,0,1
18003,0,33,1,0,0.39119688693725674,0,0
18019,0,15,1,0,0.3791354654156623,0,0
18023,0,12,1,0,0.4795435704884938,0,0
18025,0,9,0,0,0.4670969910485088,0,0
18027,0,7,0,0,0.4531609605530945,0,0
18035,0,21,1,0,0.49382781071297976,0,0
18041,0,8,0,0,0.5437953481851164,1,0
18045,0,10,0,0,0.43682245486413535,0,0
18047,0,15,1,0,0.40225274377240205,0,0
18057,0,23,0,0,0.26329334119850234,0,0
18061,0,16,1,0,0.3654907752292211,0,1
18081,0,12,1,0,0.393162761102805,0,0
18101,0,7,1,0,0.42600481295315534,0,1
18115,0,5,0,0,0.39011570539274676,0,0
18141,0,24,1,0,0.458562169726031,0,0
18153,0,13,1,0,0.44320362112930484,0,0
18163,0,11,1,0,0.4338676446374766,0,0
18177,0,17,1,0,0.5086815598131043,1,0
19015,0,18,1,0,0.38996420363976614,0,0
19017,0,12,0,0,0.28804650902744067,0,0
19027,0,16,1,0,0.3674094557537013,0,0
19043,0,24,0,0,0.3562577094474921,0,0
19047,0,19,0,0,0.40106418316348347,0,0
19053,0,11,0,0,0.40267558706440604,0,0
19055,0,16,0,0,0.32376568462516475,0,0
19057,0,12,1,0,0.4037144093833845,0,1
19061,0,19,1,0,0.26568436775812043,0,0
19069,0,17,0,0,0.3725211311450317,0,0
19071,0,11,1,0,0.415803522892428,0,1
19089,0,9,0,0,0.34485084085796885,0,0
19097,0,14,1,0,0.33646761768845035,0,0
19099,0,19,1,0,0.3604120507551795,0,1
19109,0,21,1,0,0.3936984761473212,0,0
19111,0,12,1,0,0.4072840764906364,0,0
19113,0,29,1,0,0.2930382351596941,0,0
19119,0,12,0,0,0.3427874140410649,0,0
19127,0,21,1,0,0.4260920031864178,0,1
19137,0,10,0,0,0.41908609753304216,0,0
19139,0,13,0,0,0.3724025016324572,0,0
19145,0,12,1,0,0.39461309937776445,0,0
19161,0,16,1,0,0.3688478500955167,0,1
19165,0,19,0,0,0.36816473532735633,0,0
19181,0,19,1,0,0.31804155093044106,0,1
19191,0,12,0,0,0.26769541721522383,0,0
20011,0,13,1,0,0.49557703635427286,0,0
20013,0,13,0,0,0.45128646489276725,0,0
20015,0,20,1,0,0.457467923594453,0,0
20017,0,11,0,0,0.5055327590807496,1,0
20029,0,8,1,0,0.4344906245921168,0,1
20033,0,3,0,0,0.40127770112142264,0,0
20035,0,14,1,0,0.5278053674310589,1,1
20067,0,3,1,0,0.4884712773129234,0,1
20071,0,2,0,0,0.4799440399738337,0,0
20079,0,13,1,0,0.43107993807986467,0,1
20083,0,8,1,0,0.43313445269042405,0,1
20103,0,13,1,0,0.40108678886115207,0,0
20107,0,11,0,0,0.46018491939070316,0,0
20109,0,7,0,0,0.3713830484203262,0,0
20111,0,12,1,0,0.5037434679724934,1,0
20119,0,5,0,0,0.5111045193326185,1,0
20121,0,11,1,0,0.3328611420211549,0,1
20151,0,11,0,0,0.42661564020141374,0,0
20155,0,22,1,0,0.48312517955739515,0,0
20157,0,15,0,0,0.37261853373793014,0,0
20173,0,50,0,0,0.4416354686488543,0,0
21019,0,4,1,0,0.4298425629128181,0,1
21027,0,18,1,0,0.5001713923926345,1,0
21039,0,4,0,0,0.5783354088771017,1,0
21041,0,8,1,0,0.4825258822889185,0,1
21045,1,15,0,0,0.5157197341679233,1,0
21049,0,4,1,0,0.41610605654262595,0,1
21051,1,10,1,0,0.5033970950732378,1,0
21059,0,10,1,0,0.4815356339735407,0,0
21061,0,12,1,0,0.480198975272381,0,0
21063,1,6,1,0,0.48676688446310445,0,1
21065,1,5,0,0,0.5032108848882124,1,0
21111,0,41,0,0,0.39065848227692634,0,0
21119,1,24,1,0,0.4695650727989129,0,0
21137,1,11,1,0,0.5025768656601234,1,0
21143,0,4,0,0,0.561964730340908,1,0
21147,1,8,0,0,0.4870193108691737,0,0
21151,0,5,1,0,0.42447539586883104,0,0
21161,0,5,1,0,0.45675851671725265,0,0
21167,0,5,1,0,0.45219661424207064,0,0
21175,1,8,1,0,0.4680895181820066,0,0
21189,1,6,0,0,0.4949130798988415,0,0
21203,1,7,1,0,0.46778938133329784,0,0
21209,0,6,1,0,0.38385479999528216,0,1
21225,0,5,1,0,0.5072816548160507,1,0
22019,0,16,1,0,0.4317936730759014,0,0
22031,0,10,1,0,0.4846104116077456,0,0
22035,1,4,0,0,0.5560914899437318,1,0
22037,1,8,0,0,0.46625436760145733,0,0
22055,0,16,1,0,0.3819504382307583,0,0
22069,1,16,1,0,0.5121667873367607,1,0
22091,1,7,0,0,0.49431367305946466,0,0
22095,0,6,1,0,0.4610881645211949,0,1
22109,0,13,1,0,0.4666295951679509,0,0
22119,1,12,1,0,0.5501049388611545,1,1
22123,1,4,1,0,0.5270522967457554,1,0
22127,1,12,1,0,0.4931424028391156,0,0
23023,0,8,0,0,0.22899234621930672,0,0
23027,0,18,1,0,0.29309287008671076,0,1
24005,0,54,0,0,0.3190828730093256,0,1
24013,0,15,1,0,0.23447625111505363,0,0
24019,0,18,1,0,0.44827206211162357,0,1
24041,0,16,1,0,0.31940385748061306,0,0
24043,0,20,1,0,0.3692036848561138,0,0
26009,0,16,1,0,0.34366117389233153,0,0
26015,0,15,1,0,0.3638785942167344,0,0
26039,0,4,0,0,0.3952782231071316,0,0
26041,0,13,1,0,0.36596684590906703,0,1
26051,0,7,0,0,0.4536431814216616,0,0
26053,0,7,0,0,0.3525565968134185,0,0
26059,0,18,1,0,0.4404709633317363,0,0
26063,0,18,1,0,0.44623991048009676,0,1
26097,0,15,0,0,0.4204599586064435,0,0
26109,0,14,0,0,0.3730317743808059,0,0
26125,0,71,0,0,0.27346961733566255,0,0
26127,0,12,1,0,0.4035297903069366,0,0
26135,0,8,0,0,0.4105080984758553,0,0
26145,0,28,1,0,0.4319824816180278,0,0
27013,0,20,0,0,0.31641802250433937,0,0
27017,0,15,0,0,0.28208605254170743,0,0
27029,0,11,0,0,0.4788981574972236,0,0
27049,0,17,1,0,0.2970959223887895,0,1
27065,0,9,0,0,0.3296468258813298,0,0
27067,0,16,0,0,0.3342158502975326,0,0
27087,0,8,0,0,0.5637146789006364,1,0
27103,0,10,0,0,0.2712931903567651,0,0
27105,0,17,0,0,0.4062350102317123,0,0
27115,0,16,1,0,0.3496789859114416,0,0
27131,0,16,1,0,0.3345666982849786,0,0
27153,0,19,1,0,0.3574955642113546,0,0
27169,0,14,1,0,0.3009299286865866,0,1
28003,0,5,1,0,0.38980537515058644,0,1
28019,1,9,1,0,0.39250332756020156,0,1
28023,1,9,1,0,0.3474537513424078,0,0
28055,1,6,0,0,0.42655928414600275,0,0
28073,0,6,1,0,0.2763074674606225,0,0
28091,1,8,1,0,0.445953669356644,0,0
28097,1,7,1,0,0.4611840663711903,0,1
28101,0,11,1,0,0.4173944524540119,0,0
28115,0,11,1,0,0.38450960187720123,0,0
28117,0,8,0,0,0.43789621482367735,0,0
28125,1,7,0,0,0.1768825955930297,0,0
28127,1,10,1,0,0.4005586410003851,0,0
28141,0,9,1,0,0.40244648126444754,0,0
28143,1,5,0,0,0.6050998942939402,1,0
28151,1,8,0,0,0.5745647062319849,1,1
28163,1,8,1,0,0.4882613299625575,0,0
29005,0,9,0,0,0.4535148166454704,0,0
29021,0,15,1,0,0.46153720944756216,0,0
29025,0,10,1,0,0.467238235095018,0,1
29035,1,5,1,0,0.4051875808282239,0,1
29041,0,12,1,0,0.43614070285209466,0,1
29065,0,8,1,0,0.4352244827582211,0,0
29069,1,14,1,0,0.6239516106370923,1,1
29073,0,11,0,0,0.3893232089243612,0,0
29077,0,21,0,0,0.38801946868812637,0,0
29089,0,10,0,0,0.42401406351078286,0,0
29107,0,16,1,0,0.42541582945302514,0,1
29115,0,15,1,0,0.44411448732948966,0,0
29133,1,6,1,0,0.6353914179962217,1,0
29147,0,18,1,0,0.42419643756206243,0,0
29159,0,15,1,0,0.4643788350547513,0,1
29167,0,18,0,0,0.6673561175960127,1,0
29185,0,16,1,0,0.48438703245898596,0,1
29195,0,13,1,0,0.44341599832823536,0,0
29223,1,14,1,0,0.4884525190074262,0,0
29227,0,7,0,0,0.46845497145962284,0,0
30001,0,10,0,0,0.3840342685526039,0,0
30005,1,9,1,0,0.593747824510052,1,1
30019,0,4,0,0,0.3788477801670292,0,0
30023,0,5,0,0,0.42085868662608655,0,0
30033,0,8,0,0,0.4230724812815682,0,0
30041,0,10,0,0,0.5012992870026727,1,0
30043,0,9,0,0,0.3446519308651905,0,0
30047,0,15,1,0,0.43718580906504,0,0
30075,0,6,0,0,0.4715313288017906,0,0
30091,0,11,0,0,0.3671019817824646,0,0
30107,0,6,0,0,0.49545156023606274,0,0
31011,0,8,1,0,0.3590542022437318,0,1
31017,0,4,0,0,0.4061597288949489,0,0
31025,0,20,1,0,0.3203835867366471,0,0
31029,0,7,1,0,0.24795698475758085,0,1
31031,0,18,0,0,0.4282863607219926,0,0
31035,0,15,0,0,0.31021867624727895,0,0
31039,0,11,0,0,0.3631538575229877,0,0
31043,0,8,0,0,0.3626988849322793,0,0
31047,0,11,0,0,0.3675682392044174,0,0
31061,0,8,1,0,0.38992398328283545,0,1
31063,0,12,0,0,0.3538390033127994,0,0
31071,0,3,0,0,0.3851955315423662,0,0
31073,0,9,0,0,0.3703437594541204,0,0
31105,0,5,0,0,0.4797889327826343,0,0
31125,0,8,0,0,0.35539672062436223,0,0
31129,0,10,0,0,0.3706924471773826,0,0
31131,0,19,1,0,0.3432023052090428,0,0
31139,0,9,0,0,0.3077396909202443,0,0
31169,0,15,0,0,0.35946393907018115,0,0
31173,1,10,1,0,0.5569714885620913,1,1
31185,0,15,1,0,0.3072895956557716,0,0
32003,0,73,0,0,0.47722602557876864,0,1
32011,0,4,0,0,0.5312448498964584,1,0
32013,0,7,1,0,0.5323223276208303,1,0
32033,0,7,1,0,0.4949768823044503,0,1
32510,0,4,0,0,0.45919098607781733,0,0
33003,0,30,0,0,0.30479282146565306,0,0
33005,0,27,1,0,0.25562141143224604,0,1
33009,0,37,1,0,0.2265451114350756,0,0
34009,0,15,1,0,0.3060621572603304,0,0
34015,0,30,1,0,0.2596665159601155,0,0
34037,0,21,1,0,0.20441186364552177,0,0
35006,1,17,0,0,0.6087366268113885,1,0
35023,1,5,0,0,0.5426194047838575,1,0
35027,0,14,0,0,0.4114394059514543,0,0
35041,1,9,1,0,0.5107085644323093,1,0
35043,0,21,1,0,0.37509645568354566,0,0
35061,0,8,1,0,0.5331467359546807,1,1
36005,1,28,0,0,0.49581743275266166,0,0
36007,0,31,1,0,0.31750863528532736,0,0
36013,0,36,1,0,0.3832252438731917,0,0
36029,0,70,0,0,0.35255373631962467,0,0
36047,1,39,0,0,0.37576398603978983,0,0
36055,0,50,1,0,0.3288531187600285,0,0
36081,0,63,0,0,0.32049980591122457,0,0
36093,0,19,1,0,0.2766738270344248,0,0
36105,0,62,1,0,0.33309236995301084,0,0
36115,0,27,1,0,0.2937863947361343,0,0
37009,0,12,0,0,0.3534473882125195,0,0
37023,0,16,1,0,0.34197347995383076,0,0
37029,0,5,0,0,0.33503567535646994,0,0
37031,0,19,1,0,0.30619471429293055,0,0
37051,0,24,1,0,0.3815716099954586,0,0
37053,0,15,1,0,0.31192206768462816,0,0
37057,0,12,1,0,0.34399951058165407,0,0
37079,0,11,1,0,0.46006578930952846,0,0
37081,0,31,0,0,0.29684291497223586,0,0
37107,0,10,1,0,0.4571411548794489,0,0
37109,0,11,1,0,0.3145674461541812,0,0
37119,0,32,0,0,0.27149109057097626,0,0
37135,0,14,1,0,0.21372670154112197,0,0
37141,0,13,1,0,0.3228245630602645,0,1
37143,0,6,0,0,0.41462284343174316,0,0
37169,0,16,1,0,0.3441422843618991,0,0
37179,0,12,1,0,0.2696388466461251,0,0
37187,1,4,1,0,0.48823237765738503,0,0
37195,0,17,1,0,0.41735469695000066,0,0
38011,0,5,0,0,0.360850130882247,0,0
38015,0,12,1,0,0.27987008948701014,0,0
38023,0,10,0,0,0.3827459691489796,0,0
38035,0,22,1,0,0.3356902976659827,0,1
38059,0,8,0,0,0.3549312304833853,0,0
38099,0,16,1,0,0.3885499398624483,0,0
39001,0,11,1,0,0.5091246390820242,1,0
39003,0,20,0,0,0.479204165976972,0,0
39005,0,19,0,0,0.40767719084313014,0,0
39007,0,19,1,0,0.47300842446394914,0,0
39015,0,19,0,0,0.465760348886433,0,0
39021,0,17,0,0,0.4549884362634598,0,0
39029,0,24,0,0,0.46872981643367767,0,0
39031,0,18,0,0,0.4469243007115858,0,0
39037,0,25,1,0,0.5071505103127947,1,0
39043,0,13,0,0,0.4377748769569342,0,0
39045,0,19,1,0,0.3661538116560844,0,0
39047,0,11,0,0,0.5236197549059626,1,0
39065,0,15,1,0,0.4727305400780063,0,1
39073,0,16,1,0,0.4193857563084483,0,0
39075,0,18,1,0,0.40012384401697026,0,0
39085,0,11,1,0,0.32532196430343324,0,0
39095,0,30,0,0,0.4756000208682398,0,0
39097,0,12,0,0,0.4177219232183747,0,0
39115,0,11,0,0,0.48777790150500144,0,0
39123,0,18,1,0,0.4440389840949107,0,0
39131,0,11,1,0,0.4554112798902939,0,0
39145,0,20,1,0,0.47659733896254813,0,0
39167,0,20,1,0,0.4175048921447588,0,0
39175,0,13,0,0,0.41091328248756137,0,0
40029,1,10,0,0,0.6143963021887854,1,0
40037,0,21,1,0,0.5049500435112192,1,0
40039,0,13,1,0,0.5607247601023821,1,0
40043,0,12,1,0,0.5702913105373392,1,1
40061,0,7,0,0,0.5953940930877449,1,0
40081,0,16,1,0,0.531694217119598,1,0
40089,1,15,1,0,0.6045937781322914,1,0
40101,0,15,1,0,0.604754553777412,1,0
40111,0,11,1,0,0.5913893760657466,1,1
40135,0,9,1,0,0.5827799002649984,1,0
40139,0,9,1,0,0.5720519690453784,1,0
40151,0,7,0,0,0.5043633281060004,1,0
41019,0,28,1,0,0.4547791689918137,0,0
41027,0,3,1,0,0.36367518378342323,0,0
41033,0,11,1,0,0.49562043140360634,0,0
41037,0,10,0,0,0.6198093211645043,1,0
41045,0,13,0,0,0.59908342299183,1,0
41065,0,8,1,0,0.5216012548169123,1,0
41069,0,5,0,0,0.5493434442485974,1,0
42003,0,114,0,0,0.2557577412316939,0,0
42005,0,36,1,0,0.32261259836087125,0,0
42007,0,28,0,0,0.30427034335809705,0,0
42037,0,19,1,0,0.3675319217491697,0,0
42051,0,62,1,0,0.36467679355057964,0,0
42065,0,30,1,0,0.367253202632708,0,0
42081,0,25,1,0,0.31788520030479406,0,0
42087,0,13,1,0,0.39092080023618003,0,1
42099,0,16,1,0,0.35506602879398536,0,1
44001,0,3,0,0,0.24960380354437706,0,0
45001,0,13,1,0,0.4665000740719557,0,0
45011,1,7,1,0,0.5563576040704069,1,0
45039,0,9,1,0,0.4932906900987083,0,0
45047,0,9,1,0,0.4524375020257736,0,0
45067,1,7,1,0,0.5007541010470046,1,0
45069,1,8,1,0,0.5010838820295539,1,0
45079,0,24,0,0,0.3472278478120063,0,0
46003,0,9,0,0,0.35232100731139443,0,0
46009,0,7,1,0,0.33179589037815077,0,1
46013,0,20,1,0,0.32187576270706053,0,1
46023,1,10,0,0,0.4665688035756635,0,0
46027,1,8,0,0,0.3468293159537858,0,0
46077,0,9,1,0,0.341454579943863,0,1
46081,0,9,0,0,0.3501735632066774,0,0
46091,0,10,1,0,0.3582101591845593,0,1
46107,0,5,0,0,0.3661988770193092,0,0
46121,1,9,1,0,0.6340118983353725,1,1
46127,0,9,0,0,0.3700190334989091,0,0
46137,1,7,0,0,0.6233747223346489,1,0
47007,0,9,0,0,0.4468927322592712,0,0
47009,0,13,1,0,0.38419694576957236,0,0
47019,0,8,1,0,0.48292994005288575,0,0
47023,0,12,0,0,0.43182047196052153,0,0
47025,1,10,1,0,0.4450935214228106,0,0
47031,0,9,1,0,0.4651148920692079,0,0
47035,0,11,1,0,0.4227365603475886,0,0
47043,0,11,1,0,0.44615481613172076,0,1
47045,0,11,1,0,0.5319570794572557,1,1
47051,0,15,0,0,0.4602582630853864,0,0
47063,0,7,1,0,0.517992810669453,1,1
47083,0,8,0,0,0.5074014789068374,1,0
47087,0,11,0,0,0.4679111457798223,0,0
47095,1,2,0,0,0.5987502357839924,1,0
47119,0,10,1,0,0.3731289192266857,0,0
47125,0,15,1,0,0.40715032976278603,0,0
47131,0,12,1,0,0.5534689438065542,1,1
47135,0,4,1,0,0.4917596486315894,0,1
47143,0,6,0,0,0.4577827143663782,0,0
47163,0,12,1,0,0.4586860305371111,0,0
47189,0,12,1,0,0.3672846730517945,0,0
48007,0,5,1,0,0.5506367827812924,1,0
48013,0,15,1,0,0.5576867334790577,1,0
48025,1,11,1,0,0.5554272450995933,1,1
48027,0,23,0,0,0.48249861847385017,0,0
48041,1,9,0,0,0.3857466415493612,0,0
48057,0,6,1,0,0.5709331950455724,1,0
48071,0,11,1,0,0.46680242270903854,0,0
48083,0,15,1,0,0.491250637807469,0,1
48085,0,38,0,0,0.31477709154504724,0,0
48109,1,2,1,0,0.27194451083941706,0,1
48115,0,4,0,0,0.6223429281197541,1,0
48131,1,8,1,0,0.5874519229397431,1,0
48149,0,15,1,0,0.5051104401141049,1,0
48151,0,9,1,0,0.5206543163369306,1,1
48171,0,7,1,0,0.4554300292084413,0,0
48173,0,4,0,0,0.5447320023475667,1,0
48175,0,6,0,0,0.5392881439050674,1,0
48181,0,21,0,0,0.48393835755413184,0,1
48189,0,9,0,0,0.5425756660857761,1,0
48191,1,6,0,0,0.5764962771455878,1,0
48197,0,2,1,0,0.5629025096436507,1,1
48207,0,11,1,0,0.594903178048966,1,1
48231,0,17,0,0,0.5172477669718906,1,1
48233,0,7,1,0,0.51329353254379,1,0
48239,0,10,1,0,0.5173905880898094,1,0
48253,0,10,0,0,0.48081064880989044,0,0
48255,1,8,1,0,0.5452735357321216,1,0
48277,0,13,1,0,0.515269405712024,1,1
48279,1,13,0,0,0.582730039597733,1,0
48289,0,8,1,0,0.5240902059977852,1,0
48291,0,14,1,0,0.4936344572676272,0,0
48327,0,4,0,0,0.4857801422188765,0,0
48333,0,8,0,0,0.5217849703217661,1,0
48335,0,3,1,0,0.4718288024162655,0,1
48347,1,10,1,0,0.5209719912792614,1,1
48355,0,26,0,0,0.5183214438015062,1,0
48373,0,9,1,0,0.4833799058357536,0,1
48395,1,9,1,0,0.5040659239957282,1,0
48401,0,16,1,0,0.4583613284052409,0,1
48403,0,6,0,0,0.4873243817018462,0,0
48439,0,74,0,0,0.44256451359707333,0,0
48443,0,2,0,0,0.5246986083497652,1,0
48465,1,5,1,0,0.6028430802893693,1,0
48485,0,11,0,0,0.5126253247254208,1,1
48487,0,6,1,0,0.5927951016683446,1,0
48495,0,2,1,0,0.5837892824334366,1,1
48501,0,4,1,0,0.5057543124662064,1,1
48507,1,4,1,0,0.6703336327076336,1,0
49009,0,2,0,0,0.3517529467239835,0,0
49019,0,2,1,0,0.40032223898411906,0,1
49023,0,6,0,0,0.4343075082384346,0,0
49027,0,11,0,0,0.4375369923256534,0,0
49047,0,10,0,0,0.4810151449048854,0,0
50001,0,20,1,0,0.21858132201011596,0,0
50009,0,10,0,0,0.314061191293944,0,0
50011,0,17,0,0,0.2646924999596789,0,0
50017,0,31,1,0,0.244809531336582,0,0
50019,0,24,1,0,0.2751171401795152,0,0
50023,0,26,1,0,0.21623418061709593,0,1
51001,0,33,0,0,0.4536519182753515,0,0
51005,0,7,1,0,0.3922247314164225,0,0
51036,0,4,1,0,0.43818941649233895,0,1
51051,1,12,1,0,0.43608164879595307,0,0
51063,0,11,1,0,0.3273940759697337,0,0
51065,0,10,0,0,0.2790531487446059,0,0
51079,0,5,1,0,0.30629505209241686,0,0
51099,0,3,0,0,0.2560913683667101,0,0
51133,0,7,1,0,0.3990981788284702,0,0
51137,0,12,0,0,0.3200187223053608,0,0
51139,0,6,1,0,0.3845875177263463,0,0
51145,0,5,1,0,0.320227102745032,0,0
51153,0,19,1,0,0.22927435046326508,0,0
51173,0,10,0,0,0.4117321750675229,0,0
51175,0,12,1,0,0.44021514008410817,0,0
51177,0,13,1,0,0.2531865352857295,0,0
51600,0,3,0,0,0.17559647290655928,0,0
51630,0,3,1,0,0.317354659653629,0,0
51660,0,3,1,0,0.0007519215835555821,0,1
51670,0,1,0,0,0.45987672361212,0,0
51683,0,1,1,0,0.2678626857886198,0,0
51750,1,2,1,0,0.9518660700620135,1,0
51770,0,10,1,0,0.41930893112894774,0,0
51800,0,8,1,0,0.3652424923543627,0,0
51840,0,1,1,0,0.34271005481975036,0,0
53015,0,11,1,0,0.3898657296961324,0,0
53017,0,13,1,0,0.4666921522862015,0,0
53025,0,18,1,0,0.5577075636514582,1,0
53029,0,8,1,0,0.36282698915914147,0,1
53039,0,15,0,0,0.44318191007192875,0,0
53061,0,30,0,0,0.30601971493842806,0,0
53063,0,45,0,0,0.4061753126522599,0,0
53069,0,6,0,0,0.38470350626710637,0,0
53075,1,20,0,0,0.4732393700187453,0,0
54001,0,12,0,0,0.4711045207638376,0,0
54013,1,16,0,0,0.5044420164721711,1,0
54017,0,10,0,0,0.4482575828001672,0,0
54025,0,21,0,0,0.5241304067628544,1,0
54035,0,15,1,0,0.45259020716731346,0,0
54047,1,36,0,0,0.4390581504746127,0,0
54053,0,19,1,0,0.48115386582496017,0,0
54055,0,19,0,0,0.4775743406204458,0,0
54071,0,9,0,0,0.46853748748220825,0,0
54081,0,42,1,0,0.4330930991130405,0,0
54085,0,14,0,0,0.48248809266129306,0,0
54097,0,10,1,0,0.45272095926666656,0,0
54107,0,13,1,0,0.46250892924599835,0,0
55001,0,14,1,0,0.34099487721916355,0,0
55019,0,21,0,0,0.3423499073293612,0,0
55027,0,31,1,0,0.3207621680160665,0,0
55037,0,4,0,0,0.2755421407449948,0,0
55041,0,11,0,0,0.3559764435539095,0,0
55043,0,23,1,0,0.32000386042755735,0,1
55053,0,14,0,0,0.3194142384825282,0,0
55075,0,16,1,0,0.3111726580398827,0,0
55077,0,14,1,0,0.33215629833758314,0,0
55078,1,4,1,0,0.4869667131719531,0,1
55099,0,14,1,0,0.2864522036487458,0,0
55111,0,17,1,0,0.2719543247417749,0,1
55115,0,25,1,0,0.31588739884790873,0,1
55119,0,14,1,0,0.31945414758228236,0,0
55135,0,16,1,0,0.29286677950022943,0,1
55137,0,17,1,0,0.3232617154077536,0,0
55141,0,15,1,0,0.25115669937624485,0,1
56009,0,4,1,0,0.41439240630975227,0,0
56011,0,10,0,0,0.37788087239287393,0,0
56019,0,4,0,0,0.36436319808814716,0,0
56035,0,6,1,0,0.34431831704039156,0,1
56037,0,12,0,0,0.42735213583219767,0,0
01003,0,23,1,1,0.38081927468190063,0,0
01007,0,11,0,1,0.43485872667351827,0,0
01017,0,10,1,1,0.4454473870017495,0,1
01027,0,10,0,1,0.47814146676724095,0,0
01029,0,7,0,1,0.42991176010461424,0,0
01033,0,9,1,1,0.425930777293051,0,0
01045,0,14,1,1,0.4148510452196994,0,1
01063,1,8,1,1,0.5076215578054911,1,1
01067,0,9,1,1,0.45629416146302093,0,0
01071,0,22,1,1,0.45714862148346613,0,1
01075,0,9,1,1,0.45971538106318893,0,0
01081,0,14,0,1,0.37967434526082616,0,1
01085,1,8,1,1,0.4987181703245657,0,0
01105,1,9,1,1,0.48448614740209794,0,1
01115,0,18,1,1,0.4060133063738784,0,1
01117,0,22,0,1,0.31977385554857063,0,0
04001,1,33,0,1,0.5157765112451277,1,1
04005,0,28,0,1,0.34396979395697747,0,1
05001,0,13,1,1,0.47687645923764777,0,0
05019,0,8,1,1,0.510592617652381,1,0
05023,0,17,1,1,0.43036157592046964,0,0
05041,1,12,1,1,0.5238248868047025,1,0
05053,0,14,1,1,0.396940761184395,0,0
05063,0,20,1,1,0.43814494930347825,0,1
05065,0,20,0,1,0.36962786805380243,0,0
05071,0,12,1,1,0.46899227117473224,0,0
05077,1,11,1,1,0.5170774792897765,1,1
05079,0,8,1,1,0.4693341512296762,0,0
05081,0,7,1,1,0.48390855504055913,0,0
05091,0,6,1,1,0.4638855361174634,0,0
05093,1,15,1,1,0.5176181362912669,1,0
05099,1,10,1,1,0.46534171855089823,0,1
05107,1,12,1,1,0.518506776946851,1,0
05113,0,7,1,1,0.471633389393185,0,0
05119,0,31,0,1,0.3854649875653456,0,0
05125,0,14,1,1,0.3629579559215543,0,0
05139,0,10,1,1,0.43249301137084856,0,1
05143,0,20,0,1,0.36461297682572374,0,0
06001,0,53,0,1,0.3287486442962564,0,0
06027,0,11,1,1,0.4561310417755246,0,0
06039,0,18,0,1,0.463809029825661,0,0
06065,0,75,0,1,0.4049016389201849,0,1
06075,0,29,0,1,0.3092171271941486,0,0
06091,0,10,0,1,0.4443636289940951,0,0
06095,0,21,0,1,0.37071043142839133,0,0
06097,0,37,1,1,0.3437069668151914,0,0
06101,0,13,1,1,0.42768733131424075,0,0
06105,0,14,0,1,0.46012213135736213,0,0
08014,0,6,1,1,0.3170120024543849,0,1
08025,0,6,0,1,0.4638067203384004,0,0
08033,0,5,0,1,0.3794944461005142,0,0
08045,0,8,1,1,0.352506046294254,0,1
08047,0,4,0,1,0.31917161020709456,0,0
08049,0,10,0,1,0.36531673223221667,0,0
08073,0,9,0,1,0.4564368455972548,0,0
08075,0,9,0,1,0.4297431921311451,0,0
08087,0,10,1,1,0.44692523912514315,0,0
08115,0,5,0,1,0.48720531351607554,0,0
08119,0,7,0,1,0.3329259452245803,0,0
08121,0,12,1,1,0.45335911469804485,0,1
09005,0,40,1,1,0.2813244607326498,0,0
09015,0,31,1,1,0.3304359512190729,0,0
10003,0,28,0,1,0.32638439995575624,0,0
12009,0,28,0,1,0.3625661132464021,0,0
12037,0,8,0,1,0.4206657396111772,0,0
12041,0,5,1,1,0.41291507149256,0,0
12055,0,9,1,1,0.4245735216428715,0,0
12057,0,56,0,1,0.3234072127966377,0,0
12059,0,4,1,1,0.4345324224330878,0,0
12079,1,5,1,1,0.47360700258360927,0,0
12095,0,46,0,1,0.31617657684888845,0,0
12107,1,17,1,1,0.4233677024522199,0,0
12113,0,9,1,1,0.3219076136501795,0,0
12117,0,17,1,1,0.2981495066811145,0,0
12121,0,9,1,1,0.42376009293588435,0,1
13015,0,14,1,1,0.34363142266812646,0,1
13019,0,6,1,1,0.4678236195424563,0,0
13025,0,6,1,1,0.46363881367254167,0,0
13081,1,5,0,1,0.5118896166589075,1,0
13087,1,8,1,1,0.46100939826798715,0,0
13091,0,8,0,1,0.45411429080364923,0,0
13099,1,7,0,1,0.5244429985365289,1,0
13107,1,13,1,1,0.4736168868801195,0,0
13111,0,8,1,1,0.3753303490302128,0,0
13117,0,10,0,1,0.26391682057165916,0,0
13123,0,5,0,1,0.38860656964239354,0,0
13125,0,5,0,1,0.4566427440088076,0,0
13149,0,6,1,1,0.3996699121726457,0,0
13157,0,16,1,1,0.3455827774994374,0,0
13205,1,7,0,1,0.5063057955837532,1,0
13221,0,10,0,1,0.41246774769387734,0,0
13223,0,11,1,1,0.31924605019437313,0,0
13225,1,3,1,1,0.43232322984735694,0,0
13259,1,6,0,1,0.4808015193995594,0,0
13273,1,7,1,1,0.5232345993729427,1,1
13293,0,7,1,1,0.4260676112080818,0,0
13297,0,11,1,1,0.35120626040468306,0,1
13299,1,7,1,1,0.469005211456425,0,1
16009,0,9,0,1,0.4330717019549405,0,0
16017,0,18,1,1,0.42457254641612174,0,0
16027,0,13,0,1,0.43586501871784133,0,0
16035,0,7,1,1,0.42931855864500273,0,1
16041,0,7,1,1,0.4274244097231051,0,0
16047,0,6,1,1,0.4762050226376471,0,0
16049,0,16,0,1,0.4319912330488815,0,0
16051,0,10,0,1,0.3876387444684759,0,0
16057,0,14,0,1,0.3733032114049052,0,0
16071,0,4,0,1,0.4531000763214665,0,0
16081,0,5,1,1,0.3659973991965875,0,1
17025,0,13,1,1,0.4247870073895212,0,0
17039,0,13,1,1,0.40335959599625393,0,0
17045,0,15,1,1,0.40217692527764154,0,0
17051,0,20,0,1,0.4412714539178767,0,0
17057,0,24,1,1,0.4250771786857732,0,1
17087,0,10,1,1,0.4383294980229835,0,0
17093,0,19,1,1,0.33298882859420337,0,0
17105,0,29,1,1,0.4338592751519868,0,0
17107,0,20,1,1,0.37630198702025186,0,0
17115,0,27,1,1,0.4130793704235484,0,0
17117,0,28,1,1,0.3880268924193604,0,0
17123,0,19,1,1,0.40921919449128913,0,0
17125,0,11,1,1,0.43982210267002125,0,0
17133,0,9,1,1,0.310450285578825,0,1
17153,1,10,0,1,0.4922559939702549,0,0
17161,0,20,1,1,0.3870608816033919,0,0
17193,0,11,1,1,0.4397202326132401,0,0
18005,0,14,1,1,0.3997674854165145,0,1
18013,0,9,1,1,0.3988093610459318,0,0
18017,0,12,1,1,0.45907746166784674,0,1
18033,0,14,0,1,0.39470784412894355,0,0
18049,0,16,0,1,0.4255316256506936,0,0
18055,0,16,1,1,0.4293783040388217,0,1
18059,0,15,1,1,0.38495135052110085,0,1
18071,0,8,1,1,0.4447976428942677,0,0
18077,0,11,0,1,0.4119335629343945,0,0
18095,0,18,1,1,0.47449608486338396,0,0
18103,0,13,0,1,0.4496312574676171,0,0
18105,0,18,1,1,0.3919786006548559,0,0
18117,0,11,1,1,0.4468716801156078,0,0
18123,0,14,1,1,0.3961241829002644,0,0
18135,0,14,0,1,0.48974054794120564,0,0
18143,0,6,1,1,0.4324645196702023,0,0
18147,0,16,1,1,0.42906217626795523,0,0
18149,0,11,1,1,0.4720940518864891,0,0
18151,0,9,0,1,0.4012744892019362,0,0
18155,0,9,0,1,0.45542332888420406,0,0
18165,0,8,0,1,0.4420235099707797,0,0
18173,0,12,1,1,0.3400493163090546,0,1
18181,0,18,0,1,0.42959288889264763,0,0
19005,0,10,0,1,0.3780033868401204,0,0
19009,0,11,1,1,0.4470915827722846,0,1
19019,0,16,0,1,0.3644589641510512,0,0
19033,0,17,0,1,0.3648794340524015,0,0
19037,0,9,1,1,0.4045508702088076,0,0
19049,0,25,1,1,0.3362492179187834,0,0
19051,0,10,0,1,0.41748925558486316,0,0
19059,0,10,0,1,0.3808894360293121,0,0
19065,0,24,0,1,0.41093418730155484,0,0
19081,0,13,0,1,0.3943761625181245,0,0
19083,0,12,0,1,0.40816862155448214,0,0
19095,0,21,1,1,0.38029297404918916,0,0
19107,0,19,0,1,0.4175091323743015,0,0
19115,0,13,0,1,0.4153851059519554,0,0
19123,0,20,1,1,0.397508962074829,0,0
19129,0,11,1,1,0.37998617101764515,0,0
19133,0,15,1,1,0.4552687947392257,0,1
19159,0,12,0,1,0.42402862512210093,0,0
19195,0,10,0,1,0.3925916525289244,0,0
20005,0,10,1,1,0.4459968879675255,0,0
20051,0,11,1,1,0.37929920005665696,0,0
20053,0,9,0,1,0.42929170960456314,0,0
20059,0,13,1,1,0.43247365831947704,0,0
20075,0,4,0,1,0.48189292955370067,0,0
20077,0,10,0,1,0.4934012469211762,0,0
20081,0,3,0,1,0.516527461507173,1,0
20085,0,18,1,1,0.444221482086312,0,0
20087,0,15,1,1,0.3881174553854279,0,0
20095,0,12,1,1,0.4200117905422217,0,1
20113,0,12,1,1,0.40799080340940913,0,0
20123,0,7,0,1,0.43607604134253847,0,0
20129,0,5,1,1,0.48375213003418327,0,1
20131,0,15,0,1,0.4247526471544301,0,0
20149,0,12,1,1,0.399987592126603,0,0
20181,0,4,0,1,0.47520483001488706,0,0
20185,0,9,0,1,0.4583948660364174,0,0
20193,0,8,0,1,0.4628064320856376,0,0
20205,0,10,1,1,0.48121963029586623,0,1
21003,0,6,1,1,0.49520614267832225,0,0
21005,0,5,0,1,0.38669023362921817,0,0
21025,1,10,0,1,0.47078455450093926,0,0
21053,1,4,0,1,0.48997835632718195,0,0
21073,0,5,1,1,0.383166868416072,0,1
21081,0,8,1,1,0.4411791443971633,0,0
21083,0,18,1,1,0.5078472562392274,1,0
21099,1,10,1,1,0.49211118677938737,0,0
21123,0,9,0,1,0.4724366393021451,0,0
21131,1,22,0,1,0.35294474925097064,0,0
21135,1,9,0,1,0.4833755663322266,0,0
21139,0,7,0,1,0.4958501927111581,0,0
21157,0,8,0,1,0.4416262328447625,0,0
21163,0,12,1,1,0.41148803111337157,0,0
21181,0,6,0,1,0.5085019756746089,1,0
21195,1,39,1,1,0.443229737290433,0,0
21199,0,11,1,1,0.45910687734651834,0,0
21205,1,4,1,1,0.3906042180334524,0,0
21213,0,5,0,1,0.47198118524291016,0,0
21219,0,9,0,1,0.4986404730579834,0,0
21223,0,5,0,1,0.46261757672308407,0,0
21229,0,7,0,1,0.4694726002451482,0,0
21239,0,3,1,1,0.3999895318528585,0,0
22011,0,9,1,1,0.4284592741896821,0,1
22017,1,25,0,1,0.44380983633020343,0,1
22021,0,4,1,1,0.4894099591652067,0,1
22025,1,9,0,1,0.4921137110055024,0,0
22033,0,24,0,1,0.3750462837617832,0,0
22045,1,10,1,1,0.4639811370734624,0,0
22047,0,8,1,1,0.4351332257176126,0,1
22057,0,14,1,1,0.4251199273030745,0,0
22065,1,4,1,1,0.5148277664130113,1,0
22071,1,17,0,1,0.39125610503311387,0,0
22085,1,12,0,1,0.4692080996420737,0,0
22089,0,10,1,1,0.3642193873195944,0,1
22093,0,7,1,1,0.4240121319489943,0,0
22105,1,20,1,1,0.4030093980791752,0,0
23001,0,14,1,1,0.35232313450983854,0,0
23007,0,18,1,1,0.30886649822954676,0,1
23009,0,40,1,1,0.3330465311184414,0,1
23029,0,31,0,1,0.442569496372263,0,0
24003,0,40,0,1,0.31332848274002,0,0
24011,0,10,1,1,0.44013900184785093,0,1
24017,0,24,1,1,0.33606554349752993,0,0
24025,0,24,0,1,0.31734562493647983,0,0
24031,0,50,0,1,0.25774418635301427,0,0
24039,0,11,1,1,0.47620466048172555,0,0
25005,0,36,1,1,0.32813592083100934,0,0
25015,0,28,1,1,0.29458874009589897,0,0
25021,0,41,0,1,0.26553875260295784,0,0
25023,0,34,1,1,0.2934697327428143,0,0
26031,0,15,0,1,0.3976730932869424,0,0
26033,0,17,0,1,0.42012892046836214,0,0
26035,0,8,0,1,0.4534407016811966,0,0
26037,0,17,0,1,0.3608039331851261,0,0
26043,0,11,0,1,0.35643316232183525,0,0
26047,0,11,0,1,0.33869537077350037,0,0
26057,0,20,0,1,0.4053783140962042,0,0
26067,0,21,1,1,0.3959788436375313,0,0
26069,0,12,0,1,0.4338220264707117,0,0
26077,0,25,1,1,0.3524111047461525,0,0
26085,0,11,0,1,0.45870617810462333,0,0
26089,0,11,0,1,0.3321477498675068,0,0
26105,0,10,0,1,0.40619232303234115,0,0
26113,0,9,0,1,0.4346838243828128,0,0
26121,0,20,1,1,0.4074734477077951,0,0
26129,0,9,0,1,0.45017327193970913,0,0
26131,0,12,0,1,0.4322358233767146,0,0
26141,0,7,1,1,0.41813302704915517,0,0
26147,0,23,1,1,0.3788209186715103,0,0
27005,0,16,1,1,0.4177081830550539,0,1
27023,0,10,0,1,0.4105665664775389,0,0
27033,0,13,0,1,0.41989995326578866,0,0
27047,0,18,1,1,0.3984604730175615,0,1
27063,0,14,0,1,0.3921595423904913,0,0
27069,0,11,0,1,0.4050665452872333,0,0
27075,0,8,0,1,0.33971856604011724,0,0
27085,0,12,0,1,0.3696287772164992,0,0
27111,0,34,1,1,0.38953681666387835,0,0
27119,0,25,1,1,0.4227240533975056,0,1
27121,0,12,0,1,0.3706620695968703,0,0
27135,0,11,1,1,0.38811743276211463,0,0
27137,0,51,0,1,0.3515389405191738,0,0
27139,0,10,1,1,0.3036594114988862,0,0
27141,0,9,1,1,0.3213160147563028,0,1
27159,0,7,0,1,0.4242847233357239,0,0
27163,0,19,1,1,0.2916622860107566,0,0
28001,1,2,1,1,0.4588181099754353,0,1
28009,1,11,0,1,0.446400105867347,0,0
28013,0,11,1,1,0.4313606841737078,0,0
28015,0,13,1,1,0.46067252151115917,0,1
28059,0,10,0,1,0.35797057025526224,0,1
28075,1,12,1,1,0.4019075193746011,0,0
28095,0,12,1,1,0.4122781975779568,0,0
28107,1,11,1,1,0.44664229850924775,0,1
28111,0,8,0,1,0.4024215973032744,0,0
28147,1,6,1,1,0.4580548530226621,0,0
29011,0,8,1,1,0.5076476331067407,1,0
29047,0,23,0,1,0.37837602434477496,0,0
29051,0,9,1,1,0.3491125108080406,0,0
29053,0,14,0,1,0.41054083809834585,0,0
29061,0,16,0,1,0.48113593953991685,0,0
29067,0,16,1,1,0.49564949659619684,0,0
29097,0,19,0,1,0.4487594325594976,0,0
29105,0,12,1,1,0.4364474357093811,0,1
29117,0,12,1,1,0.45918807534263145,0,0
29129,0,7,0,1,0.4667761938947039,0,0
29145,0,15,1,1,0.4454496461226247,0,0
29151,0,15,0,1,0.3647198832257998,0,0
29155,1,13,0,1,0.5421415074381681,1,0
29161,0,11,1,1,0.38983736972552546,0,1
29163,0,12,1,1,0.40423043296585426,0,0
29165,0,18,1,1,0.34596510129055263,0,0
29173,0,9,0,1,0.4359060156723909,0,0
29186,0,8,1,1,0.40958385125519337,0,0
29187,0,15,1,1,0.43276550412473047,0,1
29197,0,6,1,1,0.5062857507826594,1,1
29201,0,14,1,1,0.48094212215849674,0,1
29211,0,13,1,1,0.48413055046446657,0,1
29215,1,21,1,1,0.49342111310431974,0,0
30003,1,18,1,1,0.5323856476710612,1,0
30007,0,6,0,1,0.4044125070278421,0,0
30015,0,13,1,1,0.4388999108781628,0,1
30025,0,4,0,1,0.40995986864155265,0,0
30027,0,11,0,1,0.43246830299365135,0,0
30035,1,5,1,1,0.5735852101590408,1,0
30045,0,12,0,1,0.38608565410452134,0,0
30051,0,5,0,1,0.5359649689871175,1,0
30059,0,4,0,1,0.44002663450135343,0,0
30061,0,5,1,1,0.4645928534722361,0,1
30069,0,4,0,1,0.4525752335200338,0,0
30071,0,8,0,1,0.5065665342932753,1,0
30077,0,8,0,1,0.4177599255800076,0,0
30079,0,7,0,1,0.4780469155358595,0,0
30081,0,9,1,1,0.4034805986587257,0,1
30085,1,10,0,1,0.554500802403109,1,0
30087,0,8,1,1,0.47657406577110656,0,1
31015,0,5,0,1,0.4201356481516129,0,0
31021,0,8,0,1,0.4441246726480384,0,0
31051,0,12,0,1,0.3938587965001513,0,0
31081,0,14,0,1,0.3860056934116517,0,0
31089,0,14,0,1,0.4164699421352963,0,0
31095,0,12,1,1,0.45566046309271174,0,1
31097,0,12,0,1,0.4152661507300813,0,0
31107,0,11,0,1,0.4272347560345477,0,0
31111,0,14,1,1,0.3961891184357975,0,0
31113,0,3,0,1,0.4326881792152871,0,0
31123,0,7,0,1,0.46233618080785244,0,0
31143,0,10,0,1,0.38283218697743804,0,0
31149,0,4,0,1,0.4240617747452105,0,0
31155,0,18,1,1,0.3833786429308258,0,0
31171,0,4,0,1,0.41900709004014436,0,0
31177,0,15,1,1,0.3560076926523596,0,0
31183,0,6,0,1,0.4422793590184811,0,0
32005,0,9,1,1,0.3952717045818549,0,0
32007,0,14,1,1,0.460609053723153,0,1
32019,0,9,1,1,0.5055955609953626,1,0
32027,0,3,0,1,0.48248446700538705,0,0
33013,0,31,1,1,0.29021269236358177,0,0
33015,0,37,1,1,0.2718009449693144,0,0
34027,0,56,1,1,0.26354816627280075,0,0
34031,0,33,1,1,0.3291517003140203,0,0
34041,0,19,1,1,0.31516539178745595,0,0
35011,0,1,0,1,0.5175252692302893,1,0
35021,0,6,0,1,0.4754833767586962,0,0
35028,0,1,0,1,0.2838918706124525,0,0
35031,1,24,0,1,0.544678638425747,1,1
35033,0,13,0,1,0.44990855290565684,0,0
35047,1,19,0,1,0.463537560202768,0,0
35053,1,14,1,1,0.4674184681960132,0,0
35059,0,8,0,1,0.47029041814395106,0,0
36001,0,46,1,1,0.32139395702368123,0,0
36017,0,26,0,1,0.39819145764138786,0,0
36023,0,17,1,1,0.36348067295836795,0,0
36037,0,18,1,1,0.3855249773136125,0,1
36043,0,28,1,1,0.3670520214619673,0,1
36049,0,23,0,1,0.40292360504541,0,0
36059,0,69,0,1,0.28907621283077134,0,0
36067,0,55,0,1,0.3547009043608011,0,0
36071,0,51,1,1,0.31598207214813406,0,0
36077,0,43,1,1,0.33806493498873685,0,0
36087,0,25,0,1,0.29459040188121094,0,0
36091,0,27,1,1,0.29609226605782596,0,0
36099,0,14,1,1,0.40453637706107376,0,1
36117,0,20,1,1,0.3750220630875488,0,0
37011,0,10,0,1,0.3741569823405944,0,0
37019,0,14,1,1,0.33506931844887067,0,0
37039,0,4,1,1,0.4149407407165025,0,0
37047,1,16,1,1,0.4566383455975633,0,0
37049,0,11,1,1,0.36034550693940226,0,0
37077,0,12,1,1,0.36924766121809194,0,0
37093,0,9,1,1,0.3908284770138044,0,1
37099,0,11,0,1,0.3572919448916064,0,0
37101,0,21,1,1,0.36753926533446435,0,0
37111,0,9,1,1,0.3626778090832657,0,0
37121,0,4,0,1,0.3780502015698778,0,0
37125,0,18,1,1,0.3380613350174115,0,0
37147,1,17,1,1,0.36621511574843735,0,0
37155,1,13,0,1,0.4700846770026247,0,0
37163,0,17,1,1,0.45437808191915335,0,1
37167,0,12,0,1,0.3670018235766476,0,0
37173,0,5,0,1,0.44992560253915914,0,0
37177,1,3,0,1,0.47325453145021584,0,0
37189,0,10,1,1,0.3140897298069161,0,1
37191,0,14,1,1,0.41459883807610093,0,0
38017,0,29,0,1,0.33679104066700405,0,0
38019,0,16,0,1,0.4285216674237328,0,0
38025,0,12,0,1,0.3926878959623726,0,0
38045,0,12,0,1,0.4389172901817439,0,0
38053,0,12,0,1,0.4059552385858769,0,0
38055,0,18,0,1,0.46932599698177707,0,0
38093,0,21,0,1,0.43188445774732004,0,0
38101,0,24,1,1,0.3749638039515579,0,0
38103,0,12,0,1,0.4383931601478529,0,0
38105,0,10,0,1,0.3621948793510806,0,0
39017,0,17,1,1,0.4064941224712509,0,0
39027,0,13,0,1,0.4584339424202102,0,0
39039,0,14,0,1,0.43174906110818395,0,0
39041,0,24,1,1,0.3173959910557118,0,0
39071,0,15,1,1,0.4820182540153798,0,1
39077,0,14,1,1,0.4512303043354794,0,1
39079,0,11,1,1,0.4598381124480539,0,0
39083,0,16,0,1,0.4286342029102981,0,0
39089,0,28,1,1,0.3921331730906206,0,0
39101,0,14,1,1,0.47289867350723397,0,0
39105,0,15,0,1,0.4475112400323636,0,0
39109,0,18,0,1,0.42219268550773165,0,0
39125,0,15,1,1,0.4527451377303364,0,0
39133,0,24,1,1,0.3995096985161786,0,0
39147,0,20,1,1,0.44058678054425227,0,0
39161,0,14,0,1,0.4708931974945855,0,0
39169,0,25,1,1,0.4083437114924225,0,0
39173,0,32,1,1,0.4028020600223422,0,0
40007,0,7,0,1,0.5211295420918175,1,0
40013,0,14,1,1,0.5076420527444183,1,1
40015,1,16,1,1,0.5407117439799555,1,0
40017,0,13,1,1,0.4185034752649855,0,0
40023,1,12,1,1,0.5489958678610213,1,0
40031,0,19,0,1,0.4849487767742485,0,1
40035,0,10,1,1,0.5478900417313828,1,0
40045,0,7,1,1,0.4812301717003534,0,1
40047,0,22,1,1,0.46712010789702085,0,1
40063,1,10,1,1,0.5328234676063449,1,0
40113,0,22,1,1,0.49488097933385133,0,1
40119,1,14,1,1,0.4549724617462895,0,0
40133,1,10,1,1,0.5264400104247264,1,0
40141,1,8,1,1,0.5445711608637513,1,1
40147,0,12,1,1,0.45052513684388773,0,1
41011,0,10,1,1,0.44486782347652454,0,0
41013,0,6,1,1,0.4430658921696223,0,0
41023,0,11,1,1,0.4942050243797736,0,1
41025,0,10,0,1,0.4883691426953581,0,0
41041,0,18,1,1,0.42329567411411767,0,1
41067,0,30,1,1,0.32344787618194576,0,0
42013,0,19,1,1,0.3720284593919965,0,0
42025,0,20,1,1,0.3758217659999506,0,0
42041,0,21,1,1,0.32372987815939885,0,0
42047,0,14,1,1,0.3526024466755191,0,1
42059,0,26,1,1,0.3617995936235333,0,0
42063,0,49,0,1,0.3788952340921069,0,0
42069,0,28,1,1,0.33698043735735383,0,0
42073,0,22,1,1,0.37530946726970854,0,1
42093,0,9,0,1,0.3837803787203227,0,0
42095,0,26,1,1,0.3474903060921704,0,0
42113,0,13,0,1,0.4006961719739801,0,0
42117,0,25,0,1,0.39573447707580517,0,0
42123,0,19,1,1,0.3792782630675381,0,0
42125,0,64,1,1,0.3306349469633451,0,0
42127,0,30,1,1,0.35629855552809087,0,1
42133,0,45,0,1,0.38243607950868436,0,0
45003,0,23,0,1,0.41782778525231923,0,0
45019,0,30,0,1,0.35286865737199363,0,0
45025,0,11,1,1,0.4384500346728347,0,0
45029,1,14,1,1,0.46133608363753,0,1
45053,1,9,0,1,0.45352203667227425,0,0
45063,0,18,0,1,0.37975178127581743,0,0
46005,0,11,0,1,0.41233634601476615,0,0
46007,1,7,0,1,0.5432551512507338,1,0
46019,0,8,0,1,0.4552823238665433,0,0
46021,0,7,0,1,0.4197076211527389,0,0
46029,0,10,1,1,0.3646114940840677,0,0
46037,0,11,1,1,0.4634123145984489,0,1
46041,1,9,0,1,0.48757844545859647,0,0
46047,0,7,0,1,0.4638846555417526,0,0
46055,0,5,0,1,0.4666136007326368,0,0
46063,0,10,0,1,0.41749932639030163,0,0
46073,0,4,0,1,0.40598919212449736,0,0
46083,0,12,1,1,0.3194463319180877,0,1
46089,0,8,0,1,0.4621346165680751,0,0
46097,0,9,0,1,0.4046151290039503,0,0
46105,0,9,0,1,0.4546405500979157,0,0
46111,0,8,0,1,0.40095691582554815,0,0
46119,0,6,0,1,0.3766985750494958,0,0
46129,0,7,1,1,0.4118609917068804,0,1
47001,0,11,1,1,0.3974321988685456,0,1
47005,0,7,1,1,0.4766748158325527,0,0
47011,0,8,1,1,0.41608813470479933,0,0
47013,1,11,1,1,0.44941425569350585,0,0
47015,0,9,0,1,0.4455081305031516,0,0
47017,0,14,1,1,0.4768912192748817,0,0
47027,0,7,1,1,0.49345626258669917,0,1
47037,0,35,0,1,0.36372252004017813,0,0
47067,1,5,1,1,0.4902562046863072,0,1
47071,0,13,1,1,0.4575779033780881,0,0
47079,0,9,1,1,0.49771016621637265,0,1
47089,0,10,1,1,0.43239871219343246,0,1
47097,0,4,1,1,0.5187375857150037,1,0
47117,0,12,1,1,0.41312849613979863,0,1
47133,0,11,0,1,0.45364166307143516,0,0
47137,0,6,0,1,0.45322842713844785,0,0
47153,0,8,0,1,0.37404364718994093,0,0
47157,0,38,0,1,0.41234233761746203,0,1
47167,0,10,1,1,0.45707823344409176,0,0
47169,0,5,0,1,0.42978352667916464,0,0
47185,0,5,1,1,0.4619697344498089,0,0
47187,0,16,1,1,0.3015577013302336,0,0
48009,0,10,1,1,0.4285673548232415,0,1
48021,0,15,1,1,0.4496738973438656,0,0
48033,0,9,0,1,0.4809101807189293,0,0
48035,0,11,1,1,0.47051024782995826,0,0
48045,0,4,0,1,0.5377894723186165,1,0
48047,1,2,1,1,0.5727107824041211,1,1
48059,0,9,0,1,0.4315864648288509,0,0
48081,0,4,1,1,0.4746130630432252,0,1
48095,0,6,0,1,0.38198825641848067,0,0
48103,0,2,0,1,0.4567197401829866,0,0
48113,0,93,0,1,0.3933332420655433,0,1
48117,0,6,1,1,0.5045469717229788,1,0
48121,0,37,0,1,0.34070083430796483,0,0
48137,1,4,0,1,0.5186148951401429,1,0
48141,1,30,0,1,0.41290356301926406,0,1
48147,0,19,1,1,0.4714176353869644,0,1
48153,1,6,0,1,0.5150378588752814,1,0
48163,1,5,0,1,0.4999660237929145,0,0
48165,0,5,0,1,0.4698975240466349,0,0
48167,0,18,0,1,0.39676313235260463,0,0
48169,1,4,1,1,0.49552783715316984,0,1
48187,0,14,0,1,0.4110140880305337,0,0
48201,0,141,0,1,0.38715527575868625,0,0
48203,0,12,1,1,0.4305012300734383,0,0
48213,0,15,0,1,0.44932048128779106,0,1
48217,0,19,1,1,0.47160432230570815,0,1
48243,0,2,0,1,0.4736087462441097,0,0
48247,0,1,1,1,0.5519248755321009,1,1
48251,0,16,1,1,0.4089668886022286,0,0
48271,1,1,0,1,0.5335908981624929,1,0
48275,0,6,1,1,0.5122590701080497,1,1
48285,0,7,1,1,0.4900253123258209,0,0
48311,0,7,0,1,0.4867044749075786,0,0
48315,1,7,1,1,0.47177972417578895,0,1
48321,0,12,1,1,0.4825777390172652,0,0
48329,0,9,1,1,0.37184499000710663,0,0
48349,0,17,1,1,0.48477408019590595,0,1
48359,0,6,0,1,0.47130583126982817,0,0
48363,0,12,1,1,0.4691592622991748,0,0
48367,0,18,1,1,0.403847388720092,0,0
48369,0,5,0,1,0.4908711207017224,0,0
48379,0,6,0,1,0.4603287873995309,0,0
48393,0,5,0,1,0.49544469531384655,0,0
48397,0,9,1,1,0.34540033280320864,0,1
48399,0,11,1,1,0.489726384182024,0,1
48409,0,9,1,1,0.4717042033871355,0,0
48419,0,7,1,1,0.484831915810796,0,0
48473,0,11,1,1,0.43972559960261937,0,1
48475,0,6,1,1,0.4668812372294259,0,1
48499,0,12,1,1,0.43276215973019877,0,0
48503,0,6,1,1,0.4786260347099734,0,0
49003,0,20,1,1,0.40671913102496665,0,1
49011,0,13,1,1,0.3481243321784044,0,0
49017,0,11,0,1,0.40688096366149556,0,0
49025,0,7,0,1,0.4208936547792429,0,0
49029,0,2,0,1,0.3647261333219845,0,0
49045,0,8,0,1,0.416778108116744,0,0
49051,0,6,0,1,0.3450260617498136,0,0
50003,0,21,0,1,0.32080758300555123,0,0
50027,0,34,0,1,0.30398797102621533,0,0
51031,0,14,1,1,0.37427009448133025,0,1
51043,0,7,0,1,0.3551176027178342,0,0
51073,0,6,1,1,0.36114691668184884,0,1
51077,0,9,0,1,0.444077088747943,0,0
51111,0,12,1,1,0.46684078653521127,0,0
51125,0,17,0,1,0.40216984941330725,0,0
51141,0,14,1,1,0.4206888592517063,0,0
51143,0,20,1,1,0.4523271330674575,0,0
51147,0,12,1,1,0.6338281167844484,1,0
51149,0,7,1,1,0.40716764228696617,0,1
51163,0,12,0,1,0.37921973569128764,0,0
51187,0,7,1,1,0.34621580067273644,0,1
51510,0,8,1,1,0.27528671317683095,0,0
51540,0,4,0,1,0.29012490824120235,0,0
51550,0,6,1,1,0.32902903079540763,0,0
51620,0,1,0,1,0.43538253927271203,0,0
51640,0,1,0,1,0.44421426641200823,0,0
51685,0,1,0,1,0.30152323487264987,0,0
51720,1,1,0,1,0.4323582842250902,0,0
53001,0,11,0,1,0.4934956737449566,0,0
53007,0,14,1,1,0.3833989025338745,0,0
53009,0,9,0,1,0.3781458026662634,0,0
53035,0,20,1,1,0.3325418389235922,0,0
53047,1,22,1,1,0.48036629921867596,0,1
53049,0,13,0,1,0.44485458406426165,0,0
53053,0,59,0,1,0.371232391520097,0,0
53057,0,17,1,1,0.35068829015582087,0,0
53071,0,8,1,1,0.4037807445460399,0,0
53077,0,22,1,1,0.46555884658436464,0,0
54015,1,16,0,1,0.4917263741561406,0,0
54021,1,16,0,1,0.44135668179979043,0,0
54029,0,5,1,1,0.4505879840701802,0,1
54051,0,10,0,1,0.433848134662604,0,0
54065,0,4,1,1,0.45562639244829417,0,0
54073,0,5,0,1,0.45617483673660714,0,0
54093,0,10,0,1,0.44435992951256353,0,0
54095,0,11,0,1,0.4728419120977915,0,0
54105,0,8,0,1,0.4951950078597318,0,0
55007,0,15,1,1,0.35717468821633896,0,0
55017,0,14,1,1,0.3403655716198329,0,0
55023,0,13,1,1,0.35861540032071415,0,0
55025,0,45,0,1,0.30641160174379284,0,0
55031,0,12,1,1,0.3223600420917252,0,1
55039,0,24,1,1,0.35712380057452775,0,0
55047,0,12,0,1,0.3907681899303363,0,0
55081,0,12,1,1,0.34212764753109587,0,0
55089,0,13,1,1,0.3014075899800977,0,1
55093,0,13,0,1,0.31833171571588664,0,0
55103,0,14,1,1,0.3813651472603722,0,0
55105,0,19,1,1,0.3566319577053089,0,0
55107,0,14,0,1,0.3779250511620127,0,0
55117,0,17,1,1,0.3098786575390303,0,0
55131,0,18,1,1,0.3184131248201712,0,0
55133,0,30,1,1,0.30871185035262266,0,0
56005,0,8,0,1,0.4269621855933156,0,0
56007,0,12,1,1,0.44771600859132965,0,0
56015,0,9,0,1,0.44486098368787436,0,0
56039,0,9,0,1,0.33200926275146225,0,0
56043,0,2,0,1,0.443415403429595,0,0
01015,0,14,1,2,0.41871948219156346,0,0
01043,0,19,1,2,0.42902022326392375,0,0
01055,0,14,1,2,0.4351405830096045,0,0
01059,0,10,1,2,0.44004983980138834,0,0
01069,0,14,1,2,0.4531547311263138,0,0
01079,0,10,1,2,0.4703091814815752,0,1
01091,1,15,1,2,0.4787818694770642,0,0
01095,0,18,1,2,0.4304425526586061,0,0
01107,1,8,1,2,0.4727964870025595,0,0
01113,0,12,1,2,0.44147451328066406,0,0
01127,0,18,1,2,0.4520138899077014,0,0
01131,1,13,1,2,0.4973165694982429,0,0
04015,0,25,0,2,0.4541287789596882,0,1
04021,0,34,0,2,0.44168849855426684,0,1
05005,0,12,1,2,0.4036559602334135,0,0
05017,1,6,0,2,0.5211841114962353,1,0
05037,0,8,1,2,0.503218404648211,1,0
05045,0,15,1,2,0.40415637058516884,0,0
05049,0,14,1,2,0.440398073035449,0,0
05057,1,10,1,2,0.4988455875980248,0,0
05059,0,12,1,2,0.4364255070630802,0,1
05095,1,9,1,2,0.5206265003219549,1,1
05115,0,13,1,2,0.4333489534955889,0,1
05117,0,11,1,2,0.46844650513375724,0,1
05121,0,11,1,2,0.4856715410706821,0,0
05141,0,12,1,2,0.4638994425643236,0,0
05147,1,9,1,2,0.5159139318210731,1,1
06007,0,18,1,2,0.4300987106879444,0,0
06011,0,9,1,2,0.4480234783357725,0,0
06013,0,49,0,2,0.344606839678328,0,0
06029,0,52,0,2,0.47420357435607674,0,1
06067,0,57,0,2,0.4089649210587848,0,0
06081,0,30,0,2,0.31064270178135484,0,0
06083,0,24,1,2,0.3676996060854314,0,0
06089,0,30,0,2,0.4294784211912145,0,1
06093,0,23,1,2,0.4487270635355159,0,1
06099,0,28,0,2,0.44863534593936916,0,0
06107,1,41,0,2,0.49040383914748076,0,0
06113,0,19,1,2,0.39291809335798306,0,0
08001,0,35,1,2,0.381883757262784,0,0
08003,1,5,0,2,0.4047255126045529,0,0
08009,0,8,1,2,0.444890316042726,0,1
08021,0,8,0,2,0.38698575168300264,0,0
08023,1,7,0,2,0.44777910410774957,0,0
08027,0,4,0,2,0.3527495962307458,0,0
08029,0,8,0,2,0.39273703933128595,0,0
08031,0,36,0,2,0.35051705289120394,0,0
08035,0,18,1,2,0.3115473298878184,0,0
08037,0,13,1,2,0.3057611548992009,0,0
08039,0,14,0,2,0.35137099773091945,0,0
08055,0,4,1,2,0.41852750466185046,0,1
08077,0,19,1,2,0.3807228666606268,0,0
08079,0,3,0,2,0.3343952578363964,0,0
08083,0,7,0,2,0.40702296804714877,0,0
08085,0,12,0,2,0.375790270291136,0,0
08099,0,6,1,2,0.4100492288200704,0,0
08105,0,4,0,2,0.37955544752029385,0,0
08125,0,13,0,2,0.40734177395100296,0,0
09009,0,41,1,2,0.3369539959495638,0,0
10005,0,24,1,2,0.37660839674482,0,0
12001,1,23,1,2,0.3444239982125904,0,0
12011,0,53,0,2,0.34416438742155503,0,0
12017,0,15,1,2,0.37579607079917177,0,0
12019,0,12,1,2,0.3498301328048391,0,0
12029,0,6,0,2,0.43367870580552953,0,0
12035,0,7,1,2,0.35927447317548517,0,0
12045,0,2,0,2,0.3779922721880203,0,0
12069,0,28,0,2,0.3871041040023126,0,0
12073,0,10,1,2,0.3440313852081871,0,0
12083,0,31,1,2,0.4002002349339594,0,0
12086,0,79,0,2,0.36761341583094787,0,0
12087,0,11,1,2,0.3584723928776022,0,0
12091,0,14,1,2,0.324734540687385,0,0
12127,0,29,0,2,0.37452001446141897,0,0
12131,0,12,1,2,0.35542834824990904,0,0
13001,0,7,1,2,0.4832895198197658,0,0
13023,0,6,1,2,0.4415764964072712,0,0
13033,1,9,1,2,0.4849947409466205,0,0
13035,0,5,1,2,0.4442277865882969,0,0
13051,0,14,0,2,0.3765559139920987,0,0
13057,0,15,1,2,0.2862464983339694,0,0
13061,1,6,0,2,0.5193600278734164,1,0
13065,1,7,0,2,0.5113209786937083,1,0
13075,1,5,1,2,0.4656592600518735,0,0
13077,0,10,1,2,0.3428547776568401,0,0
13083,0,5,1,2,0.3737186975307705,0,0
13093,1,8,1,2,0.4889562137414964,0,0
13097,0,8,1,2,0.36114841954845506,0,0
13129,0,8,1,2,0.4113495878325327,0,1
13131,1,6,0,2,0.4775289434595262,0,0
13167,1,5,1,2,0.4933406343293461,0,1
13171,0,9,0,2,0.4243872848552304,0,0
13195,0,11,1,2,0.40846890282624915,0,0
13197,1,4,1,2,0.45524898349140047,0,1
13199,0,10,0,2,0.4471485378355083,0,0
13201,0,5,0,2,0.4856448550781825,0,0
13207,0,9,0,2,0.39569769548459555,0,0
13213,0,6,0,2,0.39782344027639444,0,0
13217,0,11,1,2,0.4216705067675984,0,0
13229,0,7,0,2,0.4603490095586835,0,0
13235,0,5,1,2,0.4851309431762677,0,0
13239,1,2,0,2,0.4913686646312155,0,0
13241,0,9,0,2,0.3914377679449177,0,0
13245,0,11,0,2,0.45761172655966914,0,0
13249,0,7,0,2,0.4325277109166639,0,0
13269,1,6,0,2,0.39380890007171554,0,0
13271,1,7,0,2,0.49801911970008567,0,0
13275,0,9,1,2,0.44190756190356706,0,1
13277,0,9,1,2,0.4653119743221083,0,1
13281,0,3,1,2,0.35468397931873935,0,1
13285,0,7,1,2,0.4465411402016395,0,0
13287,1,4,1,2,0.5071090988810463,1,1
13289,0,6,0,2,0.4960737627469971,0,0
16007,0,10,0,2,0.31774790347337556,0,0
16029,0,7,0,2,0.39612061147407907,0,0
16031,0,9,1,2,0.452879812435255,0,0
16045,0,7,1,2,0.4040755899106902,0,0
16053,0,5,0,2,0.4647669541867254,0,0
16069,0,10,1,2,0.4012780851267981,0,0
16073,0,12,1,2,0.4721617948442579,0,0
16079,0,15,1,2,0.449790172817209,0,0
16085,0,4,0,2,0.3627374497472591,0,0
17003,1,8,1,2,0.4066649915936912,0,1
17007,0,15,1,2,0.38591802268162906,0,0
17013,0,7,1,2,0.3834662376826556,0,1
17015,0,11,0,2,0.39218280122802474,0,0
17023,0,11,0,2,0.3902047270060291,0,0
17031,0,176,0,2,0.3549762677617847,0,0
17033,0,10,1,2,0.39899275922493016,0,0
17035,0,12,0,2,0.40633710983461824,0,0
17037,0,22,0,2,0.3852880399179846,0,0
17043,0,43,1,2,0.30167200008386563,0,0
17055,0,19,1,2,0.46435967820050167,0,1
17073,0,23,1,2,0.3979704743301788,0,1
17077,1,22,0,2,0.4001395834417756,0,0
17089,0,33,0,2,0.3529698239258613,0,0
17091,0,21,1,2,0.42407540654674947,0,0
17097,0,35,1,2,0.33135090535035566,0,0
17113,0,33,1,2,0.3637319221337581,0,0
17141,0,27,1,2,0.39333159353054153,0,1
17149,0,16,1,2,0.41682846918497096,0,0
17165,0,11,1,2,0.4720141100936141,0,0
17167,0,29,1,2,0.3686736834411765,0,0
17191,0,20,0,2,0.4234008070060439,0,0
18007,0,10,0,2,0.4760977778290213,0,0
18011,0,12,1,2,0.3593859366234666,0,1
18037,0,13,1,2,0.4017652634900085,0,1
18039,0,17,1,2,0.45714391382114294,0,0
18053,0,15,1,2,0.4878063278067492,0,0
18083,0,11,1,2,0.46703467659853687,0,1
18093,0,12,1,2,0.4630367714754997,0,1
18097,0,40,0,2,0.43779511985309094,0,0
18099,0,13,0,2,0.4653186390281447,0,0
18107,0,16,1,2,0.4177596870242885,0,0
18111,0,12,0,2,0.4401470404054131,0,0
18113,0,17,0,2,0.44065959536636856,0,0
18119,0,14,0,2,0.4513589298748924,0,0
18125,0,11,0,2,0.4394200870955329,0,0
18127,0,15,1,2,0.3977638979913122,0,0
18129,0,7,1,2,0.4098340980883978,0,0
18131,0,13,0,2,0.4738616877083545,0,0
18133,0,15,1,2,0.4038163412308722,0,1
18137,0,12,0,2,0.42976025381085914,0,0
18157,0,18,1,2,0.37199527184450354,0,0
18171,0,11,0,2,0.42499876286835203,0,0
18175,0,12,1,2,0.4387005736897503,0,0
19007,0,11,1,2,0.4318167515297044,0,0
19031,0,18,1,2,0.37423387571138916,0,0
19075,0,16,0,2,0.36773441269919194,0,0
19087,0,11,1,2,0.4003119116644265,0,0
19091,0,17,0,2,0.3949115381112703,0,0
19093,0,12,0,2,0.38169702344575296,0,0
19101,0,16,0,2,0.3706392404489678,0,0
19105,0,16,1,2,0.4013327682784013,0,0
19121,0,14,1,2,0.3639590787854814,0,0
19125,0,19,0,2,0.3638774687082281,0,0
19135,0,7,0,2,0.39237174875814906,0,0
19141,0,14,0,2,0.3920552546839703,0,0
19149,0,14,1,2,0.3993611385846394,0,0
19151,0,16,1,2,0.4220963676838452,0,1
19163,0,22,1,2,0.3844062511300022,0,0
20001,0,11,1,2,0.4758263646274868,0,0
20003,0,10,0,2,0.46826603009961354,0,0
20023,0,5,0,2,0.4559212876229446,0,0
20039,0,8,1,2,0.4208473902468806,0,1
20047,0,7,1,2,0.44316619278532865,0,1
20055,0,7,1,2,0.44714116165621853,0,1
20061,0,8,1,2,0.43330712787021913,0,1
20093,0,4,0,2,0.4959794939110085,0,0
20097,0,7,1,2,0.40579851477772044,0,1
20099,0,13,1,2,0.49996074516529426,0,0
20127,0,9,1,2,0.46958138621536244,0,1
20135,0,9,1,2,0.40829369439321084,0,1
20139,0,15,1,2,0.47405532034076325,0,0
20143,0,11,0,2,0.4047638333445412,0,0
20147,0,9,1,2,0.3908799458593067,0,1
20167,0,11,1,2,0.4293847756433248,0,1
20179,0,11,1,2,0.3812996537805793,0,1
20187,0,3,0,2,0.4677176265183447,0,0
20191,0,18,0,2,0.43287774232211335,0,0
20199,0,4,0,2,0.41939007277884316,0,0
20209,0,11,0,2,0.4844832965374413,0,0
21001,0,10,1,2,0.4836498923801732,0,0
21007,0,6,0,2,0.3714410437524865,0,0
21009,0,11,1,2,0.5138779652897758,1,0
21021,0,5,1,2,0.45671963507319246,0,0
21031,0,10,0,2,0.4830295166278437,0,0
21037,0,10,1,2,0.3746499883421705,0,0
21057,1,3,1,2,0.4935819999848633,0,1
21085,0,9,1,2,0.4905678422099169,0,0
21087,0,8,0,2,0.4954307989906762,0,0
21089,0,11,0,2,0.4571538912588128,0,0
21097,0,6,1,2,0.4784067545545331,0,0
21101,0,8,1,2,0.47743746486355054,0,0
21103,0,13,1,2,0.4586737218389198,0,0
21141,0,7,1,2,0.5018611068160665,1,0
21149,0,7,1,2,0.4787188434233237,0,1
21155,0,11,0,2,0.47482921013321205,0,0
21171,1,6,1,2,0.47588698576488797,0,0
21177,0,17,0,2,0.4863203224141351,0,0
21179,0,9,1,2,0.3983492443678894,0,1
21185,0,11,1,2,0.3256632146796569,0,0
21187,0,9,0,2,0.46830087085617395,0,0
21191,0,10,1,2,0.4469975411966992,0,0
21193,1,21,0,2,0.3992663600198365,0,0
21197,1,4,1,2,0.45252236391210715,0,0
21211,0,14,1,2,0.4071172281014987,0,1
22009,1,15,1,2,0.47801006332395973,0,1
22013,1,13,1,2,0.49951830484621756,0,0
22015,0,15,0,2,0.4314147154279088,0,1
22027,1,11,1,2,0.511880298408934,1,0
22049,0,7,1,2,0.47078860392336774,0,0
22061,1,8,0,2,0.46206943504880454,0,1
22067,1,7,0,2,0.5104486575946481,1,0
22075,0,9,0,2,0.43999497132519433,0,0
22079,0,27,1,2,0.451726882405853,0,0
22081,1,5,0,2,0.43670865017132604,0,0
22103,0,17,1,2,0.3579060671562995,0,0
22111,0,10,1,2,0.4574096110320814,0,0
22125,0,4,0,2,0.32083975515942204,0,0
23013,0,19,1,2,0.3000353756477162,0,1
23015,0,25,0,2,0.31177892236399996,0,0
23017,0,33,1,2,0.37107629458376185,0,0
23025,0,24,1,2,0.4107082091764549,0,0
24027,0,24,1,2,0.2775946032660553,0,0
24029,0,9,1,2,0.39281648515407236,0,0
24033,0,39,0,2,0.3739136554243481,0,0
24035,0,16,1,2,0.3510140322586996,0,0
25001,0,47,1,2,0.3160038751512303,0,0
25013,0,41,1,2,0.39430726774511454,0,0
25017,0,83,0,2,0.2789758461390791,0,0
25025,0,36,1,2,0.3454010249398127,0,0
26001,0,13,0,2,0.418312052910058,0,0
26005,0,24,1,2,0.40444164445259106,0,0
26007,0,8,0,2,0.41265907069499624,0,0
26011,0,10,1,2,0.45030040765477974,0,0
26013,0,7,1,2,0.41238455103972566,0,1
26023,0,13,1,2,0.47157902092950243,0,0
26025,0,22,1,2,0.4481695186382799,0,0
26027,0,14,1,2,0.44784561587213845,0,1
26065,0,22,1,2,0.4149044176358311,0,0
26073,1,15,1,2,0.39676325972348275,0,0
26107,0,16,0,2,0.3937060919107544,0,0
26139,0,22,1,2,0.34732892978488084,0,0
26153,0,7,0,2,0.45470713017361114,0,0
26163,0,68,0,2,0.45792137073616057,0,0
26165,0,13,0,2,0.40679315640949004,0,0
27009,0,9,1,2,0.3426098942238303,0,1
27021,0,24,0,2,0.3735314455578003,0,0
27035,0,18,0,2,0.32072601853303956,0,0
27037,0,22,1,2,0.3082338697121952,0,0
27041,0,17,1,2,0.33413814712631484,0,1
27053,0,72,0,2,0.31458169709444134,0,0
27057,0,10,1,2,0.3729842489151127,0,0
27089,0,15,0,2,0.3867357712693966,0,0
27095,0,12,1,2,0.3690747544442919,0,0
27097,0,20,1,2,0.3532854041417834,0,1
27143,0,16,0,2,0.3668750326594535,0,0
27147,0,11,0,2,0.38086278507203736,0,0
27149,0,8,0,2,0.33931959107686077,0,0
27151,0,11,1,2,0.3852266682120639,0,1
27157,0,13,0,2,0.3482664372894628,0,0
27165,0,10,0,2,0.39891194321185264,0,0
27171,0,19,1,2,0.3172089609440895,0,0
27173,0,14,0,2,0.38254740703941414,0,0
28017,1,8,0,2,0.46895624959962035,0,0
28027,1,11,1,2,0.5343982863885124,1,0
28031,1,8,1,2,0.4353531695885264,0,0
28037,1,8,1,2,0.41969343285427835,0,1
28051,1,9,1,2,0.5037566611199474,1,0
28057,0,10,1,2,0.392960118344628,0,0
28065,1,9,1,2,0.44278341440581914,0,0
28067,0,13,0,2,0.4148858399839194,0,1
28081,0,15,1,2,0.3774929984456432,0,0
28085,0,12,1,2,0.4101930134385461,0,1
28087,1,8,1,2,0.3985852423976317,0,0
28099,1,8,1,2,0.4696266531452285,0,0
28109,0,5,1,2,0.39892913663078444,0,1
28119,1,10,1,2,0.5299230899551877,1,1
28123,1,10,1,2,0.46351113394621196,0,0
28133,1,16,1,2,0.5184809077404867,1,1
28137,0,5,1,2,0.44558549752748555,0,0
28139,0,9,0,2,0.4428061815629992,0,0
28149,0,3,0,2,0.43227668048531454,0,0
28153,1,7,1,2,0.43917810234596,0,0
28161,1,7,1,2,0.4346290389211138,0,0
29001,1,9,1,2,0.3971127909636234,0,0
29003,0,17,0,2,0.4374748822508841,0,0
29013,0,13,1,2,0.45720039940883206,0,0
29015,0,13,1,2,0.45838550925254745,0,0
29027,0,19,0,2,0.3715964454310685,0,0
29029,0,18,1,2,0.39847536415648194,0,1
29045,0,11,0,2,0.44640010325990753,0,0
29059,0,13,1,2,0.4632826781769486,0,0
29063,0,10,1,2,0.45079279143222833,0,0
29071,0,23,1,2,0.41195398982647424,0,0
29079,0,7,1,2,0.4680594448753583,0,1
29087,0,6,0,2,0.46393143937195847,0,0
29103,0,12,1,2,0.475406238377395,0,1
29113,0,17,1,2,0.4297128793994572,0,0
29119,0,14,1,2,0.43134991690092256,0,0
29121,0,15,1,2,0.4355299257487341,0,0
29125,0,10,0,2,0.42630792430930486,0,0
29127,0,10,1,2,0.43851112210527193,0,0
29153,0,18,1,2,0.48361341157595134,0,1
29157,0,8,0,2,0.42848004676781676,0,0
29169,0,11,1,2,0.3640728539217157,0,0
29179,1,11,0,2,0.45923743929616795,0,0
29189,0,46,0,2,0.37392224491612885,0,0
29203,1,9,0,2,0.48109675726992457,0,0
29217,0,13,1,2,0.4693179552024566,0,0
29219,0,9,1,2,0.4295025592921386,0,1
30011,0,8,0,2,0.4002308658144125,0,0
30013,0,18,1,2,0.41132118262713824,0,1
30021,0,8,1,2,0.39024794352002995,0,1
30029,0,16,1,2,0.34134187637327157,0,0
30073,0,6,1,2,0.45284499102641157,0,1
30083,0,9,0,2,0.3909508932635083,0,0
30093,0,7,0,2,0.3791832393466879,0,0
30097,0,6,0,2,0.37630707124780044,0,0
30099,0,12,0,2,0.4044384186008811,0,0
30105,0,12,1,2,0.44211825220255363,0,1
31001,0,14,1,2,0.36051720821086675,0,1
31019,0,14,0,2,0.3509654666159221,0,0
31037,0,7,0,2,0.3878283837721513,0,0
31053,0,14,0,2,0.3997646318679435,0,0
31057,0,7,0,2,0.4513835083330758,0,0
31059,0,14,0,2,0.35549181282939374,0,0
31065,0,9,0,2,0.41870542375001985,0,0
31091,0,1,0,2,0.39710610306538646,0,0
31101,0,7,0,2,0.38611140653181064,0,0
31127,0,13,0,2,0.3888324940833355,0,0
31135,0,10,1,2,0.39370665786422787,0,1
31137,0,10,0,2,0.37261378181037297,0,0
31141,0,11,1,2,0.3396570542901787,0,1
31157,0,8,1,2,0.4266494615366058,0,0
31163,0,8,0,2,0.3983408524774257,0,0
31181,0,8,0,2,0.4004835442305196,0,0
32015,0,2,0,2,0.48289502901446446,0,0
32017,0,5,1,2,0.3735133999238673,0,1
32021,0,5,1,2,0.5088009484399282,1,1
33001,0,15,0,2,0.30364516569185007,0,0
33007,0,16,1,2,0.3679197218818487,0,1
33011,0,34,1,2,0.30125977685007643,0,0
33017,0,17,0,2,0.3160177907627254,0,0
33019,0,19,0,2,0.32896532093931774,0,0
34001,0,30,0,2,0.3713440331951119,0,0
34005,0,38,0,2,0.3150930073374489,0,0
34017,0,16,0,2,0.34109082299319704,0,0
34023,0,44,0,2,0.30768944724397373,0,0
34029,0,30,0,2,0.3286003613845688,0,0
34035,0,32,1,2,0.2830252375275018,0,0
35001,0,27,0,2,0.391982477140146,0,0
35005,1,9,1,2,0.5158000183964141,1,1
35009,0,7,1,2,0.4321710745564124,0,1
35019,1,5,1,2,0.4077196892789986,0,1
35029,1,3,1,2,0.5223908104469017,1,0
35037,1,10,1,2,0.48662351941276066,0,1
36003,0,37,1,2,0.3762980625755939,0,0
36031,0,34,1,2,0.3345596777192141,0,1
36045,0,39,1,2,0.37403699981848804,0,0
36051,0,30,0,2,0.3753860429894306,0,0
36069,0,25,0,2,0.3469468418567766,0,0
36073,0,15,1,2,0.4585037083532114,0,0
36075,0,27,1,2,0.4058002984211245,0,0
36083,0,29,1,2,0.34402094417538637,0,0
36085,0,12,0,2,0.3527473557447367,0,0
36111,0,63,1,2,0.33480477226146604,0,0
36113,0,25,0,2,0.3404971602534297,0,0
36119,0,77,0,2,0.3163173724717635,0,0
37007,0,8,1,2,0.43825269009575973,0,0
37015,1,10,1,2,0.46994456847813654,0,0
37037,0,18,1,2,0.3043451337907547,0,0
37043,0,5,1,2,0.35778503936822625,0,1
37059,0,6,1,2,0.3544518245805812,0,1
37061,0,19,1,2,0.4627581329002916,0,0
37067,0,22,1,2,0.35938637448567007,0,0
37091,0,9,1,2,0.4374238873288717,0,0
37103,0,9,0,2,0.4430432167457526,0,0
37113,0,6,0,2,0.38068132692065876,0,0
37115,0,6,0,2,0.36249143058682,0,0
37123,0,8,0,2,0.39167542609949174,0,0
37131,1,12,1,2,0.452651720073254,0,0
37133,0,16,1,2,0.3433022560518974,0,0
37137,0,9,0,2,0.4086856219699449,0,0
37145,0,10,0,2,0.40258365503776034,0,0
37151,0,24,1,2,0.4020172176078335,0,0
37157,0,11,1,2,0.41249133382374725,0,0
37161,0,16,1,2,0.3884772528511345,0,0
37165,0,7,1,2,0.4722155002902132,0,0
37199,0,5,0,2,0.3999103212485746,0,0
38001,0,6,0,2,0.4172187550380568,0,0
38009,0,14,0,2,0.39217116792099505,0,0
38031,0,8,0,2,0.36591255811854356,0,0
38039,0,9,0,2,0.4084373670633504,0,0
38043,0,13,0,2,0.40827850902648943,0,0
38061,0,12,0,2,0.43010519767428007,0,0
38067,0,13,1,2,0.35760453750872556,0,1
38069,0,11,0,2,0.4092224347063621,0,0
38073,0,11,1,2,0.3723695399910214,0,1
38085,1,9,1,2,0.5473430804624334,1,1
38091,0,12,0,2,0.3637982829508703,0,0
38095,0,10,0,2,0.41684871954752023,0,0
39011,0,18,0,2,0.43925093848139707,0,0
39013,0,27,1,2,0.4129391660706886,0,0
39035,0,52,0,2,0.4102364020695389,0,0
39059,0,20,1,2,0.463092654559315,0,0
39063,0,24,1,2,0.38835167576939883,0,0
39081,0,23,1,2,0.46195742515385246,0,0
39091,0,18,1,2,0.45182257427962785,0,0
39093,0,24,1,2,0.4257966695125053,0,0
39103,0,24,1,2,0.35868518864390314,0,0
39107,0,18,1,2,0.43855026074968306,0,1
39117,0,16,1,2,0.43832752870648095,0,1
39137,0,17,1,2,0.4004208032599689,0,0
39143,0,17,1,2,0.46715656009523443,0,0
39151,0,42,1,2,0.4308890895095152,0,0
39153,0,41,0,2,0.41579467836933615,0,0
39165,0,24,1,2,0.35848412348742265,0,0
40041,0,13,1,2,0.510088745099191,1,1
40051,0,14,1,2,0.4712021581497124,0,0
40065,0,9,1,2,0.47432467178035903,0,0
40085,0,8,1,2,0.5370239738249477,1,1
40095,0,3,1,2,0.5240806265140887,1,0
40097,0,17,1,2,0.5237768729541422,1,1
40099,0,7,1,2,0.5191321395192283,1,0
40107,1,11,1,2,0.5383928483969985,1,0
40131,0,12,1,2,0.45845442606611353,0,0
40137,0,10,1,2,0.518848578540741,1,1
41003,0,10,1,2,0.36255186365721254,0,1
41015,0,7,1,2,0.3930231500176123,0,0
41035,0,17,1,2,0.4750241777586585,0,1
42017,0,55,0,2,0.32587620486754726,0,0
42021,0,51,1,2,0.30823493471375185,0,0
42023,0,4,0,2,0.40187770340328094,0,0
42055,0,30,1,2,0.36993380498885886,0,0
42061,0,33,1,2,0.3977179753613975,0,1
42091,0,69,0,2,0.31887905285443907,0,0
42103,0,19,0,2,0.35829310438647555,0,0
42129,0,86,1,2,0.336286671167512,0,0
45009,1,8,1,2,0.49232704125336124,0,0
45021,0,8,1,2,0.43694924380716654,0,0
45027,1,11,1,2,0.48385621649160315,0,1
45031,0,10,1,2,0.45010401430123786,0,0
45037,0,10,1,2,0.4042095544122164,0,0
45045,0,27,0,2,0.3531852241414397,0,0
45065,0,11,0,2,0.41458911394683295,0,0
45073,0,13,1,2,0.392372870405307,0,1
45081,0,12,1,2,0.4794384596091189,0,0
45083,0,34,0,2,0.38089480196886566,0,0
45089,1,12,1,2,0.48848121370281666,0,0
45091,0,15,1,2,0.3642452839312428,0,0
46015,0,6,0,2,0.3851227251859024,0,0
46017,1,6,0,2,0.4764183153721233,0,0
46035,0,6,1,2,0.3576081078831804,0,0
46043,0,8,0,2,0.23798352336903086,0,0
46045,0,10,0,2,0.3685035744860789,0,0
46057,0,12,0,2,0.3477828942156081,0,0
46061,0,7,0,2,0.3522391598328952,0,0
46069,0,5,0,2,0.3485925230926993,0,0
46085,0,9,0,2,0.42773348881277873,0,0
46093,0,18,1,2,0.3584313507883856,0,0
46095,1,7,0,2,0.5241219937113766,1,0
46109,1,16,1,2,0.4595564098700004,0,1
46115,0,15,0,2,0.36551934976943723,0,0
46123,0,8,0,2,0.41409822341645874,0,0
46135,0,10,1,2,0.3478644414685481,0,0
47021,0,12,1,2,0.40502840934103146,0,1
47039,0,9,0,2,0.4557864487916709,0,0
47041,0,11,0,2,0.47376357988104073,0,0
47049,1,9,1,2,0.450928374781491,0,0
47055,0,17,1,2,0.4479083394290627,0,0
47059,0,10,1,2,0.4668547313020815,0,0
47069,0,12,1,2,0.4768663370181166,0,0
47105,0,9,0,2,0.39558336650162007,0,0
47107,0,12,1,2,0.44727129857577247,0,0
47121,0,6,1,2,0.43785886614778957,0,0
47129,0,12,1,2,0.43516349691749495,0,0
47147,0,12,1,2,0.4210348996176415,0,0
47161,0,8,0,2,0.43173449538378245,0,0
47165,0,10,1,2,0.4021287955394463,0,0
47173,0,11,0,2,0.4540532625536008,0,0
47177,0,6,1,2,0.49125906081576126,0,1
47179,0,13,1,2,0.3999974682949716,0,0
47181,0,10,1,2,0.4489335528524818,0,0
48001,0,10,1,2,0.45654268664037967,0,0
48003,0,1,1,2,0.46535244496469963,0,0
48005,0,6,1,2,0.46364519685521477,0,0
48015,0,13,1,2,0.4550784246547234,0,0
48029,0,77,0,2,0.44389603542755307,0,0
48049,0,10,1,2,0.45274205215550917,0,0
48061,1,17,0,2,0.5081856007725042,1,0
48065,0,6,0,2,0.4316694005312784,0,0
48067,0,14,1,2,0.4742294677213747,0,1
48073,0,12,1,2,0.45564483031594627,0,1
48077,0,9,1,2,0.46002394539993186,0,1
48087,0,5,1,2,0.5006125574694886,1,1
48093,0,14,1,2,0.45470969436445113,0,0
48105,0,6,0,2,0.4591257141218452,0,0
48107,1,9,0,2,0.5226377112499269,1,0
48123,0,9,1,2,0.4983994338875692,0,0
48133,0,9,1,2,0.4718066539737702,0,0
48139,0,20,1,2,0.43217378713100046,0,0
48143,0,13,1,2,0.4395674115720431,0,1
48159,0,7,1,2,0.4079240127060591,0,1
48195,0,3,0,2,0.5312765023624323,1,0
48221,0,8,1,2,0.42064726410271336,0,0
48225,1,7,1,2,0.47961194818511216,0,0
48237,0,11,0,2,0.48063907243906623,0,0
48259,0,8,1,2,0.37112616531597564,0,1
48319,0,6,0,2,0.44844658743986626,0,0
48325,0,15,0,2,0.42464129821663066,0,0
48345,0,6,0,2,0.45463277609495956,0,0
48351,0,11,0,2,0.4595882972639686,0,0
48365,0,13,1,2,0.4743096037911806,0,0
48371,0,6,1,2,0.4794693850042238,0,0
48381,0,15,1,2,0.4258599057963988,0,0
48387,0,9,1,2,0.49817598815794023,0,0
48405,1,4,1,2,0.48503023045305094,0,1
48411,0,7,1,2,0.48398828902174895,0,1
48413,0,3,0,2,0.3016593091818168,0,0
48421,0,4,0,2,0.46852159062844045,0,0
48423,0,22,0,2,0.4043558401808171,0,1
48431,0,2,0,2,0.469187934941139,0,0
48449,0,6,1,2,0.47130615578090457,0,1
48453,0,63,0,2,0.3383276278549204,0,0
48463,1,8,1,2,0.5033753805651584,1,0
48469,0,12,1,2,0.4778997344894322,0,0
49033,0,4,0,2,0.4155633440067472,0,0
49035,0,36,0,2,0.3928757830270786,0,0
49039,0,15,1,2,0.3988217565027021,0,0
49041,0,12,1,2,0.4284713963982341,0,0
49049,0,24,0,2,0.35783236262123,0,0
50013,0,5,1,2,0.2932861613361715,0,1
50021,0,29,1,2,0.3019849095679269,0,0
50025,0,24,1,2,0.31095423850491455,0,1
51003,0,24,1,2,0.3003428448755119,0,0
51011,0,8,0,2,0.4250302265743899,0,0
51019,0,18,1,2,0.3506599948836754,0,1
51025,0,16,1,2,0.45569273841463204,0,0
51037,0,14,1,2,0.4611301860391404,0,0
51047,0,18,1,2,0.3838462697869489,0,1
51049,0,7,0,2,0.41956232771420765,0,0
51059,0,48,0,2,0.26591193522759615,0,0
51069,0,12,1,2,0.31914901997364437,0,1
51085,0,12,1,2,0.2981611574236494,0,0
51087,0,16,1,2,0.3648750240960523,0,0
51091,0,7,0,2,0.3811001954610152,0,0
51103,0,6,1,2,0.40161552039901127,0,0
51115,0,15,0,2,0.35932631317543945,0,0
51121,1,10,1,2,0.3196309366196537,0,0
51127,0,6,1,2,0.3425639824097066,0,0
51157,0,10,0,2,0.34532017985739444,0,0
51167,0,11,0,2,0.4517050042951143,0,0
51169,0,12,0,2,0.4404619017694024,0,0
51179,0,5,1,2,0.3172530621994086,0,0
51185,0,18,1,2,0.38466055848234154,0,0
51197,0,11,0,2,0.42063489010612504,0,0
51530,0,1,0,2,0.429824460629092,0,0
51570,0,1,1,2,0.36427097080412885,0,0
51775,0,1,0,2,0.3195087297205245,0,0
53011,0,20,0,2,0.3552301981960833,0,0
53019,0,9,0,2,0.46944553562113306,0,0
53023,0,2,1,2,0.4535036349917231,0,1
53027,0,21,0,2,0.40019742647267426,0,0
53033,0,84,0,2,0.31370871032217534,0,0
53041,0,23,1,2,0.40423319420847276,0,1
53059,0,8,1,2,0.3642589194162199,0,1
53065,0,21,0,2,0.43301711091923345,0,0
54019,1,42,0,2,0.4443269540828353,0,0
54033,0,21,0,2,0.43186476564094145,0,0
54039,0,46,1,2,0.4504032196504191,0,0
54063,0,13,0,2,0.4728428529686553,0,0
54067,0,25,1,2,0.4791767645590159,0,0
54079,0,17,1,2,0.4338463386130242,0,0
54089,0,15,0,2,0.4757345043352156,0,0
54091,0,10,0,2,0.45072204162854584,0,0
55005,0,19,1,2,0.3433931434614422,0,1
55013,0,11,0,2,0.3568208426450943,0,0
55021,0,20,1,2,0.337495706121834,0,1
55029,0,13,1,2,0.3276654674294476,0,0
55033,0,22,0,2,0.33806170704177885,0,0
55035,0,15,0,2,0.32204369813626155,0,0
55049,0,19,0,2,0.32595716704210304,0,0
55051,0,12,0,2,0.3686815618133392,0,0
55055,0,19,1,2,0.3467439718288145,0,0
55057,0,14,1,2,0.3789562607400434,0,0
55061,0,6,1,2,0.3388276689918832,0,0
55069,0,7,1,2,0.32887554189614404,0,0
55073,0,28,1,2,0.30944404648714047,0,0
55079,0,37,0,2,0.3948955845817487,0,0
55085,0,14,1,2,0.32086570796045405,0,1
55101,0,16,0,2,0.3666286404118146,0,0
55113,0,12,0,2,0.35864596750393046,0,0
55129,0,12,0,2,0.3370563961466265,0,0
56001,0,10,1,2,0.40274321525362694,0,0
56003,0,15,1,2,0.4107125775339383,0,0
56017,0,3,1,2,0.43155983237506224,0,1
56023,0,15,0,2,0.36587901248783933,0,0
56029,0,8,1,2,0.3601176156703251,0,0
56033,0,9,1,2,0.36882563485789494,0,0
56045,0,4,0,2,0.41704749753353876,0,0
01001,0,10,1,3,0.4097503242933812,0,1
01005,1,9,0,3,0.48532458490051383,0,0
01023,1,10,0,3,0.46535985875236485,0,0
01025,1,10,1,3,0.474488117968622,0,0
01031,0,16,1,3,0.40014576464349716,0,1
01049,0,24,0,3,0.4719192235281881,0,0
01057,0,10,1,3,0.42626468730193745,0,0
01077,0,9,1,3,0.4034609282966981,0,0
01103,0,16,1,3,0.424268735190816,0,0
01119,1,11,1,3,0.49667845236195857,0,0
01123,0,12,1,3,0.42678854320089776,0,1
01133,0,11,1,3,0.43805024784772634,0,0
04023,1,9,1,3,0.5347490968326809,1,1
04027,0,10,0,3,0.5094645794725249,1,1
05003,0,7,1,3,0.4350097511171659,0,0
05007,0,21,0,3,0.34678752314676775,0,0
05013,0,6,0,3,0.4283817612978322,0,0
05015,0,9,1,3,0.41669210967394155,0,0
05035,1,11,1,3,0.5418564738560642,1,0
05039,0,6,1,3,0.4204245119036939,0,1
05055,0,9,1,3,0.44016082531671874,0,1
05069,1,17,1,3,0.46720742589772535,0,0
05073,1,6,1,3,0.48476297668260593,0,1
05087,0,13,1,3,0.4311507780393019,0,0
05101,1,20,1,3,0.4102303292804516,0,1
05105,0,8,1,3,0.46339894087718553,0,1
05109,0,10,0,3,0.42704939163541117,0,0
05131,0,16,0,3,0.40600064897798815,0,1
06019,1,56,0,3,0.49981906693011463,0,0
06033,0,15,1,3,0.48800221487153045,0,0
06073,0,108,0,3,0.36071981667023834,0,0
06079,0,26,1,3,0.36294814869480685,0,0
06111,0,33,0,3,0.3448713135122965,0,0
08005,0,33,1,3,0.3399726523100105,0,0
08007,0,5,1,3,0.3587096972201486,0,0
08015,0,5,0,3,0.3495645447762134,0,0
08017,0,4,0,3,0.4684164509741385,0,0
08019,0,6,0,3,0.30447282339627624,0,0
08051,0,11,0,3,0.37706300418709704,0,0
08053,0,3,0,3,0.3598970410205089,0,0
08057,0,2,0,3,0.33619899794185504,0,0
08081,0,5,1,3,0.5258139854410355,1,0
08089,0,7,0,3,0.5593260224026542,1,0
08095,0,3,0,3,0.47831576945189114,0,0
08097,0,7,0,3,0.32650045910648234,0,0
08103,0,4,0,3,0.48011738328718795,0,0
08107,0,9,1,3,0.3816993585882148,0,0
08113,0,7,1,3,0.3218430483367459,0,1
08117,0,4,0,3,0.3966042101163583,0,0
09007,0,24,1,3,0.27301678466523516,0,0
12015,0,17,1,3,0.29093043025216764,0,0
12023,0,8,1,3,0.37178385141904247,0,0
12039,0,7,1,3,0.45008210227876755,0,1
12051,0,6,1,3,0.4382672367396654,0,0
12053,0,12,1,3,0.3421365563494782,0,0
12063,0,14,1,3,0.40192054142771305,0,1
12065,0,4,1,3,0.43805485744732264,0,0
12067,0,2,0,3,0.3667603174096363,0,0
12075,0,13,1,3,0.38533117524690663,0,0
12077,0,2,0,3,0.40733078437198333,0,0
12085,0,12,1,3,0.30453515052568747,0,0
12097,0,17,1,3,0.3611415346605385,0,0
12101,0,31,1,3,0.3211689896916877,0,0
12111,0,17,1,3,0.34696494784394316,0,0
12133,0,10,1,3,0.4091785682968661,0,0
13005,1,3,1,3,0.4720016845699896,0,1
13017,1,4,1,3,0.4895917908843064,0,0
13027,1,10,0,3,0.4374634648572069,0,0
13045,0,11,1,3,0.3822388868861045,0,0
13047,0,8,0,3,0.3005423035409044,0,0
13059,1,9,1,3,0.4138869653798958,0,0
13063,0,16,1,3,0.423306158999118,0,0
13085,0,5,1,3,0.2946924301853372,0,0
13101,0,6,1,3,0.41640516384052484,0,1
13135,0,26,0,3,0.263671772003532,0,0
13141,1,5,0,3,0.4998732269250728,0,0
13147,0,8,0,3,0.39616957328133784,0,0
13155,0,7,1,3,0.49057554215688104,0,1
13179,0,9,1,3,0.3659658523081691,0,1
13183,0,5,0,3,0.4365269289685412,0,0
13189,0,4,1,3,0.4408717459658685,0,0
13209,0,7,0,3,0.45313790451162034,0,0
13231,0,8,0,3,0.38455007096619664,0,0
13233,0,8,1,3,0.40511430939251597,0,1
13237,0,5,1,3,0.4234836534919585,0,0
13243,1,8,0,3,0.5434500078060996,1,0
13247,0,9,1,3,0.3723732466800828,0,1
13251,1,6,0,3,0.48152505111322796,0,0
13257,0,5,1,3,0.3622240356098091,0,0
13267,1,6,1,3,0.4625619589569731,0,0
13291,0,4,1,3,0.3210730771538377,0,0
13295,0,14,1,3,0.3725920287198419,0,0
13301,1,9,1,3,0.49709403449213235,0,1
13303,1,10,1,3,0.4741146316448143,0,0
13313,0,8,1,3,0.3586555168317387,0,0
13319,0,9,0,3,0.455268825482457,0,0
16003,0,6,0,3,0.40984210977196994,0,0
16021,0,4,0,3,0.40350453657147567,0,0
16025,0,2,1,3,0.5422091739645033,1,1
16039,0,7,1,3,0.4549123928974637,0,0
16063,0,6,0,3,0.5503540327781401,1,0
16087,0,5,1,3,0.5364837097710349,1,1
17005,0,12,0,3,0.4204557630984361,0,0
17017,0,7,1,3,0.3993602644162877,0,0
17019,0,35,1,3,0.36725339626395376,0,0
17027,0,17,1,3,0.3677009769464612,0,0
17041,0,13,1,3,0.431438025965441,0,0
17047,0,6,0,3,0.4147928960617544,0,0
17053,0,21,1,3,0.4425893732780942,0,0
17063,0,16,1,3,0.3812927438315288,0,0
17067,0,19,0,3,0.3777864671058718,0,0
17081,0,17,1,3,0.41446564216199266,0,0
17085,0,15,0,3,0.3434726932071518,0,0
17101,0,7,0,3,0.43259450470335725,0,0
17137,0,16,1,3,0.4106092212321606,0,1
17139,0,11,0,3,0.41944349158378885,0,0
17151,0,10,0,3,0.4358752444366827,0,0
17155,0,8,0,3,0.37372756151537323,0,0
17175,0,10,0,3,0.4690775982466918,0,0
17177,0,19,0,3,0.418009342934699,0,0
17179,0,21,1,3,0.3529862014335362,0,0
17181,0,13,1,3,0.39809147173949977,0,0
17187,0,14,1,3,0.4466577038847428,0,0
17197,0,45,0,3,0.32874369276180093,0,0
17201,0,26,1,3,0.4008948709121342,0,0
18031,0,10,0,3,0.4625866037495924,0,0
18043,0,10,1,3,0.3557189393362009,0,1
18063,0,19,1,3,0.3336862818464694,0,0
18065,0,22,0,3,0.49936947061683157,0,0
18067,0,10,1,3,0.4796172592612962,0,0
18075,0,9,0,3,0.5265033695754308,1,0
18079,0,13,1,3,0.4279679057661701,0,0
18139,0,16,1,3,0.5234026316929375,1,0
18145,0,17,1,3,0.48286179777806165,0,0
18161,0,6,0,3,0.48143688303800425,0,0
18169,0,14,1,3,0.4588212042668121,0,1
18179,0,16,0,3,0.45106625860247324,0,0
18183,0,10,0,3,0.3912747205127963,0,0
19001,0,14,0,3,0.40083002754518177,0,0
19003,0,9,1,3,0.41432962988591526,0,1
19011,0,24,1,3,0.37121654543592025,0,0
19025,0,14,0,3,0.43817295280533974,0,0
19039,0,9,1,3,0.4152234666243991,0,1
19045,0,20,1,3,0.40447392914369007,0,0
19077,0,18,1,3,0.3760043635089206,0,1
19103,0,24,1,3,0.3574755028234916,0,0
19131,0,12,0,3,0.3971561954429242,0,0
19153,0,41,0,3,0.32639453269705215,0,0
19155,0,24,1,3,0.3642370552557145,0,0
19157,0,17,1,3,0.3707218404953214,0,0
19167,0,19,0,3,0.37891158624010257,0,0
19173,0,11,0,3,0.4231849897816165,0,0
19183,0,13,0,3,0.39706429202935223,0,0
19187,0,22,1,3,0.4059597496091894,0,0
19189,0,11,0,3,0.3960804545137225,0,0
19193,0,25,1,3,0.374785455075972,0,0
19197,0,16,1,3,0.4153155538455909,0,0
20007,0,11,0,3,0.48462762502805806,0,0
20019,0,10,1,3,0.5234254943325788,1,1
20021,0,13,1,3,0.4049481158193977,0,0
20025,0,6,0,3,0.4697692237162486,0,0
20041,0,12,1,3,0.47662581845818197,0,0
20045,0,12,1,3,0.3897510003714126,0,0
20049,0,10,0,3,0.5195325596601145,1,0
20057,0,10,1,3,0.5102098102989573,1,1
20065,0,13,0,3,0.4007927773067447,0,0
20069,0,7,0,3,0.505232357949036,1,0
20101,0,5,0,3,0.5162279884105693,1,0
20105,0,10,0,3,0.4478181955294404,0,0
20115,0,19,0,3,0.4469143570788942,0,0
20117,0,13,0,3,0.47261923353736995,0,0
20137,0,7,0,3,0.43448351355164244,0,0
20145,0,9,0,3,0.44500291814349174,0,0
20171,0,4,0,3,0.5108553911286994,1,0
20175,0,6,1,3,0.558344650673574,1,0
20177,0,29,0,3,0.44214865750907256,0,0
20189,0,4,0,3,0.5609295280095979,1,0
20195,0,8,0,3,0.4274113984234462,0,0
20197,0,16,0,3,0.4245175041075703,0,0
21011,1,8,1,3,0.45829703102293534,0,0
21013,1,11,1,3,0.45291055473227826,0,0
21017,0,9,0,3,0.48526238748829303,0,0
21029,0,11,1,3,0.39201543212422946,0,0
21035,0,10,0,3,0.4550074367233995,0,0
21067,0,17,1,3,0.34505155226762063,0,0
21071,1,33,1,3,0.4458227621841873,0,1
21079,0,5,1,3,0.4586656416221017,0,0
21105,0,7,1,3,0.5391949023822677,1,1
21113,0,4,1,3,0.4020274563657222,0,1
21115,1,19,1,3,0.39779167128213044,0,0
21117,0,12,1,3,0.3460745387521537,0,0
21121,1,19,1,3,0.41965777103344987,0,1
21125,1,8,1,3,0.422000225892174,0,1
21129,1,6,0,3,0.43362786464334574,0,0
21133,1,26,1,3,0.43247428879304284,0,0
21145,0,7,1,3,0.4455441858946233,0,1
21159,1,9,1,3,0.3888837958379759,0,0
21165,1,5,0,3,0.4521093223915888,0,0
21173,0,5,1,3,0.45540412910628564,0,0
21201,1,7,1,3,0.4770510824251398,0,1
21215,0,8,0,3,0.41045147585597364,0,0
21221,0,5,1,3,0.4650648873462672,0,0
21227,0,9,1,3,0.41376964980264025,0,0
21233,0,10,0,3,0.5217607717408633,1,0
21237,1,5,1,3,0.4620932665915599,0,1
22023,0,8,1,3,0.5473481602381307,1,1
22029,1,5,0,3,0.533608463304893,1,0
22039,1,12,1,3,0.46269576124195816,0,1
22051,0,17,0,3,0.3949349766982386,0,0
22063,0,17,1,3,0.3706431030302203,0,0
22073,1,14,0,3,0.39374359323050717,0,1
22077,0,17,1,3,0.47579207911564014,0,0
22083,1,6,1,3,0.5510807041952112,1,0
22099,0,8,1,3,0.4328638658639808,0,1
22101,1,8,1,3,0.43727128683048033,0,0
22113,0,12,1,3,0.48542279227873975,0,1
22121,0,5,1,3,0.42831189598211006,0,0
23003,0,41,0,3,0.4028956841883717,0,0
23005,0,38,1,3,0.24451728446213486,0,0
23011,0,27,1,3,0.29954172010993446,0,0
23019,0,47,1,3,0.34072242861863694,0,0
23021,0,16,1,3,0.3933784009649432,0,0
24021,0,34,1,3,0.2630743237724093,0,0
24023,0,12,0,3,0.36232716738300313,0,0
24047,0,12,1,3,0.3542653101088016,0,1
24510,1,31,0,3,0.4391615327854414,0,1
25007,0,7,0,3,0.2975802417701684,0,0
25011,0,32,1,3,0.2694280143743813,0,0
26003,0,13,0,3,0.3802006175523627,0,0
26017,0,16,1,3,0.4382443252689089,0,0
26019,0,11,0,3,0.33432183532095633,0,0
26021,0,23,1,3,0.4215526107032584,0,0
26029,0,10,0,3,0.3337302445909037,0,0
26049,0,34,1,3,0.4131186545735535,0,0
26075,0,29,1,3,0.42085255470667005,0,0
26081,0,39,1,3,0.3564488220466629,0,0
26087,0,22,1,3,0.39807574225627385,0,0
26093,0,20,1,3,0.3015582414217969,0,0
26095,0,3,0,3,0.43947176747589994,0,0
26101,0,15,1,3,0.35429040339247475,0,0
26117,0,25,0,3,0.42460636589445905,0,0
26133,0,9,0,3,0.43878042875538437,0,0
26137,0,7,1,3,0.3644741353082453,0,0
26149,0,13,1,3,0.4607575386930908,0,1
26157,0,21,1,3,0.4492975180543581,0,0
26159,0,22,1,3,0.43346687700937686,0,0
27001,0,12,1,3,0.35934186965986425,0,0
27015,0,10,0,3,0.3514655355364145,0,0
27019,0,18,0,3,0.26676018884785246,0,0
27025,0,15,1,3,0.3047050201246132,0,0
27031,0,6,0,3,0.2988461214222255,0,0
27043,0,14,0,3,0.4211498335001697,0,0
27045,0,16,0,3,0.33218403411010367,0,0
27059,0,12,0,3,0.31267920425263046,0,0
27061,0,30,1,3,0.3426305967083022,0,1
27077,0,4,0,3,0.17121630338452942,0,0
27079,0,13,1,3,0.34856205708845045,0,0
27081,0,12,0,3,0.40410473909689315,0,0
27093,0,13,0,3,0.3293359163308016,0,0
27099,0,19,1,3,0.3755576684931961,0,1
27107,0,14,0,3,0.41857276169903396,0,0
27113,0,7,0,3,0.4118150808531411,0,0
27117,0,9,0,3,0.43801354670559184,0,0
27123,0,26,1,3,0.3056061545540071,0,0
27125,0,9,0,3,0.42337389263089376,0,0
27127,0,22,1,3,0.38421664801685856,0,0
27155,0,9,0,3,0.40657583681949366,0,0
27167,0,12,0,3,0.37393289783566674,0,0
28011,1,17,1,3,0.5535932330459871,1,1
28021,1,5,0,3,0.43156658368989237,0,0
28025,1,8,1,3,0.43499334974789233,0,0
28029,1,9,1,3,0.33602034214703286,0,0
28033,0,10,1,3,0.3446543711374219,0,0
28035,1,8,1,3,0.34420643552409874,0,1
28039,0,3,1,3,0.37854730201383885,0,0
28041,0,7,1,3,0.3749442604668787,0,0
28043,1,7,1,3,0.3773088754787395,0,0
28061,1,14,1,3,0.3869562151163073,0,0
28063,1,7,0,3,0.4288864925834042,0,0
28077,0,8,0,3,0.39158665481832283,0,0
28079,1,7,0,3,0.444377421086251,0,0
28089,0,12,1,3,0.28643756973516377,0,0
28103,1,6,1,3,0.5020421597266244,1,0
28105,1,6,0,3,0.3633210816937088,0,0
28113,1,8,1,3,0.4097938218631596,0,0
28121,0,12,1,3,0.2910846763397522,0,0
28155,0,10,0,3,0.3979951110664547,0,0
29007,0,14,0,3,0.479859118566583,0,0
29031,0,19,1,3,0.4044749265573202,0,1
29037,0,18,1,3,0.3787820266176633,0,0
29055,0,12,1,3,0.4387609612934162,0,0
29085,0,13,1,3,0.41969555367629335,0,1
29093,0,16,1,3,0.4495031918038549,0,1
29095,0,55,0,3,0.4126284087601924,0,1
29101,0,19,0,3,0.41844998441589715,0,0
29109,0,21,1,3,0.4760150232101541,0,1
29111,0,12,0,3,0.46905761014148,0,0
29131,0,17,1,3,0.4227219397404892,0,0
29135,0,13,1,3,0.4164265750103638,0,0
29139,0,11,1,3,0.46299878925366605,0,0
29149,1,12,0,3,0.5041256999934337,1,0
29209,0,17,1,3,0.415546337138755,0,1
29221,1,16,0,3,0.42082913899568275,0,0
29229,1,11,1,3,0.5085680462332931,1,0
30009,0,13,0,3,0.42832641039241887,0,0
30039,0,5,0,3,0.4483698735706204,0,0
30053,0,6,1,3,0.44448506282267036,0,0
30057,0,18,0,3,0.3767491743320938,0,0
30063,0,16,0,3,0.3455131837921922,0,0
30101,0,8,0,3,0.513566497130322,1,0
30109,0,2,0,3,0.45977406200191584,0,0
31005,0,8,0,3,0.44241223621324627,0,0
31007,0,8,1,3,0.4182882192321783,0,1
31023,0,14,1,3,0.38051153212257743,0,1
31027,0,13,0,3,0.37983254303452496,0,0
31041,0,21,1,3,0.3330456096069416,0,0
31067,0,18,1,3,0.3977124822810909,0,0
31075,0,3,1,3,0.4564402563295984,0,1
31077,0,8,0,3,0.39896989319933307,0,0
31079,0,11,1,3,0.3391524039475453,0,0
31083,0,8,1,3,0.3921244791237755,0,1
31085,0,8,0,3,0.4293842968208676,0,0
31087,0,6,0,3,0.43936546496385986,0,0
31099,0,11,0,3,0.346629370134017,0,0
31103,0,4,0,3,0.38224916278846305,0,0
31115,0,5,0,3,0.42228656494230155,0,0
31117,0,5,0,3,0.399368981455383,0,0
31133,0,11,0,3,0.42200393904492844,0,0
31159,0,18,0,3,0.34332727105267397,0,0
31161,0,9,1,3,0.4780785186511157,0,1
31165,0,8,0,3,0.46061254339163266,0,0
32001,0,2,1,3,0.5557540188562433,1,0
32009,0,4,0,3,0.46252089777753114,0,0
32023,0,11,0,3,0.567630552386749,1,1
34003,0,66,0,3,0.23660361906904287,0,0
34033,0,14,1,3,0.3804169571900798,0,1
35003,0,9,0,3,0.6175899670718981,1,0
35007,0,9,1,3,0.5237037984419367,1,0
35013,1,26,0,3,0.5028916799383424,1,0
35017,0,16,1,3,0.4476220757980608,0,0
35035,0,18,1,3,0.5836215191389029,1,0
35049,0,15,1,3,0.36664532703842434,0,0
36009,0,36,1,3,0.39774399745596095,0,0
36015,0,22,1,3,0.33253256743258724,0,0
36019,0,25,0,3,0.3552078806285097,0,0
36021,0,36,1,3,0.29881928827089144,0,1
36025,0,47,0,3,0.3235935791629698,0,0
36027,0,35,1,3,0.2724065768704903,0,0
36033,0,23,1,3,0.3788687054949862,0,0
36039,0,42,1,3,0.3221349978620888,0,1
36053,0,31,1,3,0.3788848857473422,0,1
36061,0,47,0,3,0.3151706899461301,0,0
36065,0,54,1,3,0.3643424746368139,0,0
36079,0,12,0,3,0.23216942433656862,0,0
36089,0,49,1,3,0.395912725287822,0,0
36095,0,24,0,3,0.33155183146200257,0,0
36097,0,18,0,3,0.33998629327949786,0,0
36101,0,39,1,3,0.34251447390729095,0,0
36109,0,17,1,3,0.34054311474484134,0,0
36121,0,24,0,3,0.37080847691832736,0,0
36123,0,13,0,3,0.3514395154026058,0,0
37003,0,8,1,3,0.3204771596368537,0,0
37013,0,15,1,3,0.39452984322396006,0,1
37017,1,18,1,3,0.4354147153076771,0,0
37021,0,19,1,3,0.256995353063705,0,0
37025,0,16,1,3,0.29864867588234334,0,0
37027,0,10,1,3,0.32623508275519697,0,0
37035,0,14,1,3,0.3197606528693127,0,0
37045,0,13,1,3,0.38414664578237456,0,0
37063,0,16,1,3,0.26323121824079343,0,0
37065,0,15,1,3,0.43985664374447964,0,1
37069,0,13,1,3,0.3428696467118633,0,0
37073,0,6,0,3,0.3960001085030586,0,0
37075,0,2,0,3,0.39992577789028616,0,0
37083,1,9,1,3,0.42786579319099544,0,0
37097,0,16,0,3,0.31901501223015954,0,0
37117,1,11,0,3,0.40856231448631875,0,0
37127,0,15,1,3,0.3613170136796874,0,0
37149,0,7,0,3,0.2741216857878404,0,0
37175,0,10,1,3,0.28043654792633654,0,0
37181,0,8,1,3,0.41225886584816573,0,0
37183,0,39,0,3,0.22230126255106486,0,0
38003,0,19,0,3,0.3920014001843229,0,0
38007,0,8,0,3,0.4213944395643733,0,0
38013,0,9,0,3,0.402217142790632,0,0
38027,0,7,1,3,0.45646227648451765,0,1
38029,0,8,0,3,0.4236682626999339,0,0
38037,0,13,1,3,0.4645500891721855,0,1
38041,0,5,0,3,0.4702579690976069,0,0
38047,0,7,0,3,0.4361912409837418,0,0
38049,0,18,0,3,0.4172900243370695,0,0
38051,0,6,0,3,0.4478542465612324,0,0
38063,0,9,0,3,0.4265643178154173,0,0
38065,0,6,0,3,0.41363541754695515,0,0
38075,0,9,0,3,0.40317275103955014,0,0
38077,0,19,0,3,0.37420573947521635,0,0
38079,1,10,0,3,0.559678358534331,1,0
38081,0,12,0,3,0.3694762955960723,0,0
38083,0,9,0,3,0.4566854419120217,0,0
38089,0,10,0,3,0.3652693604867672,0,0
39023,0,22,1,3,0.45314121657264955,0,0
39025,0,23,1,3,0.35189432956748823,0,0
39033,0,15,0,3,0.4457081382498932,0,0
39049,0,49,0,3,0.367168009610005,0,0
39051,0,12,0,3,0.45673132538768296,0,0
39053,0,12,0,3,0.4179471377801792,0,0
39055,0,20,1,3,0.3107034153364284,0,0
39057,0,24,0,3,0.38231900906874644,0,0
39087,0,14,1,3,0.418984582364156,0,0
39111,0,15,1,3,0.41200973772598026,0,0
39113,0,40,0,3,0.426413657527747,0,0
39119,0,22,1,3,0.4184234083452766,0,0
39127,0,17,1,3,0.44360105405616806,0,1
39129,0,17,1,3,0.4218399213654648,0,1
39139,0,19,1,3,0.38896830215853395,0,0
39141,0,16,1,3,0.42927191596492126,0,0
39149,0,18,0,3,0.4608018704626744,0,0
39163,1,15,0,3,0.4537949616111245,0,0
39171,0,12,1,3,0.4504051101864041,0,1
40019,0,13,1,3,0.5287020979102786,1,0
40021,1,16,1,3,0.5259509506335317,1,1
40025,0,4,1,3,0.5878243306399232,1,1
40033,0,11,0,3,0.6062345113607751,1,0
40055,0,4,1,3,0.568736409688905,1,1
40057,1,6,0,3,0.5818645918503353,1,0
40059,0,7,1,3,0.5217725089892415,1,1
40069,1,13,1,3,0.5878222470889044,1,1
40075,0,9,1,3,0.6150182610726197,1,1
40077,0,7,1,3,0.5170402918395652,1,1
40079,0,23,1,3,0.5164634208235408,1,0
40087,0,12,0,3,0.5070754293925703,1,0
40091,0,11,1,3,0.5327851785764929,1,0
40093,0,15,0,3,0.5162534635592341,1,0
40103,0,11,0,3,0.47951401291071766,0,0
40109,0,55,0,3,0.466033905226645,0,1
40115,0,9,1,3,0.5323646703219921,1,1
40123,0,10,1,3,0.46700444774925487,0,1
40125,0,16,0,3,0.5004847812456024,1,1
40129,0,9,0,3,0.5563129992665862,1,0
40143,0,42,0,3,0.417660368584228,0,0
40153,0,11,1,3,0.49395266864539356,0,0
41001,0,12,1,3,0.47399872113829405,0,0
41007,0,9,0,3,0.3537314928996614,0,0
41029,0,18,1,3,0.4344436255754007,0,0
41039,0,39,1,3,0.3750587589826818,0,0
41043,0,20,1,3,0.4371870565428024,0,0
41051,0,42,0,3,0.3457887373333568,0,0
41061,0,8,1,3,0.4669945366932975,0,0
41071,0,15,0,3,0.3755553111014415,0,0
42011,0,62,1,3,0.35736438650515634,0,0
42015,0,27,1,3,0.37082908237230183,0,0
42019,0,37,0,3,0.27034391277853165,0,0
42027,0,33,1,3,0.31195083303898147,0,0
42029,0,44,0,3,0.2792233835308657,0,0
42039,0,27,1,3,0.3693875832254761,0,1
42049,0,32,0,3,0.36667839382481543,0,0
42053,0,11,1,3,0.3869962651083354,0,1
42071,0,57,0,3,0.3684117408811587,0,0
42083,0,22,0,3,0.35089334516746223,0,0
42097,0,28,1,3,0.36185625459865944,0,0
42109,0,15,1,3,0.3643358947144231,0,0
42115,0,29,1,3,0.35725129348668155,0,1
42119,0,14,1,3,0.3140414660072001,0,1
42121,0,23,0,3,0.33268427272774703,0,0
42131,0,15,0,3,0.313336567629745,0,0
44009,0,20,1,3,0.2606253508135656,0,0
45015,0,17,1,3,0.37383881592761814,0,0
45017,0,7,1,3,0.44739749038496446,0,0
45035,0,15,1,3,0.35149461894581346,0,0
45055,0,13,1,3,0.3660749846158221,0,1
45059,0,16,1,3,0.4020195377084952,0,0
45085,0,15,1,3,0.441400473976588,0,0
46025,0,13,0,3,0.406418832852583,0,0
46049,0,10,0,3,0.4107262787493627,0,0
46059,0,8,1,3,0.3996877291986812,0,1
46065,0,3,1,3,0.36906283116565985,0,0
46099,0,23,1,3,0.31668023709880877,0,0
46103,0,20,1,3,0.32542602436098794,0,0
46117,0,4,0,3,0.3847099261763618,0,0
46125,0,15,0,3,0.3968404104600937,0,0
47003,0,13,1,3,0.4592560154933123,0,0
47029,1,8,0,3,0.46210506694079806,0,0
47053,0,11,1,3,0.49181067348637525,0,0
47061,1,10,0,3,0.4565719040845037,0,0
47065,0,31,0,3,0.34043738517439215,0,0
47085,0,4,1,3,0.45610234537239436,0,0
47091,1,5,0,3,0.44769559898030853,0,0
47099,0,11,1,3,0.45744534769807826,0,1
47111,0,8,1,3,0.4599302093443121,0,0
47115,0,12,0,3,0.35843086143128705,0,0
47139,0,12,1,3,0.42629974983071955,0,0
47141,0,10,1,3,0.4323687530834184,0,0
47149,0,20,1,3,0.39893387967682487,0,0
47151,1,9,0,3,0.42169447648790537,0,0
47159,0,15,1,3,0.44080639747158984,0,0
48011,0,6,0,3,0.5114365000820326,1,0
48017,0,6,1,3,0.5174264811017657,1,1
48037,0,10,1,3,0.42057937473696017,0,0
48051,0,5,1,3,0.4901075404892557,0,0
48053,0,13,1,3,0.4545128908701653,0,1
48063,0,2,1,3,0.4390871221160251,0,0
48075,0,4,1,3,0.5486146726785758,1,1
48079,0,4,0,3,0.6479092025215026,1,0
48101,0,3,1,3,0.5714823389847905,1,1
48111,0,3,0,3,0.5358023122791192,1,0
48119,0,7,1,3,0.5156989249865404,1,1
48135,0,8,1,3,0.4715522126475013,0,0
48145,1,17,1,3,0.5502573689226364,1,0
48177,0,14,1,3,0.5165777538396608,1,0
48183,0,10,0,3,0.3937135190839691,0,1
48199,0,12,1,3,0.37615172006979114,0,0
48205,0,4,0,3,0.5304912462551403,1,0
48211,0,4,0,3,0.4791456524206568,0,0
48219,0,10,1,3,0.5492982279793305,1,0
48227,0,5,1,3,0.5468901205446138,1,0
48245,0,18,0,3,0.44807749250298096,0,0
48249,1,8,1,3,0.5290450956343251,1,1
48257,0,13,0,3,0.47197825760821144,0,1
48261,0,2,1,3,0.6226003664547359,1,1
48265,0,10,1,3,0.4262719080072391,0,1
48283,1,4,0,3,0.5268230795335062,1,0
48287,0,9,1,3,0.49169772547766527,0,0
48297,0,10,0,3,0.5271085812308893,1,0
48301,0,1,0,3,0.5531426895095759,1,0
48305,0,7,0,3,0.5291523652371877,1,0
48307,1,6,1,3,0.553942653716974,1,1
48309,0,29,0,3,0.46877706994979346,0,0
48313,0,5,1,3,0.44425519002302355,0,0
48341,0,6,1,3,0.5257603256544425,1,0
48353,0,9,1,3,0.48230725265802016,0,0
48357,0,5,0,3,0.5851534648813186,1,0
48375,0,16,1,3,0.506353273857266,1,0
48383,0,2,0,3,0.5205945928109246,1,0
48389,1,4,1,3,0.35490973841102597,0,0
48391,0,5,1,3,0.5288729783282992,1,1
48415,0,8,1,3,0.5558983970531796,1,0
48425,0,7,0,3,0.4678157806393275,0,0
48427,1,10,1,3,0.6053140458595135,1,1
48429,0,8,1,3,0.5223950766182097,1,1
48433,0,7,0,3,0.5344760328219454,1,0
48441,0,17,1,3,0.42922886845743696,0,0
48451,0,14,1,3,0.453127687004183,0,0
48457,0,10,1,3,0.4052239557294879,0,0
48461,0,4,0,3,0.5322080775345664,1,0
48467,0,13,1,3,0.47578125569288,0,0
48477,0,7,1,3,0.49629374213353294,0,1
48479,1,10,0,3,0.5040471538909767,1,1
48481,0,13,1,3,0.5120752452157648,1,0
48483,0,6,0,3,0.51417365949346,1,0
48493,0,12,1,3,0.48309805049907345,0,1
49001,0,4,0,3,0.4276055339906145,0,0
49005,0,16,1,3,0.43433001517503844,0,0
49007,0,6,0,3,0.5170870777417317,1,0
49053,0,21,0,3,0.39197141653857365,0,1
49057,0,9,1,3,0.4273574619481805,0,0
50005,0,22,1,3,0.28730787870755414,0,1
50007,0,21,1,3,0.3082758386578221,0,0
50015,0,11,0,3,0.2796485619182362,0,0
51013,0,11,1,3,0.2139568409862637,0,0
51015,0,27,1,3,0.3418368787269721,0,0
51017,0,7,0,3,0.3653285688175991,0,0
51021,0,6,0,3,0.33886918132516286,0,0
51027,1,16,1,3,0.42594016787996536,0,0
51033,0,11,0,3,0.3444045364748449,0,0
51035,0,17,0,3,0.4174720444164318,0,0
51041,0,16,0,3,0.2761422271412467,0,0
51057,0,8,1,3,0.45260059214922443,0,1
51067,0,16,0,3,0.35942246504396924,0,0
51089,0,12,0,3,0.40005152819437456,0,0
51093,0,8,1,3,0.36694307031841794,0,1
51101,0,6,0,3,0.3776212424469628,0,0
51109,0,12,0,3,0.3691428149048213,0,0
51113,0,21,1,3,0.44936551202626895,0,0
51155,0,8,0,3,0.35744206397229167,0,0
51161,0,14,1,3,0.25237020501438157,0,0
51193,0,8,1,3,0.4058441579993446,0,0
51195,1,8,0,3,0.38819112348052753,0,0
51199,0,9,1,3,0.23817688629517333,0,0
51590,0,2,1,3,0.4031082151669537,0,1
51610,0,4,0,3,0.20518655956483228,0,0
51650,0,9,1,3,0.38714104093152724,0,0
51678,0,1,1,3,0.32478382804498523,0,1
51680,0,5,1,3,0.3196601684088922,0,0
51690,0,1,1,3,0.39327011420271124,0,0
51700,0,8,1,3,0.37194016173511607,0,0
51740,0,8,1,3,0.41203433798466266,0,0
51810,0,12,0,3,0.2942578533386237,0,0
53045,0,15,1,3,0.378764995710925,0,1
53055,0,9,0,3,0.29840888835809287,0,0
53067,0,14,1,3,0.3389431620644858,0,0
54005,0,31,1,3,0.4359633841381837,0,0
54011,0,13,1,3,0.3883066236432049,0,0
54031,0,10,0,3,0.49755954493935456,0,0
54041,0,11,1,3,0.4381990929131573,0,0
54043,1,19,0,3,0.45513198563510393,0,0
54049,0,18,1,3,0.3976185911862286,0,1
54061,1,16,1,3,0.32669907120148545,0,0
54069,0,6,1,3,0.37878836955368994,0,1
54075,0,13,0,3,0.4778539860395271,0,0
54087,1,13,0,3,0.4759629617352783,0,0
54101,1,11,0,3,0.49785562033423625,0,0
54103,0,12,1,3,0.44143103648589044,0,0
54109,0,39,0,3,0.31996256404567913,0,0
55003,0,11,0,3,0.33716940647230886,0,0
55015,0,14,1,3,0.3215912127102995,0,0
55045,0,12,1,3,0.32382401918313947,0,1
55059,0,17,1,3,0.33179644283776044,0,0
55065,0,14,1,3,0.3612322223744598,0,0
55067,0,15,0,3,0.34451365462797545,0,0
55071,0,19,1,3,0.32731286411317817,0,0
55083,0,19,1,3,0.334981291713525,0,1
55087,0,24,1,3,0.30768760523620076,0,0
55095,0,20,1,3,0.3135552496433113,0,1
55109,0,18,0,3,0.2928264854884448,0,0
55127,0,16,1,3,0.33732743476227706,0,0
55139,0,18,1,3,0.3293009890846906,0,0
56013,0,11,1,3,0.5176296660346997,1,0
56025,0,11,1,3,0.46452311678669833,0,0
56027,0,5,0,3,0.5487281133851198,1,0
56031,0,5,1,3,0.5081017818767423,1,1
56041,0,5,0,3,0.4871886355885423,0,0
01019,0,11,1,4,0.45875112187350037,0,0
01021,0,14,1,4,0.444196109195621,0,0
01035,1,13,1,4,0.48077291730192084,0,0
01039,0,13,1,4,0.45905404824958446,0,1
01051,0,13,1,4,0.38812567672754317,0,0
01053,1,9,1,4,0.4745009035596999,0,0
01065,1,9,1,4,0.4869205902183002,0,0
01083,0,15,1,4,0.4148809061444949,0,0
01087,1,13,1,4,0.40642554431656974,0,0
01093,0,12,1,4,0.44661377569511307,0,1
01101,0,24,1,4,0.39915377230409854,0,0
01125,0,27,1,4,0.38018703270635557,0,0
04003,0,23,0,4,0.41891238819994914,0,1
04007,0,13,0,4,0.4564334803851264,0,1
04009,1,10,1,4,0.4320033505965806,0,1
04019,0,48,0,4,0.39856269868462435,0,1
05027,1,7,1,4,0.4705470402303077,0,0
05033,0,11,1,4,0.46801859922840106,0,1
05047,0,13,1,4,0.4922367484260523,0,0
05067,0,11,1,4,0.5188978335574445,1,0
05075,0,14,1,4,0.46361166940459986,0,0
05085,0,11,1,4,0.41337969182029605,0,0
05089,0,17,0,4,0.448825567741245,0,0
05097,0,9,1,4,0.4775377651983492,0,1
05103,0,8,1,4,0.48971032055694913,0,0
05111,1,10,1,4,0.4945654726788151,0,0
05123,1,13,1,4,0.4930205224658149,0,0
05129,1,10,1,4,0.4771393122677434,0,1
05135,0,13,1,4,0.47053821108246424,0,0
05137,0,16,0,4,0.4756781408128883,0,0
06005,0,12,1,4,0.41285597040954264,0,1
06017,0,23,1,4,0.36550601982120867,0,0
06025,1,17,0,4,0.4634463182434603,0,1
06031,0,12,1,4,0.44663688161771764,0,0
06035,0,17,1,4,0.4179412808941432,0,1
06045,0,29,1,4,0.4157143013730111,0,0
06053,0,31,0,4,0.38426584383666457,0,0
06057,0,12,1,4,0.38620874098162034,0,0
06085,0,63,0,4,0.32200965836661216,0,0
06103,0,15,1,4,0.47991159570110375,0,0
06109,0,16,1,4,0.34067759629428324,0,1
08013,0,22,1,4,0.34969564093340466,0,0
08063,0,6,0,4,0.44176659211415265,0,0
08065,0,2,0,4,0.34851496790319625,0,0
08069,0,24,1,4,0.35729069116010254,0,0
08071,0,11,0,4,0.4130385290319741,0,0
08091,0,3,0,4,0.34830631673200235,0,0
08101,0,15,1,4,0.4303141591182964,0,0
08109,1,8,1,4,0.3847873525842429,0,1
08111,0,2,0,4,0.35166420905554907,0,0
11001,0,29,0,4,0.3158043351164822,0,1
12003,0,5,1,4,0.3821470753405941,0,0
12005,0,16,1,4,0.3699145094895463,0,0
12007,0,9,0,4,0.3249674991717523,0,0
12043,0,5,1,4,0.449407560821709,0,0
12047,1,3,0,4,0.46807517302815604,0,0
12049,1,4,1,4,0.4671148557266917,0,0
12081,0,21,0,4,0.36574158990439914,0,0
12099,0,53,0,4,0.3438779906983003,0,0
12103,0,48,0,4,0.3535823938908517,0,0
12105,0,41,0,4,0.395433249615738,0,0
12115,0,28,0,4,0.3467503362935409,0,0
12129,0,4,1,4,0.38511528649494536,0,0
13009,0,6,1,4,0.4619422196059138,0,0
13013,0,8,1,4,0.3786640937385352,0,0
13029,0,3,0,4,0.36498986815163525,0,0
13043,0,4,1,4,0.5059667764906257,1,1
13053,0,2,0,4,0.32091179427468125,0,0
13067,0,23,0,4,0.297915158747994,0,0
13089,0,36,0,4,0.3363349056363276,0,0
13095,1,6,1,4,0.47209225801641985,0,0
13109,1,6,1,4,0.4936950611603827,0,1
13113,0,8,1,4,0.3054059704274001,0,0
13127,0,8,1,4,0.3946590942322755,0,0
13133,1,7,0,4,0.4409766847851122,0,0
13139,0,19,1,4,0.3620507267056966,0,0
13145,0,12,0,4,0.3408847865899401,0,0
13153,0,12,1,4,0.4133363045697354,0,0
13159,0,6,0,4,0.4436570365615486,0,0
13161,0,4,0,4,0.5012697463534805,1,0
13163,1,9,1,4,0.5100469678030464,1,0
13165,1,5,1,4,0.5297239751109621,1,1
13177,0,7,0,4,0.4134862757073619,0,0
13181,0,2,0,4,0.4743810052921066,0,0
13185,0,11,0,4,0.42412706294814057,0,1
13211,0,9,0,4,0.37013993493064806,0,0
13215,0,11,1,4,0.3967457640647068,0,0
13219,0,8,1,4,0.32449591727497085,0,1
13265,1,4,0,4,0.5083268069452779,1,0
13279,1,3,1,4,0.4806028048658068,0,0
13305,0,6,1,4,0.4547532521716042,0,0
13311,0,7,0,4,0.35099866765147286,0,0
16001,0,17,1,4,0.35546465572136743,0,0
16005,0,10,0,4,0.4266995553832522,0,0
16011,0,11,1,4,0.4029760735200494,0,0
16013,0,8,1,4,0.4422193418398307,0,0
16015,0,8,0,4,0.3913517099260126,0,0
16019,0,14,1,4,0.3804734922806243,0,0
16023,0,3,0,4,0.4007594535736246,0,0
16037,0,7,0,4,0.40679932490231907,0,0
16043,0,9,0,4,0.42992415626650554,0,0
16061,0,7,0,4,0.4083083365633848,0,0
16075,0,7,1,4,0.4807429892637777,0,0
16083,0,10,1,4,0.42795636208602056,0,1
17001,0,23,1,4,0.37138510423978033,0,0
17021,0,20,1,4,0.40419730043406404,0,1
17061,0,13,0,4,0.4030513327483739,0,0
17069,0,5,0,4,0.4473521586180959,0,0
17071,0,17,0,4,0.41220351988188614,0,0
17075,0,25,1,4,0.42834335255808803,0,0
17079,0,15,0,4,0.40733066390438066,0,0
17111,0,24,1,4,0.3095080957767985,0,0
17119,0,35,0,4,0.37162103418164966,0,0
17121,0,15,1,4,0.4295274739313257,0,1
17127,0,8,1,4,0.4621053743071555,0,0
17129,0,8,0,4,0.3663435220459047,0,0
17131,0,18,0,4,0.40946456183571034,0,0
17145,0,12,0,4,0.4368853917923739,0,0
17173,0,22,1,4,0.4045625596878121,0,0
17185,0,7,0,4,0.4000832121306884,0,0
17189,0,13,1,4,0.3967249739163079,0,0
17195,0,15,0,4,0.4039979248691761,0,0
17199,0,22,1,4,0.39404140367733387,0,0
18009,0,7,1,4,0.4915583032208464,0,0
18015,0,17,0,4,0.441180576137123,0,0
18021,0,17,1,4,0.436094823808217,0,0
18029,0,9,1,4,0.3868763329350636,0,0
18051,0,16,1,4,0.40978871707050296,0,1
18069,0,9,1,4,0.409415432246915,0,1
18073,0,13,1,4,0.40021145909333306,0,1
18085,0,21,1,4,0.4011638790976896,0,0
18087,0,12,1,4,0.44984714202725945,0,1
18089,0,28,0,4,0.4006636725312023,0,0
18091,0,15,1,4,0.42893602011548726,0,0
18109,0,14,1,4,0.42702638070026117,0,0
18121,0,12,0,4,0.454643694346296,0,0
18159,0,10,0,4,0.4364227580508913,0,0
18167,0,18,1,4,0.4240974015016889,0,0
19013,0,17,1,4,0.3789071632124372,0,0
19021,0,13,1,4,0.3795163383469114,0,0
19023,0,16,1,4,0.39062997147839496,0,0
19029,0,13,0,4,0.4640687064625294,0,0
19035,0,15,0,4,0.44525012917379725,0,0
19041,0,15,1,4,0.384852156422985,0,0
19063,0,7,0,4,0.41216234072583297,0,0
19067,0,13,1,4,0.40892092193820345,0,0
19073,0,13,0,4,0.42705697273058446,0,0
19079,0,15,1,4,0.40550414564438514,0,0
19085,0,15,0,4,0.40473354862836636,0,0
19117,0,9,0,4,0.42892298987787336,0,0
19143,0,8,0,4,0.4133376741290598,0,0
19147,0,14,0,4,0.3847114112799115,0,0
19169,0,22,1,4,0.3585569337609721,0,0
19171,0,19,0,4,0.44561016386934993,0,0
19175,0,10,0,4,0.4292921212178815,0,0
19177,0,13,0,4,0.41765017096747326,0,0
19179,0,12,1,4,0.43450091804675467,0,1
19185,0,12,0,4,0.4828089199242996,0,0
20009,0,10,1,4,0.4378103787625571,0,0
20027,0,10,1,4,0.41940626215927573,0,1
20031,0,10,0,4,0.45288500821075134,0,0
20037,0,15,1,4,0.4236082497362726,0,1
20043,0,10,0,4,0.42085007523931134,0,0
20063,0,10,0,4,0.48790649467896646,0,0
20073,0,11,1,4,0.5070121390444576,1,1
20089,0,14,0,4,0.5102112481504635,1,0
20091,0,34,0,4,0.3145856762426247,0,0
20125,0,13,1,4,0.4923406128779849,0,1
20133,0,11,1,4,0.49180513496676154,0,0
20141,0,12,0,4,0.43731223869287184,0,0
20153,0,10,0,4,0.45802546330056737,0,0
20159,0,13,1,4,0.43434045851895026,0,1
20161,1,14,1,4,0.4172102410790683,0,0
20163,0,10,1,4,0.4014290563973721,0,1
20165,0,10,0,4,0.40834332836168624,0,0
20169,0,9,1,4,0.38667662135812725,0,1
20183,0,10,0,4,0.4297960490667992,0,0
20201,0,15,1,4,0.41050050827446477,0,1
20203,0,3,0,4,0.4563157362713658,0,0
20207,0,10,0,4,0.5104032723146095,1,0
21015,0,9,1,4,0.3487540708480405,0,0
21023,0,7,1,4,0.44860591913832526,0,1
21033,0,6,1,4,0.4940955780440348,0,0
21043,0,10,0,4,0.4680992987278819,0,0
21047,0,15,1,4,0.47114090769709704,0,0
21055,0,5,0,4,0.5186077775280173,1,0
21069,0,7,1,4,0.4810036454333058,0,0
21075,1,3,1,4,0.5425536423700323,1,1
21077,0,6,1,4,0.43884765458448466,0,1
21091,0,5,0,4,0.4370929596209958,0,0
21093,0,17,1,4,0.4217188275496358,0,0
21095,1,27,0,4,0.47723450306545223,0,0
21107,0,13,1,4,0.46989054124912055,0,0
21109,1,5,0,4,0.4751443197428366,0,0
21127,1,10,1,4,0.4676400437425232,0,0
21153,1,4,1,4,0.48528196979979815,0,0
21169,0,10,0,4,0.4990625240526734,0,0
21183,0,16,1,4,0.4684697540666226,0,0
21207,1,7,1,4,0.48154023413852,0,0
21217,0,6,1,4,0.4632365445988283,0,0
21231,1,5,1,4,0.49056650348422565,0,0
21235,1,7,1,4,0.45911091710330576,0,0
22001,1,15,1,4,0.46693738712729743,0,1
22003,0,13,1,4,0.42015934498118124,0,0
22005,0,8,1,4,0.35785006198395564,0,0
22007,0,9,0,4,0.44661606474703736,0,0
22041,1,7,1,4,0.5278339798294062,1,0
22043,0,8,1,4,0.432043952762268,0,0
22053,0,10,1,4,0.4559808738538795,0,1
22059,0,8,0,4,0.4713885653089878,0,0
22087,0,6,1,4,0.4289523668170145,0,1
22097,1,18,0,4,0.444467959888527,0,1
22107,1,4,1,4,0.4927098034501648,0,1
22115,0,13,1,4,0.4102962840293493,0,1
22117,1,6,1,4,0.4782112784234429,0,0
23031,0,36,1,4,0.3407331165899992,0,0
24001,0,15,1,4,0.3998370103625797,0,1
24009,0,14,0,4,0.3346560324961814,0,0
24015,0,15,0,4,0.38451643586519785,0,1
24037,0,26,1,4,0.3392114036559721,0,0
24045,0,16,0,4,0.3856141561150595,0,1
25003,0,36,0,4,0.33502340478162773,0,0
25009,0,45,0,4,0.3198517722537147,0,0
25019,0,2,0,4,0.30225498214639734,0,0
25027,0,87,1,4,0.32339542750566086,0,0
26045,0,19,1,4,0.39063296641011114,0,0
26055,0,9,1,4,0.3306087696103669,0,1
26061,0,20,1,4,0.360009436087368,0,0
26071,0,8,0,4,0.4174647217284824,0,0
26079,0,8,0,4,0.4214600346057815,0,0
26083,0,6,0,4,0.3775672639700379,0,0
26091,0,23,1,4,0.40534431100532886,0,0
26099,0,39,1,4,0.39830740350752575,0,0
26103,0,15,1,4,0.3458007532602879,0,1
26111,0,15,0,4,0.3450956527169042,0,0
26115,0,25,1,4,0.41767152303420757,0,0
26119,0,5,0,4,0.4280690205744775,0,0
26123,0,21,1,4,0.41700413220054133,0,0
26143,0,7,0,4,0.4262899014918651,0,0
26151,0,22,1,4,0.42611836491379873,0,0
26155,0,19,1,4,0.3853815184949315,0,0
26161,0,27,1,4,0.3351528785811325,0,0
27003,0,20,1,4,0.3155803497181391,0,0
27007,0,18,1,4,0.3974417833753857,0,0
27011,0,10,0,4,0.4136290969958989,0,0
27027,0,15,1,4,0.37854904013016155,0,0
27039,0,10,0,4,0.35145270729343914,0,0
27051,0,11,0,4,0.3991012779816022,0,0
27055,0,9,0,4,0.3428779453923365,0,0
27071,0,13,0,4,0.4104205401008769,0,0
27073,0,10,0,4,0.40359478337047633,0,0
27083,0,14,1,4,0.3708978758961573,0,0
27091,0,15,0,4,0.39337293115280525,0,0
27101,0,16,0,4,0.3892428656808416,0,0
27109,0,19,1,4,0.32324785277697665,0,0
27129,0,16,1,4,0.39341088161387605,0,0
27133,0,12,0,4,0.37397349584847167,0,0
27145,0,33,1,4,0.3561083262385046,0,0
27161,0,13,0,4,0.3885338827988973,0,0
28005,1,9,0,4,0.4220964452377005,0,0
28007,1,11,1,4,0.4640718084089051,0,0
28045,0,10,1,4,0.416067337654644,0,1
28047,0,13,0,4,0.37028170467357,0,1
28049,0,21,0,4,0.41281955289174954,0,0
28053,1,8,0,4,0.515152774340811,1,0
28069,1,11,1,4,0.4540659313911691,0,1
28071,1,13,1,4,0.3396635623505986,0,0
28083,1,11,1,4,0.4868077408232243,0,0
28093,1,8,1,4,0.4214172143627572,0,0
28129,0,15,0,4,0.43957681443070296,0,0
28131,0,6,1,4,0.42461751475588266,0,0
28135,1,18,1,4,0.4791347914159059,0,0
28145,0,11,1,4,0.40231401523887017,0,0
28157,1,4,0,4,0.4577249778789186,0,0
28159,1,10,1,4,0.4526897786290388,0,0
29009,0,17,1,4,0.49266914925317706,0,0
29017,0,13,1,4,0.488983718118029,0,0
29019,0,13,1,4,0.3138734208857942,0,0
29023,0,10,1,4,0.5048249037014123,1,0
29033,0,10,1,4,0.46962685271268056,0,1
29039,0,9,1,4,0.5091382682571466,1,0
29043,0,21,1,4,0.37113394890787765,0,1
29049,0,11,1,4,0.4163980545632228,0,0
29057,0,13,1,4,0.5056486681405991,1,1
29075,0,13,0,4,0.4613512901787975,0,0
29081,0,13,0,4,0.5092332712925572,1,0
29083,0,11,1,4,0.458269767500448,0,0
29091,0,12,1,4,0.4800921495399675,0,0
29099,0,24,1,4,0.39002112061979205,0,0
29123,0,7,1,4,0.4453030226227436,0,0
29137,0,16,0,4,0.46290885294158196,0,0
29141,0,15,0,4,0.4899619446780232,0,0
29143,1,17,1,4,0.5326576479322059,1,0
29171,0,10,0,4,0.48262592892167755,0,0
29175,0,12,1,4,0.4392165814122204,0,0
29177,0,12,1,4,0.4331073334210064,0,0
29181,1,9,1,4,0.5088837835620686,1,0
29183,0,14,1,4,0.3599460610094103,0,0
29199,0,10,1,4,0.48391718641388504,0,1
29205,0,9,0,4,0.4559158477383471,0,0
29207,0,13,1,4,0.4724449740318742,0,1
29213,0,20,1,4,0.43484521810462756,0,1
29225,0,9,1,4,0.4368218737653423,0,1
29510,1,29,0,4,0.42946929826406766,0,1
30017,0,6,0,4,0.4384872960752387,0,0
30031,0,10,0,4,0.3455262022475876,0,0
30037,1,3,0,4,0.4773152923315645,0,0
30049,0,9,1,4,0.35235353350056664,0,0
30055,0,6,0,4,0.5071403389829673,1,0
30065,0,5,0,4,0.4826809427601878,0,0
30067,0,9,0,4,0.3859846957956084,0,0
30089,0,11,0,4,0.4822819581863223,0,0
30095,0,10,0,4,0.3955351520636525,0,0
30103,0,2,0,4,0.4753356615917562,0,0
30111,0,16,1,4,0.3888934335613664,0,0
31003,0,11,1,4,0.3948888316132631,0,1
31009,0,4,0,4,0.3635499664031565,0,0
31013,0,3,1,4,0.45968822438455,0,0
31033,0,5,1,4,0.4153370543317543,0,1
31045,0,6,1,4,0.40012292293964824,0,1
31049,0,4,0,4,0.46035918815666943,0,0
31055,0,35,0,4,0.35358236178492514,0,0
31069,0,9,0,4,0.4494070890588591,0,0
31093,0,11,1,4,0.37481258938040346,0,1
31109,0,42,1,4,0.3414896919512567,0,0
31119,0,8,1,4,0.36092641382601165,0,1
31121,0,9,0,4,0.3864021283045126,0,0
31145,0,8,0,4,0.39656531684143886,0,0
31147,0,9,0,4,0.45028701692203954,0,0
31151,0,12,0,4,0.4382887442813584,0,0
31153,0,13,1,4,0.34254574566906193,0,0
31167,0,10,0,4,0.3686515000821384,0,0
31175,0,6,0,4,0.3942978014615561,0,0
31179,0,11,1,4,0.35827057011474367,0,1
32029,0,5,0,4,0.3861485041353541,0,0
32031,0,27,0,4,0.4000119410453005,0,0
34007,0,35,0,4,0.3283070875329511,0,0
34011,0,22,1,4,0.37588823533518567,0,0
34013,0,31,0,4,0.3652468562919378,0,0
34019,0,26,1,4,0.2879595953711711,0,0
34021,0,25,1,4,0.3079364946518276,0,0
34025,0,52,0,4,0.29212938370700803,0,0
34039,0,27,0,4,0.33175691786743383,0,0
35015,0,8,1,4,0.33754810291340537,0,1
35025,0,7,1,4,0.44818587503584667,0,0
35039,0,37,1,4,0.372981095171745,0,0
35045,0,22,0,4,0.47186577080227154,0,1
35051,0,10,1,4,0.47836959472104384,0,0
35055,1,21,1,4,0.3994963661385669,0,1
35057,0,9,0,4,0.4998050858895426,0,0
36011,0,26,1,4,0.36349506382988767,0,0
36035,0,14,0,4,0.3880974800058555,0,0
36041,0,13,1,4,0.3855917421042533,0,1
36057,0,20,1,4,0.394560419130989,0,1
36063,0,22,1,4,0.4117357794404048,0,0
36103,0,108,0,4,0.305107539706462,0,0
36107,0,15,1,4,0.36351064652069914,0,0
37001,0,12,1,4,0.384743838243503,0,0
37005,0,7,0,4,0.44011009692778236,0,0
37033,0,16,0,4,0.40431927397035244,0,0
37041,0,4,1,4,0.41840334482910974,0,0
37055,0,14,1,4,0.34012953985216005,0,0
37071,0,18,1,4,0.37790542668012833,0,0
37085,0,16,1,4,0.3655383073809687,0,0
37087,0,7,0,4,0.38585842168144924,0,0
37089,0,15,1,4,0.3372022258579307,0,0
37095,0,7,0,4,0.47399953597063194,0,0
37105,0,4,1,4,0.38120729738644715,0,1
37129,0,10,1,4,0.3201615276679331,0,0
37139,0,1,0,4,0.4081870557791718,0,0
37153,0,11,1,4,0.4464687758762733,0,0
37159,0,19,1,4,0.38703448577471405,0,0
37171,0,12,1,4,0.41546485883254397,0,0
37185,0,8,1,4,0.46627234011102453,0,0
37193,0,23,1,4,0.4087608432146134,0,0
37197,0,7,0,4,0.41051525013563267,0,0
38005,1,18,0,4,0.4742389307704386,0,0
38021,0,8,0,4,0.40197838948628645,0,0
38033,0,4,0,4,0.41167204474310076,0,0
38057,0,10,0,4,0.4329974874975176,0,0
38071,0,12,0,4,0.2699684947088151,0,0
38087,0,9,0,4,0.4135423942888524,0,0
38097,0,12,0,4,0.36594955617963726,0,0
39009,1,18,1,4,0.37860484324930904,0,0
39019,0,20,1,4,0.42767009341900314,0,0
39061,0,57,0,4,0.3722692065907325,0,1
39067,0,16,0,4,0.45591688524181684,0,0
39069,0,17,0,4,0.42278130941271014,0,0
39099,0,36,1,4,0.4457068766580022,0,0
39121,0,15,1,4,0.4196588203136904,0,0
39135,0,16,1,4,0.4652320113507163,0,0
39155,0,30,1,4,0.4494954270333861,0,0
39157,0,27,0,4,0.41829734688395087,0,0
39159,0,20,1,4,0.37287772382013223,0,1
40001,1,8,1,4,0.5414915016076673,1,0
40003,0,13,1,4,0.44600523503145945,0,1
40005,0,15,0,4,0.5314797831279369,1,0
40009,0,6,1,4,0.4658385333899364,0,0
40011,0,13,1,4,0.4841309626029983,0,1
40027,0,21,0,4,0.40027144393176617,0,0
40049,0,13,1,4,0.5094567913970941,1,0
40053,0,10,1,4,0.47313584492645905,0,1
40067,0,8,1,4,0.5619942900125737,1,1
40071,0,10,1,4,0.5180262422945989,1,1
40073,0,12,1,4,0.4956365354503942,0,0
40083,0,15,1,4,0.44508553571865794,0,1
40105,0,7,1,4,0.5376743500371339,1,1
40117,0,12,1,4,0.5022909742359575,1,0
40121,0,19,1,4,0.5044220828357192,1,1
40127,1,16,1,4,0.5249259669004147,1,0
40145,0,15,1,4,0.452430458482848,0,1
40149,0,18,1,4,0.4654984964145486,0,0
41005,0,37,1,4,0.36316105855691877,0,0
41009,0,9,1,4,0.4027729665530922,0,1
41017,0,7,1,4,0.3787991872351409,0,0
41021,0,4,0,4,0.49913105504346317,0,0
41031,0,8,1,4,0.46290482065397714,0,0
41047,0,26,1,4,0.43828114232264725,0,0
41049,0,7,1,4,0.5050756070991588,1,0
41053,0,11,1,4,0.3991264827995169,0,0
41055,0,5,0,4,0.4925096553367894,0,0
41057,0,16,0,4,0.416955399330511,0,0
41059,0,14,1,4,0.49130345446316603,0,0
41063,0,5,0,4,0.45095607890817796,0,0
42001,0,17,1,4,0.37914511889785396,0,0
42009,0,28,1,4,0.41552225136712057,0,0
42031,0,31,0,4,0.38370933599600815,0,0
42033,0,51,1,4,0.39509875358743096,0,0
42035,0,15,0,4,0.382939903931952,0,0
42043,0,30,1,4,0.399801156925848,0,0
42045,0,44,0,4,0.33065726676443147,0,0
42057,0,17,0,4,0.42161722541757995,0,0
42067,0,13,0,4,0.43396794434345537,0,0
42075,0,19,1,4,0.4117700288903336,0,0
42077,0,34,0,4,0.3813277237027989,0,0
42079,0,50,1,4,0.3790269020829956,0,0
42085,0,28,1,4,0.3982310165378316,0,0
42089,0,35,1,4,0.35323573561287347,0,0
42101,1,46,0,4,0.38573179574153754,0,1
42105,0,15,0,4,0.4368041701393719,0,0
42107,0,59,1,4,0.4217947997767321,0,0
42111,0,40,1,4,0.3987704563045883,0,0
44003,0,9,1,4,0.3164530110012689,0,0
44005,0,8,1,4,0.28490016953377345,0,0
44007,0,39,0,4,0.3427804687868723,0,0
45005,1,6,1,4,0.5064999339669684,1,1
45007,0,19,0,4,0.3962559040328741,0,0
45013,0,16,1,4,0.36021119839428994,0,0
45023,0,10,1,4,0.4445856739680932,0,1
45033,1,11,1,4,0.48092803250299343,0,1
45041,0,12,1,4,0.41359654666638157,0,0
45043,0,5,1,4,0.4115723635044455,0,0
45049,1,13,1,4,0.49127755030073117,0,0
45051,0,16,1,4,0.3867409674653539,0,0
45057,0,5,1,4,0.37951907734543255,0,0
45061,1,12,0,4,0.4752735122450481,0,0
45071,0,11,0,4,0.4523044858654669,0,0
45075,1,24,0,4,0.4805671178086461,0,1
45077,0,15,1,4,0.3560079081730675,0,0
45087,0,9,1,4,0.45321511518168317,0,0
46011,0,12,0,4,0.32381852409877443,0,0
46031,1,15,1,4,0.5197106780395452,1,1
46033,0,9,1,4,0.44206304534785135,0,1
46039,0,12,0,4,0.3918672705977586,0,0
46051,0,12,0,4,0.37576399281373307,0,0
46053,0,8,0,4,0.4332197338143618,0,0
46067,0,13,1,4,0.39606151392398453,0,1
46071,1,12,0,4,0.5126194719430299,1,0
46075,0,5,0,4,0.3880983607197026,0,0
46079,0,14,0,4,0.3526098161551788,0,0
46087,0,12,0,4,0.3755748041508713,0,0
46101,0,13,0,4,0.3592605400645271,0,0
46102,1,11,0,4,0.5310644243235121,1,0
47033,0,8,1,4,0.5110216246901796,1,0
47047,0,15,0,4,0.3835250187761089,0,0
47057,0,9,0,4,0.48786399521138496,0,0
47073,0,12,1,4,0.4815259095219218,0,0
47075,0,6,1,4,0.5217485748152372,1,0
47077,0,14,1,4,0.4852677037339895,0,0
47081,0,13,0,4,0.44957481550494466,0,0
47093,0,30,0,4,0.3801055909776177,0,0
47101,0,7,1,4,0.44708794192349893,0,0
47103,0,12,0,4,0.4513296951980281,0,0
47109,0,15,1,4,0.46036540114658286,0,0
47113,0,13,0,4,0.45732942062743215,0,1
47123,0,9,1,4,0.44223385290739636,0,1
47127,0,10,0,4,0.434626260972568,0,0
47145,0,10,1,4,0.40818712521982936,0,0
47155,0,10,1,4,0.4629069746239972,0,0
47171,0,6,0,4,0.46322868927132205,0,0
47175,0,7,1,4,0.4792048285227355,0,1
47183,0,12,1,4,0.47233713982394065,0,1
48019,0,7,1,4,0.4566933342738317,0,0
48023,0,2,1,4,0.45468125772637485,0,1
48031,0,8,1,4,0.45408055916419243,0,1
48039,0,20,0,4,0.4050706935109831,0,0
48043,0,4,1,4,0.42471089663371003,0,1
48055,0,14,1,4,0.46835524160005654,0,0
48069,0,10,0,4,0.47021859700925894,0,0
48089,0,18,1,4,0.477287160036009,0,0
48091,0,14,1,4,0.3753387958434116,0,0
48097,0,14,1,4,0.449148250080435,0,1
48099,0,17,1,4,0.27116310026664003,0,1
48125,0,7,1,4,0.5060703629995952,1,1
48127,1,6,1,4,0.5357821814831204,1,1
48129,0,6,0,4,0.4795376717925927,0,0
48155,0,3,0,4,0.4965686581869285,0,0
48157,0,34,0,4,0.36142701637445435,0,0
48161,0,9,1,4,0.465130958226985,0,0
48179,0,7,0,4,0.4901679997412058,0,0
48185,0,11,1,4,0.4847423941952947,0,0
48193,0,10,1,4,0.4941132783391383,0,1
48209,0,14,1,4,0.3679385032988691,0,0
48215,1,28,0,4,0.4915615933665205,0,0
48223,0,13,1,4,0.45541690930723316,0,0
48229,1,6,0,4,0.4025596111700092,0,0
48235,0,4,0,4,0.3907526809763235,0,0
48241,0,9,1,4,0.46443079933500975,0,1
48263,0,4,0,4,0.46153910793516556,0,0
48267,0,6,0,4,0.38823002855488625,0,0
48269,0,2,1,4,0.5123610831838569,1,1
48273,1,4,1,4,0.4569955227647437,0,0
48281,0,6,1,4,0.448048118970878,0,0
48293,0,14,1,4,0.49580582616549757,0,0
48295,0,7,0,4,0.44147797191630883,0,0
48299,0,10,1,4,0.4221269491467913,0,0
48303,0,25,1,4,0.4234507599320195,0,0
48317,0,8,1,4,0.382965690417171,0,1
48323,1,3,1,4,0.5033759042967173,1,1
48331,0,13,1,4,0.5017191669103813,1,0
48337,0,10,1,4,0.4945456152607311,0,0
48339,0,27,0,4,0.37869169811737546,0,0
48343,0,7,1,4,0.479823572319341,0,0
48361,0,4,1,4,0.4346756023341321,0,0
48377,1,4,1,4,0.5375808903209317,1,1
48385,1,8,0,4,0.5202097830910763,1,0
48407,0,8,1,4,0.48063874207941054,0,0
48417,0,5,0,4,0.41274015673627323,0,0
48435,0,2,0,4,0.3213879406889392,0,0
48437,0,5,1,4,0.5250759100801934,1,1
48445,0,6,1,4,0.5181633951417617,1,0
48447,0,7,0,4,0.46542100914136153,0,0
48455,0,7,1,4,0.4497372490931051,0,0
48459,0,12,1,4,0.445071166388478,0,0
48471,0,9,1,4,0.4090781945076938,0,0
48489,1,6,0,4,0.5367271191935019,1,0
48491,0,25,0,4,0.35680274237755205,0,0
48497,0,17,1,4,0.43290996113103913,0,1
48505,1,5,1,4,0.5307626434432392,1,0
49013,0,12,0,4,0.4547957086040977,0,0
49015,0,9,0,4,0.4179605204026289,0,0
49021,0,10,1,4,0.39068304419170236,0,0
49031,0,6,0,4,0.41795652934401867,0,0
49037,1,12,1,4,0.4575982888905884,0,0
49043,0,9,1,4,0.3511433804264773,0,1
49055,0,6,0,4,0.38989207065395143,0,0
51007,0,5,1,4,0.4315736065639633,0,0
51009,0,9,1,4,0.4025068538484638,0,1
51023,0,12,0,4,0.35576296866977347,0,0
51029,0,11,0,4,0.4348747997549554,0,0
51045,0,5,0,4,0.33845862147669137,0,0
51053,0,12,0,4,0.44208708716749784,0,0
51061,0,24,1,4,0.32940040711232893,0,0
51071,0,10,0,4,0.3771857626800798,0,0
51075,0,15,1,4,0.31684082343353553,0,0
51081,0,4,1,4,0.46007738057380065,0,0
51083,0,14,1,4,0.46270215855665564,0,1
51095,0,4,1,4,0.3131969964981866,0,0
51097,0,14,0,4,0.42166410118629966,0,0
51105,1,11,1,4,0.4614249296032582,0,0
51107,0,21,1,4,0.2806140291020057,0,0
51117,0,13,1,4,0.45226556777117705,0,1
51119,0,12,1,4,0.4079218176094739,0,1
51131,1,11,1,4,0.4296158053804542,0,0
51135,0,7,1,4,0.44611479822852596,0,0
51159,0,5,1,4,0.4378781837300401,0,1
51165,0,22,0,4,0.37164249400688076,0,0
51171,0,14,1,4,0.3981311992211683,0,1
51181,0,10,0,4,0.44671630344048774,0,0
51183,0,11,0,4,0.1300568975513271,0,0
51191,0,10,1,4,0.40223167672969895,0,0
51520,0,2,1,4,0.46943408056011127,0,0
51580,0,1,0,4,0.4160311940101869,0,0
51595,0,1,1,4,0.4598986712253683,0,1
51710,0,15,1,4,0.3837883038485708,0,0
51730,0,2,1,4,0.43229683060973645,0,1
51735,0,1,0,4,0.32282733221305987,0,0
51760,0,15,0,4,0.38179886093573256,0,0
51790,0,2,0,4,0.36513728914174814,0,0
51820,0,1,0,4,0.4073385472295021,0,0
51830,0,2,0,4,0.31750530584344416,0,0
53003,0,3,1,4,0.46432658057560633,0,0
53005,0,12,1,4,0.4133793628070807,0,0
53013,0,5,0,4,0.4615701723966252,0,0
53021,0,7,1,4,0.44004504200621264,0,0
53031,0,9,1,4,0.39452218503017994,0,0
53037,0,12,0,4,0.4159042251253108,0,0
53043,0,14,0,4,0.45614734421902386,0,0
53051,0,9,0,4,0.4479654102141865,0,0
53073,0,18,1,4,0.36265904614594807,0,0
54003,0,11,1,4,0.4305078899310915,0,0
54007,1,18,0,4,0.47489941386163703,0,0
54009,0,8,1,4,0.44065066919905715,0,0
54023,0,12,0,4,0.4712069681993273,0,0
54027,0,20,0,4,0.47589572342269987,0,0
54037,0,9,1,4,0.3991850724530735,0,0
54045,1,33,0,4,0.4716716015075068,0,0
54057,0,10,0,4,0.42661075352346456,0,0
54059,1,18,1,4,0.4715744309151504,0,0
54077,0,16,0,4,0.46164367548175733,0,0
54083,0,22,1,4,0.44304903404031143,0,0
54099,0,17,1,4,0.47110079872087846,0,1
55009,0,19,1,4,0.31578113816897313,0,0
55011,0,9,0,4,0.384243651307835,0,0
55063,0,15,1,4,0.3382493718658143,0,0
55091,0,6,0,4,0.3650586185538216,0,0
55097,0,21,1,4,0.31913550673941987,0,0
55121,0,14,1,4,0.356033626271423,0,0
55123,0,18,1,4,0.385875949441492,0,0
55125,0,12,1,4,0.37417928024023783,0,0
56021,0,12,1,4,0.3908848988514648,0,0
