county_fips,poverty_quartile,n_zctas_in_county,suppression_flag,fold,prob_high_risk,pred_high_risk,true_label
01001,3,10,1.0,0,0.13939244430658562,0.0,
01003,2,23,1.0,0,0.08386643695655806,0.0,
01009,3,17,1.0,0,0.045324659986945764,0.0,
01011,4,7,1.0,0,0.06771223743864037,0.0,
01015,3,14,1.0,0,0.3017893487303103,0.0,
01017,4,10,1.0,0,0.13048859732040638,0.0,
01019,4,11,1.0,0,0.24484377205280178,0.0,
01021,3,14,1.0,0,0.2248434675469655,0.0,
01025,4,10,1.0,0,0.02895105603289669,0.0,
01031,3,16,1.0,0,0.16124843192671148,0.0,
01033,3,9,1.0,0,0.23122346060524823,0.0,
01035,4,13,1.0,0,0.0018276447491170392,0.0,
01037,3,11,1.0,0,0.03706626010606369,0.0,
01039,4,13,1.0,0,0.10949230564197067,0.0,
01043,3,19,1.0,0,0.34231666919219267,0.0,
01045,3,14,1.0,0,0.2659455374914977,0.0,
01047,4,10,1.0,0,0.29820291344126226,0.0,
01051,2,13,1.0,0,0.06310374985893506,0.0,
01053,4,9,1.0,0,0.1453574566922413,0.0,
01055,3,14,1.0,0,0.5144904694891674,1.0,
01057,4,10,1.0,0,0.08322790303249579,0.0,
01059,4,10,1.0,0,0.17727608434954006,0.0,
01063,4,8,1.0,0,0.06431698691186896,0.0,
01065,4,9,1.0,0,0.06997621432120246,0.0,
01067,3,9,1.0,0,0.12184120062617884,0.0,
01069,4,14,1.0,0,0.4867282772196084,0.0,
01071,4,22,1.0,0,0.4328190887347037,0.0,
01075,4,9,1.0,0,0.06597368174947744,0.0,
01077,3,9,1.0,0,0.213466159925568,0.0,
01079,3,10,1.0,0,0.18781755477578102,0.0,
01083,2,15,1.0,0,0.234306240400934,0.0,
01085,4,8,1.0,0,0.08069268288804689,0.0,
01087,4,13,1.0,0,0.11739807687474042,0.0,
01089,1,25,1.0,0,0.0949619566257377,0.0,
01091,4,15,1.0,0,0.045172884962901505,0.0,
01093,4,12,1.0,0,0.15734433137119574,0.0,
01095,4,18,1.0,0,0.7048954985236975,1.0,
01099,4,17,1.0,0,0.0021647006975965967,0.0,
01101,1,24,1.0,0,0.2010296124142574,0.0,
01103,3,16,1.0,0,0.3409243660758797,0.0,
01105,4,9,1.0,0,0.16095313321767377,0.0,
01107,4,8,1.0,0,0.041712775739065,0.0,
01109,1,9,1.0,0,0.9970655064647319,1.0,
01111,3,8,1.0,0,0.08420268212527264,0.0,
01113,3,12,1.0,0,0.28896690172634754,0.0,
01115,2,18,1.0,0,0.20850486830172696,0.0,
01119,4,11,1.0,0,0.05529078389221815,0.0,
01121,4,12,1.0,0,0.34518837294705157,0.0,
01123,4,12,1.0,0,0.06693681873989493,0.0,
01125,1,27,1.0,0,0.21243061240137953,0.0,
01127,3,18,1.0,0,0.46518589729839416,0.0,
01129,4,16,1.0,0,0.06025878150933223,0.0,
01131,4,13,1.0,0,2.3445375541709627e-05,0.0,
01133,4,11,1.0,0,0.1526245104068923,0.0,
04009,4,10,1.0,0,0.16832357711035498,0.0,
04023,4,9,1.0,0,0.2197938381672909,0.0,
05001,4,13,1.0,0,0.2688060454818541,0.0,
05003,4,7,1.0,0,0.22260226983044165,0.0,
05005,3,12,1.0,0,0.1481258518624053,0.0,
05009,3,9,1.0,0,0.08541298121137302,0.0,
05011,4,7,1.0,0,0.19660526113880325,0.0,
05015,3,9,1.0,0,0.045909253837833786,0.0,
05019,1,8,1.0,0,0.7816321806787311,1.0,
05021,4,13,1.0,0,0.1605413281204508,0.0,
05023,3,17,1.0,0,0.08570548623887304,0.0,
05025,4,7,1.0,0,0.06811191595858931,0.0,
05027,4,7,1.0,0,0.2644505874198946,0.0,
05029,4,15,1.0,0,0.3998753146528886,0.0,
05031,1,16,1.0,0,0.27664569908984027,0.0,
05033,3,11,1.0,0,0.3976989094429368,0.0,
05035,4,11,1.0,0,0.9153371392631455,1.0,
05037,4,8,1.0,0,0.393393166009882,0.0,
05039,4,6,1.0,0,0.07337708052484625,0.0,
05041,4,12,1.0,0,0.014973722213876049,0.0,
05043,4,9,1.0,0,0.09758905583106009,0.0,
05045,1,15,1.0,0,0.10150556346117141,0.0,
05047,4,13,1.0,0,0.18549294289475565,0.0,
05049,1,14,1.0,0,0.23181780900759275,0.0,
05051,3,10,1.0,0,0.2766220661036807,0.0,
05053,2,14,1.0,0,0.09594108166730388,0.0,
05055,4,9,1.0,0,0.21265364173900056,0.0,
05057,4,10,1.0,0,0.2611897886103396,0.0,
05059,4,12,1.0,0,0.3612705631190247,0.0,
05061,4,8,1.0,0,0.18050011165837998,0.0,
05063,4,20,1.0,0,0.17006477804305786,0.0,
05067,4,11,1.0,0,0.4464237561741391,0.0,
05069,4,17,1.0,0,0.5861057674406132,1.0,
05071,4,12,1.0,0,3.8850285669350956e-05,0.0,
05073,4,6,1.0,0,0.10842271400396607,0.0,
05075,4,14,1.0,0,0.27251593292209053,0.0,
05077,3,11,1.0,0,0.1925774088041492,0.0,
05079,4,8,1.0,0,0.15681464151316823,0.0,
05081,4,7,1.0,0,0.08385983777958032,0.0,
05083,4,12,1.0,0,0.11329224426177131,0.0,
05085,2,11,1.0,0,0.1874672982549764,0.0,
05087,3,13,1.0,0,0.06403914192951347,0.0,
05091,4,6,1.0,0,0.6628699903858885,1.0,
05093,4,15,1.0,0,0.8517926328443154,1.0,
05095,4,9,1.0,0,0.4104580955405861,0.0,
05097,4,9,1.0,0,0.08569491368367464,0.0,
05099,4,10,1.0,0,0.05785981643509463,0.0,
05101,3,20,1.0,0,6.203593950513101e-05,0.0,
05103,4,8,1.0,0,0.31152991721143103,0.0,
05105,4,8,1.0,0,0.08829331741315263,0.0,
05107,4,12,1.0,0,0.7294274268514843,1.0,
05111,4,10,1.0,0,0.21531113108842742,0.0,
05113,4,7,1.0,0,0.2717366144590841,0.0,
05115,4,13,1.0,0,0.410195528286569,0.0,
05117,3,11,1.0,0,0.14503993909752527,0.0,
05121,4,11,1.0,0,0.11620451052930662,0.0,
05123,4,13,1.0,0,0.5745475027443264,1.0,
05125,1,14,1.0,0,0.2250952975868204,0.0,
05127,4,10,1.0,0,0.15667900075191918,0.0,
05129,4,10,1.0,0,0.02512326887181546,0.0,
05133,4,7,1.0,0,0.3410524127796258,0.0,
05135,4,13,1.0,0,0.07923268326868046,0.0,
05139,4,10,1.0,0,0.27079143470715206,0.0,
05141,4,12,1.0,0,0.08146032852810939,0.0,
05145,4,17,1.0,0,0.6086660048873503,1.0,
05147,4,9,1.0,0,0.18229203737749386,0.0,
05149,4,13,1.0,0,0.25369665642320693,0.0,
06005,2,12,1.0,0,0.07886798565884809,0.0,
06007,4,18,1.0,0,0.7454914492963389,1.0,
06009,1,20,1.0,0,0.03219034965377952,0.0,
06011,3,9,1.0,0,0.2611868929009496,0.0,
06015,4,4,1.0,0,0.10665661766876668,0.0,
06017,1,23,1.0,0,0.04844256820522357,0.0,
06021,3,7,1.0,0,0.7501610782860276,1.0,
06023,4,36,1.0,0,0.16465292503522974,0.0,
06027,2,11,1.0,0,0.050374215277699017,0.0,
06031,4,12,1.0,0,0.9029417104303776,1.0,
06033,3,15,1.0,0,0.5408622007032358,1.0,
06035,2,17,1.0,0,0.00421685069637453,0.0,
06041,1,29,1.0,0,0.0044187327003286855,0.0,
06043,3,13,1.0,0,0.0420230904092176,0.0,
06045,3,29,1.0,0,0.0029886231624302196,0.0,
06055,1,12,1.0,0,0.049071409583098934,0.0,
06057,2,12,1.0,0,0.05430818016734905,0.0,
06063,2,17,1.0,0,0.04455192122395299,0.0,
06069,2,7,1.0,0,0.17893415995454168,0.0,
06079,2,26,1.0,0,0.03851038019422737,0.0,
06083,2,24,1.0,0,0.19673839551751646,0.0,
06087,2,17,1.0,0,0.08398899182222513,0.0,
06093,3,23,1.0,0,0.197979754830232,0.0,
06097,1,37,1.0,0,0.024878593911514594,0.0,
06101,3,13,1.0,0,0.8311733147032835,1.0,
06103,4,15,1.0,0,0.601473691708875,1.0,
06109,1,16,1.0,0,0.20772009955357312,0.0,
06113,3,19,1.0,0,0.5832354381275388,1.0,
06115,3,17,1.0,0,0.6590049150691116,1.0,
08001,2,35,1.0,0,0.6462757615977301,1.0,
08005,1,33,1.0,0,0.310934654023653,0.0,
08007,1,5,1.0,0,0.0007036533929756251,0.0,
08009,4,8,1.0,0,0.03194277041541396,0.0,
08013,1,22,1.0,0,0.8313465056039219,1.0,
08014,1,6,1.0,0,0.09099657625993499,0.0,
08035,1,18,1.0,0,0.027378954615074166,0.0,
08037,1,13,1.0,0,0.01201237830871,0.0,
08043,3,11,1.0,0,0.045848391832545105,0.0,
08045,1,8,1.0,0,0.012264700890114397,0.0,
08055,2,4,1.0,0,0.008132140050595088,0.0,
08059,1,33,1.0,0,0.07472492655918674,0.0,
08067,1,6,1.0,0,0.005192553752466465,0.0,
08069,1,24,1.0,0,0.21448449387594723,0.0,
08077,2,19,1.0,0,0.6587187740798719,1.0,
08081,2,5,1.0,0,0.02494405526567699,0.0,
08087,2,10,1.0,0,0.07560743971658893,0.0,
08099,3,6,1.0,0,0.03185281087707654,0.0,
08101,3,15,1.0,0,0.6154353872695019,1.0,
08107,1,9,1.0,0,0.0009348989007054973,0.0,
08109,4,8,1.0,0,0.01731922410760522,0.0,
08113,1,7,1.0,0,0.000516254307086191,0.0,
08121,2,12,1.0,0,0.004868254465482343,0.0,
08123,1,41,1.0,0,0.42849976695831254,0.0,
09001,1,46,1.0,0,0.07703815374544258,0.0,
09003,1,58,1.0,0,0.26985432221858685,0.0,
09005,1,40,1.0,0,0.00798882091323901,0.0,
09007,1,24,1.0,0,0.02703132935195172,0.0,
09009,1,41,1.0,0,0.1221719736394359,0.0,
09011,1,31,1.0,0,0.10837020710028863,0.0,
09015,1,31,1.0,0,0.05018739895985957,0.0,
10001,1,18,1.0,0,0.07812148016579883,0.0,
10005,2,24,1.0,0,0.20576717422350302,0.0,
12001,3,23,1.0,0,0.07278221992998897,0.0,
12003,2,5,1.0,0,0.030668320216153913,0.0,
12005,2,16,1.0,0,0.3141273840875928,0.0,
12015,2,17,1.0,0,0.21675597365744712,0.0,
12017,3,15,1.0,0,0.1555824387570078,0.0,
12019,2,12,1.0,0,0.12766983433197154,0.0,
12023,3,8,1.0,0,0.18252869928063636,0.0,
12033,1,18,1.0,0,0.040514972969487334,0.0,
12035,2,7,1.0,0,0.10738258765109324,0.0,
12039,4,7,1.0,0,0.14313757659239157,0.0,
12041,4,5,1.0,0,0.09551615732200912,0.0,
12043,4,5,1.0,0,0.2796871528778372,0.0,
12049,4,4,1.0,0,0.16542150381692938,0.0,
12051,4,6,1.0,0,0.3977886287641078,0.0,
12053,3,12,1.0,0,0.5007633672445533,1.0,
12055,3,9,1.0,0,0.15353737491442007,0.0,
12059,4,4,1.0,0,0.07812185770924267,0.0,
12061,2,9,1.0,0,0.15505443575933045,0.0,
12063,1,14,1.0,0,0.048599025537700354,0.0,
12065,4,4,1.0,0,0.01975717490582207,0.0,
12073,3,10,1.0,0,0.06068892241251669,0.0,
12075,4,13,1.0,0,0.13218391012962963,0.0,
12079,4,5,1.0,0,0.06293514775869849,0.0,
12083,3,31,1.0,0,0.1316024351930944,0.0,
12085,1,12,1.0,0,0.1324152932270621,0.0,
12087,2,11,1.0,0,0.06112329173792011,0.0,
12089,1,6,1.0,0,0.024614374017552187,0.0,
12091,2,14,1.0,0,0.04710669774401247,0.0,
12097,3,17,1.0,0,0.4986689413954783,0.0,
12101,2,31,1.0,0,0.47062481396715017,0.0,
12107,4,17,1.0,0,0.312210400462676,0.0,
12109,1,12,1.0,0,0.03607653581675405,0.0,
12111,2,17,1.0,0,0.44491456288782255,0.0,
12113,1,9,1.0,0,0.0661593589692672,0.0,
12117,2,17,1.0,0,0.11960225830179459,0.0,
12119,1,11,1.0,0,0.08301042303856786,0.0,
12121,3,9,1.0,0,0.13156681464729167,0.0,
12129,2,4,1.0,0,0.04888887136000711,0.0,
12131,2,12,1.0,0,0.0504855769136792,0.0,
12133,4,10,1.0,0,0.27750217640883024,0.0,
13001,4,7,1.0,0,0.44418884914119133,0.0,
13003,4,5,1.0,0,0.28679652022549895,0.0,
13005,4,3,1.0,0,0.3800015880048947,0.0,
13009,4,6,1.0,0,0.9999999717518157,1.0,
13013,2,8,1.0,0,0.10003887582926566,0.0,
13015,2,14,1.0,0,0.26431001190876596,0.0,
13017,4,4,1.0,0,0.21255416034753444,0.0,
13019,4,6,1.0,0,0.13981657259377014,0.0,
13021,1,12,1.0,0,0.8081976768067831,1.0,
13023,4,6,1.0,0,0.20515011825562704,0.0,
13025,4,6,1.0,0,0.27704621886000713,0.0,
13031,1,11,1.0,0,0.6053342954939746,1.0,
13033,4,9,1.0,0,0.24347173702005273,0.0,
13035,4,5,1.0,0,0.5038599531163305,1.0,
13039,3,8,1.0,0,0.07144083311959085,0.0,
13043,4,4,1.0,0,0.41564707991279964,0.0,
13045,1,11,1.0,0,0.9163380395568175,1.0,
13055,4,6,1.0,0,0.175077164385929,0.0,
13057,1,15,1.0,0,0.04897056913669241,0.0,
13059,1,9,1.0,0,0.677499452106151,1.0,
13063,1,16,1.0,0,0.7196979660663216,1.0,
13069,4,10,1.0,0,0.29225064447526367,0.0,
13071,4,13,1.0,0,0.4655769545352689,0.0,
13073,1,7,1.0,0,0.014846688450825343,0.0,
13075,4,5,1.0,0,0.36037163281215934,0.0,
13077,1,10,1.0,0,0.07528466720502744,0.0,
13083,3,5,1.0,0,0.1100967148896143,0.0,
13085,1,5,1.0,0,0.021791975020452707,0.0,
13087,4,8,1.0,0,0.2610234621510049,0.0,
13093,4,8,1.0,0,0.16840175843709285,0.0,
13095,4,6,1.0,0,0.5517814080612227,1.0,
13097,2,8,1.0,0,0.3239022116044209,0.0,
13101,3,6,1.0,0,0.09891985286223313,0.0,
13103,1,8,1.0,0,0.013335036492153495,0.0,
13107,4,13,1.0,0,0.249589388569452,0.0,
13109,4,6,1.0,0,0.4748224093573268,0.0,
13111,3,8,1.0,0,0.014106926423486058,0.0,
13113,1,8,1.0,0,0.04320506147492513,0.0,
13115,4,13,1.0,0,0.240230553096736,0.0,
13119,3,10,1.0,0,0.4937225935279094,0.0,
13127,3,8,1.0,0,0.008546006854406965,0.0,
13129,4,8,1.0,0,0.2421507055763003,0.0,
13137,3,7,1.0,0,0.27250084923992,0.0,
13139,2,19,1.0,0,0.22790966158932344,0.0,
13149,3,6,1.0,0,0.058685656119554334,0.0,
13151,2,11,1.0,0,0.21207050473828884,0.0,
13153,2,12,1.0,0,0.3342959961914412,0.0,
13155,4,7,1.0,0,0.15789517916149423,0.0,
13157,2,16,1.0,0,0.08827009395785054,0.0,
13163,4,9,1.0,0,0.19761918956041138,0.0,
13165,4,5,1.0,0,0.26104310440269657,0.0,
13167,4,5,1.0,0,0.07819629157875485,0.0,
13169,4,8,1.0,0,0.16523517770679808,0.0,
13175,4,15,1.0,0,0.24348058857534863,0.0,
13179,1,9,1.0,0,3.4000262774221154e-13,0.0,
13189,4,4,1.0,0,0.23584728535321967,0.0,
13191,3,4,1.0,0,0.02596268319990391,0.0,
13193,4,10,1.0,0,0.03527480014962634,0.0,
13195,3,11,1.0,0,0.2307213409817682,0.0,
13197,4,4,1.0,0,0.049082916719256145,0.0,
13215,4,11,1.0,0,0.48841547305252886,0.0,
13217,3,11,1.0,0,0.4001651487165179,0.0,
13219,1,8,1.0,0,0.0231145637233284,0.0,
13223,1,11,1.0,0,0.1258013209476782,0.0,
13225,4,3,1.0,0,0.3667452411279721,0.0,
13227,2,9,1.0,0,0.0363184483296866,0.0,
13233,4,8,1.0,0,0.33458535325935773,0.0,
13235,4,5,1.0,0,0.04024476609407519,0.0,
13237,4,5,1.0,0,0.07964576320898965,0.0,
13247,2,9,1.0,0,0.3960713549926173,0.0,
13253,4,4,1.0,0,0.21245164355207005,0.0,
13257,3,5,1.0,0,0.3918312185968928,0.0,
13261,4,8,1.0,0,0.22255566890017026,0.0,
13267,4,6,1.0,0,0.14001456103404297,0.0,
13273,4,7,1.0,0,0.162279369529092,0.0,
13275,3,9,1.0,0,0.0693459411793611,0.0,
13277,4,9,1.0,0,0.3493028603155714,0.0,
13279,4,3,1.0,0,0.2690837045463916,0.0,
13281,3,3,1.0,0,0.005127374158459067,0.0,
13285,4,7,1.0,0,0.16131008877656894,0.0,
13287,4,4,1.0,0,0.3066566469699626,0.0,
13291,3,4,1.0,0,0.022512937917684103,0.0,
13293,4,7,1.0,0,0.2788199348696249,0.0,
13295,3,14,1.0,0,0.1626488624296444,0.0,
13297,2,11,1.0,0,0.25591115372030615,0.0,
13299,4,7,1.0,0,0.4715644525976659,0.0,
13301,4,9,1.0,0,0.012885594207867576,0.0,
13303,4,10,1.0,0,0.06159935623889476,0.0,
13305,4,6,1.0,0,0.18273224954965595,0.0,
13309,4,4,1.0,0,0.03590783164102325,0.0,
13313,4,8,1.0,0,0.43114493321760206,0.0,
13315,4,8,1.0,0,0.12602194712322598,0.0,
13317,4,5,1.0,0,0.014031024220309964,0.0,
16001,1,17,1.0,0,0.12096242831747618,0.0,
16011,3,11,1.0,0,0.01086536636885366,0.0,
16013,2,8,1.0,0,0.05266469230902258,0.0,
16017,2,18,1.0,0,0.042761758591853716,0.0,
16019,2,14,1.0,0,0.04018259809621225,0.0,
16025,4,2,1.0,0,0.018398814902330415,0.0,
16031,3,9,1.0,0,0.13472828023915365,0.0,
16035,3,7,1.0,0,0.0033861082340451735,0.0,
16039,3,7,1.0,0,0.00973293167293618,0.0,
16041,1,7,1.0,0,0.005996715394832556,0.0,
16045,2,7,1.0,0,0.03073972277067765,0.0,
16047,3,6,1.0,0,0.4997224481602919,0.0,
16055,2,13,1.0,0,0.08596163995209205,0.0,
16059,3,10,1.0,0,0.00809337005165413,0.0,
16069,2,10,1.0,0,0.02530972116077444,0.0,
16073,3,12,1.0,0,0.1099547819707235,0.0,
16075,3,7,1.0,0,0.06389744572631569,0.0,
16079,4,15,1.0,0,0.0002168700674838599,0.0,
16081,1,5,1.0,0,0.003398382831650073,0.0,
16083,3,10,1.0,0,0.24534161081012115,0.0,
16087,4,5,1.0,0,0.015082773577286646,0.0,
17001,2,23,1.0,0,0.09151600734737222,0.0,
17003,1,8,1.0,0,0.6498010318409629,1.0,
17007,1,15,1.0,0,0.18676527610693483,0.0,
17011,2,30,1.0,0,0.06527424889689132,0.0,
17013,2,7,1.0,0,0.005798355369690396,0.0,
17017,3,7,1.0,0,0.07136203281981736,0.0,
17019,3,35,1.0,0,0.37946316432746735,0.0,
17021,2,20,1.0,0,0.0559317851299233,0.0,
17025,3,13,1.0,0,0.15014473782843216,0.0,
17027,1,17,1.0,0,0.0442400993863445,0.0,
17033,2,10,1.0,0,0.05493949613293852,0.0,
17039,2,13,1.0,0,0.06616933635042481,0.0,
17041,2,13,1.0,0,0.09620337759973495,0.0,
17043,1,43,1.0,0,0.062204811982474205,0.0,
17045,2,15,1.0,0,0.024555808713762513,0.0,
17049,2,15,1.0,0,0.03898891442900165,0.0,
17053,2,21,1.0,0,0.08047201177643297,0.0,
17055,4,19,1.0,0,0.2257000662043495,0.0,
17057,3,24,1.0,0,0.06651130426860052,0.0,
17059,4,9,1.0,0,0.09891685355349618,0.0,
17063,1,16,1.0,0,0.06748498294278311,0.0,
17073,1,23,1.0,0,0.04788658486851513,0.0,
17075,2,25,1.0,0,0.09508161058011326,0.0,
17081,3,17,1.0,0,0.22316512391137588,0.0,
17087,2,10,1.0,0,0.03828813471055032,0.0,
17091,2,21,1.0,0,0.3728442213378664,0.0,
17093,1,19,1.0,0,0.17113062571336224,0.0,
17095,3,22,1.0,0,0.1714594411438131,0.0,
17097,1,35,1.0,0,0.16566241301519297,0.0,
17099,2,28,1.0,0,0.23477988974655095,0.0,
17103,2,24,1.0,0,0.06620911149322728,0.0,
17105,3,29,1.0,0,0.13819992977671317,0.0,
17107,1,20,1.0,0,0.060310564779137016,0.0,
17109,4,17,1.0,0,0.22700666572131076,0.0,
17111,1,24,1.0,0,0.07190415664594052,0.0,
17113,2,33,1.0,0,0.21974939997637413,0.0,
17115,3,27,1.0,0,0.4036394759328498,0.0,
17117,2,28,1.0,0,0.19343132575213062,0.0,
17121,3,15,1.0,0,0.18994737931391817,0.0,
17123,2,19,1.0,0,0.03920310664931935,0.0,
17125,3,11,1.0,0,0.04676392416464679,0.0,
17127,3,8,1.0,0,0.15467751721870518,0.0,
17133,1,9,1.0,0,0.021023893473398676,0.0,
17137,3,16,1.0,0,0.10994860529200043,0.0,
17141,2,27,1.0,0,0.09179997016783074,0.0,
17149,3,16,1.0,0,0.04206659235251775,0.0,
17157,2,18,1.0,0,0.07119880179079516,0.0,
17159,3,9,1.0,0,0.09089032851489136,0.0,
17161,2,20,1.0,0,0.23762899741045937,0.0,
17165,4,11,1.0,0,0.252837484964756,0.0,
17167,2,29,1.0,0,0.17604515089915704,0.0,
17171,2,9,1.0,0,0.051771977298175155,0.0,
17173,2,22,1.0,0,0.037073399912002834,0.0,
17179,1,21,1.0,0,0.055596662024083386,0.0,
17181,3,13,1.0,0,0.03783230786005799,0.0,
17183,3,27,1.0,0,0.38372009561286147,0.0,
17187,3,14,1.0,0,0.16503491921758862,0.0,
17189,1,13,1.0,0,0.031646539661659694,0.0,
17193,3,11,1.0,0,0.035913212627385956,0.0,
17199,3,22,1.0,0,0.07882928777530193,0.0,
17201,2,26,1.0,0,0.2838402640701028,0.0,
17203,1,16,1.0,0,0.021873951835636365,0.0,
18001,3,8,1.0,0,0.5415498817812401,1.0,
18003,2,33,1.0,0,0.4458889710465052,0.0,
18005,2,14,1.0,0,0.02897904891257122,0.0,
18009,3,7,1.0,0,0.30327201636839257,0.0,
18011,1,12,1.0,0,0.026023299103220498,0.0,
18013,1,9,1.0,0,0.002981948938759131,0.0,
18017,3,12,1.0,0,0.3856299528318859,0.0,
18019,2,15,1.0,0,0.23811292778139273,0.0,
18021,2,17,1.0,0,0.10096219095878643,0.0,
18023,3,12,1.0,0,0.3415902360772317,0.0,
18029,1,9,1.0,0,0.04318503187479964,0.0,
18035,4,21,1.0,0,0.6870310932520598,1.0,
18037,1,13,1.0,0,0.021385012152804292,0.0,
18039,2,17,1.0,0,0.6033005912632691,1.0,
18043,2,10,1.0,0,0.10759320974052174,0.0,
18047,1,15,1.0,0,0.03092905835885318,0.0,
18051,2,16,1.0,0,0.11905719463252443,0.0,
18053,3,15,1.0,0,0.6549740273640234,1.0,
18055,2,16,1.0,0,0.09649686795649687,0.0,
18059,1,15,1.0,0,0.19225898843406689,0.0,
18061,2,16,1.0,0,0.015273651534364215,0.0,
18063,1,19,1.0,0,0.0682876656102478,0.0,
18067,2,10,1.0,0,0.4053308454614483,0.0,
18069,2,9,1.0,0,0.14201963513819596,0.0,
18071,3,8,1.0,0,0.02820664140906616,0.0,
18073,1,13,1.0,0,0.19545785734689727,0.0,
18079,2,13,1.0,0,0.04277366020757886,0.0,
18081,1,12,1.0,0,0.09771913299814337,0.0,
18083,3,11,1.0,0,0.3091974773165136,0.0,
18085,1,21,1.0,0,0.17310140180366507,0.0,
18087,1,12,1.0,0,0.500674812126772,1.0,
18091,3,15,1.0,0,0.4935093519696784,0.0,
18093,2,12,1.0,0,0.060933991223769496,0.0,
18095,3,18,1.0,0,0.5064203900798397,1.0,
18101,2,7,1.0,0,0.025222810153680605,0.0,
18105,1,18,1.0,0,0.9999999999999925,1.0,
18107,2,16,1.0,0,0.12416440132695096,0.0,
18109,1,14,1.0,0,0.11301784697865266,0.0,
18117,3,11,1.0,0,0.03141600052809199,0.0,
18123,2,14,1.0,0,0.003339381153209968,0.0,
18127,1,15,1.0,0,0.21819570634643784,0.0,
18129,1,7,1.0,0,0.034047107223669326,0.0,
18133,1,15,1.0,0,0.0839180489437452,0.0,
18139,2,16,1.0,0,0.20630815006167777,0.0,
18141,3,24,1.0,0,0.7180811221787357,1.0,
18143,3,6,1.0,0,0.06998187779222,0.0,
18145,2,17,1.0,0,0.16202747104910287,0.0,
18147,1,16,1.0,0,0.052507288967667314,0.0,
18149,3,11,1.0,0,0.4102145176244172,0.0,
18153,3,13,1.0,0,0.16085515008780563,0.0,
18157,3,18,1.0,0,0.4738173905527432,0.0,
18163,3,11,1.0,0,0.5138037023015002,1.0,
18167,1,18,1.0,0,0.9943194455176293,1.0,
18169,2,14,1.0,0,0.17396033986516737,0.0,
18173,1,12,1.0,0,0.03818683527838261,0.0,
18175,2,12,1.0,0,0.01355177174057453,0.0,
18177,3,17,1.0,0,0.5696771386108623,1.0,
19003,2,9,1.0,0,0.006303933718468396,0.0,
19007,3,11,1.0,0,0.014871081248865655,0.0,
19009,2,11,1.0,0,0.0031832085786053553,0.0,
19011,1,24,1.0,0,0.004998265554215849,0.0,
19013,3,17,1.0,0,0.2461294623200541,0.0,
19015,3,18,1.0,0,0.058499371844246556,0.0,
19021,2,13,1.0,0,0.04228127729214985,0.0,
19023,1,16,1.0,0,0.004314301414914969,0.0,
19027,1,16,1.0,0,0.001855942719421537,0.0,
19031,1,18,1.0,0,0.0031288600883029043,0.0,
19037,1,9,1.0,0,0.004591440091346392,0.0,
19039,3,9,1.0,0,0.0048689872424056485,0.0,
19041,2,15,1.0,0,0.006965933096754923,0.0,
19045,2,20,1.0,0,0.03219679574238935,0.0,
19049,1,25,1.0,0,0.0074547371448766145,0.0,
19057,3,12,1.0,0,0.07013257129808687,0.0,
19061,2,19,1.0,0,0.03661997630391636,0.0,
19067,3,13,1.0,0,0.009460377675644047,0.0,
19071,2,11,1.0,0,0.0035263502136392354,0.0,
19077,1,18,1.0,0,0.0011409838792558892,0.0,
19079,1,15,1.0,0,0.0028114184232857064,0.0,
19087,2,11,1.0,0,0.01156512696873854,0.0,
19095,1,21,1.0,0,0.0031353883645290855,0.0,
19097,2,14,1.0,0,0.008840480649337344,0.0,
19099,1,19,1.0,0,0.0044283667700502575,0.0,
19103,1,24,1.0,0,0.581626467724876,1.0,
19105,2,16,1.0,0,0.004537843942687363,0.0,
19109,2,21,1.0,0,0.005090959042369567,0.0,
19111,3,12,1.0,0,0.032857881952124024,0.0,
19113,1,29,1.0,0,0.025447360813737115,0.0,
19121,1,14,1.0,0,0.0005388569352471937,0.0,
19123,2,20,1.0,0,0.007907549823172788,0.0,
19127,2,21,1.0,0,0.04393401255958528,0.0,
19129,1,11,1.0,0,0.002654776630911239,0.0,
19133,2,15,1.0,0,0.0023528127367056875,0.0,
19145,2,12,1.0,0,0.0015289102731700726,0.0,
19149,1,14,1.0,0,0.009959811285577862,0.0,
19151,2,16,1.0,0,0.011586927683810753,0.0,
19155,2,24,1.0,0,0.029414376944520162,0.0,
19157,2,17,1.0,0,0.0030934244526613155,0.0,
19161,2,16,1.0,0,0.004815964206672312,0.0,
19163,2,22,1.0,0,0.06031627464122569,0.0,
19169,3,22,1.0,0,0.0862692881341617,0.0,
19179,3,12,1.0,0,0.03635747362984291,0.0,
19181,1,19,1.0,0,0.003577304672951297,0.0,
19187,3,22,1.0,0,0.09428820078341954,0.0,
19193,2,25,1.0,0,0.07379280936589452,0.0,
19197,2,16,1.0,0,0.007323696932217365,0.0,
20001,3,11,1.0,0,0.1012166869612542,0.0,
20005,2,10,1.0,0,0.015672611232639043,0.0,
20009,3,10,1.0,0,0.04520038463808548,0.0,
20011,4,13,1.0,0,0.03467861656766235,0.0,
20015,2,20,1.0,0,0.020287427375138556,0.0,
20019,4,10,1.0,0,0.015040191728478458,0.0,
20021,1,13,1.0,0,0.006059086222225878,0.0,
20027,1,10,1.0,0,0.0014398844925852569,0.0,
20029,3,8,1.0,0,0.027666599723520167,0.0,
20035,3,14,1.0,0,0.14436005434515217,0.0,
20037,1,15,1.0,0,0.0605650600802184,0.0,
20039,2,8,1.0,0,0.0022017420354286934,0.0,
20041,2,12,1.0,0,0.02052531803038086,0.0,
20045,1,12,1.0,0,0.7534994377080072,1.0,
20047,3,7,1.0,0,0.0033244883444070016,0.0,
20051,3,11,1.0,0,0.028178402254126506,0.0,
20055,3,7,1.0,0,0.022622566905193466,0.0,
20057,4,10,1.0,0,0.05523468721645029,0.0,
20059,2,13,1.0,0,0.02436980779443592,0.0,
20061,3,8,1.0,0,0.3310019372540004,0.0,
20067,2,3,1.0,0,0.017865464902611157,0.0,
20073,3,11,1.0,0,0.009929261539100136,0.0,
20079,1,13,1.0,0,0.026403313063194628,0.0,
20083,2,8,1.0,0,0.0021576682174696588,0.0,
20085,2,18,1.0,0,0.0031612918217231683,0.0,
20087,2,15,1.0,0,0.03100789583728594,0.0,
20095,1,12,1.0,0,0.001945033604350962,0.0,
20097,2,7,1.0,0,0.003479845917862765,0.0,
20099,4,13,1.0,0,0.12292789475697273,0.0,
20103,1,13,1.0,0,0.036972262645002495,0.0,
20111,3,12,1.0,0,0.230909415063464,0.0,
20113,1,12,1.0,0,0.013977288214252384,0.0,
20121,1,11,1.0,0,0.0015692561085565333,0.0,
20125,3,13,1.0,0,0.19994688609263758,0.0,
20127,2,9,1.0,0,0.021235484668675052,0.0,
20129,2,5,1.0,0,0.007486850359329629,0.0,
20133,4,11,1.0,0,0.14190938537914022,0.0,
20135,3,9,1.0,0,0.002223058986533419,0.0,
20139,2,15,1.0,0,0.026693620505993748,0.0,
20147,2,9,1.0,0,0.004334382334483591,0.0,
20149,2,12,1.0,0,0.08424539222931733,0.0,
20155,2,22,1.0,0,0.08153175177797567,0.0,
20159,2,13,1.0,0,0.006960299243071859,0.0,
20161,3,14,1.0,0,1.83354074727754e-08,0.0,
20163,2,10,1.0,0,0.006943791816122619,0.0,
20167,2,11,1.0,0,0.008821482807201105,0.0,
20169,2,9,1.0,0,0.07969654256158776,0.0,
20175,4,6,1.0,0,0.1483311427716331,0.0,
20179,1,11,1.0,0,0.013820674131411498,0.0,
20201,2,15,1.0,0,0.00015309209882830154,0.0,
20205,4,10,1.0,0,0.12233810490633948,0.0,
21001,4,10,1.0,0,0.11058405845898125,0.0,
21003,4,6,1.0,0,0.10840786278959305,0.0,
21009,4,11,1.0,0,0.39037956959697323,0.0,
21011,4,8,1.0,0,0.16026737746612252,0.0,
21013,4,11,1.0,0,0.3467121104988798,0.0,
21015,1,9,1.0,0,0.15012933622667074,0.0,
21019,3,4,1.0,0,0.5762112547923386,1.0,
21021,3,5,1.0,0,0.17094870493003014,0.0,
21023,3,7,1.0,0,0.06539244054209573,0.0,
21027,3,18,1.0,0,0.05222979781580745,0.0,
21029,1,11,1.0,0,0.2988203974240168,0.0,
21033,3,6,1.0,0,0.03824049202317565,0.0,
21037,2,10,1.0,0,0.21741200987342504,0.0,
21041,4,8,1.0,0,0.49312913915229345,0.0,
21047,4,15,1.0,0,0.43486001278221453,0.0,
21049,3,4,1.0,0,0.15893640598180064,0.0,
21051,4,10,1.0,0,0.22105819866040055,0.0,
21057,4,3,1.0,0,0.038698152776021635,0.0,
21059,3,10,1.0,0,0.5188125825362574,1.0,
21061,4,12,1.0,0,0.07866793837091064,0.0,
21063,4,6,1.0,0,0.14476139643965324,0.0,
21067,2,17,1.0,0,0.19720526574881136,0.0,
21069,4,7,1.0,0,0.25482102610810303,0.0,
21071,4,33,1.0,0,0.5919220325187698,1.0,
21073,2,5,1.0,0,0.04713681304343727,0.0,
21075,4,3,1.0,0,0.21098287026621845,0.0,
21077,3,6,1.0,0,0.2846050824316195,0.0,
21079,3,5,1.0,0,0.10929145777223158,0.0,
21081,3,8,1.0,0,0.08809998842483997,0.0,
21083,4,18,1.0,0,0.310074273349902,0.0,
21085,4,9,1.0,0,0.14808080957124214,0.0,
21093,2,17,1.0,0,0.16181187825243956,0.0,
21097,3,6,1.0,0,0.07784113552402644,0.0,
21099,4,10,1.0,0,0.1610834243119228,0.0,
21101,3,8,1.0,0,0.5312823964312747,1.0,
21103,3,13,1.0,0,0.0727489808997672,0.0,
21105,4,7,1.0,0,0.13290302017965877,0.0,
21107,4,13,1.0,0,0.20003079672531157,0.0,
21113,3,4,1.0,0,0.146067691337198,0.0,
21115,4,19,1.0,0,0.259326780513961,0.0,
21117,2,12,1.0,0,0.26982351405871563,0.0,
21119,4,24,1.0,0,0.2898839842355065,0.0,
21121,4,19,1.0,0,0.00041137144227668674,0.0,
21125,4,8,1.0,0,0.34092648468657716,0.0,
21127,4,10,1.0,0,0.30417274539329703,0.0,
21133,1,26,1.0,0,0.25650544564154015,0.0,
21137,4,11,1.0,0,0.027514241930758767,0.0,
21141,4,7,1.0,0,0.12949070289230147,0.0,
21145,3,7,1.0,0,0.6733760934608164,1.0,
21149,2,7,1.0,0,0.0959322884197803,0.0,
21151,1,5,1.0,0,0.4184932685869019,0.0,
21153,4,4,1.0,0,0.16148220866437596,0.0,
21159,4,9,1.0,0,0.11917340132862872,0.0,
21161,4,5,1.0,0,0.2397906311080175,0.0,
21163,2,12,1.0,0,0.08511907380958668,0.0,
21167,2,5,1.0,0,0.06451759907300597,0.0,
21171,4,6,1.0,0,9.776259622398527e-13,0.0,
21173,4,5,1.0,0,0.2843310694589559,0.0,
21175,4,8,1.0,0,0.08800271795999658,0.0,
21179,1,9,1.0,0,0.033868363855659694,0.0,
21183,3,16,1.0,0,0.06787762436328672,0.0,
21185,1,11,1.0,0,0.019100887545525334,0.0,
21191,3,10,1.0,0,0.03765507090005909,0.0,
21195,4,39,1.0,0,0.19983590574855684,0.0,
21197,4,4,1.0,0,0.18607024363257804,0.0,
21199,4,11,1.0,0,0.4560585915177811,0.0,
21201,4,7,1.0,0,0.05213957987236365,0.0,
21203,4,7,1.0,0,0.1856232568654171,0.0,
21205,4,4,1.0,0,0.05256145351893983,0.0,
21207,4,7,1.0,0,0.2686092786542678,0.0,
21209,2,6,1.0,0,0.048436082815657464,0.0,
21211,2,14,1.0,0,0.11478445346319005,0.0,
21217,4,6,1.0,0,0.11648790131131877,0.0,
21221,2,5,1.0,0,0.013907667874763264,0.0,
21225,4,5,1.0,0,0.156790834565372,0.0,
21227,3,9,1.0,0,0.09293596594738147,0.0,
21231,4,5,1.0,0,0.25277946586169653,0.0,
21235,4,7,1.0,0,0.2934450660989851,0.0,
21237,4,5,1.0,0,0.2376401376163659,0.0,
21239,2,3,1.0,0,0.019486025844726078,0.0,
22001,4,15,1.0,0,0.7308831740439719,1.0,
22003,3,13,1.0,0,0.08166806347547037,0.0,
22005,1,8,1.0,0,0.41234538442064783,0.0,
22009,4,15,1.0,0,0.25875556361575947,0.0,
22011,3,9,1.0,0,0.07581115988236231,0.0,
22013,4,13,1.0,0,0.17544306143515906,0.0,
22019,3,16,1.0,0,0.6848260720722179,1.0,
22021,4,4,1.0,0,0.12377694418500167,0.0,
22023,4,8,1.0,0,0.796361571251382,1.0,
22027,4,11,1.0,0,0.30349263233769813,0.0,
22031,4,10,1.0,0,0.23594435284225845,0.0,
22039,4,12,1.0,0,0.5494107041042169,1.0,
22041,4,7,1.0,0,0.4803931826977264,0.0,
22043,3,8,1.0,0,0.03129323791690432,0.0,
22045,4,10,1.0,0,0.6667251852745399,1.0,
22047,3,8,1.0,0,0.5636565968415264,1.0,
22049,4,7,1.0,0,0.13786029234993546,0.0,
22053,3,10,1.0,0,0.4506983832147417,0.0,
22055,1,16,1.0,0,0.36843420320659787,0.0,
22057,3,14,1.0,0,0.445625711467655,0.0,
22063,2,17,1.0,0,0.312026285415373,0.0,
22065,4,4,1.0,0,0.4107590240444384,0.0,
22069,4,16,1.0,0,0.2569466255153859,0.0,
22077,3,17,1.0,0,0.312983669834301,0.0,
22079,4,27,1.0,0,0.4798762741002441,0.0,
22083,4,6,1.0,0,0.46728513028024676,0.0,
22087,4,6,1.0,0,0.9301693568953137,1.0,
22089,1,10,1.0,0,0.2578289754714844,0.0,
22093,3,7,1.0,0,0.6703309441082949,1.0,
22095,3,6,1.0,0,0.6593110483138906,1.0,
22099,4,8,1.0,0,0.4477254495818803,0.0,
22101,4,8,1.0,0,0.5323319902704137,1.0,
22103,2,17,1.0,0,0.1164087338185442,0.0,
22105,1,20,1.0,0,0.9206941108209611,1.0,
22107,4,4,1.0,0,0.1411914607698264,0.0,
22109,3,13,1.0,0,0.6413597538894615,1.0,
22111,3,10,1.0,0,0.06861134278871354,0.0,
22113,3,12,1.0,0,0.28250446131618695,0.0,
22115,3,13,1.0,0,0.14514512982779815,0.0,
22117,4,6,1.0,0,0.21166574663300558,0.0,
22119,4,12,1.0,0,0.49055124608268214,0.0,
22121,2,5,1.0,0,0.42819089554512074,0.0,
22123,4,4,1.0,0,0.24600139015744885,0.0,
22127,4,12,1.0,0,0.0572436413612025,0.0,
23001,2,14,1.0,0,0.055993228926211745,0.0,
23005,1,38,1.0,0,0.012686699957554358,0.0,
23007,1,18,1.0,0,0.029043386601067988,0.0,
23009,2,40,1.0,0,0.0016099734159963235,0.0,
23011,2,27,1.0,0,0.015732858290125325,0.0,
23013,1,19,1.0,0,0.03991056364183816,0.0,
23017,1,33,1.0,0,0.016707163957545644,0.0,
23019,1,47,1.0,0,0.21990630451586526,0.0,
23021,3,16,1.0,0,0.004224645404837511,0.0,
23025,4,24,1.0,0,0.10283318359008126,0.0,
23027,2,18,1.0,0,0.005321549880453127,0.0,
23031,1,36,1.0,0,0.010362817195844472,0.0,
24001,3,15,1.0,0,0.03770055653589874,0.0,
24011,3,10,1.0,0,0.14986595001700614,0.0,
24013,1,15,1.0,0,0.003740482285150333,0.0,
24017,1,24,1.0,0,0.0051906446441355135,0.0,
24019,3,18,1.0,0,0.11011495992622851,0.0,
24021,1,34,1.0,0,0.006668737583187122,0.0,
24027,1,24,1.0,0,0.00946691345508223,0.0,
24029,2,9,1.0,0,0.029200620752403275,0.0,
24035,1,16,1.0,0,0.012677330011471522,0.0,
24037,1,26,1.0,0,0.03332353653242722,0.0,
24039,1,11,1.0,0,5.606979142413653e-48,0.0,
24041,1,16,1.0,0,0.016023658836706912,0.0,
24043,1,20,1.0,0,7.182535643496569e-07,0.0,
24047,2,12,1.0,0,0.06592264616391254,0.0,
25001,1,47,1.0,0,0.028446621465233617,0.0,
25005,2,36,1.0,0,0.35802202184874055,0.0,
25011,2,32,1.0,0,0.009336565797340685,0.0,
25013,2,41,1.0,0,0.5428948250829738,1.0,
25015,1,28,1.0,0,0.018119667338855745,0.0,
25023,1,34,1.0,0,0.04979907967152705,0.0,
25025,3,36,1.0,0,0.7402149550018589,1.0,
25027,1,87,1.0,0,0.11540467093378502,0.0,
26005,2,24,1.0,0,0.14808156217056873,0.0,
26009,2,16,1.0,0,0.03567718776045284,0.0,
26011,3,10,1.0,0,0.3357796446511568,0.0,
26013,3,7,1.0,0,0.003961606967143225,0.0,
26015,1,15,1.0,0,0.03990005621313308,0.0,
26017,2,16,1.0,0,0.5419559274407854,1.0,
26021,1,23,1.0,0,0.2025260373124998,0.0,
26023,3,13,1.0,0,0.3197440318896712,0.0,
26025,3,22,1.0,0,0.3221419958703013,0.0,
26027,2,14,1.0,0,0.3015637877563134,0.0,
26041,3,13,1.0,0,0.08736254608031603,0.0,
26045,1,19,1.0,0,0.16424174331929434,0.0,
26049,3,34,1.0,0,0.49335694813358083,0.0,
26055,1,9,1.0,0,0.05711372055449503,0.0,
26059,3,18,1.0,0,0.2450261946741186,0.0,
26061,4,20,1.0,0,0.04354278378277418,0.0,
26063,2,18,1.0,0,0.17426203396203455,0.0,
26065,1,22,1.0,0,0.9991036543051054,1.0,
26067,2,21,1.0,0,0.12092257152579178,0.0,
26073,4,15,1.0,0,0.45650878480298784,0.0,
26075,2,29,1.0,0,0.459971116145263,0.0,
26077,2,25,1.0,0,0.25734700356172363,0.0,
26081,2,39,1.0,0,0.49586001810274466,0.0,
26087,2,22,1.0,0,0.09882440190163133,0.0,
26091,2,23,1.0,0,0.15526821670941215,0.0,
26093,1,20,1.0,0,0.032443242724274915,0.0,
26099,2,39,1.0,0,0.7057319348751007,1.0,
26101,2,15,1.0,0,0.06725495608477029,0.0,
26103,2,15,1.0,0,0.014331481452307395,0.0,
26115,1,25,1.0,0,0.17180068546581254,0.0,
26121,3,20,1.0,0,0.43562357462900286,0.0,
26123,3,21,1.0,0,0.20223114332114497,0.0,
26127,3,12,1.0,0,0.2857693076520174,0.0,
26137,3,7,1.0,0,0.07638227380734448,0.0,
26139,1,22,1.0,0,0.15564451542633895,0.0,
26141,2,7,1.0,0,0.013264834033420892,0.0,
26145,3,28,1.0,0,0.43143624222228105,0.0,
26147,2,23,1.0,0,0.37858072845023827,0.0,
26149,3,13,1.0,0,0.34899414620747854,0.0,
26151,3,22,1.0,0,0.3142777658220786,0.0,
26155,2,19,1.0,0,0.13460086297310206,0.0,
26157,3,21,1.0,0,0.11529290832769358,0.0,
26159,3,22,1.0,0,0.3300562457795506,0.0,
26161,2,27,1.0,0,0.1646740582262324,0.0,
27001,2,12,1.0,0,0.000685915069127725,0.0,
27003,1,20,1.0,0,0.021148869503945303,0.0,
27005,2,16,1.0,0,0.0019750884883628105,0.0,
27007,3,18,1.0,0,0.02182399654105781,0.0,
27009,1,9,1.0,0,0.0027263572818622267,0.0,
27025,1,15,1.0,0,0.0033374756614998643,0.0,
27027,2,15,1.0,0,0.030059448887778988,0.0,
27037,1,22,1.0,0,0.014237639509462956,0.0,
27041,1,17,1.0,0,0.0016427980608546048,0.0,
27047,2,18,1.0,0,0.07565972998459747,0.0,
27049,1,17,1.0,0,0.0032281579869554594,0.0,
27057,2,10,1.0,0,0.0016782161695595192,0.0,
27061,2,30,1.0,0,0.0014826690194325522,0.0,
27079,1,13,1.0,0,0.005597467835060296,0.0,
27083,3,14,1.0,0,0.011540681827517473,0.0,
27095,2,12,1.0,0,0.002242300551007086,0.0,
27097,2,20,1.0,0,0.002843984123835263,0.0,
27099,2,19,1.0,0,0.04585947696523488,0.0,
27109,1,19,1.0,0,0.006053570158187354,0.0,
27111,1,34,1.0,0,0.003993216508662016,0.0,
27115,2,16,1.0,0,0.0013341011948631498,0.0,
27119,2,25,1.0,0,0.0020739516648393555,0.0,
27123,2,26,1.0,0,0.1835349310902641,0.0,
27127,2,22,1.0,0,0.0027476226870410307,0.0,
27129,2,16,1.0,0,0.003268566362845653,0.0,
27131,1,16,1.0,0,0.014233365231381561,0.0,
27135,1,11,1.0,0,0.0006968439814806612,0.0,
27139,1,10,1.0,0,0.006389793283768921,0.0,
27141,1,9,1.0,0,0.006417396568865799,0.0,
27145,2,33,1.0,0,0.8420592691044475,1.0,
27151,3,11,1.0,0,0.003408359756257992,0.0,
27153,2,19,1.0,0,0.00408711032863085,0.0,
27163,1,19,1.0,0,0.010604765292748583,0.0,
27169,2,14,1.0,0,0.007339256559843014,0.0,
27171,1,19,1.0,0,0.007758886256096603,0.0,
28001,4,2,1.0,0,0.05931768252560428,0.0,
28003,4,5,1.0,0,0.07969789153868616,0.0,
28007,4,11,1.0,0,0.023328244414029267,0.0,
28011,4,17,1.0,0,0.6702044942731394,1.0,
28013,4,11,1.0,0,0.007748977343059684,0.0,
28015,4,13,1.0,0,0.08545361404623335,0.0,
28019,4,9,1.0,0,0.008745530376391744,0.0,
28023,4,9,1.0,0,0.007175146500302092,0.0,
28025,4,8,1.0,0,0.07394449392660242,0.0,
28027,4,11,1.0,0,0.6950310137124288,1.0,
28029,4,9,1.0,0,0.004542594106592794,0.0,
28031,4,8,1.0,0,0.09061061564390283,0.0,
28033,1,10,1.0,0,0.07020669664610324,0.0,
28035,1,8,1.0,0,0.9999999675154052,1.0,
28037,4,8,1.0,0,0.03680594504628278,0.0,
28039,4,3,1.0,0,0.005663273224576917,0.0,
28041,3,7,1.0,0,0.005254439716283449,0.0,
28043,4,7,1.0,0,0.028691816554621677,0.0,
28045,3,10,1.0,0,0.3672160890865652,0.0,
28051,4,9,1.0,0,0.1012084086432754,0.0,
28057,3,10,1.0,0,0.03881981150811951,0.0,
28061,4,14,1.0,0,0.017740332824474077,0.0,
28065,4,9,1.0,0,0.030408582950407128,0.0,
28069,4,11,1.0,0,0.015948442550891864,0.0,
28071,4,13,1.0,0,1.0,1.0,
28073,3,6,1.0,0,0.01399907185923053,0.0,
28075,1,12,1.0,0,2.5052577336813377e-05,0.0,
28081,3,15,1.0,0,0.08596686356605558,0.0,
28083,4,11,1.0,0,0.4185521976977829,0.0,
28085,4,12,1.0,0,0.1087717751507601,0.0,
28087,3,8,1.0,0,0.07174742015520673,0.0,
28089,1,12,1.0,0,0.009317629106787654,0.0,
28091,4,8,1.0,0,0.08243248631419327,0.0,
28093,3,8,1.0,0,0.0628498545773303,0.0,
28095,4,12,1.0,0,0.051011832031804434,0.0,
28097,4,7,1.0,0,0.019187672839234532,0.0,
28099,4,8,1.0,0,0.117169434931793,0.0,
28101,4,11,1.0,0,0.01639844561009573,0.0,
28103,4,6,1.0,0,0.07475700568659377,0.0,
28107,4,11,1.0,0,0.15215245051172113,0.0,
28109,3,5,1.0,0,0.014530883168272292,0.0,
28113,4,8,1.0,0,0.22682530215040939,0.0,
28115,4,11,1.0,0,0.09906382891485016,0.0,
28119,4,10,1.0,0,0.32246076726837963,0.0,
28121,1,12,1.0,0,0.44959580013144135,0.0,
28123,4,10,1.0,0,0.06640815034481408,0.0,
28127,3,10,1.0,0,0.02502318319176437,0.0,
28131,4,6,1.0,0,0.009660336812133014,0.0,
28133,4,16,1.0,0,0.5557116895604532,1.0,
28135,4,18,1.0,0,0.05498311167270499,0.0,
28137,3,5,1.0,0,0.15195777213636855,0.0,
28141,4,9,1.0,0,0.07212194547394991,0.0,
28145,3,11,1.0,0,0.024837627253086126,0.0,
28147,4,6,1.0,0,0.03749221119532645,0.0,
28153,4,7,1.0,0,0.04791646000351733,0.0,
28159,4,10,1.0,0,0.02413681388518722,0.0,
28161,4,7,1.0,0,0.00918870950653161,0.0,
28163,4,8,1.0,0,0.05034234566520701,0.0,
29001,4,9,1.0,0,0.12355752292968919,0.0,
29009,4,17,1.0,0,0.20210085191371033,0.0,
29011,4,8,1.0,0,0.08579501912646632,0.0,
29013,3,13,1.0,0,0.020521530829971286,0.0,
29015,3,13,1.0,0,0.028215615819302077,0.0,
29017,4,13,1.0,0,0.027364962357943785,0.0,
29019,1,13,1.0,0,0.05471051081300813,0.0,
29021,3,15,1.0,0,0.6098796529346384,1.0,
29023,4,10,1.0,0,0.3117999401382072,0.0,
29025,3,10,1.0,0,0.10810702550217326,0.0,
29029,3,18,1.0,0,0.07135026355051469,0.0,
29031,3,19,1.0,0,0.20342029504992598,0.0,
29033,3,10,1.0,0,0.06448610125320026,0.0,
29035,3,5,1.0,0,0.003448813482965002,0.0,
29037,1,18,1.0,0,0.053119209283681336,0.0,
29039,4,9,1.0,0,0.06645200266577674,0.0,
29041,3,12,1.0,0,0.04063584506046637,0.0,
29043,1,21,1.0,0,0.03052053100143324,0.0,
29049,1,11,1.0,0,0.026288376332467285,0.0,
29051,1,9,1.0,0,0.030839138323467397,0.0,
29055,4,12,1.0,0,0.07957698356951615,0.0,
29057,3,13,1.0,0,0.08620229505824364,0.0,
29059,4,13,1.0,0,0.07099388043545195,0.0,
29063,2,10,1.0,0,0.056468962754014244,0.0,
29065,4,8,1.0,0,0.02417614354641202,0.0,
29067,4,16,1.0,0,0.06074132097237701,0.0,
29069,4,14,1.0,0,0.5684339525097737,1.0,
29071,1,23,1.0,0,0.043582014132281376,0.0,
29079,3,7,1.0,0,0.12670719245360426,0.0,
29083,4,11,1.0,0,0.08872085423654025,0.0,
29085,4,13,1.0,0,0.10430378421838817,0.0,
29091,4,12,1.0,0,0.07962164026591693,0.0,
29093,3,16,1.0,0,0.02460059317598014,0.0,
29099,1,24,1.0,0,0.16157885902072988,0.0,
29103,4,12,1.0,0,0.03529787186972099,0.0,
29105,4,12,1.0,0,0.09752503386844853,0.0,
29107,2,16,1.0,0,0.05454564717313154,0.0,
29109,3,21,1.0,0,0.24355877808769885,0.0,
29113,2,17,1.0,0,0.11008920723200658,0.0,
29115,3,15,1.0,0,0.0381794179207162,0.0,
29117,3,12,1.0,0,0.05667407842063839,0.0,
29119,1,14,1.0,0,0.4653692080553862,0.0,
29121,2,15,1.0,0,0.017862600744223314,0.0,
29123,3,7,1.0,0,0.012513734019335608,0.0,
29127,3,10,1.0,0,0.09080091165532785,0.0,
29131,3,17,1.0,0,0.05794398264294519,0.0,
29133,4,6,1.0,0,0.6463936641054764,1.0,
29135,2,13,1.0,0,0.009909832583151394,0.0,
29139,3,11,1.0,0,0.061705824205438194,0.0,
29143,4,17,1.0,0,0.5520029529288749,1.0,
29145,3,15,1.0,0,0.10313110836826411,0.0,
29147,4,18,1.0,0,0.06681672388301055,0.0,
29153,4,18,1.0,0,0.04977586296009989,0.0,
29159,3,15,1.0,0,0.2146469662547778,0.0,
29161,4,11,1.0,0,0.026959891733466062,0.0,
29163,1,12,1.0,0,0.22674955494555696,0.0,
29165,1,18,1.0,0,0.020487562451971423,0.0,
29169,2,11,1.0,0,0.03378124140876544,0.0,
29175,3,12,1.0,0,0.2206127451822281,0.0,
29177,2,12,1.0,0,0.13777944763743258,0.0,
29181,4,9,1.0,0,0.04967226926627972,0.0,
29183,1,14,1.0,0,0.055730216154714976,0.0,
29185,4,16,1.0,0,0.028242717292471912,0.0,
29186,2,8,1.0,0,0.026356417227248418,0.0,
29187,3,15,1.0,0,0.08427823598073107,0.0,
29195,3,13,1.0,0,0.17762564507313203,0.0,
29197,3,6,1.0,0,0.03364640834824076,0.0,
29199,3,10,1.0,0,0.10005256203541736,0.0,
29201,4,14,1.0,0,0.6439669529190897,1.0,
29207,1,13,1.0,0,0.11525889625988701,0.0,
29209,1,17,1.0,0,0.10275702639622228,0.0,
29211,3,13,1.0,0,0.011961179129367783,0.0,
29213,3,20,1.0,0,0.1922378142116534,0.0,
29215,4,21,1.0,0,2.827226100667116e-06,0.0,
29217,4,13,1.0,0,0.19013477839461507,0.0,
29219,3,9,1.0,0,0.055106345447815126,0.0,
29223,4,14,1.0,0,0.024861355316780277,0.0,
29225,3,9,1.0,0,0.12465438588705346,0.0,
29229,4,11,1.0,0,0.11826736076185605,0.0,
30003,4,18,1.0,0,0.2684186438661059,0.0,
30005,4,9,1.0,0,0.028424567747071985,0.0,
30013,3,18,1.0,0,0.05668648816882446,0.0,
30015,2,13,1.0,0,0.01538668797322906,0.0,
30021,1,8,1.0,0,0.0007598473562847665,0.0,
30029,2,16,1.0,0,0.0035155048306674064,0.0,
30035,4,5,1.0,0,0.08235132486988236,0.0,
30047,3,15,1.0,0,0.011124805063668357,0.0,
30049,1,9,1.0,0,0.002473111897045635,0.0,
30053,4,6,1.0,0,0.012366958384499796,0.0,
30061,4,5,1.0,0,0.0013693248416150037,0.0,
30073,3,6,1.0,0,0.0035583470790935506,0.0,
30081,2,9,1.0,0,0.0015636631502315972,0.0,
30087,3,8,1.0,0,0.00843429068713418,0.0,
30105,3,12,1.0,0,0.0024563760986426597,0.0,
30111,2,16,1.0,0,0.08891752862983668,0.0,
31001,2,14,1.0,0,0.007052400694402288,0.0,
31003,2,11,1.0,0,0.0007787590316931369,0.0,
31007,2,8,1.0,0,0.0010996561324331476,0.0,
31011,2,8,1.0,0,0.000261708835583604,0.0,
31013,2,3,1.0,0,0.0008364244085234103,0.0,
31023,1,14,1.0,0,0.000407933887919035,0.0,
31025,1,20,1.0,0,0.0006963414870458092,0.0,
31029,2,7,1.0,0,2.7989373552005597e-19,0.0,
31033,1,5,1.0,0,0.00022251771247968905,0.0,
31041,1,21,1.0,0,2.761894173159699e-05,0.0,
31045,2,6,1.0,0,0.0003958663791011409,0.0,
31061,2,8,1.0,0,0.0004358070342416211,0.0,
31067,2,18,1.0,0,0.0013570559779337236,0.0,
31075,2,3,1.0,0,0.0001716229627579621,0.0,
31079,2,11,1.0,0,0.009811096885986564,0.0,
31083,2,8,1.0,0,0.0006063387213411818,0.0,
31093,1,11,1.0,0,0.0004631338293105318,0.0,
31095,3,12,1.0,0,0.0006399243634697347,0.0,
31109,2,42,1.0,0,0.03021635551024163,0.0,
31111,2,14,1.0,0,0.0008070216705081624,0.0,
31119,2,8,1.0,0,0.004859149455789299,0.0,
31131,1,19,1.0,0,0.0008090425337602274,0.0,
31135,1,10,1.0,0,0.00015089174638708124,0.0,
31141,1,11,1.0,0,0.002535767281418254,0.0,
31153,1,13,1.0,0,0.003726262248779034,0.0,
31155,1,18,1.0,0,0.001188901504553537,0.0,
31157,3,8,1.0,0,0.011280187914840754,0.0,
31161,2,9,1.0,0,0.0006568338652555662,0.0,
31173,4,10,1.0,0,0.04384637636811716,0.0,
31177,1,15,1.0,0,0.0026262943737918923,0.0,
31179,2,11,1.0,0,0.0018022378282179935,0.0,
31185,1,15,1.0,0,0.0004033047405960498,0.0,
32001,2,2,1.0,0,0.43793795605586217,0.0,
32005,1,9,1.0,0,0.20746867588786252,0.0,
32007,1,14,1.0,0,0.05598377826865015,0.0,
32013,1,7,1.0,0,0.012927828370001185,0.0,
32017,1,5,1.0,0,1.852155100171649e-17,0.0,
32019,3,9,1.0,0,0.862944978767585,1.0,
32021,3,5,1.0,0,0.1560960208355444,0.0,
32033,2,7,1.0,0,0.039020799839016955,0.0,
33005,1,27,1.0,0,0.006954932865330275,0.0,
33007,2,16,1.0,0,0.0040098726371219,0.0,
33009,1,37,1.0,0,0.0018213389553590799,0.0,
33011,1,34,1.0,0,0.009992577926926826,0.0,
33013,1,31,1.0,0,0.0030825339397543105,0.0,
33015,1,37,1.0,0,0.00576117546296384,0.0,
34009,1,15,1.0,0,0.1844788878283153,0.0,
34011,1,22,1.0,0,0.00023688039449794077,0.0,
34015,1,30,1.0,0,0.13726053152912665,0.0,
34019,1,26,1.0,0,0.003216742468797404,0.0,
34021,1,25,1.0,0,0.23875477955962535,0.0,
34027,1,56,1.0,0,0.007359094182627035,0.0,
34031,2,33,1.0,0,0.4416833906278016,0.0,
34033,2,14,1.0,0,0.189339325338184,0.0,
34035,1,32,1.0,0,0.017003300050485705,0.0,
34037,1,21,1.0,0,0.005131255309177857,0.0,
34041,1,19,1.0,0,0.016342896517491705,0.0,
35005,4,9,1.0,0,0.22797681640668704,0.0,
35007,4,9,1.0,0,0.011487890106665795,0.0,
35009,1,7,1.0,0,0.4902000192735958,0.0,
35015,3,8,1.0,0,0.0026733792239864262,0.0,
35017,4,16,1.0,0,8.189415189620653e-08,0.0,
35019,2,5,1.0,0,1.484051166539258e-12,0.0,
35025,3,7,1.0,0,0.4483556405662336,0.0,
35029,4,3,1.0,0,0.1370593195484024,0.0,
35035,4,18,1.0,0,0.558056982042525,1.0,
35037,4,10,1.0,0,0.025680990001461332,0.0,
35039,1,37,1.0,0,0.006139943424535317,0.0,
35041,4,9,1.0,0,0.14472694911178371,0.0,
35043,1,21,1.0,0,0.1500416305718794,0.0,
35049,2,15,1.0,0,0.060081539859182874,0.0,
35051,4,10,1.0,0,0.28855114340222193,0.0,
35053,4,14,1.0,0,0.38969999384403936,0.0,
35055,4,21,1.0,0,2.194307938932024e-05,0.0,
35061,4,8,1.0,0,0.2489687887423224,0.0,
36001,2,46,1.0,0,0.09311432527517616,0.0,
36003,3,37,1.0,0,0.0028615947752725717,0.0,
36007,3,31,1.0,0,0.04519096048961821,0.0,
36009,1,36,1.0,0,0.0004856447387921023,0.0,
36011,1,26,1.0,0,3.7523095731215326e-10,0.0,
36013,3,36,1.0,0,0.07234912820343468,0.0,
36015,2,22,1.0,0,0.04171228088049665,0.0,
36021,2,36,1.0,0,0.030793692854335523,0.0,
36023,3,17,1.0,0,0.02587130875917944,0.0,
36027,1,35,1.0,0,0.03470743157089997,0.0,
36031,2,34,1.0,0,0.0014092890468680526,0.0,
36033,3,23,1.0,0,0.0035066918266176764,0.0,
36037,2,18,1.0,0,0.009124276022032531,0.0,
36039,2,42,1.0,0,0.014187558685340879,0.0,
36041,2,13,1.0,0,0.0004996291424388616,0.0,
36043,3,28,1.0,0,0.00044292789061886286,0.0,
36045,3,39,1.0,0,0.04421044759154753,0.0,
36053,1,31,1.0,0,0.030708597678134452,0.0,
36055,1,50,1.0,0,0.35031716693695103,0.0,
36057,3,20,1.0,0,0.10222839083404867,0.0,
36063,1,22,1.0,0,0.32488280104118844,0.0,
36065,2,54,1.0,0,0.09324803009675553,0.0,
36071,1,51,1.0,0,0.01953101258323065,0.0,
36073,3,15,1.0,0,0.09910839378094449,0.0,
36075,3,27,1.0,0,0.06131250228088863,0.0,
36077,3,43,1.0,0,0.006391553633775788,0.0,
36083,2,29,1.0,0,0.019510900297721387,0.0,
36089,3,49,1.0,0,0.015429524367208921,0.0,
36091,1,27,1.0,0,0.0052591996015767225,0.0,
36093,1,19,1.0,0,0.04574192114820556,0.0,
36099,2,14,1.0,0,0.07941173689222435,0.0,
36101,3,39,1.0,0,0.011044200856442908,0.0,
36105,2,62,1.0,0,0.014505444484037244,0.0,
36107,2,15,1.0,0,0.0038450362064999673,0.0,
36109,1,17,1.0,0,0.7051069516235149,1.0,
36111,2,63,1.0,0,0.026814302602178514,0.0,
36115,2,27,1.0,0,0.015113545298757386,0.0,
36117,2,20,1.0,0,0.017667291613741042,0.0,
37001,3,12,1.0,0,0.1474199992243774,0.0,
37003,2,8,1.0,0,0.051311449701278856,0.0,
37007,4,8,1.0,0,0.0289775932148092,0.0,
37013,4,15,1.0,0,0.03138581467645651,0.0,
37015,4,10,1.0,0,0.019828997131437404,0.0,
37017,4,18,1.0,0,0.054956955933037226,0.0,
37019,2,14,1.0,0,0.02275415166305686,0.0,
37021,2,19,1.0,0,0.017504207255102076,0.0,
37023,4,16,1.0,0,0.103207086685803,0.0,
37025,2,16,1.0,0,0.11544405660722885,0.0,
37027,3,10,1.0,0,0.10911789027776914,0.0,
37031,2,19,1.0,0,0.022466992317683634,0.0,
37035,2,14,1.0,0,0.13350369070755005,0.0,
37037,1,18,1.0,0,0.0039945247870669266,0.0,
37039,3,4,1.0,0,0.00629893293837211,0.0,
37041,3,4,1.0,0,0.02842726124530376,0.0,
37043,3,5,1.0,0,0.0016455517960765613,0.0,
37045,1,13,1.0,0,0.5277963398779297,1.0,
37047,4,16,1.0,0,0.060167259824443625,0.0,
37049,2,11,1.0,0,0.03298546768455515,0.0,
37051,1,24,1.0,0,2.8904495428065448e-05,0.0,
37053,1,15,1.0,0,0.008256972811880424,0.0,
37055,1,14,1.0,0,0.027462528074425483,0.0,
37057,3,12,1.0,0,0.13493119945418203,0.0,
37059,2,6,1.0,0,0.021303007526774904,0.0,
37061,4,19,1.0,0,0.13336493648188957,0.0,
37063,2,16,1.0,0,0.04442995343523932,0.0,
37065,4,15,1.0,0,0.2044360644820449,0.0,
37067,1,22,1.0,0,0.07479247023514533,0.0,
37069,3,13,1.0,0,0.02854831725370568,0.0,
37071,3,18,1.0,0,0.21864017909024552,0.0,
37077,3,12,1.0,0,0.007201680886791726,0.0,
37079,4,11,1.0,0,0.09067484706091,0.0,
37083,4,9,1.0,0,0.12927404953386196,0.0,
37085,3,16,1.0,0,0.03997360765614247,0.0,
37089,2,15,1.0,0,0.011531750435739351,0.0,
37091,4,9,1.0,0,0.297904093538805,0.0,
37093,3,9,1.0,0,0.1630374241726387,0.0,
37101,2,21,1.0,0,0.025770543621898664,0.0,
37105,3,4,1.0,0,0.05446368608041455,0.0,
37107,4,10,1.0,0,0.25602582062445267,0.0,
37109,2,11,1.0,0,0.10630250541880076,0.0,
37111,3,9,1.0,0,0.021366697790657054,0.0,
37125,2,18,1.0,0,0.023539641759416276,0.0,
37127,3,15,1.0,0,0.0612313374507002,0.0,
37129,3,10,1.0,0,0.08979265627183446,0.0,
37131,4,12,1.0,0,0.0495940905421245,0.0,
37133,3,16,1.0,0,0.1607743217387432,0.0,
37135,2,14,1.0,0,0.011071667841294697,0.0,
37141,3,13,1.0,0,0.01731245509215566,0.0,
37147,4,17,1.0,0,0.11081700403054436,0.0,
37151,3,24,1.0,0,0.11019891779845875,0.0,
37153,4,11,1.0,0,0.3574172570321326,0.0,
37157,3,11,1.0,0,0.07201937932784581,0.0,
37159,3,19,1.0,0,0.18119385900365767,0.0,
37161,1,16,1.0,0,0.03198625306337182,0.0,
37163,4,17,1.0,0,0.18457843889368733,0.0,
37165,4,7,1.0,0,0.5878392151448918,1.0,
37169,2,16,1.0,0,0.04586729377154748,0.0,
37171,4,12,1.0,0,0.08529900052354625,0.0,
37175,3,10,1.0,0,0.009364439286139854,0.0,
37179,1,12,1.0,0,0.0621736531817143,0.0,
37181,4,8,1.0,0,0.2819727347145474,0.0,
37185,4,8,1.0,0,0.024276658989128657,0.0,
37187,4,4,1.0,0,0.023306386301680932,0.0,
37189,4,10,1.0,0,0.05508279739374151,0.0,
37191,1,14,1.0,0,0.0027706847905157,0.0,
37193,4,23,1.0,0,0.04741876022263197,0.0,
37195,4,17,1.0,0,0.2637092009156221,0.0,
38015,1,12,1.0,0,0.005353941607682153,0.0,
38027,2,7,1.0,0,0.0006368734079093046,0.0,
38035,1,22,1.0,0,0.022987061145572682,0.0,
38037,2,13,1.0,0,0.00045905671605570985,0.0,
38067,1,13,1.0,0,0.0005294161941649633,0.0,
38073,1,11,1.0,0,0.00019010747278675505,0.0,
38085,4,9,1.0,0,0.1224488666794583,0.0,
38099,2,16,1.0,0,0.003317862207300287,0.0,
38101,1,24,1.0,0,3.3635384824648463e-07,0.0,
39001,4,11,1.0,0,0.1602889411914446,0.0,
39007,4,19,1.0,0,0.4402835826133189,0.0,
39009,4,18,1.0,0,0.12537809102595432,0.0,
39013,2,27,1.0,0,0.08407690651952779,0.0,
39017,2,17,1.0,0,0.29632942913023863,0.0,
39019,2,20,1.0,0,0.05895166389395441,0.0,
39023,3,22,1.0,0,0.5948026524246259,1.0,
39025,1,23,1.0,0,0.11969034192742051,0.0,
39037,2,25,1.0,0,0.2633636381198719,0.0,
39041,1,24,1.0,0,0.01162234941077498,0.0,
39045,1,19,1.0,0,0.029857291839403756,0.0,
39055,1,20,1.0,0,0.02366167923876724,0.0,
39059,3,20,1.0,0,0.11693549772535992,0.0,
39063,1,24,1.0,0,0.06479995240650581,0.0,
39065,3,15,1.0,0,0.27782330935224764,0.0,
39071,4,15,1.0,0,0.27307898276289005,0.0,
39073,3,16,1.0,0,0.02861276239891973,0.0,
39075,1,18,1.0,0,0.00047693317029661716,0.0,
39077,2,14,1.0,0,0.1312854684046252,0.0,
39079,4,11,1.0,0,0.15708579742086282,0.0,
39081,3,23,1.0,0,0.33088869986507463,0.0,
39085,1,11,1.0,0,0.21138824723074184,0.0,
39087,3,14,1.0,0,0.2631760932337204,0.0,
39089,2,28,1.0,0,0.03605545593582016,0.0,
39091,2,18,1.0,0,0.13289607774580856,0.0,
39093,2,24,1.0,0,0.3447829539946949,0.0,
39099,2,36,1.0,0,0.45246418706255,0.0,
39101,3,14,1.0,0,0.2399397196126888,0.0,
39103,1,24,1.0,0,0.01781960877578441,0.0,
39107,1,18,1.0,0,0.13776457451008706,0.0,
39111,3,15,1.0,0,0.018919141303478142,0.0,
39117,2,16,1.0,0,0.0542850589489466,0.0,
39119,3,22,1.0,0,0.16094136347668844,0.0,
39121,2,15,1.0,0,0.0054053463123825704,0.0,
39123,2,18,1.0,0,0.4087613394666543,0.0,
39125,1,15,1.0,0,0.1379664639426722,0.0,
39127,3,17,1.0,0,0.005709336259465812,0.0,
39129,2,17,1.0,0,0.05390837880119385,0.0,
39131,4,11,1.0,0,0.22210743620751924,0.0,
39133,1,24,1.0,0,0.9547070895478748,1.0,
39135,1,16,1.0,0,0.10511521731433858,0.0,
39137,1,17,1.0,0,0.08150340700254947,0.0,
39139,1,19,1.0,0,3.11318777373175e-09,0.0,
39141,3,16,1.0,0,0.13558329713687986,0.0,
39143,2,17,1.0,0,0.2903698315389689,0.0,
39145,4,20,1.0,0,0.3439811924840078,0.0,
39147,2,20,1.0,0,0.15790822246744246,0.0,
39151,1,42,1.0,0,0.2177198890845563,0.0,
39155,3,30,1.0,0,0.40597639106509875,0.0,
39159,1,20,1.0,0,0.06757700927961471,0.0,
39165,1,24,1.0,0,0.05695781773886154,0.0,
39167,3,20,1.0,0,0.058878292740075035,0.0,
39169,2,25,1.0,0,0.12527495178995643,0.0,
39171,1,12,1.0,0,0.16631516994677714,0.0,
39173,2,32,1.0,0,0.2698066430785274,0.0,
40001,4,8,1.0,0,0.24926645723644822,0.0,
40003,1,13,1.0,0,0.03376346914462461,0.0,
40009,3,6,1.0,0,0.15343121616217814,0.0,
40011,3,13,1.0,0,0.1340522935747119,0.0,
40013,4,14,1.0,0,0.6242505657820178,1.0,
40015,4,16,1.0,0,0.5097844544915707,1.0,
40017,1,13,1.0,0,0.39462966122804294,0.0,
40019,3,13,1.0,0,0.6545777268359789,1.0,
40021,4,16,1.0,0,0.40914057262261777,0.0,
40023,4,12,1.0,0,0.30929475300231746,0.0,
40025,3,4,1.0,0,0.03703434773072843,0.0,
40035,4,10,1.0,0,0.47280556898108717,0.0,
40037,3,21,1.0,0,0.11350740805831637,0.0,
40039,4,13,1.0,0,0.54033049160995,1.0,
40041,4,13,1.0,0,0.366410520001069,0.0,
40043,3,12,1.0,0,0.10799579333909153,0.0,
40045,3,7,1.0,0,0.05643885268293979,0.0,
40047,1,22,1.0,0,0.19657964053626129,0.0,
40049,3,13,1.0,0,0.36993614133104763,0.0,
40051,2,14,1.0,0,0.61401569810913,1.0,
40053,1,10,1.0,0,0.012461101825803574,0.0,
40055,4,4,1.0,0,0.03142103671470057,0.0,
40059,2,7,1.0,0,0.05456135203988723,0.0,
40063,4,10,1.0,0,0.18278372335027698,0.0,
40065,3,9,1.0,0,0.48951425296728657,0.0,
40067,4,8,1.0,0,0.375828809273694,0.0,
40069,4,13,1.0,0,0.28040860497183034,0.0,
40071,4,10,1.0,0,0.5512504464861527,1.0,
40073,2,12,1.0,0,0.23827950533156675,0.0,
40075,4,9,1.0,0,0.4437101360087548,0.0,
40077,4,7,1.0,0,0.09431450875550049,0.0,
40079,4,23,1.0,0,0.24529523830103575,0.0,
40081,3,16,1.0,0,0.15651492660757854,0.0,
40083,2,15,1.0,0,0.2654954057911371,0.0,
40085,3,8,1.0,0,0.5402628746712641,1.0,
40089,4,15,1.0,0,0.4308565758858639,0.0,
40091,4,11,1.0,0,0.34836262302190346,0.0,
40095,4,3,1.0,0,0.6192076436385398,1.0,
40097,4,17,1.0,0,0.6123819583937817,1.0,
40099,3,7,1.0,0,0.504527862603668,1.0,
40101,4,15,1.0,0,0.8460802640572448,1.0,
40105,3,7,1.0,0,0.3030956387392702,0.0,
40107,4,11,1.0,0,0.16201717760837478,0.0,
40111,4,11,1.0,0,0.4785994926530619,0.0,
40113,3,22,1.0,0,0.5873120784583545,1.0,
40115,4,9,1.0,0,0.694800601868409,1.0,
40117,3,12,1.0,0,0.3058672732947202,0.0,
40119,1,14,1.0,0,0.9778378470705427,1.0,
40121,3,19,1.0,0,0.29990356950686187,0.0,
40123,3,10,1.0,0,0.4067077945330831,0.0,
40127,4,16,1.0,0,0.09457725033327488,0.0,
40131,1,12,1.0,0,0.3782319627046,0.0,
40133,4,10,1.0,0,0.4079740168215957,0.0,
40135,4,9,1.0,0,0.40790864575968766,0.0,
40137,3,10,1.0,0,0.5368921207504986,1.0,
40139,4,9,1.0,0,0.1133426129219312,0.0,
40141,4,8,1.0,0,0.42959592787247736,0.0,
40145,2,15,1.0,0,0.3861890586816112,0.0,
40147,1,12,1.0,0,0.23198708694163556,0.0,
40149,3,18,1.0,0,0.2563087462071697,0.0,
40153,2,11,1.0,0,0.052429108730581014,0.0,
41001,3,12,1.0,0,0.01701212587479602,0.0,
41003,1,10,1.0,0,0.8965905084639394,1.0,
41005,1,37,1.0,0,0.12020863992209103,0.0,
41009,2,9,1.0,0,0.08131645951939966,0.0,
41011,3,10,1.0,0,0.15174708462538417,0.0,
41013,2,6,1.0,0,0.06979530116140602,0.0,
41015,2,7,1.0,0,0.03030357707210151,0.0,
41017,1,7,1.0,0,0.10871810481721189,0.0,
41019,3,28,1.0,0,0.16664434723546198,0.0,
41023,3,11,1.0,0,0.07558188949788666,0.0,
41027,2,3,1.0,0,0.08741459631948074,0.0,
41029,3,18,1.0,0,0.6204378101557844,1.0,
41031,3,8,1.0,0,0.19483502085795468,0.0,
41033,4,11,1.0,0,0.6920482792103524,1.0,
41035,4,17,1.0,0,0.5298023614619478,1.0,
41039,3,39,1.0,0,0.23402131135205564,0.0,
41041,3,18,1.0,0,0.11868621083525942,0.0,
41043,2,20,1.0,0,0.2995046597911972,0.0,
41047,3,26,1.0,0,0.6690200509842293,1.0,
41049,3,7,1.0,0,0.7731476428495974,1.0,
41053,2,11,1.0,0,0.10270683583354674,0.0,
41059,3,14,1.0,0,0.5546509396787886,1.0,
41061,3,8,1.0,0,0.06726840613024697,0.0,
41065,3,8,1.0,0,0.17562453267345887,0.0,
41067,1,30,1.0,0,0.06813369744727799,0.0,
42001,1,17,1.0,0,0.019748466688091697,0.0,
42005,2,36,1.0,0,0.06678059813076355,0.0,
42009,2,28,1.0,0,0.013198517871537512,0.0,
42011,1,62,1.0,0,0.21275425265373665,0.0,
42013,3,19,1.0,0,0.07470216134995313,0.0,
42015,2,27,1.0,0,0.005180470006190876,0.0,
42021,1,51,1.0,0,2.373897020419398e-05,0.0,
42025,2,20,1.0,0,0.03278567817167594,0.0,
42027,2,33,1.0,0,0.028954475362752967,0.0,
42033,3,51,1.0,0,0.01977807037041303,0.0,
42037,2,19,1.0,0,0.021773757893819332,0.0,
42039,3,27,1.0,0,0.024454634836254045,0.0,
42041,1,21,1.0,0,0.016369100781272492,0.0,
42043,2,30,1.0,0,0.06199252026060715,0.0,
42047,2,14,1.0,0,0.0015196069928009321,0.0,
42051,3,62,1.0,0,0.08993421054186923,0.0,
42053,4,11,1.0,0,0.0014050476239013895,0.0,
42055,1,30,1.0,0,0.013445214943006302,0.0,
42059,2,26,1.0,0,0.012268011595779294,0.0,
42061,2,33,1.0,0,0.006332071609039005,0.0,
42065,3,30,1.0,0,0.034800851016254394,0.0,
42069,2,28,1.0,0,0.10189178593761519,0.0,
42073,2,22,1.0,0,0.11919843526332011,0.0,
42075,2,19,1.0,0,0.12894515282916402,0.0,
42079,3,50,1.0,0,0.0837324143839743,0.0,
42081,2,25,1.0,0,0.014035993715413572,0.0,
42085,2,28,1.0,0,0.08766458533170308,0.0,
42087,3,13,1.0,0,0.05236943079150214,0.0,
42089,2,35,1.0,0,0.05895417011909975,0.0,
42095,1,26,1.0,0,0.11905577499183767,0.0,
42097,2,28,1.0,0,0.03506794824414246,0.0,
42099,2,16,1.0,0,0.01143414709931587,0.0,
42107,2,59,1.0,0,0.025654871395249107,0.0,
42109,2,15,1.0,0,0.03253801305680031,0.0,
42111,2,40,1.0,0,0.014231003302092976,0.0,
42115,2,29,1.0,0,0.0031166851322280173,0.0,
42119,1,14,1.0,0,0.0082436591287562,0.0,
42123,2,19,1.0,0,0.002818556075063613,0.0,
42125,1,64,1.0,0,0.04167594074064422,0.0,
42127,2,30,1.0,0,0.004627116324660633,0.0,
42129,1,86,1.0,0,0.03553848515191638,0.0,
44003,1,9,1.0,0,0.17811245229885464,0.0,
44005,1,8,1.0,0,0.32711249542073034,0.0,
44009,1,20,1.0,0,0.043682755568873854,0.0,
45001,4,13,1.0,0,0.10485954074315272,0.0,
45005,4,6,1.0,0,0.1559860271973679,0.0,
45009,4,8,1.0,0,0.1037344710276223,0.0,
45011,4,7,1.0,0,0.17020879829767196,0.0,
45013,1,16,1.0,0,0.08640512783327974,0.0,
45015,2,17,1.0,0,0.11317207746986294,0.0,
45017,4,7,1.0,0,0.11818902495752366,0.0,
45021,4,8,1.0,0,0.3768108473483637,0.0,
45023,4,10,1.0,0,0.28019532595775437,0.0,
45025,4,11,1.0,0,0.2606702652700049,0.0,
45027,4,11,1.0,0,0.18822610037765325,0.0,
45029,4,14,1.0,0,0.17360671686496706,0.0,
45031,4,10,1.0,0,0.04475543447292223,0.0,
45033,4,11,1.0,0,0.4260217745376853,0.0,
45035,2,15,1.0,0,0.10375186198491117,0.0,
45037,3,10,1.0,0,0.03786146661214489,0.0,
45039,4,9,1.0,0,0.04518869608951129,0.0,
45041,3,12,1.0,0,0.2131517391960724,0.0,
45043,3,5,1.0,0,0.05234313800970927,0.0,
45047,4,9,1.0,0,0.24469691791106213,0.0,
45049,4,13,1.0,0,0.17574588795009233,0.0,
45051,3,16,1.0,0,0.37092716327202224,0.0,
45055,3,13,1.0,0,0.12530013702061013,0.0,
45057,3,5,1.0,0,0.1960048808306617,0.0,
45059,4,16,1.0,0,0.18204075599588418,0.0,
45067,4,7,1.0,0,0.2689850665901214,0.0,
45069,4,8,1.0,0,0.28335616274517195,0.0,
45073,3,13,1.0,0,0.21309471467921082,0.0,
45077,3,15,1.0,0,0.23336869838802388,0.0,
45081,4,12,1.0,0,0.15855044688447062,0.0,
45085,4,15,1.0,0,0.36496684029795945,0.0,
45087,4,9,1.0,0,0.13581017784144872,0.0,
45089,4,12,1.0,0,0.09464210410377442,0.0,
45091,1,15,1.0,0,0.46315088126756465,0.0,
46009,2,7,1.0,0,0.00035681134766576186,0.0,
46013,1,20,1.0,0,0.0003552529480816128,0.0,
46029,2,10,1.0,0,0.0026120093154349353,0.0,
46031,4,15,1.0,0,0.05208852032177765,0.0,
46033,3,9,1.0,0,0.0009375415969829266,0.0,
46035,2,6,1.0,0,0.0014214345374795833,0.0,
46037,2,11,1.0,0,0.0007875336683168607,0.0,
46059,1,8,1.0,0,0.0002768608524443309,0.0,
46065,1,3,1.0,0,0.00041021080317055653,0.0,
46067,2,13,1.0,0,0.0008591258071700076,0.0,
46077,1,9,1.0,0,0.00030940282507175876,0.0,
46083,1,12,1.0,0,0.006732678772150247,0.0,
46091,1,10,1.0,0,0.00039753712136670726,0.0,
46093,2,18,1.0,0,0.005865000155846251,0.0,
46099,1,23,1.0,0,0.0372894698326941,0.0,
46103,2,20,1.0,0,0.006190199784457186,0.0,
46109,4,16,1.0,0,0.0072933640446085635,0.0,
46121,4,9,1.0,0,0.21449061495830563,0.0,
46129,1,7,1.0,0,0.0009006511047421317,0.0,
46135,2,10,1.0,0,0.0027963661510549244,0.0,
47001,3,11,1.0,0,0.28519693353390335,0.0,
47003,3,13,1.0,0,0.5896089771045505,1.0,
47005,4,7,1.0,0,0.2565126716325374,0.0,
47009,2,13,1.0,0,0.3873943586860648,0.0,
47011,3,8,1.0,0,0.2434345225728359,0.0,
47013,4,11,1.0,0,0.3929340181100902,0.0,
47017,4,14,1.0,0,0.11876898677887311,0.0,
47019,4,8,1.0,0,0.47083496935176616,0.0,
47021,2,12,1.0,0,0.0812440481436018,0.0,
47025,1,10,1.0,0,0.2023658867376101,0.0,
47027,4,7,1.0,0,0.3195808336385726,0.0,
47031,3,9,1.0,0,0.425883634611926,0.0,
47033,4,8,1.0,0,0.4875337938438818,0.0,
47035,3,11,1.0,0,0.24318468338637056,0.0,
47043,2,11,1.0,0,0.08614154886257519,0.0,
47045,4,11,1.0,0,0.6452671143575442,1.0,
47049,4,9,1.0,0,0.21922675768468164,0.0,
47053,4,11,1.0,0,0.34899896439638833,0.0,
47055,3,17,1.0,0,0.328926131111373,0.0,
47059,4,10,1.0,0,0.3522752970319054,0.0,
47063,4,7,1.0,0,0.746294651494179,1.0,
47067,4,5,1.0,0,0.26232517117839865,0.0,
47069,4,12,1.0,0,0.12291951024713416,0.0,
47071,4,13,1.0,0,0.2529022115771393,0.0,
47073,4,12,1.0,0,0.4181538695362112,0.0,
47075,4,6,1.0,0,0.26727984590346615,0.0,
47077,4,14,1.0,0,0.19410726234054923,0.0,
47079,4,9,1.0,0,0.23341665129238623,0.0,
47085,3,4,1.0,0,0.06479505907049254,0.0,
47089,3,10,1.0,0,0.4665368068473213,0.0,
47097,4,4,1.0,0,0.17897264775369875,0.0,
47099,4,11,1.0,0,0.18769167514238036,0.0,
47101,4,7,1.0,0,0.06135066747686364,0.0,
47107,4,12,1.0,0,0.6735336832934204,1.0,
47109,4,15,1.0,0,0.25279304156276056,0.0,
47111,4,8,1.0,0,0.3831114301687103,0.0,
47117,3,12,1.0,0,0.457348656690136,0.0,
47119,1,10,1.0,0,0.3218677652224391,0.0,
47121,3,6,1.0,0,0.18718411626594456,0.0,
47123,4,9,1.0,0,0.6136118482764281,1.0,
47125,3,15,1.0,0,0.23545736964872022,0.0,
47129,4,12,1.0,0,0.24052080269594373,0.0,
47131,4,12,1.0,0,0.4400787869458203,0.0,
47135,4,4,1.0,0,0.07017943141245342,0.0,
47139,3,12,1.0,0,0.08754789661925515,0.0,
47141,1,10,1.0,0,0.9846076099499407,1.0,
47145,2,10,1.0,0,0.2623992492700425,0.0,
47147,2,12,1.0,0,0.2941432487706546,0.0,
47149,1,20,1.0,0,0.8428342346531162,1.0,
47155,3,10,1.0,0,0.22596381495655554,0.0,
47159,3,15,1.0,0,0.17028421562188756,0.0,
47163,3,12,1.0,0,0.5439529210424928,1.0,
47165,1,10,1.0,0,0.18854992839451692,0.0,
47167,2,10,1.0,0,0.21461118906082613,0.0,
47175,4,7,1.0,0,0.2811199183731956,0.0,
47177,4,6,1.0,0,0.6825572252136343,1.0,
47179,1,13,1.0,0,0.878250138702085,1.0,
47181,4,10,1.0,0,0.0849380861944665,0.0,
47183,4,12,1.0,0,0.2735820000575897,0.0,
47185,4,5,1.0,0,0.4725872360378111,0.0,
47187,1,16,1.0,0,0.017356536029192102,0.0,
47189,1,12,1.0,0,0.24749233200590148,0.0,
48001,3,10,1.0,0,0.179030653106638,0.0,
48003,2,1,1.0,0,0.1785813472285399,0.0,
48005,4,6,1.0,0,0.27648765614219434,0.0,
48007,4,5,1.0,0,0.6688449476557439,1.0,
48009,2,10,1.0,0,0.17735434818214668,0.0,
48013,3,15,1.0,0,0.5121490480037305,1.0,
48015,2,13,1.0,0,0.23413609351603298,0.0,
48017,1,6,1.0,0,0.01196296242245844,0.0,
48019,2,7,1.0,0,0.17306507172825933,0.0,
48021,2,15,1.0,0,0.5144326962406615,1.0,
48023,2,2,1.0,0,0.007782124296806867,0.0,
48025,4,11,1.0,0,0.22168433942370272,0.0,
48031,1,8,1.0,0,0.19316115793326374,0.0,
48035,3,11,1.0,0,0.09619910826888099,0.0,
48037,3,10,1.0,0,0.2897107595473153,0.0,
48043,3,4,1.0,0,0.002389619079624025,0.0,
48047,4,2,1.0,0,0.2693464974065411,0.0,
48049,3,10,1.0,0,0.10486751452877956,0.0,
48051,2,5,1.0,0,0.2113384588755012,0.0,
48053,2,13,1.0,0,0.15749567914359727,0.0,
48055,3,14,1.0,0,0.2873509290658582,0.0,
48057,3,6,1.0,0,0.3070326058740728,0.0,
48063,3,2,1.0,0,0.3426497036599003,0.0,
48067,4,14,1.0,0,0.16088486721861261,0.0,
48071,2,11,1.0,0,0.6080598212464378,1.0,
48073,4,12,1.0,0,0.5944479634759942,1.0,
48075,4,4,1.0,0,0.05742669569214606,0.0,
48077,2,9,1.0,0,0.16602342594749056,0.0,
48081,3,4,1.0,0,0.012485344024041408,0.0,
48083,2,15,1.0,0,0.02288496693910963,0.0,
48087,4,5,1.0,0,0.07969608640955707,0.0,
48089,2,18,1.0,0,0.0827872504366514,0.0,
48091,1,14,1.0,0,0.1636188657147099,0.0,
48093,2,14,1.0,0,0.015589282249932404,0.0,
48097,2,14,1.0,0,0.32892163075396763,0.0,
48099,1,17,1.0,0,3.535762632378048e-33,0.0,
48101,4,3,1.0,0,0.05561504758648211,0.0,
48109,4,2,1.0,0,0.004359580617040752,0.0,
48117,4,6,1.0,0,0.08031979969176496,0.0,
48119,3,7,1.0,0,0.14087114341317014,0.0,
48123,3,9,1.0,0,0.14386120137153438,0.0,
48125,4,7,1.0,0,0.03939224349673379,0.0,
48127,4,6,1.0,0,0.4234215529428669,0.0,
48131,4,8,1.0,0,0.06550881639335045,0.0,
48133,4,9,1.0,0,0.13086073459089706,0.0,
48135,2,8,1.0,0,0.9005745220778091,1.0,
48139,1,20,1.0,0,0.4314764023618391,0.0,
48143,1,13,1.0,0,0.8694697936796657,1.0,
48145,3,17,1.0,0,0.40534058329851486,0.0,
48147,2,19,1.0,0,0.2208822664491933,0.0,
48149,2,15,1.0,0,0.0879302145279478,0.0,
48151,3,9,1.0,0,0.11665947769855099,0.0,
48159,1,7,1.0,0,0.1360602169301092,0.0,
48161,4,9,1.0,0,0.6081095495742992,1.0,
48169,4,4,1.0,0,0.09335913666290917,0.0,
48171,2,7,1.0,0,0.040116535863235166,0.0,
48177,3,14,1.0,0,0.0021076361531771532,0.0,
48185,3,11,1.0,0,0.45558714895307323,0.0,
48193,3,10,1.0,0,0.04980272789217842,0.0,
48197,3,2,1.0,0,0.06410190012326193,0.0,
48199,2,12,1.0,0,0.11306814839193613,0.0,
48203,3,12,1.0,0,0.270577776950258,0.0,
48207,4,11,1.0,0,0.18650921652335684,0.0,
48209,2,14,1.0,0,0.4092528515067301,0.0,
48217,2,19,1.0,0,0.3902520089155283,0.0,
48219,4,10,1.0,0,0.5698417631368502,1.0,
48221,1,8,1.0,0,0.43687171167471883,0.0,
48223,3,13,1.0,0,0.3250212317741594,0.0,
48225,4,7,1.0,0,0.1979370438093313,0.0,
48227,3,5,1.0,0,0.48364703011394417,0.0,
48233,3,7,1.0,0,0.7865311593157538,1.0,
48239,2,10,1.0,0,0.04660707763333215,0.0,
48241,4,9,1.0,0,0.22762530560945893,0.0,
48247,4,1,1.0,0,0.061644645565584924,0.0,
48249,4,8,1.0,0,0.15198418052225326,0.0,
48251,2,16,1.0,0,0.6253458931576262,1.0,
48255,3,8,1.0,0,0.44330757313043817,0.0,
48259,1,8,1.0,0,0.027707202262922913,0.0,
48261,4,2,1.0,0,0.5481848315328282,1.0,
48265,3,10,1.0,0,0.3112714669558705,0.0,
48269,4,2,1.0,0,0.045372560051703155,0.0,
48273,4,4,1.0,0,0.5302505710601494,1.0,
48275,4,6,1.0,0,0.05011216292913747,0.0,
48277,3,13,1.0,0,0.4035182624175195,0.0,
48281,2,6,1.0,0,0.08670003886299707,0.0,
48285,2,7,1.0,0,0.03784395447442657,0.0,
48287,2,9,1.0,0,0.09952834904968608,0.0,
48289,3,8,1.0,0,0.5301780391253677,1.0,
48291,3,14,1.0,0,0.4535711367700109,0.0,
48293,4,14,1.0,0,0.6472292680336439,1.0,
48299,1,10,1.0,0,0.3178088555316321,0.0,
48303,1,25,1.0,0,0.9894185296066258,1.0,
48307,3,6,1.0,0,0.02853395078538564,0.0,
48313,2,5,1.0,0,0.17346020461595923,0.0,
48315,4,7,1.0,0,0.07825905804627359,0.0,
48317,1,8,1.0,0,0.2848480093492159,0.0,
48321,1,12,1.0,0,0.19076161826328814,0.0,
48323,4,3,1.0,0,0.06578014391661369,0.0,
48329,1,9,1.0,0,0.5623764496187146,1.0,
48331,3,13,1.0,0,0.2521110975301466,0.0,
48335,2,3,1.0,0,0.03345816992694218,0.0,
48337,3,10,1.0,0,0.45554991886829327,0.0,
48341,2,6,1.0,0,0.43381801811525533,0.0,
48343,4,7,1.0,0,0.42449981839229206,0.0,
48347,1,10,1.0,0,0.9645731338976301,1.0,
48349,4,17,1.0,0,0.6193800154368689,1.0,
48353,3,9,1.0,0,0.23073436521001928,0.0,
48361,2,4,1.0,0,0.6439973330124805,1.0,
48363,4,12,1.0,0,0.34321577187602753,0.0,
48365,3,13,1.0,0,0.239401393852861,0.0,
48367,1,18,1.0,0,0.356899165262845,0.0,
48371,3,6,1.0,0,0.07291143987973174,0.0,
48373,3,9,1.0,0,0.04913957604335671,0.0,
48375,4,16,1.0,0,0.8997891046394063,1.0,
48377,4,4,1.0,0,0.2190127936356435,0.0,
48381,1,15,1.0,0,0.32376035256286756,0.0,
48387,4,9,1.0,0,0.18155746484937396,0.0,
48389,3,4,1.0,0,0.00564832263973473,0.0,
48391,3,5,1.0,0,0.016541551914078363,0.0,
48395,3,9,1.0,0,0.2821652248658157,0.0,
48397,1,9,1.0,0,0.1886374335549227,0.0,
48399,3,11,1.0,0,0.02803727779181406,0.0,
48401,3,16,1.0,0,0.39776456725129283,0.0,
48405,4,4,1.0,0,0.08632398983950106,0.0,
48407,4,8,1.0,0,0.6005384298449126,1.0,
48409,3,9,1.0,0,0.3351043512041912,0.0,
48411,3,7,1.0,0,0.01447087797338314,0.0,
48415,3,8,1.0,0,0.1574180725368894,0.0,
48419,4,7,1.0,0,0.23755714963104668,0.0,
48427,4,10,1.0,0,0.8032207863107931,1.0,
48429,4,8,1.0,0,0.13833178813539643,0.0,
48437,4,5,1.0,0,0.23247045447438733,0.0,
48441,1,17,1.0,0,0.8780714263244076,1.0,
48445,4,6,1.0,0,0.0937596056582486,0.0,
48449,4,6,1.0,0,0.594390331791143,1.0,
48451,1,14,1.0,0,0.9999999159598849,1.0,
48455,4,7,1.0,0,0.25910052580883525,0.0,
48457,3,10,1.0,0,0.023527369518274534,0.0,
48459,3,12,1.0,0,0.3847825213807493,0.0,
48463,4,8,1.0,0,0.24759648959300126,0.0,
48465,4,5,1.0,0,0.2521679682479082,0.0,
48467,3,13,1.0,0,0.7040358524900358,1.0,
48469,3,12,1.0,0,0.5562888081739406,1.0,
48471,4,9,1.0,0,0.3704382734259504,0.0,
48473,2,11,1.0,0,0.8304666930980161,1.0,
48475,3,6,1.0,0,0.8149922354493839,1.0,
48477,2,7,1.0,0,0.39762623568096545,0.0,
48481,1,13,1.0,0,0.09163050687172032,0.0,
48487,4,6,1.0,0,0.4517826960104794,0.0,
48493,2,12,1.0,0,0.17981056387216443,0.0,
48495,3,2,1.0,0,0.3207977073596654,0.0,
48497,2,17,1.0,0,0.5358722245946452,1.0,
48499,3,12,1.0,0,0.2190002837738319,0.0,
48501,2,4,1.0,0,1.4718443159407076e-06,0.0,
48503,2,6,1.0,0,0.16737130310108722,0.0,
48505,4,5,1.0,0,0.5656760573267222,1.0,
48507,4,4,1.0,0,0.6617956964846724,1.0,
49003,2,20,1.0,0,0.4256725389192542,0.0,
49005,3,16,1.0,0,0.41461283059576814,0.0,
49011,1,13,1.0,0,0.5057043549578157,1.0,
49019,1,2,1.0,0,0.008119660303216498,0.0,
49021,4,10,1.0,0,0.11495310838328959,0.0,
49037,3,12,1.0,0,0.09876086489880284,0.0,
49039,3,15,1.0,0,0.2287069938327793,0.0,
49041,3,12,1.0,0,0.29351986467780566,0.0,
49043,1,9,1.0,0,0.006864911729772941,0.0,
49057,1,9,1.0,0,0.6875856504120109,1.0,
50001,1,20,1.0,0,0.0012985087069447593,0.0,
50005,2,22,1.0,0,0.00611550830098961,0.0,
50007,1,21,1.0,0,0.002143569315780843,0.0,
50013,1,5,1.0,0,0.005491383101009242,0.0,
50017,2,31,1.0,0,0.004506677370574597,0.0,
50019,2,24,1.0,0,0.007013213376341759,0.0,
50021,1,29,1.0,0,0.00300077507750086,0.0,
50023,1,26,1.0,0,0.0020199478610995777,0.0,
50025,2,24,1.0,0,0.007280681747679623,0.0,
51003,2,24,1.0,0,0.007044195947855005,0.0,
51005,3,7,1.0,0,0.030531207278647422,0.0,
51007,1,5,1.0,0,0.004020751855101855,0.0,
51009,2,9,1.0,0,0.03833999366564424,0.0,
51013,1,11,1.0,0,0.01413218531955384,0.0,
51015,2,27,1.0,0,0.012490022909455724,0.0,
51019,1,18,1.0,0,0.010503931558388767,0.0,
51025,3,16,1.0,0,0.03659974311560511,0.0,
51027,4,16,1.0,0,0.18025670438735264,0.0,
51031,3,14,1.0,0,0.19101876574399038,0.0,
51036,2,4,1.0,0,0.0061080207462337315,0.0,
51037,4,14,1.0,0,0.0047353354272999335,0.0,
51047,1,18,1.0,0,0.004710428507365526,0.0,
51051,4,12,1.0,0,0.15439691226974225,0.0,
51057,4,8,1.0,0,0.0363735954188715,0.0,
51061,1,24,1.0,0,0.0013693754386895783,0.0,
51063,2,11,1.0,0,0.0071425992740914886,0.0,
51069,1,12,1.0,0,0.009477241361101094,0.0,
51073,1,6,1.0,0,0.003880035008534256,0.0,
51075,1,15,1.0,0,0.0011499691952255317,0.0,
51079,2,5,1.0,0,0.009491630314398047,0.0,
51081,4,4,1.0,0,0.05584206470342555,0.0,
51083,3,14,1.0,0,0.019087884047991527,0.0,
51085,1,12,1.0,0,0.003419012592295721,0.0,
51087,2,16,1.0,0,0.10275881458726792,0.0,
51093,1,8,1.0,0,0.009297722195318131,0.0,
51095,1,4,1.0,0,0.00527519767766152,0.0,
51103,2,6,1.0,0,0.006435734287480641,0.0,
51105,4,11,1.0,0,0.14302012664573774,0.0,
51107,1,21,1.0,0,0.005989784244993182,0.0,
51111,4,12,1.0,0,0.020718354073641677,0.0,
51113,2,21,1.0,0,2.019195877524712e-05,0.0,
51117,3,13,1.0,0,0.01868798795728586,0.0,
51119,1,12,1.0,0,0.00826531972287707,0.0,
51121,3,10,1.0,0,0.10924984174977354,0.0,
51127,1,6,1.0,0,0.0013250735236213036,0.0,
51131,3,11,1.0,0,0.05931168932782165,0.0,
51133,2,7,1.0,0,0.017308710960030827,0.0,
51135,4,7,1.0,0,0.07324115520448518,0.0,
51139,3,6,1.0,0,0.029400983167663125,0.0,
51141,3,14,1.0,0,0.02687808217344307,0.0,
51143,4,20,1.0,0,0.11721352436746352,0.0,
51145,1,5,1.0,0,0.999999999999986,1.0,
51147,1,12,1.0,0,1.8045521648267502e-08,0.0,
51149,3,7,1.0,0,0.09257258726321987,0.0,
51153,1,19,1.0,0,0.012562196408129825,0.0,
51159,3,5,1.0,0,0.025986675040959365,0.0,
51161,1,14,1.0,0,0.011840699996290888,0.0,
51171,2,14,1.0,0,0.012705461438751061,0.0,
51175,3,12,1.0,0,0.02052209296172709,0.0,
51177,1,13,1.0,0,0.008354491322067214,0.0,
51179,1,5,1.0,0,0.005477283955313847,0.0,
51185,1,18,1.0,0,0.10962296756105287,0.0,
51187,1,7,1.0,0,0.014638787522377617,0.0,
51191,2,10,1.0,0,0.031935344839117946,0.0,
51193,2,8,1.0,0,0.039246518803831246,0.0,
51199,1,9,1.0,0,0.005408203439390094,0.0,
51510,1,8,1.0,0,0.036049609844410954,0.0,
51520,4,2,1.0,0,0.6924655939090861,1.0,
51550,1,6,1.0,0,0.033588077775304974,0.0,
51570,2,1,1.0,0,0.06346857241313104,0.0,
51590,4,2,1.0,0,0.31648150932292995,0.0,
51595,4,1,1.0,0,0.06105445982695295,0.0,
51630,3,3,1.0,0,0.3999769722274008,0.0,
51650,2,9,1.0,0,0.2543937915867313,0.0,
51660,1,3,1.0,0,1.0712939130863834e-11,0.0,
51678,3,1,1.0,0,0.022899917695412986,0.0,
51680,3,5,1.0,0,0.2261197676728811,0.0,
51683,1,1,1.0,0,0.11738963691071655,0.0,
51690,4,1,1.0,0,0.17817641278778099,0.0,
51700,3,8,1.0,0,0.16976624558342132,0.0,
51710,1,15,1.0,0,0.023989524910010593,0.0,
51730,3,2,1.0,0,0.22967001465553,0.0,
51740,1,8,1.0,0,0.3414268576643058,0.0,
51750,1,2,1.0,0,1.0,1.0,
51770,3,10,1.0,0,0.5099578886760042,1.0,
51800,1,8,1.0,0,0.02184091400495037,0.0,
51840,3,1,1.0,0,0.23674545833680233,0.0,
53003,3,3,1.0,0,0.3344584210606283,0.0,
53005,2,12,1.0,0,0.5453092092516066,1.0,
53007,2,14,1.0,0,0.03780777036035241,0.0,
53015,3,11,1.0,0,0.08462920097847834,0.0,
53017,2,13,1.0,0,0.21233659911932365,0.0,
53021,3,7,1.0,0,0.7271683083987666,1.0,
53023,3,2,1.0,0,0.09631370117521332,0.0,
53025,3,18,1.0,0,0.5497649030768786,1.0,
53029,1,8,1.0,0,0.21543819733231856,0.0,
53031,2,9,1.0,0,0.027778882698805588,0.0,
53035,1,20,1.0,0,0.026515447787993838,0.0,
53041,2,23,1.0,0,0.07916782064744761,0.0,
53045,2,15,1.0,0,0.12863052624390783,0.0,
53047,4,22,1.0,0,0.31002723407495186,0.0,
53057,1,17,1.0,0,0.046311656137872546,0.0,
53059,1,8,1.0,0,0.035859745187016574,0.0,
53067,1,14,1.0,0,0.13347285583730853,0.0,
53071,2,8,1.0,0,0.24365733940062734,0.0,
53073,2,18,1.0,0,0.16375097795871474,0.0,
53077,4,22,1.0,0,0.5981846577017814,1.0,
54003,2,11,1.0,0,0.4206906324627998,0.0,
54005,4,31,1.0,0,0.008174885259273528,0.0,
54009,2,8,1.0,0,0.49775243981478945,0.0,
54011,3,13,1.0,0,0.31491379713995976,0.0,
54029,3,5,1.0,0,0.6948571103899439,1.0,
54035,3,15,1.0,0,0.07554291685369674,0.0,
54037,1,9,1.0,0,0.1876532607791888,0.0,
54039,1,46,1.0,0,0.39050447786657033,0.0,
54041,4,11,1.0,0,0.2168941920808962,0.0,
54049,3,18,1.0,0,0.2571802246625782,0.0,
54053,3,19,1.0,0,0.19885176813903674,0.0,
54059,4,18,1.0,0,0.32938125252009315,0.0,
54061,3,16,1.0,0,0.22746769737508693,0.0,
54065,3,4,1.0,0,0.054909952095813744,0.0,
54067,3,25,1.0,0,0.06908471556352692,0.0,
54069,2,6,1.0,0,0.2797868302038208,0.0,
54079,2,17,1.0,0,0.1140043820677587,0.0,
54081,4,42,1.0,0,0.07325838801084715,0.0,
54083,4,22,1.0,0,1.7900116230927906e-05,0.0,
54097,4,10,1.0,0,0.0020487806398209337,0.0,
54099,4,17,1.0,0,0.46172319605461043,0.0,
54103,4,12,1.0,0,0.12085344718736851,0.0,
54107,3,13,1.0,0,0.41108466623118,0.0,
55001,2,14,1.0,0,0.014158372221797565,0.0,
55005,2,19,1.0,0,0.003771824161318609,0.0,
55007,2,15,1.0,0,0.0007409867039272043,0.0,
55009,1,19,1.0,0,0.0005350091992540383,0.0,
55015,1,14,1.0,0,0.023931533751409922,0.0,
55017,2,14,1.0,0,0.006507616754759582,0.0,
55021,1,20,1.0,0,0.005143567809015166,0.0,
55023,2,13,1.0,0,0.002688568161164113,0.0,
55027,1,31,1.0,0,0.019085556525222664,0.0,
55029,1,13,1.0,0,0.007280923886734795,0.0,
55031,2,12,1.0,0,0.002095103835949136,0.0,
55039,1,24,1.0,0,0.017970510430362303,0.0,
55043,3,23,1.0,0,0.021014341526873648,0.0,
55045,1,12,1.0,0,0.0016021015115311001,0.0,
55055,1,19,1.0,0,0.023377822719874694,0.0,
55057,3,14,1.0,0,0.008379583941022,0.0,
55059,1,17,1.0,0,0.09140014637658037,0.0,
55061,1,6,1.0,0,0.00808404479019873,0.0,
55063,2,15,1.0,0,0.012227915544791624,0.0,
55065,2,14,1.0,0,0.00878175030966933,0.0,
55069,1,7,1.0,0,0.00025180084518443985,0.0,
55071,1,19,1.0,0,0.022002596149776697,0.0,
55073,1,28,1.0,0,0.0016995392381294282,0.0,
55075,3,16,1.0,0,0.006094159845143971,0.0,
55077,2,14,1.0,0,0.009122284041268301,0.0,
55078,4,4,1.0,0,0.03198846819770333,0.0,
55081,2,12,1.0,0,0.0033257773239014194,0.0,
55083,1,19,1.0,0,0.0022209930062433727,0.0,
55085,1,14,1.0,0,0.0005810729020968573,0.0,
55087,1,24,1.0,0,0.03085061783742134,0.0,
55089,1,13,1.0,0,0.013757628743549343,0.0,
55095,1,20,1.0,0,0.0020293780474752365,0.0,
55097,2,21,1.0,0,0.005849659138397101,0.0,
55099,2,14,1.0,0,0.00022135112731669668,0.0,
55103,3,14,1.0,0,0.003364449414151965,0.0,
55105,2,19,1.0,0,0.07513128782069223,0.0,
55111,1,17,1.0,0,0.004403277513821599,0.0,
55115,2,25,1.0,0,0.007481324400772279,0.0,
55117,1,17,1.0,0,0.0228173429833544,0.0,
55119,2,14,1.0,0,0.000664726024555341,0.0,
55121,1,14,1.0,0,0.0010840126864432452,0.0,
55123,3,18,1.0,0,0.0018992342141884845,0.0,
55125,2,12,1.0,0,0.0008909132667241646,0.0,
55127,1,16,1.0,0,0.021094435016445198,0.0,
55131,1,18,1.0,0,0.008989096443351281,0.0,
55133,1,30,1.0,0,0.010242180810168455,0.0,
55135,1,16,1.0,0,0.00042204353195503654,0.0,
55137,2,17,1.0,0,0.00797167348986062,0.0,
55139,1,18,1.0,0,0.00029052862986700184,0.0,
55141,2,15,1.0,0,0.002116797228199392,0.0,
56001,1,10,1.0,0,0.009855435056749979,0.0,
56003,2,15,1.0,0,2.217451438305619e-06,0.0,
56007,2,12,1.0,0,0.0029837934132590166,0.0,
56009,1,4,1.0,0,0.003400685889975846,0.0,
56013,2,11,1.0,0,0.015163835806493312,0.0,
56017,3,3,1.0,0,0.004398857465279068,0.0,
56021,1,12,1.0,0,0.04455981848828802,0.0,
56025,1,11,1.0,0,0.0257310983339698,0.0,
56029,1,8,1.0,0,0.000503944832342365,0.0,
56031,2,5,1.0,0,0.004443974120225442,0.0,
56033,1,9,1.0,0,0.0024800223216779687,0.0,
56035,1,6,1.0,0,0.0009238125936744411,0.0,
01001,3,10,1.0,1,0.18216753258492588,0.0,
01003,2,23,1.0,1,0.11065852334919302,0.0,
01009,3,17,1.0,1,0.14674247563477744,0.0,
01011,4,7,1.0,1,0.12549842550467485,0.0,
01015,3,14,1.0,1,0.2782052972125584,0.0,
01017,4,10,1.0,1,0.22591836672870783,0.0,
01019,4,11,1.0,1,0.21757300892604256,0.0,
01021,3,14,1.0,1,0.2190559748020778,0.0,
01025,4,10,1.0,1,0.049236932586080424,0.0,
01031,3,16,1.0,1,0.20007066328387027,0.0,
01033,3,9,1.0,1,0.25946266544241847,0.0,
01035,4,13,1.0,1,0.02532487544082464,0.0,
01037,3,11,1.0,1,0.04959070821660746,0.0,
01039,4,13,1.0,1,0.1141114614270416,0.0,
01043,3,19,1.0,1,0.2786955079992311,0.0,
01045,3,14,1.0,1,0.28490186022560915,0.0,
01047,4,10,1.0,1,0.3884387299372631,0.0,
01051,2,13,1.0,1,0.09313614312363833,0.0,
01053,4,9,1.0,1,0.16162707584033234,0.0,
01055,3,14,1.0,1,0.44416697215415746,0.0,
01057,4,10,1.0,1,0.09692334751004315,0.0,
01059,4,10,1.0,1,0.1648161065665616,0.0,
01063,4,8,1.0,1,0.11374726839397079,0.0,
01065,4,9,1.0,1,0.1369822235417035,0.0,
01067,3,9,1.0,1,0.14160801633461562,0.0,
01069,4,14,1.0,1,0.47576950292417713,0.0,
01071,4,22,1.0,1,0.2981289531309543,0.0,
01075,4,9,1.0,1,0.08336586454533138,0.0,
01077,3,9,1.0,1,0.21197312449886788,0.0,
01079,3,10,1.0,1,0.1719920763922183,0.0,
01083,2,15,1.0,1,0.2643874633956651,0.0,
01085,4,8,1.0,1,0.1204618024415712,0.0,
01087,4,13,1.0,1,0.1848825443180676,0.0,
01089,1,25,1.0,1,0.18443859391305192,0.0,
01091,4,15,1.0,1,0.09203056198307066,0.0,
01093,4,12,1.0,1,0.14626690758603988,0.0,
01095,4,18,1.0,1,0.5973021224397251,1.0,
01099,4,17,1.0,1,0.047953436540189236,0.0,
01101,1,24,1.0,1,0.7437383000023021,1.0,
01103,3,16,1.0,1,0.3583354739405,0.0,
01105,4,9,1.0,1,0.24754313011261497,0.0,
01107,4,8,1.0,1,0.06748331972474314,0.0,
01109,1,9,1.0,1,0.9842006057887803,1.0,
01111,3,8,1.0,1,0.11483188243019657,0.0,
01113,3,12,1.0,1,0.3761701597860804,0.0,
01115,2,18,1.0,1,0.1560983521908922,0.0,
01119,4,11,1.0,1,0.12937701333826274,0.0,
01121,4,12,1.0,1,0.35944435207882475,0.0,
01123,4,12,1.0,1,0.09543578259451584,0.0,
01125,1,27,1.0,1,0.33873557942832627,0.0,
01127,3,18,1.0,1,0.4286936772909716,0.0,
01129,4,16,1.0,1,0.07789370885368659,0.0,
01131,4,13,1.0,1,0.010494103011830846,0.0,
01133,4,11,1.0,1,0.12673780624343545,0.0,
04009,4,10,1.0,1,0.20688370043558568,0.0,
04023,4,9,1.0,1,0.298147493021041,0.0,
05001,4,13,1.0,1,0.25026071124317495,0.0,
05003,4,7,1.0,1,0.23935298739335117,0.0,
05005,3,12,1.0,1,0.11911925322241151,0.0,
05009,3,9,1.0,1,0.08452896883818473,0.0,
05011,4,7,1.0,1,0.21296743022075307,0.0,
05015,3,9,1.0,1,0.041239137714913936,0.0,
05019,1,8,1.0,1,0.8247529257755811,1.0,
05021,4,13,1.0,1,0.10029778698522589,0.0,
05023,3,17,1.0,1,0.05194982902584766,0.0,
05025,4,7,1.0,1,0.0925494045467587,0.0,
05027,4,7,1.0,1,0.2636573630880909,0.0,
05029,4,15,1.0,1,0.33058908629889244,0.0,
05031,1,16,1.0,1,0.17108937254632445,0.0,
05033,3,11,1.0,1,0.24406754721562818,0.0,
05035,4,11,1.0,1,0.90284151590711,1.0,
05037,4,8,1.0,1,0.39157893621879464,0.0,
05039,4,6,1.0,1,0.11528196717072915,0.0,
05041,4,12,1.0,1,0.3451818244070885,0.0,
05043,4,9,1.0,1,0.1445277437305289,0.0,
05045,1,15,1.0,1,0.2723811730206602,0.0,
05047,4,13,1.0,1,0.14103478977034586,0.0,
05049,1,14,1.0,1,0.14221878283433426,0.0,
05051,3,10,1.0,1,0.22374168267380626,0.0,
05053,2,14,1.0,1,0.08878781247294863,0.0,
05055,4,9,1.0,1,0.10871083860618719,0.0,
05057,4,10,1.0,1,0.29288873894617,0.0,
05059,4,12,1.0,1,0.30894471083925057,0.0,
05061,4,8,1.0,1,0.1824180231063803,0.0,
05063,4,20,1.0,1,0.12188403683152972,0.0,
05067,4,11,1.0,1,0.2917498077828855,0.0,
05069,4,17,1.0,1,0.6812696813036002,1.0,
05071,4,12,1.0,1,0.040229956658454205,0.0,
05073,4,6,1.0,1,0.11775688152988661,0.0,
05075,4,14,1.0,1,0.15618418937563533,0.0,
05077,3,11,1.0,1,0.26740430845048857,0.0,
05079,4,8,1.0,1,0.2100766046590844,0.0,
05081,4,7,1.0,1,0.07128869337074352,0.0,
05083,4,12,1.0,1,0.10137126739858776,0.0,
05085,2,11,1.0,1,0.16060693069464826,0.0,
05087,3,13,1.0,1,0.05096332531741086,0.0,
05091,4,6,1.0,1,0.48613091896207783,0.0,
05093,4,15,1.0,1,0.7884549659619619,1.0,
05095,4,9,1.0,1,0.45550663659776175,0.0,
05097,4,9,1.0,1,0.07213721629069964,0.0,
05099,4,10,1.0,1,0.07209749295194008,0.0,
05101,3,20,1.0,1,0.0027137475395453406,0.0,
05103,4,8,1.0,1,0.3325862408665269,0.0,
05105,4,8,1.0,1,0.06390624320066149,0.0,
05107,4,12,1.0,1,0.7893233172198236,1.0,
05111,4,10,1.0,1,0.1546069544443019,0.0,
05113,4,7,1.0,1,0.21106421160677838,0.0,
05115,4,13,1.0,1,0.2927966703048461,0.0,
05117,3,11,1.0,1,0.11463198702264873,0.0,
05121,4,11,1.0,1,0.11523305914212406,0.0,
05123,4,13,1.0,1,0.6843487196526029,1.0,
05125,1,14,1.0,1,0.17311813351666702,0.0,
05127,4,10,1.0,1,0.15228371867302615,0.0,
05129,4,10,1.0,1,0.03491502066893194,0.0,
05133,4,7,1.0,1,0.303002399071885,0.0,
05135,4,13,1.0,1,0.073059858290549,0.0,
05139,4,10,1.0,1,0.30481152065972383,0.0,
05141,4,12,1.0,1,0.053302624005142504,0.0,
05145,4,17,1.0,1,0.35890516668801575,0.0,
05147,4,9,1.0,1,0.1747243745449947,0.0,
05149,4,13,1.0,1,0.23200369265035442,0.0,
06005,2,12,1.0,1,0.10869394699308042,0.0,
06007,4,18,1.0,1,0.6726542039208081,1.0,
06009,1,20,1.0,1,0.0804394752942565,0.0,
06011,3,9,1.0,1,0.3223311245875744,0.0,
06015,4,4,1.0,1,0.08653199459811042,0.0,
06017,1,23,1.0,1,0.0651957863298013,0.0,
06021,3,7,1.0,1,0.7090203923967611,1.0,
06023,4,36,1.0,1,0.12509501751310828,0.0,
06027,2,11,1.0,1,0.06944484427366418,0.0,
06031,4,12,1.0,1,0.8822775087446381,1.0,
06033,3,15,1.0,1,0.5161835647055549,1.0,
06035,2,17,1.0,1,0.03436022045803428,0.0,
06041,1,29,1.0,1,0.006434718700109575,0.0,
06043,3,13,1.0,1,0.05693719450350441,0.0,
06045,3,29,1.0,1,0.01572612139800721,0.0,
06055,1,12,1.0,1,0.05625059914218568,0.0,
06057,2,12,1.0,1,0.08106334225453725,0.0,
06063,2,17,1.0,1,0.07863459153216752,0.0,
06069,2,7,1.0,1,0.19946952451288377,0.0,
06079,2,26,1.0,1,0.03816235967328883,0.0,
06083,2,24,1.0,1,0.1865694374259768,0.0,
06087,2,17,1.0,1,0.08487076256482179,0.0,
06093,3,23,1.0,1,0.24383711727626975,0.0,
06097,1,37,1.0,1,0.04161075307778814,0.0,
06101,3,13,1.0,1,0.7900411805733851,1.0,
06103,4,15,1.0,1,0.568031558871415,1.0,
06109,1,16,1.0,1,0.27125677354114097,0.0,
06113,3,19,1.0,1,0.5093887430964061,1.0,
06115,3,17,1.0,1,0.6139977999944687,1.0,
08001,2,35,1.0,1,0.6441358676839171,1.0,
08005,1,33,1.0,1,0.37341633447395467,0.0,
08007,1,5,1.0,1,0.0014720785243676673,0.0,
08009,4,8,1.0,1,0.05462660429021818,0.0,
08013,1,22,1.0,1,0.7243197880422018,1.0,
08014,1,6,1.0,1,0.12959533351693955,0.0,
08035,1,18,1.0,1,0.04873591244621585,0.0,
08037,1,13,1.0,1,0.025770121512014108,0.0,
08043,3,11,1.0,1,0.051918148322624785,0.0,
08045,1,8,1.0,1,0.0206863052377439,0.0,
08055,2,4,1.0,1,0.02065685924657401,0.0,
08059,1,33,1.0,1,0.10854678114528521,0.0,
08067,1,6,1.0,1,0.007415188344099329,0.0,
08069,1,24,1.0,1,0.217428862446499,0.0,
08077,2,19,1.0,1,0.5570183843936968,1.0,
08081,2,5,1.0,1,0.025469212559658165,0.0,
08087,2,10,1.0,1,0.08713095708701535,0.0,
08099,3,6,1.0,1,0.039980470183156376,0.0,
08101,3,15,1.0,1,0.7092929716103097,1.0,
08107,1,9,1.0,1,0.0020898571057991794,0.0,
08109,4,8,1.0,1,0.021694469065560936,0.0,
08113,1,7,1.0,1,0.0014571420848635932,0.0,
08121,2,12,1.0,1,0.0057476636702437555,0.0,
08123,1,41,1.0,1,0.3999107677217224,0.0,
09001,1,46,1.0,1,0.15541610576679216,0.0,
09003,1,58,1.0,1,0.5991184076301626,1.0,
09005,1,40,1.0,1,0.02702037952618909,0.0,
09007,1,24,1.0,1,0.09975040171691882,0.0,
09009,1,41,1.0,1,0.2957898343853281,0.0,
09011,1,31,1.0,1,0.27552030659429716,0.0,
09015,1,31,1.0,1,0.1350714919029588,0.0,
10001,1,18,1.0,1,0.35033390115896185,0.0,
10005,2,24,1.0,1,0.27905432144288583,0.0,
12001,3,23,1.0,1,0.061192654167057256,0.0,
12003,2,5,1.0,1,0.015986214411505304,0.0,
12005,2,16,1.0,1,0.2143853451856513,0.0,
12015,2,17,1.0,1,0.11968503931565838,0.0,
12017,3,15,1.0,1,0.07616076465816782,0.0,
12019,2,12,1.0,1,0.07179292483549934,0.0,
12023,3,8,1.0,1,0.07968822944995371,0.0,
12033,1,18,1.0,1,0.14355089206095978,0.0,
12035,2,7,1.0,1,0.0910800581468523,0.0,
12039,4,7,1.0,1,0.19934230007179954,0.0,
12041,4,5,1.0,1,0.0473012611596959,0.0,
12043,4,5,1.0,1,0.16449579937476425,0.0,
12049,4,4,1.0,1,0.09223451874278968,0.0,
12051,4,6,1.0,1,0.28059096162353037,0.0,
12053,3,12,1.0,1,0.37246567825048593,0.0,
12055,3,9,1.0,1,0.10813543688454008,0.0,
12059,4,4,1.0,1,0.045141115364428566,0.0,
12061,2,9,1.0,1,0.09897214291354915,0.0,
12063,1,14,1.0,1,0.07312554872394487,0.0,
12065,4,4,1.0,1,0.022931780393593986,0.0,
12073,3,10,1.0,1,0.06482716889370078,0.0,
12075,4,13,1.0,1,0.08104708821803477,0.0,
12079,4,5,1.0,1,0.05906174796150131,0.0,
12083,3,31,1.0,1,0.10426696490351303,0.0,
12085,1,12,1.0,1,0.09823645466604305,0.0,
12087,2,11,1.0,1,0.05248495263881477,0.0,
12089,1,6,1.0,1,0.01802791720819849,0.0,
12091,2,14,1.0,1,0.037951267371440355,0.0,
12097,3,17,1.0,1,0.46945060031576363,0.0,
12101,2,31,1.0,1,0.34926115369705596,0.0,
12107,4,17,1.0,1,0.19260613957110934,0.0,
12109,1,12,1.0,1,0.03156240722216685,0.0,
12111,2,17,1.0,1,0.24257769188993514,0.0,
12113,1,9,1.0,1,0.03866369772172948,0.0,
12117,2,17,1.0,1,0.13863030824953448,0.0,
12119,1,11,1.0,1,0.08327194294880254,0.0,
12121,3,9,1.0,1,0.06230020030318171,0.0,
12129,2,4,1.0,1,0.01670252273655845,0.0,
12131,2,12,1.0,1,0.039051616824324606,0.0,
12133,4,10,1.0,1,0.14964349271408955,0.0,
13001,4,7,1.0,1,0.4194190471722853,0.0,
13003,4,5,1.0,1,0.2614657577026031,0.0,
13005,4,3,1.0,1,0.32098925896722363,0.0,
13009,4,6,1.0,1,0.9995822270476533,1.0,
13013,2,8,1.0,1,0.09201453858216173,0.0,
13015,2,14,1.0,1,0.31256822744382184,0.0,
13017,4,4,1.0,1,0.25839440156009164,0.0,
13019,4,6,1.0,1,0.14892706100419262,0.0,
13021,1,12,1.0,1,0.8371138554441637,1.0,
13023,4,6,1.0,1,0.2101621616674185,0.0,
13025,4,6,1.0,1,0.17052798627954446,0.0,
13031,1,11,1.0,1,0.42592469390744786,0.0,
13033,4,9,1.0,1,0.366168849800579,0.0,
13035,4,5,1.0,1,0.5806934093301109,1.0,
13039,3,8,1.0,1,0.0808116100366368,0.0,
13043,4,4,1.0,1,0.39281976830528514,0.0,
13045,1,11,1.0,1,0.851731442653898,1.0,
13055,4,6,1.0,1,0.17200765415238004,0.0,
13057,1,15,1.0,1,0.05629441229739817,0.0,
13059,1,9,1.0,1,0.9390579105526188,1.0,
13063,1,16,1.0,1,0.9444967201283586,1.0,
13069,4,10,1.0,1,0.32219939103409323,0.0,
13071,4,13,1.0,1,0.39674035120251555,0.0,
13073,1,7,1.0,1,0.020081202298542964,0.0,
13075,4,5,1.0,1,0.3763755768961772,0.0,
13077,1,10,1.0,1,0.16168199722854337,0.0,
13083,3,5,1.0,1,0.07805144704711416,0.0,
13085,1,5,1.0,1,0.03797102310127815,0.0,
13087,4,8,1.0,1,0.3212892122786923,0.0,
13093,4,8,1.0,1,0.1804697804656741,0.0,
13095,4,6,1.0,1,0.6176920527732388,1.0,
13097,2,8,1.0,1,0.4769746558217578,0.0,
13101,3,6,1.0,1,0.09827758718029592,0.0,
13103,1,8,1.0,1,0.01822727212177832,0.0,
13107,4,13,1.0,1,0.2961295150268414,0.0,
13109,4,6,1.0,1,0.4603195599968161,0.0,
13111,3,8,1.0,1,0.025841098037146425,0.0,
13113,1,8,1.0,1,0.13345576882625912,0.0,
13115,4,13,1.0,1,0.31684955890081845,0.0,
13119,3,10,1.0,1,0.3650039096828223,0.0,
13127,3,8,1.0,1,0.11486532050602462,0.0,
13129,4,8,1.0,1,0.24342006076380907,0.0,
13137,3,7,1.0,1,0.34113664950078126,0.0,
13139,2,19,1.0,1,0.3128088963420988,0.0,
13149,3,6,1.0,1,0.0836793413516796,0.0,
13151,2,11,1.0,1,0.35016020766672645,0.0,
13153,2,12,1.0,1,0.3955209066004393,0.0,
13155,4,7,1.0,1,0.15962978414248383,0.0,
13157,2,16,1.0,1,0.08723680286043123,0.0,
13163,4,9,1.0,1,0.28103705767731896,0.0,
13165,4,5,1.0,1,0.31645559771504234,0.0,
13167,4,5,1.0,1,0.08329128429348993,0.0,
13169,4,8,1.0,1,0.27749932209602957,0.0,
13175,4,15,1.0,1,0.28941578805948726,0.0,
13179,1,9,1.0,1,0.0052150206242973255,0.0,
13189,4,4,1.0,1,0.2680589036942422,0.0,
13191,3,4,1.0,1,0.03881495700338522,0.0,
13193,4,10,1.0,1,0.12006048949013076,0.0,
13195,3,11,1.0,1,0.16573394572405434,0.0,
13197,4,4,1.0,1,0.09318039865736398,0.0,
13215,4,11,1.0,1,0.6370530741895982,1.0,
13217,3,11,1.0,1,0.5932201864625585,1.0,
13219,1,8,1.0,1,0.037382739903114075,0.0,
13223,1,11,1.0,1,0.1994581606999304,0.0,
13225,4,3,1.0,1,0.3914344741906594,0.0,
13227,2,9,1.0,1,0.049038736652375556,0.0,
13233,4,8,1.0,1,0.4319836920469007,0.0,
13235,4,5,1.0,1,0.06302711059207576,0.0,
13237,4,5,1.0,1,0.13826304867934983,0.0,
13247,2,9,1.0,1,0.6356652697309528,1.0,
13253,4,4,1.0,1,0.20356703765988074,0.0,
13257,3,5,1.0,1,0.3885212240203185,0.0,
13261,4,8,1.0,1,0.2889139263895884,0.0,
13267,4,6,1.0,1,0.1471369141293886,0.0,
13273,4,7,1.0,1,0.22050923462185096,0.0,
13275,3,9,1.0,1,0.11678346593899026,0.0,
13277,4,9,1.0,1,0.3875667632863892,0.0,
13279,4,3,1.0,1,0.27707183649840955,0.0,
13281,3,3,1.0,1,0.009552783118371903,0.0,
13285,4,7,1.0,1,0.31172389047696797,0.0,
13287,4,4,1.0,1,0.32023722836126145,0.0,
13291,3,4,1.0,1,0.04642593730846816,0.0,
13293,4,7,1.0,1,0.42691523197120507,0.0,
13295,3,14,1.0,1,0.1492595226697302,0.0,
13297,2,11,1.0,1,0.33982412596428047,0.0,
13299,4,7,1.0,1,0.4667826276734811,0.0,
13301,4,9,1.0,1,0.15912860417347927,0.0,
13303,4,10,1.0,1,0.10063986240131945,0.0,
13305,4,6,1.0,1,0.18228577352893655,0.0,
13309,4,4,1.0,1,0.03480320142482976,0.0,
13313,4,8,1.0,1,0.4004986061056278,0.0,
13315,4,8,1.0,1,0.11181010122923456,0.0,
13317,4,5,1.0,1,0.039750858714010594,0.0,
16001,1,17,1.0,1,0.0459705807554518,0.0,
16011,3,11,1.0,1,0.006449203396366289,0.0,
16013,2,8,1.0,1,0.014421756258760951,0.0,
16017,2,18,1.0,1,0.03121219052490584,0.0,
16019,2,14,1.0,1,0.03618005231058754,0.0,
16025,4,2,1.0,1,0.030518045914059506,0.0,
16031,3,9,1.0,1,0.17421230842815166,0.0,
16035,3,7,1.0,1,0.0036817783548898763,0.0,
16039,3,7,1.0,1,0.009286270079168144,0.0,
16041,1,7,1.0,1,0.011358954540442844,0.0,
16045,2,7,1.0,1,0.03142784409689994,0.0,
16047,3,6,1.0,1,0.15778025471919266,0.0,
16055,2,13,1.0,1,0.07597326550828899,0.0,
16059,3,10,1.0,1,0.013791791891397799,0.0,
16069,2,10,1.0,1,0.027455954000189367,0.0,
16073,3,12,1.0,1,0.09541313525944305,0.0,
16075,3,7,1.0,1,0.05506303607791822,0.0,
16079,4,15,1.0,1,0.009301380612013745,0.0,
16081,1,5,1.0,1,0.0012392428908837383,0.0,
16083,3,10,1.0,1,0.21600077744077023,0.0,
16087,4,5,1.0,1,0.020123419573611225,0.0,
17001,2,23,1.0,1,0.0993908027621605,0.0,
17003,1,8,1.0,1,0.4841395620566249,0.0,
17007,1,15,1.0,1,0.18479895610139452,0.0,
17011,2,30,1.0,1,0.09325407058533533,0.0,
17013,2,7,1.0,1,0.012479343259532219,0.0,
17017,3,7,1.0,1,0.068144063052916,0.0,
17019,3,35,1.0,1,0.4350683277358405,0.0,
17021,2,20,1.0,1,0.0748777013563379,0.0,
17025,3,13,1.0,1,0.14803793803687978,0.0,
17027,1,17,1.0,1,0.06277098858094109,0.0,
17033,2,10,1.0,1,0.08207137493425261,0.0,
17039,2,13,1.0,1,0.08528010181581165,0.0,
17041,2,13,1.0,1,0.10327774009566157,0.0,
17043,1,43,1.0,1,0.12560064112591998,0.0,
17045,2,15,1.0,1,0.03530251105420458,0.0,
17049,2,15,1.0,1,0.06715191949954677,0.0,
17053,2,21,1.0,1,0.11348108168192149,0.0,
17055,4,19,1.0,1,0.2051091075412543,0.0,
17057,3,24,1.0,1,0.07272480206423167,0.0,
17059,4,9,1.0,1,0.1333758749665107,0.0,
17063,1,16,1.0,1,0.08757298520180988,0.0,
17073,1,23,1.0,1,0.05660047595734424,0.0,
17075,2,25,1.0,1,0.11227375094425034,0.0,
17081,3,17,1.0,1,0.22180191644168432,0.0,
17087,2,10,1.0,1,0.05634681823689762,0.0,
17091,2,21,1.0,1,0.45096411171913975,0.0,
17093,1,19,1.0,1,0.15660737823032944,0.0,
17095,3,22,1.0,1,0.18594295807572303,0.0,
17097,1,35,1.0,1,0.27776001366609365,0.0,
17099,2,28,1.0,1,0.2745520642652769,0.0,
17103,2,24,1.0,1,0.11577970160436775,0.0,
17105,3,29,1.0,1,0.16587240797355077,0.0,
17107,1,20,1.0,1,0.0726074198902037,0.0,
17109,4,17,1.0,1,0.20474070231043484,0.0,
17111,1,24,1.0,1,0.11992838619711327,0.0,
17113,2,33,1.0,1,0.28339085305047534,0.0,
17115,3,27,1.0,1,0.5089589264708662,1.0,
17117,2,28,1.0,1,0.2011772383654541,0.0,
17121,3,15,1.0,1,0.201566986621444,0.0,
17123,2,19,1.0,1,0.053291138855466345,0.0,
17125,3,11,1.0,1,0.050057674427669875,0.0,
17127,3,8,1.0,1,0.19927603072596642,0.0,
17133,1,9,1.0,1,0.0321284401772731,0.0,
17137,3,16,1.0,1,0.12365296545055811,0.0,
17141,2,27,1.0,1,0.11650594996946972,0.0,
17149,3,16,1.0,1,0.04884788990021182,0.0,
17157,2,18,1.0,1,0.0877183028820732,0.0,
17159,3,9,1.0,1,0.1283048095873401,0.0,
17161,2,20,1.0,1,0.3318286275032381,0.0,
17165,4,11,1.0,1,0.25556404771545854,0.0,
17167,2,29,1.0,1,0.2351706964248735,0.0,
17171,2,9,1.0,1,0.05413565797266065,0.0,
17173,2,22,1.0,1,0.04434105889293562,0.0,
17179,1,21,1.0,1,0.076405733322456,0.0,
17181,3,13,1.0,1,0.04258919196248702,0.0,
17183,3,27,1.0,1,0.4351504846773879,0.0,
17187,3,14,1.0,1,0.15451153508861717,0.0,
17189,1,13,1.0,1,0.03966633097540033,0.0,
17193,3,11,1.0,1,0.03867487845415157,0.0,
17199,3,22,1.0,1,0.09592467969614919,0.0,
17201,2,26,1.0,1,0.40984853526367215,0.0,
17203,1,16,1.0,1,0.03750554084672119,0.0,
18001,3,8,1.0,1,0.5760133725071745,1.0,
18003,2,33,1.0,1,0.5900533323817476,1.0,
18005,2,14,1.0,1,0.03990582471811115,0.0,
18009,3,7,1.0,1,0.31592034394497776,0.0,
18011,1,12,1.0,1,0.048732096668638356,0.0,
18013,1,9,1.0,1,0.006035942306476505,0.0,
18017,3,12,1.0,1,0.4704706047577386,0.0,
18019,2,15,1.0,1,0.29120690242571,0.0,
18021,2,17,1.0,1,0.14503601936513866,0.0,
18023,3,12,1.0,1,0.40946953296374133,0.0,
18029,1,9,1.0,1,0.07367649062798597,0.0,
18035,4,21,1.0,1,0.6269066125841608,1.0,
18037,1,13,1.0,1,0.04472120014713794,0.0,
18039,2,17,1.0,1,0.5610618814751808,1.0,
18043,2,10,1.0,1,0.18478821595928874,0.0,
18047,1,15,1.0,1,0.045645928879113416,0.0,
18051,2,16,1.0,1,0.1722870834391585,0.0,
18053,3,15,1.0,1,0.6246904320548479,1.0,
18055,2,16,1.0,1,0.11889839052061124,0.0,
18059,1,15,1.0,1,0.19547501386580998,0.0,
18061,2,16,1.0,1,0.02137723239731832,0.0,
18063,1,19,1.0,1,0.09516131520615073,0.0,
18067,2,10,1.0,1,0.5261363932434252,1.0,
18069,2,9,1.0,1,0.18011248539274097,0.0,
18071,3,8,1.0,1,0.02815481293939483,0.0,
18073,1,13,1.0,1,0.21506992125565436,0.0,
18079,2,13,1.0,1,0.04151277216983486,0.0,
18081,1,12,1.0,1,0.11813829795805042,0.0,
18083,3,11,1.0,1,0.32717314955624405,0.0,
18085,1,21,1.0,1,0.19102270894721354,0.0,
18087,1,12,1.0,1,0.4285917826958504,0.0,
18091,3,15,1.0,1,0.5732625643098889,1.0,
18093,2,12,1.0,1,0.07592359757357915,0.0,
18095,3,18,1.0,1,0.5259120340208752,1.0,
18101,2,7,1.0,1,0.047152004518359825,0.0,
18105,1,18,1.0,1,0.9999996685022001,1.0,
18107,2,16,1.0,1,0.1555022892842942,0.0,
18109,1,14,1.0,1,0.13402956049508072,0.0,
18117,3,11,1.0,1,0.049146298585548955,0.0,
18123,2,14,1.0,1,0.0063207313644961655,0.0,
18127,1,15,1.0,1,0.28659829275514737,0.0,
18129,1,7,1.0,1,0.05228394389965449,0.0,
18133,1,15,1.0,1,0.1249388014119053,0.0,
18139,2,16,1.0,1,0.1937412049267079,0.0,
18141,3,24,1.0,1,0.7407503668739065,1.0,
18143,3,6,1.0,1,0.06615285925569471,0.0,
18145,2,17,1.0,1,0.18780008253782499,0.0,
18147,1,16,1.0,1,0.06394201180532302,0.0,
18149,3,11,1.0,1,0.4163598900508266,0.0,
18153,3,13,1.0,1,0.18870048384879742,0.0,
18157,3,18,1.0,1,0.5431124617980998,1.0,
18163,3,11,1.0,1,0.6069980756567491,1.0,
18167,1,18,1.0,1,0.9714946485346272,1.0,
18169,2,14,1.0,1,0.21510717743497976,0.0,
18173,1,12,1.0,1,0.06715029909684254,0.0,
18175,2,12,1.0,1,0.016550281060519385,0.0,
18177,3,17,1.0,1,0.5632613323837219,1.0,
19003,2,9,1.0,1,0.0067460240343251284,0.0,
19007,3,11,1.0,1,0.014154882684125665,0.0,
19009,2,11,1.0,1,0.00487944537866312,0.0,
19011,1,24,1.0,1,0.00939102382760988,0.0,
19013,3,17,1.0,1,0.2906516779824532,0.0,
19015,3,18,1.0,1,0.06488119080454945,0.0,
19021,2,13,1.0,1,0.05181609406018751,0.0,
19023,1,16,1.0,1,0.006655351006118555,0.0,
19027,1,16,1.0,1,0.0032469649264652697,0.0,
19031,1,18,1.0,1,0.006160495325787294,0.0,
19037,1,9,1.0,1,0.009216709972210248,0.0,
19039,3,9,1.0,1,0.007480576081680313,0.0,
19041,2,15,1.0,1,0.01278357091934336,0.0,
19045,2,20,1.0,1,0.05085709572630585,0.0,
19049,1,25,1.0,1,0.013806860546210092,0.0,
19057,3,12,1.0,1,0.0808937413848556,0.0,
19061,2,19,1.0,1,0.06001629683515099,0.0,
19067,3,13,1.0,1,0.01780995672221486,0.0,
19071,2,11,1.0,1,0.004752705456848437,0.0,
19077,1,18,1.0,1,0.0019556543195485246,0.0,
19079,1,15,1.0,1,0.005080604823858957,0.0,
19087,2,11,1.0,1,0.015562093238011164,0.0,
19095,1,21,1.0,1,0.004721008344082918,0.0,
19097,2,14,1.0,1,0.013787934444417251,0.0,
19099,1,19,1.0,1,0.004594996563509741,0.0,
19103,1,24,1.0,1,0.5460622180130186,1.0,
19105,2,16,1.0,1,0.009437936752273904,0.0,
19109,2,21,1.0,1,0.012045090756140374,0.0,
19111,3,12,1.0,1,0.03895728530373588,0.0,
19113,1,29,1.0,1,0.03993204095041274,0.0,
19121,1,14,1.0,1,0.0010549561673785797,0.0,
19123,2,20,1.0,1,0.00908919454865212,0.0,
19127,2,21,1.0,1,0.039458521724597004,0.0,
19129,1,11,1.0,1,0.0036738706702249004,0.0,
19133,2,15,1.0,1,0.003203995871607848,0.0,
19145,2,12,1.0,1,0.0024886465564749323,0.0,
19149,1,14,1.0,1,0.01645161462275034,0.0,
19151,2,16,1.0,1,0.020809976008070483,0.0,
19155,2,24,1.0,1,0.02709366750483634,0.0,
19157,2,17,1.0,1,0.0031221381803953757,0.0,
19161,2,16,1.0,1,0.008443104229004716,0.0,
19163,2,22,1.0,1,0.08976439248383342,0.0,
19169,3,22,1.0,1,0.08191552533859568,0.0,
19179,3,12,1.0,1,0.03403750027209213,0.0,
19181,1,19,1.0,1,0.005237600600669281,0.0,
19187,3,22,1.0,1,0.09540462915944271,0.0,
19193,2,25,1.0,1,0.10749634446863396,0.0,
19197,2,16,1.0,1,0.014373811946817095,0.0,
20001,3,11,1.0,1,0.14863716262040494,0.0,
20005,2,10,1.0,1,0.03869469730158419,0.0,
20009,3,10,1.0,1,0.06512790221762964,0.0,
20011,4,13,1.0,1,0.04786458420069244,0.0,
20015,2,20,1.0,1,0.04662681256320041,0.0,
20019,4,10,1.0,1,0.0248908093721574,0.0,
20021,1,13,1.0,1,0.04057373233105034,0.0,
20027,1,10,1.0,1,0.002965294782563666,0.0,
20029,3,8,1.0,1,0.044814039211422865,0.0,
20035,3,14,1.0,1,0.21508249380934824,0.0,
20037,1,15,1.0,1,0.15042777345674194,0.0,
20039,2,8,1.0,1,0.004340309266050971,0.0,
20041,2,12,1.0,1,0.039462032645678005,0.0,
20045,1,12,1.0,1,0.6405055669663268,1.0,
20047,3,7,1.0,1,0.007457165909461808,0.0,
20051,3,11,1.0,1,0.03331267603329159,0.0,
20055,3,7,1.0,1,0.03941902101045137,0.0,
20057,4,10,1.0,1,0.06530879966270235,0.0,
20059,2,13,1.0,1,0.035840689811095255,0.0,
20061,3,8,1.0,1,0.4318519903754415,0.0,
20067,2,3,1.0,1,0.01665528835131569,0.0,
20073,3,11,1.0,1,0.020223265504081836,0.0,
20079,1,13,1.0,1,0.05140040140582191,0.0,
20083,2,8,1.0,1,0.004479205633277619,0.0,
20085,2,18,1.0,1,0.006422560332928992,0.0,
20087,2,15,1.0,1,0.04255997747530905,0.0,
20095,1,12,1.0,1,0.004096672557105391,0.0,
20097,2,7,1.0,1,0.006763413034585105,0.0,
20099,4,13,1.0,1,0.15571986712013788,0.0,
20103,1,13,1.0,1,0.07824288368243494,0.0,
20111,3,12,1.0,1,0.28398971113459504,0.0,
20113,1,12,1.0,1,0.027061995142513538,0.0,
20121,1,11,1.0,1,0.0030754828152725106,0.0,
20125,3,13,1.0,1,0.3048982833110234,0.0,
20127,2,9,1.0,1,0.04128298251395412,0.0,
20129,2,5,1.0,1,0.015583901176156649,0.0,
20133,4,11,1.0,1,0.18558341907287626,0.0,
20135,3,9,1.0,1,0.001920316806040151,0.0,
20139,2,15,1.0,1,0.03939902695465715,0.0,
20147,2,9,1.0,1,0.004723520984622175,0.0,
20149,2,12,1.0,1,0.11721772828830107,0.0,
20155,2,22,1.0,1,0.12062730596625963,0.0,
20159,2,13,1.0,1,0.015806945807564508,0.0,
20161,3,14,1.0,1,0.0012656059530620092,0.0,
20163,2,10,1.0,1,0.0100180869414676,0.0,
20167,2,11,1.0,1,0.014426283739182418,0.0,
20169,2,9,1.0,1,0.14742439012521577,0.0,
20175,4,6,1.0,1,0.15849968126932645,0.0,
20179,1,11,1.0,1,0.006555117102893828,0.0,
20201,2,15,1.0,1,0.00014353901141547478,0.0,
20205,4,10,1.0,1,0.17106392822035352,0.0,
21001,4,10,1.0,1,0.11304581389797902,0.0,
21003,4,6,1.0,1,0.09453483990087665,0.0,
21009,4,11,1.0,1,0.33022265992179556,0.0,
21011,4,8,1.0,1,0.1506396725214576,0.0,
21013,4,11,1.0,1,0.4021759422870287,0.0,
21015,1,9,1.0,1,0.20303992887064257,0.0,
21019,3,4,1.0,1,0.5648573135216899,1.0,
21021,3,5,1.0,1,0.1598936235574116,0.0,
21023,3,7,1.0,1,0.07320783737279578,0.0,
21027,3,18,1.0,1,0.05538142627589741,0.0,
21029,1,11,1.0,1,0.31681480687796276,0.0,
21033,3,6,1.0,1,0.04583594487780788,0.0,
21037,2,10,1.0,1,0.2875486065922616,0.0,
21041,4,8,1.0,1,0.47264189984072014,0.0,
21047,4,15,1.0,1,0.40327016698368284,0.0,
21049,3,4,1.0,1,0.1586389369557549,0.0,
21051,4,10,1.0,1,0.2542629400356384,0.0,
21057,4,3,1.0,1,0.07183282355611761,0.0,
21059,3,10,1.0,1,0.498090303514161,0.0,
21061,4,12,1.0,1,0.06999833765843466,0.0,
21063,4,6,1.0,1,0.16356219631870672,0.0,
21067,2,17,1.0,1,0.22058952631007808,0.0,
21069,4,7,1.0,1,0.20635537814838117,0.0,
21071,4,33,1.0,1,0.4334843232704039,0.0,
21073,2,5,1.0,1,0.07200332317926225,0.0,
21075,4,3,1.0,1,0.20838112663620573,0.0,
21077,3,6,1.0,1,0.26569541579245737,0.0,
21079,3,5,1.0,1,0.08774077565903111,0.0,
21081,3,8,1.0,1,0.09878641495248851,0.0,
21083,4,18,1.0,1,0.302135657590551,0.0,
21085,4,9,1.0,1,0.15036731274332332,0.0,
21093,2,17,1.0,1,0.21339693890573277,0.0,
21097,3,6,1.0,1,0.07431476348765688,0.0,
21099,4,10,1.0,1,0.18998215071439875,0.0,
21101,3,8,1.0,1,0.5865947596115278,1.0,
21103,3,13,1.0,1,0.07651040052820154,0.0,
21105,4,7,1.0,1,0.11878295603010701,0.0,
21107,4,13,1.0,1,0.22842632061072957,0.0,
21113,3,4,1.0,1,0.11461896763465411,0.0,
21115,4,19,1.0,1,0.2524042608247741,0.0,
21117,2,12,1.0,1,0.3545215783819495,0.0,
21119,4,24,1.0,1,0.27674982363131984,0.0,
21121,4,19,1.0,1,0.07020485760678387,0.0,
21125,4,8,1.0,1,0.2849419688967564,0.0,
21127,4,10,1.0,1,0.29708442816443587,0.0,
21133,1,26,1.0,1,0.3615522991248715,0.0,
21137,4,11,1.0,1,0.108373657007092,0.0,
21141,4,7,1.0,1,0.11376910395479582,0.0,
21145,3,7,1.0,1,0.7045759747981611,1.0,
21149,2,7,1.0,1,0.10756041432762568,0.0,
21151,1,5,1.0,1,0.2651807961128202,0.0,
21153,4,4,1.0,1,0.16647820480474532,0.0,
21159,4,9,1.0,1,0.07809928700349524,0.0,
21161,4,5,1.0,1,0.24357026370812104,0.0,
21163,2,12,1.0,1,0.07372563629398815,0.0,
21167,2,5,1.0,1,0.0627782531649567,0.0,
21171,4,6,1.0,1,9.514275509574153e-05,0.0,
21173,4,5,1.0,1,0.22623447635510097,0.0,
21175,4,8,1.0,1,0.0837651961193189,0.0,
21179,1,9,1.0,1,0.04086621932639592,0.0,
21183,3,16,1.0,1,0.06354048858574872,0.0,
21185,1,11,1.0,1,0.034434776295330476,0.0,
21191,3,10,1.0,1,0.05822252452397882,0.0,
21195,4,39,1.0,1,0.13481169884619626,0.0,
21197,4,4,1.0,1,0.19178513037608252,0.0,
21199,4,11,1.0,1,0.4254014108238823,0.0,
21201,4,7,1.0,1,0.0578648337987352,0.0,
21203,4,7,1.0,1,0.16653495066617782,0.0,
21205,4,4,1.0,1,0.02742978491086305,0.0,
21207,4,7,1.0,1,0.23538323408879328,0.0,
21209,2,6,1.0,1,0.057978081127146336,0.0,
21211,2,14,1.0,1,0.1690716093829842,0.0,
21217,4,6,1.0,1,0.14045722784466383,0.0,
21221,2,5,1.0,1,0.01801907415381351,0.0,
21225,4,5,1.0,1,0.14066285198954392,0.0,
21227,3,9,1.0,1,0.09251294595711415,0.0,
21231,4,5,1.0,1,0.2923899810532241,0.0,
21235,4,7,1.0,1,0.28777088289688146,0.0,
21237,4,5,1.0,1,0.2945614723697742,0.0,
21239,2,3,1.0,1,0.03177279689107617,0.0,
22001,4,15,1.0,1,0.5863802662834849,1.0,
22003,3,13,1.0,1,0.07275619408445136,0.0,
22005,1,8,1.0,1,0.32913120384419403,0.0,
22009,4,15,1.0,1,0.2342331507527635,0.0,
22011,3,9,1.0,1,0.060539316096567604,0.0,
22013,4,13,1.0,1,0.18094441552204255,0.0,
22019,3,16,1.0,1,0.6408128644466999,1.0,
22021,4,4,1.0,1,0.10177419742705801,0.0,
22023,4,8,1.0,1,0.5927736188595085,1.0,
22027,4,11,1.0,1,0.3183337484728187,0.0,
22031,4,10,1.0,1,0.08571481225066263,0.0,
22039,4,12,1.0,1,0.46525064551410134,0.0,
22041,4,7,1.0,1,0.38229532206332023,0.0,
22043,3,8,1.0,1,0.022755596879861034,0.0,
22045,4,10,1.0,1,0.5843355222368696,1.0,
22047,3,8,1.0,1,0.6355756873727342,1.0,
22049,4,7,1.0,1,0.17512238432175908,0.0,
22053,3,10,1.0,1,0.3481660990879108,0.0,
22055,1,16,1.0,1,0.3354305176909147,0.0,
22057,3,14,1.0,1,0.3485577708540216,0.0,
22063,2,17,1.0,1,0.248026191421489,0.0,
22065,4,4,1.0,1,0.4490161447879088,0.0,
22069,4,16,1.0,1,0.1948949749908623,0.0,
22077,3,17,1.0,1,0.28408540565216717,0.0,
22079,4,27,1.0,1,0.4227875546204428,0.0,
22083,4,6,1.0,1,0.4076186102002538,0.0,
22087,4,6,1.0,1,0.8949403462596905,1.0,
22089,1,10,1.0,1,0.2638452520787791,0.0,
22093,3,7,1.0,1,0.6364443676680612,1.0,
22095,3,6,1.0,1,0.7183109666906545,1.0,
22099,4,8,1.0,1,0.3582111191472392,0.0,
22101,4,8,1.0,1,0.5108435014266787,1.0,
22103,2,17,1.0,1,0.13272058125236494,0.0,
22105,1,20,1.0,1,0.7931311405779199,1.0,
22107,4,4,1.0,1,0.08130554652787884,0.0,
22109,3,13,1.0,1,0.5403164743604667,1.0,
22111,3,10,1.0,1,0.07027189848191161,0.0,
22113,3,12,1.0,1,0.25852302396006305,0.0,
22115,3,13,1.0,1,0.11865626931276543,0.0,
22117,4,6,1.0,1,0.24528057165653364,0.0,
22119,4,12,1.0,1,0.4811119831304677,0.0,
22121,2,5,1.0,1,0.5266600603001222,1.0,
22123,4,4,1.0,1,0.1340705252218233,0.0,
22127,4,12,1.0,1,0.07053470192577876,0.0,
23001,2,14,1.0,1,0.06832813274399464,0.0,
23005,1,38,1.0,1,0.024713316558727737,0.0,
23007,1,18,1.0,1,0.024483887757885164,0.0,
23009,2,40,1.0,1,0.008861717432852415,0.0,
23011,2,27,1.0,1,0.024505218404582123,0.0,
23013,1,19,1.0,1,0.031618320470236834,0.0,
23017,1,33,1.0,1,0.030037289370739257,0.0,
23019,1,47,1.0,1,0.1748203918691041,0.0,
23021,3,16,1.0,1,0.009176310821508374,0.0,
23025,4,24,1.0,1,0.08028997847003826,0.0,
23027,2,18,1.0,1,0.00656928493891951,0.0,
23031,1,36,1.0,1,0.04352373913537037,0.0,
24001,3,15,1.0,1,0.06553727549940845,0.0,
24011,3,10,1.0,1,0.29350855097482326,0.0,
24013,1,15,1.0,1,0.008633599737473381,0.0,
24017,1,24,1.0,1,0.026367364230876933,0.0,
24019,3,18,1.0,1,0.2748615211825351,0.0,
24021,1,34,1.0,1,0.013386186435718032,0.0,
24027,1,24,1.0,1,0.03043341323797173,0.0,
24029,2,9,1.0,1,0.10255192918327613,0.0,
24035,1,16,1.0,1,0.03775027883164355,0.0,
24037,1,26,1.0,1,0.10011771554215264,0.0,
24039,1,11,1.0,1,1.0871059055938535e-08,0.0,
24041,1,16,1.0,1,0.06443267148175581,0.0,
24043,1,20,1.0,1,0.016970536435355416,0.0,
24047,2,12,1.0,1,0.1898972196905557,0.0,
25001,1,47,1.0,1,0.1440440345687226,0.0,
25005,2,36,1.0,1,0.49548736140817634,0.0,
25011,2,32,1.0,1,0.020392698683603765,0.0,
25013,2,41,1.0,1,0.704690063669456,1.0,
25015,1,28,1.0,1,0.05425263735409043,0.0,
25023,1,34,1.0,1,0.14760176485606863,0.0,
25025,3,36,1.0,1,0.8265585276818939,1.0,
25027,1,87,1.0,1,0.23864450055538386,0.0,
26005,2,24,1.0,1,0.2200865265484862,0.0,
26009,2,16,1.0,1,0.06420939323098257,0.0,
26011,3,10,1.0,1,0.34551915124130456,0.0,
26013,3,7,1.0,1,0.008781211491891495,0.0,
26015,1,15,1.0,1,0.06495571880198744,0.0,
26017,2,16,1.0,1,0.570863214434863,1.0,
26021,1,23,1.0,1,0.45565567757668446,0.0,
26023,3,13,1.0,1,0.2980067888300746,0.0,
26025,3,22,1.0,1,0.42115761882503816,0.0,
26027,2,14,1.0,1,0.33689217223110235,0.0,
26041,3,13,1.0,1,0.1411693817214042,0.0,
26045,1,19,1.0,1,0.22850008143595038,0.0,
26049,3,34,1.0,1,0.5885509394233891,1.0,
26055,1,9,1.0,1,0.0931397459490595,0.0,
26059,3,18,1.0,1,0.2736923431228448,0.0,
26061,4,20,1.0,1,0.05531233110985114,0.0,
26063,2,18,1.0,1,0.22530120004892848,0.0,
26065,1,22,1.0,1,0.9958917036430227,1.0,
26067,2,21,1.0,1,0.11465698504584589,0.0,
26073,4,15,1.0,1,0.40015526396593504,0.0,
26075,2,29,1.0,1,0.48825416078751166,0.0,
26077,2,25,1.0,1,0.34791870157512544,0.0,
26081,2,39,1.0,1,0.5706659931873798,1.0,
26087,2,22,1.0,1,0.1323603681971065,0.0,
26091,2,23,1.0,1,0.1742290750896909,0.0,
26093,1,20,1.0,1,0.05213221891065675,0.0,
26099,2,39,1.0,1,0.6990049301843388,1.0,
26101,2,15,1.0,1,0.11674108699280988,0.0,
26103,2,15,1.0,1,0.023899419350958295,0.0,
26115,1,25,1.0,1,0.18503847893441977,0.0,
26121,3,20,1.0,1,0.5846318425361133,1.0,
26123,3,21,1.0,1,0.23436445963235025,0.0,
26127,3,12,1.0,1,0.3516369930581638,0.0,
26137,3,7,1.0,1,0.11116445446741272,0.0,
26139,1,22,1.0,1,0.22974134357592502,0.0,
26141,2,7,1.0,1,0.020325521847830662,0.0,
26145,3,28,1.0,1,0.5163629038938519,1.0,
26147,2,23,1.0,1,0.4267706030264364,0.0,
26149,3,13,1.0,1,0.36223556745218755,0.0,
26151,3,22,1.0,1,0.32114312130527656,0.0,
26155,2,19,1.0,1,0.159971692404548,0.0,
26157,3,21,1.0,1,0.1389859371885752,0.0,
26159,3,22,1.0,1,0.3598854966797,0.0,
26161,2,27,1.0,1,0.2417321538365265,0.0,
27001,2,12,1.0,1,0.002228935446494419,0.0,
27003,1,20,1.0,1,0.04878094260616981,0.0,
27005,2,16,1.0,1,0.0061046625500867065,0.0,
27007,3,18,1.0,1,0.03467420148817877,0.0,
27009,1,9,1.0,1,0.005515299458765058,0.0,
27025,1,15,1.0,1,0.006785993518921419,0.0,
27027,2,15,1.0,1,0.029515561261868092,0.0,
27037,1,22,1.0,1,0.028064247143923304,0.0,
27041,1,17,1.0,1,0.004290493807468157,0.0,
27047,2,18,1.0,1,0.1436332821761699,0.0,
27049,1,17,1.0,1,0.008310167695998898,0.0,
27057,2,10,1.0,1,0.004040199499238725,0.0,
27061,2,30,1.0,1,0.003981127068837048,0.0,
27079,1,13,1.0,1,0.011334078308529184,0.0,
27083,3,14,1.0,1,0.016935478083262914,0.0,
27095,2,12,1.0,1,0.0048574623051188945,0.0,
27097,2,20,1.0,1,0.005304436305623874,0.0,
27099,2,19,1.0,1,0.08085289955092684,0.0,
27109,1,19,1.0,1,0.011684063741544369,0.0,
27111,1,34,1.0,1,0.011598856937514524,0.0,
27115,2,16,1.0,1,0.003203553570126983,0.0,
27119,2,25,1.0,1,0.004987931829340901,0.0,
27123,2,26,1.0,1,0.28575229213522746,0.0,
27127,2,22,1.0,1,0.0066236668044690515,0.0,
27129,2,16,1.0,1,0.007667043379027501,0.0,
27131,1,16,1.0,1,0.025582552959213297,0.0,
27135,1,11,1.0,1,0.0017793030060160116,0.0,
27139,1,10,1.0,1,0.013432382044808979,0.0,
27141,1,9,1.0,1,0.012246433017006498,0.0,
27145,2,33,1.0,1,0.3117452996036109,0.0,
27151,3,11,1.0,1,0.008367574187335072,0.0,
27153,2,19,1.0,1,0.008733586324833363,0.0,
27163,1,19,1.0,1,0.024235463788925524,0.0,
27169,2,14,1.0,1,0.01143562158304553,0.0,
27171,1,19,1.0,1,0.017282275000163157,0.0,
28001,4,2,1.0,1,0.11412860416351668,0.0,
28003,4,5,1.0,1,0.07935467862947443,0.0,
28007,4,11,1.0,1,0.04475217906387363,0.0,
28011,4,17,1.0,1,0.7478787263853061,1.0,
28013,4,11,1.0,1,0.00977439748360615,0.0,
28015,4,13,1.0,1,0.14760042296491455,0.0,
28019,4,9,1.0,1,0.0152107323546977,0.0,
28023,4,9,1.0,1,0.011080191886044618,0.0,
28025,4,8,1.0,1,0.11549719328053382,0.0,
28027,4,11,1.0,1,0.7481963973939079,1.0,
28029,4,9,1.0,1,0.0032861128137148315,0.0,
28031,4,8,1.0,1,0.10901268848512986,0.0,
28033,1,10,1.0,1,0.11137038383707346,0.0,
28035,1,8,1.0,1,0.9985863816542294,1.0,
28037,4,8,1.0,1,0.03881542765268505,0.0,
28039,4,3,1.0,1,0.005839884048557596,0.0,
28041,3,7,1.0,1,0.004279526078091472,0.0,
28043,4,7,1.0,1,0.06881837742596318,0.0,
28045,3,10,1.0,1,0.2488371985559632,0.0,
28051,4,9,1.0,1,0.14464213769742298,0.0,
28057,3,10,1.0,1,0.05003222840090056,0.0,
28061,4,14,1.0,1,0.015356027160893492,0.0,
28065,4,9,1.0,1,0.044992593305640094,0.0,
28069,4,11,1.0,1,0.037217809380921923,0.0,
28071,4,13,1.0,1,1.0,1.0,
28073,3,6,1.0,1,0.0162593242472958,0.0,
28075,1,12,1.0,1,0.026005104234468637,0.0,
28081,3,15,1.0,1,0.11884357790580359,0.0,
28083,4,11,1.0,1,0.5086043085862211,1.0,
28085,4,12,1.0,1,0.09408924413663013,0.0,
28087,3,8,1.0,1,0.11152349810498198,0.0,
28089,1,12,1.0,1,0.02132910429585729,0.0,
28091,4,8,1.0,1,0.1098718838879723,0.0,
28093,3,8,1.0,1,0.10371216568840508,0.0,
28095,4,12,1.0,1,0.07055524218323132,0.0,
28097,4,7,1.0,1,0.0435238723203941,0.0,
28099,4,8,1.0,1,0.16314423694508318,0.0,
28101,4,11,1.0,1,0.027822691198436198,0.0,
28103,4,6,1.0,1,0.1285979445976161,0.0,
28107,4,11,1.0,1,0.2271939192140438,0.0,
28109,3,5,1.0,1,0.01573620240582562,0.0,
28113,4,8,1.0,1,0.30918023782325493,0.0,
28115,4,11,1.0,1,0.1263978529244165,0.0,
28119,4,10,1.0,1,0.36045558879974654,0.0,
28121,1,12,1.0,1,0.13495037482668457,0.0,
28123,4,10,1.0,1,0.11029669079323386,0.0,
28127,3,10,1.0,1,0.040424702704970936,0.0,
28131,4,6,1.0,1,0.012521435079021674,0.0,
28133,4,16,1.0,1,0.6358319862050719,1.0,
28135,4,18,1.0,1,0.06893469540866368,0.0,
28137,3,5,1.0,1,0.21352807885122674,0.0,
28141,4,9,1.0,1,0.07143941047922661,0.0,
28145,3,11,1.0,1,0.027249851572460872,0.0,
28147,4,6,1.0,1,0.06705335439441976,0.0,
28153,4,7,1.0,1,0.0714751477018131,0.0,
28159,4,10,1.0,1,0.051909755865006756,0.0,
28161,4,7,1.0,1,0.01911979181871651,0.0,
28163,4,8,1.0,1,0.0829473629666028,0.0,
29001,4,9,1.0,1,0.07202950813443264,0.0,
29009,4,17,1.0,1,0.11830067852393503,0.0,
29011,4,8,1.0,1,0.0446444163202298,0.0,
29013,3,13,1.0,1,0.01542770318048209,0.0,
29015,3,13,1.0,1,0.025605944204786298,0.0,
29017,4,13,1.0,1,0.026876967255845534,0.0,
29019,1,13,1.0,1,0.050172940252374024,0.0,
29021,3,15,1.0,1,0.49669381150929,0.0,
29023,4,10,1.0,1,0.22113814892788838,0.0,
29025,3,10,1.0,1,0.09401791545406722,0.0,
29029,3,18,1.0,1,0.05077084922449369,0.0,
29031,3,19,1.0,1,0.1705662776447902,0.0,
29033,3,10,1.0,1,0.06236146008946543,0.0,
29035,3,5,1.0,1,0.004541353796986735,0.0,
29037,1,18,1.0,1,0.03869101821082183,0.0,
29039,4,9,1.0,1,0.04139954877223733,0.0,
29041,3,12,1.0,1,0.038718450274242484,0.0,
29043,1,21,1.0,1,0.021988976265341412,0.0,
29049,1,11,1.0,1,0.027220470221760586,0.0,
29051,1,9,1.0,1,0.03752861570946363,0.0,
29055,4,12,1.0,1,0.05759714110975716,0.0,
29057,3,13,1.0,1,0.042410546748242635,0.0,
29059,4,13,1.0,1,0.06458052520888921,0.0,
29063,2,10,1.0,1,0.04961240595933126,0.0,
29065,4,8,1.0,1,0.024400229819487806,0.0,
29067,4,16,1.0,1,0.05989850976766726,0.0,
29069,4,14,1.0,1,0.419198694526223,0.0,
29071,1,23,1.0,1,0.06329692056751716,0.0,
29079,3,7,1.0,1,0.1232184245304834,0.0,
29083,4,11,1.0,1,0.07230588364151204,0.0,
29085,4,13,1.0,1,0.0695774832541654,0.0,
29091,4,12,1.0,1,0.08672452439852277,0.0,
29093,3,16,1.0,1,0.026730690566593364,0.0,
29099,1,24,1.0,1,0.12633425818153932,0.0,
29103,4,12,1.0,1,0.025770594094518377,0.0,
29105,4,12,1.0,1,0.06006005649964769,0.0,
29107,2,16,1.0,1,0.06932264804995504,0.0,
29109,3,21,1.0,1,0.1053465795585746,0.0,
29113,2,17,1.0,1,0.09961442516030271,0.0,
29115,3,15,1.0,1,0.038177065063755004,0.0,
29117,3,12,1.0,1,0.05180001774684689,0.0,
29119,1,14,1.0,1,0.19919807353100616,0.0,
29121,2,15,1.0,1,0.017038313757000496,0.0,
29123,3,7,1.0,1,0.016263625695152533,0.0,
29127,3,10,1.0,1,0.0735408162754919,0.0,
29131,3,17,1.0,1,0.030780666305390003,0.0,
29133,4,6,1.0,1,0.5127305922865582,1.0,
29135,2,13,1.0,1,0.00868999642727311,0.0,
29139,3,11,1.0,1,0.058102235996650764,0.0,
29143,4,17,1.0,1,0.4234990567125523,0.0,
29145,3,15,1.0,1,0.06303638749874119,0.0,
29147,4,18,1.0,1,0.03559851695366273,0.0,
29153,4,18,1.0,1,0.03962696596870133,0.0,
29159,3,15,1.0,1,0.17361215162678786,0.0,
29161,4,11,1.0,1,0.024222791732218144,0.0,
29163,1,12,1.0,1,0.1395231449476057,0.0,
29165,1,18,1.0,1,0.03469247465502451,0.0,
29169,2,11,1.0,1,0.03279792106402121,0.0,
29175,3,12,1.0,1,0.15040248957192967,0.0,
29177,2,12,1.0,1,0.12867108538979738,0.0,
29181,4,9,1.0,1,0.06119658125132852,0.0,
29183,1,14,1.0,1,0.0713204479688236,0.0,
29185,4,16,1.0,1,0.024848357443387134,0.0,
29186,2,8,1.0,1,0.02555281204881426,0.0,
29187,3,15,1.0,1,0.048794031064672234,0.0,
29195,3,13,1.0,1,0.18732751181091822,0.0,
29197,3,6,1.0,1,0.02574367887911539,0.0,
29199,3,10,1.0,1,0.06847900291679239,0.0,
29201,4,14,1.0,1,0.49294370926431286,0.0,
29207,1,13,1.0,1,0.16894556776041594,0.0,
29209,1,17,1.0,1,0.04718133092391999,0.0,
29211,3,13,1.0,1,0.01285737123176549,0.0,
29213,3,20,1.0,1,0.1293433209914139,0.0,
29215,4,21,1.0,1,0.003496855893175143,0.0,
29217,4,13,1.0,1,0.11699920569372231,0.0,
29219,3,9,1.0,1,0.05249768294941595,0.0,
29223,4,14,1.0,1,0.02881973605327131,0.0,
29225,3,9,1.0,1,0.08793534152439536,0.0,
29229,4,11,1.0,1,0.11003017783002554,0.0,
30003,4,18,1.0,1,0.26785420693998624,0.0,
30005,4,9,1.0,1,0.028553915115301344,0.0,
30013,3,18,1.0,1,0.05210295776919978,0.0,
30015,2,13,1.0,1,0.01817978916888102,0.0,
30021,1,8,1.0,1,0.0010625580736623344,0.0,
30029,2,16,1.0,1,0.004424446107984186,0.0,
30035,4,5,1.0,1,0.09531910834819722,0.0,
30047,3,15,1.0,1,0.013035274426261387,0.0,
30049,1,9,1.0,1,0.0035551425782005164,0.0,
30053,4,6,1.0,1,0.006299023328983478,0.0,
30061,4,5,1.0,1,0.0020480598405710096,0.0,
30073,3,6,1.0,1,0.005268134832932468,0.0,
30081,2,9,1.0,1,0.0016780145040853763,0.0,
30087,3,8,1.0,1,0.010581720051968052,0.0,
30105,3,12,1.0,1,0.003466198641697579,0.0,
30111,2,16,1.0,1,0.07802357362544945,0.0,
31001,2,14,1.0,1,0.013137061638873532,0.0,
31003,2,11,1.0,1,0.0019612937617517843,0.0,
31007,2,8,1.0,1,0.002007134290229772,0.0,
31011,2,8,1.0,1,0.0008003909157657098,0.0,
31013,2,3,1.0,1,0.002077252800370249,0.0,
31023,1,14,1.0,1,0.001043714108972264,0.0,
31025,1,20,1.0,1,0.00118498032318092,0.0,
31029,2,7,1.0,1,2.7378117304612595e-08,0.0,
31033,1,5,1.0,1,0.000523336059643864,0.0,
31041,1,21,1.0,1,0.0007689598014482877,0.0,
31045,2,6,1.0,1,0.0009339992675156432,0.0,
31061,2,8,1.0,1,0.001073664571619913,0.0,
31067,2,18,1.0,1,0.0027515226846608386,0.0,
31075,2,3,1.0,1,0.00031652012949958427,0.0,
31079,2,11,1.0,1,0.015434070441842326,0.0,
31083,2,8,1.0,1,0.0017048390464809388,0.0,
31093,1,11,1.0,1,0.0009535861236115318,0.0,
31095,3,12,1.0,1,0.00152395334014711,0.0,
31109,2,42,1.0,1,0.03193434934669895,0.0,
31111,2,14,1.0,1,0.0017368605037874373,0.0,
31119,2,8,1.0,1,0.009146144372419462,0.0,
31131,1,19,1.0,1,0.001969250247110818,0.0,
31135,1,10,1.0,1,0.0003782938993038337,0.0,
31141,1,11,1.0,1,0.004728012795811239,0.0,
31153,1,13,1.0,1,0.005768930387218611,0.0,
31155,1,18,1.0,1,0.0019629790298918413,0.0,
31157,3,8,1.0,1,0.01881008048329255,0.0,
31161,2,9,1.0,1,0.0015434452396897419,0.0,
31173,4,10,1.0,1,0.07647324981706335,0.0,
31177,1,15,1.0,1,0.004249601071011548,0.0,
31179,2,11,1.0,1,0.002778517243891049,0.0,
31185,1,15,1.0,1,0.0009861180104268781,0.0,
32001,2,2,1.0,1,0.339586791541024,0.0,
32005,1,9,1.0,1,0.15479394918985953,0.0,
32007,1,14,1.0,1,0.04643556129568191,0.0,
32013,1,7,1.0,1,0.0412251124969653,0.0,
32017,1,5,1.0,1,4.6662931722084897e-07,0.0,
32019,3,9,1.0,1,0.6384922683190453,1.0,
32021,3,5,1.0,1,0.11183191271822301,0.0,
32033,2,7,1.0,1,0.033295232038597855,0.0,
33005,1,27,1.0,1,0.011210231776683456,0.0,
33007,2,16,1.0,1,0.0074930822599497465,0.0,
33009,1,37,1.0,1,0.003767779312850343,0.0,
33011,1,34,1.0,1,0.023110802685457406,0.0,
33013,1,31,1.0,1,0.007039156432168405,0.0,
33015,1,37,1.0,1,0.010416308723968782,0.0,
34009,1,15,1.0,1,0.2417968480018852,0.0,
34011,1,22,1.0,1,0.22783733058830818,0.0,
34015,1,30,1.0,1,0.2076783062788032,0.0,
34019,1,26,1.0,1,0.007932745456432955,0.0,
34021,1,25,1.0,1,0.4053032163336444,0.0,
34027,1,56,1.0,1,0.017407236894203107,0.0,
34031,2,33,1.0,1,0.5906825731838665,1.0,
34033,2,14,1.0,1,0.2929009768554048,0.0,
34035,1,32,1.0,1,0.04150674350285327,0.0,
34037,1,21,1.0,1,0.00999435511971299,0.0,
34041,1,19,1.0,1,0.03019656151034094,0.0,
35005,4,9,1.0,1,0.46352264044918956,0.0,
35007,4,9,1.0,1,0.04326947828506258,0.0,
35009,1,7,1.0,1,0.5068373623616665,1.0,
35015,3,8,1.0,1,0.0014198111156311993,0.0,
35017,4,16,1.0,1,0.0052632600137403965,0.0,
35019,2,5,1.0,1,2.3126405224784045e-05,0.0,
35025,3,7,1.0,1,0.5434565225703172,1.0,
35029,4,3,1.0,1,0.17394496656410371,0.0,
35035,4,18,1.0,1,0.5669130200801518,1.0,
35037,4,10,1.0,1,0.06059308802994429,0.0,
35039,1,37,1.0,1,0.17942928348390752,0.0,
35041,4,9,1.0,1,0.14986049835454995,0.0,
35043,1,21,1.0,1,0.23020458474838085,0.0,
35049,2,15,1.0,1,0.1282744283961038,0.0,
35051,4,10,1.0,1,0.3787094087317583,0.0,
35053,4,14,1.0,1,0.5901575816588259,1.0,
35055,4,21,1.0,1,0.014708338685356677,0.0,
35061,4,8,1.0,1,0.43794303632127574,0.0,
36001,2,46,1.0,1,0.20045358253455647,0.0,
36003,3,37,1.0,1,0.007200394635131399,0.0,
36007,3,31,1.0,1,0.11635717703833294,0.0,
36009,1,36,1.0,1,0.013442253378781622,0.0,
36011,1,26,1.0,1,0.0034129926324111015,0.0,
36013,3,36,1.0,1,0.1368349582110622,0.0,
36015,2,22,1.0,1,0.07492684168350713,0.0,
36021,2,36,1.0,1,0.07386381377972465,0.0,
36023,3,17,1.0,1,0.05280180429123846,0.0,
36027,1,35,1.0,1,0.1259800840730917,0.0,
36031,2,34,1.0,1,0.003509303974862548,0.0,
36033,3,23,1.0,1,0.007988884290604785,0.0,
36037,2,18,1.0,1,0.022692889915626888,0.0,
36039,2,42,1.0,1,0.02828219462215304,0.0,
36041,2,13,1.0,1,0.001513298418690313,0.0,
36043,3,28,1.0,1,0.015816486768873993,0.0,
36045,3,39,1.0,1,0.082823891006365,0.0,
36053,1,31,1.0,1,0.04605778385784303,0.0,
36055,1,50,1.0,1,0.5931716187912307,1.0,
36057,3,20,1.0,1,0.16081465214470245,0.0,
36063,1,22,1.0,1,0.550678235372316,1.0,
36065,2,54,1.0,1,0.176367973418423,0.0,
36071,1,51,1.0,1,0.06706992663990766,0.0,
36073,3,15,1.0,1,0.19617762212598594,0.0,
36075,3,27,1.0,1,0.08231963907123542,0.0,
36077,3,43,1.0,1,0.012218972729613337,0.0,
36083,2,29,1.0,1,0.05880797659838119,0.0,
36089,3,49,1.0,1,0.02404485376864828,0.0,
36091,1,27,1.0,1,0.013176537730467043,0.0,
36093,1,19,1.0,1,0.10746961597234696,0.0,
36099,2,14,1.0,1,0.14590578942862095,0.0,
36101,3,39,1.0,1,0.022148001972278668,0.0,
36105,2,62,1.0,1,0.042237400805065155,0.0,
36107,2,15,1.0,1,0.01064580294529097,0.0,
36109,1,17,1.0,1,0.6910704734285222,1.0,
36111,2,63,1.0,1,0.06512092004555611,0.0,
36115,2,27,1.0,1,0.03037812419737106,0.0,
36117,2,20,1.0,1,0.05263089314520341,0.0,
37001,3,12,1.0,1,0.17867289599220307,0.0,
37003,2,8,1.0,1,0.04110687790381542,0.0,
37007,4,8,1.0,1,0.05354834450347509,0.0,
37013,4,15,1.0,1,0.044125987525101946,0.0,
37015,4,10,1.0,1,0.04318243780926017,0.0,
37017,4,18,1.0,1,0.09230460670367209,0.0,
37019,2,14,1.0,1,0.024599895887411148,0.0,
37021,2,19,1.0,1,0.022927271766380184,0.0,
37023,4,16,1.0,1,0.0871159833618673,0.0,
37025,2,16,1.0,1,0.17164427187475692,0.0,
37027,3,10,1.0,1,0.08347726860184415,0.0,
37031,2,19,1.0,1,0.022519033844409345,0.0,
37035,2,14,1.0,1,0.10904272429549468,0.0,
37037,1,18,1.0,1,0.009281259489282758,0.0,
37039,3,4,1.0,1,0.010085640612359635,0.0,
37041,3,4,1.0,1,0.04638598772238918,0.0,
37043,3,5,1.0,1,0.002572018269780412,0.0,
37045,1,13,1.0,1,0.44400424462786653,0.0,
37047,4,16,1.0,1,0.0776433108453019,0.0,
37049,2,11,1.0,1,0.05657395582162843,0.0,
37051,1,24,1.0,1,0.13096014937281014,0.0,
37053,1,15,1.0,1,0.008873439286288575,0.0,
37055,1,14,1.0,1,0.0309697684975494,0.0,
37057,3,12,1.0,1,0.1332078578031773,0.0,
37059,2,6,1.0,1,0.027078006497504047,0.0,
37061,4,19,1.0,1,0.1362525953378623,0.0,
37063,2,16,1.0,1,0.10662767911875926,0.0,
37065,4,15,1.0,1,0.2756922276330447,0.0,
37067,1,22,1.0,1,0.23912067478976598,0.0,
37069,3,13,1.0,1,0.04650915634379761,0.0,
37071,3,18,1.0,1,0.2647621317697212,0.0,
37077,3,12,1.0,1,0.013417872084754237,0.0,
37079,4,11,1.0,1,0.11433886685765775,0.0,
37083,4,9,1.0,1,0.1743236616181991,0.0,
37085,3,16,1.0,1,0.046882965086341294,0.0,
37089,2,15,1.0,1,0.021631011009850213,0.0,
37091,4,9,1.0,1,0.2243039051723351,0.0,
37093,3,9,1.0,1,0.23428336495388022,0.0,
37101,2,21,1.0,1,0.03509283283142515,0.0,
37105,3,4,1.0,1,0.08260245611001511,0.0,
37107,4,10,1.0,1,0.2953375470440939,0.0,
37109,2,11,1.0,1,0.110951398737941,0.0,
37111,3,9,1.0,1,0.02267466155647046,0.0,
37125,2,18,1.0,1,0.04266815174586739,0.0,
37127,3,15,1.0,1,0.11564459103264803,0.0,
37129,3,10,1.0,1,0.08454801551209705,0.0,
37131,4,12,1.0,1,0.055154664144205945,0.0,
37133,3,16,1.0,1,0.13811798856057217,0.0,
37135,2,14,1.0,1,0.018705168090228694,0.0,
37141,3,13,1.0,1,0.02612310459185623,0.0,
37147,4,17,1.0,1,0.13831946096380057,0.0,
37151,3,24,1.0,1,0.10409996243173489,0.0,
37153,4,11,1.0,1,0.38304183861162705,0.0,
37157,3,11,1.0,1,0.09669418008824326,0.0,
37159,3,19,1.0,1,0.20843777719018713,0.0,
37161,1,16,1.0,1,0.06422520358772622,0.0,
37163,4,17,1.0,1,0.22606084375106233,0.0,
37165,4,7,1.0,1,0.5280844347824382,1.0,
37169,2,16,1.0,1,0.044633161430629543,0.0,
37171,4,12,1.0,1,0.08497219941605155,0.0,
37175,3,10,1.0,1,0.012827692836281532,0.0,
37179,1,12,1.0,1,0.08611310764198,0.0,
37181,4,8,1.0,1,0.3521616078917232,0.0,
37185,4,8,1.0,1,0.05063640671323752,0.0,
37187,4,4,1.0,1,0.04653952500553821,0.0,
37189,4,10,1.0,1,0.0442442386191857,0.0,
37191,1,14,1.0,1,0.12962865241959778,0.0,
37193,4,23,1.0,1,0.04089598156154612,0.0,
37195,4,17,1.0,1,0.2800770640082715,0.0,
38015,1,12,1.0,1,0.007195889267279872,0.0,
38027,2,7,1.0,1,0.002469418926325985,0.0,
38035,1,22,1.0,1,0.12922436907399779,0.0,
38037,2,13,1.0,1,0.000804524149355381,0.0,
38067,1,13,1.0,1,0.0010425129497052905,0.0,
38073,1,11,1.0,1,0.0006374922469224818,0.0,
38085,4,9,1.0,1,0.14325227569191615,0.0,
38099,2,16,1.0,1,0.007847226174934734,0.0,
38101,1,24,1.0,1,0.00260667761921966,0.0,
39001,4,11,1.0,1,0.1861323574526088,0.0,
39007,4,19,1.0,1,0.4580150063127018,0.0,
39009,4,18,1.0,1,0.10792836472647208,0.0,
39013,2,27,1.0,1,0.1095608027468668,0.0,
39017,2,17,1.0,1,0.4104478254561628,0.0,
39019,2,20,1.0,1,0.06314499983968055,0.0,
39023,3,22,1.0,1,0.6339147963526338,1.0,
39025,1,23,1.0,1,0.18762466398220687,0.0,
39037,2,25,1.0,1,0.25702850006721634,0.0,
39041,1,24,1.0,1,0.02827441131870415,0.0,
39045,1,19,1.0,1,0.04334659398315074,0.0,
39055,1,20,1.0,1,0.05362785711063731,0.0,
39059,3,20,1.0,1,0.14118921415336944,0.0,
39063,1,24,1.0,1,0.12524130330109615,0.0,
39065,3,15,1.0,1,0.23868411978545032,0.0,
39071,4,15,1.0,1,0.2590361514568787,0.0,
39073,3,16,1.0,1,0.039181201993778565,0.0,
39075,1,18,1.0,1,0.02582333714124235,0.0,
39077,2,14,1.0,1,0.1437472048132378,0.0,
39079,4,11,1.0,1,0.1629952740552721,0.0,
39081,3,23,1.0,1,0.4127043928378491,0.0,
39085,1,11,1.0,1,0.3110737314347749,0.0,
39087,3,14,1.0,1,0.3196406776695353,0.0,
39089,2,28,1.0,1,0.08316428980377062,0.0,
39091,2,18,1.0,1,0.1625463642068241,0.0,
39093,2,24,1.0,1,0.3784882815132098,0.0,
39099,2,36,1.0,1,0.47625152477281857,0.0,
39101,3,14,1.0,1,0.22604422555498205,0.0,
39103,1,24,1.0,1,0.03268369626731938,0.0,
39107,1,18,1.0,1,0.1459322503135351,0.0,
39111,3,15,1.0,1,0.027308134139141255,0.0,
39117,2,16,1.0,1,0.06139538733448217,0.0,
39119,3,22,1.0,1,0.1763871307764113,0.0,
39121,2,15,1.0,1,0.005558930264953376,0.0,
39123,2,18,1.0,1,0.4747250901404841,0.0,
39125,1,15,1.0,1,0.16121379378916773,0.0,
39127,3,17,1.0,1,0.033866793040269606,0.0,
39129,2,17,1.0,1,0.04739053553859148,0.0,
39131,4,11,1.0,1,0.21359844952045245,0.0,
39133,1,24,1.0,1,0.8633568578407462,1.0,
39135,1,16,1.0,1,0.13822738898060946,0.0,
39137,1,17,1.0,1,0.10915171690110576,0.0,
39139,1,19,1.0,1,0.014738799118946025,0.0,
39141,3,16,1.0,1,0.1265086952103357,0.0,
39143,2,17,1.0,1,0.37091956596914705,0.0,
39145,4,20,1.0,1,0.4029384678548793,0.0,
39147,2,20,1.0,1,0.15936252750584456,0.0,
39151,1,42,1.0,1,0.3036104849744463,0.0,
39155,3,30,1.0,1,0.4684407279966606,0.0,
39159,1,20,1.0,1,0.10257359324677255,0.0,
39165,1,24,1.0,1,0.10691463095304639,0.0,
39167,3,20,1.0,1,0.06806511495636643,0.0,
39169,2,25,1.0,1,0.1222288887195445,0.0,
39171,1,12,1.0,1,0.19411347242361582,0.0,
39173,2,32,1.0,1,0.3282880101705251,0.0,
40001,4,8,1.0,1,0.28759259568432566,0.0,
40003,1,13,1.0,1,0.06009578627370471,0.0,
40009,3,6,1.0,1,0.17031758132281108,0.0,
40011,3,13,1.0,1,0.17992987144822986,0.0,
40013,4,14,1.0,1,0.6789887996251162,1.0,
40015,4,16,1.0,1,0.5741409891649341,1.0,
40017,1,13,1.0,1,0.4485388546115503,0.0,
40019,3,13,1.0,1,0.7159425507989604,1.0,
40021,4,16,1.0,1,0.47249618879903965,0.0,
40023,4,12,1.0,1,0.330644296117756,0.0,
40025,3,4,1.0,1,0.08824298816465645,0.0,
40035,4,10,1.0,1,0.5023749349174368,1.0,
40037,3,21,1.0,1,0.2883033436018803,0.0,
40039,4,13,1.0,1,0.5881410719647587,1.0,
40041,4,13,1.0,1,0.3538469003693588,0.0,
40043,3,12,1.0,1,0.13052180408005984,0.0,
40045,3,7,1.0,1,0.04986300833638887,0.0,
40047,1,22,1.0,1,0.20449148541948808,0.0,
40049,3,13,1.0,1,0.43093330288332177,0.0,
40051,2,14,1.0,1,0.5116550424715598,1.0,
40053,1,10,1.0,1,0.015016412747910251,0.0,
40055,4,4,1.0,1,0.03816944500684807,0.0,
40059,2,7,1.0,1,0.07195929181355444,0.0,
40063,4,10,1.0,1,0.18718975660628845,0.0,
40065,3,9,1.0,1,0.6198885476775846,1.0,
40067,4,8,1.0,1,0.4065614196824292,0.0,
40069,4,13,1.0,1,0.33186056703965267,0.0,
40071,4,10,1.0,1,0.49230123859736086,0.0,
40073,2,12,1.0,1,0.27471924532947306,0.0,
40075,4,9,1.0,1,0.5488575339542447,1.0,
40077,4,7,1.0,1,0.11147359507457677,0.0,
40079,4,23,1.0,1,0.26569668367748417,0.0,
40081,3,16,1.0,1,0.17272391971047277,0.0,
40083,2,15,1.0,1,0.32093413683136307,0.0,
40085,3,8,1.0,1,0.5879852887334079,1.0,
40089,4,15,1.0,1,0.5359028727087877,1.0,
40091,4,11,1.0,1,0.31560778145910634,0.0,
40095,4,3,1.0,1,0.6748500402291799,1.0,
40097,4,17,1.0,1,0.608852011892172,1.0,
40099,3,7,1.0,1,0.5902545106525229,1.0,
40101,4,15,1.0,1,0.8388361400285662,1.0,
40105,3,7,1.0,1,0.31471834709886826,0.0,
40107,4,11,1.0,1,0.16540904810281046,0.0,
40111,4,11,1.0,1,0.5010526087515295,1.0,
40113,3,22,1.0,1,0.6435290401870095,1.0,
40115,4,9,1.0,1,0.6721917615309686,1.0,
40117,3,12,1.0,1,0.3310825104536481,0.0,
40119,1,14,1.0,1,0.9103157805382799,1.0,
40121,3,19,1.0,1,0.330608343909478,0.0,
40123,3,10,1.0,1,0.46076182002622407,0.0,
40127,4,16,1.0,1,0.12104886966116189,0.0,
40131,1,12,1.0,1,0.4570634800904358,0.0,
40133,4,10,1.0,1,0.37873678051898163,0.0,
40135,4,9,1.0,1,0.3724122494290975,0.0,
40137,3,10,1.0,1,0.5974947583016278,1.0,
40139,4,9,1.0,1,0.16991708049203766,0.0,
40141,4,8,1.0,1,0.5666523813661176,1.0,
40145,2,15,1.0,1,0.4181792840499037,0.0,
40147,1,12,1.0,1,0.395056753423519,0.0,
40149,3,18,1.0,1,0.3114892905452062,0.0,
40153,2,11,1.0,1,0.06282196984315246,0.0,
41001,3,12,1.0,1,0.016357209916258563,0.0,
41003,1,10,1.0,1,0.7102790435268941,1.0,
41005,1,37,1.0,1,0.16316556401456253,0.0,
41009,2,9,1.0,1,0.07477918444765498,0.0,
41011,3,10,1.0,1,0.14059163227285423,0.0,
41013,2,6,1.0,1,0.05328196500498328,0.0,
41015,2,7,1.0,1,0.03772496035423866,0.0,
41017,1,7,1.0,1,0.09584753766077465,0.0,
41019,3,28,1.0,1,0.15558776126394555,0.0,
41023,3,11,1.0,1,0.05115651216335924,0.0,
41027,2,3,1.0,1,0.13393927669957312,0.0,
41029,3,18,1.0,1,0.5909459792549596,1.0,
41031,3,8,1.0,1,0.16991321339693416,0.0,
41033,4,11,1.0,1,0.6131298444352592,1.0,
41035,4,17,1.0,1,0.4517789360604653,0.0,
41039,3,39,1.0,1,0.19348701785808822,0.0,
41041,3,18,1.0,1,0.1259108398833987,0.0,
41043,2,20,1.0,1,0.26115051710321374,0.0,
41047,3,26,1.0,1,0.6131923811096525,1.0,
41049,3,7,1.0,1,0.6698999208552833,1.0,
41053,2,11,1.0,1,0.08612695322414632,0.0,
41059,3,14,1.0,1,0.48760078217189806,0.0,
41061,3,8,1.0,1,0.05623308911371948,0.0,
41065,3,8,1.0,1,0.21370053804415237,0.0,
41067,1,30,1.0,1,0.07678082546698305,0.0,
42001,1,17,1.0,1,0.02792142095668941,0.0,
42005,2,36,1.0,1,0.1074872456353202,0.0,
42009,2,28,1.0,1,0.014519088158037126,0.0,
42011,1,62,1.0,1,0.27939660033801694,0.0,
42013,3,19,1.0,1,0.08329292528208408,0.0,
42015,2,27,1.0,1,0.009334406619888469,0.0,
42021,1,51,1.0,1,0.006907355186556174,0.0,
42025,2,20,1.0,1,0.053285381760062894,0.0,
42027,2,33,1.0,1,0.031529115395718094,0.0,
42033,3,51,1.0,1,0.022259291847130772,0.0,
42037,2,19,1.0,1,0.025054031990891904,0.0,
42039,3,27,1.0,1,0.03498502145834885,0.0,
42041,1,21,1.0,1,0.023393376552145732,0.0,
42043,2,30,1.0,1,0.09579421175056115,0.0,
42047,2,14,1.0,1,0.0037103525340075575,0.0,
42051,3,62,1.0,1,0.16261485734665224,0.0,
42053,4,11,1.0,1,0.002684812827844988,0.0,
42055,1,30,1.0,1,0.03917500642259771,0.0,
42059,2,26,1.0,1,0.01598813016350517,0.0,
42061,2,33,1.0,1,0.007754689144162177,0.0,
42065,3,30,1.0,1,0.06165130748878436,0.0,
42069,2,28,1.0,1,0.14752095800120568,0.0,
42073,2,22,1.0,1,0.14848603701633206,0.0,
42075,2,19,1.0,1,0.13793199497861253,0.0,
42079,3,50,1.0,1,0.117380715314527,0.0,
42081,2,25,1.0,1,0.018176604017897148,0.0,
42085,2,28,1.0,1,0.11643049471247464,0.0,
42087,3,13,1.0,1,0.05467986546329875,0.0,
42089,2,35,1.0,1,0.1136884799190756,0.0,
42095,1,26,1.0,1,0.17831431061858788,0.0,
42097,2,28,1.0,1,0.03869802694252936,0.0,
42099,2,16,1.0,1,0.012607039686705897,0.0,
42107,2,59,1.0,1,0.03328467518557271,0.0,
42109,2,15,1.0,1,0.028031886099047686,0.0,
42111,2,40,1.0,1,0.024172984469918023,0.0,
42115,2,29,1.0,1,0.005133211078546319,0.0,
42119,1,14,1.0,1,0.009313378382701224,0.0,
42123,2,19,1.0,1,0.006438502438584866,0.0,
42125,1,64,1.0,1,0.07530354565304237,0.0,
42127,2,30,1.0,1,0.009368445042323575,0.0,
42129,1,86,1.0,1,0.09788924180905649,0.0,
44003,1,9,1.0,1,0.38229645056896994,0.0,
44005,1,8,1.0,1,0.6209294902102099,1.0,
44009,1,20,1.0,1,0.12427862036923504,0.0,
45001,4,13,1.0,1,0.12282621094348083,0.0,
45005,4,6,1.0,1,0.18142744575545935,0.0,
45009,4,8,1.0,1,0.16114741692650966,0.0,
45011,4,7,1.0,1,0.2278601820161055,0.0,
45013,1,16,1.0,1,0.08970028471723246,0.0,
45015,2,17,1.0,1,0.13021963968939185,0.0,
45017,4,7,1.0,1,0.12474682482017828,0.0,
45021,4,8,1.0,1,0.3944215410426348,0.0,
45023,4,10,1.0,1,0.3956250481923257,0.0,
45025,4,11,1.0,1,0.24352844442471913,0.0,
45027,4,11,1.0,1,0.17600658449332912,0.0,
45029,4,14,1.0,1,0.19762266866876674,0.0,
45031,4,10,1.0,1,0.19500905133589272,0.0,
45033,4,11,1.0,1,0.4326409838481936,0.0,
45035,2,15,1.0,1,0.11718478326254822,0.0,
45037,3,10,1.0,1,0.041363882247969254,0.0,
45039,4,9,1.0,1,0.08023582268396563,0.0,
45041,3,12,1.0,1,0.25784286981344795,0.0,
45043,3,5,1.0,1,0.07806777652218111,0.0,
45047,4,9,1.0,1,0.26240261930717,0.0,
45049,4,13,1.0,1,0.18076967078644168,0.0,
45051,3,16,1.0,1,0.3202287843256195,0.0,
45055,3,13,1.0,1,0.11357192070451033,0.0,
45057,3,5,1.0,1,0.2455656245730824,0.0,
45059,4,16,1.0,1,0.1960609861280129,0.0,
45067,4,7,1.0,1,0.3244112423292224,0.0,
45069,4,8,1.0,1,0.2621382060083261,0.0,
45073,3,13,1.0,1,0.19903382499695124,0.0,
45077,3,15,1.0,1,0.16242666769692982,0.0,
45081,4,12,1.0,1,0.15162419640809427,0.0,
45085,4,15,1.0,1,0.40154270144948506,0.0,
45087,4,9,1.0,1,0.15838498708939514,0.0,
45089,4,12,1.0,1,0.15500372268462517,0.0,
45091,1,15,1.0,1,0.5268379179797722,1.0,
46009,2,7,1.0,1,0.0007902256380626982,0.0,
46013,1,20,1.0,1,0.0018106486321035834,0.0,
46029,2,10,1.0,1,0.0050524530313998455,0.0,
46031,4,15,1.0,1,0.06485175117902794,0.0,
46033,3,9,1.0,1,0.002077140626487172,0.0,
46035,2,6,1.0,1,0.002934193013025897,0.0,
46037,2,11,1.0,1,0.0012780968858101367,0.0,
46059,1,8,1.0,1,0.0008350889694404605,0.0,
46065,1,3,1.0,1,0.0009755317755444474,0.0,
46067,2,13,1.0,1,0.00249621176357855,0.0,
46077,1,9,1.0,1,0.0008683026324968753,0.0,
46083,1,12,1.0,1,0.015415674078204492,0.0,
46091,1,10,1.0,1,0.0010588950908044434,0.0,
46093,2,18,1.0,1,0.005919728465873739,0.0,
46099,1,23,1.0,1,0.08253850629157247,0.0,
46103,2,20,1.0,1,0.007032076666012924,0.0,
46109,4,16,1.0,1,0.014378026109211368,0.0,
46121,4,9,1.0,1,0.2619711062500188,0.0,
46129,1,7,1.0,1,0.00160671050986923,0.0,
46135,2,10,1.0,1,0.005953571403492936,0.0,
47001,3,11,1.0,1,0.25735480523839793,0.0,
47003,3,13,1.0,1,0.5593702055290263,1.0,
47005,4,7,1.0,1,0.21009670733302385,0.0,
47009,2,13,1.0,1,0.31681531430960164,0.0,
47011,3,8,1.0,1,0.24872581335223765,0.0,
47013,4,11,1.0,1,0.3294819307904665,0.0,
47017,4,14,1.0,1,0.11286070632042937,0.0,
47019,4,8,1.0,1,0.41938070806268507,0.0,
47021,2,12,1.0,1,0.07467624275763181,0.0,
47025,1,10,1.0,1,0.24704044445746118,0.0,
47027,4,7,1.0,1,0.28802378969539383,0.0,
47031,3,9,1.0,1,0.375982354965782,0.0,
47033,4,8,1.0,1,0.43098985770466114,0.0,
47035,3,11,1.0,1,0.22700665595229863,0.0,
47043,2,11,1.0,1,0.07653778556230921,0.0,
47045,4,11,1.0,1,0.522308042065302,1.0,
47049,4,9,1.0,1,0.21113125274986505,0.0,
47053,4,11,1.0,1,0.29798003057886707,0.0,
47055,3,17,1.0,1,0.3320923774951836,0.0,
47059,4,10,1.0,1,0.22888134176405675,0.0,
47063,4,7,1.0,1,0.6023796506926941,1.0,
47067,4,5,1.0,1,0.21504031112159708,0.0,
47069,4,12,1.0,1,0.12235524484345518,0.0,
47071,4,13,1.0,1,0.2552226119407456,0.0,
47073,4,12,1.0,1,0.3041979955227684,0.0,
47075,4,6,1.0,1,0.2966068398904473,0.0,
47077,4,14,1.0,1,0.16148025789787926,0.0,
47079,4,9,1.0,1,0.20827172907009753,0.0,
47085,3,4,1.0,1,0.04809413885618091,0.0,
47089,3,10,1.0,1,0.25686830047342385,0.0,
47097,4,4,1.0,1,0.16870622743128444,0.0,
47099,4,11,1.0,1,0.15158298684850688,0.0,
47101,4,7,1.0,1,0.06805710555070867,0.0,
47107,4,12,1.0,1,0.5899216283196258,1.0,
47109,4,15,1.0,1,0.20428085993213324,0.0,
47111,4,8,1.0,1,0.30152398751753984,0.0,
47117,3,12,1.0,1,0.40326300913722973,0.0,
47119,1,10,1.0,1,0.35616424379522343,0.0,
47121,3,6,1.0,1,0.12003886141646829,0.0,
47123,4,9,1.0,1,0.4972694475577145,0.0,
47125,3,15,1.0,1,0.21970734283814583,0.0,
47129,4,12,1.0,1,0.17930955557666337,0.0,
47131,4,12,1.0,1,0.36162835575353164,0.0,
47135,4,4,1.0,1,0.07232607835189593,0.0,
47139,3,12,1.0,1,0.06654761604251261,0.0,
47141,1,10,1.0,1,0.9243374433640718,1.0,
47145,2,10,1.0,1,0.24961846830362475,0.0,
47147,2,12,1.0,1,0.2430558914430148,0.0,
47149,1,20,1.0,1,0.7521129280359475,1.0,
47155,3,10,1.0,1,0.17431902287974171,0.0,
47159,3,15,1.0,1,0.1419442803438384,0.0,
47163,3,12,1.0,1,0.4361817414872054,0.0,
47165,1,10,1.0,1,0.19415233647200567,0.0,
47167,2,10,1.0,1,0.1716592928503116,0.0,
47175,4,7,1.0,1,0.23104606895448623,0.0,
47177,4,6,1.0,1,0.6365224693407223,1.0,
47179,1,13,1.0,1,0.6901338819466001,1.0,
47181,4,10,1.0,1,0.07757516640021395,0.0,
47183,4,12,1.0,1,0.19992934304612858,0.0,
47185,4,5,1.0,1,0.3425313663579055,0.0,
47187,1,16,1.0,1,0.03534327612410621,0.0,
47189,1,12,1.0,1,0.26147288376507183,0.0,
48001,3,10,1.0,1,0.2584014577946111,0.0,
48003,2,1,1.0,1,0.1874058941484369,0.0,
48005,4,6,1.0,1,0.22281028388843413,0.0,
48007,4,5,1.0,1,0.4326512919992971,0.0,
48009,2,10,1.0,1,0.1641539590739624,0.0,
48013,3,15,1.0,1,0.5284793429970162,1.0,
48015,2,13,1.0,1,0.23113120608156212,0.0,
48017,1,6,1.0,1,0.0162092677675178,0.0,
48019,2,7,1.0,1,0.16422108322254328,0.0,
48021,2,15,1.0,1,0.26448282994325667,0.0,
48023,2,2,1.0,1,0.009581280100390503,0.0,
48025,4,11,1.0,1,0.22505070304574487,0.0,
48031,1,8,1.0,1,0.07668336114995508,0.0,
48035,3,11,1.0,1,0.08307835680965807,0.0,
48037,3,10,1.0,1,0.23939618346316224,0.0,
48043,3,4,1.0,1,0.004898962677838719,0.0,
48047,4,2,1.0,1,0.3123469246588439,0.0,
48049,3,10,1.0,1,0.07518065151446035,0.0,
48051,2,5,1.0,1,0.20543717005798123,0.0,
48053,2,13,1.0,1,0.14430381247686214,0.0,
48055,3,14,1.0,1,0.2818344446227291,0.0,
48057,3,6,1.0,1,0.22991606571210935,0.0,
48063,3,2,1.0,1,0.3641885972977626,0.0,
48067,4,14,1.0,1,0.1258243206558869,0.0,
48071,2,11,1.0,1,0.5424436968572667,1.0,
48073,4,12,1.0,1,0.5377611895629563,1.0,
48075,4,4,1.0,1,0.04325895914707881,0.0,
48077,2,9,1.0,1,0.13962690903198294,0.0,
48081,3,4,1.0,1,0.011996087615476247,0.0,
48083,2,15,1.0,1,0.024081264252002514,0.0,
48087,4,5,1.0,1,0.05978595867929611,0.0,
48089,2,18,1.0,1,0.1189276183413832,0.0,
48091,1,14,1.0,1,0.1819808899770747,0.0,
48093,2,14,1.0,1,0.01695581229801755,0.0,
48097,2,14,1.0,1,0.3066580486662563,0.0,
48099,1,17,1.0,1,2.7684346083935525e-06,0.0,
48101,4,3,1.0,1,0.054345689929036205,0.0,
48109,4,2,1.0,1,0.00044560995779500896,0.0,
48117,4,6,1.0,1,0.13117260744569584,0.0,
48119,3,7,1.0,1,0.15519194176360518,0.0,
48123,3,9,1.0,1,0.1293904009789069,0.0,
48125,4,7,1.0,1,0.03175913988140443,0.0,
48127,4,6,1.0,1,0.3421483680101446,0.0,
48131,4,8,1.0,1,0.10946914895022268,0.0,
48133,4,9,1.0,1,0.10262287161084653,0.0,
48135,2,8,1.0,1,0.8722015088629961,1.0,
48139,1,20,1.0,1,0.3828134464205028,0.0,
48143,1,13,1.0,1,0.6801667610551372,1.0,
48145,3,17,1.0,1,0.3446128006157875,0.0,
48147,2,19,1.0,1,0.16725653074977398,0.0,
48149,2,15,1.0,1,0.08202487282261957,0.0,
48151,3,9,1.0,1,0.13163514794335623,0.0,
48159,1,7,1.0,1,0.11954408355711832,0.0,
48161,4,9,1.0,1,0.5885087856428917,1.0,
48169,4,4,1.0,1,0.10393598025394904,0.0,
48171,2,7,1.0,1,0.05871560252984561,0.0,
48177,3,14,1.0,1,0.05413458224189992,0.0,
48185,3,11,1.0,1,0.4120856207480773,0.0,
48193,3,10,1.0,1,0.05021095119552952,0.0,
48197,3,2,1.0,1,0.057358367380522836,0.0,
48199,2,12,1.0,1,0.11908773397155721,0.0,
48203,3,12,1.0,1,0.25865936755238633,0.0,
48207,4,11,1.0,1,0.13961066323391574,0.0,
48209,2,14,1.0,1,0.3363882554714282,0.0,
48217,2,19,1.0,1,0.32359821645949044,0.0,
48219,4,10,1.0,1,0.4972840472623515,0.0,
48221,1,8,1.0,1,0.3677832542357445,0.0,
48223,3,13,1.0,1,0.2727002480049764,0.0,
48225,4,7,1.0,1,0.3148800729120734,0.0,
48227,3,5,1.0,1,0.5033799080519409,1.0,
48233,3,7,1.0,1,0.6875586850989769,1.0,
48239,2,10,1.0,1,0.051290937905575,0.0,
48241,4,9,1.0,1,0.17285759332933878,0.0,
48247,4,1,1.0,1,0.10306502498908417,0.0,
48249,4,8,1.0,1,0.19713182415975802,0.0,
48251,2,16,1.0,1,0.5070987393394606,1.0,
48255,3,8,1.0,1,0.4094058902503486,0.0,
48259,1,8,1.0,1,0.04435062614627032,0.0,
48261,4,2,1.0,1,0.5025263118156134,1.0,
48265,3,10,1.0,1,0.2905837535532776,0.0,
48269,4,2,1.0,1,0.04370784942904857,0.0,
48273,4,4,1.0,1,0.46291660984471034,0.0,
48275,4,6,1.0,1,0.058564977450779356,0.0,
48277,3,13,1.0,1,0.37681208987950343,0.0,
48281,2,6,1.0,1,0.08637002027126721,0.0,
48285,2,7,1.0,1,0.03751324904442047,0.0,
48287,2,9,1.0,1,0.08241728580403158,0.0,
48289,3,8,1.0,1,0.4533535152482107,0.0,
48291,3,14,1.0,1,0.39119145640581465,0.0,
48293,4,14,1.0,1,0.5430157612103788,1.0,
48299,1,10,1.0,1,0.21763673193005584,0.0,
48303,1,25,1.0,1,0.9749452065796498,1.0,
48307,3,6,1.0,1,0.03266814347900907,0.0,
48313,2,5,1.0,1,0.2156424025870975,0.0,
48315,4,7,1.0,1,0.07825147929743338,0.0,
48317,1,8,1.0,1,0.33932051235632976,0.0,
48321,1,12,1.0,1,0.2863702496404532,0.0,
48323,4,3,1.0,1,0.6286093494161096,1.0,
48329,1,9,1.0,1,0.5727417313804186,1.0,
48331,3,13,1.0,1,0.24329958205237395,0.0,
48335,2,3,1.0,1,0.030215248273264515,0.0,
48337,3,10,1.0,1,0.3744014847058109,0.0,
48341,2,6,1.0,1,0.2606083605270664,0.0,
48343,4,7,1.0,1,0.44714727942607024,0.0,
48347,1,10,1.0,1,0.9521989069641263,1.0,
48349,4,17,1.0,1,0.538325179020728,1.0,
48353,3,9,1.0,1,0.20449379211306692,0.0,
48361,2,4,1.0,1,0.5825142647653625,1.0,
48363,4,12,1.0,1,0.24608796079966666,0.0,
48365,3,13,1.0,1,0.19337134370038755,0.0,
48367,1,18,1.0,1,0.27513876827420464,0.0,
48371,3,6,1.0,1,0.15578968621115474,0.0,
48373,3,9,1.0,1,0.13077360557622358,0.0,
48375,4,16,1.0,1,0.8588521705785159,1.0,
48377,4,4,1.0,1,0.23529863909157964,0.0,
48381,1,15,1.0,1,0.25925093263976123,0.0,
48387,4,9,1.0,1,0.17488977498265978,0.0,
48389,3,4,1.0,1,0.0007289165401305889,0.0,
48391,3,5,1.0,1,0.023594221745465167,0.0,
48395,3,9,1.0,1,0.28444126133240105,0.0,
48397,1,9,1.0,1,0.17411477037262546,0.0,
48399,3,11,1.0,1,0.034126768680285975,0.0,
48401,3,16,1.0,1,0.32484887238452453,0.0,
48405,4,4,1.0,1,0.09218016440237632,0.0,
48407,4,8,1.0,1,0.45724135696321283,0.0,
48409,3,9,1.0,1,0.2717391454885445,0.0,
48411,3,7,1.0,1,0.015503568830859977,0.0,
48415,3,8,1.0,1,0.16028391182486604,0.0,
48419,4,7,1.0,1,0.18271749120019593,0.0,
48427,4,10,1.0,1,0.7627715529600017,1.0,
48429,4,8,1.0,1,0.09433668303389935,0.0,
48437,4,5,1.0,1,0.2638772827296907,0.0,
48441,1,17,1.0,1,0.7350554841577174,1.0,
48445,4,6,1.0,1,0.2781919360581873,0.0,
48449,4,6,1.0,1,0.536487874310229,1.0,
48451,1,14,1.0,1,0.9991705749075667,1.0,
48455,4,7,1.0,1,0.28573489934470486,0.0,
48457,3,10,1.0,1,0.018066785479417195,0.0,
48459,3,12,1.0,1,0.32552779272635884,0.0,
48463,4,8,1.0,1,0.3740028099829599,0.0,
48465,4,5,1.0,1,0.4374731549521195,0.0,
48467,3,13,1.0,1,0.5352542407809919,1.0,
48469,3,12,1.0,1,0.5242093179257781,1.0,
48471,4,9,1.0,1,0.38792914311474164,0.0,
48473,2,11,1.0,1,0.692279438267218,1.0,
48475,3,6,1.0,1,0.7844014234344674,1.0,
48477,2,7,1.0,1,0.3898911044897822,0.0,
48481,1,13,1.0,1,0.44282700139953246,0.0,
48487,4,6,1.0,1,0.36609399934939274,0.0,
48493,2,12,1.0,1,0.1836917270340951,0.0,
48495,3,2,1.0,1,0.42561670528703893,0.0,
48497,2,17,1.0,1,0.39191017477314727,0.0,
48499,3,12,1.0,1,0.22321272029973407,0.0,
48501,2,4,1.0,1,0.01798134815643298,0.0,
48503,2,6,1.0,1,0.15098092578503144,0.0,
48505,4,5,1.0,1,0.4590604021227443,0.0,
48507,4,4,1.0,1,0.6636176821005625,1.0,
49003,2,20,1.0,1,0.412522108337113,0.0,
49005,3,16,1.0,1,0.4367331196604551,0.0,
49011,1,13,1.0,1,0.5321352261861595,1.0,
49019,1,2,1.0,1,0.016678472434634058,0.0,
49021,4,10,1.0,1,0.12017732184232419,0.0,
49037,3,12,1.0,1,0.16941666411410047,0.0,
49039,3,15,1.0,1,0.2039655027878112,0.0,
49041,3,12,1.0,1,0.3649931559969431,0.0,
49043,1,9,1.0,1,0.012697162767838404,0.0,
49057,1,9,1.0,1,0.7054128366145609,1.0,
50001,1,20,1.0,1,0.002731919019899066,0.0,
50005,2,22,1.0,1,0.012275048692557973,0.0,
50007,1,21,1.0,1,0.13487547856275087,0.0,
50013,1,5,1.0,1,0.008632698589171258,0.0,
50017,2,31,1.0,1,0.009428117084557113,0.0,
50019,2,24,1.0,1,0.01101797424550393,0.0,
50021,1,29,1.0,1,0.007905350971538778,0.0,
50023,1,26,1.0,1,0.00574548093521149,0.0,
50025,2,24,1.0,1,0.017641676621731463,0.0,
51003,2,24,1.0,1,0.017639930944567703,0.0,
51005,3,7,1.0,1,0.05610251296118252,0.0,
51007,1,5,1.0,1,0.010664223423470275,0.0,
51009,2,9,1.0,1,0.06414693720339969,0.0,
51013,1,11,1.0,1,0.038875244234228536,0.0,
51015,2,27,1.0,1,0.035316390897104595,0.0,
51019,1,18,1.0,1,0.01710631723786916,0.0,
51025,3,16,1.0,1,0.06571315793071497,0.0,
51027,4,16,1.0,1,0.15831586605452624,0.0,
51031,3,14,1.0,1,0.24064756625020894,0.0,
51036,2,4,1.0,1,0.029907176999303536,0.0,
51037,4,14,1.0,1,0.009395242813436379,0.0,
51047,1,18,1.0,1,0.010636401331499899,0.0,
51051,4,12,1.0,1,0.15069582031314674,0.0,
51057,4,8,1.0,1,0.0701356207864774,0.0,
51061,1,24,1.0,1,0.0035860700744834765,0.0,
51063,2,11,1.0,1,0.008752960561807258,0.0,
51069,1,12,1.0,1,0.014105360569398973,0.0,
51073,1,6,1.0,1,0.008816197850243445,0.0,
51075,1,15,1.0,1,0.004438876284524523,0.0,
51079,2,5,1.0,1,0.01373910404587557,0.0,
51081,4,4,1.0,1,0.10233869394956129,0.0,
51083,3,14,1.0,1,0.05485273392626067,0.0,
51085,1,12,1.0,1,0.009227407616472137,0.0,
51087,2,16,1.0,1,0.24928748291698005,0.0,
51093,1,8,1.0,1,0.02366710618701378,0.0,
51095,1,4,1.0,1,0.013415260073641015,0.0,
51103,2,6,1.0,1,0.021762917329539135,0.0,
51105,4,11,1.0,1,0.12410601382366515,0.0,
51107,1,21,1.0,1,0.014241442007634858,0.0,
51111,4,12,1.0,1,0.049423945922967887,0.0,
51113,2,21,1.0,1,0.002151847518360341,0.0,
51117,3,13,1.0,1,0.04826835159214454,0.0,
51119,1,12,1.0,1,0.016645642769262524,0.0,
51121,3,10,1.0,1,0.11147681639836605,0.0,
51127,1,6,1.0,1,0.003049231030678103,0.0,
51131,3,11,1.0,1,0.15807323752053065,0.0,
51133,2,7,1.0,1,0.05113493498854646,0.0,
51135,4,7,1.0,1,0.14551731313976807,0.0,
51139,3,6,1.0,1,0.03460741150263041,0.0,
51141,3,14,1.0,1,0.03067568126861362,0.0,
51143,4,20,1.0,1,0.19142201468221143,0.0,
51145,1,5,1.0,1,0.9999981631866263,1.0,
51147,1,12,1.0,1,0.20405372136148106,0.0,
51149,3,7,1.0,1,0.21453692639183977,0.0,
51153,1,19,1.0,1,0.024961210966735953,0.0,
51159,3,5,1.0,1,0.06417457457525877,0.0,
51161,1,14,1.0,1,0.023367235656400698,0.0,
51171,2,14,1.0,1,0.02127523215440976,0.0,
51175,3,12,1.0,1,0.06228812227527614,0.0,
51177,1,13,1.0,1,0.01559400751827488,0.0,
51179,1,5,1.0,1,0.012968499925892602,0.0,
51185,1,18,1.0,1,0.1253895412707353,0.0,
51187,1,7,1.0,1,0.02125548426948272,0.0,
51191,2,10,1.0,1,0.028140766127084344,0.0,
51193,2,8,1.0,1,0.08071556638147682,0.0,
51199,1,9,1.0,1,0.011349632126695961,0.0,
51510,1,8,1.0,1,0.10523321037764087,0.0,
51520,4,2,1.0,1,0.6353113477795381,1.0,
51550,1,6,1.0,1,0.07602075678146997,0.0,
51570,2,1,1.0,1,0.10177516179939404,0.0,
51590,4,2,1.0,1,0.47388127638585165,0.0,
51595,4,1,1.0,1,0.10840714285223321,0.0,
51630,3,3,1.0,1,0.5028533482110651,1.0,
51650,2,9,1.0,1,0.47095331185610867,0.0,
51660,1,3,1.0,1,0.8615698264592019,1.0,
51678,3,1,1.0,1,0.03498486823730242,0.0,
51680,3,5,1.0,1,0.2880285942434038,0.0,
51683,1,1,1.0,1,0.144347109955191,0.0,
51690,4,1,1.0,1,0.313315797087003,0.0,
51700,3,8,1.0,1,0.28455063639429906,0.0,
51710,1,15,1.0,1,0.39082450752094716,0.0,
51730,3,2,1.0,1,0.506433420911045,1.0,
51740,1,8,1.0,1,0.5539123971135574,1.0,
51750,1,2,1.0,1,1.0,1.0,
51770,3,10,1.0,1,0.5697314154266961,1.0,
51800,1,8,1.0,1,0.06649099218289037,0.0,
51840,3,1,1.0,1,0.3188820794228289,0.0,
53003,3,3,1.0,1,0.2325574046045471,0.0,
53005,2,12,1.0,1,0.5366006025436425,1.0,
53007,2,14,1.0,1,0.04851339382416657,0.0,
53015,3,11,1.0,1,0.1041971559047508,0.0,
53017,2,13,1.0,1,0.1717318351006512,0.0,
53021,3,7,1.0,1,0.6592065107633986,1.0,
53023,3,2,1.0,1,0.0780521613278483,0.0,
53025,3,18,1.0,1,0.38684775506289787,0.0,
53029,1,8,1.0,1,0.2751467528621063,0.0,
53031,2,9,1.0,1,0.03147285577450357,0.0,
53035,1,20,1.0,1,0.04472351728451292,0.0,
53041,2,23,1.0,1,0.07673758169231895,0.0,
53045,2,15,1.0,1,0.11022729108997023,0.0,
53047,4,22,1.0,1,0.32246921820855134,0.0,
53057,1,17,1.0,1,0.06659013989645265,0.0,
53059,1,8,1.0,1,0.05937268373125308,0.0,
53067,1,14,1.0,1,0.14606640028888138,0.0,
53071,2,8,1.0,1,0.29758668897810614,0.0,
53073,2,18,1.0,1,0.13054636576271025,0.0,
53077,4,22,1.0,1,0.6133118549761402,1.0,
54003,2,11,1.0,1,0.3120037961430185,0.0,
54005,4,31,1.0,1,0.11091385222321938,0.0,
54009,2,8,1.0,1,0.6149228119277564,1.0,
54011,3,13,1.0,1,0.32257818285678735,0.0,
54029,3,5,1.0,1,0.7491205618044602,1.0,
54035,3,15,1.0,1,0.09695692238870017,0.0,
54037,1,9,1.0,1,0.1991948249426912,0.0,
54039,1,46,1.0,1,0.5230702428770333,1.0,
54041,4,11,1.0,1,0.251775250031003,0.0,
54049,3,18,1.0,1,0.3073709167719793,0.0,
54053,3,19,1.0,1,0.21931053951397295,0.0,
54059,4,18,1.0,1,0.3371067740654431,0.0,
54061,3,16,1.0,1,0.21111797008270294,0.0,
54065,3,4,1.0,1,0.06250634467542023,0.0,
54067,3,25,1.0,1,0.09009498976515869,0.0,
54069,2,6,1.0,1,0.39806949454828794,0.0,
54079,2,17,1.0,1,0.17035793484527845,0.0,
54081,4,42,1.0,1,0.3051371218679579,0.0,
54083,4,22,1.0,1,0.008405433183904501,0.0,
54097,4,10,1.0,1,0.06649449430408727,0.0,
54099,4,17,1.0,1,0.5163083691217073,1.0,
54103,4,12,1.0,1,0.14022062450509812,0.0,
54107,3,13,1.0,1,0.47333497746671793,0.0,
55001,2,14,1.0,1,0.030532581922992196,0.0,
55005,2,19,1.0,1,0.01000363723017998,0.0,
55007,2,15,1.0,1,0.003356691353979407,0.0,
55009,1,19,1.0,1,0.03629426868272971,0.0,
55015,1,14,1.0,1,0.05221884930392872,0.0,
55017,2,14,1.0,1,0.01610804741348876,0.0,
55021,1,20,1.0,1,0.016048349808734284,0.0,
55023,2,13,1.0,1,0.00934553145843792,0.0,
55027,1,31,1.0,1,0.037402195120715784,0.0,
55029,1,13,1.0,1,0.023560724542272694,0.0,
55031,2,12,1.0,1,0.006608607345119532,0.0,
55039,1,24,1.0,1,0.04262959207779661,0.0,
55043,3,23,1.0,1,0.045597825364808414,0.0,
55045,1,12,1.0,1,0.004252099637547519,0.0,
55055,1,19,1.0,1,0.04730780529344334,0.0,
55057,3,14,1.0,1,0.021312849458314617,0.0,
55059,1,17,1.0,1,0.21970266773774702,0.0,
55061,1,6,1.0,1,0.024637474090828324,0.0,
55063,2,15,1.0,1,0.02314314456697223,0.0,
55065,2,14,1.0,1,0.020043452468322284,0.0,
55069,1,7,1.0,1,0.0010200794688805155,0.0,
55071,1,19,1.0,1,0.06797539940515562,0.0,
55073,1,28,1.0,1,0.004780473440051807,0.0,
55075,3,16,1.0,1,0.018209596262377982,0.0,
55077,2,14,1.0,1,0.024728684115632206,0.0,
55078,4,4,1.0,1,0.10588152570022687,0.0,
55081,2,12,1.0,1,0.009159693067255472,0.0,
55083,1,19,1.0,1,0.006955439845686263,0.0,
55085,1,14,1.0,1,0.002410743296917171,0.0,
55087,1,24,1.0,1,0.06746116090311512,0.0,
55089,1,13,1.0,1,0.03825163256785927,0.0,
55095,1,20,1.0,1,0.005952645801710152,0.0,
55097,2,21,1.0,1,0.011889306557839941,0.0,
55099,2,14,1.0,1,0.0009782517367345658,0.0,
55103,3,14,1.0,1,0.014066300970238279,0.0,
55105,2,19,1.0,1,0.15937240566788743,0.0,
55111,1,17,1.0,1,0.014215010484905685,0.0,
55115,2,25,1.0,1,0.022032706412426467,0.0,
55117,1,17,1.0,1,0.06021770886063475,0.0,
55119,2,14,1.0,1,0.0022310744212412363,0.0,
55121,1,14,1.0,1,0.003325656930151845,0.0,
55123,3,18,1.0,1,0.006400671760081397,0.0,
55125,2,12,1.0,1,0.0033256354200245117,0.0,
55127,1,16,1.0,1,0.055314414623162236,0.0,
55131,1,18,1.0,1,0.023619785579697187,0.0,
55133,1,30,1.0,1,0.029234746980811216,0.0,
55135,1,16,1.0,1,0.008125279910714935,0.0,
55137,2,17,1.0,1,0.022272412009817277,0.0,
55139,1,18,1.0,1,0.036393052398509894,0.0,
55141,2,15,1.0,1,0.005608760982464276,0.0,
56001,1,10,1.0,1,0.04622073921438174,0.0,
56003,2,15,1.0,1,0.0009492872806905798,0.0,
56007,2,12,1.0,1,0.004062225796442012,0.0,
56009,1,4,1.0,1,0.0034362761844920864,0.0,
56013,2,11,1.0,1,0.015300944067865913,0.0,
56017,3,3,1.0,1,0.0059484642338312535,0.0,
56021,1,12,1.0,1,0.04684226991387628,0.0,
56025,1,11,1.0,1,0.01995900639660179,0.0,
56029,1,8,1.0,1,0.000816670774234303,0.0,
56031,2,5,1.0,1,0.0065305417599214625,0.0,
56033,1,9,1.0,1,0.002868896924684793,0.0,
56035,1,6,1.0,1,0.0010055319938350982,0.0,
01001,3,10,1.0,2,0.25087513522587923,0.0,
01003,2,23,1.0,2,0.1600866007099975,0.0,
01009,3,17,1.0,2,0.18617997251279494,0.0,
01011,4,7,1.0,2,0.15250088613323867,0.0,
01015,3,14,1.0,2,0.24075596236511448,0.0,
01017,4,10,1.0,2,0.22401504554395169,0.0,
01019,4,11,1.0,2,0.18313034772818038,0.0,
01021,3,14,1.0,2,0.22266216695978133,0.0,
01025,4,10,1.0,2,0.1027888802712378,0.0,
01031,3,16,1.0,2,0.1979786405083565,0.0,
01033,3,9,1.0,2,0.22796704380405133,0.0,
01035,4,13,1.0,2,0.09600900658707574,0.0,
01037,3,11,1.0,2,0.0988012856214164,0.0,
01039,4,13,1.0,2,0.12888868165413359,0.0,
01043,3,19,1.0,2,0.21786973971978743,0.0,
01045,3,14,1.0,2,0.22436037859065153,0.0,
01047,4,10,1.0,2,0.25901479860680826,0.0,
01051,2,13,1.0,2,0.1868653605711099,0.0,
01053,4,9,1.0,2,0.17171742319673516,0.0,
01055,3,14,1.0,2,0.276422272436444,0.0,
01057,4,10,1.0,2,0.11462396960100082,0.0,
01059,4,10,1.0,2,0.1503093593272214,0.0,
01063,4,8,1.0,2,0.13449137624318214,0.0,
01065,4,9,1.0,2,0.16741162750830285,0.0,
01067,3,9,1.0,2,0.1564489370097551,0.0,
01069,4,14,1.0,2,0.31961178349238045,0.0,
01071,4,22,1.0,2,0.19202570037183878,0.0,
01075,4,9,1.0,2,0.10635413790743532,0.0,
01077,3,9,1.0,2,0.19800669136957105,0.0,
01079,3,10,1.0,2,0.2089269671944818,0.0,
01083,2,15,1.0,2,0.277368059584433,0.0,
01085,4,8,1.0,2,0.14839147127428579,0.0,
01087,4,13,1.0,2,0.2245420276686357,0.0,
01089,1,25,1.0,2,0.31941725336643595,0.0,
01091,4,15,1.0,2,0.14750776096674112,0.0,
01093,4,12,1.0,2,0.14094875593897477,0.0,
01095,4,18,1.0,2,0.2880055612270113,0.0,
01099,4,17,1.0,2,0.14265614489666054,0.0,
01101,1,24,1.0,2,0.4989006054842275,0.0,
01103,3,16,1.0,2,0.3294459547394264,0.0,
01105,4,9,1.0,2,0.20139325247863626,0.0,
01107,4,8,1.0,2,0.11151039847489698,0.0,
01109,1,9,1.0,2,0.8325157487577,1.0,
01111,3,8,1.0,2,0.14319747251786755,0.0,
01113,3,12,1.0,2,0.3157902903176236,0.0,
01115,2,18,1.0,2,0.23289003887861778,0.0,
01119,4,11,1.0,2,0.15559175116058924,0.0,
01121,4,12,1.0,2,0.2649287597035403,0.0,
01123,4,12,1.0,2,0.1326735483223513,0.0,
01125,1,27,1.0,2,0.3524636645573297,0.0,
01127,3,18,1.0,2,0.2594466480930211,0.0,
01129,4,16,1.0,2,0.11287436448737083,0.0,
01131,4,13,1.0,2,0.09818574039570059,0.0,
01133,4,11,1.0,2,0.13331892913800916,0.0,
04009,4,10,1.0,2,0.2055018593734557,0.0,
04023,4,9,1.0,2,0.22199287706787987,0.0,
05001,4,13,1.0,2,0.20271960171710476,0.0,
05003,4,7,1.0,2,0.22580107151049839,0.0,
05005,3,12,1.0,2,0.09757576313403771,0.0,
05009,3,9,1.0,2,0.11649523075810246,0.0,
05011,4,7,1.0,2,0.1936028729414803,0.0,
05015,3,9,1.0,2,0.09447760509595898,0.0,
05019,1,8,1.0,2,0.7789820364979831,1.0,
05021,4,13,1.0,2,0.15091977902954493,0.0,
05023,3,17,1.0,2,0.10061294022894479,0.0,
05025,4,7,1.0,2,0.12428769106816588,0.0,
05027,4,7,1.0,2,0.22521678724921812,0.0,
05029,4,15,1.0,2,0.2601794820817539,0.0,
05031,1,16,1.0,2,0.31325389839671536,0.0,
05033,3,11,1.0,2,0.2477375759579576,0.0,
05035,4,11,1.0,2,0.7092328405958017,1.0,
05037,4,8,1.0,2,0.30326741371245536,0.0,
05039,4,6,1.0,2,0.1711498714766818,0.0,
05041,4,12,1.0,2,0.3542778013702607,0.0,
05043,4,9,1.0,2,0.1602986070945549,0.0,
05045,1,15,1.0,2,0.4881021520020224,0.0,
05047,4,13,1.0,2,0.180612732340205,0.0,
05049,1,14,1.0,2,0.10318897539632546,0.0,
05051,3,10,1.0,2,0.17983424318354316,0.0,
05053,2,14,1.0,2,0.1916196787783507,0.0,
05055,4,9,1.0,2,0.19465945017293237,0.0,
05057,4,10,1.0,2,0.27196131573387167,0.0,
05059,4,12,1.0,2,0.21930170326596068,0.0,
05061,4,8,1.0,2,0.19536302430351588,0.0,
05063,4,20,1.0,2,0.1401919443027212,0.0,
05067,4,11,1.0,2,0.27058878829064387,0.0,
05069,4,17,1.0,2,0.4765062645313025,0.0,
05071,4,12,1.0,2,0.2355499485486779,0.0,
05073,4,6,1.0,2,0.16159410353777082,0.0,
05075,4,14,1.0,2,0.147328721648776,0.0,
05077,3,11,1.0,2,0.25312884032962274,0.0,
05079,4,8,1.0,2,0.20038289776626392,0.0,
05081,4,7,1.0,2,0.15695793960263638,0.0,
05083,4,12,1.0,2,0.1587147371062738,0.0,
05085,2,11,1.0,2,0.2698138947443021,0.0,
05087,3,13,1.0,2,0.10938956727795601,0.0,
05091,4,6,1.0,2,0.3419894009872294,0.0,
05093,4,15,1.0,2,0.5432729009295231,1.0,
05095,4,9,1.0,2,0.29411007123489175,0.0,
05097,4,9,1.0,2,0.12029980212223423,0.0,
05099,4,10,1.0,2,0.1401012342575254,0.0,
05101,3,20,1.0,2,0.042453587683548705,0.0,
05103,4,8,1.0,2,0.25454160345728,0.0,
05105,4,8,1.0,2,0.12792128478675957,0.0,
05107,4,12,1.0,2,0.44449420630740727,0.0,
05111,4,10,1.0,2,0.19701836063964046,0.0,
05113,4,7,1.0,2,0.1635520499488507,0.0,
05115,4,13,1.0,2,0.27710552776786374,0.0,
05117,3,11,1.0,2,0.1848680223902855,0.0,
05121,4,11,1.0,2,0.12687589012578956,0.0,
05123,4,13,1.0,2,0.42681161014468455,0.0,
05125,1,14,1.0,2,0.2354604092990385,0.0,
05127,4,10,1.0,2,0.16523225185853646,0.0,
05129,4,10,1.0,2,0.06614618166583563,0.0,
05133,4,7,1.0,2,0.2561129052871658,0.0,
05135,4,13,1.0,2,0.09524764094432635,0.0,
05139,4,10,1.0,2,0.2239358211911317,0.0,
05141,4,12,1.0,2,0.10315130378815994,0.0,
05145,4,17,1.0,2,0.2604298212120091,0.0,
05147,4,9,1.0,2,0.2017031895200727,0.0,
05149,4,13,1.0,2,0.18353123469998917,0.0,
06005,2,12,1.0,2,0.2025386482856479,0.0,
06007,4,18,1.0,2,0.5091641452121272,1.0,
06009,1,20,1.0,2,0.20853633308436095,0.0,
06011,3,9,1.0,2,0.3303614700840531,0.0,
06015,4,4,1.0,2,0.18269301037279434,0.0,
06017,1,23,1.0,2,0.22425884163777307,0.0,
06021,3,7,1.0,2,0.48257851785886785,0.0,
06023,4,36,1.0,2,0.2378705706487416,0.0,
06027,2,11,1.0,2,0.16437348217615136,0.0,
06031,4,12,1.0,2,0.6897492706540626,1.0,
06033,3,15,1.0,2,0.39092414083754673,0.0,
06035,2,17,1.0,2,0.21626179905771603,0.0,
06041,1,29,1.0,2,0.08572663969134332,0.0,
06043,3,13,1.0,2,0.13721376427222104,0.0,
06045,3,29,1.0,2,0.10171243132315272,0.0,
06055,1,12,1.0,2,0.1815731155064871,0.0,
06057,2,12,1.0,2,0.1801904719026531,0.0,
06063,2,17,1.0,2,0.1934710302359,0.0,
06069,2,7,1.0,2,0.2903490028931152,0.0,
06079,2,26,1.0,2,0.1542043983850656,0.0,
06083,2,24,1.0,2,0.26911357240897604,0.0,
06087,2,17,1.0,2,0.21646444972204654,0.0,
06093,3,23,1.0,2,0.26628397328744696,0.0,
06097,1,37,1.0,2,0.1797517011851257,0.0,
06101,3,13,1.0,2,0.5952779060976727,1.0,
06103,4,15,1.0,2,0.4508251287245251,0.0,
06109,1,16,1.0,2,0.22628968196907157,0.0,
06113,3,19,1.0,2,0.4652702055757754,0.0,
06115,3,17,1.0,2,0.5472517820216193,1.0,
08001,2,35,1.0,2,0.613799730756072,1.0,
08005,1,33,1.0,2,0.49362592775231917,0.0,
08007,1,5,1.0,2,0.029608520483165788,0.0,
08009,4,8,1.0,2,0.08691755390158386,0.0,
08013,1,22,1.0,2,0.6821321107141637,1.0,
08014,1,6,1.0,2,0.3559444689873475,0.0,
08035,1,18,1.0,2,0.23803798109375282,0.0,
08037,1,13,1.0,2,0.10348045086721341,0.0,
08043,3,11,1.0,2,0.12566699246745822,0.0,
08045,1,8,1.0,2,0.10894781472108699,0.0,
08055,2,4,1.0,2,0.08084135811632609,0.0,
08059,1,33,1.0,2,0.3233186742936333,0.0,
08067,1,6,1.0,2,0.09680650617677733,0.0,
08069,1,24,1.0,2,0.38418489525894034,0.0,
08077,2,19,1.0,2,0.4569279209181364,0.0,
08081,2,5,1.0,2,0.15003767141462776,0.0,
08087,2,10,1.0,2,0.21714373842211188,0.0,
08099,3,6,1.0,2,0.0899206780870551,0.0,
08101,3,15,1.0,2,0.5380280750346945,1.0,
08107,1,9,1.0,2,0.06060323705808907,0.0,
08109,4,8,1.0,2,0.07104417612229001,0.0,
08113,1,7,1.0,2,0.03532513305990231,0.0,
08121,2,12,1.0,2,0.06108811242564599,0.0,
08123,1,41,1.0,2,0.486801969485135,0.0,
09001,1,46,1.0,2,0.28202205622674464,0.0,
09003,1,58,1.0,2,0.43553364110167747,0.0,
09005,1,40,1.0,2,0.10303206638622449,0.0,
09007,1,24,1.0,2,0.20841706009573863,0.0,
09009,1,41,1.0,2,0.3726376518001386,0.0,
09011,1,31,1.0,2,0.3041109637732729,0.0,
09015,1,31,1.0,2,0.2650147579423415,0.0,
10001,1,18,1.0,2,0.40900870049223875,0.0,
10005,2,24,1.0,2,0.21121082249967985,0.0,
12001,3,23,1.0,2,0.154283734296045,0.0,
12003,2,5,1.0,2,0.0785949927910812,0.0,
12005,2,16,1.0,2,0.17025580203637983,0.0,
12015,2,17,1.0,2,0.09603732080286127,0.0,
12017,3,15,1.0,2,0.0802724643820138,0.0,
12019,2,12,1.0,2,0.1311570177458651,0.0,
12023,3,8,1.0,2,0.1320457652701086,0.0,
12033,1,18,1.0,2,0.1734998587948791,0.0,
12035,2,7,1.0,2,0.09046853978719402,0.0,
12039,4,7,1.0,2,0.2632238181460427,0.0,
12041,4,5,1.0,2,0.08083598184858277,0.0,
12043,4,5,1.0,2,0.10759774610471634,0.0,
12049,4,4,1.0,2,0.10403663058743172,0.0,
12051,4,6,1.0,2,0.13819486980278584,0.0,
12053,3,12,1.0,2,0.21732823780771157,0.0,
12055,3,9,1.0,2,0.10600969465189816,0.0,
12059,4,4,1.0,2,0.061332297197990604,0.0,
12061,2,9,1.0,2,0.09273590947876793,0.0,
12063,1,14,1.0,2,0.09860824198569242,0.0,
12065,4,4,1.0,2,0.08320422263113518,0.0,
12073,3,10,1.0,2,0.2064059648255605,0.0,
12075,4,13,1.0,2,0.09381466790422865,0.0,
12079,4,5,1.0,2,0.1174719721539912,0.0,
12083,3,31,1.0,2,0.12124556133977658,0.0,
12085,1,12,1.0,2,0.09179477910961104,0.0,
12087,2,11,1.0,2,0.08687626996593449,0.0,
12089,1,6,1.0,2,0.06648626738251949,0.0,
12091,2,14,1.0,2,0.09554403912755426,0.0,
12097,3,17,1.0,2,0.27445301291745444,0.0,
12101,2,31,1.0,2,0.20310786497212416,0.0,
12107,4,17,1.0,2,0.12284927717662779,0.0,
12109,1,12,1.0,2,0.06992652854897097,0.0,
12111,2,17,1.0,2,0.17544890309723196,0.0,
12113,1,9,1.0,2,0.09183503223232535,0.0,
12117,2,17,1.0,2,0.18625345800722132,0.0,
12119,1,11,1.0,2,0.10600390730506755,0.0,
12121,3,9,1.0,2,0.09992385188715194,0.0,
12129,2,4,1.0,2,0.08091185416903784,0.0,
12131,2,12,1.0,2,0.07169507881431438,0.0,
12133,4,10,1.0,2,0.11528130680412647,0.0,
13001,4,7,1.0,2,0.30145064911877756,0.0,
13003,4,5,1.0,2,0.26609120417976956,0.0,
13005,4,3,1.0,2,0.2957353741420491,0.0,
13009,4,6,1.0,2,0.6562956782965444,1.0,
13013,2,8,1.0,2,0.232890043271921,0.0,
13015,2,14,1.0,2,0.27129237551594276,0.0,
13017,4,4,1.0,2,0.2992885691754022,0.0,
13019,4,6,1.0,2,0.22464954486013758,0.0,
13021,1,12,1.0,2,0.6438116366070671,1.0,
13023,4,6,1.0,2,0.23426505259176517,0.0,
13025,4,6,1.0,2,0.1733174097618611,0.0,
13031,1,11,1.0,2,0.3769184900515641,0.0,
13033,4,9,1.0,2,0.38276454048978537,0.0,
13035,4,5,1.0,2,0.39145428921223313,0.0,
13039,3,8,1.0,2,0.15828238364804928,0.0,
13043,4,4,1.0,2,0.30095996121390606,0.0,
13045,1,11,1.0,2,0.5860765465519348,1.0,
13055,4,6,1.0,2,0.15591758690274132,0.0,
13057,1,15,1.0,2,0.13115531004036496,0.0,
13059,1,9,1.0,2,0.9141758989059119,1.0,
13063,1,16,1.0,2,0.7108197582884846,1.0,
13069,4,10,1.0,2,0.38880675217326727,0.0,
13071,4,13,1.0,2,0.34101904129502075,0.0,
13073,1,7,1.0,2,0.1302318985022295,0.0,
13075,4,5,1.0,2,0.31729449877189053,0.0,
13077,1,10,1.0,2,0.22903522913292126,0.0,
13083,3,5,1.0,2,0.11841016829430781,0.0,
13085,1,5,1.0,2,0.10868508350392472,0.0,
13087,4,8,1.0,2,0.2968440498687709,0.0,
13093,4,8,1.0,2,0.2626231151387856,0.0,
13095,4,6,1.0,2,0.5123925163647878,1.0,
13097,2,8,1.0,2,0.37682854148895756,0.0,
13101,3,6,1.0,2,0.18576061420050632,0.0,
13103,1,8,1.0,2,0.12792345064928975,0.0,
13107,4,13,1.0,2,0.2822487287961521,0.0,
13109,4,6,1.0,2,0.33447444540074456,0.0,
13111,3,8,1.0,2,0.05302216934642492,0.0,
13113,1,8,1.0,2,0.20073799202562725,0.0,
13115,4,13,1.0,2,0.25373353146356564,0.0,
13119,3,10,1.0,2,0.20636962336685583,0.0,
13127,3,8,1.0,2,0.19425021114434207,0.0,
13129,4,8,1.0,2,0.23954887216129264,0.0,
13137,3,7,1.0,2,0.20396241455370093,0.0,
13139,2,19,1.0,2,0.3029683691764796,0.0,
13149,3,6,1.0,2,0.13214711067551616,0.0,
13151,2,11,1.0,2,0.3724827225222642,0.0,
13153,2,12,1.0,2,0.45360682234932237,0.0,
13155,4,7,1.0,2,0.2374142805005435,0.0,
13157,2,16,1.0,2,0.1755250805985489,0.0,
13163,4,9,1.0,2,0.2822181474102368,0.0,
13165,4,5,1.0,2,0.2518882842133845,0.0,
13167,4,5,1.0,2,0.1806531924526895,0.0,
13169,4,8,1.0,2,0.3452247710265431,0.0,
13175,4,15,1.0,2,0.2939592517904706,0.0,
13179,1,9,1.0,2,0.37788141419148624,0.0,
13189,4,4,1.0,2,0.3069910973792977,0.0,
13191,3,4,1.0,2,0.11177186733488147,0.0,
13193,4,10,1.0,2,0.24838528430449774,0.0,
13195,3,11,1.0,2,0.18792764665721626,0.0,
13197,4,4,1.0,2,0.12344995204356979,0.0,
13215,4,11,1.0,2,0.42370167424072785,0.0,
13217,3,11,1.0,2,0.46675403671299515,0.0,
13219,1,8,1.0,2,0.1389604554527841,0.0,
13223,1,11,1.0,2,0.2711701920956197,0.0,
13225,4,3,1.0,2,0.45373757529551867,0.0,
13227,2,9,1.0,2,0.09786572139836378,0.0,
13233,4,8,1.0,2,0.29496041932747646,0.0,
13235,4,5,1.0,2,0.21745414698492826,0.0,
13237,4,5,1.0,2,0.18566611556559023,0.0,
13247,2,9,1.0,2,0.47702147055449234,0.0,
13253,4,4,1.0,2,0.19792120065646493,0.0,
13257,3,5,1.0,2,0.21575799069275353,0.0,
13261,4,8,1.0,2,0.3211354986299704,0.0,
13267,4,6,1.0,2,0.2501003875841334,0.0,
13273,4,7,1.0,2,0.24632766475516946,0.0,
13275,3,9,1.0,2,0.19637471488000544,0.0,
13277,4,9,1.0,2,0.39585249385786037,0.0,
13279,4,3,1.0,2,0.2812329632601614,0.0,
13281,3,3,1.0,2,0.028494751171475513,0.0,
13285,4,7,1.0,2,0.2829097338514918,0.0,
13287,4,4,1.0,2,0.2921114828576522,0.0,
13291,3,4,1.0,2,0.0611798871930331,0.0,
13293,4,7,1.0,2,0.27866209311748547,0.0,
13295,3,14,1.0,2,0.18501571428395136,0.0,
13297,2,11,1.0,2,0.3067215380952386,0.0,
13299,4,7,1.0,2,0.36675214077470325,0.0,
13301,4,9,1.0,2,0.27216826809028777,0.0,
13303,4,10,1.0,2,0.21071498993911053,0.0,
13305,4,6,1.0,2,0.23939512382473158,0.0,
13309,4,4,1.0,2,0.13398455084099822,0.0,
13313,4,8,1.0,2,0.2595513975188833,0.0,
13315,4,8,1.0,2,0.16088638765430047,0.0,
13317,4,5,1.0,2,0.11515406674865589,0.0,
16001,1,17,1.0,2,0.16380517137161843,0.0,
16011,3,11,1.0,2,0.09520165162830337,0.0,
16013,2,8,1.0,2,0.07917396049515824,0.0,
16017,2,18,1.0,2,0.11367380756039534,0.0,
16019,2,14,1.0,2,0.22107606823985063,0.0,
16025,4,2,1.0,2,0.1167223362526567,0.0,
16031,3,9,1.0,2,0.27445180146717596,0.0,
16035,3,7,1.0,2,0.03623962823410597,0.0,
16039,3,7,1.0,2,0.09825314712320148,0.0,
16041,1,7,1.0,2,0.10933488615248645,0.0,
16045,2,7,1.0,2,0.13574166318280992,0.0,
16047,3,6,1.0,2,0.19201058045958153,0.0,
16055,2,13,1.0,2,0.21085232890808747,0.0,
16059,3,10,1.0,2,0.07009693010943902,0.0,
16069,2,10,1.0,2,0.13675290554735617,0.0,
16073,3,12,1.0,2,0.19919605080872452,0.0,
16075,3,7,1.0,2,0.20501213021707024,0.0,
16079,4,15,1.0,2,0.10061193724572412,0.0,
16081,1,5,1.0,2,0.02653292967566775,0.0,
16083,3,10,1.0,2,0.30233170857448516,0.0,
16087,4,5,1.0,2,0.0953620571174806,0.0,
17001,2,23,1.0,2,0.16762876400456905,0.0,
17003,1,8,1.0,2,0.3095739350622058,0.0,
17007,1,15,1.0,2,0.3057888415657012,0.0,
17011,2,30,1.0,2,0.20545975434963945,0.0,
17013,2,7,1.0,2,0.06817671317305704,0.0,
17017,3,7,1.0,2,0.13830739183784144,0.0,
17019,3,35,1.0,2,0.3810925211788626,0.0,
17021,2,20,1.0,2,0.18352958939956335,0.0,
17025,3,13,1.0,2,0.17518396582403412,0.0,
17027,1,17,1.0,2,0.17658761742039625,0.0,
17033,2,10,1.0,2,0.16629180682142922,0.0,
17039,2,13,1.0,2,0.1969698783542323,0.0,
17041,2,13,1.0,2,0.18943294329687416,0.0,
17043,1,43,1.0,2,0.23866613545864254,0.0,
17045,2,15,1.0,2,0.11656849303375912,0.0,
17049,2,15,1.0,2,0.16893779852240332,0.0,
17053,2,21,1.0,2,0.18991790968497224,0.0,
17055,4,19,1.0,2,0.2884331558712563,0.0,
17057,3,24,1.0,2,0.18664611527879624,0.0,
17059,4,9,1.0,2,0.1900390884159332,0.0,
17063,1,16,1.0,2,0.27657852306494674,0.0,
17073,1,23,1.0,2,0.1867039822524993,0.0,
17075,2,25,1.0,2,0.18636597048961423,0.0,
17081,3,17,1.0,2,0.27787963785245684,0.0,
17087,2,10,1.0,2,0.18523173266911075,0.0,
17091,2,21,1.0,2,0.4285029491190375,0.0,
17093,1,19,1.0,2,0.2993139583301687,0.0,
17095,3,22,1.0,2,0.31501526949433556,0.0,
17097,1,35,1.0,2,0.311555511476003,0.0,
17099,2,28,1.0,2,0.31684174949470556,0.0,
17103,2,24,1.0,2,0.2224480727125362,0.0,
17105,3,29,1.0,2,0.27763875293531504,0.0,
17107,1,20,1.0,2,0.1992838203659136,0.0,
17109,4,17,1.0,2,0.30936313429468415,0.0,
17111,1,24,1.0,2,0.22334518586178398,0.0,
17113,2,33,1.0,2,0.3677590328686124,0.0,
17115,3,27,1.0,2,0.4194066236752041,0.0,
17117,2,28,1.0,2,0.21982659395269527,0.0,
17121,3,15,1.0,2,0.2419874497019551,0.0,
17123,2,19,1.0,2,0.16190363181691347,0.0,
17125,3,11,1.0,2,0.14805734416371677,0.0,
17127,3,8,1.0,2,0.2791548187225162,0.0,
17133,1,9,1.0,2,0.1541814970223301,0.0,
17137,3,16,1.0,2,0.22839281840416456,0.0,
17141,2,27,1.0,2,0.23074039275599004,0.0,
17149,3,16,1.0,2,0.10820611007062984,0.0,
17157,2,18,1.0,2,0.23552550054516563,0.0,
17159,3,9,1.0,2,0.17416918713327942,0.0,
17161,2,20,1.0,2,0.3933954361703617,0.0,
17165,4,11,1.0,2,0.2977380744552356,0.0,
17167,2,29,1.0,2,0.31560002443785273,0.0,
17171,2,9,1.0,2,0.13694142151268873,0.0,
17173,2,22,1.0,2,0.12175889163922497,0.0,
17179,1,21,1.0,2,0.24393756603580127,0.0,
17181,3,13,1.0,2,0.13570417665609852,0.0,
17183,3,27,1.0,2,0.33218288223757814,0.0,
17187,3,14,1.0,2,0.28664902976875006,0.0,
17189,1,13,1.0,2,0.14787368421387637,0.0,
17193,3,11,1.0,2,0.10736147797187187,0.0,
17199,3,22,1.0,2,0.22074525809359355,0.0,
17201,2,26,1.0,2,0.47230403471362375,0.0,
17203,1,16,1.0,2,0.15857788988275978,0.0,
18001,3,8,1.0,2,0.4274737840824911,0.0,
18003,2,33,1.0,2,0.4915468825890504,0.0,
18005,2,14,1.0,2,0.19816622877706058,0.0,
18009,3,7,1.0,2,0.4033451272613584,0.0,
18011,1,12,1.0,2,0.21546879944615152,0.0,
18013,1,9,1.0,2,0.08583933667800452,0.0,
18017,3,12,1.0,2,0.4164890152890428,0.0,
18019,2,15,1.0,2,0.41417619130314703,0.0,
18021,2,17,1.0,2,0.2815978255321266,0.0,
18023,3,12,1.0,2,0.37652548488611054,0.0,
18029,1,9,1.0,2,0.2370690860391085,0.0,
18035,4,21,1.0,2,0.5939279071898076,1.0,
18037,1,13,1.0,2,0.1839553451428709,0.0,
18039,2,17,1.0,2,0.598626634622395,1.0,
18043,2,10,1.0,2,0.31937133091295383,0.0,
18047,1,15,1.0,2,0.18791682377962676,0.0,
18051,2,16,1.0,2,0.27372215686339196,0.0,
18053,3,15,1.0,2,0.5458026194868298,1.0,
18055,2,16,1.0,2,0.212171579010148,0.0,
18059,1,15,1.0,2,0.3616557469153496,0.0,
18061,2,16,1.0,2,0.13138665487565948,0.0,
18063,1,19,1.0,2,0.2912714631386968,0.0,
18067,2,10,1.0,2,0.5174272824397923,1.0,
18069,2,9,1.0,2,0.30547900078396706,0.0,
18071,3,8,1.0,2,0.17760241156373605,0.0,
18073,1,13,1.0,2,0.3097795908506818,0.0,
18079,2,13,1.0,2,0.20215621139470025,0.0,
18081,1,12,1.0,2,0.37696326254832413,0.0,
18083,3,11,1.0,2,0.4181180353396138,0.0,
18085,1,21,1.0,2,0.3348509439892162,0.0,
18087,1,12,1.0,2,0.49066131840552735,0.0,
18091,3,15,1.0,2,0.4949619537681951,0.0,
18093,2,12,1.0,2,0.24292670187225165,0.0,
18095,3,18,1.0,2,0.5839116647003673,1.0,
18101,2,7,1.0,2,0.16852965876532727,0.0,
18105,1,18,1.0,2,0.9436813299657739,1.0,
18107,2,16,1.0,2,0.24593401702418727,0.0,
18109,1,14,1.0,2,0.3442951254656478,0.0,
18117,3,11,1.0,2,0.138335687047401,0.0,
18123,2,14,1.0,2,0.06586516800609389,0.0,
18127,1,15,1.0,2,0.39498117337688077,0.0,
18129,1,7,1.0,2,0.21721595354553955,0.0,
18133,1,15,1.0,2,0.25779371539311546,0.0,
18139,2,16,1.0,2,0.3662634478092257,0.0,
18141,3,24,1.0,2,0.6120479536143245,1.0,
18143,3,6,1.0,2,0.18137193634427845,0.0,
18145,2,17,1.0,2,0.4398237877263933,0.0,
18147,1,16,1.0,2,0.19238371332344262,0.0,
18149,3,11,1.0,2,0.4135159167791278,0.0,
18153,3,13,1.0,2,0.2595572170807363,0.0,
18157,3,18,1.0,2,0.44380179448631585,0.0,
18163,3,11,1.0,2,0.5196965321928286,1.0,
18167,1,18,1.0,2,0.8052363460037896,1.0,
18169,2,14,1.0,2,0.29266335377833075,0.0,
18173,1,12,1.0,2,0.19148726382967834,0.0,
18175,2,12,1.0,2,0.11807198517207623,0.0,
18177,3,17,1.0,2,0.5043057557074763,1.0,
19003,2,9,1.0,2,0.07144876609081673,0.0,
19007,3,11,1.0,2,0.0941604787231341,0.0,
19009,2,11,1.0,2,0.05981857348728001,0.0,
19011,1,24,1.0,2,0.10441059376499108,0.0,
19013,3,17,1.0,2,0.3423014469187591,0.0,
19015,3,18,1.0,2,0.23191726834096033,0.0,
19021,2,13,1.0,2,0.11963522515796657,0.0,
19023,1,16,1.0,2,0.06833879924572826,0.0,
19027,1,16,1.0,2,0.07257068947664572,0.0,
19031,1,18,1.0,2,0.09258339314941222,0.0,
19037,1,9,1.0,2,0.07999728839471745,0.0,
19039,3,9,1.0,2,0.09298398591033326,0.0,
19041,2,15,1.0,2,0.08992448926808928,0.0,
19045,2,20,1.0,2,0.19942649501870752,0.0,
19049,1,25,1.0,2,0.15581146501775575,0.0,
19057,3,12,1.0,2,0.2568643260477259,0.0,
19061,2,19,1.0,2,0.1570417187140621,0.0,
19067,3,13,1.0,2,0.09424617950497981,0.0,
19071,2,11,1.0,2,0.0681594639869515,0.0,
19077,1,18,1.0,2,0.04410516427716595,0.0,
19079,1,15,1.0,2,0.0885129839537965,0.0,
19087,2,11,1.0,2,0.15195555034988412,0.0,
19095,1,21,1.0,2,0.06775139293904668,0.0,
19097,2,14,1.0,2,0.07991297428720448,0.0,
19099,1,19,1.0,2,0.08228490036342934,0.0,
19103,1,24,1.0,2,0.45411223815070223,0.0,
19105,2,16,1.0,2,0.10190354559706782,0.0,
19109,2,21,1.0,2,0.0745829418880633,0.0,
19111,3,12,1.0,2,0.19601752415481918,0.0,
19113,1,29,1.0,2,0.19311908537534014,0.0,
19121,1,14,1.0,2,0.054422064412180206,0.0,
19123,2,20,1.0,2,0.10618928925064658,0.0,
19127,2,21,1.0,2,0.15813597730868237,0.0,
19129,1,11,1.0,2,0.08556172353337275,0.0,
19133,2,15,1.0,2,0.05925355070446485,0.0,
19145,2,12,1.0,2,0.063681700447613,0.0,
19149,1,14,1.0,2,0.14445923666719532,0.0,
19151,2,16,1.0,2,0.09578356904730326,0.0,
19155,2,24,1.0,2,0.1902948507029449,0.0,
19157,2,17,1.0,2,0.062075049895185606,0.0,
19161,2,16,1.0,2,0.06222802824621877,0.0,
19163,2,22,1.0,2,0.32109396257016337,0.0,
19169,3,22,1.0,2,0.24762812733387457,0.0,
19179,3,12,1.0,2,0.1709968658518307,0.0,
19181,1,19,1.0,2,0.11539017795040096,0.0,
19187,3,22,1.0,2,0.21412671741708258,0.0,
19193,2,25,1.0,2,0.3204489682357422,0.0,
19197,2,16,1.0,2,0.080485717545615,0.0,
20001,3,11,1.0,2,0.2701998202050431,0.0,
20005,2,10,1.0,2,0.17912274664171599,0.0,
20009,3,10,1.0,2,0.12120013496662804,0.0,
20011,4,13,1.0,2,0.15649540220051372,0.0,
20015,2,20,1.0,2,0.22016043676738706,0.0,
20019,4,10,1.0,2,0.11682144313819177,0.0,
20021,1,13,1.0,2,0.2590523384773511,0.0,
20027,1,10,1.0,2,0.04013276198778628,0.0,
20029,3,8,1.0,2,0.0796039533470525,0.0,
20035,3,14,1.0,2,0.29982998194313,0.0,
20037,1,15,1.0,2,0.34038237077504246,0.0,
20039,2,8,1.0,2,0.02685769093719421,0.0,
20041,2,12,1.0,2,0.14778429795031844,0.0,
20045,1,12,1.0,2,0.6154511622754877,1.0,
20047,3,7,1.0,2,0.039881757358848025,0.0,
20051,3,11,1.0,2,0.12359643127188469,0.0,
20055,3,7,1.0,2,0.15425715701264597,0.0,
20057,4,10,1.0,2,0.20052559433821007,0.0,
20059,2,13,1.0,2,0.2086403854275674,0.0,
20061,3,8,1.0,2,0.49633583978428275,0.0,
20067,2,3,1.0,2,0.08295111652029329,0.0,
20073,3,11,1.0,2,0.1215896690993757,0.0,
20079,1,13,1.0,2,0.1792027313661245,0.0,
20083,2,8,1.0,2,0.03682434184061909,0.0,
20085,2,18,1.0,2,0.08089653179066048,0.0,
20087,2,15,1.0,2,0.17024923153844226,0.0,
20095,1,12,1.0,2,0.037521842985529394,0.0,
20097,2,7,1.0,2,0.03719543634608692,0.0,
20099,4,13,1.0,2,0.29037864340075287,0.0,
20103,1,13,1.0,2,0.2866886255478221,0.0,
20111,3,12,1.0,2,0.42640511122516717,0.0,
20113,1,12,1.0,2,0.11939459931636291,0.0,
20121,1,11,1.0,2,0.08635789531393151,0.0,
20125,3,13,1.0,2,0.37470835380276607,0.0,
20127,2,9,1.0,2,0.14345402502737278,0.0,
20129,2,5,1.0,2,0.07175926859059735,0.0,
20133,4,11,1.0,2,0.2763853972690203,0.0,
20135,3,9,1.0,2,0.01807312665802867,0.0,
20139,2,15,1.0,2,0.18696428266827178,0.0,
20147,2,9,1.0,2,0.033188379113883594,0.0,
20149,2,12,1.0,2,0.2794350955415361,0.0,
20155,2,22,1.0,2,0.23218192878174634,0.0,
20159,2,13,1.0,2,0.06631495902552893,0.0,
20161,3,14,1.0,2,0.6150466097286463,1.0,
20163,2,10,1.0,2,0.05022900045114552,0.0,
20167,2,11,1.0,2,0.05670356660094094,0.0,
20169,2,9,1.0,2,0.21999489043041584,0.0,
20175,4,6,1.0,2,0.27913962406017145,0.0,
20179,1,11,1.0,2,0.026148927477458995,0.0,
20201,2,15,1.0,2,0.011863397816590543,0.0,
20205,4,10,1.0,2,0.2513121985550062,0.0,
21001,4,10,1.0,2,0.1675144821876047,0.0,
21003,4,6,1.0,2,0.22629666273175114,0.0,
21009,4,11,1.0,2,0.32433609668404106,0.0,
21011,4,8,1.0,2,0.17562874970732906,0.0,
21013,4,11,1.0,2,0.2525506877685499,0.0,
21015,1,9,1.0,2,0.3335857403583938,0.0,
21019,3,4,1.0,2,0.4214331436208315,0.0,
21021,3,5,1.0,2,0.2551373255656107,0.0,
21023,3,7,1.0,2,0.15985885327751712,0.0,
21027,3,18,1.0,2,0.13428601759669545,0.0,
21029,1,11,1.0,2,0.4228498946878731,0.0,
21033,3,6,1.0,2,0.1405940545747252,0.0,
21037,2,10,1.0,2,0.3727835002347986,0.0,
21041,4,8,1.0,2,0.3753038089930889,0.0,
21047,4,15,1.0,2,0.39949689545443867,0.0,
21049,3,4,1.0,2,0.25656544204966664,0.0,
21051,4,10,1.0,2,0.20474189300242218,0.0,
21057,4,3,1.0,2,0.11138287794652217,0.0,
21059,3,10,1.0,2,0.4561750999483969,0.0,
21061,4,12,1.0,2,0.1707929371337162,0.0,
21063,4,6,1.0,2,0.1788162437220816,0.0,
21067,2,17,1.0,2,0.3129868719950523,0.0,
21069,4,7,1.0,2,0.20956781202401412,0.0,
21071,4,33,1.0,2,0.2810539740433314,0.0,
21073,2,5,1.0,2,0.20006434369925458,0.0,
21075,4,3,1.0,2,0.2929700557084596,0.0,
21077,3,6,1.0,2,0.3027026397355784,0.0,
21079,3,5,1.0,2,0.19972100916848182,0.0,
21081,3,8,1.0,2,0.28369411214402707,0.0,
21083,4,18,1.0,2,0.3360011525045868,0.0,
21085,4,9,1.0,2,0.18218014168440103,0.0,
21093,2,17,1.0,2,0.3606391447119454,0.0,
21097,3,6,1.0,2,0.1712303282922374,0.0,
21099,4,10,1.0,2,0.17640145475862692,0.0,
21101,3,8,1.0,2,0.46274772243299167,0.0,
21103,3,13,1.0,2,0.1881957706641657,0.0,
21105,4,7,1.0,2,0.19868807362696236,0.0,
21107,4,13,1.0,2,0.2897669944507125,0.0,
21113,3,4,1.0,2,0.2549591414040818,0.0,
21115,4,19,1.0,2,0.22764788597572275,0.0,
21117,2,12,1.0,2,0.38656994799056715,0.0,
21119,4,24,1.0,2,0.22611303070265967,0.0,
21121,4,19,1.0,2,0.21603761785383238,0.0,
21125,4,8,1.0,2,0.3085656365321037,0.0,
21127,4,10,1.0,2,0.23019218673983396,0.0,
21133,1,26,1.0,2,0.27522285176450295,0.0,
21137,4,11,1.0,2,0.2025638665379936,0.0,
21141,4,7,1.0,2,0.23973073068641979,0.0,
21145,3,7,1.0,2,0.5071218929891367,1.0,
21149,2,7,1.0,2,0.2063931002748249,0.0,
21151,1,5,1.0,2,0.4033873387393372,0.0,
21153,4,4,1.0,2,0.18367049223387644,0.0,
21159,4,9,1.0,2,0.18538821209228584,0.0,
21161,4,5,1.0,2,0.24719059988631684,0.0,
21163,2,12,1.0,2,0.2223243476558263,0.0,
21167,2,5,1.0,2,0.16549081496651052,0.0,
21171,4,6,1.0,2,0.09869058438847,0.0,
21173,4,5,1.0,2,0.31021218107296017,0.0,
21175,4,8,1.0,2,0.15909487398428798,0.0,
21179,1,9,1.0,2,0.17338574101400528,0.0,
21183,3,16,1.0,2,0.1402124916028928,0.0,
21185,1,11,1.0,2,0.1490816079412175,0.0,
21191,3,10,1.0,2,0.17254876541329597,0.0,
21195,4,39,1.0,2,0.19804864982968734,0.0,
21197,4,4,1.0,2,0.23712177567954415,0.0,
21199,4,11,1.0,2,0.28300455213560183,0.0,
21201,4,7,1.0,2,0.11546638473059259,0.0,
21203,4,7,1.0,2,0.212625202984137,0.0,
21205,4,4,1.0,2,0.1319318716804354,0.0,
21207,4,7,1.0,2,0.21055742029149208,0.0,
21209,2,6,1.0,2,0.2402984499875172,0.0,
21211,2,14,1.0,2,0.28993431395106056,0.0,
21217,4,6,1.0,2,0.21541379478565942,0.0,
21221,2,5,1.0,2,0.11438869104949476,0.0,
21225,4,5,1.0,2,0.2465271201487205,0.0,
21227,3,9,1.0,2,0.2917866278770794,0.0,
21231,4,5,1.0,2,0.2269657103165436,0.0,
21235,4,7,1.0,2,0.2639123923832087,0.0,
21237,4,5,1.0,2,0.2130542598449401,0.0,
21239,2,3,1.0,2,0.15723640392411303,0.0,
22001,4,15,1.0,2,0.359436325027655,0.0,
22003,3,13,1.0,2,0.15049803443267537,0.0,
22005,1,8,1.0,2,0.309119396549853,0.0,
22009,4,15,1.0,2,0.22483162790773098,0.0,
22011,3,9,1.0,2,0.17303778783325527,0.0,
22013,4,13,1.0,2,0.23786787487361588,0.0,
22019,3,16,1.0,2,0.47621270339001076,0.0,
22021,4,4,1.0,2,0.16393196563932916,0.0,
22023,4,8,1.0,2,0.4569941597690374,0.0,
22027,4,11,1.0,2,0.285033748905184,0.0,
22031,4,10,1.0,2,0.17851772756686154,0.0,
22039,4,12,1.0,2,0.28660080666411797,0.0,
22041,4,7,1.0,2,0.29398329447245697,0.0,
22043,3,8,1.0,2,0.10723307278131478,0.0,
22045,4,10,1.0,2,0.401257975589618,0.0,
22047,3,8,1.0,2,0.4732966259567392,0.0,
22049,4,7,1.0,2,0.2938089954987043,0.0,
22053,3,10,1.0,2,0.3035972845112271,0.0,
22055,1,16,1.0,2,0.3440465607614092,0.0,
22057,3,14,1.0,2,0.3031622753583207,0.0,
22063,2,17,1.0,2,0.288958868873135,0.0,
22065,4,4,1.0,2,0.3190359118226791,0.0,
22069,4,16,1.0,2,0.30116661878024786,0.0,
22077,3,17,1.0,2,0.2467907241533541,0.0,
22079,4,27,1.0,2,0.34204330370128216,0.0,
22083,4,6,1.0,2,0.3219832406273403,0.0,
22087,4,6,1.0,2,0.6841948555846024,1.0,
22089,1,10,1.0,2,0.2958403281344848,0.0,
22093,3,7,1.0,2,0.4165993210149465,0.0,
22095,3,6,1.0,2,0.5320072598338913,1.0,
22099,4,8,1.0,2,0.3136376858501719,0.0,
22101,4,8,1.0,2,0.3664775183268705,0.0,
22103,2,17,1.0,2,0.18668705416062645,0.0,
22105,1,20,1.0,2,0.5026980109519431,1.0,
22107,4,4,1.0,2,0.12451881211546459,0.0,
22109,3,13,1.0,2,0.3856584492539646,0.0,
22111,3,10,1.0,2,0.16770647035386058,0.0,
22113,3,12,1.0,2,0.26059400187885134,0.0,
22115,3,13,1.0,2,0.209123401723183,0.0,
22117,4,6,1.0,2,0.20723687105676813,0.0,
22119,4,12,1.0,2,0.36197532874954136,0.0,
22121,2,5,1.0,2,0.47195665044754403,0.0,
22123,4,4,1.0,2,0.14005753896996312,0.0,
22127,4,12,1.0,2,0.17657415595196801,0.0,
23001,2,14,1.0,2,0.16491298409894378,0.0,
23005,1,38,1.0,2,0.09642029838572685,0.0,
23007,1,18,1.0,2,0.07494238560298888,0.0,
23009,2,40,1.0,2,0.06798503454995912,0.0,
23011,2,27,1.0,2,0.11689658962343193,0.0,
23013,1,19,1.0,2,0.08035785114929808,0.0,
23017,1,33,1.0,2,0.09988526755449159,0.0,
23019,1,47,1.0,2,0.3072948997213018,0.0,
23021,3,16,1.0,2,0.052224033471395336,0.0,
23025,4,24,1.0,2,0.13558390907047513,0.0,
23027,2,18,1.0,2,0.0629034219510108,0.0,
23031,1,36,1.0,2,0.13627609939493113,0.0,
24001,3,15,1.0,2,0.15564556505287067,0.0,
24011,3,10,1.0,2,0.33628662995528813,0.0,
24013,1,15,1.0,2,0.07124161903859029,0.0,
24017,1,24,1.0,2,0.1617076832774867,0.0,
24019,3,18,1.0,2,0.2707571861243762,0.0,
24021,1,34,1.0,2,0.08471528999180403,0.0,
24027,1,24,1.0,2,0.12581429499414168,0.0,
24029,2,9,1.0,2,0.1631915974603513,0.0,
24035,1,16,1.0,2,0.15000836756521038,0.0,
24037,1,26,1.0,2,0.20164065805943926,0.0,
24039,1,11,1.0,2,0.44149592675861754,0.0,
24041,1,16,1.0,2,0.1258327654887924,0.0,
24043,1,20,1.0,2,0.2519950049999807,0.0,
24047,2,12,1.0,2,0.19921734418872084,0.0,
25001,1,47,1.0,2,0.18270087800516097,0.0,
25005,2,36,1.0,2,0.40827708237969046,0.0,
25011,2,32,1.0,2,0.0953726970206311,0.0,
25013,2,41,1.0,2,0.4686689530974489,0.0,
25015,1,28,1.0,2,0.16763310989193408,0.0,
25023,1,34,1.0,2,0.25796911498553743,0.0,
25025,3,36,1.0,2,0.5715918860250944,1.0,
25027,1,87,1.0,2,0.294729784054363,0.0,
26005,2,24,1.0,2,0.3805460373625352,0.0,
26009,2,16,1.0,2,0.1277533272201334,0.0,
26011,3,10,1.0,2,0.29605709945646996,0.0,
26013,3,7,1.0,2,0.05841510178941314,0.0,
26015,1,15,1.0,2,0.24663033903376233,0.0,
26017,2,16,1.0,2,0.47120005158348927,0.0,
26021,1,23,1.0,2,0.5450883839946348,1.0,
26023,3,13,1.0,2,0.41061642738293963,0.0,
26025,3,22,1.0,2,0.4644872656457831,0.0,
26027,2,14,1.0,2,0.4296941462944218,0.0,
26041,3,13,1.0,2,0.1886643207646086,0.0,
26045,1,19,1.0,2,0.3738352452440705,0.0,
26049,3,34,1.0,2,0.5066546478174865,1.0,
26055,1,9,1.0,2,0.17617368249243254,0.0,
26059,3,18,1.0,2,0.31875532554209723,0.0,
26061,4,20,1.0,2,0.1134641544044008,0.0,
26063,2,18,1.0,2,0.25702958031794587,0.0,
26065,1,22,1.0,2,0.9514168270437344,1.0,
26067,2,21,1.0,2,0.3034941593382754,0.0,
26073,4,15,1.0,2,0.4027252133117841,0.0,
26075,2,29,1.0,2,0.4590218607246199,0.0,
26077,2,25,1.0,2,0.4504171368188317,0.0,
26081,2,39,1.0,2,0.506870828110831,1.0,
26087,2,22,1.0,2,0.2638476706063288,0.0,
26091,2,23,1.0,2,0.3300442277939951,0.0,
26093,1,20,1.0,2,0.21532046750670097,0.0,
26099,2,39,1.0,2,0.6141147593546449,1.0,
26101,2,15,1.0,2,0.1549578469164469,0.0,
26103,2,15,1.0,2,0.10047752006421254,0.0,
26115,1,25,1.0,2,0.44137454324432174,0.0,
26121,3,20,1.0,2,0.5149452720674396,1.0,
26123,3,21,1.0,2,0.27881655987779486,0.0,
26127,3,12,1.0,2,0.270144022470015,0.0,
26137,3,7,1.0,2,0.17502442883094743,0.0,
26139,1,22,1.0,2,0.33199376599747515,0.0,
26141,2,7,1.0,2,0.06365671372283155,0.0,
26145,3,28,1.0,2,0.45375526835642394,0.0,
26147,2,23,1.0,2,0.38685183187218436,0.0,
26149,3,13,1.0,2,0.4342704881057372,0.0,
26151,3,22,1.0,2,0.28025611854096916,0.0,
26155,2,19,1.0,2,0.28579841989445776,0.0,
26157,3,21,1.0,2,0.26616470515366536,0.0,
26159,3,22,1.0,2,0.40665029613220016,0.0,
26161,2,27,1.0,2,0.3721063444634704,0.0,
27001,2,12,1.0,2,0.020340371768822585,0.0,
27003,1,20,1.0,2,0.18602949600405827,0.0,
27005,2,16,1.0,2,0.0674350014905777,0.0,
27007,3,18,1.0,2,0.12266716439948484,0.0,
27009,1,9,1.0,2,0.07640614517398611,0.0,
27025,1,15,1.0,2,0.07463460568376498,0.0,
27027,2,15,1.0,2,0.15101854947526017,0.0,
27037,1,22,1.0,2,0.16137974349052292,0.0,
27041,1,17,1.0,2,0.04474527131156822,0.0,
27047,2,18,1.0,2,0.1454668995001228,0.0,
27049,1,17,1.0,2,0.08213290644923216,0.0,
27057,2,10,1.0,2,0.042647508704767696,0.0,
27061,2,30,1.0,2,0.05135885879345002,0.0,
27079,1,13,1.0,2,0.09609116502469586,0.0,
27083,3,14,1.0,2,0.08234061416022712,0.0,
27095,2,12,1.0,2,0.05098541489566921,0.0,
27097,2,20,1.0,2,0.048851670353224914,0.0,
27099,2,19,1.0,2,0.10990563771147871,0.0,
27109,1,19,1.0,2,0.09673700744853035,0.0,
27111,1,34,1.0,2,0.057001936769695935,0.0,
27115,2,16,1.0,2,0.041587705615886095,0.0,
27119,2,25,1.0,2,0.06788199112330008,0.0,
27123,2,26,1.0,2,0.3596181592418129,0.0,
27127,2,22,1.0,2,0.04177892268124138,0.0,
27129,2,16,1.0,2,0.04732633760327428,0.0,
27131,1,16,1.0,2,0.16152508080401412,0.0,
27135,1,11,1.0,2,0.04520736055724949,0.0,
27139,1,10,1.0,2,0.12988313058630288,0.0,
27141,1,9,1.0,2,0.10782600163453011,0.0,
27145,2,33,1.0,2,0.20334718791898765,0.0,
27151,3,11,1.0,2,0.04227417543970459,0.0,
27153,2,19,1.0,2,0.04934779976945885,0.0,
27163,1,19,1.0,2,0.14145480266251736,0.0,
27169,2,14,1.0,2,0.10208570546920356,0.0,
27171,1,19,1.0,2,0.10897429561816373,0.0,
28001,4,2,1.0,2,0.1293152464142403,0.0,
28003,4,5,1.0,2,0.11955389847073286,0.0,
28007,4,11,1.0,2,0.09067978278253774,0.0,
28011,4,17,1.0,2,0.4843061712842125,0.0,
28013,4,11,1.0,2,0.04857323676770179,0.0,
28015,4,13,1.0,2,0.16575914451412427,0.0,
28019,4,9,1.0,2,0.055222116088909125,0.0,
28023,4,9,1.0,2,0.06265227122567824,0.0,
28025,4,8,1.0,2,0.15937788550861406,0.0,
28027,4,11,1.0,2,0.4976091600217039,0.0,
28029,4,9,1.0,2,0.0334021638635596,0.0,
28031,4,8,1.0,2,0.13235787877573696,0.0,
28033,1,10,1.0,2,0.2971804432353559,0.0,
28035,1,8,1.0,2,0.41695190976789726,0.0,
28037,4,8,1.0,2,0.07811428402544003,0.0,
28039,4,3,1.0,2,0.045799077644051146,0.0,
28041,3,7,1.0,2,0.0401884942692998,0.0,
28043,4,7,1.0,2,0.1337037306688215,0.0,
28045,3,10,1.0,2,0.1990737085233566,0.0,
28051,4,9,1.0,2,0.14904551907105962,0.0,
28057,3,10,1.0,2,0.09652254487482151,0.0,
28061,4,14,1.0,2,0.05366309730799751,0.0,
28065,4,9,1.0,2,0.10511702056581405,0.0,
28069,4,11,1.0,2,0.08827857218220493,0.0,
28071,4,13,1.0,2,0.7859722690019206,1.0,
28073,3,6,1.0,2,0.07789649826229374,0.0,
28075,1,12,1.0,2,0.14090999903362544,0.0,
28081,3,15,1.0,2,0.1709672248067816,0.0,
28083,4,11,1.0,2,0.3498012788878818,0.0,
28085,4,12,1.0,2,0.11997725713609214,0.0,
28087,3,8,1.0,2,0.16939445872857672,0.0,
28089,1,12,1.0,2,0.11681249279300185,0.0,
28091,4,8,1.0,2,0.1368481876749947,0.0,
28093,3,8,1.0,2,0.1806167151428683,0.0,
28095,4,12,1.0,2,0.11583363053475917,0.0,
28097,4,7,1.0,2,0.09294702412213644,0.0,
28099,4,8,1.0,2,0.15543424375468676,0.0,
28101,4,11,1.0,2,0.08011913226970634,0.0,
28103,4,6,1.0,2,0.1528709052622643,0.0,
28107,4,11,1.0,2,0.22726671985469163,0.0,
28109,3,5,1.0,2,0.06535066544016388,0.0,
28113,4,8,1.0,2,0.2139229879555522,0.0,
28115,4,11,1.0,2,0.14886067844385079,0.0,
28119,4,10,1.0,2,0.26848784730550806,0.0,
28121,1,12,1.0,2,0.1550272990346842,0.0,
28123,4,10,1.0,2,0.13720532889496895,0.0,
28127,3,10,1.0,2,0.10895841180475918,0.0,
28131,4,6,1.0,2,0.06443751631627119,0.0,
28133,4,16,1.0,2,0.46890615870090274,0.0,
28135,4,18,1.0,2,0.16145761895942826,0.0,
28137,3,5,1.0,2,0.25225041681759075,0.0,
28141,4,9,1.0,2,0.10119652468258745,0.0,
28145,3,11,1.0,2,0.09437657656297997,0.0,
28147,4,6,1.0,2,0.10840094356410673,0.0,
28153,4,7,1.0,2,0.12021808534113568,0.0,
28159,4,10,1.0,2,0.10153406131321316,0.0,
28161,4,7,1.0,2,0.06990488270658914,0.0,
28163,4,8,1.0,2,0.13892925963911976,0.0,
29001,4,9,1.0,2,0.18480781951271785,0.0,
29009,4,17,1.0,2,0.19199255859695796,0.0,
29011,4,8,1.0,2,0.15978734253452506,0.0,
29013,3,13,1.0,2,0.07723915380364633,0.0,
29015,3,13,1.0,2,0.08101396349703276,0.0,
29017,4,13,1.0,2,0.10694993186382619,0.0,
29019,1,13,1.0,2,0.14285858746361846,0.0,
29021,3,15,1.0,2,0.47738544652967724,0.0,
29023,4,10,1.0,2,0.2606408182681828,0.0,
29025,3,10,1.0,2,0.1919467453212332,0.0,
29029,3,18,1.0,2,0.09717918739101834,0.0,
29031,3,19,1.0,2,0.29515105188877094,0.0,
29033,3,10,1.0,2,0.13089277703167726,0.0,
29035,3,5,1.0,2,0.042841491817991496,0.0,
29037,1,18,1.0,2,0.17118532427525573,0.0,
29039,4,9,1.0,2,0.09860839563186789,0.0,
29041,3,12,1.0,2,0.1013513030361395,0.0,
29043,1,21,1.0,2,0.13892809775683412,0.0,
29049,1,11,1.0,2,0.16373743149077513,0.0,
29051,1,9,1.0,2,0.1315393708173107,0.0,
29055,4,12,1.0,2,0.10562603487524543,0.0,
29057,3,13,1.0,2,0.11483739232678637,0.0,
29059,4,13,1.0,2,0.12676355790805108,0.0,
29063,2,10,1.0,2,0.1762740778459676,0.0,
29065,4,8,1.0,2,0.07820108753546355,0.0,
29067,4,16,1.0,2,0.10150312927779517,0.0,
29069,4,14,1.0,2,0.358575158429607,0.0,
29071,1,23,1.0,2,0.23452901562429895,0.0,
29079,3,7,1.0,2,0.17377391226435182,0.0,
29083,4,11,1.0,2,0.11146224710754604,0.0,
29085,4,13,1.0,2,0.08561606298384096,0.0,
29091,4,12,1.0,2,0.14222357857546122,0.0,
29093,3,16,1.0,2,0.08074003911373141,0.0,
29099,1,24,1.0,2,0.31446761480004387,0.0,
29103,4,12,1.0,2,0.07947567119198355,0.0,
29105,4,12,1.0,2,0.1179047089789846,0.0,
29107,2,16,1.0,2,0.17781186700609694,0.0,
29109,3,21,1.0,2,0.1847035837050808,0.0,
29113,2,17,1.0,2,0.26280457082477454,0.0,
29115,3,15,1.0,2,0.09235250748405864,0.0,
29117,3,12,1.0,2,0.13660527619645757,0.0,
29119,1,14,1.0,2,0.19456539672109202,0.0,
29121,2,15,1.0,2,0.078365645827125,0.0,
29123,3,7,1.0,2,0.06452221090369722,0.0,
29127,3,10,1.0,2,0.1652480269805126,0.0,
29131,3,17,1.0,2,0.08433279048941392,0.0,
29133,4,6,1.0,2,0.4267933765294545,0.0,
29135,2,13,1.0,2,0.07502865855313699,0.0,
29139,3,11,1.0,2,0.12446236177253399,0.0,
29143,4,17,1.0,2,0.39364110825445414,0.0,
29145,3,15,1.0,2,0.2022641386697929,0.0,
29147,4,18,1.0,2,0.15565365658360827,0.0,
29153,4,18,1.0,2,0.08145721628411629,0.0,
29159,3,15,1.0,2,0.21535026986670255,0.0,
29161,4,11,1.0,2,0.10775422160384171,0.0,
29163,1,12,1.0,2,0.1866064083321831,0.0,
29165,1,18,1.0,2,0.22837989120000507,0.0,
29169,2,11,1.0,2,0.12565645474627096,0.0,
29175,3,12,1.0,2,0.23420028883302393,0.0,
29177,2,12,1.0,2,0.23718267844613078,0.0,
29181,4,9,1.0,2,0.0955998293208478,0.0,
29183,1,14,1.0,2,0.303696632072377,0.0,
29185,4,16,1.0,2,0.06960702257832964,0.0,
29186,2,8,1.0,2,0.11075400016678104,0.0,
29187,3,15,1.0,2,0.17087343877572633,0.0,
29195,3,13,1.0,2,0.1972117644808752,0.0,
29197,3,6,1.0,2,0.10804609650871112,0.0,
29199,3,10,1.0,2,0.11368513403504153,0.0,
29201,4,14,1.0,2,0.43088714600078454,0.0,
29207,1,13,1.0,2,0.2953828248621227,0.0,
29209,1,17,1.0,2,0.13194839671978004,0.0,
29211,3,13,1.0,2,0.06535262742441346,0.0,
29213,3,20,1.0,2,0.1944231826508331,0.0,
29215,4,21,1.0,2,0.07917280072682209,0.0,
29217,4,13,1.0,2,0.1770899711403218,0.0,
29219,3,9,1.0,2,0.19063710489280583,0.0,
29223,4,14,1.0,2,0.07038577734184069,0.0,
29225,3,9,1.0,2,0.14582993016925394,0.0,
29229,4,11,1.0,2,0.13147817621158403,0.0,
30003,4,18,1.0,2,0.30602735986782337,0.0,
30005,4,9,1.0,2,0.11969123078870988,0.0,
30013,3,18,1.0,2,0.2061990449391458,0.0,
30015,2,13,1.0,2,0.11843793071342673,0.0,
30021,1,8,1.0,2,0.035263430337727344,0.0,
30029,2,16,1.0,2,0.0734331263704693,0.0,
30035,4,5,1.0,2,0.2214877139688686,0.0,
30047,3,15,1.0,2,0.07712020696918087,0.0,
30049,1,9,1.0,2,0.06942139291346998,0.0,
30053,4,6,1.0,2,0.04349615750805547,0.0,
30061,4,5,1.0,2,0.04184082425168768,0.0,
30073,3,6,1.0,2,0.059291062576116604,0.0,
30081,2,9,1.0,2,0.03650019742468356,0.0,
30087,3,8,1.0,2,0.09495780501085477,0.0,
30105,3,12,1.0,2,0.04845581843280487,0.0,
30111,2,16,1.0,2,0.24627447359383225,0.0,
31001,2,14,1.0,2,0.07924712639588555,0.0,
31003,2,11,1.0,2,0.022607674739816976,0.0,
31007,2,8,1.0,2,0.04864455164194179,0.0,
31011,2,8,1.0,2,0.02210744339874412,0.0,
31013,2,3,1.0,2,0.057934209884409886,0.0,
31023,1,14,1.0,2,0.03201795454747675,0.0,
31025,1,20,1.0,2,0.05516697642715774,0.0,
31029,2,7,1.0,2,0.006547247035741797,0.0,
31033,1,5,1.0,2,0.035434907818430054,0.0,
31041,1,21,1.0,2,0.02781634275314305,0.0,
31045,2,6,1.0,2,0.042068784503073844,0.0,
31061,2,8,1.0,2,0.022611452533866302,0.0,
31067,2,18,1.0,2,0.07125165750935848,0.0,
31075,2,3,1.0,2,0.017718211155588016,0.0,
31079,2,11,1.0,2,0.08770357057551326,0.0,
31083,2,8,1.0,2,0.023103589371237646,0.0,
31093,1,11,1.0,2,0.024903158419303045,0.0,
31095,3,12,1.0,2,0.035482138250513266,0.0,
31109,2,42,1.0,2,0.17255154314640803,0.0,
31111,2,14,1.0,2,0.04059314185420644,0.0,
31119,2,8,1.0,2,0.06429979275116252,0.0,
31131,1,19,1.0,2,0.04470911331421061,0.0,
31135,1,10,1.0,2,0.020533571471893487,0.0,
31141,1,11,1.0,2,0.04919287908672836,0.0,
31153,1,13,1.0,2,0.11307922733414788,0.0,
31155,1,18,1.0,2,0.05088601907405369,0.0,
31157,3,8,1.0,2,0.12300621021586104,0.0,
31161,2,9,1.0,2,0.04434581982077702,0.0,
31173,4,10,1.0,2,0.17831308580911573,0.0,
31177,1,15,1.0,2,0.0783232070475578,0.0,
31179,2,11,1.0,2,0.04296611636680439,0.0,
31185,1,15,1.0,2,0.03275524792178163,0.0,
32001,2,2,1.0,2,0.42713728462273287,0.0,
32005,1,9,1.0,2,0.27604257325610276,0.0,
32007,1,14,1.0,2,0.20145975343519676,0.0,
32013,1,7,1.0,2,0.23685091910992662,0.0,
32017,1,5,1.0,2,0.02222261481086878,0.0,
32019,3,9,1.0,2,0.5091331021503014,1.0,
32021,3,5,1.0,2,0.1901990272561333,0.0,
32033,2,7,1.0,2,0.12461534643473263,0.0,
33005,1,27,1.0,2,0.08086093271468431,0.0,
33007,2,16,1.0,2,0.06321486478078493,0.0,
33009,1,37,1.0,2,0.04610028754403207,0.0,
33011,1,34,1.0,2,0.13988647194917248,0.0,
33013,1,31,1.0,2,0.076110300115708,0.0,
33015,1,37,1.0,2,0.08229662415209396,0.0,
34009,1,15,1.0,2,0.2043976943193149,0.0,
34011,1,22,1.0,2,0.3915781111899745,0.0,
34015,1,30,1.0,2,0.25634923022633643,0.0,
34019,1,26,1.0,2,0.0799001002140369,0.0,
34021,1,25,1.0,2,0.3299479523252177,0.0,
34027,1,56,1.0,2,0.1006363054437427,0.0,
34031,2,33,1.0,2,0.4295994618984513,0.0,
34033,2,14,1.0,2,0.2945243298131122,0.0,
34035,1,32,1.0,2,0.1375931372609315,0.0,
34037,1,21,1.0,2,0.07621316558785671,0.0,
34041,1,19,1.0,2,0.1354840502551946,0.0,
35005,4,9,1.0,2,0.3234383754172875,0.0,
35007,4,9,1.0,2,0.08256909764787575,0.0,
35009,1,7,1.0,2,0.2950492406564236,0.0,
35015,3,8,1.0,2,0.030385144822018897,0.0,
35017,4,16,1.0,2,0.09638274269883963,0.0,
35019,2,5,1.0,2,0.02515857660075925,0.0,
35025,3,7,1.0,2,0.4449714370368648,0.0,
35029,4,3,1.0,2,0.13045318078834814,0.0,
35035,4,18,1.0,2,0.3300917709884342,0.0,
35037,4,10,1.0,2,0.1062575434417801,0.0,
35039,1,37,1.0,2,0.18860213285054525,0.0,
35041,4,9,1.0,2,0.17451377572583998,0.0,
35043,1,21,1.0,2,0.3055730195523291,0.0,
35049,2,15,1.0,2,0.18742603580582398,0.0,
35051,4,10,1.0,2,0.21147420840267933,0.0,
35053,4,14,1.0,2,0.3254401633922357,0.0,
35055,4,21,1.0,2,0.09208810743108367,0.0,
35061,4,8,1.0,2,0.33719383523742497,0.0,
36001,2,46,1.0,2,0.277340409636705,0.0,
36003,3,37,1.0,2,0.058345718747620866,0.0,
36007,3,31,1.0,2,0.18537326400039986,0.0,
36009,1,36,1.0,2,0.255493404359774,0.0,
36011,1,26,1.0,2,0.24985539978764484,0.0,
36013,3,36,1.0,2,0.221065204391071,0.0,
36015,2,22,1.0,2,0.17743087165010937,0.0,
36021,2,36,1.0,2,0.14661823036018504,0.0,
36023,3,17,1.0,2,0.2115481750845663,0.0,
36027,1,35,1.0,2,0.22756618827584446,0.0,
36031,2,34,1.0,2,0.043417451213610216,0.0,
36033,3,23,1.0,2,0.07849824687595731,0.0,
36037,2,18,1.0,2,0.16294732281212504,0.0,
36039,2,42,1.0,2,0.11108299468442999,0.0,
36041,2,13,1.0,2,0.02251756042891026,0.0,
36043,3,28,1.0,2,0.1311017498105264,0.0,
36045,3,39,1.0,2,0.235566862992575,0.0,
36053,1,31,1.0,2,0.17046433901858035,0.0,
36055,1,50,1.0,2,0.4778780119870191,0.0,
36057,3,20,1.0,2,0.20120525595567504,0.0,
36063,1,22,1.0,2,0.5264385706673916,1.0,
36065,2,54,1.0,2,0.2631138937658701,0.0,
36071,1,51,1.0,2,0.21124106849129393,0.0,
36073,3,15,1.0,2,0.33522168742237796,0.0,
36075,3,27,1.0,2,0.2576533200238795,0.0,
36077,3,43,1.0,2,0.06475450146118789,0.0,
36083,2,29,1.0,2,0.21383739659850884,0.0,
36089,3,49,1.0,2,0.12530532127063854,0.0,
36091,1,27,1.0,2,0.1133275875946424,0.0,
36093,1,19,1.0,2,0.23346079693283725,0.0,
36099,2,14,1.0,2,0.27785818765229814,0.0,
36101,3,39,1.0,2,0.09268077533983057,0.0,
36105,2,62,1.0,2,0.13184407043374305,0.0,
36107,2,15,1.0,2,0.08373191900898753,0.0,
36109,1,17,1.0,2,0.5569391083831888,1.0,
36111,2,63,1.0,2,0.14656771563232782,0.0,
36115,2,27,1.0,2,0.12968967061754655,0.0,
36117,2,20,1.0,2,0.17073975815320583,0.0,
37001,3,12,1.0,2,0.1754254495852862,0.0,
37003,2,8,1.0,2,0.09819715497152486,0.0,
37007,4,8,1.0,2,0.12587141339619856,0.0,
37013,4,15,1.0,2,0.10131810805852041,0.0,
37015,4,10,1.0,2,0.10429099319833965,0.0,
37017,4,18,1.0,2,0.14582799216103556,0.0,
37019,2,14,1.0,2,0.06806011466973678,0.0,
37021,2,19,1.0,2,0.07789712710526842,0.0,
37023,4,16,1.0,2,0.12335274358039025,0.0,
37025,2,16,1.0,2,0.21110493254397616,0.0,
37027,3,10,1.0,2,0.12630287315008626,0.0,
37031,2,19,1.0,2,0.07334825730621483,0.0,
37035,2,14,1.0,2,0.16681433977408403,0.0,
37037,1,18,1.0,2,0.05227355066998398,0.0,
37039,3,4,1.0,2,0.039685006254388366,0.0,
37041,3,4,1.0,2,0.09733142971475521,0.0,
37043,3,5,1.0,2,0.018105350923025145,0.0,
37045,1,13,1.0,2,0.30880250116069285,0.0,
37047,4,16,1.0,2,0.14399979210036115,0.0,
37049,2,11,1.0,2,0.11068267485735996,0.0,
37051,1,24,1.0,2,0.36546854382841953,0.0,
37053,1,15,1.0,2,0.05666571336940733,0.0,
37055,1,14,1.0,2,0.10456586708169925,0.0,
37057,3,12,1.0,2,0.174289397313569,0.0,
37059,2,6,1.0,2,0.07810959462219319,0.0,
37061,4,19,1.0,2,0.1624303658894323,0.0,
37063,2,16,1.0,2,0.1630729410037413,0.0,
37065,4,15,1.0,2,0.26166183467606113,0.0,
37067,1,22,1.0,2,0.33751418018330515,0.0,
37069,3,13,1.0,2,0.11201518187268265,0.0,
37071,3,18,1.0,2,0.28497134999413165,0.0,
37077,3,12,1.0,2,0.07991675837834704,0.0,
37079,4,11,1.0,2,0.16839380891890296,0.0,
37083,4,9,1.0,2,0.1834681961765958,0.0,
37085,3,16,1.0,2,0.13398207620117297,0.0,
37089,2,15,1.0,2,0.05345425356436369,0.0,
37091,4,9,1.0,2,0.18234722365356232,0.0,
37093,3,9,1.0,2,0.2580810700680342,0.0,
37101,2,21,1.0,2,0.13557987732025292,0.0,
37105,3,4,1.0,2,0.1456724633316354,0.0,
37107,4,10,1.0,2,0.22479562789497798,0.0,
37109,2,11,1.0,2,0.18555754119863843,0.0,
37111,3,9,1.0,2,0.061836482847275206,0.0,
37125,2,18,1.0,2,0.06737493545869247,0.0,
37127,3,15,1.0,2,0.18478658146968033,0.0,
37129,3,10,1.0,2,0.15121532681266392,0.0,
37131,4,12,1.0,2,0.10077091369018504,0.0,
37133,3,16,1.0,2,0.18339483938475462,0.0,
37135,2,14,1.0,2,0.07566319862217691,0.0,
37141,3,13,1.0,2,0.0783804601554635,0.0,
37147,4,17,1.0,2,0.21985726544459497,0.0,
37151,3,24,1.0,2,0.14801476655895715,0.0,
37153,4,11,1.0,2,0.2516157589291981,0.0,
37157,3,11,1.0,2,0.14728838018224436,0.0,
37159,3,19,1.0,2,0.22480494194015194,0.0,
37161,1,16,1.0,2,0.12426526971401654,0.0,
37163,4,17,1.0,2,0.19419004389608904,0.0,
37165,4,7,1.0,2,0.32411791977174553,0.0,
37169,2,16,1.0,2,0.10399198810464672,0.0,
37171,4,12,1.0,2,0.13082693337514317,0.0,
37175,3,10,1.0,2,0.03444617935205321,0.0,
37179,1,12,1.0,2,0.16716828805260409,0.0,
37181,4,8,1.0,2,0.2781430416890908,0.0,
37185,4,8,1.0,2,0.10025220226782773,0.0,
37187,4,4,1.0,2,0.11147045473825096,0.0,
37189,4,10,1.0,2,0.10244407240376478,0.0,
37191,1,14,1.0,2,0.22573089419907513,0.0,
37193,4,23,1.0,2,0.08460258078651017,0.0,
37195,4,17,1.0,2,0.23626831591931172,0.0,
38015,1,12,1.0,2,0.08459617724842526,0.0,
38027,2,7,1.0,2,0.02312140377227627,0.0,
38035,1,22,1.0,2,0.3224795778784454,0.0,
38037,2,13,1.0,2,0.019935197361815274,0.0,
38067,1,13,1.0,2,0.017758378567391486,0.0,
38073,1,11,1.0,2,0.01627826875632759,0.0,
38085,4,9,1.0,2,0.19415113534698802,0.0,
38099,2,16,1.0,2,0.03357369040380653,0.0,
38101,1,24,1.0,2,0.12467069999298745,0.0,
39001,4,11,1.0,2,0.18977698097363158,0.0,
39007,4,19,1.0,2,0.36772302162440623,0.0,
39009,4,18,1.0,2,0.20047574239101215,0.0,
39013,2,27,1.0,2,0.1633806311303224,0.0,
39017,2,17,1.0,2,0.48335995163655077,0.0,
39019,2,20,1.0,2,0.14780845525679953,0.0,
39023,3,22,1.0,2,0.4837629944637544,0.0,
39025,1,23,1.0,2,0.2821678682332634,0.0,
39037,2,25,1.0,2,0.35183030776714347,0.0,
39041,1,24,1.0,2,0.1565124482216919,0.0,
39045,1,19,1.0,2,0.17804443850300358,0.0,
39055,1,20,1.0,2,0.15184804309638367,0.0,
39059,3,20,1.0,2,0.18191417551851483,0.0,
39063,1,24,1.0,2,0.25336609008213407,0.0,
39065,3,15,1.0,2,0.29776453628073163,0.0,
39071,4,15,1.0,2,0.2660983251931968,0.0,
39073,3,16,1.0,2,0.12731928897895275,0.0,
39075,1,18,1.0,2,0.17975258031593083,0.0,
39077,2,14,1.0,2,0.2494747698151,0.0,
39079,4,11,1.0,2,0.21379781290482813,0.0,
39081,3,23,1.0,2,0.32798172480722676,0.0,
39085,1,11,1.0,2,0.33958313512072386,0.0,
39087,3,14,1.0,2,0.31639061377280975,0.0,
39089,2,28,1.0,2,0.20476806245475937,0.0,
39091,2,18,1.0,2,0.2659480876817181,0.0,
39093,2,24,1.0,2,0.4000698980361547,0.0,
39099,2,36,1.0,2,0.41843282982140423,0.0,
39101,3,14,1.0,2,0.3122513085233008,0.0,
39103,1,24,1.0,2,0.15903326302509269,0.0,
39107,1,18,1.0,2,0.2806395392354648,0.0,
39111,3,15,1.0,2,0.08003911446174052,0.0,
39117,2,16,1.0,2,0.1838945938954257,0.0,
39119,3,22,1.0,2,0.23423348118409645,0.0,
39121,2,15,1.0,2,0.044711893608940755,0.0,
39123,2,18,1.0,2,0.37971308648869206,0.0,
39125,1,15,1.0,2,0.28618197518223026,0.0,
39127,3,17,1.0,2,0.1405248275663682,0.0,
39129,2,17,1.0,2,0.17280493813885245,0.0,
39131,4,11,1.0,2,0.19876749722286483,0.0,
39133,1,24,1.0,2,0.733771096757413,1.0,
39135,1,16,1.0,2,0.31211466582371006,0.0,
39137,1,17,1.0,2,0.2004821583028119,0.0,
39139,1,19,1.0,2,0.26354817112293866,0.0,
39141,3,16,1.0,2,0.21317877872722896,0.0,
39143,2,17,1.0,2,0.373723421799511,0.0,
39145,4,20,1.0,2,0.3054645819319011,0.0,
39147,2,20,1.0,2,0.2576952640853798,0.0,
39151,1,42,1.0,2,0.34577031012229537,0.0,
39155,3,30,1.0,2,0.3733970286604371,0.0,
39159,1,20,1.0,2,0.26243808357138754,0.0,
39165,1,24,1.0,2,0.2581569887861408,0.0,
39167,3,20,1.0,2,0.16434597789165412,0.0,
39169,2,25,1.0,2,0.20094922226779308,0.0,
39171,1,12,1.0,2,0.29535470714055384,0.0,
39173,2,32,1.0,2,0.4028012836601818,0.0,
40001,4,8,1.0,2,0.23840519163137874,0.0,
40003,1,13,1.0,2,0.1197117182007188,0.0,
40009,3,6,1.0,2,0.2637356701102226,0.0,
40011,3,13,1.0,2,0.30293022122478774,0.0,
40013,4,14,1.0,2,0.5224569777246273,1.0,
40015,4,16,1.0,2,0.446512675585428,0.0,
40017,1,13,1.0,2,0.5217024420147583,1.0,
40019,3,13,1.0,2,0.5908339020579566,1.0,
40021,4,16,1.0,2,0.4030012733765775,0.0,
40023,4,12,1.0,2,0.26990154893686547,0.0,
40025,3,4,1.0,2,0.12225212929677831,0.0,
40035,4,10,1.0,2,0.40332613196748685,0.0,
40037,3,21,1.0,2,0.3792880040812982,0.0,
40039,4,13,1.0,2,0.43157878100207253,0.0,
40041,4,13,1.0,2,0.2823268147157788,0.0,
40043,3,12,1.0,2,0.19216978508727076,0.0,
40045,3,7,1.0,2,0.11731939099318894,0.0,
40047,1,22,1.0,2,0.3100922071260469,0.0,
40049,3,13,1.0,2,0.40456056012476316,0.0,
40051,2,14,1.0,2,0.4954677150242083,0.0,
40053,1,10,1.0,2,0.0980501005625065,0.0,
40055,4,4,1.0,2,0.10953639063375516,0.0,
40059,2,7,1.0,2,0.14261799201864928,0.0,
40063,4,10,1.0,2,0.21478710385397748,0.0,
40065,3,9,1.0,2,0.43384327125116445,0.0,
40067,4,8,1.0,2,0.36272007693582187,0.0,
40069,4,13,1.0,2,0.31113559710295274,0.0,
40071,4,10,1.0,2,0.41837512034260804,0.0,
40073,2,12,1.0,2,0.32911132523140646,0.0,
40075,4,9,1.0,2,0.3417963464327316,0.0,
40077,4,7,1.0,2,0.1684398733018938,0.0,
40079,4,23,1.0,2,0.2651275002789325,0.0,
40081,3,16,1.0,2,0.291988091684163,0.0,
40083,2,15,1.0,2,0.42410849835650327,0.0,
40085,3,8,1.0,2,0.4612136894483562,0.0,
40089,4,15,1.0,2,0.3923008076367997,0.0,
40091,4,11,1.0,2,0.2773429575605529,0.0,
40095,4,3,1.0,2,0.4447681977424282,0.0,
40097,4,17,1.0,2,0.4590750054627946,0.0,
40099,3,7,1.0,2,0.4257836021156539,0.0,
40101,4,15,1.0,2,0.5641129647419849,1.0,
40105,3,7,1.0,2,0.3169224542543054,0.0,
40107,4,11,1.0,2,0.20599433265149716,0.0,
40111,4,11,1.0,2,0.3950967831596577,0.0,
40113,3,22,1.0,2,0.5065202283267984,1.0,
40115,4,9,1.0,2,0.42611889116908463,0.0,
40117,3,12,1.0,2,0.34289760296604704,0.0,
40119,1,14,1.0,2,0.8123986306705135,1.0,
40121,3,19,1.0,2,0.29830708816287266,0.0,
40123,3,10,1.0,2,0.33638561897482916,0.0,
40127,4,16,1.0,2,0.1622653649536243,0.0,
40131,1,12,1.0,2,0.47771516391200153,0.0,
40133,4,10,1.0,2,0.31296177472888925,0.0,
40135,4,9,1.0,2,0.30970902646493775,0.0,
40137,3,10,1.0,2,0.4776269015656108,0.0,
40139,4,9,1.0,2,0.23147354009291568,0.0,
40141,4,8,1.0,2,0.3599570498279513,0.0,
40145,2,15,1.0,2,0.475721471152073,0.0,
40147,1,12,1.0,2,0.3861626889139709,0.0,
40149,3,18,1.0,2,0.30559534234300545,0.0,
40153,2,11,1.0,2,0.16817024772570027,0.0,
41001,3,12,1.0,2,0.07240148759624138,0.0,
41003,1,10,1.0,2,0.6226270250030748,1.0,
41005,1,37,1.0,2,0.33743740615573536,0.0,
41009,2,9,1.0,2,0.2006619594116199,0.0,
41011,3,10,1.0,2,0.2029217595471936,0.0,
41013,2,6,1.0,2,0.1475233423724569,0.0,
41015,2,7,1.0,2,0.09129971201915395,0.0,
41017,1,7,1.0,2,0.2326283866292745,0.0,
41019,3,28,1.0,2,0.1873956539649598,0.0,
41023,3,11,1.0,2,0.10566760642264408,0.0,
41027,2,3,1.0,2,0.242862607812011,0.0,
41029,3,18,1.0,2,0.4461071595640374,0.0,
41031,3,8,1.0,2,0.26685360722375673,0.0,
41033,4,11,1.0,2,0.3563671144159883,0.0,
41035,4,17,1.0,2,0.39850666307329435,0.0,
41039,3,39,1.0,2,0.3318324305353645,0.0,
41041,3,18,1.0,2,0.1960701728118019,0.0,
41043,2,20,1.0,2,0.3487223390139633,0.0,
41047,3,26,1.0,2,0.538968588383547,1.0,
41049,3,7,1.0,2,0.547560811352291,1.0,
41053,2,11,1.0,2,0.21697023138178997,0.0,
41059,3,14,1.0,2,0.49254972518844764,0.0,
41061,3,8,1.0,2,0.1518418989945023,0.0,
41065,3,8,1.0,2,0.2969513547712527,0.0,
41067,1,30,1.0,2,0.24212056076308458,0.0,
42001,1,17,1.0,2,0.12961925539392552,0.0,
42005,2,36,1.0,2,0.1605300916079055,0.0,
42009,2,28,1.0,2,0.08012890935978328,0.0,
42011,1,62,1.0,2,0.36489669026447,0.0,
42013,3,19,1.0,2,0.17135928782930315,0.0,
42015,2,27,1.0,2,0.06664862397366028,0.0,
42021,1,51,1.0,2,0.1574442029530792,0.0,
42025,2,20,1.0,2,0.15125859453208693,0.0,
42027,2,33,1.0,2,0.14992893464641058,0.0,
42033,3,51,1.0,2,0.08364247546324917,0.0,
42037,2,19,1.0,2,0.15121207676734835,0.0,
42039,3,27,1.0,2,0.12073535331421395,0.0,
42041,1,21,1.0,2,0.12907328996554618,0.0,
42043,2,30,1.0,2,0.27017734673741534,0.0,
42047,2,14,1.0,2,0.033731232808171606,0.0,
42051,3,62,1.0,2,0.20400535493595523,0.0,
42053,4,11,1.0,2,0.029979511891043305,0.0,
42055,1,30,1.0,2,0.13197785611084653,0.0,
42059,2,26,1.0,2,0.08513059600445057,0.0,
42061,2,33,1.0,2,0.08037804255885958,0.0,
42065,3,30,1.0,2,0.12131049836743094,0.0,
42069,2,28,1.0,2,0.16248151465515892,0.0,
42073,2,22,1.0,2,0.17607223379980957,0.0,
42075,2,19,1.0,2,0.2677132373549841,0.0,
42079,3,50,1.0,2,0.162332095403733,0.0,
42081,2,25,1.0,2,0.10941402370720565,0.0,
42085,2,28,1.0,2,0.18135915515505757,0.0,
42087,3,13,1.0,2,0.1447195387881371,0.0,
42089,2,35,1.0,2,0.21065747112730088,0.0,
42095,1,26,1.0,2,0.2894424499422916,0.0,
42097,2,28,1.0,2,0.156041547225693,0.0,
42099,2,16,1.0,2,0.10691246200922186,0.0,
42107,2,59,1.0,2,0.15713967742941487,0.0,
42109,2,15,1.0,2,0.153411640248277,0.0,
42111,2,40,1.0,2,0.0922727971750158,0.0,
42115,2,29,1.0,2,0.05160431538449845,0.0,
42119,1,14,1.0,2,0.09325100553149827,0.0,
42123,2,19,1.0,2,0.046771949270821234,0.0,
42125,1,64,1.0,2,0.1571888229986718,0.0,
42127,2,30,1.0,2,0.04675730239453557,0.0,
42129,1,86,1.0,2,0.1673701454504548,0.0,
44003,1,9,1.0,2,0.3578550786412599,0.0,
44005,1,8,1.0,2,0.34076823791431676,0.0,
44009,1,20,1.0,2,0.22088825527284306,0.0,
45001,4,13,1.0,2,0.16632997804666447,0.0,
45005,4,6,1.0,2,0.2661145521569079,0.0,
45009,4,8,1.0,2,0.2513485604575966,0.0,
45011,4,7,1.0,2,0.28058584649139967,0.0,
45013,1,16,1.0,2,0.14544764110588124,0.0,
45015,2,17,1.0,2,0.27714353216115584,0.0,
45017,4,7,1.0,2,0.23476450206351374,0.0,
45021,4,8,1.0,2,0.27075508997929487,0.0,
45023,4,10,1.0,2,0.3165836177020513,0.0,
45025,4,11,1.0,2,0.23047877683294873,0.0,
45027,4,11,1.0,2,0.21442631135003312,0.0,
45029,4,14,1.0,2,0.18863868293632166,0.0,
45031,4,10,1.0,2,0.2553357153558477,0.0,
45033,4,11,1.0,2,0.3127224466323254,0.0,
45035,2,15,1.0,2,0.2670615938440514,0.0,
45037,3,10,1.0,2,0.12911695710857943,0.0,
45039,4,9,1.0,2,0.16786000946487933,0.0,
45041,3,12,1.0,2,0.24488814788782948,0.0,
45043,3,5,1.0,2,0.11303466389351279,0.0,
45047,4,9,1.0,2,0.2731105241686688,0.0,
45049,4,13,1.0,2,0.2378136557844508,0.0,
45051,3,16,1.0,2,0.2218640826903427,0.0,
45055,3,13,1.0,2,0.17434459175484443,0.0,
45057,3,5,1.0,2,0.23179167441661738,0.0,
45059,4,16,1.0,2,0.2146645448953356,0.0,
45067,4,7,1.0,2,0.24985863496666288,0.0,
45069,4,8,1.0,2,0.24803956144128478,0.0,
45073,3,13,1.0,2,0.14641100213220584,0.0,
45077,3,15,1.0,2,0.16449926420320773,0.0,
45081,4,12,1.0,2,0.20121502460763632,0.0,
45085,4,15,1.0,2,0.3847564112807873,0.0,
45087,4,9,1.0,2,0.16934232944761293,0.0,
45089,4,12,1.0,2,0.1933730939378991,0.0,
45091,1,15,1.0,2,0.39496870922310584,0.0,
46009,2,7,1.0,2,0.015984736235891115,0.0,
46013,1,20,1.0,2,0.05028684086367617,0.0,
46029,2,10,1.0,2,0.04783392090677086,0.0,
46031,4,15,1.0,2,0.11080949976571806,0.0,
46033,3,9,1.0,2,0.0338084292561364,0.0,
46035,2,6,1.0,2,0.048010366912514604,0.0,
46037,2,11,1.0,2,0.02360124693451707,0.0,
46059,1,8,1.0,2,0.012622916983785176,0.0,
46065,1,3,1.0,2,0.027788691157356094,0.0,
46067,2,13,1.0,2,0.01894912424294952,0.0,
46077,1,9,1.0,2,0.014232533535221121,0.0,
46083,1,12,1.0,2,0.11227107610956939,0.0,
46091,1,10,1.0,2,0.016880369945327097,0.0,
46093,2,18,1.0,2,0.07122191723769734,0.0,
46099,1,23,1.0,2,0.22656466785594667,0.0,
46103,2,20,1.0,2,0.08593567768484435,0.0,
46109,4,16,1.0,2,0.05494874428210687,0.0,
46121,4,9,1.0,2,0.18627900662686453,0.0,
46129,1,7,1.0,2,0.013686588576558694,0.0,
46135,2,10,1.0,2,0.05219848858034785,0.0,
47001,3,11,1.0,2,0.21555937122242158,0.0,
47003,3,13,1.0,2,0.3803670329622346,0.0,
47005,4,7,1.0,2,0.17336092120582447,0.0,
47009,2,13,1.0,2,0.23931554650667922,0.0,
47011,3,8,1.0,2,0.2931554085534916,0.0,
47013,4,11,1.0,2,0.2528624169667259,0.0,
47017,4,14,1.0,2,0.1740825531181448,0.0,
47019,4,8,1.0,2,0.3061531770606625,0.0,
47021,2,12,1.0,2,0.2007898516501632,0.0,
47025,1,10,1.0,2,0.2579386354323963,0.0,
47027,4,7,1.0,2,0.20696503011587356,0.0,
47031,3,9,1.0,2,0.3634107436978148,0.0,
47033,4,8,1.0,2,0.32080398309394087,0.0,
47035,3,11,1.0,2,0.16817660999517023,0.0,
47043,2,11,1.0,2,0.20516732767298113,0.0,
47045,4,11,1.0,2,0.3715803847962537,0.0,
47049,4,9,1.0,2,0.1497129843848841,0.0,
47053,4,11,1.0,2,0.2850065042998198,0.0,
47055,3,17,1.0,2,0.21785573273614384,0.0,
47059,4,10,1.0,2,0.2508927020516595,0.0,
47063,4,7,1.0,2,0.4174032383682024,0.0,
47067,4,5,1.0,2,0.2039994899011597,0.0,
47069,4,12,1.0,2,0.16910058469075528,0.0,
47071,4,13,1.0,2,0.17699969538941432,0.0,
47073,4,12,1.0,2,0.27975162719191393,0.0,
47075,4,6,1.0,2,0.3507013555109474,0.0,
47077,4,14,1.0,2,0.20910149420853014,0.0,
47079,4,9,1.0,2,0.22244405043374108,0.0,
47085,3,4,1.0,2,0.12220027198060195,0.0,
47089,3,10,1.0,2,0.27530121937635993,0.0,
47097,4,4,1.0,2,0.2754602655129737,0.0,
47099,4,11,1.0,2,0.17389822250589515,0.0,
47101,4,7,1.0,2,0.1112553735059785,0.0,
47107,4,12,1.0,2,0.29254920490003766,0.0,
47109,4,15,1.0,2,0.15120902988857235,0.0,
47111,4,8,1.0,2,0.261583035098085,0.0,
47117,3,12,1.0,2,0.2821489348851647,0.0,
47119,1,10,1.0,2,0.2921705880001909,0.0,
47121,3,6,1.0,2,0.15399247869457297,0.0,
47123,4,9,1.0,2,0.24906365716404927,0.0,
47125,3,15,1.0,2,0.3558402661474407,0.0,
47129,4,12,1.0,2,0.16416224651281083,0.0,
47131,4,12,1.0,2,0.29009888593391353,0.0,
47135,4,4,1.0,2,0.08938261929142804,0.0,
47139,3,12,1.0,2,0.12658277493355935,0.0,
47141,1,10,1.0,2,0.7223935941749409,1.0,
47145,2,10,1.0,2,0.19341772889886635,0.0,
47147,2,12,1.0,2,0.3244193608140626,0.0,
47149,1,20,1.0,2,0.6271846886194777,1.0,
47155,3,10,1.0,2,0.28010647899614144,0.0,
47159,3,15,1.0,2,0.23896658391574246,0.0,
47163,3,12,1.0,2,0.32794605107466057,0.0,
47165,1,10,1.0,2,0.3190534590725424,0.0,
47167,2,10,1.0,2,0.34660380460478224,0.0,
47175,4,7,1.0,2,0.1930958517923859,0.0,
47177,4,6,1.0,2,0.39290322752945817,0.0,
47179,1,13,1.0,2,0.5086447296628013,1.0,
47181,4,10,1.0,2,0.10650867172874559,0.0,
47183,4,12,1.0,2,0.2643250356415661,0.0,
47185,4,5,1.0,2,0.24035630634610036,0.0,
47187,1,16,1.0,2,0.16087779931146914,0.0,
47189,1,12,1.0,2,0.3349356960301737,0.0,
48001,3,10,1.0,2,0.27742235463183934,0.0,
48003,2,1,1.0,2,0.2194303957441811,0.0,
48005,4,6,1.0,2,0.25073826091705514,0.0,
48007,4,5,1.0,2,0.30996556137066456,0.0,
48009,2,10,1.0,2,0.26855856097278075,0.0,
48013,3,15,1.0,2,0.38822360731745226,0.0,
48015,2,13,1.0,2,0.2873624249654827,0.0,
48017,1,6,1.0,2,0.05684401871871455,0.0,
48019,2,7,1.0,2,0.2113133336602552,0.0,
48021,2,15,1.0,2,0.30230380911160104,0.0,
48023,2,2,1.0,2,0.04424528316715573,0.0,
48025,4,11,1.0,2,0.30634738315921545,0.0,
48031,1,8,1.0,2,0.14014035217414583,0.0,
48035,3,11,1.0,2,0.14746817152579628,0.0,
48037,3,10,1.0,2,0.33571675857276584,0.0,
48043,3,4,1.0,2,0.03622456482008801,0.0,
48047,4,2,1.0,2,0.19037142549281016,0.0,
48049,3,10,1.0,2,0.149871800008115,0.0,
48051,2,5,1.0,2,0.22794168333298245,0.0,
48053,2,13,1.0,2,0.2244092832829975,0.0,
48055,3,14,1.0,2,0.3521232450805165,0.0,
48057,3,6,1.0,2,0.22339495469339493,0.0,
48063,3,2,1.0,2,0.31127157891346974,0.0,
48067,4,14,1.0,2,0.2003545772108505,0.0,
48071,2,11,1.0,2,0.5256936482106843,1.0,
48073,4,12,1.0,2,0.30504616882072816,0.0,
48075,4,4,1.0,2,0.10567264217792553,0.0,
48077,2,9,1.0,2,0.2546388071322337,0.0,
48081,3,4,1.0,2,0.043720060200659605,0.0,
48083,2,15,1.0,2,0.06260809471927474,0.0,
48087,4,5,1.0,2,0.08861765026172531,0.0,
48089,2,18,1.0,2,0.1849936668402622,0.0,
48091,1,14,1.0,2,0.27961402892870435,0.0,
48093,2,14,1.0,2,0.06906008249896647,0.0,
48097,2,14,1.0,2,0.35107988405514473,0.0,
48099,1,17,1.0,2,0.544040692257175,1.0,
48101,4,3,1.0,2,0.10953883347235958,0.0,
48109,4,2,1.0,2,0.010384910914524254,0.0,
48117,4,6,1.0,2,0.16302013061310475,0.0,
48119,3,7,1.0,2,0.2590896533579452,0.0,
48123,3,9,1.0,2,0.20055562520173897,0.0,
48125,4,7,1.0,2,0.08066658173162095,0.0,
48127,4,6,1.0,2,0.21313308350942947,0.0,
48131,4,8,1.0,2,0.1380630270098422,0.0,
48133,4,9,1.0,2,0.1237550345980246,0.0,
48135,2,8,1.0,2,0.578994175308554,1.0,
48139,1,20,1.0,2,0.47413180874717603,0.0,
48143,1,13,1.0,2,0.562777368219237,1.0,
48145,3,17,1.0,2,0.3744288358014478,0.0,
48147,2,19,1.0,2,0.2933490471400176,0.0,
48149,2,15,1.0,2,0.16487368028189645,0.0,
48151,3,9,1.0,2,0.1312514006738423,0.0,
48159,1,7,1.0,2,0.20182435474186522,0.0,
48161,4,9,1.0,2,0.369665118202899,0.0,
48169,4,4,1.0,2,0.17409779984192764,0.0,
48171,2,7,1.0,2,0.10520526794573397,0.0,
48177,3,14,1.0,2,0.1994842280628013,0.0,
48185,3,11,1.0,2,0.39341317994327263,0.0,
48193,3,10,1.0,2,0.10425762028640946,0.0,
48197,3,2,1.0,2,0.09730064715696764,0.0,
48199,2,12,1.0,2,0.2226057604121455,0.0,
48203,3,12,1.0,2,0.33597940115594904,0.0,
48207,4,11,1.0,2,0.13202408684948075,0.0,
48209,2,14,1.0,2,0.3585003374124981,0.0,
48217,2,19,1.0,2,0.31795848878538846,0.0,
48219,4,10,1.0,2,0.3535008403830377,0.0,
48221,1,8,1.0,2,0.310525709363098,0.0,
48223,3,13,1.0,2,0.3129487260384163,0.0,
48225,4,7,1.0,2,0.21605605091866137,0.0,
48227,3,5,1.0,2,0.3258649353109109,0.0,
48233,3,7,1.0,2,0.4271380088666359,0.0,
48239,2,10,1.0,2,0.13431161255560894,0.0,
48241,4,9,1.0,2,0.21203041228050662,0.0,
48247,4,1,1.0,2,0.11849105983314326,0.0,
48249,4,8,1.0,2,0.20864793522653813,0.0,
48251,2,16,1.0,2,0.49578195777662837,0.0,
48255,3,8,1.0,2,0.34050837254998095,0.0,
48259,1,8,1.0,2,0.154457679943193,0.0,
48261,4,2,1.0,2,0.3297331961926704,0.0,
48265,3,10,1.0,2,0.2076577480007613,0.0,
48269,4,2,1.0,2,0.0909415070245038,0.0,
48273,4,4,1.0,2,0.4090869044368648,0.0,
48275,4,6,1.0,2,0.08179975615168487,0.0,
48277,3,13,1.0,2,0.36722682555407316,0.0,
48281,2,6,1.0,2,0.2551501038601046,0.0,
48285,2,7,1.0,2,0.10577493917128142,0.0,
48287,2,9,1.0,2,0.18235375694333583,0.0,
48289,3,8,1.0,2,0.23835624180921683,0.0,
48291,3,14,1.0,2,0.45394135815582526,0.0,
48293,4,14,1.0,2,0.4035982850545285,0.0,
48299,1,10,1.0,2,0.17726975959517233,0.0,
48303,1,25,1.0,2,0.8153912260554768,1.0,
48307,3,6,1.0,2,0.09054484894149283,0.0,
48313,2,5,1.0,2,0.2134507738235804,0.0,
48315,4,7,1.0,2,0.14105608025875807,0.0,
48317,1,8,1.0,2,0.28554258669871835,0.0,
48321,1,12,1.0,2,0.32885827509049353,0.0,
48323,4,3,1.0,2,0.43191537519665407,0.0,
48329,1,9,1.0,2,0.4120771567474091,0.0,
48331,3,13,1.0,2,0.24864709727626444,0.0,
48335,2,3,1.0,2,0.10566397471231863,0.0,
48337,3,10,1.0,2,0.32283069213254245,0.0,
48341,2,6,1.0,2,0.2093014808283742,0.0,
48343,4,7,1.0,2,0.35304634590560263,0.0,
48347,1,10,1.0,2,0.8292135889403052,1.0,
48349,4,17,1.0,2,0.43420228188720805,0.0,
48353,3,9,1.0,2,0.1597726951752561,0.0,
48361,2,4,1.0,2,0.4727018069520469,0.0,
48363,4,12,1.0,2,0.3328449315614427,0.0,
48365,3,13,1.0,2,0.29588772657966583,0.0,
48367,1,18,1.0,2,0.39743466386873055,0.0,
48371,3,6,1.0,2,0.16524024830630865,0.0,
48373,3,9,1.0,2,0.22119026373171247,0.0,
48375,4,16,1.0,2,0.6726139517201,1.0,
48377,4,4,1.0,2,0.16088273971693964,0.0,
48381,1,15,1.0,2,0.4388151192041514,0.0,
48387,4,9,1.0,2,0.22417736532330182,0.0,
48389,3,4,1.0,2,0.019752616719321842,0.0,
48391,3,5,1.0,2,0.09212197578197506,0.0,
48395,3,9,1.0,2,0.29264273756794756,0.0,
48397,1,9,1.0,2,0.354034007353236,0.0,
48399,3,11,1.0,2,0.07629026022674223,0.0,
48401,3,16,1.0,2,0.33032222434682745,0.0,
48405,4,4,1.0,2,0.1409818724915903,0.0,
48407,4,8,1.0,2,0.3837480561581978,0.0,
48409,3,9,1.0,2,0.32187558983782616,0.0,
48411,3,7,1.0,2,0.06600226344925425,0.0,
48415,3,8,1.0,2,0.16982707899115754,0.0,
48419,4,7,1.0,2,0.21748236093245424,0.0,
48427,4,10,1.0,2,0.43071899205395203,0.0,
48429,4,8,1.0,2,0.11651572081977067,0.0,
48437,4,5,1.0,2,0.2002632314121483,0.0,
48441,1,17,1.0,2,0.4087964792659969,0.0,
48445,4,6,1.0,2,0.2641760625763746,0.0,
48449,4,6,1.0,2,0.4337614612481921,0.0,
48451,1,14,1.0,2,0.3115802039539064,0.0,
48455,4,7,1.0,2,0.21199589442789438,0.0,
48457,3,10,1.0,2,0.08626871965589264,0.0,
48459,3,12,1.0,2,0.2963905826235037,0.0,
48463,4,8,1.0,2,0.25768826344146156,0.0,
48465,4,5,1.0,2,0.21263492471300338,0.0,
48467,3,13,1.0,2,0.34264824546732336,0.0,
48469,3,12,1.0,2,0.4691364414264525,0.0,
48471,4,9,1.0,2,0.37755467189872594,0.0,
48473,2,11,1.0,2,0.5320976900828928,1.0,
48475,3,6,1.0,2,0.4289691139857078,0.0,
48477,2,7,1.0,2,0.3578314983366587,0.0,
48481,1,13,1.0,2,0.49049080794107003,0.0,
48487,4,6,1.0,2,0.2629334494878474,0.0,
48493,2,12,1.0,2,0.2735060038455889,0.0,
48495,3,2,1.0,2,0.3185560280926884,0.0,
48497,2,17,1.0,2,0.44485786142139694,0.0,
48499,3,12,1.0,2,0.19849716125056213,0.0,
48501,2,4,1.0,2,0.2178747231510481,0.0,
48503,2,6,1.0,2,0.18664403122065987,0.0,
48505,4,5,1.0,2,0.2852419647317368,0.0,
48507,4,4,1.0,2,0.3165071027014876,0.0,
49003,2,20,1.0,2,0.4732732211733195,0.0,
49005,3,16,1.0,2,0.45420183103238254,0.0,
49011,1,13,1.0,2,0.5406278936155517,1.0,
49019,1,2,1.0,2,0.07795973289360877,0.0,
49021,4,10,1.0,2,0.20217876539198762,0.0,
49037,3,12,1.0,2,0.17608779641789554,0.0,
49039,3,15,1.0,2,0.2344032407783909,0.0,
49041,3,12,1.0,2,0.29363158756714947,0.0,
49043,1,9,1.0,2,0.12661522033555664,0.0,
49057,1,9,1.0,2,0.6115288895077454,1.0,
50001,1,20,1.0,2,0.04323783437029254,0.0,
50005,2,22,1.0,2,0.0649807028553804,0.0,
50007,1,21,1.0,2,0.6558395055029628,1.0,
50013,1,5,1.0,2,0.06620554496291803,0.0,
50017,2,31,1.0,2,0.061468404702905835,0.0,
50019,2,24,1.0,2,0.06470470203921112,0.0,
50021,1,29,1.0,2,0.06098535884854399,0.0,
50023,1,26,1.0,2,0.05160727197180772,0.0,
50025,2,24,1.0,2,0.07951420360333387,0.0,
51003,2,24,1.0,2,0.08562292365994258,0.0,
51005,3,7,1.0,2,0.12252534909349366,0.0,
51007,1,5,1.0,2,0.08156207521921131,0.0,
51009,2,9,1.0,2,0.1441409848849648,0.0,
51013,1,11,1.0,2,0.1391706244476485,0.0,
51015,2,27,1.0,2,0.14295391174914704,0.0,
51019,1,18,1.0,2,0.09689615022003568,0.0,
51025,3,16,1.0,2,0.16322946300995325,0.0,
51027,4,16,1.0,2,0.1921476007410731,0.0,
51031,3,14,1.0,2,0.25860287749513783,0.0,
51036,2,4,1.0,2,0.14181445141228755,0.0,
51037,4,14,1.0,2,0.08218956222169563,0.0,
51047,1,18,1.0,2,0.09850528726549795,0.0,
51051,4,12,1.0,2,0.1862848816484332,0.0,
51057,4,8,1.0,2,0.16198845812311857,0.0,
51061,1,24,1.0,2,0.05302018786053379,0.0,
51063,2,11,1.0,2,0.055003588649073176,0.0,
51069,1,12,1.0,2,0.08697425881942511,0.0,
51073,1,6,1.0,2,0.08854267177080696,0.0,
51075,1,15,1.0,2,0.05970434222022413,0.0,
51079,2,5,1.0,2,0.08213520240680323,0.0,
51081,4,4,1.0,2,0.19975669134688134,0.0,
51083,3,14,1.0,2,0.1478860129232198,0.0,
51085,1,12,1.0,2,0.07972708396608623,0.0,
51087,2,16,1.0,2,0.3150476097531628,0.0,
51093,1,8,1.0,2,0.13335612171665084,0.0,
51095,1,4,1.0,2,0.08356666303553263,0.0,
51103,2,6,1.0,2,0.06630033203494416,0.0,
51105,4,11,1.0,2,0.20413232886280894,0.0,
51107,1,21,1.0,2,0.0894966775534468,0.0,
51111,4,12,1.0,2,0.1293072519090209,0.0,
51113,2,21,1.0,2,0.06973876144911993,0.0,
51117,3,13,1.0,2,0.12446128131271543,0.0,
51119,1,12,1.0,2,0.07375276740095718,0.0,
51121,3,10,1.0,2,0.18014222574940902,0.0,
51127,1,6,1.0,2,0.054312480044475,0.0,
51131,3,11,1.0,2,0.23900967140769186,0.0,
51133,2,7,1.0,2,0.11187993116697816,0.0,
51135,4,7,1.0,2,0.19245746204010025,0.0,
51139,3,6,1.0,2,0.12479615375944865,0.0,
51141,3,14,1.0,2,0.06944445048078503,0.0,
51143,4,20,1.0,2,0.24043372185159656,0.0,
51145,1,5,1.0,2,0.6555735340363261,1.0,
51147,1,12,1.0,2,0.9982379855347308,1.0,
51149,3,7,1.0,2,0.34820057162394724,0.0,
51153,1,19,1.0,2,0.12721559099525068,0.0,
51159,3,5,1.0,2,0.1449501494036006,0.0,
51161,1,14,1.0,2,0.10865336111680472,0.0,
51171,2,14,1.0,2,0.10319196065100017,0.0,
51175,3,12,1.0,2,0.1674050017036658,0.0,
51177,1,13,1.0,2,0.09995794460502708,0.0,
51179,1,5,1.0,2,0.10178690951103553,0.0,
51185,1,18,1.0,2,0.18070823670877256,0.0,
51187,1,7,1.0,2,0.11711666542182714,0.0,
51191,2,10,1.0,2,0.13042533468373724,0.0,
51193,2,8,1.0,2,0.142976555989808,0.0,
51199,1,9,1.0,2,0.08406629405777918,0.0,
51510,1,8,1.0,2,0.2261078603676722,0.0,
51520,4,2,1.0,2,0.5120140148837385,1.0,
51550,1,6,1.0,2,0.20389549659287967,0.0,
51570,2,1,1.0,2,0.21082865016840954,0.0,
51590,4,2,1.0,2,0.3603913721880028,0.0,
51595,4,1,1.0,2,0.20477753418083444,0.0,
51630,3,3,1.0,2,0.39989045113194543,0.0,
51650,2,9,1.0,2,0.4799711942190712,0.0,
51660,1,3,1.0,2,0.9999982833582518,1.0,
51678,3,1,1.0,2,0.11013171821164335,0.0,
51680,3,5,1.0,2,0.29095267764208577,0.0,
51683,1,1,1.0,2,0.23250839201096155,0.0,
51690,4,1,1.0,2,0.2822577434268537,0.0,
51700,3,8,1.0,2,0.389258907206228,0.0,
51710,1,15,1.0,2,0.5002659093797536,1.0,
51730,3,2,1.0,2,0.4651340382757716,0.0,
51740,1,8,1.0,2,0.5212871502409799,1.0,
51750,1,2,1.0,2,0.9999999999792211,1.0,
51770,3,10,1.0,2,0.46794269681935197,0.0,
51800,1,8,1.0,2,0.22576812261600296,0.0,
51840,3,1,1.0,2,0.3622914401537376,0.0,
53003,3,3,1.0,2,0.3054559422156682,0.0,
53005,2,12,1.0,2,0.5365803620767446,1.0,
53007,2,14,1.0,2,0.161911631646766,0.0,
53015,3,11,1.0,2,0.2609287071083354,0.0,
53017,2,13,1.0,2,0.28562088007893444,0.0,
53021,3,7,1.0,2,0.5891081525370312,1.0,
53023,3,2,1.0,2,0.2042818425052185,0.0,
53025,3,18,1.0,2,0.39442839256691914,0.0,
53029,1,8,1.0,2,0.2569656086330936,0.0,
53031,2,9,1.0,2,0.10253294823020653,0.0,
53035,1,20,1.0,2,0.20646431379358135,0.0,
53041,2,23,1.0,2,0.19727267107315105,0.0,
53045,2,15,1.0,2,0.20152172021657358,0.0,
53047,4,22,1.0,2,0.28334703656364807,0.0,
53057,1,17,1.0,2,0.19343174496315527,0.0,
53059,1,8,1.0,2,0.21751145190403787,0.0,
53067,1,14,1.0,2,0.3007271137675439,0.0,
53071,2,8,1.0,2,0.39474472847556,0.0,
53073,2,18,1.0,2,0.25852601349023774,0.0,
53077,4,22,1.0,2,0.5454787188928812,1.0,
54003,2,11,1.0,2,0.3146349358284996,0.0,
54005,4,31,1.0,2,0.19232358885311976,0.0,
54009,2,8,1.0,2,0.4034272930555444,0.0,
54011,3,13,1.0,2,0.31557919911363813,0.0,
54029,3,5,1.0,2,0.4622382210882777,0.0,
54035,3,15,1.0,2,0.1592968822425247,0.0,
54037,1,9,1.0,2,0.2614483657809428,0.0,
54039,1,46,1.0,2,0.3111741114175836,0.0,
54041,4,11,1.0,2,0.19115228306781712,0.0,
54049,3,18,1.0,2,0.22794288760134082,0.0,
54053,3,19,1.0,2,0.23335799346089955,0.0,
54059,4,18,1.0,2,0.23403418814079585,0.0,
54061,3,16,1.0,2,0.2358620729345514,0.0,
54065,3,4,1.0,2,0.12224021387810771,0.0,
54067,3,25,1.0,2,0.14644390926990097,0.0,
54069,2,6,1.0,2,0.2998681375978658,0.0,
54079,2,17,1.0,2,0.2518918440572799,0.0,
54081,4,42,1.0,2,0.26536478504115046,0.0,
54083,4,22,1.0,2,0.09989502700965418,0.0,
54097,4,10,1.0,2,0.17534462774443318,0.0,
54099,4,17,1.0,2,0.34202616704030575,0.0,
54103,4,12,1.0,2,0.1566546754676839,0.0,
54107,3,13,1.0,2,0.32266606710981355,0.0,
55001,2,14,1.0,2,0.09337459710970503,0.0,
55005,2,19,1.0,2,0.05668777129025064,0.0,
55007,2,15,1.0,2,0.03173420625769306,0.0,
55009,1,19,1.0,2,0.20399747685337385,0.0,
55015,1,14,1.0,2,0.21971509304127615,0.0,
55017,2,14,1.0,2,0.09607051444372698,0.0,
55021,1,20,1.0,2,0.10456154103133797,0.0,
55023,2,13,1.0,2,0.062462431300509366,0.0,
55027,1,31,1.0,2,0.17051214407696244,0.0,
55029,1,13,1.0,2,0.08710441373009314,0.0,
55031,2,12,1.0,2,0.06039858725197524,0.0,
55039,1,24,1.0,2,0.20283427392147285,0.0,
55043,3,23,1.0,2,0.11786558466075915,0.0,
55045,1,12,1.0,2,0.06589104798898181,0.0,
55055,1,19,1.0,2,0.2020895854797274,0.0,
55057,3,14,1.0,2,0.08528899647014225,0.0,
55059,1,17,1.0,2,0.3647246266308461,0.0,
55061,1,6,1.0,2,0.11154733790152661,0.0,
55063,2,15,1.0,2,0.14375925948450224,0.0,
55065,2,14,1.0,2,0.08593086617473196,0.0,
55069,1,7,1.0,2,0.02439609114668513,0.0,
55071,1,19,1.0,2,0.17678829459205328,0.0,
55073,1,28,1.0,2,0.04830991676130907,0.0,
55075,3,16,1.0,2,0.07869306177640048,0.0,
55077,2,14,1.0,2,0.08175139524313917,0.0,
55078,4,4,1.0,2,0.12439074521416187,0.0,
55081,2,12,1.0,2,0.07001788472290205,0.0,
55083,1,19,1.0,2,0.07148452300491186,0.0,
55085,1,14,1.0,2,0.02329697935268367,0.0,
55087,1,24,1.0,2,0.23283005080707952,0.0,
55089,1,13,1.0,2,0.17405851704882055,0.0,
55095,1,20,1.0,2,0.05574955750909281,0.0,
55097,2,21,1.0,2,0.07455511967352907,0.0,
55099,2,14,1.0,2,0.015909406024279277,0.0,
55103,3,14,1.0,2,0.07852766911973037,0.0,
55105,2,19,1.0,2,0.27049095473299817,0.0,
55111,1,17,1.0,2,0.09341082348626212,0.0,
55115,2,25,1.0,2,0.08997873604468382,0.0,
55117,1,17,1.0,2,0.1767554120360748,0.0,
55119,2,14,1.0,2,0.03392927629487406,0.0,
55121,1,14,1.0,2,0.04632115833368713,0.0,
55123,3,18,1.0,2,0.05002414481317512,0.0,
55125,2,12,1.0,2,0.02173398417565087,0.0,
55127,1,16,1.0,2,0.18949361830831912,0.0,
55131,1,18,1.0,2,0.17985263292142042,0.0,
55133,1,30,1.0,2,0.19782306678236963,0.0,
55135,1,16,1.0,2,0.07366634708622333,0.0,
55137,2,17,1.0,2,0.07903060190593424,0.0,
55139,1,18,1.0,2,0.2455652996860626,0.0,
55141,2,15,1.0,2,0.0507929439362287,0.0,
56001,1,10,1.0,2,0.23401153616715178,0.0,
56003,2,15,1.0,2,0.06192299321238602,0.0,
56007,2,12,1.0,2,0.06398137378240151,0.0,
56009,1,4,1.0,2,0.07282262109749217,0.0,
56013,2,11,1.0,2,0.11865243739494917,0.0,
56017,3,3,1.0,2,0.0598849554132403,0.0,
56021,1,12,1.0,2,0.22951477339731546,0.0,
56025,1,11,1.0,2,0.16064293614412029,0.0,
56029,1,8,1.0,2,0.034734415512968596,0.0,
56031,2,5,1.0,2,0.08094344530737926,0.0,
56033,1,9,1.0,2,0.06863931569162933,0.0,
56035,1,6,1.0,2,0.03712895377376853,0.0,
01001,3,10,1.0,3,0.19888820027522672,0.0,
01003,2,23,1.0,3,0.10864783256403068,0.0,
01009,3,17,1.0,3,0.14794103083568974,0.0,
01011,4,7,1.0,3,0.09840277859474059,0.0,
01015,3,14,1.0,3,0.20634671949112465,0.0,
01017,4,10,1.0,3,0.18265948638564006,0.0,
01019,4,11,1.0,3,0.1680835303563389,0.0,
01021,3,14,1.0,3,0.1898017905692009,0.0,
01025,4,10,1.0,3,0.04280231458394366,0.0,
01031,3,16,1.0,3,0.16446088571726544,0.0,
01033,3,9,1.0,3,0.21479698712157985,0.0,
01035,4,13,1.0,3,0.03611860497684275,0.0,
01037,3,11,1.0,3,0.04382247640628531,0.0,
01039,4,13,1.0,3,0.07799486097809814,0.0,
01043,3,19,1.0,3,0.20643999532813334,0.0,
01045,3,14,1.0,3,0.21337831313202968,0.0,
01047,4,10,1.0,3,0.2357261374596568,0.0,
01051,2,13,1.0,3,0.1061517969479496,0.0,
01053,4,9,1.0,3,0.12502187337057138,0.0,
01055,3,14,1.0,3,0.32897256898681687,0.0,
01057,4,10,1.0,3,0.06613803923005739,0.0,
01059,4,10,1.0,3,0.10797351352073231,0.0,
01063,4,8,1.0,3,0.07794832659511182,0.0,
01065,4,9,1.0,3,0.1112220467964228,0.0,
01067,3,9,1.0,3,0.11817739742262796,0.0,
01069,4,14,1.0,3,0.38173537953582315,0.0,
01071,4,22,1.0,3,0.21853370065486918,0.0,
01075,4,9,1.0,3,0.05944411711493143,0.0,
01077,3,9,1.0,3,0.17185779665054482,0.0,
01079,3,10,1.0,3,0.16686570711426563,0.0,
01083,2,15,1.0,3,0.2921210218505329,0.0,
01085,4,8,1.0,3,0.09139518036490768,0.0,
01087,4,13,1.0,3,0.15757814006065413,0.0,
01089,1,25,1.0,3,0.22288037210188416,0.0,
01091,4,15,1.0,3,0.08140639790696123,0.0,
01093,4,12,1.0,3,0.09340743359670979,0.0,
01095,4,18,1.0,3,0.39956938464994957,0.0,
01099,4,17,1.0,3,0.06992162308602427,0.0,
01101,1,24,1.0,3,0.6611552098220901,1.0,
01103,3,16,1.0,3,0.3421900772165224,0.0,
01105,4,9,1.0,3,0.16424848909161818,0.0,
01107,4,8,1.0,3,0.05558268050938179,0.0,
01109,1,9,1.0,3,0.9898616095157896,1.0,
01111,3,8,1.0,3,0.08824931178024993,0.0,
01113,3,12,1.0,3,0.2934695110738102,0.0,
01115,2,18,1.0,3,0.17997936922965946,0.0,
01119,4,11,1.0,3,0.09293832211257978,0.0,
01121,4,12,1.0,3,0.2624436305696721,0.0,
01123,4,12,1.0,3,0.07884250035698467,0.0,
01125,1,27,1.0,3,0.33744459923226894,0.0,
01127,3,18,1.0,3,0.2667909249418036,0.0,
01129,4,16,1.0,3,0.056409110681812986,0.0,
01131,4,13,1.0,3,0.03175700443505558,0.0,
01133,4,11,1.0,3,0.08759660136372402,0.0,
04009,4,10,1.0,3,0.19808577486218415,0.0,
04023,4,9,1.0,3,0.22420192937297043,0.0,
05001,4,13,1.0,3,0.2013466683127949,0.0,
05003,4,7,1.0,3,0.17136808539592369,0.0,
05005,3,12,1.0,3,0.07159024653405656,0.0,
05009,3,9,1.0,3,0.07047102818408153,0.0,
05011,4,7,1.0,3,0.1378922275480991,0.0,
05015,3,9,1.0,3,0.041964475969233694,0.0,
05019,1,8,1.0,3,0.039933804127120914,0.0,
05021,4,13,1.0,3,0.10319355781786713,0.0,
05023,3,17,1.0,3,0.03968500215917829,0.0,
05025,4,7,1.0,3,0.07334436222790898,0.0,
05027,4,7,1.0,3,0.15886128717140355,0.0,
05029,4,15,1.0,3,0.2488275293218369,0.0,
05031,1,16,1.0,3,0.24720157999975265,0.0,
05033,3,11,1.0,3,0.23977874416983347,0.0,
05035,4,11,1.0,3,0.8763975705619736,1.0,
05037,4,8,1.0,3,0.3642468431433951,0.0,
05039,4,6,1.0,3,0.09949170891740367,0.0,
05041,4,12,1.0,3,0.4401797561612257,0.0,
05043,4,9,1.0,3,0.1062433947373945,0.0,
05045,1,15,1.0,3,0.2641547839745671,0.0,
05047,4,13,1.0,3,0.14021156004928254,0.0,
05049,1,14,1.0,3,0.054224003091899016,0.0,
05051,3,10,1.0,3,0.1428152358474608,0.0,
05053,2,14,1.0,3,0.09984345502530503,0.0,
05055,4,9,1.0,3,0.11149386983178582,0.0,
05057,4,10,1.0,3,0.22749081210378974,0.0,
05059,4,12,1.0,3,0.19842169010543936,0.0,
05061,4,8,1.0,3,0.13673391025795884,0.0,
05063,4,20,1.0,3,0.08363726827595751,0.0,
05067,4,11,1.0,3,0.28766781371018196,0.0,
05069,4,17,1.0,3,0.573947742301162,1.0,
05071,4,12,1.0,3,0.15405166562351102,0.0,
05073,4,6,1.0,3,0.08813911364936915,0.0,
05075,4,14,1.0,3,0.12894905656607789,0.0,
05077,3,11,1.0,3,0.285894208056193,0.0,
05079,4,8,1.0,3,0.18265685258966985,0.0,
05081,4,7,1.0,3,0.07538468461079353,0.0,
05083,4,12,1.0,3,0.09984988336703583,0.0,
05085,2,11,1.0,3,0.19307049070794485,0.0,
05087,3,13,1.0,3,0.05002875220827981,0.0,
05091,4,6,1.0,3,0.4148913646854773,0.0,
05093,4,15,1.0,3,0.7439922461357525,1.0,
05095,4,9,1.0,3,0.36044228874589296,0.0,
05097,4,9,1.0,3,0.06199776003371633,0.0,
05099,4,10,1.0,3,0.0621709259947098,0.0,
05101,3,20,1.0,3,0.008794194661727508,0.0,
05103,4,8,1.0,3,0.20276767595004036,0.0,
05105,4,8,1.0,3,0.05578300935192419,0.0,
05107,4,12,1.0,3,0.6462266399308075,1.0,
05111,4,10,1.0,3,0.16805217659173158,0.0,
05113,4,7,1.0,3,0.12578227338572218,0.0,
05115,4,13,1.0,3,0.24675586773087915,0.0,
05117,3,11,1.0,3,0.13081815016819862,0.0,
05121,4,11,1.0,3,0.09781282884259344,0.0,
05123,4,13,1.0,3,0.5983004633626633,1.0,
05125,1,14,1.0,3,0.17777414366547462,0.0,
05127,4,10,1.0,3,0.11254174337019815,0.0,
05129,4,10,1.0,3,0.031888265726088875,0.0,
05133,4,7,1.0,3,0.21663695737340652,0.0,
05135,4,13,1.0,3,0.05650516475924706,0.0,
05139,4,10,1.0,3,0.18299266919377508,0.0,
05141,4,12,1.0,3,0.04154553743292676,0.0,
05145,4,17,1.0,3,0.29782222786431384,0.0,
05147,4,9,1.0,3,0.18693050575730522,0.0,
05149,4,13,1.0,3,0.1572367561532648,0.0,
06005,2,12,1.0,3,0.12427252097007158,0.0,
06007,4,18,1.0,3,0.6002583595597369,1.0,
06009,1,20,1.0,3,0.11924446261147877,0.0,
06011,3,9,1.0,3,0.3382745366225036,0.0,
06015,4,4,1.0,3,0.08730503865785513,0.0,
06017,1,23,1.0,3,0.09861918933082688,0.0,
06021,3,7,1.0,3,0.6362023507158523,1.0,
06023,4,36,1.0,3,0.12450938609829301,0.0,
06027,2,11,1.0,3,0.09428125523757616,0.0,
06031,4,12,1.0,3,0.8520696906285986,1.0,
06033,3,15,1.0,3,0.41506416719401096,0.0,
06035,2,17,1.0,3,0.10962370284530999,0.0,
06041,1,29,1.0,3,0.015262733468676019,0.0,
06043,3,13,1.0,3,0.061466063732838944,0.0,
06045,3,29,1.0,3,0.027309086890976525,0.0,
06055,1,12,1.0,3,0.0925931652157822,0.0,
06057,2,12,1.0,3,0.08237446925721867,0.0,
06063,2,17,1.0,3,0.08412728024806514,0.0,
06069,2,7,1.0,3,0.2202303729934302,0.0,
06079,2,26,1.0,3,0.06006800039058476,0.0,
06083,2,24,1.0,3,0.19594494588495526,0.0,
06087,2,17,1.0,3,0.10314349856180928,0.0,
06093,3,23,1.0,3,0.2095896563303936,0.0,
06097,1,37,1.0,3,0.07788461139616774,0.0,
06101,3,13,1.0,3,0.7400384967448719,1.0,
06103,4,15,1.0,3,0.5246592359930451,1.0,
06109,1,16,1.0,3,0.10006750784134712,0.0,
06113,3,19,1.0,3,0.5266501001512284,1.0,
06115,3,17,1.0,3,0.6215313248320418,1.0,
08001,2,35,1.0,3,0.6492254651750624,1.0,
08005,1,33,1.0,3,0.42859059119214943,0.0,
08007,1,5,1.0,3,0.0035958493196257446,0.0,
08009,4,8,1.0,3,0.06370398229393555,0.0,
08013,1,22,1.0,3,0.838553290970214,1.0,
08014,1,6,1.0,3,0.2118251497135168,0.0,
08035,1,18,1.0,3,0.09326002741023749,0.0,
08037,1,13,1.0,3,0.03362104068394087,0.0,
08043,3,11,1.0,3,0.07131184016862288,0.0,
08045,1,8,1.0,3,0.03271959586348893,0.0,
08055,2,4,1.0,3,0.0318670746536999,0.0,
08059,1,33,1.0,3,0.17557640624711707,0.0,
08067,1,6,1.0,3,0.017835880527243456,0.0,
08069,1,24,1.0,3,0.2850607350023808,0.0,
08077,2,19,1.0,3,0.5220786628715384,1.0,
08081,2,5,1.0,3,0.05325750268714692,0.0,
08087,2,10,1.0,3,0.1430274917346714,0.0,
08099,3,6,1.0,3,0.05372748746456792,0.0,
08101,3,15,1.0,3,0.6830292872030473,1.0,
08107,1,9,1.0,3,0.007337638658686332,0.0,
08109,4,8,1.0,3,0.026386346452272648,0.0,
08113,1,7,1.0,3,0.00405172919177231,0.0,
08121,2,12,1.0,3,0.014708725729060625,0.0,
08123,1,41,1.0,3,0.4631499376903607,0.0,
09001,1,46,1.0,3,0.14675899688871527,0.0,
09003,1,58,1.0,3,0.4668796605149378,0.0,
09005,1,40,1.0,3,0.028744582420120107,0.0,
09007,1,24,1.0,3,0.09923620901565411,0.0,
09009,1,41,1.0,3,0.28605271159108325,0.0,
09011,1,31,1.0,3,0.227526503293594,0.0,
09015,1,31,1.0,3,0.1471931237549478,0.0,
10001,1,18,1.0,3,0.42980365312755275,0.0,
10005,2,24,1.0,3,0.20120544604045995,0.0,
12001,3,23,1.0,3,0.06744935931684463,0.0,
12003,2,5,1.0,3,0.02416704433987652,0.0,
12005,2,16,1.0,3,0.1596821139277499,0.0,
12015,2,17,1.0,3,0.08052911755135433,0.0,
12017,3,15,1.0,3,0.04375731009113797,0.0,
12019,2,12,1.0,3,0.07041409343453821,0.0,
12023,3,8,1.0,3,0.06370577004024713,0.0,
12033,1,18,1.0,3,0.14511829541191035,0.0,
12035,2,7,1.0,3,0.05532755122941245,0.0,
12039,4,7,1.0,3,0.1991393245080652,0.0,
12041,4,5,1.0,3,0.04060879541281131,0.0,
12043,4,5,1.0,3,0.1045451611823294,0.0,
12049,4,4,1.0,3,0.07848155948904462,0.0,
12051,4,6,1.0,3,0.15957331519474147,0.0,
12053,3,12,1.0,3,0.25837684590612753,0.0,
12055,3,9,1.0,3,0.0800570217805717,0.0,
12059,4,4,1.0,3,0.03202261030231178,0.0,
12061,2,9,1.0,3,0.06844193274502862,0.0,
12063,1,14,1.0,3,0.06546726441253196,0.0,
12065,4,4,1.0,3,0.031051988882865915,0.0,
12073,3,10,1.0,3,0.09285212098910185,0.0,
12075,4,13,1.0,3,0.060687099463598106,0.0,
12079,4,5,1.0,3,0.060358168960101544,0.0,
12083,3,31,1.0,3,0.08745599760764824,0.0,
12085,1,12,1.0,3,0.06388056051170395,0.0,
12087,2,11,1.0,3,0.05689999693246157,0.0,
12089,1,6,1.0,3,0.023831628145045667,0.0,
12091,2,14,1.0,3,0.042691057163889726,0.0,
12097,3,17,1.0,3,0.36983825242831525,0.0,
12101,2,31,1.0,3,0.2204730308184136,0.0,
12107,4,17,1.0,3,0.09765505901707704,0.0,
12109,1,12,1.0,3,0.02775992041583518,0.0,
12111,2,17,1.0,3,0.19196482375819857,0.0,
12113,1,9,1.0,3,0.03982722978278945,0.0,
12117,2,17,1.0,3,0.13164500649373015,0.0,
12119,1,11,1.0,3,0.07829366244622148,0.0,
12121,3,9,1.0,3,0.051614271603480054,0.0,
12129,2,4,1.0,3,0.02870789022595262,0.0,
12131,2,12,1.0,3,0.030866410974938314,0.0,
12133,4,10,1.0,3,0.09142983721533535,0.0,
13001,4,7,1.0,3,0.29841922977659296,0.0,
13003,4,5,1.0,3,0.2046234877636661,0.0,
13005,4,3,1.0,3,0.26598503458882067,0.0,
13009,4,6,1.0,3,0.8775252786425952,1.0,
13013,2,8,1.0,3,0.119639773945935,0.0,
13015,2,14,1.0,3,0.24988893487015054,0.0,
13017,4,4,1.0,3,0.24572962811336152,0.0,
13019,4,6,1.0,3,0.1538504895278766,0.0,
13021,1,12,1.0,3,0.7972372955362463,1.0,
13023,4,6,1.0,3,0.1808462144731727,0.0,
13025,4,6,1.0,3,0.15267929754657283,0.0,
13031,1,11,1.0,3,0.4191961236354581,0.0,
13033,4,9,1.0,3,0.35386542433894674,0.0,
13035,4,5,1.0,3,0.5005522282310885,1.0,
13039,3,8,1.0,3,0.08947043768547543,0.0,
13043,4,4,1.0,3,0.2954159621447023,0.0,
13045,1,11,1.0,3,0.8206580354984107,1.0,
13055,4,6,1.0,3,0.1205217537956257,0.0,
13057,1,15,1.0,3,0.0620851908076314,0.0,
13059,1,9,1.0,3,0.9197703652121427,1.0,
13063,1,16,1.0,3,0.8611180126376847,1.0,
13069,4,10,1.0,3,0.3576416345013596,0.0,
13071,4,13,1.0,3,0.3270930215671686,0.0,
13073,1,7,1.0,3,0.03312556527372358,0.0,
13075,4,5,1.0,3,0.3149433098496726,0.0,
13077,1,10,1.0,3,0.15147136363300026,0.0,
13083,3,5,1.0,3,0.07557962152978961,0.0,
13085,1,5,1.0,3,0.04176010438015868,0.0,
13087,4,8,1.0,3,0.28492518875327183,0.0,
13093,4,8,1.0,3,0.21440682082852905,0.0,
13095,4,6,1.0,3,0.5859084048631522,1.0,
13097,2,8,1.0,3,0.3695125018262864,0.0,
13101,3,6,1.0,3,0.10691626790949103,0.0,
13103,1,8,1.0,3,0.03406946360636615,0.0,
13107,4,13,1.0,3,0.23882964761272918,0.0,
13109,4,6,1.0,3,0.33514343529824897,0.0,
13111,3,8,1.0,3,0.018501686649514702,0.0,
13113,1,8,1.0,3,0.12783083234269943,0.0,
13115,4,13,1.0,3,0.2437804158349595,0.0,
13119,3,10,1.0,3,0.22491414638951515,0.0,
13127,3,8,1.0,3,0.17660500627612308,0.0,
13129,4,8,1.0,3,0.22838358265513486,0.0,
13137,3,7,1.0,3,0.18736021719136642,0.0,
13139,2,19,1.0,3,0.2720339426386149,0.0,
13149,3,6,1.0,3,0.0759578197372319,0.0,
13151,2,11,1.0,3,0.324760578935535,0.0,
13153,2,12,1.0,3,0.40940398882776025,0.0,
13155,4,7,1.0,3,0.17259777852292563,0.0,
13157,2,16,1.0,3,0.08469764765608606,0.0,
13163,4,9,1.0,3,0.2337732731211337,0.0,
13165,4,5,1.0,3,0.21382873965861038,0.0,
13167,4,5,1.0,3,0.10929675121315274,0.0,
13169,4,8,1.0,3,0.26976757748002594,0.0,
13175,4,15,1.0,3,0.24710742763710122,0.0,
13179,1,9,1.0,3,0.26189992122122624,0.0,
13189,4,4,1.0,3,0.23664662172476894,0.0,
13191,3,4,1.0,3,0.049819856337200645,0.0,
13193,4,10,1.0,3,0.1673285741079346,0.0,
13195,3,11,1.0,3,0.12720676198049805,0.0,
13197,4,4,1.0,3,0.07821112108286295,0.0,
13215,4,11,1.0,3,0.5266398137182186,1.0,
13217,3,11,1.0,3,0.5226807559055018,1.0,
13219,1,8,1.0,3,0.04788980020545308,0.0,
13223,1,11,1.0,3,0.19108298474158372,0.0,
13225,4,3,1.0,3,0.4217512224110672,0.0,
13227,2,9,1.0,3,0.04246579114049746,0.0,
13233,4,8,1.0,3,0.31797392913245665,0.0,
13235,4,5,1.0,3,0.11513785527668904,0.0,
13237,4,5,1.0,3,0.11695252996985465,0.0,
13247,2,9,1.0,3,0.543986354489056,1.0,
13253,4,4,1.0,3,0.17276679519760194,0.0,
13257,3,5,1.0,3,0.22874685985973073,0.0,
13261,4,8,1.0,3,0.26897566734956907,0.0,
13267,4,6,1.0,3,0.17131944169234303,0.0,
13273,4,7,1.0,3,0.20529713583012776,0.0,
13275,3,9,1.0,3,0.11078874997759977,0.0,
13277,4,9,1.0,3,0.3754792957439724,0.0,
13279,4,3,1.0,3,0.22912469379177464,0.0,
13281,3,3,1.0,3,0.0067892223823798285,0.0,
13285,4,7,1.0,3,0.26272302346479165,0.0,
13287,4,4,1.0,3,0.27416576951706867,0.0,
13291,3,4,1.0,3,0.02673656688150419,0.0,
13293,4,7,1.0,3,0.2902689595926598,0.0,
13295,3,14,1.0,3,0.13364249842160025,0.0,
13297,2,11,1.0,3,0.2746862908623856,0.0,
13299,4,7,1.0,3,0.3790979455298852,0.0,
13301,4,9,1.0,3,0.19430564343581555,0.0,
13303,4,10,1.0,3,0.11937606953777026,0.0,
13305,4,6,1.0,3,0.16613524824738982,0.0,
13309,4,4,1.0,3,0.054418810717753244,0.0,
13313,4,8,1.0,3,0.2696828351253624,0.0,
13315,4,8,1.0,3,0.09722469181642825,0.0,
13317,4,5,1.0,3,0.047734007905211186,0.0,
16001,1,17,1.0,3,0.06468362293197565,0.0,
16011,3,11,1.0,3,0.006479286764090419,0.0,
16013,2,8,1.0,3,0.044848640518968294,0.0,
16017,2,18,1.0,3,0.051828379478979725,0.0,
16019,2,14,1.0,3,0.044349047189538957,0.0,
16025,4,2,1.0,3,0.046226306230265364,0.0,
16031,3,9,1.0,3,0.20626398521386666,0.0,
16035,3,7,1.0,3,0.004563676594258649,0.0,
16039,3,7,1.0,3,0.016943650040347792,0.0,
16041,1,7,1.0,3,0.02537093595412341,0.0,
16045,2,7,1.0,3,0.05053643471198561,0.0,
16047,3,6,1.0,3,0.22751370156253675,0.0,
16055,2,13,1.0,3,0.09002878735556931,0.0,
16059,3,10,1.0,3,0.017865870824979622,0.0,
16069,2,10,1.0,3,0.035390692694865965,0.0,
16073,3,12,1.0,3,0.10957968708625263,0.0,
16075,3,7,1.0,3,0.10815073329617186,0.0,
16079,4,15,1.0,3,0.02169081117554474,0.0,
16081,1,5,1.0,3,0.0043461571408554365,0.0,
16083,3,10,1.0,3,0.2275895360085322,0.0,
16087,4,5,1.0,3,0.036604275588578025,0.0,
17001,2,23,1.0,3,0.10696585418813254,0.0,
17003,1,8,1.0,3,0.1433073264787433,0.0,
17007,1,15,1.0,3,0.24580020832171492,0.0,
17011,2,30,1.0,3,0.12965317168537854,0.0,
17013,2,7,1.0,3,0.016865137075189825,0.0,
17017,3,7,1.0,3,0.07637254024675215,0.0,
17019,3,35,1.0,3,0.4279379971567717,0.0,
17021,2,20,1.0,3,0.12018059016545403,0.0,
17025,3,13,1.0,3,0.11928282339180817,0.0,
17027,1,17,1.0,3,0.09456835972909822,0.0,
17033,2,10,1.0,3,0.10993354486786808,0.0,
17039,2,13,1.0,3,0.14313193223179113,0.0,
17041,2,13,1.0,3,0.14719470375802698,0.0,
17043,1,43,1.0,3,0.15453201609721626,0.0,
17045,2,15,1.0,3,0.05860202763801027,0.0,
17049,2,15,1.0,3,0.09192921880038872,0.0,
17053,2,21,1.0,3,0.1533468574445474,0.0,
17055,4,19,1.0,3,0.22944807926946378,0.0,
17057,3,24,1.0,3,0.10171939700676579,0.0,
17059,4,9,1.0,3,0.15543154294966702,0.0,
17063,1,16,1.0,3,0.16489743560021392,0.0,
17073,1,23,1.0,3,0.0956465466795049,0.0,
17075,2,25,1.0,3,0.1399895305009463,0.0,
17081,3,17,1.0,3,0.2137012223446001,0.0,
17087,2,10,1.0,3,0.078205373069829,0.0,
17091,2,21,1.0,3,0.49430974122885846,0.0,
17093,1,19,1.0,3,0.2490532940059159,0.0,
17095,3,22,1.0,3,0.25185029017985205,0.0,
17097,1,35,1.0,3,0.2764041079596057,0.0,
17099,2,28,1.0,3,0.3048672161221536,0.0,
17103,2,24,1.0,3,0.17795298138814822,0.0,
17105,3,29,1.0,3,0.2458948679694515,0.0,
17107,1,20,1.0,3,0.13351186940064033,0.0,
17109,4,17,1.0,3,0.2679334053491827,0.0,
17111,1,24,1.0,3,0.14439779498958316,0.0,
17113,2,33,1.0,3,0.3458712598099674,0.0,
17115,3,27,1.0,3,0.5013154571606983,1.0,
17117,2,28,1.0,3,0.18939081797690907,0.0,
17121,3,15,1.0,3,0.20888377670017597,0.0,
17123,2,19,1.0,3,0.0824926346655721,0.0,
17125,3,11,1.0,3,0.07858988784922681,0.0,
17127,3,8,1.0,3,0.20322272229375557,0.0,
17133,1,9,1.0,3,0.04733044921081604,0.0,
17137,3,16,1.0,3,0.1782803746385303,0.0,
17141,2,27,1.0,3,0.16553956149400667,0.0,
17149,3,16,1.0,3,0.05154469746940015,0.0,
17157,2,18,1.0,3,0.1475793800870854,0.0,
17159,3,9,1.0,3,0.13494612301865067,0.0,
17161,2,20,1.0,3,0.35923838888768694,0.0,
17165,4,11,1.0,3,0.25696252777645245,0.0,
17167,2,29,1.0,3,0.27909284078638463,0.0,
17171,2,9,1.0,3,0.07329920618297613,0.0,
17173,2,22,1.0,3,0.06099645728513557,0.0,
17179,1,21,1.0,3,0.13368729380076155,0.0,
17181,3,13,1.0,3,0.05247048375660841,0.0,
17183,3,27,1.0,3,0.3809269405586352,0.0,
17187,3,14,1.0,3,0.22059774711779334,0.0,
17189,1,13,1.0,3,0.06804339489056489,0.0,
17193,3,11,1.0,3,0.052006315117399456,0.0,
17199,3,22,1.0,3,0.12360402731588527,0.0,
17201,2,26,1.0,3,0.4826886296087414,0.0,
17203,1,16,1.0,3,0.0657767628474003,0.0,
18001,3,8,1.0,3,0.5378084285483523,1.0,
18003,2,33,1.0,3,0.5565757835599575,1.0,
18005,2,14,1.0,3,0.08361041590692295,0.0,
18009,3,7,1.0,3,0.4183717180551692,0.0,
18011,1,12,1.0,3,0.10152959644064806,0.0,
18013,1,9,1.0,3,0.016982062813116244,0.0,
18017,3,12,1.0,3,0.4827956342297895,0.0,
18019,2,15,1.0,3,0.36880340383602755,0.0,
18021,2,17,1.0,3,0.20655365787286128,0.0,
18023,3,12,1.0,3,0.44957108284930974,0.0,
18029,1,9,1.0,3,0.12986368369434598,0.0,
18035,4,21,1.0,3,0.6765784919724518,1.0,
18037,1,13,1.0,3,0.07835115809969441,0.0,
18039,2,17,1.0,3,0.6367834973528486,1.0,
18043,2,10,1.0,3,0.24184907451229445,0.0,
18047,1,15,1.0,3,0.08436329202631962,0.0,
18051,2,16,1.0,3,0.2353125657030776,0.0,
18053,3,15,1.0,3,0.6575184025597395,1.0,
18055,2,16,1.0,3,0.14532857563048332,0.0,
18059,1,15,1.0,3,0.32937691747180425,0.0,
18061,2,16,1.0,3,0.04633644401620161,0.0,
18063,1,19,1.0,3,0.16646099398805556,0.0,
18067,2,10,1.0,3,0.6249504895440811,1.0,
18069,2,9,1.0,3,0.24480446089513425,0.0,
18071,3,8,1.0,3,0.06151627751955069,0.0,
18073,1,13,1.0,3,0.29290426505899597,0.0,
18079,2,13,1.0,3,0.08763814987107138,0.0,
18081,1,12,1.0,3,0.2546323519123567,0.0,
18083,3,11,1.0,3,0.4536056722647893,0.0,
18085,1,21,1.0,3,0.27405836776320186,0.0,
18087,1,12,1.0,3,0.47320179952630054,0.0,
18091,3,15,1.0,3,0.5741736662096223,1.0,
18093,2,12,1.0,3,0.13367322042874388,0.0,
18095,3,18,1.0,3,0.6376854821082562,1.0,
18101,2,7,1.0,3,0.08328403563786442,0.0,
18105,1,18,1.0,3,0.9974478588779946,1.0,
18107,2,16,1.0,3,0.2123151903455777,0.0,
18109,1,14,1.0,3,0.2394122700550247,0.0,
18117,3,11,1.0,3,0.06970491922595021,0.0,
18123,2,14,1.0,3,0.012522137679624597,0.0,
18127,1,15,1.0,3,0.37325519773585686,0.0,
18129,1,7,1.0,3,0.12560249634284396,0.0,
18133,1,15,1.0,3,0.19605729411909234,0.0,
18139,2,16,1.0,3,0.3413697277835944,0.0,
18141,3,24,1.0,3,0.7167764874557901,1.0,
18143,3,6,1.0,3,0.10196911747824454,0.0,
18145,2,17,1.0,3,0.38602205835158876,0.0,
18147,1,16,1.0,3,0.13218246444820522,0.0,
18149,3,11,1.0,3,0.44040579726646295,0.0,
18153,3,13,1.0,3,0.23323510049509946,0.0,
18157,3,18,1.0,3,0.505341278566007,1.0,
18163,3,11,1.0,3,0.6247699551506691,1.0,
18167,1,18,1.0,3,0.9732516116375054,1.0,
18169,2,14,1.0,3,0.26799934937810177,0.0,
18173,1,12,1.0,3,0.0939285267378484,0.0,
18175,2,12,1.0,3,0.041644075561993024,0.0,
18177,3,17,1.0,3,0.5742767356182091,1.0,
19003,2,9,1.0,3,0.018482840140031633,0.0,
19007,3,11,1.0,3,0.028376838488734776,0.0,
19009,2,11,1.0,3,0.01480560151003392,0.0,
19011,1,24,1.0,3,0.03386958402178967,0.0,
19013,3,17,1.0,3,0.35716356276681505,0.0,
19015,3,18,1.0,3,0.12911416693204655,0.0,
19021,2,13,1.0,3,0.06386002559852239,0.0,
19023,1,16,1.0,3,0.01712026025157323,0.0,
19027,1,16,1.0,3,0.014790147870457071,0.0,
19031,1,18,1.0,3,0.02356960188242801,0.0,
19037,1,9,1.0,3,0.023903888834651846,0.0,
19039,3,9,1.0,3,0.023550131162818993,0.0,
19041,2,15,1.0,3,0.03147149274416599,0.0,
19045,2,20,1.0,3,0.11662299158706152,0.0,
19049,1,25,1.0,3,0.042089231304670016,0.0,
19057,3,12,1.0,3,0.15316771563086126,0.0,
19061,2,19,1.0,3,0.08066112312251848,0.0,
19067,3,13,1.0,3,0.03824772936114447,0.0,
19071,2,11,1.0,3,0.015370031830535655,0.0,
19077,1,18,1.0,3,0.007112057455487735,0.0,
19079,1,15,1.0,3,0.018722464240002464,0.0,
19087,2,11,1.0,3,0.04789249433929993,0.0,
19095,1,21,1.0,3,0.01551551091847607,0.0,
19097,2,14,1.0,3,0.024990007965503547,0.0,
19099,1,19,1.0,3,0.018324511297097307,0.0,
19103,1,24,1.0,3,0.6024202576661406,1.0,
19105,2,16,1.0,3,0.0332843056351672,0.0,
19109,2,21,1.0,3,0.0264881496633115,0.0,
19111,3,12,1.0,3,0.08813375518636027,0.0,
19113,1,29,1.0,3,0.09112648841619322,0.0,
19121,1,14,1.0,3,0.0061603785669781174,0.0,
19123,2,20,1.0,3,0.028921272242011523,0.0,
19127,2,21,1.0,3,0.08395670227883184,0.0,
19129,1,11,1.0,3,0.016966474999542888,0.0,
19133,2,15,1.0,3,0.0113515270354626,0.0,
19145,2,12,1.0,3,0.012165711056184043,0.0,
19149,1,14,1.0,3,0.04990855311555316,0.0,
19151,2,16,1.0,3,0.04292643676215965,0.0,
19155,2,24,1.0,3,0.08012686091448366,0.0,
19157,2,17,1.0,3,0.011115306162757257,0.0,
19161,2,16,1.0,3,0.01853609779737408,0.0,
19163,2,22,1.0,3,0.20569418155839378,0.0,
19169,3,22,1.0,3,0.14387628235637065,0.0,
19179,3,12,1.0,3,0.07673202922181856,0.0,
19181,1,19,1.0,3,0.02173700652624824,0.0,
19187,3,22,1.0,3,0.14989270458632425,0.0,
19193,2,25,1.0,3,0.2050837472690252,0.0,
19197,2,16,1.0,3,0.030694900177158146,0.0,
20001,3,11,1.0,3,0.20284643641363082,0.0,
20005,2,10,1.0,3,0.07870649761924806,0.0,
20009,3,10,1.0,3,0.07624447606870191,0.0,
20011,4,13,1.0,3,0.06002692436078818,0.0,
20015,2,20,1.0,3,0.12084246395765287,0.0,
20019,4,10,1.0,3,0.03838162308877513,0.0,
20021,1,13,1.0,3,0.11104430889278696,0.0,
20027,1,10,1.0,3,0.004540978791080245,0.0,
20029,3,8,1.0,3,0.04215305814912143,0.0,
20035,3,14,1.0,3,0.260750130958028,0.0,
20037,1,15,1.0,3,0.23445446818971383,0.0,
20039,2,8,1.0,3,0.006878302780661214,0.0,
20041,2,12,1.0,3,0.06746822304456457,0.0,
20045,1,12,1.0,3,0.7739318357138213,1.0,
20047,3,7,1.0,3,0.011436261219641336,0.0,
20051,3,11,1.0,3,0.0558058481237234,0.0,
20055,3,7,1.0,3,0.07894423359573377,0.0,
20057,4,10,1.0,3,0.12565856086022326,0.0,
20059,2,13,1.0,3,0.08738642896811498,0.0,
20061,3,8,1.0,3,0.4896451260449987,0.0,
20067,2,3,1.0,3,0.02606953637825756,0.0,
20073,3,11,1.0,3,0.03778517686613704,0.0,
20079,1,13,1.0,3,0.09374109671307092,0.0,
20083,2,8,1.0,3,0.009109230735782807,0.0,
20085,2,18,1.0,3,0.018195082600849136,0.0,
20087,2,15,1.0,3,0.07315964853704154,0.0,
20095,1,12,1.0,3,0.008869743572399598,0.0,
20097,2,7,1.0,3,0.010832181832303622,0.0,
20099,4,13,1.0,3,0.20321730048170764,0.0,
20103,1,13,1.0,3,0.16048093504698488,0.0,
20111,3,12,1.0,3,0.3886660986848474,0.0,
20113,1,12,1.0,3,0.04268154573379723,0.0,
20121,1,11,1.0,3,0.013630032192635023,0.0,
20125,3,13,1.0,3,0.34515659342767985,0.0,
20127,2,9,1.0,3,0.060435636935148564,0.0,
20129,2,5,1.0,3,0.024752668284790967,0.0,
20133,4,11,1.0,3,0.2121582367074748,0.0,
20135,3,9,1.0,3,0.0019264860502308813,0.0,
20139,2,15,1.0,3,0.08317283159446834,0.0,
20147,2,9,1.0,3,0.003660250712156019,0.0,
20149,2,12,1.0,3,0.16900086820253274,0.0,
20155,2,22,1.0,3,0.1668086675558149,0.0,
20159,2,13,1.0,3,0.026152534207459475,0.0,
20161,3,14,1.0,3,0.00028916068070110676,0.0,
20163,2,10,1.0,3,0.010744786123844958,0.0,
20167,2,11,1.0,3,0.021739143108872146,0.0,
20169,2,9,1.0,3,0.19220982226567876,0.0,
20175,4,6,1.0,3,0.22255623511244998,0.0,
20179,1,11,1.0,3,0.01462115031146387,0.0,
20201,2,15,1.0,3,0.00017912959950916,0.0,
20205,4,10,1.0,3,0.17603877033088636,0.0,
21001,4,10,1.0,3,0.11338719944515904,0.0,
21003,4,6,1.0,3,0.13023507503322462,0.0,
21009,4,11,1.0,3,0.32174102260726284,0.0,
21011,4,8,1.0,3,0.1155840075498082,0.0,
21013,4,11,1.0,3,0.22996355541767857,0.0,
21015,1,9,1.0,3,0.24888050422590513,0.0,
21019,3,4,1.0,3,0.47946903563960136,0.0,
21021,3,5,1.0,3,0.2159908831901373,0.0,
21023,3,7,1.0,3,0.09177061281994525,0.0,
21027,3,18,1.0,3,0.06917104216083829,0.0,
21029,1,11,1.0,3,0.39613337948699034,0.0,
21033,3,6,1.0,3,0.06383139665506965,0.0,
21037,2,10,1.0,3,0.31779529509170895,0.0,
21041,4,8,1.0,3,0.3963140315772408,0.0,
21047,4,15,1.0,3,0.40405894776352325,0.0,
21049,3,4,1.0,3,0.20284470009252187,0.0,
21051,4,10,1.0,3,0.16001590819686057,0.0,
21057,4,3,1.0,3,0.05889106490259338,0.0,
21059,3,10,1.0,3,0.5333815463736816,1.0,
21061,4,12,1.0,3,0.09209748052319748,0.0,
21063,4,6,1.0,3,0.11673554508511377,0.0,
21067,2,17,1.0,3,0.2696154104547383,0.0,
21069,4,7,1.0,3,0.16819143825953822,0.0,
21071,4,33,1.0,3,0.3007306967326154,0.0,
21073,2,5,1.0,3,0.11097879965878976,0.0,
21075,4,3,1.0,3,0.27062030426605704,0.0,
21077,3,6,1.0,3,0.25534583938344335,0.0,
21079,3,5,1.0,3,0.1262242100197211,0.0,
21081,3,8,1.0,3,0.171792076711664,0.0,
21083,4,18,1.0,3,0.31493057032101274,0.0,
21085,4,9,1.0,3,0.13155350860496354,0.0,
21093,2,17,1.0,3,0.2984613537982735,0.0,
21097,3,6,1.0,3,0.09722270257615308,0.0,
21099,4,10,1.0,3,0.14513244744415377,0.0,
21101,3,8,1.0,3,0.5939421656707188,1.0,
21103,3,13,1.0,3,0.1118501778272103,0.0,
21105,4,7,1.0,3,0.12629485630124337,0.0,
21107,4,13,1.0,3,0.2546115621356092,0.0,
21113,3,4,1.0,3,0.180255330922529,0.0,
21115,4,19,1.0,3,0.17104495151459143,0.0,
21117,2,12,1.0,3,0.3517999100803234,0.0,
21119,4,24,1.0,3,0.1712076722648002,0.0,
21121,4,19,1.0,3,0.12972056732814718,0.0,
21125,4,8,1.0,3,0.262780849764174,0.0,
21127,4,10,1.0,3,0.17724073942999807,0.0,
21133,1,26,1.0,3,0.29594721626732745,0.0,
21137,4,11,1.0,3,0.14601382727921816,0.0,
21141,4,7,1.0,3,0.15183242516738132,0.0,
21145,3,7,1.0,3,0.6218433024314569,1.0,
21149,2,7,1.0,3,0.13180576203588573,0.0,
21151,1,5,1.0,3,0.43338455917926827,0.0,
21153,4,4,1.0,3,0.1172121705483824,0.0,
21159,4,9,1.0,3,0.09700197956752718,0.0,
21161,4,5,1.0,3,0.2272641951502957,0.0,
21163,2,12,1.0,3,0.12437189135224519,0.0,
21167,2,5,1.0,3,0.09863785368297313,0.0,
21171,4,6,1.0,3,0.011548546794073453,0.0,
21173,4,5,1.0,3,0.2664348304339999,0.0,
21175,4,8,1.0,3,0.08109177986714183,0.0,
21179,1,9,1.0,3,0.08067249226595745,0.0,
21183,3,16,1.0,3,0.0726850602626394,0.0,
21185,1,11,1.0,3,0.057547817149538494,0.0,
21191,3,10,1.0,3,0.09092341069953269,0.0,
21195,4,39,1.0,3,0.09570552972671499,0.0,
21197,4,4,1.0,3,0.17390944609939063,0.0,
21199,4,11,1.0,3,0.2957321509041051,0.0,
21201,4,7,1.0,3,0.055721068075895004,0.0,
21203,4,7,1.0,3,0.13825364465776674,0.0,
21205,4,4,1.0,3,0.023779791849364837,0.0,
21207,4,7,1.0,3,0.1790147170372509,0.0,
21209,2,6,1.0,3,0.132021615253411,0.0,
21211,2,14,1.0,3,0.22326358579085034,0.0,
21217,4,6,1.0,3,0.16188126263070268,0.0,
21221,2,5,1.0,3,0.036497709647223556,0.0,
21225,4,5,1.0,3,0.20196135899825263,0.0,
21227,3,9,1.0,3,0.1741003700164474,0.0,
21231,4,5,1.0,3,0.20928692535726837,0.0,
21235,4,7,1.0,3,0.19968543875071376,0.0,
21237,4,5,1.0,3,0.17380153137939086,0.0,
21239,2,3,1.0,3,0.0746149158013154,0.0,
22001,4,15,1.0,3,0.4651355046888669,0.0,
22003,3,13,1.0,3,0.07682014758622563,0.0,
22005,1,8,1.0,3,0.3037630557952992,0.0,
22009,4,15,1.0,3,0.18992443243116663,0.0,
22011,3,9,1.0,3,0.07740427324334649,0.0,
22013,4,13,1.0,3,0.15127803908586135,0.0,
22019,3,16,1.0,3,0.5883996161003845,1.0,
22021,4,4,1.0,3,0.09192769951341354,0.0,
22023,4,8,1.0,3,0.6065305619397146,1.0,
22027,4,11,1.0,3,0.24107180314200752,0.0,
22031,4,10,1.0,3,0.054581104615611754,0.0,
22039,4,12,1.0,3,0.30090285075172607,0.0,
22041,4,7,1.0,3,0.31473654053792743,0.0,
22043,3,8,1.0,3,0.029940186155653217,0.0,
22045,4,10,1.0,3,0.505917570546309,1.0,
22047,3,8,1.0,3,0.5711201301851929,1.0,
22049,4,7,1.0,3,0.19049775885534537,0.0,
22053,3,10,1.0,3,0.3191975787574791,0.0,
22055,1,16,1.0,3,0.3573794679815163,0.0,
22057,3,14,1.0,3,0.3144501692092982,0.0,
22063,2,17,1.0,3,0.2315186986494837,0.0,
22065,4,4,1.0,3,0.3921693422884929,0.0,
22069,4,16,1.0,3,0.18104258252859645,0.0,
22077,3,17,1.0,3,0.23959268340653073,0.0,
22079,4,27,1.0,3,0.33292303868947754,0.0,
22083,4,6,1.0,3,0.35477984667072004,0.0,
22087,4,6,1.0,3,0.8633787026604579,1.0,
22089,1,10,1.0,3,0.2697506657097705,0.0,
22093,3,7,1.0,3,0.5112610155635954,1.0,
22095,3,6,1.0,3,0.6379779531654984,1.0,
22099,4,8,1.0,3,0.3204030732260828,0.0,
22101,4,8,1.0,3,0.4239731941738258,0.0,
22103,2,17,1.0,3,0.12069493201995996,0.0,
22105,1,20,1.0,3,0.712946913573249,1.0,
22107,4,4,1.0,3,0.03867999360998351,0.0,
22109,3,13,1.0,3,0.45845720785264366,0.0,
22111,3,10,1.0,3,0.07786959052469629,0.0,
22113,3,12,1.0,3,0.28599784773902387,0.0,
22115,3,13,1.0,3,0.12099467471203294,0.0,
22117,4,6,1.0,3,0.16842181206451987,0.0,
22119,4,12,1.0,3,0.35500417494876596,0.0,
22121,2,5,1.0,3,0.5263419608763245,1.0,
22123,4,4,1.0,3,0.09682467234304394,0.0,
22127,4,12,1.0,3,0.08710976920783829,0.0,
23001,2,14,1.0,3,0.06577696586815708,0.0,
23005,1,38,1.0,3,0.027732040266188633,0.0,
23007,1,18,1.0,3,0.013485121109066607,0.0,
23009,2,40,1.0,3,0.013647907475761402,0.0,
23011,2,27,1.0,3,0.0339262003193391,0.0,
23013,1,19,1.0,3,0.03340193722385528,0.0,
23017,1,33,1.0,3,0.03143556414933726,0.0,
23019,1,47,1.0,3,0.27777071058749353,0.0,
23021,3,16,1.0,3,0.0115585961003058,0.0,
23025,4,24,1.0,3,0.07209075184163671,0.0,
23027,2,18,1.0,3,0.010333650166291234,0.0,
23031,1,36,1.0,3,0.05728746495338562,0.0,
24001,3,15,1.0,3,0.08108761402857649,0.0,
24011,3,10,1.0,3,0.33557603948136433,0.0,
24013,1,15,1.0,3,0.01679678725312452,0.0,
24017,1,24,1.0,3,0.05592314017662079,0.0,
24019,3,18,1.0,3,0.2655023630040938,0.0,
24021,1,34,1.0,3,0.02307658472653713,0.0,
24027,1,24,1.0,3,0.040808506370012154,0.0,
24029,2,9,1.0,3,0.1204028412651977,0.0,
24035,1,16,1.0,3,0.06913967916671791,0.0,
24037,1,26,1.0,3,0.13124166005346205,0.0,
24039,1,11,1.0,3,0.35795170466918036,0.0,
24041,1,16,1.0,3,0.07267507765722843,0.0,
24043,1,20,1.0,3,0.15991715779204405,0.0,
24047,2,12,1.0,3,0.16136062916300642,0.0,
25001,1,47,1.0,3,0.10488990611465397,0.0,
25005,2,36,1.0,3,0.4027913009519762,0.0,
25011,2,32,1.0,3,0.02460394017862675,0.0,
25013,2,41,1.0,3,0.5589953387208373,1.0,
25015,1,28,1.0,3,0.06065604581626724,0.0,
25023,1,34,1.0,3,0.14620599807398013,0.0,
25025,3,36,1.0,3,0.7328784258600786,1.0,
25027,1,87,1.0,3,0.20377511993167852,0.0,
26005,2,24,1.0,3,0.26354957972098536,0.0,
26009,2,16,1.0,3,0.05636324032510331,0.0,
26011,3,10,1.0,3,0.27007484026054424,0.0,
26013,3,7,1.0,3,0.012250856718241157,0.0,
26015,1,15,1.0,3,0.09949755002338252,0.0,
26017,2,16,1.0,3,0.5623549521596082,1.0,
26021,1,23,1.0,3,0.41553475537317625,0.0,
26023,3,13,1.0,3,0.34496195744211744,0.0,
26025,3,22,1.0,3,0.4087142694498096,0.0,
26027,2,14,1.0,3,0.37022603743381954,0.0,
26041,3,13,1.0,3,0.10336000382087868,0.0,
26045,1,19,1.0,3,0.27238705865590285,0.0,
26049,3,34,1.0,3,0.5552759244654655,1.0,
26055,1,9,1.0,3,0.08723285220501661,0.0,
26059,3,18,1.0,3,0.2700449735110474,0.0,
26061,4,20,1.0,3,0.04268412587749727,0.0,
26063,2,18,1.0,3,0.21960741409445586,0.0,
26065,1,22,1.0,3,0.9977727709653774,1.0,
26067,2,21,1.0,3,0.17662507983743084,0.0,
26073,4,15,1.0,3,0.3888444388971773,0.0,
26075,2,29,1.0,3,0.43945230779779354,0.0,
26077,2,25,1.0,3,0.36328356586650834,0.0,
26081,2,39,1.0,3,0.5114137869336526,1.0,
26087,2,22,1.0,3,0.17290427238359946,0.0,
26091,2,23,1.0,3,0.22353718386662655,0.0,
26093,1,20,1.0,3,0.07553941949359255,0.0,
26099,2,39,1.0,3,0.6929643247272131,1.0,
26101,2,15,1.0,3,0.08520561616470951,0.0,
26103,2,15,1.0,3,0.026618506541265467,0.0,
26115,1,25,1.0,3,0.3272167891716443,0.0,
26121,3,20,1.0,3,0.5677135676849755,1.0,
26123,3,21,1.0,3,0.20508210432995413,0.0,
26127,3,12,1.0,3,0.225144026016884,0.0,
26137,3,7,1.0,3,0.0934511965628566,0.0,
26139,1,22,1.0,3,0.23946318202260714,0.0,
26141,2,7,1.0,3,0.018776058344800336,0.0,
26145,3,28,1.0,3,0.5041562539347035,1.0,
26147,2,23,1.0,3,0.3817494183789784,0.0,
26149,3,13,1.0,3,0.38392191233925405,0.0,
26151,3,22,1.0,3,0.2677904056646254,0.0,
26155,2,19,1.0,3,0.20376131191812397,0.0,
26157,3,21,1.0,3,0.1871276213594139,0.0,
26159,3,22,1.0,3,0.35378765901279785,0.0,
26161,2,27,1.0,3,0.2678258147086666,0.0,
27001,2,12,1.0,3,0.00318752412123521,0.0,
27003,1,20,1.0,3,0.07929482848994938,0.0,
27005,2,16,1.0,3,0.012954093525591128,0.0,
27007,3,18,1.0,3,0.040111857106628186,0.0,
27009,1,9,1.0,3,0.01512492440864702,0.0,
27025,1,15,1.0,3,0.01644371838996308,0.0,
27027,2,15,1.0,3,0.06166038699849243,0.0,
27037,1,22,1.0,3,0.05004858573973365,0.0,
27041,1,17,1.0,3,0.008702423176303733,0.0,
27047,2,18,1.0,3,0.11318214374827285,0.0,
27049,1,17,1.0,3,0.017957692039923652,0.0,
27057,2,10,1.0,3,0.006372435974888397,0.0,
27061,2,30,1.0,3,0.008049334135097381,0.0,
27079,1,13,1.0,3,0.025877470503120132,0.0,
27083,3,14,1.0,3,0.029456074753208862,0.0,
27095,2,12,1.0,3,0.009722163343725172,0.0,
27097,2,20,1.0,3,0.009694341700540789,0.0,
27099,2,19,1.0,3,0.06574854722422484,0.0,
27109,1,19,1.0,3,0.022484740766175227,0.0,
27111,1,34,1.0,3,0.01641992872881307,0.0,
27115,2,16,1.0,3,0.007216760052832631,0.0,
27119,2,25,1.0,3,0.013367703621853827,0.0,
27123,2,26,1.0,3,0.28575409721680284,0.0,
27127,2,22,1.0,3,0.009914691105888069,0.0,
27129,2,16,1.0,3,0.013377399121875794,0.0,
27131,1,16,1.0,3,0.05769310561670385,0.0,
27135,1,11,1.0,3,0.005501136065846267,0.0,
27139,1,10,1.0,3,0.029813949129451314,0.0,
27141,1,9,1.0,3,0.030562078722990004,0.0,
27145,2,33,1.0,3,0.192190104430114,0.0,
27151,3,11,1.0,3,0.011680393887503571,0.0,
27153,2,19,1.0,3,0.011968743934291714,0.0,
27163,1,19,1.0,3,0.04329283877282945,0.0,
27169,2,14,1.0,3,0.022471866164037457,0.0,
27171,1,19,1.0,3,0.03251262795385492,0.0,
28001,4,2,1.0,3,0.06488555620159317,0.0,
28003,4,5,1.0,3,0.05895596536079776,0.0,
28007,4,11,1.0,3,0.031864524693993035,0.0,
28011,4,17,1.0,3,0.6651906252611695,1.0,
28013,4,11,1.0,3,0.006083319209417975,0.0,
28015,4,13,1.0,3,0.10947601693646362,0.0,
28019,4,9,1.0,3,0.014087467589030135,0.0,
28023,4,9,1.0,3,0.008406545357071013,0.0,
28025,4,8,1.0,3,0.09405266560256928,0.0,
28027,4,11,1.0,3,0.6699097872459687,1.0,
28029,4,9,1.0,3,0.0011518267940691857,0.0,
28031,4,8,1.0,3,0.06337001652882257,0.0,
28033,1,10,1.0,3,0.16722936710820824,0.0,
28035,1,8,1.0,3,0.5116690305151594,1.0,
28037,4,8,1.0,3,0.032022565205128715,0.0,
28039,4,3,1.0,3,0.00803585748655748,0.0,
28041,3,7,1.0,3,0.006770968990718704,0.0,
28043,4,7,1.0,3,0.05881418748639031,0.0,
28045,3,10,1.0,3,0.2190311104139634,0.0,
28051,4,9,1.0,3,0.09148615117325216,0.0,
28057,3,10,1.0,3,0.04439565238939467,0.0,
28061,4,14,1.0,3,0.008159674746908565,0.0,
28065,4,9,1.0,3,0.037827675378098016,0.0,
28069,4,11,1.0,3,0.031980243504118204,0.0,
28071,4,13,1.0,3,0.9991405911061766,1.0,
28073,3,6,1.0,3,0.018847635686363974,0.0,
28075,1,12,1.0,3,0.06700299824118533,0.0,
28081,3,15,1.0,3,0.10548789056066499,0.0,
28083,4,11,1.0,3,0.41230647277346905,0.0,
28085,4,12,1.0,3,0.0700163242681597,0.0,
28087,3,8,1.0,3,0.10511603794675689,0.0,
28089,1,12,1.0,3,0.03219636790741171,0.0,
28091,4,8,1.0,3,0.0705752537698527,0.0,
28093,3,8,1.0,3,0.08617691785145454,0.0,
28095,4,12,1.0,3,0.05554070161677462,0.0,
28097,4,7,1.0,3,0.03967338000360672,0.0,
28099,4,8,1.0,3,0.09562180184127406,0.0,
28101,4,11,1.0,3,0.023496501483701988,0.0,
28103,4,6,1.0,3,0.09440475781169405,0.0,
28107,4,11,1.0,3,0.16916869029024234,0.0,
28109,3,5,1.0,3,0.016878197394911462,0.0,
28113,4,8,1.0,3,0.15284605016625688,0.0,
28115,4,11,1.0,3,0.09389553909610703,0.0,
28119,4,10,1.0,3,0.2874607756958937,0.0,
28121,1,12,1.0,3,0.08227954583468491,0.0,
28123,4,10,1.0,3,0.07731444059719451,0.0,
28127,3,10,1.0,3,0.03912366795831485,0.0,
28131,4,6,1.0,3,0.015955232852106874,0.0,
28133,4,16,1.0,3,0.6282318927308721,1.0,
28135,4,18,1.0,3,0.09171895920391944,0.0,
28137,3,5,1.0,3,0.20278943675404676,0.0,
28141,4,9,1.0,3,0.05032043034845341,0.0,
28145,3,11,1.0,3,0.027589711691845212,0.0,
28147,4,6,1.0,3,0.04571237040262994,0.0,
28153,4,7,1.0,3,0.05860712035458748,0.0,
28159,4,10,1.0,3,0.04563713408850461,0.0,
28161,4,7,1.0,3,0.02144254242645466,0.0,
28163,4,8,1.0,3,0.075428416979594,0.0,
29001,4,9,1.0,3,0.10383171551546891,0.0,
29009,4,17,1.0,3,0.1262220089734128,0.0,
29011,4,8,1.0,3,0.07409337187687766,0.0,
29013,3,13,1.0,3,0.026640066671056548,0.0,
29015,3,13,1.0,3,0.03428036221391671,0.0,
29017,4,13,1.0,3,0.03884336933940338,0.0,
29019,1,13,1.0,3,0.04797982210974307,0.0,
29021,3,15,1.0,3,0.5451090602798148,1.0,
29023,4,10,1.0,3,0.21764183602492468,0.0,
29025,3,10,1.0,3,0.13182898542335486,0.0,
29029,3,18,1.0,3,0.0554097579837503,0.0,
29031,3,19,1.0,3,0.2201214010613034,0.0,
29033,3,10,1.0,3,0.0842445576381612,0.0,
29035,3,5,1.0,3,0.0085994773943022,0.0,
29037,1,18,1.0,3,0.08205371772150663,0.0,
29039,4,9,1.0,3,0.04908189239921565,0.0,
29041,3,12,1.0,3,0.044299871864755605,0.0,
29043,1,21,1.0,3,0.042815270698265,0.0,
29049,1,11,1.0,3,0.07041292227592426,0.0,
29051,1,9,1.0,3,0.0628506676144625,0.0,
29055,4,12,1.0,3,0.050652087589310585,0.0,
29057,3,13,1.0,3,0.05019075992235689,0.0,
29059,4,13,1.0,3,0.0766453801338367,0.0,
29063,2,10,1.0,3,0.09448857208893835,0.0,
29065,4,8,1.0,3,0.029109400363150913,0.0,
29067,4,16,1.0,3,0.050742353524804024,0.0,
29069,4,14,1.0,3,0.39514897991087694,0.0,
29071,1,23,1.0,3,0.11894577116168979,0.0,
29079,3,7,1.0,3,0.12718307376591542,0.0,
29083,4,11,1.0,3,0.07693162148830074,0.0,
29085,4,13,1.0,3,0.058997033655067185,0.0,
29091,4,12,1.0,3,0.09537308612661674,0.0,
29093,3,16,1.0,3,0.0320915851485851,0.0,
29099,1,24,1.0,3,0.18525242537402403,0.0,
29103,4,12,1.0,3,0.034843424553851775,0.0,
29105,4,12,1.0,3,0.06633926932252188,0.0,
29107,2,16,1.0,3,0.11599778237983568,0.0,
29109,3,21,1.0,3,0.13129937042188952,0.0,
29113,2,17,1.0,3,0.1759229037515227,0.0,
29115,3,15,1.0,3,0.04606253941420111,0.0,
29117,3,12,1.0,3,0.0801583978734537,0.0,
29119,1,14,1.0,3,0.06722112887618516,0.0,
29121,2,15,1.0,3,0.02729707484592845,0.0,
29123,3,7,1.0,3,0.02075188291794778,0.0,
29127,3,10,1.0,3,0.10596546766158532,0.0,
29131,3,17,1.0,3,0.03781047481832788,0.0,
29133,4,6,1.0,3,0.5491315349757359,1.0,
29135,2,13,1.0,3,0.02184260344952583,0.0,
29139,3,11,1.0,3,0.07167777795986045,0.0,
29143,4,17,1.0,3,0.46907357698897456,0.0,
29145,3,15,1.0,3,0.09536833758204889,0.0,
29147,4,18,1.0,3,0.07773140020349414,0.0,
29153,4,18,1.0,3,0.03642781477817437,0.0,
29159,3,15,1.0,3,0.1850264158533651,0.0,
29161,4,11,1.0,3,0.037712972361930025,0.0,
29163,1,12,1.0,3,0.09883507115735839,0.0,
29165,1,18,1.0,3,0.08765539009954883,0.0,
29169,2,11,1.0,3,0.04579208477886151,0.0,
29175,3,12,1.0,3,0.16691152337468695,0.0,
29177,2,12,1.0,3,0.19121900085806412,0.0,
29181,4,9,1.0,3,0.05053955217308349,0.0,
29183,1,14,1.0,3,0.15420898087463725,0.0,
29185,4,16,1.0,3,0.029120090977807454,0.0,
29186,2,8,1.0,3,0.043666462910474685,0.0,
29187,3,15,1.0,3,0.08743071163675625,0.0,
29195,3,13,1.0,3,0.18033023927635883,0.0,
29197,3,6,1.0,3,0.041418076736198746,0.0,
29199,3,10,1.0,3,0.07217456302637856,0.0,
29201,4,14,1.0,3,0.5371366227953643,1.0,
29207,1,13,1.0,3,0.25491361719638994,0.0,
29209,1,17,1.0,3,0.07579087049765644,0.0,
29211,3,13,1.0,3,0.023339527277562746,0.0,
29213,3,20,1.0,3,0.13044095034621406,0.0,
29215,4,21,1.0,3,0.030138202639655578,0.0,
29217,4,13,1.0,3,0.11124661623424667,0.0,
29219,3,9,1.0,3,0.08769960578098226,0.0,
29223,4,14,1.0,3,0.02795562117894453,0.0,
29225,3,9,1.0,3,0.08740834675940141,0.0,
29229,4,11,1.0,3,0.08958676045284196,0.0,
30003,4,18,1.0,3,0.26949138500677455,0.0,
30005,4,9,1.0,3,0.04253403564794326,0.0,
30013,3,18,1.0,3,0.09830890844062258,0.0,
30015,2,13,1.0,3,0.036798604426308335,0.0,
30021,1,8,1.0,3,0.004133199642405501,0.0,
30029,2,16,1.0,3,0.010276126120084474,0.0,
30035,4,5,1.0,3,0.12875525496477452,0.0,
30047,3,15,1.0,3,0.01850483846571303,0.0,
30049,1,9,1.0,3,0.009553470624573268,0.0,
30053,4,6,1.0,3,0.010009790502857127,0.0,
30061,4,5,1.0,3,0.004930344671809418,0.0,
30073,3,6,1.0,3,0.011881444398361602,0.0,
30081,2,9,1.0,3,0.004253544630239226,0.0,
30087,3,8,1.0,3,0.02569584957804833,0.0,
30105,3,12,1.0,3,0.008393438988237934,0.0,
30111,2,16,1.0,3,0.13552365426670682,0.0,
31001,2,14,1.0,3,0.030262603238688436,0.0,
31003,2,11,1.0,3,0.004045683366271243,0.0,
31007,2,8,1.0,3,0.008033444685994758,0.0,
31011,2,8,1.0,3,0.0027612379699089203,0.0,
31013,2,3,1.0,3,0.011036221628471074,0.0,
31023,1,14,1.0,3,0.004063900358645913,0.0,
31025,1,20,1.0,3,0.006550975038202952,0.0,
31029,2,7,1.0,3,7.965922678061316e-05,0.0,
31033,1,5,1.0,3,0.0038022143824155276,0.0,
31041,1,21,1.0,3,0.00368368817223216,0.0,
31045,2,6,1.0,3,0.005426498534306896,0.0,
31061,2,8,1.0,3,0.0031656476083784047,0.0,
31067,2,18,1.0,3,0.013129904822906928,0.0,
31075,2,3,1.0,3,0.0012876119306970868,0.0,
31079,2,11,1.0,3,0.03036897790856673,0.0,
31083,2,8,1.0,3,0.003880222471529308,0.0,
31093,1,11,1.0,3,0.00328803928215377,0.0,
31095,3,12,1.0,3,0.0054605661239484,0.0,
31109,2,42,1.0,3,0.06752725842326612,0.0,
31111,2,14,1.0,3,0.007534775581135749,0.0,
31119,2,8,1.0,3,0.01920146168067847,0.0,
31131,1,19,1.0,3,0.006706721918236887,0.0,
31135,1,10,1.0,3,0.001963793824872206,0.0,
31141,1,11,1.0,3,0.011326561464359217,0.0,
31153,1,13,1.0,3,0.021087277683671368,0.0,
31155,1,18,1.0,3,0.0077513184518667655,0.0,
31157,3,8,1.0,3,0.047690250190197105,0.0,
31161,2,9,1.0,3,0.0067663757689728375,0.0,
31173,4,10,1.0,3,0.10589437843407822,0.0,
31177,1,15,1.0,3,0.01459717913279517,0.0,
31179,2,11,1.0,3,0.009305459364394402,0.0,
31185,1,15,1.0,3,0.004041974453972258,0.0,
32001,2,2,1.0,3,0.4573388707357951,0.0,
32005,1,9,1.0,3,0.1891989593869501,0.0,
32007,1,14,1.0,3,0.1015310161162403,0.0,
32013,1,7,1.0,3,0.14131096434245077,0.0,
32017,1,5,1.0,3,0.0008138837057195257,0.0,
32019,3,9,1.0,3,0.6749188517290429,1.0,
32021,3,5,1.0,3,0.14585424532745755,0.0,
32033,2,7,1.0,3,0.06103618986946261,0.0,
33005,1,27,1.0,3,0.018456055134309705,0.0,
33007,2,16,1.0,3,0.01189434389870548,0.0,
33009,1,37,1.0,3,0.00706258125513699,0.0,
33011,1,34,1.0,3,0.03606980330820394,0.0,
33013,1,31,1.0,3,0.013107909643956752,0.0,
33015,1,37,1.0,3,0.01732732795078195,0.0,
34009,1,15,1.0,3,0.1528767676224435,0.0,
34011,1,22,1.0,3,0.39707268636891796,0.0,
34015,1,30,1.0,3,0.17010344585540124,0.0,
34019,1,26,1.0,3,0.014836922081374748,0.0,
34021,1,25,1.0,3,0.31743355443115606,0.0,
34027,1,56,1.0,3,0.021694001415794372,0.0,
34031,2,33,1.0,3,0.4719767507487098,0.0,
34033,2,14,1.0,3,0.25265866389714725,0.0,
34035,1,32,1.0,3,0.04868614597466268,0.0,
34037,1,21,1.0,3,0.013944396105471829,0.0,
34041,1,19,1.0,3,0.042162037720851156,0.0,
35005,4,9,1.0,3,0.4418109608238186,0.0,
35007,4,9,1.0,3,0.041220063010715,0.0,
35009,1,7,1.0,3,0.3940149726098013,0.0,
35015,3,8,1.0,3,0.0004653633592097266,0.0,
35017,4,16,1.0,3,0.041701488853666514,0.0,
35019,2,5,1.0,3,0.002675464432808616,0.0,
35025,3,7,1.0,3,0.569641977487532,1.0,
35029,4,3,1.0,3,0.1307708922085394,0.0,
35035,4,18,1.0,3,0.5259484135108845,1.0,
35037,4,10,1.0,3,0.06344376727336486,0.0,
35039,1,37,1.0,3,0.1320540474987925,0.0,
35041,4,9,1.0,3,0.16539299406182104,0.0,
35043,1,21,1.0,3,0.28738681623243323,0.0,
35049,2,15,1.0,3,0.13731904949025692,0.0,
35051,4,10,1.0,3,0.30219035285112944,0.0,
35053,4,14,1.0,3,0.46866300427195523,0.0,
35055,4,21,1.0,3,0.051832276687384354,0.0,
35061,4,8,1.0,3,0.4344476806567896,0.0,
36001,2,46,1.0,3,0.19226199923369292,0.0,
36003,3,37,1.0,3,0.010274757152513362,0.0,
36007,3,31,1.0,3,0.10421003940360571,0.0,
36009,1,36,1.0,3,0.018972286483707062,0.0,
36011,1,26,1.0,3,0.12068435638053876,0.0,
36013,3,36,1.0,3,0.13691276975464317,0.0,
36015,2,22,1.0,3,0.08878179916219438,0.0,
36021,2,36,1.0,3,0.06603051523468684,0.0,
36023,3,17,1.0,3,0.09447504128759764,0.0,
36027,1,35,1.0,3,0.12796030590243676,0.0,
36031,2,34,1.0,3,0.0077497389721096765,0.0,
36033,3,23,1.0,3,0.016214281092936055,0.0,
36037,2,18,1.0,3,0.052153054942768916,0.0,
36039,2,42,1.0,3,0.037110344852131744,0.0,
36041,2,13,1.0,3,0.00232159163168578,0.0,
36043,3,28,1.0,3,0.03987986789296219,0.0,
36045,3,39,1.0,3,0.12266312897066414,0.0,
36053,1,31,1.0,3,0.08431831780486372,0.0,
36055,1,50,1.0,3,0.543774062276067,1.0,
36057,3,20,1.0,3,0.11734337094160455,0.0,
36063,1,22,1.0,3,0.5970961392457067,1.0,
36065,2,54,1.0,3,0.19361300728330977,0.0,
36071,1,51,1.0,3,0.0899941180688535,0.0,
36073,3,15,1.0,3,0.2569844844610102,0.0,
36075,3,27,1.0,3,0.13792521209221484,0.0,
36077,3,43,1.0,3,0.013432906718654299,0.0,
36083,2,29,1.0,3,0.08534038864896071,0.0,
36089,3,49,1.0,3,0.04239155095466269,0.0,
36091,1,27,1.0,3,0.021772783571030192,0.0,
36093,1,19,1.0,3,0.1243385860280941,0.0,
36099,2,14,1.0,3,0.18512492103935094,0.0,
36101,3,39,1.0,3,0.026674869723665135,0.0,
36105,2,62,1.0,3,0.045005323751756435,0.0,
36107,2,15,1.0,3,0.01849393125593909,0.0,
36109,1,17,1.0,3,0.7666838019960139,1.0,
36111,2,63,1.0,3,0.06352903536787402,0.0,
36115,2,27,1.0,3,0.04067394017413483,0.0,
36117,2,20,1.0,3,0.06531940388095567,0.0,
37001,3,12,1.0,3,0.12837040182401369,0.0,
37003,2,8,1.0,3,0.04128026158553882,0.0,
37007,4,8,1.0,3,0.06108765614827027,0.0,
37013,4,15,1.0,3,0.03857830316693427,0.0,
37015,4,10,1.0,3,0.04755540192557044,0.0,
37017,4,18,1.0,3,0.08665055255192487,0.0,
37019,2,14,1.0,3,0.020553653595935674,0.0,
37021,2,19,1.0,3,0.021939670679182968,0.0,
37023,4,16,1.0,3,0.06530801886479233,0.0,
37025,2,16,1.0,3,0.14554862586283202,0.0,
37027,3,10,1.0,3,0.0643034631336772,0.0,
37031,2,19,1.0,3,0.029760866967144754,0.0,
37035,2,14,1.0,3,0.09377826016746185,0.0,
37037,1,18,1.0,3,0.01120392093724667,0.0,
37039,3,4,1.0,3,0.009737899121557734,0.0,
37041,3,4,1.0,3,0.04785244455281236,0.0,
37043,3,5,1.0,3,0.00268498711158804,0.0,
37045,1,13,1.0,3,0.3621865428803647,0.0,
37047,4,16,1.0,3,0.07080958834477108,0.0,
37049,2,11,1.0,3,0.05024602580546203,0.0,
37051,1,24,1.0,3,0.3616747396272835,0.0,
37053,1,15,1.0,3,0.015250323036734513,0.0,
37055,1,14,1.0,3,0.04881922333585778,0.0,
37057,3,12,1.0,3,0.10588393734325172,0.0,
37059,2,6,1.0,3,0.02870848551239471,0.0,
37061,4,19,1.0,3,0.12016490406656827,0.0,
37063,2,16,1.0,3,0.08831713980777418,0.0,
37065,4,15,1.0,3,0.23336336932731688,0.0,
37067,1,22,1.0,3,0.194644066935726,0.0,
37069,3,13,1.0,3,0.048082339973027834,0.0,
37071,3,18,1.0,3,0.24441084314610226,0.0,
37077,3,12,1.0,3,0.01891958504090885,0.0,
37079,4,11,1.0,3,0.11687402486962677,0.0,
37083,4,9,1.0,3,0.11963290576198538,0.0,
37085,3,16,1.0,3,0.05188274442806318,0.0,
37089,2,15,1.0,3,0.015047967102480813,0.0,
37091,4,9,1.0,3,0.22791053213445442,0.0,
37093,3,9,1.0,3,0.19916919938493816,0.0,
37101,2,21,1.0,3,0.05240912797202773,0.0,
37105,3,4,1.0,3,0.06742076550951102,0.0,
37107,4,10,1.0,3,0.21677780501129904,0.0,
37109,2,11,1.0,3,0.11562747679254105,0.0,
37111,3,9,1.0,3,0.019287902931390363,0.0,
37125,2,18,1.0,3,0.02590896138270099,0.0,
37127,3,15,1.0,3,0.12156851766422286,0.0,
37129,3,10,1.0,3,0.07719134648203636,0.0,
37131,4,12,1.0,3,0.055832793492633565,0.0,
37133,3,16,1.0,3,0.11410637400701999,0.0,
37135,2,14,1.0,3,0.021509548826011353,0.0,
37141,3,13,1.0,3,0.025733488171010753,0.0,
37147,4,17,1.0,3,0.1415170955000105,0.0,
37151,3,24,1.0,3,0.089069635176951,0.0,
37153,4,11,1.0,3,0.23612525083698482,0.0,
37157,3,11,1.0,3,0.08509311700034844,0.0,
37159,3,19,1.0,3,0.18143264046333402,0.0,
37161,1,16,1.0,3,0.06069889725695538,0.0,
37163,4,17,1.0,3,0.1636134518661391,0.0,
37165,4,7,1.0,3,0.39209694159939196,0.0,
37169,2,16,1.0,3,0.04600621160894792,0.0,
37171,4,12,1.0,3,0.07482810223742853,0.0,
37175,3,10,1.0,3,0.008551181712344392,0.0,
37179,1,12,1.0,3,0.09035772212601419,0.0,
37181,4,8,1.0,3,0.24485516275343724,0.0,
37185,4,8,1.0,3,0.04506926111152563,0.0,
37187,4,4,1.0,3,0.05286448219260186,0.0,
37189,4,10,1.0,3,0.03742523549438529,0.0,
37191,1,14,1.0,3,0.18202141046984685,0.0,
37193,4,23,1.0,3,0.03353032950418285,0.0,
37195,4,17,1.0,3,0.19739975424379191,0.0,
38015,1,12,1.0,3,0.017419514845231816,0.0,
38027,2,7,1.0,3,0.0048113382020149136,0.0,
38035,1,22,1.0,3,0.37023386245610695,0.0,
38037,2,13,1.0,3,0.002209110986841642,0.0,
38067,1,13,1.0,3,0.002325458075993059,0.0,
38073,1,11,1.0,3,0.0018964137558221033,0.0,
38085,4,9,1.0,3,0.1655974466162966,0.0,
38099,2,16,1.0,3,0.009871686545997226,0.0,
38101,1,24,1.0,3,0.04576810088424845,0.0,
39001,4,11,1.0,3,0.14595147064159644,0.0,
39007,4,19,1.0,3,0.3584715160006884,0.0,
39009,4,18,1.0,3,0.1115788484756805,0.0,
39013,2,27,1.0,3,0.09965145661312347,0.0,
39017,2,17,1.0,3,0.49134785083149407,0.0,
39019,2,20,1.0,3,0.06833336082997252,0.0,
39023,3,22,1.0,3,0.6000925848921368,1.0,
39025,1,23,1.0,3,0.22153217539738154,0.0,
39037,2,25,1.0,3,0.33036649036752685,0.0,
39041,1,24,1.0,3,0.05597897555047322,0.0,
39045,1,19,1.0,3,0.0821167517084962,0.0,
39055,1,20,1.0,3,0.059130790493316085,0.0,
39059,3,20,1.0,3,0.113873610896011,0.0,
39063,1,24,1.0,3,0.18113890369200739,0.0,
39065,3,15,1.0,3,0.2726222637272527,0.0,
39071,4,15,1.0,3,0.2446640366726321,0.0,
39073,3,16,1.0,3,0.05335399192026047,0.0,
39075,1,18,1.0,3,0.08364238241747966,0.0,
39077,2,14,1.0,3,0.18294160351315258,0.0,
39079,4,11,1.0,3,0.1542298732804791,0.0,
39081,3,23,1.0,3,0.3270266756638714,0.0,
39085,1,11,1.0,3,0.30982176994440297,0.0,
39087,3,14,1.0,3,0.2905535285053621,0.0,
39089,2,28,1.0,3,0.12222349455753133,0.0,
39091,2,18,1.0,3,0.21673718616096746,0.0,
39093,2,24,1.0,3,0.35884031990361687,0.0,
39099,2,36,1.0,3,0.41675457700467516,0.0,
39101,3,14,1.0,3,0.3012453993326205,0.0,
39103,1,24,1.0,3,0.061343718341638126,0.0,
39107,1,18,1.0,3,0.210388239090768,0.0,
39111,3,15,1.0,3,0.028469864854951406,0.0,
39117,2,16,1.0,3,0.09746553838198116,0.0,
39119,3,22,1.0,3,0.17967861184080441,0.0,
39121,2,15,1.0,3,0.005630658947625358,0.0,
39123,2,18,1.0,3,0.4708838735109677,0.0,
39125,1,15,1.0,3,0.2340368405807677,0.0,
39127,3,17,1.0,3,0.07847490377307936,0.0,
39129,2,17,1.0,3,0.09714972371898531,0.0,
39131,4,11,1.0,3,0.14010320914799781,0.0,
39133,1,24,1.0,3,0.908658826137485,1.0,
39135,1,16,1.0,3,0.23701778772169277,0.0,
39137,1,17,1.0,3,0.13109365923779406,0.0,
39139,1,19,1.0,3,0.22081539055632723,0.0,
39141,3,16,1.0,3,0.15510706929226925,0.0,
39143,2,17,1.0,3,0.4304803365504352,0.0,
39145,4,20,1.0,3,0.28724250573667826,0.0,
39147,2,20,1.0,3,0.2239974725970319,0.0,
39151,1,42,1.0,3,0.31742023687831805,0.0,
39155,3,30,1.0,3,0.37963322921981824,0.0,
39159,1,20,1.0,3,0.1775571085431916,0.0,
39165,1,24,1.0,3,0.15827597038582358,0.0,
39167,3,20,1.0,3,0.08504258365177968,0.0,
39169,2,25,1.0,3,0.14262725706758347,0.0,
39171,1,12,1.0,3,0.2488168584217926,0.0,
39173,2,32,1.0,3,0.40417548249556695,0.0,
40001,4,8,1.0,3,0.19016163844071363,0.0,
40003,1,13,1.0,3,0.08020075814182503,0.0,
40009,3,6,1.0,3,0.247192642082551,0.0,
40011,3,13,1.0,3,0.2747820674936913,0.0,
40013,4,14,1.0,3,0.6308657912049249,1.0,
40015,4,16,1.0,3,0.5495333590507302,1.0,
40017,1,13,1.0,3,0.4933557456179099,0.0,
40019,3,13,1.0,3,0.6948750438856495,1.0,
40021,4,16,1.0,3,0.41539016927024874,0.0,
40023,4,12,1.0,3,0.2729223812750472,0.0,
40025,3,4,1.0,3,0.09799184509449484,0.0,
40035,4,10,1.0,3,0.4750873350775118,0.0,
40037,3,21,1.0,3,0.3088427340987414,0.0,
40039,4,13,1.0,3,0.5573998893930117,1.0,
40041,4,13,1.0,3,0.2736299952966909,0.0,
40043,3,12,1.0,3,0.1286694201137855,0.0,
40045,3,7,1.0,3,0.06573551960251861,0.0,
40047,1,22,1.0,3,0.2549957462070449,0.0,
40049,3,13,1.0,3,0.38972609742945696,0.0,
40051,2,14,1.0,3,0.6074011852709734,1.0,
40053,1,10,1.0,3,0.031374112822352244,0.0,
40055,4,4,1.0,3,0.07076586926075237,0.0,
40059,2,7,1.0,3,0.10112532920333288,0.0,
40063,4,10,1.0,3,0.17049895602487264,0.0,
40065,3,9,1.0,3,0.6006055020596786,1.0,
40067,4,8,1.0,3,0.41480016396292874,0.0,
40069,4,13,1.0,3,0.30497204973493486,0.0,
40071,4,10,1.0,3,0.4854200876243845,0.0,
40073,2,12,1.0,3,0.3124995813214031,0.0,
40075,4,9,1.0,3,0.4888359547957289,0.0,
40077,4,7,1.0,3,0.10006955426218728,0.0,
40079,4,23,1.0,3,0.22506194362717147,0.0,
40081,3,16,1.0,3,0.20024912272647002,0.0,
40083,2,15,1.0,3,0.37178808376081374,0.0,
40085,3,8,1.0,3,0.5351492655516417,1.0,
40089,4,15,1.0,3,0.4297878155519459,0.0,
40091,4,11,1.0,3,0.2608746627372624,0.0,
40095,4,3,1.0,3,0.5584412739983428,1.0,
40097,4,17,1.0,3,0.53679275184062,1.0,
40099,3,7,1.0,3,0.513933697052694,1.0,
40101,4,15,1.0,3,0.7519641522508631,1.0,
40105,3,7,1.0,3,0.2806167407187728,0.0,
40107,4,11,1.0,3,0.15560263539434877,0.0,
40111,4,11,1.0,3,0.4139762002668448,0.0,
40113,3,22,1.0,3,0.5764916304133191,1.0,
40115,4,9,1.0,3,0.5437502888792668,1.0,
40117,3,12,1.0,3,0.2941590987011402,0.0,
40119,1,14,1.0,3,0.9585820492735905,1.0,
40121,3,19,1.0,3,0.28294036567589703,0.0,
40123,3,10,1.0,3,0.3553638246786127,0.0,
40127,4,16,1.0,3,0.09584342441374283,0.0,
40131,1,12,1.0,3,0.47395210744461375,0.0,
40133,4,10,1.0,3,0.30769889384589566,0.0,
40135,4,9,1.0,3,0.2935926141658863,0.0,
40137,3,10,1.0,3,0.5706182921033154,1.0,
40139,4,9,1.0,3,0.21796234313967297,0.0,
40141,4,8,1.0,3,0.5366059445136782,1.0,
40145,2,15,1.0,3,0.458473884047693,0.0,
40147,1,12,1.0,3,0.38008552013799907,0.0,
40149,3,18,1.0,3,0.33439350312930016,0.0,
40153,2,11,1.0,3,0.10419068218123256,0.0,
41001,3,12,1.0,3,0.020179798329937944,0.0,
41003,1,10,1.0,3,0.802995218455437,1.0,
41005,1,37,1.0,3,0.1897367431758457,0.0,
41009,2,9,1.0,3,0.08414053670236052,0.0,
41011,3,10,1.0,3,0.10411474410941059,0.0,
41013,2,6,1.0,3,0.06767215606502958,0.0,
41015,2,7,1.0,3,0.024908588441497716,0.0,
41017,1,7,1.0,3,0.11417027659330949,0.0,
41019,3,28,1.0,3,0.10722547036868046,0.0,
41023,3,11,1.0,3,0.04606981790945214,0.0,
41027,2,3,1.0,3,0.12716467380939342,0.0,
41029,3,18,1.0,3,0.4738261380265543,0.0,
41031,3,8,1.0,3,0.20095257567317434,0.0,
41033,4,11,1.0,3,0.3856156226398584,0.0,
41035,4,17,1.0,3,0.38100120750603117,0.0,
41039,3,39,1.0,3,0.2054191205828838,0.0,
41041,3,18,1.0,3,0.09641738761344207,0.0,
41043,2,20,1.0,3,0.2583622296654398,0.0,
41047,3,26,1.0,3,0.5744524544541147,1.0,
41049,3,7,1.0,3,0.6579261302542371,1.0,
41053,2,11,1.0,3,0.10385507661732106,0.0,
41059,3,14,1.0,3,0.5304526079432625,1.0,
41061,3,8,1.0,3,0.06210448798685559,0.0,
41065,3,8,1.0,3,0.23340554733553212,0.0,
41067,1,30,1.0,3,0.10479145153140805,0.0,
42001,1,17,1.0,3,0.04599947464134016,0.0,
42005,2,36,1.0,3,0.07602575795693552,0.0,
42009,2,28,1.0,3,0.016154077955077676,0.0,
42011,1,62,1.0,3,0.2732629450337865,0.0,
42013,3,19,1.0,3,0.06600174278559058,0.0,
42015,2,27,1.0,3,0.01375063231917057,0.0,
42021,1,51,1.0,3,0.029678321509739876,0.0,
42025,2,20,1.0,3,0.05654328615022887,0.0,
42027,2,33,1.0,3,0.04330735599539696,0.0,
42033,3,51,1.0,3,0.021203413172898523,0.0,
42037,2,19,1.0,3,0.04253731659005108,0.0,
42039,3,27,1.0,3,0.03977901689622127,0.0,
42041,1,21,1.0,3,0.03472261159357354,0.0,
42043,2,30,1.0,3,0.13479451717953,0.0,
42047,2,14,1.0,3,0.004454939243409424,0.0,
42051,3,62,1.0,3,0.12272848357808379,0.0,
42053,4,11,1.0,3,0.004109733751224843,0.0,
42055,1,30,1.0,3,0.0531701443627118,0.0,
42059,2,26,1.0,3,0.01981340757441907,0.0,
42061,2,33,1.0,3,0.01279444184856448,0.0,
42065,3,30,1.0,3,0.04875702286771893,0.0,
42069,2,28,1.0,3,0.09485507693627028,0.0,
42073,2,22,1.0,3,0.10404883455261607,0.0,
42075,2,19,1.0,3,0.1530149411156209,0.0,
42079,3,50,1.0,3,0.08615506731348384,0.0,
42081,2,25,1.0,3,0.02279952975160119,0.0,
42085,2,28,1.0,3,0.10396245741539752,0.0,
42087,3,13,1.0,3,0.047402252339549734,0.0,
42089,2,35,1.0,3,0.09834733637940692,0.0,
42095,1,26,1.0,3,0.17445156230369288,0.0,
42097,2,28,1.0,3,0.04780496307651434,0.0,
42099,2,16,1.0,3,0.02168343734465427,0.0,
42107,2,59,1.0,3,0.0479214972567037,0.0,
42109,2,15,1.0,3,0.04086267329540267,0.0,
42111,2,40,1.0,3,0.025794742316714612,0.0,
42115,2,29,1.0,3,0.00902021443133622,0.0,
42119,1,14,1.0,3,0.016679669768269137,0.0,
42123,2,19,1.0,3,0.007839619957038278,0.0,
42125,1,64,1.0,3,0.06678118394531311,0.0,
42127,2,30,1.0,3,0.009310909725691098,0.0,
42129,1,86,1.0,3,0.08039815779987829,0.0,
44003,1,9,1.0,3,0.30846296185707883,0.0,
44005,1,8,1.0,3,0.39984185721270815,0.0,
44009,1,20,1.0,3,0.10706769812734626,0.0,
45001,4,13,1.0,3,0.11513951060948226,0.0,
45005,4,6,1.0,3,0.22538874179887622,0.0,
45009,4,8,1.0,3,0.1918517197358564,0.0,
45011,4,7,1.0,3,0.23972466217078925,0.0,
45013,1,16,1.0,3,0.08532618685411851,0.0,
45015,2,17,1.0,3,0.180121197979416,0.0,
45017,4,7,1.0,3,0.16699371706715058,0.0,
45021,4,8,1.0,3,0.30242796350055134,0.0,
45023,4,10,1.0,3,0.3616428659323611,0.0,
45025,4,11,1.0,3,0.2209630016035689,0.0,
45027,4,11,1.0,3,0.16910804384746086,0.0,
45029,4,14,1.0,3,0.14279230299224563,0.0,
45031,4,10,1.0,3,0.23830869514693667,0.0,
45033,4,11,1.0,3,0.32828915227661887,0.0,
45035,2,15,1.0,3,0.14690693271139962,0.0,
45037,3,10,1.0,3,0.049751303014881156,0.0,
45039,4,9,1.0,3,0.09367464048179547,0.0,
45041,3,12,1.0,3,0.23434653114748902,0.0,
45043,3,5,1.0,3,0.05984701266096402,0.0,
45047,4,9,1.0,3,0.24185436708741156,0.0,
45049,4,13,1.0,3,0.17780493724740093,0.0,
45051,3,16,1.0,3,0.23649103471641908,0.0,
45055,3,13,1.0,3,0.10633458028870807,0.0,
45057,3,5,1.0,3,0.20586142627315795,0.0,
45059,4,16,1.0,3,0.17754535160089424,0.0,
45067,4,7,1.0,3,0.24881495809316484,0.0,
45069,4,8,1.0,3,0.21365330425914844,0.0,
45073,3,13,1.0,3,0.1413235189371986,0.0,
45077,3,15,1.0,3,0.13196080203459032,0.0,
45081,4,12,1.0,3,0.14435677821865658,0.0,
45085,4,15,1.0,3,0.39953421729947936,0.0,
45087,4,9,1.0,3,0.13202289208968124,0.0,
45089,4,12,1.0,3,0.14148936668660092,0.0,
45091,1,15,1.0,3,0.5001264193013332,1.0,
46009,2,7,1.0,3,0.0019396554299724671,0.0,
46013,1,20,1.0,3,0.00776905866685632,0.0,
46029,2,10,1.0,3,0.011368629196134699,0.0,
46031,4,15,1.0,3,0.06873537412987528,0.0,
46033,3,9,1.0,3,0.004500919899241241,0.0,
46035,2,6,1.0,3,0.009933390419465095,0.0,
46037,2,11,1.0,3,0.0031425954523179615,0.0,
46059,1,8,1.0,3,0.0015939439510936672,0.0,
46065,1,3,1.0,3,0.00396582260286611,0.0,
46067,2,13,1.0,3,0.003575823013240042,0.0,
46077,1,9,1.0,3,0.0018074208468793099,0.0,
46083,1,12,1.0,3,0.03554142798567701,0.0,
46091,1,10,1.0,3,0.002306520504346197,0.0,
46093,2,18,1.0,3,0.014173684700900182,0.0,
46099,1,23,1.0,3,0.14751344745421618,0.0,
46103,2,20,1.0,3,0.017088231720838676,0.0,
46109,4,16,1.0,3,0.018631072134199213,0.0,
46121,4,9,1.0,3,0.20268298684165806,0.0,
46129,1,7,1.0,3,0.0020482290238665883,0.0,
46135,2,10,1.0,3,0.013243840768915867,0.0,
47001,3,11,1.0,3,0.17460628975215328,0.0,
47003,3,13,1.0,3,0.47428102718229487,0.0,
47005,4,7,1.0,3,0.13894801409275054,0.0,
47009,2,13,1.0,3,0.25362324993236995,0.0,
47011,3,8,1.0,3,0.2639996329382759,0.0,
47013,4,11,1.0,3,0.23363431593852385,0.0,
47017,4,14,1.0,3,0.10268754119615704,0.0,
47019,4,8,1.0,3,0.29863847075252653,0.0,
47021,2,12,1.0,3,0.10321712766572362,0.0,
47025,1,10,1.0,3,0.19812687821030017,0.0,
47027,4,7,1.0,3,0.18083091945837082,0.0,
47031,3,9,1.0,3,0.36471828246569704,0.0,
47033,4,8,1.0,3,0.36562320288803546,0.0,
47035,3,11,1.0,3,0.13552017882123377,0.0,
47043,2,11,1.0,3,0.11006455662396168,0.0,
47045,4,11,1.0,3,0.4594367746030438,0.0,
47049,4,9,1.0,3,0.10708589583135465,0.0,
47053,4,11,1.0,3,0.2702397996312858,0.0,
47055,3,17,1.0,3,0.22949792033097474,0.0,
47059,4,10,1.0,3,0.19632445561233536,0.0,
47063,4,7,1.0,3,0.5016036807192878,1.0,
47067,4,5,1.0,3,0.13998726636186143,0.0,
47069,4,12,1.0,3,0.11083802360895882,0.0,
47071,4,13,1.0,3,0.1651485658004634,0.0,
47073,4,12,1.0,3,0.25075179373949075,0.0,
47075,4,6,1.0,3,0.36367219437789017,0.0,
47077,4,14,1.0,3,0.1508891161688505,0.0,
47079,4,9,1.0,3,0.18793364352948044,0.0,
47085,3,4,1.0,3,0.055965513795914655,0.0,
47089,3,10,1.0,3,0.2239625454822678,0.0,
47097,4,4,1.0,3,0.22929493037434495,0.0,
47099,4,11,1.0,3,0.1267235510328086,0.0,
47101,4,7,1.0,3,0.05271738722763536,0.0,
47107,4,12,1.0,3,0.39043560381180836,0.0,
47109,4,15,1.0,3,0.11903443088098736,0.0,
47111,4,8,1.0,3,0.22726090679674826,0.0,
47117,3,12,1.0,3,0.3173853364571031,0.0,
47119,1,10,1.0,3,0.2812417348261424,0.0,
47121,3,6,1.0,3,0.10469777431403181,0.0,
47123,4,9,1.0,3,0.2880770612268606,0.0,
47125,3,15,1.0,3,0.2728094319352498,0.0,
47129,4,12,1.0,3,0.11420028502506502,0.0,
47131,4,12,1.0,3,0.3086353549120787,0.0,
47135,4,4,1.0,3,0.044629297281525517,0.0,
47139,3,12,1.0,3,0.061965186022050804,0.0,
47141,1,10,1.0,3,0.9387842620538933,1.0,
47145,2,10,1.0,3,0.1636860509412053,0.0,
47147,2,12,1.0,3,0.28538279219518764,0.0,
47149,1,20,1.0,3,0.7769439246881773,1.0,
47155,3,10,1.0,3,0.2037947183431224,0.0,
47159,3,15,1.0,3,0.15924414021457778,0.0,
47163,3,12,1.0,3,0.33202832901818186,0.0,
47165,1,10,1.0,3,0.24375570163518578,0.0,
47167,2,10,1.0,3,0.24708940617912256,0.0,
47175,4,7,1.0,3,0.16252761063782944,0.0,
47177,4,6,1.0,3,0.47557927424736457,0.0,
47179,1,13,1.0,3,0.7232190618317768,1.0,
47181,4,10,1.0,3,0.0601937665631272,0.0,
47183,4,12,1.0,3,0.21366613543354626,0.0,
47185,4,5,1.0,3,0.21464123141371977,0.0,
47187,1,16,1.0,3,0.053888224865798855,0.0,
47189,1,12,1.0,3,0.2825994888480183,0.0,
48001,3,10,1.0,3,0.2665868700511006,0.0,
48003,2,1,1.0,3,0.20906739143432665,0.0,
48005,4,6,1.0,3,0.19710195425704807,0.0,
48007,4,5,1.0,3,0.37709554265142264,0.0,
48009,2,10,1.0,3,0.2533523756607902,0.0,
48013,3,15,1.0,3,0.497713359353623,0.0,
48015,2,13,1.0,3,0.27545747619622296,0.0,
48017,1,6,1.0,3,0.024365458073418583,0.0,
48019,2,7,1.0,3,0.1787846233038902,0.0,
48021,2,15,1.0,3,0.3686335111787628,0.0,
48023,2,2,1.0,3,0.019697941591357713,0.0,
48025,4,11,1.0,3,0.304673607258461,0.0,
48031,1,8,1.0,3,0.15142394052416266,0.0,
48035,3,11,1.0,3,0.0853749669340725,0.0,
48037,3,10,1.0,3,0.2864235539849424,0.0,
48043,3,4,1.0,3,0.011488182298869637,0.0,
48047,4,2,1.0,3,0.22626723762317794,0.0,
48049,3,10,1.0,3,0.11194807870009543,0.0,
48051,2,5,1.0,3,0.2084523512666593,0.0,
48053,2,13,1.0,3,0.18656232502036016,0.0,
48055,3,14,1.0,3,0.3375217717324666,0.0,
48057,3,6,1.0,3,0.2485542202823563,0.0,
48063,3,2,1.0,3,0.28504567145819537,0.0,
48067,4,14,1.0,3,0.12594930484695568,0.0,
48071,2,11,1.0,3,0.58485232203128,1.0,
48073,4,12,1.0,3,0.39884568041156593,0.0,
48075,4,4,1.0,3,0.08042255347338399,0.0,
48077,2,9,1.0,3,0.23140967255405934,0.0,
48081,3,4,1.0,3,0.014841368633933143,0.0,
48083,2,15,1.0,3,0.033990618493610916,0.0,
48087,4,5,1.0,3,0.060991712799505556,0.0,
48089,2,18,1.0,3,0.13111504797899548,0.0,
48091,1,14,1.0,3,0.2154217843713885,0.0,
48093,2,14,1.0,3,0.029285915615904632,0.0,
48097,2,14,1.0,3,0.35716800111088887,0.0,
48099,1,17,1.0,3,0.4607765973838833,0.0,
48101,4,3,1.0,3,0.08559159497179555,0.0,
48109,4,2,1.0,3,3.2330654096901314e-05,0.0,
48117,4,6,1.0,3,0.16484136238691485,0.0,
48119,3,7,1.0,3,0.20674122922570806,0.0,
48123,3,9,1.0,3,0.15540205650639766,0.0,
48125,4,7,1.0,3,0.05398589640019714,0.0,
48127,4,6,1.0,3,0.22430400684593582,0.0,
48131,4,8,1.0,3,0.09288243757524589,0.0,
48133,4,9,1.0,3,0.11008388453954501,0.0,
48135,2,8,1.0,3,0.8063667687518639,1.0,
48139,1,20,1.0,3,0.4832073735746208,0.0,
48143,1,13,1.0,3,0.7819886522426016,1.0,
48145,3,17,1.0,3,0.4218987612395972,0.0,
48147,2,19,1.0,3,0.21821879942387204,0.0,
48149,2,15,1.0,3,0.10584509875514538,0.0,
48151,3,9,1.0,3,0.12399265637332166,0.0,
48159,1,7,1.0,3,0.12623926387104606,0.0,
48161,4,9,1.0,3,0.47859351587925647,0.0,
48169,4,4,1.0,3,0.18439667789339062,0.0,
48171,2,7,1.0,3,0.06297084071142098,0.0,
48177,3,14,1.0,3,0.12399787738561659,0.0,
48185,3,11,1.0,3,0.44269996313313426,0.0,
48193,3,10,1.0,3,0.06494725755504391,0.0,
48197,3,2,1.0,3,0.08211207138925626,0.0,
48199,2,12,1.0,3,0.1251232538022519,0.0,
48203,3,12,1.0,3,0.2690845279323246,0.0,
48207,4,11,1.0,3,0.14312352815897703,0.0,
48209,2,14,1.0,3,0.33988741118853855,0.0,
48217,2,19,1.0,3,0.3508218143782141,0.0,
48219,4,10,1.0,3,0.48487728305567224,0.0,
48221,1,8,1.0,3,0.3362364463501586,0.0,
48223,3,13,1.0,3,0.2836599026438419,0.0,
48225,4,7,1.0,3,0.23423445236892923,0.0,
48227,3,5,1.0,3,0.5017485465020702,1.0,
48233,3,7,1.0,3,0.6233705599925881,1.0,
48239,2,10,1.0,3,0.07810998253715078,0.0,
48241,4,9,1.0,3,0.1357339625854735,0.0,
48247,4,1,1.0,3,0.08589984343557211,0.0,
48249,4,8,1.0,3,0.1804280188300398,0.0,
48251,2,16,1.0,3,0.5579568927787005,1.0,
48255,3,8,1.0,3,0.41075109707548874,0.0,
48259,1,8,1.0,3,0.06982654342636345,0.0,
48261,4,2,1.0,3,0.4566706407876657,0.0,
48265,3,10,1.0,3,0.19678015681211478,0.0,
48269,4,2,1.0,3,0.05735350032290091,0.0,
48273,4,4,1.0,3,0.5097102260636872,1.0,
48275,4,6,1.0,3,0.06810322329188377,0.0,
48277,3,13,1.0,3,0.37429363776630964,0.0,
48281,2,6,1.0,3,0.163134520739193,0.0,
48285,2,7,1.0,3,0.05254675351266124,0.0,
48287,2,9,1.0,3,0.1038794815863415,0.0,
48289,3,8,1.0,3,0.32679629491047524,0.0,
48291,3,14,1.0,3,0.413409452350806,0.0,
48293,4,14,1.0,3,0.48158842880584246,0.0,
48299,1,10,1.0,3,0.13100575715550128,0.0,
48303,1,25,1.0,3,0.9770645590527237,1.0,
48307,3,6,1.0,3,0.04997798008332342,0.0,
48313,2,5,1.0,3,0.2175265451114118,0.0,
48315,4,7,1.0,3,0.07546370627479826,0.0,
48317,1,8,1.0,3,0.3339257792504815,0.0,
48321,1,12,1.0,3,0.33449396800540215,0.0,
48323,4,3,1.0,3,0.6275370487521802,1.0,
48329,1,9,1.0,3,0.5383974306078808,1.0,
48331,3,13,1.0,3,0.25993009074878715,0.0,
48335,2,3,1.0,3,0.059624188282340534,0.0,
48337,3,10,1.0,3,0.37476027183096744,0.0,
48341,2,6,1.0,3,0.2915435265421542,0.0,
48343,4,7,1.0,3,0.37006484874469997,0.0,
48347,1,10,1.0,3,0.9823809286947746,1.0,
48349,4,17,1.0,3,0.5325130529889003,1.0,
48353,3,9,1.0,3,0.16551833413983438,0.0,
48361,2,4,1.0,3,0.5212585532757412,1.0,
48363,4,12,1.0,3,0.31718382704760417,0.0,
48365,3,13,1.0,3,0.19561231854091285,0.0,
48367,1,18,1.0,3,0.3759279761088768,0.0,
48371,3,6,1.0,3,0.18316701714844139,0.0,
48373,3,9,1.0,3,0.1382063577526529,0.0,
48375,4,16,1.0,3,0.8499311928147929,1.0,
48377,4,4,1.0,3,0.20046824828772264,0.0,
48381,1,15,1.0,3,0.41419216034412276,0.0,
48387,4,9,1.0,3,0.17718036957248168,0.0,
48389,3,4,1.0,3,0.00010533718771645406,0.0,
48391,3,5,1.0,3,0.041185791796963814,0.0,
48395,3,9,1.0,3,0.29650638074045155,0.0,
48397,1,9,1.0,3,0.2618102921662639,0.0,
48399,3,11,1.0,3,0.04867471127954458,0.0,
48401,3,16,1.0,3,0.3013669748270005,0.0,
48405,4,4,1.0,3,0.07571485541834871,0.0,
48407,4,8,1.0,3,0.42792550093464515,0.0,
48409,3,9,1.0,3,0.320215964696438,0.0,
48411,3,7,1.0,3,0.03026371521871538,0.0,
48415,3,8,1.0,3,0.17365316720539964,0.0,
48419,4,7,1.0,3,0.13835050858360132,0.0,
48427,4,10,1.0,3,0.5962921312076639,1.0,
48429,4,8,1.0,3,0.10056594491241565,0.0,
48437,4,5,1.0,3,0.2585042232992762,0.0,
48441,1,17,1.0,3,0.48276408396327997,0.0,
48445,4,6,1.0,3,0.320695944560064,0.0,
48449,4,6,1.0,3,0.4581245727624423,0.0,
48451,1,14,1.0,3,0.5284198399435778,1.0,
48455,4,7,1.0,3,0.19742338961745523,0.0,
48457,3,10,1.0,3,0.023528861716360736,0.0,
48459,3,12,1.0,3,0.26668240169903146,0.0,
48463,4,8,1.0,3,0.3086436676833827,0.0,
48465,4,5,1.0,3,0.2604172169805249,0.0,
48467,3,13,1.0,3,0.4632353057530786,0.0,
48469,3,12,1.0,3,0.5465361911343215,1.0,
48471,4,9,1.0,3,0.38205745985669964,0.0,
48473,2,11,1.0,3,0.7071456820821608,1.0,
48475,3,6,1.0,3,0.6484459178730794,1.0,
48477,2,7,1.0,3,0.4034036184900307,0.0,
48481,1,13,1.0,3,0.5671782091809359,1.0,
48487,4,6,1.0,3,0.3911811221127848,0.0,
48493,2,12,1.0,3,0.23023549107675717,0.0,
48495,3,2,1.0,3,0.45988850258878783,0.0,
48497,2,17,1.0,3,0.48393063858897306,0.0,
48499,3,12,1.0,3,0.16751151316178856,0.0,
48501,2,4,1.0,3,0.16164170323586996,0.0,
48503,2,6,1.0,3,0.17521636765805076,0.0,
48505,4,5,1.0,3,0.3271348249505135,0.0,
48507,4,4,1.0,3,0.44464745881998047,0.0,
49003,2,20,1.0,3,0.45825633748855515,0.0,
49005,3,16,1.0,3,0.4054137125892536,0.0,
49011,1,13,1.0,3,0.5284582657498784,1.0,
49019,1,2,1.0,3,0.033776627086597996,0.0,
49021,4,10,1.0,3,0.13151902139308577,0.0,
49037,3,12,1.0,3,0.1626848518226885,0.0,
49039,3,15,1.0,3,0.1989140722953725,0.0,
49041,3,12,1.0,3,0.2913235342269461,0.0,
49043,1,9,1.0,3,0.03148668548951224,0.0,
49057,1,9,1.0,3,0.6796445983526335,1.0,
50001,1,20,1.0,3,0.006302539561519988,0.0,
50005,2,22,1.0,3,0.013709586692218978,0.0,
50007,1,21,1.0,3,0.13094573796614675,0.0,
50013,1,5,1.0,3,0.015164754921532382,0.0,
50017,2,31,1.0,3,0.011960337269568685,0.0,
50019,2,24,1.0,3,0.013334515730727858,0.0,
50021,1,29,1.0,3,0.011006476131885568,0.0,
50023,1,26,1.0,3,0.008457444807353559,0.0,
50025,2,24,1.0,3,0.018232984940663888,0.0,
51003,2,24,1.0,3,0.02341002987368631,0.0,
51005,3,7,1.0,3,0.055501414250369904,0.0,
51007,1,5,1.0,3,0.023436934025414056,0.0,
51009,2,9,1.0,3,0.0727518692168218,0.0,
51013,1,11,1.0,3,0.0520459970653721,0.0,
51015,2,27,1.0,3,0.06736750999603645,0.0,
51019,1,18,1.0,3,0.02916953555283263,0.0,
51025,3,16,1.0,3,0.09182931241054137,0.0,
51027,4,16,1.0,3,0.12111077240617617,0.0,
51031,3,14,1.0,3,0.21200976058210363,0.0,
51036,2,4,1.0,3,0.06208567471475524,0.0,
51037,4,14,1.0,3,0.018680651621449357,0.0,
51047,1,18,1.0,3,0.025648074714860743,0.0,
51051,4,12,1.0,3,0.11019405868197167,0.0,
51057,4,8,1.0,3,0.09035304010335247,0.0,
51061,1,24,1.0,3,0.009125358625577912,0.0,
51063,2,11,1.0,3,0.01327278340219656,0.0,
51069,1,12,1.0,3,0.02358416975681093,0.0,
51073,1,6,1.0,3,0.023462236669894748,0.0,
51075,1,15,1.0,3,0.010587283063308115,0.0,
51079,2,5,1.0,3,0.02313537201797228,0.0,
51081,4,4,1.0,3,0.1226440535510412,0.0,
51083,3,14,1.0,3,0.07532504432487147,0.0,
51085,1,12,1.0,3,0.01822381049324696,0.0,
51087,2,16,1.0,3,0.26519524515689413,0.0,
51093,1,8,1.0,3,0.05175178470361692,0.0,
51095,1,4,1.0,3,0.02326368614349215,0.0,
51103,2,6,1.0,3,0.024788652757900664,0.0,
51105,4,11,1.0,3,0.12103507143307775,0.0,
51107,1,21,1.0,3,0.02150694681681102,0.0,
51111,4,12,1.0,3,0.05990847813465174,0.0,
51113,2,21,1.0,3,0.011477172375297613,0.0,
51117,3,13,1.0,3,0.05837197268111326,0.0,
51119,1,12,1.0,3,0.02458250645642755,0.0,
51121,3,10,1.0,3,0.09479271949568525,0.0,
51127,1,6,1.0,3,0.009804058622685238,0.0,
51131,3,11,1.0,3,0.17720277697023645,0.0,
51133,2,7,1.0,3,0.05351622687497448,0.0,
51135,4,7,1.0,3,0.14466961500283332,0.0,
51139,3,6,1.0,3,0.050467382909204175,0.0,
51141,3,14,1.0,3,0.02935026012183632,0.0,
51143,4,20,1.0,3,0.19762054285462996,0.0,
51145,1,5,1.0,3,0.9954121805838265,1.0,
51147,1,12,1.0,3,0.07314420655014538,0.0,
51149,3,7,1.0,3,0.29538113316469117,0.0,
51153,1,19,1.0,3,0.03551204065864623,0.0,
51159,3,5,1.0,3,0.08880676734783391,0.0,
51161,1,14,1.0,3,0.03502009573119434,0.0,
51171,2,14,1.0,3,0.03630375928763965,0.0,
51175,3,12,1.0,3,0.09166381590810098,0.0,
51177,1,13,1.0,3,0.025556415175680556,0.0,
51179,1,5,1.0,3,0.02164704193690849,0.0,
51185,1,18,1.0,3,0.08924221590863922,0.0,
51187,1,7,1.0,3,0.038334485705557135,0.0,
51191,2,10,1.0,3,0.04858315643655262,0.0,
51193,2,8,1.0,3,0.08884503226931302,0.0,
51199,1,9,1.0,3,0.020976889104852632,0.0,
51510,1,8,1.0,3,0.12929612890318815,0.0,
51520,4,2,1.0,3,0.6092673335735516,1.0,
51550,1,6,1.0,3,0.09898803022696985,0.0,
51570,2,1,1.0,3,0.12216847469307571,0.0,
51590,4,2,1.0,3,0.40628601810292553,0.0,
51595,4,1,1.0,3,0.12956140391296583,0.0,
51630,3,3,1.0,3,0.42627604439979583,0.0,
51650,2,9,1.0,3,0.523421737230325,1.0,
51660,1,3,1.0,3,0.27437343455463276,0.0,
51678,3,1,1.0,3,0.04473037225825113,0.0,
51680,3,5,1.0,3,0.24656722082977225,0.0,
51683,1,1,1.0,3,0.1500826326529551,0.0,
51690,4,1,1.0,3,0.25268808825426947,0.0,
51700,3,8,1.0,3,0.351617750724624,0.0,
51710,1,15,1.0,3,0.5527051927736907,1.0,
51730,3,2,1.0,3,0.5241623869218826,1.0,
51740,1,8,1.0,3,0.6016738940062968,1.0,
51750,1,2,1.0,3,1.0,1.0,
51770,3,10,1.0,3,0.5623424425964145,1.0,
51800,1,8,1.0,3,0.10961842016334458,0.0,
51840,3,1,1.0,3,0.3594610648958011,0.0,
53003,3,3,1.0,3,0.2600587166395779,0.0,
53005,2,12,1.0,3,0.5561714488688938,1.0,
53007,2,14,1.0,3,0.059269402758985096,0.0,
53015,3,11,1.0,3,0.11647609530248844,0.0,
53017,2,13,1.0,3,0.19677726648269658,0.0,
53021,3,7,1.0,3,0.646684232775627,1.0,
53023,3,2,1.0,3,0.11246564132869472,0.0,
53025,3,18,1.0,3,0.41573388305891495,0.0,
53029,1,8,1.0,3,0.18512907733850495,0.0,
53031,2,9,1.0,3,0.03206123812667183,0.0,
53035,1,20,1.0,3,0.06629853701972999,0.0,
53041,2,23,1.0,3,0.07882663721316925,0.0,
53045,2,15,1.0,3,0.10113035663623726,0.0,
53047,4,22,1.0,3,0.2301207174521595,0.0,
53057,1,17,1.0,3,0.07591882167561688,0.0,
53059,1,8,1.0,3,0.07679240526083897,0.0,
53067,1,14,1.0,3,0.1502476856516829,0.0,
53071,2,8,1.0,3,0.35571404434940407,0.0,
53073,2,18,1.0,3,0.13427287078342318,0.0,
53077,4,22,1.0,3,0.6094084930878919,1.0,
54003,2,11,1.0,3,0.3061185054993322,0.0,
54005,4,31,1.0,3,0.1158186874276227,0.0,
54009,2,8,1.0,3,0.44853200045004965,0.0,
54011,3,13,1.0,3,0.25086532206531975,0.0,
54029,3,5,1.0,3,0.5531074462384196,1.0,
54035,3,15,1.0,3,0.07509953808449323,0.0,
54037,1,9,1.0,3,0.2093762388271005,0.0,
54039,1,46,1.0,3,0.3304091871069926,0.0,
54041,4,11,1.0,3,0.14666998514533683,0.0,
54049,3,18,1.0,3,0.17335696095251804,0.0,
54053,3,19,1.0,3,0.16494301737246908,0.0,
54059,4,18,1.0,3,0.18107871818868693,0.0,
54061,3,16,1.0,3,0.14602962460680946,0.0,
54065,3,4,1.0,3,0.05580586017678103,0.0,
54067,3,25,1.0,3,0.07048541370735951,0.0,
54069,2,6,1.0,3,0.25495566672209263,0.0,
54079,2,17,1.0,3,0.14165935412600006,0.0,
54081,4,42,1.0,3,0.21870481667787064,0.0,
54083,4,22,1.0,3,0.02518071938303879,0.0,
54097,4,10,1.0,3,0.10064930949024233,0.0,
54099,4,17,1.0,3,0.3513594176769001,0.0,
54103,4,12,1.0,3,0.09183204438615598,0.0,
54107,3,13,1.0,3,0.34923633471305365,0.0,
55001,2,14,1.0,3,0.03382550683138682,0.0,
55005,2,19,1.0,3,0.012686754405424319,0.0,
55007,2,15,1.0,3,0.004499536752029644,0.0,
55009,1,19,1.0,3,0.09563067773734721,0.0,
55015,1,14,1.0,3,0.09232105004008136,0.0,
55017,2,14,1.0,3,0.02457217991718316,0.0,
55021,1,20,1.0,3,0.030911790853979486,0.0,
55023,2,13,1.0,3,0.011943173795147033,0.0,
55027,1,31,1.0,3,0.06945487393662479,0.0,
55029,1,13,1.0,3,0.026147790340624203,0.0,
55031,2,12,1.0,3,0.010949977786499483,0.0,
55039,1,24,1.0,3,0.08553943300983974,0.0,
55043,3,23,1.0,3,0.04953773974030855,0.0,
55045,1,12,1.0,3,0.008929961845801755,0.0,
55055,1,19,1.0,3,0.08283634293387834,0.0,
55057,3,14,1.0,3,0.025336211065259996,0.0,
55059,1,17,1.0,3,0.285996867952358,0.0,
55061,1,6,1.0,3,0.03734823867960882,0.0,
55063,2,15,1.0,3,0.03792770522367533,0.0,
55065,2,14,1.0,3,0.026093927891935716,0.0,
55069,1,7,1.0,3,0.0022261372097790435,0.0,
55071,1,19,1.0,3,0.09026513256397446,0.0,
55073,1,28,1.0,3,0.007869047523942803,0.0,
55075,3,16,1.0,3,0.02062744069136416,0.0,
55077,2,14,1.0,3,0.028452286115004593,0.0,
55078,4,4,1.0,3,0.06603231164639381,0.0,
55081,2,12,1.0,3,0.014166168779447461,0.0,
55083,1,19,1.0,3,0.013395271879640083,0.0,
55085,1,14,1.0,3,0.0028539389947470064,0.0,
55087,1,24,1.0,3,0.10366443926938322,0.0,
55089,1,13,1.0,3,0.06313397372716213,0.0,
55095,1,20,1.0,3,0.010201202354312107,0.0,
55097,2,21,1.0,3,0.018088287874908703,0.0,
55099,2,14,1.0,3,0.001461290587650322,0.0,
55103,3,14,1.0,3,0.01910257177535095,0.0,
55105,2,19,1.0,3,0.18435222088857872,0.0,
55111,1,17,1.0,3,0.022656283819644765,0.0,
55115,2,25,1.0,3,0.025693839074908333,0.0,
55117,1,17,1.0,3,0.08331312664589363,0.0,
55119,2,14,1.0,3,0.004211533205957862,0.0,
55121,1,14,1.0,3,0.0062122297717970495,0.0,
55123,3,18,1.0,3,0.008426126148594452,0.0,
55125,2,12,1.0,3,0.0031965025182152176,0.0,
55127,1,16,1.0,3,0.09304871537712882,0.0,
55131,1,18,1.0,3,0.05211801733753866,0.0,
55133,1,30,1.0,3,0.0629001143717648,0.0,
55135,1,16,1.0,3,0.017129563135397034,0.0,
55137,2,17,1.0,3,0.02364768632326705,0.0,
55139,1,18,1.0,3,0.12908035584827,0.0,
55141,2,15,1.0,3,0.008990618655743392,0.0,
56001,1,10,1.0,3,0.10309040404794466,0.0,
56003,2,15,1.0,3,0.009131959605882476,0.0,
56007,2,12,1.0,3,0.013405258202983451,0.0,
56009,1,4,1.0,3,0.013044813254361631,0.0,
56013,2,11,1.0,3,0.039015750167201005,0.0,
56017,3,3,1.0,3,0.013303178795729797,0.0,
56021,1,12,1.0,3,0.11432507832006508,0.0,
56025,1,11,1.0,3,0.05493386553144372,0.0,
56029,1,8,1.0,3,0.003698589109004556,0.0,
56031,2,5,1.0,3,0.021073037830750794,0.0,
56033,1,9,1.0,3,0.012089993959440494,0.0,
56035,1,6,1.0,3,0.004442420516797962,0.0,
01001,3,10,1.0,4,0.2116242042710897,0.0,
01003,2,23,1.0,4,0.09235500194627404,0.0,
01009,3,17,1.0,4,0.07550319835271777,0.0,
01011,4,7,1.0,4,0.068108153917445,0.0,
01015,3,14,1.0,4,0.2463721310653406,0.0,
01017,4,10,1.0,4,0.13733010367784768,0.0,
01019,4,11,1.0,4,0.14880891628041876,0.0,
01021,3,14,1.0,4,0.31911796761128497,0.0,
01025,4,10,1.0,4,0.027900299471978304,0.0,
01031,3,16,1.0,4,0.23094038147135978,0.0,
01033,3,9,1.0,4,0.20647402122748765,0.0,
01035,4,13,1.0,4,0.0037145215252046165,0.0,
01037,3,11,1.0,4,0.029995814011117432,0.0,
01039,4,13,1.0,4,0.10266095314496029,0.0,
01043,3,19,1.0,4,0.31204428923357896,0.0,
01045,3,14,1.0,4,0.29319306586958666,0.0,
01047,4,10,1.0,4,0.3044451765619075,0.0,
01051,2,13,1.0,4,0.11294404093926,0.0,
01053,4,9,1.0,4,0.15477364147139885,0.0,
01055,3,14,1.0,4,0.41401758990715043,0.0,
01057,4,10,1.0,4,0.06620204589902813,0.0,
01059,4,10,1.0,4,0.19119558121174457,0.0,
01063,4,8,1.0,4,0.08629946239573597,0.0,
01065,4,9,1.0,4,0.09079427377220198,0.0,
01067,3,9,1.0,4,0.06471847275117777,0.0,
01069,4,14,1.0,4,0.4246829287727185,0.0,
01071,4,22,1.0,4,0.2580955285951844,0.0,
01075,4,9,1.0,4,0.06607044811541775,0.0,
01077,3,9,1.0,4,0.16763978434487808,0.0,
01079,3,10,1.0,4,0.14143899728683917,0.0,
01083,2,15,1.0,4,0.25241048015197276,0.0,
01085,4,8,1.0,4,0.0640008858710454,0.0,
01087,4,13,1.0,4,0.14408769950873307,0.0,
01089,1,25,1.0,4,0.4006325802126622,0.0,
01091,4,15,1.0,4,0.043222030056555616,0.0,
01093,4,12,1.0,4,0.1422630407486734,0.0,
01095,4,18,1.0,4,0.6100776582321283,1.0,
01099,4,17,1.0,4,0.005187966866300533,0.0,
01101,1,24,1.0,4,0.37515749748908855,0.0,
01103,3,16,1.0,4,0.3973989821073377,0.0,
01105,4,9,1.0,4,0.17914225041430273,0.0,
01107,4,8,1.0,4,0.0504225417562345,0.0,
01109,1,9,1.0,4,0.9661681261254198,1.0,
01111,3,8,1.0,4,0.07497186936262396,0.0,
01113,3,12,1.0,4,0.36024257290088474,0.0,
01115,2,18,1.0,4,0.20821085963047462,0.0,
01119,4,11,1.0,4,0.07542753234790892,0.0,
01121,4,12,1.0,4,0.29514231138940616,0.0,
01123,4,12,1.0,4,0.059280872199386395,0.0,
01125,1,27,1.0,4,0.38573630671075015,0.0,
01127,3,18,1.0,4,0.5324637950726745,1.0,
01129,4,16,1.0,4,0.06158545513302756,0.0,
01131,4,13,1.0,4,0.0001526470401599387,0.0,
01133,4,11,1.0,4,0.12339468685166256,0.0,
04009,4,10,1.0,4,0.24273027730678404,0.0,
04023,4,9,1.0,4,0.22241035020437197,0.0,
05001,4,13,1.0,4,0.3341225822403796,0.0,
05003,4,7,1.0,4,0.26706956102900214,0.0,
05005,3,12,1.0,4,0.0887935408319085,0.0,
05009,3,9,1.0,4,0.14195601604349722,0.0,
05011,4,7,1.0,4,0.3379857062928461,0.0,
05015,3,9,1.0,4,0.06098347855825868,0.0,
05019,1,8,1.0,4,0.9999999993062312,1.0,
05021,4,13,1.0,4,0.15753537382901284,0.0,
05023,3,17,1.0,4,0.07705237257917069,0.0,
05025,4,7,1.0,4,0.14087118640939345,0.0,
05027,4,7,1.0,4,0.37323886579391286,0.0,
05029,4,15,1.0,4,0.586629148951558,1.0,
05031,1,16,1.0,4,0.48851715985666744,0.0,
05033,3,11,1.0,4,0.4683157922934351,0.0,
05035,4,11,1.0,4,0.9400986665349402,1.0,
05037,4,8,1.0,4,0.5355241771114715,1.0,
05039,4,6,1.0,4,0.10904885722741874,0.0,
05041,4,12,1.0,4,0.049424288643997706,0.0,
05043,4,9,1.0,4,0.18955662171407872,0.0,
05045,1,15,1.0,4,0.971698815710643,1.0,
05047,4,13,1.0,4,0.22419695334185819,0.0,
05049,1,14,1.0,4,0.13975113964761932,0.0,
05051,3,10,1.0,4,0.3136995691709114,0.0,
05053,2,14,1.0,4,0.26337130101948675,0.0,
05055,4,9,1.0,4,0.35748621111464474,0.0,
05057,4,10,1.0,4,0.39062220024824806,0.0,
05059,4,12,1.0,4,0.4115491273490222,0.0,
05061,4,8,1.0,4,0.3377831422596348,0.0,
05063,4,20,1.0,4,0.2884290625598204,0.0,
05067,4,11,1.0,4,0.3074343459626967,0.0,
05069,4,17,1.0,4,0.7652139132954822,1.0,
05071,4,12,1.0,4,0.0008456288643728675,0.0,
05073,4,6,1.0,4,0.1121010266991688,0.0,
05075,4,14,1.0,4,0.27696485295413714,0.0,
05077,3,11,1.0,4,0.24653266628651915,0.0,
05079,4,8,1.0,4,0.25387385930773865,0.0,
05081,4,7,1.0,4,0.117873203148018,0.0,
05083,4,12,1.0,4,0.23062825821057822,0.0,
05085,2,11,1.0,4,0.44227616128505753,0.0,
05087,3,13,1.0,4,0.13851428264361104,0.0,
05091,4,6,1.0,4,0.5658825690004661,1.0,
05093,4,15,1.0,4,0.8356897318305159,1.0,
05095,4,9,1.0,4,0.43474262220933857,0.0,
05097,4,9,1.0,4,0.08245283465457885,0.0,
05099,4,10,1.0,4,0.07598935681746785,0.0,
05101,3,20,1.0,4,0.0003537646110593334,0.0,
05103,4,8,1.0,4,0.3763869051170088,0.0,
05105,4,8,1.0,4,0.17018175902378632,0.0,
05107,4,12,1.0,4,0.7543665206474935,1.0,
05111,4,10,1.0,4,0.26533206971966067,0.0,
05113,4,7,1.0,4,0.3535214262195824,0.0,
05115,4,13,1.0,4,0.5881829512675891,1.0,
05117,3,11,1.0,4,0.17131565875709878,0.0,
05121,4,11,1.0,4,0.17468607071285003,0.0,
05123,4,13,1.0,4,0.7234668769661751,1.0,
05125,1,14,1.0,4,0.37658493935762244,0.0,
05127,4,10,1.0,4,0.33451071551731304,0.0,
05129,4,10,1.0,4,0.031277555039818036,0.0,
05133,4,7,1.0,4,0.697444680336732,1.0,
05135,4,13,1.0,4,0.07491731262607511,0.0,
05139,4,10,1.0,4,0.4125367684174263,0.0,
05141,4,12,1.0,4,0.0879778443735,0.0,
05145,4,17,1.0,4,0.6661663870515004,1.0,
05147,4,9,1.0,4,0.13505739340162218,0.0,
05149,4,13,1.0,4,0.4306898619996269,0.0,
06005,2,12,1.0,4,0.06706181098114232,0.0,
06007,4,18,1.0,4,0.7317468493439261,1.0,
06009,1,20,1.0,4,0.031794195555246825,0.0,
06011,3,9,1.0,4,0.27304559162105874,0.0,
06015,4,4,1.0,4,0.06094258027737645,0.0,
06017,1,23,1.0,4,0.05556351511641516,0.0,
06021,3,7,1.0,4,0.6919355248708625,1.0,
06023,4,36,1.0,4,0.11239607629579157,0.0,
06027,2,11,1.0,4,0.03784752374932257,0.0,
06031,4,12,1.0,4,0.9309318232652884,1.0,
06033,3,15,1.0,4,0.4352754222299386,0.0,
06035,2,17,1.0,4,0.014195814683090365,0.0,
06041,1,29,1.0,4,0.0022790149376340782,0.0,
06043,3,13,1.0,4,0.0346952316576515,0.0,
06045,3,29,1.0,4,0.0032101755067286005,0.0,
06055,1,12,1.0,4,0.030931691383059963,0.0,
06057,2,12,1.0,4,0.06271845349738854,0.0,
06063,2,17,1.0,4,0.04616361177647086,0.0,
06069,2,7,1.0,4,0.21945996972187654,0.0,
06079,2,26,1.0,4,0.02149497719620271,0.0,
06083,2,24,1.0,4,0.14723889216367497,0.0,
06087,2,17,1.0,4,0.06742092824468197,0.0,
06093,3,23,1.0,4,0.15298045984920725,0.0,
06097,1,37,1.0,4,0.012417034732865376,0.0,
06101,3,13,1.0,4,0.7762752660532013,1.0,
06103,4,15,1.0,4,0.5528842865447379,1.0,
06109,1,16,1.0,4,0.12202486478399764,0.0,
06113,3,19,1.0,4,0.5629393120041014,1.0,
06115,3,17,1.0,4,0.7070582643711637,1.0,
08001,2,35,1.0,4,0.6068579550259923,1.0,
08005,1,33,1.0,4,0.2667263851714997,0.0,
08007,1,5,1.0,4,0.00031698607975920743,0.0,
08009,4,8,1.0,4,0.008800764403242938,0.0,
08013,1,22,1.0,4,0.6617411556744206,1.0,
08014,1,6,1.0,4,0.09610608930927203,0.0,
08035,1,18,1.0,4,0.037509893018646295,0.0,
08037,1,13,1.0,4,0.021309567373088825,0.0,
08043,3,11,1.0,4,0.02039525448453852,0.0,
08045,1,8,1.0,4,0.020379812370004524,0.0,
08055,2,4,1.0,4,0.0027953900038511195,0.0,
08059,1,33,1.0,4,0.06281186727838728,0.0,
08067,1,6,1.0,4,0.004658007657363607,0.0,
08069,1,24,1.0,4,0.22209452873917607,0.0,
08077,2,19,1.0,4,0.4811489174886318,0.0,
08081,2,5,1.0,4,0.024621464108083437,0.0,
08087,2,10,1.0,4,0.04308550612035118,0.0,
08099,3,6,1.0,4,0.009563590639910984,0.0,
08101,3,15,1.0,4,0.5052736818977867,1.0,
08107,1,9,1.0,4,0.0011892824530867912,0.0,
08109,4,8,1.0,4,0.006509888082189696,0.0,
08113,1,7,1.0,4,0.0006355475336330182,0.0,
08121,2,12,1.0,4,0.0018636817282071223,0.0,
08123,1,41,1.0,4,0.3639693853204174,0.0,
09001,1,46,1.0,4,0.09626529704503199,0.0,
09003,1,58,1.0,4,0.30622454086724354,0.0,
09005,1,40,1.0,4,0.009371174413371089,0.0,
09007,1,24,1.0,4,0.033639215221360826,0.0,
09009,1,41,1.0,4,0.11499911567758604,0.0,
09011,1,31,1.0,4,0.12184495302150211,0.0,
09015,1,31,1.0,4,0.05396269207769696,0.0,
10001,1,18,1.0,4,0.11717831743662836,0.0,
10005,2,24,1.0,4,0.1011764173476086,0.0,
12001,3,23,1.0,4,0.07823981576488107,0.0,
12003,2,5,1.0,4,0.04352386290275951,0.0,
12005,2,16,1.0,4,0.2099800848640678,0.0,
12015,2,17,1.0,4,0.03689195329069582,0.0,
12017,3,15,1.0,4,0.03359244720211011,0.0,
12019,2,12,1.0,4,0.1419132093478749,0.0,
12023,3,8,1.0,4,0.10921563397310081,0.0,
12033,1,18,1.0,4,0.06709641720862038,0.0,
12035,2,7,1.0,4,0.04539525634428128,0.0,
12039,4,7,1.0,4,0.1746547387280734,0.0,
12041,4,5,1.0,4,0.057486245814817746,0.0,
12043,4,5,1.0,4,0.19823757010885357,0.0,
12049,4,4,1.0,4,0.18850724170023586,0.0,
12051,4,6,1.0,4,0.2877441493926978,0.0,
12053,3,12,1.0,4,0.32837352133264813,0.0,
12055,3,9,1.0,4,0.057356774901130024,0.0,
12059,4,4,1.0,4,0.054080860293599965,0.0,
12061,2,9,1.0,4,0.04958286657358486,0.0,
12063,1,14,1.0,4,0.038146734727749675,0.0,
12065,4,4,1.0,4,0.016580378648983846,0.0,
12073,3,10,1.0,4,0.08345499872378682,0.0,
12075,4,13,1.0,4,0.06064700239752095,0.0,
12079,4,5,1.0,4,0.03992252017081175,0.0,
12083,3,31,1.0,4,0.06856543762613876,0.0,
12085,1,12,1.0,4,0.055489366897996044,0.0,
12087,2,11,1.0,4,0.02483583875125594,0.0,
12089,1,6,1.0,4,0.013286610527555781,0.0,
12091,2,14,1.0,4,0.04896088601066413,0.0,
12097,3,17,1.0,4,0.487654968774282,0.0,
12101,2,31,1.0,4,0.3573222409304647,0.0,
12107,4,17,1.0,4,0.20185981547400278,0.0,
12109,1,12,1.0,4,0.024513956785645313,0.0,
12111,2,17,1.0,4,0.20366601628331596,0.0,
12113,1,9,1.0,4,0.0654116886455309,0.0,
12117,2,17,1.0,4,0.1582826607924044,0.0,
12119,1,11,1.0,4,0.02158051181609486,0.0,
12121,3,9,1.0,4,0.07046167709297271,0.0,
12129,2,4,1.0,4,0.02707700586658553,0.0,
12131,2,12,1.0,4,0.04024787262633407,0.0,
12133,4,10,1.0,4,0.22340507306825563,0.0,
13001,4,7,1.0,4,0.3111400728482136,0.0,
13003,4,5,1.0,4,0.2106666980818722,0.0,
13005,4,3,1.0,4,0.27502032835483836,0.0,
13009,4,6,1.0,4,0.9999669721762634,1.0,
13013,2,8,1.0,4,0.1425315727374179,0.0,
13015,2,14,1.0,4,0.2929298017941638,0.0,
13017,4,4,1.0,4,0.18386236431350372,0.0,
13019,4,6,1.0,4,0.08549868635089074,0.0,
13021,1,12,1.0,4,0.7562726412834793,1.0,
13023,4,6,1.0,4,0.11308497958077048,0.0,
13025,4,6,1.0,4,0.13915438150922366,0.0,
13031,1,11,1.0,4,0.3863555029801781,0.0,
13033,4,9,1.0,4,0.1774755238957,0.0,
13035,4,5,1.0,4,0.5731659649369861,1.0,
13039,3,8,1.0,4,0.08970329834738663,0.0,
13043,4,4,1.0,4,0.2903747463111847,0.0,
13045,1,11,1.0,4,0.8234394657218415,1.0,
13055,4,6,1.0,4,0.11084734840538965,0.0,
13057,1,15,1.0,4,0.06158885060051624,0.0,
13059,1,9,1.0,4,0.9999395293299006,1.0,
13063,1,16,1.0,4,0.7918343085129698,1.0,
13069,4,10,1.0,4,0.22088184194130933,0.0,
13071,4,13,1.0,4,0.38828920691596436,0.0,
13073,1,7,1.0,4,0.01988693038144509,0.0,
13075,4,5,1.0,4,0.24187194876914264,0.0,
13077,1,10,1.0,4,0.16772289620291975,0.0,
13083,3,5,1.0,4,0.04379569972472045,0.0,
13085,1,5,1.0,4,0.03025101031163106,0.0,
13087,4,8,1.0,4,0.12852578651569088,0.0,
13093,4,8,1.0,4,0.06840879817681668,0.0,
13095,4,6,1.0,4,0.3673394918491591,0.0,
13097,2,8,1.0,4,0.42118392334462024,0.0,
13101,3,6,1.0,4,0.06235468958845978,0.0,
13103,1,8,1.0,4,0.022787673105964076,0.0,
13107,4,13,1.0,4,0.23299452609827148,0.0,
13109,4,6,1.0,4,0.416928426304039,0.0,
13111,3,8,1.0,4,0.008488021572071892,0.0,
13113,1,8,1.0,4,0.04269325603312565,0.0,
13115,4,13,1.0,4,0.25264038897268715,0.0,
13119,3,10,1.0,4,0.29061650289692836,0.0,
13127,3,8,1.0,4,0.007922242975285543,0.0,
13129,4,8,1.0,4,0.16450150208269096,0.0,
13137,3,7,1.0,4,0.25316427017407517,0.0,
13139,2,19,1.0,4,0.38564622501301293,0.0,
13149,3,6,1.0,4,0.04397704636916225,0.0,
13151,2,11,1.0,4,0.4365980819586184,0.0,
13153,2,12,1.0,4,0.4160619857868079,0.0,
13155,4,7,1.0,4,0.09083599756188326,0.0,
13157,2,16,1.0,4,0.07000832190847994,0.0,
13163,4,9,1.0,4,0.15552716908405578,0.0,
13165,4,5,1.0,4,0.26996762368403204,0.0,
13167,4,5,1.0,4,0.046535695624213745,0.0,
13169,4,8,1.0,4,0.15914475718441065,0.0,
13175,4,15,1.0,4,0.17461684268055103,0.0,
13179,1,9,1.0,4,1.1726586209265215e-09,0.0,
13189,4,4,1.0,4,0.14968119274725433,0.0,
13191,3,4,1.0,4,0.006633843584722889,0.0,
13193,4,10,1.0,4,0.02432885839353068,0.0,
13195,3,11,1.0,4,0.1426868858089858,0.0,
13197,4,4,1.0,4,0.020871022935546605,0.0,
13215,4,11,1.0,4,0.5186388222635552,1.0,
13217,3,11,1.0,4,0.5961098021303629,1.0,
13219,1,8,1.0,4,0.028065846937618592,0.0,
13223,1,11,1.0,4,0.29178190566257634,0.0,
13225,4,3,1.0,4,0.30261307029551504,0.0,
13227,2,9,1.0,4,0.02089220951048528,0.0,
13233,4,8,1.0,4,0.396218635098434,0.0,
13235,4,5,1.0,4,0.01793363752868384,0.0,
13237,4,5,1.0,4,0.05816903867511135,0.0,
13247,2,9,1.0,4,0.5685943988418923,1.0,
13253,4,4,1.0,4,0.07341359178050699,0.0,
13257,3,5,1.0,4,0.278965141429896,0.0,
13261,4,8,1.0,4,0.13083556948001956,0.0,
13267,4,6,1.0,4,0.12643991662449364,0.0,
13273,4,7,1.0,4,0.11556774602598448,0.0,
13275,3,9,1.0,4,0.050534510250309236,0.0,
13277,4,9,1.0,4,0.2460568425118967,0.0,
13279,4,3,1.0,4,0.25012581327502226,0.0,
13281,3,3,1.0,4,0.002196846237236647,0.0,
13285,4,7,1.0,4,0.2227832882039237,0.0,
13287,4,4,1.0,4,0.19635252447430585,0.0,
13291,3,4,1.0,4,0.015883794582583738,0.0,
13293,4,7,1.0,4,0.2745570224856424,0.0,
13295,3,14,1.0,4,0.09618529114174684,0.0,
13297,2,11,1.0,4,0.3404909825013527,0.0,
13299,4,7,1.0,4,0.3868743005541457,0.0,
13301,4,9,1.0,4,0.02134883782512445,0.0,
13303,4,10,1.0,4,0.04654761745725782,0.0,
13305,4,6,1.0,4,0.14388326491690928,0.0,
13309,4,4,1.0,4,0.024602950819295977,0.0,
13313,4,8,1.0,4,0.3864934809478737,0.0,
13315,4,8,1.0,4,0.10731561639084161,0.0,
13317,4,5,1.0,4,0.012502669551129197,0.0,
16001,1,17,1.0,4,0.05254761241284062,0.0,
16011,3,11,1.0,4,0.015657779684118644,0.0,
16013,2,8,1.0,4,0.005841839720333398,0.0,
16017,2,18,1.0,4,0.0066391182999736495,0.0,
16019,2,14,1.0,4,0.049319020203370346,0.0,
16025,4,2,1.0,4,0.01961122386646908,0.0,
16031,3,9,1.0,4,0.11807578514601971,0.0,
16035,3,7,1.0,4,0.0011048292153444522,0.0,
16039,3,7,1.0,4,0.014776601458164082,0.0,
16041,1,7,1.0,4,0.015384856671342007,0.0,
16045,2,7,1.0,4,0.009791769535183533,0.0,
16047,3,6,1.0,4,0.08746434947808639,0.0,
16055,2,13,1.0,4,0.06840094393400027,0.0,
16059,3,10,1.0,4,0.0031021504221713765,0.0,
16069,2,10,1.0,4,0.015143589105738934,0.0,
16073,3,12,1.0,4,0.04995187599153249,0.0,
16075,3,7,1.0,4,0.02586830222049865,0.0,
16079,4,15,1.0,4,0.0004600780319819806,0.0,
16081,1,5,1.0,4,0.0007894133577555723,0.0,
16083,3,10,1.0,4,0.22381634748943222,0.0,
16087,4,5,1.0,4,0.004480624740547042,0.0,
17001,2,23,1.0,4,0.0617128469395347,0.0,
17003,1,8,1.0,4,0.3877565854468201,0.0,
17007,1,15,1.0,4,0.19607238556220455,0.0,
17011,2,30,1.0,4,0.0762674717286417,0.0,
17013,2,7,1.0,4,0.007915596788010132,0.0,
17017,3,7,1.0,4,0.063594704373907,0.0,
17019,3,35,1.0,4,0.397395885286077,0.0,
17021,2,20,1.0,4,0.062265926667292214,0.0,
17025,3,13,1.0,4,0.14182498082582926,0.0,
17027,1,17,1.0,4,0.04724644000449821,0.0,
17033,2,10,1.0,4,0.061518270246449326,0.0,
17039,2,13,1.0,4,0.06360011141148054,0.0,
17041,2,13,1.0,4,0.06260895170272907,0.0,
17043,1,43,1.0,4,0.1022581333622419,0.0,
17045,2,15,1.0,4,0.019690882050604257,0.0,
17049,2,15,1.0,4,0.06082354713919175,0.0,
17053,2,21,1.0,4,0.07585680116536798,0.0,
17055,4,19,1.0,4,0.16616502062259972,0.0,
17057,3,24,1.0,4,0.053870662105474705,0.0,
17059,4,9,1.0,4,0.06120516341937616,0.0,
17063,1,16,1.0,4,0.111374967432984,0.0,
17073,1,23,1.0,4,0.03753621614204953,0.0,
17075,2,25,1.0,4,0.0756783494771992,0.0,
17081,3,17,1.0,4,0.19735964263939998,0.0,
17087,2,10,1.0,4,0.046307774149804706,0.0,
17091,2,21,1.0,4,0.4095939396031151,0.0,
17093,1,19,1.0,4,0.21016992654600702,0.0,
17095,3,22,1.0,4,0.1723234918905338,0.0,
17097,1,35,1.0,4,0.2651580277633931,0.0,
17099,2,28,1.0,4,0.26251824294727705,0.0,
17103,2,24,1.0,4,0.07789743775748252,0.0,
17105,3,29,1.0,4,0.159069845238671,0.0,
17107,1,20,1.0,4,0.053806741208067395,0.0,
17109,4,17,1.0,4,0.23482650312625045,0.0,
17111,1,24,1.0,4,0.11541952461076127,0.0,
17113,2,33,1.0,4,0.3068983930904004,0.0,
17115,3,27,1.0,4,0.408631041825848,0.0,
17117,2,28,1.0,4,0.1497025852182119,0.0,
17121,3,15,1.0,4,0.20432819098500757,0.0,
17123,2,19,1.0,4,0.03992579880590748,0.0,
17125,3,11,1.0,4,0.03731927222548689,0.0,
17127,3,8,1.0,4,0.12067490765403867,0.0,
17133,1,9,1.0,4,0.02488261150603337,0.0,
17137,3,16,1.0,4,0.08774543079353686,0.0,
17141,2,27,1.0,4,0.09868738370004554,0.0,
17149,3,16,1.0,4,0.0304320407608923,0.0,
17157,2,18,1.0,4,0.07992254114323402,0.0,
17159,3,9,1.0,4,0.09513924900452646,0.0,
17161,2,20,1.0,4,0.2623664348676997,0.0,
17165,4,11,1.0,4,0.202199609950696,0.0,
17167,2,29,1.0,4,0.146212406594273,0.0,
17171,2,9,1.0,4,0.04133437501853792,0.0,
17173,2,22,1.0,4,0.03148783322069295,0.0,
17179,1,21,1.0,4,0.07763815038065593,0.0,
17181,3,13,1.0,4,0.02587997548381741,0.0,
17183,3,27,1.0,4,0.3266916081929113,0.0,
17187,3,14,1.0,4,0.13895348024356632,0.0,
17189,1,13,1.0,4,0.0319670992792358,0.0,
17193,3,11,1.0,4,0.022797935018133764,0.0,
17199,3,22,1.0,4,0.06830609248121805,0.0,
17201,2,26,1.0,4,0.42189462661077826,0.0,
17203,1,16,1.0,4,0.03608547738839124,0.0,
18001,3,8,1.0,4,0.5468052958197399,1.0,
18003,2,33,1.0,4,0.4639828542577251,0.0,
18005,2,14,1.0,4,0.02301237507438991,0.0,
18009,3,7,1.0,4,0.21093378074820673,0.0,
18011,1,12,1.0,4,0.03526934987609468,0.0,
18013,1,9,1.0,4,0.002140854186752498,0.0,
18017,3,12,1.0,4,0.3536566323789374,0.0,
18019,2,15,1.0,4,0.27657088431028637,0.0,
18021,2,17,1.0,4,0.12764657663388446,0.0,
18023,3,12,1.0,4,0.3241833712401092,0.0,
18029,1,9,1.0,4,0.0379738264960122,0.0,
18035,4,21,1.0,4,0.5413519948096233,1.0,
18037,1,13,1.0,4,0.031905112758625134,0.0,
18039,2,17,1.0,4,0.5858531624443352,1.0,
18043,2,10,1.0,4,0.14693518055315813,0.0,
18047,1,15,1.0,4,0.025017580386485248,0.0,
18051,2,16,1.0,4,0.0933083544930361,0.0,
18053,3,15,1.0,4,0.5075688514648385,1.0,
18055,2,16,1.0,4,0.06831497741647775,0.0,
18059,1,15,1.0,4,0.11292615178832746,0.0,
18061,2,16,1.0,4,0.012756656280513057,0.0,
18063,1,19,1.0,4,0.06810448310925134,0.0,
18067,2,10,1.0,4,0.33745495461562913,0.0,
18069,2,9,1.0,4,0.13440602747953914,0.0,
18071,3,8,1.0,4,0.02050007003611354,0.0,
18073,1,13,1.0,4,0.11504702707036592,0.0,
18079,2,13,1.0,4,0.022905754202855157,0.0,
18081,1,12,1.0,4,0.148335126507748,0.0,
18083,3,11,1.0,4,0.2599908457671211,0.0,
18085,1,21,1.0,4,0.15177787275428833,0.0,
18087,1,12,1.0,4,0.3832935823145975,0.0,
18091,3,15,1.0,4,0.372089161291795,0.0,
18093,2,12,1.0,4,0.054729284792085595,0.0,
18095,3,18,1.0,4,0.4445247011360302,0.0,
18101,2,7,1.0,4,0.023800750760335065,0.0,
18105,1,18,1.0,4,0.9999999970693558,1.0,
18107,2,16,1.0,4,0.06710673421171148,0.0,
18109,1,14,1.0,4,0.08127812101919496,0.0,
18117,3,11,1.0,4,0.017358040746073028,0.0,
18123,2,14,1.0,4,0.0037748468762387587,0.0,
18127,1,15,1.0,4,0.2644473851211403,0.0,
18129,1,7,1.0,4,0.02941767336155832,0.0,
18133,1,15,1.0,4,0.06698365358094634,0.0,
18139,2,16,1.0,4,0.11696809417990973,0.0,
18141,3,24,1.0,4,0.6976295711669942,1.0,
18143,3,6,1.0,4,0.02942888456430719,0.0,
18145,2,17,1.0,4,0.14210053615599444,0.0,
18147,1,16,1.0,4,0.032916250732416705,0.0,
18149,3,11,1.0,4,0.36336193568276026,0.0,
18153,3,13,1.0,4,0.1033183302781172,0.0,
18157,3,18,1.0,4,0.4747570146308859,0.0,
18163,3,11,1.0,4,0.5944268793441075,1.0,
18167,1,18,1.0,4,0.9358432648155487,1.0,
18169,2,14,1.0,4,0.13876984429528783,0.0,
18173,1,12,1.0,4,0.0388969240129163,0.0,
18175,2,12,1.0,4,0.007184067414129075,0.0,
18177,3,17,1.0,4,0.4351245297997274,0.0,
19003,2,9,1.0,4,0.004996243431137885,0.0,
19007,3,11,1.0,4,0.008882341844689725,0.0,
19009,2,11,1.0,4,0.002184011330914097,0.0,
19011,1,24,1.0,4,0.007671970665269672,0.0,
19013,3,17,1.0,4,0.306107356422236,0.0,
19015,3,18,1.0,4,0.09375336405199161,0.0,
19021,2,13,1.0,4,0.04703803874153014,0.0,
19023,1,16,1.0,4,0.00539474903411121,0.0,
19027,1,16,1.0,4,0.0020334895634626766,0.0,
19031,1,18,1.0,4,0.006444341449982879,0.0,
19037,1,9,1.0,4,0.008627343890775538,0.0,
19039,3,9,1.0,4,0.00781664747181926,0.0,
19041,2,15,1.0,4,0.011779764281798942,0.0,
19045,2,20,1.0,4,0.040966909106802236,0.0,
19049,1,25,1.0,4,0.015650910392435772,0.0,
19057,3,12,1.0,4,0.0851797226079446,0.0,
19061,2,19,1.0,4,0.05478861670160893,0.0,
19067,3,13,1.0,4,0.009206274762198806,0.0,
19071,2,11,1.0,4,0.002879819488763514,0.0,
19077,1,18,1.0,4,0.0009480748726928239,0.0,
19079,1,15,1.0,4,0.004842305565516823,0.0,
19087,2,11,1.0,4,0.022366324344349812,0.0,
19095,1,21,1.0,4,0.003375096436394356,0.0,
19097,2,14,1.0,4,0.011193501636998131,0.0,
19099,1,19,1.0,4,0.0035677602151463626,0.0,
19103,1,24,1.0,4,0.6601873411040023,1.0,
19105,2,16,1.0,4,0.008503964963154642,0.0,
19109,2,21,1.0,4,0.00764890317807236,0.0,
19111,3,12,1.0,4,0.045549272110098155,0.0,
19113,1,29,1.0,4,0.059673426449571326,0.0,
19121,1,14,1.0,4,0.0010902615474519591,0.0,
19123,2,20,1.0,4,0.009689301194713498,0.0,
19127,2,21,1.0,4,0.03554319787829832,0.0,
19129,1,11,1.0,4,0.002291130659009715,0.0,
19133,2,15,1.0,4,0.001670979659904636,0.0,
19145,2,12,1.0,4,0.0017588825241020148,0.0,
19149,1,14,1.0,4,0.013603071938316712,0.0,
19151,2,16,1.0,4,0.013833082463739389,0.0,
19155,2,24,1.0,4,0.02302856333653635,0.0,
19157,2,17,1.0,4,0.0024689287699695916,0.0,
19161,2,16,1.0,4,0.005938411700131442,0.0,
19163,2,22,1.0,4,0.09277127825849861,0.0,
19169,3,22,1.0,4,0.1144551390673426,0.0,
19179,3,12,1.0,4,0.03798906209009984,0.0,
19181,1,19,1.0,4,0.007930220479620368,0.0,
19187,3,22,1.0,4,0.07170308255495961,0.0,
19193,2,25,1.0,4,0.07189354431855008,0.0,
19197,2,16,1.0,4,0.010988380411674591,0.0,
20001,3,11,1.0,4,0.098728124163886,0.0,
20005,2,10,1.0,4,0.027990652749683837,0.0,
20009,3,10,1.0,4,0.03863323332939913,0.0,
20011,4,13,1.0,4,0.04046481336993963,0.0,
20015,2,20,1.0,4,0.04044046754403126,0.0,
20019,4,10,1.0,4,0.013874522968136129,0.0,
20021,1,13,1.0,4,0.01577426035382153,0.0,
20027,1,10,1.0,4,0.0026781827032243905,0.0,
20029,3,8,1.0,4,0.026194553615000907,0.0,
20035,3,14,1.0,4,0.20518905744317617,0.0,
20037,1,15,1.0,4,0.13569638752784438,0.0,
20039,2,8,1.0,4,0.0013112546173546455,0.0,
20041,2,12,1.0,4,0.026200683252238455,0.0,
20045,1,12,1.0,4,0.5830288944767075,1.0,
20047,3,7,1.0,4,0.0029314607844453354,0.0,
20051,3,11,1.0,4,0.03095459624772121,0.0,
20055,3,7,1.0,4,0.01757098093211819,0.0,
20057,4,10,1.0,4,0.07076636968342472,0.0,
20059,2,13,1.0,4,0.036802412954770956,0.0,
20061,3,8,1.0,4,0.681459689594224,1.0,
20067,2,3,1.0,4,0.013025706432368372,0.0,
20073,3,11,1.0,4,0.013751002944133115,0.0,
20079,1,13,1.0,4,0.04830289798373861,0.0,
20083,2,8,1.0,4,0.0022258114120537334,0.0,
20085,2,18,1.0,4,0.004184921058809574,0.0,
20087,2,15,1.0,4,0.026623491928575133,0.0,
20095,1,12,1.0,4,0.001556912273265521,0.0,
20097,2,7,1.0,4,0.002269119346140574,0.0,
20099,4,13,1.0,4,0.12373853489708786,0.0,
20103,1,13,1.0,4,0.06187972357392008,0.0,
20111,3,12,1.0,4,0.4576440659430679,0.0,
20113,1,12,1.0,4,0.014810191110755658,0.0,
20121,1,11,1.0,4,0.001943590340698725,0.0,
20125,3,13,1.0,4,0.3205512330754683,0.0,
20127,2,9,1.0,4,0.02498876283981625,0.0,
20129,2,5,1.0,4,0.0076704516423347574,0.0,
20133,4,11,1.0,4,0.15562379311840882,0.0,
20135,3,9,1.0,4,0.0013191366285476836,0.0,
20139,2,15,1.0,4,0.04478595445098679,0.0,
20147,2,9,1.0,4,0.0033036107738870736,0.0,
20149,2,12,1.0,4,0.16377499428118336,0.0,
20155,2,22,1.0,4,0.05309644519143057,0.0,
20159,2,13,1.0,4,0.009263201222533284,0.0,
20161,3,14,1.0,4,0.9999999758211152,1.0,
20163,2,10,1.0,4,0.0036780630200289066,0.0,
20167,2,11,1.0,4,0.005588414572846918,0.0,
20169,2,9,1.0,4,0.1015216727261555,0.0,
20175,4,6,1.0,4,0.14012614654013297,0.0,
20179,1,11,1.0,4,0.0021035380418659012,0.0,
20201,2,15,1.0,4,0.0003284791506391016,0.0,
20205,4,10,1.0,4,0.12071115803864572,0.0,
21001,4,10,1.0,4,0.0688004836522123,0.0,
21003,4,6,1.0,4,0.08516603773662874,0.0,
21009,4,11,1.0,4,0.2713401617746682,0.0,
21011,4,8,1.0,4,0.11125991908973243,0.0,
21013,4,11,1.0,4,0.3638279016615391,0.0,
21015,1,9,1.0,4,0.22006765750218266,0.0,
21019,3,4,1.0,4,0.5474581653872235,1.0,
21021,3,5,1.0,4,0.08628715821455227,0.0,
21023,3,7,1.0,4,0.04206552916666909,0.0,
21027,3,18,1.0,4,0.03931462770046021,0.0,
21029,1,11,1.0,4,0.34044770446654915,0.0,
21033,3,6,1.0,4,0.016879294237339807,0.0,
21037,2,10,1.0,4,0.2369270986326734,0.0,
21041,4,8,1.0,4,0.552765354561744,1.0,
21047,4,15,1.0,4,0.32523469206033867,0.0,
21049,3,4,1.0,4,0.10468430932476966,0.0,
21051,4,10,1.0,4,0.25203883192750703,0.0,
21057,4,3,1.0,4,0.04442227353875162,0.0,
21059,3,10,1.0,4,0.5828134267729238,1.0,
21061,4,12,1.0,4,0.04195123181967937,0.0,
21063,4,6,1.0,4,0.13204582904474185,0.0,
21067,2,17,1.0,4,0.1312349721733075,0.0,
21069,4,7,1.0,4,0.17584881859596402,0.0,
21071,4,33,1.0,4,0.3824902942138698,0.0,
21073,2,5,1.0,4,0.03307428805472487,0.0,
21075,4,3,1.0,4,0.11400749220673248,0.0,
21077,3,6,1.0,4,0.2719548456826081,0.0,
21079,3,5,1.0,4,0.06652010695930194,0.0,
21081,3,8,1.0,4,0.12628078043074617,0.0,
21083,4,18,1.0,4,0.2589989461097674,0.0,
21085,4,9,1.0,4,0.10373493173511356,0.0,
21093,2,17,1.0,4,0.2217799107211988,0.0,
21097,3,6,1.0,4,0.05378132035921097,0.0,
21099,4,10,1.0,4,0.1335666356525647,0.0,
21101,3,8,1.0,4,0.46408244545675065,0.0,
21103,3,13,1.0,4,0.04757990361289006,0.0,
21105,4,7,1.0,4,0.06405387466390147,0.0,
21107,4,13,1.0,4,0.1535073627622115,0.0,
21113,3,4,1.0,4,0.09445276530755423,0.0,
21115,4,19,1.0,4,0.14645912790509172,0.0,
21117,2,12,1.0,4,0.35221219621279115,0.0,
21119,4,24,1.0,4,0.21020489036267123,0.0,
21121,4,19,1.0,4,0.0016061348652629767,0.0,
21125,4,8,1.0,4,0.27375410120525884,0.0,
21127,4,10,1.0,4,0.29041914159394516,0.0,
21133,1,26,1.0,4,0.1987665708098368,0.0,
21137,4,11,1.0,4,0.02587380213796116,0.0,
21141,4,7,1.0,4,0.08794554112688724,0.0,
21145,3,7,1.0,4,0.5131140056406985,1.0,
21149,2,7,1.0,4,0.08491297140348784,0.0,
21151,1,5,1.0,4,0.2737805357262869,0.0,
21153,4,4,1.0,4,0.1600735953012442,0.0,
21159,4,9,1.0,4,0.05489732632288114,0.0,
21161,4,5,1.0,4,0.11442035710831028,0.0,
21163,2,12,1.0,4,0.0778619778441191,0.0,
21167,2,5,1.0,4,0.03365606488917509,0.0,
21171,4,6,1.0,4,2.265106364393396e-10,0.0,
21173,4,5,1.0,4,0.18749623761436895,0.0,
21175,4,8,1.0,4,0.06655952575432268,0.0,
21179,1,9,1.0,4,0.024745673719309715,0.0,
21183,3,16,1.0,4,0.0528575311279232,0.0,
21185,1,11,1.0,4,0.020801168202769362,0.0,
21191,3,10,1.0,4,0.04116909609974042,0.0,
21195,4,39,1.0,4,0.12894576669462263,0.0,
21197,4,4,1.0,4,0.15464248647642728,0.0,
21199,4,11,1.0,4,0.3024732511157773,0.0,
21201,4,7,1.0,4,0.04432160397486645,0.0,
21203,4,7,1.0,4,0.15765714367984632,0.0,
21205,4,4,1.0,4,0.04433366849766417,0.0,
21207,4,7,1.0,4,0.16576955413324992,0.0,
21209,2,6,1.0,4,0.06488761580236145,0.0,
21211,2,14,1.0,4,0.12187781047317052,0.0,
21217,4,6,1.0,4,0.09474955713981095,0.0,
21221,2,5,1.0,4,0.007711274928913718,0.0,
21225,4,5,1.0,4,0.11332455962389798,0.0,
21227,3,9,1.0,4,0.0790642339687891,0.0,
21231,4,5,1.0,4,0.22467030755080045,0.0,
21235,4,7,1.0,4,0.2993644083209116,0.0,
21237,4,5,1.0,4,0.2345972409381613,0.0,
21239,2,3,1.0,4,0.011057080355434607,0.0,
22001,4,15,1.0,4,0.6129226101816311,1.0,
22003,3,13,1.0,4,0.1319812115050116,0.0,
22005,1,8,1.0,4,0.525715731254612,1.0,
22009,4,15,1.0,4,0.2304981238279767,0.0,
22011,3,9,1.0,4,0.11840031889623619,0.0,
22013,4,13,1.0,4,0.17171331514567106,0.0,
22019,3,16,1.0,4,0.8075106209212356,1.0,
22021,4,4,1.0,4,0.11719992626452443,0.0,
22023,4,8,1.0,4,0.739027608631196,1.0,
22027,4,11,1.0,4,0.27903270184436374,0.0,
22031,4,10,1.0,4,0.16264520890125234,0.0,
22039,4,12,1.0,4,0.5106298708821142,1.0,
22041,4,7,1.0,4,0.36747713509379853,0.0,
22043,3,8,1.0,4,0.05556290510377964,0.0,
22045,4,10,1.0,4,0.6035756226871488,1.0,
22047,3,8,1.0,4,0.570538470727332,1.0,
22049,4,7,1.0,4,0.16684306129655765,0.0,
22053,3,10,1.0,4,0.4835376787429805,0.0,
22055,1,16,1.0,4,0.41915774914832854,0.0,
22057,3,14,1.0,4,0.4289954539062067,0.0,
22063,2,17,1.0,4,0.47497723832438754,0.0,
22065,4,4,1.0,4,0.33224494317009506,0.0,
22069,4,16,1.0,4,0.17893677268905026,0.0,
22077,3,17,1.0,4,0.1947569724648248,0.0,
22079,4,27,1.0,4,0.3999702112248628,0.0,
22083,4,6,1.0,4,0.38246474283576054,0.0,
22087,4,6,1.0,4,0.9357455294416416,1.0,
22089,1,10,1.0,4,0.334795743957462,0.0,
22093,3,7,1.0,4,0.5337341530039701,1.0,
22095,3,6,1.0,4,0.7527532055332227,1.0,
22099,4,8,1.0,4,0.37177314567623504,0.0,
22101,4,8,1.0,4,0.37275616310157267,0.0,
22103,2,17,1.0,4,0.16857547830587485,0.0,
22105,1,20,1.0,4,0.8322327117257384,1.0,
22107,4,4,1.0,4,0.10131726711206351,0.0,
22109,3,13,1.0,4,0.6127729616159082,1.0,
22111,3,10,1.0,4,0.06992589486883588,0.0,
22113,3,12,1.0,4,0.21103183931313788,0.0,
22115,3,13,1.0,4,0.23699462277913877,0.0,
22117,4,6,1.0,4,0.2512234114846547,0.0,
22119,4,12,1.0,4,0.46248572795468645,0.0,
22121,2,5,1.0,4,0.6082436866412825,1.0,
22123,4,4,1.0,4,0.17923904547293487,0.0,
22127,4,12,1.0,4,0.05571071759369385,0.0,
23001,2,14,1.0,4,0.0447969045834672,0.0,
23005,1,38,1.0,4,0.005721726725633137,0.0,
23007,1,18,1.0,4,0.00920669297438998,0.0,
23009,2,40,1.0,4,0.0010860656320846728,0.0,
23011,2,27,1.0,4,0.006017448412333259,0.0,
23013,1,19,1.0,4,0.0086362010714146,0.0,
23017,1,33,1.0,4,0.008306839681162958,0.0,
23019,1,47,1.0,4,0.06245131972754313,0.0,
23021,3,16,1.0,4,0.0021894844538302713,0.0,
23025,4,24,1.0,4,0.035722735729607755,0.0,
23027,2,18,1.0,4,0.002930830423253625,0.0,
23031,1,36,1.0,4,0.005463397207714293,0.0,
24001,3,15,1.0,4,0.057457169264691146,0.0,
24011,3,10,1.0,4,0.24633046564825284,0.0,
24013,1,15,1.0,4,0.0033968402829700063,0.0,
24017,1,24,1.0,4,0.013318329349101867,0.0,
24019,3,18,1.0,4,0.10767338848462867,0.0,
24021,1,34,1.0,4,0.00856623438259796,0.0,
24027,1,24,1.0,4,0.02178808162477601,0.0,
24029,2,9,1.0,4,0.024700231723992435,0.0,
24035,1,16,1.0,4,0.024193507686565842,0.0,
24037,1,26,1.0,4,0.0663857649211512,0.0,
24039,1,11,1.0,4,1.1527821911319373e-34,0.0,
24041,1,16,1.0,4,0.017644665922902977,0.0,
24043,1,20,1.0,4,9.354444395073389e-06,0.0,
24047,2,12,1.0,4,0.06145240552361106,0.0,
25001,1,47,1.0,4,0.02961182447832681,0.0,
25005,2,36,1.0,4,0.2664269721855532,0.0,
25011,2,32,1.0,4,0.004352322299260806,0.0,
25013,2,41,1.0,4,0.5460660190941911,1.0,
25015,1,28,1.0,4,0.04247045575339502,0.0,
25023,1,34,1.0,4,0.04968810095070617,0.0,
25025,3,36,1.0,4,0.6758574721473176,1.0,
25027,1,87,1.0,4,0.11554964974658044,0.0,
26005,2,24,1.0,4,0.24565680405625742,0.0,
26009,2,16,1.0,4,0.03016055624951519,0.0,
26011,3,10,1.0,4,0.2642264913362588,0.0,
26013,3,7,1.0,4,0.0033827450404167016,0.0,
26015,1,15,1.0,4,0.0696923229104417,0.0,
26017,2,16,1.0,4,0.4907832909807898,0.0,
26021,1,23,1.0,4,0.8308785074083503,1.0,
26023,3,13,1.0,4,0.40692054227619096,0.0,
26025,3,22,1.0,4,0.4880913424951488,0.0,
26027,2,14,1.0,4,0.25407489460842375,0.0,
26041,3,13,1.0,4,0.08941360056337712,0.0,
26045,1,19,1.0,4,0.18035613628989527,0.0,
26049,3,34,1.0,4,0.5576268009851144,1.0,
26055,1,9,1.0,4,0.05954483958276578,0.0,
26059,3,18,1.0,4,0.2678688328133143,0.0,
26061,4,20,1.0,4,0.05039698720881712,0.0,
26063,2,18,1.0,4,0.14373930556938797,0.0,
26065,1,22,1.0,4,0.9939886750756736,1.0,
26067,2,21,1.0,4,0.14064765640927787,0.0,
26073,4,15,1.0,4,0.49148200210539933,0.0,
26075,2,29,1.0,4,0.5210782225298921,1.0,
26077,2,25,1.0,4,0.3671853299733649,0.0,
26081,2,39,1.0,4,0.6173977689797914,1.0,
26087,2,22,1.0,4,0.10555252669813339,0.0,
26091,2,23,1.0,4,0.1289799903477408,0.0,
26093,1,20,1.0,4,0.038331828230031006,0.0,
26099,2,39,1.0,4,0.7449135267485381,1.0,
26101,2,15,1.0,4,0.04667196524454111,0.0,
26103,2,15,1.0,4,0.016739458569071993,0.0,
26115,1,25,1.0,4,0.24189296474812316,0.0,
26121,3,20,1.0,4,0.6001263044482202,1.0,
26123,3,21,1.0,4,0.2670850662901459,0.0,
26127,3,12,1.0,4,0.33853861687967907,0.0,
26137,3,7,1.0,4,0.06518164028845054,0.0,
26139,1,22,1.0,4,0.2509522157398387,0.0,
26141,2,7,1.0,4,0.006144606958888633,0.0,
26145,3,28,1.0,4,0.49730749656612666,0.0,
26147,2,23,1.0,4,0.38097966962920893,0.0,
26149,3,13,1.0,4,0.4527394110666369,0.0,
26151,3,22,1.0,4,0.23558994687536172,0.0,
26155,2,19,1.0,4,0.12458183579899308,0.0,
26157,3,21,1.0,4,0.11502203491744527,0.0,
26159,3,22,1.0,4,0.35607121403712455,0.0,
26161,2,27,1.0,4,0.22082708513422916,0.0,
27001,2,12,1.0,4,0.0006853805941296091,0.0,
27003,1,20,1.0,4,0.047673774991468576,0.0,
27005,2,16,1.0,4,0.005275365703964128,0.0,
27007,3,18,1.0,4,0.028263951068216667,0.0,
27009,1,9,1.0,4,0.00799056255124177,0.0,
27025,1,15,1.0,4,0.007853420617740465,0.0,
27027,2,15,1.0,4,0.03927440290592679,0.0,
27037,1,22,1.0,4,0.026336954045749907,0.0,
27041,1,17,1.0,4,0.0027189508837312205,0.0,
27047,2,18,1.0,4,0.11673284803251266,0.0,
27049,1,17,1.0,4,0.008190947964439548,0.0,
27057,2,10,1.0,4,0.0025561021842099144,0.0,
27061,2,30,1.0,4,0.0027381670818057476,0.0,
27079,1,13,1.0,4,0.011042957336910282,0.0,
27083,3,14,1.0,4,0.023614707028934204,0.0,
27095,2,12,1.0,4,0.004858220794106018,0.0,
27097,2,20,1.0,4,0.00428526907816349,0.0,
27099,2,19,1.0,4,0.07936089555277956,0.0,
27109,1,19,1.0,4,0.007302557112373974,0.0,
27111,1,34,1.0,4,0.009508183654492849,0.0,
27115,2,16,1.0,4,0.002591891717371929,0.0,
27119,2,25,1.0,4,0.004472262088117419,0.0,
27123,2,26,1.0,4,0.28478289940854734,0.0,
27127,2,22,1.0,4,0.004076855093072832,0.0,
27129,2,16,1.0,4,0.004235438732574012,0.0,
27131,1,16,1.0,4,0.030777855541712265,0.0,
27135,1,11,1.0,4,0.001438374416826623,0.0,
27139,1,10,1.0,4,0.015491413109590662,0.0,
27141,1,9,1.0,4,0.022002187426442846,0.0,
27145,2,33,1.0,4,0.6019789508637706,1.0,
27151,3,11,1.0,4,0.004030341531807211,0.0,
27153,2,19,1.0,4,0.007967007498674843,0.0,
27163,1,19,1.0,4,0.02149123711710616,0.0,
27169,2,14,1.0,4,0.014223704405266633,0.0,
27171,1,19,1.0,4,0.02081072726421255,0.0,
28001,4,2,1.0,4,0.06969829355112879,0.0,
28003,4,5,1.0,4,0.07016933560078498,0.0,
28007,4,11,1.0,4,0.024278997181114124,0.0,
28011,4,17,1.0,4,0.602175981789776,1.0,
28013,4,11,1.0,4,0.010192789527606225,0.0,
28015,4,13,1.0,4,0.07689277100917348,0.0,
28019,4,9,1.0,4,0.006036306420300645,0.0,
28023,4,9,1.0,4,0.008426984801974553,0.0,
28025,4,8,1.0,4,0.04406040804219376,0.0,
28027,4,11,1.0,4,0.6658392320728649,1.0,
28029,4,9,1.0,4,0.0068024733757398445,0.0,
28031,4,8,1.0,4,0.10297971935041617,0.0,
28033,1,10,1.0,4,0.17917163244873294,0.0,
28035,1,8,1.0,4,0.9999383143118629,1.0,
28037,4,8,1.0,4,0.02265255049958616,0.0,
28039,4,3,1.0,4,0.008467608248224906,0.0,
28041,3,7,1.0,4,0.005242271429008574,0.0,
28043,4,7,1.0,4,0.03147351928884689,0.0,
28045,3,10,1.0,4,0.2058187242192745,0.0,
28051,4,9,1.0,4,0.10682351168224749,0.0,
28057,3,10,1.0,4,0.025846177539264843,0.0,
28061,4,14,1.0,4,0.012576387570384186,0.0,
28065,4,9,1.0,4,0.01901830301915487,0.0,
28069,4,11,1.0,4,0.01714298504141725,0.0,
28071,4,13,1.0,4,1.0,1.0,
28073,3,6,1.0,4,0.02464666276992491,0.0,
28075,1,12,1.0,4,0.00022985209676224425,0.0,
28081,3,15,1.0,4,0.05864078268593072,0.0,
28083,4,11,1.0,4,0.35681062030975175,0.0,
28085,4,12,1.0,4,0.087344165760849,0.0,
28087,3,8,1.0,4,0.0665023093039029,0.0,
28089,1,12,1.0,4,0.012712876097770776,0.0,
28091,4,8,1.0,4,0.08062682981734848,0.0,
28093,3,8,1.0,4,0.08165788641835044,0.0,
28095,4,12,1.0,4,0.037150847847783566,0.0,
28097,4,7,1.0,4,0.018245528017184185,0.0,
28099,4,8,1.0,4,0.1649642643242624,0.0,
28101,4,11,1.0,4,0.021080742856859104,0.0,
28103,4,6,1.0,4,0.06772214408461641,0.0,
28107,4,11,1.0,4,0.14279072971376078,0.0,
28109,3,5,1.0,4,0.015087263502604241,0.0,
28113,4,8,1.0,4,0.2751605158944359,0.0,
28115,4,11,1.0,4,0.09583949640674834,0.0,
28119,4,10,1.0,4,0.2674078149275032,0.0,
28121,1,12,1.0,4,0.18145975758187102,0.0,
28123,4,10,1.0,4,0.07582870807116808,0.0,
28127,3,10,1.0,4,0.02290242075536433,0.0,
28131,4,6,1.0,4,0.013076452319131395,0.0,
28133,4,16,1.0,4,0.4772440699434747,0.0,
28135,4,18,1.0,4,0.08239163506444509,0.0,
28137,3,5,1.0,4,0.19074431910733636,0.0,
28141,4,9,1.0,4,0.05491906869492248,0.0,
28145,3,11,1.0,4,0.033665566751827844,0.0,
28147,4,6,1.0,4,0.03274521212630576,0.0,
28153,4,7,1.0,4,0.04032771111154165,0.0,
28159,4,10,1.0,4,0.01828489235013515,0.0,
28161,4,7,1.0,4,0.008914394062234194,0.0,
28163,4,8,1.0,4,0.054780534563487075,0.0,
29001,4,9,1.0,4,0.08564873741105561,0.0,
29009,4,17,1.0,4,0.17574395730336778,0.0,
29011,4,8,1.0,4,0.08178870903432342,0.0,
29013,3,13,1.0,4,0.01897008930454161,0.0,
29015,3,13,1.0,4,0.015628749030417957,0.0,
29017,4,13,1.0,4,0.042563941925513264,0.0,
29019,1,13,1.0,4,0.08745281629780483,0.0,
29021,3,15,1.0,4,0.6803588079900144,1.0,
29023,4,10,1.0,4,0.3346148445468602,0.0,
29025,3,10,1.0,4,0.16431263264024848,0.0,
29029,3,18,1.0,4,0.028592914740403735,0.0,
29031,3,19,1.0,4,0.30577800777499553,0.0,
29033,3,10,1.0,4,0.08961952632169312,0.0,
29035,3,5,1.0,4,0.003877573227756362,0.0,
29037,1,18,1.0,4,0.05792009616950728,0.0,
29039,4,9,1.0,4,0.042214151897639426,0.0,
29041,3,12,1.0,4,0.043370309339212404,0.0,
29043,1,21,1.0,4,0.03484018260110628,0.0,
29049,1,11,1.0,4,0.035096410537302704,0.0,
29051,1,9,1.0,4,0.057714912431647065,0.0,
29055,4,12,1.0,4,0.06506270936223059,0.0,
29057,3,13,1.0,4,0.05480883131014807,0.0,
29059,4,13,1.0,4,0.06711733984472315,0.0,
29063,2,10,1.0,4,0.07716424550189195,0.0,
29065,4,8,1.0,4,0.03048913777019126,0.0,
29067,4,16,1.0,4,0.07708739627035484,0.0,
29069,4,14,1.0,4,0.47338292295284323,0.0,
29071,1,23,1.0,4,0.08879693522588007,0.0,
29079,3,7,1.0,4,0.14253916090345892,0.0,
29083,4,11,1.0,4,0.060934961916821254,0.0,
29085,4,13,1.0,4,0.025106401448726834,0.0,
29091,4,12,1.0,4,0.0937894389962609,0.0,
29093,3,16,1.0,4,0.022659579978819556,0.0,
29099,1,24,1.0,4,0.30319199543006486,0.0,
29103,4,12,1.0,4,0.029888050836317685,0.0,
29105,4,12,1.0,4,0.10041431391631421,0.0,
29107,2,16,1.0,4,0.07877849423531978,0.0,
29109,3,21,1.0,4,0.16231402709492931,0.0,
29113,2,17,1.0,4,0.29061028140403017,0.0,
29115,3,15,1.0,4,0.0329936579826987,0.0,
29117,3,12,1.0,4,0.061371796566390684,0.0,
29119,1,14,1.0,4,0.33412471550895934,0.0,
29121,2,15,1.0,4,0.021138257233670785,0.0,
29123,3,7,1.0,4,0.017470075048496323,0.0,
29127,3,10,1.0,4,0.10793575575466993,0.0,
29131,3,17,1.0,4,0.05166287029141347,0.0,
29133,4,6,1.0,4,0.4672572740802838,0.0,
29135,2,13,1.0,4,0.015717706354300705,0.0,
29139,3,11,1.0,4,0.09307945254472744,0.0,
29143,4,17,1.0,4,0.3894218144746685,0.0,
29145,3,15,1.0,4,0.130011136222173,0.0,
29147,4,18,1.0,4,0.06630842921644005,0.0,
29153,4,18,1.0,4,0.02502545056047546,0.0,
29159,3,15,1.0,4,0.30518629578329937,0.0,
29161,4,11,1.0,4,0.04225393274707264,0.0,
29163,1,12,1.0,4,0.3274369241040379,0.0,
29165,1,18,1.0,4,0.06224215562973397,0.0,
29169,2,11,1.0,4,0.11164897273594893,0.0,
29175,3,12,1.0,4,0.3784470855954344,0.0,
29177,2,12,1.0,4,0.1721226329655128,0.0,
29181,4,9,1.0,4,0.06656190249030912,0.0,
29183,1,14,1.0,4,0.17128298964642022,0.0,
29185,4,16,1.0,4,0.018276712110147558,0.0,
29186,2,8,1.0,4,0.042095966463699744,0.0,
29187,3,15,1.0,4,0.10920058637369139,0.0,
29195,3,13,1.0,4,0.21075017037008567,0.0,
29197,3,6,1.0,4,0.0448819164008347,0.0,
29199,3,10,1.0,4,0.08811821212676872,0.0,
29201,4,14,1.0,4,0.45343293721426825,0.0,
29207,1,13,1.0,4,0.12193890492977175,0.0,
29209,1,17,1.0,4,0.034422357808141624,0.0,
29211,3,13,1.0,4,0.01632600787958657,0.0,
29213,3,20,1.0,4,0.13845884810249265,0.0,
29215,4,21,1.0,4,1.9053568978152732e-05,0.0,
29217,4,13,1.0,4,0.1419410249438468,0.0,
29219,3,9,1.0,4,0.13832865018462723,0.0,
29223,4,14,1.0,4,0.021888297477559666,0.0,
29225,3,9,1.0,4,0.1310301928773049,0.0,
29229,4,11,1.0,4,0.13678712593348352,0.0,
30003,4,18,1.0,4,0.26629458179761295,0.0,
30005,4,9,1.0,4,0.02099889018023275,0.0,
30013,3,18,1.0,4,0.03954204555662487,0.0,
30015,2,13,1.0,4,0.010516811153706123,0.0,
30021,1,8,1.0,4,0.0006216405618644092,0.0,
30029,2,16,1.0,4,0.002295583349470741,0.0,
30035,4,5,1.0,4,0.09976906851688984,0.0,
30047,3,15,1.0,4,0.005697253646955675,0.0,
30049,1,9,1.0,4,0.0018100580317721039,0.0,
30053,4,6,1.0,4,0.00242798285031282,0.0,
30061,4,5,1.0,4,0.000732566678287316,0.0,
30073,3,6,1.0,4,0.003972770334807726,0.0,
30081,2,9,1.0,4,0.0005095852953063825,0.0,
30087,3,8,1.0,4,0.003955049474691152,0.0,
30105,3,12,1.0,4,0.0016405875004189279,0.0,
30111,2,16,1.0,4,0.05739697531968021,0.0,
31001,2,14,1.0,4,0.006819085866783181,0.0,
31003,2,11,1.0,4,0.0008519146808218307,0.0,
31007,2,8,1.0,4,0.0011393198270039774,0.0,
31011,2,8,1.0,4,0.0005987276048182024,0.0,
31013,2,3,1.0,4,0.00252293717069663,0.0,
31023,1,14,1.0,4,0.0007606759828798943,0.0,
31025,1,20,1.0,4,0.0008069793402727376,0.0,
31029,2,7,1.0,4,4.611025787541607e-16,0.0,
31033,1,5,1.0,4,0.00033890052114968807,0.0,
31041,1,21,1.0,4,0.00014884754992256988,0.0,
31045,2,6,1.0,4,0.0008285640596183853,0.0,
31061,2,8,1.0,4,0.0005893631642953495,0.0,
31067,2,18,1.0,4,0.0018723857104921953,0.0,
31075,2,3,1.0,4,0.0002368287381116307,0.0,
31079,2,11,1.0,4,0.018268879983431473,0.0,
31083,2,8,1.0,4,0.0008585843062143383,0.0,
31093,1,11,1.0,4,0.0005471764239706428,0.0,
31095,3,12,1.0,4,0.0010582775548491972,0.0,
31109,2,42,1.0,4,0.035034022570985354,0.0,
31111,2,14,1.0,4,0.0009624631759403434,0.0,
31119,2,8,1.0,4,0.007290075133475069,0.0,
31131,1,19,1.0,4,0.0016376511112364326,0.0,
31135,1,10,1.0,4,0.00022193008841438542,0.0,
31141,1,11,1.0,4,0.0026941045719903705,0.0,
31153,1,13,1.0,4,0.007523600809702955,0.0,
31155,1,18,1.0,4,0.0014688906713887387,0.0,
31157,3,8,1.0,4,0.013327700545664919,0.0,
31161,2,9,1.0,4,0.0013180514053724064,0.0,
31173,4,10,1.0,4,0.06264400584933087,0.0,
31177,1,15,1.0,4,0.0025941141882692056,0.0,
31179,2,11,1.0,4,0.0025818822442189,0.0,
31185,1,15,1.0,4,0.0008568368271879372,0.0,
32001,2,2,1.0,4,0.45313379731835507,0.0,
32005,1,9,1.0,4,0.14912182110510505,0.0,
32007,1,14,1.0,4,0.12000131863723063,0.0,
32013,1,7,1.0,4,0.04231998913629112,0.0,
32017,1,5,1.0,4,3.0525803276959845e-14,0.0,
32019,3,9,1.0,4,0.7050101265176097,1.0,
32021,3,5,1.0,4,0.058673540974093594,0.0,
32033,2,7,1.0,4,0.044006073202309676,0.0,
33005,1,27,1.0,4,0.002528105813982391,0.0,
33007,2,16,1.0,4,0.0019401744671821886,0.0,
33009,1,37,1.0,4,0.000729399268525055,0.0,
33011,1,34,1.0,4,0.005342342059476507,0.0,
33013,1,31,1.0,4,0.0011569961339436003,0.0,
33015,1,37,1.0,4,0.00296696162011532,0.0,
34009,1,15,1.0,4,0.17793749430896436,0.0,
34011,1,22,1.0,4,0.003942118616390069,0.0,
34015,1,30,1.0,4,0.21014412512529856,0.0,
34019,1,26,1.0,4,0.005525773510449917,0.0,
34021,1,25,1.0,4,0.2807108435475576,0.0,
34027,1,56,1.0,4,0.014807746039501512,0.0,
34031,2,33,1.0,4,0.5569688997024695,1.0,
34033,2,14,1.0,4,0.24773259972396616,0.0,
34035,1,32,1.0,4,0.031684114957975025,0.0,
34037,1,21,1.0,4,0.013531854431244151,0.0,
34041,1,19,1.0,4,0.02894807190053792,0.0,
35005,4,9,1.0,4,0.31746832505121486,0.0,
35007,4,9,1.0,4,0.01115140691446673,0.0,
35009,1,7,1.0,4,0.3068093177341832,0.0,
35015,3,8,1.0,4,0.010321922289891441,0.0,
35017,4,16,1.0,4,1.1033365489290826e-06,0.0,
35019,2,5,1.0,4,1.6812320700444202e-10,0.0,
35025,3,7,1.0,4,0.5934536029540441,1.0,
35029,4,3,1.0,4,0.09226209706305165,0.0,
35035,4,18,1.0,4,0.3150089716206488,0.0,
35037,4,10,1.0,4,0.020749714981097556,0.0,
35039,1,37,1.0,4,0.007964372344548293,0.0,
35041,4,9,1.0,4,0.07403534414417215,0.0,
35043,1,21,1.0,4,0.1090118109366575,0.0,
35049,2,15,1.0,4,0.030058344593769614,0.0,
35051,4,10,1.0,4,0.06901993406646667,0.0,
35053,4,14,1.0,4,0.255654386380813,0.0,
35055,4,21,1.0,4,2.648460000066016e-05,0.0,
35061,4,8,1.0,4,0.16833084449155872,0.0,
36001,2,46,1.0,4,0.06407206677668591,0.0,
36003,3,37,1.0,4,0.0012964426816771699,0.0,
36007,3,31,1.0,4,0.01983189154746939,0.0,
36009,1,36,1.0,4,0.6949953448100704,1.0,
36011,1,26,1.0,4,5.5305789402821687e-08,0.0,
36013,3,36,1.0,4,0.03587140733378938,0.0,
36015,2,22,1.0,4,0.020986532898859857,0.0,
36021,2,36,1.0,4,0.010207708054270221,0.0,
36023,3,17,1.0,4,0.028297512418460312,0.0,
36027,1,35,1.0,4,0.02652986586301764,0.0,
36031,2,34,1.0,4,0.00034131014734257406,0.0,
36033,3,23,1.0,4,0.0021252545813003256,0.0,
36037,2,18,1.0,4,0.008656617360073322,0.0,
36039,2,42,1.0,4,0.005843899207942855,0.0,
36041,2,13,1.0,4,0.0001405581960912139,0.0,
36043,3,28,1.0,4,0.0005445074236293272,0.0,
36045,3,39,1.0,4,0.0336239939249313,0.0,
36053,1,31,1.0,4,0.016504340282101168,0.0,
36055,1,50,1.0,4,0.2474861201062282,0.0,
36057,3,20,1.0,4,0.05419870426470293,0.0,
36063,1,22,1.0,4,0.14039780827318754,0.0,
36065,2,54,1.0,4,0.05620227741239848,0.0,
36071,1,51,1.0,4,0.019497421617760625,0.0,
36073,3,15,1.0,4,0.07284184374683991,0.0,
36075,3,27,1.0,4,0.06101731872219337,0.0,
36077,3,43,1.0,4,0.0027311489705214033,0.0,
36083,2,29,1.0,4,0.021212666502846252,0.0,
36089,3,49,1.0,4,0.008170105273552778,0.0,
36091,1,27,1.0,4,0.003549346029965857,0.0,
36093,1,19,1.0,4,0.03789893687962515,0.0,
36099,2,14,1.0,4,0.0502137826516588,0.0,
36101,3,39,1.0,4,0.004084549866732714,0.0,
36105,2,62,1.0,4,0.010690344292083532,0.0,
36107,2,15,1.0,4,0.001524289793241931,0.0,
36109,1,17,1.0,4,0.3914568651823216,0.0,
36111,2,63,1.0,4,0.01579685300299204,0.0,
36115,2,27,1.0,4,0.006606220549853844,0.0,
36117,2,20,1.0,4,0.014821209032359926,0.0,
37001,3,12,1.0,4,0.12705418489337114,0.0,
37003,2,8,1.0,4,0.032824451586646784,0.0,
37007,4,8,1.0,4,0.021691640222468226,0.0,
37013,4,15,1.0,4,0.02315776852645647,0.0,
37015,4,10,1.0,4,0.010836191493345557,0.0,
37017,4,18,1.0,4,0.036699148875904225,0.0,
37019,2,14,1.0,4,0.00862111031813279,0.0,
37021,2,19,1.0,4,0.01692397244115871,0.0,
37023,4,16,1.0,4,0.06862306095022219,0.0,
37025,2,16,1.0,4,0.1786029520666454,0.0,
37027,3,10,1.0,4,0.07418824784132064,0.0,
37031,2,19,1.0,4,0.008399326924109454,0.0,
37035,2,14,1.0,4,0.12762297884040447,0.0,
37037,1,18,1.0,4,0.004430857577754607,0.0,
37039,3,4,1.0,4,0.00466704832236683,0.0,
37041,3,4,1.0,4,0.009341072273664134,0.0,
37043,3,5,1.0,4,0.0008554543087407572,0.0,
37045,1,13,1.0,4,0.2971220493161426,0.0,
37047,4,16,1.0,4,0.04413165371379934,0.0,
37049,2,11,1.0,4,0.03734666127075001,0.0,
37051,1,24,1.0,4,0.0006740359991502353,0.0,
37053,1,15,1.0,4,0.005500393256698818,0.0,
37055,1,14,1.0,4,0.015564045298313848,0.0,
37057,3,12,1.0,4,0.10125282477146236,0.0,
37059,2,6,1.0,4,0.013505799069957011,0.0,
37061,4,19,1.0,4,0.09414564483367299,0.0,
37063,2,16,1.0,4,0.04269577532090142,0.0,
37065,4,15,1.0,4,0.11016222762090033,0.0,
37067,1,22,1.0,4,0.7547682236719772,1.0,
37069,3,13,1.0,4,0.021412510785058698,0.0,
37071,3,18,1.0,4,0.26811175059529335,0.0,
37077,3,12,1.0,4,0.006916013775968555,0.0,
37079,4,11,1.0,4,0.06076001734707605,0.0,
37083,4,9,1.0,4,0.0772702318842977,0.0,
37085,3,16,1.0,4,0.0642279522660781,0.0,
37089,2,15,1.0,4,0.009119541508062696,0.0,
37091,4,9,1.0,4,0.0612136847401363,0.0,
37093,3,9,1.0,4,0.21645327622246435,0.0,
37101,2,21,1.0,4,0.0383435706128407,0.0,
37105,3,4,1.0,4,0.0812495309979428,0.0,
37107,4,10,1.0,4,0.14280165803070916,0.0,
37109,2,11,1.0,4,0.11587008192082249,0.0,
37111,3,9,1.0,4,0.014310515241626643,0.0,
37125,2,18,1.0,4,0.023081600184349998,0.0,
37127,3,15,1.0,4,0.039027065784866186,0.0,
37129,3,10,1.0,4,0.061954199092041265,0.0,
37131,4,12,1.0,4,0.01578795537698905,0.0,
37133,3,16,1.0,4,0.3150904634939003,0.0,
37135,2,14,1.0,4,0.013179146851120309,0.0,
37141,3,13,1.0,4,0.01455321422363638,0.0,
37147,4,17,1.0,4,0.15160747220607004,0.0,
37151,3,24,1.0,4,0.09517404038364267,0.0,
37153,4,11,1.0,4,0.26736338653164693,0.0,
37157,3,11,1.0,4,0.05421894722431633,0.0,
37159,3,19,1.0,4,0.18610607062907278,0.0,
37161,1,16,1.0,4,0.028264991529330204,0.0,
37163,4,17,1.0,4,0.14504129931819887,0.0,
37165,4,7,1.0,4,0.4005817343978374,0.0,
37169,2,16,1.0,4,0.029723973089339144,0.0,
37171,4,12,1.0,4,0.051334125990405946,0.0,
37175,3,10,1.0,4,0.0053162335272500865,0.0,
37179,1,12,1.0,4,0.08582077494343944,0.0,
37181,4,8,1.0,4,0.21286831518276886,0.0,
37185,4,8,1.0,4,0.015294922496735551,0.0,
37187,4,4,1.0,4,0.011297708198854799,0.0,
37189,4,10,1.0,4,0.052893156634364925,0.0,
37191,1,14,1.0,4,0.007866729648963561,0.0,
37193,4,23,1.0,4,0.025520319790071532,0.0,
37195,4,17,1.0,4,0.1565170700226578,0.0,
38015,1,12,1.0,4,0.004028163531721689,0.0,
38027,2,7,1.0,4,0.0010237143630977886,0.0,
38035,1,22,1.0,4,0.028104385392454873,0.0,
38037,2,13,1.0,4,0.00038602181854402906,0.0,
38067,1,13,1.0,4,0.0006140949660957913,0.0,
38073,1,11,1.0,4,0.0003084788988662066,0.0,
38085,4,9,1.0,4,0.12289820995471483,0.0,
38099,2,16,1.0,4,0.003770126168467887,0.0,
38101,1,24,1.0,4,6.988528974395805e-06,0.0,
39001,4,11,1.0,4,0.14881131033631684,0.0,
39007,4,19,1.0,4,0.5721624774610241,1.0,
39009,4,18,1.0,4,0.09748799687492145,0.0,
39013,2,27,1.0,4,0.07375004004181891,0.0,
39017,2,17,1.0,4,0.4996112231905257,0.0,
39019,2,20,1.0,4,0.0592411260039413,0.0,
39023,3,22,1.0,4,0.6621238406960086,1.0,
39025,1,23,1.0,4,0.1798931447957122,0.0,
39037,2,25,1.0,4,0.27345827698841724,0.0,
39041,1,24,1.0,4,0.035249297899255724,0.0,
39045,1,19,1.0,4,0.04611810604604773,0.0,
39055,1,20,1.0,4,0.03768171180221826,0.0,
39059,3,20,1.0,4,0.13644445561897528,0.0,
39063,1,24,1.0,4,0.12413818304361068,0.0,
39065,3,15,1.0,4,0.3432385458040105,0.0,
39071,4,15,1.0,4,0.3320837712738306,0.0,
39073,3,16,1.0,4,0.03785871686895681,0.0,
39075,1,18,1.0,4,0.0014764992458826582,0.0,
39077,2,14,1.0,4,0.13029122109056823,0.0,
39079,4,11,1.0,4,0.16975553963155787,0.0,
39081,3,23,1.0,4,0.4170633380080459,0.0,
39085,1,11,1.0,4,0.2995205393425476,0.0,
39087,3,14,1.0,4,0.30220058561744184,0.0,
39089,2,28,1.0,4,0.04951852462099633,0.0,
39091,2,18,1.0,4,0.1963009328816241,0.0,
39093,2,24,1.0,4,0.333798053205354,0.0,
39099,2,36,1.0,4,0.4817751794593851,0.0,
39101,3,14,1.0,4,0.16704155877518087,0.0,
39103,1,24,1.0,4,0.03831285503901894,0.0,
39107,1,18,1.0,4,0.17574342848330102,0.0,
39111,3,15,1.0,4,0.016647684047757606,0.0,
39117,2,16,1.0,4,0.05269678142400726,0.0,
39119,3,22,1.0,4,0.16625026444673266,0.0,
39121,2,15,1.0,4,0.005100881424434661,0.0,
39123,2,18,1.0,4,0.3406659633054592,0.0,
39125,1,15,1.0,4,0.20526034790976305,0.0,
39127,3,17,1.0,4,0.0070407444367892695,0.0,
39129,2,17,1.0,4,0.048863203134958656,0.0,
39131,4,11,1.0,4,0.19943282077420257,0.0,
39133,1,24,1.0,4,0.8255748048442179,1.0,
39135,1,16,1.0,4,0.1570218099919081,0.0,
39137,1,17,1.0,4,0.12525096817717232,0.0,
39139,1,19,1.0,4,4.502507569270804e-07,0.0,
39141,3,16,1.0,4,0.13672366309797376,0.0,
39143,2,17,1.0,4,0.3474333877761246,0.0,
39145,4,20,1.0,4,0.43239943206750575,0.0,
39147,2,20,1.0,4,0.19513988169487795,0.0,
39151,1,42,1.0,4,0.26998943509348,0.0,
39155,3,30,1.0,4,0.41415606687530154,0.0,
39159,1,20,1.0,4,0.1412204838438258,0.0,
39165,1,24,1.0,4,0.13481093965032068,0.0,
39167,3,20,1.0,4,0.06597330319796603,0.0,
39169,2,25,1.0,4,0.08724738563940253,0.0,
39171,1,12,1.0,4,0.25278994070263405,0.0,
39173,2,32,1.0,4,0.4299077760840872,0.0,
40001,4,8,1.0,4,0.2945192295660843,0.0,
40003,1,13,1.0,4,0.027122986390100707,0.0,
40009,3,6,1.0,4,0.18709112415700063,0.0,
40011,3,13,1.0,4,0.19451786652729924,0.0,
40013,4,14,1.0,4,0.6859661497154252,1.0,
40015,4,16,1.0,4,0.6127567986815908,1.0,
40017,1,13,1.0,4,0.47780845421903867,0.0,
40019,3,13,1.0,4,0.7511139240822485,1.0,
40021,4,16,1.0,4,0.45707410205723586,0.0,
40023,4,12,1.0,4,0.23700933490551213,0.0,
40025,3,4,1.0,4,0.0340356894298625,0.0,
40035,4,10,1.0,4,0.4134355347291843,0.0,
40037,3,21,1.0,4,0.17919923146454894,0.0,
40039,4,13,1.0,4,0.6429955973606581,1.0,
40041,4,13,1.0,4,0.20712762784109043,0.0,
40043,3,12,1.0,4,0.08701114025245668,0.0,
40045,3,7,1.0,4,0.02946056866203289,0.0,
40047,1,22,1.0,4,0.2182999819512837,0.0,
40049,3,13,1.0,4,0.4586839101430551,0.0,
40051,2,14,1.0,4,0.42320668288621116,0.0,
40053,1,10,1.0,4,0.008213027653485963,0.0,
40055,4,4,1.0,4,0.022268039565189978,0.0,
40059,2,7,1.0,4,0.04870345419199327,0.0,
40063,4,10,1.0,4,0.13568261106229723,0.0,
40065,3,9,1.0,4,0.49366821836770924,0.0,
40067,4,8,1.0,4,0.38576918901880963,0.0,
40069,4,13,1.0,4,0.31295697497588004,0.0,
40071,4,10,1.0,4,0.42227104925414405,0.0,
40073,2,12,1.0,4,0.2667687588839569,0.0,
40075,4,9,1.0,4,0.41848502956732064,0.0,
40077,4,7,1.0,4,0.06979706314064082,0.0,
40079,4,23,1.0,4,0.24245206205526346,0.0,
40081,3,16,1.0,4,0.15313136337753683,0.0,
40083,2,15,1.0,4,0.36045332489706916,0.0,
40085,3,8,1.0,4,0.5994622084447289,1.0,
40089,4,15,1.0,4,0.5524829479184545,1.0,
40091,4,11,1.0,4,0.17832659165878267,0.0,
40095,4,3,1.0,4,0.5365459216855847,1.0,
40097,4,17,1.0,4,0.5956267926077925,1.0,
40099,3,7,1.0,4,0.5726400967544482,1.0,
40101,4,15,1.0,4,0.797635217462567,1.0,
40105,3,7,1.0,4,0.32839021945763985,0.0,
40107,4,11,1.0,4,0.1099314165813437,0.0,
40111,4,11,1.0,4,0.5097619764344693,1.0,
40113,3,22,1.0,4,0.6201786073856178,1.0,
40115,4,9,1.0,4,0.574078296395682,1.0,
40117,3,12,1.0,4,0.3024099595750013,0.0,
40119,1,14,1.0,4,0.9187163264239145,1.0,
40121,3,19,1.0,4,0.26317080105213764,0.0,
40123,3,10,1.0,4,0.30064530893999997,0.0,
40127,4,16,1.0,4,0.0717824510348911,0.0,
40131,1,12,1.0,4,0.5754228847361824,1.0,
40133,4,10,1.0,4,0.33783926278611837,0.0,
40135,4,9,1.0,4,0.3188628118790378,0.0,
40137,3,10,1.0,4,0.5707297311330921,1.0,
40139,4,9,1.0,4,0.14733714737757966,0.0,
40141,4,8,1.0,4,0.4069061456268928,0.0,
40145,2,15,1.0,4,0.493036419860784,0.0,
40147,1,12,1.0,4,0.2879504368268395,0.0,
40149,3,18,1.0,4,0.29139707335737963,0.0,
40153,2,11,1.0,4,0.06244480884179021,0.0,
41001,3,12,1.0,4,0.005693436578295093,0.0,
41003,1,10,1.0,4,0.6475387268895215,1.0,
41005,1,37,1.0,4,0.1311053427797845,0.0,
41009,2,9,1.0,4,0.05389256713134789,0.0,
41011,3,10,1.0,4,0.08663218348272483,0.0,
41013,2,6,1.0,4,0.026043932306200314,0.0,
41015,2,7,1.0,4,0.010052428169878072,0.0,
41017,1,7,1.0,4,0.07217299471469489,0.0,
41019,3,28,1.0,4,0.0865665692554045,0.0,
41023,3,11,1.0,4,0.016603955870891474,0.0,
41027,2,3,1.0,4,0.10944948735319862,0.0,
41029,3,18,1.0,4,0.5716687513048841,1.0,
41031,3,8,1.0,4,0.12531681319055996,0.0,
41033,4,11,1.0,4,0.5025050627383058,1.0,
41035,4,17,1.0,4,0.4861224498083807,0.0,
41039,3,39,1.0,4,0.15308711312372522,0.0,
41041,3,18,1.0,4,0.0734612425709268,0.0,
41043,2,20,1.0,4,0.31400469735038267,0.0,
41047,3,26,1.0,4,0.5328973620137818,1.0,
41049,3,7,1.0,4,0.7155243954510769,1.0,
41053,2,11,1.0,4,0.08303698890667774,0.0,
41059,3,14,1.0,4,0.6175391544625102,1.0,
41061,3,8,1.0,4,0.052556199961958844,0.0,
41065,3,8,1.0,4,0.19076409241344428,0.0,
41067,1,30,1.0,4,0.07328995680459821,0.0,
42001,1,17,1.0,4,0.01585780247854604,0.0,
42005,2,36,1.0,4,0.09080575993726722,0.0,
42009,2,28,1.0,4,0.009810097249741958,0.0,
42011,1,62,1.0,4,0.2475940310711048,0.0,
42013,3,19,1.0,4,0.05609063021381195,0.0,
42015,2,27,1.0,4,0.007995497485153207,0.0,
42021,1,51,1.0,4,0.0005970791408835951,0.0,
42025,2,20,1.0,4,0.03729278851541242,0.0,
42027,2,33,1.0,4,0.028158048797426092,0.0,
42033,3,51,1.0,4,0.019080153068234504,0.0,
42037,2,19,1.0,4,0.02604017156168807,0.0,
42039,3,27,1.0,4,0.033707241753280166,0.0,
42041,1,21,1.0,4,0.011511158109797371,0.0,
42043,2,30,1.0,4,0.056741575535215284,0.0,
42047,2,14,1.0,4,0.001919176531911492,0.0,
42051,3,62,1.0,4,0.102890844494092,0.0,
42053,4,11,1.0,4,0.0020950035021897405,0.0,
42055,1,30,1.0,4,0.018285665786233186,0.0,
42059,2,26,1.0,4,0.01080580699028322,0.0,
42061,2,33,1.0,4,0.007106200285017946,0.0,
42065,3,30,1.0,4,0.056740742066771314,0.0,
42069,2,28,1.0,4,0.07615703561921729,0.0,
42073,2,22,1.0,4,0.10565050189924602,0.0,
42075,2,19,1.0,4,0.11002190751492387,0.0,
42079,3,50,1.0,4,0.08249882395675916,0.0,
42081,2,25,1.0,4,0.015425904015239456,0.0,
42085,2,28,1.0,4,0.12351231929119645,0.0,
42087,3,13,1.0,4,0.03301495179825651,0.0,
42089,2,35,1.0,4,0.05348298799016507,0.0,
42095,1,26,1.0,4,0.1224712553814794,0.0,
42097,2,28,1.0,4,0.03903278038238639,0.0,
42099,2,16,1.0,4,0.008745370493113998,0.0,
42107,2,59,1.0,4,0.029716130999592166,0.0,
42109,2,15,1.0,4,0.023037490260738567,0.0,
42111,2,40,1.0,4,0.017313931512485156,0.0,
42115,2,29,1.0,4,0.003860435865451852,0.0,
42119,1,14,1.0,4,0.005953882987757484,0.0,
42123,2,19,1.0,4,0.0039473499941355536,0.0,
42125,1,64,1.0,4,0.04838967009255044,0.0,
42127,2,30,1.0,4,0.0038558896671834933,0.0,
42129,1,86,1.0,4,0.047231118204777406,0.0,
44003,1,9,1.0,4,0.1745096539546352,0.0,
44005,1,8,1.0,4,0.31673892871632753,0.0,
44009,1,20,1.0,4,0.029455786625856486,0.0,
45001,4,13,1.0,4,0.09539265369585313,0.0,
45005,4,6,1.0,4,0.10547960033526223,0.0,
45009,4,8,1.0,4,0.06401030860334765,0.0,
45011,4,7,1.0,4,0.15994644007773687,0.0,
45013,1,16,1.0,4,0.10234192392736143,0.0,
45015,2,17,1.0,4,0.2525621670488266,0.0,
45017,4,7,1.0,4,0.07479220079797609,0.0,
45021,4,8,1.0,4,0.32330003695351955,0.0,
45023,4,10,1.0,4,0.3669466065800596,0.0,
45025,4,11,1.0,4,0.15475433593930427,0.0,
45027,4,11,1.0,4,0.11644390577921723,0.0,
45029,4,14,1.0,4,0.12024890558288429,0.0,
45031,4,10,1.0,4,0.048781596090912045,0.0,
45033,4,11,1.0,4,0.3481196839744837,0.0,
45035,2,15,1.0,4,0.24984724955470722,0.0,
45037,3,10,1.0,4,0.024220385192390198,0.0,
45039,4,9,1.0,4,0.043662921306417225,0.0,
45041,3,12,1.0,4,0.19118610715123666,0.0,
45043,3,5,1.0,4,0.0356424346564227,0.0,
45047,4,9,1.0,4,0.27545563944543383,0.0,
45049,4,13,1.0,4,0.12378734541721,0.0,
45051,3,16,1.0,4,0.3053995895617283,0.0,
45055,3,13,1.0,4,0.09088036964773893,0.0,
45057,3,5,1.0,4,0.1569344639780204,0.0,
45059,4,16,1.0,4,0.18990449079997834,0.0,
45067,4,7,1.0,4,0.17876179281792817,0.0,
45069,4,8,1.0,4,0.2003781161170975,0.0,
45073,3,13,1.0,4,0.1256448980742113,0.0,
45077,3,15,1.0,4,0.20059647723622356,0.0,
45081,4,12,1.0,4,0.17616924509886206,0.0,
45085,4,15,1.0,4,0.32727636252131104,0.0,
45087,4,9,1.0,4,0.1221763970911793,0.0,
45089,4,12,1.0,4,0.09122072321092103,0.0,
45091,1,15,1.0,4,0.5595889121282277,1.0,
46009,2,7,1.0,4,0.00035297738090721547,0.0,
46013,1,20,1.0,4,0.0005685368724644449,0.0,
46029,2,10,1.0,4,0.003090867594057527,0.0,
46031,4,15,1.0,4,0.04134106105205708,0.0,
46033,3,9,1.0,4,0.0012723922199355381,0.0,
46035,2,6,1.0,4,0.001837033630645788,0.0,
46037,2,11,1.0,4,0.0005057636828224463,0.0,
46059,1,8,1.0,4,0.00041495102456951975,0.0,
46065,1,3,1.0,4,0.0005006452640058661,0.0,
46067,2,13,1.0,4,0.00134028053301946,0.0,
46077,1,9,1.0,4,0.00039005138624234825,0.0,
46083,1,12,1.0,4,0.01570302282983654,0.0,
46091,1,10,1.0,4,0.0006376734113869333,0.0,
46093,2,18,1.0,4,0.006660691972756203,0.0,
46099,1,23,1.0,4,0.09697122795100431,0.0,
46103,2,20,1.0,4,0.00811828577154005,0.0,
46109,4,16,1.0,4,0.008737580905988501,0.0,
46121,4,9,1.0,4,0.2418430848646587,0.0,
46129,1,7,1.0,4,0.0006316108218327413,0.0,
46135,2,10,1.0,4,0.0035321088267825226,0.0,
47001,3,11,1.0,4,0.23691003533657137,0.0,
47003,3,13,1.0,4,0.5132435551662686,1.0,
47005,4,7,1.0,4,0.10610251862942097,0.0,
47009,2,13,1.0,4,0.16728963096719335,0.0,
47011,3,8,1.0,4,0.16933385986575467,0.0,
47013,4,11,1.0,4,0.2711951895959954,0.0,
47017,4,14,1.0,4,0.06465866455902279,0.0,
47019,4,8,1.0,4,0.30126133243302955,0.0,
47021,2,12,1.0,4,0.05963708955288134,0.0,
47025,1,10,1.0,4,0.13948227888016365,0.0,
47027,4,7,1.0,4,0.17202174945163135,0.0,
47031,3,9,1.0,4,0.35027240574552637,0.0,
47033,4,8,1.0,4,0.29238062221440275,0.0,
47035,3,11,1.0,4,0.1177245071105886,0.0,
47043,2,11,1.0,4,0.06347704673019067,0.0,
47045,4,11,1.0,4,0.33445311753683854,0.0,
47049,4,9,1.0,4,0.1260114122880453,0.0,
47053,4,11,1.0,4,0.19153886161053996,0.0,
47055,3,17,1.0,4,0.19974232597655056,0.0,
47059,4,10,1.0,4,0.14384508225669837,0.0,
47063,4,7,1.0,4,0.5683078577132532,1.0,
47067,4,5,1.0,4,0.17156861839885756,0.0,
47069,4,12,1.0,4,0.06301219283661491,0.0,
47071,4,13,1.0,4,0.15259142158255762,0.0,
47073,4,12,1.0,4,0.23587595999676866,0.0,
47075,4,6,1.0,4,0.13770065522874755,0.0,
47077,4,14,1.0,4,0.1129135738840111,0.0,
47079,4,9,1.0,4,0.1282694287042589,0.0,
47085,3,4,1.0,4,0.03801697753743728,0.0,
47089,3,10,1.0,4,0.17410092335499514,0.0,
47097,4,4,1.0,4,0.10896891641512897,0.0,
47099,4,11,1.0,4,0.16668632834602554,0.0,
47101,4,7,1.0,4,0.03649930812673347,0.0,
47107,4,12,1.0,4,0.4412424757792852,0.0,
47109,4,15,1.0,4,0.13541637976353008,0.0,
47111,4,8,1.0,4,0.27286237402299673,0.0,
47117,3,12,1.0,4,0.29756411029588026,0.0,
47119,1,10,1.0,4,0.29770302482371186,0.0,
47121,3,6,1.0,4,0.0717499490889063,0.0,
47123,4,9,1.0,4,0.3686018233192726,0.0,
47125,3,15,1.0,4,0.34286524772148386,0.0,
47129,4,12,1.0,4,0.14789515024645147,0.0,
47131,4,12,1.0,4,0.2230142004123898,0.0,
47135,4,4,1.0,4,0.04555897545629993,0.0,
47139,3,12,1.0,4,0.04514261392623799,0.0,
47141,1,10,1.0,4,0.860552033530844,1.0,
47145,2,10,1.0,4,0.1815314397971006,0.0,
47147,2,12,1.0,4,0.2214925002129422,0.0,
47149,1,20,1.0,4,0.8625756492829768,1.0,
47155,3,10,1.0,4,0.16408016356314137,0.0,
47159,3,15,1.0,4,0.1091396503424905,0.0,
47163,3,12,1.0,4,0.30561400119520826,0.0,
47165,1,10,1.0,4,0.17504770238655223,0.0,
47167,2,10,1.0,4,0.21388934151069056,0.0,
47175,4,7,1.0,4,0.17616848875614988,0.0,
47177,4,6,1.0,4,0.6246561770915275,1.0,
47179,1,13,1.0,4,0.46688534681023547,0.0,
47181,4,10,1.0,4,0.055024308568164565,0.0,
47183,4,12,1.0,4,0.11835899975497859,0.0,
47185,4,5,1.0,4,0.2702218225129926,0.0,
47187,1,16,1.0,4,0.027801166124492484,0.0,
47189,1,12,1.0,4,0.22893236045424264,0.0,
48001,3,10,1.0,4,0.312314216077367,0.0,
48003,2,1,1.0,4,0.344118816871127,0.0,
48005,4,6,1.0,4,0.3349037348582182,0.0,
48007,4,5,1.0,4,0.3191481148653663,0.0,
48009,2,10,1.0,4,0.1878325373559947,0.0,
48013,3,15,1.0,4,0.6085699847216957,1.0,
48015,2,13,1.0,4,0.21966302542738766,0.0,
48017,1,6,1.0,4,0.01219507645723701,0.0,
48019,2,7,1.0,4,0.10489603255889805,0.0,
48021,2,15,1.0,4,0.2698990959429597,0.0,
48023,2,2,1.0,4,0.0022784974737766277,0.0,
48025,4,11,1.0,4,0.33688081662963115,0.0,
48031,1,8,1.0,4,0.040043463656009116,0.0,
48035,3,11,1.0,4,0.07721341314132742,0.0,
48037,3,10,1.0,4,0.22675847983481098,0.0,
48043,3,4,1.0,4,0.0014140308346470489,0.0,
48047,4,2,1.0,4,0.529746407374642,1.0,
48049,3,10,1.0,4,0.05647624111589545,0.0,
48051,2,5,1.0,4,0.16746367767066225,0.0,
48053,2,13,1.0,4,0.15061806471464226,0.0,
48055,3,14,1.0,4,0.3973663958374338,0.0,
48057,3,6,1.0,4,0.19077954979364176,0.0,
48063,3,2,1.0,4,0.4206211456473332,0.0,
48067,4,14,1.0,4,0.1101848218924936,0.0,
48071,2,11,1.0,4,0.7742389474424313,1.0,
48073,4,12,1.0,4,0.6042515604498613,1.0,
48075,4,4,1.0,4,0.048837298317924036,0.0,
48077,2,9,1.0,4,0.13943402578386918,0.0,
48081,3,4,1.0,4,0.004936119848318853,0.0,
48083,2,15,1.0,4,0.011976300890250216,0.0,
48087,4,5,1.0,4,0.05444326440174747,0.0,
48089,2,18,1.0,4,0.08734463021572264,0.0,
48091,1,14,1.0,4,0.16046676491937542,0.0,
48093,2,14,1.0,4,0.009021066516483442,0.0,
48097,2,14,1.0,4,0.3886494526147983,0.0,
48099,1,17,1.0,4,1.6668585762871222e-23,0.0,
48101,4,3,1.0,4,0.05071754254767378,0.0,
48109,4,2,1.0,4,0.042034591653979644,0.0,
48117,4,6,1.0,4,0.16896122855840887,0.0,
48119,3,7,1.0,4,0.16254579996018792,0.0,
48123,3,9,1.0,4,0.13635788506572202,0.0,
48125,4,7,1.0,4,0.022964611266719358,0.0,
48127,4,6,1.0,4,0.53684302743711,1.0,
48131,4,8,1.0,4,0.14824947363012653,0.0,
48133,4,9,1.0,4,0.061295385790212695,0.0,
48135,2,8,1.0,4,0.9276239308452294,1.0,
48139,1,20,1.0,4,0.5733668477633259,1.0,
48143,1,13,1.0,4,0.8014269723072349,1.0,
48145,3,17,1.0,4,0.3174115677016997,0.0,
48147,2,19,1.0,4,0.28556593210401415,0.0,
48149,2,15,1.0,4,0.051265075865678474,0.0,
48151,3,9,1.0,4,0.10073857790981283,0.0,
48159,1,7,1.0,4,0.14270359287342593,0.0,
48161,4,9,1.0,4,0.6249854190873556,1.0,
48169,4,4,1.0,4,0.11405010097895875,0.0,
48171,2,7,1.0,4,0.033982199959144116,0.0,
48177,3,14,1.0,4,0.00840687829835983,0.0,
48185,3,11,1.0,4,0.4886418486327143,0.0,
48193,3,10,1.0,4,0.02789156887412071,0.0,
48197,3,2,1.0,4,0.03213041632871413,0.0,
48199,2,12,1.0,4,0.13363983116929948,0.0,
48203,3,12,1.0,4,0.19287621816184605,0.0,
48207,4,11,1.0,4,0.09298980163783074,0.0,
48209,2,14,1.0,4,0.47260326279231424,0.0,
48217,2,19,1.0,4,0.34910066076036755,0.0,
48219,4,10,1.0,4,0.5675742414088049,1.0,
48221,1,8,1.0,4,0.3219360282043599,0.0,
48223,3,13,1.0,4,0.34897438754091953,0.0,
48225,4,7,1.0,4,0.20393175067262798,0.0,
48227,3,5,1.0,4,0.6081783495010282,1.0,
48233,3,7,1.0,4,0.7705631921707123,1.0,
48239,2,10,1.0,4,0.035919599502802504,0.0,
48241,4,9,1.0,4,0.20729277378953415,0.0,
48247,4,1,1.0,4,0.19580923071496756,0.0,
48249,4,8,1.0,4,0.21945516546411242,0.0,
48251,2,16,1.0,4,0.6492120541035862,1.0,
48255,3,8,1.0,4,0.46098671937717073,0.0,
48259,1,8,1.0,4,0.03380213123027074,0.0,
48261,4,2,1.0,4,0.6756343428256422,1.0,
48265,3,10,1.0,4,0.23386984384704937,0.0,
48269,4,2,1.0,4,0.03870305016058045,0.0,
48273,4,4,1.0,4,0.4738737589207574,0.0,
48275,4,6,1.0,4,0.033091202505832744,0.0,
48277,3,13,1.0,4,0.37546096989261296,0.0,
48281,2,6,1.0,4,0.15103046094821113,0.0,
48285,2,7,1.0,4,0.023092673218211835,0.0,
48287,2,9,1.0,4,0.08004930500264273,0.0,
48289,3,8,1.0,4,0.421334689698224,0.0,
48291,3,14,1.0,4,0.6149263690255522,1.0,
48293,4,14,1.0,4,0.609605903383523,1.0,
48299,1,10,1.0,4,0.1162362491357348,0.0,
48303,1,25,1.0,4,0.9780135833324171,1.0,
48307,3,6,1.0,4,0.018290928331030708,0.0,
48313,2,5,1.0,4,0.22734869759901546,0.0,
48315,4,7,1.0,4,0.04949569391806761,0.0,
48317,1,8,1.0,4,0.368669139500822,0.0,
48321,1,12,1.0,4,0.2743958657152687,0.0,
48323,4,3,1.0,4,0.2663121416300227,0.0,
48329,1,9,1.0,4,0.6955875563084766,1.0,
48331,3,13,1.0,4,0.2064723082325967,0.0,
48335,2,3,1.0,4,0.03740539066381202,0.0,
48337,3,10,1.0,4,0.4490447408879118,0.0,
48341,2,6,1.0,4,0.2867622039659757,0.0,
48343,4,7,1.0,4,0.44061584731292514,0.0,
48347,1,10,1.0,4,0.8467077071137038,1.0,
48349,4,17,1.0,4,0.5432224422650748,1.0,
48353,3,9,1.0,4,0.165740910508293,0.0,
48361,2,4,1.0,4,0.749253107083945,1.0,
48363,4,12,1.0,4,0.3944947606126909,0.0,
48365,3,13,1.0,4,0.2538312481194979,0.0,
48367,1,18,1.0,4,0.4416524045847676,0.0,
48371,3,6,1.0,4,0.1363813908853537,0.0,
48373,3,9,1.0,4,0.12933990104386675,0.0,
48375,4,16,1.0,4,0.8915588021256946,1.0,
48377,4,4,1.0,4,0.16285793330746687,0.0,
48381,1,15,1.0,4,0.4955011636304773,0.0,
48387,4,9,1.0,4,0.11990473771970626,0.0,
48389,3,4,1.0,4,0.028261589178537386,0.0,
48391,3,5,1.0,4,0.014848738589115578,0.0,
48395,3,9,1.0,4,0.2692182582077716,0.0,
48397,1,9,1.0,4,0.2655571801782304,0.0,
48399,3,11,1.0,4,0.0158371617360901,0.0,
48401,3,16,1.0,4,0.3934403989519696,0.0,
48405,4,4,1.0,4,0.058501838342776225,0.0,
48407,4,8,1.0,4,0.5373621050828477,1.0,
48409,3,9,1.0,4,0.3716362522060863,0.0,
48411,3,7,1.0,4,0.009622129073950375,0.0,
48415,3,8,1.0,4,0.15943372134378986,0.0,
48419,4,7,1.0,4,0.21332887124023375,0.0,
48427,4,10,1.0,4,0.873114967179282,1.0,
48429,4,8,1.0,4,0.0709601452756656,0.0,
48437,4,5,1.0,4,0.34242829767273264,0.0,
48441,1,17,1.0,4,0.9308639094424624,1.0,
48445,4,6,1.0,4,0.26592434223198236,0.0,
48449,4,6,1.0,4,0.7160967488874059,1.0,
48451,1,14,1.0,4,0.999970733457625,1.0,
48455,4,7,1.0,4,0.30279461734361757,0.0,
48457,3,10,1.0,4,0.021167140264786184,0.0,
48459,3,12,1.0,4,0.3280226976702394,0.0,
48463,4,8,1.0,4,0.43119439525198305,0.0,
48465,4,5,1.0,4,0.49553235641831705,0.0,
48467,3,13,1.0,4,0.5300200640220198,1.0,
48469,3,12,1.0,4,0.6276698235259008,1.0,
48471,4,9,1.0,4,0.5210994242691072,1.0,
48473,2,11,1.0,4,0.7927773142059524,1.0,
48475,3,6,1.0,4,0.8613013927101812,1.0,
48477,2,7,1.0,4,0.39019944409368384,0.0,
48481,1,13,1.0,4,0.27936249922831047,0.0,
48487,4,6,1.0,4,0.2749946036616715,0.0,
48493,2,12,1.0,4,0.21090574778255883,0.0,
48495,3,2,1.0,4,0.48889478359327215,0.0,
48497,2,17,1.0,4,0.6027008409723611,1.0,
48499,3,12,1.0,4,0.17933505139357672,0.0,
48501,2,4,1.0,4,4.710148814516895e-05,0.0,
48503,2,6,1.0,4,0.12593697710430082,0.0,
48505,4,5,1.0,4,0.6424623624529935,1.0,
48507,4,4,1.0,4,0.8680975827216448,1.0,
49003,2,20,1.0,4,0.6339606051275032,1.0,
49005,3,16,1.0,4,0.6798842715243044,1.0,
49011,1,13,1.0,4,0.7677936869909794,1.0,
49019,1,2,1.0,4,0.010465269882658255,0.0,
49021,4,10,1.0,4,0.16704101593606674,0.0,
49037,3,12,1.0,4,0.11911015348951413,0.0,
49039,3,15,1.0,4,0.37162890908865914,0.0,
49041,3,12,1.0,4,0.4494211668802827,0.0,
49043,1,9,1.0,4,0.014124574124788385,0.0,
49057,1,9,1.0,4,0.8172712518916636,1.0,
50001,1,20,1.0,4,0.0007755525059189526,0.0,
50005,2,22,1.0,4,0.004456576586368814,0.0,
50007,1,21,1.0,4,0.9993077199422055,1.0,
50013,1,5,1.0,4,0.001510224073292427,0.0,
50017,2,31,1.0,4,0.002357778640499794,0.0,
50019,2,24,1.0,4,0.0025693837245859955,0.0,
50021,1,29,1.0,4,0.001818677989300199,0.0,
50023,1,26,1.0,4,0.0016114777743959365,0.0,
50025,2,24,1.0,4,0.0070931414602135884,0.0,
51003,2,24,1.0,4,0.006842944834917988,0.0,
51005,3,7,1.0,4,0.01881415738095902,0.0,
51007,1,5,1.0,4,0.001985700051169622,0.0,
51009,2,9,1.0,4,0.013405059421458148,0.0,
51013,1,11,1.0,4,0.022015429016524223,0.0,
51015,2,27,1.0,4,0.007031874863427981,0.0,
51019,1,18,1.0,4,0.0045928108188248,0.0,
51025,3,16,1.0,4,0.012409227241939904,0.0,
51027,4,16,1.0,4,0.08104436626214147,0.0,
51031,3,14,1.0,4,0.10010424773894215,0.0,
51036,2,4,1.0,4,0.0026710429280731697,0.0,
51037,4,14,1.0,4,0.01159047520102908,0.0,
51047,1,18,1.0,4,0.00530796568321829,0.0,
51051,4,12,1.0,4,0.07843353917744124,0.0,
51057,4,8,1.0,4,0.01655736640746847,0.0,
51061,1,24,1.0,4,0.001419611435431525,0.0,
51063,2,11,1.0,4,0.00232806106445197,0.0,
51069,1,12,1.0,4,0.007279391916045911,0.0,
51073,1,6,1.0,4,0.0015764650616072228,0.0,
51075,1,15,1.0,4,0.0009050572130109918,0.0,
51079,2,5,1.0,4,0.00451953862489261,0.0,
51081,4,4,1.0,4,0.028329303884783573,0.0,
51083,3,14,1.0,4,0.009890273491536136,0.0,
51085,1,12,1.0,4,0.002785635253152031,0.0,
51087,2,16,1.0,4,0.11905845418517197,0.0,
51093,1,8,1.0,4,0.003543475509680808,0.0,
51095,1,4,1.0,4,0.003062784072284595,0.0,
51103,2,6,1.0,4,0.001945395604450676,0.0,
51105,4,11,1.0,4,0.07520829087184427,0.0,
51107,1,21,1.0,4,0.01286461781437606,0.0,
51111,4,12,1.0,4,0.013072824774126584,0.0,
51113,2,21,1.0,4,0.0004598545675931599,0.0,
51117,3,13,1.0,4,0.0069356819400392,0.0,
51119,1,12,1.0,4,0.0019961721068314903,0.0,
51121,3,10,1.0,4,0.10113994905576146,0.0,
51127,1,6,1.0,4,0.0007132860656690496,0.0,
51131,3,11,1.0,4,0.06307735369640684,0.0,
51133,2,7,1.0,4,0.007116263487688711,0.0,
51135,4,7,1.0,4,0.030356272052311162,0.0,
51139,3,6,1.0,4,0.01307626330868082,0.0,
51141,3,14,1.0,4,0.0056901037216023406,0.0,
51143,4,20,1.0,4,0.047709520855049405,0.0,
51145,1,5,1.0,4,0.9999999509759117,1.0,
51147,1,12,1.0,4,1.0,1.0,
51149,3,7,1.0,4,0.08525823859060937,0.0,
51153,1,19,1.0,4,0.019818004568989942,0.0,
51159,3,5,1.0,4,0.013063902219636494,0.0,
51161,1,14,1.0,4,0.007841425872633328,0.0,
51171,2,14,1.0,4,0.007414034819592238,0.0,
51175,3,12,1.0,4,0.008492260458518384,0.0,
51177,1,13,1.0,4,0.011200199062265409,0.0,
51179,1,5,1.0,4,0.01471904112032123,0.0,
51185,1,18,1.0,4,0.036172343719129633,0.0,
51187,1,7,1.0,4,0.011614814420472295,0.0,
51191,2,10,1.0,4,0.012081034105084742,0.0,
51193,2,8,1.0,4,0.013435612764676783,0.0,
51199,1,9,1.0,4,0.0035985016475104017,0.0,
51510,1,8,1.0,4,0.05887530423852466,0.0,
51520,4,2,1.0,4,0.4312620537241463,0.0,
51550,1,6,1.0,4,0.024509900348672054,0.0,
51570,2,1,1.0,4,0.04021995035802114,0.0,
51590,4,2,1.0,4,0.18979520368949906,0.0,
51595,4,1,1.0,4,0.031137230445804288,0.0,
51630,3,3,1.0,4,0.512852230907908,1.0,
51650,2,9,1.0,4,0.17537180267272576,0.0,
51660,1,3,1.0,4,1.0,1.0,
51678,3,1,1.0,4,0.011765417745254867,0.0,
51680,3,5,1.0,4,0.1870931376014754,0.0,
51683,1,1,1.0,4,0.12191526541169209,0.0,
51690,4,1,1.0,4,0.10448259985003643,0.0,
51700,3,8,1.0,4,0.16858575809676182,0.0,
51710,1,15,1.0,4,0.05068871602700998,0.0,
51730,3,2,1.0,4,0.16523836462324035,0.0,
51740,1,8,1.0,4,0.1876794818845095,0.0,
51750,1,2,1.0,4,1.0,1.0,
51770,3,10,1.0,4,0.38753498590322866,0.0,
51800,1,8,1.0,4,0.026140484209380022,0.0,
51840,3,1,1.0,4,0.19143501450049655,0.0,
53003,3,3,1.0,4,0.09944522653972133,0.0,
53005,2,12,1.0,4,0.4905804186235003,0.0,
53007,2,14,1.0,4,0.01816495344653658,0.0,
53015,3,11,1.0,4,0.07680377243822127,0.0,
53017,2,13,1.0,4,0.07241755413186585,0.0,
53021,3,7,1.0,4,0.7881823292987354,1.0,
53023,3,2,1.0,4,0.03338944687767393,0.0,
53025,3,18,1.0,4,0.3049932143032603,0.0,
53029,1,8,1.0,4,0.15965322892559816,0.0,
53031,2,9,1.0,4,0.006409556622569408,0.0,
53035,1,20,1.0,4,0.015068208849930542,0.0,
53041,2,23,1.0,4,0.04928290554948723,0.0,
53045,2,15,1.0,4,0.05323410895860669,0.0,
53047,4,22,1.0,4,0.1615555098482856,0.0,
53057,1,17,1.0,4,0.02970452110209822,0.0,
53059,1,8,1.0,4,0.03718961527561789,0.0,
53067,1,14,1.0,4,0.09780841920735513,0.0,
53071,2,8,1.0,4,0.2096773757709706,0.0,
53073,2,18,1.0,4,0.0869840778219076,0.0,
53077,4,22,1.0,4,0.5331868516419176,1.0,
54003,2,11,1.0,4,0.2773611678234978,0.0,
54005,4,31,1.0,4,0.017025672308076577,0.0,
54009,2,8,1.0,4,0.506695764565261,1.0,
54011,3,13,1.0,4,0.28253383851485525,0.0,
54029,3,5,1.0,4,0.7425221158899021,1.0,
54035,3,15,1.0,4,0.07343679753835426,0.0,
54037,1,9,1.0,4,0.10659764753081148,0.0,
54039,1,46,1.0,4,0.42344783091024163,0.0,
54041,4,11,1.0,4,0.19073985810086602,0.0,
54049,3,18,1.0,4,0.208739186564971,0.0,
54053,3,19,1.0,4,0.17505386148078184,0.0,
54059,4,18,1.0,4,0.2990721048250419,0.0,
54061,3,16,1.0,4,0.20145781762308457,0.0,
54065,3,4,1.0,4,0.03528636667583808,0.0,
54067,3,25,1.0,4,0.06315697522427656,0.0,
54069,2,6,1.0,4,0.31260064136420757,0.0,
54079,2,17,1.0,4,0.18899946313371313,0.0,
54081,4,42,1.0,4,0.09278198402304312,0.0,
54083,4,22,1.0,4,0.00010012588248892564,0.0,
54097,4,10,1.0,4,0.005236656441974199,0.0,
54099,4,17,1.0,4,0.4820881711226511,0.0,
54103,4,12,1.0,4,0.09389859493472086,0.0,
54107,3,13,1.0,4,0.28960965983371717,0.0,
55001,2,14,1.0,4,0.01237675422909316,0.0,
55005,2,19,1.0,4,0.0036267033136915612,0.0,
55007,2,15,1.0,4,0.0010646021209353834,0.0,
55009,1,19,1.0,4,0.0032369158715747346,0.0,
55015,1,14,1.0,4,0.03633108767922314,0.0,
55017,2,14,1.0,4,0.008883415092666823,0.0,
55021,1,20,1.0,4,0.010244499737586362,0.0,
55023,2,13,1.0,4,0.004143012448075683,0.0,
55027,1,31,1.0,4,0.0273805218521911,0.0,
55029,1,13,1.0,4,0.011934064782465871,0.0,
55031,2,12,1.0,4,0.002699693466138085,0.0,
55039,1,24,1.0,4,0.04146129657020332,0.0,
55043,3,23,1.0,4,0.025767804580817594,0.0,
55045,1,12,1.0,4,0.0025717309473035216,0.0,
55055,1,19,1.0,4,0.02958290722127249,0.0,
55057,3,14,1.0,4,0.010707543840999605,0.0,
55059,1,17,1.0,4,0.22828038250083182,0.0,
55061,1,6,1.0,4,0.013966077818320287,0.0,
55063,2,15,1.0,4,0.013489982249158004,0.0,
55065,2,14,1.0,4,0.01066356995822828,0.0,
55069,1,7,1.0,4,0.00037870386752113006,0.0,
55071,1,19,1.0,4,0.034588675353114405,0.0,
55073,1,28,1.0,4,0.0023759054068764173,0.0,
55075,3,16,1.0,4,0.008051046939447429,0.0,
55077,2,14,1.0,4,0.010555613389270538,0.0,
55078,4,4,1.0,4,0.08085482017121962,0.0,
55081,2,12,1.0,4,0.0041474561982530805,0.0,
55083,1,19,1.0,4,0.004478610409684951,0.0,
55085,1,14,1.0,4,0.0006677568902436253,0.0,
55087,1,24,1.0,4,0.04063652110810256,0.0,
55089,1,13,1.0,4,0.018515057573770557,0.0,
55095,1,20,1.0,4,0.0025269448972093734,0.0,
55097,2,21,1.0,4,0.005581151372621869,0.0,
55099,2,14,1.0,4,0.00018491723409625992,0.0,
55103,3,14,1.0,4,0.009129420787130582,0.0,
55105,2,19,1.0,4,0.09416753573076937,0.0,
55111,1,17,1.0,4,0.009477943445156617,0.0,
55115,2,25,1.0,4,0.011547907917571314,0.0,
55117,1,17,1.0,4,0.03638866273583474,0.0,
55119,2,14,1.0,4,0.001390375968183949,0.0,
55121,1,14,1.0,4,0.0021433165319246225,0.0,
55123,3,18,1.0,4,0.0034957300342072237,0.0,
55125,2,12,1.0,4,0.0009059181982121853,0.0,
55127,1,16,1.0,4,0.04154046251636137,0.0,
55131,1,18,1.0,4,0.01435799344868461,0.0,
55133,1,30,1.0,4,0.017783244073872058,0.0,
55135,1,16,1.0,4,0.0017077379196458135,0.0,
55137,2,17,1.0,4,0.011337934755358442,0.0,
55139,1,18,1.0,4,0.0019997580952415724,0.0,
55141,2,15,1.0,4,0.0018934332155562538,0.0,
56001,1,10,1.0,4,0.0781527311592786,0.0,
56003,2,15,1.0,4,8.934233999345953e-06,0.0,
56007,2,12,1.0,4,0.0036000355064065266,0.0,
56009,1,4,1.0,4,0.0031126578023816646,0.0,
56013,2,11,1.0,4,0.00775577947342915,0.0,
56017,3,3,1.0,4,0.0028136140930134215,0.0,
56021,1,12,1.0,4,0.03979109818002336,0.0,
56025,1,11,1.0,4,0.03093168630652477,0.0,
56029,1,8,1.0,4,0.00042178383845964103,0.0,
56031,2,5,1.0,4,0.003472774478243298,0.0,
56033,1,9,1.0,4,0.0017808038633850577,0.0,
56035,1,6,1.0,4,0.000904214800090095,0.0,
