county_fips,poverty_quartile,n_zctas_in_county,suppression_flag,fold,prob_high_risk,pred_high_risk,true_label
01029,3,7,0,0,0.2617610673636655,0,0
01033,3,9,1,0,0.28701317995737907,0,0
01059,4,10,1,0,0.26436278201760316,0,0
01065,4,9,1,0,0.37927065533790877,0,0
01067,3,9,1,0,0.31134580373715903,0,0
01073,1,62,0,0,0.31181815888203956,0,0
01085,4,8,1,0,0.38261256851345693,0,1
01103,3,16,1,0,0.3138163737330833,0,0
01105,4,9,1,0,0.3750882326621558,0,1
01115,2,18,1,0,0.3093302330782118,0,1
01119,4,11,1,0,0.3686978474236734,0,0
01123,4,12,1,0,0.2993083917838943,0,1
01125,1,27,1,0,0.2795907302767077,0,0
01133,4,11,1,0,0.2870835531173392,0,0
04001,4,33,0,0,0.319875843718695,0,1
04005,1,28,0,0,0.1538759262894361,0,1
04015,1,25,0,0,0.2565885353709305,0,1
04019,1,48,0,0,0.25523142690859335,0,1
04021,2,34,0,0,0.283979779893512,0,1
05005,3,12,1,0,0.20397497814986415,0,0
05015,3,9,1,0,0.2526646255984056,0,0
05019,1,8,1,0,0.44129989958481836,0,0
05027,4,7,1,0,0.33329174294118286,0,0
05037,4,8,1,0,0.39118857012056857,0,0
05049,1,14,1,0,0.2338418813899762,0,1
05065,1,20,0,0,0.16300163503801932,0,0
05067,4,11,1,0,0.4032716650960101,0,0
05081,4,7,1,0,0.3583762792805252,0,1
05087,3,13,1,0,0.26774243976084544,0,0
05101,3,20,1,0,0.26523297199218926,0,1
05123,4,13,1,0,0.4170324012827514,0,0
05125,1,14,1,0,0.23962986880317308,0,0
05135,4,13,1,0,0.2995144299726358,0,0
06001,1,53,0,0,0.20181614962832278,0,0
06005,2,12,1,0,0.21938053682949651,0,1
06017,1,23,1,0,0.1824652265116885,0,0
06019,4,56,0,0,0.3969959755760965,0,0
06025,4,17,0,0,0.4485269209450595,0,1
06029,1,52,0,0,0.4066172082954004,0,1
06037,1,292,0,0,0.131271893707044,0,0
06055,1,12,1,0,0.1919473431586744,0,0
06061,1,34,0,0,0.1815078251766107,0,0
06075,1,29,0,0,0.17116583268915328,0,0
06091,2,10,0,0,0.27611480174121783,0,0
06095,1,21,0,0,0.2625241614538481,0,0
06097,1,37,1,0,0.17649554187093447,0,0
06099,3,28,0,0,0.3432576486238124,0,0
06105,4,14,0,0,0.3222455619545335,0,0
06111,1,33,0,0,0.1982278054683723,0,0
08001,2,35,1,0,0.20702344650674,0,0
08003,4,5,0,0,0.2414555306497501,0,0
08027,2,4,0,0,0.125484541792209,0,0
08047,1,4,0,0,0.13473819439722165,0,0
08049,1,10,0,0,0.19168441815400084,0,0
08057,1,2,0,0,0.18720045571777422,0,0
08067,1,6,1,0,0.16067326605048704,0,1
08079,1,3,0,0,0.12437025897657189,0,0
08091,1,3,0,0,0.12838665747652067,0,0
08103,2,4,0,0,0.19239449192543678,0,0
08109,4,8,1,0,0.18772322180119375,0,1
08115,4,5,0,0,0.2112403017403523,0,0
09001,1,46,1,0,0.12256622999799692,0,0
09003,1,58,1,0,0.17441925206375883,0,0
10003,1,28,0,0,0.1728623496631779,0,0
12005,2,16,1,0,0.17875856501473045,0,0
12015,2,17,1,0,0.1346383795141891,0,0
12017,3,15,1,0,0.15018138562996364,0,0
12019,2,12,1,0,0.169229051070829,0,0
12023,3,8,1,0,0.21954364234693122,0,0
12031,1,36,0,0,0.19124660914540265,0,0
12035,2,7,1,0,0.14775362359932984,0,0
12055,3,9,1,0,0.20300760978089444,0,1
12073,3,10,1,0,0.17760987329351968,0,0
12077,4,2,0,0,0.22280002546698802,0,0
12081,2,21,0,0,0.15127073244373967,0,0
12083,3,31,1,0,0.18467351837356152,0,0
12087,2,11,1,0,0.16846136290696206,0,0
12107,4,17,1,0,0.2267885546607372,0,0
12115,1,28,0,0,0.11982112736535278,0,0
12121,3,9,1,0,0.21921431162097055,0,1
12127,3,29,0,0,0.17290825242180421,0,0
12131,2,12,1,0,0.15761981288689164,0,0
13001,4,7,1,0,0.34570223867739497,0,0
13003,4,5,1,0,0.36202209321751644,0,1
13011,3,11,0,0,0.24304361859465692,0,0
13027,4,10,0,0,0.34241807134108554,0,0
13031,1,11,1,0,0.2648617209654073,0,0
13043,4,4,1,0,0.36904770507556744,0,1
13047,1,8,0,0,0.17088159709385248,0,0
13049,4,4,0,0,0.3206229761626895,0,0
13065,4,7,0,0,0.3720102633582986,0,0
13079,3,7,0,0,0.3662189771770007,0,0
13093,4,8,1,0,0.38504483538248113,0,0
13095,4,6,1,0,0.4018956562397232,0,0
13101,3,6,1,0,0.3058583650957625,0,1
13105,4,4,0,0,0.31234720103563735,0,0
13107,4,13,1,0,0.3541335584366046,0,0
13111,3,8,1,0,0.1781267975550777,0,0
13115,4,13,1,0,0.26135548335492625,0,0
13127,3,8,1,0,0.26605951190900934,0,0
13137,3,7,1,0,0.19180972603607593,0,1
13139,2,19,1,0,0.23087860706734925,0,0
13169,4,8,1,0,0.379718733063754,0,0
13181,4,2,0,0,0.3362697854652315,0,0
13187,3,4,0,0,0.19211706718199856,0,0
13189,4,4,1,0,0.37303308043915123,0,0
13197,4,4,1,0,0.32305798067808167,0,1
13201,4,5,0,0,0.3822465648882753,0,0
13221,3,10,0,0,0.2780750174026062,0,0
13241,4,9,0,0,0.19590644520422074,0,0
13245,1,11,0,0,0.38248090302434923,0,1
13255,4,7,0,0,0.3102607128110919,0,0
13259,4,6,0,0,0.35183658833411985,0,0
13261,4,8,1,0,0.3802319412473123,0,0
13277,4,9,1,0,0.37648341432322824,0,1
13291,3,4,1,0,0.17201517761740306,0,0
13295,3,14,1,0,0.24725432951044557,0,0
13307,4,6,0,0,0.31786248887439034,0,0
16025,4,2,1,0,0.2847971531857914,0,1
16037,4,7,0,0,0.2657746872542906,0,0
16041,1,7,1,0,0.2294899531554591,0,1
16055,2,13,1,0,0.16876946095118067,0,0
16065,1,8,0,0,0.3388580185365017,0,0
16079,4,15,1,0,0.2635714339606141,0,1
17017,3,7,1,0,0.2108437551819344,0,0
17031,2,176,0,0,0.19051854353074826,0,0
17053,2,21,1,0,0.22188869493239932,0,0
17067,2,19,0,0,0.20515176632309903,0,0
17069,3,5,0,0,0.2434641339310088,0,0
17073,1,23,1,0,0.2177363089391376,0,1
17081,3,17,1,0,0.245595722362109,0,1
17083,1,11,0,0,0.1764628045703261,0,0
17099,2,28,1,0,0.2327310301135157,0,0
17109,4,17,1,0,0.2302851313201199,0,1
17121,3,15,1,0,0.253617979741197,0,1
17125,3,11,1,0,0.24962807173090068,0,0
17151,3,10,0,0,0.25016420996262223,0,0
17165,4,11,1,0,0.29896454458829785,0,0
17183,3,27,1,0,0.26074835940634544,0,0
17197,1,45,0,0,0.18193344289017888,0,0
17203,1,16,1,0,0.16823433142587532,0,1
18041,4,8,0,0,0.3429951817247067,0,0
18047,1,15,1,0,0.23336162841887303,0,0
18053,3,15,1,0,0.33838175624792177,0,0
18055,2,16,1,0,0.255792014502427,0,1
18067,2,10,1,0,0.3200171149434204,0,0
18071,3,8,1,0,0.2716900528025471,0,0
18081,1,12,1,0,0.2605182806051857,0,0
18083,3,11,1,0,0.30034191416983247,0,1
18093,2,12,1,0,0.29909968650490426,0,1
18101,2,7,1,0,0.2547468776830302,0,1
18121,3,12,0,0,0.2874731408460861,0,0
18123,2,14,1,0,0.20435832726500078,0,0
18133,1,15,1,0,0.23701360592794973,0,1
18135,3,14,0,0,0.3271932567992131,0,0
18139,2,16,1,0,0.3307414007647661,0,0
18141,3,24,1,0,0.3023023986327327,0,0
18143,3,6,1,0,0.2671519047206796,0,0
18153,3,13,1,0,0.27432767999521407,0,0
18157,3,18,1,0,0.19456547177301414,0,0
18159,2,10,0,0,0.27449949829735515,0,0
18161,2,6,0,0,0.3043093290271556,0,0
18167,1,18,1,0,0.25126963921411416,0,0
19003,2,9,1,0,0.2202724059196395,0,1
19011,1,24,1,0,0.1909767050167821,0,0
19013,3,17,1,0,0.22438255683599206,0,0
19015,3,18,1,0,0.22529208382103,0,0
19039,3,9,1,0,0.24436621191683486,0,1
19041,2,15,1,0,0.1727207371776437,0,0
19067,3,13,1,0,0.19854376887395542,0,0
19083,2,12,0,0,0.1904519296567738,0,0
19093,1,12,0,0,0.19584951502138245,0,0
19105,2,16,1,0,0.21357198481323234,0,0
19123,2,20,1,0,0.21387698655618703,0,0
19125,1,19,0,0,0.19126206515688463,0,0
19131,1,12,0,0,0.20217678034942577,0,0
19133,2,15,1,0,0.2451968380398671,0,1
19139,2,13,0,0,0.22413625936326936,0,0
19159,2,12,0,0,0.20408689306021532,0,0
19167,1,19,0,0,0.1774146796005804,0,0
19169,3,22,1,0,0.19618044812935415,0,0
19173,2,11,0,0,0.22915375055619275,0,0
19179,3,12,1,0,0.2393069468499256,0,1
19185,3,12,0,0,0.27782857617449247,0,0
19191,1,12,0,0,0.14375316070102295,0,0
20003,3,10,0,0,0.3074399407490125,0,0
20011,4,13,1,0,0.3123637914567589,0,0
20015,2,20,1,0,0.29375870953493716,0,1
20025,2,6,0,0,0.22537368667978258,0,0
20029,3,8,1,0,0.22984407372201773,0,1
20031,2,10,0,0,0.2808165828778772,0,0
20033,1,3,0,0,0.21087134689496617,0,0
20039,2,8,1,0,0.22298025142670908,0,1
20045,1,12,1,0,0.19088847186777733,0,0
20061,3,8,1,0,0.3176256269024852,0,1
20069,1,7,0,0,0.24811696605812433,0,0
20071,1,2,0,0,0.25074459717612474,0,0
20081,3,3,0,0,0.3293035833628537,0,0
20085,2,18,1,0,0.26774581327151353,0,1
20097,2,7,1,0,0.21308225146287663,0,1
20105,2,10,0,0,0.22932179707121678,0,0
20125,3,13,1,0,0.35718371852377634,0,1
20137,1,7,0,0,0.21236269889146075,0,0
20157,2,15,0,0,0.20095529398221068,0,0
20161,3,14,1,0,0.3930875900715789,0,0
20165,2,10,0,0,0.20948778048742758,0,0
20169,2,9,1,0,0.21498851298324756,0,1
20171,1,4,0,0,0.2521035218109409,0,0
20185,3,9,0,0,0.2321590441500717,0,0
21001,4,10,1,0,0.2929014983436747,0,0
21019,3,4,1,0,0.24931114862610232,0,1
21023,3,7,1,0,0.2554281479613242,0,1
21029,1,11,1,0,0.21979909409152557,0,0
21033,3,6,1,0,0.3021976755648676,0,1
21035,4,10,0,0,0.2715560499051265,0,0
21039,4,4,0,0,0.36450651868959466,0,0
21043,4,10,0,0,0.28156415601654367,0,0
21053,4,4,0,0,0.3208739657116853,0,0
21065,4,5,0,0,0.3123111363886948,0,0
21079,3,5,1,0,0.26417535162398814,0,0
21083,4,18,1,0,0.33879642090297934,0,1
21089,3,11,0,0,0.27924253269356164,0,0
21091,2,5,0,0,0.24209866545373257,0,0
21093,2,17,1,0,0.2645219095608069,0,0
21095,4,27,0,0,0.26054028244880295,0,0
21103,3,13,1,0,0.281097172564763,0,0
21121,4,19,1,0,0.3113830368216137,0,1
21137,4,11,1,0,0.30263677116557675,0,0
21139,3,7,0,0,0.3310324636440435,0,0
21149,2,7,1,0,0.3023168317031909,0,1
21153,4,4,1,0,0.31955812685355384,0,1
21165,4,5,0,0,0.2969587074217217,0,0
21175,4,8,1,0,0.2829536393025288,0,0
21189,4,6,0,0,0.3148452775707812,0,0
21193,1,21,0,0,0.13697231773195684,0,0
21199,4,11,1,0,0.282011812767005,0,0
21207,4,7,1,0,0.2814669642351823,0,0
21213,2,5,0,0,0.30810135941538114,0,0
21215,1,8,0,0,0.20558144236911957,0,0
21239,2,3,1,0,0.2045749183296991,0,0
22025,4,9,0,0,0.3876052074563094,0,0
22027,4,11,1,0,0.38973416191648547,0,0
22033,1,24,0,0,0.2967822547191149,0,0
22051,3,17,0,0,0.2991470583927928,0,0
22059,4,8,0,0,0.3285727371479761,0,0
22061,1,8,0,0,0.30897246311672716,0,1
22063,2,17,1,0,0.24453656011913696,0,0
22067,4,7,0,0,0.41327482507093555,0,0
22073,1,14,0,0,0.2997111493160619,0,1
22081,3,5,0,0,0.31329658319436393,0,0
22087,4,6,1,0,0.3463418037020737,0,1
22091,3,7,0,0,0.33295159693775783,0,0
22095,3,6,1,0,0.38340000170006006,0,1
22099,4,8,1,0,0.32822884512060096,0,1
22105,1,20,1,0,0.27855266651550153,0,0
22117,4,6,1,0,0.3271230906728652,0,0
22127,4,12,1,0,0.361396818416645,0,0
23007,1,18,1,0,0.09465512165804324,0,1
23013,1,19,1,0,0.11859324323598815,0,1
23027,2,18,1,0,0.13024653112021034,0,1
24013,1,15,1,0,0.12536470221803736,0,0
24023,2,12,0,0,0.2271502533728527,0,0
25001,1,47,1,0,0.11180096413892442,0,0
25009,1,45,0,0,0.1350003315454736,0,0
25013,2,41,1,0,0.21287140237030436,0,0
25015,1,28,1,0,0.12253341694758146,0,0
25027,1,87,1,0,0.13405537215216118,0,0
26011,3,10,1,0,0.2391744226750481,0,0
26027,2,14,1,0,0.25867963848040604,0,1
26033,3,17,0,0,0.23983044763102676,0,0
26045,1,19,1,0,0.214574269128091,0,0
26053,4,7,0,0,0.164142380045129,0,0
26059,3,18,1,0,0.23071402077057762,0,0
26081,2,39,1,0,0.19593386907153917,0,0
26093,1,20,1,0,0.13870343114272346,0,0
26119,3,5,0,0,0.18825584517758087,0,0
26121,3,20,1,0,0.26707713237381964,0,0
26165,3,13,0,0,0.18609689496996076,0,0
27003,1,20,1,0,0.13575026886369712,0,0
27025,1,15,1,0,0.1525344266641992,0,1
27031,2,6,0,0,0.13492050530171992,0,0
27043,2,14,0,0,0.20948323672233018,0,0
27045,1,16,0,0,0.15195178935640194,0,0
27047,2,18,1,0,0.19020721705202848,0,1
27053,1,72,0,0,0.1446457272724634,0,0
27107,2,14,0,0,0.21408506892569926,0,0
27125,2,9,0,0,0.22818862616015137,0,0
27127,2,22,1,0,0.18536134965959045,0,0
27137,1,51,0,0,0.17488286630757655,0,0
27149,2,8,0,0,0.15186432087174992,0,0
27169,2,14,1,0,0.17989213058110498,0,1
28013,4,11,1,0,0.23238568055035158,0,0
28021,4,5,0,0,0.2671757280721564,0,0
28033,1,10,1,0,0.23391129955476386,0,0
28045,3,10,1,0,0.2715330864612846,0,1
28047,1,13,0,0,0.22830151055127365,0,1
28063,4,7,0,0,0.28657886967883617,0,0
28067,4,13,0,0,0.2484991942980739,0,1
28081,3,15,1,0,0.22049566027577922,0,0
28097,4,7,1,0,0.29902097822728946,0,1
28107,4,11,1,0,0.3101727261918538,0,1
28109,3,5,1,0,0.21883704585079602,0,1
28115,4,11,1,0,0.22643654363420773,0,0
28131,4,6,1,0,0.26058691338700213,0,0
28143,4,5,0,0,0.44826887109144686,0,0
28151,4,8,0,0,0.38863425916440103,0,1
28159,4,10,1,0,0.28370169611909496,0,0
29019,1,13,1,0,0.14699980405203852,0,0
29033,3,10,1,0,0.2890396956476604,0,1
29073,2,11,0,0,0.21249443908674237,0,0
29079,3,7,1,0,0.27911332087548335,0,1
29119,1,14,1,0,0.18945885732166565,0,0
29123,3,7,1,0,0.2507613947417276,0,1
29133,4,6,1,0,0.43284224314681335,0,0
29151,1,15,0,0,0.17634318653450798,0,0
29167,3,18,0,0,0.4198063986531102,0,0
29179,3,11,0,0,0.28028411033737977,0,0
29181,4,9,1,0,0.3431162034522456,0,0
29187,3,15,1,0,0.2673456718503368,0,1
29189,1,46,0,0,0.21292566341600602,0,0
29197,3,6,1,0,0.3318585141679313,0,1
29205,3,9,0,0,0.270246835545251,0,0
29207,1,13,1,0,0.31347381998272383,0,1
29223,4,14,1,0,0.30208642877585656,0,0
30015,2,13,1,0,0.22893090538778427,0,1
30021,1,8,1,0,0.21933371161717302,0,1
30025,1,4,0,0,0.18730804892173833,0,0
30031,2,10,0,0,0.1612312711735706,0,0
30045,2,12,0,0,0.14111428518285682,0,0
30047,3,15,1,0,0.231625545018162,0,0
30079,3,7,0,0,0.2306760728161744,0,0
30089,4,11,0,0,0.2617387538437041,0,0
30093,3,7,0,0,0.19614686234558082,0,0
30101,2,8,0,0,0.235330830027887,0,0
31015,2,5,0,0,0.18021102773825248,0,0
31029,2,7,1,0,0.19935032278026973,0,1
31039,2,11,0,0,0.18556193875883822,0,0
31041,1,21,1,0,0.11160099651598036,0,1
31057,4,7,0,0,0.25188643324726684,0,0
31073,2,9,0,0,0.19789544662035577,0,0
31079,2,11,1,0,0.18292186409844746,0,1
31105,3,5,0,0,0.25233081735255586,0,0
31117,2,5,0,0,0.20190056402554757,0,0
31121,3,9,0,0,0.20099440430737278,0,0
31125,2,8,0,0,0.19319509245466845,0,0
31139,1,9,0,0,0.16086969547253596,0,0
31141,1,11,1,0,0.1522042308694657,0,1
31143,1,10,0,0,0.1604291716782022,0,0
31153,1,13,1,0,0.16717821319765958,0,0
31165,3,8,0,0,0.32051155713305524,0,0
31167,2,10,0,0,0.16735297620955988,0,0
31171,1,4,0,0,0.18713786774983956,0,0
32003,1,73,0,0,0.32125498744523845,0,1
32019,3,9,1,0,0.3966865881691667,0,0
32021,3,5,1,0,0.3673216008028514,0,1
33003,1,30,0,0,0.13329681666698426,0,0
34001,1,30,0,0,0.1842345179772356,0,0
34015,1,30,1,0,0.1436938705835484,0,0
34021,1,25,1,0,0.1520000182632436,0,0
34025,1,52,0,0,0.12113893221095581,0,0
34027,1,56,1,0,0.09977063406913603,0,0
34031,2,33,1,0,0.20562661478524633,0,0
34037,1,21,1,0,0.11226764309644646,0,0
34039,1,27,0,0,0.18978240166454616,0,0
34041,1,19,1,0,0.14225152054228044,0,0
35013,1,26,0,0,0.3218414766827435,0,0
35019,2,5,1,0,0.35631220104115396,0,1
35025,3,7,1,0,0.3444036560522116,0,0
35027,3,14,0,0,0.21362208954396472,0,0
35031,4,24,0,0,0.4535204819960678,0,1
35061,4,8,1,0,0.36487732833522757,0,1
36001,2,46,1,0,0.14956815124702297,0,0
36015,2,22,1,0,0.17800921763714347,0,0
36019,2,25,0,0,0.19369032431363722,0,0
36025,3,47,0,0,0.14194553032380874,0,0
36027,1,35,1,0,0.12722529823491738,0,0
36039,2,42,1,0,0.15391956386608593,0,1
36045,3,39,1,0,0.17658140423280622,0,0
36057,3,20,1,0,0.16854484309336035,0,1
36075,3,27,1,0,0.19732002432810508,0,0
36087,2,25,0,0,0.13263307439191396,0,0
36095,2,24,0,0,0.1633295790561388,0,0
36097,2,18,0,0,0.16581768414562414,0,0
36099,2,14,1,0,0.21135232366189416,0,1
36111,2,63,1,0,0.13142817370613005,0,0
36115,2,27,1,0,0.13922025136181188,0,0
37017,4,18,1,0,0.30565582108109035,0,0
37023,4,16,1,0,0.18764758830372233,0,0
37051,1,24,1,0,0.2664720604597521,0,0
37059,2,6,1,0,0.1610490028071423,0,1
37067,1,22,1,0,0.18322196709574337,0,0
37079,4,11,1,0,0.29651799606602935,0,0
37083,4,9,1,0,0.2992089155524501,0,0
37097,2,16,0,0,0.17811339673448992,0,1
37099,4,11,0,0,0.16935629184160858,0,0
37101,2,21,1,0,0.2114638189723193,0,0
37123,3,8,0,0,0.19652019616383498,0,0
37125,2,18,1,0,0.1519041764104667,0,0
37131,4,12,1,0,0.33484280558476515,0,0
37147,4,17,1,0,0.23896052026388923,0,0
37169,2,16,1,0,0.18991690739923306,0,1
37173,4,5,0,0,0.28182715463937486,0,0
37187,4,4,1,0,0.32025277101686567,0,1
38015,1,12,1,0,0.1499608373395191,0,0
38025,1,12,0,0,0.18110462270887095,0,0
38041,2,5,0,0,0.2561096502883676,0,0
38059,1,8,0,0,0.19831974760402768,0,0
38067,1,13,1,0,0.17390394873825912,0,1
38073,1,11,1,0,0.17983096984607194,0,1
38075,1,9,0,0,0.18014460452115968,0,0
38081,1,12,0,0,0.15656353137013615,0,0
38083,2,9,0,0,0.22852601672096992,0,0
38105,1,10,0,0,0.15082737267489757,0,0
39001,4,11,1,0,0.3189686658108649,0,0
39005,2,19,0,0,0.23028553679604297,0,0
39007,4,19,1,0,0.29313861354284815,0,1
39027,3,13,0,0,0.3161211679912361,0,0
39029,3,24,0,0,0.3091581649996722,0,0
39033,3,15,0,0,0.2752600690207476,0,0
39051,1,12,0,0,0.29161398985921716,0,0
39053,3,12,0,0,0.27852475388235237,0,0
39067,3,16,0,0,0.2864411563908,0,0
39087,3,14,1,0,0.2977899002010978,0,0
39093,2,24,1,0,0.24642781726622537,0,0
39121,2,15,1,0,0.21932354780447275,0,0
39129,2,17,1,0,0.24799142912972919,0,1
39135,1,16,1,0,0.3150594862451381,0,0
39143,2,17,1,0,0.2970883561177061,0,0
39149,2,18,0,0,0.2785276889956903,0,0
39167,3,20,1,0,0.2784304645837263,0,0
39175,2,13,0,0,0.22102496166076419,0,0
40003,1,13,1,0,0.25813479225456815,0,1
40009,3,6,1,0,0.32784151264232997,0,0
40021,4,16,1,0,0.3883722410250922,0,1
40041,4,13,1,0,0.3476780209288459,0,1
40073,2,12,1,0,0.33184834851859657,0,0
40089,4,15,1,0,0.40872506608843867,0,1
40109,3,55,0,0,0.3567379971362884,0,1
40115,4,9,1,0,0.3835087892918723,0,1
40125,3,16,0,0,0.34898553749351113,0,1
40127,4,16,1,0,0.35919991879768176,0,1
40137,3,10,1,0,0.3754333611099003,0,1
40153,2,11,1,0,0.28689665840542555,0,0
41003,1,10,1,0,0.1766773185860917,0,1
41011,3,10,1,0,0.25242238473867823,0,0
41013,2,6,1,0,0.23273991357455182,0,0
41015,2,7,1,0,0.17698311839502104,0,0
41017,1,7,1,0,0.17892397350154918,0,0
41023,3,11,1,0,0.28371372039001297,0,1
41027,2,3,1,0,0.191662157450267,0,0
41031,3,8,1,0,0.2889874529968942,0,0
41033,4,11,1,0,0.25347483650654157,0,0
41045,4,13,0,0,0.34955611408002596,0,0
41047,3,26,1,0,0.297966875135015,0,0
41055,2,5,0,0,0.2919996767329175,0,0
41061,3,8,1,0,0.24762135606914837,0,0
41063,2,5,0,0,0.2096892119442904,0,0
42013,3,19,1,0,0.17435721758845538,0,0
42015,2,27,1,0,0.19449467150200675,0,0
42023,3,4,0,0,0.183230867920891,0,0
42035,3,15,0,0,0.16121826804597383,0,0
42063,3,49,0,0,0.18943983404014347,0,0
42065,3,30,1,0,0.1868612685357358,0,0
42069,2,28,1,0,0.14286554207140423,0,0
42085,2,28,1,0,0.19404538845251781,0,0
42099,2,16,1,0,0.19506100533643556,0,1
42111,2,40,1,0,0.18231577793995404,0,0
42121,3,23,0,0,0.15424886119744513,0,0
44009,1,20,1,0,0.09826801292679085,0,0
45003,3,23,0,0,0.33875258782637074,0,1
45005,4,6,1,0,0.4480604071529745,0,1
45009,4,8,1,0,0.4440788581482346,0,0
45011,4,7,1,0,0.42982103696461366,0,0
45013,1,16,1,0,0.18858964499573636,0,0
45019,1,30,0,0,0.2550984734170268,0,0
45037,3,10,1,0,0.29586323395687086,0,0
45067,4,7,1,0,0.3729281502115037,0,1
45069,4,8,1,0,0.36490783056052095,0,0
45075,1,24,0,0,0.42398603650083894,0,1
45081,4,12,1,0,0.3808101414194023,0,0
45083,2,34,0,0,0.25262109956949524,0,0
45091,1,15,1,0,0.21874873704069772,0,0
46023,4,10,0,0,0.25268814942125106,0,0
46029,2,10,1,0,0.15341069429703186,0,0
46037,2,11,1,0,0.23034176276527102,0,1
46041,3,9,0,0,0.30133372475952874,0,0
46043,1,8,0,0,0.023500756877966128,0,0
46049,2,10,0,0,0.17152802093080277,0,0
46073,1,4,0,0,0.15536081171176913,0,0
46079,2,14,0,0,0.13584537919977888,0,0
46087,2,12,0,0,0.14664468568588293,0,0
46089,2,8,0,0,0.2027632891727547,0,0
46121,4,9,1,0,0.40022546124116387,0,1
46125,1,15,0,0,0.15742795983999286,0,0
46127,1,9,0,0,0.20222138855194322,0,0
47009,2,13,1,0,0.23569177242252323,0,0
47019,4,8,1,0,0.3059981180759482,0,0
47039,4,9,0,0,0.29347524818056164,0,0
47093,2,30,0,0,0.23404459459732307,0,0
47103,3,12,0,0,0.2952283678463789,0,0
47107,4,12,1,0,0.27033899310082843,0,0
47119,1,10,1,0,0.2344559218041531,0,1
47127,3,10,0,0,0.2822212954943924,0,0
47153,2,8,0,0,0.1864998614847953,0,0
47159,3,15,1,0,0.3058918051461095,0,0
47163,3,12,1,0,0.28748015818602435,0,0
47187,1,16,1,0,0.13967518314611713,0,0
47189,1,12,1,0,0.22525464142590187,0,0
48029,2,77,0,0,0.36605150471868814,0,0
48057,3,6,1,0,0.40809352434578267,0,0
48061,4,17,0,0,0.5120594302575755,1,0
48097,2,14,1,0,0.30192083967665745,0,1
48113,3,93,0,0,0.32628631652504336,0,1
48137,4,4,0,0,0.3761250995389179,0,0
48143,1,13,1,0,0.2675488329921356,0,1
48175,3,6,0,0,0.3487409162223042,0,0
48199,2,12,1,0,0.2726680742227814,0,0
48205,1,4,0,0,0.2761151301403624,0,0
48207,4,11,1,0,0.34338272471101217,0,1
48215,4,28,0,0,0.5253572268718796,1,0
48219,4,10,1,0,0.36774164618155847,0,0
48235,2,4,0,0,0.25531230754737216,0,0
48237,3,11,0,0,0.3245974541655388,0,0
48241,4,9,1,0,0.3087666357150074,0,1
48243,2,2,0,0,0.24435980269470986,0,0
48259,1,8,1,0,0.20106264987547373,0,1
48261,4,2,1,0,0.5461004569059748,1,1
48269,4,2,1,0,0.3199301478583717,0,1
48273,4,4,1,0,0.43647418177856384,0,0
48275,4,6,1,0,0.3162722029057808,0,1
48303,1,25,1,0,0.3200062549405591,0,0
48309,1,29,0,0,0.3272103758350502,0,0
48319,2,6,0,0,0.2545779727059909,0,0
48341,2,6,1,0,0.353792765391181,0,0
48351,3,11,0,0,0.3231429270932891,0,0
48365,3,13,1,0,0.3390611690904624,0,0
48377,4,4,1,0,0.39918631656361275,0,1
48387,4,9,1,0,0.36207845907564273,0,1
48389,3,4,1,0,0.21796320489540158,0,0
48399,3,11,1,0,0.30490534353702,0,1
48411,3,7,1,0,0.3314354910638224,0,1
48421,3,4,0,0,0.3152227918717325,0,0
48423,3,22,0,0,0.25875964928051304,0,1
48427,4,10,1,0,0.5267715806816771,1,1
48429,4,8,1,0,0.29873016783236306,0,1
48435,1,2,0,0,0.17726068024190136,0,0
48441,1,17,1,0,0.28013490067412333,0,0
48453,1,63,0,0,0.2310384327154776,0,0
48465,4,5,1,0,0.46221503575543554,0,1
48467,3,13,1,0,0.30646448239882323,0,0
48469,3,12,1,0,0.41325566620321946,0,0
48489,4,6,0,0,0.5420790145270655,1,0
49005,3,16,1,0,0.24681171933267448,0,0
49009,1,2,0,0,0.1818151102798315,0,0
49033,2,4,0,0,0.2646698138377472,0,0
49035,1,36,0,0,0.2841921669813828,0,0
49043,1,9,1,0,0.15847047198749428,0,1
49049,2,24,0,0,0.20988582012729975,0,0
50005,2,22,1,0,0.12276759368292314,0,1
50015,2,11,0,0,0.1201500476980343,0,0
50019,2,24,1,0,0.11569955186044102,0,0
50025,2,24,1,0,0.1113071356207663,0,1
51005,3,7,1,0,0.23645176625749542,0,0
51009,2,9,1,0,0.22824457214345503,0,1
51011,3,8,0,0,0.26580962751700715,0,0
51037,4,14,1,0,0.1443242877554297,0,1
51043,1,7,0,0,0.16618387739326487,0,0
51053,3,12,0,0,0.3611257116980483,0,0
51065,1,10,0,0,0.1711745226846365,0,0
51073,1,6,1,0,0.19821023404287474,0,1
51077,4,9,0,0,0.2339881142692477,0,0
51079,2,5,1,0,0.16641727620314414,0,0
51095,1,4,1,0,0.13662627322551832,0,0
51107,1,21,1,0,0.1016345869792268,0,0
51109,2,12,0,0,0.21480321987246415,0,0
51163,3,12,0,0,0.2054597448998533,0,0
51191,2,10,1,0,0.2173883871344524,0,0
51650,2,9,1,0,0.3240028016914984,0,0
51670,4,1,0,0,0.3373775193782092,0,0
51678,3,1,1,0,0.177471423493217,0,1
51770,3,10,1,0,0.2768744368142535,0,0
51790,1,2,0,0,0.17609950183657752,0,0
51820,3,1,0,0,0.24158428602997895,0,0
53011,1,20,0,0,0.18428120642340923,0,0
53027,1,21,0,0,0.219797366829382,0,0
53029,1,8,1,0,0.15761522789922408,0,1
53031,2,9,1,0,0.17110128858111578,0,0
53043,2,14,0,0,0.2551174879165404,0,0
53055,1,9,0,0,0.14217618081110842,0,0
53069,1,6,0,0,0.20957977811897927,0,0
53073,2,18,1,0,0.17776610245943988,0,0
54013,4,16,0,0,0.31953628466383466,0,0
54023,3,12,0,0,0.27432498117729376,0,0
54031,3,10,0,0,0.3196346618943476,0,0
54033,3,21,0,0,0.24431386706765118,0,0
54039,1,46,1,0,0.2767799402426911,0,0
54045,4,33,0,0,0.3137532067169193,0,0
54051,3,10,0,0,0.27394796224431556,0,0
54089,4,15,0,0,0.30243392935004443,0,0
54097,4,10,1,0,0.28275573945118765,0,0
54101,4,11,0,0,0.32810121811545334,0,0
55001,2,14,1,0,0.1561172708633087,0,0
55031,2,12,1,0,0.12327166103424629,0,1
55045,1,12,1,0,0.12843973655863766,0,1
55055,1,19,1,0,0.15033054001132856,0,0
55059,1,17,1,0,0.14828576674241759,0,0
55067,2,15,0,0,0.16475994483021134,0,0
55071,1,19,1,0,0.13687078150472023,0,0
55083,1,19,1,0,0.15370361604892707,0,1
55093,1,13,0,0,0.12913707062221833,0,0
55097,2,21,1,0,0.11901123827780802,0,0
55099,2,14,1,0,0.12407289343035494,0,0
55115,2,25,1,0,0.15501818790524297,0,1
55141,2,15,1,0,0.11162390336424527,0,1
56001,1,10,1,0,0.25772551976183483,0,0
56009,1,4,1,0,0.21829091437960055,0,0
56013,2,11,1,0,0.2698043117662594,0,1
56017,3,3,1,0,0.2303315226486042,0,1
56019,2,4,0,0,0.19200931189835194,0,0
56023,1,15,0,0,0.18897433685661988,0,0
56035,1,6,1,0,0.1825319865454446,0,1
56045,2,4,0,0,0.23474877082155599,0,0
01003,2,23,1,1,0.2196793298524272,0,0
01023,4,10,0,1,0.32666087904097735,0,0
01037,3,11,1,1,0.29467870552165476,0,1
01049,4,24,0,1,0.3157765337051891,0,0
01053,4,9,1,1,0.3395760901402589,0,1
01087,4,13,1,1,0.2863993850723325,0,0
01089,1,25,1,1,0.23976502590283894,0,0
01109,1,9,1,1,0.28806402168416645,0,1
01117,1,22,0,1,0.18812851579820972,0,0
01127,3,18,1,1,0.30177007100320397,0,0
01131,4,13,1,1,0.3473916626148565,0,1
04027,4,10,0,1,0.37022337073745537,0,1
05001,4,13,1,1,0.3429064434822508,0,0
05021,4,13,1,1,0.3569916457949921,0,0
05029,4,15,1,1,0.3535321922064325,0,0
05045,1,15,1,1,0.286016439648159,0,0
05047,4,13,1,1,0.3468636090252278,0,0
05051,3,10,1,1,0.24404351248828904,0,0
05053,2,14,1,1,0.2707941248808446,0,0
05057,4,10,1,1,0.38149377856425215,0,0
05059,4,12,1,1,0.27813868266154707,0,1
05061,4,8,1,1,0.3620189413029127,0,0
05085,2,11,1,1,0.29454212185708006,0,0
05103,4,8,1,1,0.3455143418464717,0,0
05109,4,10,0,1,0.2891703667750373,0,0
05115,4,13,1,1,0.2973559845017969,0,1
05119,1,31,0,1,0.27383539113116645,0,0
05147,4,9,1,1,0.3994211148101316,0,1
06011,3,9,1,1,0.35862819043573113,0,0
06015,4,4,1,1,0.2425140344737085,0,0
06027,2,11,1,1,0.29763905539365487,0,0
06035,2,17,1,1,0.2974571997907762,0,1
06043,3,13,1,1,0.2939699306927756,0,0
06045,3,29,1,1,0.2254524932440619,0,1
06059,1,91,0,1,0.18645358386999317,0,0
06071,3,93,0,1,0.3638505437709174,0,0
06077,1,36,0,1,0.32804525267897383,0,0
06079,2,26,1,1,0.19481597066491504,0,0
06089,3,30,0,1,0.2927834347265703,0,1
06103,4,15,1,1,0.37237547229357065,0,0
06109,1,16,1,1,0.1939099230895478,0,1
06115,3,17,1,1,0.35966499048868583,0,1
08005,1,33,1,1,0.17594406994647618,0,0
08014,1,6,1,1,0.15450100212530085,0,1
08019,1,6,0,1,0.13801594669645073,0,0
08023,4,7,0,1,0.2627335802869483,0,0
08029,4,8,0,1,0.1910606986906555,0,0
08055,2,4,1,1,0.2462419999952417,0,1
08059,1,33,1,1,0.14703134600312356,0,0
08069,1,24,1,1,0.20570805690449304,0,0
08075,3,9,0,1,0.2544806731249987,0,0
08083,3,7,0,1,0.23648369624639654,0,0
08093,1,12,0,1,0.08242636500946696,0,0
08121,2,12,1,1,0.2346938618879902,0,1
08123,1,41,1,1,0.2387102408877383,0,0
08125,3,13,0,1,0.2356316741917517,0,0
09005,1,40,1,1,0.11233010908091631,0,0
09011,1,31,1,1,0.15738457098045677,0,0
09013,1,17,0,1,0.13193991991989112,0,0
12033,1,18,1,1,0.16385551311140056,0,0
12043,4,5,1,1,0.25861310891902095,0,1
12049,4,4,1,1,0.2973386482527699,0,0
12061,2,9,1,1,0.1380512499650488,0,0
12067,4,2,0,1,0.20587855330691987,0,0
12085,1,12,1,1,0.1250382166156908,0,0
12091,2,14,1,1,0.1370438435877704,0,0
12093,4,2,0,1,0.27266666566954195,0,0
12097,3,17,1,1,0.21218703760859417,0,0
12101,2,31,1,1,0.16810935111451109,0,0
12109,1,12,1,1,0.11406791868328969,0,0
12129,2,4,1,1,0.18172013420667443,0,0
12133,4,10,1,1,0.253243965937787,0,0
13025,4,6,1,1,0.30306106218115,0,0
13091,4,8,0,1,0.33131503904911824,0,0
13103,1,8,1,1,0.21776074664764902,0,1
13125,4,5,0,1,0.3232326779399089,0,0
13135,2,26,0,1,0.14983592658983008,0,0
13145,1,12,0,1,0.1621813976644005,0,0
13151,2,11,1,1,0.23032376753147563,0,0
13157,2,16,1,1,0.1918540885435612,0,0
13161,4,4,0,1,0.36989333060419505,0,0
13171,3,9,0,1,0.3027266428884156,0,0
13173,4,5,0,1,0.35365513170032076,0,0
13175,4,15,1,1,0.3565095866986237,0,1
13191,3,4,1,1,0.2906368207301519,0,0
13195,3,11,1,1,0.24102263793646025,0,0
13205,4,7,0,1,0.4049606677660538,0,0
13207,2,9,0,1,0.2512384852514677,0,0
13209,4,7,0,1,0.33829897568375333,0,0
13213,3,6,0,1,0.22605359177640666,0,0
13217,3,11,1,1,0.3111329913017768,0,0
13219,1,8,1,1,0.15857974843208822,0,1
13235,4,5,1,1,0.3613455686058469,0,1
13239,4,2,0,1,0.33477571190147726,0,0
13243,4,8,0,1,0.4146001431765213,0,0
13251,4,6,0,1,0.3590745131079466,0,0
13265,4,4,0,1,0.3577334845591375,0,0
13281,3,3,1,1,0.1551918315921689,0,1
13287,4,4,1,1,0.3840023972593878,0,1
13297,2,11,1,1,0.23167022417902272,0,1
13315,4,8,1,1,0.3643885094198998,0,1
13317,4,5,1,1,0.3419490286289978,0,1
16015,1,8,0,1,0.16290032914545488,0,0
16017,2,18,1,1,0.20020591804827337,0,0
16019,2,14,1,1,0.19903566882551232,0,0
16035,3,7,1,1,0.1955056080614732,0,1
16049,3,16,0,1,0.18650450549014894,0,0
16051,1,10,0,1,0.22009573440504884,0,0
16067,3,5,0,1,0.327891224938151,0,0
16069,2,10,1,1,0.2195708420080009,0,1
16071,2,4,0,1,0.25454858407191444,0,0
16085,1,4,0,1,0.19201131780338984,0,0
16087,4,5,1,1,0.3167240625455168,0,1
17023,2,11,0,1,0.2052473737324394,0,0
17027,1,17,1,1,0.19058609617043423,0,0
17033,2,10,1,1,0.22027863725253485,0,0
17045,2,15,1,1,0.2060301201745296,0,0
17049,2,15,1,1,0.19263485263936117,0,1
17057,3,24,1,1,0.24395401874875258,0,1
17061,2,13,0,1,0.22461610223569942,0,0
17065,2,13,0,1,0.2256299926807205,0,0
17077,4,22,0,1,0.25810474237711073,0,0
17089,1,33,0,1,0.19177822090006283,0,0
17091,2,21,1,1,0.2646235843651881,0,0
17095,3,22,1,1,0.2929505826716271,0,1
17107,1,20,1,1,0.20321816528993644,0,0
17113,2,33,1,1,0.20513515898540588,0,0
17115,3,27,1,1,0.2629134682088739,0,0
17169,3,12,0,1,0.18436121428875274,0,0
17179,1,21,1,1,0.19603150773743064,0,0
17187,3,14,1,1,0.27307230179112374,0,0
17199,3,22,1,1,0.20816535028174488,0,0
18003,2,33,1,1,0.24156199450001103,0,0
18009,3,7,1,1,0.3471692033904236,0,1
18015,2,17,0,1,0.28453770054279687,0,0
18035,4,21,1,1,0.3155925636141281,0,0
18043,2,10,1,1,0.211628354474734,0,1
18051,2,16,1,1,0.250387297349311,0,1
18059,1,15,1,1,0.211133017499035,0,1
18073,1,13,1,1,0.23686250587862157,0,1
18075,3,9,0,1,0.35101847983066053,0,0
18077,2,11,0,1,0.24992065335740637,0,0
18089,2,28,0,1,0.2553333363618342,0,0
18091,3,15,1,1,0.28731273782267913,0,0
18099,3,13,0,1,0.3058746507727597,0,0
18103,3,13,0,1,0.3026143169240938,0,0
18107,2,16,1,1,0.2341830749622883,0,0
18109,1,14,1,1,0.2700800328290129,0,0
18111,2,12,0,1,0.2608116491298904,0,0
18115,2,5,0,1,0.2376749119669329,0,0
18117,3,11,1,1,0.27156657445246946,0,0
18145,2,17,1,1,0.3150066974657587,0,1
18175,2,12,1,1,0.25829818822745954,0,0
18179,2,16,0,1,0.2613801528334415,0,0
18181,2,18,0,1,0.2591980539513564,0,0
18183,1,10,0,1,0.20421680934004147,0,0
19001,2,14,0,1,0.20573717850094217,0,0
19007,3,11,1,1,0.23126176305850416,0,1
19009,2,11,1,1,0.21529504548495318,0,1
19021,2,13,1,1,0.19158518612008177,0,0
19033,2,17,0,1,0.16771899470847798,0,0
19037,1,9,1,1,0.1960193969652973,0,1
19043,2,24,0,1,0.20039593852581103,0,0
19051,2,10,0,1,0.19386728823619387,0,0
19061,2,19,1,1,0.148478858263071,0,0
19069,2,17,0,1,0.19059921623825377,0,0
19071,2,11,1,1,0.2229013925114909,0,1
19077,1,18,1,1,0.18307913914502305,0,1
19079,1,15,1,1,0.1980050599929519,0,0
19089,2,9,0,1,0.18225807974859753,0,0
19091,2,17,0,1,0.1910382195013351,0,0
19109,2,21,1,1,0.21001495230788209,0,0
19149,1,14,1,1,0.212936646432864,0,0
19153,2,41,0,1,0.19192950309024445,0,0
19155,2,24,1,1,0.2034064969980783,0,0
19163,2,22,1,1,0.21003615757959088,0,0
19165,1,19,0,1,0.18102297401553222,0,0
19171,2,19,0,1,0.25770228808577855,0,0
19195,1,10,0,1,0.18461798084529518,0,0
19197,2,16,1,1,0.2135140819709226,0,0
20005,2,10,1,1,0.2949206947087069,0,0
20017,3,11,0,1,0.3472858873398113,0,0
20021,1,13,1,1,0.2787408917441275,0,0
20023,3,5,0,1,0.2584753120145813,0,0
20041,2,12,1,1,0.28699157986762475,0,0
20047,3,7,1,1,0.25074917711176536,0,1
20051,3,11,1,1,0.20614004735077204,0,0
20059,2,13,1,1,0.2795666173547197,0,0
20091,1,34,0,1,0.12403283777513144,0,0
20103,1,13,1,1,0.26573559606201624,0,0
20109,2,7,0,1,0.19410506958908655,0,0
20127,2,9,1,1,0.30585191680551926,0,1
20129,2,5,1,1,0.2910863892831183,0,1
20143,2,11,0,1,0.22481301752350596,0,0
20147,2,9,1,1,0.16122576201450514,0,1
20151,2,11,0,1,0.2405566142958929,0,0
20159,2,13,1,1,0.2556999789259069,0,1
20187,3,3,0,1,0.3113736690171721,0,0
20195,1,8,0,1,0.1969025885870081,0,0
20197,1,16,0,1,0.2614052927954865,0,0
20199,2,4,0,1,0.22895718578040417,0,0
20207,3,10,0,1,0.354999050147211,0,0
20209,4,11,0,1,0.3781041494515211,0,0
21003,4,6,1,1,0.3360567179565787,0,0
21007,1,6,0,1,0.19433321671494136,0,0
21009,4,11,1,1,0.36517249025854664,0,0
21013,4,11,1,1,0.3423574111405507,0,0
21021,3,5,1,1,0.2658563417547652,0,0
21055,4,5,0,1,0.3711287096883731,0,0
21061,4,12,1,1,0.30650843354658214,0,1
21099,4,10,1,1,0.34093498561709595,0,0
21115,4,19,1,1,0.2525681119726099,0,0
21123,3,9,0,1,0.29122316917040075,0,0
21147,4,8,0,1,0.2765715551617416,0,0
21179,1,9,1,1,0.2212636215922072,0,1
21183,3,16,1,1,0.29822867672391706,0,0
21201,4,7,1,1,0.3144714820198005,0,1
21203,4,7,1,1,0.29277394079675206,0,0
21223,3,5,0,1,0.3194612667703651,0,0
21225,4,5,1,1,0.3266837303768061,0,0
21229,3,7,0,1,0.2920184887880606,0,0
21233,4,10,0,1,0.34123319086918663,0,0
22015,3,15,0,1,0.29510859815618085,0,1
22023,4,8,1,1,0.35681822210814673,0,1
22035,4,4,0,1,0.378781993706089,0,0
22039,4,12,1,1,0.3182253161642424,0,1
22043,3,8,1,1,0.28174745105817467,0,0
22083,4,6,1,1,0.4332818818755506,0,0
22111,3,10,1,1,0.3185344020574275,0,0
23005,1,38,1,1,0.10044673805352526,0,0
23015,2,25,0,1,0.10458719360331009,0,0
23017,1,33,1,1,0.17170728322445716,0,0
23019,1,47,1,1,0.1671937581951388,0,0
23029,4,31,0,1,0.2378620888833272,0,0
23031,1,36,1,1,0.13150554491007166,0,0
24001,3,15,1,1,0.22717084860122372,0,1
24009,1,14,0,1,0.18705248163681568,0,0
24019,3,18,1,1,0.2800848867462517,0,1
24021,1,34,1,1,0.1298438729943919,0,0
24031,1,50,0,1,0.10468949997428753,0,0
24035,1,16,1,1,0.18189969700073316,0,1
24510,1,31,0,1,0.326291901911587,0,1
25003,2,36,0,1,0.13715849482217524,0,0
25011,2,32,1,1,0.12045647417486749,0,0
25019,1,2,0,1,0.12628057072205778,0,0
25021,1,41,0,1,0.10452555574722672,0,0
26001,3,13,0,1,0.1960803399241135,0,0
26007,3,8,0,1,0.19949369824216112,0,0
26017,2,16,1,1,0.2642861235664475,0,0
26031,3,15,0,1,0.19656641016152787,0,0
26035,4,8,0,1,0.29296788040525396,0,0
26049,3,34,1,1,0.26348573788708735,0,0
26055,1,9,1,1,0.15580438182131418,0,1
26061,4,20,1,1,0.17684255073729,0,0
26085,4,11,0,1,0.28059048779337975,0,0
26089,1,11,0,1,0.1527322360052647,0,0
26095,3,3,0,1,0.25608403501182603,0,0
26101,2,15,1,1,0.18129948123352213,0,0
26109,3,14,0,1,0.21017306607554243,0,0
26117,3,25,0,1,0.24899230692855143,0,0
26129,4,9,0,1,0.2594412139530248,0,0
26139,1,22,1,1,0.18120799883116098,0,0
26145,3,28,1,1,0.27008078884912756,0,0
27021,2,24,0,1,0.192797573843545,0,0
27023,2,10,0,1,0.20715648400383532,0,0
27027,2,15,1,1,0.20779074057237934,0,0
27029,3,11,0,1,0.31167708221439633,0,0
27033,2,13,0,1,0.21747352028362094,0,0
27037,1,22,1,1,0.1325129643865358,0,0
27041,1,17,1,1,0.14261729499341144,0,1
27049,1,17,1,1,0.16843948462921576,0,1
27051,2,11,0,1,0.19604881829864404,0,0
27059,1,12,0,1,0.1563783209941111,0,0
27063,2,14,0,1,0.19428010148053582,0,0
27073,1,10,0,1,0.18295633476664125,0,0
27085,1,12,0,1,0.1747191439915635,0,0
27093,1,13,0,1,0.15192781837232602,0,0
27103,1,10,0,1,0.15123004038566973,0,0
27121,1,12,0,1,0.15895883834801006,0,0
27129,2,16,1,1,0.18907766709870302,0,0
27133,1,12,0,1,0.1913171078811779,0,0
27141,1,9,1,1,0.15735662400739872,0,1
27145,2,33,1,1,0.22091402797898255,0,0
27151,3,11,1,1,0.18826725644857994,0,1
27153,2,19,1,1,0.20164729089667793,0,0
28015,4,13,1,1,0.30900544663855245,0,1
28019,4,9,1,1,0.23389511054019269,0,1
28041,3,7,1,1,0.20197180398320458,0,0
28065,4,9,1,1,0.2700139459425415,0,1
28075,1,12,1,1,0.2066492607005169,0,1
28077,4,8,0,1,0.2619925529424558,0,0
28079,4,7,0,1,0.31308073780532314,0,0
28083,4,11,1,1,0.3801845818669361,0,0
28085,4,12,1,1,0.24152356299016212,0,1
28091,4,8,1,1,0.28584582753846455,0,0
28093,3,8,1,1,0.2833710885077696,0,1
28111,4,8,0,1,0.23147422844483012,0,0
28119,4,10,1,1,0.4154817869833891,0,1
28129,4,15,0,1,0.2709934455353123,0,0
28133,4,16,1,1,0.43039055031635765,0,1
28139,4,9,0,1,0.2702611929809756,0,0
28147,4,6,1,1,0.2888066044220238,0,0
29005,2,9,0,1,0.24942060918164763,0,0
29027,2,19,0,1,0.1981157283170566,0,0
29029,3,18,1,1,0.1916788414008957,0,1
29035,3,5,1,1,0.2579240672122904,0,1
29039,4,9,1,1,0.3252102964828028,0,0
29057,3,13,1,1,0.3317758306734142,0,1
29061,3,16,0,1,0.3187404297514081,0,0
29065,4,8,1,1,0.27227465327997324,0,0
29105,4,12,1,1,0.2636414601769561,0,1
29109,3,21,1,1,0.29550596172906657,0,1
29113,2,17,1,1,0.283894581150583,0,1
29157,2,8,0,1,0.2635893575928122,0,0
29161,4,11,1,1,0.220126293625396,0,1
29165,1,18,1,1,0.19291509964254774,0,1
29175,3,12,1,1,0.2975694388733417,0,0
29195,3,13,1,1,0.26826648526657554,0,0
29225,3,9,1,1,0.2632717551759765,0,1
29227,3,7,0,1,0.2738946126773419,0,0
29510,4,29,0,1,0.34456466422482007,0,1
30001,3,10,0,1,0.2112307381015896,0,0
30035,4,5,1,1,0.5140477165278248,1,0
30059,3,4,0,1,0.21898258653522662,0,0
30065,3,5,0,1,0.2648300942752913,0,0
30075,3,6,0,1,0.2753178382734662,0,0
30081,2,9,1,1,0.1807164542062981,0,1
30083,1,9,0,1,0.22227354018584453,0,0
30107,2,6,0,1,0.2607534510640691,0,0
31017,3,4,0,1,0.21257015176572805,0,0
31035,2,15,0,1,0.15862418170198173,0,0
31055,2,35,0,1,0.1768234259379052,0,0
31063,2,12,0,1,0.18128934377661132,0,0
31065,3,9,0,1,0.19888743373195944,0,0
31069,1,9,0,1,0.22275346071603377,0,0
31071,2,3,0,1,0.20291465777419865,0,0
31083,2,8,1,1,0.18554686984454413,0,1
31089,1,14,0,1,0.17907976461197708,0,0
31095,3,12,1,1,0.21791078999247046,0,1
31101,2,7,0,1,0.19239299318303518,0,0
31111,2,14,1,1,0.1866442250398366,0,0
31127,2,13,0,1,0.2017619118367391,0,0
31129,2,10,0,1,0.17948912898159478,0,0
31145,2,8,0,1,0.17620102939575089,0,0
31147,2,9,0,1,0.22704181046726046,0,0
31155,1,18,1,1,0.17200801579269587,0,0
31169,1,15,0,1,0.1742195382532388,0,0
31173,4,10,1,1,0.3949552933027569,0,1
31175,2,6,0,1,0.17376187746338495,0,0
31177,1,15,1,1,0.16297817223960573,0,0
32001,2,2,1,1,0.3721066863316126,0,0
32017,1,5,1,1,0.148413168194462,0,1
32023,1,11,0,1,0.4027860152219815,0,1
32027,2,3,0,1,0.37917625489661416,0,0
32029,1,5,0,1,0.2477890015339693,0,0
32033,2,7,1,1,0.3264344849336119,0,1
32510,2,4,0,1,0.2760933819370836,0,0
33001,1,15,0,1,0.109655716910004,0,0
33005,1,27,1,1,0.11820843817161679,0,1
34013,2,31,0,1,0.22314914074354825,0,0
34019,1,26,1,1,0.11170628133619719,0,0
35001,1,27,0,1,0.2594736748647019,0,0
35009,1,7,1,1,0.29009513741222287,0,1
35033,3,13,0,1,0.21791817474959221,0,0
35043,1,21,1,1,0.22038541978194823,0,0
35049,2,15,1,1,0.18341925595817893,0,0
35055,4,21,1,1,0.19629824789445166,0,1
36003,3,37,1,1,0.17035901732420508,0,0
36007,3,31,1,1,0.16688879418473904,0,0
36009,1,36,1,1,0.21851578370398222,0,0
36017,3,26,0,1,0.17116700584058123,0,0
36031,2,34,1,1,0.12758587409694075,0,1
36043,3,28,1,1,0.1565005588465676,0,1
36047,3,39,0,1,0.22480426787720115,0,0
36053,1,31,1,1,0.1753058034832964,0,1
36055,1,50,1,1,0.1831552240202334,0,0
36077,3,43,1,1,0.13335024364636083,0,0
36081,2,63,0,1,0.1840689382167134,0,0
36085,1,12,0,1,0.17450202821769978,0,0
36103,1,108,0,1,0.1367720064482914,0,0
36105,2,62,1,1,0.19013717296325014,0,0
36117,2,20,1,1,0.18299698253273042,0,0
36121,2,24,0,1,0.19125955941709485,0,0
36123,2,13,0,1,0.16138170647645228,0,0
37013,4,15,1,1,0.2435416634138831,0,1
37019,2,14,1,1,0.13081755130686232,0,0
37047,4,16,1,1,0.2825163870544812,0,0
37053,1,15,1,1,0.17515643898241715,0,0
37055,1,14,1,1,0.14502032855731967,0,1
37057,3,12,1,1,0.1961351863695866,0,0
37071,3,18,1,1,0.2134974550339224,0,0
37077,3,12,1,1,0.18875630105212135,0,0
37085,3,16,1,1,0.1982612303514341,0,0
37089,2,15,1,1,0.1226715849397941,0,0
37105,3,4,1,1,0.2151907428204792,0,1
37109,2,11,1,1,0.1871323739784484,0,1
37113,3,6,0,1,0.16528550935406097,0,0
37117,4,11,0,1,0.2607296817981436,0,0
37119,2,32,0,1,0.1749245251203131,0,0
37135,2,14,1,1,0.11859155958805793,0,0
37139,3,1,0,1,0.257110686009787,0,0
37159,3,19,1,1,0.21477704057761313,0,0
37167,2,12,0,1,0.1814578069841552,0,0
37185,4,8,1,1,0.2835930814676035,0,0
37199,3,5,0,1,0.1960544801560197,0,0
38003,1,19,0,1,0.19322000231032843,0,0
38009,1,14,0,1,0.20222748265180532,0,0
38013,1,9,0,1,0.19639340382290676,0,0
38027,2,7,1,1,0.23146126533817965,0,1
38037,2,13,1,1,0.23593705708325297,0,1
38043,2,13,0,1,0.21317921799146783,0,0
38061,2,12,0,1,0.27805978111071644,0,0
38069,3,11,0,1,0.21400343444292055,0,0
38093,1,21,0,1,0.22643254692655973,0,0
38101,1,24,1,1,0.14101601412157486,0,0
38103,1,12,0,1,0.19398877110230522,0,0
39025,1,23,1,1,0.20487640748477132,0,0
39045,1,19,1,1,0.22351764807331395,0,0
39055,1,20,1,1,0.1660857258804153,0,0
39097,1,12,0,1,0.26459750101441615,0,0
39105,4,15,0,1,0.28676134724823904,0,0
39119,3,22,1,1,0.2819224792272976,0,0
39125,1,15,1,1,0.28716437998889977,0,0
39127,3,17,1,1,0.2520396818852004,0,1
39133,1,24,1,1,0.20311255538551432,0,0
39145,4,20,1,1,0.31207405574610675,0,0
39159,1,20,1,1,0.2296336468609904,0,1
39171,1,12,1,1,0.2763160360270334,0,1
40001,4,8,1,1,0.4398209741458229,0,0
40005,4,15,0,1,0.42990129930830023,0,0
40013,4,14,1,1,0.42625371818236557,0,1
40015,4,16,1,1,0.46377117199238227,0,0
40031,3,19,0,1,0.4304560021078919,0,1
40037,3,21,1,1,0.34838059308596503,0,0
40059,2,7,1,1,0.31287224351876913,0,1
40061,4,7,0,1,0.40751671147984225,0,0
40063,4,10,1,1,0.41302154105971983,0,0
40083,2,15,1,1,0.3356249510282346,0,1
40111,4,11,1,1,0.42962481047416373,0,1
40145,2,15,1,1,0.33801257166029275,0,1
41001,3,12,1,1,0.2461666405431105,0,0
41007,2,9,0,1,0.20033715577744052,0,0
41029,3,18,1,1,0.2734454898478109,0,0
41041,3,18,1,1,0.24805372517520852,0,1
41043,2,20,1,1,0.28629843930754306,0,0
41049,3,7,1,1,0.4115131443402504,0,1
41057,2,16,0,1,0.20481243845995167,0,0
41059,3,14,1,1,0.39969330060329195,0,0
41065,3,8,1,1,0.33176753086822147,0,0
42017,1,55,0,1,0.1482289024808041,0,0
42021,1,51,1,1,0.13910598973670193,0,0
42027,2,33,1,1,0.17185605732396705,0,0
42033,3,51,1,1,0.18234847421649716,0,0
42041,1,21,1,1,0.13608450332990935,0,0
42045,1,44,0,1,0.16912906398408306,0,0
42057,2,17,0,1,0.2161239064564349,0,0
42061,2,33,1,1,0.21182549128485925,0,1
42073,2,22,1,1,0.17822183757819998,0,1
42089,2,35,1,1,0.1771849995358749,0,0
42105,3,15,0,1,0.22163776541242228,0,0
42129,1,86,1,1,0.14237565677234215,0,0
42133,1,45,0,1,0.19894124147713477,0,0
44001,1,3,0,1,0.12621069190617853,0,0
44005,1,8,1,1,0.12185291885439202,0,0
45007,3,19,0,1,0.2338831112171143,0,0
45021,4,8,1,1,0.29067414140932885,0,0
45041,3,12,1,1,0.2880261258722989,0,0
45053,4,9,0,1,0.37443832126265075,0,0
45057,3,5,1,1,0.23069715685832357,0,1
45079,1,24,0,1,0.25055606960953797,0,0
46009,2,7,1,1,0.15929729986911637,0,1
46013,1,20,1,1,0.16422571451790974,0,1
46017,4,6,0,1,0.34361309678520957,0,0
46027,3,8,0,1,0.22120048990481625,0,0
46031,4,15,1,1,0.41066762857166156,0,1
46059,1,8,1,1,0.17238979252403872,0,1
46067,2,13,1,1,0.1717228795001444,0,1
46075,1,5,0,1,0.1740921628344851,0,0
46083,1,12,1,1,0.14348070070908361,0,1
46093,2,18,1,1,0.1830770732599386,0,0
46111,1,8,0,1,0.17227289327291456,0,0
46135,2,10,1,1,0.14916884121832646,0,0
47015,2,9,0,1,0.3069638789628524,0,0
47017,4,14,1,1,0.3209710153053342,0,0
47025,1,10,1,1,0.27114118396329373,0,0
47027,4,7,1,1,0.346644851227595,0,1
47053,4,11,1,1,0.33811463986213086,0,0
47055,3,17,1,1,0.29729312859361673,0,0
47073,4,12,1,1,0.3165648107472076,0,0
47075,4,6,1,1,0.4096338799336527,0,0
47083,3,8,0,1,0.32918327716231466,0,0
47091,4,5,0,1,0.2955692261620297,0,0
47099,4,11,1,1,0.3033330350898801,0,1
47109,4,15,1,1,0.2954877945830012,0,0
47121,3,6,1,1,0.2581687967388101,0,1
47139,3,12,1,1,0.2745387386025304,0,0
47147,2,12,1,1,0.27630044423927175,0,1
47169,2,5,0,1,0.27985954669407864,0,0
47181,4,10,1,1,0.28643802099333443,0,0
48001,3,10,1,1,0.3229748496987826,0,0
48005,4,6,1,1,0.32057334784168656,0,0
48017,1,6,1,1,0.29535074660077204,0,1
48021,2,15,1,1,0.2915453008515322,0,1
48031,1,8,1,1,0.20688649934650175,0,1
48033,3,9,0,1,0.37413333586588615,0,0
48035,3,11,1,1,0.2984110352527779,0,0
48051,2,5,1,1,0.31878512851910673,0,0
48055,3,14,1,1,0.39445910581202986,0,0
48065,1,6,0,1,0.2807503930636549,0,0
48079,4,4,0,1,0.466522086982844,0,0
48091,1,14,1,1,0.21402661351316882,0,0
48099,1,17,1,1,0.12667146805670015,0,1
48101,4,3,1,1,0.3560343074714684,0,1
48115,4,4,0,1,0.4699038121489768,0,0
48125,4,7,1,1,0.36332638461235256,0,1
48129,3,6,0,1,0.33038624940187544,0,0
48145,3,17,1,1,0.392224488142303,0,0
48149,2,15,1,1,0.30115084459614827,0,0
48151,3,9,1,1,0.3233846794042452,0,1
48157,1,34,0,1,0.23145697846548283,0,0
48163,4,5,0,1,0.4823216246227399,0,0
48173,3,4,0,1,0.38400377048624523,0,0
48177,3,14,1,1,0.3640364640979251,0,0
48183,3,10,0,1,0.286315704942694,0,1
48189,3,9,0,1,0.39893464405690593,0,0
48203,3,12,1,1,0.3002845396367428,0,1
48211,1,4,0,1,0.25928325708134736,0,0
48225,4,7,1,1,0.3350959709682428,0,0
48227,3,5,1,1,0.39173329341417495,0,0
48229,3,6,0,1,0.3610516849343131,0,0
48233,3,7,1,1,0.3349356851341081,0,0
48251,2,16,1,1,0.298954727003712,0,0
48253,4,10,0,1,0.31118600722149387,0,0
48265,3,10,1,1,0.25746293766649087,0,1
48293,4,14,1,1,0.3863161083379069,0,0
48307,3,6,1,1,0.3555069887001742,0,1
48321,1,12,1,1,0.390563437388208,0,0
48323,4,3,1,1,0.4766216385627716,0,1
48357,4,5,0,1,0.39870508435689805,0,0
48359,1,6,0,1,0.3016356138158412,0,0
48367,1,18,1,1,0.2734723369141947,0,0
48379,2,6,0,1,0.2773041942256289,0,0
48403,4,6,0,1,0.2956475534667255,0,0
48417,4,5,0,1,0.28463050407455787,0,0
48419,4,7,1,1,0.34640413039889584,0,0
48449,4,6,1,1,0.35346063455389615,0,1
48451,1,14,1,1,0.20732815660694892,0,0
48457,3,10,1,1,0.2672447186187511,0,0
48459,3,12,1,1,0.29222593958028736,0,1
48475,3,6,1,1,0.38087739276810273,0,1
48477,2,7,1,1,0.3435494410917238,0,1
48491,1,25,0,1,0.21219836809804352,0,0
48495,3,2,1,1,0.44705644507919634,0,1
48497,2,17,1,1,0.31520981427076683,0,1
48501,2,4,1,1,0.36042756752467014,0,1
49001,2,4,0,1,0.24863677086743816,0,0
49011,1,13,1,1,0.24262829648131237,0,0
49017,3,11,0,1,0.25314460012116324,0,0
49029,1,2,0,1,0.23464117102299362,0,0
49041,3,12,1,1,0.3042008646736795,0,0
49051,1,6,0,1,0.22537713027530387,0,0
50003,2,21,0,1,0.14624819728448185,0,0
50007,1,21,1,1,0.140125187961984,0,0
50017,2,31,1,1,0.12746271124560565,0,0
51007,1,5,1,1,0.25776444870722304,0,1
51023,1,12,0,1,0.15621294920752093,0,0
51067,3,16,0,1,0.20540954353380478,0,0
51069,1,12,1,1,0.13817383204975295,0,1
51089,4,12,0,1,0.27107968477698496,0,0
51101,1,6,0,1,0.22913892830326804,0,0
51103,2,6,1,1,0.19206188301864535,0,1
51111,4,12,1,1,0.3052409989013683,0,1
51133,2,7,1,1,0.21886409187512113,0,1
51135,4,7,1,1,0.2799988535318355,0,0
51145,1,5,1,1,0.4242196640725535,0,0
51165,2,22,0,1,0.20323434806314336,0,0
51169,3,12,0,1,0.25215479753812525,0,0
51171,2,14,1,1,0.19084415192771148,0,1
51195,4,8,0,1,0.26251184046125386,0,0
51199,1,9,1,1,0.11428713834158759,0,0
51530,4,1,0,1,0.254571364554116,0,0
51570,2,1,1,1,0.17066917506661186,0,0
51640,4,1,0,1,0.2601429070821317,0,0
51683,1,1,1,1,0.15749796211526768,0,0
51710,1,15,1,1,0.2524319768238462,0,0
53023,3,2,1,1,0.29469843654544214,0,1
53035,1,20,1,1,0.1653721206673916,0,0
53037,3,12,0,1,0.29228883669559713,0,0
53047,4,22,1,1,0.33067619780509055,0,1
53057,1,17,1,1,0.18345739358040972,0,0
53059,1,8,1,1,0.2075665759673055,0,1
53065,3,21,0,1,0.27206557307412327,0,0
53071,2,8,1,1,0.27204587531629193,0,0
53075,4,20,0,1,0.30992196752544815,0,0
54011,3,13,1,1,0.2551506614203147,0,0
54025,4,21,0,1,0.2843901248828938,0,0
54029,3,5,1,1,0.304129472803313,0,1
54037,1,9,1,1,0.2340245994234871,0,0
54043,4,19,0,1,0.3084775701061707,0,0
54053,3,19,1,1,0.31007833084488395,0,0
54073,3,5,0,1,0.2849089272795744,0,0
54083,4,22,1,1,0.24494430420604515,0,0
54109,4,39,0,1,0.1776723674047034,0,0
55015,1,14,1,1,0.16000584274920202,0,1
55017,2,14,1,1,0.15741999779138144,0,0
55023,2,13,1,1,0.15737690472027546,0,0
55037,2,4,0,1,0.14409831183221158,0,0
55049,1,19,0,1,0.14644593179759852,0,0
55061,1,6,1,1,0.1509022365651746,0,0
55063,2,15,1,1,0.1481216455213532,0,0
55065,2,14,1,1,0.16707214417003657,0,0
55069,1,7,1,1,0.13439040956244377,0,0
55079,3,37,0,1,0.24219422233630108,0,0
55095,1,20,1,1,0.14782165932061345,0,1
55125,2,12,1,1,0.1448401315002599,0,0
55131,1,18,1,1,0.1454499450508037,0,0
55133,1,30,1,1,0.13746712907274566,0,0
56007,2,12,1,1,0.2596062782714001,0,0
56011,1,10,0,1,0.20618668985279973,0,0
56025,1,11,1,1,0.25128646537154214,0,1
56027,3,5,0,1,0.2900625573993529,0,0
56039,1,9,0,1,0.1424812955963162,0,0
01005,4,9,0,2,0.34903087772517993,0,0
01009,3,17,1,2,0.2979509125399334,0,0
01025,4,10,1,2,0.3478832993232457,0,0
01027,4,10,0,2,0.3381301384035146,0,0
01039,4,13,1,2,0.31262329283491536,0,1
01043,3,19,1,2,0.27186403784004365,0,0
01061,4,14,0,2,0.3051089333006185,0,0
01063,4,8,1,2,0.38018317407361457,0,1
01075,4,9,1,2,0.3186647566187876,0,0
01091,4,15,1,2,0.3527984852656575,0,0
01095,4,18,1,2,0.29462455010892025,0,0
01097,1,36,0,2,0.30395336452673083,0,0
01099,4,17,1,2,0.3705874257233389,0,0
01113,3,12,1,2,0.28689868038511585,0,0
01121,4,12,1,2,0.32147743008924123,0,0
01129,4,16,1,2,0.325619528400199,0,0
04012,4,8,0,2,0.30222519377879287,0,1
04013,1,136,0,2,0.29134270518631117,0,1
04017,4,33,0,2,0.3036581566376291,0,1
05007,2,21,0,2,0.22008335626370776,0,0
05013,4,6,0,2,0.3451686368621293,0,0
05025,4,7,1,2,0.3149105188298082,0,1
05035,4,11,1,2,0.444351503498959,0,0
05039,4,6,1,2,0.33266907743117125,0,1
05069,4,17,1,2,0.401137123358813,0,0
05071,4,12,1,2,0.35919778464411245,0,0
05073,4,6,1,2,0.36144923571145954,0,1
05075,4,14,1,2,0.3142561333879384,0,0
05077,3,11,1,2,0.44337091080524194,0,1
05079,4,8,1,2,0.35039278927159523,0,0
05089,3,17,0,2,0.29263154706686423,0,0
05091,4,6,1,2,0.3755681994992647,0,0
05117,3,11,1,2,0.3562708668682631,0,1
05121,4,11,1,2,0.340236133308735,0,0
05127,4,10,1,2,0.3664405986797382,0,1
06013,1,49,0,2,0.19199463108864243,0,0
06023,4,36,1,2,0.22666042072983467,0,0
06049,3,13,0,2,0.36718539956527224,0,0
06057,2,12,1,2,0.22989092443361092,0,0
06063,2,17,1,2,0.24560466894357413,0,0
06073,1,108,0,2,0.2285893538470511,0,0
06101,3,13,1,2,0.3347147709535054,0,0
08007,1,5,1,2,0.14602122656868796,0,1
08017,2,4,0,2,0.1609272811154011,0,0
08021,4,8,0,2,0.3039883562850522,0,0
08041,1,45,0,2,0.20029273010992946,0,0
08051,2,11,0,2,0.15862734195333336,0,0
08061,3,5,0,2,0.1986771509059428,0,0
08071,4,11,0,2,0.24799541148723536,0,0
08073,2,9,0,2,0.25307141186549675,0,0
08077,2,19,1,2,0.2178016520846399,0,0
08085,3,12,0,2,0.18731350601275795,0,0
08087,2,10,1,2,0.25145626045537484,0,0
08095,2,3,0,2,0.18181440077912772,0,0
08117,1,4,0,2,0.22744686399335826,0,0
08119,1,7,0,2,0.1759082633479033,0,0
09015,1,31,1,2,0.17607504243156236,0,0
12009,2,28,0,2,0.19692134061799416,0,0
12029,4,6,0,2,0.2678532612010752,0,0
12037,4,8,0,2,0.25961696718351723,0,0
12047,4,3,0,2,0.2933631465567465,0,0
12051,4,6,1,2,0.2758560550522636,0,1
12059,4,4,1,2,0.2536920295961512,0,0
12063,1,14,1,2,0.23834245376070942,0,1
12079,4,5,1,2,0.32579531360265007,0,0
12103,2,48,0,2,0.1867809437717186,0,0
12123,1,6,0,2,0.1637134541710411,0,0
13005,4,3,1,2,0.338032260608376,0,1
13013,2,8,1,2,0.22023810873477495,0,0
13015,2,14,1,2,0.21998321831563633,0,1
13021,1,12,1,2,0.33303254805775195,0,0
13023,4,6,1,2,0.31591117326841317,0,1
13029,1,3,0,2,0.18180808046204033,0,0
13045,1,11,1,2,0.22695223464600028,0,0
13051,3,14,0,2,0.24230331428880256,0,1
13053,3,2,0,2,0.17754144660251664,0,0
13059,1,9,1,2,0.26205863832265114,0,0
13061,4,6,0,2,0.4197520991417079,0,0
13067,1,23,0,2,0.1554981542310543,0,0
13071,4,13,1,2,0.35728695555244433,0,0
13081,4,5,0,2,0.40571633590391687,0,0
13099,4,7,0,2,0.4210561955819761,0,0
13123,3,5,0,2,0.21727627111287035,0,0
13129,4,8,1,2,0.24861856955168968,0,1
13131,4,6,0,2,0.3472566257900141,0,0
13141,4,5,0,2,0.4373252420309838,0,0
13193,4,10,1,2,0.39512515260849945,0,0
13199,4,10,0,2,0.3702608012767179,0,0
13215,4,11,1,2,0.2821939695455908,0,0
13227,2,9,1,2,0.18420501182519214,0,0
13231,2,8,0,2,0.260407996126922,0,0
13253,4,4,1,2,0.35500824322458574,0,1
13263,4,8,0,2,0.3093112803390985,0,0
13267,4,6,1,2,0.3551075522062369,0,0
13271,4,7,0,2,0.3741546489475489,0,0
13283,4,6,0,2,0.3751379861558546,0,0
13289,4,6,0,2,0.38656442966369414,0,0
13311,2,7,0,2,0.1969953888660723,0,0
13313,4,8,1,2,0.24960957971254977,0,0
13319,4,9,0,2,0.3661283649548249,0,0
16003,2,6,0,2,0.21055470636321613,0,0
16029,2,7,0,2,0.21411473448805368,0,0
16031,3,9,1,2,0.29306006408485635,0,0
16059,3,10,1,2,0.25528009223968595,0,1
16075,3,7,1,2,0.29540314338699847,0,0
16081,1,5,1,2,0.2007390553849217,0,1
16083,3,10,1,2,0.2523306779463132,0,1
17001,2,23,1,2,0.18604127954732716,0,0
17007,1,15,1,2,0.2304048195531212,0,1
17009,2,5,0,2,0.1980380062769568,0,0
17015,1,11,0,2,0.22029377433738867,0,0
17019,3,35,1,2,0.203626950452446,0,0
17021,2,20,1,2,0.24840305212999736,0,1
17025,3,13,1,2,0.23975760065534096,0,0
17029,4,16,0,2,0.2401605931802832,0,0
17035,3,12,0,2,0.2366606741743582,0,0
17055,4,19,1,2,0.30277548275633853,0,1
17059,4,9,1,2,0.32459285740360594,0,1
17071,2,17,0,2,0.23287215029995814,0,0
17079,2,15,0,2,0.23458470110102247,0,0
17085,1,15,0,2,0.19802421464927106,0,0
17087,2,10,1,2,0.28882877098657345,0,1
17093,1,19,1,2,0.2028169765985512,0,0
17097,1,35,1,2,0.17921807681779886,0,0
17119,2,35,0,2,0.24015011402298508,0,1
17123,2,19,1,2,0.2460004038884389,0,1
17129,1,8,0,2,0.19200434054687124,0,0
17135,3,28,0,2,0.2571820459911651,0,0
17137,3,16,1,2,0.2484167124686089,0,1
17147,1,16,0,2,0.19272325251815006,0,0
17157,2,18,1,2,0.27708282415806984,0,1
17159,3,9,1,2,0.24687653450537528,0,0
17161,2,20,1,2,0.24843670939735604,0,0
17171,2,9,1,2,0.2212427353264941,0,1
17177,3,19,0,2,0.2639381100901637,0,0
17181,3,13,1,2,0.24193638708048412,0,0
17189,1,13,1,2,0.22858048424415797,0,0
17193,3,11,1,2,0.24642253296137695,0,0
18007,3,10,0,2,0.3337430698987248,0,0
18011,1,12,1,2,0.18387548693962374,0,1
18017,3,12,1,2,0.3189648731221819,0,1
18021,2,17,1,2,0.29173920414884463,0,0
18023,3,12,1,2,0.31200971185698345,0,1
18025,3,9,0,2,0.2919591507804555,0,0
18027,3,7,0,2,0.26994566772091205,0,0
18031,2,10,0,2,0.32071093548243323,0,0
18057,1,23,0,2,0.15533617627660767,0,0
18063,1,19,1,2,0.1858166239744046,0,0
18069,2,9,1,2,0.269378076151078,0,1
18085,1,21,1,2,0.24777539696879403,0,0
18087,1,12,1,2,0.28645151053408513,0,1
18095,3,18,1,2,0.3613625988165101,0,0
18119,3,14,0,2,0.3021270671466772,0,0
18125,2,11,0,2,0.2791083462839504,0,0
18137,2,12,0,2,0.26071743483068605,0,0
18147,1,16,1,2,0.29868629345670883,0,0
18149,3,11,1,2,0.340094425408604,0,0
18151,1,9,0,2,0.267326389602018,0,0
18163,3,11,1,2,0.3048522370559914,0,0
18165,2,8,0,2,0.2861301502638886,0,0
18169,2,14,1,2,0.30203173745385004,0,1
18173,1,12,1,2,0.1847918704917292,0,1
19019,1,16,0,2,0.1905994992705599,0,0
19023,1,16,1,2,0.21007127373941076,0,0
19053,3,11,0,2,0.23528246930978544,0,0
19075,1,16,0,2,0.20403185431080936,0,0
19085,2,15,0,2,0.20299354793274693,0,0
19087,2,11,1,2,0.22993803260108506,0,0
19095,1,21,1,2,0.19350243350526397,0,0
19103,1,24,1,2,0.19545953220406884,0,0
19113,1,29,1,2,0.18541118328487788,0,0
19129,1,11,1,2,0.18919890900190434,0,0
19151,2,16,1,2,0.23771002617699938,0,1
19177,2,13,0,2,0.2334832977515075,0,0
19189,1,11,0,2,0.20990063689582678,0,0
20013,2,13,0,2,0.24640287648942405,0,0
20027,1,10,1,2,0.20448539196679297,0,1
20037,1,15,1,2,0.29187378343915166,0,1
20055,3,7,1,2,0.2971517888518303,0,1
20063,2,10,0,2,0.2998126640798667,0,0
20065,2,13,0,2,0.15450275195453636,0,0
20067,2,3,1,2,0.27590559063145315,0,1
20083,2,8,1,2,0.23077085014615695,0,1
20089,3,14,0,2,0.393539433789331,0,0
20093,3,4,0,2,0.3439690920410274,0,0
20115,1,19,0,2,0.26314331843716565,0,0
20119,1,5,0,2,0.2803940964121904,0,0
20121,1,11,1,2,0.19071555662225767,0,1
20123,2,7,0,2,0.21518085988310534,0,0
20131,1,15,0,2,0.19654084138810626,0,0
20139,2,15,1,2,0.3438087477523844,0,0
20145,2,9,0,2,0.22928168963774478,0,0
20149,2,12,1,2,0.25708653591509273,0,0
20167,2,11,1,2,0.2314889686223123,0,1
20177,1,29,0,2,0.3395355520524304,0,0
20181,2,4,0,2,0.28171617758101547,0,0
20191,2,18,0,2,0.25966933360278077,0,0
20201,2,15,1,2,0.14651168467131648,0,1
20205,4,10,1,2,0.31989985767145634,0,1
21005,2,5,0,2,0.1837145999936541,0,0
21025,4,10,0,2,0.29813145335144275,0,0
21031,4,10,0,2,0.296108731472013,0,0
21037,2,10,1,2,0.20409740307604365,0,1
21059,3,10,1,2,0.3139913279020372,0,0
21067,2,17,1,2,0.18320564298211758,0,0
21073,2,5,1,2,0.19811122957828733,0,1
21077,3,6,1,2,0.26963787998797506,0,1
21081,3,8,1,2,0.2938331938524545,0,0
21105,4,7,1,2,0.3551437949976262,0,1
21107,4,13,1,2,0.31352098151116664,0,0
21113,3,4,1,2,0.21402435938465275,0,1
21127,4,10,1,2,0.29005676881846093,0,0
21131,1,22,0,2,0.23231172332406985,0,0
21141,4,7,1,2,0.33625548201452743,0,0
21157,2,8,0,2,0.23268313522868792,0,0
21159,4,9,1,2,0.2372494182019718,0,1
21163,2,12,1,2,0.24820992416594007,0,0
21171,4,6,1,2,0.3331434283750853,0,1
21181,4,6,0,2,0.33303707974117397,0,0
21191,3,10,1,2,0.26395359058537443,0,0
21211,2,14,1,2,0.22954309772924078,0,1
21227,3,9,1,2,0.23952676378097643,0,0
21231,4,5,1,2,0.33079494610045707,0,0
21237,4,5,1,2,0.32241336380914704,0,1
22003,3,13,1,2,0.2782009251182635,0,0
22005,1,8,1,2,0.2424716866292928,0,0
22009,4,15,1,2,0.3253694845332364,0,1
22021,4,4,1,2,0.3647561636394817,0,1
22049,4,7,1,2,0.34407877582200697,0,0
22055,1,16,1,2,0.25554515258184746,0,0
22057,3,14,1,2,0.29909875723026846,0,0
22071,4,17,0,2,0.34050151759595026,0,0
22097,1,18,0,2,0.32411286418537694,0,1
22107,4,4,1,2,0.354177125302921,0,1
22109,3,13,1,2,0.3178882912077346,0,0
22119,4,12,1,2,0.39534173325605254,0,1
22125,2,4,0,2,0.44096473014232807,0,0
23001,2,14,1,2,0.14346557941344462,0,0
23003,4,41,0,2,0.2269499843319521,0,0
23009,2,40,1,2,0.13295071992336388,0,1
24015,1,15,0,2,0.2605661427639826,0,1
24043,1,20,1,2,0.23069070510965076,0,0
25007,1,7,0,2,0.14716872251430155,0,0
25023,1,34,1,2,0.1280775871411286,0,0
25025,3,36,1,2,0.17750034987686483,0,0
26009,2,16,1,2,0.19697443703011036,0,0
26013,3,7,1,2,0.21641871861836473,0,1
26015,1,15,1,2,0.22100521397955988,0,1
26019,1,11,0,2,0.17530912008951466,0,0
26021,1,23,1,2,0.2822958392554853,0,0
26047,2,11,0,2,0.16941005843551232,0,0
26057,3,20,0,2,0.2393625634228963,0,0
26071,3,8,0,2,0.17666667296698818,0,0
26075,2,29,1,2,0.2751793155965178,0,0
26083,3,6,0,2,0.1534195213663677,0,0
26099,2,39,1,2,0.24899995868445324,0,0
26103,2,15,1,2,0.15259028625652712,0,1
26111,2,15,0,2,0.1738313814525419,0,0
26113,3,9,0,2,0.2430422602784145,0,0
26125,1,71,0,2,0.15617351511153427,0,0
26133,4,9,0,2,0.2568147657470994,0,0
26137,3,7,1,2,0.19995871614327038,0,0
26141,2,7,1,2,0.19097394231589523,0,0
26143,4,7,0,2,0.23154760757510995,0,0
26149,3,13,1,2,0.28567840025854635,0,1
26151,3,22,1,2,0.2560312207462349,0,0
26155,2,19,1,2,0.21822817515165585,0,1
26157,3,21,1,2,0.2778201834466119,0,0
26163,3,68,0,2,0.3042402822268748,0,0
27005,2,16,1,2,0.23823947311366178,0,1
27009,1,9,1,2,0.1548829662286688,0,1
27015,1,10,0,2,0.1790414644863934,0,0
27017,2,15,0,2,0.1665367332863854,0,0
27057,2,10,1,2,0.18851066038828054,0,0
27067,2,16,0,2,0.17295761545655366,0,0
27079,1,13,1,2,0.18007843903715048,0,0
27081,2,12,0,2,0.19447911943068225,0,0
27087,4,8,0,2,0.36088512243567916,0,0
27101,1,16,0,2,0.1912380607996299,0,0
27105,3,17,0,2,0.2270389753814659,0,0
27111,1,34,1,2,0.1995701835136973,0,0
27157,1,13,0,2,0.16181858809308863,0,0
27161,2,13,0,2,0.21581350225613208,0,0
27167,1,12,0,2,0.1770793003242756,0,0
27171,1,19,1,2,0.14155221746923857,0,0
28001,4,2,1,2,0.2679100918229634,0,1
28003,4,5,1,2,0.2308784807403585,0,1
28005,4,9,0,2,0.20730139513792994,0,0
28023,4,9,1,2,0.2091814283466825,0,0
28025,4,8,1,2,0.3363691330042892,0,0
28027,4,11,1,2,0.44565541542071807,0,0
28039,4,3,1,2,0.20906557596990244,0,0
28049,1,21,0,2,0.28060445926141836,0,0
28053,4,8,0,2,0.39228197179800905,0,0
28061,4,14,1,2,0.2331448872377604,0,0
28095,4,12,1,2,0.24762552834650037,0,0
28117,4,8,0,2,0.2696952142307101,0,0
28121,1,12,1,2,0.17852420101271876,0,0
28125,1,7,0,2,0.08210405737649983,0,0
29001,4,9,1,2,0.21407604634262453,0,0
29003,2,17,0,2,0.2989944480139994,0,0
29009,4,17,1,2,0.3254108507481963,0,0
29013,3,13,1,2,0.29964424768191583,0,0
29015,3,13,1,2,0.297262099794039,0,0
29049,1,11,1,2,0.2728065702772931,0,0
29051,1,9,1,2,0.20936527260558496,0,1
29053,2,14,0,2,0.2420475461006586,0,0
29063,2,10,1,2,0.32642480094820103,0,1
29067,4,16,1,2,0.33390260073209477,0,0
29103,4,12,1,2,0.32556623048823063,0,1
29115,3,15,1,2,0.271966672477459,0,1
29121,2,15,1,2,0.25437221828025136,0,0
29135,2,13,1,2,0.24834523811431164,0,0
29137,3,16,0,2,0.33215141398896325,0,0
29139,3,11,1,2,0.334212543443092,0,1
29153,4,18,1,2,0.3690726179059053,0,1
29163,1,12,1,2,0.2829745399635648,0,0
29173,3,9,0,2,0.29404212541426,0,0
29219,3,9,1,2,0.2670054157763946,0,1
29221,1,16,0,2,0.2825663434044368,0,0
30003,4,18,1,2,0.44741103096825524,0,1
30005,4,9,1,2,0.36398541032628307,0,1
30007,2,6,0,2,0.18230155796936592,0,0
30011,2,8,0,2,0.21590551726758747,0,0
30023,4,5,0,2,0.22493848679196649,0,0
30027,3,11,0,2,0.21516343209310376,0,0
30037,3,3,0,2,0.2568466878615355,0,0
30039,2,5,0,2,0.24986009205807824,0,0
30041,3,10,0,2,0.27792676638241265,0,0
30067,2,9,0,2,0.19796641837132584,0,0
30071,3,8,0,2,0.2929700857001604,0,0
30085,4,10,0,2,0.43194355792727873,0,0
31001,2,14,1,2,0.17622725693407226,0,1
31007,2,8,1,2,0.23201575067357832,0,1
31009,2,4,0,2,0.13522916735522983,0,0
31011,2,8,1,2,0.20302933573838045,0,1
31013,2,3,1,2,0.2849342121393933,0,1
31031,3,18,0,2,0.22971093454561542,0,0
31033,1,5,1,2,0.20705377615307832,0,1
31043,3,8,0,2,0.21246477672073497,0,0
31045,2,6,1,2,0.22780508400092367,0,1
31075,2,3,1,2,0.24142492515528916,0,1
31085,2,8,0,2,0.21037851444459887,0,0
31097,2,12,0,2,0.19587714618682467,0,0
31107,2,11,0,2,0.20156798379265708,0,0
31119,2,8,1,2,0.16482316597205668,0,1
31133,3,11,0,2,0.22481367759817011,0,0
31149,1,4,0,2,0.1946927338511747,0,0
31157,3,8,1,2,0.27690890350455466,0,1
31161,2,9,1,2,0.2821337037939527,0,1
31179,2,11,1,2,0.17391756174924566,0,1
31183,2,6,0,2,0.22519334757490314,0,0
32009,4,4,0,2,0.1823464852546553,0,0
32011,1,4,0,2,0.37648079830662795,0,0
32013,1,7,1,2,0.34253363007268267,0,0
32015,3,2,0,2,0.37055024534991365,0,0
32031,2,27,0,2,0.29954641206063093,0,0
33013,1,31,1,2,0.10082823600486036,0,0
34017,3,16,0,2,0.19879853371764813,0,0
34033,2,14,1,2,0.23387928019573312,0,1
35003,3,9,0,2,0.44685411587247925,0,0
35007,4,9,1,2,0.31981448808565666,0,0
35021,3,6,0,2,0.28347051290899233,0,0
35045,4,22,0,2,0.3904348768999855,0,1
35051,4,10,1,2,0.32119240412958205,0,1
36023,3,17,1,2,0.19746592905891844,0,0
36033,3,23,1,2,0.19880625427502066,0,1
36035,3,14,0,2,0.17902349945480003,0,0
36063,1,22,1,2,0.23598957235145568,0,0
36065,2,54,1,2,0.2019526632240387,0,0
36069,1,25,0,2,0.1826829985374557,0,0
36091,1,27,1,2,0.1127899801296724,0,0
36101,3,39,1,2,0.1608780995671838,0,0
36113,1,25,0,2,0.14448431994670335,0,0
37001,3,12,1,2,0.21345275096163288,0,0
37003,2,8,1,2,0.1880073177437583,0,1
37005,4,7,0,2,0.23840850411437228,0,0
37007,4,8,1,2,0.284795368968323,0,0
37035,2,14,1,2,0.19728746546026368,0,0
37041,3,4,1,2,0.2605372588451857,0,0
37045,1,13,1,2,0.25306947882833486,0,0
37049,2,11,1,2,0.1992546683178343,0,0
37061,4,19,1,2,0.3076902592509516,0,0
37087,2,7,0,2,0.17309983846586557,0,0
37103,4,9,0,2,0.27851535387588006,0,0
37121,3,4,0,2,0.1753130102024275,0,0
37157,3,11,1,2,0.23349289787991762,0,0
37171,4,12,1,2,0.22373323932710193,0,0
37175,3,10,1,2,0.1612892363065896,0,0
37193,4,23,1,2,0.2135296498449772,0,0
38005,3,18,0,2,0.3095159791599542,0,0
38007,2,8,0,2,0.19947767995143498,0,0
38029,2,8,0,2,0.19966002546539965,0,0
38033,1,4,0,2,0.19958418737767977,0,0
38039,2,9,0,2,0.20702714425924962,0,0
38045,2,12,0,2,0.19607241760818878,0,0
38063,1,9,0,2,0.22980088576098912,0,0
38091,1,12,0,2,0.179359161850855,0,0
39011,1,18,0,2,0.3043642500039481,0,0
39015,3,19,0,2,0.31688255159467327,0,0
39035,1,52,0,2,0.24356346675375382,0,0
39039,1,14,0,2,0.29903086068814955,0,0
39047,3,11,0,2,0.3318323180523034,0,0
39049,2,49,0,2,0.23238352055749964,0,0
39057,2,24,0,2,0.24495246155900385,0,0
39059,3,20,1,2,0.2824171574865042,0,0
39065,3,15,1,2,0.3245913163067306,0,1
39069,1,17,0,2,0.2853568153172417,0,0
39073,3,16,1,2,0.2670286473158117,0,0
39075,1,18,1,2,0.24204970992906213,0,0
39085,1,11,1,2,0.22111094161683992,0,0
39095,3,30,0,2,0.33372878131497746,0,0
39101,3,14,1,2,0.31018226849762254,0,0
39107,1,18,1,2,0.287608380402673,0,1
39109,1,18,0,2,0.2809241424697494,0,0
39113,2,40,0,2,0.31317738950936125,0,0
39115,4,11,0,2,0.3139483476355361,0,0
39141,3,16,1,2,0.297893888496529,0,0
39153,2,41,0,2,0.24862825512599454,0,0
39155,3,30,1,2,0.30570871913514724,0,0
39165,1,24,1,2,0.1920576844894567,0,0
40019,3,13,1,2,0.40952263619566226,0,1
40023,4,12,1,2,0.4339241507731591,0,0
40025,3,4,1,2,0.35505742705176824,0,1
40027,2,21,0,2,0.27267826728543443,0,0
40029,4,10,0,2,0.4293319626912995,0,0
40035,4,10,1,2,0.452403930269385,0,0
40045,3,7,1,2,0.2941864878733115,0,1
40079,4,23,1,2,0.37567000817659785,0,0
40093,2,15,0,2,0.33269462113197656,0,0
40121,3,19,1,2,0.3569143556786867,0,1
40123,3,10,1,2,0.30689815744420595,0,1
40133,4,10,1,2,0.3935187311333417,0,0
40135,4,9,1,2,0.3920645931386746,0,0
40139,4,9,1,2,0.38986736586633863,0,0
40141,4,8,1,2,0.4351363516776709,0,1
41005,1,37,1,2,0.18418163620637548,0,0
41021,2,4,0,2,0.2840573010469009,0,0
41035,4,17,1,2,0.33427675627382564,0,1
42007,2,28,0,2,0.17600216085093154,0,0
42019,1,37,0,2,0.13123101587479433,0,0
42029,1,44,0,2,0.14085919651328155,0,0
42049,1,32,0,2,0.2012988041279514,0,0
42067,2,13,0,2,0.20565230084331393,0,0
42071,1,57,0,2,0.20679828683015114,0,0
42077,1,34,0,2,0.2005776138635959,0,0
42083,3,22,0,2,0.1600854542429548,0,0
42087,3,13,1,2,0.20069606554601416,0,1
42093,2,9,0,2,0.17476268926149427,0,0
42095,1,26,1,2,0.1884256077880466,0,0
42113,3,13,0,2,0.20768137482049612,0,0
42117,3,25,0,2,0.1847428440790036,0,0
45015,2,17,1,2,0.302427183181153,0,0
45025,4,11,1,2,0.3289086806802208,0,0
45033,4,11,1,2,0.36492755557881973,0,1
45043,3,5,1,2,0.25954458519277385,0,1
45049,4,13,1,2,0.3983779636884985,0,0
45051,3,16,1,2,0.27295860586957255,0,0
45055,3,13,1,2,0.27295652286234257,0,1
45061,4,12,0,2,0.4005064595890062,0,0
45065,1,11,0,2,0.31084192322996457,0,0
45077,3,15,1,2,0.21540682628679322,0,0
46015,2,6,0,2,0.1955636195465165,0,0
46019,3,8,0,2,0.24571234578170847,0,0
46033,3,9,1,2,0.23625735454474422,0,1
46065,1,3,1,2,0.157041302813587,0,0
46077,1,9,1,2,0.16738042091376515,0,1
46091,1,10,1,2,0.18125093013585664,0,1
46099,1,23,1,2,0.16676161674569723,0,0
46102,4,11,0,2,0.5704340488981336,1,0
46107,1,5,0,2,0.1930751053514211,0,0
46129,1,7,1,2,0.1814992646787866,0,1
47011,3,8,1,2,0.2615661795310541,0,0
47013,4,11,1,2,0.3155970322047244,0,0
47051,3,15,0,2,0.3146062436286396,0,0
47059,4,10,1,2,0.3118894256165873,0,0
47061,4,10,0,2,0.3110643735457467,0,0
47067,4,5,1,2,0.33569542893458826,0,1
47081,3,13,0,2,0.2820484080974797,0,0
47113,3,13,0,2,0.32246902665092547,0,1
47115,3,12,0,2,0.20792098995734837,0,0
47135,4,4,1,2,0.3233534063163717,0,1
47143,4,6,0,2,0.28315870325975095,0,0
47145,2,10,1,2,0.24148103191856707,0,0
47151,4,9,0,2,0.2664958346823425,0,0
47161,2,8,0,2,0.2723492830020308,0,0
47175,4,7,1,2,0.32538851754060566,0,1
47177,4,6,1,2,0.34199691621466183,0,1
47185,4,5,1,2,0.308983884352442,0,0
48007,4,5,1,2,0.36132382543916075,0,0
48009,2,10,1,2,0.31697783141941216,0,1
48011,1,6,0,2,0.2728325482288346,0,0
48015,2,13,1,2,0.35371675306551975,0,0
48019,2,7,1,2,0.3395127097512422,0,0
48023,2,2,1,2,0.2978386145301008,0,1
48025,4,11,1,2,0.44278311969238754,0,1
48027,3,23,0,2,0.358102609165366,0,0
48041,3,9,0,2,0.26862425994419853,0,0
48045,4,4,0,2,0.42565472091113044,0,0
48049,3,10,1,2,0.3204266952897871,0,1
48069,3,10,0,2,0.38132474779633574,0,0
48085,1,38,0,2,0.20105220180533007,0,0
48089,2,18,1,2,0.353084680013077,0,0
48105,2,6,0,2,0.38317341921073683,0,0
48107,4,9,0,2,0.4299985647906787,0,0
48111,1,3,0,2,0.30085042762566544,0,0
48121,1,37,0,2,0.23517576221978534,0,0
48123,3,9,1,2,0.3911903324481799,0,0
48139,1,20,1,2,0.32651354561594864,0,0
48155,4,3,0,2,0.33687488894572987,0,0
48167,2,18,0,2,0.3126763532761742,0,1
48179,4,7,0,2,0.3592659970040999,0,0
48187,2,14,0,2,0.32220604299994055,0,1
48193,3,10,1,2,0.3309329759144343,0,1
48201,3,141,0,2,0.3317893791231729,0,0
48221,1,8,1,2,0.290994466035538,0,0
48249,4,8,1,2,0.43737182467795566,0,1
48255,3,8,1,2,0.40631437063331016,0,0
48263,3,4,0,2,0.3578587415939878,0,0
48271,4,1,0,2,0.3803282309821069,0,0
48285,2,7,1,2,0.3183138061905849,0,0
48291,3,14,1,2,0.36228147483107226,0,0
48297,3,10,0,2,0.4148465227392079,0,0
48301,1,1,0,2,0.3769423484357795,0,0
48317,1,8,1,2,0.2594544655849288,0,1
48325,1,15,0,2,0.32177312107462325,0,0
48331,3,13,1,2,0.3896024732822733,0,0
48335,2,3,1,2,0.3280736232102489,0,1
48347,1,10,1,2,0.29165778730871283,0,1
48369,3,5,0,2,0.3608016594805558,0,0
48385,4,8,0,2,0.40670704303578403,0,0
48393,4,5,0,2,0.3586451177483164,0,0
48395,3,9,1,2,0.35929651044277494,0,0
48409,3,9,1,2,0.3769006016979463,0,0
48413,2,3,0,2,0.06890468426287824,0,0
48415,3,8,1,2,0.37230687979950794,0,0
48425,3,7,0,2,0.35499653316432306,0,0
48433,3,7,0,2,0.30518791005395907,0,0
48443,3,2,0,2,0.37531704787656867,0,0
48445,4,6,1,2,0.4701069253198481,0,1
48455,4,7,1,2,0.32347951654805124,0,0
48461,2,4,0,2,0.36921021145566696,0,0
48471,4,9,1,2,0.3398703440991267,0,0
48473,2,11,1,2,0.4113780324021637,0,1
48479,4,10,0,2,0.44291063493889005,0,1
48481,1,13,1,2,0.3913779087242981,0,0
48485,3,11,0,2,0.382003646510374,0,1
48499,3,12,1,2,0.28506593847810363,0,0
48505,4,5,1,2,0.5007176120213551,1,0
49003,2,20,1,2,0.2975664773162348,0,1
49013,2,12,0,2,0.3548516217279098,0,0
49015,2,9,0,2,0.3058823021349865,0,0
49023,2,6,0,2,0.2900727931756493,0,0
49025,2,7,0,2,0.2556043001240774,0,0
49031,3,6,0,2,0.2486894566019191,0,0
49037,3,12,1,2,0.3448136194994358,0,0
49045,1,8,0,2,0.32934795570704134,0,0
50001,1,20,1,2,0.11585875390814247,0,1
50009,3,10,0,2,0.15269445523639044,0,0
50011,1,17,0,2,0.12380019250154846,0,0
51003,2,24,1,2,0.13137493849643103,0,0
51013,1,11,1,2,0.10045816202840513,0,0
51019,1,18,1,2,0.17273855237503907,0,1
51021,2,6,0,2,0.1974052916478693,0,0
51027,4,16,1,2,0.3035115800584988,0,0
51031,3,14,1,2,0.2279855896011194,0,1
51036,2,4,1,2,0.29433985866174567,0,1
51045,1,5,0,2,0.16121174228785395,0,0
51047,1,18,1,2,0.2028671683730399,0,1
51061,1,24,1,2,0.1419183060194813,0,1
51063,2,11,1,2,0.19033985463567715,0,0
51075,1,15,1,2,0.13546981852628798,0,0
51081,4,4,1,2,0.3247270712185,0,1
51093,1,8,1,2,0.22808784552279787,0,1
51153,1,19,1,2,0.12478737723180251,0,0
51155,3,8,0,2,0.2200078132925181,0,0
51157,1,10,0,2,0.17319440901616157,0,0
51183,1,11,0,2,0.3106999940716535,0,0
51510,1,8,1,2,0.1247955243204898,0,0
51520,4,2,1,2,0.3162834025976447,0,0
51540,3,4,0,2,0.13976942001705545,0,0
51580,3,1,0,2,0.23223602879001717,0,0
51620,3,1,0,2,0.31139312136235314,0,0
51685,1,1,0,2,0.1416986421203455,0,0
51700,3,8,1,2,0.23962138017709703,0,0
51720,4,1,0,2,0.2869261304877239,0,0
51740,1,8,1,2,0.30877177800161026,0,0
51840,3,1,1,2,0.20158437924037562,0,0
53009,2,9,0,2,0.17233228838402836,0,0
53017,2,13,1,2,0.24048732864732075,0,0
53041,2,23,1,2,0.21409343083036372,0,1
53045,2,15,1,2,0.22352708913621444,0,1
54001,4,12,0,2,0.2823839757663412,0,0
54017,3,10,0,2,0.2674200677562027,0,0
54041,4,11,1,2,0.30419935402634424,0,0
54047,4,36,0,2,0.34031515945881613,0,0
54049,3,18,1,2,0.25037728676957083,0,1
54055,4,19,0,2,0.3006406882478012,0,0
54067,3,25,1,2,0.32084794099915487,0,0
54069,2,6,1,2,0.2501919889803371,0,1
54079,2,17,1,2,0.2657638309286424,0,0
54093,2,10,0,2,0.24534954407929888,0,0
55005,2,19,1,2,0.14160233491309066,0,1
55007,2,15,1,2,0.1498330964023915,0,0
55009,1,19,1,2,0.14731924797957824,0,0
55013,3,11,0,2,0.14914649398778623,0,0
55027,1,31,1,2,0.17866844484511102,0,0
55041,3,11,0,2,0.1813473921991802,0,0
55047,2,12,0,2,0.19196639044488903,0,0
55051,3,12,0,2,0.16344317250456772,0,0
55075,3,16,1,2,0.16956511939597957,0,0
55078,4,4,1,2,0.336126977438551,0,1
55085,1,14,1,2,0.12276111230395986,0,1
55087,1,24,1,2,0.1470482623445714,0,0
55089,1,13,1,2,0.1440555446185825,0,1
55091,1,6,0,2,0.13703193711884135,0,0
55101,2,16,0,2,0.19381978210077266,0,0
55107,3,14,0,2,0.14360512983767867,0,0
55111,1,17,1,2,0.14531465202996158,0,1
55121,1,14,1,2,0.14164534003884993,0,0
55139,1,18,1,2,0.1685987963364912,0,0
56031,2,5,1,2,0.2937836820581968,0,1
01001,3,10,1,3,0.2644774768424719,0,1
01011,4,7,1,3,0.3222271024583619,0,1
01013,4,8,0,3,0.33200982941783436,0,0
01017,4,10,1,3,0.3109128148987352,0,1
01021,3,14,1,3,0.3023486421755039,0,0
01035,4,13,1,3,0.3443979521421179,0,1
01041,3,11,0,3,0.28523780860898235,0,0
01045,3,14,1,3,0.2777646432406948,0,1
01047,4,10,1,3,0.31815468440950967,0,0
01055,3,14,1,3,0.28121717162928295,0,1
01077,3,9,1,3,0.26130448825040026,0,0
01079,3,10,1,3,0.3106647665855692,0,1
01083,2,15,1,3,0.27597103624779645,0,0
01093,4,12,1,3,0.26428214243979875,0,1
01101,1,24,1,3,0.2738652907310978,0,0
01107,4,8,1,3,0.29825920194103606,0,0
04003,3,23,0,3,0.19664146630041981,0,1
04007,4,13,0,3,0.2992189224694337,0,1
04011,2,3,0,3,0.22905084820393926,0,0
04023,4,9,1,3,0.36855510441822925,0,1
05003,4,7,1,3,0.32107397288479317,0,0
05011,4,7,1,3,0.3188571014134592,0,1
05031,1,16,1,3,0.30869677626433173,0,0
05033,3,11,1,3,0.34039331095415404,0,1
05097,4,9,1,3,0.342810897492255,0,1
05107,4,12,1,3,0.41548700134765587,0,0
05113,4,7,1,3,0.33471536976975036,0,0
05129,4,10,1,3,0.32932397534777647,0,1
05133,4,7,1,3,0.35366913517857956,0,0
05139,4,10,1,3,0.3155968278505072,0,1
05141,4,12,1,3,0.29504650139784255,0,0
05143,3,20,0,3,0.23056790740333502,0,0
05149,4,13,1,3,0.33449929184443117,0,0
06003,1,3,0,3,0.22057388147775933,0,0
06009,1,20,1,3,0.22001723543751106,0,1
06021,3,7,1,3,0.3658798689545915,0,0
06031,4,12,1,3,0.37729244721118727,0,0
06033,3,15,1,3,0.3163962632856635,0,1
06039,4,18,0,3,0.3803068161282129,0,0
06041,1,29,1,3,0.12065084772659382,0,0
06047,4,24,0,3,0.3677987468413849,0,1
06051,1,9,0,3,0.2430793442652997,0,0
06067,2,57,0,3,0.2657834391741705,0,0
06069,2,7,1,3,0.2555728603394867,0,0
06081,1,30,0,3,0.14398842505293913,0,0
06083,2,24,1,3,0.2143308207322064,0,0
06107,4,41,0,3,0.402487805817051,0,0
06113,3,19,1,3,0.25603875784735375,0,0
08009,4,8,1,3,0.2562271111121464,0,1
08013,1,22,1,3,0.22578853373353275,0,0
08015,2,5,0,3,0.13885248796566346,0,0
08025,4,6,0,3,0.26097967634254043,0,0
08033,1,5,0,3,0.1878610245076881,0,0
08037,1,13,1,3,0.12839344884579929,0,0
08039,1,14,0,3,0.17814606765461327,0,0
08045,1,8,1,3,0.1754807627072288,0,1
08053,1,3,0,3,0.1433923284057254,0,0
08063,2,6,0,3,0.2248970540438643,0,0
08089,4,7,0,3,0.3052382297585627,0,0
08097,1,7,0,3,0.1366607611752812,0,0
08099,3,6,1,3,0.22455512258020688,0,1
08101,3,15,1,3,0.31754554600079216,0,0
08113,1,7,1,3,0.10241099393738529,0,1
09009,1,41,1,3,0.1445564097957888,0,0
10001,1,18,1,3,0.26352403891064574,0,0
12001,3,23,1,3,0.16335527984697285,0,0
12011,2,53,0,3,0.15921219074869966,0,0
12027,4,4,0,3,0.3183013524451222,0,0
12041,4,5,1,3,0.2134474196284566,0,0
12045,2,2,0,3,0.18942243542308596,0,0
12057,2,56,0,3,0.15859202279346757,0,0
12069,2,28,0,3,0.20359220871524245,0,0
12071,1,38,0,3,0.16175016405791096,0,0
12086,3,79,0,3,0.21818230989133236,0,0
12095,3,46,0,3,0.15706323796134047,0,0
12099,2,53,0,3,0.14868374524651556,0,0
12105,3,41,0,3,0.2068244733289456,0,0
12111,2,17,1,3,0.197696170738776,0,0
12113,1,9,1,3,0.14737343016506815,0,0
12119,1,11,1,3,0.19823783445613483,0,0
12125,1,5,0,3,0.1640246585962007,0,0
13037,4,6,0,3,0.3982584004389497,0,0
13039,3,8,1,3,0.2106889912393685,0,1
13055,4,6,1,3,0.2851166294100688,0,0
13057,1,15,1,3,0.12602335277761342,0,0
13069,4,10,1,3,0.35504410346607507,0,1
13073,1,7,1,3,0.1554640024356776,0,0
13075,4,5,1,3,0.3250385111240341,0,0
13083,3,5,1,3,0.22173364417307712,0,0
13089,1,36,0,3,0.20268836929320394,0,0
13113,1,8,1,3,0.1528207777760428,0,0
13117,1,10,0,3,0.10208939003965108,0,0
13119,3,10,1,3,0.24700496357745672,0,0
13121,1,46,0,3,0.17845116625134974,0,0
13133,3,7,0,3,0.28719448316889107,0,0
13143,3,7,0,3,0.2307096860997549,0,0
13147,4,8,0,3,0.25857987184676473,0,0
13149,3,6,1,3,0.23742955017100084,0,1
13155,4,7,1,3,0.35606610193625887,0,1
13163,4,9,1,3,0.3759582358151648,0,0
13165,4,5,1,3,0.38338137830763996,0,1
13177,2,7,0,3,0.2716866748795601,0,0
13179,1,9,1,3,0.21669759661018673,0,1
13211,1,9,0,3,0.21949106116142209,0,0
13229,4,7,0,3,0.3092128290163576,0,0
13237,4,5,1,3,0.30952878753342217,0,0
13249,3,7,0,3,0.25434576458221614,0,0
13269,1,6,0,3,0.1525983378101064,0,0
13279,4,3,1,3,0.32487027807624774,0,0
13301,4,9,1,3,0.4026679659626026,0,1
13303,4,10,1,3,0.3702958125372517,0,0
13321,4,12,0,3,0.3861872028498229,0,0
16001,1,17,1,3,0.145320712783151,0,0
16005,3,10,0,3,0.29336947304282024,0,0
16007,3,10,0,3,0.01927329356441263,0,0
16009,3,9,0,3,0.3203174937271002,0,0
16013,2,8,1,3,0.23600619312840587,0,0
16033,4,3,0,3,0.19668014289082902,0,0
16045,2,7,1,3,0.22357826019452856,0,0
16047,3,6,1,3,0.3345198081935434,0,0
16063,3,6,0,3,0.28436414395052745,0,0
16073,3,12,1,3,0.2826419551052931,0,1
16077,4,4,0,3,0.3312955931778822,0,0
17003,1,8,1,3,0.11148383254293376,0,1
17037,2,22,0,3,0.22880606296738035,0,0
17039,2,13,1,3,0.25126287870598324,0,0
17047,2,6,0,3,0.23042032978390387,0,0
17051,3,20,0,3,0.2852850229809164,0,0
17063,1,16,1,3,0.22253473788946207,0,0
17117,2,28,1,3,0.22291229505339158,0,0
17127,3,8,1,3,0.2966290900595105,0,0
17131,1,18,0,3,0.2344199060858033,0,0
17133,1,9,1,3,0.12943898091921674,0,1
17139,2,11,0,3,0.2311216999804819,0,0
17141,2,27,1,3,0.21985436987048784,0,1
17143,1,27,0,3,0.22383938201884668,0,0
17145,3,12,0,3,0.2752814349563515,0,0
17163,2,34,0,3,0.26431499737628644,0,1
17167,2,29,1,3,0.18862295016132608,0,0
17173,2,22,1,3,0.23027092084609985,0,0
17195,2,15,0,3,0.2444198907824163,0,0
18001,3,8,1,3,0.3021567587021866,0,1
18065,3,22,0,3,0.3324886726615828,0,0
18097,3,40,0,3,0.27570285768673664,0,0
18129,1,7,1,3,0.24967188891716968,0,0
18171,2,11,0,3,0.24652811796206578,0,0
18177,3,17,1,3,0.31346061946370307,0,1
19005,2,10,0,3,0.172348018069106,0,0
19025,2,14,0,3,0.2822682485916871,0,0
19035,2,15,0,3,0.2920718052650043,0,0
19049,1,25,1,3,0.174243945536203,0,0
19063,2,7,0,3,0.23598315657527325,0,0
19065,2,24,0,3,0.23780467804005612,0,0
19073,2,13,0,3,0.2276176639274987,0,0
19081,2,13,0,3,0.19616845561787907,0,0
19099,1,19,1,3,0.22226296842553694,0,1
19107,2,19,0,3,0.23299353342804197,0,0
19111,3,12,1,3,0.27951538133373294,0,0
19117,2,9,0,3,0.22290449377987182,0,0
19127,2,21,1,3,0.25871769568809744,0,1
19135,2,7,0,3,0.21207963898920484,0,0
19141,2,14,0,3,0.21113756508108517,0,0
19157,2,17,1,3,0.2019197934965692,0,0
19193,2,25,1,3,0.2182300828230886,0,0
20001,3,11,1,3,0.37069581815101843,0,0
20007,3,11,0,3,0.26159325085452684,0,0
20019,4,10,1,3,0.3509614180022701,0,1
20043,2,10,0,3,0.20795945567721727,0,0
20053,2,9,0,3,0.22568006509826746,0,0
20057,4,10,1,3,0.3523546723923826,0,1
20073,3,11,1,3,0.35430701996973013,0,1
20075,2,4,0,3,0.31776424083922294,0,0
20077,3,10,0,3,0.2936590514632071,0,0
20095,1,12,1,3,0.25144977580673317,0,1
20101,3,5,0,3,0.30491344739287135,0,0
20111,3,12,1,3,0.35997198538888076,0,0
20117,2,13,0,3,0.3138008997591474,0,0
20135,3,9,1,3,0.14992878249339542,0,1
20153,3,10,0,3,0.2596453473838928,0,0
20163,2,10,1,3,0.17693200717935137,0,1
20179,1,11,1,3,0.30423343013553517,0,1
20183,2,10,0,3,0.23312347507648112,0,0
20193,3,8,0,3,0.2801205046316341,0,0
21027,3,18,1,3,0.3034327066586414,0,0
21041,4,8,1,3,0.2897123064698902,0,1
21051,4,10,1,3,0.2969986308402079,0,0
21075,4,3,1,3,0.4216375002690803,0,1
21085,4,9,1,3,0.3236409389652082,0,0
21101,3,8,1,3,0.3122038805004138,0,0
21111,2,41,0,3,0.23570313434142362,0,0
21119,4,24,1,3,0.2703573317209516,0,0
21125,4,8,1,3,0.2717021334497153,0,1
21129,4,6,0,3,0.22437125690423665,0,0
21135,4,9,0,3,0.30480325295400656,0,0
21143,3,4,0,3,0.342378854344535,0,0
21145,3,7,1,3,0.2971712748497722,0,1
21169,4,10,0,3,0.32361088745013944,0,0
21173,4,5,1,3,0.26783324853130436,0,0
21177,3,17,0,3,0.3173867690225156,0,0
21185,1,11,1,3,0.1382924013720774,0,0
21187,3,9,0,3,0.26940578724325764,0,0
21195,4,39,1,3,0.2171601803108708,0,0
21197,4,4,1,3,0.24178044100928842,0,1
21235,4,7,1,3,0.2628160815757075,0,0
22001,4,15,1,3,0.30245441040705345,0,1
22007,4,9,0,3,0.2675265768161951,0,0
22011,3,9,1,3,0.2929722928592241,0,1
22013,4,13,1,3,0.3735572341504586,0,0
22017,4,25,0,3,0.3374979371558019,0,1
22019,3,16,1,3,0.2931823192713042,0,0
22029,4,5,0,3,0.37392979914037716,0,0
22041,4,7,1,3,0.42706007434648907,0,0
22045,4,10,1,3,0.31940090729269466,0,0
22047,3,8,1,3,0.3305765333738901,0,1
22065,4,4,1,3,0.38213856490191156,0,1
22075,2,9,0,3,0.2982717158764642,0,0
22077,3,17,1,3,0.322959684591947,0,0
22079,4,27,1,3,0.2904622371014825,0,0
22085,4,12,0,3,0.35461531950570824,0,0
22101,4,8,1,3,0.27384926365317336,0,0
22103,2,17,1,3,0.1801086511659135,0,0
22121,2,5,1,3,0.3241833985217889,0,0
22123,4,4,1,3,0.3227161862901704,0,1
23011,2,27,1,3,0.13198453070232205,0,0
23023,1,8,0,3,0.11186450968469186,0,0
23025,4,24,1,3,0.20521993193375196,0,0
24025,1,24,0,3,0.1742075474800529,0,1
24027,1,24,1,3,0.10028703465372615,0,0
24029,2,9,1,3,0.24851597966931033,0,0
24033,1,39,0,3,0.11440535388997287,0,1
24039,1,11,1,3,0.20341396559629865,0,0
24047,2,12,1,3,0.24291807539431934,0,1
25005,2,36,1,3,0.1343484514605273,0,0
26005,2,24,1,3,0.2337667258776007,0,0
26023,3,13,1,3,0.29569654150178465,0,0
26065,1,22,1,3,0.3681710772682413,0,0
26067,2,21,1,3,0.2276245543601905,0,0
26069,3,12,0,3,0.2137961298704868,0,0
26073,4,15,1,3,0.20911724724055708,0,1
26079,3,8,0,3,0.22325277699155016,0,0
26097,3,15,0,3,0.23774159138733966,0,0
26105,3,10,0,3,0.21634615034418386,0,0
26123,3,21,1,3,0.23094904351714124,0,1
26131,3,12,0,3,0.2036052768949952,0,0
26135,3,8,0,3,0.21200126101694408,0,0
26159,3,22,1,3,0.2564667748384678,0,0
27001,2,12,1,3,0.20922915602155948,0,0
27007,3,18,1,3,0.22383371809296476,0,0
27011,2,10,0,3,0.21023789574214238,0,0
27013,3,20,0,3,0.18576172024499765,0,0
27019,1,18,0,3,0.1298480221645246,0,0
27039,1,10,0,3,0.17876231017708766,0,0
27061,2,30,1,3,0.22850843956321,0,1
27065,2,9,0,3,0.21668372166892502,0,0
27069,1,11,0,3,0.20630993577582535,0,0
27071,2,13,0,3,0.21121752751053124,0,0
27075,1,8,0,3,0.15084626230588952,0,0
27077,1,4,0,3,0.01341916102606212,0,0
27083,3,14,1,3,0.19297883765242693,0,0
27089,1,15,0,3,0.23816725389588395,0,0
27091,2,15,0,3,0.22795572642291623,0,0
27113,1,7,0,3,0.22151912282783617,0,0
27117,2,9,0,3,0.2346013592589024,0,0
27135,1,11,1,3,0.21178578861356823,0,0
27139,1,10,1,3,0.13220281814722393,0,0
27143,1,16,0,3,0.19553948690974396,0,0
27147,1,11,0,3,0.22461594187057557,0,0
27155,1,9,0,3,0.21308843254042745,0,0
28011,4,17,1,3,0.39604166678657726,0,1
28017,4,8,0,3,0.26566828326306385,0,0
28055,4,6,0,3,0.1811682058374188,0,0
28057,3,10,1,3,0.22363653478336615,0,0
28069,4,11,1,3,0.27952135219117674,0,1
28071,4,13,1,3,0.11699358216950986,0,0
28073,3,6,1,3,0.1536560162694485,0,0
28087,3,8,1,3,0.23428169113785033,0,0
28101,4,11,1,3,0.2468973883328348,0,0
28105,4,6,0,3,0.21994190854644358,0,0
28127,3,10,1,3,0.2437911378666413,0,0
28141,4,9,1,3,0.23944506712183644,0,0
28145,3,11,1,3,0.18589883406407715,0,0
28149,4,3,0,3,0.2536028740819556,0,0
28155,4,10,0,3,0.24036052543226089,0,0
28157,4,4,0,3,0.17888660406454124,0,0
29011,4,8,1,3,0.36621736499080926,0,1
29031,3,19,1,3,0.26926877569822993,0,1
29043,1,21,1,3,0.16436221645128662,0,1
29047,1,23,0,3,0.2559761758790962,0,0
29059,4,13,1,3,0.3077266815403711,0,0
29069,4,14,1,3,0.4139211363393298,0,1
29071,1,23,1,3,0.2769499954071492,0,0
29077,3,21,0,3,0.22951109908880596,0,0
29085,4,13,1,3,0.28478613089887705,0,1
29087,3,6,0,3,0.3321091681412501,0,0
29089,3,10,0,3,0.2702418452638886,0,0
29091,4,12,1,3,0.3325257799988589,0,0
29093,3,16,1,3,0.2997477896047906,0,1
29097,3,19,0,3,0.2999435224179419,0,1
29107,2,16,1,3,0.29424481943458625,0,1
29111,3,12,0,3,0.3116120137195297,0,0
29127,3,10,1,3,0.28491726581774673,0,0
29129,2,7,0,3,0.253931239615952,0,0
29131,3,17,1,3,0.2534232879107113,0,0
29147,4,18,1,3,0.26404185932550583,0,0
29159,3,15,1,3,0.28051382098561845,0,1
29186,2,8,1,3,0.2458152401508139,0,0
29199,3,10,1,3,0.3501072240089015,0,1
29201,4,14,1,3,0.37230085809751545,0,1
29213,3,20,1,3,0.27583356791264935,0,1
29229,4,11,1,3,0.3370971117912569,0,0
30009,1,13,0,3,0.21693278468727012,0,0
30033,2,8,0,3,0.22672974624857165,0,0
30051,4,5,0,3,0.33810750569768794,0,0
30057,1,18,0,3,0.1768486227953942,0,0
30061,4,5,1,3,0.26457181546236747,0,1
30069,2,4,0,3,0.23081363159390153,0,0
30077,2,8,0,3,0.22642235302621738,0,0
30087,3,8,1,3,0.31687370957076977,0,1
30095,1,10,0,3,0.18116088774987624,0,0
30099,2,12,0,3,0.252916469705354,0,0
30105,3,12,1,3,0.28236306850301307,0,1
30109,2,2,0,3,0.2458929461289462,0,0
31005,2,8,0,3,0.24432962215643023,0,0
31019,1,14,0,3,0.19569396726210653,0,0
31025,1,20,1,3,0.2050126631791801,0,0
31059,1,14,0,3,0.13093617136723915,0,0
31061,2,8,1,3,0.23296553172258477,0,1
31067,2,18,1,3,0.26176872926433503,0,0
31081,1,14,0,3,0.20985658154498424,0,0
31091,1,1,0,3,0.28838290446639064,0,0
31103,2,4,0,3,0.1288381306615184,0,0
31113,2,3,0,3,0.20799144655762392,0,0
31123,2,7,0,3,0.2799007173708693,0,0
31131,1,19,1,3,0.21953727520571997,0,0
31181,2,8,0,3,0.22720477293973926,0,0
31185,1,15,1,3,0.17911975571669028,0,0
32007,1,14,1,3,0.33320022050254594,0,1
33009,1,37,1,3,0.10235346679248408,0,0
33017,1,17,0,3,0.11835059309246024,0,0
33019,2,19,0,3,0.11838065553691704,0,0
34003,1,66,0,3,0.10777451241029233,0,0
34007,1,35,0,3,0.15791084473844588,0,0
34011,1,22,1,3,0.21286108790504632,0,0
34023,1,44,0,3,0.12637200403527066,0,0
34035,1,32,1,3,0.0998671361790039,0,0
35005,4,9,1,3,0.42470794407116774,0,1
35011,4,1,0,3,0.3056009542372733,0,0
35015,3,8,1,3,0.03134478059875384,0,1
35028,1,1,0,3,0.11871877593821359,0,0
35035,4,18,1,3,0.33724077755651144,0,0
35037,4,10,1,3,0.3147223777218175,0,1
36005,4,28,0,3,0.2979803328688827,0,0
36011,1,26,1,3,0.1919162039909462,0,0
36013,3,36,1,3,0.18767580907180104,0,0
36037,2,18,1,3,0.1741872584506093,0,1
36041,2,13,1,3,0.12531094011830612,0,1
36067,2,55,0,3,0.18455994356963412,0,0
36073,3,15,1,3,0.2460231524439636,0,0
36079,1,12,0,3,0.09649540373316165,0,0
36083,2,29,1,3,0.1357763492058759,0,0
36089,3,49,1,3,0.18596827222776305,0,0
36119,1,77,0,3,0.13525047081105945,0,0
37009,1,12,0,3,0.14274065969982827,0,0
37011,3,10,0,3,0.16441950254308796,0,0
37025,2,16,1,3,0.16048173281558778,0,0
37027,3,10,1,3,0.18174448613139044,0,1
37029,2,5,0,3,0.19044796227849178,0,0
37031,2,19,1,3,0.17117043222411177,0,0
37037,1,18,1,3,0.12176725877594755,0,1
37063,2,16,1,3,0.13431206877126672,0,0
37069,3,13,1,3,0.1975236567345314,0,0
37075,4,2,0,3,0.21553921685037797,0,0
37091,4,9,1,3,0.3462768577140032,0,0
37093,3,9,1,3,0.2320276591545341,0,1
37107,4,10,1,3,0.2663522591047347,0,0
37127,3,15,1,3,0.23395748239658234,0,0
37137,3,9,0,3,0.240499015630394,0,0
37141,3,13,1,3,0.17725599919599672,0,1
37149,2,7,0,3,0.14178439441082452,0,0
37155,4,13,0,3,0.2841723927430671,0,1
37161,1,16,1,3,0.15999758319019047,0,1
37165,4,7,1,3,0.3158164045891837,0,1
37177,4,3,0,3,0.2818063286356586,0,0
37183,1,39,0,3,0.1040089515521565,0,0
37191,1,14,1,3,0.22977037728132438,0,0
37195,4,17,1,3,0.2202992853285145,0,0
37197,3,7,0,3,0.21501488555038398,0,0
38001,1,6,0,3,0.30254038354581064,0,0
38011,1,5,0,3,0.2042069392846253,0,0
38017,1,29,0,3,0.18612475197877296,0,0
38019,1,16,0,3,0.21847907595116597,0,0
38021,1,8,0,3,0.2147027938211845,0,0
38031,1,8,0,3,0.18773749270848947,0,0
38047,1,7,0,3,0.23558148727289047,0,0
38053,1,12,0,3,0.20562102867850857,0,0
38057,1,10,0,3,0.23130295639071238,0,0
38071,1,12,0,3,0.07265719993995302,0,0
39013,2,27,1,3,0.23320545397826406,0,0
39017,2,17,1,3,0.2605537397088765,0,0
39019,2,20,1,3,0.23762673841605444,0,0
39021,1,17,0,3,0.29262034060399744,0,0
39023,3,22,1,3,0.3065031067077225,0,0
39043,2,13,0,3,0.2771059661629496,0,0
39061,1,57,0,3,0.21325352636819356,0,1
39071,4,15,1,3,0.33056230187816954,0,1
39077,2,14,1,3,0.26493725525124223,0,1
39083,2,16,0,3,0.2598178970960423,0,0
39089,2,28,1,3,0.221462818035766,0,0
39099,2,36,1,3,0.2719598920270321,0,0
39123,2,18,1,3,0.29614425746577305,0,0
39137,1,17,1,3,0.21666500809492215,0,0
39139,1,19,1,3,0.23287630758344735,0,0
39151,1,42,1,3,0.24006860601315316,0,0
39157,2,27,0,3,0.21219478340513914,0,0
39163,4,15,0,3,0.291962693965482,0,0
39169,2,25,1,3,0.22318658354781964,0,1
39173,2,32,1,3,0.2580502425412443,0,0
40011,3,13,1,3,0.39343155943527897,0,1
40017,1,13,1,3,0.27234408634504925,0,0
40033,3,11,0,3,0.42520680506237324,0,0
40039,4,13,1,3,0.38896121984059967,0,0
40047,1,22,1,3,0.28102820298019004,0,1
40049,3,13,1,3,0.3787866794474057,0,0
40055,4,4,1,3,0.37173742200283627,0,1
40057,4,6,0,3,0.36475846306868187,0,0
40071,4,10,1,3,0.3985598040225001,0,1
40087,1,12,0,3,0.32800532257283854,0,0
40097,4,17,1,3,0.4194773632308866,0,1
40099,3,7,1,3,0.4213855735937053,0,0
40101,4,15,1,3,0.42728807557281634,0,0
40103,2,11,0,3,0.3123231097696857,0,0
40105,3,7,1,3,0.43301669038753166,0,1
40107,4,11,1,3,0.4382495153799417,0,1
40119,1,14,1,3,0.41409262158487375,0,0
40129,3,9,0,3,0.34649690353041934,0,0
40131,1,12,1,3,0.33927314646841217,0,0
40149,3,18,1,3,0.34883190075923814,0,1
41025,2,10,0,3,0.29282707219397985,0,0
41039,3,39,1,3,0.21357487596622807,0,0
41053,2,11,1,3,0.2125776009372431,0,0
41069,4,5,0,3,0.3171389392397196,0,0
42001,1,17,1,3,0.18844949982871015,0,0
42003,1,114,0,3,0.12638110938245456,0,0
42005,2,36,1,3,0.16526249089448147,0,0
42025,2,20,1,3,0.1850412555492448,0,0
42031,3,31,0,3,0.1888875580005725,0,0
42039,3,27,1,3,0.18732807453486047,0,1
42043,2,30,1,3,0.21267543497486083,0,0
42055,1,30,1,3,0.17634272964038666,0,0
42059,2,26,1,3,0.15565578927441798,0,0
42081,2,25,1,3,0.1586550425959029,0,0
42091,1,69,0,3,0.14413430849094147,0,0
42097,2,28,1,3,0.21140287305512342,0,0
42101,4,46,0,3,0.25310651063500417,0,1
42107,2,59,1,3,0.2167678684011719,0,0
42109,2,15,1,3,0.19109696266827278,0,0
42119,1,14,1,3,0.15632538316144606,0,1
42127,2,30,1,3,0.14370930780164043,0,1
44003,1,9,1,3,0.13734348371379476,0,0
45001,4,13,1,3,0.3240540036567078,0,0
45017,4,7,1,3,0.34980236643637974,0,0
45023,4,10,1,3,0.36607582873027844,0,1
45029,4,14,1,3,0.34799875400990626,0,1
45039,4,9,1,3,0.353067600101571,0,0
45045,1,27,0,3,0.1966005686246865,0,0
45047,4,9,1,3,0.3203272862726541,0,0
45059,4,16,1,3,0.3081493030627432,0,0
45071,3,11,0,3,0.33064144667673157,0,0
45087,4,9,1,3,0.33424775941716667,0,0
46003,1,9,0,3,0.21920505910372093,0,0
46005,3,11,0,3,0.18870595916508237,0,0
46011,2,12,0,3,0.1404595613803263,0,0
46035,2,6,1,3,0.21097463216322898,0,0
46047,3,7,0,3,0.2575038594382376,0,0
46069,1,5,0,3,0.15503562783933098,0,0
46071,4,12,0,3,0.3690419453247162,0,0
46081,1,9,0,3,0.2477448026790225,0,0
46085,2,9,0,3,0.2875784475272551,0,0
46097,1,9,0,3,0.17578322918865796,0,0
46101,2,13,0,3,0.18484901091812594,0,0
46103,2,20,1,3,0.18522691682898312,0,0
46105,2,9,0,3,0.26093065310680474,0,0
46117,1,4,0,3,0.1918982919710054,0,0
47001,3,11,1,3,0.22125200762362263,0,1
47003,3,13,1,3,0.2794064902331938,0,1
47029,4,8,0,3,0.3213824945877302,0,0
47035,3,11,1,3,0.24253459459402796,0,0
47043,2,11,1,3,0.27016976153843186,0,1
47057,4,9,0,3,0.3144293183693214,0,0
47063,4,7,1,3,0.31634976207904253,0,1
47069,4,12,1,3,0.30493618572286335,0,0
47071,4,13,1,3,0.29458667696466284,0,0
47085,3,4,1,3,0.30658672588381225,0,0
47087,4,11,0,3,0.26704726322840966,0,0
47089,3,10,1,3,0.24343690178321953,0,1
47117,3,12,1,3,0.23997777812247661,0,1
47125,3,15,1,3,0.25741533852153775,0,0
47131,4,12,1,3,0.33338901413397415,0,1
47133,3,11,0,3,0.29733741560957544,0,0
47137,4,6,0,3,0.2689896107508097,0,0
47141,1,10,1,3,0.3290230540593068,0,0
47149,1,20,1,3,0.267937434119377,0,0
48013,3,15,1,3,0.43031531653228067,0,0
48047,4,2,1,3,0.5173074596086031,1,1
48053,2,13,1,3,0.3106852633022934,0,1
48059,2,9,0,3,0.2774040820683543,0,0
48075,4,4,1,3,0.31011221498412633,0,1
48083,2,15,1,3,0.29344104066821575,0,1
48087,4,5,1,3,0.31207390913875743,0,1
48093,2,14,1,3,0.3052177886805703,0,0
48109,4,2,1,3,0.014129535226838057,0,1
48117,4,6,1,3,0.41414373347605016,0,0
48119,3,7,1,3,0.3428748656017345,0,1
48135,2,8,1,3,0.3136949908385992,0,0
48147,2,19,1,3,0.328705769760507,0,1
48153,3,6,0,3,0.35141599278594343,0,0
48159,1,7,1,3,0.24182525467119217,0,1
48161,4,9,1,3,0.3384624966723556,0,0
48169,4,4,1,3,0.38158884234897367,0,1
48185,3,11,1,3,0.3992979247992866,0,0
48191,4,6,0,3,0.359393591994433,0,0
48195,4,3,0,3,0.39662367642931434,0,0
48209,2,14,1,3,0.23572501919448763,0,0
48223,3,13,1,3,0.3132626091501953,0,1
48231,3,17,0,3,0.36332563946287283,0,1
48239,2,10,1,3,0.34133585404766,0,0
48247,4,1,1,3,0.48307763058897113,0,1
48257,2,13,0,3,0.33216967508084805,0,1
48279,4,13,0,3,0.35609866855345307,0,0
48281,2,6,1,3,0.33385321760025793,0,0
48287,2,9,1,3,0.3062517548406053,0,0
48289,3,8,1,3,0.338050109571258,0,0
48305,3,7,0,3,0.3328831561049763,0,0
48311,3,7,0,3,0.38490906009099835,0,0
48315,4,7,1,3,0.31523115399804846,0,1
48329,1,9,1,3,0.2513738375908042,0,0
48333,2,8,0,3,0.3250800141620496,0,0
48337,3,10,1,3,0.3948459913181537,0,0
48345,3,6,0,3,0.28233351218908836,0,0
48349,4,17,1,3,0.37347578378892016,0,1
48355,3,26,0,3,0.3844510062539326,0,0
48361,2,4,1,3,0.30529580365439957,0,0
48373,3,9,1,3,0.32666323860511237,0,1
48375,4,16,1,3,0.3794696559808817,0,0
48383,2,2,0,3,0.3706572194779616,0,0
48391,3,5,1,3,0.39220229999775136,0,1
48405,4,4,1,3,0.3332836491297612,0,1
48431,2,2,0,3,0.378127074718914,0,0
48437,4,5,1,3,0.41872204958534903,0,1
48439,1,74,0,3,0.29782121719942933,0,0
48483,3,6,0,3,0.29984597718427036,0,0
48503,2,6,1,3,0.3471613688145788,0,0
48507,4,4,1,3,0.4940475004994404,0,1
49007,3,6,0,3,0.34044912347878753,0,0
49021,4,10,1,3,0.23615947453039934,0,1
49027,3,11,0,3,0.25663811748291826,0,0
49053,2,21,0,3,0.2303521592472892,0,1
50021,1,29,1,3,0.11570601155346366,0,0
50023,1,26,1,3,0.10726345392543594,0,1
51015,2,27,1,3,0.2000265670069119,0,1
51025,3,16,1,3,0.2945124124714471,0,0
51029,3,11,0,3,0.2602773846644332,0,0
51035,3,17,0,3,0.2521636337049693,0,0
51041,1,16,0,3,0.14652133803245593,0,0
51057,4,8,1,3,0.3102434594668179,0,1
51071,2,10,0,3,0.17554929507645856,0,0
51083,3,14,1,3,0.29762905269073436,0,1
51097,2,14,0,3,0.23214956916873208,0,0
51099,1,3,0,3,0.14171609841337587,0,0
51119,1,12,1,3,0.21825339885621597,0,1
51131,3,11,1,3,0.18266863208311993,0,1
51143,4,20,1,3,0.28646737417809204,0,0
51147,1,12,1,3,0.00012742091266357836,0,0
51149,3,7,1,3,0.266298977040647,0,1
51159,3,5,1,3,0.2743142623495516,0,1
51177,1,13,1,3,0.13566194650376368,0,0
51181,3,10,0,3,0.2922315350859451,0,0
51185,1,18,1,3,0.1347569138453281,0,0
51590,4,2,1,3,0.2866852072839874,0,1
51630,3,3,1,3,0.178852082545273,0,0
51660,1,3,1,3,3.5557836561265857e-07,0,1
51690,4,1,1,3,0.27809990302287924,0,0
51730,3,2,1,3,0.30151122861688806,0,1
51735,1,1,0,3,0.13522534940419378,0,0
51750,1,2,1,3,0.7634495209860939,1,0
51800,1,8,1,3,0.22743048160439816,0,1
51830,1,2,0,3,0.14349030530612977,0,0
53007,2,14,1,3,0.18804347560783005,0,0
53013,3,5,0,3,0.24930056568138617,0,0
53021,3,7,1,3,0.3256590862135151,0,0
53051,3,9,0,3,0.2690590987755076,0,0
53053,1,59,0,3,0.2360787468910617,0,0
53077,4,22,1,3,0.35923020661197946,0,0
54003,2,11,1,3,0.2419871090739123,0,0
54005,4,31,1,3,0.3114793124274123,0,0
54007,4,18,0,3,0.26107235629598624,0,0
54009,2,8,1,3,0.27468555695453734,0,0
54015,4,16,0,3,0.36579031923620525,0,0
54021,4,16,0,3,0.23756088132299863,0,0
54035,3,15,1,3,0.2581575407959947,0,0
54057,2,10,0,3,0.21712668335504043,0,0
54059,4,18,1,3,0.2811367118103915,0,0
54061,3,16,1,3,0.1428693954752873,0,0
54063,3,13,0,3,0.28584810948160694,0,0
54065,3,4,1,3,0.26272949045993976,0,0
54077,3,16,0,3,0.26229229196628695,0,0
54081,4,42,1,3,0.25364845606682157,0,0
54087,4,13,0,3,0.29353029625609284,0,0
54099,4,17,1,3,0.3019798036508239,0,1
54103,4,12,1,3,0.2923219921159248,0,0
55025,1,45,0,3,0.05816620872786171,0,0
55033,2,22,0,3,0.15676887961040933,0,0
55035,2,15,0,3,0.1411183021994611,0,0
55039,1,24,1,3,0.18926409986396145,0,0
55073,1,28,1,3,0.1185705317876917,0,0
55117,1,17,1,3,0.13830197958457918,0,0
55119,2,14,1,3,0.17319901208211377,0,0
55129,2,12,0,3,0.135082443993866,0,0
55135,1,16,1,3,0.16762006347093836,0,1
55137,2,17,1,3,0.17087374617549406,0,0
56021,1,12,1,3,0.19827819645012237,0,0
01007,3,11,0,4,0.30792009878712145,0,0
01015,3,14,1,4,0.2275361621530112,0,0
01019,4,11,1,4,0.2730596422873483,0,0
01031,3,16,1,4,0.236390963573782,0,1
01051,2,13,1,4,0.21727252780051995,0,0
01057,4,10,1,4,0.2543344972131378,0,0
01069,4,14,1,4,0.2818008969365427,0,1
01071,4,22,1,4,0.2941219993152376,0,1
01081,1,14,0,4,0.1920004292541731,0,1
01111,3,8,1,4,0.27869983850883906,0,0
04009,4,10,1,4,0.3224944321031281,0,1
04025,2,31,0,4,0.18887629171880693,0,1
05009,3,9,1,4,0.22345672551212553,0,1
05017,4,6,0,4,0.3608932683574512,0,0
05023,3,17,1,4,0.2044599171435597,0,0
05041,4,12,1,4,0.40473321948007107,0,1
05043,4,9,1,4,0.2522301317371118,0,0
05055,4,9,1,4,0.25350782829418167,0,1
05063,4,20,1,4,0.22598417916786798,0,1
05083,4,12,1,4,0.28072991891253146,0,0
05093,4,15,1,4,0.4254252352546142,0,0
05095,4,9,1,4,0.3739057643714114,0,1
05099,4,10,1,4,0.29915628995269417,0,1
05105,4,8,1,4,0.2698846065372352,0,1
05111,4,10,1,4,0.3408874182572762,0,0
05131,3,16,0,4,0.2392804079319361,0,1
05137,4,16,0,4,0.263581960675812,0,0
05145,4,17,1,4,0.2381681600026164,0,0
06007,4,18,1,4,0.25890408339148124,0,0
06053,3,31,0,4,0.2361225929346022,0,0
06065,2,75,0,4,0.2802720047451289,0,1
06085,1,63,0,4,0.15003091907356145,0,0
06087,2,17,1,4,0.15776206565141243,0,0
06093,3,23,1,4,0.2861635160848254,0,1
08011,4,6,0,4,0.33269942760646437,0,0
08031,2,36,0,4,0.1755998909067434,0,0
08035,1,18,1,4,0.14521621096449966,0,0
08043,3,11,1,4,0.1813965260173373,0,1
08065,3,2,0,4,0.1840843125106128,0,0
08081,2,5,1,4,0.2964249484367112,0,1
08105,4,4,0,4,0.23409104719133939,0,0
08107,1,9,1,4,0.18497346709306015,0,0
08111,1,2,0,4,0.17700185515395128,0,0
09007,1,24,1,4,0.1158665659405603,0,0
10005,2,24,1,4,0.18765610468172952,0,0
11001,1,29,0,4,0.1483622214429163,0,1
12003,2,5,1,4,0.17654907892277408,0,0
12007,1,9,0,4,0.1922199418638189,0,0
12013,3,8,0,4,0.22075711488084523,0,0
12021,1,23,0,4,0.11541752147519994,0,0
12039,4,7,1,4,0.31673329256239235,0,1
12053,3,12,1,4,0.17609396057250795,0,0
12065,4,4,1,4,0.2625321653709517,0,0
12075,4,13,1,4,0.21076670456325133,0,0
12089,1,6,1,4,0.14214285335210333,0,0
12117,2,17,1,4,0.12335635657987766,0,0
13007,3,6,0,4,0.3176697978832524,0,0
13009,4,6,1,4,0.30681811394105163,0,1
13017,4,4,1,4,0.36653420276752247,0,0
13019,4,6,1,4,0.34039232673272707,0,0
13033,4,9,1,4,0.3952005429239051,0,0
13035,4,5,1,4,0.30250649850967354,0,0
13063,1,16,1,4,0.33812386170007924,0,0
13077,1,10,1,4,0.16099699699005515,0,0
13085,1,5,1,4,0.14217168281378764,0,0
13087,4,8,1,4,0.36111146056009036,0,0
13097,2,8,1,4,0.19728643432442544,0,0
13109,4,6,1,4,0.3398452393631144,0,1
13153,2,12,1,4,0.2666954488702792,0,0
13159,3,6,0,4,0.32432254690958323,0,0
13167,4,5,1,4,0.36889581674928,0,1
13183,4,5,0,4,0.3107696973159248,0,0
13185,1,11,0,4,0.266238212996536,0,1
13223,1,11,1,4,0.1686782845041159,0,0
13225,4,3,1,4,0.3359298642212243,0,0
13233,4,8,1,4,0.25430099161438324,0,1
13247,2,9,1,4,0.2475101131697561,0,1
13257,3,5,1,4,0.20629996618214863,0,0
13273,4,7,1,4,0.4216299161039145,0,1
13275,3,9,1,4,0.28487207672421455,0,1
13285,4,7,1,4,0.28723108298125816,0,1
13293,4,7,1,4,0.2922673918017535,0,0
13299,4,7,1,4,0.3198812781901524,0,1
13305,4,6,1,4,0.299335858608772,0,0
13309,4,4,1,4,0.3543372690635705,0,1
16011,3,11,1,4,0.23970966008025735,0,0
16021,3,4,0,4,0.2431339231051432,0,0
16023,3,3,0,4,0.21239495523087917,0,0
16027,3,13,0,4,0.31996384605495076,0,0
16039,3,7,1,4,0.2503762731729035,0,0
16043,3,9,0,4,0.26452283412689953,0,0
16053,4,5,0,4,0.33949665813777197,0,0
16057,1,14,0,4,0.14834782648637052,0,0
16061,2,7,0,4,0.19051535027762137,0,0
17005,3,12,0,4,0.23370698848241536,0,0
17011,2,30,1,4,0.22803365413280063,0,1
17013,2,7,1,4,0.19908804528140364,0,1
17041,2,13,1,4,0.2516646884821859,0,0
17043,1,43,1,4,0.11839849163860024,0,0
17075,2,25,1,4,0.25992159753969934,0,0
17101,3,7,0,4,0.23397905814725728,0,0
17103,2,24,1,4,0.22428462687895576,0,1
17105,3,29,1,4,0.2781328341598588,0,1
17111,1,24,1,4,0.13562037305533334,0,0
17149,3,16,1,4,0.226515054253256,0,0
17153,4,10,0,4,0.36296230158046683,0,0
17155,1,8,0,4,0.20280011907714962,0,0
17175,3,10,0,4,0.28937975535238014,0,0
17185,2,7,0,4,0.2161140539293287,0,0
17191,3,20,0,4,0.23986708076023658,0,0
17201,2,26,1,4,0.24962029905939562,0,0
18005,2,14,1,4,0.23653821901376462,0,1
18013,1,9,1,4,0.22185604423314337,0,0
18019,2,15,1,4,0.2523234409863806,0,0
18029,1,9,1,4,0.22894392792817542,0,0
18033,1,14,0,4,0.2524193252055118,0,0
18037,1,13,1,4,0.22543587243471436,0,1
18039,2,17,1,4,0.3040739251503162,0,0
18045,2,10,0,4,0.29814687112354954,0,0
18049,2,16,0,4,0.28251764978996297,0,0
18061,2,16,1,4,0.2427735736642558,0,1
18079,2,13,1,4,0.3013967508626603,0,0
18105,1,18,1,4,0.1630815845550483,0,0
18113,1,17,0,4,0.2809946262081109,0,0
18127,1,15,1,4,0.22949757204661425,0,0
18131,3,13,0,4,0.34024851311031246,0,0
18155,3,9,0,4,0.30818109864198856,0,0
19017,1,12,0,4,0.16701185296894094,0,0
19027,1,16,1,4,0.21645567039306932,0,0
19029,2,13,0,4,0.26338718540295386,0,0
19031,1,18,1,4,0.19900299195063606,0,0
19045,2,20,1,4,0.25138870907784383,0,0
19047,3,19,0,4,0.23864040082565446,0,0
19055,1,16,0,4,0.20039821024780258,0,0
19057,3,12,1,4,0.23280739934890915,0,1
19059,1,10,0,4,0.18772154951579575,0,0
19097,2,14,1,4,0.2032854889210289,0,0
19101,1,16,0,4,0.1838833185890656,0,0
19115,2,13,0,4,0.23905117583620614,0,0
19119,1,12,0,4,0.20319216000417703,0,0
19121,1,14,1,4,0.18463757569164793,0,0
19137,3,10,0,4,0.24102662874198633,0,0
19143,2,8,0,4,0.2257089471138871,0,0
19145,2,12,1,4,0.22501494878991576,0,0
19147,1,14,0,4,0.19726336941873143,0,0
19161,2,16,1,4,0.20709432911303224,0,1
19175,2,10,0,4,0.219107444709288,0,0
19181,1,19,1,4,0.18520155086961804,0,1
19183,2,13,0,4,0.22064952150309652,0,0
19187,3,22,1,4,0.22876745096966214,0,0
20009,3,10,1,4,0.2573558281473854,0,0
20035,3,14,1,4,0.3371474561059075,0,1
20049,3,10,0,4,0.36418498297658464,0,0
20079,1,13,1,4,0.24126030291824516,0,1
20087,2,15,1,4,0.2246987070113947,0,0
20099,4,13,1,4,0.36829783864312393,0,0
20107,3,11,0,4,0.2774564221746587,0,0
20113,1,12,1,4,0.22266064622658654,0,0
20133,4,11,1,4,0.34782055770033316,0,0
20141,2,12,0,4,0.2576293895786859,0,0
20155,2,22,1,4,0.2969195599988035,0,0
20173,2,50,0,4,0.25986385242930754,0,1
20175,4,6,1,4,0.4321777173516725,0,0
20189,4,4,0,4,0.3895255115322156,0,0
20203,1,3,0,4,0.2943518389926861,0,0
21011,4,8,1,4,0.28813998534931223,0,1
21015,1,9,1,4,0.17667298328407863,0,0
21017,3,9,0,4,0.3113906079218735,0,0
21045,4,15,0,4,0.3213424725368574,0,0
21047,4,15,1,4,0.3389468660278183,0,0
21049,3,4,1,4,0.2432137373090781,0,1
21057,4,3,1,4,0.3099498178313845,0,1
21063,4,6,1,4,0.275920979092289,0,1
21069,4,7,1,4,0.3296320349041559,0,0
21071,4,33,1,4,0.27787883734889124,0,1
21087,4,8,0,4,0.33227413550835855,0,0
21097,3,6,1,4,0.31170214191227724,0,0
21109,4,5,0,4,0.29176696186708606,0,0
21117,2,12,1,4,0.18356748074871437,0,0
21133,1,26,1,4,0.2617046239245167,0,0
21151,1,5,1,4,0.23308512567646555,0,0
21155,1,11,0,4,0.2744189959034606,0,0
21161,4,5,1,4,0.2743958779916741,0,0
21167,2,5,1,4,0.27841106795962134,0,0
21205,4,4,1,4,0.17457947827242198,0,0
21209,2,6,1,4,0.2399324088262925,0,1
21217,4,6,1,4,0.2954450268969297,0,0
21219,3,9,0,4,0.33748808825791365,0,0
21221,2,5,1,4,0.30815467100079774,0,0
22031,4,10,1,4,0.26719539219022226,0,0
22037,3,8,0,4,0.3282729563149373,0,0
22053,3,10,1,4,0.31888718166227226,0,1
22069,4,16,1,4,0.3525236224672318,0,1
22089,1,10,1,4,0.23085048203813044,0,1
22093,3,7,1,4,0.30546114742512015,0,0
22113,3,12,1,4,0.3185227575772364,0,1
22115,3,13,1,4,0.2325638234140515,0,1
23021,3,16,1,4,0.20352524370951602,0,0
24003,1,40,0,4,0.15322860555271664,0,0
24005,1,54,0,4,0.19386812743549664,0,1
24011,3,10,1,4,0.3075257321793253,0,1
24017,1,24,1,4,0.1876341352345322,0,0
24037,1,26,1,4,0.17910163572980414,0,0
24041,1,16,1,4,0.1671740928461868,0,0
24045,3,16,0,4,0.2327443636586997,0,1
25017,1,83,0,4,0.0925903124969383,0,0
26003,2,13,0,4,0.18241279477285063,0,0
26025,3,22,1,4,0.25314638540610046,0,0
26029,2,10,0,4,0.15328096183555479,0,0
26037,2,17,0,4,0.1878063053119803,0,0
26039,3,4,0,4,0.20772083291254703,0,0
26041,3,13,1,4,0.1894130121832297,0,1
26043,2,11,0,4,0.13309536810094277,0,0
26051,4,7,0,4,0.24623532730673653,0,0
26063,2,18,1,4,0.2514994958265764,0,1
26077,2,25,1,4,0.1858946324623876,0,0
26087,2,22,1,4,0.21202343228501702,0,0
26091,2,23,1,4,0.21881647676030538,0,0
26107,3,16,0,4,0.1970090578746279,0,0
26115,1,25,1,4,0.24505901257989382,0,0
26127,3,12,1,4,0.21469028430880696,0,0
26147,2,23,1,4,0.19958288198059854,0,0
26153,3,7,0,4,0.26627319311968894,0,0
26161,2,27,1,4,0.15692769029347292,0,0
27035,2,18,0,4,0.12668126579536776,0,0
27055,1,9,0,4,0.1264604150413361,0,0
27095,2,12,1,4,0.17599554715893467,0,0
27097,2,20,1,4,0.15841123670133422,0,1
27099,2,19,1,4,0.16909922135523747,0,1
27109,1,19,1,4,0.13002336465122036,0,0
27115,2,16,1,4,0.19060294308295286,0,0
27119,2,25,1,4,0.22930032324653252,0,1
27123,2,26,1,4,0.15857585164821647,0,0
27131,1,16,1,4,0.1824691351750872,0,1
27159,3,7,0,4,0.2160919164671831,0,0
27163,1,19,1,4,0.12052677306933647,0,0
27165,2,10,0,4,0.20313305085963115,0,0
27173,2,14,0,4,0.19918590527769273,0,0
28007,4,11,1,4,0.28921027438714286,0,0
28009,3,11,0,4,0.2688055500530162,0,0
28029,4,9,1,4,0.1652411574267161,0,0
28031,4,8,1,4,0.2496407026069662,0,0
28035,1,8,1,4,0.1931469992757295,0,1
28037,4,8,1,4,0.2763563072921598,0,1
28043,4,7,1,4,0.25699142051421764,0,0
28051,4,9,1,4,0.3684463377513391,0,0
28059,3,10,0,4,0.19822108996723953,0,1
28089,1,12,1,4,0.16683250391071353,0,0
28099,4,8,1,4,0.28208467715983565,0,0
28103,4,6,1,4,0.37807065237356186,0,1
28113,4,8,1,4,0.26846724034213826,0,1
28123,4,10,1,4,0.2878624828438702,0,0
28135,4,18,1,4,0.32526509767928374,0,0
28137,3,5,1,4,0.29438086081892956,0,0
28153,4,7,1,4,0.27656529865130774,0,0
28161,4,7,1,4,0.28420025114274644,0,1
28163,4,8,1,4,0.32715855838824887,0,0
29007,3,14,0,4,0.31000294827103975,0,0
29017,4,13,1,4,0.314752148162229,0,1
29021,3,15,1,4,0.2695136425227588,0,0
29023,4,10,1,4,0.31922242785245203,0,0
29025,3,10,1,4,0.28417517351316063,0,1
29037,1,18,1,4,0.22135171805878465,0,0
29041,3,12,1,4,0.2718929427832039,0,1
29045,3,11,0,4,0.2598950553198455,0,0
29055,4,12,1,4,0.2531312077971704,0,0
29075,3,13,0,4,0.2832746767399878,0,0
29081,4,13,0,4,0.31773779649448064,0,0
29083,4,11,1,4,0.26669977230253467,0,0
29095,2,55,0,4,0.26617148062404544,0,1
29099,1,24,1,4,0.20262101260412357,0,0
29101,2,19,0,4,0.2187867893370324,0,0
29117,3,12,1,4,0.2713337848884215,0,0
29125,3,10,0,4,0.22294858639548787,0,0
29141,4,15,0,4,0.2965875727379451,0,0
29143,4,17,1,4,0.43245178152947356,0,0
29145,3,15,1,4,0.25969962868165136,0,0
29149,4,12,0,4,0.34228904501801927,0,0
29155,4,13,0,4,0.4215620835526601,0,0
29169,2,11,1,4,0.17607727709493667,0,1
29171,3,10,0,4,0.28569478692172096,0,0
29177,2,12,1,4,0.28720731341477806,0,0
29183,1,14,1,4,0.17492609518343796,0,0
29185,4,16,1,4,0.30041152675987126,0,1
29203,4,9,0,4,0.30957022555622254,0,0
29209,1,17,1,4,0.24648380384658805,0,1
29211,3,13,1,4,0.30518007552441295,0,1
29215,4,21,1,4,0.34548548510586763,0,0
29217,4,13,1,4,0.29971033020027893,0,0
30013,3,18,1,4,0.2506095783167431,0,1
30017,2,6,0,4,0.2549706275293933,0,0
30019,1,4,0,4,0.21260786311642693,0,0
30029,2,16,1,4,0.1663057668247425,0,0
30043,2,9,0,4,0.1942968296183001,0,0
30049,1,9,1,4,0.15109386773556693,0,0
30053,4,6,1,4,0.23358326486269115,0,0
30055,3,6,0,4,0.3953158069384646,0,0
30063,2,16,0,4,0.16876708955556216,0,0
30073,3,6,1,4,0.3197217774036822,0,1
30091,1,11,0,4,0.21085157978763325,0,0
30097,1,6,0,4,0.22441842939979317,0,0
30103,3,2,0,4,0.3048482287343796,0,0
30111,2,16,1,4,0.21777618428912468,0,0
31003,2,11,1,4,0.19583579700748735,0,1
31021,2,8,0,4,0.22170241163786342,0,0
31023,1,14,1,4,0.2066661886983008,0,1
31027,1,13,0,4,0.19405541639343363,0,0
31037,3,7,0,4,0.2253520492873613,0,0
31047,3,11,0,4,0.22581536177453473,0,0
31049,2,4,0,4,0.27556158636733274,0,0
31051,1,12,0,4,0.19099185698361318,0,0
31053,2,14,0,4,0.1938459559930576,0,0
31077,1,8,0,4,0.20659022319809076,0,0
31087,2,6,0,4,0.2595645638116366,0,0
31093,1,11,1,4,0.17828661234675572,0,1
31099,2,11,0,4,0.175698620422928,0,0
31109,2,42,1,4,0.14829231989378724,0,0
31115,2,5,0,4,0.23085810701764556,0,0
31135,1,10,1,4,0.22908645439650174,0,1
31137,2,10,0,4,0.1872529399929545,0,0
31151,3,12,0,4,0.23869971672889226,0,0
31159,1,18,0,4,0.18110064251841015,0,0
31163,2,8,0,4,0.20590500429454872,0,0
32005,1,9,1,4,0.20266543699106487,0,0
33007,2,16,1,4,0.15080129328547848,0,1
33011,1,34,1,4,0.10872263130156036,0,0
33015,1,37,1,4,0.09581642775714676,0,0
34005,1,38,0,4,0.11784720694250775,0,0
34009,1,15,1,4,0.14457829690878293,0,0
34029,1,30,0,4,0.11499155044100644,0,0
35006,4,17,0,4,0.45022650154105043,0,0
35017,4,16,1,4,0.3235250582906077,0,0
35023,4,5,0,4,0.3735266206591207,0,0
35029,4,3,1,4,0.4104706737824488,0,0
35039,1,37,1,4,0.32424491118272114,0,0
35041,4,9,1,4,0.3496992677995868,0,0
35047,4,19,0,4,0.39043826986261493,0,0
35053,4,14,1,4,0.38443080832308313,0,0
35057,4,9,0,4,0.430655643439998,0,0
35059,3,8,0,4,0.34992255610371453,0,0
36021,2,36,1,4,0.15425691317800586,0,1
36029,2,70,0,4,0.18902317845671018,0,0
36049,3,23,0,4,0.22939033186107738,0,0
36051,2,30,0,4,0.20377061868115814,0,0
36059,1,69,0,4,0.12513312492443415,0,0
36061,2,47,0,4,0.15895203583845344,0,0
36071,1,51,1,4,0.1495450401671867,0,0
36093,1,19,1,4,0.14754652917796143,0,0
36107,2,15,1,4,0.16680614496731921,0,0
36109,1,17,1,4,0.1377755595277225,0,0
37015,4,10,1,4,0.31705541287105915,0,0
37021,2,19,1,4,0.1115315405992029,0,0
37033,3,16,0,4,0.21740990311519137,0,0
37039,3,4,1,4,0.18422890636345549,0,0
37043,3,5,1,4,0.14906458358756808,0,1
37065,4,15,1,4,0.31196624400313444,0,1
37073,2,6,0,4,0.2606868563006069,0,0
37081,3,31,0,4,0.15859577227714144,0,0
37095,4,7,0,4,0.2957179244130561,0,0
37111,3,9,1,4,0.1462463278183058,0,0
37115,3,6,0,4,0.16292354099861606,0,0
37129,3,10,1,4,0.1290551472547261,0,0
37133,3,16,1,4,0.16580627238402026,0,0
37143,3,6,0,4,0.23517301418894043,0,0
37145,2,10,0,4,0.21493088075835493,0,0
37151,3,24,1,4,0.19017757390721754,0,0
37153,4,11,1,4,0.2602888802789376,0,1
37163,4,17,1,4,0.2873171955709425,0,1
37179,1,12,1,4,0.14740017558995167,0,0
37181,4,8,1,4,0.27895759516623875,0,1
37189,4,10,1,4,0.1251031754711901,0,1
38023,2,10,0,4,0.21970574526278322,0,0
38035,1,22,1,4,0.15489482542959754,0,1
38049,1,18,0,4,0.22092726408493252,0,0
38051,2,6,0,4,0.25607325688793175,0,0
38055,1,18,0,4,0.26535969159524414,0,0
38065,1,6,0,4,0.2257174617992192,0,0
38077,1,19,0,4,0.17500067416173842,0,0
38079,4,10,0,4,0.4443890529048273,0,0
38085,4,9,1,4,0.5296899919616851,1,1
38087,1,9,0,4,0.22101516866773932,0,0
38089,1,10,0,4,0.18380594092585786,0,0
38095,3,10,0,4,0.24280221800107588,0,0
38097,1,12,0,4,0.1643815653730812,0,0
38099,2,16,1,4,0.2137042037970253,0,1
39003,2,20,0,4,0.31194974683437343,0,0
39009,4,18,1,4,0.17935528231394307,0,1
39031,3,18,0,4,0.257158525157576,0,0
39037,2,25,1,4,0.32162431584284745,0,0
39041,1,24,1,4,0.14602806274898614,0,0
39063,1,24,1,4,0.20495673734061845,0,0
39079,4,11,1,4,0.28579966808707186,0,0
39081,3,23,1,4,0.2503742926603791,0,0
39091,2,18,1,4,0.2912189337105794,0,0
39103,1,24,1,4,0.1557040766664099,0,0
39111,3,15,1,4,0.2499329985043369,0,0
39117,2,16,1,4,0.2597034257477397,0,1
39131,4,11,1,4,0.26164379520735315,0,0
39147,2,20,1,4,0.26757284912405105,0,0
39161,2,14,0,4,0.32758418069093403,0,0
40007,3,7,0,4,0.37287346729271614,0,0
40043,3,12,1,4,0.39253558796719706,0,1
40051,2,14,1,4,0.3840927638309711,0,1
40053,1,10,1,4,0.3054373826126416,0,1
40065,3,9,1,4,0.3798400702516742,0,0
40067,4,8,1,4,0.49131732383628085,0,1
40069,4,13,1,4,0.4176793011027769,0,1
40075,4,9,1,4,0.44630514210456634,0,1
40077,4,7,1,4,0.35321557672866793,0,1
40081,3,16,1,4,0.35140090943013297,0,1
40085,3,8,1,4,0.4154897618833813,0,1
40091,4,11,1,4,0.37923357652457274,0,0
40095,4,3,1,4,0.3758294777441117,0,0
40113,3,22,1,4,0.37746234634571396,0,1
40117,3,12,1,4,0.3600983585532102,0,0
40143,2,42,0,4,0.24867190781976856,0,1
40147,1,12,1,4,0.2907755946709604,0,1
40151,2,7,0,4,0.33484851124623743,0,0
41009,2,9,1,4,0.19037760450553046,0,1
41019,3,28,1,4,0.22482358802554797,0,0
41037,4,10,0,4,0.3878383719031649,0,0
41051,2,42,0,4,0.16576226240585407,0,0
41067,1,30,1,4,0.13906924065544368,0,0
41071,2,15,0,4,0.19124773568792047,0,0
42009,2,28,1,4,0.17560003617340697,0,0
42011,1,62,1,4,0.1898475181577523,0,0
42037,2,19,1,4,0.17629545972015218,0,0
42047,2,14,1,4,0.12680074369635402,0,1
42051,3,62,1,4,0.1806868518320363,0,0
42053,4,11,1,4,0.19073207951414906,0,1
42075,2,19,1,4,0.19626376122207959,0,0
42079,3,50,1,4,0.14884381971329538,0,0
42103,1,19,0,4,0.14240872393400897,0,0
42115,2,29,1,4,0.17380617582005248,0,1
42123,2,19,1,4,0.14686217270821017,0,0
42125,1,64,1,4,0.1304506580558504,0,0
42131,1,15,0,4,0.1425999925837642,0,0
44007,1,39,0,4,0.16587860795915188,0,0
45027,4,11,1,4,0.3374034783821323,0,1
45031,4,10,1,4,0.31193544049820254,0,0
45035,2,15,1,4,0.22087966261323408,0,0
45063,2,18,0,4,0.21735068951276007,0,0
45073,3,13,1,4,0.20891694503524413,0,1
45085,4,15,1,4,0.3492692487808445,0,1
45089,4,12,1,4,0.36725108246903015,0,0
46007,4,7,0,4,0.46110943157328244,0,0
46021,1,7,0,4,0.2113583991537689,0,0
46025,2,13,0,4,0.20521549510899645,0,0
46039,1,12,0,4,0.1804590477676419,0,0
46045,1,10,0,4,0.20425805569783123,0,0
46051,1,12,0,4,0.1676373636246546,0,0
46053,3,8,0,4,0.250610260246971,0,0
46055,3,5,0,4,0.2823290400967294,0,0
46057,1,12,0,4,0.17801047432652037,0,0
46061,2,7,0,4,0.19134505582909156,0,0
46063,1,10,0,4,0.24097164299804819,0,0
46095,4,7,0,4,0.4255115277563822,0,0
46109,4,16,1,4,0.31445301304303047,0,1
46115,1,15,0,4,0.1907297568649508,0,0
46119,1,6,0,4,0.19193600310201125,0,0
46123,4,8,0,4,0.24527627719046796,0,0
46137,4,7,0,4,0.4779980985722734,0,0
47005,4,7,1,4,0.29804282049210196,0,0
47007,3,9,0,4,0.25238887539952526,0,0
47021,2,12,1,4,0.24651246092641005,0,1
47023,3,12,0,4,0.27370992921807086,0,0
47031,3,9,1,4,0.29333657307635935,0,0
47033,4,8,1,4,0.37673837500756463,0,0
47037,2,35,0,4,0.22615880175281744,0,1
47041,4,11,0,4,0.3146245058955058,0,0
47045,4,11,1,4,0.3395804690952823,0,1
47047,1,15,0,4,0.22737378044505924,0,0
47049,4,9,1,4,0.26496185757996776,0,0
47065,1,31,0,4,0.20547347401529803,0,0
47077,4,14,1,4,0.329735575028801,0,0
47079,4,9,1,4,0.33297963230856353,0,1
47095,4,2,0,4,0.405523118535871,0,0
47097,4,4,1,4,0.4215664139662978,0,0
47101,4,7,1,4,0.2827348182315717,0,1
47105,2,9,0,4,0.18937982342780327,0,0
47111,4,8,1,4,0.30260245366139765,0,0
47123,4,9,1,4,0.26323566374749935,0,1
47129,4,12,1,4,0.23886922515561113,0,0
47155,3,10,1,4,0.2659248791447,0,0
47157,1,38,0,4,0.3005958422034748,0,1
47165,1,10,1,4,0.22480222567666003,0,0
47167,2,10,1,4,0.335228894440994,0,0
47171,4,6,0,4,0.23282441446248017,0,0
47173,4,11,0,4,0.2746661963661832,0,0
47179,1,13,1,4,0.2136729218616323,0,0
47183,4,12,1,4,0.31990112040646007,0,1
48003,2,1,1,4,0.39114878507916956,0,0
48037,3,10,1,4,0.29518755206883374,0,1
48039,1,20,0,4,0.2691755528810983,0,0
48043,3,4,1,4,0.31209129297132004,0,1
48063,3,2,1,4,0.2904353644499073,0,1
48067,4,14,1,4,0.2984092419713599,0,1
48071,2,11,1,4,0.300289721227404,0,0
48073,4,12,1,4,0.2923197811843183,0,1
48077,2,9,1,4,0.32609269209010544,0,1
48081,3,4,1,4,0.270533660769484,0,1
48095,3,6,0,4,0.14211454517425867,0,0
48103,2,2,0,4,0.4003452859768064,0,0
48127,4,6,1,4,0.40897282154181563,0,1
48131,4,8,1,4,0.40095208799623083,0,1
48133,4,9,1,4,0.32991376504222253,0,0
48141,1,30,0,4,0.31259162519012884,0,1
48165,3,5,0,4,0.40427000553193815,0,0
48171,2,7,1,4,0.2512658599869497,0,0
48181,2,21,0,4,0.2985482131595273,0,1
48197,3,2,1,4,0.35848654692705506,0,1
48213,3,15,0,4,0.2872777945545714,0,1
48217,2,19,1,4,0.3267004084235793,0,1
48245,3,18,0,4,0.3213487024165673,0,0
48267,1,6,0,4,0.2743204235652647,0,0
48277,3,13,1,4,0.33253865199250576,0,1
48283,3,4,0,4,0.38853974500569943,0,0
48295,2,7,0,4,0.3146052522183484,0,0
48299,1,10,1,4,0.24319873029981365,0,0
48313,2,5,1,4,0.2672340000469174,0,0
48327,3,4,0,4,0.28636013809078864,0,0
48339,1,27,0,4,0.2064876308059876,0,0
48343,4,7,1,4,0.3017509836946777,0,1
48353,3,9,1,4,0.3164554804056063,0,0
48363,4,12,1,4,0.3260500176702504,0,0
48371,3,6,1,4,0.4297928898601679,0,0
48381,1,15,1,4,0.26774144611113326,0,0
48397,1,9,1,4,0.19051030698187965,0,1
48401,3,16,1,4,0.27673212243322376,0,1
48407,4,8,1,4,0.32720768245324244,0,0
48447,4,7,0,4,0.30700123905701643,0,0
48463,4,8,1,4,0.41712308298743644,0,0
48487,4,6,1,4,0.389381448997755,0,0
48493,2,12,1,4,0.33375969586812393,0,1
49019,1,2,1,4,0.2557341801285194,0,1
49039,3,15,1,4,0.24024110313758823,0,0
49047,3,10,0,4,0.3311415207756601,0,0
49055,2,6,0,4,0.24048112312083317,0,0
49057,1,9,1,4,0.24417933056591562,0,0
50013,1,5,1,4,0.11627565493300755,0,1
50027,1,34,0,4,0.10954283177662963,0,0
51001,3,33,0,4,0.31604988592485256,0,0
51017,4,7,0,4,0.2806894547485135,0,0
51033,1,11,0,4,0.2133852532670234,0,0
51049,3,7,0,4,0.2863845701860339,0,0
51051,4,12,1,4,0.2567271046822302,0,0
51059,1,48,0,4,0.0901572571029205,0,0
51085,1,12,1,4,0.1206996869039629,0,0
51087,2,16,1,4,0.19678854894277648,0,0
51091,2,7,0,4,0.200950361698963,0,0
51105,4,11,1,4,0.2824898460206433,0,0
51113,2,21,1,4,0.3012226076209516,0,1
51115,2,15,0,4,0.26989317278718006,0,0
51117,3,13,1,4,0.2947006870626294,0,1
51121,3,10,1,4,0.12800297346545042,0,1
51125,2,17,0,4,0.2379751096957489,0,0
51127,1,6,1,4,0.18697218269593474,0,0
51137,1,12,0,4,0.19359142752431988,0,0
51139,3,6,1,4,0.22444279824857805,0,0
51141,3,14,1,4,0.23172440687298262,0,0
51161,1,14,1,4,0.12163595748408101,0,1
51167,4,11,0,4,0.2746138647722228,0,0
51173,3,10,0,4,0.23300923189398465,0,0
51175,3,12,1,4,0.32377465140015327,0,0
51179,1,5,1,4,0.12384432262595396,0,0
51187,1,7,1,4,0.17187089719120568,0,1
51193,2,8,1,4,0.2566267084602027,0,0
51197,3,11,0,4,0.23103121230286344,0,0
51550,1,6,1,4,0.18651113599619673,0,0
51595,4,1,1,4,0.3289804286255317,0,1
51600,1,3,0,4,0.08223536784525837,0,0
51610,1,4,0,4,0.08908925079757955,0,0
51680,3,5,1,4,0.16591235058438814,0,0
51760,1,15,0,4,0.24469195446286138,0,0
51775,1,1,0,4,0.1155510109974086,0,0
51810,1,12,0,4,0.14657417392636662,0,0
53001,4,11,0,4,0.40504616727082937,0,0
53003,3,3,1,4,0.29795339976744106,0,0
53005,2,12,1,4,0.2724716584000574,0,0
53015,3,11,1,4,0.19339458157077402,0,1
53019,4,9,0,4,0.33440939564673944,0,0
53025,3,18,1,4,0.35064837965469214,0,0
53033,1,84,0,4,0.12796952904348688,0,0
53039,3,15,0,4,0.24909745886123458,0,0
53049,3,13,0,4,0.23130402945973838,0,0
53061,1,30,0,4,0.14990712174156023,0,0
53063,1,45,0,4,0.2264011416379181,0,0
53067,1,14,1,4,0.17489927971645386,0,0
54019,1,42,0,4,0.19028881093421762,0,0
54027,3,20,0,4,0.2992049868730325,0,0
54071,3,9,0,4,0.28840180289205203,0,0
54075,3,13,0,4,0.30050372295865574,0,0
54085,4,14,0,4,0.28565811738226815,0,0
54091,3,10,0,4,0.2410146661481862,0,0
54095,3,11,0,4,0.2831660375247136,0,0
54105,4,8,0,4,0.3291866038161541,0,0
54107,3,13,1,4,0.25510563008767695,0,0
55003,3,11,0,4,0.1558170984725791,0,0
55011,1,9,0,4,0.15705063715380269,0,0
55019,3,21,0,4,0.17942635513907104,0,0
55021,1,20,1,4,0.1472153230655222,0,1
55029,1,13,1,4,0.11674542677234581,0,0
55043,3,23,1,4,0.1643617282419292,0,1
55053,2,14,0,4,0.16465470059713555,0,0
55057,3,14,1,4,0.16752375193514876,0,0
55077,2,14,1,4,0.16474116754677606,0,0
55081,2,12,1,4,0.14020621538939568,0,0
55103,3,14,1,4,0.15760476961576497,0,0
55105,2,19,1,4,0.1812820810583538,0,0
55109,1,18,0,4,0.13542007247521923,0,0
55113,3,12,0,4,0.1488116381699136,0,0
55123,3,18,1,4,0.1569119444878381,0,0
55127,1,16,1,4,0.15455050836999273,0,0
56003,2,15,1,4,0.2775666270018029,0,1
56005,1,8,0,4,0.2810148392065171,0,0
56015,2,9,0,4,0.277844797205553,0,0
56029,1,8,1,4,0.20548715176273163,0,0
56033,1,9,1,4,0.22208048874526695,0,0
56037,1,12,0,4,0.28875206121889285,0,0
56041,1,5,0,4,0.27736390360017915,0,0
56043,2,2,0,4,0.2721736120198409,0,0
