county_fips,poverty_quartile,n_zctas_in_county,suppression_flag,fold,prob_high_risk,pred_high_risk,true_label
01029,3,7,0,0,0.41240802796693316,0,0
01033,3,9,1,0,0.4336651629561215,0,0
01059,4,10,1,0,0.4281503972357169,0,0
01065,4,9,1,0,0.5243631132998552,1,0
01067,3,9,1,0,0.4564400567344309,0,0
01073,1,62,0,0,0.44590672961242983,0,0
01085,4,8,1,0,0.5237576062616531,1,1
01103,3,16,1,0,0.46553347822414504,0,0
01105,4,9,1,0,0.5236359572272319,1,1
01115,2,18,1,0,0.44790110412579975,0,1
01119,4,11,1,0,0.5241928295874916,1,0
01123,4,12,1,0,0.45389817735178806,0,1
01125,1,27,1,0,0.4114232507988417,0,0
01133,4,11,1,0,0.45006766022562933,0,0
04001,4,33,0,0,0.5040856695468128,1,1
04005,1,28,0,0,0.2778957435643632,0,1
04015,1,25,0,0,0.4110258733975424,0,1
04019,1,48,0,0,0.3908565409245417,0,1
04021,2,34,0,0,0.4326050793419405,0,1
05005,3,12,1,0,0.3441023247621374,0,0
05015,3,9,1,0,0.4232034273970373,0,0
05019,1,8,1,0,0.5528973282112182,1,0
05027,4,7,1,0,0.49568864757180164,0,0
05037,4,8,1,0,0.5241173224991723,1,0
05049,1,14,1,0,0.3787291832943495,0,1
05065,1,20,0,0,0.2871937114471528,0,0
05067,4,11,1,0,0.5426466077479472,1,0
05081,4,7,1,0,0.5116453159907185,1,1
05087,3,13,1,0,0.4335595715201199,0,0
05101,3,20,1,0,0.4086562655286672,0,1
05123,4,13,1,0,0.5585783004585835,1,0
05125,1,14,1,0,0.38603934495625897,0,0
05135,4,13,1,0,0.4530909852597879,0,0
06001,1,53,0,0,0.3184950897237668,0,0
06005,2,12,1,0,0.36024714450244916,0,1
06017,1,23,1,0,0.3116665992383739,0,0
06019,4,56,0,0,0.5223841236916709,1,0
06025,4,17,0,0,0.5521991249838917,1,1
06029,1,52,0,0,0.5325534615688003,1,1
06037,1,292,0,0,0.21260525940167702,0,0
06055,1,12,1,0,0.3200793400745429,0,0
06061,1,34,0,0,0.30590920578588776,0,0
06075,1,29,0,0,0.27826850283775373,0,0
06091,2,10,0,0,0.39933614134661805,0,0
06095,1,21,0,0,0.3800380132353844,0,0
06097,1,37,1,0,0.2997475848617297,0,0
06099,3,28,0,0,0.4786967218747586,0,0
06105,4,14,0,0,0.4412464512783381,0,0
06111,1,33,0,0,0.31421204652439877,0,0
08001,2,35,1,0,0.351241476691571,0,0
08003,4,5,0,0,0.3778874299712497,0,0
08027,2,4,0,0,0.2528871716066224,0,0
08047,1,4,0,0,0.250481966479944,0,0
08049,1,10,0,0,0.3200247320854072,0,0
08057,1,2,0,0,0.27790384440465005,0,0
08067,1,6,1,0,0.283753757541506,0,1
08079,1,3,0,0,0.2328606135784631,0,0
08091,1,3,0,0,0.24439106941005068,0,0
08103,2,4,0,0,0.3448854327274039,0,0
08109,4,8,1,0,0.31670951633675426,0,1
08115,4,5,0,0,0.3728655117890677,0,0
09001,1,46,1,0,0.23944475024843795,0,0
09003,1,58,1,0,0.30384005055599006,0,0
10003,1,28,0,0,0.29659574931779986,0,0
12005,2,16,1,0,0.31095574394594466,0,0
12015,2,17,1,0,0.2687973376605923,0,0
12017,3,15,1,0,0.2882346975130604,0,0
12019,2,12,1,0,0.3048230668103945,0,0
12023,3,8,1,0,0.3778046765281787,0,0
12031,1,36,0,0,0.32991496394142944,0,0
12035,2,7,1,0,0.2814983973747641,0,0
12055,3,9,1,0,0.3644247079213418,0,1
12073,3,10,1,0,0.30951129992748866,0,0
12077,4,2,0,0,0.40433855703157007,0,0
12081,2,21,0,0,0.28177586749551475,0,0
12083,3,31,1,0,0.34322665744287967,0,0
12087,2,11,1,0,0.30004202689662357,0,0
12107,4,17,1,0,0.38717934933487597,0,0
12115,1,28,0,0,0.2388017697230961,0,0
12121,3,9,1,0,0.3786984897314555,0,1
12127,3,29,0,0,0.3081422936356131,0,0
12131,2,12,1,0,0.2908893511020281,0,0
13001,4,7,1,0,0.5087969633649684,1,0
13003,4,5,1,0,0.5350132256474173,1,1
13011,3,11,0,0,0.38907469033375236,0,0
13027,4,10,0,0,0.4808165639562289,0,0
13031,1,11,1,0,0.39922610654479634,0,0
13043,4,4,1,0,0.5390188300059272,1,1
13047,1,8,0,0,0.29649052774021917,0,0
13049,4,4,0,0,0.5017422461516735,1,0
13065,4,7,0,0,0.5481985325109248,1,0
13079,3,7,0,0,0.49415218248429194,0,0
13093,4,8,1,0,0.5319055105978543,1,0
13095,4,6,1,0,0.5325069686032963,1,0
13101,3,6,1,0,0.4536067362224058,0,1
13105,4,4,0,0,0.47358235891312106,0,0
13107,4,13,1,0,0.5229310091496376,1,0
13111,3,8,1,0,0.30618535452218876,0,0
13115,4,13,1,0,0.41300290833492,0,0
13127,3,8,1,0,0.39308011504832774,0,0
13137,3,7,1,0,0.3268078118338633,0,1
13139,2,19,1,0,0.3681731795833021,0,0
13169,4,8,1,0,0.4966432560665816,0,0
13181,4,2,0,0,0.4774849091936127,0,0
13187,3,4,0,0,0.322342904276133,0,0
13189,4,4,1,0,0.5142983772868641,1,0
13197,4,4,1,0,0.4617788477994629,0,1
13201,4,5,0,0,0.5039560061331064,1,0
13221,3,10,0,0,0.40919443059461025,0,0
13241,4,9,0,0,0.33217243760878074,0,0
13245,1,11,0,0,0.5147532546398657,1,1
13255,4,7,0,0,0.4358795128208834,0,0
13259,4,6,0,0,0.52050360967235,1,0
13261,4,8,1,0,0.5180913932074668,1,0
13277,4,9,1,0,0.511847588946473,1,1
13291,3,4,1,0,0.3034465276456941,0,0
13295,3,14,1,0,0.386266807946473,0,0
13307,4,6,0,0,0.47377810190986686,0,0
16025,4,2,1,0,0.45818227499160763,0,1
16037,4,7,0,0,0.3359203354977504,0,0
16041,1,7,1,0,0.3867452668880255,0,1
16055,2,13,1,0,0.2974982995460127,0,0
16065,1,8,0,0,0.4639310051887495,0,0
16079,4,15,1,0,0.43077173080969744,0,1
17017,3,7,1,0,0.36808152579938686,0,0
17031,2,176,0,0,0.3126630623927382,0,0
17053,2,21,1,0,0.3677225002779491,0,0
17067,2,19,0,0,0.344886903231656,0,0
17069,3,5,0,0,0.4011165284145202,0,0
17073,1,23,1,0,0.3556240441943699,0,1
17081,3,17,1,0,0.3949602190330012,0,1
17083,1,11,0,0,0.29764833762623344,0,0
17099,2,28,1,0,0.38350343765248623,0,0
17109,4,17,1,0,0.3757602642180837,0,1
17121,3,15,1,0,0.4111653844391435,0,1
17125,3,11,1,0,0.39274265776896244,0,0
17151,3,10,0,0,0.4022098946941317,0,0
17165,4,11,1,0,0.4646972409656052,0,0
17183,3,27,1,0,0.4109494791204203,0,0
17197,1,45,0,0,0.313062011580794,0,0
17203,1,16,1,0,0.2893832659446082,0,1
18041,4,8,0,0,0.5188572091463306,1,0
18047,1,15,1,0,0.39001980891801663,0,0
18053,3,15,1,0,0.48872356720623644,0,0
18055,2,16,1,0,0.4071382655445522,0,1
18067,2,10,1,0,0.4768184302833179,0,0
18071,3,8,1,0,0.4472313694915096,0,0
18081,1,12,1,0,0.4118328789995466,0,0
18083,3,11,1,0,0.45676329986183656,0,1
18093,2,12,1,0,0.4698016280013901,0,1
18101,2,7,1,0,0.41421254898322785,0,1
18121,3,12,0,0,0.4597620380002952,0,0
18123,2,14,1,0,0.3542765919534179,0,0
18133,1,15,1,0,0.37306118742130995,0,1
18135,3,14,0,0,0.48575270251128216,0,0
18139,2,16,1,0,0.4942454999018192,0,0
18141,3,24,1,0,0.4480110864948913,0,0
18143,3,6,1,0,0.4209549974300471,0,0
18153,3,13,1,0,0.4127504325545275,0,0
18157,3,18,1,0,0.3292393933353485,0,0
18159,2,10,0,0,0.4236235543084064,0,0
18161,2,6,0,0,0.4631325634507648,0,0
18167,1,18,1,0,0.4034777214126026,0,0
19003,2,9,1,0,0.3829423539232982,0,1
19011,1,24,1,0,0.3241224688829375,0,0
19013,3,17,1,0,0.36357497515801995,0,0
19015,3,18,1,0,0.36922175521285494,0,0
19039,3,9,1,0,0.4246643999227894,0,1
19041,2,15,1,0,0.31687079565487236,0,0
19067,3,13,1,0,0.34754273613973313,0,0
19083,2,12,0,0,0.3299887165060463,0,0
19093,1,12,0,0,0.3159314590543981,0,0
19105,2,16,1,0,0.35995493203742557,0,0
19123,2,20,1,0,0.359832599309288,0,0
19125,1,19,0,0,0.3239161733387548,0,0
19131,1,12,0,0,0.33507659813744667,0,0
19133,2,15,1,0,0.39156135681505977,0,1
19139,2,13,0,0,0.382180597241239,0,0
19159,2,12,0,0,0.3456160317409805,0,0
19167,1,19,0,0,0.3183074640679812,0,0
19169,3,22,1,0,0.31969366191973225,0,0
19173,2,11,0,0,0.3796483302832883,0,0
19179,3,12,1,0,0.41458860499122147,0,1
19185,3,12,0,0,0.4470007894846406,0,0
19191,1,12,0,0,0.25147822158301697,0,0
20003,3,10,0,0,0.45231775277410796,0,0
20011,4,13,1,0,0.4709621490240845,0,0
20015,2,20,1,0,0.4440946791496404,0,1
20025,2,6,0,0,0.3764271990137914,0,0
20029,3,8,1,0,0.3678990409583931,0,1
20031,2,10,0,0,0.4244385684641995,0,0
20033,1,3,0,0,0.3478812956690749,0,0
20039,2,8,1,0,0.3758432666643629,0,1
20045,1,12,1,0,0.3208101536906265,0,0
20061,3,8,1,0,0.4614099163428937,0,1
20069,1,7,0,0,0.41509254826085135,0,0
20071,1,2,0,0,0.41504148381149497,0,0
20081,3,3,0,0,0.5081933590661054,1,0
20085,2,18,1,0,0.4147412302450954,0,1
20097,2,7,1,0,0.3425740662442386,0,1
20105,2,10,0,0,0.36324678915414504,0,0
20125,3,13,1,0,0.5204106266894195,1,1
20137,1,7,0,0,0.3563243396075107,0,0
20157,2,15,0,0,0.32683287300295055,0,0
20161,3,14,1,0,0.5072834984610156,1,0
20165,2,10,0,0,0.3368642036109345,0,0
20169,2,9,1,0,0.35169362845382923,0,1
20171,1,4,0,0,0.4203991870274459,0,0
20185,3,9,0,0,0.3870039862221959,0,0
21001,4,10,1,0,0.4737234895120295,0,0
21019,3,4,1,0,0.4230030472728871,0,1
21023,3,7,1,0,0.4218130940756033,0,1
21029,1,11,1,0,0.3778616420013652,0,0
21033,3,6,1,0,0.4706144702331486,0,1
21035,4,10,0,0,0.4401824222201885,0,0
21039,4,4,0,0,0.5305632618688044,1,0
21043,4,10,0,0,0.4635685035670819,0,0
21053,4,4,0,0,0.4994742854555358,0,0
21065,4,5,0,0,0.48351902116096157,0,0
21079,3,5,1,0,0.4499640849139142,0,0
21083,4,18,1,0,0.5230690118659896,1,1
21089,3,11,0,0,0.44096266295382935,0,0
21091,2,5,0,0,0.41089299428158643,0,0
21093,2,17,1,0,0.432491163789104,0,0
21095,4,27,0,0,0.47892837819414047,0,0
21103,3,13,1,0,0.4394257274438836,0,0
21121,4,19,1,0,0.46977667770146303,0,1
21137,4,11,1,0,0.4809136618367375,0,0
21139,3,7,0,0,0.4892163260048876,0,0
21149,2,7,1,0,0.45914852519029187,0,1
21153,4,4,1,0,0.49196906773185256,0,1
21165,4,5,0,0,0.4621696092350469,0,0
21175,4,8,1,0,0.4657936714174849,0,0
21189,4,6,0,0,0.484546875174797,0,0
21193,1,21,0,0,0.28033454933470353,0,0
21199,4,11,1,0,0.45568269545725937,0,0
21207,4,7,1,0,0.4690074107292052,0,0
21213,2,5,0,0,0.4837447933277156,0,0
21215,1,8,0,0,0.36105030741984895,0,0
21239,2,3,1,0,0.3640343042621161,0,0
22025,4,9,0,0,0.525489117542071,1,0
22027,4,11,1,0,0.5534688353760412,1,0
22033,1,24,0,0,0.4199967452968649,0,0
22051,3,17,0,0,0.42220566610721294,0,0
22059,4,8,0,0,0.4868521981030523,0,0
22061,1,8,0,0,0.457315386859108,0,1
22063,2,17,1,0,0.38714045734906777,0,0
22067,4,7,0,0,0.5492616897227134,1,0
22073,1,14,0,0,0.43913058083709783,0,1
22081,3,5,0,0,0.4454982263363606,0,0
22087,4,6,1,0,0.4911184547549915,0,1
22091,3,7,0,0,0.49030391958388964,0,0
22095,3,6,1,0,0.5009119422574305,1,1
22099,4,8,1,0,0.47792148296078124,0,1
22105,1,20,1,0,0.43180671559269507,0,0
22117,4,6,1,0,0.5070285440528832,1,0
22127,4,12,1,0,0.5058639806898947,1,0
23007,1,18,1,0,0.20288388544511465,0,1
23013,1,19,1,0,0.24382976821708957,0,1
23027,2,18,1,0,0.274241156043029,0,1
24013,1,15,1,0,0.2333074107096565,0,0
24023,2,12,0,0,0.3774213409593169,0,0
25001,1,47,1,0,0.21813926247455043,0,0
25009,1,45,0,0,0.2572850940516569,0,0
25013,2,41,1,0,0.3622042728977203,0,0
25015,1,28,1,0,0.2364215238259478,0,0
25027,1,87,1,0,0.26298462586660565,0,0
26011,3,10,1,0,0.4041972630844149,0,0
26027,2,14,1,0,0.42483968585522364,0,1
26033,3,17,0,0,0.4058264055337972,0,0
26045,1,19,1,0,0.36143041727354064,0,0
26053,4,7,0,0,0.3111296162392936,0,0
26059,3,18,1,0,0.4042213617320465,0,0
26081,2,39,1,0,0.33517218389287307,0,0
26093,1,20,1,0,0.26144254271140593,0,0
26119,3,5,0,0,0.34181570983884074,0,0
26121,3,20,1,0,0.4271211144708954,0,0
26165,3,13,0,0,0.3453725562279386,0,0
27003,1,20,1,0,0.2594845915772378,0,0
27025,1,15,1,0,0.26746190092518485,0,1
27031,2,6,0,0,0.24181446945886548,0,0
27043,2,14,0,0,0.34530733413939935,0,0
27045,1,16,0,0,0.2734342099285305,0,0
27047,2,18,1,0,0.3318072947550292,0,1
27053,1,72,0,0,0.25946194651540616,0,0
27107,2,14,0,0,0.3583047328002995,0,0
27125,2,9,0,0,0.37310072807033484,0,0
27127,2,22,1,0,0.30601997005800813,0,0
27137,1,51,0,0,0.2991834643667761,0,0
27149,2,8,0,0,0.2716862393329776,0,0
27169,2,14,1,0,0.31004946888698875,0,1
28013,4,11,1,0,0.3959019909390467,0,0
28021,4,5,0,0,0.44303559022925426,0,0
28033,1,10,1,0,0.3812416056071411,0,0
28045,3,10,1,0,0.4178781939930101,0,1
28047,1,13,0,0,0.3755887267264669,0,1
28063,4,7,0,0,0.4588548741080132,0,0
28067,4,13,0,0,0.39658958204888917,0,1
28081,3,15,1,0,0.34928780041097623,0,0
28097,4,7,1,0,0.4551182538120418,0,1
28107,4,11,1,0,0.4621030089826938,0,1
28109,3,5,1,0,0.3691090204700858,0,1
28115,4,11,1,0,0.3847957608698922,0,0
28131,4,6,1,0,0.4085911294165678,0,0
28143,4,5,0,0,0.5758792744825886,1,0
28151,4,8,0,0,0.5489718784047805,1,1
28159,4,10,1,0,0.44450975624596734,0,0
29019,1,13,1,0,0.2639566417197165,0,0
29033,3,10,1,0,0.452406427049227,0,1
29073,2,11,0,0,0.3573938432801684,0,0
29079,3,7,1,0,0.44926445959403327,0,1
29119,1,14,1,0,0.3561275824055516,0,0
29123,3,7,1,0,0.4148286347437343,0,1
29133,4,6,1,0,0.5911545973565853,1,0
29151,1,15,0,0,0.3048677038603303,0,0
29167,3,18,0,0,0.5682775667072191,1,0
29179,3,11,0,0,0.43757717190986,0,0
29181,4,9,1,0,0.5163085112936651,1,0
29187,3,15,1,0,0.44476463221671736,0,1
29189,1,46,0,0,0.34542912161706185,0,0
29197,3,6,1,0,0.4967424884108833,0,1
29205,3,9,0,0,0.42673778674005497,0,0
29207,1,13,1,0,0.4713536115477845,0,1
29223,4,14,1,0,0.4652731147410851,0,0
30015,2,13,1,0,0.37330968896221717,0,1
30021,1,8,1,0,0.34209458674689536,0,1
30025,1,4,0,0,0.3030516518826944,0,0
30031,2,10,0,0,0.27508727566919267,0,0
30045,2,12,0,0,0.2535030177142021,0,0
30047,3,15,1,0,0.38453501735100726,0,0
30079,3,7,0,0,0.3726293716503236,0,0
30089,4,11,0,0,0.4142150163743723,0,0
30093,3,7,0,0,0.3368438135665817,0,0
30101,2,8,0,0,0.3846158062450998,0,0
31015,2,5,0,0,0.3013535248117826,0,0
31029,2,7,1,0,0.2930005227841,0,1
31039,2,11,0,0,0.3262523185903039,0,0
31041,1,21,1,0,0.2210028394525291,0,1
31057,4,7,0,0,0.4147818349985068,0,0
31073,2,9,0,0,0.3420201902049694,0,0
31079,2,11,1,0,0.32967843175532396,0,1
31105,3,5,0,0,0.4258592478067541,0,0
31117,2,5,0,0,0.3367707220257361,0,0
31121,3,9,0,0,0.3511846716350322,0,0
31125,2,8,0,0,0.3267384045487436,0,0
31139,1,9,0,0,0.28187128521135474,0,0
31141,1,11,1,0,0.2775976331905982,0,1
31143,1,10,0,0,0.29341638168371625,0,0
31153,1,13,1,0,0.29654157874091713,0,0
31165,3,8,0,0,0.4621776526825021,0,0
31167,2,10,0,0,0.30262554920721396,0,0
31171,1,4,0,0,0.3143888003050705,0,0
32003,1,73,0,0,0.44895928880520874,0,1
32019,3,9,1,0,0.5535836057725986,1,0
32021,3,5,1,0,0.5118095537308655,1,1
33003,1,30,0,0,0.24994286127965495,0,0
34001,1,30,0,0,0.3215160137146135,0,0
34015,1,30,1,0,0.2612079455204614,0,0
34021,1,25,1,0,0.2648642496984607,0,0
34025,1,52,0,0,0.22583179778678014,0,0
34027,1,56,1,0,0.20058063304795873,0,0
34031,2,33,1,0,0.3287183002811599,0,0
34037,1,21,1,0,0.22101596770851323,0,0
34039,1,27,0,0,0.3076680446432634,0,0
34041,1,19,1,0,0.266696474057851,0,0
35013,1,26,0,0,0.4521969537662678,0,0
35019,2,5,1,0,0.42283100658172507,0,1
35025,3,7,1,0,0.49625264778192957,0,0
35027,3,14,0,0,0.34343773597176736,0,0
35031,4,24,0,0,0.6139998492952401,1,1
35061,4,8,1,0,0.48692405816629664,0,1
36001,2,46,1,0,0.2767748487758016,0,0
36015,2,22,1,0,0.325347421087338,0,0
36019,2,25,0,0,0.3426922294801106,0,0
36025,3,47,0,0,0.273507617590533,0,0
36027,1,35,1,0,0.24745655997077404,0,0
36039,2,42,1,0,0.29173122794515266,0,1
36045,3,39,1,0,0.32608311207751206,0,0
36057,3,20,1,0,0.3287781787659779,0,1
36075,3,27,1,0,0.37347643499324634,0,0
36087,2,25,0,0,0.24884756642883163,0,0
36095,2,24,0,0,0.29947791925084283,0,0
36097,2,18,0,0,0.29862849864476076,0,0
36099,2,14,1,0,0.37013906190487533,0,1
36111,2,63,1,0,0.25728420139957964,0,0
36115,2,27,1,0,0.2772118717348459,0,0
37017,4,18,1,0,0.46334205102127635,0,0
37023,4,16,1,0,0.3429134532746699,0,0
37051,1,24,1,0,0.3967058427252057,0,0
37059,2,6,1,0,0.2959888855560709,0,1
37067,1,22,1,0,0.31558594083130526,0,0
37079,4,11,1,0,0.46290455560910876,0,0
37083,4,9,1,0,0.46006486957968973,0,0
37097,2,16,0,0,0.31428645067988453,0,1
37099,4,11,0,0,0.31196367977507766,0,0
37101,2,21,1,0,0.3657413533444685,0,0
37123,3,8,0,0,0.3515747920541191,0,0
37125,2,18,1,0,0.27621104776358263,0,0
37131,4,12,1,0,0.4958532159960336,0,0
37147,4,17,1,0,0.37792477481264597,0,0
37169,2,16,1,0,0.33348397995187895,0,1
37173,4,5,0,0,0.45093897026470475,0,0
37187,4,4,1,0,0.46398717133224,0,1
38015,1,12,1,0,0.26075927073082666,0,0
38025,1,12,0,0,0.32578784424240864,0,0
38041,2,5,0,0,0.4004785639618567,0,0
38059,1,8,0,0,0.3496669237720045,0,0
38067,1,13,1,0,0.29547331225128093,0,1
38073,1,11,1,0,0.29992679806008105,0,1
38075,1,9,0,0,0.30626116345711707,0,0
38081,1,12,0,0,0.2772883080518147,0,0
38083,2,9,0,0,0.37582964160401633,0,0
38105,1,10,0,0,0.2828755151416177,0,0
39001,4,11,1,0,0.4873422953911417,0,0
39005,2,19,0,0,0.38995148731471435,0,0
39007,4,19,1,0,0.4746974250787933,0,1
39027,3,13,0,0,0.4742240285429861,0,0
39029,3,24,0,0,0.4758458647203508,0,0
39033,3,15,0,0,0.44210232415237977,0,0
39051,1,12,0,0,0.4525101799131293,0,0
39053,3,12,0,0,0.443474740609985,0,0
39067,3,16,0,0,0.4462825459781144,0,0
39087,3,14,1,0,0.4690812225821529,0,0
39093,2,24,1,0,0.40382301304952406,0,0
39121,2,15,1,0,0.3767512327737468,0,0
39129,2,17,1,0,0.42026644731445995,0,1
39135,1,16,1,0,0.4743798067891022,0,0
39143,2,17,1,0,0.45903086669330395,0,0
39149,2,18,0,0,0.4393186883528665,0,0
39167,3,20,1,0,0.4381668082456134,0,0
39175,2,13,0,0,0.3669727642240717,0,0
40003,1,13,1,0,0.4039961789014086,0,1
40009,3,6,1,0,0.48710737180768626,0,0
40021,4,16,1,0,0.5498184574839245,1,1
40041,4,13,1,0,0.5220532046428089,1,1
40073,2,12,1,0,0.5058820797526435,1,0
40089,4,15,1,0,0.5824762716539458,1,1
40109,3,55,0,0,0.48932743551117297,0,1
40115,4,9,1,0,0.5496369222903597,1,1
40125,3,16,0,0,0.512378619138671,1,1
40127,4,16,1,0,0.5282677394083488,1,1
40137,3,10,1,0,0.539981310176002,1,1
40153,2,11,1,0,0.4562501557931987,0,0
41003,1,10,1,0,0.3086589564016969,0,1
41011,3,10,1,0,0.4208544703749559,0,0
41013,2,6,1,0,0.3831668440890904,0,0
41015,2,7,1,0,0.32940291268047694,0,0
41017,1,7,1,0,0.31202485822575926,0,0
41023,3,11,1,0,0.43371896770372725,0,1
41027,2,3,1,0,0.3425621900694067,0,0
41031,3,8,1,0,0.4446321967727404,0,0
41033,4,11,1,0,0.42060099555615177,0,0
41045,4,13,0,0,0.5157239608834817,1,0
41047,3,26,1,0,0.4519163800683163,0,0
41055,2,5,0,0,0.43552429678674653,0,0
41061,3,8,1,0,0.4059786620254789,0,0
41063,2,5,0,0,0.35541034911367897,0,0
42013,3,19,1,0,0.32073565420715633,0,0
42015,2,27,1,0,0.3586816457925099,0,0
42023,3,4,0,0,0.3325702422101312,0,0
42035,3,15,0,0,0.3115932252030994,0,0
42063,3,49,0,0,0.34396071711898984,0,0
42065,3,30,1,0,0.34860053644899586,0,0
42069,2,28,1,0,0.27346481524552485,0,0
42085,2,28,1,0,0.34932815686937974,0,0
42099,2,16,1,0,0.346763607507618,0,1
42111,2,40,1,0,0.33538631559807525,0,0
42121,3,23,0,0,0.3031502035960844,0,0
44009,1,20,1,0,0.20183818562393588,0,0
45003,3,23,0,0,0.46690896483033173,0,1
45005,4,6,1,0,0.573458065567507,1,1
45009,4,8,1,0,0.5520075130497326,1,0
45011,4,7,1,0,0.5658558427161472,1,0
45013,1,16,1,0,0.3129269285564438,0,0
45019,1,30,0,0,0.36810221374745106,0,0
45037,3,10,1,0,0.4194039139322597,0,0
45067,4,7,1,0,0.5042940579556866,1,1
45069,4,8,1,0,0.5166367835155714,1,0
45075,1,24,0,0,0.5342858720129712,1,1
45081,4,12,1,0,0.5304635574898643,1,0
45083,2,34,0,0,0.37214503683700284,0,0
45091,1,15,1,0,0.3364606803783484,0,0
46023,4,10,0,0,0.39643033919718634,0,0
46029,2,10,1,0,0.2781991601249928,0,0
46037,2,11,1,0,0.36563358805940777,0,1
46041,3,9,0,0,0.44512485556277853,0,0
46043,1,8,0,0,0.0628838547276363,0,0
46049,2,10,0,0,0.2819939017357413,0,0
46073,1,4,0,0,0.2686238485922687,0,0
46079,2,14,0,0,0.2519179738128642,0,0
46087,2,12,0,0,0.2716266665702529,0,0
46089,2,8,0,0,0.3468539876165279,0,0
46121,4,9,1,0,0.5695229538418385,1,1
46125,1,15,0,0,0.2831708763619392,0,0
46127,1,9,0,0,0.35177505436865747,0,0
47009,2,13,1,0,0.3630530318118232,0,0
47019,4,8,1,0,0.46447664252949744,0,0
47039,4,9,0,0,0.4321110542166624,0,0
47093,2,30,0,0,0.3692580402492109,0,0
47103,3,12,0,0,0.4478779987913134,0,0
47107,4,12,1,0,0.42617630819402524,0,0
47119,1,10,1,0,0.3604534439004916,0,1
47127,3,10,0,0,0.4274931338886857,0,0
47153,2,8,0,0,0.32427567963169,0,0
47159,3,15,1,0,0.4549303752294542,0,0
47163,3,12,1,0,0.4369819746812954,0,0
47187,1,16,1,0,0.25632122052817463,0,0
47189,1,12,1,0,0.36238846801783003,0,0
48029,2,77,0,0,0.48874227208521026,0,0
48057,3,6,1,0,0.536451225073625,1,0
48061,4,17,0,0,0.6102717332301546,1,0
48097,2,14,1,0,0.4528807695930245,0,1
48113,3,93,0,0,0.45931448660099744,0,1
48137,4,4,0,0,0.5222372491457874,1,0
48143,1,13,1,0,0.41845549399524773,0,1
48175,3,6,0,0,0.4996838516076157,0,0
48199,2,12,1,0,0.406024705744916,0,0
48205,1,4,0,0,0.4222656497802652,0,0
48207,4,11,1,0,0.5176001375674428,1,1
48215,4,28,0,0,0.6163425696245536,1,0
48219,4,10,1,0,0.4997376036032208,0,0
48235,2,4,0,0,0.3802561555016073,0,0
48237,3,11,0,0,0.49012139777115826,0,0
48241,4,9,1,0,0.4740626301076129,0,1
48243,2,2,0,0,0.3988860221566078,0,0
48259,1,8,1,0,0.3308664963053657,0,1
48261,4,2,1,0,0.6588902539397424,1,1
48269,4,2,1,0,0.5091921289150798,1,1
48273,4,4,1,0,0.5308878548295665,1,0
48275,4,6,1,0,0.4767947885150668,0,1
48303,1,25,1,0,0.4470041605016328,0,0
48309,1,29,0,0,0.4723168968160385,0,0
48319,2,6,0,0,0.4182922911237341,0,0
48341,2,6,1,0,0.48670898680446395,0,0
48351,3,11,0,0,0.47682369389460816,0,0
48365,3,13,1,0,0.5042813019367397,1,0
48377,4,4,1,0,0.5622475876786578,1,1
48387,4,9,1,0,0.5069047157014928,1,1
48389,3,4,1,0,0.32390046824815155,0,0
48399,3,11,1,0,0.45406351235354103,0,1
48411,3,7,1,0,0.49142226516418,0,1
48421,3,4,0,0,0.4734013429049341,0,0
48423,3,22,0,0,0.39648472541228336,0,1
48427,4,10,1,0,0.6519785705249788,1,1
48429,4,8,1,0,0.4574980463248856,0,1
48435,1,2,0,0,0.28065956593929925,0,0
48441,1,17,1,0,0.3996266784296069,0,0
48453,1,63,0,0,0.35937940362665405,0,0
48465,4,5,1,0,0.5764623357079227,1,1
48467,3,13,1,0,0.45903574563669763,0,0
48469,3,12,1,0,0.5364558962656208,1,0
48489,4,6,0,0,0.6454643691884148,1,0
49005,3,16,1,0,0.37716700499424805,0,0
49009,1,2,0,0,0.30007294989056027,0,0
49033,2,4,0,0,0.3918663097251623,0,0
49035,1,36,0,0,0.4014852456470824,0,0
49043,1,9,1,0,0.29276357797155605,0,1
49049,2,24,0,0,0.33855731716126053,0,0
50005,2,22,1,0,0.2409716512614534,0,1
50015,2,11,0,0,0.2242930917834546,0,0
50019,2,24,1,0,0.24066981200775364,0,0
50025,2,24,1,0,0.21930009146673052,0,1
51005,3,7,1,0,0.39107953171360843,0,0
51009,2,9,1,0,0.3692812956609514,0,1
51011,3,8,0,0,0.4102354589833929,0,0
51037,4,14,1,0,0.42941282996626223,0,1
51043,1,7,0,0,0.2878787884566684,0,0
51053,3,12,0,0,0.49392807911091186,0,0
51065,1,10,0,0,0.29450247427955073,0,0
51073,1,6,1,0,0.313990932031026,0,1
51077,4,9,0,0,0.40350164383464987,0,0
51079,2,5,1,0,0.3030839209404095,0,0
51095,1,4,1,0,0.2409679289488816,0,0
51107,1,21,1,0,0.20920210343280635,0,0
51109,2,12,0,0,0.35837767260139664,0,0
51163,3,12,0,0,0.33636515882515483,0,0
51191,2,10,1,0,0.35959318335099255,0,0
51650,2,9,1,0,0.4462531957635213,0,0
51670,4,1,0,0,0.4953097241701503,0,0
51678,3,1,1,0,0.2949291371651851,0,1
51770,3,10,1,0,0.43249267907579947,0,0
51790,1,2,0,0,0.3058498651959473,0,0
51820,3,1,0,0,0.38971228148056986,0,0
53011,1,20,0,0,0.3223746804983557,0,0
53027,1,21,0,0,0.37126692275271184,0,0
53029,1,8,1,0,0.2883820788232429,0,1
53031,2,9,1,0,0.30889659592743396,0,0
53043,2,14,0,0,0.38945130828540087,0,0
53055,1,9,0,0,0.25621257029435757,0,0
53069,1,6,0,0,0.3452348259653248,0,0
53073,2,18,1,0,0.3068455004135962,0,0
54013,4,16,0,0,0.4837889178405594,0,0
54023,3,12,0,0,0.4510752333543634,0,0
54031,3,10,0,0,0.5056329661401421,1,0
54033,3,21,0,0,0.40037169713738835,0,0
54039,1,46,1,0,0.43449364814061203,0,0
54045,4,33,0,0,0.47911270212243334,0,0
54051,3,10,0,0,0.42536301863516496,0,0
54089,4,15,0,0,0.46260037457635605,0,0
54097,4,10,1,0,0.44955997306660844,0,0
54101,4,11,0,0,0.4907209322701975,0,0
55001,2,14,1,0,0.30941844910946076,0,0
55031,2,12,1,0,0.24744791921529796,0,1
55045,1,12,1,0,0.25622708085664825,0,1
55055,1,19,1,0,0.2810617003443588,0,0
55059,1,17,1,0,0.2848624045312164,0,0
55067,2,15,0,0,0.3226547659883562,0,0
55071,1,19,1,0,0.2701799679394208,0,0
55083,1,19,1,0,0.29410208690289696,0,1
55093,1,13,0,0,0.24529526313005962,0,0
55097,2,21,1,0,0.23249321105294934,0,0
55099,2,14,1,0,0.2502637247602212,0,0
55115,2,25,1,0,0.2895779317602865,0,1
55141,2,15,1,0,0.23012991424692325,0,1
56001,1,10,1,0,0.3900105748485277,0,0
56009,1,4,1,0,0.364556423107374,0,0
56013,2,11,1,0,0.4085835745566468,0,1
56017,3,3,1,0,0.3808922246995484,0,1
56019,2,4,0,0,0.31811728837065667,0,0
56023,1,15,0,0,0.3244751211693045,0,0
56035,1,6,1,0,0.30783768843900144,0,1
56045,2,4,0,0,0.3778826614802263,0,0
01003,2,23,1,1,0.35051965301588245,0,0
01023,4,10,0,1,0.4857037962698523,0,0
01037,3,11,1,1,0.45075248454324074,0,1
01049,4,24,0,1,0.48115465958943504,0,0
01053,4,9,1,1,0.49845948263403905,0,1
01087,4,13,1,1,0.4257931962730964,0,0
01089,1,25,1,1,0.3731695878125209,0,0
01109,1,9,1,1,0.4282887833118847,0,1
01117,1,22,0,1,0.3019350766119541,0,0
01127,3,18,1,1,0.44971392991524395,0,0
01131,4,13,1,1,0.5135152073693289,1,1
04027,4,10,0,1,0.5002512624178561,1,1
05001,4,13,1,1,0.4883619888636513,0,0
05021,4,13,1,1,0.5120162021476625,1,0
05029,4,15,1,1,0.49839924314262213,0,0
05045,1,15,1,1,0.4091279074595582,0,0
05047,4,13,1,1,0.49186165883236715,0,0
05051,3,10,1,1,0.38503800732882265,0,0
05053,2,14,1,1,0.4090441807117247,0,0
05057,4,10,1,1,0.5344786811432881,1,0
05059,4,12,1,1,0.42182213005389174,0,1
05061,4,8,1,1,0.5123427387622603,1,0
05085,2,11,1,1,0.4268412320150612,0,0
05103,4,8,1,1,0.49695301254753305,0,0
05109,4,10,0,1,0.4402699538358555,0,0
05115,4,13,1,1,0.43918697529819967,0,1
05119,1,31,0,1,0.40594178279368703,0,0
05147,4,9,1,1,0.5485569481668816,1,1
06011,3,9,1,1,0.4865061573014596,0,0
06015,4,4,1,1,0.3929634172063784,0,0
06027,2,11,1,1,0.43654624062154596,0,0
06035,2,17,1,1,0.4344436651751865,0,1
06043,3,13,1,1,0.438179848408587,0,0
06045,3,29,1,1,0.36854483112288294,0,1
06059,1,91,0,1,0.2944625427800684,0,0
06071,3,93,0,1,0.4923491128121376,0,0
06077,1,36,0,1,0.4581513988497807,0,0
06079,2,26,1,1,0.32180056685726594,0,0
06089,3,30,0,1,0.43095571524516624,0,1
06103,4,15,1,1,0.520958406912876,1,0
06109,1,16,1,1,0.32443765427302224,0,1
06115,3,17,1,1,0.49591602933914547,0,1
08005,1,33,1,1,0.29872345300612607,0,0
08014,1,6,1,1,0.2679851615648781,0,1
08019,1,6,0,1,0.24500086779853134,0,0
08023,4,7,0,1,0.4216373492153356,0,0
08029,4,8,0,1,0.33126158876616735,0,0
08055,2,4,1,1,0.3859383417344212,0,1
08059,1,33,1,1,0.2598442891610342,0,0
08069,1,24,1,1,0.3280040962467048,0,0
08075,3,9,0,1,0.4011765932032539,0,0
08083,3,7,0,1,0.3846720785616064,0,0
08093,1,12,0,1,0.16034138997212583,0,0
08121,2,12,1,1,0.3872214425230526,0,1
08123,1,41,1,1,0.3744868363722569,0,0
08125,3,13,0,1,0.3885228171653528,0,0
09005,1,40,1,1,0.2054554415677529,0,0
09011,1,31,1,1,0.27128179623007503,0,0
09013,1,17,0,1,0.23332563284203411,0,0
12033,1,18,1,1,0.27790491026507186,0,0
12043,4,5,1,1,0.40581731715606073,0,1
12049,4,4,1,1,0.4540784292027755,0,0
12061,2,9,1,1,0.2541944131986445,0,0
12067,4,2,0,1,0.35510442231400857,0,0
12085,1,12,1,1,0.2308605239390492,0,0
12091,2,14,1,1,0.24389448308934616,0,0
12093,4,2,0,1,0.4254615547436679,0,0
12097,3,17,1,1,0.3311024806961632,0,0
12101,2,31,1,1,0.28799201879077585,0,0
12109,1,12,1,1,0.20471413143121955,0,0
12129,2,4,1,1,0.3120519878049774,0,0
12133,4,10,1,1,0.40871456960160246,0,0
13025,4,6,1,1,0.4658551924288176,0,0
13091,4,8,0,1,0.4828144888875605,0,0
13103,1,8,1,1,0.3501565112074396,0,1
13125,4,5,0,1,0.47332227981436786,0,0
13135,2,26,0,1,0.2469216433666846,0,0
13145,1,12,0,1,0.2739240241951559,0,0
13151,2,11,1,1,0.34950255809231784,0,0
13157,2,16,1,1,0.31684950076990537,0,0
13161,4,4,0,1,0.5382408173335625,1,0
13171,3,9,0,1,0.43252269471614896,0,0
13173,4,5,0,1,0.5032089807364923,1,0
13175,4,15,1,1,0.5091443649464616,1,1
13191,3,4,1,1,0.44321776935590634,0,0
13195,3,11,1,1,0.3873864769506915,0,0
13205,4,7,0,1,0.5696090579124233,1,0
13207,2,9,0,1,0.3844943195555946,0,0
13209,4,7,0,1,0.4989513123180695,0,0
13213,3,6,0,1,0.37660038288328507,0,0
13217,3,11,1,1,0.44192491315561455,0,0
13219,1,8,1,1,0.2662946021361334,0,1
13235,4,5,1,1,0.5266684288388574,1,1
13239,4,2,0,1,0.5010111950525149,1,0
13243,4,8,0,1,0.5648662765894402,1,0
13251,4,6,0,1,0.5113469932448499,1,0
13265,4,4,0,1,0.5202117593259387,1,0
13281,3,3,1,1,0.26462621983045775,0,1
13287,4,4,1,1,0.54443365016156,1,1
13297,2,11,1,1,0.3528134216121248,0,1
13315,4,8,1,1,0.5216267361254441,1,1
13317,4,5,1,1,0.5095755869363588,1,1
16015,1,8,0,1,0.28282998805716975,0,0
16017,2,18,1,1,0.3376973681420371,0,0
16019,2,14,1,1,0.34052108335204173,0,0
16035,3,7,1,1,0.3373947152137123,0,1
16049,3,16,0,1,0.3314169283748383,0,0
16051,1,10,0,1,0.35453490951184136,0,0
16067,3,5,0,1,0.47980897078791196,0,0
16069,2,10,1,1,0.3627956416412058,0,1
16071,2,4,0,1,0.4002304768653837,0,0
16085,1,4,0,1,0.31782578060562816,0,0
16087,4,5,1,1,0.4898806574689753,0,1
17023,2,11,0,1,0.3406868968720208,0,0
17027,1,17,1,1,0.3176016987702215,0,0
17033,2,10,1,1,0.36025869817057576,0,0
17045,2,15,1,1,0.344106189300562,0,0
17049,2,15,1,1,0.3216584755057279,0,1
17057,3,24,1,1,0.3934759610306363,0,1
17061,2,13,0,1,0.36411120714395523,0,0
17065,2,13,0,1,0.37558061168135537,0,0
17077,4,22,0,1,0.39832751638561437,0,0
17089,1,33,0,1,0.30559690681134655,0,0
17091,2,21,1,1,0.4100597237012962,0,0
17095,3,22,1,1,0.45477468462316784,0,1
17107,1,20,1,1,0.3376222657541561,0,0
17113,2,33,1,1,0.32945927232706784,0,0
17115,3,27,1,1,0.40571968360971616,0,0
17169,3,12,0,1,0.3245510393821951,0,0
17179,1,21,1,1,0.3264270064018522,0,0
17187,3,14,1,1,0.42975076403825574,0,0
17199,3,22,1,1,0.3464754143139624,0,0
18003,2,33,1,1,0.38821793651577585,0,0
18009,3,7,1,1,0.5175988573193077,1,1
18015,2,17,0,1,0.44751867255230343,0,0
18035,4,21,1,1,0.48013078740570764,0,0
18043,2,10,1,1,0.3547851466817171,0,1
18051,2,16,1,1,0.3990294525931165,0,1
18059,1,15,1,1,0.34858750121589094,0,1
18073,1,13,1,1,0.38853354660978917,0,1
18075,3,9,0,1,0.5146148873870381,1,0
18077,2,11,0,1,0.412482249229737,0,0
18089,2,28,0,1,0.4076210138139591,0,0
18091,3,15,1,1,0.4415900991147183,0,0
18099,3,13,0,1,0.46897964584177537,0,0
18103,3,13,0,1,0.4675198486166361,0,0
18107,2,16,1,1,0.38702297656869655,0,0
18109,1,14,1,1,0.43256934662049507,0,0
18111,2,12,0,1,0.41719131640324025,0,0
18115,2,5,0,1,0.3926894309838929,0,0
18117,3,11,1,1,0.43875334053864673,0,0
18145,2,17,1,1,0.48492267056331073,0,1
18175,2,12,1,1,0.4330484801215156,0,0
18179,2,16,0,1,0.411805842519043,0,0
18181,2,18,0,1,0.41445081700903785,0,0
18183,1,10,0,1,0.3488348131708367,0,0
19001,2,14,0,1,0.34911217163714786,0,0
19007,3,11,1,1,0.39022827771735796,0,1
19009,2,11,1,1,0.3608472323359777,0,1
19021,2,13,1,1,0.3196281270501023,0,0
19033,2,17,0,1,0.29146742714937424,0,0
19037,1,9,1,1,0.33295391249254636,0,1
19043,2,24,0,1,0.33405746234700073,0,0
19051,2,10,0,1,0.33865371649496295,0,0
19061,2,19,1,1,0.255315398808237,0,0
19069,2,17,0,1,0.32820117802326626,0,0
19071,2,11,1,1,0.3743513922398475,0,1
19077,1,18,1,1,0.31907962893869896,0,1
19079,1,15,1,1,0.33868428341839885,0,0
19089,2,9,0,1,0.30690372449219994,0,0
19091,2,17,0,1,0.32660692657052864,0,0
19109,2,21,1,1,0.34977326726177554,0,0
19149,1,14,1,1,0.3579542698491646,0,0
19153,2,41,0,1,0.32099871903677907,0,0
19155,2,24,1,1,0.3532168433981446,0,0
19163,2,22,1,1,0.34925316675916124,0,0
19165,1,19,0,1,0.31582793624126465,0,0
19171,2,19,0,1,0.4107466731113022,0,0
19195,1,10,0,1,0.3143626014651718,0,0
19197,2,16,1,1,0.35794044635478306,0,0
20005,2,10,1,1,0.444693109437846,0,0
20017,3,11,0,1,0.4868757669069177,0,0
20021,1,13,1,1,0.4173585216404519,0,0
20023,3,5,0,1,0.4152270489626156,0,0
20041,2,12,1,1,0.4275301795334436,0,0
20047,3,7,1,1,0.40479950297429645,0,1
20051,3,11,1,1,0.33479936247027137,0,0
20059,2,13,1,1,0.43148899679476443,0,0
20091,1,34,0,1,0.22496198466580972,0,0
20103,1,13,1,1,0.40458484499934244,0,0
20109,2,7,0,1,0.33923125220696154,0,0
20127,2,9,1,1,0.454260053149362,0,1
20129,2,5,1,1,0.4446489834166044,0,1
20143,2,11,0,1,0.36061345742135936,0,0
20147,2,9,1,1,0.29185874348817037,0,1
20151,2,11,0,1,0.37790772710107534,0,0
20159,2,13,1,1,0.39294045380665943,0,1
20187,3,3,0,1,0.4634392789091332,0,0
20195,1,8,0,1,0.3235783655856423,0,0
20197,1,16,0,1,0.39496798016575435,0,0
20199,2,4,0,1,0.36407129482915734,0,0
20207,3,10,0,1,0.5081320129755041,1,0
20209,4,11,0,1,0.523964988598551,1,0
21003,4,6,1,1,0.5204129276159646,1,0
21007,1,6,0,1,0.348367615585273,0,0
21009,4,11,1,1,0.5422833050062179,1,0
21013,4,11,1,1,0.5079067503230903,1,0
21021,3,5,1,1,0.44564398176849146,0,0
21055,4,5,0,1,0.5475477747321684,1,0
21061,4,12,1,1,0.48167608063837625,0,1
21099,4,10,1,1,0.5104622675604277,1,0
21115,4,19,1,1,0.4214877405050708,0,0
21123,3,9,0,1,0.47295418986231896,0,0
21147,4,8,0,1,0.45614586459877965,0,0
21179,1,9,1,1,0.37949218892335973,0,1
21183,3,16,1,1,0.4750358842681366,0,0
21201,4,7,1,1,0.47625855797676275,0,1
21203,4,7,1,1,0.4724611643786617,0,0
21223,3,5,0,1,0.4967800418407705,0,0
21225,4,5,1,1,0.5063175185624764,1,0
21229,3,7,0,1,0.4703710197915595,0,0
21233,4,10,0,1,0.5151545581108875,1,0
22015,3,15,0,1,0.44210314768224757,0,1
22023,4,8,1,1,0.5090451917151894,1,1
22035,4,4,0,1,0.5475782438619788,1,0
22039,4,12,1,1,0.4852825931394435,0,1
22043,3,8,1,1,0.4325994660987675,0,0
22083,4,6,1,1,0.5863374318434449,1,0
22111,3,10,1,1,0.4709212395204566,0,0
23005,1,38,1,1,0.19337987894265138,0,0
23015,2,25,0,1,0.2097099834297512,0,0
23017,1,33,1,1,0.3109607980379045,0,0
23019,1,47,1,1,0.31073319281719974,0,0
23029,4,31,0,1,0.40165143478953774,0,0
23031,1,36,1,1,0.2470107287309361,0,0
24001,3,15,1,1,0.3714780474985054,0,1
24009,1,14,0,1,0.30246597926964885,0,0
24019,3,18,1,1,0.4301231748323613,0,1
24021,1,34,1,1,0.23201932387170443,0,0
24031,1,50,0,1,0.18479042512624302,0,0
24035,1,16,1,1,0.297203100426276,0,1
24510,1,31,0,1,0.4654219085231796,0,1
25003,2,36,0,1,0.25538417533429,0,0
25011,2,32,1,1,0.2324568982738654,0,0
25019,1,2,0,1,0.2279438400424805,0,0
25021,1,41,0,1,0.1952296420963549,0,0
26001,3,13,0,1,0.34840898326725717,0,0
26007,3,8,0,1,0.35787490292240015,0,0
26017,2,16,1,1,0.4204595369418453,0,0
26031,3,15,0,1,0.3395716978574119,0,0
26035,4,8,0,1,0.4561159183669935,0,0
26049,3,34,1,1,0.42443524820058426,0,0
26055,1,9,1,1,0.2675803527056487,0,1
26061,4,20,1,1,0.30279348636712083,0,0
26085,4,11,0,1,0.4477651622872531,0,0
26089,1,11,0,1,0.26356921305302616,0,0
26095,3,3,0,1,0.41729673891302577,0,0
26101,2,15,1,1,0.31457071069821374,0,0
26109,3,14,0,1,0.3605761833947316,0,0
26117,3,25,0,1,0.40143515167058474,0,0
26129,4,9,0,1,0.42416527032922474,0,0
26139,1,22,1,1,0.29999460754500357,0,0
26145,3,28,1,1,0.42444798013250135,0,0
27021,2,24,0,1,0.31439958802165757,0,0
27023,2,10,0,1,0.33439199108857887,0,0
27027,2,15,1,1,0.3275366951888078,0,0
27029,3,11,0,1,0.4521121815804011,0,0
27033,2,13,0,1,0.3377273319616596,0,0
27037,1,22,1,1,0.23465543427738147,0,0
27041,1,17,1,1,0.24915469986374122,0,1
27049,1,17,1,1,0.2863756179354082,0,1
27051,2,11,0,1,0.31179021282746394,0,0
27059,1,12,0,1,0.2652375588517468,0,0
27063,2,14,0,1,0.3112380427049005,0,0
27073,1,10,0,1,0.30634477300416413,0,0
27085,1,12,0,1,0.29992365242587876,0,0
27093,1,13,0,1,0.2617600210299814,0,0
27103,1,10,0,1,0.25958514424319545,0,0
27121,1,12,0,1,0.2677180790724898,0,0
27129,2,16,1,1,0.31226227994995104,0,0
27133,1,12,0,1,0.2992801348629885,0,0
27141,1,9,1,1,0.2698891814722694,0,1
27145,2,33,1,1,0.3085260276219414,0,0
27151,3,11,1,1,0.3147671005739583,0,1
27153,2,19,1,1,0.3305133075515569,0,0
28015,4,13,1,1,0.46440234193233504,0,1
28019,4,9,1,1,0.3791920351857768,0,1
28041,3,7,1,1,0.33777212070207696,0,0
28065,4,9,1,1,0.42237553999895305,0,1
28075,1,12,1,1,0.3383153972035178,0,1
28077,4,8,0,1,0.4117687500341346,0,0
28079,4,7,0,1,0.47731710977367986,0,0
28083,4,11,1,1,0.5353202345283582,1,0
28085,4,12,1,1,0.380975866550418,0,1
28091,4,8,1,1,0.4463834237824034,0,0
28093,3,8,1,1,0.43271411431897194,0,1
28111,4,8,0,1,0.37749965386090556,0,0
28119,4,10,1,1,0.5724460459466338,1,1
28129,4,15,0,1,0.42539503014816316,0,0
28133,4,16,1,1,0.5736827315149742,1,1
28139,4,9,0,1,0.4263055858808413,0,0
28147,4,6,1,1,0.44818178927597413,0,0
29005,2,9,0,1,0.3999545732971691,0,0
29027,2,19,0,1,0.33373822255038665,0,0
29029,3,18,1,1,0.3331046455539506,0,1
29035,3,5,1,1,0.41077070987666564,0,1
29039,4,9,1,1,0.4838164952150601,0,0
29057,3,13,1,1,0.4973250781480975,0,1
29061,3,16,0,1,0.4729909290713434,0,0
29065,4,8,1,1,0.4319627850913037,0,0
29105,4,12,1,1,0.41697387797697355,0,1
29109,3,21,1,1,0.45756261546243304,0,1
29113,2,17,1,1,0.4311269030453854,0,1
29157,2,8,0,1,0.4108383673282642,0,0
29161,4,11,1,1,0.3693695917186281,0,1
29165,1,18,1,1,0.31988550940305704,0,1
29175,3,12,1,1,0.45023954095055685,0,0
29195,3,13,1,1,0.4175207088408771,0,0
29225,3,9,1,1,0.4162308086180036,0,1
29227,3,7,0,1,0.4326507806434552,0,0
29510,4,29,0,1,0.4818540060811628,0,1
30001,3,10,0,1,0.35240194342699277,0,0
30035,4,5,1,1,0.6477383739209851,1,0
30059,3,4,0,1,0.3549497894831475,0,0
30065,3,5,0,1,0.4301309434514085,0,0
30075,3,6,0,1,0.4198592802133452,0,0
30081,2,9,1,1,0.31467877031917324,0,1
30083,1,9,0,1,0.36226998669221017,0,0
30107,2,6,0,1,0.43173438568077727,0,0
31017,3,4,0,1,0.3510828800834335,0,0
31035,2,15,0,1,0.28610443248226836,0,0
31055,2,35,0,1,0.28823502488386166,0,0
31063,2,12,0,1,0.3093131966670072,0,0
31065,3,9,0,1,0.3446279524437477,0,0
31069,1,9,0,1,0.35979840358345344,0,0
31071,2,3,0,1,0.3162172391701717,0,0
31083,2,8,1,1,0.3069999668812868,0,1
31089,1,14,0,1,0.3050414384163897,0,0
31095,3,12,1,1,0.3680239316143895,0,1
31101,2,7,0,1,0.32044251331622686,0,0
31111,2,14,1,1,0.3190252788022575,0,0
31127,2,13,0,1,0.33545880112061455,0,0
31129,2,10,0,1,0.31250277282653005,0,0
31145,2,8,0,1,0.3026778648345784,0,0
31147,2,9,0,1,0.36920961977128003,0,0
31155,1,18,1,1,0.29852287498836155,0,0
31169,1,15,0,1,0.294170029928742,0,0
31173,4,10,1,1,0.5410947249830493,1,1
31175,2,6,0,1,0.28832594149446944,0,0
31177,1,15,1,1,0.2852567139993148,0,0
32001,2,2,1,1,0.5168353061016425,1,0
32017,1,5,1,1,0.277562486035993,0,1
32023,1,11,0,1,0.5629847788997199,1,1
32027,2,3,0,1,0.5247778415251872,1,0
32029,1,5,0,1,0.3791866663702758,0,0
32033,2,7,1,1,0.47057922300438565,0,1
32510,2,4,0,1,0.4176532949340026,0,0
33001,1,15,0,1,0.2190464354921304,0,0
33005,1,27,1,1,0.2275224021498263,0,1
34013,2,31,0,1,0.3500011041402797,0,0
34019,1,26,1,1,0.20154421724592536,0,0
35001,1,27,0,1,0.38263979846475066,0,0
35009,1,7,1,1,0.43273926602263785,0,1
35033,3,13,0,1,0.3679591621973705,0,0
35043,1,21,1,1,0.35244974854983596,0,0
35049,2,15,1,1,0.296182344372557,0,0
35055,4,21,1,1,0.3191968160658248,0,1
36003,3,37,1,1,0.31805777555220355,0,0
36007,3,31,1,1,0.305287148085943,0,0
36009,1,36,1,1,0.39050756384997365,0,0
36017,3,26,0,1,0.3296190190212093,0,0
36031,2,34,1,1,0.2559494348575763,0,1
36043,3,28,1,1,0.299840946623908,0,1
36047,3,39,0,1,0.34087926206062674,0,0
36053,1,31,1,1,0.3119671604800188,0,1
36055,1,50,1,1,0.31410592471072485,0,0
36077,3,43,1,1,0.25569324924073317,0,0
36081,2,63,0,1,0.28696404099552064,0,0
36085,1,12,0,1,0.2960597546288449,0,0
36103,1,108,0,1,0.23724715393490753,0,0
36105,2,62,1,1,0.33903695097922815,0,0
36117,2,20,1,1,0.32725118178183554,0,0
36121,2,24,0,1,0.3430283691817727,0,0
36123,2,13,0,1,0.29038889156045594,0,0
37013,4,15,1,1,0.4002210671317115,0,1
37019,2,14,1,1,0.24116658160025012,0,0
37047,4,16,1,1,0.45451234676089336,0,0
37053,1,15,1,1,0.29137906259012997,0,0
37055,1,14,1,1,0.2564535874731623,0,1
37057,3,12,1,1,0.3361476632840598,0,0
37071,3,18,1,1,0.3512942480262644,0,0
37077,3,12,1,1,0.3288974119717073,0,0
37085,3,16,1,1,0.33180927697277934,0,0
37089,2,15,1,1,0.22365610024341015,0,0
37105,3,4,1,1,0.353892965884342,0,1
37109,2,11,1,1,0.31387670406931717,0,1
37113,3,6,0,1,0.29863649051370805,0,0
37117,4,11,0,1,0.4210655341860563,0,0
37119,2,32,0,1,0.28302352391649005,0,0
37135,2,14,1,1,0.20931104387909133,0,0
37139,3,1,0,1,0.40028847170178367,0,0
37159,3,19,1,1,0.3522774024535198,0,0
37167,2,12,0,1,0.3102533063970526,0,0
37185,4,8,1,1,0.45269557305119956,0,0
37199,3,5,0,1,0.342549475478982,0,0
38003,1,19,0,1,0.31969776604923067,0,0
38009,1,14,0,1,0.3257798808594042,0,0
38013,1,9,0,1,0.31089165581184736,0,0
38027,2,7,1,1,0.3665507338142983,0,1
38037,2,13,1,1,0.3838521498004176,0,1
38043,2,13,0,1,0.34039097484334685,0,0
38061,2,12,0,1,0.41998985728561344,0,0
38069,3,11,0,1,0.339232437995735,0,0
38093,1,21,0,1,0.3122179766212839,0,0
38101,1,24,1,1,0.24328918472782787,0,0
38103,1,12,0,1,0.3147442716740402,0,0
39025,1,23,1,1,0.3362092067053874,0,0
39045,1,19,1,1,0.37507657910797587,0,0
39055,1,20,1,1,0.2869811342978734,0,0
39097,1,12,0,1,0.4193806787750964,0,0
39105,4,15,0,1,0.4496099547791873,0,0
39119,3,22,1,1,0.45163700823798264,0,0
39125,1,15,1,1,0.4502828873935734,0,0
39127,3,17,1,1,0.4164419077179124,0,1
39133,1,24,1,1,0.342217212671661,0,0
39145,4,20,1,1,0.4800876210464088,0,0
39159,1,20,1,1,0.3649805923184256,0,1
39171,1,12,1,1,0.43505329608709853,0,1
40001,4,8,1,1,0.5958843364660299,1,0
40005,4,15,0,1,0.5853409106513389,1,0
40013,4,14,1,1,0.576576652432623,1,1
40015,4,16,1,1,0.6106885101581121,1,0
40031,3,19,0,1,0.5758472239425758,1,1
40037,3,21,1,1,0.5055463720856628,1,0
40059,2,7,1,1,0.48073682131026907,0,1
40061,4,7,0,1,0.5712621416790102,1,0
40063,4,10,1,1,0.5718398410062498,1,0
40083,2,15,1,1,0.47996786269914593,0,1
40111,4,11,1,1,0.5798626153747043,1,1
40145,2,15,1,1,0.49436907236227867,0,1
41001,3,12,1,1,0.4022567917194502,0,0
41007,2,9,0,1,0.3391189516096084,0,0
41029,3,18,1,1,0.41468045360134803,0,0
41041,3,18,1,1,0.401013475044074,0,1
41043,2,20,1,1,0.44127168624422514,0,0
41049,3,7,1,1,0.5701979412381147,1,1
41057,2,16,0,1,0.3500625044719912,0,0
41059,3,14,1,1,0.5552560599772052,1,0
41065,3,8,1,1,0.4900925794983641,0,0
42017,1,55,0,1,0.2580067628097335,0,0
42021,1,51,1,1,0.22925455760360533,0,0
42027,2,33,1,1,0.294232547918961,0,0
42033,3,51,1,1,0.3273989048896027,0,0
42041,1,21,1,1,0.24951507136773454,0,0
42045,1,44,0,1,0.28176344068299713,0,0
42057,2,17,0,1,0.36698376775404823,0,0
42061,2,33,1,1,0.36356697842080243,0,1
42073,2,22,1,1,0.31466745429003623,0,1
42089,2,35,1,1,0.3037095823721453,0,0
42105,3,15,0,1,0.38140322805973637,0,0
42129,1,86,1,1,0.2524539338548777,0,0
42133,1,45,0,1,0.3487488692629076,0,0
44001,1,3,0,1,0.22903694672014627,0,0
44005,1,8,1,1,0.20626893053300518,0,0
45007,3,19,0,1,0.3698166132147914,0,0
45021,4,8,1,1,0.4368997442780425,0,0
45041,3,12,1,1,0.4267592060670294,0,0
45053,4,9,0,1,0.5192594184352107,1,0
45057,3,5,1,1,0.3614498933589943,0,1
45079,1,24,0,1,0.37867199358525144,0,0
46009,2,7,1,1,0.2767953148480746,0,1
46013,1,20,1,1,0.28464417858650876,0,1
46017,4,6,0,1,0.4957883192510651,0,0
46027,3,8,0,1,0.3354283963765686,0,0
46031,4,15,1,1,0.5543135566966548,1,1
46059,1,8,1,1,0.2791318649073044,0,1
46067,2,13,1,1,0.28394021176231465,0,1
46075,1,5,0,1,0.2848541073176321,0,0
46083,1,12,1,1,0.24668253770352289,0,1
46093,2,18,1,1,0.30443404716349426,0,0
46111,1,8,0,1,0.28209182003251526,0,0
46135,2,10,1,1,0.26564144409068957,0,0
47015,2,9,0,1,0.4611040500230107,0,0
47017,4,14,1,1,0.48282327555180043,0,0
47025,1,10,1,1,0.43119024250132126,0,0
47027,4,7,1,1,0.5078890802966796,1,1
47053,4,11,1,1,0.5040264577479383,1,0
47055,3,17,1,1,0.44665739477092853,0,0
47073,4,12,1,1,0.4857266696718791,0,0
47075,4,6,1,1,0.5780992309500999,1,0
47083,3,8,0,1,0.4855979512382843,0,0
47091,4,5,0,1,0.4531263866739505,0,0
47099,4,11,1,1,0.4692125963279646,0,1
47109,4,15,1,1,0.45213297992432877,0,0
47121,3,6,1,1,0.4187749165083833,0,1
47139,3,12,1,1,0.4332629715456828,0,0
47147,2,12,1,1,0.4248600878629488,0,1
47169,2,5,0,1,0.4407601883260039,0,0
47181,4,10,1,1,0.44445473003928093,0,0
48001,3,10,1,1,0.47113072427603686,0,0
48005,4,6,1,1,0.47648931417767254,0,0
48017,1,6,1,1,0.43368179404866375,0,1
48021,2,15,1,1,0.435082297500273,0,1
48031,1,8,1,1,0.33876969353010933,0,1
48033,3,9,0,1,0.5077980263532264,1,0
48035,3,11,1,1,0.4488795155083244,0,0
48051,2,5,1,1,0.4663456727068944,0,0
48055,3,14,1,1,0.5295124805032445,1,0
48065,1,6,0,1,0.41616954908104065,0,0
48079,4,4,0,1,0.606031396134579,1,0
48091,1,14,1,1,0.3370716356895204,0,0
48099,1,17,1,1,0.1921655154373094,0,1
48101,4,3,1,1,0.513718507705244,1,1
48115,4,4,0,1,0.5965775491671467,1,0
48125,4,7,1,1,0.5162674479462672,1,1
48129,3,6,0,1,0.47810724418107037,0,0
48145,3,17,1,1,0.5520959651610124,1,0
48149,2,15,1,1,0.4531740652254387,0,0
48151,3,9,1,1,0.47116688234020926,0,1
48157,1,34,0,1,0.3495321037470898,0,0
48163,4,5,0,1,0.5895469316154461,1,0
48173,3,4,0,1,0.5186697677426158,1,0
48177,3,14,1,1,0.5109631912354867,1,0
48183,3,10,0,1,0.43689999676758823,0,1
48189,3,9,0,1,0.5231218177124922,1,0
48203,3,12,1,1,0.4605830788531309,0,1
48211,1,4,0,1,0.40313446996566815,0,0
48225,4,7,1,1,0.48753325344224363,0,0
48227,3,5,1,1,0.5252505081323807,1,0
48229,3,6,0,1,0.46579312066359363,0,0
48233,3,7,1,1,0.4794866266849093,0,0
48251,2,16,1,1,0.4384450265997156,0,0
48253,4,10,0,1,0.4516573608159994,0,0
48265,3,10,1,1,0.39323143255246534,0,1
48293,4,14,1,1,0.5412188555296383,1,0
48307,3,6,1,1,0.5126240250777071,1,1
48321,1,12,1,1,0.529157479480022,1,0
48323,4,3,1,1,0.5829160362596696,1,1
48357,4,5,0,1,0.5399691873810489,1,0
48359,1,6,0,1,0.45207033954904946,0,0
48367,1,18,1,1,0.41618186173148775,0,0
48379,2,6,0,1,0.4366518836524007,0,0
48403,4,6,0,1,0.45901692801686733,0,0
48417,4,5,0,1,0.4246228876678783,0,0
48419,4,7,1,1,0.5152333980014839,1,0
48449,4,6,1,1,0.5014561719436146,1,1
48451,1,14,1,1,0.3762049049626911,0,0
48457,3,10,1,1,0.42731228129170906,0,0
48459,3,12,1,1,0.4452372951412105,0,1
48475,3,6,1,1,0.5060215521498594,1,1
48477,2,7,1,1,0.48556039716687627,0,1
48491,1,25,0,1,0.33051809568541435,0,0
48495,3,2,1,1,0.5679893854288903,1,1
48497,2,17,1,1,0.46168174369129145,0,1
48501,2,4,1,1,0.5024149459558853,1,1
49001,2,4,0,1,0.3686315595495104,0,0
49011,1,13,1,1,0.3572970024122656,0,0
49017,3,11,0,1,0.37015354858085964,0,0
49029,1,2,0,1,0.3459304396934876,0,0
49041,3,12,1,1,0.43613435367562897,0,0
49051,1,6,0,1,0.335557500689253,0,0
50003,2,21,0,1,0.2559270651730467,0,0
50007,1,21,1,1,0.24787599988813236,0,0
50017,2,31,1,1,0.2361444137192512,0,0
51007,1,5,1,1,0.4205286644727214,0,1
51023,1,12,0,1,0.2828271310518633,0,0
51067,3,16,0,1,0.35403457137735445,0,0
51069,1,12,1,1,0.2504867030014538,0,1
51089,4,12,0,1,0.4449705325319419,0,0
51101,1,6,0,1,0.374174015569729,0,0
51103,2,6,1,1,0.3290521378013135,0,1
51111,4,12,1,1,0.476140084957379,0,1
51133,2,7,1,1,0.35975134137312464,0,1
51135,4,7,1,1,0.4466022261196199,0,0
51145,1,5,1,1,0.24485680612832775,0,0
51165,2,22,0,1,0.3437052159055694,0,0
51169,3,12,0,1,0.4214564145162685,0,0
51171,2,14,1,1,0.34202818350572817,0,1
51195,4,8,0,1,0.4359877251989245,0,0
51199,1,9,1,1,0.21501299921529382,0,0
51530,4,1,0,1,0.40950251081053135,0,0
51570,2,1,1,1,0.3074012446337966,0,0
51640,4,1,0,1,0.4308194301790204,0,0
51683,1,1,1,1,0.27033292674846515,0,0
51710,1,15,1,1,0.3956236728775066,0,0
53023,3,2,1,1,0.45781279457879526,0,1
53035,1,20,1,1,0.29055408645244013,0,0
53037,3,12,0,1,0.4309711724179758,0,0
53047,4,22,1,1,0.4875990620805488,0,1
53057,1,17,1,1,0.31230194365217867,0,0
53059,1,8,1,1,0.34238652545514336,0,1
53065,3,21,0,1,0.4306049123518622,0,0
53071,2,8,1,1,0.4155885213330457,0,0
53075,4,20,0,1,0.4496135641821908,0,0
54011,3,13,1,1,0.42590508435745367,0,0
54025,4,21,0,1,0.4492723968974336,0,0
54029,3,5,1,1,0.4638455253500227,0,1
54037,1,9,1,1,0.3885294588212363,0,0
54043,4,19,0,1,0.4760247562977244,0,0
54053,3,19,1,1,0.4774148107038959,0,0
54073,3,5,0,1,0.4594681004269859,0,0
54083,4,22,1,1,0.4060731901859719,0,0
54109,4,39,0,1,0.37585309060952815,0,0
55015,1,14,1,1,0.28346346150137164,0,1
55017,2,14,1,1,0.2743174160130703,0,0
55023,2,13,1,1,0.27968988687584856,0,0
55037,2,4,0,1,0.2617151951791451,0,0
55049,1,19,0,1,0.2577774103116345,0,0
55061,1,6,1,1,0.26511875705640575,0,0
55063,2,15,1,1,0.26825984664082564,0,0
55065,2,14,1,1,0.2845339054818178,0,0
55069,1,7,1,1,0.2518569559900298,0,0
55079,3,37,0,1,0.3745444935312984,0,0
55095,1,20,1,1,0.2639845327583386,0,1
55125,2,12,1,1,0.25520936462372157,0,0
55131,1,18,1,1,0.2572222615040254,0,0
55133,1,30,1,1,0.24568155202406472,0,0
56007,2,12,1,1,0.41218261186689187,0,0
56011,1,10,0,1,0.3431846016216723,0,0
56025,1,11,1,1,0.3920340818730123,0,1
56027,3,5,0,1,0.4599463950841233,0,0
56039,1,9,0,1,0.24735222108790136,0,0
01005,4,9,0,2,0.5315821582058692,1,0
01009,3,17,1,2,0.44670549363006096,0,0
01025,4,10,1,2,0.5077871298784762,1,0
01027,4,10,0,2,0.5043223037643977,1,0
01039,4,13,1,2,0.46295333299481956,0,1
01043,3,19,1,2,0.4126606018034124,0,0
01061,4,14,0,2,0.45382658252736435,0,0
01063,4,8,1,2,0.5511266348117131,1,1
01075,4,9,1,2,0.4723930569605423,0,0
01091,4,15,1,2,0.5075415701992093,1,0
01095,4,18,1,2,0.44165761844047746,0,0
01097,1,36,0,2,0.4375925664425825,0,0
01099,4,17,1,2,0.5145408255836591,1,0
01113,3,12,1,2,0.44836929374537215,0,0
01121,4,12,1,2,0.4846431542110523,0,0
01129,4,16,1,2,0.4963294971166284,0,0
04012,4,8,0,2,0.4614129772149517,0,1
04013,1,136,0,2,0.3901794275956802,0,1
04017,4,33,0,2,0.4789214346319371,0,1
05007,2,21,0,2,0.33168227333053124,0,0
05013,4,6,0,2,0.5079894941709568,1,0
05025,4,7,1,2,0.4718840734193466,0,1
05035,4,11,1,2,0.5890796908700149,1,0
05039,4,6,1,2,0.4861480480372877,0,1
05069,4,17,1,2,0.5446138152060027,1,0
05071,4,12,1,2,0.5255001840926228,1,0
05073,4,6,1,2,0.5293832770789892,1,1
05075,4,14,1,2,0.45811468332141314,0,0
05077,3,11,1,2,0.5834156072852489,1,1
05079,4,8,1,2,0.5109973098453462,1,0
05089,3,17,0,2,0.42905603711400286,0,0
05091,4,6,1,2,0.5219250058325134,1,0
05117,3,11,1,2,0.4864620554213152,0,1
05121,4,11,1,2,0.5025832466351381,1,0
05127,4,10,1,2,0.5371688858112986,1,1
06013,1,49,0,2,0.2842849390200659,0,0
06023,4,36,1,2,0.35183888820645426,0,0
06049,3,13,0,2,0.5172943547484916,1,0
06057,2,12,1,2,0.3294298833862434,0,0
06063,2,17,1,2,0.35744300897775017,0,0
06073,1,108,0,2,0.3185961734557376,0,0
06101,3,13,1,2,0.4600720289523121,0,0
08007,1,5,1,2,0.244870022761954,0,1
08017,2,4,0,2,0.297169162383115,0,0
08021,4,8,0,2,0.41046309316284924,0,0
08041,1,45,0,2,0.3023859660070771,0,0
08051,2,11,0,2,0.25425609174730274,0,0
08061,3,5,0,2,0.3426784313241265,0,0
08071,4,11,0,2,0.3786332162690434,0,0
08073,2,9,0,2,0.3933462172361864,0,0
08077,2,19,1,2,0.3253870804867312,0,0
08085,3,12,0,2,0.30750833717132336,0,0
08087,2,10,1,2,0.4037602628840984,0,0
08095,2,3,0,2,0.32932868029153306,0,0
08117,1,4,0,2,0.3430559160265403,0,0
08119,1,7,0,2,0.26361550021443475,0,0
09015,1,31,1,2,0.29995746425809366,0,0
12009,2,28,0,2,0.2965685128824044,0,0
12029,4,6,0,2,0.4177164497699069,0,0
12037,4,8,0,2,0.39698998434880955,0,0
12047,4,3,0,2,0.4639094749157935,0,0
12051,4,6,1,2,0.43135657341666195,0,1
12059,4,4,1,2,0.4061180628479163,0,0
12063,1,14,1,2,0.38949117845364517,0,1
12079,4,5,1,2,0.483002979127505,0,0
12103,2,48,0,2,0.2759284401734951,0,0
12123,1,6,0,2,0.3096239083534685,0,0
13005,4,3,1,2,0.5111855241915491,1,1
13013,2,8,1,2,0.34658059782421846,0,0
13015,2,14,1,2,0.33637417349381843,0,1
13021,1,12,1,2,0.47730481824446724,0,0
13023,4,6,1,2,0.45533110660841186,0,1
13029,1,3,0,2,0.3044141982893327,0,0
13045,1,11,1,2,0.351853758467505,0,0
13051,3,14,0,2,0.3498734966127714,0,1
13053,3,2,0,2,0.27331966528988144,0,0
13059,1,9,1,2,0.3717681436486101,0,0
13061,4,6,0,2,0.5648645803533408,1,0
13067,1,23,0,2,0.24394026583048037,0,0
13071,4,13,1,2,0.5299618009825966,1,0
13081,4,5,0,2,0.569581697771904,1,0
13099,4,7,0,2,0.5765728685990656,1,0
13123,3,5,0,2,0.35258519474778066,0,0
13129,4,8,1,2,0.3990382354243997,0,1
13131,4,6,0,2,0.5099386894518197,1,0
13141,4,5,0,2,0.5799678726958397,1,0
13193,4,10,1,2,0.5520300165246407,1,0
13199,4,10,0,2,0.5210773271925193,1,0
13215,4,11,1,2,0.4150577864477228,0,0
13227,2,9,1,2,0.28155474646552286,0,0
13231,2,8,0,2,0.3609418616597834,0,0
13253,4,4,1,2,0.49412190010323714,0,1
13263,4,8,0,2,0.4549845979584249,0,0
13267,4,6,1,2,0.516565667738111,1,0
13271,4,7,0,2,0.5411861257995647,1,0
13283,4,6,0,2,0.5234399254668144,1,0
13289,4,6,0,2,0.5409336948173454,1,0
13311,2,7,0,2,0.2996272399461362,0,0
13313,4,8,1,2,0.3819201645159717,0,0
13319,4,9,0,2,0.5099563773935588,1,0
16003,2,6,0,2,0.3299302601155035,0,0
16029,2,7,0,2,0.34147678107582136,0,0
16031,3,9,1,2,0.4530718411599673,0,0
16059,3,10,1,2,0.3946908404826049,0,1
16075,3,7,1,2,0.4557061537716835,0,0
16081,1,5,1,2,0.34194250759210004,0,1
16083,3,10,1,2,0.38892483566485514,0,1
17001,2,23,1,2,0.2932629346433262,0,0
17007,1,15,1,2,0.34557635237678375,0,1
17009,2,5,0,2,0.3236984957317292,0,0
17015,1,11,0,2,0.33387851674863633,0,0
17019,3,35,1,2,0.2984871443051599,0,0
17021,2,20,1,2,0.3724772139777021,0,1
17025,3,13,1,2,0.38962540728726,0,0
17029,4,16,0,2,0.3559940906700717,0,0
17035,3,12,0,2,0.36563577191551994,0,0
17055,4,19,1,2,0.4570078618539262,0,1
17059,4,9,1,2,0.4755018276349051,0,1
17071,2,17,0,2,0.34651567097653124,0,0
17079,2,15,0,2,0.3676093085294424,0,0
17085,1,15,0,2,0.3053532313345686,0,0
17087,2,10,1,2,0.44044688641376173,0,1
17093,1,19,1,2,0.3151098439259992,0,0
17097,1,35,1,2,0.270745276908797,0,0
17119,2,35,0,2,0.35632782306532673,0,1
17123,2,19,1,2,0.3622900551547911,0,1
17129,1,8,0,2,0.2985778387348058,0,0
17135,3,28,0,2,0.38461837908540664,0,0
17137,3,16,1,2,0.3765133370289254,0,1
17147,1,16,0,2,0.2924513197239882,0,0
17157,2,18,1,2,0.41176818527190756,0,1
17159,3,9,1,2,0.3934460080366789,0,0
17161,2,20,1,2,0.3758551355495566,0,0
17171,2,9,1,2,0.34562831840616554,0,1
17177,3,19,0,2,0.3923739133322223,0,0
17181,3,13,1,2,0.3868100786728899,0,0
17189,1,13,1,2,0.3477058367123819,0,0
17193,3,11,1,2,0.3897227695049686,0,0
18007,3,10,0,2,0.4785098565340794,0,0
18011,1,12,1,2,0.297434723399219,0,1
18017,3,12,1,2,0.4865194916743998,0,1
18021,2,17,1,2,0.45350801033882093,0,0
18023,3,12,1,2,0.4667497695371951,0,1
18025,3,9,0,2,0.4755896222859783,0,0
18027,3,7,0,2,0.43168834865178685,0,0
18031,2,10,0,2,0.4682540705963957,0,0
18057,1,23,0,2,0.24546369276481406,0,0
18063,1,19,1,2,0.29414541007337186,0,0
18069,2,9,1,2,0.40360001391145517,0,1
18085,1,21,1,2,0.38818408208703675,0,0
18087,1,12,1,2,0.45749156665265245,0,1
18095,3,18,1,2,0.5178579078312269,1,0
18119,3,14,0,2,0.45689442372311856,0,0
18125,2,11,0,2,0.4290209780798801,0,0
18137,2,12,0,2,0.41007810254478577,0,0
18147,1,16,1,2,0.44780106615491,0,0
18149,3,11,1,2,0.5082656874258557,1,0
18151,1,9,0,2,0.39279594679253366,0,0
18163,3,11,1,2,0.44581920313270984,0,0
18165,2,8,0,2,0.4419192617969334,0,0
18169,2,14,1,2,0.438867226292424,0,1
18173,1,12,1,2,0.29132896741254577,0,1
19019,1,16,0,2,0.29272985187665623,0,0
19023,1,16,1,2,0.32127560550191525,0,0
19053,3,11,0,2,0.36305798494251446,0,0
19075,1,16,0,2,0.30464918153364257,0,0
19085,2,15,0,2,0.3248542878824726,0,0
19087,2,11,1,2,0.3590665150289148,0,0
19095,1,21,1,2,0.30060572645254197,0,0
19103,1,24,1,2,0.28969900975066587,0,0
19113,1,29,1,2,0.29036346270729313,0,0
19129,1,11,1,2,0.3035030382364755,0,0
19151,2,16,1,2,0.3707475939434979,0,1
19177,2,13,0,2,0.3712630203878097,0,0
19189,1,11,0,2,0.3275582862729187,0,0
20013,2,13,0,2,0.39189049418561017,0,0
20027,1,10,1,2,0.32889836655780386,0,1
20037,1,15,1,2,0.4378076342071564,0,1
20055,3,7,1,2,0.4536458237912605,0,1
20063,2,10,0,2,0.45261172322475635,0,0
20065,2,13,0,2,0.2679577063157312,0,0
20067,2,3,1,2,0.4285938927327897,0,1
20083,2,8,1,2,0.3689935961159573,0,1
20089,3,14,0,2,0.5539175542321557,1,0
20093,3,4,0,2,0.5158089309896533,1,0
20115,1,19,0,2,0.381094573591311,0,0
20119,1,5,0,2,0.4393336898777729,0,0
20121,1,11,1,2,0.3059029509182912,0,1
20123,2,7,0,2,0.3349546494788222,0,0
20131,1,15,0,2,0.32603950575626145,0,0
20139,2,15,1,2,0.4870311515742494,0,0
20145,2,9,0,2,0.3519848423498692,0,0
20149,2,12,1,2,0.38294082799754575,0,0
20167,2,11,1,2,0.37601283403052527,0,1
20177,1,29,0,2,0.4677489268484369,0,0
20181,2,4,0,2,0.40685471722255256,0,0
20191,2,18,0,2,0.39628921782746396,0,0
20201,2,15,1,2,0.2671670757817829,0,1
20205,4,10,1,2,0.4758343233447973,0,1
21005,2,5,0,2,0.33863683347279705,0,0
21025,4,10,0,2,0.4942890558655178,0,0
21031,4,10,0,2,0.4959458735451945,0,0
21037,2,10,1,2,0.3244571817630988,0,1
21059,3,10,1,2,0.4878780313631665,0,0
21067,2,17,1,2,0.3081465781608396,0,0
21073,2,5,1,2,0.34498278559396145,0,1
21077,3,6,1,2,0.45135062204485776,0,1
21081,3,8,1,2,0.4713823237699054,0,0
21105,4,7,1,2,0.535439393031912,1,1
21107,4,13,1,2,0.48945520469851994,0,0
21113,3,4,1,2,0.3701691265920894,0,1
21127,4,10,1,2,0.47966874739011905,0,0
21131,1,22,0,2,0.4091061854519312,0,0
21141,4,7,1,2,0.5174160271764442,1,0
21157,2,8,0,2,0.39057041174591994,0,0
21159,4,9,1,2,0.41376565565145096,0,1
21163,2,12,1,2,0.4019948182653306,0,0
21171,4,6,1,2,0.5274543926402167,1,1
21181,4,6,0,2,0.5319153875006858,1,0
21191,3,10,1,2,0.4452990982948765,0,0
21211,2,14,1,2,0.3774134153320152,0,1
21227,3,9,1,2,0.40274312970722226,0,0
21231,4,5,1,2,0.5164502141896207,1,0
21237,4,5,1,2,0.5098823662028428,1,1
22003,3,13,1,2,0.4303032304665261,0,0
22005,1,8,1,2,0.35912107768964585,0,0
22009,4,15,1,2,0.4937388877804798,0,1
22021,4,4,1,2,0.5288096298863753,1,1
22049,4,7,1,2,0.5030168487604862,1,0
22055,1,16,1,2,0.37273800828532,0,0
22057,3,14,1,2,0.4478462816925847,0,0
22071,4,17,0,2,0.44266512327669433,0,0
22097,1,18,0,2,0.48927661419137847,0,1
22107,4,4,1,2,0.49458793947643487,0,1
22109,3,13,1,2,0.4664247401572171,0,0
22119,4,12,1,2,0.5527591779561043,1,1
22125,2,4,0,2,0.5814536601149092,1,0
23001,2,14,1,2,0.2736227059908584,0,0
23003,4,41,0,2,0.4005430728597382,0,0
23009,2,40,1,2,0.22756672862215285,0,1
24015,1,15,0,2,0.38527369854420734,0,1
24043,1,20,1,2,0.3758640716123561,0,0
25007,1,7,0,2,0.22859250554253438,0,0
25023,1,34,1,2,0.2228671063254752,0,0
25025,3,36,1,2,0.2841916773778624,0,0
26009,2,16,1,2,0.32258877014114384,0,0
26013,3,7,1,2,0.37157028849806045,0,1
26015,1,15,1,2,0.3583387863067883,0,1
26019,1,11,0,2,0.2827688445228392,0,0
26021,1,23,1,2,0.42449301094541547,0,0
26047,2,11,0,2,0.27010731545495203,0,0
26057,3,20,0,2,0.37645604877840017,0,0
26071,3,8,0,2,0.32357567519593305,0,0
26075,2,29,1,2,0.41171841161383643,0,0
26083,3,6,0,2,0.26984655516225514,0,0
26099,2,39,1,2,0.38507192485165537,0,0
26103,2,15,1,2,0.26436763434651595,0,1
26111,2,15,0,2,0.2836578537289151,0,0
26113,3,9,0,2,0.41005700448942156,0,0
26125,1,71,0,2,0.2526576634454265,0,0
26133,4,9,0,2,0.4208164115590544,0,0
26137,3,7,1,2,0.3298482655277668,0,0
26141,2,7,1,2,0.3355660720728983,0,0
26143,4,7,0,2,0.38453711809207486,0,0
26149,3,13,1,2,0.45095136333450914,0,1
26151,3,22,1,2,0.4032156909815732,0,0
26155,2,19,1,2,0.3446414944461405,0,1
26157,3,21,1,2,0.43345894818063196,0,0
26163,3,68,0,2,0.4586242093762803,0,0
27005,2,16,1,2,0.3668631778781846,0,1
27009,1,9,1,2,0.26598367857496297,0,1
27015,1,10,0,2,0.27411554626487794,0,0
27017,2,15,0,2,0.2804733778371719,0,0
27057,2,10,1,2,0.31046680155084566,0,0
27067,2,16,0,2,0.28469401473235095,0,0
27079,1,13,1,2,0.28145968045508374,0,0
27081,2,12,0,2,0.3029137290956571,0,0
27087,4,8,0,2,0.5330365627695449,1,0
27101,1,16,0,2,0.30103377694361216,0,0
27105,3,17,0,2,0.3646174337175367,0,0
27111,1,34,1,2,0.31276262081361844,0,0
27157,1,13,0,2,0.26611959953404385,0,0
27161,2,13,0,2,0.335571876655515,0,0
27167,1,12,0,2,0.2846730645135069,0,0
27171,1,19,1,2,0.23487869516970777,0,0
28001,4,2,1,2,0.45565086101159735,0,1
28003,4,5,1,2,0.38363794746309177,0,1
28005,4,9,0,2,0.3655153426980114,0,0
28023,4,9,1,2,0.3578026576922595,0,0
28025,4,8,1,2,0.46998688616873513,0,0
28027,4,11,1,2,0.5972717055790793,1,0
28039,4,3,1,2,0.3579941262885547,0,0
28049,1,21,0,2,0.4138489332055499,0,0
28053,4,8,0,2,0.5711328492222602,1,0
28061,4,14,1,2,0.3878170378485851,0,0
28095,4,12,1,2,0.3903758180299429,0,0
28117,4,8,0,2,0.43970699809093555,0,0
28121,1,12,1,2,0.28393912077723404,0,0
28125,1,7,0,2,0.17542120587514526,0,0
29001,4,9,1,2,0.35079790418484197,0,0
29003,2,17,0,2,0.42768122353430954,0,0
29009,4,17,1,2,0.5007307042406427,1,0
29013,3,13,1,2,0.4393381969949236,0,0
29015,3,13,1,2,0.44234478319161585,0,0
29049,1,11,1,2,0.39258510532918206,0,0
29051,1,9,1,2,0.30909373957150615,0,1
29053,2,14,0,2,0.3710021592356511,0,0
29063,2,10,1,2,0.4494491787060836,0,1
29067,4,16,1,2,0.5034443678502285,1,0
29103,4,12,1,2,0.4715419894358944,0,1
29115,3,15,1,2,0.4131610563535965,0,1
29121,2,15,1,2,0.3974187133254124,0,0
29135,2,13,1,2,0.3854110261989821,0,0
29137,3,16,0,2,0.4715340377626542,0,0
29139,3,11,1,2,0.4737599364061957,0,1
29153,4,18,1,2,0.5136347794642331,1,1
29163,1,12,1,2,0.4313575693508775,0,0
29173,3,9,0,2,0.4275993993533931,0,0
29219,3,9,1,2,0.41556984438074895,0,1
29221,1,16,0,2,0.4595648886589089,0,0
30003,4,18,1,2,0.5858029222305637,1,1
30005,4,9,1,2,0.5294008249602277,1,1
30007,2,6,0,2,0.30186608559434935,0,0
30011,2,8,0,2,0.32717337635667554,0,0
30023,4,5,0,2,0.36618551936868404,0,0
30027,3,11,0,2,0.3292863835333312,0,0
30037,3,3,0,2,0.39522583903944414,0,0
30039,2,5,0,2,0.39430609578694426,0,0
30041,3,10,0,2,0.4325352896213919,0,0
30067,2,9,0,2,0.2962888495126542,0,0
30071,3,8,0,2,0.43717434588511767,0,0
30085,4,10,0,2,0.586971606514562,1,0
31001,2,14,1,2,0.28480922767899436,0,1
31007,2,8,1,2,0.35933925883836326,0,1
31009,2,4,0,2,0.22057676161360204,0,0
31011,2,8,1,2,0.31694690702554923,0,1
31013,2,3,1,2,0.4344765075246335,0,1
31031,3,18,0,2,0.3699551397289995,0,0
31033,1,5,1,2,0.3285231470763764,0,1
31043,3,8,0,2,0.345508203831446,0,0
31045,2,6,1,2,0.3330883802980822,0,1
31075,2,3,1,2,0.3562401398152135,0,1
31085,2,8,0,2,0.33256158914529094,0,0
31097,2,12,0,2,0.3232314896196495,0,0
31107,2,11,0,2,0.3266379783018572,0,0
31119,2,8,1,2,0.2740164401119048,0,1
31133,3,11,0,2,0.36504096512784706,0,0
31149,1,4,0,2,0.30719660742433824,0,0
31157,3,8,1,2,0.4044242767111558,0,1
31161,2,9,1,2,0.41954723890672774,0,1
31179,2,11,1,2,0.2718196341756329,0,1
31183,2,6,0,2,0.34043697760892383,0,0
32009,4,4,0,2,0.31297457090390207,0,0
32011,1,4,0,2,0.5000756054206045,1,0
32013,1,7,1,2,0.5003677212465446,1,0
32015,3,2,0,2,0.5194580872709581,1,0
32031,2,27,0,2,0.40190649611459595,0,0
33013,1,31,1,2,0.19124617631949925,0,0
34017,3,16,0,2,0.28701979355845175,0,0
34033,2,14,1,2,0.36168229371143795,0,1
35003,3,9,0,2,0.6158295457932212,1,0
35007,4,9,1,2,0.46409535873213514,0,0
35021,3,6,0,2,0.4139260480014799,0,0
35045,4,22,0,2,0.5308173726700968,1,1
35051,4,10,1,2,0.4785701286678735,0,1
36023,3,17,1,2,0.3340116437639646,0,0
36033,3,23,1,2,0.3655962146708739,0,1
36035,3,14,0,2,0.3316124145815628,0,0
36063,1,22,1,2,0.38538145270463187,0,0
36065,2,54,1,2,0.34805789108219026,0,0
36069,1,25,0,2,0.303391703927905,0,0
36091,1,27,1,2,0.20110004017608574,0,0
36101,3,39,1,2,0.30250574466102903,0,0
36113,1,25,0,2,0.25554521826836196,0,0
37001,3,12,1,2,0.3449519471309079,0,0
37003,2,8,1,2,0.3074784126982428,0,1
37005,4,7,0,2,0.3943564178151323,0,0
37007,4,8,1,2,0.43695745142593756,0,0
37035,2,14,1,2,0.3127237169552889,0,0
37041,3,4,1,2,0.3756658029676724,0,0
37045,1,13,1,2,0.3924700120950567,0,0
37049,2,11,1,2,0.32255782058959437,0,0
37061,4,19,1,2,0.4863931233074116,0,0
37087,2,7,0,2,0.2957315142110244,0,0
37103,4,9,0,2,0.435959983235684,0,0
37121,3,4,0,2,0.30161760463739146,0,0
37157,3,11,1,2,0.378838635471278,0,0
37171,4,12,1,2,0.37253228722499915,0,0
37175,3,10,1,2,0.27118505046552877,0,0
37193,4,23,1,2,0.3555399732839161,0,0
38005,3,18,0,2,0.47138675657675905,0,0
38007,2,8,0,2,0.33620227482753656,0,0
38029,2,8,0,2,0.3140150183653818,0,0
38033,1,4,0,2,0.31052459532979687,0,0
38039,2,9,0,2,0.3386778486469607,0,0
38045,2,12,0,2,0.31757607768069973,0,0
38063,1,9,0,2,0.351553591732075,0,0
38091,1,12,0,2,0.28059299342727656,0,0
39011,1,18,0,2,0.42850506832433327,0,0
39015,3,19,0,2,0.469736439230063,0,0
39035,1,52,0,2,0.37548963466474544,0,0
39039,1,14,0,2,0.4371774945358878,0,0
39047,3,11,0,2,0.4983341880394305,0,0
39049,2,49,0,2,0.3562178965316771,0,0
39057,2,24,0,2,0.3647300751159597,0,0
39059,3,20,1,2,0.45437660254202994,0,0
39065,3,15,1,2,0.45981674845974896,0,1
39069,1,17,0,2,0.4246784802090132,0,0
39073,3,16,1,2,0.4365774015013908,0,0
39075,1,18,1,2,0.41146060554268243,0,0
39085,1,11,1,2,0.33586719721535285,0,0
39095,3,30,0,2,0.47976758063984043,0,0
39101,3,14,1,2,0.4796459372180712,0,0
39107,1,18,1,2,0.41945782068240256,0,1
39109,1,18,0,2,0.41993092938446397,0,0
39113,2,40,0,2,0.4507108684295751,0,0
39115,4,11,0,2,0.4908400653969377,0,0
39141,3,16,1,2,0.4629040212534685,0,0
39153,2,41,0,2,0.38431318920797314,0,0
39155,3,30,1,2,0.45624389753266986,0,0
39165,1,24,1,2,0.30264293725254593,0,0
40019,3,13,1,2,0.5623780658775867,1,1
40023,4,12,1,2,0.5978577768477693,1,0
40025,3,4,1,2,0.5184205197551837,1,1
40027,2,21,0,2,0.39270259428584753,0,0
40029,4,10,0,2,0.5927053755205377,1,0
40035,4,10,1,2,0.6074199468692012,1,0
40045,3,7,1,2,0.44296186409325333,0,1
40079,4,23,1,2,0.5555584515048623,1,0
40093,2,15,0,2,0.49209641681152266,0,0
40121,3,19,1,2,0.5255998438729185,1,1
40123,3,10,1,2,0.44602232008094556,0,1
40133,4,10,1,2,0.5674142952632751,1,0
40135,4,9,1,2,0.5642425297080039,1,0
40139,4,9,1,2,0.5487402010686788,1,0
40141,4,8,1,2,0.5981917929745288,1,1
41005,1,37,1,2,0.2947356603189902,0,0
41021,2,4,0,2,0.447070390506575,0,0
41035,4,17,1,2,0.48885995580599234,0,1
42007,2,28,0,2,0.2944833657190874,0,0
42019,1,37,0,2,0.2197598949868658,0,0
42029,1,44,0,2,0.23661147434785196,0,0
42049,1,32,0,2,0.33338157079356817,0,0
42067,2,13,0,2,0.3580990026904795,0,0
42071,1,57,0,2,0.3356720850436,0,0
42077,1,34,0,2,0.32879086884524633,0,0
42083,3,22,0,2,0.3066780907292978,0,0
42087,3,13,1,2,0.3507722769789823,0,1
42093,2,9,0,2,0.2973613819133636,0,0
42095,1,26,1,2,0.29473710332659886,0,0
42113,3,13,0,2,0.36040505336401757,0,0
42117,3,25,0,2,0.3225813138274431,0,0
45015,2,17,1,2,0.4200698943168389,0,0
45025,4,11,1,2,0.47193929394084433,0,0
45033,4,11,1,2,0.5341452945302749,1,1
45043,3,5,1,2,0.38525783249508133,0,1
45049,4,13,1,2,0.5435197092368683,1,0
45051,3,16,1,2,0.370082067479016,0,0
45055,3,13,1,2,0.3889155851461376,0,1
45061,4,12,0,2,0.5296244312749593,1,0
45065,1,11,0,2,0.47737913905140905,0,0
45077,3,15,1,2,0.31405629053298834,0,0
46015,2,6,0,2,0.3151739202582928,0,0
46019,3,8,0,2,0.3665250144257774,0,0
46033,3,9,1,2,0.3723382098420943,0,1
46065,1,3,1,2,0.26262282130553766,0,0
46077,1,9,1,2,0.2693957720147949,0,1
46091,1,10,1,2,0.2952371318087466,0,1
46099,1,23,1,2,0.25714472727136894,0,0
46102,4,11,0,2,0.6944489099062277,1,0
46107,1,5,0,2,0.28934134278428,0,0
46129,1,7,1,2,0.2740777107895853,0,1
47011,3,8,1,2,0.42067924610630597,0,0
47013,4,11,1,2,0.4686190126249386,0,0
47051,3,15,0,2,0.4658828398463424,0,0
47059,4,10,1,2,0.462847624343393,0,0
47061,4,10,0,2,0.4766245071187215,0,0
47067,4,5,1,2,0.5123876354385599,1,1
47081,3,13,0,2,0.44723298628459446,0,0
47113,3,13,0,2,0.4777511584677888,0,1
47115,3,12,0,2,0.3447423304652174,0,0
47135,4,4,1,2,0.4804978003467367,0,1
47143,4,6,0,2,0.45875794246119467,0,0
47145,2,10,1,2,0.3756057800400823,0,0
47151,4,9,0,2,0.43574219304802586,0,0
47161,2,8,0,2,0.4211143976260387,0,0
47175,4,7,1,2,0.4914207420022875,0,1
47177,4,6,1,2,0.5182058572252901,1,1
47185,4,5,1,2,0.4645788974158347,0,0
48007,4,5,1,2,0.4977942766919664,0,0
48009,2,10,1,2,0.42904212109222073,0,1
48011,1,6,0,2,0.40250028723572484,0,0
48015,2,13,1,2,0.4800761915369302,0,0
48019,2,7,1,2,0.46473283714665625,0,0
48023,2,2,1,2,0.4080813427181538,0,1
48025,4,11,1,2,0.5557615217396417,1,1
48027,3,23,0,2,0.48539354895552184,0,0
48041,3,9,0,2,0.36870872501131924,0,0
48045,4,4,0,2,0.5666761474780273,1,0
48049,3,10,1,2,0.4512966517861592,0,1
48069,3,10,0,2,0.5120512813864435,1,0
48085,1,38,0,2,0.2914392774422008,0,0
48089,2,18,1,2,0.4926379535488679,0,0
48105,2,6,0,2,0.4979990336474169,0,0
48107,4,9,0,2,0.5781131890230697,1,0
48111,1,3,0,2,0.4375316644755801,0,0
48121,1,37,0,2,0.3332328129590822,0,0
48123,3,9,1,2,0.5361090935008301,1,0
48139,1,20,1,2,0.4477547738854571,0,0
48155,4,3,0,2,0.4899900758414673,0,0
48167,2,18,0,2,0.42958779458373864,0,1
48179,4,7,0,2,0.5174265428755588,1,0
48187,2,14,0,2,0.43524732190706816,0,1
48193,3,10,1,2,0.48156732221271403,0,1
48201,3,141,0,2,0.4415060037242414,0,0
48221,1,8,1,2,0.3983493948027823,0,0
48249,4,8,1,2,0.5600607966507385,1,1
48255,3,8,1,2,0.525274182464947,1,0
48263,3,4,0,2,0.4945719969063958,0,0
48271,4,1,0,2,0.5392925970673614,1,0
48285,2,7,1,2,0.4676587554287686,0,0
48291,3,14,1,2,0.5240348348034879,1,0
48297,3,10,0,2,0.5548232938926384,1,0
48301,1,1,0,2,0.5123567329821698,1,0
48317,1,8,1,2,0.3749044486935913,0,1
48325,1,15,0,2,0.43844076004314914,0,0
48331,3,13,1,2,0.5385448871283358,1,0
48335,2,3,1,2,0.4501395063836358,0,1
48347,1,10,1,2,0.45027599140044466,0,1
48369,3,5,0,2,0.5060875583191543,1,0
48385,4,8,0,2,0.5595974027079411,1,0
48393,4,5,0,2,0.5083388156370227,1,0
48395,3,9,1,2,0.4932466445531087,0,0
48409,3,9,1,2,0.5076729790642639,1,0
48413,2,3,0,2,0.11525055065449849,0,0
48415,3,8,1,2,0.5093998090220366,1,0
48425,3,7,0,2,0.47883822171172813,0,0
48433,3,7,0,2,0.46279295193729764,0,0
48443,3,2,0,2,0.48176255679491,0,0
48445,4,6,1,2,0.6208301549132133,1,1
48455,4,7,1,2,0.4775099164308187,0,0
48461,2,4,0,2,0.4971056665689754,0,0
48471,4,9,1,2,0.4519059797213237,0,0
48473,2,11,1,2,0.5453045625517386,1,1
48479,4,10,0,2,0.5619066061481013,1,1
48481,1,13,1,2,0.5421578140808524,1,0
48485,3,11,0,2,0.49210295622769334,0,1
48499,3,12,1,2,0.4263892731170646,0,0
48505,4,5,1,2,0.6243420127786288,1,0
49003,2,20,1,2,0.41373288805752095,0,1
49013,2,12,0,2,0.48940031877267043,0,0
49015,2,9,0,2,0.42701793963898327,0,0
49023,2,6,0,2,0.41847188518861517,0,0
49025,2,7,0,2,0.3678831299242417,0,0
49031,3,6,0,2,0.35410737661512875,0,0
49037,3,12,1,2,0.4917902717438829,0,0
49045,1,8,0,2,0.4607397332050578,0,0
50001,1,20,1,2,0.1899163212718301,0,1
50009,3,10,0,2,0.2852801749480255,0,0
50011,1,17,0,2,0.23557722506692347,0,0
51003,2,24,1,2,0.21735509190224706,0,0
51013,1,11,1,2,0.1652768652574879,0,0
51019,1,18,1,2,0.2777687902298445,0,1
51021,2,6,0,2,0.31592189731412235,0,0
51027,4,16,1,2,0.46637737145287683,0,0
51031,3,14,1,2,0.3585475952968682,0,1
51036,2,4,1,2,0.44955765061221703,0,1
51045,1,5,0,2,0.28493190515620337,0,0
51047,1,18,1,2,0.34169749089136586,0,1
51061,1,24,1,2,0.240111570607432,0,1
51063,2,11,1,2,0.3035231982310808,0,0
51075,1,15,1,2,0.22242082601871166,0,0
51081,4,4,1,2,0.4932784708267154,0,1
51093,1,8,1,2,0.36346972822849494,0,1
51153,1,19,1,2,0.2253403945882939,0,0
51155,3,8,0,2,0.354369220909358,0,0
51157,1,10,0,2,0.27680253447851844,0,0
51183,1,11,0,2,0.5057848794268213,1,0
51510,1,8,1,2,0.20579059937902847,0,0
51520,4,2,1,2,0.46943729205505563,0,0
51540,3,4,0,2,0.22823217393186773,0,0
51580,3,1,0,2,0.3792406318169609,0,0
51620,3,1,0,2,0.4657751487433368,0,0
51685,1,1,0,2,0.2472579763119523,0,0
51700,3,8,1,2,0.37848757378069,0,0
51720,4,1,0,2,0.4480379941407016,0,0
51740,1,8,1,2,0.4539616611709771,0,0
51840,3,1,1,2,0.3245141570529428,0,0
53009,2,9,0,2,0.29881142678356065,0,0
53017,2,13,1,2,0.3883015847993304,0,0
53041,2,23,1,2,0.3649574206364629,0,1
53045,2,15,1,2,0.37317292975457655,0,1
54001,4,12,0,2,0.4632128178872391,0,0
54017,3,10,0,2,0.4394893937669056,0,0
54041,4,11,1,2,0.4712503422204432,0,0
54047,4,36,0,2,0.5225586933597518,1,0
54049,3,18,1,2,0.41476300454321,0,1
54055,4,19,0,2,0.48193787865898224,0,0
54067,3,25,1,2,0.48755099438354443,0,0
54069,2,6,1,2,0.398449831391744,0,1
54079,2,17,1,2,0.4156627510500298,0,0
54093,2,10,0,2,0.4031908369700192,0,0
55005,2,19,1,2,0.2510883630159546,0,1
55007,2,15,1,2,0.26510951414320866,0,0
55009,1,19,1,2,0.2504215338770549,0,0
55013,3,11,0,2,0.269675335646663,0,0
55027,1,31,1,2,0.28849353506421693,0,0
55041,3,11,0,2,0.33362504242176577,0,0
55047,2,12,0,2,0.3181046612326982,0,0
55051,3,12,0,2,0.28911825249444933,0,0
55075,3,16,1,2,0.29234023548120214,0,0
55078,4,4,1,2,0.4920811851756634,0,1
55085,1,14,1,2,0.22157995689677026,0,1
55087,1,24,1,2,0.24641299257214644,0,0
55089,1,13,1,2,0.21956510678204808,0,1
55091,1,6,0,2,0.25149409330692307,0,0
55101,2,16,0,2,0.31123630694415416,0,0
55107,3,14,0,2,0.26802957602333427,0,0
55111,1,17,1,2,0.2568889172685041,0,1
55121,1,14,1,2,0.25241861343161376,0,0
55139,1,18,1,2,0.27757251497500973,0,0
56031,2,5,1,2,0.4358460163032893,0,1
01001,3,10,1,3,0.4148456774221918,0,1
01011,4,7,1,3,0.47910691176824105,0,1
01013,4,8,0,3,0.4781830448138825,0,0
01017,4,10,1,3,0.44949316752403995,0,1
01021,3,14,1,3,0.45473208933698817,0,0
01035,4,13,1,3,0.47053866257001764,0,1
01041,3,11,0,3,0.42957908534008826,0,0
01045,3,14,1,3,0.4185958138797622,0,1
01047,4,10,1,3,0.46361600672387976,0,0
01055,3,14,1,3,0.4257234267965434,0,1
01077,3,9,1,3,0.3910831074251626,0,0
01079,3,10,1,3,0.4607321528594813,0,1
01083,2,15,1,3,0.42526586987363285,0,0
01093,4,12,1,3,0.40580391270482746,0,1
01101,1,24,1,3,0.40643938801374047,0,0
01107,4,8,1,3,0.4577508898945745,0,0
04003,3,23,0,3,0.4033139293360178,0,1
04007,4,13,0,3,0.4483056347360728,0,1
04011,2,3,0,3,0.3727121538446676,0,0
04023,4,9,1,3,0.5039475744752698,1,1
05003,4,7,1,3,0.47099001389117495,0,0
05011,4,7,1,3,0.4741333831666807,0,1
05031,1,16,1,3,0.4651541470665679,0,0
05033,3,11,1,3,0.48837032544597575,0,1
05097,4,9,1,3,0.4675117979696768,0,1
05107,4,12,1,3,0.5384933580280559,1,0
05113,4,7,1,3,0.4678859665376679,0,0
05129,4,10,1,3,0.4590638224342499,0,1
05133,4,7,1,3,0.5066735559673073,1,0
05139,4,10,1,3,0.45241456837288896,0,1
05141,4,12,1,3,0.4347382479881572,0,0
05143,3,20,0,3,0.3716944849038393,0,0
05149,4,13,1,3,0.4874912952101684,0,0
06003,1,3,0,3,0.37179855848390525,0,0
06009,1,20,1,3,0.3856705960473211,0,1
06021,3,7,1,3,0.5037078126618991,1,0
06031,4,12,1,3,0.5105297750660954,1,0
06033,3,15,1,3,0.46179997417686225,0,1
06039,4,18,0,3,0.5197932296422798,1,0
06041,1,29,1,3,0.24579063831271086,0,0
06047,4,24,0,3,0.5030333981766578,1,1
06051,1,9,0,3,0.38936891101583193,0,0
06067,2,57,0,3,0.4059146137757496,0,0
06069,2,7,1,3,0.40690039803429934,0,0
06081,1,30,0,3,0.2771340295864036,0,0
06083,2,24,1,3,0.35549136184793784,0,0
06107,4,41,0,3,0.5363113530369675,1,0
06113,3,19,1,3,0.4006764270045223,0,0
08009,4,8,1,3,0.41579628606136365,0,1
08013,1,22,1,3,0.3911250479570276,0,0
08015,2,5,0,3,0.26965989868531814,0,0
08025,4,6,0,3,0.44848908633375617,0,0
08033,1,5,0,3,0.3198544142834267,0,0
08037,1,13,1,3,0.26062549102780747,0,0
08039,1,14,0,3,0.3336660514198458,0,0
08045,1,8,1,3,0.331082872935049,0,1
08053,1,3,0,3,0.27648462936596324,0,0
08063,2,6,0,3,0.40883507188744567,0,0
08089,4,7,0,3,0.4606948748240197,0,0
08097,1,7,0,3,0.2730956054622316,0,0
08099,3,6,1,3,0.3857799715772033,0,1
08101,3,15,1,3,0.4514589214354292,0,0
08113,1,7,1,3,0.23535608141517605,0,1
09009,1,41,1,3,0.2828501936111852,0,0
10001,1,18,1,3,0.4251196210997144,0,0
12001,3,23,1,3,0.30153087993736877,0,0
12011,2,53,0,3,0.28949124911826724,0,0
12027,4,4,0,3,0.4632148707251388,0,0
12041,4,5,1,3,0.36616189742241606,0,0
12045,2,2,0,3,0.3425065111291679,0,0
12057,2,56,0,3,0.2928189534913376,0,0
12069,2,28,0,3,0.34571782190721034,0,0
12071,1,38,0,3,0.289672732201709,0,0
12086,3,79,0,3,0.3351002306950909,0,0
12095,3,46,0,3,0.29046072642000553,0,0
12099,2,53,0,3,0.2732199924966048,0,0
12105,3,41,0,3,0.35208144574284017,0,0
12111,2,17,1,3,0.34119012300217944,0,0
12113,1,9,1,3,0.2779921145393712,0,0
12119,1,11,1,3,0.3318893278944971,0,0
12125,1,5,0,3,0.3562961033137065,0,0
13037,4,6,0,3,0.5533418122434184,1,0
13039,3,8,1,3,0.34529376081153884,0,1
13055,4,6,1,3,0.4190078489292396,0,0
13057,1,15,1,3,0.26041811487506483,0,0
13069,4,10,1,3,0.5208426815900189,1,1
13073,1,7,1,3,0.29932326689457833,0,0
13075,4,5,1,3,0.4785200479588789,0,0
13083,3,5,1,3,0.3587171253850696,0,0
13089,1,36,0,3,0.3385287085963626,0,0
13113,1,8,1,3,0.27337082566299165,0,0
13117,1,10,0,3,0.22441645658040899,0,0
13119,3,10,1,3,0.3926336192352178,0,0
13121,1,46,0,3,0.31533648890550076,0,0
13133,3,7,0,3,0.4304912355484378,0,0
13143,3,7,0,3,0.3632402946977209,0,0
13147,4,8,0,3,0.3951976952525978,0,0
13149,3,6,1,3,0.38577018703147453,0,1
13155,4,7,1,3,0.5159756101723206,1,1
13163,4,9,1,3,0.5265391416486563,1,0
13165,4,5,1,3,0.538272831172804,1,1
13177,2,7,0,3,0.4219523011802258,0,0
13179,1,9,1,3,0.3847490716847974,0,1
13211,1,9,0,3,0.34927934846900077,0,0
13229,4,7,0,3,0.4569884244707916,0,0
13237,4,5,1,3,0.4495088636010449,0,0
13249,3,7,0,3,0.41328822906808615,0,0
13269,1,6,0,3,0.2843518361758575,0,0
13279,4,3,1,3,0.4885028081846966,0,0
13301,4,9,1,3,0.5313745281134215,1,1
13303,4,10,1,3,0.5146603072833301,1,0
13321,4,12,0,3,0.5155591650102557,1,0
16001,1,17,1,3,0.28710536908296314,0,0
16005,3,10,0,3,0.44211339361804775,0,0
16007,3,10,0,3,0.05571474165468627,0,0
16009,3,9,0,3,0.35303255157890684,0,0
16013,2,8,1,3,0.4475925102118539,0,0
16033,4,3,0,3,0.3708317049048105,0,0
16045,2,7,1,3,0.3728291375305781,0,0
16047,3,6,1,3,0.5286047101204894,1,0
16063,3,6,0,3,0.45640847063057965,0,0
16073,3,12,1,3,0.4522268628896854,0,1
16077,4,4,0,3,0.49296996114123937,0,0
17003,1,8,1,3,0.295372027168054,0,1
17037,2,22,0,3,0.3731244581912385,0,0
17039,2,13,1,3,0.3945018267221335,0,0
17047,2,6,0,3,0.3791045654227551,0,0
17051,3,20,0,3,0.43584431539745133,0,0
17063,1,16,1,3,0.3724931595188629,0,0
17117,2,28,1,3,0.35625357647353056,0,0
17127,3,8,1,3,0.4442484172163611,0,0
17131,1,18,0,3,0.37732678609367964,0,0
17133,1,9,1,3,0.27610034763568375,0,1
17139,2,11,0,3,0.3655491688182783,0,0
17141,2,27,1,3,0.3682357913060669,0,1
17143,1,27,0,3,0.3735144422506267,0,0
17145,3,12,0,3,0.4308519094355371,0,0
17163,2,34,0,3,0.4148416052793844,0,1
17167,2,29,1,3,0.3267745423812381,0,0
17173,2,22,1,3,0.36863617268597804,0,0
17195,2,15,0,3,0.38972535096598676,0,0
18001,3,8,1,3,0.45680041453043857,0,1
18065,3,22,0,3,0.48523322143174363,0,0
18097,3,40,0,3,0.43471880369243443,0,0
18129,1,7,1,3,0.39872624483940633,0,0
18171,2,11,0,3,0.4019760039019851,0,0
18177,3,17,1,3,0.46668015902820204,0,1
19005,2,10,0,3,0.3170601341906799,0,0
19025,2,14,0,3,0.42845749025184715,0,0
19035,2,15,0,3,0.44179560145770286,0,0
19049,1,25,1,3,0.32830752925797424,0,0
19063,2,7,0,3,0.3937150094268803,0,0
19065,2,24,0,3,0.38468488679306695,0,0
19073,2,13,0,3,0.38657263020522326,0,0
19081,2,13,0,3,0.34406504673490435,0,0
19099,1,19,1,3,0.3767457083808981,0,1
19107,2,19,0,3,0.3839582927164515,0,0
19111,3,12,1,3,0.4332949536936088,0,0
19117,2,9,0,3,0.38939217977849455,0,0
19127,2,21,1,3,0.422177377299392,0,1
19135,2,7,0,3,0.37518165700220885,0,0
19141,2,14,0,3,0.36042437800673954,0,0
19157,2,17,1,3,0.3504352922541777,0,0
19193,2,25,1,3,0.3878292765679596,0,0
20001,3,11,1,3,0.4945573040156203,0,0
20007,3,11,0,3,0.4178794687773494,0,0
20019,4,10,1,3,0.49507558280729913,0,1
20043,2,10,0,3,0.34783126112381485,0,0
20053,2,9,0,3,0.3802085424994048,0,0
20057,4,10,1,3,0.5233639369122237,1,1
20073,3,11,1,3,0.49784490707794765,0,1
20075,2,4,0,3,0.4964424911708927,0,0
20077,3,10,0,3,0.4501002102337288,0,0
20095,1,12,1,3,0.38252366474361343,0,1
20101,3,5,0,3,0.47483223306569794,0,0
20111,3,12,1,3,0.5060761177635344,1,0
20117,2,13,0,3,0.4587841640594417,0,0
20135,3,9,1,3,0.3045119779388022,0,1
20153,3,10,0,3,0.4176343966148764,0,0
20163,2,10,1,3,0.296782360156689,0,1
20179,1,11,1,3,0.4842635566033769,0,1
20183,2,10,0,3,0.360105126290148,0,0
20193,3,8,0,3,0.4343827794986842,0,0
21027,3,18,1,3,0.47039744334009026,0,0
21041,4,8,1,3,0.45727799224724996,0,1
21051,4,10,1,3,0.46935934259523737,0,0
21075,4,3,1,3,0.5656195507956651,1,1
21085,4,9,1,3,0.47191740397450405,0,0
21101,3,8,1,3,0.465670675183824,0,0
21111,2,41,0,3,0.38336623334741093,0,0
21119,4,24,1,3,0.42269139942933054,0,0
21125,4,8,1,3,0.44183496457682275,0,1
21129,4,6,0,3,0.43285342763772644,0,0
21135,4,9,0,3,0.45316945964115674,0,0
21143,3,4,0,3,0.509812784677102,1,0
21145,3,7,1,3,0.4342204588208213,0,1
21169,4,10,0,3,0.4825944134361927,0,0
21173,4,5,1,3,0.4439749247444311,0,0
21177,3,17,0,3,0.47339258553005736,0,0
21185,1,11,1,3,0.27880980868162947,0,0
21187,3,9,0,3,0.43835053920612743,0,0
21195,4,39,1,3,0.37941773849432614,0,0
21197,4,4,1,3,0.41754611204927156,0,1
21235,4,7,1,3,0.4232323751783502,0,0
22001,4,15,1,3,0.4560605470965747,0,1
22007,4,9,0,3,0.4208754271684754,0,0
22011,3,9,1,3,0.44519870018202257,0,1
22013,4,13,1,3,0.508458875075978,1,0
22017,4,25,0,3,0.4718305632073182,0,1
22019,3,16,1,3,0.4283997174371882,0,0
22029,4,5,0,3,0.5143876297828057,1,0
22041,4,7,1,3,0.5508526991999385,1,0
22045,4,10,1,3,0.47437979509271716,0,0
22047,3,8,1,3,0.4666544250848821,0,1
22065,4,4,1,3,0.5359756117621343,1,1
22075,2,9,0,3,0.43960098426992866,0,0
22077,3,17,1,3,0.45507329735656443,0,0
22079,4,27,1,3,0.43223550521201975,0,0
22085,4,12,0,3,0.48694272698404,0,0
22101,4,8,1,3,0.4294994756539686,0,0
22103,2,17,1,3,0.3180161977363288,0,0
22121,2,5,1,3,0.4479683961147008,0,0
22123,4,4,1,3,0.4633654969761431,0,1
23011,2,27,1,3,0.2737173578119552,0,0
23023,1,8,0,3,0.22814123761349764,0,0
23025,4,24,1,3,0.3713473748194805,0,0
24025,1,24,0,3,0.3042550814757691,0,1
24027,1,24,1,3,0.22104104650758885,0,0
24029,2,9,1,3,0.3754933027029222,0,0
24033,1,39,0,3,0.2694867533385569,0,1
24039,1,11,1,3,0.43929891763514806,0,0
24047,2,12,1,3,0.37128835620218087,0,1
25005,2,36,1,3,0.27442861574972677,0,0
26005,2,24,1,3,0.38670982942086807,0,0
26023,3,13,1,3,0.458054475794322,0,0
26065,1,22,1,3,0.5537183936388526,1,0
26067,2,21,1,3,0.3879149876736076,0,0
26069,3,12,0,3,0.37115145845181974,0,0
26073,4,15,1,3,0.35891140997817095,0,1
26079,3,8,0,3,0.3738965691591578,0,0
26097,3,15,0,3,0.3813778784741448,0,0
26105,3,10,0,3,0.35810432300905654,0,0
26123,3,21,1,3,0.3877870252692064,0,1
26131,3,12,0,3,0.36492285920852746,0,0
26135,3,8,0,3,0.3640613268711637,0,0
26159,3,22,1,3,0.42422741012336607,0,0
27001,2,12,1,3,0.3522076493405762,0,0
27007,3,18,1,3,0.3644657258466588,0,0
27011,2,10,0,3,0.3450619577963947,0,0
27013,3,20,0,3,0.31521678413095394,0,0
27019,1,18,0,3,0.2658485690368282,0,0
27039,1,10,0,3,0.32591425691872705,0,0
27061,2,30,1,3,0.37940049452166774,0,1
27065,2,9,0,3,0.3554103292954614,0,0
27069,1,11,0,3,0.32774860075903295,0,0
27071,2,13,0,3,0.3556341648461853,0,0
27075,1,8,0,3,0.2773878427904763,0,0
27077,1,4,0,3,0.0748977323898342,0,0
27083,3,14,1,3,0.3371699729454172,0,0
27089,1,15,0,3,0.38623360737367646,0,0
27091,2,15,0,3,0.35625095269460066,0,0
27113,1,7,0,3,0.36952496861898865,0,0
27117,2,9,0,3,0.3808820443820841,0,0
27135,1,11,1,3,0.37008459814127503,0,0
27139,1,10,1,3,0.2789586128470205,0,0
27143,1,16,0,3,0.3424552379379922,0,0
27147,1,11,0,3,0.3748442144982558,0,0
27155,1,9,0,3,0.3385414062383629,0,0
28011,4,17,1,3,0.5261796182083386,1,1
28017,4,8,0,3,0.42721254665129904,0,0
28055,4,6,0,3,0.3379405080187239,0,0
28057,3,10,1,3,0.3567605287669036,0,0
28069,4,11,1,3,0.42701218686349635,0,1
28071,4,13,1,3,0.36603127628300475,0,0
28073,3,6,1,3,0.2971580151464369,0,0
28087,3,8,1,3,0.3863156428901911,0,0
28101,4,11,1,3,0.395861135446383,0,0
28105,4,6,0,3,0.3692017554551235,0,0
28127,3,10,1,3,0.39788780868742823,0,0
28141,4,9,1,3,0.3842136535382532,0,0
28145,3,11,1,3,0.3439065483556786,0,0
28149,4,3,0,3,0.41508167178270094,0,0
28155,4,10,0,3,0.38679457541518153,0,0
28157,4,4,0,3,0.33863464373726726,0,0
29011,4,8,1,3,0.5061526378963493,1,1
29031,3,19,1,3,0.4118871590685635,0,1
29043,1,21,1,3,0.3187671226606848,0,1
29047,1,23,0,3,0.41264672167842237,0,0
29059,4,13,1,3,0.45232350539120414,0,0
29069,4,14,1,3,0.5545375347734501,1,1
29071,1,23,1,3,0.42356168431747127,0,0
29077,3,21,0,3,0.3688483041503438,0,0
29085,4,13,1,3,0.42002627687871313,0,1
29087,3,6,0,3,0.46339162924295446,0,0
29089,3,10,0,3,0.4176235984912312,0,0
29091,4,12,1,3,0.4760497184376156,0,0
29093,3,16,1,3,0.4403346124304649,0,1
29097,3,19,0,3,0.4676736650440441,0,1
29107,2,16,1,3,0.4288121231882705,0,1
29111,3,12,0,3,0.45667140238514364,0,0
29127,3,10,1,3,0.42514104218372506,0,0
29129,2,7,0,3,0.412281788454388,0,0
29131,3,17,1,3,0.40623248031858583,0,0
29147,4,18,1,3,0.4088868689260396,0,0
29159,3,15,1,3,0.44286134568810975,0,1
29186,2,8,1,3,0.39922158847420486,0,0
29199,3,10,1,3,0.4746180747243556,0,1
29201,4,14,1,3,0.502476081040938,1,1
29213,3,20,1,3,0.41293957979476575,0,1
29229,4,11,1,3,0.48668750824406853,0,0
30009,1,13,0,3,0.3705063087525442,0,0
30033,2,8,0,3,0.375545155834772,0,0
30051,4,5,0,3,0.5027007528709518,1,0
30057,1,18,0,3,0.31479720974049286,0,0
30061,4,5,1,3,0.4296327528872511,0,1
30069,2,4,0,3,0.3795312796312134,0,0
30077,2,8,0,3,0.38024513840992,0,0
30087,3,8,1,3,0.4660138374022292,0,1
30095,1,10,0,3,0.3270232643868353,0,0
30099,2,12,0,3,0.39189335202785885,0,0
30105,3,12,1,3,0.4333556936712679,0,1
30109,2,2,0,3,0.40193075791289434,0,0
31005,2,8,0,3,0.3849918746352971,0,0
31019,1,14,0,3,0.3596198396187062,0,0
31025,1,20,1,3,0.3670966512287104,0,0
31059,1,14,0,3,0.2534894525985975,0,0
31061,2,8,1,3,0.3834474124193473,0,1
31067,2,18,1,3,0.42636195863935217,0,0
31081,1,14,0,3,0.35576205183205467,0,0
31091,1,1,0,3,0.41261576498590047,0,0
31103,2,4,0,3,0.2550437324626078,0,0
31113,2,3,0,3,0.3594180244227654,0,0
31123,2,7,0,3,0.4519729598648509,0,0
31131,1,19,1,3,0.3740616665064842,0,0
31181,2,8,0,3,0.3748016522251133,0,0
31185,1,15,1,3,0.33235627175688265,0,0
32007,1,14,1,3,0.49213151774239317,0,1
33009,1,37,1,3,0.22657349102525562,0,0
33017,1,17,0,3,0.24917194413247928,0,0
33019,2,19,0,3,0.2515099338800089,0,0
34003,1,66,0,3,0.21972408946284583,0,0
34007,1,35,0,3,0.28566861233296154,0,0
34011,1,22,1,3,0.3723899324470648,0,0
34023,1,44,0,3,0.24784149196263175,0,0
34035,1,32,1,3,0.2168164446497696,0,0
35005,4,9,1,3,0.5631226736753925,1,1
35011,4,1,0,3,0.4680683107625496,0,0
35015,3,8,1,3,0.10595131122907274,0,1
35028,1,1,0,3,0.23909765215205592,0,0
35035,4,18,1,3,0.49993957010765805,0,0
35037,4,10,1,3,0.4682551845749654,0,1
36005,4,28,0,3,0.4368502249277856,0,0
36011,1,26,1,3,0.37242166352080125,0,0
36013,3,36,1,3,0.3497468496706671,0,0
36037,2,18,1,3,0.33925229291232967,0,1
36041,2,13,1,3,0.27462562258420103,0,1
36067,2,55,0,3,0.33107547329213716,0,0
36073,3,15,1,3,0.4235190610751702,0,0
36079,1,12,0,3,0.2204357987135882,0,0
36083,2,29,1,3,0.27923081275607875,0,0
36089,3,49,1,3,0.36357015531472725,0,0
36119,1,77,0,3,0.2654842882054935,0,0
37009,1,12,0,3,0.30965069085479335,0,0
37011,3,10,0,3,0.3017276481386608,0,0
37025,2,16,1,3,0.30047266954326757,0,0
37027,3,10,1,3,0.33007754429993397,0,1
37029,2,5,0,3,0.34910507744640623,0,0
37031,2,19,1,3,0.302903474523412,0,0
37037,1,18,1,3,0.24930202813606275,0,1
37063,2,16,1,3,0.2646891298156229,0,0
37069,3,13,1,3,0.3517403821906828,0,0
37075,4,2,0,3,0.3785261806996932,0,0
37091,4,9,1,3,0.517601296884745,1,0
37093,3,9,1,3,0.3963825628948556,0,1
37107,4,10,1,3,0.4227256075585869,0,0
37127,3,15,1,3,0.38570217812674634,0,0
37137,3,9,0,3,0.3926803800818139,0,0
37141,3,13,1,3,0.3260393318158056,0,1
37149,2,7,0,3,0.2684875053510686,0,0
37155,4,13,0,3,0.4464327356044343,0,1
37161,1,16,1,3,0.3169729758752847,0,1
37165,4,7,1,3,0.4733458847599427,0,1
37177,4,3,0,3,0.4483831544594902,0,0
37183,1,39,0,3,0.23043378880121002,0,0
37191,1,14,1,3,0.3920743103909607,0,0
37195,4,17,1,3,0.37574232605253644,0,0
37197,3,7,0,3,0.36765481055478666,0,0
38001,1,6,0,3,0.42610487976429356,0,0
38011,1,5,0,3,0.3497950112699857,0,0
38017,1,29,0,3,0.3497869700115021,0,0
38019,1,16,0,3,0.3553678576828762,0,0
38021,1,8,0,3,0.3564124799234927,0,0
38031,1,8,0,3,0.3201964891184969,0,0
38047,1,7,0,3,0.37529117588994326,0,0
38053,1,12,0,3,0.3685644457571439,0,0
38057,1,10,0,3,0.3996024530145283,0,0
38071,1,12,0,3,0.19557770250588288,0,0
39013,2,27,1,3,0.36731742085197316,0,0
39017,2,17,1,3,0.4221731533771106,0,0
39019,2,20,1,3,0.3853090992877579,0,0
39021,1,17,0,3,0.44608162024950704,0,0
39023,3,22,1,3,0.4523703978230283,0,0
39043,2,13,0,3,0.41796486741502625,0,0
39061,1,57,0,3,0.3559766108250505,0,1
39071,4,15,1,3,0.47856862128264493,0,1
39077,2,14,1,3,0.4240587909090302,0,1
39083,2,16,0,3,0.4151649186310366,0,0
39089,2,28,1,3,0.37162056680079353,0,0
39099,2,36,1,3,0.41800775673686386,0,0
39123,2,18,1,3,0.42416902917370713,0,0
39137,1,17,1,3,0.35818938354124163,0,0
39139,1,19,1,3,0.40000700457393135,0,0
39151,1,42,1,3,0.3929604687174593,0,0
39157,2,27,0,3,0.36249483127434257,0,0
39163,4,15,0,3,0.45256664471236363,0,0
39169,2,25,1,3,0.3714775549444569,0,1
39173,2,32,1,3,0.40585607181210237,0,0
40011,3,13,1,3,0.5387517502892416,1,1
40017,1,13,1,3,0.4303903103289473,0,0
40033,3,11,0,3,0.5558147820453256,1,0
40039,4,13,1,3,0.5241990787020734,1,0
40047,1,22,1,3,0.4633765093086252,0,1
40049,3,13,1,3,0.5235544730610384,1,0
40055,4,4,1,3,0.511474290350882,1,1
40057,4,6,0,3,0.5196237708128769,1,0
40071,4,10,1,3,0.5409114589451598,1,1
40087,1,12,0,3,0.48792593598291045,0,0
40097,4,17,1,3,0.5523199988175286,1,1
40099,3,7,1,3,0.5520713103293642,1,0
40101,4,15,1,3,0.5556196921610136,1,0
40103,2,11,0,3,0.4580424558506101,0,0
40105,3,7,1,3,0.5635705298447286,1,1
40107,4,11,1,3,0.5687553743506736,1,1
40119,1,14,1,3,0.5800248686406695,1,0
40129,3,9,0,3,0.4967382889514008,0,0
40131,1,12,1,3,0.481817222750062,0,0
40149,3,18,1,3,0.48843639156077884,0,1
41025,2,10,0,3,0.44541866512507383,0,0
41039,3,39,1,3,0.36291410868400903,0,0
41053,2,11,1,3,0.3637011679271829,0,0
41069,4,5,0,3,0.45248353669566455,0,0
42001,1,17,1,3,0.33414378555235374,0,0
42003,1,114,0,3,0.2446029393143038,0,0
42005,2,36,1,3,0.2983443139308464,0,0
42025,2,20,1,3,0.33487551286041367,0,0
42031,3,31,0,3,0.32774606989381744,0,0
42039,3,27,1,3,0.3366442580151546,0,1
42043,2,30,1,3,0.3695077149552558,0,0
42055,1,30,1,3,0.31763752480425456,0,0
42059,2,26,1,3,0.29247769944300667,0,0
42081,2,25,1,3,0.3048222451134941,0,0
42091,1,69,0,3,0.2737459286271281,0,0
42097,2,28,1,3,0.36800074043150677,0,0
42101,4,46,0,3,0.3834198151342853,0,1
42107,2,59,1,3,0.37467967216277326,0,0
42109,2,15,1,3,0.3400200398555205,0,0
42119,1,14,1,3,0.2940751380759261,0,1
42127,2,30,1,3,0.27581388933105266,0,1
44003,1,9,1,3,0.25849836637269863,0,0
45001,4,13,1,3,0.4585571655079478,0,0
45017,4,7,1,3,0.49471770216185884,0,0
45023,4,10,1,3,0.48604963112013805,0,1
45029,4,14,1,3,0.481245520879238,0,1
45039,4,9,1,3,0.49552043002853824,0,0
45045,1,27,0,3,0.3419468460957028,0,0
45047,4,9,1,3,0.4546694951308853,0,0
45059,4,16,1,3,0.4509062967501827,0,0
45071,3,11,0,3,0.47462771665685244,0,0
45087,4,9,1,3,0.45707136795158854,0,0
46003,1,9,0,3,0.3639142432042181,0,0
46005,3,11,0,3,0.3478594714006486,0,0
46011,2,12,0,3,0.27252698121678853,0,0
46035,2,6,1,3,0.34077920353451696,0,0
46047,3,7,0,3,0.4149677233635935,0,0
46069,1,5,0,3,0.26957368221794936,0,0
46071,4,12,0,3,0.5146200478592959,1,0
46081,1,9,0,3,0.4133114025955479,0,0
46085,2,9,0,3,0.43472289152533095,0,0
46097,1,9,0,3,0.3144343060732908,0,0
46101,2,13,0,3,0.3226343085152769,0,0
46103,2,20,1,3,0.32379292085664263,0,0
46105,2,9,0,3,0.39752701248901445,0,0
46117,1,4,0,3,0.32333314340762825,0,0
47001,3,11,1,3,0.35975679086152224,0,1
47003,3,13,1,3,0.4360629426565709,0,1
47029,4,8,0,3,0.4680382325277825,0,0
47035,3,11,1,3,0.3782632879561993,0,0
47043,2,11,1,3,0.43699767326380934,0,1
47057,4,9,0,3,0.46960732525335486,0,0
47063,4,7,1,3,0.4714829087185243,0,1
47069,4,12,1,3,0.4560243042588226,0,0
47071,4,13,1,3,0.4330995233596307,0,0
47085,3,4,1,3,0.4569386569998224,0,0
47087,4,11,0,3,0.42230985095415824,0,0
47089,3,10,1,3,0.39572576739006016,0,1
47117,3,12,1,3,0.3904258720573588,0,1
47125,3,15,1,3,0.41411704350184575,0,0
47131,4,12,1,3,0.48094435346390724,0,1
47133,3,11,0,3,0.43355079361463217,0,0
47137,4,6,0,3,0.3914749637955233,0,0
47141,1,10,1,3,0.5101563996483206,1,0
47149,1,20,1,3,0.4252929099893717,0,0
48013,3,15,1,3,0.5539175500807553,1,0
48047,4,2,1,3,0.6386882863981117,1,1
48053,2,13,1,3,0.4545818365312995,0,1
48059,2,9,0,3,0.4272307269472577,0,0
48075,4,4,1,3,0.481581529421478,0,1
48083,2,15,1,3,0.44471577631456277,0,1
48087,4,5,1,3,0.4833820563368016,0,1
48093,2,14,1,3,0.4614838903620035,0,0
48109,4,2,1,3,0.059474356915312554,0,1
48117,4,6,1,3,0.5526023672171385,1,0
48119,3,7,1,3,0.4912760269379554,0,1
48135,2,8,1,3,0.44574617944272227,0,0
48147,2,19,1,3,0.4785799191643093,0,1
48153,3,6,0,3,0.4970726202754158,0,0
48159,1,7,1,3,0.39368545499197405,0,1
48161,4,9,1,3,0.4830198383535974,0,0
48169,4,4,1,3,0.5346921865542713,1,1
48185,3,11,1,3,0.5408001595352675,1,0
48191,4,6,0,3,0.5234583921164454,1,0
48195,4,3,0,3,0.5562475506985428,1,0
48209,2,14,1,3,0.37509829349040585,0,0
48223,3,13,1,3,0.46092290584991424,0,1
48231,3,17,0,3,0.5158500054604657,1,1
48239,2,10,1,3,0.49569867100585246,0,0
48247,4,1,1,3,0.6070102710177018,1,1
48257,2,13,0,3,0.48710006727825866,0,1
48279,4,13,0,3,0.508222540435544,1,0
48281,2,6,1,3,0.48232712981386305,0,0
48287,2,9,1,3,0.4574318014778619,0,0
48289,3,8,1,3,0.4811650552156855,0,0
48305,3,7,0,3,0.47105337765090094,0,0
48311,3,7,0,3,0.5247137900152362,1,0
48315,4,7,1,3,0.4752093787437314,0,1
48329,1,9,1,3,0.38694618977549905,0,0
48333,2,8,0,3,0.47939472744393163,0,0
48337,3,10,1,3,0.5235319757366382,1,0
48345,3,6,0,3,0.4293686865360194,0,0
48349,4,17,1,3,0.5232037396585143,1,1
48355,3,26,0,3,0.5030071268695091,1,0
48361,2,4,1,3,0.45010679130574466,0,0
48373,3,9,1,3,0.48344482842512426,0,1
48375,4,16,1,3,0.5164899625857418,1,0
48383,2,2,0,3,0.5132841171092417,1,0
48391,3,5,1,3,0.536928580187811,1,1
48405,4,4,1,3,0.4839178875705057,0,1
48431,2,2,0,3,0.5096698477603997,1,0
48437,4,5,1,3,0.5618407692750936,1,1
48439,1,74,0,3,0.4470128725747297,0,0
48483,3,6,0,3,0.45429668618695035,0,0
48503,2,6,1,3,0.4862052001343038,0,0
48507,4,4,1,3,0.6099910663552226,1,1
49007,3,6,0,3,0.46742002056447224,0,0
49021,4,10,1,3,0.3750981695868391,0,1
49027,3,11,0,3,0.39600541294485075,0,0
49053,2,21,0,3,0.3463765065978413,0,1
50021,1,29,1,3,0.23092682390267408,0,0
50023,1,26,1,3,0.22087537907374097,0,1
51015,2,27,1,3,0.3397191450933909,0,1
51025,3,16,1,3,0.4576439662387316,0,0
51029,3,11,0,3,0.4256006497536437,0,0
51035,3,17,0,3,0.4044790954003685,0,0
51041,1,16,0,3,0.2895974010137384,0,0
51057,4,8,1,3,0.4612393204523792,0,1
51071,2,10,0,3,0.3151142881449737,0,0
51083,3,14,1,3,0.4531599083244842,0,1
51097,2,14,0,3,0.37930733914960746,0,0
51099,1,3,0,3,0.29353468725328297,0,0
51119,1,12,1,3,0.354454883703925,0,1
51131,3,11,1,3,0.3891322431087471,0,1
51143,4,20,1,3,0.4463523750980001,0,0
51147,1,12,1,3,0.00966623245760299,0,0
51149,3,7,1,3,0.4302992660454954,0,1
51159,3,5,1,3,0.4310099949100422,0,1
51177,1,13,1,3,0.2823189052852379,0,0
51181,3,10,0,3,0.4450011315748988,0,0
51185,1,18,1,3,0.28798473129705016,0,0
51590,4,2,1,3,0.4437982855890614,0,1
51630,3,3,1,3,0.31233865198894856,0,0
51660,1,3,1,3,0.0002643105723166382,0,1
51690,4,1,1,3,0.43081974633138653,0,0
51730,3,2,1,3,0.4560908928392349,0,1
51735,1,1,0,3,0.2632827634615777,0,0
51750,1,2,1,3,0.997374854861477,1,0
51800,1,8,1,3,0.38751230521995933,0,1
51830,1,2,0,3,0.26468415437798926,0,0
53007,2,14,1,3,0.3412142616293791,0,0
53013,3,5,0,3,0.4164166889266478,0,0
53021,3,7,1,3,0.4804113449382423,0,0
53051,3,9,0,3,0.4151976178205388,0,0
53053,1,59,0,3,0.383819747430002,0,0
53077,4,22,1,3,0.5129025061432084,1,0
54003,2,11,1,3,0.4118299027693049,0,0
54005,4,31,1,3,0.4424597775223575,0,0
54007,4,18,0,3,0.4110514295929757,0,0
54009,2,8,1,3,0.4053710859067335,0,0
54015,4,16,0,3,0.46116495329353774,0,0
54021,4,16,0,3,0.41060947192323194,0,0
54035,3,15,1,3,0.40770444470213396,0,0
54057,2,10,0,3,0.36086971417835245,0,0
54059,4,18,1,3,0.4258952443585118,0,0
54061,3,16,1,3,0.2735512681555746,0,0
54063,3,13,0,3,0.42843204181820554,0,0
54065,3,4,1,3,0.4182451677446334,0,0
54077,3,16,0,3,0.42296343325744956,0,0
54081,4,42,1,3,0.3892431113786176,0,0
54087,4,13,0,3,0.4420027580608815,0,0
54099,4,17,1,3,0.44379223717128563,0,1
54103,4,12,1,3,0.42770788411050026,0,0
55025,1,45,0,3,0.166461366273713,0,0
55033,2,22,0,3,0.2971378118872965,0,0
55035,2,15,0,3,0.26962090181077253,0,0
55039,1,24,1,3,0.3359293876383792,0,0
55073,1,28,1,3,0.24956575008646378,0,0
55117,1,17,1,3,0.2660560189268271,0,0
55119,2,14,1,3,0.3317994002564869,0,0
55129,2,12,0,3,0.2648552115263324,0,0
55135,1,16,1,3,0.31162147298119863,0,1
55137,2,17,1,3,0.31596524980344604,0,0
56021,1,12,1,3,0.37782229731405387,0,0
01007,3,11,0,4,0.45722475566591425,0,0
01015,3,14,1,4,0.3735572581012839,0,0
01019,4,11,1,4,0.4356123082565118,0,0
01031,3,16,1,4,0.39017588354492116,0,1
01051,2,13,1,4,0.3619466826225714,0,0
01057,4,10,1,4,0.40865325048250206,0,0
01069,4,14,1,4,0.4314896125653141,0,1
01071,4,22,1,4,0.45209441315246585,0,1
01081,1,14,0,4,0.3301494448916567,0,1
01111,3,8,1,4,0.42736452222885984,0,0
04009,4,10,1,4,0.47212363874316704,0,1
04025,2,31,0,4,0.35206369434005536,0,1
05009,3,9,1,4,0.390567806327407,0,1
05017,4,6,0,4,0.5455177003551172,1,0
05023,3,17,1,4,0.36235161044512676,0,0
05041,4,12,1,4,0.5661496038821896,1,1
05043,4,9,1,4,0.41335226733400166,0,0
05055,4,9,1,4,0.4246595019538919,0,1
05063,4,20,1,4,0.3967796118475094,0,1
05083,4,12,1,4,0.4609811766982437,0,0
05093,4,15,1,4,0.5688083880522082,1,0
05095,4,9,1,4,0.5362763296370365,1,1
05099,4,10,1,4,0.4481092747141127,0,1
05105,4,8,1,4,0.4353773384692953,0,1
05111,4,10,1,4,0.5069529150679595,1,0
05131,3,16,0,4,0.400434654017135,0,1
05137,4,16,0,4,0.4405571451220326,0,0
05145,4,17,1,4,0.4103230144255499,0,0
06007,4,18,1,4,0.41890402424514045,0,0
06053,3,31,0,4,0.35370477113201493,0,0
06065,2,75,0,4,0.4239348821338915,0,1
06085,1,63,0,4,0.25666269683262755,0,0
06087,2,17,1,4,0.2799224408684388,0,0
06093,3,23,1,4,0.4391807441282058,0,1
08011,4,6,0,4,0.4812167116136598,0,0
08031,2,36,0,4,0.29983190563184436,0,0
08035,1,18,1,4,0.25223231960866865,0,0
08043,3,11,1,4,0.32953508965826,0,1
08065,3,2,0,4,0.3290943611913166,0,0
08081,2,5,1,4,0.44915842412612794,0,1
08105,4,4,0,4,0.3590536190968717,0,0
08107,1,9,1,4,0.313990922984596,0,0
08111,1,2,0,4,0.3054515633493321,0,0
09007,1,24,1,4,0.23295339013308974,0,0
10005,2,24,1,4,0.3322914655528841,0,0
11001,1,29,0,4,0.25830494221230793,0,1
12003,2,5,1,4,0.3153530167792606,0,0
12007,1,9,0,4,0.32930256247441075,0,0
12013,3,8,0,4,0.38110841442245996,0,0
12021,1,23,0,4,0.23259492828850045,0,0
12039,4,7,1,4,0.4827469922894179,0,1
12053,3,12,1,4,0.3184386205683869,0,0
12065,4,4,1,4,0.42411131339289854,0,0
12075,4,13,1,4,0.36302802191905226,0,0
12089,1,6,1,4,0.2544962448986527,0,0
12117,2,17,1,4,0.23256648927191992,0,0
13007,3,6,0,4,0.4555147395621532,0,0
13009,4,6,1,4,0.48180937728157075,0,1
13017,4,4,1,4,0.5270112397879329,1,0
13019,4,6,1,4,0.48194472131034766,0,0
13033,4,9,1,4,0.5180265984804431,1,0
13035,4,5,1,4,0.4470233678750118,0,0
13063,1,16,1,4,0.4560293528908956,0,0
13077,1,10,1,4,0.2803849365857912,0,0
13085,1,5,1,4,0.25752111886470935,0,0
13087,4,8,1,4,0.4827774343214138,0,0
13097,2,8,1,4,0.3129797901944862,0,0
13109,4,6,1,4,0.5046708769027168,1,1
13153,2,12,1,4,0.4044048289542268,0,0
13159,3,6,0,4,0.46602943103203076,0,0
13167,4,5,1,4,0.5170187578469477,1,1
13183,4,5,0,4,0.4441812446816078,0,0
13185,1,11,0,4,0.401910219134272,0,1
13223,1,11,1,4,0.2914822189529873,0,0
13225,4,3,1,4,0.47018957653608934,0,0
13233,4,8,1,4,0.3930705631922536,0,1
13247,2,9,1,4,0.38125432859598485,0,1
13257,3,5,1,4,0.32867973089932223,0,0
13273,4,7,1,4,0.5663454306460851,1,1
13275,3,9,1,4,0.43120331258041467,0,1
13285,4,7,1,4,0.43260909340878795,0,1
13293,4,7,1,4,0.42592001835748494,0,0
13299,4,7,1,4,0.4773231925405785,0,1
13305,4,6,1,4,0.4444177029303825,0,0
13309,4,4,1,4,0.5028270587240187,1,1
16011,3,11,1,4,0.39153611115632264,0,0
16021,3,4,0,4,0.3828871830079386,0,0
16023,3,3,0,4,0.3451515156998179,0,0
16027,3,13,0,4,0.453354964457509,0,0
16039,3,7,1,4,0.39985184272190133,0,0
16043,3,9,0,4,0.4211889752106808,0,0
16053,4,5,0,4,0.4964263629329428,0,0
16057,1,14,0,4,0.268323967433795,0,0
16061,2,7,0,4,0.3359443502975287,0,0
17005,3,12,0,4,0.38611262819506337,0,0
17011,2,30,1,4,0.38201130054439586,0,1
17013,2,7,1,4,0.33071252930763884,0,1
17041,2,13,1,4,0.3871403236674814,0,0
17043,1,43,1,4,0.22068651215341886,0,0
17075,2,25,1,4,0.4137180939924433,0,0
17101,3,7,0,4,0.39566820412241316,0,0
17103,2,24,1,4,0.3704323230980296,0,1
17105,3,29,1,4,0.43013846168473546,0,1
17111,1,24,1,4,0.24915259494590922,0,0
17149,3,16,1,4,0.3719212389099462,0,0
17153,4,10,0,4,0.5060901576907761,1,0
17155,1,8,0,4,0.3401296320097002,0,0
17175,3,10,0,4,0.436344655257754,0,0
17185,2,7,0,4,0.3633811755553067,0,0
17191,3,20,0,4,0.39282486628814517,0,0
17201,2,26,1,4,0.4079311876130083,0,0
18005,2,14,1,4,0.37686639214339074,0,1
18013,1,9,1,4,0.3653860780824865,0,0
18019,2,15,1,4,0.3886447206625274,0,0
18029,1,9,1,4,0.3607230951213079,0,0
18033,1,14,0,4,0.3842521948151043,0,0
18037,1,13,1,4,0.36558612184518924,0,1
18039,2,17,1,4,0.45193681575665684,0,0
18045,2,10,0,4,0.43627095229045537,0,0
18049,2,16,0,4,0.4185042827808535,0,0
18061,2,16,1,4,0.38061764613054183,0,1
18079,2,13,1,4,0.4372723493185148,0,0
18105,1,18,1,4,0.3116964532913568,0,0
18113,1,17,0,4,0.43229482264775715,0,0
18127,1,15,1,4,0.36412700323259306,0,0
18131,3,13,0,4,0.4827300949923841,0,0
18155,3,9,0,4,0.46485892695784325,0,0
19017,1,12,0,4,0.287173879038993,0,0
19027,1,16,1,4,0.3596788570005781,0,0
19029,2,13,0,4,0.43289010363438407,0,0
19031,1,18,1,4,0.3404574371240356,0,0
19045,2,20,1,4,0.395218215696665,0,0
19047,3,19,0,4,0.3871454189611884,0,0
19055,1,16,0,4,0.3196379587949475,0,0
19057,3,12,1,4,0.3865003714177896,0,1
19059,1,10,0,4,0.3187187310003935,0,0
19097,2,14,1,4,0.32726959353139135,0,0
19101,1,16,0,4,0.320385329043767,0,0
19115,2,13,0,4,0.3991565456309417,0,0
19119,1,12,0,4,0.3495925278677527,0,0
19121,1,14,1,4,0.3262885484782039,0,0
19137,3,10,0,4,0.39318160442604316,0,0
19143,2,8,0,4,0.385401507490776,0,0
19145,2,12,1,4,0.38908664573789875,0,0
19147,1,14,0,4,0.34011178860695246,0,0
19161,2,16,1,4,0.35462400353548434,0,1
19175,2,10,0,4,0.38245618257801645,0,0
19181,1,19,1,4,0.3251821423890927,0,1
19183,2,13,0,4,0.37083964312053247,0,0
19187,3,22,1,4,0.3674367881912512,0,0
20009,3,10,1,4,0.419380157477813,0,0
20035,3,14,1,4,0.49839779899048725,0,1
20049,3,10,0,4,0.5154228027095235,1,0
20079,1,13,1,4,0.40404275344869994,0,1
20087,2,15,1,4,0.3633766715719011,0,0
20099,4,13,1,4,0.5230336856954635,1,0
20107,3,11,0,4,0.4289882917783219,0,0
20113,1,12,1,4,0.3653362328190053,0,0
20133,4,11,1,4,0.5019050278452498,1,0
20141,2,12,0,4,0.3953836301694758,0,0
20155,2,22,1,4,0.4545883772312187,0,0
20173,2,50,0,4,0.4080196315707257,0,1
20175,4,6,1,4,0.5670043773204521,1,0
20189,4,4,0,4,0.5448016244500499,1,0
20203,1,3,0,4,0.46347181104344704,0,0
21011,4,8,1,4,0.44644958483535546,0,1
21015,1,9,1,4,0.3103066905031208,0,0
21017,3,9,0,4,0.47264634140285944,0,0
21045,4,15,0,4,0.4971674282347956,0,0
21047,4,15,1,4,0.48435687065217153,0,0
21049,3,4,1,4,0.40069395587611933,0,1
21057,4,3,1,4,0.4940805876030143,0,1
21063,4,6,1,4,0.46311779986456597,0,1
21069,4,7,1,4,0.4857358039108062,0,0
21071,4,33,1,4,0.45220572955302774,0,1
21087,4,8,0,4,0.5072082489370812,1,0
21097,3,6,1,4,0.4789238346353865,0,0
21109,4,5,0,4,0.460275588850044,0,0
21117,2,12,1,4,0.3154219702985237,0,0
21133,1,26,1,4,0.43267875660937705,0,0
21151,1,5,1,4,0.39721300938890863,0,0
21155,1,11,0,4,0.4435095420469623,0,0
21161,4,5,1,4,0.42946861939014774,0,0
21167,2,5,1,4,0.4407258696865366,0,0
21205,4,4,1,4,0.33605950424844333,0,0
21209,2,6,1,4,0.3975353277719065,0,1
21217,4,6,1,4,0.45912886088964017,0,0
21219,3,9,0,4,0.513591650607377,1,0
21221,2,5,1,4,0.4800546792291898,0,0
22031,4,10,1,4,0.43302663609587033,0,0
22037,3,8,0,4,0.4698777731785605,0,0
22053,3,10,1,4,0.46746239746497975,0,1
22069,4,16,1,4,0.4946936886358631,0,1
22089,1,10,1,4,0.3520898931158882,0,1
22093,3,7,1,4,0.42946389699067467,0,0
22113,3,12,1,4,0.46404955937515996,0,1
22115,3,13,1,4,0.37844805916236185,0,1
23021,3,16,1,4,0.37124396487026395,0,0
24003,1,40,0,4,0.2729505510050216,0,0
24005,1,54,0,4,0.32354265340652066,0,1
24011,3,10,1,4,0.468985643134312,0,1
24017,1,24,1,4,0.31263075455328604,0,0
24037,1,26,1,4,0.30343063128042136,0,0
24041,1,16,1,4,0.2949042490964697,0,0
24045,3,16,0,4,0.3773949015345155,0,1
25017,1,83,0,4,0.18828505107685276,0,0
26003,2,13,0,4,0.3400764679940252,0,0
26025,3,22,1,4,0.4274194394445465,0,0
26029,2,10,0,4,0.2909501994823707,0,0
26037,2,17,0,4,0.3394792401595415,0,0
26039,3,4,0,4,0.3721321163638947,0,0
26041,3,13,1,4,0.34390599815324,0,1
26043,2,11,0,4,0.2687256779941549,0,0
26051,4,7,0,4,0.4220902683463541,0,0
26063,2,18,1,4,0.4216103935045328,0,1
26077,2,25,1,4,0.3286789781086998,0,0
26087,2,22,1,4,0.368448793374264,0,0
26091,2,23,1,4,0.3762763249595006,0,0
26107,3,16,0,4,0.34608233857158716,0,0
26115,1,25,1,4,0.4128658051921474,0,0
26127,3,12,1,4,0.38482951391969705,0,0
26147,2,23,1,4,0.3497259549659795,0,0
26153,3,7,0,4,0.4319094127440226,0,0
26161,2,27,1,4,0.28585853772775627,0,0
27035,2,18,0,4,0.24235993307831674,0,0
27055,1,9,0,4,0.24650704368764426,0,0
27095,2,12,1,4,0.32114467588889845,0,0
27097,2,20,1,4,0.29446864837701026,0,1
27099,2,19,1,4,0.3151587631196145,0,1
27109,1,19,1,4,0.2381000468292335,0,0
27115,2,16,1,4,0.35051223367828144,0,0
27119,2,25,1,4,0.38779341736836553,0,1
27123,2,26,1,4,0.2781915724254617,0,0
27131,1,16,1,4,0.32889112046470376,0,1
27159,3,7,0,4,0.3765265977461225,0,0
27163,1,19,1,4,0.2254536809844239,0,0
27165,2,10,0,4,0.3597953115368684,0,0
27173,2,14,0,4,0.3492305232664452,0,0
28007,4,11,1,4,0.44682555440870114,0,0
28009,3,11,0,4,0.43250673500451836,0,0
28029,4,9,1,4,0.3135365986317749,0,0
28031,4,8,1,4,0.397580880064912,0,0
28035,1,8,1,4,0.33333474692081055,0,1
28037,4,8,1,4,0.4203557795680268,0,1
28043,4,7,1,4,0.39691414972364875,0,0
28051,4,9,1,4,0.5209490126843472,1,0
28059,3,10,0,4,0.32368341341091217,0,1
28089,1,12,1,4,0.2842657007576306,0,0
28099,4,8,1,4,0.45134375855643566,0,0
28103,4,6,1,4,0.5210101148989071,1,1
28113,4,8,1,4,0.43010947620788825,0,1
28123,4,10,1,4,0.45307018559918055,0,0
28135,4,18,1,4,0.5164576622120176,1,0
28137,3,5,1,4,0.44258468066274365,0,0
28153,4,7,1,4,0.4230786911651085,0,0
28161,4,7,1,4,0.41465757155160343,0,1
28163,4,8,1,4,0.48671459422667623,0,0
29007,3,14,0,4,0.4621267140639273,0,0
29017,4,13,1,4,0.4895230029690978,0,1
29021,3,15,1,4,0.426988871181367,0,0
29023,4,10,1,4,0.4969339546918289,0,0
29025,3,10,1,4,0.44572258108351853,0,1
29037,1,18,1,4,0.35610468932090394,0,0
29041,3,12,1,4,0.41350375784576815,0,1
29045,3,11,0,4,0.4213952816522112,0,0
29055,4,12,1,4,0.4196092211972377,0,0
29075,3,13,0,4,0.4248842142393075,0,0
29081,4,13,0,4,0.4982303220223688,0,0
29083,4,11,1,4,0.4292889679369561,0,0
29095,2,55,0,4,0.4111750621084488,0,1
29099,1,24,1,4,0.3470336497887197,0,0
29101,2,19,0,4,0.35609074258715806,0,0
29117,3,12,1,4,0.43671045380663964,0,0
29125,3,10,0,4,0.3883125552308419,0,0
29141,4,15,0,4,0.46527259995231113,0,0
29143,4,17,1,4,0.5765417310284175,1,0
29145,3,15,1,4,0.42477218814275236,0,0
29149,4,12,0,4,0.4953393141217983,0,0
29155,4,13,0,4,0.5751929065837288,1,0
29169,2,11,1,4,0.31225235756078473,0,1
29171,3,10,0,4,0.45021962405039584,0,0
29177,2,12,1,4,0.4265520955050918,0,0
29183,1,14,1,4,0.3143958273841813,0,0
29185,4,16,1,4,0.4504258704993013,0,1
29203,4,9,0,4,0.47396817420036236,0,0
29209,1,17,1,4,0.41239915179109626,0,1
29211,3,13,1,4,0.47176791913290356,0,1
29215,4,21,1,4,0.5013340177933499,1,0
29217,4,13,1,4,0.45590394285145325,0,0
30013,3,18,1,4,0.399674083649067,0,1
30017,2,6,0,4,0.4126152211717287,0,0
30019,1,4,0,4,0.3492847809602013,0,0
30029,2,16,1,4,0.2933545481371116,0,0
30043,2,9,0,4,0.32713152851875493,0,0
30049,1,9,1,4,0.26983518813427,0,0
30053,4,6,1,4,0.4000916352848734,0,0
30055,3,6,0,4,0.5381266501016042,1,0
30063,2,16,0,4,0.30121519934270985,0,0
30073,3,6,1,4,0.4816730260815498,0,1
30091,1,11,0,4,0.3451967191124126,0,0
30097,1,6,0,4,0.3585358664156444,0,0
30103,3,2,0,4,0.4476910561840521,0,0
30111,2,16,1,4,0.3479933794337026,0,0
31003,2,11,1,4,0.3306023368078195,0,1
31021,2,8,0,4,0.3802192910816966,0,0
31023,1,14,1,4,0.358586265147695,0,1
31027,1,13,0,4,0.32714271414838836,0,0
31037,3,7,0,4,0.36223733427809673,0,0
31047,3,11,0,4,0.3780229327218471,0,0
31049,2,4,0,4,0.4317955141688847,0,0
31051,1,12,0,4,0.32989836493728547,0,0
31053,2,14,0,4,0.357149513742665,0,0
31077,1,8,0,4,0.3360122180859434,0,0
31087,2,6,0,4,0.4080771507899185,0,0
31093,1,11,1,4,0.31259986287359615,0,1
31099,2,11,0,4,0.3047843220173883,0,0
31109,2,42,1,4,0.2660631735989173,0,0
31115,2,5,0,4,0.3631820853205395,0,0
31135,1,10,1,4,0.3840702543350068,0,1
31137,2,10,0,4,0.3371450284346663,0,0
31151,3,12,0,4,0.40903850465752906,0,0
31159,1,18,0,4,0.3042939025508041,0,0
31163,2,8,0,4,0.361036934362467,0,0
32005,1,9,1,4,0.3516539472258024,0,0
33007,2,16,1,4,0.2965934605127567,0,1
33011,1,34,1,4,0.22054959193081605,0,0
33015,1,37,1,4,0.1902591974080199,0,0
34005,1,38,0,4,0.23116348322101432,0,0
34009,1,15,1,4,0.27192395851843565,0,0
34029,1,30,0,4,0.23331828006265845,0,0
35006,4,17,0,4,0.5758607434345594,1,0
35017,4,16,1,4,0.43970489283795755,0,0
35023,4,5,0,4,0.5184796327555365,1,0
35029,4,3,1,4,0.5783286657364144,1,0
35039,1,37,1,4,0.43171125598906235,0,0
35041,4,9,1,4,0.49206411190395916,0,0
35047,4,19,0,4,0.5167958749720898,1,0
35053,4,14,1,4,0.5141633701957978,1,0
35057,4,9,0,4,0.576806259538814,1,0
35059,3,8,0,4,0.4847903795438875,0,0
36021,2,36,1,4,0.2713233854912466,0,1
36029,2,70,0,4,0.33090758057066555,0,0
36049,3,23,0,4,0.3737740165013238,0,0
36051,2,30,0,4,0.34603526588519085,0,0
36059,1,69,0,4,0.2267893184184175,0,0
36061,2,47,0,4,0.2672665056524259,0,0
36071,1,51,1,4,0.27055928424659553,0,0
36093,1,19,1,4,0.2726505951362001,0,0
36107,2,15,1,4,0.2953407136641238,0,0
36109,1,17,1,4,0.2594817366713131,0,0
37015,4,10,1,4,0.4746637586140745,0,0
37021,2,19,1,4,0.22531250455401758,0,0
37033,3,16,0,4,0.36417661826822034,0,0
37039,3,4,1,4,0.3424454837293443,0,0
37043,3,5,1,4,0.28805247234245074,0,1
37065,4,15,1,4,0.4661843947328523,0,1
37073,2,6,0,4,0.3925733815522983,0,0
37081,3,31,0,4,0.27928499728130796,0,0
37095,4,7,0,4,0.4661411777620204,0,0
37111,3,9,1,4,0.28351505256470527,0,0
37115,3,6,0,4,0.2944914852275517,0,0
37129,3,10,1,4,0.2394675854264177,0,0
37133,3,16,1,4,0.2872532708286682,0,0
37143,3,6,0,4,0.38722173427322726,0,0
37145,2,10,0,4,0.3580596459979823,0,0
37151,3,24,1,4,0.34172894672123977,0,0
37153,4,11,1,4,0.42135056089278994,0,1
37163,4,17,1,4,0.4503022187787964,0,1
37179,1,12,1,4,0.26463050049081127,0,0
37181,4,8,1,4,0.43905746042622157,0,1
37189,4,10,1,4,0.25025318867787627,0,1
38023,2,10,0,4,0.36302675889044467,0,0
38035,1,22,1,4,0.2750384946128267,0,1
38049,1,18,0,4,0.37130901385783527,0,0
38051,2,6,0,4,0.4076978266225475,0,0
38055,1,18,0,4,0.43096508435924125,0,0
38065,1,6,0,4,0.3848186336800538,0,0
38077,1,19,0,4,0.3115729153322876,0,0
38079,4,10,0,4,0.5632895187181373,1,0
38085,4,9,1,4,0.6449001958099568,1,1
38087,1,9,0,4,0.37093181509093726,0,0
38089,1,10,0,4,0.3215108095438087,0,0
38095,3,10,0,4,0.3983269532978773,0,0
38097,1,12,0,4,0.3014514676540861,0,0
38099,2,16,1,4,0.353992154966128,0,1
39003,2,20,0,4,0.46207900749213526,0,0
39009,4,18,1,4,0.3317476681303344,0,1
39031,3,18,0,4,0.4238323073612866,0,0
39037,2,25,1,4,0.47875509857486426,0,0
39041,1,24,1,4,0.2672967147859029,0,0
39063,1,24,1,4,0.34578492322229637,0,0
39079,4,11,1,4,0.45354225963636813,0,0
39081,3,23,1,4,0.4185517746250008,0,0
39091,2,18,1,4,0.44209194557819287,0,0
39103,1,24,1,4,0.29060149633362176,0,0
39111,3,15,1,4,0.4082275498224587,0,0
39117,2,16,1,4,0.4126020321900607,0,1
39131,4,11,1,4,0.42593824140913544,0,0
39147,2,20,1,4,0.4295874677148602,0,0
39161,2,14,0,4,0.48134317402958926,0,0
40007,3,7,0,4,0.54458995169954,1,0
40043,3,12,1,4,0.5445246913589733,1,1
40051,2,14,1,4,0.5408892674343546,1,1
40053,1,10,1,4,0.4628719085449633,0,1
40065,3,9,1,4,0.5144901582810739,1,0
40067,4,8,1,4,0.6419029179669105,1,1
40069,4,13,1,4,0.5872374793137233,1,1
40075,4,9,1,4,0.5984160621181216,1,1
40077,4,7,1,4,0.5228749609993923,1,1
40081,3,16,1,4,0.5153997998616305,1,1
40085,3,8,1,4,0.5835478836755364,1,1
40091,4,11,1,4,0.5538110977205336,1,0
40095,4,3,1,4,0.5516845636946862,1,0
40113,3,22,1,4,0.5389283673357442,1,1
40117,3,12,1,4,0.5276778734770177,1,0
40143,2,42,0,4,0.3999402005969815,0,1
40147,1,12,1,4,0.45625170855349395,0,1
40151,2,7,0,4,0.4831356946509566,0,0
41009,2,9,1,4,0.338926102990215,0,1
41019,3,28,1,4,0.3914422718010847,0,0
41037,4,10,0,4,0.5720981075702528,1,0
41051,2,42,0,4,0.30533666094077627,0,0
41067,1,30,1,4,0.26801146356587613,0,0
41071,2,15,0,4,0.3476910408869858,0,0
42009,2,28,1,4,0.33484377247201874,0,0
42011,1,62,1,4,0.34288609406616266,0,0
42037,2,19,1,4,0.348561995641253,0,0
42047,2,14,1,4,0.2597083506915239,0,1
42051,3,62,1,4,0.3362227311541981,0,0
42053,4,11,1,4,0.36182979196371595,0,1
42075,2,19,1,4,0.3533892580573474,0,0
42079,3,50,1,4,0.2959697751419117,0,0
42103,1,19,0,4,0.2911298790467502,0,0
42115,2,29,1,4,0.34043857472253225,0,1
42123,2,19,1,4,0.29994968320258353,0,0
42125,1,64,1,4,0.256284009711243,0,0
42131,1,15,0,4,0.28073076628525206,0,0
44007,1,39,0,4,0.3001203991614743,0,0
45027,4,11,1,4,0.4931003639927884,0,1
45031,4,10,1,4,0.4416088686612455,0,0
45035,2,15,1,4,0.3608741797294065,0,0
45063,2,18,0,4,0.36061018296580444,0,0
45073,3,13,1,4,0.34138551376735016,0,1
45085,4,15,1,4,0.4767681782025527,0,1
45089,4,12,1,4,0.506697981595637,1,0
46007,4,7,0,4,0.5941870323878778,1,0
46021,1,7,0,4,0.33770230234082127,0,0
46025,2,13,0,4,0.33775182747374227,0,0
46039,1,12,0,4,0.334776042844132,0,0
46045,1,10,0,4,0.34356403089018245,0,0
46051,1,12,0,4,0.30649691648130123,0,0
46053,3,8,0,4,0.38281870631864784,0,0
46055,3,5,0,4,0.4108365457271817,0,0
46057,1,12,0,4,0.3099084522792186,0,0
46061,2,7,0,4,0.31079034282527274,0,0
46063,1,10,0,4,0.3678424414777669,0,0
46095,4,7,0,4,0.5765663964820492,1,0
46109,4,16,1,4,0.4708190187891344,0,1
46115,1,15,0,4,0.32821309705689705,0,0
46119,1,6,0,4,0.3206102577099863,0,0
46123,4,8,0,4,0.39340784882907925,0,0
46137,4,7,0,4,0.6120634614603803,1,0
47005,4,7,1,4,0.4559530529913061,0,0
47007,3,9,0,4,0.41650655323851427,0,0
47021,2,12,1,4,0.37666629830953413,0,1
47023,3,12,0,4,0.4085018286593171,0,0
47031,3,9,1,4,0.4400585308609941,0,0
47033,4,8,1,4,0.5296180251565713,1,0
47037,2,35,0,4,0.35905586898898445,0,1
47041,4,11,0,4,0.4643326423553515,0,0
47045,4,11,1,4,0.47999833303937933,0,1
47047,1,15,0,4,0.3449869060207899,0,0
47049,4,9,1,4,0.41338902064908284,0,0
47065,1,31,0,4,0.32918167933693265,0,0
47077,4,14,1,4,0.4861437475400984,0,0
47079,4,9,1,4,0.4982113873891331,0,1
47095,4,2,0,4,0.5701436160050765,1,0
47097,4,4,1,4,0.5680334453341629,1,0
47101,4,7,1,4,0.41999772797305895,0,1
47105,2,9,0,4,0.32935429185097115,0,0
47111,4,8,1,4,0.4553136305856607,0,0
47123,4,9,1,4,0.41106938320269637,0,1
47129,4,12,1,4,0.38850879577853936,0,0
47155,3,10,1,4,0.43542959779660045,0,0
47157,1,38,0,4,0.4331188559779841,0,1
47165,1,10,1,4,0.3662272189244099,0,0
47167,2,10,1,4,0.48397478515474823,0,0
47171,4,6,0,4,0.408027948610998,0,0
47173,4,11,0,4,0.42458694062170144,0,0
47179,1,13,1,4,0.33860850791721564,0,0
47183,4,12,1,4,0.47077666758725656,0,1
48003,2,1,1,4,0.5192222237127938,1,0
48037,3,10,1,4,0.4418966357372794,0,1
48039,1,20,0,4,0.4091967014627351,0,0
48043,3,4,1,4,0.4373962161438734,0,1
48063,3,2,1,4,0.44730861753853446,0,1
48067,4,14,1,4,0.46316937490954496,0,1
48071,2,11,1,4,0.45201944178059084,0,0
48073,4,12,1,4,0.45819965733537726,0,1
48077,2,9,1,4,0.47804163206691513,0,1
48081,3,4,1,4,0.43530703627829265,0,1
48095,3,6,0,4,0.27410795786199005,0,0
48103,2,2,0,4,0.51156969735486,1,0
48127,4,6,1,4,0.5817055059006844,1,1
48131,4,8,1,4,0.5488261263233989,1,1
48133,4,9,1,4,0.48366166428141305,0,0
48141,1,30,0,4,0.4430963509814678,0,1
48165,3,5,0,4,0.532221410600767,1,0
48171,2,7,1,4,0.4121959710332055,0,0
48181,2,21,0,4,0.45845749565513605,0,1
48197,3,2,1,4,0.5287486297280282,1,1
48213,3,15,0,4,0.4446922794456797,0,1
48217,2,19,1,4,0.48595937450540644,0,1
48245,3,18,0,4,0.458354896705449,0,0
48267,1,6,0,4,0.42723574188324226,0,0
48277,3,13,1,4,0.4856982362369366,0,1
48283,3,4,0,4,0.527992451004479,1,0
48295,2,7,0,4,0.4663852769055389,0,0
48299,1,10,1,4,0.4045690156473708,0,0
48313,2,5,1,4,0.41649467609882934,0,0
48327,3,4,0,4,0.4626148126206133,0,0
48339,1,27,0,4,0.34269198132864737,0,0
48343,4,7,1,4,0.4698026012634759,0,1
48353,3,9,1,4,0.45772143191282094,0,0
48363,4,12,1,4,0.48973473359355096,0,0
48371,3,6,1,4,0.547642657717575,1,0
48381,1,15,1,4,0.4190349882178002,0,0
48397,1,9,1,4,0.3192291652679183,0,1
48401,3,16,1,4,0.4333701463401479,0,1
48407,4,8,1,4,0.49327923372068094,0,0
48447,4,7,0,4,0.4565576956589599,0,0
48463,4,8,1,4,0.5557804527683528,1,0
48487,4,6,1,4,0.5509477808047687,1,0
48493,2,12,1,4,0.46798524999216284,0,1
49019,1,2,1,4,0.4018721099935102,0,1
49039,3,15,1,4,0.3926186927001159,0,0
49047,3,10,0,4,0.49333804208622756,0,0
49055,2,6,0,4,0.3764721782766108,0,0
49057,1,9,1,4,0.38383526120186073,0,0
50013,1,5,1,4,0.21739555963268703,0,1
50027,1,34,0,4,0.21865295138570756,0,0
51001,3,33,0,4,0.45575903273334895,0,0
51017,4,7,0,4,0.42595111765343635,0,0
51033,1,11,0,4,0.3383220361387246,0,0
51049,3,7,0,4,0.43441989652909835,0,0
51051,4,12,1,4,0.4102671085030312,0,0
51059,1,48,0,4,0.1760016674750704,0,0
51085,1,12,1,4,0.22227202387243541,0,0
51087,2,16,1,4,0.3151481363988005,0,0
51091,2,7,0,4,0.32737382465243214,0,0
51105,4,11,1,4,0.44297694748018274,0,0
51113,2,21,1,4,0.43256123728565565,0,1
51115,2,15,0,4,0.4098414943054978,0,0
51117,3,13,1,4,0.43855662422997505,0,1
51121,3,10,1,4,0.2484424138261233,0,1
51125,2,17,0,4,0.36696764213705446,0,0
51127,1,6,1,4,0.3084051973448523,0,0
51137,1,12,0,4,0.32395489592705995,0,0
51139,3,6,1,4,0.37582962105384804,0,0
51141,3,14,1,4,0.37603882547643513,0,0
51161,1,14,1,4,0.23610061793990056,0,1
51167,4,11,0,4,0.42289943062277324,0,0
51173,3,10,0,4,0.39514583899703404,0,0
51175,3,12,1,4,0.44163516322491686,0,0
51179,1,5,1,4,0.2462640948582235,0,0
51187,1,7,1,4,0.29835596226516764,0,1
51193,2,8,1,4,0.4037674854869699,0,0
51197,3,11,0,4,0.38020846297501903,0,0
51550,1,6,1,4,0.2960783455916598,0,0
51595,4,1,1,4,0.47994384429723913,0,1
51600,1,3,0,4,0.17064453871074228,0,0
51610,1,4,0,4,0.17467325609889123,0,0
51680,3,5,1,4,0.2915390645074627,0,0
51760,1,15,0,4,0.36653137288183557,0,0
51775,1,1,0,4,0.23090014547236942,0,0
51810,1,12,0,4,0.2528771567402358,0,0
53001,4,11,0,4,0.5537675530826928,1,0
53003,3,3,1,4,0.45791533045285704,0,0
53005,2,12,1,4,0.41758762054115756,0,0
53015,3,11,1,4,0.36010633998332625,0,1
53019,4,9,0,4,0.4936741725829176,0,0
53025,3,18,1,4,0.5064256395737667,1,0
53033,1,84,0,4,0.24173534550857428,0,0
53039,3,15,0,4,0.40143366869255376,0,0
53049,3,13,0,4,0.40046335642392433,0,0
53061,1,30,0,4,0.2817877369592281,0,0
53063,1,45,0,4,0.3664531614927931,0,0
53067,1,14,1,4,0.31308434584614353,0,0
54019,1,42,0,4,0.3790410466153992,0,0
54027,3,20,0,4,0.45263331385987365,0,0
54071,3,9,0,4,0.4553991286219317,0,0
54075,3,13,0,4,0.46541529525818864,0,0
54085,4,14,0,4,0.4655539022515241,0,0
54091,3,10,0,4,0.41147255805584065,0,0
54095,3,11,0,4,0.4541637605582169,0,0
54105,4,8,0,4,0.49657148095291004,0,0
54107,3,13,1,4,0.41740816650947876,0,0
55003,3,11,0,4,0.30899872594857,0,0
55011,1,9,0,4,0.31048170724312424,0,0
55019,3,21,0,4,0.33809079971384215,0,0
55021,1,20,1,4,0.27951290095733894,0,1
55029,1,13,1,4,0.24767111597644909,0,0
55043,3,23,1,4,0.3022153553754794,0,1
55053,2,14,0,4,0.31820630895601937,0,0
55057,3,14,1,4,0.32264231179454167,0,0
55077,2,14,1,4,0.315461800830637,0,0
55081,2,12,1,4,0.27213894386287657,0,0
55103,3,14,1,4,0.32238210219596874,0,0
55105,2,19,1,4,0.3225338185676692,0,0
55109,1,18,0,4,0.25178284548034796,0,0
55113,3,12,0,4,0.29299455036477084,0,0
55123,3,18,1,4,0.3124583397898945,0,0
55127,1,16,1,4,0.2956163703773799,0,0
56003,2,15,1,4,0.4128172380171698,0,1
56005,1,8,0,4,0.4277618457268252,0,0
56015,2,9,0,4,0.4191848115677425,0,0
56029,1,8,1,4,0.33985827050600154,0,0
56033,1,9,1,4,0.35244364020579466,0,0
56037,1,12,0,4,0.4316546585757776,0,0
56041,1,5,0,4,0.41198777976498985,0,0
56043,2,2,0,4,0.4146831305902004,0,0
