county_fips,poverty_quartile,n_zctas_in_county,suppression_flag,fold,prob_high_risk,pred_high_risk,true_label
01001,3,10,1,0,0.7257887707705298,1,
01003,2,23,1,0,0.7006711751184268,1,
01009,3,17,1,0,0.734072508708039,1,
01011,4,7,1,0,0.7233774844458655,1,
01015,3,14,1,0,0.773999833805586,1,
01017,4,10,1,0,0.7563247311024238,1,
01019,4,11,1,0,0.7406482870688057,1,
01021,3,14,1,0,0.713809059324343,1,
01025,4,10,1,0,0.7044518512207678,1,
01031,3,16,1,0,0.7196176115682382,1,
01033,3,9,1,0,0.7546537192717417,1,
01035,4,13,1,0,0.6979561965823451,1,
01037,3,11,1,0,0.7012098510313282,1,
01039,4,13,1,0,0.7181629420182587,1,
01043,3,19,1,0,0.7388785058776319,1,
01045,3,14,1,0,0.7510908312905898,1,
01047,4,10,1,0,0.7991588662233758,1,
01051,2,13,1,0,0.7017690605526534,1,
01053,4,9,1,0,0.7242114637877132,1,
01055,3,14,1,0,0.7867670438303516,1,
01057,4,10,1,0,0.7293690162802592,1,
01059,4,10,1,0,0.7301275641287223,1,
01063,4,8,1,0,0.7176784147824932,1,
01065,4,9,1,0,0.7116348242890097,1,
01067,3,9,1,0,0.7248667063320008,1,
01069,4,14,1,0,0.7893989703735435,1,
01071,4,22,1,0,0.7664770106022317,1,
01075,4,9,1,0,0.7053021951148861,1,
01077,3,9,1,0,0.7430831252984208,1,
01079,3,10,1,0,0.7366687307079515,1,
01083,2,15,1,0,0.7488431601076195,1,
01085,4,8,1,0,0.7295247521158825,1,
01087,4,13,1,0,0.7582283170942851,1,
01089,1,25,1,0,0.753471301623417,1,
01091,4,15,1,0,0.7256270414321375,1,
01093,4,12,1,0,0.7349458584226588,1,
01095,4,18,1,0,0.8065881736197641,1,
01099,4,17,1,0,0.7355978062233367,1,
01101,1,24,1,0,0.8719345777873125,1,
01103,3,16,1,0,0.764906324057097,1,
01105,4,9,1,0,0.7659426302791977,1,
01107,4,8,1,0,0.6967277762230024,1,
01109,1,9,1,0,0.9567192427908882,1,
01111,3,8,1,0,0.7259682749973895,1,
01113,3,12,1,0,0.7922812602361895,1,
01115,2,18,1,0,0.726208880310475,1,
01119,4,11,1,0,0.7323537105115989,1,
01121,4,12,1,0,0.7834944650747144,1,
01123,4,12,1,0,0.7119567653808901,1,
01125,1,27,1,0,0.7826614139677228,1,
01127,3,18,1,0,0.769525204232603,1,
01129,4,16,1,0,0.7097304781616345,1,
01131,4,13,1,0,0.7054585128097409,1,
01133,4,11,1,0,0.715285592789724,1,
04009,4,10,1,0,0.593915289128462,1,
04023,4,9,1,0,0.6618000270788575,1,
05001,4,13,1,0,0.6974474263932143,1,
05003,4,7,1,0,0.7417096940965885,1,
05005,3,12,1,0,0.7105605352579364,1,
05009,3,9,1,0,0.6719819045407458,1,
05011,4,7,1,0,0.7173258633594646,1,
05015,3,9,1,0,0.632947587172283,1,
05019,1,8,1,0,0.678048944027646,1,
05021,4,13,1,0,0.6777583976771834,1,
05023,3,17,1,0,0.6964115114675873,1,
05025,4,7,1,0,0.6697680477134419,1,
05027,4,7,1,0,0.7537604550191601,1,
05029,4,15,1,0,0.7064108597141755,1,
05031,1,16,1,0,0.7330570608371881,1,
05033,3,11,1,0,0.7126549555308702,1,
05035,4,11,1,0,0.8409615064279341,1,
05037,4,8,1,0,0.6923534442927297,1,
05039,4,6,1,0,0.7014376456888174,1,
05041,4,12,1,0,0.7866451099522686,1,
05043,4,9,1,0,0.7121717880360932,1,
05045,1,15,1,0,0.8037888977426756,1,
05047,4,13,1,0,0.6878821213432109,1,
05049,1,14,1,0,0.6930550201171297,1,
05051,3,10,1,0,0.7196882475768942,1,
05053,2,14,1,0,0.6486208839989309,1,
05055,4,9,1,0,0.6981580324676566,1,
05057,4,10,1,0,0.7294110479912328,1,
05059,4,12,1,0,0.7323646284515257,1,
05061,4,8,1,0,0.6842427139623928,1,
05063,4,20,1,0,0.697522281894334,1,
05067,4,11,1,0,0.7403498794413377,1,
05069,4,17,1,0,0.7960598496276047,1,
05071,4,12,1,0,0.7214075178908105,1,
05073,4,6,1,0,0.7239752602320818,1,
05075,4,14,1,0,0.69448914928909,1,
05077,3,11,1,0,0.6676198710440702,1,
05079,4,8,1,0,0.6890097055713914,1,
05081,4,7,1,0,0.6883520418832543,1,
05083,4,12,1,0,0.6293269394220492,1,
05085,2,11,1,0,0.651190863136905,1,
05087,3,13,1,0,0.6356115351294963,1,
05091,4,6,1,0,0.7847656843055498,1,
05093,4,15,1,0,0.8069540178223595,1,
05095,4,9,1,0,0.7633066548384446,1,
05097,4,9,1,0,0.6585733045613298,1,
05099,4,10,1,0,0.6961634724355578,1,
05101,3,20,1,0,0.6120886021803955,1,
05103,4,8,1,0,0.7613689833517305,1,
05105,4,8,1,0,0.6553978331765332,1,
05107,4,12,1,0,0.829925027072828,1,
05111,4,10,1,0,0.6772474796221664,1,
05113,4,7,1,0,0.6961177664833548,1,
05115,4,13,1,0,0.7212460830877266,1,
05117,3,11,1,0,0.6634308381807886,1,
05121,4,11,1,0,0.6595779170423018,1,
05123,4,13,1,0,0.7709213247259369,1,
05125,1,14,1,0,0.7107438595445121,1,
05127,4,10,1,0,0.658323247616127,1,
05129,4,10,1,0,0.6389803775976581,1,
05133,4,7,1,0,0.655952537589166,1,
05135,4,13,1,0,0.6825339915147718,1,
05139,4,10,1,0,0.7367061765914735,1,
05141,4,12,1,0,0.6919460646568082,1,
05145,4,17,1,0,0.7338586228100402,1,
05147,4,9,1,0,0.6922681359657206,1,
05149,4,13,1,0,0.674430099243352,1,
06005,2,12,1,0,0.6506021638620773,1,
06007,4,18,1,0,0.8000842527064547,1,
06009,1,20,1,0,0.7042249265424205,1,
06011,3,9,1,0,0.6610143441237049,1,
06015,4,4,1,0,0.7330015038742603,1,
06017,1,23,1,0,0.6668714809174761,1,
06021,3,7,1,0,0.7502868974147259,1,
06023,4,36,1,0,0.7513954571971697,1,
06027,2,11,1,0,0.5662291674901967,1,
06031,4,12,1,0,0.7954535789505176,1,
06033,3,15,1,0,0.7719425959507052,1,
06035,2,17,1,0,0.592300845063253,1,
06041,1,29,1,0,0.683560222483487,1,
06043,3,13,1,0,0.5957308776837481,1,
06045,3,29,1,0,0.6928108027686293,1,
06055,1,12,1,0,0.6534039617474494,1,
06057,2,12,1,0,0.6654366716253575,1,
06063,2,17,1,0,0.6921764616327354,1,
06069,2,7,1,0,0.672402491171613,1,
06079,2,26,1,0,0.6846963142408906,1,
06083,2,24,1,0,0.7270842755868163,1,
06087,2,17,1,0,0.7202400432628493,1,
06093,3,23,1,0,0.718998849191683,1,
06097,1,37,1,0,0.7098579558069452,1,
06101,3,13,1,0,0.8145598549521607,1,
06103,4,15,1,0,0.7480200015988323,1,
06109,1,16,1,0,0.6809684712130529,1,
06113,3,19,1,0,0.7582202301952364,1,
06115,3,17,1,0,0.7725712781622408,1,
08001,2,35,1,0,0.8180124436691826,1,
08005,1,33,1,0,0.7868306910946183,1,
08007,1,5,1,0,0.6021979996500356,1,
08009,4,8,1,0,0.5892911971250222,1,
08013,1,22,1,0,0.884132382595052,1,
08014,1,6,1,0,0.7097814089545651,1,
08035,1,18,1,0,0.6727305547376659,1,
08037,1,13,1,0,0.6422350626536729,1,
08043,3,11,1,0,0.6664673695505465,1,
08045,1,8,1,0,0.5918553247032394,1,
08055,2,4,1,0,0.5992082074400435,1,
08059,1,33,1,0,0.7186307821471307,1,
08067,1,6,1,0,0.6184686698359595,1,
08069,1,24,1,0,0.7279514028790262,1,
08077,2,19,1,0,0.8090995115052494,1,
08081,2,5,1,0,0.5729266654761177,1,
08087,2,10,1,0,0.5839382353606878,1,
08099,3,6,1,0,0.6290920047438566,1,
08101,3,15,1,0,0.8055496235307154,1,
08107,1,9,1,0,0.5642223557305067,1,
08109,4,8,1,0,0.6494844219490848,1,
08113,1,7,1,0,0.6168249169003153,1,
08121,2,12,1,0,0.5510782955127285,1,
08123,1,41,1,0,0.7584581300591462,1,
09001,1,46,1,0,0.7434536926508059,1,
09003,1,58,1,0,0.8236379738990638,1,
09005,1,40,1,0,0.7046051624030322,1,
09007,1,24,1,0,0.735085326141824,1,
09009,1,41,1,0,0.7843273584550527,1,
09011,1,31,1,0,0.7716251768521486,1,
09015,1,31,1,0,0.7646116881640203,1,
10001,1,18,1,0,0.8015613566193465,1,
10005,2,24,1,0,0.7486845998676462,1,
12001,3,23,1,0,0.7149263343977381,1,
12003,2,5,1,0,0.643522873889883,1,
12005,2,16,1,0,0.7351073545439513,1,
12015,2,17,1,0,0.7223830256009167,1,
12017,3,15,1,0,0.7226046816415668,1,
12019,2,12,1,0,0.6999748371368372,1,
12023,3,8,1,0,0.7169388679786965,1,
12033,1,18,1,0,0.755547393575147,1,
12035,2,7,1,0,0.7154916498854309,1,
12039,4,7,1,0,0.6970684718891408,1,
12041,4,5,1,0,0.6642381109457773,1,
12043,4,5,1,0,0.6284704782691215,1,
12049,4,4,1,0,0.6324228266310458,1,
12051,4,6,1,0,0.7042754348660272,1,
12053,3,12,1,0,0.7356417933657647,1,
12055,3,9,1,0,0.6833811352099441,1,
12059,4,4,1,0,0.6622147012912399,1,
12061,2,9,1,0,0.7056793138825408,1,
12063,1,14,1,0,0.7169063259544763,1,
12065,4,4,1,0,0.5867764207822614,1,
12073,3,10,1,0,0.6994207780339827,1,
12075,4,13,1,0,0.6857723856655463,1,
12079,4,5,1,0,0.671666867457157,1,
12083,3,31,1,0,0.699845915403672,1,
12085,1,12,1,0,0.7013019398615777,1,
12087,2,11,1,0,0.6640367959743414,1,
12089,1,6,1,0,0.6741755306074299,1,
12091,2,14,1,0,0.6884872230587283,1,
12097,3,17,1,0,0.7553249357697792,1,
12101,2,31,1,0,0.7419400739348723,1,
12107,4,17,1,0,0.7295382660247359,1,
12109,1,12,1,0,0.6971962617645071,1,
12111,2,17,1,0,0.7388181313050122,1,
12113,1,9,1,0,0.6920007492996818,1,
12117,2,17,1,0,0.7041064290082346,1,
12119,1,11,1,0,0.6944301178800689,1,
12121,3,9,1,0,0.6760326051775642,1,
12129,2,4,1,0,0.6721532428855628,1,
12131,2,12,1,0,0.6921886074045115,1,
12133,4,10,1,0,0.7036639173686844,1,
13001,4,7,1,0,0.7817398561285248,1,
13003,4,5,1,0,0.7672937117845395,1,
13005,4,3,1,0,0.765051900643355,1,
13009,4,6,1,0,0.9041792348391839,1,
13013,2,8,1,0,0.7009643778075262,1,
13015,2,14,1,0,0.757786319940529,1,
13017,4,4,1,0,0.7471375882993497,1,
13019,4,6,1,0,0.7338546258339217,1,
13021,1,12,1,0,0.8931963580944864,1,
13023,4,6,1,0,0.7367786971789791,1,
13025,4,6,1,0,0.7421381752714562,1,
13031,1,11,1,0,0.8056487014145317,1,
13033,4,9,1,0,0.787672961756327,1,
13035,4,5,1,0,0.7870429667360224,1,
13039,3,8,1,0,0.7025279027436403,1,
13043,4,4,1,0,0.778546484588972,1,
13045,1,11,1,0,0.9012496912607716,1,
13055,4,6,1,0,0.738312913490664,1,
13057,1,15,1,0,0.7061004257568683,1,
13059,1,9,1,0,0.9032703407992874,1,
13063,1,16,1,0,0.9071604361084612,1,
13069,4,10,1,0,0.7767466525523858,1,
13071,4,13,1,0,0.7800299847764265,1,
13073,1,7,1,0,0.6815526363602653,1,
13075,4,5,1,0,0.7717733684765444,1,
13077,1,10,1,0,0.7098499451109205,1,
13083,3,5,1,0,0.7248298931246185,1,
13085,1,5,1,0,0.6592826611223016,1,
13087,4,8,1,0,0.7722890392109837,1,
13093,4,8,1,0,0.7358007336352365,1,
13095,4,6,1,0,0.8392645381781279,1,
13097,2,8,1,0,0.7969856268644153,1,
13101,3,6,1,0,0.7139938184498742,1,
13103,1,8,1,0,0.6496609551217601,1,
13107,4,13,1,0,0.7579620247070296,1,
13109,4,6,1,0,0.7815270781810751,1,
13111,3,8,1,0,0.6830686024646404,1,
13113,1,8,1,0,0.7172672258175725,1,
13115,4,13,1,0,0.759994873119607,1,
13119,3,10,1,0,0.7722091072401087,1,
13127,3,8,1,0,0.7547545264485898,1,
13129,4,8,1,0,0.7580143520781071,1,
13137,3,7,1,0,0.7571075667853604,1,
13139,2,19,1,0,0.7268405210495585,1,
13149,3,6,1,0,0.7136115356594364,1,
13151,2,11,1,0,0.7493351511721037,1,
13153,2,12,1,0,0.7732785082915058,1,
13155,4,7,1,0,0.72157830403387,1,
13157,2,16,1,0,0.7251555030790164,1,
13163,4,9,1,0,0.7606827407027016,1,
13165,4,5,1,0,0.7513953687276922,1,
13167,4,5,1,0,0.6852221782580925,1,
13169,4,8,1,0,0.7640261029368206,1,
13175,4,15,1,0,0.7718947792249133,1,
13179,1,9,1,0,0.7714992066515844,1,
13189,4,4,1,0,0.7690623959884024,1,
13191,3,4,1,0,0.6863068010283714,1,
13193,4,10,1,0,0.7534316695100004,1,
13195,3,11,1,0,0.7430693815889521,1,
13197,4,4,1,0,0.7098652714728818,1,
13215,4,11,1,0,0.8298916991370275,1,
13217,3,11,1,0,0.8050043372465138,1,
13219,1,8,1,0,0.6969659456230607,1,
13223,1,11,1,0,0.7199026898647101,1,
13225,4,3,1,0,0.7882301645994512,1,
13227,2,9,1,0,0.7086994149903123,1,
13233,4,8,1,0,0.7774265005538189,1,
13235,4,5,1,0,0.7040705777730569,1,
13237,4,5,1,0,0.6950063709532487,1,
13247,2,9,1,0,0.8073507820674657,1,
13253,4,4,1,0,0.7195117822131627,1,
13257,3,5,1,0,0.7711176174377454,1,
13261,4,8,1,0,0.788617456199298,1,
13267,4,6,1,0,0.7209748879987051,1,
13273,4,7,1,0,0.7333763214568064,1,
13275,3,9,1,0,0.7226496257890207,1,
13277,4,9,1,0,0.7942823100682779,1,
13279,4,3,1,0,0.7529871329232073,1,
13281,3,3,1,0,0.6788270159321645,1,
13285,4,7,1,0,0.766135342947859,1,
13287,4,4,1,0,0.7593922739908323,1,
13291,3,4,1,0,0.6766686981945699,1,
13293,4,7,1,0,0.7833849345227484,1,
13295,3,14,1,0,0.7449734308716969,1,
13297,2,11,1,0,0.7560270900052269,1,
13299,4,7,1,0,0.7900556408437248,1,
13301,4,9,1,0,0.7443936695206163,1,
13303,4,10,1,0,0.7131324941238047,1,
13305,4,6,1,0,0.7430068203692395,1,
13309,4,4,1,0,0.6675073178065384,1,
13313,4,8,1,0,0.7752980393709566,1,
13315,4,8,1,0,0.6906301687219034,1,
13317,4,5,1,0,0.664176663104075,1,
16001,1,17,1,0,0.7321352419331276,1,
16011,3,11,1,0,0.7123376427471995,1,
16013,2,8,1,0,0.7140219291043258,1,
16017,2,18,1,0,0.7187104401652618,1,
16019,2,14,1,0,0.7510069821219516,1,
16025,4,2,1,0,0.5357727583830159,1,
16031,3,9,1,0,0.6408579198721516,1,
16035,3,7,1,0,0.665478460064355,1,
16039,3,7,1,0,0.6414742682766649,1,
16041,1,7,1,0,0.5157535389448985,1,
16045,2,7,1,0,0.6560175407070958,1,
16047,3,6,1,0,0.7285933701621989,1,
16055,2,13,1,0,0.7132430902887469,1,
16059,3,10,1,0,0.6125078190851303,1,
16069,2,10,1,0,0.7076230247606735,1,
16073,3,12,1,0,0.6706361451885381,1,
16075,3,7,1,0,0.6364812598673407,1,
16079,4,15,1,0,0.6965889136639594,1,
16081,1,5,1,0,0.6953020387564207,1,
16083,3,10,1,0,0.7107185033439652,1,
16087,4,5,1,0,0.5856615449378996,1,
17001,2,23,1,0,0.7202370662356438,1,
17003,1,8,1,0,0.6781054858300372,1,
17007,1,15,1,0,0.6881433299971038,1,
17011,2,30,1,0,0.651327296969295,1,
17013,2,7,1,0,0.6370143071947812,1,
17017,3,7,1,0,0.6811300468552194,1,
17019,3,35,1,0,0.7799302552458904,1,
17021,2,20,1,0,0.6398333794997975,1,
17025,3,13,1,0,0.7118653662523797,1,
17027,1,17,1,0,0.6766920237632406,1,
17033,2,10,1,0,0.6459503163010347,1,
17039,2,13,1,0,0.6210897215844572,1,
17041,2,13,1,0,0.6683347121151393,1,
17043,1,43,1,0,0.693680276771667,1,
17045,2,15,1,0,0.6231103500301165,1,
17049,2,15,1,0,0.664747167342808,1,
17053,2,21,1,0,0.6432557776981835,1,
17055,4,19,1,0,0.7360286259412213,1,
17057,3,24,1,0,0.6860818792753213,1,
17059,4,9,1,0,0.6845799686462377,1,
17063,1,16,1,0,0.6377480727165794,1,
17073,1,23,1,0,0.6578473218000588,1,
17075,2,25,1,0,0.6705080837575771,1,
17081,3,17,1,0,0.7429656925831647,1,
17087,2,10,1,0,0.6798594598619564,1,
17091,2,21,1,0,0.7547399894034258,1,
17093,1,19,1,0,0.6904097238030934,1,
17095,3,22,1,0,0.714543828524698,1,
17097,1,35,1,0,0.7250842006623044,1,
17099,2,28,1,0,0.6988355023015065,1,
17103,2,24,1,0,0.6483389471674075,1,
17105,3,29,1,0,0.6632709503523256,1,
17107,1,20,1,0,0.6549143401617404,1,
17109,4,17,1,0,0.7485248091590612,1,
17111,1,24,1,0,0.6933073109210245,1,
17113,2,33,1,0,0.7463520817143859,1,
17115,3,27,1,0,0.7863660924912015,1,
17117,2,28,1,0,0.7206775541164713,1,
17121,3,15,1,0,0.6940991787188184,1,
17123,2,19,1,0,0.6240914452738312,1,
17125,3,11,1,0,0.6386009809143925,1,
17127,3,8,1,0,0.7404670442548461,1,
17133,1,9,1,0,0.7076512230235088,1,
17137,3,16,1,0,0.7080031772052677,1,
17141,2,27,1,0,0.6705616412330854,1,
17149,3,16,1,0,0.6910011636062503,1,
17157,2,18,1,0,0.6586530971224072,1,
17159,3,9,1,0,0.6715935645988542,1,
17161,2,20,1,0,0.7601549986000736,1,
17165,4,11,1,0,0.7386747814846314,1,
17167,2,29,1,0,0.75409728913789,1,
17171,2,9,1,0,0.6662607672618804,1,
17173,2,22,1,0,0.6368423478195065,1,
17179,1,21,1,0,0.6702015601670618,1,
17181,3,13,1,0,0.6840671292293076,1,
17183,3,27,1,0,0.7858759862035715,1,
17187,3,14,1,0,0.7013658248716343,1,
17189,1,13,1,0,0.625510437085407,1,
17193,3,11,1,0,0.653681096119141,1,
17199,3,22,1,0,0.7145470449990466,1,
17201,2,26,1,0,0.7613357240709502,1,
17203,1,16,1,0,0.6274230239922199,1,
18001,3,8,1,0,0.7893815223277212,1,
18003,2,33,1,0,0.825777728540023,1,
18005,2,14,1,0,0.6765779940925394,1,
18009,3,7,1,0,0.7482424041940839,1,
18011,1,12,1,0,0.6481563271237619,1,
18013,1,9,1,0,0.6453637269520368,1,
18017,3,12,1,0,0.7914417784354226,1,
18019,2,15,1,0,0.7834137067636012,1,
18021,2,17,1,0,0.7153481414196928,1,
18023,3,12,1,0,0.7433328046674644,1,
18029,1,9,1,0,0.7168202555741601,1,
18035,4,21,1,0,0.8425495314316662,1,
18037,1,13,1,0,0.6873970915314777,1,
18039,2,17,1,0,0.8146040741721616,1,
18043,2,10,1,0,0.7522442507251947,1,
18047,1,15,1,0,0.669355540392054,1,
18051,2,16,1,0,0.7183424170998745,1,
18053,3,15,1,0,0.8259874407089995,1,
18055,2,16,1,0,0.7132650482113971,1,
18059,1,15,1,0,0.740084503197214,1,
18061,2,16,1,0,0.6626720458233286,1,
18063,1,19,1,0,0.6958770603598666,1,
18067,2,10,1,0,0.790803526198981,1,
18069,2,9,1,0,0.7514680931044376,1,
18071,3,8,1,0,0.697603514096194,1,
18073,1,13,1,0,0.7523182724385626,1,
18079,2,13,1,0,0.7108941935529076,1,
18081,1,12,1,0,0.6684367585438802,1,
18083,3,11,1,0,0.7702005437098739,1,
18085,1,21,1,0,0.7288225106253347,1,
18087,1,12,1,0,0.827768260661123,1,
18091,3,15,1,0,0.829585985330397,1,
18093,2,12,1,0,0.6983108868933392,1,
18095,3,18,1,0,0.7934479515549286,1,
18101,2,7,1,0,0.6681731988230316,1,
18105,1,18,1,0,0.9628974562884919,1,
18107,2,16,1,0,0.7280695918482001,1,
18109,1,14,1,0,0.7305291881884556,1,
18117,3,11,1,0,0.7050241310806291,1,
18123,2,14,1,0,0.6674492095307519,1,
18127,1,15,1,0,0.7483723374032596,1,
18129,1,7,1,0,0.6608628210344516,1,
18133,1,15,1,0,0.714299313406546,1,
18139,2,16,1,0,0.6948940188647531,1,
18141,3,24,1,0,0.8552215558230268,1,
18143,3,6,1,0,0.7348880414347491,1,
18145,2,17,1,0,0.6966643727873854,1,
18147,1,16,1,0,0.6864593951546012,1,
18149,3,11,1,0,0.7899598826214367,1,
18153,3,13,1,0,0.7301772367129635,1,
18157,3,18,1,0,0.8244626015366013,1,
18163,3,11,1,0,0.8129269392034679,1,
18167,1,18,1,0,0.9610852552162811,1,
18169,2,14,1,0,0.726666889560965,1,
18173,1,12,1,0,0.7141435015309588,1,
18175,2,12,1,0,0.6681215955920806,1,
18177,3,17,1,0,0.8280287788747452,1,
19003,2,9,1,0,0.5613399575621361,1,
19007,3,11,1,0,0.6377843371942974,1,
19009,2,11,1,0,0.5395543395333909,1,
19011,1,24,1,0,0.5133192431313187,1,
19013,3,17,1,0,0.7308240901452323,1,
19015,3,18,1,0,0.6195818544470314,1,
19021,2,13,1,0,0.6127340788363587,1,
19023,1,16,1,0,0.5748320989951773,1,
19027,1,16,1,0,0.5312761787744156,1,
19031,1,18,1,0,0.4720437193161529,0,
19037,1,9,1,0,0.5153472524177273,1,
19039,3,9,1,0,0.5434617491239397,1,
19041,2,15,1,0,0.548642914256651,1,
19045,2,20,1,0,0.6132959585331005,1,
19049,1,25,1,0,0.5919338262613036,1,
19057,3,12,1,0,0.6677616906954554,1,
19061,2,19,1,0,0.6714670779739806,1,
19067,3,13,1,0,0.5892310312889766,1,
19071,2,11,1,0,0.5558892437595208,1,
19077,1,18,1,0,0.5433489767332399,1,
19079,1,15,1,0,0.503626829609073,1,
19087,2,11,1,0,0.5543925490608053,1,
19095,1,21,1,0,0.549657427573064,1,
19097,2,14,1,0,0.5935863274356004,1,
19099,1,19,1,0,0.5685477099446181,1,
19103,1,24,1,0,0.831935551552859,1,
19105,2,16,1,0,0.4795027655713463,0,
19109,2,21,1,0,0.524545751689569,1,
19111,3,12,1,0,0.6261333368739904,1,
19113,1,29,1,0,0.607228321905215,1,
19121,1,14,1,0,0.488103530840287,0,
19123,2,20,1,0,0.5882442779879704,1,
19127,2,21,1,0,0.6187457350559292,1,
19129,1,11,1,0,0.5827116273432804,1,
19133,2,15,1,0,0.549513361697864,1,
19145,2,12,1,0,0.49030249115584523,0,
19149,1,14,1,0,0.5338587675855127,1,
19151,2,16,1,0,0.5378106943735798,1,
19155,2,24,1,0,0.6488918963177217,1,
19157,2,17,1,0,0.5789361800870232,1,
19161,2,16,1,0,0.5297928413116476,1,
19163,2,22,1,0,0.6453471734761802,1,
19169,3,22,1,0,0.6696556462331089,1,
19179,3,12,1,0,0.6335342033961198,1,
19181,1,19,1,0,0.5484957267003462,1,
19187,3,22,1,0,0.6701927913098557,1,
19193,2,25,1,0,0.7045242714806852,1,
19197,2,16,1,0,0.524517782196628,1,
20001,3,11,1,0,0.6688396475782548,1,
20005,2,10,1,0,0.610891358947406,1,
20009,3,10,1,0,0.6327083484358382,1,
20011,4,13,1,0,0.6835453609401018,1,
20015,2,20,1,0,0.5893344511030759,1,
20019,4,10,1,0,0.5786246262930578,1,
20021,1,13,1,0,0.7065076143344287,1,
20027,1,10,1,0,0.6038417885962424,1,
20029,3,8,1,0,0.628381628130757,1,
20035,3,14,1,0,0.647606392438112,1,
20037,1,15,1,0,0.7702423937884717,1,
20039,2,8,1,0,0.5909929596145249,1,
20041,2,12,1,0,0.5861507579398155,1,
20045,1,12,1,0,0.863874954908315,1,
20047,3,7,1,0,0.5250097681643792,1,
20051,3,11,1,0,0.6607854651509173,1,
20055,3,7,1,0,0.5720082184263284,1,
20057,4,10,1,0,0.5404538810558799,1,
20059,2,13,1,0,0.5886061605684609,1,
20061,3,8,1,0,0.7137856047165808,1,
20067,2,3,1,0,0.5525923144359758,1,
20073,3,11,1,0,0.5349024475636608,1,
20079,1,13,1,0,0.545501635754293,1,
20083,2,8,1,0,0.47627767329475446,0,
20085,2,18,1,0,0.5559604452691137,1,
20087,2,15,1,0,0.667805512834733,1,
20095,1,12,1,0,0.5331063351020872,1,
20097,2,7,1,0,0.5466838022030072,1,
20099,4,13,1,0,0.7132524887977294,1,
20103,1,13,1,0,0.6633122294093307,1,
20111,3,12,1,0,0.6169812531197854,1,
20113,1,12,1,0,0.6123991906642566,1,
20121,1,11,1,0,0.5710407646446638,1,
20125,3,13,1,0,0.6804381354089144,1,
20127,2,9,1,0,0.5673152182298259,1,
20129,2,5,1,0,0.5312390640878627,1,
20133,4,11,1,0,0.6887524222618915,1,
20135,3,9,1,0,0.6832690387886098,1,
20139,2,15,1,0,0.5146461495519086,1,
20147,2,9,1,0,0.6862052312244283,1,
20149,2,12,1,0,0.6460627831221186,1,
20155,2,22,1,0,0.6948829294517705,1,
20159,2,13,1,0,0.5596698514410603,1,
20161,3,14,1,0,0.6432488236574411,1,
20163,2,10,1,0,0.6708071994712821,1,
20167,2,11,1,0,0.5649748145957306,1,
20169,2,9,1,0,0.6583594871651818,1,
20175,4,6,1,0,0.6485241312920418,1,
20179,1,11,1,0,0.6967783769023518,1,
20201,2,15,1,0,0.6791469039732255,1,
20205,4,10,1,0,0.6844187929681049,1,
21001,4,10,1,0,0.7284097901230405,1,
21003,4,6,1,0,0.7112782465886536,1,
21009,4,11,1,0,0.7752485236023375,1,
21011,4,8,1,0,0.7565456475497212,1,
21013,4,11,1,0,0.7989617556572632,1,
21015,1,9,1,0,0.7534984951818074,1,
21019,3,4,1,0,0.825036262361443,1,
21021,3,5,1,0,0.7549419278617382,1,
21023,3,7,1,0,0.7154431896796962,1,
21027,3,18,1,0,0.6844801860327883,1,
21029,1,11,1,0,0.7800068422513472,1,
21033,3,6,1,0,0.7031292522628775,1,
21037,2,10,1,0,0.7975001207114444,1,
21041,4,8,1,0,0.7981952352796285,1,
21047,4,15,1,0,0.8066378461265418,1,
21049,3,4,1,0,0.7575350632720232,1,
21051,4,10,1,0,0.7636064619679135,1,
21057,4,3,1,0,0.6871377476013283,1,
21059,3,10,1,0,0.7834742116737005,1,
21061,4,12,1,0,0.7255785860673963,1,
21063,4,6,1,0,0.7506266718929542,1,
21067,2,17,1,0,0.7766014031454956,1,
21069,4,7,1,0,0.7539207195310674,1,
21071,4,33,1,0,0.8087675202086358,1,
21073,2,5,1,0,0.7354497061578706,1,
21075,4,3,1,0,0.7469946479983322,1,
21077,3,6,1,0,0.77105832517969,1,
21079,3,5,1,0,0.7184183980354634,1,
21081,3,8,1,0,0.7035956386905129,1,
21083,4,18,1,0,0.751075332559022,1,
21085,4,9,1,0,0.7445520361531598,1,
21093,2,17,1,0,0.7561418599237647,1,
21097,3,6,1,0,0.7195476558907697,1,
21099,4,10,1,0,0.7382055581201283,1,
21101,3,8,1,0,0.8199622353776186,1,
21103,3,13,1,0,0.7143506755656602,1,
21105,4,7,1,0,0.7320393190630142,1,
21107,4,13,1,0,0.7613518558186604,1,
21113,3,4,1,0,0.7451197111293283,1,
21115,4,19,1,0,0.7962377603969135,1,
21117,2,12,1,0,0.7963252129709288,1,
21119,4,24,1,0,0.793271504361395,1,
21121,4,19,1,0,0.7920472160370916,1,
21125,4,8,1,0,0.7879197617046411,1,
21127,4,10,1,0,0.781338638598128,1,
21133,1,26,1,0,0.796739636980116,1,
21137,4,11,1,0,0.7480923862461648,1,
21141,4,7,1,0,0.7284564315200815,1,
21145,3,7,1,0,0.8534307719790989,1,
21149,2,7,1,0,0.7154944801781324,1,
21151,1,5,1,0,0.8226830505787736,1,
21153,4,4,1,0,0.7520501305859852,1,
21159,4,9,1,0,0.7554224018138033,1,
21161,4,5,1,0,0.7834778746657471,1,
21163,2,12,1,0,0.7062814349118763,1,
21167,2,5,1,0,0.7014211912790137,1,
21171,4,6,1,0,0.7170091842358095,1,
21173,4,5,1,0,0.7846759476336155,1,
21175,4,8,1,0,0.7387441743579144,1,
21179,1,9,1,0,0.7125277193240159,1,
21183,3,16,1,0,0.6984344015211,1,
21185,1,11,1,0,0.6845701392951172,1,
21191,3,10,1,0,0.6807958237683475,1,
21195,4,39,1,0,0.7870084928909333,1,
21197,4,4,1,0,0.7684636301773685,1,
21199,4,11,1,0,0.8049880815784867,1,
21201,4,7,1,0,0.6896077332496597,1,
21203,4,7,1,0,0.7654405866032724,1,
21205,4,4,1,0,0.7707465205059683,1,
21207,4,7,1,0,0.7591500482501162,1,
21209,2,6,1,0,0.6845836723940663,1,
21211,2,14,1,0,0.7397596295324549,1,
21217,4,6,1,0,0.7468255713483709,1,
21221,2,5,1,0,0.6426921982553766,1,
21225,4,5,1,0,0.7290587516057555,1,
21227,3,9,1,0,0.7299878631920611,1,
21231,4,5,1,0,0.7586547288291072,1,
21235,4,7,1,0,0.7942591933759096,1,
21237,4,5,1,0,0.7824749235117886,1,
21239,2,3,1,0,0.687690373244787,1,
22001,4,15,1,0,0.8240930940185496,1,
22003,3,13,1,0,0.7010533664243185,1,
22005,1,8,1,0,0.746592993053195,1,
22009,4,15,1,0,0.7677878379537874,1,
22011,3,9,1,0,0.6802699891717171,1,
22013,4,13,1,0,0.7442451717601881,1,
22019,3,16,1,0,0.7967675316810857,1,
22021,4,4,1,0,0.6965463163746556,1,
22023,4,8,1,0,0.8092025043076314,1,
22027,4,11,1,0,0.7670656859403314,1,
22031,4,10,1,0,0.7747332438820969,1,
22039,4,12,1,0,0.8178052819709482,1,
22041,4,7,1,0,0.7611970377451257,1,
22043,3,8,1,0,0.6741815584819649,1,
22045,4,10,1,0,0.8174882868836743,1,
22047,3,8,1,0,0.8368255266005132,1,
22049,4,7,1,0,0.7540563636368404,1,
22053,3,10,1,0,0.7605516071607363,1,
22055,1,16,1,0,0.793556206507042,1,
22057,3,14,1,0,0.7785413213679462,1,
22063,2,17,1,0,0.747791990249309,1,
22065,4,4,1,0,0.7911334771842551,1,
22069,4,16,1,0,0.8028308343856624,1,
22077,3,17,1,0,0.7736886728086778,1,
22079,4,27,1,0,0.807408127011087,1,
22083,4,6,1,0,0.759753157733049,1,
22087,4,6,1,0,0.8802546936882436,1,
22089,1,10,1,0,0.7404019031698109,1,
22093,3,7,1,0,0.8418335433290803,1,
22095,3,6,1,0,0.8389073619951634,1,
22099,4,8,1,0,0.7867484578789069,1,
22101,4,8,1,0,0.8335338437390719,1,
22103,2,17,1,0,0.718585901406212,1,
22105,1,20,1,0,0.8633380953485562,1,
22107,4,4,1,0,0.7813607623601982,1,
22109,3,13,1,0,0.8222658110997481,1,
22111,3,10,1,0,0.6935935103729833,1,
22113,3,12,1,0,0.7572332604033859,1,
22115,3,13,1,0,0.725877748046667,1,
22117,4,6,1,0,0.7557901130579051,1,
22119,4,12,1,0,0.797744978197654,1,
22121,2,5,1,0,0.7793798535885046,1,
22123,4,4,1,0,0.714767628785638,1,
22127,4,12,1,0,0.7127308502058513,1,
23001,2,14,1,0,0.7411981801911627,1,
23005,1,38,1,0,0.7222060299311872,1,
23007,1,18,1,0,0.7067794869072636,1,
23009,2,40,1,0,0.6997164527585327,1,
23011,2,27,1,0,0.7259748489558572,1,
23013,1,19,1,0,0.725424769574209,1,
23017,1,33,1,0,0.7375061338427901,1,
23019,1,47,1,0,0.8006522365377347,1,
23021,3,16,1,0,0.6842639301702014,1,
23025,4,24,1,0,0.7436328605799627,1,
23027,2,18,1,0,0.6905326348845845,1,
23031,1,36,1,0,0.7368174414717084,1,
24001,3,15,1,0,0.704435245713473,1,
24011,3,10,1,0,0.7070865825198159,1,
24013,1,15,1,0,0.6741568529627967,1,
24017,1,24,1,0,0.6553251713615068,1,
24019,3,18,1,0,0.7267605809013792,1,
24021,1,34,1,0,0.6748980093849698,1,
24027,1,24,1,0,0.6770919258601995,1,
24029,2,9,1,0,0.6509049828846304,1,
24035,1,16,1,0,0.6004549167435514,1,
24037,1,26,1,0,0.7442257597295953,1,
24039,1,11,1,0,0.7584670492846141,1,
24041,1,16,1,0,0.6434784821815983,1,
24043,1,20,1,0,0.785720247412235,1,
24047,2,12,1,0,0.7134049381783705,1,
25001,1,47,1,0,0.7457979342619288,1,
25005,2,36,1,0,0.8328604489027897,1,
25011,2,32,1,0,0.7262931021911226,1,
25013,2,41,1,0,0.8562764658656355,1,
25015,1,28,1,0,0.7494021239109641,1,
25023,1,34,1,0,0.7613453035937396,1,
25025,3,36,1,0,0.8782069538570799,1,
25027,1,87,1,0,0.7832774319393472,1,
26005,2,24,1,0,0.7263704968187595,1,
26009,2,16,1,0,0.6977609780662839,1,
26011,3,10,1,0,0.7790686731783378,1,
26013,3,7,1,0,0.6835869442905459,1,
26015,1,15,1,0,0.6783226458459906,1,
26017,2,16,1,0,0.8046274483715314,1,
26021,1,23,1,0,0.8470350078353213,1,
26023,3,13,1,0,0.74003721065796,1,
26025,3,22,1,0,0.7888073819491964,1,
26027,2,14,1,0,0.7758144740584256,1,
26041,3,13,1,0,0.7519542206002348,1,
26045,1,19,1,0,0.7623826360839467,1,
26049,3,34,1,0,0.8289598755889154,1,
26055,1,9,1,0,0.7193487760219706,1,
26059,3,18,1,0,0.7564269063213163,1,
26061,4,20,1,0,0.7271852699946414,1,
26063,2,18,1,0,0.7236419032140768,1,
26065,1,22,1,0,0.9826101158643612,1,
26067,2,21,1,0,0.713958686759358,1,
26073,4,15,1,0,0.7988879356106628,1,
26075,2,29,1,0,0.8110678135998353,1,
26077,2,25,1,0,0.7855366600557564,1,
26081,2,39,1,0,0.8120639088988247,1,
26087,2,22,1,0,0.7090342041470499,1,
26091,2,23,1,0,0.7428024882075543,1,
26093,1,20,1,0,0.7047777611460693,1,
26099,2,39,1,0,0.8341169813037115,1,
26101,2,15,1,0,0.7296993913758624,1,
26103,2,15,1,0,0.7148048866188734,1,
26115,1,25,1,0,0.7120684995383486,1,
26121,3,20,1,0,0.8037149935932821,1,
26123,3,21,1,0,0.7431404033850446,1,
26127,3,12,1,0,0.7642522692418146,1,
26137,3,7,1,0,0.7330921209587892,1,
26139,1,22,1,0,0.7278510247715401,1,
26141,2,7,1,0,0.6902683873544861,1,
26145,3,28,1,0,0.8050634512234139,1,
26147,2,23,1,0,0.7973510727851828,1,
26149,3,13,1,0,0.7626321560624802,1,
26151,3,22,1,0,0.7612287372236961,1,
26155,2,19,1,0,0.7463268104738389,1,
26157,3,21,1,0,0.7061934894990701,1,
26159,3,22,1,0,0.7677598954135042,1,
26161,2,27,1,0,0.7616571014021111,1,
27001,2,12,1,0,0.5852954882533452,1,
27003,1,20,1,0,0.6475702180496372,1,
27005,2,16,1,0,0.5199423734919255,1,
27007,3,18,1,0,0.679290346078061,1,
27009,1,9,1,0,0.59167623706423,1,
27025,1,15,1,0,0.5864751267100814,1,
27027,2,15,1,0,0.6667812443581943,1,
27037,1,22,1,0,0.6609827948146836,1,
27041,1,17,1,0,0.5914921214248554,1,
27047,2,18,1,0,0.6333370424825616,1,
27049,1,17,1,0,0.5593474912096111,1,
27057,2,10,1,0,0.6119348507041341,1,
27061,2,30,1,0,0.6063369737443073,1,
27079,1,13,1,0,0.5575766659007411,1,
27083,3,14,1,0,0.5937227709144162,1,
27095,2,12,1,0,0.5804139808712633,1,
27097,2,20,1,0,0.6110410302021008,1,
27099,2,19,1,0,0.6323166169831786,1,
27109,1,19,1,0,0.6691815532189684,1,
27111,1,34,1,0,0.5360390780400186,1,
27115,2,16,1,0,0.5499537929137893,1,
27119,2,25,1,0,0.5334233692971906,1,
27123,2,26,1,0,0.7474442367576238,1,
27127,2,22,1,0,0.5747082914670177,1,
27129,2,16,1,0,0.5460349229741429,1,
27131,1,16,1,0,0.5700437939274506,1,
27135,1,11,1,0,0.5033723529344609,1,
27139,1,10,1,0,0.6264052181717262,1,
27141,1,9,1,0,0.5875758677655228,1,
27145,2,33,1,0,0.743246786243825,1,
27151,3,11,1,0,0.5881225050605208,1,
27153,2,19,1,0,0.5734282217322607,1,
27163,1,19,1,0,0.6562197181374886,1,
27169,2,14,1,0,0.6628773026363787,1,
27171,1,19,1,0,0.6067891722704005,1,
28001,4,2,1,0,0.7317930575939854,1,
28003,4,5,1,0,0.7200195861026122,1,
28007,4,11,1,0,0.709608164426707,1,
28011,4,17,1,0,0.8334029581599279,1,
28013,4,11,1,0,0.7221174744286767,1,
28015,4,13,1,0,0.7360079279745999,1,
28019,4,9,1,0,0.6856971587634667,1,
28023,4,9,1,0,0.7243318891600892,1,
28025,4,8,1,0,0.7301618921707376,1,
28027,4,11,1,0,0.8325598600858698,1,
28029,4,9,1,0,0.7368084155862827,1,
28031,4,8,1,0,0.727294560765428,1,
28033,1,10,1,0,0.6653867619647017,1,
28035,1,8,1,0,0.8262362616234336,1,
28037,4,8,1,0,0.7179444268584472,1,
28039,4,3,1,0,0.6461158810842822,1,
28041,3,7,1,0,0.6845482031994973,1,
28043,4,7,1,0,0.7221789919400984,1,
28045,3,10,1,0,0.747518957828848,1,
28051,4,9,1,0,0.7346733321880925,1,
28057,3,10,1,0,0.7052502054786727,1,
28061,4,14,1,0,0.7361422067920292,1,
28065,4,9,1,0,0.7172578454142141,1,
28069,4,11,1,0,0.6951767029615413,1,
28071,4,13,1,0,0.965982071838191,1,
28073,3,6,1,0,0.6781319019421654,1,
28075,1,12,1,0,0.7577093265658161,1,
28081,3,15,1,0,0.7369407958128898,1,
28083,4,11,1,0,0.8122101572900836,1,
28085,4,12,1,0,0.7262404886482524,1,
28087,3,8,1,0,0.7215476278784274,1,
28089,1,12,1,0,0.6863120810805484,1,
28091,4,8,1,0,0.7326311699511654,1,
28093,3,8,1,0,0.7283756531525523,1,
28095,4,12,1,0,0.7181297450344312,1,
28097,4,7,1,0,0.6800992827985616,1,
28099,4,8,1,0,0.7374108883316759,1,
28101,4,11,1,0,0.6977047205546302,1,
28103,4,6,1,0,0.721333727498704,1,
28107,4,11,1,0,0.7569281109487709,1,
28109,3,5,1,0,0.6679478831949068,1,
28113,4,8,1,0,0.7837736528764705,1,
28115,4,11,1,0,0.7193158968949477,1,
28119,4,10,1,0,0.7631062607746255,1,
28121,1,12,1,0,0.7352442198821484,1,
28123,4,10,1,0,0.7198540544305674,1,
28127,3,10,1,0,0.7005970867291634,1,
28131,4,6,1,0,0.6579815272431192,1,
28133,4,16,1,0,0.800601047820629,1,
28135,4,18,1,0,0.7108052541949498,1,
28137,3,5,1,0,0.711862390774398,1,
28141,4,9,1,0,0.7071547922993064,1,
28145,3,11,1,0,0.695164967279782,1,
28147,4,6,1,0,0.7182121804032074,1,
28153,4,7,1,0,0.7119428329761568,1,
28159,4,10,1,0,0.697593071632908,1,
28161,4,7,1,0,0.6583425705747694,1,
28163,4,8,1,0,0.7109231572782712,1,
29001,4,9,1,0,0.736130408494509,1,
29009,4,17,1,0,0.7020977130131548,1,
29011,4,8,1,0,0.6440569712568432,1,
29013,3,13,1,0,0.6181799101442446,1,
29015,3,13,1,0,0.6436214049667411,1,
29017,4,13,1,0,0.6294885566886067,1,
29019,1,13,1,0,0.744113303565351,1,
29021,3,15,1,0,0.7811486839379045,1,
29023,4,10,1,0,0.7305830662994671,1,
29025,3,10,1,0,0.6281237042130113,1,
29029,3,18,1,0,0.7062693515162985,1,
29031,3,19,1,0,0.7051647818671389,1,
29033,3,10,1,0,0.584932106294145,1,
29035,3,5,1,0,0.6193269555703703,1,
29037,1,18,1,0,0.6603049527185076,1,
29039,4,9,1,0,0.6524062465060441,1,
29041,3,12,1,0,0.6629987440749316,1,
29043,1,21,1,0,0.71927013936828,1,
29049,1,11,1,0,0.5717810877731483,1,
29051,1,9,1,0,0.6637485359925155,1,
29055,4,12,1,0,0.6969813146035245,1,
29057,3,13,1,0,0.6618628382910361,1,
29059,4,13,1,0,0.6649235669088353,1,
29063,2,10,1,0,0.6079385671222938,1,
29065,4,8,1,0,0.6571322052913828,1,
29067,4,16,1,0,0.6757740694708999,1,
29069,4,14,1,0,0.7808560171735208,1,
29071,1,23,1,0,0.653641649000076,1,
29079,3,7,1,0,0.6624406694427832,1,
29083,4,11,1,0,0.6635107453966166,1,
29085,4,13,1,0,0.7040414746491095,1,
29091,4,12,1,0,0.6740269680298211,1,
29093,3,16,1,0,0.6709149275357332,1,
29099,1,24,1,0,0.6857062075021484,1,
29103,4,12,1,0,0.6153800973761051,1,
29105,4,12,1,0,0.6712065166528747,1,
29107,2,16,1,0,0.61555538838461,1,
29109,3,21,1,0,0.7049724266551172,1,
29113,2,17,1,0,0.6184401814147884,1,
29115,3,15,1,0,0.6542489631867131,1,
29117,3,12,1,0,0.6482860284898067,1,
29119,1,14,1,0,0.6730756791304255,1,
29121,2,15,1,0,0.6156670207405972,1,
29123,3,7,1,0,0.6486024292895509,1,
29127,3,10,1,0,0.6696190629388119,1,
29131,3,17,1,0,0.6923313317268506,1,
29133,4,6,1,0,0.7689547989794586,1,
29135,2,13,1,0,0.5712646140842285,1,
29139,3,11,1,0,0.6249444226372076,1,
29143,4,17,1,0,0.76531058662828,1,
29145,3,15,1,0,0.6922452490346116,1,
29147,4,18,1,0,0.6393118417148086,1,
29153,4,18,1,0,0.710215452912405,1,
29159,3,15,1,0,0.7060547285257096,1,
29161,4,11,1,0,0.6770533644631577,1,
29163,1,12,1,0,0.7348582024773321,1,
29165,1,18,1,0,0.6196712093098559,1,
29169,2,11,1,0,0.6842497580528059,1,
29175,3,12,1,0,0.7088756012483697,1,
29177,2,12,1,0,0.6572678303491948,1,
29181,4,9,1,0,0.6593838163265162,1,
29183,1,14,1,0,0.6165958618444217,1,
29185,4,16,1,0,0.6385744525931931,1,
29186,2,8,1,0,0.6322814599789861,1,
29187,3,15,1,0,0.667804861152183,1,
29195,3,13,1,0,0.7002095362775005,1,
29197,3,6,1,0,0.5834258616920635,1,
29199,3,10,1,0,0.6462003376060418,1,
29201,4,14,1,0,0.7843804574865696,1,
29207,1,13,1,0,0.7766781975948357,1,
29209,1,17,1,0,0.7252808383929689,1,
29211,3,13,1,0,0.5533628703115825,1,
29213,3,20,1,0,0.7244604437172963,1,
29215,4,21,1,0,0.7108387888641087,1,
29217,4,13,1,0,0.731129519545983,1,
29219,3,9,1,0,0.5995352689921067,1,
29223,4,14,1,0,0.6620125685007501,1,
29225,3,9,1,0,0.6979760386840322,1,
29229,4,11,1,0,0.6839256385927359,1,
30003,4,18,1,0,0.6674833904449529,1,
30005,4,9,1,0,0.624639591344756,1,
30013,3,18,1,0,0.6620495527272557,1,
30015,2,13,1,0,0.5819579270326253,1,
30021,1,8,1,0,0.5225902184024673,1,
30029,2,16,1,0,0.6679365815662358,1,
30035,4,5,1,0,0.6293649083172528,1,
30047,3,15,1,0,0.6526769668664043,1,
30049,1,9,1,0,0.6572571427854195,1,
30053,4,6,1,0,0.694252810914807,1,
30061,4,5,1,0,0.6049986605486212,1,
30073,3,6,1,0,0.5162492416309405,1,
30081,2,9,1,0,0.6242508235500711,1,
30087,3,8,1,0,0.5855485978528993,1,
30105,3,12,1,0,0.5467422192306919,1,
30111,2,16,1,0,0.6919911014393562,1,
31001,2,14,1,0,0.5779713336167034,1,
31003,2,11,1,0,0.5188988598767315,1,
31007,2,8,1,0,0.45206077648441895,0,
31011,2,8,1,0,0.4415242749059271,0,
31013,2,3,1,0,0.2874549662575242,0,
31023,1,14,1,0,0.44734277144698725,0,
31025,1,20,1,0,0.5124159213471539,1,
31029,2,7,1,0,0.48224710563372236,0,
31033,1,5,1,0,0.4110748128538659,0,
31041,1,21,1,0,0.6392770834976805,1,
31045,2,6,1,0,0.3849344469922599,0,
31061,2,8,1,0,0.47662027026896664,0,
31067,2,18,1,0,0.45039855567817383,0,
31075,2,3,1,0,0.4228155372114392,0,
31079,2,11,1,0,0.5528917812354064,1,
31083,2,8,1,0,0.48632162966198844,0,
31093,1,11,1,0,0.5106988841794473,1,
31095,3,12,1,0,0.45243817897381017,0,
31109,2,42,1,0,0.6651138608832914,1,
31111,2,14,1,0,0.4722816426864594,0,
31119,2,8,1,0,0.5716312098676933,1,
31131,1,19,1,0,0.49596765537536536,0,
31135,1,10,1,0,0.38022127423174196,0,
31141,1,11,1,0,0.5699819416100805,1,
31153,1,13,1,0,0.6056428704805124,1,
31155,1,18,1,0,0.5259185466966876,1,
31157,3,8,1,0,0.5012548895508002,1,
31161,2,9,1,0,0.3560293211167735,0,
31173,4,10,1,0,0.614848880997609,1,
31177,1,15,1,0,0.5989797195318505,1,
31179,2,11,1,0,0.5288731343721345,1,
31185,1,15,1,0,0.4828436065396207,0,
32001,2,2,1,0,0.6456631542977832,1,
32005,1,9,1,0,0.7028823342871273,1,
32007,1,14,1,0,0.4925865930016706,0,
32013,1,7,1,0,0.69724395895993,1,
32017,1,5,1,0,0.5015573814685246,1,
32019,3,9,1,0,0.7930368736988034,1,
32021,3,5,1,0,0.630294232139502,1,
32033,2,7,1,0,0.5509362408459347,1,
33005,1,27,1,0,0.7212539675082557,1,
33007,2,16,1,0,0.7002542025280493,1,
33009,1,37,1,0,0.7072690171808133,1,
33011,1,34,1,0,0.7257180872001057,1,
33013,1,31,1,0,0.7149093830181468,1,
33015,1,37,1,0,0.7099933384266581,1,
34009,1,15,1,0,0.7467402205529367,1,
34011,1,22,1,0,0.8471989805544048,1,
34015,1,30,1,0,0.7556282247603066,1,
34019,1,26,1,0,0.657149395618004,1,
34021,1,25,1,0,0.7885546559442291,1,
34027,1,56,1,0,0.693108863066696,1,
34031,2,33,1,0,0.8090173602284655,1,
34033,2,14,1,0,0.7688859274371772,1,
34035,1,32,1,0,0.6948065481327317,1,
34037,1,21,1,0,0.6746106764496382,1,
34041,1,19,1,0,0.6789406258316728,1,
35005,4,9,1,0,0.5999311320997167,1,
35007,4,9,1,0,0.5864975442292778,1,
35009,1,7,1,0,0.7978717806148052,1,
35015,3,8,1,0,0.7079924270568543,1,
35017,4,16,1,0,0.626224289943119,1,
35019,2,5,1,0,0.4697585754885915,0,
35025,3,7,1,0,0.6222546081849141,1,
35029,4,3,1,0,0.6119877484092627,1,
35035,4,18,1,0,0.7880950136333066,1,
35037,4,10,1,0,0.6016069588927196,1,
35039,1,37,1,0,0.7027981986605354,1,
35041,4,9,1,0,0.6631102807696764,1,
35043,1,21,1,0,0.7008681012451218,1,
35049,2,15,1,0,0.6908331771823597,1,
35051,4,10,1,0,0.6810217030484462,1,
35053,4,14,1,0,0.7466539093990688,1,
35055,4,21,1,0,0.7117639481122094,1,
35061,4,8,1,0,0.6609675861932947,1,
36001,2,46,1,0,0.7799228904932503,1,
36003,3,37,1,0,0.7024843938243741,1,
36007,3,31,1,0,0.7624468553524871,1,
36009,1,36,1,0,0.7338094424077855,1,
36011,1,26,1,0,0.7729499034591977,1,
36013,3,36,1,0,0.7723457805558473,1,
36015,2,22,1,0,0.748163721364982,1,
36021,2,36,1,0,0.7409546721418587,1,
36023,3,17,1,0,0.7135300034817662,1,
36027,1,35,1,0,0.7592278087094196,1,
36031,2,34,1,0,0.7076722047980297,1,
36033,3,23,1,0,0.70298594425615,1,
36037,2,18,1,0,0.6843141200903373,1,
36039,2,42,1,0,0.7233705701805724,1,
36041,2,13,1,0,0.6760521208201958,1,
36043,3,28,1,0,0.7307504193141503,1,
36045,3,39,1,0,0.7389709595240104,1,
36053,1,31,1,0,0.7205967890116418,1,
36055,1,50,1,0,0.8547395221117825,1,
36057,3,20,1,0,0.7726767780551935,1,
36063,1,22,1,0,0.8687814477836795,1,
36065,2,54,1,0,0.7741015633024488,1,
36071,1,51,1,0,0.7361361700968028,1,
36073,3,15,1,0,0.7741654151700493,1,
36075,3,27,1,0,0.7255696028360787,1,
36077,3,43,1,0,0.7116477369145888,1,
36083,2,29,1,0,0.7377998970419315,1,
36089,3,49,1,0,0.7174133121453901,1,
36091,1,27,1,0,0.7091798447291741,1,
36093,1,19,1,0,0.7508927676134449,1,
36099,2,14,1,0,0.7646847644540434,1,
36101,3,39,1,0,0.7188559742162657,1,
36105,2,62,1,0,0.7260971578757351,1,
36107,2,15,1,0,0.7031054698365342,1,
36109,1,17,1,0,0.8680759691160345,1,
36111,2,63,1,0,0.7324467152183878,1,
36115,2,27,1,0,0.7255264978290425,1,
36117,2,20,1,0,0.7186993366888672,1,
37001,3,12,1,0,0.7358111523563189,1,
37003,2,8,1,0,0.6960657972030705,1,
37007,4,8,1,0,0.6928313478317666,1,
37013,4,15,1,0,0.7036474449234217,1,
37015,4,10,1,0,0.6809915771003607,1,
37017,4,18,1,0,0.7135001172931223,1,
37019,2,14,1,0,0.7050567082357502,1,
37021,2,19,1,0,0.6986660362954502,1,
37023,4,16,1,0,0.719174738412122,1,
37025,2,16,1,0,0.7118705692903207,1,
37027,3,10,1,0,0.7229557705982698,1,
37031,2,19,1,0,0.6825365301864803,1,
37035,2,14,1,0,0.722453154851185,1,
37037,1,18,1,0,0.67906306139769,1,
37039,3,4,1,0,0.6534797188495495,1,
37041,3,4,1,0,0.6925685694654791,1,
37043,3,5,1,0,0.6836887583738315,1,
37045,1,13,1,0,0.8213593852451079,1,
37047,4,16,1,0,0.7286683748821611,1,
37049,2,11,1,0,0.7044254918472772,1,
37051,1,24,1,0,0.822207250259457,1,
37053,1,15,1,0,0.6410412624801721,1,
37055,1,14,1,0,0.6542140225070865,1,
37057,3,12,1,0,0.7424208880126533,1,
37059,2,6,1,0,0.6759008087040622,1,
37061,4,19,1,0,0.711701896222365,1,
37063,2,16,1,0,0.7360910144102962,1,
37065,4,15,1,0,0.7805433700019622,1,
37067,1,22,1,0,0.7801012658759412,1,
37069,3,13,1,0,0.6954803224287985,1,
37071,3,18,1,0,0.7366523437316692,1,
37077,3,12,1,0,0.6816246335486127,1,
37079,4,11,1,0,0.7058613486270187,1,
37083,4,9,1,0,0.7667027245469699,1,
37085,3,16,1,0,0.6901861905065375,1,
37089,2,15,1,0,0.6938876989347781,1,
37091,4,9,1,0,0.7572992240106865,1,
37093,3,9,1,0,0.7493811495160819,1,
37101,2,21,1,0,0.6633638349223797,1,
37105,3,4,1,0,0.7177109086826793,1,
37107,4,10,1,0,0.7640878256281844,1,
37109,2,11,1,0,0.6867685567943389,1,
37111,3,9,1,0,0.6909718606822521,1,
37125,2,18,1,0,0.6971915526701487,1,
37127,3,15,1,0,0.7252658971210925,1,
37129,3,10,1,0,0.7355190904869259,1,
37131,4,12,1,0,0.7306339687301405,1,
37133,3,16,1,0,0.7229880483737573,1,
37135,2,14,1,0,0.7023256199117047,1,
37141,3,13,1,0,0.6862006081497878,1,
37147,4,17,1,0,0.7341994719669993,1,
37151,3,24,1,0,0.7110205571780528,1,
37153,4,11,1,0,0.7922791191698788,1,
37157,3,11,1,0,0.7151670905424924,1,
37159,3,19,1,0,0.7236741342334408,1,
37161,1,16,1,0,0.741143654785154,1,
37163,4,17,1,0,0.7369046901489049,1,
37165,4,7,1,0,0.8195274454149322,1,
37169,2,16,1,0,0.6861755192765494,1,
37171,4,12,1,0,0.7128236725922329,1,
37175,3,10,1,0,0.6888964088301924,1,
37179,1,12,1,0,0.6865255197557634,1,
37181,4,8,1,0,0.7982898506067302,1,
37185,4,8,1,0,0.6919236871236676,1,
37187,4,4,1,0,0.6942532567471965,1,
37189,4,10,1,0,0.7202216229095001,1,
37191,1,14,1,0,0.782448777147954,1,
37193,4,23,1,0,0.7111696554076127,1,
37195,4,17,1,0,0.7835650978188001,1,
38015,1,12,1,0,0.6422780449257215,1,
38027,2,7,1,0,0.4476834015488122,0,
38035,1,22,1,0,0.799459020806305,1,
38037,2,13,1,0,0.4443337803786638,0,
38067,1,13,1,0,0.5487919993675834,1,
38073,1,11,1,0,0.4805735934918745,0,
38085,4,9,1,0,0.6353947804330573,1,
38099,2,16,1,0,0.5449753425974355,1,
38101,1,24,1,0,0.7287539204528087,1,
39001,4,11,1,0,0.7413446526480905,1,
39007,4,19,1,0,0.8097682690906576,1,
39009,4,18,1,0,0.7526379796468083,1,
39013,2,27,1,0,0.7302380562227836,1,
39017,2,17,1,0,0.760929271486224,1,
39019,2,20,1,0,0.7018930111662689,1,
39023,3,22,1,0,0.8094386658698637,1,
39025,1,23,1,0,0.7269860920144892,1,
39037,2,25,1,0,0.7032298978291668,1,
39041,1,24,1,0,0.6248350196413511,1,
39045,1,19,1,0,0.6805637724071721,1,
39055,1,20,1,0,0.6994802856786586,1,
39059,3,20,1,0,0.7438275561367317,1,
39063,1,24,1,0,0.7541473995494483,1,
39065,3,15,1,0,0.7253373930665511,1,
39071,4,15,1,0,0.7297197733131353,1,
39073,3,16,1,0,0.6857651349432556,1,
39075,1,18,1,0,0.7377145207014527,1,
39077,2,14,1,0,0.7399722168388269,1,
39079,4,11,1,0,0.735672446997512,1,
39081,3,23,1,0,0.7917192801436543,1,
39085,1,11,1,0,0.762211979412613,1,
39087,3,14,1,0,0.7779620440063466,1,
39089,2,28,1,0,0.72512996859132,1,
39091,2,18,1,0,0.696922896506716,1,
39093,2,24,1,0,0.7966744944188207,1,
39099,2,36,1,0,0.807795145004457,1,
39101,3,14,1,0,0.7710828197108273,1,
39103,1,24,1,0,0.6608066912975301,1,
39107,1,18,1,0,0.6691313691324966,1,
39111,3,15,1,0,0.6902370209811912,1,
39117,2,16,1,0,0.7046422848665009,1,
39119,3,22,1,0,0.7482269727416454,1,
39121,2,15,1,0,0.708738127027802,1,
39123,2,18,1,0,0.7521543973599978,1,
39125,1,15,1,0,0.6756726578520748,1,
39127,3,17,1,0,0.7217916650554831,1,
39129,2,17,1,0,0.6692641402852633,1,
39131,4,11,1,0,0.7725872135393107,1,
39133,1,24,1,0,0.9254444212124503,1,
39135,1,16,1,0,0.6539619330132287,1,
39137,1,17,1,0,0.6681280751607656,1,
39139,1,19,1,0,0.7930056002313162,1,
39141,3,16,1,0,0.7276022997165561,1,
39143,2,17,1,0,0.7103384260223149,1,
39145,4,20,1,0,0.793278866074812,1,
39147,2,20,1,0,0.6915920605128776,1,
39151,1,42,1,0,0.7718867904143965,1,
39155,3,30,1,0,0.8088579448873815,1,
39159,1,20,1,0,0.6592838076800001,1,
39165,1,24,1,0,0.6806707641834089,1,
39167,3,20,1,0,0.7158939705289741,1,
39169,2,25,1,0,0.7328214150161606,1,
39171,1,12,1,0,0.6932389533686201,1,
39173,2,32,1,0,0.7278790363903955,1,
40001,4,8,1,0,0.7465967658415679,1,
40003,1,13,1,0,0.5609838617396963,1,
40009,3,6,1,0,0.6377493815598241,1,
40011,3,13,1,0,0.5910917167188009,1,
40013,4,14,1,0,0.7757720094249182,1,
40015,4,16,1,0,0.6969642425791396,1,
40017,1,13,1,0,0.7724093631810399,1,
40019,3,13,1,0,0.7722372085004064,1,
40021,4,16,1,0,0.7708871244664499,1,
40023,4,12,1,0,0.7373282397408331,1,
40025,3,4,1,0,0.5043964392486004,1,
40035,4,10,1,0,0.7410710669332748,1,
40037,3,21,1,0,0.7766601191568137,1,
40039,4,13,1,0,0.7347414755663444,1,
40041,4,13,1,0,0.7527706342930915,1,
40043,3,12,1,0,0.6413079939698931,1,
40045,3,7,1,0,0.6396814388602097,1,
40047,1,22,1,0,0.7547459780719815,1,
40049,3,13,1,0,0.751579589660427,1,
40051,2,14,1,0,0.7836831591891739,1,
40053,1,10,1,0,0.5774215493215386,1,
40055,4,4,1,0,0.5736076471305734,1,
40059,2,7,1,0,0.5924102412565789,1,
40063,4,10,1,0,0.704399012937749,1,
40065,3,9,1,0,0.7589503329671411,1,
40067,4,8,1,0,0.6442993261989531,1,
40069,4,13,1,0,0.6885635877649315,1,
40071,4,10,1,0,0.7728387692909083,1,
40073,2,12,1,0,0.6169631830509301,1,
40075,4,9,1,0,0.7072947406135682,1,
40077,4,7,1,0,0.700034201925092,1,
40079,4,23,1,0,0.7344388108113322,1,
40081,3,16,1,0,0.7068677576790874,1,
40083,2,15,1,0,0.7039141066986311,1,
40085,3,8,1,0,0.7175652550509601,1,
40089,4,15,1,0,0.7632539655178948,1,
40091,4,11,1,0,0.7512414311243462,1,
40095,4,3,1,0,0.7688923337343198,1,
40097,4,17,1,0,0.7833844298596453,1,
40099,3,7,1,0,0.7340966070443667,1,
40101,4,15,1,0,0.8488331335507528,1,
40105,3,7,1,0,0.703102499912549,1,
40107,4,11,1,0,0.7045708725451465,1,
40111,4,11,1,0,0.7781502408612226,1,
40113,3,22,1,0,0.807254974165759,1,
40115,4,9,1,0,0.8133746792085957,1,
40117,3,12,1,0,0.7420261677214954,1,
40119,1,14,1,0,0.9353366465462354,1,
40121,3,19,1,0,0.7497601145053128,1,
40123,3,10,1,0,0.7854235679939137,1,
40127,4,16,1,0,0.7079747761861233,1,
40131,1,12,1,0,0.7326380861284969,1,
40133,4,10,1,0,0.7647720138083247,1,
40135,4,9,1,0,0.7705625147141513,1,
40137,3,10,1,0,0.7464338290678377,1,
40139,4,9,1,0,0.5753053084973185,1,
40141,4,8,1,0,0.6698431541498524,1,
40145,2,15,1,0,0.7423702626286433,1,
40147,1,12,1,0,0.7162888242470182,1,
40149,3,18,1,0,0.6886543644678602,1,
40153,2,11,1,0,0.590246082124443,1,
41001,3,12,1,0,0.6471159169978792,1,
41003,1,10,1,0,0.8625932327312354,1,
41005,1,37,1,0,0.7400150195775114,1,
41009,2,9,1,0,0.7310391261847856,1,
41011,3,10,1,0,0.7506613832484111,1,
41013,2,6,1,0,0.6778429343966873,1,
41015,2,7,1,0,0.7163564755245762,1,
41017,1,7,1,0,0.7132739918323807,1,
41019,3,28,1,0,0.7362411735342484,1,
41023,3,11,1,0,0.6921409102727941,1,
41027,2,3,1,0,0.7032731614839619,1,
41029,3,18,1,0,0.8025437972982606,1,
41031,3,8,1,0,0.6706195082142612,1,
41033,4,11,1,0,0.8103887956152905,1,
41035,4,17,1,0,0.7752276646493309,1,
41039,3,39,1,0,0.7713596024667769,1,
41041,3,18,1,0,0.7432990049699406,1,
41043,2,20,1,0,0.745936175637896,1,
41047,3,26,1,0,0.829575125714904,1,
41049,3,7,1,0,0.7551771882383221,1,
41053,2,11,1,0,0.7144976295068526,1,
41059,3,14,1,0,0.7208985967262627,1,
41061,3,8,1,0,0.6903472173980022,1,
41065,3,8,1,0,0.676958365049924,1,
41067,1,30,1,0,0.7204928283384557,1,
42001,1,17,1,0,0.6782039276725527,1,
42005,2,36,1,0,0.7306081655254254,1,
42009,2,28,1,0,0.6982506971325749,1,
42011,1,62,1,0,0.7545901801457876,1,
42013,3,19,1,0,0.7478854794332662,1,
42015,2,27,1,0,0.6485758897745073,1,
42021,1,51,1,0,0.6507924459091375,1,
42025,2,20,1,0,0.7049913522985438,1,
42027,2,33,1,0,0.717742938928107,1,
42033,3,51,1,0,0.7082815830910282,1,
42037,2,19,1,0,0.6923412678887712,1,
42039,3,27,1,0,0.6929954309463817,1,
42041,1,21,1,0,0.7028070864768121,1,
42043,2,30,1,0,0.7316885980788459,1,
42047,2,14,1,0,0.6845373179094228,1,
42051,3,62,1,0,0.7679642435707608,1,
42053,4,11,1,0,0.6445803716053582,1,
42055,1,30,1,0,0.7116874594409317,1,
42059,2,26,1,0,0.7069203480493014,1,
42061,2,33,1,0,0.6795219459596981,1,
42065,3,30,1,0,0.7049451493776447,1,
42069,2,28,1,0,0.7545035759617803,1,
42073,2,22,1,0,0.7462934857629293,1,
42075,2,19,1,0,0.7279456391641334,1,
42079,3,50,1,0,0.7450066506391896,1,
42081,2,25,1,0,0.7103154813670722,1,
42085,2,28,1,0,0.7188130384995511,1,
42087,3,13,1,0,0.7355617100197618,1,
42089,2,35,1,0,0.7421432423876566,1,
42095,1,26,1,0,0.742195147844737,1,
42097,2,28,1,0,0.7122436850531169,1,
42099,2,16,1,0,0.6874877977077732,1,
42107,2,59,1,0,0.6992930427063905,1,
42109,2,15,1,0,0.715411879224703,1,
42111,2,40,1,0,0.6898672252727055,1,
42115,2,29,1,0,0.6381306112711566,1,
42119,1,14,1,0,0.6934342630964134,1,
42123,2,19,1,0,0.6774721805380626,1,
42125,1,64,1,0,0.7252773975001335,1,
42127,2,30,1,0,0.6904006082392091,1,
42129,1,86,1,0,0.7363366471003452,1,
44003,1,9,1,0,0.797171181840841,1,
44005,1,8,1,0,0.793792540018621,1,
44009,1,20,1,0,0.7492374814469003,1,
45001,4,13,1,0,0.7024988385615595,1,
45005,4,6,1,0,0.722232681972444,1,
45009,4,8,1,0,0.729449973452749,1,
45011,4,7,1,0,0.7328152050084549,1,
45013,1,16,1,0,0.7091143113478615,1,
45015,2,17,1,0,0.674450278009955,1,
45017,4,7,1,0,0.7095585399647094,1,
45021,4,8,1,0,0.7790170856230755,1,
45023,4,10,1,0,0.7444077633580636,1,
45025,4,11,1,0,0.7552161409641637,1,
45027,4,11,1,0,0.7186084202885221,1,
45029,4,14,1,0,0.7247048287484801,1,
45031,4,10,1,0,0.7662809144682097,1,
45033,4,11,1,0,0.8141749338543294,1,
45035,2,15,1,0,0.6993497856011852,1,
45037,3,10,1,0,0.7024656635264327,1,
45039,4,9,1,0,0.6875255001765638,1,
45041,3,12,1,0,0.7553565209138589,1,
45043,3,5,1,0,0.7117189432294002,1,
45047,4,9,1,0,0.7400112541577354,1,
45049,4,13,1,0,0.7350629319608843,1,
45051,3,16,1,0,0.7459854762416674,1,
45055,3,13,1,0,0.7159677026989836,1,
45057,3,5,1,0,0.7499842938113346,1,
45059,4,16,1,0,0.719292325752052,1,
45067,4,7,1,0,0.7788184648155112,1,
45069,4,8,1,0,0.7890498709481968,1,
45073,3,13,1,0,0.7309795867348443,1,
45077,3,15,1,0,0.7258379516505409,1,
45081,4,12,1,0,0.6909322176905999,1,
45085,4,15,1,0,0.7755382655305416,1,
45087,4,9,1,0,0.7284547424273872,1,
45089,4,12,1,0,0.7312724475083704,1,
45091,1,15,1,0,0.8159538146103213,1,
46009,2,7,1,0,0.5263812917060214,1,
46013,1,20,1,0,0.5511039285020155,1,
46029,2,10,1,0,0.5611366399155169,1,
46031,4,15,1,0,0.6046853021391617,1,
46033,3,9,1,0,0.4617400095918055,0,
46035,2,6,1,0,0.5257538584860326,1,
46037,2,11,1,0,0.5084755387997038,1,
46059,1,8,1,0,0.47298757254591706,0,
46065,1,3,1,0,0.4736160073691403,0,
46067,2,13,1,0,0.49562411771743003,0,
46077,1,9,1,0,0.4895498624328683,0,
46083,1,12,1,0,0.56000681722454,1,
46091,1,10,1,0,0.4580848494090063,0,
46093,2,18,1,0,0.5859740052772284,1,
46099,1,23,1,0,0.7170895064085177,1,
46103,2,20,1,0,0.5989670456191074,1,
46109,4,16,1,0,0.5386995947637936,1,
46121,4,9,1,0,0.6525149489131152,1,
46129,1,7,1,0,0.5264106304568833,1,
46135,2,10,1,0,0.5643268479140716,1,
47001,3,11,1,0,0.7714532896131193,1,
47003,3,13,1,0,0.8086966888118302,1,
47005,4,7,1,0,0.7511599455265154,1,
47009,2,13,1,0,0.7775777296303613,1,
47011,3,8,1,0,0.7722883826439516,1,
47013,4,11,1,0,0.7892097793145676,1,
47017,4,14,1,0,0.7399738723492433,1,
47019,4,8,1,0,0.8042591717321479,1,
47021,2,12,1,0,0.7179696272941286,1,
47025,1,10,1,0,0.7986653714885372,1,
47027,4,7,1,0,0.7626119553429711,1,
47031,3,9,1,0,0.7873845912404922,1,
47033,4,8,1,0,0.7868353427478346,1,
47035,3,11,1,0,0.7629434756878996,1,
47043,2,11,1,0,0.7218758440233491,1,
47045,4,11,1,0,0.8187037278680622,1,
47049,4,9,1,0,0.7733866103658713,1,
47053,4,11,1,0,0.7740651029962631,1,
47055,3,17,1,0,0.769663431260455,1,
47059,4,10,1,0,0.780883355766984,1,
47063,4,7,1,0,0.8267893878203134,1,
47067,4,5,1,0,0.7651304887279599,1,
47069,4,12,1,0,0.7493057955447867,1,
47071,4,13,1,0,0.7581587694380627,1,
47073,4,12,1,0,0.781519616484077,1,
47075,4,6,1,0,0.776033969322215,1,
47077,4,14,1,0,0.7485251967159586,1,
47079,4,9,1,0,0.7382200997242183,1,
47085,3,4,1,0,0.6904821336709265,1,
47089,3,10,1,0,0.788027471871315,1,
47097,4,4,1,0,0.742101032082517,1,
47099,4,11,1,0,0.7294577079174794,1,
47101,4,7,1,0,0.736812144836372,1,
47107,4,12,1,0,0.817030004151038,1,
47109,4,15,1,0,0.7557774851423325,1,
47111,4,8,1,0,0.7747167488513714,1,
47117,3,12,1,0,0.7957728907389237,1,
47119,1,10,1,0,0.7817779445583721,1,
47121,3,6,1,0,0.7403956684785066,1,
47123,4,9,1,0,0.805082852218229,1,
47125,3,15,1,0,0.7528096277020502,1,
47129,4,12,1,0,0.7619250525562724,1,
47131,4,12,1,0,0.7894854500579322,1,
47135,4,4,1,0,0.7104831557731629,1,
47139,3,12,1,0,0.7281877764360206,1,
47141,1,10,1,0,0.9293759739638039,1,
47145,2,10,1,0,0.7611427751077986,1,
47147,2,12,1,0,0.7548229841900965,1,
47149,1,20,1,0,0.8801445955596674,1,
47155,3,10,1,0,0.7434812988748265,1,
47159,3,15,1,0,0.7511093955941895,1,
47163,3,12,1,0,0.8061935834250984,1,
47165,1,10,1,0,0.7469357972493617,1,
47167,2,10,1,0,0.7566549070011063,1,
47175,4,7,1,0,0.752400954156561,1,
47177,4,6,1,0,0.8213286940756692,1,
47179,1,13,1,0,0.8684622382572631,1,
47181,4,10,1,0,0.7119219370622752,1,
47183,4,12,1,0,0.7764888799369035,1,
47185,4,5,1,0,0.7787986038230775,1,
47187,1,16,1,0,0.6762890118590392,1,
47189,1,12,1,0,0.7532160933625808,1,
48001,3,10,1,0,0.6864497150716404,1,
48003,2,1,1,0,0.5439439873216552,1,
48005,4,6,1,0,0.7463144225255374,1,
48007,4,5,1,0,0.7483443717254677,1,
48009,2,10,1,0,0.6413366691382767,1,
48013,3,15,1,0,0.6233168106507156,1,
48015,2,13,1,0,0.6157733306179093,1,
48017,1,6,1,0,0.5452603374409991,1,
48019,2,7,1,0,0.6184820572312727,1,
48021,2,15,1,0,0.7312104414496016,1,
48023,2,2,1,0,0.536005292004883,1,
48025,4,11,1,0,0.6024502021109447,1,
48031,1,8,1,0,0.6855869839203028,1,
48035,3,11,1,0,0.6309506033873912,1,
48037,3,10,1,0,0.7533654303884898,1,
48043,3,4,1,0,0.48784943210195475,0,
48047,4,2,1,0,0.5181065001401016,1,
48049,3,10,1,0,0.6309228762038941,1,
48051,2,5,1,0,0.6331650626879708,1,
48053,2,13,1,0,0.6391188119133001,1,
48055,3,14,1,0,0.6451023720121549,1,
48057,3,6,1,0,0.6689476924803136,1,
48063,3,2,1,0,0.738219150504291,1,
48067,4,14,1,0,0.7212409387457135,1,
48071,2,11,1,0,0.6957716053719537,1,
48073,4,12,1,0,0.7749040614875192,1,
48075,4,4,1,0,0.5055099894196788,1,
48077,2,9,1,0,0.5831015507150025,1,
48081,3,4,1,0,0.5884462196319843,1,
48083,2,15,1,0,0.5610241358506164,1,
48087,4,5,1,0,0.6030678697993657,1,
48089,2,18,1,0,0.5882030698663108,1,
48091,1,14,1,0,0.6751238495213859,1,
48093,2,14,1,0,0.5367410589516725,1,
48097,2,14,1,0,0.6548347898015604,1,
48099,1,17,1,0,0.7716609925885003,1,
48101,4,3,1,0,0.5355759294021017,1,
48109,4,2,1,0,0.6990629075173009,1,
48117,4,6,1,0,0.4840371538870829,0,
48119,3,7,1,0,0.6586205591603485,1,
48123,3,9,1,0,0.6054464704460746,1,
48125,4,7,1,0,0.47769490502365664,0,
48127,4,6,1,0,0.6644352641316152,1,
48131,4,8,1,0,0.5715797116391836,1,
48133,4,9,1,0,0.6623409709669196,1,
48135,2,8,1,0,0.8032597706530273,1,
48139,1,20,1,0,0.6757015943329885,1,
48143,1,13,1,0,0.8811691172309317,1,
48145,3,17,1,0,0.7123315304002268,1,
48147,2,19,1,0,0.6612380908779982,1,
48149,2,15,1,0,0.6177239401873481,1,
48151,3,9,1,0,0.6367819500919685,1,
48159,1,7,1,0,0.6738085066878662,1,
48161,4,9,1,0,0.7630574585561526,1,
48169,4,4,1,0,0.4998983817899009,0,
48171,2,7,1,0,0.5269048983877466,1,
48177,3,14,1,0,0.6223017307820021,1,
48185,3,11,1,0,0.6762674828606692,1,
48193,3,10,1,0,0.569558237039927,1,
48197,3,2,1,0,0.5559705660962627,1,
48199,2,12,1,0,0.7182805522255817,1,
48203,3,12,1,0,0.7743703523695626,1,
48207,4,11,1,0,0.6194303887097435,1,
48209,2,14,1,0,0.7124062291952199,1,
48217,2,19,1,0,0.6541760943195125,1,
48219,4,10,1,0,0.7206028454748313,1,
48221,1,8,1,0,0.6852808241777738,1,
48223,3,13,1,0,0.7164582788923022,1,
48225,4,7,1,0,0.7186670830274019,1,
48227,3,5,1,0,0.6245641242712696,1,
48233,3,7,1,0,0.7644254968059714,1,
48239,2,10,1,0,0.5970988056131965,1,
48241,4,9,1,0,0.7340748285084272,1,
48247,4,1,1,0,0.47314630102263366,0,
48249,4,8,1,0,0.635355294064621,1,
48251,2,16,1,0,0.7282371904105999,1,
48255,3,8,1,0,0.6378858280561494,1,
48259,1,8,1,0,0.6066227585629873,1,
48261,4,2,1,0,0.6221594613479308,1,
48265,3,10,1,0,0.6856700260081692,1,
48269,4,2,1,0,0.5905156547508128,1,
48273,4,4,1,0,0.7372758067999442,1,
48275,4,6,1,0,0.5504377469229795,1,
48277,3,13,1,0,0.7642244968818035,1,
48281,2,6,1,0,0.5912450541321662,1,
48285,2,7,1,0,0.5810962426912415,1,
48287,2,9,1,0,0.6502532089804245,1,
48289,3,8,1,0,0.7435240883364922,1,
48291,3,14,1,0,0.7322760579616983,1,
48293,4,14,1,0,0.7566345310761117,1,
48299,1,10,1,0,0.6969517397100259,1,
48303,1,25,1,0,0.9572992119158323,1,
48307,3,6,1,0,0.558480225574934,1,
48313,2,5,1,0,0.6449795409081838,1,
48315,4,7,1,0,0.686213961101975,1,
48317,1,8,1,0,0.6672435832609039,1,
48321,1,12,1,0,0.7644292274533357,1,
48323,4,3,1,0,0.7340388272027702,1,
48329,1,9,1,0,0.7289345828222518,1,
48331,3,13,1,0,0.6430160254209639,1,
48335,2,3,1,0,0.5338618206139466,1,
48337,3,10,1,0,0.6458244698162029,1,
48341,2,6,1,0,0.7064430674884496,1,
48343,4,7,1,0,0.7596517096098594,1,
48347,1,10,1,0,0.9544006105806334,1,
48349,4,17,1,0,0.7606931721640574,1,
48353,3,9,1,0,0.693569195022463,1,
48361,2,4,1,0,0.7930226453678173,1,
48363,4,12,1,0,0.6586679566122846,1,
48365,3,13,1,0,0.7355266137133046,1,
48367,1,18,1,0,0.6520129305919711,1,
48371,3,6,1,0,0.47072752495058373,0,
48373,3,9,1,0,0.6841218500684405,1,
48375,4,16,1,0,0.8259730306648306,1,
48377,4,4,1,0,0.6080532477147551,1,
48381,1,15,1,0,0.6811490619279483,1,
48387,4,9,1,0,0.7014811256750645,1,
48389,3,4,1,0,0.7122213329878468,1,
48391,3,5,1,0,0.5303058398412915,1,
48395,3,9,1,0,0.6725759666569886,1,
48397,1,9,1,0,0.6546056058593132,1,
48399,3,11,1,0,0.583618530634528,1,
48401,3,16,1,0,0.7487656523163246,1,
48405,4,4,1,0,0.7031142883962794,1,
48407,4,8,1,0,0.7742193752172555,1,
48409,3,9,1,0,0.6803205158564543,1,
48411,3,7,1,0,0.5028009657647443,1,
48415,3,8,1,0,0.6195165946134013,1,
48419,4,7,1,0,0.7342440392176603,1,
48427,4,10,1,0,0.7599799261678267,1,
48429,4,8,1,0,0.6268392829213906,1,
48437,4,5,1,0,0.5375912020220729,1,
48441,1,17,1,0,0.8122535750538168,1,
48445,4,6,1,0,0.5914472494465154,1,
48449,4,6,1,0,0.7810452152366095,1,
48451,1,14,1,0,0.7623424590218005,1,
48455,4,7,1,0,0.731721428825021,1,
48457,3,10,1,0,0.666184472115945,1,
48459,3,12,1,0,0.759593408198799,1,
48463,4,8,1,0,0.5743585879312825,1,
48465,4,5,1,0,0.648468268877044,1,
48467,3,13,1,0,0.7645487179801,1,
48469,3,12,1,0,0.7343281765482048,1,
48471,4,9,1,0,0.7217072047760418,1,
48473,2,11,1,0,0.7833959160183972,1,
48475,3,6,1,0,0.7311632586384921,1,
48477,2,7,1,0,0.6643426819482985,1,
48481,1,13,1,0,0.7829480355995633,1,
48487,4,6,1,0,0.704591514324735,1,
48493,2,12,1,0,0.6024288428237922,1,
48495,3,2,1,0,0.5513336871509018,1,
48497,2,17,1,0,0.6585564625320762,1,
48499,3,12,1,0,0.7105012137130581,1,
48501,2,4,1,0,0.5964238205982432,1,
48503,2,6,1,0,0.6042881602626363,1,
48505,4,5,1,0,0.7210473118951931,1,
48507,4,4,1,0,0.6463648346411,1,
49003,2,20,1,0,0.7178602775051798,1,
49005,3,16,1,0,0.762416753348497,1,
49011,1,13,1,0,0.7621327103270638,1,
49019,1,2,1,0,0.47592307075419177,0,
49021,4,10,1,0,0.7111672383637004,1,
49037,3,12,1,0,0.5976561052892432,1,
49039,3,15,1,0,0.6550546683692232,1,
49041,3,12,1,0,0.7092257756099407,1,
49043,1,9,1,0,0.5732754257096392,1,
49057,1,9,1,0,0.8013893764912442,1,
50001,1,20,1,0,0.6750636655641701,1,
50005,2,22,1,0,0.7076652539142019,1,
50007,1,21,1,0,0.7391317166147169,1,
50013,1,5,1,0,0.6877336112059635,1,
50017,2,31,1,0,0.7072636074082574,1,
50019,2,24,1,0,0.7126849567230311,1,
50021,1,29,1,0,0.7050863587713908,1,
50023,1,26,1,0,0.7001318563930731,1,
50025,2,24,1,0,0.7067428215259196,1,
51003,2,24,1,0,0.704071600792438,1,
51005,3,7,1,0,0.7267254975540577,1,
51007,1,5,1,0,0.6597484647916511,1,
51009,2,9,1,0,0.7364146987212178,1,
51013,1,11,1,0,0.7047292012501924,1,
51015,2,27,1,0,0.7148796126303935,1,
51019,1,18,1,0,0.7001160916514402,1,
51025,3,16,1,0,0.7420474921643144,1,
51027,4,16,1,0,0.7747829746670493,1,
51031,3,14,1,0,0.782068809801318,1,
51036,2,4,1,0,0.6940398610097317,1,
51037,4,14,1,0,0.704857081282219,1,
51047,1,18,1,0,0.6469490742103895,1,
51051,4,12,1,0,0.7778238236291897,1,
51057,4,8,1,0,0.7198280313966561,1,
51061,1,24,1,0,0.6502467872858169,1,
51063,2,11,1,0,0.6941133233759524,1,
51069,1,12,1,0,0.689597607375368,1,
51073,1,6,1,0,0.6697236527618082,1,
51075,1,15,1,0,0.679193260637714,1,
51079,2,5,1,0,0.6839911830723534,1,
51081,4,4,1,0,0.7523723469194232,1,
51083,3,14,1,0,0.7128242529960012,1,
51085,1,12,1,0,0.6854294779791736,1,
51087,2,16,1,0,0.7687860007029139,1,
51093,1,8,1,0,0.6902471665486276,1,
51095,1,4,1,0,0.6924898334636939,1,
51103,2,6,1,0,0.6630487620964153,1,
51105,4,11,1,0,0.7685112542141315,1,
51107,1,21,1,0,0.6722048588720462,1,
51111,4,12,1,0,0.7081626018684046,1,
51113,2,21,1,0,0.7286667315848012,1,
51117,3,13,1,0,0.7131785289001763,1,
51119,1,12,1,0,0.685610219830374,1,
51121,3,10,1,0,0.7468899578593622,1,
51127,1,6,1,0,0.6627008955027057,1,
51131,3,11,1,0,0.7750059577415559,1,
51133,2,7,1,0,0.6772991544293869,1,
51135,4,7,1,0,0.7483874127027076,1,
51139,3,6,1,0,0.7119796921173082,1,
51141,3,14,1,0,0.7142525609804842,1,
51143,4,20,1,0,0.7663768230653508,1,
51145,1,5,1,0,0.9363831169749545,1,
51147,1,12,1,0,0.7016636551859813,1,
51149,3,7,1,0,0.7755150858004339,1,
51153,1,19,1,0,0.6940963137917087,1,
51159,3,5,1,0,0.6824086310219281,1,
51161,1,14,1,0,0.70909259314493,1,
51171,2,14,1,0,0.6916887482745195,1,
51175,3,12,1,0,0.7262268123002016,1,
51177,1,13,1,0,0.6856028913206262,1,
51179,1,5,1,0,0.6724518582298797,1,
51185,1,18,1,0,0.7542125211013728,1,
51187,1,7,1,0,0.6998669652325845,1,
51191,2,10,1,0,0.7101789781723583,1,
51193,2,8,1,0,0.7269074032138407,1,
51199,1,9,1,0,0.6897418427376847,1,
51510,1,8,1,0,0.7262485463262554,1,
51520,4,2,1,0,0.8576607783907604,1,
51550,1,6,1,0,0.74382411001714,1,
51570,2,1,1,0,0.7427997952463308,1,
51590,4,2,1,0,0.817455976133494,1,
51595,4,1,1,0,0.7547546779358175,1,
51630,3,3,1,0,0.8055558919807289,1,
51650,2,9,1,0,0.8344177270104349,1,
51660,1,3,1,0,0.7388111783517518,1,
51678,3,1,1,0,0.7232959952480399,1,
51680,3,5,1,0,0.7825243449557459,1,
51683,1,1,1,0,0.7320008490189489,1,
51690,4,1,1,0,0.7935169868764018,1,
51700,3,8,1,0,0.7877684988496549,1,
51710,1,15,1,0,0.8599483791545629,1,
51730,3,2,1,0,0.8384854611807958,1,
51740,1,8,1,0,0.8565918892244865,1,
51750,1,2,1,0,0.9962856379619006,1,
51770,3,10,1,0,0.8410901643820472,1,
51800,1,8,1,0,0.7276692007088069,1,
51840,3,1,1,0,0.7850876372969119,1,
53003,3,3,1,0,0.7529955654982589,1,
53005,2,12,1,0,0.7902061866202064,1,
53007,2,14,1,0,0.7079797340321875,1,
53015,3,11,1,0,0.7427245076035736,1,
53017,2,13,1,0,0.7445688788960124,1,
53021,3,7,1,0,0.7722452911094859,1,
53023,3,2,1,0,0.6888757927647994,1,
53025,3,18,1,0,0.7660585498755543,1,
53029,1,8,1,0,0.7565263193106461,1,
53031,2,9,1,0,0.7205009768709014,1,
53035,1,20,1,0,0.7277591326265914,1,
53041,2,23,1,0,0.7294699449862122,1,
53045,2,15,1,0,0.7411287355883828,1,
53047,4,22,1,0,0.7576424844206539,1,
53057,1,17,1,0,0.7375543720859665,1,
53059,1,8,1,0,0.7134459008201065,1,
53067,1,14,1,0,0.7620794649425315,1,
53071,2,8,1,0,0.7342630558568406,1,
53073,2,18,1,0,0.7550411656205819,1,
53077,4,22,1,0,0.7875148540799063,1,
54003,2,11,1,0,0.7952760494157634,1,
54005,4,31,1,0,0.7751332390010707,1,
54009,2,8,1,0,0.8429084048928525,1,
54011,3,13,1,0,0.8168943740224301,1,
54029,3,5,1,0,0.8646725344482722,1,
54035,3,15,1,0,0.7531490491580224,1,
54037,1,9,1,0,0.7720866938817338,1,
54039,1,46,1,0,0.8208704401101353,1,
54041,4,11,1,0,0.7713713764670814,1,
54049,3,18,1,0,0.7992908834831467,1,
54053,3,19,1,0,0.7813076397823431,1,
54059,4,18,1,0,0.8030515930322625,1,
54061,3,16,1,0,0.7798691746477749,1,
54065,3,4,1,0,0.7180211837370463,1,
54067,3,25,1,0,0.7427619775161199,1,
54069,2,6,1,0,0.8132250475516991,1,
54079,2,17,1,0,0.762846740624972,1,
54081,4,42,1,0,0.8130040461976523,1,
54083,4,22,1,0,0.7394071120200266,1,
54097,4,10,1,0,0.7527416609227842,1,
54099,4,17,1,0,0.8273494367374665,1,
54103,4,12,1,0,0.7560127382775135,1,
54107,3,13,1,0,0.8194786372024625,1,
55001,2,14,1,0,0.6381441606081846,1,
55005,2,19,1,0,0.6629521375175068,1,
55007,2,15,1,0,0.6431248417045623,1,
55009,1,19,1,0,0.7375645803914394,1,
55015,1,14,1,0,0.6694001793061016,1,
55017,2,14,1,0,0.6576690318230969,1,
55021,1,20,1,0,0.6007467233981595,1,
55023,2,13,1,0,0.6478235854359337,1,
55027,1,31,1,0,0.6168334336802086,1,
55029,1,13,1,0,0.6279319827352798,1,
55031,2,12,1,0,0.6720920977943246,1,
55039,1,24,1,0,0.6122274459326966,1,
55043,3,23,1,0,0.6707807247331927,1,
55045,1,12,1,0,0.64226782304641,1,
55055,1,19,1,0,0.6544545516068709,1,
55057,3,14,1,0,0.6331491409257695,1,
55059,1,17,1,0,0.7737321959328614,1,
55061,1,6,1,0,0.6106649267418077,1,
55063,2,15,1,0,0.7005994614339462,1,
55065,2,14,1,0,0.6469663286949084,1,
55069,1,7,1,0,0.6280887563501524,1,
55071,1,19,1,0,0.6473711988938565,1,
55073,1,28,1,0,0.6619883075745744,1,
55075,3,16,1,0,0.6533426946882256,1,
55077,2,14,1,0,0.6013801564043133,1,
55078,4,4,1,0,0.6869615998070228,1,
55081,2,12,1,0,0.6604914711862307,1,
55083,1,19,1,0,0.5931040785772028,1,
55085,1,14,1,0,0.6533653423680791,1,
55087,1,24,1,0,0.6968680304482463,1,
55089,1,13,1,0,0.6680673890087154,1,
55095,1,20,1,0,0.6299905815863643,1,
55097,2,21,1,0,0.6842962356079223,1,
55099,2,14,1,0,0.6407936890225477,1,
55103,3,14,1,0,0.5917589850052785,1,
55105,2,19,1,0,0.7090529088468248,1,
55111,1,17,1,0,0.6262157355062425,1,
55115,2,25,1,0,0.653903018901524,1,
55117,1,17,1,0,0.666828021172229,1,
55119,2,14,1,0,0.5912838860747025,1,
55121,1,14,1,0,0.6059631971370788,1,
55123,3,18,1,0,0.6290896270915767,1,
55125,2,12,1,0,0.6590206493047353,1,
55127,1,16,1,0,0.6161980117318943,1,
55131,1,18,1,0,0.6455417684158129,1,
55133,1,30,1,0,0.6505236664447878,1,
55135,1,16,1,0,0.6437960304569067,1,
55137,2,17,1,0,0.6249527679538183,1,
55139,1,18,1,0,0.7459779268242009,1,
55141,2,15,1,0,0.6662450989108559,1,
56001,1,10,1,0,0.6713352691418257,1,
56003,2,15,1,0,0.5673890883122987,1,
56007,2,12,1,0,0.4375253771327328,0,
56009,1,4,1,0,0.4640631286276479,0,
56013,2,11,1,0,0.5562248211345405,1,
56017,3,3,1,0,0.5213957532046684,1,
56021,1,12,1,0,0.6802893699466047,1,
56025,1,11,1,0,0.5667594847383829,1,
56029,1,8,1,0,0.4835825349541104,0,
56031,2,5,1,0,0.42440776567986327,0,
56033,1,9,1,0,0.5302605896785548,1,
56035,1,6,1,0,0.5011958451816199,1,
01001,3,10,1,1,0.420023952373198,0,
01003,2,23,1,1,0.35968731561674316,0,
01009,3,17,1,1,0.3792093206587021,0,
01011,4,7,1,1,0.28468813064010423,0,
01015,3,14,1,1,0.4020550061112843,0,
01017,4,10,1,1,0.3468641877326042,0,
01019,4,11,1,1,0.34570011852478816,0,
01021,3,14,1,1,0.3711950460786651,0,
01025,4,10,1,1,0.24727206535085794,0,
01031,3,16,1,1,0.3597380678975173,0,
01033,3,9,1,1,0.4005687309169738,0,
01035,4,13,1,1,0.24430751901622255,0,
01037,3,11,1,1,0.24580624993859118,0,
01039,4,13,1,1,0.2784097272442553,0,
01043,3,19,1,1,0.4209856105307472,0,
01045,3,14,1,1,0.37231072880807686,0,
01047,4,10,1,1,0.37289449141504416,0,
01051,2,13,1,1,0.3423359960459982,0,
01053,4,9,1,1,0.30781993871372876,0,
01055,3,14,1,1,0.48366591473476084,0,
01057,4,10,1,1,0.26672400181429196,0,
01059,4,10,1,1,0.30863015331587473,0,
01063,4,8,1,1,0.27999663180308243,0,
01065,4,9,1,1,0.2960236296328014,0,
01067,3,9,1,1,0.30880019556839144,0,
01069,4,14,1,1,0.49295564890538096,0,
01071,4,22,1,1,0.40550899768866544,0,
01075,4,9,1,1,0.2576459566795065,0,
01077,3,9,1,1,0.3840077633161262,0,
01079,3,10,1,1,0.36000783117220203,0,
01083,2,15,1,1,0.5392488711513104,1,
01085,4,8,1,1,0.2912880534715948,0,
01087,4,13,1,1,0.3502172895209911,0,
01089,1,25,1,1,0.46664615421649547,0,
01091,4,15,1,1,0.2795674779896298,0,
01093,4,12,1,1,0.2951905242513484,0,
01095,4,18,1,1,0.524441706029655,1,
01099,4,17,1,1,0.28160504569284717,0,
01101,1,24,1,1,0.6299189981372274,1,
01103,3,16,1,1,0.5022740054673709,1,
01105,4,9,1,1,0.3326113245433989,0,
01107,4,8,1,1,0.2553327331026469,0,
01109,1,9,1,1,0.5004536957577169,1,
01111,3,8,1,1,0.2872074213999552,0,
01113,3,12,1,1,0.4338380676431951,0,
01115,2,18,1,1,0.4337496436347459,0,
01119,4,11,1,1,0.28599193423613634,0,
01121,4,12,1,1,0.39422461992585145,0,
01123,4,12,1,1,0.27543810199212143,0,
01125,1,27,1,1,0.47984238535656937,0,
01127,3,18,1,1,0.41255063159234817,0,
01129,4,16,1,1,0.25592688817156795,0,
01131,4,13,1,1,0.2481331881224648,0,
01133,4,11,1,1,0.2871090282913006,0,
04009,4,10,1,1,0.46725761494627327,0,
04023,4,9,1,1,0.35454650176442326,0,
05001,4,13,1,1,0.3817682146462101,0,
05003,4,7,1,1,0.33462586287058627,0,
05005,3,12,1,1,0.29031732633107343,0,
05009,3,9,1,1,0.3055065289930971,0,
05011,4,7,1,1,0.3016330418995613,0,
05015,3,9,1,1,0.24539210542606538,0,
05019,1,8,1,1,0.3180274301194574,0,
05021,4,13,1,1,0.31156991439610204,0,
05023,3,17,1,1,0.24637956061890348,0,
05025,4,7,1,1,0.26479770378123524,0,
05027,4,7,1,1,0.32557150896739795,0,
05029,4,15,1,1,0.3967758674411469,0,
05031,1,16,1,1,0.46282888158501406,0,
05033,3,11,1,1,0.44135504493944483,0,
05035,4,11,1,1,0.8257639860548421,1,
05037,4,8,1,1,0.4944296718669546,0,
05039,4,6,1,1,0.2787438872598907,0,
05041,4,12,1,1,0.5162342694821169,1,
05043,4,9,1,1,0.30444908319440966,0,
05045,1,15,1,1,0.36210732312183835,0,
05047,4,13,1,1,0.3423391683254766,0,
05049,1,14,1,1,0.12852089005599637,0,
05051,3,10,1,1,0.3389601801499651,0,
05053,2,14,1,1,0.3376275775500193,0,
05055,4,9,1,1,0.3482955390760973,0,
05057,4,10,1,1,0.36534335328544965,0,
05059,4,12,1,1,0.36608842745490766,0,
05061,4,8,1,1,0.31432263070252064,0,
05063,4,20,1,1,0.2971163697743031,0,
05067,4,11,1,1,0.42622697920003594,0,
05069,4,17,1,1,0.5510748353865652,1,
05071,4,12,1,1,0.3856855881861174,0,
05073,4,6,1,1,0.28796125969127284,0,
05075,4,14,1,1,0.3573199587094551,0,
05077,3,11,1,1,0.4154979050879186,0,
05079,4,8,1,1,0.35145323344606677,0,
05081,4,7,1,1,0.2817506598232128,0,
05083,4,12,1,1,0.29867646361843403,0,
05085,2,11,1,1,0.46510147725309997,0,
05087,3,13,1,1,0.2588725405943673,0,
05091,4,6,1,1,0.514042490519289,1,
05093,4,15,1,1,0.6987103786791153,1,
05095,4,9,1,1,0.452896832153069,0,
05097,4,9,1,1,0.2573907441251845,0,
05099,4,10,1,1,0.2586248305481232,0,
05101,3,20,1,1,0.1997395331111406,0,
05103,4,8,1,1,0.3453549629819872,0,
05105,4,8,1,1,0.26280523168403525,0,
05107,4,12,1,1,0.5934934220770166,1,
05111,4,10,1,1,0.3803734949777917,0,
05113,4,7,1,1,0.3009971526835207,0,
05115,4,13,1,1,0.4537075717738916,0,
05117,3,11,1,1,0.3455475859568477,0,
05121,4,11,1,1,0.30008621228819166,0,
05123,4,13,1,1,0.565301964205217,1,
05125,1,14,1,1,0.47729421596247623,0,
05127,4,10,1,1,0.2940764295372902,0,
05129,4,10,1,1,0.23090883276727547,0,
05133,4,7,1,1,0.36941313704511375,0,
05135,4,13,1,1,0.2548187987328656,0,
05139,4,10,1,1,0.3320279943883593,0,
05141,4,12,1,1,0.2430125104275601,0,
05145,4,17,1,1,0.5317350044374254,1,
05147,4,9,1,1,0.3559865847522188,0,
05149,4,13,1,1,0.3218337299609023,0,
06005,2,12,1,1,0.37410976852620814,0,
06007,4,18,1,1,0.71208696673793,1,
06009,1,20,1,1,0.23356969002444658,0,
06011,3,9,1,1,0.4963680437142559,0,
06015,4,4,1,1,0.2997733231549974,0,
06017,1,23,1,1,0.3882895318816867,0,
06021,3,7,1,1,0.6734453911640608,1,
06023,4,36,1,1,0.37161680167200833,0,
06027,2,11,1,1,0.34189104461172826,0,
06031,4,12,1,1,0.8241929265377242,1,
06033,3,15,1,1,0.5476040855082027,1,
06035,2,17,1,1,0.38761510543070565,0,
06041,1,29,1,1,0.2041752658475522,0,
06043,3,13,1,1,0.27470589598288103,0,
06045,3,29,1,1,0.22502570028922894,0,
06055,1,12,1,1,0.3627425416069864,0,
06057,2,12,1,1,0.33281148500738333,0,
06063,2,17,1,1,0.3173037063475352,0,
06069,2,7,1,1,0.4332904620013115,0,
06079,2,26,1,1,0.3109747033901132,0,
06083,2,24,1,1,0.4553424757359557,0,
06087,2,17,1,1,0.3538080150715662,0,
06093,3,23,1,1,0.4102264307989465,0,
06097,1,37,1,1,0.34485218447371135,0,
06101,3,13,1,1,0.7595571132814938,1,
06103,4,15,1,1,0.6204224502696071,1,
06109,1,16,1,1,0.15904528948012384,0,
06113,3,19,1,1,0.6810879165692922,1,
06115,3,17,1,1,0.7249644999370937,1,
08001,2,35,1,1,0.7849781620703279,1,
08005,1,33,1,1,0.6714419444015843,1,
08007,1,5,1,1,0.1182005609621086,0,
08009,4,8,1,1,0.3331764279249577,0,
08013,1,22,1,1,0.612072762746921,1,
08014,1,6,1,1,0.5301636323618474,1,
08035,1,18,1,1,0.42094868014996406,0,
08037,1,13,1,1,0.30699722741712154,0,
08043,3,11,1,1,0.4272164954625911,0,
08045,1,8,1,1,0.283829273563146,0,
08055,2,4,1,1,0.23532719936499844,0,
08059,1,33,1,1,0.5091318089711266,1,
08067,1,6,1,1,0.21210881485947825,0,
08069,1,24,1,1,0.5937429529672641,1,
08077,2,19,1,1,0.7535292822076105,1,
08081,2,5,1,1,0.34292408326734936,0,
08087,2,10,1,1,0.4794577091490293,0,
08099,3,6,1,1,0.3222268129549794,0,
08101,3,15,1,1,0.7516570640041929,1,
08107,1,9,1,1,0.1371521723428862,0,
08109,4,8,1,1,0.23595967589756323,0,
08113,1,7,1,1,0.12973158690428602,0,
08121,2,12,1,1,0.23245388732885758,0,
08123,1,41,1,1,0.7126590053611556,1,
09001,1,46,1,1,0.4560576667276168,0,
09003,1,58,1,1,0.649661085973234,1,
09005,1,40,1,1,0.2786571960886957,0,
09007,1,24,1,1,0.43029445851260983,0,
09009,1,41,1,1,0.5628970983884898,1,
09011,1,31,1,1,0.5300355953617143,1,
09015,1,31,1,1,0.4633700799730453,0,
10001,1,18,1,1,0.6246675811990893,1,
10005,2,24,1,1,0.510001657501342,1,
12001,3,23,1,1,0.32068414948735136,0,
12003,2,5,1,1,0.23760843613207977,0,
12005,2,16,1,1,0.44591352001518003,0,
12015,2,17,1,1,0.37944489923309793,0,
12017,3,15,1,1,0.27077622865549567,0,
12019,2,12,1,1,0.34638884084508736,0,
12023,3,8,1,1,0.2860676018816477,0,
12033,1,18,1,1,0.3238110576960889,0,
12035,2,7,1,1,0.2856200335669078,0,
12039,4,7,1,1,0.34769853300252085,0,
12041,4,5,1,1,0.26479226894343744,0,
12043,4,5,1,1,0.3168537652526741,0,
12049,4,4,1,1,0.28120931819686046,0,
12051,4,6,1,1,0.324901508812075,0,
12053,3,12,1,1,0.5020093254602991,1,
12055,3,9,1,1,0.30672784650334894,0,
12059,4,4,1,1,0.2294190052925261,0,
12061,2,9,1,1,0.36863418136627435,0,
12063,1,14,1,1,0.21093347488425004,0,
12065,4,4,1,1,0.21529000372884793,0,
12073,3,10,1,1,0.37460524130275646,0,
12075,4,13,1,1,0.27519874403803707,0,
12079,4,5,1,1,0.25335244167676874,0,
12083,3,31,1,1,0.3566809533038423,0,
12085,1,12,1,1,0.3935736835890369,0,
12087,2,11,1,1,0.34674277916100715,0,
12089,1,6,1,1,0.24430102916708663,0,
12091,2,14,1,1,0.323389588077775,0,
12097,3,17,1,1,0.5411188262291652,1,
12101,2,31,1,1,0.4931809777354024,0,
12107,4,17,1,1,0.2986068865949906,0,
12109,1,12,1,1,0.28665322358701933,0,
12111,2,17,1,1,0.4981015285817173,0,
12113,1,9,1,1,0.2939486617191067,0,
12117,2,17,1,1,0.4313599762668469,0,
12119,1,11,1,1,0.33091544346984736,0,
12121,3,9,1,1,0.2625624837729429,0,
12129,2,4,1,1,0.2559121042189782,0,
12131,2,12,1,1,0.24360222600940906,0,
12133,4,10,1,1,0.2886523849058869,0,
13001,4,7,1,1,0.4092659953385392,0,
13003,4,5,1,1,0.36272899623166244,0,
13005,4,3,1,1,0.3946028675894191,0,
13009,4,6,1,1,0.5804570107452875,1,
13013,2,8,1,1,0.378982618263328,0,
13015,2,14,1,1,0.47917109718285655,0,
13017,4,4,1,1,0.38223995079536793,0,
13019,4,6,1,1,0.3416850868891168,0,
13021,1,12,1,1,0.6253011251015271,1,
13023,4,6,1,1,0.34560562557113567,0,
13025,4,6,1,1,0.35127827217456675,0,
13031,1,11,1,1,0.507372394996759,1,
13033,4,9,1,1,0.42620852394497144,0,
13035,4,5,1,1,0.5675864262671869,1,
13039,3,8,1,1,0.33012357537588144,0,
13043,4,4,1,1,0.4035091610367887,0,
13045,1,11,1,1,0.4558553980307623,0,
13055,4,6,1,1,0.3110015716243366,0,
13057,1,15,1,1,0.392307896542699,0,
13059,1,9,1,1,0.49909537962405387,0,
13063,1,16,1,1,0.7571609863710989,1,
13069,4,10,1,1,0.4440964122366662,0,
13071,4,13,1,1,0.43217691041889955,0,
13073,1,7,1,1,0.22962970390522042,0,
13075,4,5,1,1,0.43058399742244247,0,
13077,1,10,1,1,0.41910866426223886,0,
13083,3,5,1,1,0.3261170695094565,0,
13085,1,5,1,1,0.27525660953390174,0,
13087,4,8,1,1,0.3995344220087209,0,
13093,4,8,1,1,0.36235793379020986,0,
13095,4,6,1,1,0.5507349077643896,1,
13097,2,8,1,1,0.5356134692963781,1,
13101,3,6,1,1,0.2960456293170431,0,
13103,1,8,1,1,0.2254085443944639,0,
13107,4,13,1,1,0.3742544406338878,0,
13109,4,6,1,1,0.42017323131865214,0,
13111,3,8,1,1,0.1894649911817451,0,
13113,1,8,1,1,0.36817427692193777,0,
13115,4,13,1,1,0.41143821052382723,0,
13119,3,10,1,1,0.44127304312416216,0,
13127,3,8,1,1,0.45860353143475563,0,
13129,4,8,1,1,0.4247084694905459,0,
13137,3,7,1,1,0.4057805004029264,0,
13139,2,19,1,1,0.501850883893107,1,
13149,3,6,1,1,0.2782440223452052,0,
13151,2,11,1,1,0.5400224191997312,1,
13153,2,12,1,1,0.5544684066525634,1,
13155,4,7,1,1,0.3406052305514652,0,
13157,2,16,1,1,0.31153636700127574,0,
13163,4,9,1,1,0.37371702673283874,0,
13165,4,5,1,1,0.36387694131028187,0,
13167,4,5,1,1,0.2921560853798384,0,
13169,4,8,1,1,0.39132293140172336,0,
13175,4,15,1,1,0.3792129383528249,0,
13179,1,9,1,1,0.2337109731224929,0,
13189,4,4,1,1,0.3758151584873591,0,
13191,3,4,1,1,0.2438176816329084,0,
13193,4,10,1,1,0.34663182879637333,0,
13195,3,11,1,1,0.3365909992135627,0,
13197,4,4,1,1,0.2687842326975012,0,
13215,4,11,1,1,0.5595454460222546,1,
13217,3,11,1,1,0.5881916807326676,1,
13219,1,8,1,1,0.27532289904286567,0,
13223,1,11,1,1,0.4676258113096264,0,
13225,4,3,1,1,0.502811277931049,1,
13227,2,9,1,1,0.2633540880140585,0,
13233,4,8,1,1,0.4565867387168646,0,
13235,4,5,1,1,0.31389258222967353,0,
13237,4,5,1,1,0.28851718237108614,0,
13247,2,9,1,1,0.6045735577489485,1,
13253,4,4,1,1,0.3454975707897038,0,
13257,3,5,1,1,0.442936019045013,0,
13261,4,8,1,1,0.3979083455313509,0,
13267,4,6,1,1,0.33494768816192,0,
13273,4,7,1,1,0.3594164648761312,0,
13275,3,9,1,1,0.2991859034794201,0,
13277,4,9,1,1,0.4705423745607632,0,
13279,4,3,1,1,0.3746554610558934,0,
13281,3,3,1,1,0.14784389745796375,0,
13285,4,7,1,1,0.38724542896990266,0,
13287,4,4,1,1,0.3970103297060046,0,
13291,3,4,1,1,0.20102131104812498,0,
13293,4,7,1,1,0.40902365905573224,0,
13295,3,14,1,1,0.35442461871911224,0,
13297,2,11,1,1,0.488265518438593,0,
13299,4,7,1,1,0.45081432960780743,0,
13301,4,9,1,1,0.36030347912292704,0,
13303,4,10,1,1,0.30219198988349694,0,
13305,4,6,1,1,0.3439763720427952,0,
13309,4,4,1,1,0.24858347951475535,0,
13313,4,8,1,1,0.4207799170084797,0,
13315,4,8,1,1,0.28236825407580474,0,
13317,4,5,1,1,0.24576651372281016,0,
16001,1,17,1,1,0.4314541786463626,0,
16011,3,11,1,1,0.18540875563518963,0,
16013,2,8,1,1,0.47241495477856427,0,
16017,2,18,1,1,0.34694954514676013,0,
16019,2,14,1,1,0.33988176325290587,0,
16025,4,2,1,1,0.2619385814398537,0,
16031,3,9,1,1,0.4564330171428097,0,
16035,3,7,1,1,0.14882869632721094,0,
16039,3,7,1,1,0.2040361690247813,0,
16041,1,7,1,1,0.2369150267624449,0,
16045,2,7,1,1,0.29691805023299656,0,
16047,3,6,1,1,0.5930932450013402,1,
16055,2,13,1,1,0.4214861294574893,0,
16059,3,10,1,1,0.20410752283488606,0,
16069,2,10,1,1,0.2666163119312122,0,
16073,3,12,1,1,0.3587187129380628,0,
16075,3,7,1,1,0.3693156319892709,0,
16079,4,15,1,1,0.23270768351898355,0,
16081,1,5,1,1,0.23766248641376467,0,
16083,3,10,1,1,0.5518246633772375,1,
16087,4,5,1,1,0.25244496339200084,0,
17001,2,23,1,1,0.4384501460591686,0,
17003,1,8,1,1,0.2419027066762398,0,
17007,1,15,1,1,0.545000596216008,1,
17011,2,30,1,1,0.4308011999030975,0,
17013,2,7,1,1,0.20832076945139297,0,
17017,3,7,1,1,0.34933850100146613,0,
17019,3,35,1,1,0.6656473769583822,1,
17021,2,20,1,1,0.45409314220915903,0,
17025,3,13,1,1,0.3990193586212592,0,
17027,1,17,1,1,0.4317071874287948,0,
17033,2,10,1,1,0.4171687781593635,0,
17039,2,13,1,1,0.48106243570532053,0,
17041,2,13,1,1,0.4886332397001776,0,
17043,1,43,1,1,0.459722909930979,0,
17045,2,15,1,1,0.35949607276299606,0,
17049,2,15,1,1,0.4256773901164911,0,
17053,2,21,1,1,0.4846873636139571,0,
17055,4,19,1,1,0.4549404555638359,0,
17057,3,24,1,1,0.3614465871668458,0,
17059,4,9,1,1,0.38621226548521326,0,
17063,1,16,1,1,0.4968661976558903,0,
17073,1,23,1,1,0.4010181588484692,0,
17075,2,25,1,1,0.4460689921157809,0,
17081,3,17,1,1,0.4748580576005844,0,
17087,2,10,1,1,0.3026490951163476,0,
17091,2,21,1,1,0.6848546232597575,1,
17093,1,19,1,1,0.5432405574289066,1,
17095,3,22,1,1,0.49994066499790496,0,
17097,1,35,1,1,0.5287700815403824,1,
17099,2,28,1,1,0.574016290170046,1,
17103,2,24,1,1,0.5009482819710286,1,
17105,3,29,1,1,0.5596668399652137,1,
17107,1,20,1,1,0.49336040873554116,0,
17109,4,17,1,1,0.5889267674207658,1,
17111,1,24,1,1,0.46308963394204217,0,
17113,2,33,1,1,0.6383492025805271,1,
17115,3,27,1,1,0.6744430872499829,1,
17117,2,28,1,1,0.4915392234844729,0,
17121,3,15,1,1,0.4803391470917807,0,
17123,2,19,1,1,0.3817810503671445,0,
17125,3,11,1,1,0.3681541658716369,0,
17127,3,8,1,1,0.42936917107451367,0,
17133,1,9,1,1,0.22865027774254856,0,
17137,3,16,1,1,0.4944174978617818,0,
17141,2,27,1,1,0.48847536102824773,0,
17149,3,16,1,1,0.29468829889777914,0,
17157,2,18,1,1,0.4287014235019133,0,
17159,3,9,1,1,0.426227580176342,0,
17161,2,20,1,1,0.5885170183432475,1,
17165,4,11,1,1,0.46365262467955193,0,
17167,2,29,1,1,0.5838169732746792,1,
17171,2,9,1,1,0.368597083028616,0,
17173,2,22,1,1,0.3533198412386893,0,
17179,1,21,1,1,0.47430877238106045,0,
17181,3,13,1,1,0.2748520176447727,0,
17183,3,27,1,1,0.572184660577892,1,
17187,3,14,1,1,0.5025848834163261,1,
17189,1,13,1,1,0.36985461407677556,0,
17193,3,11,1,1,0.3008367707208277,0,
17199,3,22,1,1,0.4090624216244318,0,
17201,2,26,1,1,0.6669621266314658,1,
17203,1,16,1,1,0.3915668041886912,0,
18001,3,8,1,1,0.6857555010792374,1,
18003,2,33,1,1,0.719037156706229,1,
18005,2,14,1,1,0.3557688465932848,0,
18009,3,7,1,1,0.5836182559392644,1,
18011,1,12,1,1,0.4422859070871073,0,
18013,1,9,1,1,0.18930194987511478,0,
18017,3,12,1,1,0.6280058782246711,1,
18019,2,15,1,1,0.6232696941213609,1,
18021,2,17,1,1,0.47030419921377953,0,
18023,3,12,1,1,0.6391515820812276,1,
18029,1,9,1,1,0.4178935173821149,0,
18035,4,21,1,1,0.7751039470691559,1,
18037,1,13,1,1,0.37383233618805617,0,
18039,2,17,1,1,0.7525909599242955,1,
18043,2,10,1,1,0.540005604327967,1,
18047,1,15,1,1,0.3367423150466669,0,
18051,2,16,1,1,0.5269993217432656,1,
18053,3,15,1,1,0.7367723618091853,1,
18055,2,16,1,1,0.3965330316855975,0,
18059,1,15,1,1,0.6271492680431572,1,
18061,2,16,1,1,0.29041655101780095,0,
18063,1,19,1,1,0.49251893127721624,0,
18067,2,10,1,1,0.7352841516648762,1,
18069,2,9,1,1,0.5487195915625852,1,
18071,3,8,1,1,0.30719472036268175,0,
18073,1,13,1,1,0.5811614905616583,1,
18079,2,13,1,1,0.33429047088916986,0,
18081,1,12,1,1,0.5723283129419122,1,
18083,3,11,1,1,0.6633672647786216,1,
18085,1,21,1,1,0.5805581678300993,1,
18087,1,12,1,1,0.6779625848948934,1,
18091,3,15,1,1,0.6712608501890153,1,
18093,2,12,1,1,0.38434486754531444,0,
18095,3,18,1,1,0.7429222498651348,1,
18101,2,7,1,1,0.3387902886761469,0,
18105,1,18,1,1,0.5150484528302881,1,
18107,2,16,1,1,0.495995663808461,0,
18109,1,14,1,1,0.4935636339873197,0,
18117,3,11,1,1,0.2982305122863087,0,
18123,2,14,1,1,0.20065526538033915,0,
18127,1,15,1,1,0.6218588244780887,1,
18129,1,7,1,1,0.4497060611594651,0,
18133,1,15,1,1,0.47603896911740273,0,
18139,2,16,1,1,0.5538502362404004,1,
18141,3,24,1,1,0.7699053362361251,1,
18143,3,6,1,1,0.34550353515319737,0,
18145,2,17,1,1,0.6291398123264693,1,
18147,1,16,1,1,0.45984857507168,0,
18149,3,11,1,1,0.5978838817637091,1,
18153,3,13,1,1,0.47594832662148173,0,
18157,3,18,1,1,0.718716176111305,1,
18163,3,11,1,1,0.7340679121468594,1,
18167,1,18,1,1,0.574512812633537,1,
18169,2,14,1,1,0.5388258249049093,1,
18173,1,12,1,1,0.40390673686691003,0,
18175,2,12,1,1,0.2745921483000805,0,
18177,3,17,1,1,0.6636796167933389,1,
19003,2,9,1,1,0.22971084779162496,0,
19007,3,11,1,1,0.2459454034535607,0,
19009,2,11,1,1,0.21666653769709796,0,
19011,1,24,1,1,0.3411278565103295,0,
19013,3,17,1,1,0.6269388787485365,1,
19015,3,18,1,1,0.4510942742836621,0,
19021,2,13,1,1,0.37933542511128016,0,
19023,1,16,1,1,0.24743241430426793,0,
19027,1,16,1,1,0.23814369291786902,0,
19031,1,18,1,1,0.3035533729453519,0,
19037,1,9,1,1,0.3038454722748797,0,
19039,3,9,1,1,0.24243505359816236,0,
19041,2,15,1,1,0.34326728769677917,0,
19045,2,20,1,1,0.45091551773270466,0,
19049,1,25,1,1,0.33978202833748566,0,
19057,3,12,1,1,0.45656721218509777,0,
19061,2,19,1,1,0.41364306477334545,0,
19067,3,13,1,1,0.32227846243109004,0,
19071,2,11,1,1,0.21137578662023004,0,
19077,1,18,1,1,0.16357707705275662,0,
19079,1,15,1,1,0.26079649984894904,0,
19087,2,11,1,1,0.3337550351718026,0,
19095,1,21,1,1,0.24838290327135665,0,
19097,2,14,1,1,0.27432498073653233,0,
19099,1,19,1,1,0.23478003848319076,0,
19103,1,24,1,1,0.5827503637435252,1,
19105,2,16,1,1,0.32344736277301805,0,
19109,2,21,1,1,0.2849283550374077,0,
19111,3,12,1,1,0.35623461333572304,0,
19113,1,29,1,1,0.4500126358812785,0,
19121,1,14,1,1,0.1625624101517666,0,
19123,2,20,1,1,0.2844371973966384,0,
19127,2,21,1,1,0.3688188372644278,0,
19129,1,11,1,1,0.23063465685235407,0,
19133,2,15,1,1,0.1961621585292456,0,
19145,2,12,1,1,0.2035700042622824,0,
19149,1,14,1,1,0.3541997472470882,0,
19151,2,16,1,1,0.3369644348496026,0,
19155,2,24,1,1,0.4034682332159213,0,
19157,2,17,1,1,0.20021043427694027,0,
19161,2,16,1,1,0.2723983076145366,0,
19163,2,22,1,1,0.530629742552991,1,
19169,3,22,1,1,0.4729452074478336,0,
19179,3,12,1,1,0.3499711210498381,0,
19181,1,19,1,1,0.26042165277181767,0,
19187,3,22,1,1,0.46780330263724074,0,
19193,2,25,1,1,0.525814192157824,1,
19197,2,16,1,1,0.2933267680603623,0,
20001,3,11,1,1,0.4463115210895188,0,
20005,2,10,1,1,0.33313800902998975,0,
20009,3,10,1,1,0.3486176188817136,0,
20011,4,13,1,1,0.30041060497381333,0,
20015,2,20,1,1,0.44290600554814,0,
20019,4,10,1,1,0.2534301267055049,0,
20021,1,13,1,1,0.2082809685265916,0,
20027,1,10,1,1,0.1384435297065263,0,
20029,3,8,1,1,0.2811945879534187,0,
20035,3,14,1,1,0.4556547593753968,0,
20037,1,15,1,1,0.3435360076302753,0,
20039,2,8,1,1,0.19016991071066097,0,
20041,2,12,1,1,0.3344044918319304,0,
20045,1,12,1,1,0.5045627357699107,1,
20047,3,7,1,1,0.20019331057475032,0,
20051,3,11,1,1,0.38539040804595215,0,
20055,3,7,1,1,0.2965681523688232,0,
20057,4,10,1,1,0.361047804989458,0,
20059,2,13,1,1,0.370939620503463,0,
20061,3,8,1,1,0.679023350729219,1,
20067,2,3,1,1,0.2212789490899041,0,
20073,3,11,1,1,0.2528323932329077,0,
20079,1,13,1,1,0.41123340976630224,0,
20083,2,8,1,1,0.18001234533222438,0,
20085,2,18,1,1,0.20538220764580659,0,
20087,2,15,1,1,0.3274173063168544,0,
20095,1,12,1,1,0.17523559124715232,0,
20097,2,7,1,1,0.20218120296418043,0,
20099,4,13,1,1,0.4193989250857052,0,
20103,1,13,1,1,0.4142367966803493,0,
20111,3,12,1,1,0.6141031325864935,1,
20113,1,12,1,1,0.30342638086712365,0,
20121,1,11,1,1,0.20223546730943767,0,
20125,3,13,1,1,0.518810842121731,1,
20127,2,9,1,1,0.30434579269289486,0,
20129,2,5,1,1,0.2393415149032912,0,
20133,4,11,1,1,0.4264497119356457,0,
20135,3,9,1,1,0.1658346491067061,0,
20139,2,15,1,1,0.333263441141511,0,
20147,2,9,1,1,0.16143375082796518,0,
20149,2,12,1,1,0.4850207276534123,0,
20155,2,22,1,1,0.41451051530106336,0,
20159,2,13,1,1,0.24986581511832914,0,
20161,3,14,1,1,0.1266720734336627,0,
20163,2,10,1,1,0.19982218736661347,0,
20167,2,11,1,1,0.24302825496012634,0,
20169,2,9,1,1,0.5136068524554408,1,
20175,4,6,1,1,0.41227421346164356,0,
20179,1,11,1,1,0.3854612769024713,0,
20201,2,15,1,1,0.0879924281989847,0,
20205,4,10,1,1,0.40892077367957963,0,
21001,4,10,1,1,0.33304448270008646,0,
21003,4,6,1,1,0.36293231471772547,0,
21009,4,11,1,1,0.4683071305637421,0,
21011,4,8,1,1,0.34461634308671785,0,
21013,4,11,1,1,0.377675628775553,0,
21015,1,9,1,1,0.5880255573608356,1,
21019,3,4,1,1,0.6277251405499806,1,
21021,3,5,1,1,0.46848094968630327,0,
21023,3,7,1,1,0.3317008355805748,0,
21027,3,18,1,1,0.29642143567878976,0,
21029,1,11,1,1,0.6557371934259478,1,
21033,3,6,1,1,0.2925479039717186,0,
21037,2,10,1,1,0.6200003735700166,1,
21041,4,8,1,1,0.5507375168745764,1,
21047,4,15,1,1,0.5424985082714033,1,
21049,3,4,1,1,0.4847558878273497,0,
21051,4,10,1,1,0.3411490937110273,0,
21057,4,3,1,1,0.2671760517812276,0,
21059,3,10,1,1,0.6849517212328212,1,
21061,4,12,1,1,0.32605269769243805,0,
21063,4,6,1,1,0.32120711550923176,0,
21067,2,17,1,1,0.5888336755133173,1,
21069,4,7,1,1,0.3880583645932837,0,
21071,4,33,1,1,0.4527816529662514,0,
21073,2,5,1,1,0.40241170102031304,0,
21075,4,3,1,1,0.42150088531127783,0,
21077,3,6,1,1,0.4861482856368935,0,
21079,3,5,1,1,0.3808793461496395,0,
21081,3,8,1,1,0.4578816586436232,0,
21083,4,18,1,1,0.47503582136092504,0,
21085,4,9,1,1,0.3447841813059337,0,
21093,2,17,1,1,0.562942542825903,1,
21097,3,6,1,1,0.34190991772743673,0,
21099,4,10,1,1,0.34598672468025765,0,
21101,3,8,1,1,0.6902613475881987,1,
21103,3,13,1,1,0.3668844081498668,0,
21105,4,7,1,1,0.34867738473361115,0,
21107,4,13,1,1,0.45677121275785215,0,
21113,3,4,1,1,0.502132983463417,1,
21115,4,19,1,1,0.375743150028621,0,
21117,2,12,1,1,0.6375026497180326,1,
21119,4,24,1,1,0.3630779670035145,0,
21121,4,19,1,1,0.35892806950168504,0,
21125,4,8,1,1,0.4551477610244516,0,
21127,4,10,1,1,0.36470930088806136,0,
21133,1,26,1,1,0.39293876541284173,0,
21137,4,11,1,1,0.3732789276112799,0,
21141,4,7,1,1,0.3807361247938989,0,
21145,3,7,1,1,0.6768691238251364,1,
21149,2,7,1,1,0.39090503258712495,0,
21151,1,5,1,1,0.5648281228440015,1,
21153,4,4,1,1,0.3228031784741501,0,
21159,4,9,1,1,0.3434804435882826,0,
21161,4,5,1,1,0.4425164376641929,0,
21163,2,12,1,1,0.4328383257953299,0,
21167,2,5,1,1,0.3551743457869404,0,
21171,4,6,1,1,0.25329456548103724,0,
21173,4,5,1,1,0.489801785530822,0,
21175,4,8,1,1,0.30298932266414735,0,
21179,1,9,1,1,0.3729752504390388,0,
21183,3,16,1,1,0.30232372061024787,0,
21185,1,11,1,1,0.36300049447173455,0,
21191,3,10,1,1,0.3443926727179709,0,
21195,4,39,1,1,0.33773458737409034,0,
21197,4,4,1,1,0.3850454303061639,0,
21199,4,11,1,1,0.4468341399475352,0,
21201,4,7,1,1,0.2798843153620789,0,
21203,4,7,1,1,0.3620743249573066,0,
21205,4,4,1,1,0.27750888021293496,0,
21207,4,7,1,1,0.38322961905235886,0,
21209,2,6,1,1,0.4695263035154068,0,
21211,2,14,1,1,0.5322177545129589,1,
21217,4,6,1,1,0.3907822199695743,0,
21221,2,5,1,1,0.2554032912591542,0,
21225,4,5,1,1,0.4419254739959329,0,
21227,3,9,1,1,0.46012851718789366,0,
21231,4,5,1,1,0.3732506196856077,0,
21235,4,7,1,1,0.40247988905783494,0,
21237,4,5,1,1,0.35009139444247156,0,
21239,2,3,1,1,0.3660587275213042,0,
22001,4,15,1,1,0.5473779747925935,1,
22003,3,13,1,1,0.28560283675936804,0,
22005,1,8,1,1,0.5657602248549826,1,
22009,4,15,1,1,0.36971628220303593,0,
22011,3,9,1,1,0.28898350924994676,0,
22013,4,13,1,1,0.3273805130786127,0,
22019,3,16,1,1,0.6945891915792209,1,
22021,4,4,1,1,0.2874515135964616,0,
22023,4,8,1,1,0.7166854157088308,1,
22027,4,11,1,1,0.3642686156155811,0,
22031,4,10,1,1,0.3000125044963158,0,
22039,4,12,1,1,0.43336368236525336,0,
22041,4,7,1,1,0.42862205681841065,0,
22043,3,8,1,1,0.22830351408983862,0,
22045,4,10,1,1,0.557968258770021,1,
22047,3,8,1,1,0.5704139946204321,1,
22049,4,7,1,1,0.35869955848505,0,
22053,3,10,1,1,0.48710140164397386,0,
22055,1,16,1,1,0.5492419496190113,1,
22057,3,14,1,1,0.48885766176320716,0,
22063,2,17,1,1,0.4994543740195173,0,
22065,4,4,1,1,0.45341392436709016,0,
22069,4,16,1,1,0.382324554595943,0,
22077,3,17,1,1,0.4045431613039845,0,
22079,4,27,1,1,0.44546101962162776,0,
22083,4,6,1,1,0.43965593920257195,0,
22087,4,6,1,1,0.8424319145764041,1,
22089,1,10,1,1,0.49693566829918046,0,
22093,3,7,1,1,0.5641913607635569,1,
22095,3,6,1,1,0.6436084457014901,1,
22099,4,8,1,1,0.4546433021231505,0,
22101,4,8,1,1,0.494628218756621,0,
22103,2,17,1,1,0.3996633388732601,0,
22105,1,20,1,1,0.47936992568951087,0,
22107,4,4,1,1,0.2904683438661396,0,
22109,3,13,1,1,0.5650988927059167,1,
22111,3,10,1,1,0.27254592425753743,0,
22113,3,12,1,1,0.497632747143668,0,
22115,3,13,1,1,0.3296681377682794,0,
22117,4,6,1,1,0.33377438149588423,0,
22119,4,12,1,1,0.4242735204009015,0,
22121,2,5,1,1,0.6241065903707973,1,
22123,4,4,1,1,0.30595253380562815,0,
22127,4,12,1,1,0.28191656521828873,0,
23001,2,14,1,1,0.39869408369917514,0,
23005,1,38,1,1,0.3311423325352433,0,
23007,1,18,1,1,0.08108494637749056,0,
23009,2,40,1,1,0.2429123279913877,0,
23011,2,27,1,1,0.30529119098039476,0,
23013,1,19,1,1,0.4233142574593125,0,
23017,1,33,1,1,0.22417662382562387,0,
23019,1,47,1,1,0.3135745599957953,0,
23021,3,16,1,1,0.21513292563411635,0,
23025,4,24,1,1,0.3499489041044363,0,
23027,2,18,1,1,0.21889652239560675,0,
23031,1,36,1,1,0.3889018660180714,0,
24001,3,15,1,1,0.30590741820269257,0,
24011,3,10,1,1,0.5149447992970329,1,
24013,1,15,1,1,0.22391779340532475,0,
24017,1,24,1,1,0.2705951437946118,0,
24019,3,18,1,1,0.45432197428131343,0,
24021,1,34,1,1,0.2538123043934961,0,
24027,1,24,1,1,0.3253109541727645,0,
24029,2,9,1,1,0.3754814483809173,0,
24035,1,16,1,1,0.3722302953094173,0,
24037,1,26,1,1,0.3896358415934028,0,
24039,1,11,1,1,0.3293796700406087,0,
24041,1,16,1,1,0.34891842848463056,0,
24043,1,20,1,1,0.27175561982498364,0,
24047,2,12,1,1,0.38112292286906035,0,
25001,1,47,1,1,0.44940719692906006,0,
25005,2,36,1,1,0.6779676682771615,1,
25011,2,32,1,1,0.2638174478379849,0,
25013,2,41,1,1,0.6811736559740058,1,
25015,1,28,1,1,0.341436553997401,0,
25023,1,34,1,1,0.5023955494069265,1,
25025,3,36,1,1,0.8028912777524384,1,
25027,1,87,1,1,0.5404634921487562,1,
26005,2,24,1,1,0.583015418056599,1,
26009,2,16,1,1,0.33092040528719696,0,
26011,3,10,1,1,0.5198260746589393,1,
26013,3,7,1,1,0.20548010975569658,0,
26015,1,15,1,1,0.42878210643923764,0,
26017,2,16,1,1,0.7401507324841292,1,
26021,1,23,1,1,0.5434789699100442,1,
26023,3,13,1,1,0.6030591849442708,1,
26025,3,22,1,1,0.6290723005486384,1,
26027,2,14,1,1,0.6100494237710283,1,
26041,3,13,1,1,0.3884047637035113,0,
26045,1,19,1,1,0.5835784393856381,1,
26049,3,34,1,1,0.720511592984427,1,
26055,1,9,1,1,0.4310410829100546,0,
26059,3,18,1,1,0.5745832487839915,1,
26061,4,20,1,1,0.29503907979051475,0,
26063,2,18,1,1,0.5315704248981741,1,
26065,1,22,1,1,0.5352826580578114,1,
26067,2,21,1,1,0.5268795856085693,1,
26073,4,15,1,1,0.6726548028036515,1,
26075,2,29,1,1,0.645032715769019,1,
26077,2,25,1,1,0.6494410263301684,1,
26081,2,39,1,1,0.7036649015587098,1,
26087,2,22,1,1,0.51059682636047,1,
26091,2,23,1,1,0.5681181485549248,1,
26093,1,20,1,1,0.40617090742895884,0,
26099,2,39,1,1,0.8143173654256488,1,
26101,2,15,1,1,0.3631256604509209,0,
26103,2,15,1,1,0.2670457490482917,0,
26115,1,25,1,1,0.6481607749750945,1,
26121,3,20,1,1,0.7114459912237563,1,
26123,3,21,1,1,0.501492905656764,1,
26127,3,12,1,1,0.4959450343787628,0,
26137,3,7,1,1,0.39163230334900095,0,
26139,1,22,1,1,0.5611912784444357,1,
26141,2,7,1,1,0.22396431583771353,0,
26145,3,28,1,1,0.6917989783513416,1,
26147,2,23,1,1,0.6543409573432353,1,
26149,3,13,1,1,0.6470894398859809,1,
26151,3,22,1,1,0.5644243796810878,1,
26155,2,19,1,1,0.5769566306517223,1,
26157,3,21,1,1,0.4985739921003547,0,
26159,3,22,1,1,0.6030766953352356,1,
26161,2,27,1,1,0.574213413578021,1,
27001,2,12,1,1,0.13433293494163293,0,
27003,1,20,1,1,0.4108525451673565,0,
27005,2,16,1,1,0.17988977188103522,0,
27007,3,18,1,1,0.2472651102464994,0,
27009,1,9,1,1,0.2554273742597957,0,
27025,1,15,1,1,0.2541807193990072,0,
27027,2,15,1,1,0.3932640274875977,0,
27037,1,22,1,1,0.3478297277909475,0,
27041,1,17,1,1,0.2139838628688498,0,
27047,2,18,1,1,0.43208107160238174,0,
27049,1,17,1,1,0.25497417344916434,0,
27057,2,10,1,1,0.13629941547849067,0,
27061,2,30,1,1,0.15746720075134993,0,
27079,1,13,1,1,0.2896220212458405,0,
27083,3,14,1,1,0.31417265844784514,0,
27095,2,12,1,1,0.19041311711662146,0,
27097,2,20,1,1,0.1936302791708645,0,
27099,2,19,1,1,0.3809133430902638,0,
27109,1,19,1,1,0.2543863347959433,0,
27111,1,34,1,1,0.23434296060019874,0,
27115,2,16,1,1,0.1627898617775898,0,
27119,2,25,1,1,0.19394620792230619,0,
27123,2,26,1,1,0.5434098904923159,1,
27127,2,22,1,1,0.19673668739006633,0,
27129,2,16,1,1,0.22564701972670165,0,
27131,1,16,1,1,0.35781277762095837,0,
27135,1,11,1,1,0.12005423668014982,0,
27139,1,10,1,1,0.30835145810957965,0,
27141,1,9,1,1,0.3403717456345981,0,
27145,2,33,1,1,0.31965350027508754,0,
27151,3,11,1,1,0.20045509120199784,0,
27153,2,19,1,1,0.20539677115221705,0,
27163,1,19,1,1,0.3394232664359982,0,
27169,2,14,1,1,0.22867662592909038,0,
27171,1,19,1,1,0.33289182570951115,0,
28001,4,2,1,1,0.2672029308519712,0,
28003,4,5,1,1,0.27444613986296434,0,
28007,4,11,1,1,0.2370707329121216,0,
28011,4,17,1,1,0.6227091739352344,1,
28013,4,11,1,1,0.19751477632563924,0,
28015,4,13,1,1,0.30223257025386524,0,
28019,4,9,1,1,0.19776937481198972,0,
28023,4,9,1,1,0.19380577820310693,0,
28025,4,8,1,1,0.2925257043237065,0,
28027,4,11,1,1,0.6186483292217625,1,
28029,4,9,1,1,0.16940299589079383,0,
28031,4,8,1,1,0.2701600250350645,0,
28033,1,10,1,1,0.4462151743751744,0,
28035,1,8,1,1,0.34835939811193756,0,
28037,4,8,1,1,0.23835832924879138,0,
28039,4,3,1,1,0.17774930092278507,0,
28041,3,7,1,1,0.1723219542307024,0,
28043,4,7,1,1,0.26137453126239496,0,
28045,3,10,1,1,0.5088202483279042,1,
28051,4,9,1,1,0.2928365197493833,0,
28057,3,10,1,1,0.24963429993743913,0,
28061,4,14,1,1,0.20206452636269084,0,
28065,4,9,1,1,0.24268173137110907,0,
28069,4,11,1,1,0.23080126879792917,0,
28071,4,13,1,1,0.4924533272161067,0,
28073,3,6,1,1,0.2014357222991377,0,
28075,1,12,1,1,0.2134252096885172,0,
28081,3,15,1,1,0.3339515296380905,0,
28083,4,11,1,1,0.467642444383354,0,
28085,4,12,1,1,0.29125772432645264,0,
28087,3,8,1,1,0.31966258629370564,0,
28089,1,12,1,1,0.2065236958592312,0,
28091,4,8,1,1,0.27467253268781133,0,
28093,3,8,1,1,0.28193960231957693,0,
28095,4,12,1,1,0.26121543767270056,0,
28097,4,7,1,1,0.23697490829856088,0,
28099,4,8,1,1,0.29181182081590334,0,
28101,4,11,1,1,0.22141008158909137,0,
28103,4,6,1,1,0.294114516496721,0,
28107,4,11,1,1,0.35484726919718457,0,
28109,3,5,1,1,0.20170870374318992,0,
28113,4,8,1,1,0.3356170300873165,0,
28115,4,11,1,1,0.3070483160498693,0,
28119,4,10,1,1,0.41608806976793444,0,
28121,1,12,1,1,0.19479334425030212,0,
28123,4,10,1,1,0.27150676823714914,0,
28127,3,10,1,1,0.2382348456680161,0,
28131,4,6,1,1,0.20641588387544868,0,
28133,4,16,1,1,0.5982004495759901,1,
28135,4,18,1,1,0.307338241413373,0,
28137,3,5,1,1,0.394322527460197,0,
28141,4,9,1,1,0.2578333468670956,0,
28145,3,11,1,1,0.2372679465873052,0,
28147,4,6,1,1,0.24998576025068908,0,
28153,4,7,1,1,0.2613713088141395,0,
28159,4,10,1,1,0.24193687262828856,0,
28161,4,7,1,1,0.2091758280120267,0,
28163,4,8,1,1,0.275471125160073,0,
29001,4,9,1,1,0.414148773934919,0,
29009,4,17,1,1,0.3426013537031854,0,
29011,4,8,1,1,0.30797572072593404,0,
29013,3,13,1,1,0.24862787650531062,0,
29015,3,13,1,1,0.24138092711565326,0,
29017,4,13,1,1,0.2525014757734164,0,
29019,1,13,1,1,0.30312778211254254,0,
29021,3,15,1,1,0.6819400723797392,1,
29023,4,10,1,1,0.39466787754465293,0,
29025,3,10,1,1,0.3994250517296732,0,
29029,3,18,1,1,0.3078958020598036,0,
29031,3,19,1,1,0.4939749613364104,0,
29033,3,10,1,1,0.3379446222115947,0,
29035,3,5,1,1,0.19483074011416746,0,
29037,1,18,1,1,0.3887128703629977,0,
29039,4,9,1,1,0.25948207614548674,0,
29041,3,12,1,1,0.28060053057109796,0,
29043,1,21,1,1,0.26165633601581295,0,
29049,1,11,1,1,0.35278415271176033,0,
29051,1,9,1,1,0.3535534288595346,0,
29055,4,12,1,1,0.2641369186938539,0,
29057,3,13,1,1,0.2655668098142892,0,
29059,4,13,1,1,0.3023104651080967,0,
29063,2,10,1,1,0.35652853355895237,0,
29065,4,8,1,1,0.23931111954857415,0,
29067,4,16,1,1,0.26184898952416824,0,
29069,4,14,1,1,0.4943644066561963,0,
29071,1,23,1,1,0.4070834165045379,0,
29079,3,7,1,1,0.3652857167037465,0,
29083,4,11,1,1,0.3009474859396531,0,
29085,4,13,1,1,0.27011416652502934,0,
29091,4,12,1,1,0.3094097322851956,0,
29093,3,16,1,1,0.23858092816909038,0,
29099,1,24,1,1,0.4644612820889156,0,
29103,4,12,1,1,0.25182032349940126,0,
29105,4,12,1,1,0.30095787306848826,0,
29107,2,16,1,1,0.402101304606173,0,
29109,3,21,1,1,0.3814650683198977,0,
29113,2,17,1,1,0.5029351389114044,1,
29115,3,15,1,1,0.27945000196425396,0,
29117,3,12,1,1,0.3377116299557102,0,
29119,1,14,1,1,0.15617466314581424,0,
29121,2,15,1,1,0.25763806401897493,0,
29123,3,7,1,1,0.22101345038128772,0,
29127,3,10,1,1,0.3766459159261096,0,
29131,3,17,1,1,0.28763806544401327,0,
29133,4,6,1,1,0.5570732200708501,1,
29135,2,13,1,1,0.24692796096626973,0,
29139,3,11,1,1,0.3009411664515833,0,
29143,4,17,1,1,0.5414896597390175,1,
29145,3,15,1,1,0.3407695603678351,0,
29147,4,18,1,1,0.36292721245370546,0,
29153,4,18,1,1,0.24845634409035755,0,
29159,3,15,1,1,0.4132511247757612,0,
29161,4,11,1,1,0.27470614733520826,0,
29163,1,12,1,1,0.187211211600396,0,
29165,1,18,1,1,0.3940850899294959,0,
29169,2,11,1,1,0.28960327627942595,0,
29175,3,12,1,1,0.42770297455551964,0,
29177,2,12,1,1,0.469476414041861,0,
29181,4,9,1,1,0.2531737338956391,0,
29183,1,14,1,1,0.4795355237886054,0,
29185,4,16,1,1,0.2338549081562751,0,
29186,2,8,1,1,0.2777842703066989,0,
29187,3,15,1,1,0.34197515443019544,0,
29195,3,13,1,1,0.4383913076185423,0,
29197,3,6,1,1,0.26591370084729904,0,
29199,3,10,1,1,0.2987909461949242,0,
29201,4,14,1,1,0.6202777515035918,1,
29207,1,13,1,1,0.38587881205106167,0,
29209,1,17,1,1,0.31770293596099275,0,
29211,3,13,1,1,0.22598573579936568,0,
29213,3,20,1,1,0.3557880241335796,0,
29215,4,21,1,1,0.2723058923143067,0,
29217,4,13,1,1,0.3363983299351908,0,
29219,3,9,1,1,0.38343377987910454,0,
29223,4,14,1,1,0.22935438305462852,0,
29225,3,9,1,1,0.3288794253305337,0,
29229,4,11,1,1,0.2961037488301384,0,
30003,4,18,1,1,0.4340925578298892,0,
30005,4,9,1,1,0.27902999011019924,0,
30013,3,18,1,1,0.4353594584031753,0,
30015,2,13,1,1,0.2983107476279405,0,
30021,1,8,1,1,0.13924189313445068,0,
30029,2,16,1,1,0.16997920511219577,0,
30035,4,5,1,1,0.3490366446977798,0,
30047,3,15,1,1,0.2115845171173964,0,
30049,1,9,1,1,0.16477491780909553,0,
30053,4,6,1,1,0.2080007104147404,0,
30061,4,5,1,1,0.16838385643038295,0,
30073,3,6,1,1,0.2046193761128381,0,
30081,2,9,1,1,0.13107644355391052,0,
30087,3,8,1,1,0.23372867935192626,0,
30105,3,12,1,1,0.18667957967847415,0,
30111,2,16,1,1,0.4866613860172943,0,
31001,2,14,1,1,0.3080257092762977,0,
31003,2,11,1,1,0.1425788962497038,0,
31007,2,8,1,1,0.14842351036958537,0,
31011,2,8,1,1,0.1308524721726908,0,
31013,2,3,1,1,0.18394809557269395,0,
31023,1,14,1,1,0.13094536408668503,0,
31025,1,20,1,1,0.14507030787938607,0,
31029,2,7,1,1,0.09600833862829439,0,
31033,1,5,1,1,0.12569527288162083,0,
31041,1,21,1,1,0.02109417315606065,0,
31045,2,6,1,1,0.14451650365333857,0,
31061,2,8,1,1,0.13966771953870685,0,
31067,2,18,1,1,0.19397416713578325,0,
31075,2,3,1,1,0.08490695457678311,0,
31079,2,11,1,1,0.3110882665146497,0,
31083,2,8,1,1,0.14350255773276108,0,
31093,1,11,1,1,0.13448045668927897,0,
31095,3,12,1,1,0.155785203722505,0,
31109,2,42,1,1,0.374100740124411,0,
31111,2,14,1,1,0.18160272438322939,0,
31119,2,8,1,1,0.26190628380891434,0,
31131,1,19,1,1,0.16046955499597093,0,
31135,1,10,1,1,0.1077300917876329,0,
31141,1,11,1,1,0.21884877188995908,0,
31153,1,13,1,1,0.2619122669700765,0,
31155,1,18,1,1,0.17288012645440037,0,
31157,3,8,1,1,0.2700758594935539,0,
31161,2,9,1,1,0.1555620899874246,0,
31173,4,10,1,1,0.303468623006299,0,
31177,1,15,1,1,0.196391809946515,0,
31179,2,11,1,1,0.20654985402762674,0,
31185,1,15,1,1,0.1578434713137711,0,
32001,2,2,1,1,0.6539880384647532,1,
32005,1,9,1,1,0.4999481565183101,0,
32007,1,14,1,1,0.3828314400398118,0,
32013,1,7,1,1,0.22454576768668577,0,
32017,1,5,1,1,0.20129660034248348,0,
32019,3,9,1,1,0.75894208789031,1,
32021,3,5,1,1,0.3530081283626215,0,
32033,2,7,1,1,0.29332636294165376,0,
33005,1,27,1,1,0.27843331688319517,0,
33007,2,16,1,1,0.21244171929596867,0,
33009,1,37,1,1,0.1904202474169597,0,
33011,1,34,1,1,0.33570921114861235,0,
33013,1,31,1,1,0.23672496264025006,0,
33015,1,37,1,1,0.25326415480512665,0,
34009,1,15,1,1,0.458991601212148,0,
34011,1,22,1,1,0.4544254189828075,0,
34015,1,30,1,1,0.4829245783869513,0,
34019,1,26,1,1,0.24072065402909956,0,
34021,1,25,1,1,0.5534345242598651,1,
34027,1,56,1,1,0.2533162016451177,0,
34031,2,33,1,1,0.6259267054558093,1,
34033,2,14,1,1,0.5148679930971098,1,
34035,1,32,1,1,0.3331245710781704,0,
34037,1,21,1,1,0.21380453031054103,0,
34041,1,19,1,1,0.2831413078577447,0,
35005,4,9,1,1,0.521291565885598,1,
35007,4,9,1,1,0.23880252772954774,0,
35009,1,7,1,1,0.4843840023247421,0,
35015,3,8,1,1,0.10847294673853192,0,
35017,4,16,1,1,0.2860168166298105,0,
35019,2,5,1,1,0.15975308276809885,0,
35025,3,7,1,1,0.697060876186776,1,
35029,4,3,1,1,0.32370591320908865,0,
35035,4,18,1,1,0.661617230558258,1,
35037,4,10,1,1,0.2839875335312234,0,
35039,1,37,1,1,0.1731884572718389,0,
35041,4,9,1,1,0.41087899856538423,0,
35043,1,21,1,1,0.5739585350634326,1,
35049,2,15,1,1,0.4220301996181076,0,
35051,4,10,1,1,0.47149446774242926,0,
35053,4,14,1,1,0.5303076512877742,1,
35055,4,21,1,1,0.2970066472160565,0,
35061,4,8,1,1,0.5380769607529825,1,
36001,2,46,1,1,0.5142793716822817,1,
36003,3,37,1,1,0.19560320773844864,0,
36007,3,31,1,1,0.3605630820154483,0,
36009,1,36,1,1,0.12420912813979192,0,
36011,1,26,1,1,0.2069590341712566,0,
36013,3,36,1,1,0.3868603325647245,0,
36015,2,22,1,1,0.36228499277585247,0,
36021,2,36,1,1,0.3172252407449491,0,
36023,3,17,1,1,0.4137298014758949,0,
36027,1,35,1,1,0.383634532573577,0,
36031,2,34,1,1,0.19788809157239795,0,
36033,3,23,1,1,0.2147500476779998,0,
36037,2,18,1,1,0.352082039612652,0,
36039,2,42,1,1,0.2812070828077198,0,
36041,2,13,1,1,0.14243491589378043,0,
36043,3,28,1,1,0.3158587792784484,0,
36045,3,39,1,1,0.4678338126070082,0,
36053,1,31,1,1,0.45262029754627886,0,
36055,1,50,1,1,0.6773630394081981,1,
36057,3,20,1,1,0.3951528377527832,0,
36063,1,22,1,1,0.6502351881102738,1,
36065,2,54,1,1,0.4842081257901989,0,
36071,1,51,1,1,0.3956629333675866,0,
36073,3,15,1,1,0.49704802364145184,0,
36075,3,27,1,1,0.4869764418507948,0,
36077,3,43,1,1,0.20801499568747106,0,
36083,2,29,1,1,0.4008117143972529,0,
36089,3,49,1,1,0.2867444475095541,0,
36091,1,27,1,1,0.25818240113697244,0,
36093,1,19,1,1,0.458423086379632,0,
36099,2,14,1,1,0.4964019339048604,0,
36101,3,39,1,1,0.2409394956933983,0,
36105,2,62,1,1,0.26633865600101764,0,
36107,2,15,1,1,0.21798797252437607,0,
36109,1,17,1,1,0.44909955142521685,0,
36111,2,63,1,1,0.32950562959233354,0,
36115,2,27,1,1,0.3026632046114128,0,
36117,2,20,1,1,0.34637982720780475,0,
37001,3,12,1,1,0.35128772423836785,0,
37003,2,8,1,1,0.27035644890810034,0,
37007,4,8,1,1,0.25795046232832736,0,
37013,4,15,1,1,0.2442463401637886,0,
37015,4,10,1,1,0.24871569773434182,0,
37017,4,18,1,1,0.28685329611338495,0,
37019,2,14,1,1,0.20464276786975982,0,
37021,2,19,1,1,0.21443003600993893,0,
37023,4,16,1,1,0.2880335336415584,0,
37025,2,16,1,1,0.4347767307934752,0,
37027,3,10,1,1,0.29203259328396014,0,
37031,2,19,1,1,0.26979585565960346,0,
37035,2,14,1,1,0.36390636010287003,0,
37037,1,18,1,1,0.15887843240089436,0,
37039,3,4,1,1,0.18444956884763947,0,
37041,3,4,1,1,0.24767552755830813,0,
37043,3,5,1,1,0.14704992534472644,0,
37045,1,13,1,1,0.41805216878685464,0,
37047,4,16,1,1,0.28410804216046404,0,
37049,2,11,1,1,0.26875070817310465,0,
37051,1,24,1,1,0.3929840423154348,0,
37053,1,15,1,1,0.2010278673973151,0,
37055,1,14,1,1,0.3410738479550457,0,
37057,3,12,1,1,0.34109549421572205,0,
37059,2,6,1,1,0.23881403928246353,0,
37061,4,19,1,1,0.3171487865868532,0,
37063,2,16,1,1,0.32024347338581743,0,
37065,4,15,1,1,0.38886629284233576,0,
37067,1,22,1,1,0.2414314169329903,0,
37069,3,13,1,1,0.24653679567554826,0,
37071,3,18,1,1,0.4991527138105525,0,
37077,3,12,1,1,0.19086740039826372,0,
37079,4,11,1,1,0.30932797785024707,0,
37083,4,9,1,1,0.3207568780350313,0,
37085,3,16,1,1,0.286090878375843,0,
37089,2,15,1,1,0.18625832617882432,0,
37091,4,9,1,1,0.4232833217169754,0,
37093,3,9,1,1,0.39902969880580574,0,
37101,2,21,1,1,0.28401732532952273,0,
37105,3,4,1,1,0.2703589949202907,0,
37107,4,10,1,1,0.3824761545661334,0,
37109,2,11,1,1,0.40930853867011974,0,
37111,3,9,1,1,0.20742622188674548,0,
37125,2,18,1,1,0.21842611936830475,0,
37127,3,15,1,1,0.32848856210429045,0,
37129,3,10,1,1,0.36791652616895526,0,
37131,4,12,1,1,0.27295758575798246,0,
37133,3,16,1,1,0.4059073200493415,0,
37135,2,14,1,1,0.22953288325418303,0,
37141,3,13,1,1,0.2114236391986405,0,
37147,4,17,1,1,0.3919237076032702,0,
37151,3,24,1,1,0.3198947495579652,0,
37153,4,11,1,1,0.38915485244738657,0,
37157,3,11,1,1,0.30224971968328906,0,
37159,3,19,1,1,0.4320704775773193,0,
37161,1,16,1,1,0.2053159265841386,0,
37163,4,17,1,1,0.33975088788187013,0,
37165,4,7,1,1,0.4840586818063103,0,
37169,2,16,1,1,0.2748139070973055,0,
37171,4,12,1,1,0.3019839537311009,0,
37175,3,10,1,1,0.1646448792907692,0,
37179,1,12,1,1,0.3770824935280679,0,
37181,4,8,1,1,0.39394039903825606,0,
37185,4,8,1,1,0.24486766189790551,0,
37187,4,4,1,1,0.2612490195333375,0,
37189,4,10,1,1,0.26383565057917924,0,
37191,1,14,1,1,0.33882344763310573,0,
37193,4,23,1,1,0.2489266511727063,0,
37195,4,17,1,1,0.3905901615461491,0,
38015,1,12,1,1,0.24748711452741523,0,
38027,2,7,1,1,0.16424452118732863,0,
38035,1,22,1,1,0.30548128322287554,0,
38037,2,13,1,1,0.12660114063686298,0,
38067,1,13,1,1,0.12705453837199618,0,
38073,1,11,1,1,0.11069898056245142,0,
38085,4,9,1,1,0.35648537324247653,0,
38099,2,16,1,1,0.18678089979173967,0,
38101,1,24,1,1,0.12041778126422156,0,
39001,4,11,1,1,0.34202811584010584,0,
39007,4,19,1,1,0.5204479030711197,1,
39009,4,18,1,1,0.3855814217095649,0,
39013,2,27,1,1,0.33293668999023607,0,
39017,2,17,1,1,0.6847674850775691,1,
39019,2,20,1,1,0.305702106991919,0,
39023,3,22,1,1,0.7060462365101954,1,
39025,1,23,1,1,0.5220276611150155,1,
39037,2,25,1,1,0.5741000820163225,1,
39041,1,24,1,1,0.3746871768970264,0,
39045,1,19,1,1,0.36813588023611943,0,
39055,1,20,1,1,0.3313476812753067,0,
39059,3,20,1,1,0.32730263933454606,0,
39063,1,24,1,1,0.4482457374541393,0,
39065,3,15,1,1,0.5522349894287185,1,
39071,4,15,1,1,0.45225591509961793,0,
39073,3,16,1,1,0.2732732871959639,0,
39075,1,18,1,1,0.39011229296200406,0,
39077,2,14,1,1,0.44234138357945263,0,
39079,4,11,1,1,0.3574966485717347,0,
39081,3,23,1,1,0.49945499995505505,0,
39085,1,11,1,1,0.5744444368459732,1,
39087,3,14,1,1,0.4621105398322814,0,
39089,2,28,1,1,0.4019700811442266,0,
39091,2,18,1,1,0.48910510917856376,0,
39093,2,24,1,1,0.5872646899678806,1,
39099,2,36,1,1,0.580285060003751,1,
39101,3,14,1,1,0.5087928994352651,1,
39103,1,24,1,1,0.38249235875754234,0,
39107,1,18,1,1,0.5157259147864997,1,
39111,3,15,1,1,0.2317282336002064,0,
39117,2,16,1,1,0.3752884953725808,0,
39119,3,22,1,1,0.39008153553194697,0,
39121,2,15,1,1,0.1878698126310892,0,
39123,2,18,1,1,0.6485631443212924,1,
39125,1,15,1,1,0.5274267813096993,1,
39127,3,17,1,1,0.34756538622560007,0,
39129,2,17,1,1,0.3822999804317087,0,
39131,4,11,1,1,0.35074410710015963,0,
39133,1,24,1,1,0.47925569819836855,0,
39135,1,16,1,1,0.5019694496286323,1,
39137,1,17,1,1,0.46595258042813015,0,
39139,1,19,1,1,0.2582144673671081,0,
39141,3,16,1,1,0.36888330817339143,0,
39143,2,17,1,1,0.6197800709435625,1,
39145,4,20,1,1,0.43695604856886827,0,
39147,2,20,1,1,0.5120860778993976,1,
39151,1,42,1,1,0.5634848789672426,1,
39155,3,30,1,1,0.5382679630027047,1,
39159,1,20,1,1,0.5272443425628155,1,
39165,1,24,1,1,0.4880267666450261,0,
39167,3,20,1,1,0.3107897112919563,0,
39169,2,25,1,1,0.4402284769605903,0,
39171,1,12,1,1,0.5447846204280355,1,
39173,2,32,1,1,0.662768578401077,1,
40001,4,8,1,1,0.36296628467508796,0,
40003,1,13,1,1,0.3433484917259123,0,
40009,3,6,1,1,0.5102375315488108,1,
40011,3,13,1,1,0.4788455660831364,0,
40013,4,14,1,1,0.6504206511319031,1,
40015,4,16,1,1,0.5950592039416175,1,
40017,1,13,1,1,0.7140038044135485,1,
40019,3,13,1,1,0.7185316928742842,1,
40021,4,16,1,1,0.4895172948095324,0,
40023,4,12,1,1,0.4033293805432785,0,
40025,3,4,1,1,0.3338058685045594,0,
40035,4,10,1,1,0.5332112923103668,1,
40037,3,21,1,1,0.49698154750490287,0,
40039,4,13,1,1,0.6724937915022184,1,
40041,4,13,1,1,0.4155379688794193,0,
40043,3,12,1,1,0.3570354114135895,0,
40045,3,7,1,1,0.3161713529537099,0,
40047,1,22,1,1,0.4579298229280807,0,
40049,3,13,1,1,0.5408994715418785,1,
40051,2,14,1,1,0.7516352647921768,1,
40053,1,10,1,1,0.2528483996414578,0,
40055,4,4,1,1,0.30324246172783853,0,
40059,2,7,1,1,0.3622781519661497,0,
40063,4,10,1,1,0.35467859270425817,0,
40065,3,9,1,1,0.6800932849049282,1,
40067,4,8,1,1,0.5082956936659011,1,
40069,4,13,1,1,0.4380881674831366,0,
40071,4,10,1,1,0.5779345489730615,1,
40073,2,12,1,1,0.5364871861469107,1,
40075,4,9,1,1,0.5616577105429208,1,
40077,4,7,1,1,0.3033400889528348,0,
40079,4,23,1,1,0.38297125525958475,0,
40081,3,16,1,1,0.423644186018428,0,
40083,2,15,1,1,0.5952295805262494,1,
40085,3,8,1,1,0.5739238830250505,1,
40089,4,15,1,1,0.4730796466675462,0,
40091,4,11,1,1,0.4111175617168841,0,
40095,4,3,1,1,0.5792061994930551,1,
40097,4,17,1,1,0.578565992117755,1,
40099,3,7,1,1,0.5843063693601406,1,
40101,4,15,1,1,0.7041675523918202,1,
40105,3,7,1,1,0.4438742558636449,0,
40107,4,11,1,1,0.34385196055438894,0,
40111,4,11,1,1,0.4957305407867972,0,
40113,3,22,1,1,0.6043963337445197,1,
40115,4,9,1,1,0.5591638425122922,1,
40117,3,12,1,1,0.4625645390169337,0,
40119,1,14,1,1,0.5176283518047048,1,
40121,3,19,1,1,0.4313837160013487,0,
40123,3,10,1,1,0.4991409294040232,0,
40127,4,16,1,1,0.30220932007053286,0,
40131,1,12,1,1,0.6518205212685602,1,
40133,4,10,1,1,0.4370552127713172,0,
40135,4,9,1,1,0.4242279372538522,0,
40137,3,10,1,1,0.6402139487446379,1,
40139,4,9,1,1,0.42985722203661647,0,
40141,4,8,1,1,0.5864947233060795,1,
40145,2,15,1,1,0.6432440835833122,1,
40147,1,12,1,1,0.5830134238910459,1,
40149,3,18,1,1,0.5697217442441556,1,
40153,2,11,1,1,0.388794269233394,0,
41001,3,12,1,1,0.22909668860353044,0,
41003,1,10,1,1,0.44995982798571105,0,
41005,1,37,1,1,0.521051048009545,1,
41009,2,9,1,1,0.33484745209939976,0,
41011,3,10,1,1,0.33467216428558244,0,
41013,2,6,1,1,0.3316836254717625,0,
41015,2,7,1,1,0.22198145732642444,0,
41017,1,7,1,1,0.4519073126886596,0,
41019,3,28,1,1,0.3338466482557023,0,
41023,3,11,1,1,0.27499153744242133,0,
41027,2,3,1,1,0.39646737920089303,0,
41029,3,18,1,1,0.6586332013884714,1,
41031,3,8,1,1,0.46020366222853776,0,
41033,4,11,1,1,0.5426565086001851,1,
41035,4,17,1,1,0.5746980867466999,1,
41039,3,39,1,1,0.4974943136361262,0,
41041,3,18,1,1,0.3244610672184371,0,
41043,2,20,1,1,0.5305647638273941,1,
41047,3,26,1,1,0.6845934599403575,1,
41049,3,7,1,1,0.7175891858807086,1,
41053,2,11,1,1,0.3978323251092756,0,
41059,3,14,1,1,0.6735644656101133,1,
41061,3,8,1,1,0.31776537402958827,0,
41065,3,8,1,1,0.48665449632546287,0,
41067,1,30,1,1,0.41626923184554054,0,
42001,1,17,1,1,0.3349130669858718,0,
42005,2,36,1,1,0.37640010712388383,0,
42009,2,28,1,1,0.21750080067340233,0,
42011,1,62,1,1,0.5482052695811435,1,
42013,3,19,1,1,0.3260798905485722,0,
42015,2,27,1,1,0.22059402870481293,0,
42021,1,51,1,1,0.14495123624223005,0,
42025,2,20,1,1,0.31196998445732355,0,
42027,2,33,1,1,0.28649203446024,0,
42033,3,51,1,1,0.2381889892720173,0,
42037,2,19,1,1,0.30312932257789715,0,
42039,3,27,1,1,0.3010425480375776,0,
42041,1,21,1,1,0.2933927955305269,0,
42043,2,30,1,1,0.4113748909666304,0,
42047,2,14,1,1,0.1529898786419317,0,
42051,3,62,1,1,0.40788112128529297,0,
42053,4,11,1,1,0.1710746838714873,0,
42055,1,30,1,1,0.3427033477514562,0,
42059,2,26,1,1,0.23968182054965292,0,
42061,2,33,1,1,0.19934905222569868,0,
42065,3,30,1,1,0.29778080708337407,0,
42069,2,28,1,1,0.38481678343802395,0,
42073,2,22,1,1,0.4080955737659183,0,
42075,2,19,1,1,0.45142731577584977,0,
42079,3,50,1,1,0.34946031488974083,0,
42081,2,25,1,1,0.24137085501170874,0,
42085,2,28,1,1,0.41242083307319377,0,
42087,3,13,1,1,0.29054991254426277,0,
42089,2,35,1,1,0.34481067766471113,0,
42095,1,26,1,1,0.47199029093760275,0,
42097,2,28,1,1,0.29857427393799757,0,
42099,2,16,1,1,0.22777397540301986,0,
42107,2,59,1,1,0.29673187808916346,0,
42109,2,15,1,1,0.29914024390231053,0,
42111,2,40,1,1,0.24845516808244703,0,
42115,2,29,1,1,0.19788158876464398,0,
42119,1,14,1,1,0.20994605597359645,0,
42123,2,19,1,1,0.18611759988460633,0,
42125,1,64,1,1,0.38349535002171903,0,
42127,2,30,1,1,0.1761802244085391,0,
42129,1,86,1,1,0.41294854909060974,0,
44003,1,9,1,1,0.6178573192887369,1,
44005,1,8,1,1,0.41304188166378847,0,
44009,1,20,1,1,0.4601032308077845,0,
45001,4,13,1,1,0.29223560323757347,0,
45005,4,6,1,1,0.3489035422822445,0,
45009,4,8,1,1,0.3369298795165391,0,
45011,4,7,1,1,0.36537104014407956,0,
45013,1,16,1,1,0.2577844461277155,0,
45015,2,17,1,1,0.3773035287681579,0,
45017,4,7,1,1,0.32348239629647957,0,
45021,4,8,1,1,0.40333994266864276,0,
45023,4,10,1,1,0.42307939508410825,0,
45025,4,11,1,1,0.3652665886976101,0,
45027,4,11,1,1,0.32734030443981976,0,
45029,4,14,1,1,0.29690624298893753,0,
45031,4,10,1,1,0.38485360691311593,0,
45033,4,11,1,1,0.4239962650996431,0,
45035,2,15,1,1,0.34876553381747877,0,
45037,3,10,1,1,0.22291296884942718,0,
45039,4,9,1,1,0.2690309940169201,0,
45041,3,12,1,1,0.3663342252492824,0,
45043,3,5,1,1,0.25239822983931776,0,
45047,4,9,1,1,0.36802831414830095,0,
45049,4,13,1,1,0.32830861803921235,0,
45051,3,16,1,1,0.41787281550515043,0,
45055,3,13,1,1,0.2871836894118361,0,
45057,3,5,1,1,0.39766758402952396,0,
45059,4,16,1,1,0.3369144501107483,0,
45067,4,7,1,1,0.3692746308961927,0,
45069,4,8,1,1,0.3647996921609393,0,
45073,3,13,1,1,0.33971621942772917,0,
45077,3,15,1,1,0.37852509810766094,0,
45081,4,12,1,1,0.3028697435640092,0,
45085,4,15,1,1,0.4452249464486028,0,
45087,4,9,1,1,0.30063277571668434,0,
45089,4,12,1,1,0.30804833275012167,0,
45091,1,15,1,1,0.47572568180088787,0,
46009,2,7,1,1,0.11192385556297971,0,
46013,1,20,1,1,0.1770214244321501,0,
46029,2,10,1,1,0.23540572467526594,0,
46031,4,15,1,1,0.28825325677611974,0,
46033,3,9,1,1,0.11908471519621547,0,
46035,2,6,1,1,0.23589572738805453,0,
46037,2,11,1,1,0.1324828719422358,0,
46059,1,8,1,1,0.10779836561873729,0,
46065,1,3,1,1,0.1583377288833116,0,
46067,2,13,1,1,0.14457505623676348,0,
46077,1,9,1,1,0.10887308067027684,0,
46083,1,12,1,1,0.3554071886635438,0,
46091,1,10,1,1,0.11797518215709848,0,
46093,2,18,1,1,0.2143580911084701,0,
46099,1,23,1,1,0.4070363562051579,0,
46103,2,20,1,1,0.24219583960031027,0,
46109,4,16,1,1,0.21859481573221534,0,
46121,4,9,1,1,0.36920698119326034,0,
46129,1,7,1,1,0.11082587898823328,0,
46135,2,10,1,1,0.24423916286509884,0,
47001,3,11,1,1,0.3784872699383956,0,
47003,3,13,1,1,0.57552335156586,1,
47005,4,7,1,1,0.3187744947554686,0,
47009,2,13,1,1,0.4517550690717973,0,
47011,3,8,1,1,0.46762759934896914,0,
47013,4,11,1,1,0.395903123947219,0,
47017,4,14,1,1,0.31326307646067486,0,
47019,4,8,1,1,0.4239470811800353,0,
47021,2,12,1,1,0.3292383210780911,0,
47025,1,10,1,1,0.3645033295860636,0,
47027,4,7,1,1,0.3442016666495587,0,
47031,3,9,1,1,0.5160292523612805,1,
47033,4,8,1,1,0.464608764949206,0,
47035,3,11,1,1,0.330948863272529,0,
47043,2,11,1,1,0.33247866288537054,0,
47045,4,11,1,1,0.5207947284037067,1,
47049,4,9,1,1,0.3078714921997836,0,
47053,4,11,1,1,0.42306717560120144,0,
47055,3,17,1,1,0.39064619141223944,0,
47059,4,10,1,1,0.3866937286726699,0,
47063,4,7,1,1,0.5490470431923434,1,
47067,4,5,1,1,0.33205058903792295,0,
47069,4,12,1,1,0.30851513710043,0,
47071,4,13,1,1,0.33953262879857454,0,
47073,4,12,1,1,0.3974595813066561,0,
47075,4,6,1,1,0.4494298450591225,0,
47077,4,14,1,1,0.3415887681501456,0,
47079,4,9,1,1,0.3560607466386517,0,
47085,3,4,1,1,0.2636503444948768,0,
47089,3,10,1,1,0.42622513030518305,0,
47097,4,4,1,1,0.3885759864430657,0,
47099,4,11,1,1,0.33674158643349283,0,
47101,4,7,1,1,0.2688701403153946,0,
47107,4,12,1,1,0.47774966503397237,0,
47109,4,15,1,1,0.31200317979398007,0,
47111,4,8,1,1,0.39826558445552,0,
47117,3,12,1,1,0.47854988180756686,0,
47119,1,10,1,1,0.4972504175661009,0,
47121,3,6,1,1,0.31920359935401976,0,
47123,4,9,1,1,0.4222981308852767,0,
47125,3,15,1,1,0.5173991417075346,1,
47129,4,12,1,1,0.31439458314510715,0,
47131,4,12,1,1,0.43761277958139033,0,
47135,4,4,1,1,0.25088879272369247,0,
47139,3,12,1,1,0.27797737360852576,0,
47141,1,10,1,1,0.4934072327090785,0,
47145,2,10,1,1,0.36755684437350655,0,
47147,2,12,1,1,0.4994310345158899,0,
47149,1,20,1,1,0.6656854402391321,1,
47155,3,10,1,1,0.3922341297623062,0,
47159,3,15,1,1,0.36847110017532747,0,
47163,3,12,1,1,0.4676588102366872,0,
47165,1,10,1,1,0.5046870026168903,1,
47167,2,10,1,1,0.4536387254953288,0,
47175,4,7,1,1,0.3412182292923768,0,
47177,4,6,1,1,0.514989702413306,1,
47179,1,13,1,1,0.4573807879514191,0,
47181,4,10,1,1,0.2665963201931937,0,
47183,4,12,1,1,0.4105975360134316,0,
47185,4,5,1,1,0.3810631335777742,0,
47187,1,16,1,1,0.3206626099151099,0,
47189,1,12,1,1,0.5238236620983961,1,
48001,3,10,1,1,0.4199210437429421,0,
48003,2,1,1,1,0.434587736188106,0,
48005,4,6,1,1,0.34813770353496976,0,
48007,4,5,1,1,0.47690831040642023,0,
48009,2,10,1,1,0.5320113523827763,1,
48013,3,15,1,1,0.5153567297496782,1,
48015,2,13,1,1,0.4599909772069073,0,
48017,1,6,1,1,0.21600732441057116,0,
48019,2,7,1,1,0.37875049983613057,0,
48021,2,15,1,1,0.5931641702708692,1,
48023,2,2,1,1,0.22078315686177769,0,
48025,4,11,1,1,0.39393695182719685,0,
48031,1,8,1,1,0.511067309861462,1,
48035,3,11,1,1,0.3027165255409151,0,
48037,3,10,1,1,0.4469101120776412,0,
48043,3,4,1,1,0.17094658752623076,0,
48047,4,2,1,1,0.3275593942306778,0,
48049,3,10,1,1,0.3400146901851501,0,
48051,2,5,1,1,0.4029666460894624,0,
48053,2,13,1,1,0.4582337738598697,0,
48055,3,14,1,1,0.47134301557528946,0,
48057,3,6,1,1,0.3856580732991297,0,
48063,3,2,1,1,0.42238170793236424,0,
48067,4,14,1,1,0.31692405294335907,0,
48071,2,11,1,1,0.6871236167840565,1,
48073,4,12,1,1,0.5139427402471564,1,
48075,4,4,1,1,0.3066290684552842,0,
48077,2,9,1,1,0.4880182044536576,0,
48081,3,4,1,1,0.20800740289287717,0,
48083,2,15,1,1,0.2446830395719882,0,
48087,4,5,1,1,0.27642003898355577,0,
48089,2,18,1,1,0.32940304442671325,0,
48091,1,14,1,1,0.4741942548116471,0,
48093,2,14,1,1,0.2327966850753168,0,
48097,2,14,1,1,0.5645381453872793,1,
48099,1,17,1,1,0.3478594139552949,0,
48101,4,3,1,1,0.30401958385007755,0,
48109,4,2,1,1,0.14269834196810183,0,
48117,4,6,1,1,0.3293683986258088,0,
48119,3,7,1,1,0.42458838532851717,0,
48123,3,9,1,1,0.3325881330659042,0,
48125,4,7,1,1,0.2645997620835466,0,
48127,4,6,1,1,0.3515046913049329,0,
48131,4,8,1,1,0.25359386670856,0,
48133,4,9,1,1,0.32843005835249117,0,
48135,2,8,1,1,0.7963098308601388,1,
48139,1,20,1,1,0.6476492569672405,1,
48143,1,13,1,1,0.45850839828296797,0,
48145,3,17,1,1,0.5297654661574506,1,
48147,2,19,1,1,0.44881788934718564,0,
48149,2,15,1,1,0.31783186778729444,0,
48151,3,9,1,1,0.3231228654642317,0,
48159,1,7,1,1,0.37095736985569727,0,
48161,4,9,1,1,0.5418101469403748,1,
48169,4,4,1,1,0.37280575107176844,0,
48171,2,7,1,1,0.29026076552649177,0,
48177,3,14,1,1,0.3251890398884648,0,
48185,3,11,1,1,0.514377630769643,1,
48193,3,10,1,1,0.27736617747409154,0,
48197,3,2,1,1,0.2913339348482811,0,
48199,2,12,1,1,0.3312414388864278,0,
48203,3,12,1,1,0.4166743344957322,0,
48207,4,11,1,1,0.32861564389165987,0,
48209,2,14,1,1,0.5739491469675895,1,
48217,2,19,1,1,0.5211207385315714,1,
48219,4,10,1,1,0.5917066000690377,1,
48221,1,8,1,1,0.56398740829558,1,
48223,3,13,1,1,0.4753593710280795,0,
48225,4,7,1,1,0.37251826947550226,0,
48227,3,5,1,1,0.5593044109477623,1,
48233,3,7,1,1,0.6920370837434706,1,
48239,2,10,1,1,0.2750196101281423,0,
48241,4,9,1,1,0.32171083813573664,0,
48247,4,1,1,1,0.2518869623283986,0,
48249,4,8,1,1,0.30888728279908834,0,
48251,2,16,1,1,0.6936732383284393,1,
48255,3,8,1,1,0.4866699560389939,0,
48259,1,8,1,1,0.33466254101566056,0,
48261,4,2,1,1,0.42910082079090417,0,
48265,3,10,1,1,0.40035701160825676,0,
48269,4,2,1,1,0.27344183350651063,0,
48273,4,4,1,1,0.5425891087472832,1,
48275,4,6,1,1,0.27238314421607035,0,
48277,3,13,1,1,0.5256033951244178,1,
48281,2,6,1,1,0.42212004834414985,0,
48285,2,7,1,1,0.25909887153801325,0,
48287,2,9,1,1,0.31846485440278893,0,
48289,3,8,1,1,0.4814432099310434,0,
48291,3,14,1,1,0.5329790354692872,1,
48293,4,14,1,1,0.5394108823692213,1,
48299,1,10,1,1,0.1963294175923037,0,
48303,1,25,1,1,0.6788612771112016,1,
48307,3,6,1,1,0.2550907227482129,0,
48313,2,5,1,1,0.43856549615567286,0,
48315,4,7,1,1,0.26767818249470976,0,
48317,1,8,1,1,0.573177976969409,1,
48321,1,12,1,1,0.3941782648979318,0,
48323,4,3,1,1,0.5238552080388923,1,
48329,1,9,1,1,0.6815278352287271,1,
48331,3,13,1,1,0.4127867007391583,0,
48335,2,3,1,1,0.28137872544363257,0,
48337,3,10,1,1,0.5260785835546045,1,
48341,2,6,1,1,0.5205363983379434,1,
48343,4,7,1,1,0.4531503957563603,0,
48347,1,10,1,1,0.4974912805548467,0,
48349,4,17,1,1,0.5762543278668593,1,
48353,3,9,1,1,0.3518220580436188,0,
48361,2,4,1,1,0.6119159845021085,1,
48363,4,12,1,1,0.49779767892258237,0,
48365,3,13,1,1,0.3777503961082177,0,
48367,1,18,1,1,0.618133587339353,1,
48371,3,6,1,1,0.3277045847721608,0,
48373,3,9,1,1,0.32030417173947967,0,
48375,4,16,1,1,0.8267023050229431,1,
48377,4,4,1,1,0.34839874631900813,0,
48381,1,15,1,1,0.6525917211489459,1,
48387,4,9,1,1,0.35458845334985234,0,
48389,3,4,1,1,0.06819865832743842,0,
48391,3,5,1,1,0.22951765657273382,0,
48395,3,9,1,1,0.4598109232518659,0,
48397,1,9,1,1,0.5350154657597121,1,
48399,3,11,1,1,0.2626297495793989,0,
48401,3,16,1,1,0.44320759624662276,0,
48405,4,4,1,1,0.27183457564088753,0,
48407,4,8,1,1,0.528399799402124,1,
48409,3,9,1,1,0.4543128604048099,0,
48411,3,7,1,1,0.22867346570576874,0,
48415,3,8,1,1,0.3611658630848371,0,
48419,4,7,1,1,0.3243508351315527,0,
48427,4,10,1,1,0.5027255874322912,1,
48429,4,8,1,1,0.31333638273899733,0,
48437,4,5,1,1,0.40328881463059907,0,
48441,1,17,1,1,0.6307158483975301,1,
48445,4,6,1,1,0.44470183725832463,0,
48449,4,6,1,1,0.5285696990902585,1,
48451,1,14,1,1,0.2969554881174562,0,
48455,4,7,1,1,0.35213803228529444,0,
48457,3,10,1,1,0.21587071579537107,0,
48459,3,12,1,1,0.42628280915228867,0,
48463,4,8,1,1,0.3745060556613802,0,
48465,4,5,1,1,0.3243330958198911,0,
48467,3,13,1,1,0.6016539309974862,1,
48469,3,12,1,1,0.5938173260415771,1,
48471,4,9,1,1,0.5068175243083889,1,
48473,2,11,1,1,0.755079846170425,1,
48475,3,6,1,1,0.65657229654618,1,
48477,2,7,1,1,0.5432231565756271,1,
48481,1,13,1,1,0.3671235213398812,0,
48487,4,6,1,1,0.48673160487779077,0,
48493,2,12,1,1,0.4157527183036813,0,
48495,3,2,1,1,0.5363282319315337,1,
48497,2,17,1,1,0.6636209295712617,1,
48499,3,12,1,1,0.3741477241927741,0,
48501,2,4,1,1,0.42143377386959624,0,
48503,2,6,1,1,0.3981799795757759,0,
48505,4,5,1,1,0.39099632787454713,0,
48507,4,4,1,1,0.42791575462960973,0,
49003,2,20,1,1,0.6851719321031815,1,
49005,3,16,1,1,0.6605972311081171,1,
49011,1,13,1,1,0.7008242142136213,1,
49019,1,2,1,1,0.282297084258835,0,
49021,4,10,1,1,0.44345870044625646,0,
49037,3,12,1,1,0.38770202732422976,0,
49039,3,15,1,1,0.5151712346954067,1,
49041,3,12,1,1,0.5598557759630717,1,
49043,1,9,1,1,0.270304487554078,0,
49057,1,9,1,1,0.7805394183674466,1,
50001,1,20,1,1,0.16373831817717607,0,
50005,2,22,1,1,0.21197213728213948,0,
50007,1,21,1,1,0.35538444378840106,0,
50013,1,5,1,1,0.240562834806723,0,
50017,2,31,1,1,0.19819172773364846,0,
50019,2,24,1,1,0.22673836518299328,0,
50021,1,29,1,1,0.20487803697869716,0,
50023,1,26,1,1,0.17204662333601956,0,
50025,2,24,1,1,0.24705267315232715,0,
51003,2,24,1,1,0.22871637284391622,0,
51005,3,7,1,1,0.26698099187174495,0,
51007,1,5,1,1,0.21823316899141632,0,
51009,2,9,1,1,0.29478128715939855,0,
51013,1,11,1,1,0.36706924280366127,0,
51015,2,27,1,1,0.33867013619034464,0,
51019,1,18,1,1,0.2478662533960232,0,
51025,3,16,1,1,0.29459021192389717,0,
51027,4,16,1,1,0.3273181958546416,0,
51031,3,14,1,1,0.4301619054760606,0,
51036,2,4,1,1,0.26184340081994806,0,
51037,4,14,1,1,0.23646379046714175,0,
51047,1,18,1,1,0.22747198990200074,0,
51051,4,12,1,1,0.32775332382211675,0,
51057,4,8,1,1,0.2975585919959855,0,
51061,1,24,1,1,0.15975242240040172,0,
51063,2,11,1,1,0.19805811324515293,0,
51069,1,12,1,1,0.245234121101649,0,
51073,1,6,1,1,0.22145320015149927,0,
51075,1,15,1,1,0.15815055213998297,0,
51079,2,5,1,1,0.22625552230785445,0,
51081,4,4,1,1,0.3141636968991439,0,
51083,3,14,1,1,0.2817461778770476,0,
51085,1,12,1,1,0.21449059392623246,0,
51087,2,16,1,1,0.49582809107159814,0,
51093,1,8,1,1,0.26110000473556927,0,
51095,1,4,1,1,0.22663015984954857,0,
51103,2,6,1,1,0.20855626846892378,0,
51105,4,11,1,1,0.34108595189759316,0,
51107,1,21,1,1,0.2758111942667749,0,
51111,4,12,1,1,0.2680195624023856,0,
51113,2,21,1,1,0.27183215264515737,0,
51117,3,13,1,1,0.2666455853517072,0,
51119,1,12,1,1,0.22032623048594352,0,
51121,3,10,1,1,0.3935936038725846,0,
51127,1,6,1,1,0.16586525585212855,0,
51131,3,11,1,1,0.41768378583553667,0,
51133,2,7,1,1,0.2609695820147408,0,
51135,4,7,1,1,0.3247220261355468,0,
51139,3,6,1,1,0.2777075256783878,0,
51141,3,14,1,1,0.23658805623678092,0,
51143,4,20,1,1,0.3713873549961012,0,
51145,1,5,1,1,0.46951052122369114,0,
51147,1,12,1,1,0.514887347181116,1,
51149,3,7,1,1,0.45794600693043086,0,
51153,1,19,1,1,0.28564509413082884,0,
51159,3,5,1,1,0.28656080999285605,0,
51161,1,14,1,1,0.2805918592679948,0,
51171,2,14,1,1,0.26525591327929754,0,
51175,3,12,1,1,0.29226077890065083,0,
51177,1,13,1,1,0.23370659125214321,0,
51179,1,5,1,1,0.2359653450948482,0,
51185,1,18,1,1,0.22512747882365536,0,
51187,1,7,1,1,0.2708097721476307,0,
51191,2,10,1,1,0.28860536364542755,0,
51193,2,8,1,1,0.31254389644472147,0,
51199,1,9,1,1,0.2332188200334478,0,
51510,1,8,1,1,0.4586717495510842,0,
51520,4,2,1,1,0.6521561440807975,1,
51550,1,6,1,1,0.34220397600258395,0,
51570,2,1,1,1,0.3919672677832084,0,
51590,4,2,1,1,0.4850485139923592,0,
51595,4,1,1,1,0.31778505658656786,0,
51630,3,3,1,1,0.6602473366099655,1,
51650,2,9,1,1,0.6167111578779727,1,
51660,1,3,1,1,0.5180880550854218,1,
51678,3,1,1,1,0.28258861066500107,0,
51680,3,5,1,1,0.5158294843226314,1,
51683,1,1,1,1,0.4707293472124224,0,
51690,4,1,1,1,0.4008410860062398,0,
51700,3,8,1,1,0.5796761683623438,1,
51710,1,15,1,1,0.6448505925365343,1,
51730,3,2,1,1,0.5269085133197946,1,
51740,1,8,1,1,0.6249023923920143,1,
51750,1,2,1,1,0.5180944917994134,1,
51770,3,10,1,1,0.6580032333775382,1,
51800,1,8,1,1,0.337106355652989,0,
51840,3,1,1,1,0.624463637818285,1,
53003,3,3,1,1,0.525869279019293,1,
53005,2,12,1,1,0.7355871785452073,1,
53007,2,14,1,1,0.32411179516830746,0,
53015,3,11,1,1,0.38638126721098065,0,
53017,2,13,1,1,0.4754255261953818,0,
53021,3,7,1,1,0.7627389071868103,1,
53023,3,2,1,1,0.3907019551449302,0,
53025,3,18,1,1,0.6331693414296198,1,
53029,1,8,1,1,0.22267608927394325,0,
53031,2,9,1,1,0.2598608457914988,0,
53035,1,20,1,1,0.32483194879448,0,
53041,2,23,1,1,0.3329312246321996,0,
53045,2,15,1,1,0.3547805637356829,0,
53047,4,22,1,1,0.42997267256457833,0,
53057,1,17,1,1,0.30087724549969447,0,
53059,1,8,1,1,0.3390970147236765,0,
53067,1,14,1,1,0.43978648103872636,0,
53071,2,8,1,1,0.6280311394488991,1,
53073,2,18,1,1,0.45754523870429165,0,
53077,4,22,1,1,0.6777866179644627,1,
54003,2,11,1,1,0.5516793806959872,1,
54005,4,31,1,1,0.32887939414592093,0,
54009,2,8,1,1,0.5641637136242291,1,
54011,3,13,1,1,0.4631057152568461,0,
54029,3,5,1,1,0.6081329826899536,1,
54035,3,15,1,1,0.3054705087335939,0,
54037,1,9,1,1,0.4574985487675688,0,
54039,1,46,1,1,0.4483425902094218,0,
54041,4,11,1,1,0.3372297505945748,0,
54049,3,18,1,1,0.37367961513674464,0,
54053,3,19,1,1,0.37602886573984445,0,
54059,4,18,1,1,0.36544866003326676,0,
54061,3,16,1,1,0.4452574264443258,0,
54065,3,4,1,1,0.27307028079655493,0,
54067,3,25,1,1,0.28911275753421894,0,
54069,2,6,1,1,0.46090676529721064,0,
54079,2,17,1,1,0.38384303185132584,0,
54081,4,42,1,1,0.4024663680390195,0,
54083,4,22,1,1,0.2531489409727896,0,
54097,4,10,1,1,0.32931236232772987,0,
54099,4,17,1,1,0.46506345494733214,0,
54103,4,12,1,1,0.303439664671855,0,
54107,3,13,1,1,0.5012114204946735,1,
55001,2,14,1,1,0.2895137206371652,0,
55005,2,19,1,1,0.21695038298876715,0,
55007,2,15,1,1,0.1333839399218884,0,
55009,1,19,1,1,0.3943638777341843,0,
55015,1,14,1,1,0.45414805773795874,0,
55017,2,14,1,1,0.27656359448049833,0,
55021,1,20,1,1,0.3305251847261528,0,
55023,2,13,1,1,0.20361722421455208,0,
55027,1,31,1,1,0.4194263711113104,0,
55029,1,13,1,1,0.30790249727084534,0,
55031,2,12,1,1,0.1947938754487325,0,
55039,1,24,1,1,0.4633545283139509,0,
55043,3,23,1,1,0.35776038732234283,0,
55045,1,12,1,1,0.2148213433987345,0,
55055,1,19,1,1,0.4293386018537262,0,
55057,3,14,1,1,0.26441940325778535,0,
55059,1,17,1,1,0.5413532040619157,1,
55061,1,6,1,1,0.35453988716772494,0,
55063,2,15,1,1,0.30692996542304446,0,
55065,2,14,1,1,0.30347327802729107,0,
55069,1,7,1,1,0.11517564095802288,0,
55071,1,19,1,1,0.4498675914856133,0,
55073,1,28,1,1,0.18242267680810414,0,
55075,3,16,1,1,0.24276324562485874,0,
55077,2,14,1,1,0.2835800825472104,0,
55078,4,4,1,1,0.26349894366593785,0,
55081,2,12,1,1,0.2146621698395339,0,
55083,1,19,1,1,0.22144562769378265,0,
55085,1,14,1,1,0.11665428704484271,0,
55087,1,24,1,1,0.4569193275556248,0,
55089,1,13,1,1,0.388141440432702,0,
55095,1,20,1,1,0.1999916391732323,0,
55097,2,21,1,1,0.25561486309170606,0,
55099,2,14,1,1,0.10676119547415432,0,
55103,3,14,1,1,0.25782768644640536,0,
55105,2,19,1,1,0.5367740663121492,1,
55111,1,17,1,1,0.2928793213664919,0,
55115,2,25,1,1,0.270681558433574,0,
55117,1,17,1,1,0.43242468964038067,0,
55119,2,14,1,1,0.15534649306844178,0,
55121,1,14,1,1,0.15959766945972303,0,
55123,3,18,1,1,0.19178911514556063,0,
55125,2,12,1,1,0.12988490521576596,0,
55127,1,16,1,1,0.4480978701107324,0,
55131,1,18,1,1,0.3751031779767808,0,
55133,1,30,1,1,0.38983650802892245,0,
55135,1,16,1,1,0.22641405978268572,0,
55137,2,17,1,1,0.2678444789279015,0,
55139,1,18,1,1,0.44813242526565805,0,
55141,2,15,1,1,0.2049570091288774,0,
56001,1,10,1,1,0.3799565744437184,0,
56003,2,15,1,1,0.204985649530314,0,
56007,2,12,1,1,0.20615361825395717,0,
56009,1,4,1,1,0.19759101516931016,0,
56013,2,11,1,1,0.2754251080911043,0,
56017,3,3,1,1,0.20008873669574767,0,
56021,1,12,1,1,0.36417555834075355,0,
56025,1,11,1,1,0.3649988573281885,0,
56029,1,8,1,1,0.11984249732537641,0,
56031,2,5,1,1,0.22818217924496464,0,
56033,1,9,1,1,0.19755459814116533,0,
56035,1,6,1,1,0.12434418434444772,0,
01001,3,10,1,2,0.6593569591872465,1,
01003,2,23,1,2,0.6016028817159667,1,
01009,3,17,1,2,0.5976531104708889,1,
01011,4,7,1,2,0.6184427668181449,1,
01015,3,14,1,2,0.6502341932234718,1,
01017,4,10,1,2,0.6472767204544265,1,
01019,4,11,1,2,0.5936089816039862,1,
01021,3,14,1,2,0.6325606695567734,1,
01025,4,10,1,2,0.5651205735148983,1,
01031,3,16,1,2,0.631089445180755,1,
01033,3,9,1,2,0.6389289479126019,1,
01035,4,13,1,2,0.553310121199988,1,
01037,3,11,1,2,0.5610388679633292,1,
01039,4,13,1,2,0.5683174710376393,1,
01043,3,19,1,2,0.6218055887229285,1,
01045,3,14,1,2,0.6401987541788767,1,
01047,4,10,1,2,0.6729355716291143,1,
01051,2,13,1,2,0.6281903915827435,1,
01053,4,9,1,2,0.6059088400678789,1,
01055,3,14,1,2,0.6455325347397557,1,
01057,4,10,1,2,0.5489428721680807,1,
01059,4,10,1,2,0.5867253464236626,1,
01063,4,8,1,2,0.5719287343873346,1,
01065,4,9,1,2,0.6196565918401482,1,
01067,3,9,1,2,0.5966765822598787,1,
01069,4,14,1,2,0.6895264099091588,1,
01071,4,22,1,2,0.5622444721146902,1,
01075,4,9,1,2,0.5398593000905582,1,
01077,3,9,1,2,0.627515888588231,1,
01079,3,10,1,2,0.6331493368684775,1,
01083,2,15,1,2,0.6622583649381115,1,
01085,4,8,1,2,0.6029205815789287,1,
01087,4,13,1,2,0.6579676668534093,1,
01089,1,25,1,2,0.653173923515528,1,
01091,4,15,1,2,0.6064417908288582,1,
01093,4,12,1,2,0.5668290902627194,1,
01095,4,18,1,2,0.6498481159798877,1,
01099,4,17,1,2,0.5897708915265542,1,
01101,1,24,1,2,0.7776068690114142,1,
01103,3,16,1,2,0.69544516528467,1,
01105,4,9,1,2,0.6293953018455587,1,
01107,4,8,1,2,0.5674415042403912,1,
01109,1,9,1,2,0.7918520263752467,1,
01111,3,8,1,2,0.5904038054957785,1,
01113,3,12,1,2,0.7010030811876894,1,
01115,2,18,1,2,0.6204916070648384,1,
01119,4,11,1,2,0.625425581496865,1,
01121,4,12,1,2,0.6639555369260512,1,
01123,4,12,1,2,0.5812140745669556,1,
01125,1,27,1,2,0.6897279443206594,1,
01127,3,18,1,2,0.6307742204130333,1,
01129,4,16,1,2,0.5681432882311497,1,
01131,4,13,1,2,0.5519952542795812,1,
01133,4,11,1,2,0.557447362787041,1,
04009,4,10,1,2,0.6579631498113458,1,
04023,4,9,1,2,0.6674062146203096,1,
05001,4,13,1,2,0.5976324591163262,1,
05003,4,7,1,2,0.6134877794311323,1,
05005,3,12,1,2,0.5170741337615673,1,
05009,3,9,1,2,0.5562676222388792,1,
05011,4,7,1,2,0.5934409694909418,1,
05015,3,9,1,2,0.5441307782711404,1,
05019,1,8,1,2,0.44334111208262766,0,
05021,4,13,1,2,0.5519326669920057,1,
05023,3,17,1,2,0.5394108583131105,1,
05025,4,7,1,2,0.5607854584237346,1,
05027,4,7,1,2,0.6232653742788736,1,
05029,4,15,1,2,0.615041009476277,1,
05031,1,16,1,2,0.6637975161563955,1,
05033,3,11,1,2,0.6079765814086727,1,
05035,4,11,1,2,0.8454176408699327,1,
05037,4,8,1,2,0.6652625574061367,1,
05039,4,6,1,2,0.5852695587635415,1,
05041,4,12,1,2,0.6951186029554907,1,
05043,4,9,1,2,0.6044462530007005,1,
05045,1,15,1,2,0.5273665442230494,1,
05047,4,13,1,2,0.5509347554365516,1,
05049,1,14,1,2,0.4112999013695666,0,
05051,3,10,1,2,0.5715070909655355,1,
05053,2,14,1,2,0.5944923582782644,1,
05055,4,9,1,2,0.6095701149903642,1,
05057,4,10,1,2,0.6414377990871432,1,
05059,4,12,1,2,0.5894904404583047,1,
05061,4,8,1,2,0.5990606955935092,1,
05063,4,20,1,2,0.5665154084730861,1,
05067,4,11,1,2,0.6319606467880357,1,
05069,4,17,1,2,0.7455189643722214,1,
05071,4,12,1,2,0.5967237376417508,1,
05073,4,6,1,2,0.5785931814215999,1,
05075,4,14,1,2,0.5619681728169736,1,
05077,3,11,1,2,0.6520664947098469,1,
05079,4,8,1,2,0.6192359753375909,1,
05081,4,7,1,2,0.578809064576517,1,
05083,4,12,1,2,0.5558374150836631,1,
05085,2,11,1,2,0.6347133425596869,1,
05087,3,13,1,2,0.5601550180419355,1,
05091,4,6,1,2,0.6481966797456729,1,
05093,4,15,1,2,0.7689760220465375,1,
05095,4,9,1,2,0.6536897792631009,1,
05097,4,9,1,2,0.5152530068993144,1,
05099,4,10,1,2,0.5731546936391398,1,
05101,3,20,1,2,0.5108908778975495,1,
05103,4,8,1,2,0.6158724763547696,1,
05105,4,8,1,2,0.5424699885578913,1,
05107,4,12,1,2,0.7271016504959755,1,
05111,4,10,1,2,0.6046914521149178,1,
05113,4,7,1,2,0.5336282967285046,1,
05115,4,13,1,2,0.6390605742638404,1,
05117,3,11,1,2,0.5923092575886068,1,
05121,4,11,1,2,0.5377562760524357,1,
05123,4,13,1,2,0.7327419536678732,1,
05125,1,14,1,2,0.5999703386808842,1,
05127,4,10,1,2,0.5474034715097749,1,
05129,4,10,1,2,0.48706185425870563,0,
05133,4,7,1,2,0.6323873755018293,1,
05135,4,13,1,2,0.5129656881227218,1,
05139,4,10,1,2,0.6120105053015749,1,
05141,4,12,1,2,0.5323953616054578,1,
05145,4,17,1,2,0.5970367331121056,1,
05147,4,9,1,2,0.5878185531166666,1,
05149,4,13,1,2,0.5650389171590438,1,
06005,2,12,1,2,0.5981240352981612,1,
06007,4,18,1,2,0.7484326105935545,1,
06009,1,20,1,2,0.5295179178644477,1,
06011,3,9,1,2,0.7069368058388295,1,
06015,4,4,1,2,0.6050011173902948,1,
06017,1,23,1,2,0.6076754466332199,1,
06021,3,7,1,2,0.758800350603009,1,
06023,4,36,1,2,0.6256248044975043,1,
06027,2,11,1,2,0.5974968368217968,1,
06031,4,12,1,2,0.8514514369011081,1,
06033,3,15,1,2,0.6985142612274753,1,
06035,2,17,1,2,0.6305009794810876,1,
06041,1,29,1,2,0.555950714466475,1,
06043,3,13,1,2,0.563213108143478,1,
06045,3,29,1,2,0.5743609518575359,1,
06055,1,12,1,2,0.5978414520759472,1,
06057,2,12,1,2,0.5878783214811372,1,
06063,2,17,1,2,0.6027185190347446,1,
06069,2,7,1,2,0.6653263903702771,1,
06079,2,26,1,2,0.5948117626831302,1,
06083,2,24,1,2,0.6415356113357172,1,
06087,2,17,1,2,0.5989353053740808,1,
06093,3,23,1,2,0.6331453616052973,1,
06097,1,37,1,2,0.5896029484677578,1,
06101,3,13,1,2,0.808447674966006,1,
06103,4,15,1,2,0.7339084017077051,1,
06109,1,16,1,2,0.47054727059720003,0,
06113,3,19,1,2,0.7248677401671852,1,
06115,3,17,1,2,0.7942899321785558,1,
08001,2,35,1,2,0.7823613803708525,1,
08005,1,33,1,2,0.7022190768515589,1,
08007,1,5,1,2,0.5490418030799902,1,
08009,4,8,1,2,0.5060043293666234,1,
08013,1,22,1,2,0.6858435964978767,1,
08014,1,6,1,2,0.6345710520152998,1,
08035,1,18,1,2,0.593225618720373,1,
08037,1,13,1,2,0.5858865006532437,1,
08043,3,11,1,2,0.5747714908770519,1,
08045,1,8,1,2,0.5926589426082267,1,
08055,2,4,1,2,0.525879979774553,1,
08059,1,33,1,2,0.6256762517922803,1,
08067,1,6,1,2,0.574654958657798,1,
08069,1,24,1,2,0.6730871638616316,1,
08077,2,19,1,2,0.752047054423631,1,
08081,2,5,1,2,0.6176236433911367,1,
08087,2,10,1,2,0.6494734142526104,1,
08099,3,6,1,2,0.5820633957813293,1,
08101,3,15,1,2,0.8076924325615252,1,
08107,1,9,1,2,0.5626934867245819,1,
08109,4,8,1,2,0.5784013448764782,1,
08113,1,7,1,2,0.5591175426605697,1,
08121,2,12,1,2,0.5457418950068311,1,
08123,1,41,1,2,0.7437330860999284,1,
09001,1,46,1,2,0.6173797801493635,1,
09003,1,58,1,2,0.7350382525366,1,
09005,1,40,1,2,0.5723588950840148,1,
09007,1,24,1,2,0.6155019035516021,1,
09009,1,41,1,2,0.6786054918074556,1,
09011,1,31,1,2,0.6669135001442278,1,
09015,1,31,1,2,0.6649919037757992,1,
10001,1,18,1,2,0.7435388045806998,1,
10005,2,24,1,2,0.613052991237728,1,
12001,3,23,1,2,0.5859758934580074,1,
12003,2,5,1,2,0.5595824123137727,1,
12005,2,16,1,2,0.5906546911533778,1,
12015,2,17,1,2,0.5115652085194672,1,
12017,3,15,1,2,0.5103763031783932,1,
12019,2,12,1,2,0.5830163746469443,1,
12023,3,8,1,2,0.5620426223712454,1,
12033,1,18,1,2,0.5696110577459508,1,
12035,2,7,1,2,0.5408213074134998,1,
12039,4,7,1,2,0.6414099052917936,1,
12041,4,5,1,2,0.5222378074702967,1,
12043,4,5,1,2,0.4986651400816762,0,
12049,4,4,1,2,0.5294142283217961,1,
12051,4,6,1,2,0.557395827899797,1,
12053,3,12,1,2,0.574182375812041,1,
12055,3,9,1,2,0.5242169815387098,1,
12059,4,4,1,2,0.4803872710560582,0,
12061,2,9,1,2,0.5345974237395418,1,
12063,1,14,1,2,0.5145364672283198,1,
12065,4,4,1,2,0.5070555192873222,1,
12073,3,10,1,2,0.5998023457880718,1,
12075,4,13,1,2,0.5222725727469059,1,
12079,4,5,1,2,0.5425452223408025,1,
12083,3,31,1,2,0.5504604462727714,1,
12085,1,12,1,2,0.5307381288566936,1,
12087,2,11,1,2,0.5587183639098825,1,
12089,1,6,1,2,0.553168092018206,1,
12091,2,14,1,2,0.567051894042981,1,
12097,3,17,1,2,0.6402933387303992,1,
12101,2,31,1,2,0.5880231426534996,1,
12107,4,17,1,2,0.5316642435176753,1,
12109,1,12,1,2,0.5564597517265748,1,
12111,2,17,1,2,0.5817399268603695,1,
12113,1,9,1,2,0.5651030157809311,1,
12117,2,17,1,2,0.5966303291178752,1,
12119,1,11,1,2,0.5383747624460058,1,
12121,3,9,1,2,0.531235891366417,1,
12129,2,4,1,2,0.5511817840070145,1,
12131,2,12,1,2,0.54570165084507,1,
12133,4,10,1,2,0.5257417884657226,1,
13001,4,7,1,2,0.6668675546548057,1,
13003,4,5,1,2,0.6683332161673383,1,
13005,4,3,1,2,0.6643003873876351,1,
13009,4,6,1,2,0.8217182767093874,1,
13013,2,8,1,2,0.624448687687778,1,
13015,2,14,1,2,0.6591164278362861,1,
13017,4,4,1,2,0.6716743076037993,1,
13019,4,6,1,2,0.6380090419931734,1,
13021,1,12,1,2,0.7735445122018494,1,
13023,4,6,1,2,0.6442188649360941,1,
13025,4,6,1,2,0.5681105209671958,1,
13031,1,11,1,2,0.6659067338408942,1,
13033,4,9,1,2,0.7337947108207854,1,
13035,4,5,1,2,0.7151172824654223,1,
13039,3,8,1,2,0.6096700954323562,1,
13043,4,4,1,2,0.6660778768958244,1,
13045,1,11,1,2,0.7051082633946526,1,
13055,4,6,1,2,0.585163513188679,1,
13057,1,15,1,2,0.5738707694603916,1,
13059,1,9,1,2,0.7000072310345529,1,
13063,1,16,1,2,0.8613076980253339,1,
13069,4,10,1,2,0.7188687654836659,1,
13071,4,13,1,2,0.6987158510529763,1,
13073,1,7,1,2,0.5717150477069449,1,
13075,4,5,1,2,0.6837865089970111,1,
13077,1,10,1,2,0.6317221745793736,1,
13083,3,5,1,2,0.566716423144822,1,
13085,1,5,1,2,0.5791012967687645,1,
13087,4,8,1,2,0.6812900676277696,1,
13093,4,8,1,2,0.6673081793832832,1,
13095,4,6,1,2,0.7709847184670549,1,
13097,2,8,1,2,0.7091734065440793,1,
13101,3,6,1,2,0.6176916795561479,1,
13103,1,8,1,2,0.5874334440075031,1,
13107,4,13,1,2,0.6672260356308746,1,
13109,4,6,1,2,0.6925312901684109,1,
13111,3,8,1,2,0.521436189431535,1,
13113,1,8,1,2,0.6099717185524027,1,
13115,4,13,1,2,0.654991275314863,1,
13119,3,10,1,2,0.6024540551746923,1,
13127,3,8,1,2,0.6152653638914547,1,
13129,4,8,1,2,0.647260653755146,1,
13137,3,7,1,2,0.6156430509960088,1,
13139,2,19,1,2,0.6706099348513024,1,
13149,3,6,1,2,0.5934205282032339,1,
13151,2,11,1,2,0.7006556621455291,1,
13153,2,12,1,2,0.7113788914294497,1,
13155,4,7,1,2,0.6418935579594203,1,
13157,2,16,1,2,0.6032094410492901,1,
13163,4,9,1,2,0.6711428968799956,1,
13165,4,5,1,2,0.6376477836574638,1,
13167,4,5,1,2,0.6104733232088132,1,
13169,4,8,1,2,0.6893409576133065,1,
13175,4,15,1,2,0.6715579581065532,1,
13179,1,9,1,2,0.5743735397738015,1,
13189,4,4,1,2,0.6729024831439321,1,
13191,3,4,1,2,0.5879947337803572,1,
13193,4,10,1,2,0.6722333390329626,1,
13195,3,11,1,2,0.625599899486011,1,
13197,4,4,1,2,0.5944684545413003,1,
13215,4,11,1,2,0.734393588344912,1,
13217,3,11,1,2,0.7711196754334863,1,
13219,1,8,1,2,0.5838313527280268,1,
13223,1,11,1,2,0.6465627144939237,1,
13225,4,3,1,2,0.7469426856306975,1,
13227,2,9,1,2,0.5658535011998989,1,
13233,4,8,1,2,0.6781140768043371,1,
13235,4,5,1,2,0.6469596119810805,1,
13237,4,5,1,2,0.6129042885305743,1,
13247,2,9,1,2,0.7646867876931998,1,
13253,4,4,1,2,0.6120437464525448,1,
13257,3,5,1,2,0.6130319305420329,1,
13261,4,8,1,2,0.7117295949208222,1,
13267,4,6,1,2,0.6612979193532899,1,
13273,4,7,1,2,0.6510847113784203,1,
13275,3,9,1,2,0.6310758663384606,1,
13277,4,9,1,2,0.7204701504961164,1,
13279,4,3,1,2,0.6669802255263182,1,
13281,3,3,1,2,0.5147999488465151,1,
13285,4,7,1,2,0.6857513699073943,1,
13287,4,4,1,2,0.6611085298436554,1,
13291,3,4,1,2,0.5212733998910488,1,
13293,4,7,1,2,0.6704667164000666,1,
13295,3,14,1,2,0.6153336663000489,1,
13297,2,11,1,2,0.674774794412797,1,
13299,4,7,1,2,0.6935733541867483,1,
13301,4,9,1,2,0.6538551728220318,1,
13303,4,10,1,2,0.640529988855046,1,
13305,4,6,1,2,0.6442419288468806,1,
13309,4,4,1,2,0.5971626103674827,1,
13313,4,8,1,2,0.6587528040993201,1,
13315,4,8,1,2,0.5993200775575788,1,
13317,4,5,1,2,0.5654587874295295,1,
16001,1,17,1,2,0.5774797665838363,1,
16011,3,11,1,2,0.6254261425860052,1,
16013,2,8,1,2,0.5020529422872011,1,
16017,2,18,1,2,0.5277609430827296,1,
16019,2,14,1,2,0.6565895349859505,1,
16025,4,2,1,2,0.5821523294484646,1,
16031,3,9,1,2,0.6824880891805134,1,
16035,3,7,1,2,0.533555689505029,1,
16039,3,7,1,2,0.5962933170621684,1,
16041,1,7,1,2,0.5877997289397388,1,
16045,2,7,1,2,0.5978691873592327,1,
16047,3,6,1,2,0.5625896192253877,1,
16055,2,13,1,2,0.592279580130644,1,
16059,3,10,1,2,0.5305907132608393,1,
16069,2,10,1,2,0.6054448127617034,1,
16073,3,12,1,2,0.6505790358307819,1,
16075,3,7,1,2,0.6438442778002538,1,
16079,4,15,1,2,0.5562528440295285,1,
16081,1,5,1,2,0.5369813309558544,1,
16083,3,10,1,2,0.6807928821489273,1,
16087,4,5,1,2,0.5568089842860589,1,
17001,2,23,1,2,0.6044299512237867,1,
17003,1,8,1,2,0.48876598195707976,0,
17007,1,15,1,2,0.6655232565162562,1,
17011,2,30,1,2,0.6195722065890421,1,
17013,2,7,1,2,0.5440786833419151,1,
17017,3,7,1,2,0.6008627349860914,1,
17019,3,35,1,2,0.7079676910119346,1,
17021,2,20,1,2,0.6126261148356527,1,
17025,3,13,1,2,0.6053565908401813,1,
17027,1,17,1,2,0.6156980272741688,1,
17033,2,10,1,2,0.6070437055428312,1,
17039,2,13,1,2,0.6207049247251083,1,
17041,2,13,1,2,0.6219426433621763,1,
17043,1,43,1,2,0.6122627740887112,1,
17045,2,15,1,2,0.5764330914889423,1,
17049,2,15,1,2,0.6079225850182911,1,
17053,2,21,1,2,0.6156113578728248,1,
17055,4,19,1,2,0.6478513876744526,1,
17057,3,24,1,2,0.6081225370349462,1,
17059,4,9,1,2,0.592272143058258,1,
17063,1,16,1,2,0.6382030581385854,1,
17073,1,23,1,2,0.6079245433379988,1,
17075,2,25,1,2,0.616612095684915,1,
17081,3,17,1,2,0.6557702699419732,1,
17087,2,10,1,2,0.6073536324167488,1,
17091,2,21,1,2,0.7462766860113912,1,
17093,1,19,1,2,0.6247831737769582,1,
17095,3,22,1,2,0.6696180874189814,1,
17097,1,35,1,2,0.6561624496024644,1,
17099,2,28,1,2,0.6718157351229559,1,
17103,2,24,1,2,0.6359100923898074,1,
17105,3,29,1,2,0.670149670356653,1,
17107,1,20,1,2,0.6292388626648922,1,
17109,4,17,1,2,0.6965950216638843,1,
17111,1,24,1,2,0.618828771938328,1,
17113,2,33,1,2,0.7000382024343654,1,
17115,3,27,1,2,0.7381118788615023,1,
17117,2,28,1,2,0.6280294828570885,1,
17121,3,15,1,2,0.6433936956342945,1,
17123,2,19,1,2,0.5913335504371076,1,
17125,3,11,1,2,0.5881442273794,1,
17127,3,8,1,2,0.649794598100428,1,
17133,1,9,1,2,0.48003761881827484,0,
17137,3,16,1,2,0.6438076056372691,1,
17141,2,27,1,2,0.638332395341201,1,
17149,3,16,1,2,0.5725105674997567,1,
17157,2,18,1,2,0.6304177982362615,1,
17159,3,9,1,2,0.599362568249351,1,
17161,2,20,1,2,0.6909674789631259,1,
17165,4,11,1,2,0.6557394517055892,1,
17167,2,29,1,2,0.6740538110162723,1,
17171,2,9,1,2,0.5904934013195875,1,
17173,2,22,1,2,0.5775756597892845,1,
17179,1,21,1,2,0.6226312903030664,1,
17181,3,13,1,2,0.5802386859282812,1,
17183,3,27,1,2,0.6941310146473421,1,
17187,3,14,1,2,0.6643953797307673,1,
17189,1,13,1,2,0.5953813638733644,1,
17193,3,11,1,2,0.563977986043665,1,
17199,3,22,1,2,0.616232037669227,1,
17201,2,26,1,2,0.7444386781262593,1,
17203,1,16,1,2,0.5941456532097374,1,
18001,3,8,1,2,0.7428785422071668,1,
18003,2,33,1,2,0.7779714240761078,1,
18005,2,14,1,2,0.6193107699315585,1,
18009,3,7,1,2,0.7117333179204139,1,
18011,1,12,1,2,0.6253460189207475,1,
18013,1,9,1,2,0.5731937150418424,1,
18017,3,12,1,2,0.7420158422883221,1,
18019,2,15,1,2,0.7356869734809193,1,
18021,2,17,1,2,0.6754055009415685,1,
18023,3,12,1,2,0.7252383122897185,1,
18029,1,9,1,2,0.6445235729649629,1,
18035,4,21,1,2,0.8008570266734499,1,
18037,1,13,1,2,0.6302309914448989,1,
18039,2,17,1,2,0.794240028674324,1,
18043,2,10,1,2,0.6795696068529892,1,
18047,1,15,1,2,0.6101610403118152,1,
18051,2,16,1,2,0.6694929378644932,1,
18053,3,15,1,2,0.7789708484431042,1,
18055,2,16,1,2,0.6261728907363302,1,
18059,1,15,1,2,0.6712968426484449,1,
18061,2,16,1,2,0.6015826013782922,1,
18063,1,19,1,2,0.6377545808551563,1,
18067,2,10,1,2,0.7849862346863252,1,
18069,2,9,1,2,0.6951564355091007,1,
18071,3,8,1,2,0.620721295726943,1,
18073,1,13,1,2,0.6926836646332057,1,
18079,2,13,1,2,0.6288122749698579,1,
18081,1,12,1,2,0.6822725960477254,1,
18083,3,11,1,2,0.7421421400891791,1,
18085,1,21,1,2,0.6974914299693376,1,
18087,1,12,1,2,0.7646932672713955,1,
18091,3,15,1,2,0.7633750445490642,1,
18093,2,12,1,2,0.6353690986168045,1,
18095,3,18,1,2,0.7987506159872303,1,
18101,2,7,1,2,0.6060965633090938,1,
18105,1,18,1,2,0.8086574131612656,1,
18107,2,16,1,2,0.6552629658514945,1,
18109,1,14,1,2,0.6888620641628423,1,
18117,3,11,1,2,0.5803057414973253,1,
18123,2,14,1,2,0.5653629590838884,1,
18127,1,15,1,2,0.7153288865135263,1,
18129,1,7,1,2,0.6405626197574305,1,
18133,1,15,1,2,0.661090221583283,1,
18139,2,16,1,2,0.7003381801585448,1,
18141,3,24,1,2,0.7926860787340771,1,
18143,3,6,1,2,0.6209819739598832,1,
18145,2,17,1,2,0.7398038892911161,1,
18147,1,16,1,2,0.6025631201928991,1,
18149,3,11,1,2,0.736225487660238,1,
18153,3,13,1,2,0.6554537824744628,1,
18157,3,18,1,2,0.7597453551345575,1,
18163,3,11,1,2,0.7753195997068609,1,
18167,1,18,1,2,0.7774403524672695,1,
18169,2,14,1,2,0.675701771203922,1,
18173,1,12,1,2,0.6219546906714787,1,
18175,2,12,1,2,0.593163090420075,1,
18177,3,17,1,2,0.7574162797306399,1,
19003,2,9,1,2,0.5569282570511378,1,
19007,3,11,1,2,0.5625537624886173,1,
19009,2,11,1,2,0.5476535981745114,1,
19011,1,24,1,2,0.5783894116336397,1,
19013,3,17,1,2,0.6961747595049097,1,
19015,3,18,1,2,0.6230487987960031,1,
19021,2,13,1,2,0.5920026497674835,1,
19023,1,16,1,2,0.5655248797558063,1,
19027,1,16,1,2,0.5663512448596443,1,
19031,1,18,1,2,0.5735461815218247,1,
19037,1,9,1,2,0.5624521165504942,1,
19039,3,9,1,2,0.572623195300938,1,
19041,2,15,1,2,0.567951886947089,1,
19045,2,20,1,2,0.6227004391343628,1,
19049,1,25,1,2,0.580918497597835,1,
19057,3,12,1,2,0.6307629778625151,1,
19061,2,19,1,2,0.5930602043052121,1,
19067,3,13,1,2,0.5662171864872745,1,
19071,2,11,1,2,0.5585735388103116,1,
19077,1,18,1,2,0.5508712076956296,1,
19079,1,15,1,2,0.5692909880563192,1,
19087,2,11,1,2,0.591736876388065,1,
19095,1,21,1,2,0.5646010330083235,1,
19097,2,14,1,2,0.5612715266464002,1,
19099,1,19,1,2,0.5675013269883136,1,
19103,1,24,1,2,0.6632255519304234,1,
19105,2,16,1,2,0.5748755072742668,1,
19109,2,21,1,2,0.5515366808009515,1,
19111,3,12,1,2,0.6061288616261249,1,
19113,1,29,1,2,0.6088975649774446,1,
19121,1,14,1,2,0.564437335445702,1,
19123,2,20,1,2,0.5779208485071278,1,
19127,2,21,1,2,0.5993762671686353,1,
19129,1,11,1,2,0.5722679513211972,1,
19133,2,15,1,2,0.5482274794623314,1,
19145,2,12,1,2,0.5628378920355723,1,
19149,1,14,1,2,0.5913999106827168,1,
19151,2,16,1,2,0.5580201808442318,1,
19155,2,24,1,2,0.6070796895592847,1,
19157,2,17,1,2,0.5635242569323166,1,
19161,2,16,1,2,0.550845741772152,1,
19163,2,22,1,2,0.645874760131913,1,
19169,3,22,1,2,0.6164937434899602,1,
19179,3,12,1,2,0.6014201352023405,1,
19181,1,19,1,2,0.5778422868799613,1,
19187,3,22,1,2,0.6143454934480064,1,
19193,2,25,1,2,0.6660847141825811,1,
19197,2,16,1,2,0.556002546621002,1,
20001,3,11,1,2,0.6571682048770804,1,
20005,2,10,1,2,0.6216198126327865,1,
20009,3,10,1,2,0.5951154608674195,1,
20011,4,13,1,2,0.6075153953643881,1,
20015,2,20,1,2,0.6207174382830437,1,
20019,4,10,1,2,0.5541598335546506,1,
20021,1,13,1,2,0.485883377833051,0,
20027,1,10,1,2,0.5512700434078573,1,
20029,3,8,1,2,0.5574702044686932,1,
20035,3,14,1,2,0.6770617143373259,1,
20037,1,15,1,2,0.5488070722566554,1,
20039,2,8,1,2,0.49170910229852527,0,
20041,2,12,1,2,0.6051314068486486,1,
20045,1,12,1,2,0.6596551770996909,1,
20047,3,7,1,2,0.5339574356116523,1,
20051,3,11,1,2,0.6057449379924842,1,
20055,3,7,1,2,0.6349414137474713,1,
20057,4,10,1,2,0.6460669234182272,1,
20059,2,13,1,2,0.6228611163170323,1,
20061,3,8,1,2,0.7583811452908179,1,
20067,2,3,1,2,0.5931049727518435,1,
20073,3,11,1,2,0.5659449221487791,1,
20079,1,13,1,2,0.6058749244333924,1,
20083,2,8,1,2,0.5490579562958603,1,
20085,2,18,1,2,0.5768061624436405,1,
20087,2,15,1,2,0.6044253227718702,1,
20095,1,12,1,2,0.5508905022129958,1,
20097,2,7,1,2,0.5331367121373921,1,
20099,4,13,1,2,0.6757704153295601,1,
20103,1,13,1,2,0.6458057951999786,1,
20111,3,12,1,2,0.7331264660570206,1,
20113,1,12,1,2,0.5879860169663509,1,
20121,1,11,1,2,0.5739277803655263,1,
20125,3,13,1,2,0.7061100283378784,1,
20127,2,9,1,2,0.5821828339288968,1,
20129,2,5,1,2,0.5638284223051012,1,
20133,4,11,1,2,0.6625255057867774,1,
20135,3,9,1,2,0.49700462759785063,0,
20139,2,15,1,2,0.6123035762017316,1,
20147,2,9,1,2,0.5490491913372483,1,
20149,2,12,1,2,0.6570591667879138,1,
20155,2,22,1,2,0.6534027308597912,1,
20159,2,13,1,2,0.5632327586310966,1,
20161,3,14,1,2,0.41456371812029114,0,
20163,2,10,1,2,0.5579566089431914,1,
20167,2,11,1,2,0.5413524314893529,1,
20169,2,9,1,2,0.6396208238948858,1,
20175,4,6,1,2,0.7125427019278334,1,
20179,1,11,1,2,0.4230627227459278,0,
20201,2,15,1,2,0.5475915368424578,1,
20205,4,10,1,2,0.6410473643846839,1,
21001,4,10,1,2,0.5954219318165257,1,
21003,4,6,1,2,0.6279325246053321,1,
21009,4,11,1,2,0.6747698089983666,1,
21011,4,8,1,2,0.6055953902302633,1,
21013,4,11,1,2,0.6341541048267698,1,
21015,1,9,1,2,0.6829341738513346,1,
21019,3,4,1,2,0.709959447383192,1,
21021,3,5,1,2,0.6636179064910387,1,
21023,3,7,1,2,0.5916714452651661,1,
21027,3,18,1,2,0.5781938976735195,1,
21029,1,11,1,2,0.7278116313103865,1,
21033,3,6,1,2,0.5682921343876925,1,
21037,2,10,1,2,0.7012973825826246,1,
21041,4,8,1,2,0.7072225031913862,1,
21047,4,15,1,2,0.7326261912095314,1,
21049,3,4,1,2,0.662507626392627,1,
21051,4,10,1,2,0.6095497030877173,1,
21057,4,3,1,2,0.5401197060391347,1,
21059,3,10,1,2,0.7541787743184329,1,
21061,4,12,1,2,0.611126413842566,1,
21063,4,6,1,2,0.5982816848809995,1,
21067,2,17,1,2,0.6792076458293423,1,
21069,4,7,1,2,0.6253589621662017,1,
21071,4,33,1,2,0.6181541955938009,1,
21073,2,5,1,2,0.6328286138740965,1,
21075,4,3,1,2,0.660490831010012,1,
21077,3,6,1,2,0.6799846280425559,1,
21079,3,5,1,2,0.6315574985998156,1,
21081,3,8,1,2,0.6773103286954453,1,
21083,4,18,1,2,0.6778749205431421,1,
21085,4,9,1,2,0.6023798779254147,1,
21093,2,17,1,2,0.7193885429501825,1,
21097,3,6,1,2,0.6118598304348704,1,
21099,4,10,1,2,0.5957240136618736,1,
21101,3,8,1,2,0.7473412087705995,1,
21103,3,13,1,2,0.6263242665934816,1,
21105,4,7,1,2,0.6084511658404692,1,
21107,4,13,1,2,0.6658810646872391,1,
21113,3,4,1,2,0.6650653191215891,1,
21115,4,19,1,2,0.6261674861909705,1,
21117,2,12,1,2,0.7093246370566862,1,
21119,4,24,1,2,0.6265799312639815,1,
21121,4,19,1,2,0.6137576368011264,1,
21125,4,8,1,2,0.6751955254733536,1,
21127,4,10,1,2,0.62671149951407,1,
21133,1,26,1,2,0.485542638283905,0,
21137,4,11,1,2,0.6222026610806326,1,
21141,4,7,1,2,0.6399342911098558,1,
21145,3,7,1,2,0.7374617805185366,1,
21149,2,7,1,2,0.6280881126786368,1,
21151,1,5,1,2,0.7078312621450054,1,
21153,4,4,1,2,0.598761809616836,1,
21159,4,9,1,2,0.6064134742219345,1,
21161,4,5,1,2,0.6510486194607146,1,
21163,2,12,1,2,0.6511587271286475,1,
21167,2,5,1,2,0.6084311117830559,1,
21171,4,6,1,2,0.5442082701201674,1,
21173,4,5,1,2,0.692459561937869,1,
21175,4,8,1,2,0.5922091795404718,1,
21179,1,9,1,2,0.6251026165334413,1,
21183,3,16,1,2,0.5827929918009486,1,
21185,1,11,1,2,0.5962838143490724,1,
21191,3,10,1,2,0.6084601222139367,1,
21195,4,39,1,2,0.6184835859842026,1,
21197,4,4,1,2,0.6344235066368517,1,
21199,4,11,1,2,0.6570009950653366,1,
21201,4,7,1,2,0.5551321210189898,1,
21203,4,7,1,2,0.6263046910506149,1,
21205,4,4,1,2,0.6144281646375865,1,
21207,4,7,1,2,0.6178587746518558,1,
21209,2,6,1,2,0.6563922396533112,1,
21211,2,14,1,2,0.6905113067031284,1,
21217,4,6,1,2,0.634284098456519,1,
21221,2,5,1,2,0.5702619558492349,1,
21225,4,5,1,2,0.6575218268777498,1,
21227,3,9,1,2,0.6677261532393931,1,
21231,4,5,1,2,0.6168648346692366,1,
21235,4,7,1,2,0.6541321367605866,1,
21237,4,5,1,2,0.6102793523229986,1,
21239,2,3,1,2,0.6194534019489861,1,
22001,4,15,1,2,0.7134387265316411,1,
22003,3,13,1,2,0.6038158297187632,1,
22005,1,8,1,2,0.657263005331916,1,
22009,4,15,1,2,0.6423432898522499,1,
22011,3,9,1,2,0.6052650030500514,1,
22013,4,13,1,2,0.6173363742064627,1,
22019,3,16,1,2,0.7525790335391674,1,
22021,4,4,1,2,0.5773088435771071,1,
22023,4,8,1,2,0.7516768066483108,1,
22027,4,11,1,2,0.6339622483639591,1,
22031,4,10,1,2,0.6054218557065407,1,
22039,4,12,1,2,0.6744913417450912,1,
22041,4,7,1,2,0.6578971621796579,1,
22043,3,8,1,2,0.5773447677146392,1,
22045,4,10,1,2,0.7426400614946378,1,
22047,3,8,1,2,0.7768879536487903,1,
22049,4,7,1,2,0.6586411406803101,1,
22053,3,10,1,2,0.6848220987476696,1,
22055,1,16,1,2,0.6763207208745009,1,
22057,3,14,1,2,0.6911690821950559,1,
22063,2,17,1,2,0.6585896706424371,1,
22065,4,4,1,2,0.6958857362578222,1,
22069,4,16,1,2,0.6898271385344598,1,
22077,3,17,1,2,0.6599453853857451,1,
22079,4,27,1,2,0.6869345193163885,1,
22083,4,6,1,2,0.6769948422472698,1,
22087,4,6,1,2,0.8464347514045526,1,
22089,1,10,1,2,0.6659177121761092,1,
22093,3,7,1,2,0.7466007397822129,1,
22095,3,6,1,2,0.8033480128336932,1,
22099,4,8,1,2,0.696645523225689,1,
22101,4,8,1,2,0.7264265472415068,1,
22103,2,17,1,2,0.6113921433712647,1,
22105,1,20,1,2,0.6359239477919872,1,
22107,4,4,1,2,0.6027453854468533,1,
22109,3,13,1,2,0.7312112897511649,1,
22111,3,10,1,2,0.5927542456498258,1,
22113,3,12,1,2,0.664320350864481,1,
22115,3,13,1,2,0.6239804396019684,1,
22117,4,6,1,2,0.6251044924152293,1,
22119,4,12,1,2,0.668214811332707,1,
22121,2,5,1,2,0.7645393089075143,1,
22123,4,4,1,2,0.5727800097273045,1,
22127,4,12,1,2,0.594778489067283,1,
23001,2,14,1,2,0.6060347417482466,1,
23005,1,38,1,2,0.5657939886777161,1,
23007,1,18,1,2,0.42831052029789546,0,
23009,2,40,1,2,0.5575530045591619,1,
23011,2,27,1,2,0.5843807440262925,1,
23013,1,19,1,2,0.5310149253759997,1,
23017,1,33,1,2,0.5281353722318343,1,
23019,1,47,1,2,0.5830246764034641,1,
23021,3,16,1,2,0.5112630094016875,1,
23025,4,24,1,2,0.5534385218155159,1,
23027,2,18,1,2,0.5617243563183142,1,
23031,1,36,1,2,0.5838343933918363,1,
24001,3,15,1,2,0.602747302147697,1,
24011,3,10,1,2,0.719794378854596,1,
24013,1,15,1,2,0.5699917238750105,1,
24017,1,24,1,2,0.6057375937034707,1,
24019,3,18,1,2,0.6864067582360038,1,
24021,1,34,1,2,0.5745868477038771,1,
24027,1,24,1,2,0.5742117693056739,1,
24029,2,9,1,2,0.615995002385322,1,
24035,1,16,1,2,0.5988524373981374,1,
24037,1,26,1,2,0.5873996542948883,1,
24039,1,11,1,2,0.6652787252230226,1,
24041,1,16,1,2,0.5868233693795858,1,
24043,1,20,1,2,0.5537377996785147,1,
24047,2,12,1,2,0.6308578281765561,1,
25001,1,47,1,2,0.5968757150976275,1,
25005,2,36,1,2,0.7182443818014016,1,
25011,2,32,1,2,0.5735163227350385,1,
25013,2,41,1,2,0.7616835675839732,1,
25015,1,28,1,2,0.5392364052587504,1,
25023,1,34,1,2,0.6293945338796562,1,
25025,3,36,1,2,0.7893987032198367,1,
25027,1,87,1,2,0.6597385327991218,1,
26005,2,24,1,2,0.6997267187785552,1,
26009,2,16,1,2,0.5811949131748905,1,
26011,3,10,1,2,0.6654489239977359,1,
26013,3,7,1,2,0.554276503371404,1,
26015,1,15,1,2,0.6409723767420721,1,
26017,2,16,1,2,0.7634844271012006,1,
26021,1,23,1,2,0.6499428065644511,1,
26023,3,13,1,2,0.7253171127970214,1,
26025,3,22,1,2,0.7484301296152571,1,
26027,2,14,1,2,0.7265975131395945,1,
26041,3,13,1,2,0.6178473940598976,1,
26045,1,19,1,2,0.6986043678694842,1,
26049,3,34,1,2,0.780775547134246,1,
26055,1,9,1,2,0.6105588336536616,1,
26059,3,18,1,2,0.6886758699522612,1,
26061,4,20,1,2,0.587391255213548,1,
26063,2,18,1,2,0.6501081370635522,1,
26065,1,22,1,2,0.8175001540254416,1,
26067,2,21,1,2,0.6710659938730481,1,
26073,4,15,1,2,0.7452940974882378,1,
26075,2,29,1,2,0.7415922037802117,1,
26077,2,25,1,2,0.7125811456225586,1,
26081,2,39,1,2,0.7331511054321369,1,
26087,2,22,1,2,0.6690456210388926,1,
26091,2,23,1,2,0.6858763293512716,1,
26093,1,20,1,2,0.6023701036155679,1,
26099,2,39,1,2,0.7975105494513715,1,
26101,2,15,1,2,0.586629793973423,1,
26103,2,15,1,2,0.5848419961998129,1,
26115,1,25,1,2,0.7265440702218593,1,
26121,3,20,1,2,0.7815822877012546,1,
26123,3,21,1,2,0.6733923297899621,1,
26127,3,12,1,2,0.6640924125409478,1,
26137,3,7,1,2,0.6106772355839539,1,
26139,1,22,1,2,0.6623172280834254,1,
26141,2,7,1,2,0.5346560218272897,1,
26145,3,28,1,2,0.7608655619225396,1,
26147,2,23,1,2,0.7200143438828734,1,
26149,3,13,1,2,0.7332646870415539,1,
26151,3,22,1,2,0.66513471417421,1,
26155,2,19,1,2,0.6820650722928916,1,
26157,3,21,1,2,0.6690597489693146,1,
26159,3,22,1,2,0.716029219538736,1,
26161,2,27,1,2,0.6668467803901929,1,
27001,2,12,1,2,0.5276274037286232,1,
27003,1,20,1,2,0.5995508146399682,1,
27005,2,16,1,2,0.5694291970901504,1,
27007,3,18,1,2,0.5894287398666372,1,
27009,1,9,1,2,0.5781407281078847,1,
27025,1,15,1,2,0.5710233571443545,1,
27027,2,15,1,2,0.591546034756486,1,
27037,1,22,1,2,0.5772273135856155,1,
27041,1,17,1,2,0.5612967490399933,1,
27047,2,18,1,2,0.595317449414033,1,
27049,1,17,1,2,0.5712149942576052,1,
27057,2,10,1,2,0.559223300041419,1,
27061,2,30,1,2,0.5626799229743226,1,
27079,1,13,1,2,0.5761013812676976,1,
27083,3,14,1,2,0.5811944897366734,1,
27095,2,12,1,2,0.5681526002588525,1,
27097,2,20,1,2,0.565232299508085,1,
27099,2,19,1,2,0.5826167181655628,1,
27109,1,19,1,2,0.5687036247839892,1,
27111,1,34,1,2,0.5564982711769677,1,
27115,2,16,1,2,0.5640087965504401,1,
27119,2,25,1,2,0.5724266457337377,1,
27123,2,26,1,2,0.648628874245699,1,
27127,2,22,1,2,0.5547229380764616,1,
27129,2,16,1,2,0.5586327126401152,1,
27131,1,16,1,2,0.5966403726850309,1,
27135,1,11,1,2,0.5602425519274558,1,
27139,1,10,1,2,0.5736881512986468,1,
27141,1,9,1,2,0.5790188553332513,1,
27145,2,33,1,2,0.6216232091542567,1,
27151,3,11,1,2,0.5510057472972315,1,
27153,2,19,1,2,0.5599452697734772,1,
27163,1,19,1,2,0.575303153862855,1,
27169,2,14,1,2,0.5776113800296793,1,
27171,1,19,1,2,0.5790785742907735,1,
28001,4,2,1,2,0.5971255594254274,1,
28003,4,5,1,2,0.5765838672997358,1,
28007,4,11,1,2,0.5625213427484493,1,
28011,4,17,1,2,0.7888941138618683,1,
28013,4,11,1,2,0.5554549526080271,1,
28015,4,13,1,2,0.6141557360426066,1,
28019,4,9,1,2,0.5430109595931824,1,
28023,4,9,1,2,0.5795647670353176,1,
28025,4,8,1,2,0.6208369955892872,1,
28027,4,11,1,2,0.7876227139054472,1,
28029,4,9,1,2,0.5810552717746111,1,
28031,4,8,1,2,0.5999830673086749,1,
28033,1,10,1,2,0.6478239968933905,1,
28035,1,8,1,2,0.620052892388238,1,
28037,4,8,1,2,0.5405661418885154,1,
28039,4,3,1,2,0.5568244164533109,1,
28041,3,7,1,2,0.5531960688898783,1,
28043,4,7,1,2,0.6082694791296099,1,
28045,3,10,1,2,0.5802287438471152,1,
28051,4,9,1,2,0.5961181492556948,1,
28057,3,10,1,2,0.5683622494240362,1,
28061,4,14,1,2,0.5540436009930065,1,
28065,4,9,1,2,0.5834821842202702,1,
28069,4,11,1,2,0.5649884696434888,1,
28071,4,13,1,2,0.7792110794029417,1,
28073,3,6,1,2,0.5773052960909136,1,
28075,1,12,1,2,0.5529762053180078,1,
28081,3,15,1,2,0.6219853128651813,1,
28083,4,11,1,2,0.7323531088716839,1,
28085,4,12,1,2,0.5719790930727748,1,
28087,3,8,1,2,0.617228341172487,1,
28089,1,12,1,2,0.5834509365727961,1,
28091,4,8,1,2,0.5901563129028269,1,
28093,3,8,1,2,0.6486579989053611,1,
28095,4,12,1,2,0.5862426625878467,1,
28097,4,7,1,2,0.5611895846391177,1,
28099,4,8,1,2,0.6034945566642609,1,
28101,4,11,1,2,0.5688208858584389,1,
28103,4,6,1,2,0.6141817789704139,1,
28107,4,11,1,2,0.6647975313067539,1,
28109,3,5,1,2,0.5644581314356126,1,
28113,4,8,1,2,0.6431172665466115,1,
28115,4,11,1,2,0.608135443368421,1,
28119,4,10,1,2,0.674158293551439,1,
28121,1,12,1,2,0.5912023375261546,1,
28123,4,10,1,2,0.5998041600363564,1,
28127,3,10,1,2,0.5942165737514415,1,
28131,4,6,1,2,0.5586875242249981,1,
28133,4,16,1,2,0.79557122587704,1,
28135,4,18,1,2,0.622681617392519,1,
28137,3,5,1,2,0.6746035799861394,1,
28141,4,9,1,2,0.5479565534610369,1,
28145,3,11,1,2,0.5833086556340614,1,
28147,4,6,1,2,0.5772458721939364,1,
28153,4,7,1,2,0.5850703540693829,1,
28159,4,10,1,2,0.5739562931069615,1,
28161,4,7,1,2,0.5594511008207599,1,
28163,4,8,1,2,0.6128088993915384,1,
29001,4,9,1,2,0.6280432171296748,1,
29009,4,17,1,2,0.58975813665687,1,
29011,4,8,1,2,0.5819906360284856,1,
29013,3,13,1,2,0.5394543645698713,1,
29015,3,13,1,2,0.5228715228856267,1,
29017,4,13,1,2,0.5367934060392552,1,
29019,1,13,1,2,0.6004884781369354,1,
29021,3,15,1,2,0.723293629697755,1,
29023,4,10,1,2,0.6195150080070095,1,
29025,3,10,1,2,0.5950608397391111,1,
29029,3,18,1,2,0.5336378875526044,1,
29031,3,19,1,2,0.6481241283265321,1,
29033,3,10,1,2,0.5482232343194676,1,
29035,3,5,1,2,0.5136095359660294,1,
29037,1,18,1,2,0.6056420931744808,1,
29039,4,9,1,2,0.5080832030690707,1,
29041,3,12,1,2,0.5456246673677393,1,
29043,1,21,1,2,0.5669785741577331,1,
29049,1,11,1,2,0.5907490568958826,1,
29051,1,9,1,2,0.5902652443990521,1,
29055,4,12,1,2,0.5369246459396362,1,
29057,3,13,1,2,0.541550187647597,1,
29059,4,13,1,2,0.5589378289668607,1,
29063,2,10,1,2,0.5899667147096057,1,
29065,4,8,1,2,0.5352485289718097,1,
29067,4,16,1,2,0.5327746230986182,1,
29069,4,14,1,2,0.6925802116008349,1,
29071,1,23,1,2,0.6139356220684222,1,
29079,3,7,1,2,0.5644174330653897,1,
29083,4,11,1,2,0.5416985705409216,1,
29085,4,13,1,2,0.4894637758044251,0,
29091,4,12,1,2,0.5647429224318453,1,
29093,3,16,1,2,0.5197051929158246,1,
29099,1,24,1,2,0.6366654838376036,1,
29103,4,12,1,2,0.5199033322243011,1,
29105,4,12,1,2,0.557307736989225,1,
29107,2,16,1,2,0.6056256769771842,1,
29109,3,21,1,2,0.5746052114068176,1,
29113,2,17,1,2,0.6468604114042403,1,
29115,3,15,1,2,0.5398355693762826,1,
29117,3,12,1,2,0.5727467633200836,1,
29119,1,14,1,2,0.45625010293600854,0,
29121,2,15,1,2,0.5463390031650852,1,
29123,3,7,1,2,0.5244812462384543,1,
29127,3,10,1,2,0.5949036947247665,1,
29131,3,17,1,2,0.5289214959413221,1,
29133,4,6,1,2,0.7150851470111691,1,
29135,2,13,1,2,0.566095120742951,1,
29139,3,11,1,2,0.5513341826473943,1,
29143,4,17,1,2,0.7027016428843006,1,
29145,3,15,1,2,0.6120916677695295,1,
29147,4,18,1,2,0.6001368663533577,1,
29153,4,18,1,2,0.5004018361389556,1,
29159,3,15,1,2,0.6304756036821173,1,
29161,4,11,1,2,0.5839339129290505,1,
29163,1,12,1,2,0.4815000884329762,0,
29165,1,18,1,2,0.6017047704778002,1,
29169,2,11,1,2,0.5940520315757196,1,
29175,3,12,1,2,0.6380985157730931,1,
29177,2,12,1,2,0.6226481133270783,1,
29181,4,9,1,2,0.5195289080698304,1,
29183,1,14,1,2,0.6241930651291566,1,
29185,4,16,1,2,0.4978849620963073,0,
29186,2,8,1,2,0.5676135926226672,1,
29187,3,15,1,2,0.5859497044250365,1,
29195,3,13,1,2,0.6125585070974604,1,
29197,3,6,1,2,0.5443349873216984,1,
29199,3,10,1,2,0.5370559134548024,1,
29201,4,14,1,2,0.7098387565374832,1,
29207,1,13,1,2,0.5789141649211402,1,
29209,1,17,1,2,0.5338562480945512,1,
29211,3,13,1,2,0.5240483096400582,1,
29213,3,20,1,2,0.5901227160957705,1,
29215,4,21,1,2,0.4814322062792905,0,
29217,4,13,1,2,0.5894380985240781,1,
29219,3,9,1,2,0.6033603245299533,1,
29223,4,14,1,2,0.4993724195945177,0,
29225,3,9,1,2,0.5818313161583218,1,
29229,4,11,1,2,0.552140415170583,1,
30003,4,18,1,2,0.7184736297145429,1,
30005,4,9,1,2,0.5982718166358884,1,
30013,3,18,1,2,0.6242427097817101,1,
30015,2,13,1,2,0.5861603628397053,1,
30021,1,8,1,2,0.5522621929401579,1,
30029,2,16,1,2,0.5645377505857019,1,
30035,4,5,1,2,0.6620668137525528,1,
30047,3,15,1,2,0.5654572282777688,1,
30049,1,9,1,2,0.5626397174667055,1,
30053,4,6,1,2,0.4812017476568139,0,
30061,4,5,1,2,0.5351081300210018,1,
30073,3,6,1,2,0.5550445188702969,1,
30081,2,9,1,2,0.5456362169079029,1,
30087,3,8,1,2,0.5870475085273519,1,
30105,3,12,1,2,0.5456192193813859,1,
30111,2,16,1,2,0.6259990111573662,1,
31001,2,14,1,2,0.5727989940223887,1,
31003,2,11,1,2,0.5378400086779176,1,
31007,2,8,1,2,0.5611906158954331,1,
31011,2,8,1,2,0.5483908647547133,1,
31013,2,3,1,2,0.560658477216575,1,
31023,1,14,1,2,0.5564727703456092,1,
31025,1,20,1,2,0.5654444254913225,1,
31029,2,7,1,2,0.5454548452549057,1,
31033,1,5,1,2,0.5585432934380344,1,
31041,1,21,1,2,0.4107908785265239,0,
31045,2,6,1,2,0.557659910177918,1,
31061,2,8,1,2,0.5357607803548422,1,
31067,2,18,1,2,0.5632140559107697,1,
31075,2,3,1,2,0.547768411091136,1,
31079,2,11,1,2,0.5784492093628093,1,
31083,2,8,1,2,0.5410051641834706,1,
31093,1,11,1,2,0.5518201840507403,1,
31095,3,12,1,2,0.5429930785481022,1,
31109,2,42,1,2,0.5829006129466223,1,
31111,2,14,1,2,0.5607271826693333,1,
31119,2,8,1,2,0.5689554613880274,1,
31131,1,19,1,2,0.5599259832767973,1,
31135,1,10,1,2,0.5482134813887927,1,
31141,1,11,1,2,0.5638448027047815,1,
31153,1,13,1,2,0.5711959984962952,1,
31155,1,18,1,2,0.5623040109283586,1,
31157,3,8,1,2,0.588043097334541,1,
31161,2,9,1,2,0.5479807273476685,1,
31173,4,10,1,2,0.6390322999006438,1,
31177,1,15,1,2,0.5692757521222117,1,
31179,2,11,1,2,0.5620105987908819,1,
31185,1,15,1,2,0.5605702475051333,1,
32001,2,2,1,2,0.7278908427984425,1,
32005,1,9,1,2,0.632089388105161,1,
32007,1,14,1,2,0.6440731255110435,1,
32013,1,7,1,2,0.5139389750090906,1,
32017,1,5,1,2,0.5246022811848434,1,
32019,3,9,1,2,0.7081175264836328,1,
32021,3,5,1,2,0.5753382886473917,1,
32033,2,7,1,2,0.5727613124958781,1,
33005,1,27,1,2,0.5652750764341464,1,
33007,2,16,1,2,0.5561196836553968,1,
33009,1,37,1,2,0.554938761571494,1,
33011,1,34,1,2,0.5845323623084936,1,
33013,1,31,1,2,0.5637894623868621,1,
33015,1,37,1,2,0.5606771015892292,1,
34009,1,15,1,2,0.621940171222497,1,
34011,1,22,1,2,0.6793905007997441,1,
34015,1,30,1,2,0.6399234336428683,1,
34019,1,26,1,2,0.5623993233260011,1,
34021,1,25,1,2,0.6751123883440855,1,
34027,1,56,1,2,0.5614268145017806,1,
34031,2,33,1,2,0.7157133367174918,1,
34033,2,14,1,2,0.6871383567564978,1,
34035,1,32,1,2,0.5779919934494427,1,
34037,1,21,1,2,0.5667542164900675,1,
34041,1,19,1,2,0.5807120979514955,1,
35005,4,9,1,2,0.7496069821198621,1,
35007,4,9,1,2,0.5646073588603429,1,
35009,1,7,1,2,0.7333469978700711,1,
35015,3,8,1,2,0.6119762294941642,1,
35017,4,16,1,2,0.5780199556939036,1,
35019,2,5,1,2,0.5622121323149014,1,
35025,3,7,1,2,0.7976950323904739,1,
35029,4,3,1,2,0.5775479325629682,1,
35035,4,18,1,2,0.6913895965686118,1,
35037,4,10,1,2,0.5851440981625324,1,
35039,1,37,1,2,0.5106896035746611,1,
35041,4,9,1,2,0.6690772297362103,1,
35043,1,21,1,2,0.7017465046427893,1,
35049,2,15,1,2,0.6390765173189439,1,
35051,4,10,1,2,0.5967133165140088,1,
35053,4,14,1,2,0.748327106005404,1,
35055,4,21,1,2,0.5689465437633611,1,
35061,4,8,1,2,0.7624016427531619,1,
36001,2,46,1,2,0.6566557842205403,1,
36003,3,37,1,2,0.5645777536860282,1,
36007,3,31,1,2,0.6254500007591222,1,
36009,1,36,1,2,0.4517868805048525,0,
36011,1,26,1,2,0.5437314649745738,1,
36013,3,36,1,2,0.6549157769858435,1,
36015,2,22,1,2,0.6204388358660664,1,
36021,2,36,1,2,0.6020422782237025,1,
36023,3,17,1,2,0.6458275503744192,1,
36027,1,35,1,2,0.6064727122034757,1,
36031,2,34,1,2,0.5449177484713376,1,
36033,3,23,1,2,0.5818802369457605,1,
36037,2,18,1,2,0.62320980364001,1,
36039,2,42,1,2,0.5790666342887467,1,
36041,2,13,1,2,0.5079952164812656,1,
36043,3,28,1,2,0.5949350026728952,1,
36045,3,39,1,2,0.655682647236681,1,
36053,1,31,1,2,0.6078994899416893,1,
36055,1,50,1,2,0.7495820276186482,1,
36057,3,20,1,2,0.6410048394148424,1,
36063,1,22,1,2,0.76224011161959,1,
36065,2,54,1,2,0.6637221302737896,1,
36071,1,51,1,2,0.6309617317498833,1,
36073,3,15,1,2,0.7300326380169281,1,
36075,3,27,1,2,0.6602229784810798,1,
36077,3,43,1,2,0.563050783794805,1,
36083,2,29,1,2,0.6321655356189637,1,
36089,3,49,1,2,0.6039946604819184,1,
36091,1,27,1,2,0.5713562106209591,1,
36093,1,19,1,2,0.6369884754091483,1,
36099,2,14,1,2,0.6949869087208287,1,
36101,3,39,1,2,0.5822452176895843,1,
36105,2,62,1,2,0.6105496432706392,1,
36107,2,15,1,2,0.5817297477011314,1,
36109,1,17,1,2,0.6731461395734561,1,
36111,2,63,1,2,0.6005299980896437,1,
36115,2,27,1,2,0.6001586657006539,1,
36117,2,20,1,2,0.6338776228252285,1,
37001,3,12,1,2,0.6167240166593781,1,
37003,2,8,1,2,0.5727844600284946,1,
37007,4,8,1,2,0.6006284484764614,1,
37013,4,15,1,2,0.5813147377506264,1,
37015,4,10,1,2,0.5786122568564778,1,
37017,4,18,1,2,0.6022423630678437,1,
37019,2,14,1,2,0.5636689466203176,1,
37021,2,19,1,2,0.5664133111550275,1,
37023,4,16,1,2,0.5785981720089259,1,
37025,2,16,1,2,0.6200388283214425,1,
37027,3,10,1,2,0.5798595654861022,1,
37031,2,19,1,2,0.5599423043368672,1,
37035,2,14,1,2,0.6079103249844606,1,
37037,1,18,1,2,0.5654363766190598,1,
37039,3,4,1,2,0.5149987258871311,1,
37041,3,4,1,2,0.5709663492995805,1,
37043,3,5,1,2,0.49342541764893905,0,
37045,1,13,1,2,0.677467939191489,1,
37047,4,16,1,2,0.60703913195542,1,
37049,2,11,1,2,0.5877726164189558,1,
37051,1,24,1,2,0.6057228493204336,1,
37053,1,15,1,2,0.5626862894930487,1,
37055,1,14,1,2,0.5764535308383236,1,
37057,3,12,1,2,0.6172982973819209,1,
37059,2,6,1,2,0.5691027527773415,1,
37061,4,19,1,2,0.605699121053442,1,
37063,2,16,1,2,0.6023500340597392,1,
37065,4,15,1,2,0.6817525703768227,1,
37067,1,22,1,2,0.49959532994704553,0,
37069,3,13,1,2,0.5952261691424624,1,
37071,3,18,1,2,0.6579999353335888,1,
37077,3,12,1,2,0.584657416575911,1,
37079,4,11,1,2,0.6287128140900708,1,
37083,4,9,1,2,0.6291918981398995,1,
37085,3,16,1,2,0.6018976036661337,1,
37089,2,15,1,2,0.556676039538337,1,
37091,4,9,1,2,0.5626008960065801,1,
37093,3,9,1,2,0.675650630779652,1,
37101,2,21,1,2,0.6000331596209314,1,
37105,3,4,1,2,0.6116360421904671,1,
37107,4,10,1,2,0.6435302520358533,1,
37109,2,11,1,2,0.6087239599565105,1,
37111,3,9,1,2,0.5475417741799664,1,
37125,2,18,1,2,0.5635611315848177,1,
37127,3,15,1,2,0.6317803599299928,1,
37129,3,10,1,2,0.5970335518632242,1,
37131,4,12,1,2,0.5353730683480472,1,
37133,3,16,1,2,0.6140262676636232,1,
37135,2,14,1,2,0.5663614748210783,1,
37141,3,13,1,2,0.575288363735361,1,
37147,4,17,1,2,0.6466336461883067,1,
37151,3,24,1,2,0.5962344848890915,1,
37153,4,11,1,2,0.6577062026036428,1,
37157,3,11,1,2,0.5990031256034267,1,
37159,3,19,1,2,0.6335351092210008,1,
37161,1,16,1,2,0.5204611528543198,1,
37163,4,17,1,2,0.6343065894384363,1,
37165,4,7,1,2,0.6836632172949306,1,
37169,2,16,1,2,0.5638481684600869,1,
37171,4,12,1,2,0.5789083217566182,1,
37175,3,10,1,2,0.5272493803522924,1,
37179,1,12,1,2,0.6040470872116623,1,
37181,4,8,1,2,0.689012636670751,1,
37185,4,8,1,2,0.5685281832210376,1,
37187,4,4,1,2,0.5755437860363352,1,
37189,4,10,1,2,0.5807741414568661,1,
37191,1,14,1,2,0.6462890973153603,1,
37193,4,23,1,2,0.5471424423015662,1,
37195,4,17,1,2,0.662224532114797,1,
38015,1,12,1,2,0.5657347388619276,1,
38027,2,7,1,2,0.5200987268528094,1,
38035,1,22,1,2,0.5566725102404351,1,
38037,2,13,1,2,0.5230248258242822,1,
38067,1,13,1,2,0.5415185223516645,1,
38073,1,11,1,2,0.5417277326183901,1,
38085,4,9,1,2,0.6617506489443931,1,
38099,2,16,1,2,0.5348006508431575,1,
38101,1,24,1,2,0.45187688725293795,0,
39001,4,11,1,2,0.6007637245544503,1,
39007,4,19,1,2,0.6993065298909512,1,
39009,4,18,1,2,0.6318318715384109,1,
39013,2,27,1,2,0.5949190209979884,1,
39017,2,17,1,2,0.7632086893762884,1,
39019,2,20,1,2,0.5860840271380721,1,
39023,3,22,1,2,0.7578032097620595,1,
39025,1,23,1,2,0.6564824982837391,1,
39037,2,25,1,2,0.6809984642741341,1,
39041,1,24,1,2,0.5944154046123364,1,
39045,1,19,1,2,0.6201958860261017,1,
39055,1,20,1,2,0.5948756483815533,1,
39059,3,20,1,2,0.6066443772710726,1,
39063,1,24,1,2,0.6190077194366621,1,
39065,3,15,1,2,0.6886888823485207,1,
39071,4,15,1,2,0.6485900469867223,1,
39073,3,16,1,2,0.5807462668862621,1,
39075,1,18,1,2,0.6176646537648224,1,
39077,2,14,1,2,0.661558235701961,1,
39079,4,11,1,2,0.6222249721622009,1,
39081,3,23,1,2,0.6662369889865488,1,
39085,1,11,1,2,0.6733997539912537,1,
39087,3,14,1,2,0.6648391811653986,1,
39089,2,28,1,2,0.6322233019608036,1,
39091,2,18,1,2,0.6624532345679934,1,
39093,2,24,1,2,0.7069329725633715,1,
39099,2,36,1,2,0.7037638352698248,1,
39101,3,14,1,2,0.6953216233635904,1,
39103,1,24,1,2,0.5989167956852453,1,
39107,1,18,1,2,0.6494995715132305,1,
39111,3,15,1,2,0.532627760111597,1,
39117,2,16,1,2,0.6224103769103053,1,
39119,3,22,1,2,0.6373513807534006,1,
39121,2,15,1,2,0.5370310373153157,1,
39123,2,18,1,2,0.6947240184171382,1,
39125,1,15,1,2,0.6773228403543897,1,
39127,3,17,1,2,0.5643458968406284,1,
39129,2,17,1,2,0.6203711180974627,1,
39131,4,11,1,2,0.6163097442098066,1,
39133,1,24,1,2,0.7367501363498704,1,
39135,1,16,1,2,0.6699503914814618,1,
39137,1,17,1,2,0.6303201473920562,1,
39139,1,19,1,2,0.5416581353370671,1,
39141,3,16,1,2,0.6282557946085825,1,
39143,2,17,1,2,0.711927109979605,1,
39145,4,20,1,2,0.6686826769842856,1,
39147,2,20,1,2,0.6514494907564607,1,
39151,1,42,1,2,0.681042757439014,1,
39155,3,30,1,2,0.6982679604135417,1,
39159,1,20,1,2,0.6591893402428872,1,
39165,1,24,1,2,0.6384365572156177,1,
39167,3,20,1,2,0.595804704233031,1,
39169,2,25,1,2,0.6270406644151262,1,
39171,1,12,1,2,0.6740784278129315,1,
39173,2,32,1,2,0.7309584001014137,1,
40001,4,8,1,2,0.6366894417318888,1,
40003,1,13,1,2,0.5814019519828476,1,
40009,3,6,1,2,0.6890570451354547,1,
40011,3,13,1,2,0.6897292319672225,1,
40013,4,14,1,2,0.7770637554974189,1,
40015,4,16,1,2,0.7489047891548031,1,
40017,1,13,1,2,0.7781682548317557,1,
40019,3,13,1,2,0.8008961392479541,1,
40021,4,16,1,2,0.7390582737027857,1,
40023,4,12,1,2,0.6428845244253842,1,
40025,3,4,1,2,0.5595404970102817,1,
40035,4,10,1,2,0.7132827603190252,1,
40037,3,21,1,2,0.7219969139747057,1,
40039,4,13,1,2,0.7739329034201117,1,
40041,4,13,1,2,0.6511130487646118,1,
40043,3,12,1,2,0.6174031143230813,1,
40045,3,7,1,2,0.5911312637290269,1,
40047,1,22,1,2,0.6817203752623487,1,
40049,3,13,1,2,0.7350044187073606,1,
40051,2,14,1,2,0.7425964255265154,1,
40053,1,10,1,2,0.5774898095447066,1,
40055,4,4,1,2,0.5737515180451598,1,
40059,2,7,1,2,0.6120423226422893,1,
40063,4,10,1,2,0.6221009219702329,1,
40065,3,9,1,2,0.7854288912899698,1,
40067,4,8,1,2,0.684150691183525,1,
40069,4,13,1,2,0.6750866061821397,1,
40071,4,10,1,2,0.7282950925435734,1,
40073,2,12,1,2,0.7079931845693264,1,
40075,4,9,1,2,0.6922612241475036,1,
40077,4,7,1,2,0.5947674685433496,1,
40079,4,23,1,2,0.6494142922064148,1,
40081,3,16,1,2,0.68364519003694,1,
40083,2,15,1,2,0.7354187850538454,1,
40085,3,8,1,2,0.730972278450438,1,
40089,4,15,1,2,0.7019288145523587,1,
40091,4,11,1,2,0.6466016801447898,1,
40095,4,3,1,2,0.7183330533872981,1,
40097,4,17,1,2,0.744158960860339,1,
40099,3,7,1,2,0.7230999684822783,1,
40101,4,15,1,2,0.7739285098386489,1,
40105,3,7,1,2,0.6875934031527962,1,
40107,4,11,1,2,0.6153160534105768,1,
40111,4,11,1,2,0.7238536885121984,1,
40113,3,22,1,2,0.7726470893176325,1,
40115,4,9,1,2,0.7256792206616318,1,
40117,3,12,1,2,0.695098752969048,1,
40119,1,14,1,2,0.7623959658730644,1,
40121,3,19,1,2,0.672999819551922,1,
40123,3,10,1,2,0.7057858487001678,1,
40127,4,16,1,2,0.57826470857178,1,
40131,1,12,1,2,0.7565593171219644,1,
40133,4,10,1,2,0.6766446207501694,1,
40135,4,9,1,2,0.6733363654595075,1,
40137,3,10,1,2,0.7582797863734079,1,
40139,4,9,1,2,0.6989933206499155,1,
40141,4,8,1,2,0.7027079725288757,1,
40145,2,15,1,2,0.7606894861084427,1,
40147,1,12,1,2,0.7176905018134324,1,
40149,3,18,1,2,0.7140036962856688,1,
40153,2,11,1,2,0.6323882390480574,1,
41001,3,12,1,2,0.5428543660725765,1,
41003,1,10,1,2,0.6572361151342838,1,
41005,1,37,1,2,0.6380958120139921,1,
41009,2,9,1,2,0.603552744832886,1,
41011,3,10,1,2,0.6010232024646434,1,
41013,2,6,1,2,0.5975903262058235,1,
41015,2,7,1,2,0.5454873686773674,1,
41017,1,7,1,2,0.625017705965933,1,
41019,3,28,1,2,0.596933983712868,1,
41023,3,11,1,2,0.5334627756530491,1,
41027,2,3,1,2,0.632343279329848,1,
41029,3,18,1,2,0.7110681084675942,1,
41031,3,8,1,2,0.6684091007115079,1,
41033,4,11,1,2,0.6335610443146213,1,
41035,4,17,1,2,0.7133796057404473,1,
41039,3,39,1,2,0.6583521136463433,1,
41041,3,18,1,2,0.5985871236403022,1,
41043,2,20,1,2,0.6848580751571394,1,
41047,3,26,1,2,0.7690631650343377,1,
41049,3,7,1,2,0.7977696331363058,1,
41053,2,11,1,2,0.6139881428078442,1,
41059,3,14,1,2,0.7777807972701125,1,
41061,3,8,1,2,0.6034137598233492,1,
41065,3,8,1,2,0.6731685999638234,1,
41067,1,30,1,2,0.5930146740841884,1,
42001,1,17,1,2,0.593860358565143,1,
42005,2,36,1,2,0.5980479352050116,1,
42009,2,28,1,2,0.5605632914916263,1,
42011,1,62,1,2,0.6659150536321594,1,
42013,3,19,1,2,0.5931020305967074,1,
42015,2,27,1,2,0.5653499716309848,1,
42021,1,51,1,2,0.4411888465433803,0,
42025,2,20,1,2,0.5899323219305262,1,
42027,2,33,1,2,0.5812971807327784,1,
42033,3,51,1,2,0.5650105262786287,1,
42037,2,19,1,2,0.5989041489852118,1,
42039,3,27,1,2,0.5923768946916611,1,
42041,1,21,1,2,0.5713783834823084,1,
42043,2,30,1,2,0.6284579858311785,1,
42047,2,14,1,2,0.5466625911815252,1,
42051,3,62,1,2,0.6228892911825814,1,
42053,4,11,1,2,0.5321365141350143,1,
42055,1,30,1,2,0.5962890793763875,1,
42059,2,26,1,2,0.5766817721469208,1,
42061,2,33,1,2,0.5687199305290368,1,
42065,3,30,1,2,0.5770847261958119,1,
42069,2,28,1,2,0.601490843093222,1,
42073,2,22,1,2,0.6090939314714254,1,
42075,2,19,1,2,0.6348669021537179,1,
42079,3,50,1,2,0.6028169964693991,1,
42081,2,25,1,2,0.5794928416906381,1,
42085,2,28,1,2,0.6161018303490166,1,
42087,3,13,1,2,0.5797093653445446,1,
42089,2,35,1,2,0.6203818692115253,1,
42095,1,26,1,2,0.6292679837312207,1,
42097,2,28,1,2,0.5916816679839711,1,
42099,2,16,1,2,0.5762583396068213,1,
42107,2,59,1,2,0.5882207973385556,1,
42109,2,15,1,2,0.5952387749855766,1,
42111,2,40,1,2,0.5715643135240536,1,
42115,2,29,1,2,0.5568538476474706,1,
42119,1,14,1,2,0.5707849753643169,1,
42123,2,19,1,2,0.5518544452742391,1,
42125,1,64,1,2,0.6001467294718985,1,
42127,2,30,1,2,0.5518339441164711,1,
42129,1,86,1,2,0.5988082607250518,1,
44003,1,9,1,2,0.6843015136947922,1,
44005,1,8,1,2,0.5646606019558926,1,
44009,1,20,1,2,0.6155587139945229,1,
45001,4,13,1,2,0.5988399436987122,1,
45005,4,6,1,2,0.6598653535304014,1,
45009,4,8,1,2,0.6597315714142687,1,
45011,4,7,1,2,0.6627017116498582,1,
45013,1,16,1,2,0.5718296603367731,1,
45015,2,17,1,2,0.6365374252454282,1,
45017,4,7,1,2,0.6431320102570167,1,
45021,4,8,1,2,0.6618305734453324,1,
45023,4,10,1,2,0.682481572798004,1,
45025,4,11,1,2,0.644959647807115,1,
45027,4,11,1,2,0.6263818539259948,1,
45029,4,14,1,2,0.6093563644042411,1,
45031,4,10,1,2,0.6676239415136612,1,
45033,4,11,1,2,0.6990603696725528,1,
45035,2,15,1,2,0.6309118911397325,1,
45037,3,10,1,2,0.5921747566992314,1,
45039,4,9,1,2,0.611644451587459,1,
45041,3,12,1,2,0.6567083673616692,1,
45043,3,5,1,2,0.5861731269230531,1,
45047,4,9,1,2,0.646801813133979,1,
45049,4,13,1,2,0.6450958367186928,1,
45051,3,16,1,2,0.6250180199446738,1,
45055,3,13,1,2,0.6058147398311218,1,
45057,3,5,1,2,0.6425936243507776,1,
45059,4,16,1,2,0.6291564777962952,1,
45067,4,7,1,2,0.6609964151690548,1,
45069,4,8,1,2,0.670533308110984,1,
45073,3,13,1,2,0.576588609260529,1,
45077,3,15,1,2,0.5985614702979374,1,
45081,4,12,1,2,0.6196355050559553,1,
45085,4,15,1,2,0.7106801412481127,1,
45087,4,9,1,2,0.5956026071972189,1,
45089,4,12,1,2,0.638511542683086,1,
45091,1,15,1,2,0.6764271711468625,1,
46009,2,7,1,2,0.5365242254048057,1,
46013,1,20,1,2,0.5628691265495106,1,
46029,2,10,1,2,0.5616232349286525,1,
46031,4,15,1,2,0.5811290706818039,1,
46033,3,9,1,2,0.5380409572775953,1,
46035,2,6,1,2,0.5616568269732944,1,
46037,2,11,1,2,0.5278548332547475,1,
46059,1,8,1,2,0.5326135503098713,1,
46065,1,3,1,2,0.5567100415667989,1,
46067,2,13,1,2,0.524504898034057,1,
46077,1,9,1,2,0.5362552616115066,1,
46083,1,12,1,2,0.5801331299143475,1,
46091,1,10,1,2,0.5401294211914038,1,
46093,2,18,1,2,0.5680963292914918,1,
46099,1,23,1,2,0.6019347752586421,1,
46103,2,20,1,2,0.5695498389943559,1,
46109,4,16,1,2,0.5454418468037339,1,
46121,4,9,1,2,0.6230327450912185,1,
46129,1,7,1,2,0.5240657363868448,1,
46135,2,10,1,2,0.5619465290698864,1,
47001,3,11,1,2,0.6225173975873343,1,
47003,3,13,1,2,0.7169219246232248,1,
47005,4,7,1,2,0.558901150464634,1,
47009,2,13,1,2,0.6320618740792545,1,
47011,3,8,1,2,0.6747123457596351,1,
47013,4,11,1,2,0.6323336292196732,1,
47017,4,14,1,2,0.5926200375011882,1,
47019,4,8,1,2,0.6467431175191081,1,
47021,2,12,1,2,0.6132640617859628,1,
47025,1,10,1,2,0.5702847110314017,1,
47027,4,7,1,2,0.5858647684274159,1,
47031,3,9,1,2,0.6909161644271287,1,
47033,4,8,1,2,0.6739087676175386,1,
47035,3,11,1,2,0.5746215609869124,1,
47043,2,11,1,2,0.6185284847022556,1,
47045,4,11,1,2,0.6933173017788792,1,
47049,4,9,1,2,0.567386324664762,1,
47053,4,11,1,2,0.6593214215847532,1,
47055,3,17,1,2,0.6173904568121161,1,
47059,4,10,1,2,0.6256715580018445,1,
47063,4,7,1,2,0.7062988176229525,1,
47067,4,5,1,2,0.5937861130857026,1,
47069,4,12,1,2,0.6047018008490082,1,
47071,4,13,1,2,0.5800536423911841,1,
47073,4,12,1,2,0.6348200846076854,1,
47075,4,6,1,2,0.7050226312589035,1,
47077,4,14,1,2,0.6136653778441634,1,
47079,4,9,1,2,0.6003371137963698,1,
47085,3,4,1,2,0.551216692691872,1,
47089,3,10,1,2,0.6483134514778462,1,
47097,4,4,1,2,0.6671534107420942,1,
47099,4,11,1,2,0.5950753401750956,1,
47101,4,7,1,2,0.5519240428142891,1,
47107,4,12,1,2,0.6454674007038442,1,
47109,4,15,1,2,0.5678256840330398,1,
47111,4,8,1,2,0.6313204514052349,1,
47117,3,12,1,2,0.6652475413030051,1,
47119,1,10,1,2,0.6737317987970514,1,
47121,3,6,1,2,0.5818803929853112,1,
47123,4,9,1,2,0.6259039486185093,1,
47125,3,15,1,2,0.6760458519362316,1,
47129,4,12,1,2,0.5831533689686844,1,
47131,4,12,1,2,0.6483095547645906,1,
47135,4,4,1,2,0.5180399993411641,1,
47139,3,12,1,2,0.569792366797695,1,
47141,1,10,1,2,0.7330134418495705,1,
47145,2,10,1,2,0.602518162543639,1,
47147,2,12,1,2,0.6769963149989509,1,
47149,1,20,1,2,0.7218272311270323,1,
47155,3,10,1,2,0.6409765248773596,1,
47159,3,15,1,2,0.6272898113814428,1,
47163,3,12,1,2,0.6555591413500983,1,
47165,1,10,1,2,0.6613382627808952,1,
47167,2,10,1,2,0.7064490249176959,1,
47175,4,7,1,2,0.5886528260957851,1,
47177,4,6,1,2,0.6810452084727673,1,
47179,1,13,1,2,0.6473924908519962,1,
47181,4,10,1,2,0.541920401304933,1,
47183,4,12,1,2,0.6542791117817082,1,
47185,4,5,1,2,0.6095919989561993,1,
47187,1,16,1,2,0.5787318521077263,1,
47189,1,12,1,2,0.6642399577536763,1,
48001,3,10,1,2,0.6657373708594494,1,
48003,2,1,1,2,0.6774539309168391,1,
48005,4,6,1,2,0.6451946498647615,1,
48007,4,5,1,2,0.6360034177030822,1,
48009,2,10,1,2,0.6566342570281836,1,
48013,3,15,1,2,0.7268436135470058,1,
48015,2,13,1,2,0.6529227882555543,1,
48017,1,6,1,2,0.5613375110741838,1,
48019,2,7,1,2,0.596132385654629,1,
48021,2,15,1,2,0.6201966318643741,1,
48023,2,2,1,2,0.49262051765591475,0,
48025,4,11,1,2,0.6841503711310997,1,
48031,1,8,1,2,0.5000995235548171,1,
48035,3,11,1,2,0.5620565134586771,1,
48037,3,10,1,2,0.665743506924691,1,
48043,3,4,1,2,0.5503013873634472,1,
48047,4,2,1,2,0.6015799603619046,1,
48049,3,10,1,2,0.5907207431849104,1,
48051,2,5,1,2,0.6210307348789399,1,
48053,2,13,1,2,0.6132219313516676,1,
48055,3,14,1,2,0.7103449117529044,1,
48057,3,6,1,2,0.6222672193137566,1,
48063,3,2,1,2,0.6648444112238461,1,
48067,4,14,1,2,0.5889297412987696,1,
48071,2,11,1,2,0.7550266170884339,1,
48073,4,12,1,2,0.6454197233840947,1,
48075,4,4,1,2,0.5565765164182797,1,
48077,2,9,1,2,0.6323524061290641,1,
48081,3,4,1,2,0.4793470016497366,0,
48083,2,15,1,2,0.510933346428208,1,
48087,4,5,1,2,0.5277074890023004,1,
48089,2,18,1,2,0.5950347213713278,1,
48091,1,14,1,2,0.633889908979881,1,
48093,2,14,1,2,0.5304446738806683,1,
48097,2,14,1,2,0.6747525728281061,1,
48099,1,17,1,2,0.6531924115483135,1,
48101,4,3,1,2,0.5506287490990809,1,
48109,4,2,1,2,0.5729270372233413,1,
48117,4,6,1,2,0.6379815312173237,1,
48119,3,7,1,2,0.6487377668257964,1,
48123,3,9,1,2,0.6060565490931592,1,
48125,4,7,1,2,0.4995938531694707,0,
48127,4,6,1,2,0.6357447974056272,1,
48131,4,8,1,2,0.6112208167694244,1,
48133,4,9,1,2,0.5438662961048425,1,
48135,2,8,1,2,0.8209841384289969,1,
48139,1,20,1,2,0.7291439836871516,1,
48143,1,13,1,2,0.7056065944486407,1,
48145,3,17,1,2,0.7156335047834289,1,
48147,2,19,1,2,0.6599241646466963,1,
48149,2,15,1,2,0.5782725248028524,1,
48151,3,9,1,2,0.5725752828132704,1,
48159,1,7,1,2,0.6076899067878266,1,
48161,4,9,1,2,0.6936698016145718,1,
48169,4,4,1,2,0.6208922640989416,1,
48171,2,7,1,2,0.5295790967517449,1,
48177,3,14,1,2,0.6207357573591306,1,
48185,3,11,1,2,0.7040779454276914,1,
48193,3,10,1,2,0.51570578165594,1,
48197,3,2,1,2,0.5213741828764662,1,
48199,2,12,1,2,0.6170974797298346,1,
48203,3,12,1,2,0.6798691276850171,1,
48207,4,11,1,2,0.5403638449456583,1,
48209,2,14,1,2,0.6734472083672063,1,
48217,2,19,1,2,0.6628047285176781,1,
48219,4,10,1,2,0.7433452436999826,1,
48221,1,8,1,2,0.6409852397880155,1,
48223,3,13,1,2,0.6699543710967167,1,
48225,4,7,1,2,0.6056234928626578,1,
48227,3,5,1,2,0.6984875455365391,1,
48233,3,7,1,2,0.7363995338052302,1,
48239,2,10,1,2,0.5913529400239832,1,
48241,4,9,1,2,0.6057360048119937,1,
48247,4,1,1,2,0.5883589964073166,1,
48249,4,8,1,2,0.6458405351607194,1,
48251,2,16,1,2,0.7410902413452176,1,
48255,3,8,1,2,0.684496220482533,1,
48259,1,8,1,2,0.5898697150540093,1,
48261,4,2,1,2,0.6982037608652166,1,
48265,3,10,1,2,0.5898878249519864,1,
48269,4,2,1,2,0.5316575070682352,1,
48273,4,4,1,2,0.7185045884612502,1,
48275,4,6,1,2,0.5063080468928431,1,
48277,3,13,1,2,0.6962511435085913,1,
48281,2,6,1,2,0.6548163054560379,1,
48285,2,7,1,2,0.5398181972050198,1,
48287,2,9,1,2,0.6166802895455934,1,
48289,3,8,1,2,0.5751487582543833,1,
48291,3,14,1,2,0.7381935122286187,1,
48293,4,14,1,2,0.7128950748102829,1,
48299,1,10,1,2,0.4657322290108211,0,
48303,1,25,1,2,0.7963624771177388,1,
48307,3,6,1,2,0.5255811687791387,1,
48313,2,5,1,2,0.630080367715698,1,
48315,4,7,1,2,0.5627217975777441,1,
48317,1,8,1,2,0.6805356989661877,1,
48321,1,12,1,2,0.6578873861883275,1,
48323,4,3,1,2,0.7595695910355513,1,
48329,1,9,1,2,0.7314527991739934,1,
48331,3,13,1,2,0.6240195281553201,1,
48335,2,3,1,2,0.5908271106246561,1,
48337,3,10,1,2,0.6323123887510415,1,
48341,2,6,1,2,0.6343190432320988,1,
48343,4,7,1,2,0.6649828715690814,1,
48347,1,10,1,2,0.782909636990661,1,
48349,4,17,1,2,0.7357364678325753,1,
48353,3,9,1,2,0.6004060871157993,1,
48361,2,4,1,2,0.7284996789706837,1,
48363,4,12,1,2,0.6726150002653382,1,
48365,3,13,1,2,0.6588534311591534,1,
48367,1,18,1,2,0.6935015913915438,1,
48371,3,6,1,2,0.6395186682878585,1,
48373,3,9,1,2,0.6047691525234247,1,
48375,4,16,1,2,0.8360197907899043,1,
48377,4,4,1,2,0.5807581741318563,1,
48381,1,15,1,2,0.7142437418786216,1,
48387,4,9,1,2,0.5971513740353034,1,
48389,3,4,1,2,0.6112184969078946,1,
48391,3,5,1,2,0.5591297765592582,1,
48395,3,9,1,2,0.6687742538834586,1,
48397,1,9,1,2,0.6443625259929149,1,
48399,3,11,1,2,0.5259257406152014,1,
48401,3,16,1,2,0.6759899102983632,1,
48405,4,4,1,2,0.5549316178259545,1,
48407,4,8,1,2,0.6587642402739121,1,
48409,3,9,1,2,0.6769530834953094,1,
48411,3,7,1,2,0.5022087184666799,1,
48415,3,8,1,2,0.6151693203525029,1,
48419,4,7,1,2,0.6155665677238287,1,
48427,4,10,1,2,0.762099728239601,1,
48429,4,8,1,2,0.5431099079263142,1,
48437,4,5,1,2,0.5945488537206088,1,
48441,1,17,1,2,0.6962973404489808,1,
48445,4,6,1,2,0.6658380692127608,1,
48449,4,6,1,2,0.7393304349326202,1,
48451,1,14,1,2,0.5593870039189035,1,
48455,4,7,1,2,0.6079873941310344,1,
48457,3,10,1,2,0.5513039404607812,1,
48459,3,12,1,2,0.6492283409593538,1,
48463,4,8,1,2,0.6641047852932562,1,
48465,4,5,1,2,0.6547845713468311,1,
48467,3,13,1,2,0.6440927513537101,1,
48469,3,12,1,2,0.741596015198087,1,
48471,4,9,1,2,0.6947107342421259,1,
48473,2,11,1,2,0.7409360756332075,1,
48475,3,6,1,2,0.761050869612906,1,
48477,2,7,1,2,0.68132654737087,1,
48481,1,13,1,2,0.612493064044149,1,
48487,4,6,1,2,0.6446173602979112,1,
48493,2,12,1,2,0.6637518257896478,1,
48495,3,2,1,2,0.713753971748289,1,
48497,2,17,1,2,0.719869255248196,1,
48499,3,12,1,2,0.587198945062106,1,
48501,2,4,1,2,0.671306545938896,1,
48503,2,6,1,2,0.580428505616679,1,
48505,4,5,1,2,0.6996344409478903,1,
48507,4,4,1,2,0.6988522869765723,1,
49003,2,20,1,2,0.7422210738664263,1,
49005,3,16,1,2,0.7257718161605865,1,
49011,1,13,1,2,0.7253017804326237,1,
49019,1,2,1,2,0.5752017111597786,1,
49021,4,10,1,2,0.6599571388049126,1,
49037,3,12,1,2,0.6483990671555877,1,
49039,3,15,1,2,0.6628052038263276,1,
49041,3,12,1,2,0.7051747736167722,1,
49043,1,9,1,2,0.5813631032742794,1,
49057,1,9,1,2,0.7851764381884934,1,
50001,1,20,1,2,0.5609730869493538,1,
50005,2,22,1,2,0.5652835953569098,1,
50007,1,21,1,2,0.47497968719379086,0,
50013,1,5,1,2,0.5643976123119292,1,
50017,2,31,1,2,0.562585625506169,1,
50019,2,24,1,2,0.5585122835740537,1,
50021,1,29,1,2,0.5615802219203035,1,
50023,1,26,1,2,0.5599750216073828,1,
50025,2,24,1,2,0.5659612193188196,1,
51003,2,24,1,2,0.5751146335438726,1,
51005,3,7,1,2,0.5744255851003074,1,
51007,1,5,1,2,0.5832178170738375,1,
51009,2,9,1,2,0.6051079239775189,1,
51013,1,11,1,2,0.5729425849811286,1,
51015,2,27,1,2,0.6014854476039639,1,
51019,1,18,1,2,0.5790146046599437,1,
51025,3,16,1,2,0.6218776936447887,1,
51027,4,16,1,2,0.6099730221698272,1,
51031,3,14,1,2,0.6674696407257614,1,
51036,2,4,1,2,0.6290689712132296,1,
51037,4,14,1,2,0.5519460585119829,1,
51047,1,18,1,2,0.596155126349044,1,
51051,4,12,1,2,0.6058050209047368,1,
51057,4,8,1,2,0.6215074015391256,1,
51061,1,24,1,2,0.5701168744636287,1,
51063,2,11,1,2,0.550162067703291,1,
51069,1,12,1,2,0.5773365877138413,1,
51073,1,6,1,2,0.5838828857980314,1,
51075,1,15,1,2,0.5694153569272548,1,
51079,2,5,1,2,0.5788963539743209,1,
51081,4,4,1,2,0.6580538493756596,1,
51083,3,14,1,2,0.6073840038213276,1,
51085,1,12,1,2,0.5700437522350413,1,
51087,2,16,1,2,0.6714494492130614,1,
51093,1,8,1,2,0.6139040192340115,1,
51095,1,4,1,2,0.572248747036442,1,
51103,2,6,1,2,0.5410547165367317,1,
51105,4,11,1,2,0.6240065844636297,1,
51107,1,21,1,2,0.5696967394989734,1,
51111,4,12,1,2,0.5959612693237691,1,
51113,2,21,1,2,0.5185713142856407,1,
51117,3,13,1,2,0.5932147946295384,1,
51119,1,12,1,2,0.5597468059888091,1,
51121,3,10,1,2,0.6070780708426424,1,
51127,1,6,1,2,0.5694521167211152,1,
51131,3,11,1,2,0.6570680426782772,1,
51133,2,7,1,2,0.5667100900655324,1,
51135,4,7,1,2,0.6340932950258691,1,
51139,3,6,1,2,0.5850622315597868,1,
51141,3,14,1,2,0.5117981212923894,1,
51143,4,20,1,2,0.6567435498305526,1,
51145,1,5,1,2,0.7295014582518795,1,
51147,1,12,1,2,0.4692556462212767,0,
51149,3,7,1,2,0.7160922122307949,1,
51153,1,19,1,2,0.587973112401424,1,
51159,3,5,1,2,0.6011034276347729,1,
51161,1,14,1,2,0.5775521110153303,1,
51171,2,14,1,2,0.5804303625545131,1,
51175,3,12,1,2,0.6356337117379688,1,
51177,1,13,1,2,0.5838700821350408,1,
51179,1,5,1,2,0.5811926817991488,1,
51185,1,18,1,2,0.4820112642137755,0,
51187,1,7,1,2,0.5920530743507393,1,
51191,2,10,1,2,0.5880006579859297,1,
51193,2,8,1,2,0.5914608947540825,1,
51199,1,9,1,2,0.5709172002089142,1,
51510,1,8,1,2,0.6094329336188262,1,
51520,4,2,1,2,0.7431408084963882,1,
51550,1,6,1,2,0.6262036434180652,1,
51570,2,1,1,2,0.6243650030119201,1,
51590,4,2,1,2,0.7104248997654676,1,
51595,4,1,1,2,0.6606744224122998,1,
51630,3,3,1,2,0.7020092456741885,1,
51650,2,9,1,2,0.7704407922241959,1,
51660,1,3,1,2,0.5143293752170437,1,
51678,3,1,1,2,0.5819523926873987,1,
51680,3,5,1,2,0.6618590928246126,1,
51683,1,1,1,2,0.6260740658917371,1,
51690,4,1,1,2,0.6698233931177899,1,
51700,3,8,1,2,0.7214804431486219,1,
51710,1,15,1,2,0.7509203587293594,1,
51730,3,2,1,2,0.7807703123619144,1,
51740,1,8,1,2,0.8001043667925396,1,
51750,1,2,1,2,0.8373841382769409,1,
51770,3,10,1,2,0.7536596611329098,1,
51800,1,8,1,2,0.6529860659548176,1,
51840,3,1,1,2,0.6952098041141106,1,
53003,3,3,1,2,0.6890553159252261,1,
53005,2,12,1,2,0.7723891167263004,1,
53007,2,14,1,2,0.6063750995938885,1,
53015,3,11,1,2,0.6320604279737237,1,
53017,2,13,1,2,0.6845622705706519,1,
53021,3,7,1,2,0.8265898726425269,1,
53023,3,2,1,2,0.6368941435479286,1,
53025,3,18,1,2,0.7333156245945661,1,
53029,1,8,1,2,0.5049347348443802,1,
53031,2,9,1,2,0.5576217678628864,1,
53035,1,20,1,2,0.585983668157263,1,
53041,2,23,1,2,0.6132557743475346,1,
53045,2,15,1,2,0.6058831773981758,1,
53047,4,22,1,2,0.6731950275377305,1,
53057,1,17,1,2,0.5641744599919726,1,
53059,1,8,1,2,0.6138377252521144,1,
53067,1,14,1,2,0.6324983931110741,1,
53071,2,8,1,2,0.7163386297672302,1,
53073,2,18,1,2,0.6150485392271774,1,
53077,4,22,1,2,0.8013696732859569,1,
54003,2,11,1,2,0.6798155787698907,1,
54005,4,31,1,2,0.6029091416478471,1,
54009,2,8,1,2,0.7105029749492784,1,
54011,3,13,1,2,0.6832758438945249,1,
54029,3,5,1,2,0.7305930766858987,1,
54035,3,15,1,2,0.5975655366730763,1,
54037,1,9,1,2,0.6725186438241609,1,
54039,1,46,1,2,0.6704263589934115,1,
54041,4,11,1,2,0.5951707124221155,1,
54049,3,18,1,2,0.6396552278391466,1,
54053,3,19,1,2,0.636208481462567,1,
54059,4,18,1,2,0.631030594329932,1,
54061,3,16,1,2,0.6445320740631508,1,
54065,3,4,1,2,0.5680884106796533,1,
54067,3,25,1,2,0.5830898632635798,1,
54069,2,6,1,2,0.6760189214507002,1,
54079,2,17,1,2,0.6569690256448625,1,
54081,4,42,1,2,0.6483441638501899,1,
54083,4,22,1,2,0.5517687146710388,1,
54097,4,10,1,2,0.5923998309735006,1,
54099,4,17,1,2,0.6806577523168723,1,
54103,4,12,1,2,0.5771249442227722,1,
54107,3,13,1,2,0.6715056377082519,1,
55001,2,14,1,2,0.5740507190079454,1,
55005,2,19,1,2,0.56650624791512,1,
55007,2,15,1,2,0.5590350357636357,1,
55009,1,19,1,2,0.5876898330406637,1,
55015,1,14,1,2,0.6182811343522949,1,
55017,2,14,1,2,0.5800606570224679,1,
55021,1,20,1,2,0.5831642923526389,1,
55023,2,13,1,2,0.5673045822408026,1,
55027,1,31,1,2,0.6077228768303956,1,
55029,1,13,1,2,0.5686778296722815,1,
55031,2,12,1,2,0.5704493794827249,1,
55039,1,24,1,2,0.6246099949054926,1,
55043,3,23,1,2,0.5951492470528013,1,
55045,1,12,1,2,0.5761634160100778,1,
55055,1,19,1,2,0.614684650549686,1,
55057,3,14,1,2,0.5765787206598011,1,
55059,1,17,1,2,0.6377395103375603,1,
55061,1,6,1,2,0.583856012082308,1,
55063,2,15,1,2,0.5797575838310643,1,
55065,2,14,1,2,0.5808336298600865,1,
55069,1,7,1,2,0.5584036090525392,1,
55071,1,19,1,2,0.6119917423539665,1,
55073,1,28,1,2,0.5666460856760781,1,
55075,3,16,1,2,0.5676342988542425,1,
55077,2,14,1,2,0.5649098013221299,1,
55078,4,4,1,2,0.599350796702872,1,
55081,2,12,1,2,0.5723704119777949,1,
55083,1,19,1,2,0.5747700752058839,1,
55085,1,14,1,2,0.5522844419026334,1,
55087,1,24,1,2,0.6147711322389253,1,
55089,1,13,1,2,0.5858327729087055,1,
55095,1,20,1,2,0.5670246441811166,1,
55097,2,21,1,2,0.5736787367858496,1,
55099,2,14,1,2,0.539075744933338,1,
55103,3,14,1,2,0.5720609692459,1,
55105,2,19,1,2,0.6672910519598515,1,
55111,1,17,1,2,0.5822229991787722,1,
55115,2,25,1,2,0.5815470528962623,1,
55117,1,17,1,2,0.6048549310026892,1,
55119,2,14,1,2,0.5608024148420436,1,
55121,1,14,1,2,0.5624162964955101,1,
55123,3,18,1,2,0.5650793792151508,1,
55125,2,12,1,2,0.5417645557388053,1,
55127,1,16,1,2,0.6194369097034472,1,
55131,1,18,1,2,0.5903012158829272,1,
55133,1,30,1,2,0.5903052470897461,1,
55135,1,16,1,2,0.5701174241141982,1,
55137,2,17,1,2,0.5674092660650998,1,
55139,1,18,1,2,0.6032537372406972,1,
55141,2,15,1,2,0.5650542119025801,1,
56001,1,10,1,2,0.6302060845271704,1,
56003,2,15,1,2,0.5464469048637719,1,
56007,2,12,1,2,0.556037293763276,1,
56009,1,4,1,2,0.5606340600564261,1,
56013,2,11,1,2,0.5881656435999822,1,
56017,3,3,1,2,0.5221534697993315,1,
56021,1,12,1,2,0.6151766804241735,1,
56025,1,11,1,2,0.6040750678352509,1,
56029,1,8,1,2,0.545494462439031,1,
56031,2,5,1,2,0.539327586625997,1,
56033,1,9,1,2,0.5606890183380437,1,
56035,1,6,1,2,0.5488732148383132,1,
01001,3,10,1,3,0.7823872407699388,1,
01003,2,23,1,3,0.7546161935930352,1,
01009,3,17,1,3,0.7772601857434034,1,
01011,4,7,1,3,0.730578504565123,1,
01015,3,14,1,3,0.7958207171932152,1,
01017,4,10,1,3,0.7714319783385118,1,
01019,4,11,1,3,0.7715878391766494,1,
01021,3,14,1,3,0.7866641280404153,1,
01025,4,10,1,3,0.7177118923575867,1,
01031,3,16,1,3,0.7809781334258968,1,
01033,3,9,1,3,0.7855692193137609,1,
01035,4,13,1,3,0.7188416123737648,1,
01037,3,11,1,3,0.7393659819638354,1,
01039,4,13,1,3,0.7515194699810445,1,
01043,3,19,1,3,0.7886408627742774,1,
01045,3,14,1,3,0.7924981787634335,1,
01047,4,10,1,3,0.7643580170831412,1,
01051,2,13,1,3,0.7660702665604988,1,
01053,4,9,1,3,0.7539815711278859,1,
01055,3,14,1,3,0.8048377076419868,1,
01057,4,10,1,3,0.7566683419866418,1,
01059,4,10,1,3,0.7727595162790235,1,
01063,4,8,1,3,0.7136211411573121,1,
01065,4,9,1,3,0.7216851746854389,1,
01067,3,9,1,3,0.7472974774448266,1,
01069,4,14,1,3,0.8054454905644339,1,
01071,4,22,1,3,0.7702526673161388,1,
01075,4,9,1,3,0.7466799125136698,1,
01077,3,9,1,3,0.7753554291043554,1,
01079,3,10,1,3,0.7695230892279386,1,
01083,2,15,1,3,0.7729216435578607,1,
01085,4,8,1,3,0.7124969334194795,1,
01087,4,13,1,3,0.7856495318483062,1,
01089,1,25,1,3,0.7679730708155578,1,
01091,4,15,1,3,0.7272915823077793,1,
01093,4,12,1,3,0.7684466414435882,1,
01095,4,18,1,3,0.8104679565790933,1,
01099,4,17,1,3,0.7402490147006565,1,
01101,1,24,1,3,0.8353505900160545,1,
01103,3,16,1,3,0.8048647247516274,1,
01105,4,9,1,3,0.7435178298038589,1,
01107,4,8,1,3,0.7319016406557357,1,
01109,1,9,1,3,0.8735153330375226,1,
01111,3,8,1,3,0.7560455651323059,1,
01113,3,12,1,3,0.8059879606681948,1,
01115,2,18,1,3,0.785527826665954,1,
01119,4,11,1,3,0.7181302429007785,1,
01121,4,12,1,3,0.7897816120936273,1,
01123,4,12,1,3,0.7476939260722237,1,
01125,1,27,1,3,0.8131697568764695,1,
01127,3,18,1,3,0.7959738868771034,1,
01129,4,16,1,3,0.7362642785047178,1,
01131,4,13,1,3,0.7108074420667445,1,
01133,4,11,1,3,0.7612903004562481,1,
04009,4,10,1,3,0.6677239381669511,1,
04023,4,9,1,3,0.7555607931343655,1,
05001,4,13,1,3,0.7772037027963982,1,
05003,4,7,1,3,0.8008681451184982,1,
05005,3,12,1,3,0.7611992423478205,1,
05009,3,9,1,3,0.7591303712885932,1,
05011,4,7,1,3,0.7957761188780477,1,
05015,3,9,1,3,0.7670968895999395,1,
05019,1,8,1,3,0.8198855343326461,1,
05021,4,13,1,3,0.7752171180384957,1,
05023,3,17,1,3,0.772719589299518,1,
05025,4,7,1,3,0.767663451270118,1,
05027,4,7,1,3,0.8039812689204866,1,
05029,4,15,1,3,0.8099862329194144,1,
05031,1,16,1,3,0.8210430315828057,1,
05033,3,11,1,3,0.8101714537350142,1,
05035,4,11,1,3,0.8739903435224949,1,
05037,4,8,1,3,0.7628872575693646,1,
05039,4,6,1,3,0.7913805141027932,1,
05041,4,12,1,3,0.7545152792041179,1,
05043,4,9,1,3,0.7712637110996325,1,
05045,1,15,1,3,0.7924865546183069,1,
05047,4,13,1,3,0.7900324827322993,1,
05049,1,14,1,3,0.6939781334942983,1,
05051,3,10,1,3,0.7966216500411201,1,
05053,2,14,1,3,0.7914491902906047,1,
05055,4,9,1,3,0.7961399894332004,1,
05057,4,10,1,3,0.8090551679506566,1,
05059,4,12,1,3,0.8061081292285143,1,
05061,4,8,1,3,0.7927733126618799,1,
05063,4,20,1,3,0.7852548559930754,1,
05067,4,11,1,3,0.7996757144613694,1,
05069,4,17,1,3,0.8520226907185311,1,
05071,4,12,1,3,0.811352855992052,1,
05073,4,6,1,3,0.7715167673258191,1,
05075,4,14,1,3,0.7628101116109289,1,
05077,3,11,1,3,0.7169706827044788,1,
05079,4,8,1,3,0.7689935641312458,1,
05081,4,7,1,3,0.7823023891781389,1,
05083,4,12,1,3,0.7822396208340187,1,
05085,2,11,1,3,0.8054626066258919,1,
05087,3,13,1,3,0.7765072889486426,1,
05091,4,6,1,3,0.8355362505847814,1,
05093,4,15,1,3,0.8479988113141408,1,
05095,4,9,1,3,0.7460681569624131,1,
05097,4,9,1,3,0.7660628613699997,1,
05099,4,10,1,3,0.7812922995676428,1,
05101,3,20,1,3,0.7455864258049091,1,
05103,4,8,1,3,0.8120738387711411,1,
05105,4,8,1,3,0.7713367979827417,1,
05107,4,12,1,3,0.7732164046956043,1,
05111,4,10,1,3,0.7633708636610756,1,
05113,4,7,1,3,0.7855737464443797,1,
05115,4,13,1,3,0.8198862265771756,1,
05117,3,11,1,3,0.7851421776272096,1,
05121,4,11,1,3,0.7529889068060647,1,
05123,4,13,1,3,0.7853532705177989,1,
05125,1,14,1,3,0.7896342373211156,1,
05127,4,10,1,3,0.7825760727724604,1,
05129,4,10,1,3,0.734747923396605,1,
05133,4,7,1,3,0.806989210646641,1,
05135,4,13,1,3,0.7490137777198922,1,
05139,4,10,1,3,0.806192558124979,1,
05141,4,12,1,3,0.7719830495987616,1,
05145,4,17,1,3,0.8091031909419707,1,
05147,4,9,1,3,0.7671164041570235,1,
05149,4,13,1,3,0.7913333586333793,1,
06005,2,12,1,3,0.7569434401202427,1,
06007,4,18,1,3,0.8555081143574064,1,
06009,1,20,1,3,0.7315268618063725,1,
06011,3,9,1,3,0.7939161933689742,1,
06015,4,4,1,3,0.7956614231519197,1,
06017,1,23,1,3,0.7545765763046873,1,
06021,3,7,1,3,0.841485752179329,1,
06023,4,36,1,3,0.8064177919131328,1,
06027,2,11,1,3,0.7232160511162254,1,
06031,4,12,1,3,0.878134356951479,1,
06033,3,15,1,3,0.8236246116761194,1,
06035,2,17,1,3,0.7725034438503412,1,
06041,1,29,1,3,0.7403182749943504,1,
06043,3,13,1,3,0.7198857788095879,1,
06045,3,29,1,3,0.7714079209912504,1,
06055,1,12,1,3,0.7598746064715793,1,
06057,2,12,1,3,0.7528361198947195,1,
06063,2,17,1,3,0.7587364472701903,1,
06069,2,7,1,3,0.7853057169483038,1,
06079,2,26,1,3,0.7627821561629252,1,
06083,2,24,1,3,0.7899505029189915,1,
06087,2,17,1,3,0.7856783166829886,1,
06093,3,23,1,3,0.790124288390744,1,
06097,1,37,1,3,0.7734986239797643,1,
06101,3,13,1,3,0.8637954012506024,1,
06103,4,15,1,3,0.8284728741228025,1,
06109,1,16,1,3,0.7092997743620476,1,
06113,3,19,1,3,0.8359148073652881,1,
06115,3,17,1,3,0.8519470425182228,1,
08001,2,35,1,3,0.835732684923351,1,
08005,1,33,1,3,0.7966569616573325,1,
08007,1,5,1,3,0.6590237688383237,1,
08009,4,8,1,3,0.5882103994074069,1,
08013,1,22,1,3,0.8126454160994733,1,
08014,1,6,1,3,0.7462963648490419,1,
08035,1,18,1,3,0.7119173387792364,1,
08037,1,13,1,3,0.6718342100786044,1,
08043,3,11,1,3,0.6562110269217042,1,
08045,1,8,1,3,0.6931730554994834,1,
08055,2,4,1,3,0.658925828143142,1,
08059,1,33,1,3,0.7496141917631532,1,
08067,1,6,1,3,0.7141052771954358,1,
08069,1,24,1,3,0.7826599023453276,1,
08077,2,19,1,3,0.7808967771489335,1,
08081,2,5,1,3,0.7134519738595598,1,
08087,2,10,1,3,0.7143110985417058,1,
08099,3,6,1,3,0.6509435006036508,1,
08101,3,15,1,3,0.7826843437212484,1,
08107,1,9,1,3,0.6835993372353867,1,
08109,4,8,1,3,0.6643715113723986,1,
08113,1,7,1,3,0.6292395120525625,1,
08121,2,12,1,3,0.6886178990935591,1,
08123,1,41,1,3,0.7965482413834634,1,
09001,1,46,1,3,0.74872536940478,1,
09003,1,58,1,3,0.7735326025538862,1,
09005,1,40,1,3,0.687103809632381,1,
09007,1,24,1,3,0.6871270682237711,1,
09009,1,41,1,3,0.7652569187392049,1,
09011,1,31,1,3,0.7375691320267594,1,
09015,1,31,1,3,0.7318922218240804,1,
10001,1,18,1,3,0.7561042448028914,1,
10005,2,24,1,3,0.7012480103092686,1,
12001,3,23,1,3,0.7796909849113187,1,
12003,2,5,1,3,0.7583392541886212,1,
12005,2,16,1,3,0.7766186919551357,1,
12015,2,17,1,3,0.7396835012984576,1,
12017,3,15,1,3,0.7448098088422479,1,
12019,2,12,1,3,0.7667977236947514,1,
12023,3,8,1,3,0.780731018381041,1,
12033,1,18,1,3,0.7651976820152346,1,
12035,2,7,1,3,0.7523267358773198,1,
12039,4,7,1,3,0.7859736473274642,1,
12041,4,5,1,3,0.756211234241621,1,
12043,4,5,1,3,0.7375492337440328,1,
12049,4,4,1,3,0.749796610343517,1,
12051,4,6,1,3,0.7593672550325715,1,
12053,3,12,1,3,0.7695524586336174,1,
12055,3,9,1,3,0.7391520991992976,1,
12059,4,4,1,3,0.7505949101508196,1,
12061,2,9,1,3,0.7349499282174451,1,
12063,1,14,1,3,0.745435362759449,1,
12065,4,4,1,3,0.7428449210126102,1,
12073,3,10,1,3,0.7781209612778532,1,
12075,4,13,1,3,0.7509424034061196,1,
12079,4,5,1,3,0.7657579772337153,1,
12083,3,31,1,3,0.752787141854081,1,
12085,1,12,1,3,0.708656195430575,1,
12087,2,11,1,3,0.7190776906634796,1,
12089,1,6,1,3,0.7430988614344848,1,
12091,2,14,1,3,0.7503324125544244,1,
12097,3,17,1,3,0.7756052860992373,1,
12101,2,31,1,3,0.7719198501311109,1,
12107,4,17,1,3,0.7679395333820387,1,
12109,1,12,1,3,0.7334791581169446,1,
12111,2,17,1,3,0.7627969463278623,1,
12113,1,9,1,3,0.758692108618632,1,
12117,2,17,1,3,0.7442756399199546,1,
12119,1,11,1,3,0.7376127175814512,1,
12121,3,9,1,3,0.7701133790286345,1,
12129,2,4,1,3,0.759430161783448,1,
12131,2,12,1,3,0.7519400223080526,1,
12133,4,10,1,3,0.769275393022093,1,
13001,4,7,1,3,0.8129926962243779,1,
13003,4,5,1,3,0.7993436324629891,1,
13005,4,3,1,3,0.8173937872594221,1,
13009,4,6,1,3,0.887180566802368,1,
13013,2,8,1,3,0.7895340427781647,1,
13015,2,14,1,3,0.7919419294660875,1,
13017,4,4,1,3,0.8024404667878635,1,
13019,4,6,1,3,0.7912804036217538,1,
13021,1,12,1,3,0.8896837924741903,1,
13023,4,6,1,3,0.7991235319722676,1,
13025,4,6,1,3,0.768490700771747,1,
13031,1,11,1,3,0.8317974516025259,1,
13033,4,9,1,3,0.8129599696400971,1,
13035,4,5,1,3,0.8007601523752563,1,
13039,3,8,1,3,0.7669275551422067,1,
13043,4,4,1,3,0.8020795201851562,1,
13045,1,11,1,3,0.8178574665119633,1,
13055,4,6,1,3,0.7694999529026043,1,
13057,1,15,1,3,0.7017748670739692,1,
13059,1,9,1,3,0.8727677681752318,1,
13063,1,16,1,3,0.8350564136906836,1,
13069,4,10,1,3,0.8318584733130643,1,
13071,4,13,1,3,0.8175088084912181,1,
13073,1,7,1,3,0.7607902379461997,1,
13075,4,5,1,3,0.8142776293063134,1,
13077,1,10,1,3,0.7484233132557649,1,
13083,3,5,1,3,0.7599858605896198,1,
13085,1,5,1,3,0.7253810744607925,1,
13087,4,8,1,3,0.8012811614825541,1,
13093,4,8,1,3,0.7830542564621606,1,
13095,4,6,1,3,0.8573503030421356,1,
13097,2,8,1,3,0.7972509946664783,1,
13101,3,6,1,3,0.7882571321935963,1,
13103,1,8,1,3,0.7648653310638516,1,
13107,4,13,1,3,0.8015977321284135,1,
13109,4,6,1,3,0.8134188905077142,1,
13111,3,8,1,3,0.7275578896640299,1,
13113,1,8,1,3,0.714336302053065,1,
13115,4,13,1,3,0.7915550773996726,1,
13119,3,10,1,3,0.7734230270029021,1,
13127,3,8,1,3,0.7637395605438451,1,
13129,4,8,1,3,0.7941471931602111,1,
13137,3,7,1,3,0.7748673562438099,1,
13139,2,19,1,3,0.7851742459131755,1,
13149,3,6,1,3,0.7595615025046278,1,
13151,2,11,1,3,0.7745937106409229,1,
13153,2,12,1,3,0.8401258612068316,1,
13155,4,7,1,3,0.7887186091033013,1,
13157,2,16,1,3,0.7817078366388287,1,
13163,4,9,1,3,0.7831714331004926,1,
13165,4,5,1,3,0.7763780791238706,1,
13167,4,5,1,3,0.7711296147237737,1,
13169,4,8,1,3,0.8171857649348437,1,
13175,4,15,1,3,0.8050939458708898,1,
13179,1,9,1,3,0.755749181323951,1,
13189,4,4,1,3,0.8129461894664514,1,
13191,3,4,1,3,0.7296849036777413,1,
13193,4,10,1,3,0.7691677509916177,1,
13195,3,11,1,3,0.7824839302886522,1,
13197,4,4,1,3,0.7182493728394546,1,
13215,4,11,1,3,0.8317968979089208,1,
13217,3,11,1,3,0.8158562337622774,1,
13219,1,8,1,3,0.752075930834271,1,
13223,1,11,1,3,0.7757982826975728,1,
13225,4,3,1,3,0.8406269256718268,1,
13227,2,9,1,3,0.7337126935252852,1,
13233,4,8,1,3,0.8000695566792829,1,
13235,4,5,1,3,0.7749461152941892,1,
13237,4,5,1,3,0.7652687123936673,1,
13247,2,9,1,3,0.8042899357228972,1,
13253,4,4,1,3,0.7628010159574312,1,
13257,3,5,1,3,0.7770139210314548,1,
13261,4,8,1,3,0.8020849619839092,1,
13267,4,6,1,3,0.7962802103561071,1,
13273,4,7,1,3,0.7607176186650513,1,
13275,3,9,1,3,0.7761890944454771,1,
13277,4,9,1,3,0.8353733436696168,1,
13279,4,3,1,3,0.8021963468542598,1,
13281,3,3,1,3,0.7279832374668479,1,
13285,4,7,1,3,0.7844041682994436,1,
13287,4,4,1,3,0.8015321278683893,1,
13291,3,4,1,3,0.7215006097780281,1,
13293,4,7,1,3,0.7781105524273175,1,
13295,3,14,1,3,0.7806112663354171,1,
13297,2,11,1,3,0.7872257867218255,1,
13299,4,7,1,3,0.8279986453140691,1,
13301,4,9,1,3,0.7712596585596716,1,
13303,4,10,1,3,0.7766925614388119,1,
13305,4,6,1,3,0.7994358001447841,1,
13309,4,4,1,3,0.7649265180639998,1,
13313,4,8,1,3,0.8055544764087106,1,
13315,4,8,1,3,0.7693172436695058,1,
13317,4,5,1,3,0.7416725227445026,1,
16001,1,17,1,3,0.7474666722229826,1,
16011,3,11,1,3,0.6819615799413314,1,
16013,2,8,1,3,0.5749253171062134,1,
16017,2,18,1,3,0.7093215825490558,1,
16019,2,14,1,3,0.739682455588639,1,
16025,4,2,1,3,0.7124406472862824,1,
16031,3,9,1,3,0.75281424550719,1,
16035,3,7,1,3,0.7328480307801976,1,
16039,3,7,1,3,0.730627773415853,1,
16041,1,7,1,3,0.703268698901168,1,
16045,2,7,1,3,0.7312192378717269,1,
16047,3,6,1,3,0.7154912794966072,1,
16055,2,13,1,3,0.7684007379155129,1,
16059,3,10,1,3,0.7043271781103428,1,
16069,2,10,1,3,0.7526100208071151,1,
16073,3,12,1,3,0.7303656973209696,1,
16075,3,7,1,3,0.7514415400394123,1,
16079,4,15,1,3,0.7638328537605009,1,
16081,1,5,1,3,0.6595954862169354,1,
16083,3,10,1,3,0.7790984235682116,1,
16087,4,5,1,3,0.711062184327995,1,
17001,2,23,1,3,0.7489603777565407,1,
17003,1,8,1,3,0.7465061456304829,1,
17007,1,15,1,3,0.7565072743829866,1,
17011,2,30,1,3,0.7307433262897928,1,
17013,2,7,1,3,0.6770804712963365,1,
17017,3,7,1,3,0.7296891154978618,1,
17019,3,35,1,3,0.7655537430919697,1,
17021,2,20,1,3,0.707524519366052,1,
17025,3,13,1,3,0.7187226161459653,1,
17027,1,17,1,3,0.7052033820312913,1,
17033,2,10,1,3,0.7115538041611713,1,
17039,2,13,1,3,0.6935577469311454,1,
17041,2,13,1,3,0.7106789501012205,1,
17043,1,43,1,3,0.6945587488636525,1,
17045,2,15,1,3,0.6819264770830693,1,
17049,2,15,1,3,0.7172337627999745,1,
17053,2,21,1,3,0.6768420000299368,1,
17055,4,19,1,3,0.7984035224665693,1,
17057,3,24,1,3,0.758700150883334,1,
17059,4,9,1,3,0.7218550265242991,1,
17063,1,16,1,3,0.7492884197386508,1,
17073,1,23,1,3,0.7407114307336777,1,
17075,2,25,1,3,0.6889124860038354,1,
17081,3,17,1,3,0.7857770665796038,1,
17087,2,10,1,3,0.7620115069073713,1,
17091,2,21,1,3,0.7676171259548743,1,
17093,1,19,1,3,0.7175140358561861,1,
17095,3,22,1,3,0.7913061911797659,1,
17097,1,35,1,3,0.7318469853121503,1,
17099,2,28,1,3,0.7631580797982012,1,
17103,2,24,1,3,0.7041174448933376,1,
17105,3,29,1,3,0.7126818126634347,1,
17107,1,20,1,3,0.6999643914640264,1,
17109,4,17,1,3,0.7763586693790563,1,
17111,1,24,1,3,0.7016525397253741,1,
17113,2,33,1,3,0.7466450034928598,1,
17115,3,27,1,3,0.7697300272658458,1,
17117,2,28,1,3,0.7341162564001806,1,
17121,3,15,1,3,0.7422066762465384,1,
17123,2,19,1,3,0.7180489082662476,1,
17125,3,11,1,3,0.6933650028775955,1,
17127,3,8,1,3,0.7816976157454941,1,
17133,1,9,1,3,0.6813821630025251,1,
17137,3,16,1,3,0.7390964791025103,1,
17141,2,27,1,3,0.7268869540750198,1,
17149,3,16,1,3,0.7246993367206986,1,
17157,2,18,1,3,0.7657500435303171,1,
17159,3,9,1,3,0.7221910129163597,1,
17161,2,20,1,3,0.807610910733659,1,
17165,4,11,1,3,0.7948315095997226,1,
17167,2,29,1,3,0.750587307405055,1,
17171,2,9,1,3,0.7175983686167253,1,
17173,2,22,1,3,0.6921382968225787,1,
17179,1,21,1,3,0.7525709757029513,1,
17181,3,13,1,3,0.7546752840436567,1,
17183,3,27,1,3,0.7797507507181038,1,
17187,3,14,1,3,0.7796001616884934,1,
17189,1,13,1,3,0.7148047573273928,1,
17193,3,11,1,3,0.7179751759543492,1,
17199,3,22,1,3,0.7787015938133708,1,
17201,2,26,1,3,0.810259858808069,1,
17203,1,16,1,3,0.6970262054271573,1,
18001,3,8,1,3,0.7662320936196387,1,
18003,2,33,1,3,0.7842632818652298,1,
18005,2,14,1,3,0.7607229019819237,1,
18009,3,7,1,3,0.7790522539737855,1,
18011,1,12,1,3,0.6944263298605251,1,
18013,1,9,1,3,0.7433108613209496,1,
18017,3,12,1,3,0.7588185148510043,1,
18019,2,15,1,3,0.7876678944357908,1,
18021,2,17,1,3,0.7470879161547779,1,
18023,3,12,1,3,0.7411116615376533,1,
18029,1,9,1,3,0.7508659170317973,1,
18035,4,21,1,3,0.846841441121247,1,
18037,1,13,1,3,0.7158546392335556,1,
18039,2,17,1,3,0.8642543018897968,1,
18043,2,10,1,3,0.7745487592780365,1,
18047,1,15,1,3,0.7593633813831729,1,
18051,2,16,1,3,0.7353574269653829,1,
18053,3,15,1,3,0.8204625280379385,1,
18055,2,16,1,3,0.7375156617775156,1,
18059,1,15,1,3,0.7513478485827155,1,
18061,2,16,1,3,0.7245315827013198,1,
18063,1,19,1,3,0.7475244974405545,1,
18067,2,10,1,3,0.7577523489705962,1,
18069,2,9,1,3,0.7393862384602061,1,
18071,3,8,1,3,0.7686006187941482,1,
18073,1,13,1,3,0.74571531673827,1,
18079,2,13,1,3,0.7824316296640148,1,
18081,1,12,1,3,0.7881450106261003,1,
18083,3,11,1,3,0.771028401869567,1,
18085,1,21,1,3,0.7657582106173451,1,
18087,1,12,1,3,0.8365487085217025,1,
18091,3,15,1,3,0.8140834381127391,1,
18093,2,12,1,3,0.7685582846433308,1,
18095,3,18,1,3,0.8281339257534612,1,
18101,2,7,1,3,0.7219173175240081,1,
18105,1,18,1,3,0.8809466226852638,1,
18107,2,16,1,3,0.7341381904916734,1,
18109,1,14,1,3,0.7960611966063028,1,
18117,3,11,1,3,0.7329425677693903,1,
18123,2,14,1,3,0.7275145995285364,1,
18127,1,15,1,3,0.768981622173316,1,
18129,1,7,1,3,0.7141746805880864,1,
18133,1,15,1,3,0.7550763443119937,1,
18139,2,16,1,3,0.778599960376827,1,
18141,3,24,1,3,0.8659474190175072,1,
18143,3,6,1,3,0.7612481207545079,1,
18145,2,17,1,3,0.7956936124819222,1,
18147,1,16,1,3,0.7053630919619297,1,
18149,3,11,1,3,0.7631739479278071,1,
18153,3,13,1,3,0.7451394865294568,1,
18157,3,18,1,3,0.7938984142210734,1,
18163,3,11,1,3,0.8222936410172714,1,
18167,1,18,1,3,0.8460195156119459,1,
18169,2,14,1,3,0.7244871265276301,1,
18173,1,12,1,3,0.720180774466359,1,
18175,2,12,1,3,0.7316205344145207,1,
18177,3,17,1,3,0.8379856195917899,1,
19003,2,9,1,3,0.7251102228471347,1,
19007,3,11,1,3,0.7439899325745398,1,
19009,2,11,1,3,0.7114397370574259,1,
19011,1,24,1,3,0.6619957305626804,1,
19013,3,17,1,3,0.768206602831462,1,
19015,3,18,1,3,0.7627381906868097,1,
19021,2,13,1,3,0.6757486157171396,1,
19023,1,16,1,3,0.6685201066703419,1,
19027,1,16,1,3,0.7084673143984007,1,
19031,1,18,1,3,0.6534130774132463,1,
19037,1,9,1,3,0.6548377643204712,1,
19039,3,9,1,3,0.7404976132199663,1,
19041,2,15,1,3,0.6606069579130333,1,
19045,2,20,1,3,0.7063865486388063,1,
19049,1,25,1,3,0.72160328071791,1,
19057,3,12,1,3,0.7795850240358669,1,
19061,2,19,1,3,0.7147963140851897,1,
19067,3,13,1,3,0.678674231106742,1,
19071,2,11,1,3,0.7209183919853468,1,
19077,1,18,1,3,0.7087970094875342,1,
19079,1,15,1,3,0.6924215835145144,1,
19087,2,11,1,3,0.728073639619702,1,
19095,1,21,1,3,0.6826662259455816,1,
19097,2,14,1,3,0.6844970188222639,1,
19099,1,19,1,3,0.7325085651626666,1,
19103,1,24,1,3,0.7635534521152727,1,
19105,2,16,1,3,0.6668716452840446,1,
19109,2,21,1,3,0.6397110350378915,1,
19111,3,12,1,3,0.7665860242215914,1,
19113,1,29,1,3,0.7082417145584903,1,
19121,1,14,1,3,0.7070035179063983,1,
19123,2,20,1,3,0.7402902748024887,1,
19127,2,21,1,3,0.7613300913996478,1,
19129,1,11,1,3,0.7274079805128089,1,
19133,2,15,1,3,0.7107639191265673,1,
19145,2,12,1,3,0.7142564339812802,1,
19149,1,14,1,3,0.6993443498138358,1,
19151,2,16,1,3,0.6528493716957153,1,
19155,2,24,1,3,0.7631431648931659,1,
19157,2,17,1,3,0.7161055748136447,1,
19161,2,16,1,3,0.6500656654699655,1,
19163,2,22,1,3,0.7689282952555394,1,
19169,3,22,1,3,0.7695146692188886,1,
19179,3,12,1,3,0.7701529689109132,1,
19181,1,19,1,3,0.7255285176354164,1,
19187,3,22,1,3,0.7620055800688031,1,
19193,2,25,1,3,0.7792701245375111,1,
19197,2,16,1,3,0.6758588113994559,1,
20001,3,11,1,3,0.7538313160668375,1,
20005,2,10,1,3,0.7393962636983482,1,
20009,3,10,1,3,0.6836227695627073,1,
20011,4,13,1,3,0.7552657349853911,1,
20015,2,20,1,3,0.744038985939849,1,
20019,4,10,1,3,0.6687101379273913,1,
20021,1,13,1,3,0.7186514079665348,1,
20027,1,10,1,3,0.6618006849124369,1,
20029,3,8,1,3,0.686326507235883,1,
20035,3,14,1,3,0.7773595015245087,1,
20037,1,15,1,3,0.7733802258621134,1,
20039,2,8,1,3,0.6063139468868075,1,
20041,2,12,1,3,0.6921066371314115,1,
20045,1,12,1,3,0.8134689150496415,1,
20047,3,7,1,3,0.6078090311124457,1,
20051,3,11,1,3,0.696401534457894,1,
20055,3,7,1,3,0.7083430671533453,1,
20057,4,10,1,3,0.7334799960220976,1,
20059,2,13,1,3,0.7547095800721498,1,
20061,3,8,1,3,0.8330426980857749,1,
20067,2,3,1,3,0.6917308302080645,1,
20073,3,11,1,3,0.6785949016209842,1,
20079,1,13,1,3,0.7149730111630974,1,
20083,2,8,1,3,0.6265647723624783,1,
20085,2,18,1,3,0.7170517268322908,1,
20087,2,15,1,3,0.7606389204674353,1,
20095,1,12,1,3,0.6405743678084554,1,
20097,2,7,1,3,0.6284576174661572,1,
20099,4,13,1,3,0.7821996898553467,1,
20103,1,13,1,3,0.7783285379401407,1,
20111,3,12,1,3,0.7981544150682948,1,
20113,1,12,1,3,0.6926727605486888,1,
20121,1,11,1,3,0.721071000196824,1,
20125,3,13,1,3,0.7948819682435468,1,
20127,2,9,1,3,0.6818818574456121,1,
20129,2,5,1,3,0.5758995618350925,1,
20133,4,11,1,3,0.7772184857698845,1,
20135,3,9,1,3,0.5855983760080972,1,
20139,2,15,1,3,0.7360981271295561,1,
20147,2,9,1,3,0.6420058094547325,1,
20149,2,12,1,3,0.7640371506960962,1,
20155,2,22,1,3,0.7465243043870615,1,
20159,2,13,1,3,0.6623071834297789,1,
20161,3,14,1,3,0.694706875082036,1,
20163,2,10,1,3,0.644776567361576,1,
20167,2,11,1,3,0.6359644184332307,1,
20169,2,9,1,3,0.7134292434430896,1,
20175,4,6,1,3,0.7439134819483193,1,
20179,1,11,1,3,0.5361168642799835,1,
20201,2,15,1,3,0.6612184451216769,1,
20205,4,10,1,3,0.7561976276748021,1,
21001,4,10,1,3,0.741681023777144,1,
21003,4,6,1,3,0.7874376390564719,1,
21009,4,11,1,3,0.7997730408262493,1,
21011,4,8,1,3,0.7564012772934025,1,
21013,4,11,1,3,0.7786585496730063,1,
21015,1,9,1,3,0.7657767748869022,1,
21019,3,4,1,3,0.8292967630699855,1,
21021,3,5,1,3,0.7653270604221873,1,
21023,3,7,1,3,0.7569167834089453,1,
21027,3,18,1,3,0.7236578227140252,1,
21029,1,11,1,3,0.809495073848739,1,
21033,3,6,1,3,0.7577507888627324,1,
21037,2,10,1,3,0.7917392087792363,1,
21041,4,8,1,3,0.8027026747609937,1,
21047,4,15,1,3,0.8335141674743762,1,
21049,3,4,1,3,0.7800140842145258,1,
21051,4,10,1,3,0.7667214557307797,1,
21057,4,3,1,3,0.7199710426791703,1,
21059,3,10,1,3,0.7982635427479832,1,
21061,4,12,1,3,0.7625541942677364,1,
21063,4,6,1,3,0.763227888743889,1,
21067,2,17,1,3,0.7850769276840008,1,
21069,4,7,1,3,0.7522478891374849,1,
21071,4,33,1,3,0.8047529271203515,1,
21073,2,5,1,3,0.7688974795715227,1,
21075,4,3,1,3,0.7758700330114685,1,
21077,3,6,1,3,0.7866734792555949,1,
21079,3,5,1,3,0.7580455223614397,1,
21081,3,8,1,3,0.7735356585123019,1,
21083,4,18,1,3,0.7968003047613147,1,
21085,4,9,1,3,0.7445578775809495,1,
21093,2,17,1,3,0.7911198591430717,1,
21097,3,6,1,3,0.7377586782824278,1,
21099,4,10,1,3,0.7386816307638298,1,
21101,3,8,1,3,0.7949070645451561,1,
21103,3,13,1,3,0.736536818757543,1,
21105,4,7,1,3,0.752621423491551,1,
21107,4,13,1,3,0.7738480602291319,1,
21113,3,4,1,3,0.7816726677116128,1,
21115,4,19,1,3,0.7949245055797891,1,
21117,2,12,1,3,0.7954650216839768,1,
21119,4,24,1,3,0.7826452659550389,1,
21121,4,19,1,3,0.7824388843584729,1,
21125,4,8,1,3,0.8062930767457684,1,
21127,4,10,1,3,0.7804727479466003,1,
21133,1,26,1,3,0.7819532699597573,1,
21137,4,11,1,3,0.7509726806980235,1,
21141,4,7,1,3,0.7832039433287319,1,
21145,3,7,1,3,0.8583197848653259,1,
21149,2,7,1,3,0.7085893230082746,1,
21151,1,5,1,3,0.8014336629790915,1,
21153,4,4,1,3,0.7590941732872452,1,
21159,4,9,1,3,0.7835172629300804,1,
21161,4,5,1,3,0.7748650117479678,1,
21163,2,12,1,3,0.7546050312644419,1,
21167,2,5,1,3,0.7409910992283865,1,
21171,4,6,1,3,0.7599144613937301,1,
21173,4,5,1,3,0.7915896301683409,1,
21175,4,8,1,3,0.7588035784989794,1,
21179,1,9,1,3,0.7564014613213854,1,
21183,3,16,1,3,0.7374590449171905,1,
21185,1,11,1,3,0.6981572044964123,1,
21191,3,10,1,3,0.7410509049147697,1,
21195,4,39,1,3,0.7782819477368887,1,
21197,4,4,1,3,0.7932617758275542,1,
21199,4,11,1,3,0.7902457183753873,1,
21201,4,7,1,3,0.729488805614519,1,
21203,4,7,1,3,0.7745141798682587,1,
21205,4,4,1,3,0.7694839916637162,1,
21207,4,7,1,3,0.7546915693665313,1,
21209,2,6,1,3,0.7649551001645132,1,
21211,2,14,1,3,0.7525064506860766,1,
21217,4,6,1,3,0.7656713358179466,1,
21221,2,5,1,3,0.7431312093670257,1,
21225,4,5,1,3,0.7425807805303692,1,
21227,3,9,1,3,0.8042135303159017,1,
21231,4,5,1,3,0.7674712893663524,1,
21235,4,7,1,3,0.7946706083244932,1,
21237,4,5,1,3,0.7661418527903903,1,
21239,2,3,1,3,0.7303217606165764,1,
22001,4,15,1,3,0.8099689686142715,1,
22003,3,13,1,3,0.7718875321983001,1,
22005,1,8,1,3,0.7871204321549727,1,
22009,4,15,1,3,0.7767535638252291,1,
22011,3,9,1,3,0.7870612421025729,1,
22013,4,13,1,3,0.8036094105306869,1,
22019,3,16,1,3,0.839156688702587,1,
22021,4,4,1,3,0.7822456457890565,1,
22023,4,8,1,3,0.8033966697917678,1,
22027,4,11,1,3,0.8137545803541092,1,
22031,4,10,1,3,0.7861383218057434,1,
22039,4,12,1,3,0.7927131178122366,1,
22041,4,7,1,3,0.7827407385406404,1,
22043,3,8,1,3,0.7769790241725947,1,
22045,4,10,1,3,0.8147753286467656,1,
22047,3,8,1,3,0.821691972903943,1,
22049,4,7,1,3,0.8195208361659851,1,
22053,3,10,1,3,0.7950586733175102,1,
22055,1,16,1,3,0.8116910175447201,1,
22057,3,14,1,3,0.8084487531516835,1,
22063,2,17,1,3,0.805053916432497,1,
22065,4,4,1,3,0.7606877949360501,1,
22069,4,16,1,3,0.8124031695478103,1,
22077,3,17,1,3,0.7662695938151478,1,
22079,4,27,1,3,0.8348927792452752,1,
22083,4,6,1,3,0.7958833439311784,1,
22087,4,6,1,3,0.8802784476071199,1,
22089,1,10,1,3,0.7935578487175896,1,
22093,3,7,1,3,0.8261506979967409,1,
22095,3,6,1,3,0.8357170918327343,1,
22099,4,8,1,3,0.808852490439042,1,
22101,4,8,1,3,0.8150510122828469,1,
22103,2,17,1,3,0.7596083162309668,1,
22105,1,20,1,3,0.8048255238459271,1,
22107,4,4,1,3,0.6969263513017407,1,
22109,3,13,1,3,0.827099763784804,1,
22111,3,10,1,3,0.7895718996758154,1,
22113,3,12,1,3,0.7830931823894145,1,
22115,3,13,1,3,0.8003239133775679,1,
22117,4,6,1,3,0.7658235318357144,1,
22119,4,12,1,3,0.8367854985937643,1,
22121,2,5,1,3,0.8214045976383619,1,
22123,4,4,1,3,0.7340603585691439,1,
22127,4,12,1,3,0.7927038786792286,1,
23001,2,14,1,3,0.7618363253954148,1,
23005,1,38,1,3,0.7060086912141441,1,
23007,1,18,1,3,0.6771780532094751,1,
23009,2,40,1,3,0.6907902512889728,1,
23011,2,27,1,3,0.7375716156254324,1,
23013,1,19,1,3,0.6703709774267123,1,
23017,1,33,1,3,0.7407258874241069,1,
23019,1,47,1,3,0.7445993243429044,1,
23021,3,16,1,3,0.7067154864129964,1,
23025,4,24,1,3,0.7464301735697149,1,
23027,2,18,1,3,0.7170994358648007,1,
23031,1,36,1,3,0.7262770590468569,1,
24001,3,15,1,3,0.7687006839923148,1,
24011,3,10,1,3,0.7527278573413051,1,
24013,1,15,1,3,0.7052073131410883,1,
24017,1,24,1,3,0.7179278283892874,1,
24019,3,18,1,3,0.7109097076736999,1,
24021,1,34,1,3,0.718303104061167,1,
24027,1,24,1,3,0.6879018952611787,1,
24029,2,9,1,3,0.6639711365791615,1,
24035,1,16,1,3,0.6724344676373597,1,
24037,1,26,1,3,0.7176041121548177,1,
24039,1,11,1,3,0.8177074193534222,1,
24041,1,16,1,3,0.6698271791216113,1,
24043,1,20,1,3,0.714341623073572,1,
24047,2,12,1,3,0.728642924689616,1,
25001,1,47,1,3,0.7158419806161658,1,
25005,2,36,1,3,0.7887450653342734,1,
25011,2,32,1,3,0.7304355024395763,1,
25013,2,41,1,3,0.8339999317076818,1,
25015,1,28,1,3,0.7293028512189879,1,
25023,1,34,1,3,0.7294351305551626,1,
25025,3,36,1,3,0.8193170374643521,1,
25027,1,87,1,3,0.7705152738401109,1,
26005,2,24,1,3,0.7860644938744439,1,
26009,2,16,1,3,0.7004778805220329,1,
26011,3,10,1,3,0.7502521969731091,1,
26013,3,7,1,3,0.7155288407630094,1,
26015,1,15,1,3,0.748244317395985,1,
26017,2,16,1,3,0.7766061371006953,1,
26021,1,23,1,3,0.7926440847398833,1,
26023,3,13,1,3,0.8088110215421778,1,
26025,3,22,1,3,0.8214356797311574,1,
26027,2,14,1,3,0.8088901253404506,1,
26041,3,13,1,3,0.7323729399939465,1,
26045,1,19,1,3,0.791470014524813,1,
26049,3,34,1,3,0.7941982059494466,1,
26055,1,9,1,3,0.7120608244844482,1,
26059,3,18,1,3,0.7595094892115755,1,
26061,4,20,1,3,0.7548482119421076,1,
26063,2,18,1,3,0.6952166514356481,1,
26065,1,22,1,3,0.8766337568978566,1,
26067,2,21,1,3,0.7751805430451271,1,
26073,4,15,1,3,0.799193739404356,1,
26075,2,29,1,3,0.8320430750495618,1,
26077,2,25,1,3,0.8122654777170271,1,
26081,2,39,1,3,0.8340020865061297,1,
26087,2,22,1,3,0.726047845046886,1,
26091,2,23,1,3,0.7743355535530227,1,
26093,1,20,1,3,0.7328833541822324,1,
26099,2,39,1,3,0.8364873403478431,1,
26101,2,15,1,3,0.7103771128587666,1,
26103,2,15,1,3,0.729219348332117,1,
26115,1,25,1,3,0.794538241544765,1,
26121,3,20,1,3,0.7992885668522023,1,
26123,3,21,1,3,0.7516363879153493,1,
26127,3,12,1,3,0.7377695427965254,1,
26137,3,7,1,3,0.7331831847787675,1,
26139,1,22,1,3,0.7564225302178406,1,
26141,2,7,1,3,0.7056651680648429,1,
26145,3,28,1,3,0.782135583725323,1,
26147,2,23,1,3,0.7715865924339375,1,
26149,3,13,1,3,0.8139101338008619,1,
26151,3,22,1,3,0.7192934266167308,1,
26155,2,19,1,3,0.7286091986880697,1,
26157,3,21,1,3,0.7267135781348502,1,
26159,3,22,1,3,0.8030111058168408,1,
26161,2,27,1,3,0.7868090556177583,1,
27001,2,12,1,3,0.6825101639540939,1,
27003,1,20,1,3,0.6965909769175469,1,
27005,2,16,1,3,0.7050974556106886,1,
27007,3,18,1,3,0.7610343756727148,1,
27009,1,9,1,3,0.6953895939176983,1,
27025,1,15,1,3,0.6825417657782179,1,
27027,2,15,1,3,0.7478723549618094,1,
27037,1,22,1,3,0.7260418450161034,1,
27041,1,17,1,3,0.6723800181357547,1,
27047,2,18,1,3,0.677895819520066,1,
27049,1,17,1,3,0.6865150634413311,1,
27057,2,10,1,3,0.7320810371586218,1,
27061,2,30,1,3,0.7167447072912297,1,
27079,1,13,1,3,0.6787644565068524,1,
27083,3,14,1,3,0.692463405853875,1,
27095,2,12,1,3,0.6959595414054043,1,
27097,2,20,1,3,0.6948353007426712,1,
27099,2,19,1,3,0.6825136520621653,1,
27109,1,19,1,3,0.7321136228156806,1,
27111,1,34,1,3,0.656706923645241,1,
27115,2,16,1,3,0.7002977208463678,1,
27119,2,25,1,3,0.7109385940916803,1,
27123,2,26,1,3,0.7958237424165121,1,
27127,2,22,1,3,0.6517127433977886,1,
27129,2,16,1,3,0.6573477388980751,1,
27131,1,16,1,3,0.7160728380044281,1,
27135,1,11,1,3,0.6997949541256036,1,
27139,1,10,1,3,0.7104825539461668,1,
27141,1,9,1,3,0.6811926553944148,1,
27145,2,33,1,3,0.7076245519528175,1,
27151,3,11,1,3,0.6588436815567709,1,
27153,2,19,1,3,0.687032179565042,1,
27163,1,19,1,3,0.7086632931497456,1,
27169,2,14,1,3,0.751468827105694,1,
27171,1,19,1,3,0.675363002881212,1,
28001,4,2,1,3,0.7159160634080299,1,
28003,4,5,1,3,0.7556293826227323,1,
28007,4,11,1,3,0.7094501508565076,1,
28011,4,17,1,3,0.754165993851204,1,
28013,4,11,1,3,0.7021109006518949,1,
28015,4,13,1,3,0.7336683854913923,1,
28019,4,9,1,3,0.7195678896569981,1,
28023,4,9,1,3,0.7150802221464829,1,
28025,4,8,1,3,0.720330983966669,1,
28027,4,11,1,3,0.7548328876352111,1,
28029,4,9,1,3,0.6867706968407947,1,
28031,4,8,1,3,0.747532680805411,1,
28033,1,10,1,3,0.7688548326257175,1,
28035,1,8,1,3,0.7766611913533363,1,
28037,4,8,1,3,0.721218797507766,1,
28039,4,3,1,3,0.7340365161806136,1,
28041,3,7,1,3,0.722476550128368,1,
28043,4,7,1,3,0.7366017912615633,1,
28045,3,10,1,3,0.7419048429006726,1,
28051,4,9,1,3,0.7138834750208232,1,
28057,3,10,1,3,0.7549569911058138,1,
28061,4,14,1,3,0.7060998710393745,1,
28065,4,9,1,3,0.7240008694597184,1,
28069,4,11,1,3,0.7181964222340496,1,
28071,4,13,1,3,0.8600683214298164,1,
28073,3,6,1,3,0.7415959803967985,1,
28075,1,12,1,3,0.7259486024538628,1,
28081,3,15,1,3,0.7614226906899217,1,
28083,4,11,1,3,0.7628248247022315,1,
28085,4,12,1,3,0.7443371435478519,1,
28087,3,8,1,3,0.7565696310888487,1,
28089,1,12,1,3,0.7485981957366996,1,
28091,4,8,1,3,0.7448087917963365,1,
28093,3,8,1,3,0.7255391842722312,1,
28095,4,12,1,3,0.7469009001160903,1,
28097,4,7,1,3,0.7145636537032947,1,
28099,4,8,1,3,0.7450498595900448,1,
28101,4,11,1,3,0.7281834741135607,1,
28103,4,6,1,3,0.7043492996120988,1,
28107,4,11,1,3,0.7350559767371749,1,
28109,3,5,1,3,0.7372117019946028,1,
28113,4,8,1,3,0.7636009637630887,1,
28115,4,11,1,3,0.7592788353471008,1,
28119,4,10,1,3,0.7100410584237034,1,
28121,1,12,1,3,0.7639583348694242,1,
28123,4,10,1,3,0.7375199176830612,1,
28127,3,10,1,3,0.737498979480145,1,
28131,4,6,1,3,0.7396122007003552,1,
28133,4,16,1,3,0.7429223116568524,1,
28135,4,18,1,3,0.7084355280108363,1,
28137,3,5,1,3,0.7450865333283156,1,
28141,4,9,1,3,0.7519558125322443,1,
28145,3,11,1,3,0.7446569919362815,1,
28147,4,6,1,3,0.7221128468892675,1,
28153,4,7,1,3,0.7401689219966853,1,
28159,4,10,1,3,0.7197338645276903,1,
28161,4,7,1,3,0.7178073438185383,1,
28163,4,8,1,3,0.7163402578976745,1,
29001,4,9,1,3,0.7772168575532035,1,
29009,4,17,1,3,0.7863099571668823,1,
29011,4,8,1,3,0.7745748714776101,1,
29013,3,13,1,3,0.7213653360747397,1,
29015,3,13,1,3,0.7263564986542369,1,
29017,4,13,1,3,0.7427185045796527,1,
29019,1,13,1,3,0.7516047200411481,1,
29021,3,15,1,3,0.8595026628545654,1,
29023,4,10,1,3,0.8081529200613804,1,
29025,3,10,1,3,0.7511485654817487,1,
29029,3,18,1,3,0.7423793755125736,1,
29031,3,19,1,3,0.8085001296128954,1,
29033,3,10,1,3,0.7085724399340231,1,
29035,3,5,1,3,0.7341741585795384,1,
29037,1,18,1,3,0.761561934194631,1,
29039,4,9,1,3,0.7494508296556988,1,
29041,3,12,1,3,0.7178494458569484,1,
29043,1,21,1,3,0.7711385507896675,1,
29049,1,11,1,3,0.7427709613226567,1,
29051,1,9,1,3,0.7578139401917342,1,
29055,4,12,1,3,0.7537876270452826,1,
29057,3,13,1,3,0.7563454245362355,1,
29059,4,13,1,3,0.7531151456664382,1,
29063,2,10,1,3,0.7618332526522553,1,
29065,4,8,1,3,0.7429971578537183,1,
29067,4,16,1,3,0.7286189573722957,1,
29069,4,14,1,3,0.8004531845173322,1,
29071,1,23,1,3,0.7819553405523303,1,
29079,3,7,1,3,0.7684187514935176,1,
29083,4,11,1,3,0.740321362095178,1,
29085,4,13,1,3,0.7343791457321273,1,
29091,4,12,1,3,0.7510810996160411,1,
29093,3,16,1,3,0.7413153563862189,1,
29099,1,24,1,3,0.8093568555631532,1,
29103,4,12,1,3,0.7132440823226783,1,
29105,4,12,1,3,0.7602941262371923,1,
29107,2,16,1,3,0.7263980017070032,1,
29109,3,21,1,3,0.7833802814540758,1,
29113,2,17,1,3,0.7615824690110008,1,
29115,3,15,1,3,0.7295020531283898,1,
29117,3,12,1,3,0.7503388333261817,1,
29119,1,14,1,3,0.7152449019669321,1,
29121,2,15,1,3,0.7270638573251273,1,
29123,3,7,1,3,0.7427243788198858,1,
29127,3,10,1,3,0.7652707520972243,1,
29131,3,17,1,3,0.7404617530063484,1,
29133,4,6,1,3,0.8116093425488045,1,
29135,2,13,1,3,0.7317561806796897,1,
29139,3,11,1,3,0.7434158921877003,1,
29143,4,17,1,3,0.8115711383575342,1,
29145,3,15,1,3,0.7934596759920447,1,
29147,4,18,1,3,0.7741486204508987,1,
29153,4,18,1,3,0.7120466564911764,1,
29159,3,15,1,3,0.7788875794715875,1,
29161,4,11,1,3,0.7573563689780928,1,
29163,1,12,1,3,0.7103126403866503,1,
29165,1,18,1,3,0.7547977131076564,1,
29169,2,11,1,3,0.7659146496408444,1,
29175,3,12,1,3,0.7768258635821406,1,
29177,2,12,1,3,0.7657573608243744,1,
29181,4,9,1,3,0.7185984691101948,1,
29183,1,14,1,3,0.7689118052351681,1,
29185,4,16,1,3,0.7288609105981474,1,
29186,2,8,1,3,0.7597452660230333,1,
29187,3,15,1,3,0.7859341061893155,1,
29195,3,13,1,3,0.7518332074409967,1,
29197,3,6,1,3,0.7535279411595093,1,
29199,3,10,1,3,0.7360351514089023,1,
29201,4,14,1,3,0.840163003814575,1,
29207,1,13,1,3,0.7816484346369219,1,
29209,1,17,1,3,0.7623715344394868,1,
29211,3,13,1,3,0.7256256645268615,1,
29213,3,20,1,3,0.7955981316069245,1,
29215,4,21,1,3,0.7418810037776894,1,
29217,4,13,1,3,0.7850955558592396,1,
29219,3,9,1,3,0.7505915861612016,1,
29223,4,14,1,3,0.7255389980747319,1,
29225,3,9,1,3,0.7715264597634972,1,
29229,4,11,1,3,0.732821361631103,1,
30003,4,18,1,3,0.7493056413865987,1,
30005,4,9,1,3,0.7062724181259884,1,
30013,3,18,1,3,0.7629380942789326,1,
30015,2,13,1,3,0.7112648229517715,1,
30021,1,8,1,3,0.6951249415482563,1,
30029,2,16,1,3,0.7411216798218234,1,
30035,4,5,1,3,0.726000643309128,1,
30047,3,15,1,3,0.7396989118543311,1,
30049,1,9,1,3,0.7354232470123645,1,
30053,4,6,1,3,0.7293218287668227,1,
30061,4,5,1,3,0.7356539289434602,1,
30073,3,6,1,3,0.7069992977781191,1,
30081,2,9,1,3,0.7282963316952582,1,
30087,3,8,1,3,0.7146121567438882,1,
30105,3,12,1,3,0.6860079605626365,1,
30111,2,16,1,3,0.7732481974131804,1,
31001,2,14,1,3,0.6845487405930002,1,
31003,2,11,1,3,0.6441300094027406,1,
31007,2,8,1,3,0.700788103500485,1,
31011,2,8,1,3,0.6309939027751678,1,
31013,2,3,1,3,0.6526667173084719,1,
31023,1,14,1,3,0.679812969256933,1,
31025,1,20,1,3,0.7074732802575789,1,
31029,2,7,1,3,0.6953190606077541,1,
31033,1,5,1,3,0.6877161342991449,1,
31041,1,21,1,3,0.6212367402226412,1,
31045,2,6,1,3,0.6640503375608472,1,
31061,2,8,1,3,0.6326129315930297,1,
31067,2,18,1,3,0.696795383398388,1,
31075,2,3,1,3,0.6561199218195373,1,
31079,2,11,1,3,0.6875542124485096,1,
31083,2,8,1,3,0.6354425569469919,1,
31093,1,11,1,3,0.647244722290744,1,
31095,3,12,1,3,0.7006151609984395,1,
31109,2,42,1,3,0.7599224760827504,1,
31111,2,14,1,3,0.6519668966998045,1,
31119,2,8,1,3,0.6830057011750323,1,
31131,1,19,1,3,0.7021971853320184,1,
31135,1,10,1,3,0.665793295348439,1,
31141,1,11,1,3,0.6725255603283,1,
31153,1,13,1,3,0.7305620385740794,1,
31155,1,18,1,3,0.7024514521000315,1,
31157,3,8,1,3,0.7197927730525409,1,
31161,2,9,1,3,0.6485094153567473,1,
31173,4,10,1,3,0.7269374494066656,1,
31177,1,15,1,3,0.7252970728324724,1,
31179,2,11,1,3,0.6663580486470488,1,
31185,1,15,1,3,0.6468122984360516,1,
32001,2,2,1,3,0.8161888711971033,1,
32005,1,9,1,3,0.7797368579875903,1,
32007,1,14,1,3,0.7450090128951061,1,
32013,1,7,1,3,0.7078490936759781,1,
32017,1,5,1,3,0.6851083618526352,1,
32019,3,9,1,3,0.8324246874213517,1,
32021,3,5,1,3,0.7488253555823725,1,
32033,2,7,1,3,0.7324038593918889,1,
33005,1,27,1,3,0.716016176680802,1,
33007,2,16,1,3,0.7250462908423467,1,
33009,1,37,1,3,0.7028797085574523,1,
33011,1,34,1,3,0.7200214635460876,1,
33013,1,31,1,3,0.7046353257719078,1,
33015,1,37,1,3,0.7157330897379531,1,
34009,1,15,1,3,0.7231875393715869,1,
34011,1,22,1,3,0.7618322878262254,1,
34015,1,30,1,3,0.7457045359796519,1,
34019,1,26,1,3,0.6752298386508719,1,
34021,1,25,1,3,0.7599679102528972,1,
34027,1,56,1,3,0.7062843240376155,1,
34031,2,33,1,3,0.8076359512375388,1,
34033,2,14,1,3,0.7613654656536458,1,
34035,1,32,1,3,0.6967190695180403,1,
34037,1,21,1,3,0.6951989028593413,1,
34041,1,19,1,3,0.7334267557412064,1,
35005,4,9,1,3,0.6176228780333557,1,
35007,4,9,1,3,0.5905921179078972,1,
35009,1,7,1,3,0.7109935565177573,1,
35015,3,8,1,3,0.506329115991734,1,
35017,4,16,1,3,0.6156009238827521,1,
35019,2,5,1,3,0.6207633317364363,1,
35025,3,7,1,3,0.6829625994028308,1,
35029,4,3,1,3,0.6365104343454482,1,
35035,4,18,1,3,0.6552379480417253,1,
35037,4,10,1,3,0.5910887993144813,1,
35039,1,37,1,3,0.6626908930390023,1,
35041,4,9,1,3,0.6724698157267923,1,
35043,1,21,1,3,0.6664848425570884,1,
35049,2,15,1,3,0.668865712066527,1,
35051,4,10,1,3,0.6109075920699263,1,
35053,4,14,1,3,0.6685000798751285,1,
35055,4,21,1,3,0.6552289061123489,1,
35061,4,8,1,3,0.6270467714037442,1,
36001,2,46,1,3,0.7643626712091703,1,
36003,3,37,1,3,0.7028461400008846,1,
36007,3,31,1,3,0.7616337345486235,1,
36009,1,36,1,3,0.7011780362632609,1,
36011,1,26,1,3,0.7155452077487344,1,
36013,3,36,1,3,0.7481890798757744,1,
36015,2,22,1,3,0.7558276120039445,1,
36021,2,36,1,3,0.7163475702352348,1,
36023,3,17,1,3,0.7341669014987641,1,
36027,1,35,1,3,0.729065418589998,1,
36031,2,34,1,3,0.6808131427050886,1,
36033,3,23,1,3,0.7165983436350485,1,
36037,2,18,1,3,0.6872712926959357,1,
36039,2,42,1,3,0.719991322938005,1,
36041,2,13,1,3,0.6789854872294846,1,
36043,3,28,1,3,0.7233808326852427,1,
36045,3,39,1,3,0.7223195133524691,1,
36053,1,31,1,3,0.6892830423842649,1,
36055,1,50,1,3,0.7725656793614843,1,
36057,3,20,1,3,0.7279869588829364,1,
36063,1,22,1,3,0.796942250958504,1,
36065,2,54,1,3,0.7544782321543544,1,
36071,1,51,1,3,0.7212964372252206,1,
36073,3,15,1,3,0.7109658405366108,1,
36075,3,27,1,3,0.7401829671653375,1,
36077,3,43,1,3,0.707639526401973,1,
36083,2,29,1,3,0.7257077898871759,1,
36089,3,49,1,3,0.7275618576565926,1,
36091,1,27,1,3,0.7071318926354437,1,
36093,1,19,1,3,0.7369260532086486,1,
36099,2,14,1,3,0.7240255426189712,1,
36101,3,39,1,3,0.7223182170647123,1,
36105,2,62,1,3,0.724074872205358,1,
36107,2,15,1,3,0.7098061565458134,1,
36109,1,17,1,3,0.8109001424940713,1,
36111,2,63,1,3,0.7292147643133615,1,
36115,2,27,1,3,0.7102667195406474,1,
36117,2,20,1,3,0.6743364861802509,1,
37001,3,12,1,3,0.7712464469071143,1,
37003,2,8,1,3,0.7524506723681228,1,
37007,4,8,1,3,0.7351898727811295,1,
37013,4,15,1,3,0.7227664294362877,1,
37015,4,10,1,3,0.6939825231055492,1,
37017,4,18,1,3,0.7320747362627658,1,
37019,2,14,1,3,0.7309484132042725,1,
37021,2,19,1,3,0.7493628399907115,1,
37023,4,16,1,3,0.7640192325268318,1,
37025,2,16,1,3,0.7484904404892978,1,
37027,3,10,1,3,0.7660575425923327,1,
37031,2,19,1,3,0.7251016340144079,1,
37035,2,14,1,3,0.7610489655154319,1,
37037,1,18,1,3,0.7239453429679067,1,
37039,3,4,1,3,0.7284643313742535,1,
37041,3,4,1,3,0.7196260916660832,1,
37043,3,5,1,3,0.7125352692079665,1,
37045,1,13,1,3,0.7919922701061903,1,
37047,4,16,1,3,0.7335116970261075,1,
37049,2,11,1,3,0.7477031930590619,1,
37051,1,24,1,3,0.754286224373868,1,
37053,1,15,1,3,0.7110648546158431,1,
37055,1,14,1,3,0.7175417133980995,1,
37057,3,12,1,3,0.7701675730484489,1,
37059,2,6,1,3,0.7348734097072045,1,
37061,4,19,1,3,0.74077568417556,1,
37063,2,16,1,3,0.7597589309976341,1,
37065,4,15,1,3,0.7508297489688323,1,
37067,1,22,1,3,0.7296174838126486,1,
37069,3,13,1,3,0.7448299627140488,1,
37071,3,18,1,3,0.7802475890067713,1,
37077,3,12,1,3,0.7318175666190528,1,
37079,4,11,1,3,0.7370017947471702,1,
37083,4,9,1,3,0.7383539976825948,1,
37085,3,16,1,3,0.7536887681534836,1,
37089,2,15,1,3,0.7299249298413372,1,
37091,4,9,1,3,0.7272973322529923,1,
37093,3,9,1,3,0.7798467702832703,1,
37101,2,21,1,3,0.7508139835652943,1,
37105,3,4,1,3,0.7621374752501421,1,
37107,4,10,1,3,0.7614059926591066,1,
37109,2,11,1,3,0.7467023537117783,1,
37111,3,9,1,3,0.7463907493400659,1,
37125,2,18,1,3,0.7314306528623495,1,
37127,3,15,1,3,0.7514149031053583,1,
37129,3,10,1,3,0.7558993805659627,1,
37131,4,12,1,3,0.6953500738278837,1,
37133,3,16,1,3,0.7786786340972021,1,
37135,2,14,1,3,0.737063466124586,1,
37141,3,13,1,3,0.7393379359290659,1,
37147,4,17,1,3,0.7747106979544267,1,
37151,3,24,1,3,0.7675209042085349,1,
37153,4,11,1,3,0.7790471467263824,1,
37157,3,11,1,3,0.7574750341780502,1,
37159,3,19,1,3,0.764123650678418,1,
37161,1,16,1,3,0.7511653609511085,1,
37163,4,17,1,3,0.7478648199772815,1,
37165,4,7,1,3,0.787826389804873,1,
37169,2,16,1,3,0.7370488628143761,1,
37171,4,12,1,3,0.7588819112453937,1,
37175,3,10,1,3,0.7263514795530635,1,
37179,1,12,1,3,0.7273255006871786,1,
37181,4,8,1,3,0.7714421341410653,1,
37185,4,8,1,3,0.7046648116217137,1,
37187,4,4,1,3,0.6929774834933508,1,
37189,4,10,1,3,0.7624862466160536,1,
37191,1,14,1,3,0.7582817390629784,1,
37193,4,23,1,3,0.7458282830546379,1,
37195,4,17,1,3,0.7716560130027328,1,
38015,1,12,1,3,0.7186449851772108,1,
38027,2,7,1,3,0.6121349261820508,1,
38035,1,22,1,3,0.750769679684136,1,
38037,2,13,1,3,0.6632824233177697,1,
38067,1,13,1,3,0.6356168187441231,1,
38073,1,11,1,3,0.6255662013125421,1,
38085,4,9,1,3,0.6692707114305104,1,
38099,2,16,1,3,0.658284729519517,1,
38101,1,24,1,3,0.6629710864784863,1,
39001,4,11,1,3,0.7528911396247708,1,
39007,4,19,1,3,0.7838938442987091,1,
39009,4,18,1,3,0.7861259840239176,1,
39013,2,27,1,3,0.7602171672711372,1,
39017,2,17,1,3,0.7920632081762411,1,
39019,2,20,1,3,0.7399992311554913,1,
39023,3,22,1,3,0.8024169778162604,1,
39025,1,23,1,3,0.7620583435343937,1,
39037,2,25,1,3,0.787203768279664,1,
39041,1,24,1,3,0.6880629029676909,1,
39045,1,19,1,3,0.7491737138173916,1,
39055,1,20,1,3,0.7212822760647826,1,
39059,3,20,1,3,0.7648521752198558,1,
39063,1,24,1,3,0.7075750950488295,1,
39065,3,15,1,3,0.7463336297201804,1,
39071,4,15,1,3,0.7618981774026359,1,
39073,3,16,1,3,0.7586779074760286,1,
39075,1,18,1,3,0.7736649472132688,1,
39077,2,14,1,3,0.7558018734049614,1,
39079,4,11,1,3,0.7751851718571703,1,
39081,3,23,1,3,0.7931346931739969,1,
39085,1,11,1,3,0.7727143798089182,1,
39087,3,14,1,3,0.7994079080174311,1,
39089,2,28,1,3,0.7650551975668594,1,
39091,2,18,1,3,0.7461065926494317,1,
39093,2,24,1,3,0.8172190978261096,1,
39099,2,36,1,3,0.831377607275152,1,
39101,3,14,1,3,0.7672790860410557,1,
39103,1,24,1,3,0.722395229148642,1,
39107,1,18,1,3,0.7622071530364538,1,
39111,3,15,1,3,0.7365648984311108,1,
39117,2,16,1,3,0.7400548771553321,1,
39119,3,22,1,3,0.781119073621818,1,
39121,2,15,1,3,0.719444548309381,1,
39123,2,18,1,3,0.7490920666107377,1,
39125,1,15,1,3,0.7238365375094953,1,
39127,3,17,1,3,0.7507957946050099,1,
39129,2,17,1,3,0.7455178201047327,1,
39131,4,11,1,3,0.7726810674216772,1,
39133,1,24,1,3,0.8489682249441168,1,
39135,1,16,1,3,0.7738336495391992,1,
39137,1,17,1,3,0.6925915854119387,1,
39139,1,19,1,3,0.7342132309407836,1,
39141,3,16,1,3,0.7806520902005797,1,
39143,2,17,1,3,0.7460982300952409,1,
39145,4,20,1,3,0.7905528242562897,1,
39147,2,20,1,3,0.7538430831484042,1,
39151,1,42,1,3,0.7818834828019776,1,
39155,3,30,1,3,0.8001695878320356,1,
39159,1,20,1,3,0.7266875783786304,1,
39165,1,24,1,3,0.7206979073483326,1,
39167,3,20,1,3,0.7701536141755947,1,
39169,2,25,1,3,0.7641528569169004,1,
39171,1,12,1,3,0.7366132846096063,1,
39173,2,32,1,3,0.7579160993946437,1,
40001,4,8,1,3,0.7647197085191161,1,
40003,1,13,1,3,0.6528759765037992,1,
40009,3,6,1,3,0.7162083176663685,1,
40011,3,13,1,3,0.7637407405196122,1,
40013,4,14,1,3,0.8191119330818067,1,
40015,4,16,1,3,0.7631608274755516,1,
40017,1,13,1,3,0.8098651770359327,1,
40019,3,13,1,3,0.8472574957731417,1,
40021,4,16,1,3,0.8119624709693559,1,
40023,4,12,1,3,0.7655797669887694,1,
40025,3,4,1,3,0.5773241151682909,1,
40035,4,10,1,3,0.7726839885291876,1,
40037,3,21,1,3,0.8128849230855852,1,
40039,4,13,1,3,0.7466032985008366,1,
40041,4,13,1,3,0.7775124098751873,1,
40043,3,12,1,3,0.6984755864240384,1,
40045,3,7,1,3,0.6693646709285606,1,
40047,1,22,1,3,0.7590889769709915,1,
40049,3,13,1,3,0.7769939130078507,1,
40051,2,14,1,3,0.7922107238859333,1,
40053,1,10,1,3,0.715440105300012,1,
40055,4,4,1,3,0.6578624151990128,1,
40059,2,7,1,3,0.6733627724878742,1,
40063,4,10,1,3,0.7553406759325931,1,
40065,3,9,1,3,0.735825822715949,1,
40067,4,8,1,3,0.7332154124065073,1,
40069,4,13,1,3,0.7554562213457208,1,
40071,4,10,1,3,0.8235002606271411,1,
40073,2,12,1,3,0.7271309115735891,1,
40075,4,9,1,3,0.6763538188790761,1,
40077,4,7,1,3,0.7592819273726882,1,
40079,4,23,1,3,0.7884304522326558,1,
40081,3,16,1,3,0.7784269993076857,1,
40083,2,15,1,3,0.8017566570478367,1,
40085,3,8,1,3,0.8047508814960713,1,
40089,4,15,1,3,0.8012829240029223,1,
40091,4,11,1,3,0.7680052838866176,1,
40095,4,3,1,3,0.7909118518841683,1,
40097,4,17,1,3,0.8154721236645361,1,
40099,3,7,1,3,0.7963711122751694,1,
40101,4,15,1,3,0.8482904431913241,1,
40105,3,7,1,3,0.7406528128570412,1,
40107,4,11,1,3,0.7461434647233357,1,
40111,4,11,1,3,0.7949013009562558,1,
40113,3,22,1,3,0.8230923770881219,1,
40115,4,9,1,3,0.8176188291434667,1,
40117,3,12,1,3,0.7903537404737304,1,
40119,1,14,1,3,0.8599314475090711,1,
40121,3,19,1,3,0.7943894643400422,1,
40123,3,10,1,3,0.8141579065571074,1,
40127,4,16,1,3,0.7470946087569496,1,
40131,1,12,1,3,0.8206584313120441,1,
40133,4,10,1,3,0.7895676447466893,1,
40135,4,9,1,3,0.7950899346874853,1,
40137,3,10,1,3,0.785980447013479,1,
40139,4,9,1,3,0.6492821113134881,1,
40141,4,8,1,3,0.6752370263317056,1,
40145,2,15,1,3,0.8206022685645601,1,
40147,1,12,1,3,0.7717803196075298,1,
40149,3,18,1,3,0.6997715227994841,1,
40153,2,11,1,3,0.7029208600207728,1,
41001,3,12,1,3,0.7342753732104896,1,
41003,1,10,1,3,0.828024203270904,1,
41005,1,37,1,3,0.7979598440683491,1,
41009,2,9,1,3,0.7950982453776116,1,
41011,3,10,1,3,0.7963046533695364,1,
41013,2,6,1,3,0.7583962459070601,1,
41015,2,7,1,3,0.7610501902678719,1,
41017,1,7,1,3,0.7691538425975382,1,
41019,3,28,1,3,0.7911437105098659,1,
41023,3,11,1,3,0.7464544519263554,1,
41027,2,3,1,3,0.7826351425050913,1,
41029,3,18,1,3,0.8434843977077555,1,
41031,3,8,1,3,0.7734639892075231,1,
41033,4,11,1,3,0.8273553328823295,1,
41035,4,17,1,3,0.8222976741174555,1,
41039,3,39,1,3,0.8225939996758935,1,
41041,3,18,1,3,0.7954710287540389,1,
41043,2,20,1,3,0.819375777248571,1,
41047,3,26,1,3,0.8639372827413091,1,
41049,3,7,1,3,0.8418836010239967,1,
41053,2,11,1,3,0.790999995033341,1,
41059,3,14,1,3,0.8304515361262537,1,
41061,3,8,1,3,0.7716219698937452,1,
41065,3,8,1,3,0.7858588493375829,1,
41067,1,30,1,3,0.7878723727191528,1,
42001,1,17,1,3,0.7410828344672029,1,
42005,2,36,1,3,0.7247056633758675,1,
42009,2,28,1,3,0.7513218251322797,1,
42011,1,62,1,3,0.8059484085908726,1,
42013,3,19,1,3,0.7838661291865436,1,
42015,2,27,1,3,0.7182928431317397,1,
42021,1,51,1,3,0.7030075685987935,1,
42025,2,20,1,3,0.7533668423456512,1,
42027,2,33,1,3,0.7719330975150607,1,
42033,3,51,1,3,0.7447997432788616,1,
42037,2,19,1,3,0.7691466335415601,1,
42039,3,27,1,3,0.7278582793998755,1,
42041,1,21,1,3,0.7532372773777453,1,
42043,2,30,1,3,0.7951148795686133,1,
42047,2,14,1,3,0.7178691167937596,1,
42051,3,62,1,3,0.768422547906239,1,
42053,4,11,1,3,0.7192035199060098,1,
42055,1,30,1,3,0.737308235117763,1,
42059,2,26,1,3,0.7380816568989657,1,
42061,2,33,1,3,0.7567329853875564,1,
42065,3,30,1,3,0.7327452565984387,1,
42069,2,28,1,3,0.7661430673605819,1,
42073,2,22,1,3,0.7538401742280965,1,
42075,2,19,1,3,0.793439658850942,1,
42079,3,50,1,3,0.7672876100662145,1,
42081,2,25,1,3,0.7603526554177947,1,
42085,2,28,1,3,0.7497530968582736,1,
42087,3,13,1,3,0.7778792383241548,1,
42089,2,35,1,3,0.7611271112975297,1,
42095,1,26,1,3,0.7861108338150435,1,
42097,2,28,1,3,0.7761075959115096,1,
42099,2,16,1,3,0.765003490690906,1,
42107,2,59,1,3,0.7718772100893869,1,
42109,2,15,1,3,0.7760266298418135,1,
42111,2,40,1,3,0.7169435393190713,1,
42115,2,29,1,3,0.7166255599205997,1,
42119,1,14,1,3,0.7546812838261132,1,
42123,2,19,1,3,0.7224353549599121,1,
42125,1,64,1,3,0.7180665259083743,1,
42127,2,30,1,3,0.7206513194530351,1,
42129,1,86,1,3,0.7265264582707975,1,
44003,1,9,1,3,0.7494812933264474,1,
44005,1,8,1,3,0.7072052481348733,1,
44009,1,20,1,3,0.6830868714997103,1,
45001,4,13,1,3,0.7803591734441568,1,
45005,4,6,1,3,0.7897389200935883,1,
45009,4,8,1,3,0.7849489791732046,1,
45011,4,7,1,3,0.79750553556245,1,
45013,1,16,1,3,0.7599835971957788,1,
45015,2,17,1,3,0.8053669866598187,1,
45017,4,7,1,3,0.7927464446998118,1,
45021,4,8,1,3,0.8046674760571921,1,
45023,4,10,1,3,0.7964602851272251,1,
45025,4,11,1,3,0.7829580810358105,1,
45027,4,11,1,3,0.7859508738515539,1,
45029,4,14,1,3,0.7847759519242898,1,
45031,4,10,1,3,0.7852015093410767,1,
45033,4,11,1,3,0.7825224420590478,1,
45035,2,15,1,3,0.8025945317710497,1,
45037,3,10,1,3,0.7763992194704696,1,
45039,4,9,1,3,0.770461564558024,1,
45041,3,12,1,3,0.7921921258130522,1,
45043,3,5,1,3,0.7462485204507325,1,
45047,4,9,1,3,0.8128994190872791,1,
45049,4,13,1,3,0.7897970683121203,1,
45051,3,16,1,3,0.7961486631419215,1,
45055,3,13,1,3,0.7868102430577834,1,
45057,3,5,1,3,0.7796376381348262,1,
45059,4,16,1,3,0.7888081755281494,1,
45067,4,7,1,3,0.7710824951909099,1,
45069,4,8,1,3,0.7679715017698949,1,
45073,3,13,1,3,0.7717728947373366,1,
45077,3,15,1,3,0.785480951094599,1,
45081,4,12,1,3,0.7908382974571113,1,
45085,4,15,1,3,0.8295622789414993,1,
45087,4,9,1,3,0.7729444431831929,1,
45089,4,12,1,3,0.7487299547997831,1,
45091,1,15,1,3,0.7890334639164851,1,
46009,2,7,1,3,0.6359078557997923,1,
46013,1,20,1,3,0.6955292177691487,1,
46029,2,10,1,3,0.6593985997446219,1,
46031,4,15,1,3,0.6260818885354529,1,
46033,3,9,1,3,0.6786157832811373,1,
46035,2,6,1,3,0.6566281392550796,1,
46037,2,11,1,3,0.6602880677858242,1,
46059,1,8,1,3,0.6102303512011076,1,
46065,1,3,1,3,0.6305331362133783,1,
46067,2,13,1,3,0.6201347141758067,1,
46077,1,9,1,3,0.6177201526561045,1,
46083,1,12,1,3,0.6277905753755268,1,
46091,1,10,1,3,0.6286818799371404,1,
46093,2,18,1,3,0.7221084705415253,1,
46099,1,23,1,3,0.6625224544170281,1,
46103,2,20,1,3,0.7188447943998805,1,
46109,4,16,1,3,0.6226947979358686,1,
46121,4,9,1,3,0.6694423534831342,1,
46129,1,7,1,3,0.6138488057981958,1,
46135,2,10,1,3,0.6709349624605567,1,
47001,3,11,1,3,0.7946034203816968,1,
47003,3,13,1,3,0.8146251668960524,1,
47005,4,7,1,3,0.7849967901129783,1,
47009,2,13,1,3,0.7998134860575381,1,
47011,3,8,1,3,0.800714796164886,1,
47013,4,11,1,3,0.7972807179971318,1,
47017,4,14,1,3,0.7795320411330448,1,
47019,4,8,1,3,0.8271020740857036,1,
47021,2,12,1,3,0.7903299849877254,1,
47025,1,10,1,3,0.8127330671287003,1,
47027,4,7,1,3,0.7878950951537431,1,
47031,3,9,1,3,0.8247520182579297,1,
47033,4,8,1,3,0.8032469599642353,1,
47035,3,11,1,3,0.774061468778011,1,
47043,2,11,1,3,0.7964957424691578,1,
47045,4,11,1,3,0.8354690197406327,1,
47049,4,9,1,3,0.7651171376982511,1,
47053,4,11,1,3,0.8006661558063787,1,
47055,3,17,1,3,0.7677999586003568,1,
47059,4,10,1,3,0.8084804518768292,1,
47063,4,7,1,3,0.8497074549720671,1,
47067,4,5,1,3,0.790377986872463,1,
47069,4,12,1,3,0.754647248367073,1,
47071,4,13,1,3,0.7682262530195446,1,
47073,4,12,1,3,0.8168171813909835,1,
47075,4,6,1,3,0.798266204119046,1,
47077,4,14,1,3,0.7860000274773193,1,
47079,4,9,1,3,0.7907313033567449,1,
47085,3,4,1,3,0.7730574333285608,1,
47089,3,10,1,3,0.8165271472841973,1,
47097,4,4,1,3,0.7868472383843648,1,
47099,4,11,1,3,0.7638660167463135,1,
47101,4,7,1,3,0.7515908501554391,1,
47107,4,12,1,3,0.8127023103465482,1,
47109,4,15,1,3,0.7581233100940452,1,
47111,4,8,1,3,0.8149886414944364,1,
47117,3,12,1,3,0.7952445836896533,1,
47119,1,10,1,3,0.7972175084324084,1,
47121,3,6,1,3,0.7676454363338141,1,
47123,4,9,1,3,0.7933667771701471,1,
47125,3,15,1,3,0.8251885221419295,1,
47129,4,12,1,3,0.7821123577619065,1,
47131,4,12,1,3,0.8076406162238006,1,
47135,4,4,1,3,0.7291655998443447,1,
47139,3,12,1,3,0.7590320189585631,1,
47141,1,10,1,3,0.8533470412522459,1,
47145,2,10,1,3,0.7851800212991101,1,
47147,2,12,1,3,0.8181441869169889,1,
47149,1,20,1,3,0.8581223837859759,1,
47155,3,10,1,3,0.8157438629016057,1,
47159,3,15,1,3,0.8051412827948492,1,
47163,3,12,1,3,0.831844041881487,1,
47165,1,10,1,3,0.8129037183057337,1,
47167,2,10,1,3,0.8173461642153121,1,
47175,4,7,1,3,0.7791204343649445,1,
47177,4,6,1,3,0.8400382584305159,1,
47179,1,13,1,3,0.818676170596342,1,
47181,4,10,1,3,0.7502850529499077,1,
47183,4,12,1,3,0.8074074701802736,1,
47185,4,5,1,3,0.8077804979929348,1,
47187,1,16,1,3,0.7350594479019091,1,
47189,1,12,1,3,0.8112519108072623,1,
48001,3,10,1,3,0.7765137417565418,1,
48003,2,1,1,3,0.6719301728928421,1,
48005,4,6,1,3,0.8057386331764435,1,
48007,4,5,1,3,0.8141142018685676,1,
48009,2,10,1,3,0.7643994870603703,1,
48013,3,15,1,3,0.7886790655052726,1,
48015,2,13,1,3,0.7835563664501075,1,
48017,1,6,1,3,0.664100685235765,1,
48019,2,7,1,3,0.7556266268810456,1,
48021,2,15,1,3,0.7689047337527425,1,
48023,2,2,1,3,0.6679264897867032,1,
48025,4,11,1,3,0.7981918957916256,1,
48031,1,8,1,3,0.6463854206729944,1,
48035,3,11,1,3,0.739579206333417,1,
48037,3,10,1,3,0.8246467635577763,1,
48043,3,4,1,3,0.6490689096403701,1,
48047,4,2,1,3,0.74283165115346,1,
48049,3,10,1,3,0.757839149342697,1,
48051,2,5,1,3,0.7638987651821241,1,
48053,2,13,1,3,0.7582694771883365,1,
48055,3,14,1,3,0.8028074769490308,1,
48057,3,6,1,3,0.7839571003490315,1,
48063,3,2,1,3,0.8030465513585141,1,
48067,4,14,1,3,0.7928532365152744,1,
48071,2,11,1,3,0.8467718157232069,1,
48073,4,12,1,3,0.7858237866390226,1,
48075,4,4,1,3,0.6829908110783828,1,
48077,2,9,1,3,0.759724952315194,1,
48081,3,4,1,3,0.6550673193467869,1,
48083,2,15,1,3,0.6907943206260768,1,
48087,4,5,1,3,0.661534102511441,1,
48089,2,18,1,3,0.7492887815465623,1,
48091,1,14,1,3,0.7713621847961394,1,
48093,2,14,1,3,0.7143600562968653,1,
48097,2,14,1,3,0.8057778173230894,1,
48099,1,17,1,3,0.8185849717609752,1,
48101,4,3,1,3,0.6697552635721367,1,
48109,4,2,1,3,0.5470994962312477,1,
48117,4,6,1,3,0.660340296802006,1,
48119,3,7,1,3,0.7720722195327306,1,
48123,3,9,1,3,0.7669581898255775,1,
48125,4,7,1,3,0.6464654922181592,1,
48127,4,6,1,3,0.7467887783648557,1,
48131,4,8,1,3,0.7437097350151678,1,
48133,4,9,1,3,0.7217377942107753,1,
48135,2,8,1,3,0.8190239893085764,1,
48139,1,20,1,3,0.8313638907242771,1,
48143,1,13,1,3,0.8141562821744671,1,
48145,3,17,1,3,0.7984352790618877,1,
48147,2,19,1,3,0.7907964474297535,1,
48149,2,15,1,3,0.7600114769144932,1,
48151,3,9,1,3,0.7078751405609994,1,
48159,1,7,1,3,0.7725645132105259,1,
48161,4,9,1,3,0.799087935847201,1,
48169,4,4,1,3,0.6731653803919649,1,
48171,2,7,1,3,0.7036274409819199,1,
48177,3,14,1,3,0.7698919130980078,1,
48185,3,11,1,3,0.8124385458977389,1,
48193,3,10,1,3,0.732082870359267,1,
48197,3,2,1,3,0.6796104847578206,1,
48199,2,12,1,3,0.798108852036225,1,
48203,3,12,1,3,0.8253817691130787,1,
48207,4,11,1,3,0.6815918779655328,1,
48209,2,14,1,3,0.804349719425024,1,
48217,2,19,1,3,0.7895684258797002,1,
48219,4,10,1,3,0.7496033100173476,1,
48221,1,8,1,3,0.7840991821695786,1,
48223,3,13,1,3,0.8044459168529641,1,
48225,4,7,1,3,0.7437254890573037,1,
48227,3,5,1,3,0.7415924453140641,1,
48233,3,7,1,3,0.7932818666519805,1,
48239,2,10,1,3,0.7616742814475164,1,
48241,4,9,1,3,0.7988781092467974,1,
48247,4,1,1,3,0.720610042769872,1,
48249,4,8,1,3,0.7672995210536103,1,
48251,2,16,1,3,0.8397015353702114,1,
48255,3,8,1,3,0.8014922508947111,1,
48259,1,8,1,3,0.7152170314928539,1,
48261,4,2,1,3,0.7894424165002936,1,
48265,3,10,1,3,0.7631550257862184,1,
48269,4,2,1,3,0.6616740326764687,1,
48273,4,4,1,3,0.8352301844623,1,
48275,4,6,1,3,0.6764492705823631,1,
48277,3,13,1,3,0.8144560071609466,1,
48281,2,6,1,3,0.7672764629637073,1,
48285,2,7,1,3,0.7481172337508929,1,
48287,2,9,1,3,0.7637249301182234,1,
48289,3,8,1,3,0.754411973451524,1,
48291,3,14,1,3,0.8449437579070673,1,
48293,4,14,1,3,0.8152345185832788,1,
48299,1,10,1,3,0.710656889117439,1,
48303,1,25,1,3,0.8461069597215456,1,
48307,3,6,1,3,0.7203652319780146,1,
48313,2,5,1,3,0.7577591058038258,1,
48315,4,7,1,3,0.771567675241023,1,
48317,1,8,1,3,0.723097566918573,1,
48321,1,12,1,3,0.794265980206022,1,
48323,4,3,1,3,0.8090585152218537,1,
48329,1,9,1,3,0.7715116161312103,1,
48331,3,13,1,3,0.7695241515886684,1,
48335,2,3,1,3,0.6908159382441166,1,
48337,3,10,1,3,0.7937357995870697,1,
48341,2,6,1,3,0.7445338692276287,1,
48343,4,7,1,3,0.8203941125758759,1,
48347,1,10,1,3,0.870454698220932,1,
48349,4,17,1,3,0.8294262182720741,1,
48353,3,9,1,3,0.7340776275220124,1,
48361,2,4,1,3,0.8580843858381573,1,
48363,4,12,1,3,0.8078618189753594,1,
48365,3,13,1,3,0.813454269551684,1,
48367,1,18,1,3,0.8018416329611227,1,
48371,3,6,1,3,0.6488269821374617,1,
48373,3,9,1,3,0.7875936894416145,1,
48375,4,16,1,3,0.8796161805226603,1,
48377,4,4,1,3,0.6765585015951604,1,
48381,1,15,1,3,0.8112506038889948,1,
48387,4,9,1,3,0.7727330233733709,1,
48389,3,4,1,3,0.5595079665838638,1,
48391,3,5,1,3,0.733892601822034,1,
48395,3,9,1,3,0.7829098035188529,1,
48397,1,9,1,3,0.7761841091177546,1,
48399,3,11,1,3,0.6778403292821416,1,
48401,3,16,1,3,0.8219543968101628,1,
48405,4,4,1,3,0.769226677032157,1,
48407,4,8,1,3,0.8223613327222885,1,
48409,3,9,1,3,0.8109515021926252,1,
48411,3,7,1,3,0.7355889815653587,1,
48415,3,8,1,3,0.7005923398781337,1,
48419,4,7,1,3,0.7970053783371165,1,
48427,4,10,1,3,0.811814946479595,1,
48429,4,8,1,3,0.7243121062925422,1,
48437,4,5,1,3,0.6543842575380125,1,
48441,1,17,1,3,0.7920593960199709,1,
48445,4,6,1,3,0.6747753477305578,1,
48449,4,6,1,3,0.8414301287443082,1,
48451,1,14,1,3,0.7398167966932176,1,
48455,4,7,1,3,0.7722942112244267,1,
48457,3,10,1,3,0.765382272623247,1,
48459,3,12,1,3,0.8159684483793858,1,
48463,4,8,1,3,0.750789262952944,1,
48465,4,5,1,3,0.7586567554057768,1,
48467,3,13,1,3,0.8053954219072738,1,
48469,3,12,1,3,0.8426104017459028,1,
48471,4,9,1,3,0.8294040202049044,1,
48473,2,11,1,3,0.8314293184857886,1,
48475,3,6,1,3,0.7452462318106623,1,
48477,2,7,1,3,0.8048943293607886,1,
48481,1,13,1,3,0.7827799242479869,1,
48487,4,6,1,3,0.7377854585392919,1,
48493,2,12,1,3,0.7680576892574928,1,
48495,3,2,1,3,0.6871691801814455,1,
48497,2,17,1,3,0.8229428084645052,1,
48499,3,12,1,3,0.768283747853254,1,
48501,2,4,1,3,0.6762965844695084,1,
48503,2,6,1,3,0.7491848357369759,1,
48505,4,5,1,3,0.7782064502395152,1,
48507,4,4,1,3,0.7550653497438748,1,
49003,2,20,1,3,0.820258520625936,1,
49005,3,16,1,3,0.8320767964824125,1,
49011,1,13,1,3,0.8307790016120244,1,
49019,1,2,1,3,0.6283782334116809,1,
49021,4,10,1,3,0.7477122589489209,1,
49037,3,12,1,3,0.6317819233337567,1,
49039,3,15,1,3,0.73731512063449,1,
49041,3,12,1,3,0.7235168390460587,1,
49043,1,9,1,3,0.7063181673149364,1,
49057,1,9,1,3,0.8534041318685932,1,
50001,1,20,1,3,0.7011001355812096,1,
50005,2,22,1,3,0.7293066460864055,1,
50007,1,21,1,3,0.8056471201570623,1,
50013,1,5,1,3,0.6958365960855036,1,
50017,2,31,1,3,0.7229852554401666,1,
50019,2,24,1,3,0.7206872658891901,1,
50021,1,29,1,3,0.7184304501650473,1,
50023,1,26,1,3,0.7198805980419507,1,
50025,2,24,1,3,0.7131724945059272,1,
51003,2,24,1,3,0.7350986064870584,1,
51005,3,7,1,3,0.7540663500246074,1,
51007,1,5,1,3,0.7102602897927929,1,
51009,2,9,1,3,0.7532768484749007,1,
51013,1,11,1,3,0.7017303918953222,1,
51015,2,27,1,3,0.7508451997915189,1,
51019,1,18,1,3,0.7367805102064514,1,
51025,3,16,1,3,0.7287202437374268,1,
51027,4,16,1,3,0.7707910927640704,1,
51031,3,14,1,3,0.7926102633983845,1,
51036,2,4,1,3,0.7020055979542679,1,
51037,4,14,1,3,0.7078383088797144,1,
51047,1,18,1,3,0.7212399205903754,1,
51051,4,12,1,3,0.7745660258013991,1,
51057,4,8,1,3,0.719227269289457,1,
51061,1,24,1,3,0.7078552869723828,1,
51063,2,11,1,3,0.7312014542523848,1,
51069,1,12,1,3,0.7333361954404289,1,
51073,1,6,1,3,0.7107045119039817,1,
51075,1,15,1,3,0.7111989324586401,1,
51079,2,5,1,3,0.734207652615066,1,
51081,4,4,1,3,0.7330004244572214,1,
51083,3,14,1,3,0.7221259431562418,1,
51085,1,12,1,3,0.7147850611024509,1,
51087,2,16,1,3,0.7839878072498987,1,
51093,1,8,1,3,0.7172143157037969,1,
51095,1,4,1,3,0.7229357484368826,1,
51103,2,6,1,3,0.6663289728743929,1,
51105,4,11,1,3,0.7719952971339181,1,
51107,1,21,1,3,0.6995945526053038,1,
51111,4,12,1,3,0.7144943445568612,1,
51113,2,21,1,3,0.6807294375155396,1,
51117,3,13,1,3,0.7092788580524261,1,
51119,1,12,1,3,0.7048524032083554,1,
51121,3,10,1,3,0.77795169279432,1,
51127,1,6,1,3,0.7087354592265384,1,
51131,3,11,1,3,0.7029043001933692,1,
51133,2,7,1,3,0.6629706064833506,1,
51135,4,7,1,3,0.7492991010328616,1,
51139,3,6,1,3,0.7511659683750735,1,
51141,3,14,1,3,0.7281595786430195,1,
51143,4,20,1,3,0.7536175814168578,1,
51145,1,5,1,3,0.8384179444102552,1,
51147,1,12,1,3,0.8851799539524161,1,
51149,3,7,1,3,0.78796662616574,1,
51153,1,19,1,3,0.7280067071632149,1,
51159,3,5,1,3,0.7080811686281776,1,
51161,1,14,1,3,0.7432158883775914,1,
51171,2,14,1,3,0.7390759662140468,1,
51175,3,12,1,3,0.723041093247352,1,
51177,1,13,1,3,0.7360079834382744,1,
51179,1,5,1,3,0.7283228547162948,1,
51185,1,18,1,3,0.7531267509264777,1,
51187,1,7,1,3,0.7519149827820198,1,
51191,2,10,1,3,0.7597023623062082,1,
51193,2,8,1,3,0.7079551377642161,1,
51199,1,9,1,3,0.7169785137317161,1,
51510,1,8,1,3,0.7256243555003145,1,
51520,4,2,1,3,0.8697677222698472,1,
51550,1,6,1,3,0.7561033103680682,1,
51570,2,1,1,3,0.7685891615167081,1,
51590,4,2,1,3,0.7933349254983876,1,
51595,4,1,1,3,0.7356746281488459,1,
51630,3,3,1,3,0.8297521711470992,1,
51650,2,9,1,3,0.809612298269403,1,
51660,1,3,1,3,0.8860796710516512,1,
51678,3,1,1,3,0.759277732665665,1,
51680,3,5,1,3,0.8035762914369446,1,
51683,1,1,1,3,0.7648264437667184,1,
51690,4,1,1,3,0.7753845382538294,1,
51700,3,8,1,3,0.7953363581421113,1,
51710,1,15,1,3,0.8111525119676481,1,
51730,3,2,1,3,0.8034785282925632,1,
51740,1,8,1,3,0.7942000296284226,1,
51750,1,2,1,3,0.886125750306547,1,
51770,3,10,1,3,0.8401945173485211,1,
51800,1,8,1,3,0.7553811527962715,1,
51840,3,1,1,3,0.8075920881149252,1,
53003,3,3,1,3,0.7960800603640934,1,
53005,2,12,1,3,0.835498162986182,1,
53007,2,14,1,3,0.7676949743933363,1,
53015,3,11,1,3,0.8048812746919668,1,
53017,2,13,1,3,0.7912739509739364,1,
53021,3,7,1,3,0.8458838415242445,1,
53023,3,2,1,3,0.7604006015888397,1,
53025,3,18,1,3,0.8121533911148804,1,
53029,1,8,1,3,0.7259686495695785,1,
53031,2,9,1,3,0.7469152389490825,1,
53035,1,20,1,3,0.7761898773396079,1,
53041,2,23,1,3,0.7891796973855556,1,
53045,2,15,1,3,0.7882794134654489,1,
53047,4,22,1,3,0.7840943787878947,1,
53057,1,17,1,3,0.781315814804366,1,
53059,1,8,1,3,0.7743658413546307,1,
53067,1,14,1,3,0.8090493030374021,1,
53071,2,8,1,3,0.8062299397774582,1,
53073,2,18,1,3,0.8016410565637546,1,
53077,4,22,1,3,0.8457584390413937,1,
54003,2,11,1,3,0.8033291031790379,1,
54005,4,31,1,3,0.7713387465342474,1,
54009,2,8,1,3,0.8103740911867819,1,
54011,3,13,1,3,0.812645726610258,1,
54029,3,5,1,3,0.8173993342150772,1,
54035,3,15,1,3,0.7531996552349944,1,
54037,1,9,1,3,0.782240841248364,1,
54039,1,46,1,3,0.8132918896585308,1,
54041,4,11,1,3,0.770327671184774,1,
54049,3,18,1,3,0.7859772069240515,1,
54053,3,19,1,3,0.7722560051348866,1,
54059,4,18,1,3,0.7798240203906752,1,
54061,3,16,1,3,0.7938115581762377,1,
54065,3,4,1,3,0.7408366213127526,1,
54067,3,25,1,3,0.7456118236108032,1,
54069,2,6,1,3,0.7919867969652403,1,
54079,2,17,1,3,0.7775582684143714,1,
54081,4,42,1,3,0.8009045286348138,1,
54083,4,22,1,3,0.7484764416986797,1,
54097,4,10,1,3,0.7678588630883441,1,
54099,4,17,1,3,0.807875850306208,1,
54103,4,12,1,3,0.7547160550624018,1,
54107,3,13,1,3,0.8038425138408577,1,
55001,2,14,1,3,0.6798853194700613,1,
55005,2,19,1,3,0.6927598036311201,1,
55007,2,15,1,3,0.6941578932829485,1,
55009,1,19,1,3,0.6814003029440431,1,
55015,1,14,1,3,0.704097362028085,1,
55017,2,14,1,3,0.6984893161115687,1,
55021,1,20,1,3,0.6504768904564208,1,
55023,2,13,1,3,0.6697666913944891,1,
55027,1,31,1,3,0.6714494906945612,1,
55029,1,13,1,3,0.6361064096251461,1,
55031,2,12,1,3,0.7079894938802411,1,
55039,1,24,1,3,0.6672092118020648,1,
55043,3,23,1,3,0.6812682842841632,1,
55045,1,12,1,3,0.6195540685269536,1,
55055,1,19,1,3,0.7001468273414857,1,
55057,3,14,1,3,0.6804614282068631,1,
55059,1,17,1,3,0.6963856446883552,1,
55061,1,6,1,3,0.6318600349171767,1,
55063,2,15,1,3,0.7510295651418689,1,
55065,2,14,1,3,0.6513817205961537,1,
55069,1,7,1,3,0.6841244031354947,1,
55071,1,19,1,3,0.6550660437634424,1,
55073,1,28,1,3,0.6956488221919588,1,
55075,3,16,1,3,0.6751396723103094,1,
55077,2,14,1,3,0.6496403055383843,1,
55078,4,4,1,3,0.7056369394986974,1,
55081,2,12,1,3,0.7163844412752269,1,
55083,1,19,1,3,0.6596098593650775,1,
55085,1,14,1,3,0.6871954683460428,1,
55087,1,24,1,3,0.7185884066453615,1,
55089,1,13,1,3,0.6844232315567734,1,
55095,1,20,1,3,0.6639943817077174,1,
55097,2,21,1,3,0.7049883048677862,1,
55099,2,14,1,3,0.6792546670826792,1,
55103,3,14,1,3,0.6637826307134761,1,
55105,2,19,1,3,0.6956021541643514,1,
55111,1,17,1,3,0.6646416467109563,1,
55115,2,25,1,3,0.671098097447723,1,
55117,1,17,1,3,0.6574688866359693,1,
55119,2,14,1,3,0.680863763941023,1,
55121,1,14,1,3,0.6864111655610556,1,
55123,3,18,1,3,0.6816480771977531,1,
55125,2,12,1,3,0.678151465133616,1,
55127,1,16,1,3,0.6590788760901867,1,
55131,1,18,1,3,0.6936447099323496,1,
55133,1,30,1,3,0.6974592782929512,1,
55135,1,16,1,3,0.6504714071773825,1,
55137,2,17,1,3,0.6492189372953798,1,
55139,1,18,1,3,0.6704670599989448,1,
55141,2,15,1,3,0.6835687729171498,1,
56001,1,10,1,3,0.7423889687921071,1,
56003,2,15,1,3,0.714758312464973,1,
56007,2,12,1,3,0.6685033276523397,1,
56009,1,4,1,3,0.6843606837821908,1,
56013,2,11,1,3,0.7113809119511161,1,
56017,3,3,1,3,0.6972944252388469,1,
56021,1,12,1,3,0.7050714696185696,1,
56025,1,11,1,3,0.7310433027681831,1,
56029,1,8,1,3,0.6901563594416109,1,
56031,2,5,1,3,0.6797195569974062,1,
56033,1,9,1,3,0.7046130257515044,1,
56035,1,6,1,3,0.6963004548577069,1,
01001,3,10,1,4,0.837646029047567,1,
01003,2,23,1,4,0.829869378013431,1,
01009,3,17,1,4,0.7745924013224821,1,
01011,4,7,1,4,0.7381149460605732,1,
01015,3,14,1,4,0.8423015856619549,1,
01017,4,10,1,4,0.7947909176382121,1,
01019,4,11,1,4,0.7566836476286289,1,
01021,3,14,1,4,0.7961929086192877,1,
01025,4,10,1,4,0.6828597872522837,1,
01031,3,16,1,4,0.8411552945801444,1,
01033,3,9,1,4,0.8231614613272709,1,
01035,4,13,1,4,0.6803428157096172,1,
01037,3,11,1,4,0.7334683802084623,1,
01039,4,13,1,4,0.7352243168790368,1,
01043,3,19,1,4,0.8147626199562863,1,
01045,3,14,1,4,0.8337861802463415,1,
01047,4,10,1,4,0.7567761844946073,1,
01051,2,13,1,4,0.8421675695502758,1,
01053,4,9,1,4,0.7376868702552495,1,
01055,3,14,1,4,0.8216261370795638,1,
01057,4,10,1,4,0.728802194078238,1,
01059,4,10,1,4,0.7822736455242697,1,
01063,4,8,1,4,0.6198761217719728,1,
01065,4,9,1,4,0.703555989813975,1,
01067,3,9,1,4,0.7515688512555968,1,
01069,4,14,1,4,0.8392263729025573,1,
01071,4,22,1,4,0.7019519702823894,1,
01075,4,9,1,4,0.7011011580414581,1,
01077,3,9,1,4,0.8299086019936753,1,
01079,3,10,1,4,0.7794549395324237,1,
01083,2,15,1,4,0.8243719784393214,1,
01085,4,8,1,4,0.6834982720106504,1,
01087,4,13,1,4,0.8524281401471958,1,
01089,1,25,1,4,0.8759127849838955,1,
01091,4,15,1,4,0.7309116033192398,1,
01093,4,12,1,4,0.7471480293658481,1,
01095,4,18,1,4,0.8190814431112032,1,
01099,4,17,1,4,0.7211635480763112,1,
01101,1,24,1,4,0.8949477454195229,1,
01103,3,16,1,4,0.8401457364509385,1,
01105,4,9,1,4,0.7134126906520905,1,
01107,4,8,1,4,0.7039622514488454,1,
01109,1,9,1,4,0.9111037329355025,1,
01111,3,8,1,4,0.763775803943692,1,
01113,3,12,1,4,0.854558006056897,1,
01115,2,18,1,4,0.8164726440518498,1,
01119,4,11,1,4,0.726493301292534,1,
01121,4,12,1,4,0.7951001778174,1,
01123,4,12,1,4,0.7441381251763184,1,
01125,1,27,1,4,0.8723243736595552,1,
01127,3,18,1,4,0.7379448438881775,1,
01129,4,16,1,4,0.7125957250887042,1,
01131,4,13,1,4,0.6340494862662642,1,
01133,4,11,1,4,0.7214122450563559,1,
04009,4,10,1,4,0.7553911848758015,1,
04023,4,9,1,4,0.8112857086523997,1,
05001,4,13,1,4,0.7416298480091168,1,
05003,4,7,1,4,0.7632159001404232,1,
05005,3,12,1,4,0.7655303125452259,1,
05009,3,9,1,4,0.7762883487543562,1,
05011,4,7,1,4,0.7596485989905841,1,
05015,3,9,1,4,0.766798177275541,1,
05019,1,8,1,4,0.9261921627726205,1,
05021,4,13,1,4,0.706037688107684,1,
05023,3,17,1,4,0.7677571539776038,1,
05025,4,7,1,4,0.7506798072951331,1,
05027,4,7,1,4,0.79088362163061,1,
05029,4,15,1,4,0.7536320768891672,1,
05031,1,16,1,4,0.8832294065129885,1,
05033,3,11,1,4,0.8187429496398152,1,
05035,4,11,1,4,0.8206043813493289,1,
05037,4,8,1,4,0.7049002875826228,1,
05039,4,6,1,4,0.7752379624097936,1,
05041,4,12,1,4,0.6464872518023084,1,
05043,4,9,1,4,0.7976303179426011,1,
05045,1,15,1,4,0.8767658080968381,1,
05047,4,13,1,4,0.7032079368686767,1,
05049,1,14,1,4,0.787312909255928,1,
05051,3,10,1,4,0.8088429012445141,1,
05053,2,14,1,4,0.8200997010208311,1,
05055,4,9,1,4,0.8265869399292912,1,
05057,4,10,1,4,0.7787422057614807,1,
05059,4,12,1,4,0.7869499946764098,1,
05061,4,8,1,4,0.7564310320335643,1,
05063,4,20,1,4,0.7939132454970574,1,
05067,4,11,1,4,0.7362295566945053,1,
05069,4,17,1,4,0.8133947661431014,1,
05071,4,12,1,4,0.7240935530715635,1,
05073,4,6,1,4,0.688372458329366,1,
05075,4,14,1,4,0.7619211846303662,1,
05077,3,11,1,4,0.6474738408234068,1,
05079,4,8,1,4,0.7619851621910199,1,
05081,4,7,1,4,0.7516350280901442,1,
05083,4,12,1,4,0.703891277412546,1,
05085,2,11,1,4,0.8433599131830235,1,
05087,3,13,1,4,0.797928341236646,1,
05091,4,6,1,4,0.8224870753494287,1,
05093,4,15,1,4,0.7730120055626188,1,
05095,4,9,1,4,0.6211518580295915,1,
05097,4,9,1,4,0.6119241033675262,1,
05099,4,10,1,4,0.768416884671988,1,
05101,3,20,1,4,0.7244522035292471,1,
05103,4,8,1,4,0.7613878608054825,1,
05105,4,8,1,4,0.6819216398506288,1,
05107,4,12,1,4,0.6553763000011861,1,
05111,4,10,1,4,0.7390444012575463,1,
05113,4,7,1,4,0.641704647818864,1,
05115,4,13,1,4,0.8429582778162573,1,
05117,3,11,1,4,0.7688301630368849,1,
05121,4,11,1,4,0.6987473225248059,1,
05123,4,13,1,4,0.7107710511281423,1,
05125,1,14,1,4,0.8356678236058003,1,
05127,4,10,1,4,0.636645002235792,1,
05129,4,10,1,4,0.6521785833955429,1,
05133,4,7,1,4,0.7607722290559344,1,
05135,4,13,1,4,0.6838587207641424,1,
05139,4,10,1,4,0.8155713236314498,1,
05141,4,12,1,4,0.7171780550140939,1,
05145,4,17,1,4,0.8015562063753194,1,
05147,4,9,1,4,0.6806973397856284,1,
05149,4,13,1,4,0.6892012987384851,1,
06005,2,12,1,4,0.7393695714501629,1,
06007,4,18,1,4,0.8409539695169702,1,
06009,1,20,1,4,0.7607541233580385,1,
06011,3,9,1,4,0.8138349963571536,1,
06015,4,4,1,4,0.8363179059929591,1,
06017,1,23,1,4,0.8137978519960416,1,
06021,3,7,1,4,0.8010146601207544,1,
06023,4,36,1,4,0.8621534823990447,1,
06027,2,11,1,4,0.6974346583018254,1,
06031,4,12,1,4,0.8849497560938016,1,
06033,3,15,1,4,0.7386740693120271,1,
06035,2,17,1,4,0.7849568599567691,1,
06041,1,29,1,4,0.8370322234179711,1,
06043,3,13,1,4,0.598288015929146,1,
06045,3,29,1,4,0.8196795235885674,1,
06055,1,12,1,4,0.8368064406083913,1,
06057,2,12,1,4,0.7722222095487206,1,
06063,2,17,1,4,0.7632318858653028,1,
06069,2,7,1,4,0.8467185813170893,1,
06079,2,26,1,4,0.8483604791014624,1,
06083,2,24,1,4,0.861785552834231,1,
06087,2,17,1,4,0.856937242350045,1,
06093,3,23,1,4,0.7154548485804979,1,
06097,1,37,1,4,0.8549694716686925,1,
06101,3,13,1,4,0.8712332802448285,1,
06103,4,15,1,4,0.7319695431040796,1,
06109,1,16,1,4,0.8166513441637118,1,
06113,3,19,1,4,0.8771278679062773,1,
06115,3,17,1,4,0.8558169044045034,1,
08001,2,35,1,4,0.8917140525243286,1,
08005,1,33,1,4,0.8672217493899893,1,
08007,1,5,1,4,0.7938959501279419,1,
08009,4,8,1,4,0.5771586567325148,1,
08013,1,22,1,4,0.9182571012088935,1,
08014,1,6,1,4,0.8391194271219593,1,
08035,1,18,1,4,0.8235529761239057,1,
08037,1,13,1,4,0.8258304554231907,1,
08043,3,11,1,4,0.7454076576776854,1,
08045,1,8,1,4,0.8132843611177778,1,
08055,2,4,1,4,0.5875616761977792,1,
08059,1,33,1,4,0.8381716472909416,1,
08067,1,6,1,4,0.8146260084080229,1,
08069,1,24,1,4,0.8481735299536941,1,
08077,2,19,1,4,0.8671545130671292,1,
08081,2,5,1,4,0.7642372289298976,1,
08087,2,10,1,4,0.7579178651972728,1,
08099,3,6,1,4,0.7912980735781623,1,
08101,3,15,1,4,0.853247392309307,1,
08107,1,9,1,4,0.797613422980157,1,
08109,4,8,1,4,0.8042407688078385,1,
08113,1,7,1,4,0.8154673342379668,1,
08121,2,12,1,4,0.7570336651037449,1,
08123,1,41,1,4,0.8653755767728676,1,
09001,1,46,1,4,0.8485610762112398,1,
09003,1,58,1,4,0.8773716430687043,1,
09005,1,40,1,4,0.8288082238490025,1,
09007,1,24,1,4,0.8346578424150763,1,
09009,1,41,1,4,0.8611711527688893,1,
09011,1,31,1,4,0.8534567329597722,1,
09015,1,31,1,4,0.8381485125441864,1,
10001,1,18,1,4,0.8461945323171368,1,
10005,2,24,1,4,0.7557643225939288,1,
12001,3,23,1,4,0.85963090260187,1,
12003,2,5,1,4,0.8274448258912606,1,
12005,2,16,1,4,0.8496789142843214,1,
12015,2,17,1,4,0.7789067880549185,1,
12017,3,15,1,4,0.7606999811006983,1,
12019,2,12,1,4,0.8555215024856808,1,
12023,3,8,1,4,0.8014892073202461,1,
12033,1,18,1,4,0.8427880643076407,1,
12035,2,7,1,4,0.808329639275269,1,
12039,4,7,1,4,0.698337675534095,1,
12041,4,5,1,4,0.7695065947714549,1,
12043,4,5,1,4,0.6592455695497483,1,
12049,4,4,1,4,0.72338425991845,1,
12051,4,6,1,4,0.7629707733136301,1,
12053,3,12,1,4,0.7537806896124638,1,
12055,3,9,1,4,0.7175573537721324,1,
12059,4,4,1,4,0.6965730379904278,1,
12061,2,9,1,4,0.7998545569503654,1,
12063,1,14,1,4,0.7885660980710133,1,
12065,4,4,1,4,0.5921873539559984,1,
12073,3,10,1,4,0.8573707739037518,1,
12075,4,13,1,4,0.742905582490934,1,
12079,4,5,1,4,0.6893675135469983,1,
12083,3,31,1,4,0.7846739265777987,1,
12085,1,12,1,4,0.7798299598722276,1,
12087,2,11,1,4,0.820717996842134,1,
12089,1,6,1,4,0.8349487983939239,1,
12091,2,14,1,4,0.8489546372000847,1,
12097,3,17,1,4,0.8437978428151053,1,
12101,2,31,1,4,0.8162527997572224,1,
12107,4,17,1,4,0.7450810582770278,1,
12109,1,12,1,4,0.8418630820327274,1,
12111,2,17,1,4,0.8291294953469188,1,
12113,1,9,1,4,0.8499293711866509,1,
12117,2,17,1,4,0.8454363243589478,1,
12119,1,11,1,4,0.7766785742243614,1,
12121,3,9,1,4,0.7690244505181582,1,
12129,2,4,1,4,0.8235715148866853,1,
12131,2,12,1,4,0.822504672110184,1,
12133,4,10,1,4,0.7386392985477105,1,
13001,4,7,1,4,0.7847729183979802,1,
13003,4,5,1,4,0.7748084685708847,1,
13005,4,3,1,4,0.8019185754810636,1,
13009,4,6,1,4,0.9365799460186607,1,
13013,2,8,1,4,0.8687012843290344,1,
13015,2,14,1,4,0.8639142313175576,1,
13017,4,4,1,4,0.7699043683533776,1,
13019,4,6,1,4,0.7858641514265272,1,
13021,1,12,1,4,0.9191552798320768,1,
13023,4,6,1,4,0.8339801492380894,1,
13025,4,6,1,4,0.720136591281585,1,
13031,1,11,1,4,0.8896629128057085,1,
13033,4,9,1,4,0.8282224909163582,1,
13035,4,5,1,4,0.7719405520519457,1,
13039,3,8,1,4,0.8633179724014556,1,
13043,4,4,1,4,0.7428751748876848,1,
13045,1,11,1,4,0.9111320376875283,1,
13055,4,6,1,4,0.7709602579864653,1,
13057,1,15,1,4,0.8329569264756683,1,
13059,1,9,1,4,0.9379947161842759,1,
13063,1,16,1,4,0.9140920486789614,1,
13069,4,10,1,4,0.8344587512401596,1,
13071,4,13,1,4,0.8024486725926304,1,
13073,1,7,1,4,0.8540399592345516,1,
13075,4,5,1,4,0.8247728919294413,1,
13077,1,10,1,4,0.8469601268661915,1,
13083,3,5,1,4,0.8165039816282433,1,
13085,1,5,1,4,0.822397317608782,1,
13087,4,8,1,4,0.8144520445580494,1,
13093,4,8,1,4,0.7832432064923461,1,
13095,4,6,1,4,0.8743784151583885,1,
13097,2,8,1,4,0.8780079256244836,1,
13101,3,6,1,4,0.8206066637205084,1,
13103,1,8,1,4,0.8552973209966221,1,
13107,4,13,1,4,0.7863766775818753,1,
13109,4,6,1,4,0.7912137059238971,1,
13111,3,8,1,4,0.7359290276581334,1,
13113,1,8,1,4,0.8396788752388643,1,
13115,4,13,1,4,0.8302761752525686,1,
13119,3,10,1,4,0.7908671210030602,1,
13127,3,8,1,4,0.8406479520636769,1,
13129,4,8,1,4,0.8450314674011346,1,
13137,3,7,1,4,0.8051155943637653,1,
13139,2,19,1,4,0.863015073880988,1,
13149,3,6,1,4,0.8014847608446775,1,
13151,2,11,1,4,0.8716942764741774,1,
13153,2,12,1,4,0.8859283662078972,1,
13155,4,7,1,4,0.761023868977825,1,
13157,2,16,1,4,0.8615258888392571,1,
13163,4,9,1,4,0.7334367038036271,1,
13165,4,5,1,4,0.6771954349514996,1,
13167,4,5,1,4,0.7396286821052329,1,
13169,4,8,1,4,0.8093941688719379,1,
13175,4,15,1,4,0.8026798699227496,1,
13179,1,9,1,4,0.8600968562801713,1,
13189,4,4,1,4,0.8120916516480488,1,
13191,3,4,1,4,0.7589255036175365,1,
13193,4,10,1,4,0.7556588024602299,1,
13195,3,11,1,4,0.8388400096835491,1,
13197,4,4,1,4,0.7417009877389044,1,
13215,4,11,1,4,0.8912827292090415,1,
13217,3,11,1,4,0.8706319428103443,1,
13219,1,8,1,4,0.8512246633418591,1,
13223,1,11,1,4,0.8663037326232296,1,
13225,4,3,1,4,0.8626393088231811,1,
13227,2,9,1,4,0.8098169593596994,1,
13233,4,8,1,4,0.8178911480631792,1,
13235,4,5,1,4,0.7810449611657143,1,
13237,4,5,1,4,0.7416012083082225,1,
13247,2,9,1,4,0.8766076878181392,1,
13253,4,4,1,4,0.7413603400221163,1,
13257,3,5,1,4,0.8083618062196175,1,
13261,4,8,1,4,0.8319951488858591,1,
13267,4,6,1,4,0.8186973576390313,1,
13273,4,7,1,4,0.6990453733608245,1,
13275,3,9,1,4,0.8142552137934056,1,
13277,4,9,1,4,0.861415725916852,1,
13279,4,3,1,4,0.7976752768057963,1,
13281,3,3,1,4,0.7626911283312064,1,
13285,4,7,1,4,0.8376606940629442,1,
13287,4,4,1,4,0.7492373253780628,1,
13291,3,4,1,4,0.7169134193436115,1,
13293,4,7,1,4,0.7623175575111875,1,
13295,3,14,1,4,0.8281475985152096,1,
13297,2,11,1,4,0.8591459444101307,1,
13299,4,7,1,4,0.8135242259962084,1,
13301,4,9,1,4,0.631188685762983,1,
13303,4,10,1,4,0.7778498357704376,1,
13305,4,6,1,4,0.8194726261460207,1,
13309,4,4,1,4,0.7613749628905409,1,
13313,4,8,1,4,0.8628706567137655,1,
13315,4,8,1,4,0.741350602532862,1,
13317,4,5,1,4,0.6664845528822017,1,
16001,1,17,1,4,0.8368962778437948,1,
16011,3,11,1,4,0.7977618832690663,1,
16013,2,8,1,4,0.6632742772409425,1,
16017,2,18,1,4,0.6742873468610892,1,
16019,2,14,1,4,0.8585785054836186,1,
16025,4,2,1,4,0.6974429604690965,1,
16031,3,9,1,4,0.7889213317401333,1,
16035,3,7,1,4,0.7375044336995317,1,
16039,3,7,1,4,0.8263376509205345,1,
16041,1,7,1,4,0.7651699537581564,1,
16045,2,7,1,4,0.8042455115056963,1,
16047,3,6,1,4,0.7410229890771148,1,
16055,2,13,1,4,0.8382652194070095,1,
16059,3,10,1,4,0.6464341796417351,1,
16069,2,10,1,4,0.8383852225811126,1,
16073,3,12,1,4,0.7234577879514609,1,
16075,3,7,1,4,0.8124734483413637,1,
16079,4,15,1,4,0.7183428480981403,1,
16081,1,5,1,4,0.7943852860013969,1,
16083,3,10,1,4,0.8456620494690188,1,
16087,4,5,1,4,0.673545353154896,1,
17001,2,23,1,4,0.850935839667802,1,
17003,1,8,1,4,0.8195099107643026,1,
17007,1,15,1,4,0.8368461009281681,1,
17011,2,30,1,4,0.7746271246884407,1,
17013,2,7,1,4,0.7105840719533777,1,
17017,3,7,1,4,0.8094192989732858,1,
17019,3,35,1,4,0.8738886208461508,1,
17021,2,20,1,4,0.7822782248615681,1,
17025,3,13,1,4,0.7269449395733356,1,
17027,1,17,1,4,0.8217871090121877,1,
17033,2,10,1,4,0.7765883274985411,1,
17039,2,13,1,4,0.7863078918059002,1,
17041,2,13,1,4,0.8025617261860101,1,
17043,1,43,1,4,0.8401059509170065,1,
17045,2,15,1,4,0.7655074032672511,1,
17049,2,15,1,4,0.8192939002896165,1,
17053,2,21,1,4,0.7541410458933803,1,
17055,4,19,1,4,0.7797442393871264,1,
17057,3,24,1,4,0.7785753972919964,1,
17059,4,9,1,4,0.6614006702139331,1,
17063,1,16,1,4,0.8304960697696097,1,
17073,1,23,1,4,0.8071066163923767,1,
17075,2,25,1,4,0.7397718344559507,1,
17081,3,17,1,4,0.799486870940197,1,
17087,2,10,1,4,0.7269688559916719,1,
17091,2,21,1,4,0.8401730690837745,1,
17093,1,19,1,4,0.8353483735607232,1,
17095,3,22,1,4,0.7872778246840718,1,
17097,1,35,1,4,0.8525048354086444,1,
17099,2,28,1,4,0.7933401494486657,1,
17103,2,24,1,4,0.7895060216582028,1,
17105,3,29,1,4,0.7723995925985923,1,
17107,1,20,1,4,0.8209714731810105,1,
17109,4,17,1,4,0.8603537996597019,1,
17111,1,24,1,4,0.8367313281224131,1,
17113,2,33,1,4,0.8680011809822956,1,
17115,3,27,1,4,0.8261047966338513,1,
17117,2,28,1,4,0.7919208670401027,1,
17121,3,15,1,4,0.76305649709746,1,
17123,2,19,1,4,0.7641235115074451,1,
17125,3,11,1,4,0.721893671413711,1,
17127,3,8,1,4,0.7103695402619985,1,
17133,1,9,1,4,0.7989102205211975,1,
17137,3,16,1,4,0.8164085403282676,1,
17141,2,27,1,4,0.8098696858735351,1,
17149,3,16,1,4,0.782254682234589,1,
17157,2,18,1,4,0.7869535353852483,1,
17159,3,9,1,4,0.7536412718937169,1,
17161,2,20,1,4,0.8551330767889236,1,
17165,4,11,1,4,0.7502449161230627,1,
17167,2,29,1,4,0.855764744048222,1,
17171,2,9,1,4,0.8011259172572057,1,
17173,2,22,1,4,0.7646700388642326,1,
17179,1,21,1,4,0.8319274471817191,1,
17181,3,13,1,4,0.7555820248253104,1,
17183,3,27,1,4,0.8133650083385493,1,
17187,3,14,1,4,0.8061332865884251,1,
17189,1,13,1,4,0.7936209002859671,1,
17193,3,11,1,4,0.7587590304655256,1,
17199,3,22,1,4,0.8400830830340323,1,
17201,2,26,1,4,0.8451045312604314,1,
17203,1,16,1,4,0.8183755048014167,1,
18001,3,8,1,4,0.7633783181605697,1,
18003,2,33,1,4,0.8660351213729208,1,
18005,2,14,1,4,0.8369636882817315,1,
18009,3,7,1,4,0.6747229768239189,1,
18011,1,12,1,4,0.8280534835789708,1,
18013,1,9,1,4,0.8014228596373871,1,
18017,3,12,1,4,0.7287659576648786,1,
18019,2,15,1,4,0.8423195518893749,1,
18021,2,17,1,4,0.7580212951204278,1,
18023,3,12,1,4,0.7544561957599484,1,
18029,1,9,1,4,0.808242242307564,1,
18035,4,21,1,4,0.8234264574361534,1,
18037,1,13,1,4,0.8027622908576552,1,
18039,2,17,1,4,0.8418349059559547,1,
18043,2,10,1,4,0.8366621421846202,1,
18047,1,15,1,4,0.7770070916750421,1,
18051,2,16,1,4,0.7962189246961541,1,
18053,3,15,1,4,0.7621824846700734,1,
18055,2,16,1,4,0.7151229834187829,1,
18059,1,15,1,4,0.8223436197893212,1,
18061,2,16,1,4,0.7973598064092094,1,
18063,1,19,1,4,0.8457564491233076,1,
18067,2,10,1,4,0.7661114224256381,1,
18069,2,9,1,4,0.7945061120872344,1,
18071,3,8,1,4,0.8078580907156214,1,
18073,1,13,1,4,0.8065659577518411,1,
18079,2,13,1,4,0.8219935453316244,1,
18081,1,12,1,4,0.8568825812837535,1,
18083,3,11,1,4,0.7708914596934668,1,
18085,1,21,1,4,0.8164206602101031,1,
18087,1,12,1,4,0.7821144832285771,1,
18091,3,15,1,4,0.7859715891802699,1,
18093,2,12,1,4,0.7254147245775363,1,
18095,3,18,1,4,0.7783560335759289,1,
18101,2,7,1,4,0.6980712227240917,1,
18105,1,18,1,4,0.9164393046923016,1,
18107,2,16,1,4,0.7871214216624897,1,
18109,1,14,1,4,0.8067889348639872,1,
18117,3,11,1,4,0.7115061496525457,1,
18123,2,14,1,4,0.7960413583847471,1,
18127,1,15,1,4,0.8488901565311998,1,
18129,1,7,1,4,0.8058685871233442,1,
18133,1,15,1,4,0.8058803241629172,1,
18139,2,16,1,4,0.7064744999935266,1,
18141,3,24,1,4,0.8582339045705227,1,
18143,3,6,1,4,0.7927989987843918,1,
18145,2,17,1,4,0.7895225242880604,1,
18147,1,16,1,4,0.7268140058669925,1,
18149,3,11,1,4,0.6953937627892768,1,
18153,3,13,1,4,0.7478310181644939,1,
18157,3,18,1,4,0.8858509964364876,1,
18163,3,11,1,4,0.8494501586083909,1,
18167,1,18,1,4,0.9132165234348227,1,
18169,2,14,1,4,0.7236298625088835,1,
18173,1,12,1,4,0.8332531110643808,1,
18175,2,12,1,4,0.7807432554478595,1,
18177,3,17,1,4,0.7646256158505168,1,
19003,2,9,1,4,0.7814505063004605,1,
19007,3,11,1,4,0.7713149384362008,1,
19009,2,11,1,4,0.7662966213076589,1,
19011,1,24,1,4,0.8123896752281076,1,
19013,3,17,1,4,0.859856064642751,1,
19015,3,18,1,4,0.8330199339402666,1,
19021,2,13,1,4,0.8028480609603217,1,
19023,1,16,1,4,0.7989908629832987,1,
19027,1,16,1,4,0.8166919826125344,1,
19031,1,18,1,4,0.8026301572515373,1,
19037,1,9,1,4,0.7685341777422919,1,
19039,3,9,1,4,0.7887650498525197,1,
19041,2,15,1,4,0.7901033666202557,1,
19045,2,20,1,4,0.7907558614825514,1,
19049,1,25,1,4,0.8339429503895487,1,
19057,3,12,1,4,0.8199212246842542,1,
19061,2,19,1,4,0.8355926950382315,1,
19067,3,13,1,4,0.7675745844277849,1,
19071,2,11,1,4,0.7799684454856884,1,
19077,1,18,1,4,0.7938412901233733,1,
19079,1,15,1,4,0.7927959117677201,1,
19087,2,11,1,4,0.8044428009178022,1,
19095,1,21,1,4,0.8119114853061853,1,
19097,2,14,1,4,0.7857530348151324,1,
19099,1,19,1,4,0.8247124069993259,1,
19103,1,24,1,4,0.8837769461779434,1,
19105,2,16,1,4,0.7774475621535843,1,
19109,2,21,1,4,0.7307134836985278,1,
19111,3,12,1,4,0.8162346758528012,1,
19113,1,29,1,4,0.8437961198682221,1,
19121,1,14,1,4,0.8242314573928688,1,
19123,2,20,1,4,0.8321753743330026,1,
19127,2,21,1,4,0.8311466499003153,1,
19129,1,11,1,4,0.8315574293166743,1,
19133,2,15,1,4,0.7499302611143515,1,
19145,2,12,1,4,0.7957624560824529,1,
19149,1,14,1,4,0.7893057440674951,1,
19151,2,16,1,4,0.7294909742125727,1,
19155,2,24,1,4,0.8509414808632096,1,
19157,2,17,1,4,0.821516936900436,1,
19161,2,16,1,4,0.7646355701982294,1,
19163,2,22,1,4,0.8494461685048774,1,
19169,3,22,1,4,0.842750030449119,1,
19179,3,12,1,4,0.8270469597371196,1,
19181,1,19,1,4,0.8303229943268242,1,
19187,3,22,1,4,0.8151801940030826,1,
19193,2,25,1,4,0.8553089404513329,1,
19197,2,16,1,4,0.7512768728787703,1,
20001,3,11,1,4,0.754973546564117,1,
20005,2,10,1,4,0.8064289384732849,1,
20009,3,10,1,4,0.7974416541605616,1,
20011,4,13,1,4,0.7745392825455933,1,
20015,2,20,1,4,0.8164059301539447,1,
20019,4,10,1,4,0.5026380349657885,1,
20021,1,13,1,4,0.8215507119486273,1,
20027,1,10,1,4,0.736587591706316,1,
20029,3,8,1,4,0.7858403222171482,1,
20035,3,14,1,4,0.8004058650253664,1,
20037,1,15,1,4,0.8304826972396525,1,
20039,2,8,1,4,0.6600692599854289,1,
20041,2,12,1,4,0.7577850736543871,1,
20045,1,12,1,4,0.913392329217411,1,
20047,3,7,1,4,0.7074014857819789,1,
20051,3,11,1,4,0.8499875490952781,1,
20055,3,7,1,4,0.8310827629217359,1,
20057,4,10,1,4,0.8334739503703349,1,
20059,2,13,1,4,0.8247933319366225,1,
20061,3,8,1,4,0.8876562438718207,1,
20067,2,3,1,4,0.8025609659308176,1,
20073,3,11,1,4,0.5464320424900003,1,
20079,1,13,1,4,0.7940613155534988,1,
20083,2,8,1,4,0.7683706067583366,1,
20085,2,18,1,4,0.8023634624944538,1,
20087,2,15,1,4,0.8424889199012822,1,
20095,1,12,1,4,0.7911892996424023,1,
20097,2,7,1,4,0.7614149113412283,1,
20099,4,13,1,4,0.7823548828667137,1,
20103,1,13,1,4,0.8539095654236208,1,
20111,3,12,1,4,0.8266117765657847,1,
20113,1,12,1,4,0.7936375947550595,1,
20121,1,11,1,4,0.8350517881412403,1,
20125,3,13,1,4,0.7512189067670436,1,
20127,2,9,1,4,0.6059007816792861,1,
20129,2,5,1,4,0.6645306202395451,1,
20133,4,11,1,4,0.7788367853385715,1,
20135,3,9,1,4,0.644155911050037,1,
20139,2,15,1,4,0.7286860968545675,1,
20147,2,9,1,4,0.7712048969989704,1,
20149,2,12,1,4,0.8386419926418662,1,
20155,2,22,1,4,0.8241631991835519,1,
20159,2,13,1,4,0.7885300666106198,1,
20161,3,14,1,4,0.8267214760215592,1,
20163,2,10,1,4,0.7883790034667588,1,
20167,2,11,1,4,0.7323582881742909,1,
20169,2,9,1,4,0.8350498139244305,1,
20175,4,6,1,4,0.8412155202550805,1,
20179,1,11,1,4,0.5572462261856086,1,
20201,2,15,1,4,0.7429622255182895,1,
20205,4,10,1,4,0.6876097817782449,1,
21001,4,10,1,4,0.7005746780517887,1,
21003,4,6,1,4,0.7442169834195947,1,
21009,4,11,1,4,0.7404534056789278,1,
21011,4,8,1,4,0.7392391480993761,1,
21013,4,11,1,4,0.7004550428810784,1,
21015,1,9,1,4,0.8646397296977543,1,
21019,3,4,1,4,0.7962911762978238,1,
21021,3,5,1,4,0.8027442293014724,1,
21023,3,7,1,4,0.7541469197187157,1,
21027,3,18,1,4,0.6935832759102823,1,
21029,1,11,1,4,0.8426727970485921,1,
21033,3,6,1,4,0.6919076123582644,1,
21037,2,10,1,4,0.8596615062284586,1,
21041,4,8,1,4,0.7371287037973908,1,
21047,4,15,1,4,0.8489445377687729,1,
21049,3,4,1,4,0.8344178898511335,1,
21051,4,10,1,4,0.6909714490643817,1,
21057,4,3,1,4,0.6214922309697981,1,
21059,3,10,1,4,0.7993402113343643,1,
21061,4,12,1,4,0.7561178685890417,1,
21063,4,6,1,4,0.7036004858834352,1,
21067,2,17,1,4,0.880071866491829,1,
21069,4,7,1,4,0.7303469616896613,1,
21071,4,33,1,4,0.7208271510279647,1,
21073,2,5,1,4,0.8441126109289693,1,
21075,4,3,1,4,0.6783452735838207,1,
21077,3,6,1,4,0.760080763320667,1,
21079,3,5,1,4,0.774498809900632,1,
21081,3,8,1,4,0.7653598943032847,1,
21083,4,18,1,4,0.695964558055914,1,
21085,4,9,1,4,0.7045611503359098,1,
21093,2,17,1,4,0.8425935009204871,1,
21097,3,6,1,4,0.7344478312275787,1,
21099,4,10,1,4,0.6864303415480362,1,
21101,3,8,1,4,0.7542610699349686,1,
21103,3,13,1,4,0.7510436429394066,1,
21105,4,7,1,4,0.6535504741409226,1,
21107,4,13,1,4,0.7329747465795236,1,
21113,3,4,1,4,0.8552019108837589,1,
21115,4,19,1,4,0.7792373797567703,1,
21117,2,12,1,4,0.8670062705604562,1,
21119,4,24,1,4,0.7379314330933602,1,
21121,4,19,1,4,0.7289771793108146,1,
21125,4,8,1,4,0.7932150976359527,1,
21127,4,10,1,4,0.7254376233685763,1,
21133,1,26,1,4,0.7919269794573002,1,
21137,4,11,1,4,0.7247889588453273,1,
21141,4,7,1,4,0.7413394811324988,1,
21145,3,7,1,4,0.8020368189312754,1,
21149,2,7,1,4,0.6667790701857724,1,
21151,1,5,1,4,0.9034861537175953,1,
21153,4,4,1,4,0.6895251493834024,1,
21159,4,9,1,4,0.7905829397396136,1,
21161,4,5,1,4,0.7896648705165575,1,
21163,2,12,1,4,0.8137592232580122,1,
21167,2,5,1,4,0.7695828080146332,1,
21171,4,6,1,4,0.6966389970203418,1,
21173,4,5,1,4,0.8080002042002385,1,
21175,4,8,1,4,0.7136059373442332,1,
21179,1,9,1,4,0.8411824938954581,1,
21183,3,16,1,4,0.7152053279971592,1,
21185,1,11,1,4,0.8343909410237302,1,
21191,3,10,1,4,0.7241907680704162,1,
21195,4,39,1,4,0.7465160552421601,1,
21197,4,4,1,4,0.7804024608833389,1,
21199,4,11,1,4,0.7645806241419639,1,
21201,4,7,1,4,0.6966156186239557,1,
21203,4,7,1,4,0.7458360477375243,1,
21205,4,4,1,4,0.8104647045209177,1,
21207,4,7,1,4,0.71029681456831,1,
21209,2,6,1,4,0.8632565142636872,1,
21211,2,14,1,4,0.8328935258369159,1,
21217,4,6,1,4,0.7728575776425946,1,
21221,2,5,1,4,0.7069739481205678,1,
21225,4,5,1,4,0.7353026522728134,1,
21227,3,9,1,4,0.8633976987464616,1,
21231,4,5,1,4,0.6944552070803461,1,
21235,4,7,1,4,0.7727528750034259,1,
21237,4,5,1,4,0.6901704347075573,1,
21239,2,3,1,4,0.8366541148666531,1,
22001,4,15,1,4,0.8202616121332259,1,
22003,3,13,1,4,0.8060041844454398,1,
22005,1,8,1,4,0.8640588278299028,1,
22009,4,15,1,4,0.7749492787038463,1,
22011,3,9,1,4,0.81400600230873,1,
22013,4,13,1,4,0.7429853895645487,1,
22019,3,16,1,4,0.8600665890984958,1,
22021,4,4,1,4,0.7139742454325538,1,
22023,4,8,1,4,0.7964943869494631,1,
22027,4,11,1,4,0.7217003157664206,1,
22031,4,10,1,4,0.7674584689666711,1,
22039,4,12,1,4,0.7775701458154403,1,
22041,4,7,1,4,0.7085424828917491,1,
22043,3,8,1,4,0.8145522740782353,1,
22045,4,10,1,4,0.8448777242211325,1,
22047,3,8,1,4,0.8150882997578027,1,
22049,4,7,1,4,0.8264640589743492,1,
22053,3,10,1,4,0.8105802448473469,1,
22055,1,16,1,4,0.8779523845612547,1,
22057,3,14,1,4,0.8439611535289095,1,
22063,2,17,1,4,0.8566595633939214,1,
22065,4,4,1,4,0.7257506582915308,1,
22069,4,16,1,4,0.8116229707712085,1,
22077,3,17,1,4,0.7854916001393354,1,
22079,4,27,1,4,0.8508819206120926,1,
22083,4,6,1,4,0.7318626457254009,1,
22087,4,6,1,4,0.8917934508450946,1,
22089,1,10,1,4,0.8722652089153993,1,
22093,3,7,1,4,0.8667638822808701,1,
22095,3,6,1,4,0.8790096301953273,1,
22099,4,8,1,4,0.8482092671861658,1,
22101,4,8,1,4,0.8410914452261637,1,
22103,2,17,1,4,0.8468236354235652,1,
22105,1,20,1,4,0.8860920832536693,1,
22107,4,4,1,4,0.6458289011333731,1,
22109,3,13,1,4,0.8543869116626642,1,
22111,3,10,1,4,0.7933491614495327,1,
22113,3,12,1,4,0.82658038771456,1,
22115,3,13,1,4,0.8555800917417239,1,
22117,4,6,1,4,0.734525288420261,1,
22119,4,12,1,4,0.7655745965975228,1,
22121,2,5,1,4,0.8634086595138757,1,
22123,4,4,1,4,0.7014902706960332,1,
22127,4,12,1,4,0.7721118643231597,1,
23001,2,14,1,4,0.8457647103255826,1,
23005,1,38,1,4,0.8515328555927024,1,
23007,1,18,1,4,0.8063155289423977,1,
23009,2,40,1,4,0.8088527198192847,1,
23011,2,27,1,4,0.8353943159218724,1,
23013,1,19,1,4,0.7867431148615699,1,
23017,1,33,1,4,0.8194664069106474,1,
23019,1,47,1,4,0.8746513031782566,1,
23021,3,16,1,4,0.6769973265140639,1,
23025,4,24,1,4,0.7350616242174426,1,
23027,2,18,1,4,0.8095542944969317,1,
23031,1,36,1,4,0.8385869167054913,1,
24001,3,15,1,4,0.8356639428635451,1,
24011,3,10,1,4,0.7908610451581213,1,
24013,1,15,1,4,0.8431278123919735,1,
24017,1,24,1,4,0.8489109197794455,1,
24019,3,18,1,4,0.7601069688066814,1,
24021,1,34,1,4,0.8495972591750135,1,
24027,1,24,1,4,0.8334929751229196,1,
24029,2,9,1,4,0.7456936981282456,1,
24035,1,16,1,4,0.8135224035488036,1,
24037,1,26,1,4,0.8227492158559397,1,
24039,1,11,1,4,0.9140491080385584,1,
24041,1,16,1,4,0.7864306773757805,1,
24043,1,20,1,4,0.8353513409881247,1,
24047,2,12,1,4,0.8141233869662395,1,
25001,1,47,1,4,0.8345076116550533,1,
25005,2,36,1,4,0.8614704773335362,1,
25011,2,32,1,4,0.8497615168179706,1,
25013,2,41,1,4,0.8831174216149921,1,
25015,1,28,1,4,0.839578308074368,1,
25023,1,34,1,4,0.8565172931998631,1,
25025,3,36,1,4,0.906880850677592,1,
25027,1,87,1,4,0.8704727052592467,1,
26005,2,24,1,4,0.8364671144343516,1,
26009,2,16,1,4,0.7475947423153226,1,
26011,3,10,1,4,0.7003617982926112,1,
26013,3,7,1,4,0.7578339541837273,1,
26015,1,15,1,4,0.8026144927071317,1,
26017,2,16,1,4,0.8232081867574519,1,
26021,1,23,1,4,0.8824438119596083,1,
26023,3,13,1,4,0.7649967833029712,1,
26025,3,22,1,4,0.8140192133351597,1,
26027,2,14,1,4,0.7665200015532062,1,
26041,3,13,1,4,0.758099670948909,1,
26045,1,19,1,4,0.8532194950244008,1,
26049,3,34,1,4,0.8235708827157772,1,
26055,1,9,1,4,0.8341296499016291,1,
26059,3,18,1,4,0.7447836607550288,1,
26061,4,20,1,4,0.8456043167242673,1,
26063,2,18,1,4,0.6850441949013186,1,
26065,1,22,1,4,0.9230766664926321,1,
26067,2,21,1,4,0.8293459716451554,1,
26073,4,15,1,4,0.8723115093878966,1,
26075,2,29,1,4,0.8433371235123404,1,
26077,2,25,1,4,0.8733590908146796,1,
26081,2,39,1,4,0.8860105068306485,1,
26087,2,22,1,4,0.8033346461282875,1,
26091,2,23,1,4,0.8187660514517514,1,
26093,1,20,1,4,0.8353633918846783,1,
26099,2,39,1,4,0.8753454525953959,1,
26101,2,15,1,4,0.7190057263075982,1,
26103,2,15,1,4,0.8395953475637663,1,
26115,1,25,1,4,0.8352138816031437,1,
26121,3,20,1,4,0.8274213178302243,1,
26123,3,21,1,4,0.7470311785565444,1,
26127,3,12,1,4,0.7087684335777172,1,
26137,3,7,1,4,0.7816018994008019,1,
26139,1,22,1,4,0.8524588973558842,1,
26141,2,7,1,4,0.7192599747088195,1,
26145,3,28,1,4,0.8263871970259968,1,
26147,2,23,1,4,0.8249350125002359,1,
26149,3,13,1,4,0.7747889652827467,1,
26151,3,22,1,4,0.7107841372740065,1,
26155,2,19,1,4,0.8190911639902967,1,
26157,3,21,1,4,0.7420769402289398,1,
26159,3,22,1,4,0.7742774281006867,1,
26161,2,27,1,4,0.8618097556925844,1,
27001,2,12,1,4,0.7312099807105955,1,
27003,1,20,1,4,0.8418000552748839,1,
27005,2,16,1,4,0.7884852004048797,1,
27007,3,18,1,4,0.8393235806405845,1,
27009,1,9,1,4,0.8452822146962353,1,
27025,1,15,1,4,0.8322725995509637,1,
27027,2,15,1,4,0.8431576282972167,1,
27037,1,22,1,4,0.8377428795879901,1,
27041,1,17,1,4,0.82849558960035,1,
27047,2,18,1,4,0.7801144212795408,1,
27049,1,17,1,4,0.8185717533605651,1,
27057,2,10,1,4,0.8121227751942981,1,
27061,2,30,1,4,0.7987213133581593,1,
27079,1,13,1,4,0.8204354421367124,1,
27083,3,14,1,4,0.8411335646112323,1,
27095,2,12,1,4,0.8239559409834417,1,
27097,2,20,1,4,0.8284220233890672,1,
27099,2,19,1,4,0.8087922459167814,1,
27109,1,19,1,4,0.8423873877735139,1,
27111,1,34,1,4,0.7774028741152305,1,
27115,2,16,1,4,0.8074267400611221,1,
27119,2,25,1,4,0.8180905566307839,1,
27123,2,26,1,4,0.8679403930730819,1,
27127,2,22,1,4,0.8016441451377723,1,
27129,2,16,1,4,0.806784414836411,1,
27131,1,16,1,4,0.8265333432576811,1,
27135,1,11,1,4,0.800296285171526,1,
27139,1,10,1,4,0.8355562049401589,1,
27141,1,9,1,4,0.8361767213567427,1,
27145,2,33,1,4,0.8845580841551945,1,
27151,3,11,1,4,0.7921948715737847,1,
27153,2,19,1,4,0.7982946866994092,1,
27163,1,19,1,4,0.8326158071360203,1,
27169,2,14,1,4,0.8521193638168559,1,
27171,1,19,1,4,0.8338908659364189,1,
28001,4,2,1,4,0.7086681870414276,1,
28003,4,5,1,4,0.7815329274795224,1,
28007,4,11,1,4,0.6855433106496103,1,
28011,4,17,1,4,0.7504612773358703,1,
28013,4,11,1,4,0.7244974417049558,1,
28015,4,13,1,4,0.7461555819469922,1,
28019,4,9,1,4,0.7343615786730743,1,
28023,4,9,1,4,0.7771361689210844,1,
28025,4,8,1,4,0.7562051850286231,1,
28027,4,11,1,4,0.7202803281105539,1,
28029,4,9,1,4,0.7758698984219271,1,
28031,4,8,1,4,0.7861530211547174,1,
28033,1,10,1,4,0.8504385747897333,1,
28035,1,8,1,4,0.8787055763535978,1,
28037,4,8,1,4,0.7176489498694049,1,
28039,4,3,1,4,0.7963224060099531,1,
28041,3,7,1,4,0.791813267168433,1,
28043,4,7,1,4,0.7895438629845981,1,
28045,3,10,1,4,0.7661657074928065,1,
28051,4,9,1,4,0.6571094001525003,1,
28057,3,10,1,4,0.8074987272167973,1,
28061,4,14,1,4,0.7377253065566782,1,
28065,4,9,1,4,0.747478192526456,1,
28069,4,11,1,4,0.7262001517319008,1,
28071,4,13,1,4,0.9395945684235786,1,
28073,3,6,1,4,0.8480881421310595,1,
28075,1,12,1,4,0.8302376196457638,1,
28081,3,15,1,4,0.8517463156588897,1,
28083,4,11,1,4,0.7870869382524569,1,
28085,4,12,1,4,0.779393987277097,1,
28087,3,8,1,4,0.8375375891115299,1,
28089,1,12,1,4,0.8555626403284461,1,
28091,4,8,1,4,0.7384672916692269,1,
28093,3,8,1,4,0.7715828687122731,1,
28095,4,12,1,4,0.7905460634390953,1,
28097,4,7,1,4,0.7013120808541964,1,
28099,4,8,1,4,0.7349230460634413,1,
28101,4,11,1,4,0.7584177107347496,1,
28103,4,6,1,4,0.6867606388134702,1,
28107,4,11,1,4,0.7409840307658722,1,
28109,3,5,1,4,0.7958163479780336,1,
28113,4,8,1,4,0.7700257339915568,1,
28115,4,11,1,4,0.8211516163601561,1,
28119,4,10,1,4,0.6186581992413487,1,
28121,1,12,1,4,0.8754807126081808,1,
28123,4,10,1,4,0.7391156649714462,1,
28127,3,10,1,4,0.7902422221827247,1,
28131,4,6,1,4,0.7776422026988073,1,
28133,4,16,1,4,0.7699522462207973,1,
28135,4,18,1,4,0.701546656905568,1,
28137,3,5,1,4,0.7647314148532921,1,
28141,4,9,1,4,0.7467601235951274,1,
28145,3,11,1,4,0.8079996670321048,1,
28147,4,6,1,4,0.7152072207382193,1,
28153,4,7,1,4,0.7590130017315015,1,
28159,4,10,1,4,0.7229767094824171,1,
28161,4,7,1,4,0.7480259841180084,1,
28163,4,8,1,4,0.7349539288413338,1,
29001,4,9,1,4,0.8485300795031437,1,
29009,4,17,1,4,0.7444926040758344,1,
29011,4,8,1,4,0.7456887414419027,1,
29013,3,13,1,4,0.7409224063908012,1,
29015,3,13,1,4,0.6815629052153989,1,
29017,4,13,1,4,0.623549061446042,1,
29019,1,13,1,4,0.8627266903688138,1,
29021,3,15,1,4,0.8543208751787255,1,
29023,4,10,1,4,0.7445581164167155,1,
29025,3,10,1,4,0.7151298510848931,1,
29029,3,18,1,4,0.762126771102737,1,
29031,3,19,1,4,0.8496176635078707,1,
29033,3,10,1,4,0.6532562055673531,1,
29035,3,5,1,4,0.7168448863814914,1,
29037,1,18,1,4,0.8502931432128881,1,
29039,4,9,1,4,0.6434134805529274,1,
29041,3,12,1,4,0.71762358902294,1,
29043,1,21,1,4,0.8424724747057704,1,
29049,1,11,1,4,0.7800015733806641,1,
29051,1,9,1,4,0.8554519274228434,1,
29055,4,12,1,4,0.7019638334529883,1,
29057,3,13,1,4,0.6843842677274169,1,
29059,4,13,1,4,0.7444044332850269,1,
29063,2,10,1,4,0.7507471896295456,1,
29065,4,8,1,4,0.7319504714685224,1,
29067,4,16,1,4,0.6595996279558749,1,
29069,4,14,1,4,0.7180148423470636,1,
29071,1,23,1,4,0.8041922163886934,1,
29079,3,7,1,4,0.6962834955783203,1,
29083,4,11,1,4,0.7360348070620308,1,
29085,4,13,1,4,0.6695810361364884,1,
29091,4,12,1,4,0.7227790752340432,1,
29093,3,16,1,4,0.690408882880219,1,
29099,1,24,1,4,0.8475387774184123,1,
29103,4,12,1,4,0.690078600637966,1,
29105,4,12,1,4,0.776744531135179,1,
29107,2,16,1,4,0.7690819442399667,1,
29109,3,21,1,4,0.7588795582548657,1,
29113,2,17,1,4,0.8068558920232674,1,
29115,3,15,1,4,0.7480369310245396,1,
29117,3,12,1,4,0.7647074085378027,1,
29119,1,14,1,4,0.81534544655365,1,
29121,2,15,1,4,0.7561414883318577,1,
29123,3,7,1,4,0.7261340914471018,1,
29127,3,10,1,4,0.8096266389303869,1,
29131,3,17,1,4,0.7598179094788687,1,
29133,4,6,1,4,0.6924516472876885,1,
29135,2,13,1,4,0.8078548496826434,1,
29139,3,11,1,4,0.7104549537204641,1,
29143,4,17,1,4,0.7336004653314036,1,
29145,3,15,1,4,0.8217329256865225,1,
29147,4,18,1,4,0.8466901062574641,1,
29153,4,18,1,4,0.6030035849338702,1,
29159,3,15,1,4,0.8107218847707035,1,
29161,4,11,1,4,0.8284994879340704,1,
29163,1,12,1,4,0.792370572549691,1,
29165,1,18,1,4,0.8397235226664337,1,
29169,2,11,1,4,0.8603492919167121,1,
29175,3,12,1,4,0.7821522805762986,1,
29177,2,12,1,4,0.7556545605635915,1,
29181,4,9,1,4,0.606547831219569,1,
29183,1,14,1,4,0.846797185492404,1,
29185,4,16,1,4,0.6614958754400898,1,
29186,2,8,1,4,0.7983404544778747,1,
29187,3,15,1,4,0.804202662074435,1,
29195,3,13,1,4,0.7637052328214086,1,
29197,3,6,1,4,0.7071413207072703,1,
29199,3,10,1,4,0.7084444496750287,1,
29201,4,14,1,4,0.7820966796540878,1,
29207,1,13,1,4,0.7926129507765336,1,
29209,1,17,1,4,0.7552480765616825,1,
29211,3,13,1,4,0.7043380837575889,1,
29213,3,20,1,4,0.8191555911278771,1,
29215,4,21,1,4,0.6245967144799637,1,
29217,4,13,1,4,0.7699567899806221,1,
29219,3,9,1,4,0.7506910858941673,1,
29223,4,14,1,4,0.6232537614815202,1,
29225,3,9,1,4,0.8005442752945354,1,
29229,4,11,1,4,0.6668088135942386,1,
30003,4,18,1,4,0.7438402811920232,1,
30005,4,9,1,4,0.7159403128396877,1,
30013,3,18,1,4,0.8422906582956166,1,
30015,2,13,1,4,0.7873906775470042,1,
30021,1,8,1,4,0.8010580340002761,1,
30029,2,16,1,4,0.8382759998300916,1,
30035,4,5,1,4,0.6689803924019673,1,
30047,3,15,1,4,0.7871288446969822,1,
30049,1,9,1,4,0.8383329419737899,1,
30053,4,6,1,4,0.6553160379104581,1,
30061,4,5,1,4,0.6959853654605335,1,
30073,3,6,1,4,0.7532757551236829,1,
30081,2,9,1,4,0.7907679691470755,1,
30087,3,8,1,4,0.7802212812744593,1,
30105,3,12,1,4,0.7440155351181088,1,
30111,2,16,1,4,0.856232693600587,1,
31001,2,14,1,4,0.8305548348162303,1,
31003,2,11,1,4,0.7784277530040032,1,
31007,2,8,1,4,0.7972767095745034,1,
31011,2,8,1,4,0.7868136096147705,1,
31013,2,3,1,4,0.7327673059883169,1,
31023,1,14,1,4,0.8026814262040488,1,
31025,1,20,1,4,0.8286651980903136,1,
31029,2,7,1,4,0.77522268119486,1,
31033,1,5,1,4,0.8111689677847724,1,
31041,1,21,1,4,0.8066422803132371,1,
31045,2,6,1,4,0.793716498773526,1,
31061,2,8,1,4,0.7381482828547166,1,
31067,2,18,1,4,0.7703981463054554,1,
31075,2,3,1,4,0.771574967251939,1,
31079,2,11,1,4,0.8339689421747125,1,
31083,2,8,1,4,0.7739499618058522,1,
31093,1,11,1,4,0.8083519223563769,1,
31095,3,12,1,4,0.7433023048945834,1,
31109,2,42,1,4,0.8474396326190581,1,
31111,2,14,1,4,0.8148363077637798,1,
31119,2,8,1,4,0.8322628702928943,1,
31131,1,19,1,4,0.8152973016443869,1,
31135,1,10,1,4,0.7796822576645912,1,
31141,1,11,1,4,0.8293628896271319,1,
31153,1,13,1,4,0.8416310635016526,1,
31155,1,18,1,4,0.8234207740529284,1,
31157,3,8,1,4,0.805115979091778,1,
31161,2,9,1,4,0.6882603086741861,1,
31173,4,10,1,4,0.7847682643991973,1,
31177,1,15,1,4,0.8360806111119137,1,
31179,2,11,1,4,0.8292438672783912,1,
31185,1,15,1,4,0.819824913728313,1,
32001,2,2,1,4,0.7889506327940573,1,
32005,1,9,1,4,0.8011797277565167,1,
32007,1,14,1,4,0.7847448864315152,1,
32013,1,7,1,4,0.8101781728429833,1,
32017,1,5,1,4,0.7190351403322952,1,
32019,3,9,1,4,0.6703038235203379,1,
32021,3,5,1,4,0.6003564295541921,1,
32033,2,7,1,4,0.7268651757444708,1,
33005,1,27,1,4,0.8458534046075754,1,
33007,2,16,1,4,0.7883524041015695,1,
33009,1,37,1,4,0.8383110225744757,1,
33011,1,34,1,4,0.8619358180449537,1,
33013,1,31,1,4,0.8500895208626756,1,
33015,1,37,1,4,0.8501251379218862,1,
34009,1,15,1,4,0.817852283251881,1,
34011,1,22,1,4,0.8525185765226699,1,
34015,1,30,1,4,0.8571422384250865,1,
34019,1,26,1,4,0.8199176741183595,1,
34021,1,25,1,4,0.8639041905956278,1,
34027,1,56,1,4,0.8303284295823468,1,
34031,2,33,1,4,0.8826069623261249,1,
34033,2,14,1,4,0.8272910913988435,1,
34035,1,32,1,4,0.8326555380167122,1,
34037,1,21,1,4,0.8304310165662584,1,
34041,1,19,1,4,0.8284097183874378,1,
35005,4,9,1,4,0.661010377622429,1,
35007,4,9,1,4,0.6251073105606714,1,
35009,1,7,1,4,0.8689471659663879,1,
35015,3,8,1,4,0.7432594830117838,1,
35017,4,16,1,4,0.6838407476075757,1,
35019,2,5,1,4,0.7993763039205152,1,
35025,3,7,1,4,0.8081306011840979,1,
35029,4,3,1,4,0.6081997083134902,1,
35035,4,18,1,4,0.6703401243466264,1,
35037,4,10,1,4,0.6202108401846532,1,
35039,1,37,1,4,0.8038926610466464,1,
35041,4,9,1,4,0.8246999313513569,1,
35043,1,21,1,4,0.8345330839483878,1,
35049,2,15,1,4,0.8269409767214331,1,
35051,4,10,1,4,0.5101760174639001,1,
35053,4,14,1,4,0.7655038193182722,1,
35055,4,21,1,4,0.7459665038680687,1,
35061,4,8,1,4,0.7704072232582668,1,
36001,2,46,1,4,0.8698274182785084,1,
36003,3,37,1,4,0.7861053214325164,1,
36007,3,31,1,4,0.847563450875843,1,
36009,1,36,1,4,0.8561569083781032,1,
36011,1,26,1,4,0.8387955306738497,1,
36013,3,36,1,4,0.7990051880496805,1,
36015,2,22,1,4,0.8390947197101203,1,
36021,2,36,1,4,0.8124138395086716,1,
36023,3,17,1,4,0.8304967741858582,1,
36027,1,35,1,4,0.8492019388539226,1,
36031,2,34,1,4,0.7774984817909314,1,
36033,3,23,1,4,0.7885142053027185,1,
36037,2,18,1,4,0.8026069746108155,1,
36039,2,42,1,4,0.7958318989653969,1,
36041,2,13,1,4,0.6814289403507003,1,
36043,3,28,1,4,0.7866255512023753,1,
36045,3,39,1,4,0.8357602979302758,1,
36053,1,31,1,4,0.7933002206478078,1,
36055,1,50,1,4,0.8933117955544156,1,
36057,3,20,1,4,0.7694373559647352,1,
36063,1,22,1,4,0.8795782599329591,1,
36065,2,54,1,4,0.8091738169001456,1,
36071,1,51,1,4,0.8505910934739336,1,
36073,3,15,1,4,0.7257332033191711,1,
36075,3,27,1,4,0.7798214220508242,1,
36077,3,43,1,4,0.8148048227086113,1,
36083,2,29,1,4,0.8471895965470382,1,
36089,3,49,1,4,0.8006017113573913,1,
36091,1,27,1,4,0.8399035412274247,1,
36093,1,19,1,4,0.8533501368435155,1,
36099,2,14,1,4,0.7945031152388341,1,
36101,3,39,1,4,0.8076023555794379,1,
36105,2,62,1,4,0.8057840652494959,1,
36107,2,15,1,4,0.8281223523121466,1,
36109,1,17,1,4,0.9139419792651582,1,
36111,2,63,1,4,0.8309926263527392,1,
36115,2,27,1,4,0.8141450804301734,1,
36117,2,20,1,4,0.7788972286134811,1,
37001,3,12,1,4,0.8447171118177264,1,
37003,2,8,1,4,0.8268151382727169,1,
37007,4,8,1,4,0.7814667449250234,1,
37013,4,15,1,4,0.7618307078035591,1,
37015,4,10,1,4,0.6924080836245932,1,
37017,4,18,1,4,0.7476152515189294,1,
37019,2,14,1,4,0.8320789854844334,1,
37021,2,19,1,4,0.8495213616917228,1,
37023,4,16,1,4,0.8135251621110083,1,
37025,2,16,1,4,0.8493177204621046,1,
37027,3,10,1,4,0.8137005018077272,1,
37031,2,19,1,4,0.8265410580535804,1,
37035,2,14,1,4,0.8418480412603482,1,
37037,1,18,1,4,0.8458397242638346,1,
37039,3,4,1,4,0.7093253044562153,1,
37041,3,4,1,4,0.7743970786538226,1,
37043,3,5,1,4,0.7075517459016325,1,
37045,1,13,1,4,0.8809099303009729,1,
37047,4,16,1,4,0.7460720474016219,1,
37049,2,11,1,4,0.8402534786852294,1,
37051,1,24,1,4,0.8509488455266332,1,
37053,1,15,1,4,0.8282781133763492,1,
37055,1,14,1,4,0.8404814047343606,1,
37057,3,12,1,4,0.8434953825229745,1,
37059,2,6,1,4,0.8294567570408005,1,
37061,4,19,1,4,0.7457857055215795,1,
37063,2,16,1,4,0.867073772841944,1,
37065,4,15,1,4,0.7834945095355665,1,
37067,1,22,1,4,0.8655589223938474,1,
37069,3,13,1,4,0.8346235936121521,1,
37071,3,18,1,4,0.8381062211363516,1,
37077,3,12,1,4,0.8289791290162585,1,
37079,4,11,1,4,0.7877374966158264,1,
37083,4,9,1,4,0.7433429330961893,1,
37085,3,16,1,4,0.8550449511566618,1,
37089,2,15,1,4,0.828963631853187,1,
37091,4,9,1,4,0.6701251677743922,1,
37093,3,9,1,4,0.8654039378876566,1,
37101,2,21,1,4,0.8491719322944675,1,
37105,3,4,1,4,0.8465221024200749,1,
37107,4,10,1,4,0.7831567660404956,1,
37109,2,11,1,4,0.8224952027141409,1,
37111,3,9,1,4,0.8004900425003704,1,
37125,2,18,1,4,0.8320434694710409,1,
37127,3,15,1,4,0.8366499279058072,1,
37129,3,10,1,4,0.8627445111767978,1,
37131,4,12,1,4,0.6336965116605203,1,
37133,3,16,1,4,0.8700803270825146,1,
37135,2,14,1,4,0.8525267092981963,1,
37141,3,13,1,4,0.826719265668091,1,
37147,4,17,1,4,0.8682590757779628,1,
37151,3,24,1,4,0.8226653275515334,1,
37153,4,11,1,4,0.788857093059023,1,
37157,3,11,1,4,0.804563401592818,1,
37159,3,19,1,4,0.8272085273994255,1,
37161,1,16,1,4,0.8132615903754377,1,
37163,4,17,1,4,0.7743112473675826,1,
37165,4,7,1,4,0.7738228686628493,1,
37169,2,16,1,4,0.7766897628049749,1,
37171,4,12,1,4,0.7872969514557633,1,
37175,3,10,1,4,0.7740845620006144,1,
37179,1,12,1,4,0.8426965125536612,1,
37181,4,8,1,4,0.8024261901486658,1,
37185,4,8,1,4,0.686578938792719,1,
37187,4,4,1,4,0.6903184338973378,1,
37189,4,10,1,4,0.8569599089245143,1,
37191,1,14,1,4,0.8588896400773448,1,
37193,4,23,1,4,0.7679654784275182,1,
37195,4,17,1,4,0.8221493756072016,1,
38015,1,12,1,4,0.8328046097161667,1,
38027,2,7,1,4,0.7071802681025281,1,
38035,1,22,1,4,0.8951692847398747,1,
38037,2,13,1,4,0.6751134658092891,1,
38067,1,13,1,4,0.7835663139288409,1,
38073,1,11,1,4,0.7810044890791754,1,
38085,4,9,1,4,0.696188017575861,1,
38099,2,16,1,4,0.7663254407364795,1,
38101,1,24,1,4,0.8260046010674341,1,
39001,4,11,1,4,0.699566694603489,1,
39007,4,19,1,4,0.6781754213914231,1,
39009,4,18,1,4,0.8552909723062105,1,
39013,2,27,1,4,0.7928157150149059,1,
39017,2,17,1,4,0.8464717452232481,1,
39019,2,20,1,4,0.732308083305623,1,
39023,3,22,1,4,0.7875795805646312,1,
39025,1,23,1,4,0.8360566939860885,1,
39037,2,25,1,4,0.7389015951770402,1,
39041,1,24,1,4,0.839521942690149,1,
39045,1,19,1,4,0.8498640080405256,1,
39055,1,20,1,4,0.8060226434503552,1,
39059,3,20,1,4,0.7580889157210442,1,
39063,1,24,1,4,0.8176077490523719,1,
39065,3,15,1,4,0.7762304488962294,1,
39071,4,15,1,4,0.7151730930232109,1,
39073,3,16,1,4,0.7752099957727635,1,
39075,1,18,1,4,0.8013331243655566,1,
39077,2,14,1,4,0.7911365866212918,1,
39079,4,11,1,4,0.7605106308655848,1,
39081,3,23,1,4,0.7302898367247853,1,
39085,1,11,1,4,0.827727318124824,1,
39087,3,14,1,4,0.7525359126297748,1,
39089,2,28,1,4,0.8470159176526586,1,
39091,2,18,1,4,0.7802653886633067,1,
39093,2,24,1,4,0.8408361461219416,1,
39099,2,36,1,4,0.8090075788789484,1,
39101,3,14,1,4,0.8047539325972239,1,
39103,1,24,1,4,0.8409207141716745,1,
39107,1,18,1,4,0.7845028920648867,1,
39111,3,15,1,4,0.7099715757785059,1,
39117,2,16,1,4,0.7884071733047787,1,
39119,3,22,1,4,0.7937289513727258,1,
39121,2,15,1,4,0.7207846485661157,1,
39123,2,18,1,4,0.742012951082835,1,
39125,1,15,1,4,0.7592498087986657,1,
39127,3,17,1,4,0.7504186873243859,1,
39129,2,17,1,4,0.8247310893745471,1,
39131,4,11,1,4,0.7558919453796783,1,
39133,1,24,1,4,0.9180914862,1,
39135,1,16,1,4,0.7397163389963672,1,
39137,1,17,1,4,0.8005980565951432,1,
39139,1,19,1,4,0.8454191578478675,1,
39141,3,16,1,4,0.7998177730026372,1,
39143,2,17,1,4,0.7642272545680924,1,
39145,4,20,1,4,0.7341249109637673,1,
39147,2,20,1,4,0.7997302774499995,1,
39151,1,42,1,4,0.8207768285934695,1,
39155,3,30,1,4,0.7573409794773005,1,
39159,1,20,1,4,0.8457788044570833,1,
39165,1,24,1,4,0.8384986132216817,1,
39167,3,20,1,4,0.7891531858463733,1,
39169,2,25,1,4,0.8333846775035723,1,
39171,1,12,1,4,0.7554531862395096,1,
39173,2,32,1,4,0.8530416884243406,1,
40001,4,8,1,4,0.6559161992674324,1,
40003,1,13,1,4,0.7296423570207328,1,
40009,3,6,1,4,0.8058859200875421,1,
40011,3,13,1,4,0.7737896378341518,1,
40013,4,14,1,4,0.7253529034522281,1,
40015,4,16,1,4,0.6540378935005472,1,
40017,1,13,1,4,0.8684260903999965,1,
40019,3,13,1,4,0.7687979917098225,1,
40021,4,16,1,4,0.7687087487181968,1,
40023,4,12,1,4,0.652950578381643,1,
40025,3,4,1,4,0.5275769156837662,1,
40035,4,10,1,4,0.6250282837911969,1,
40037,3,21,1,4,0.7871309045829751,1,
40039,4,13,1,4,0.8078766268341833,1,
40041,4,13,1,4,0.6936159084829222,1,
40043,3,12,1,4,0.6423508747258675,1,
40045,3,7,1,4,0.7524881749105724,1,
40047,1,22,1,4,0.8684637077667826,1,
40049,3,13,1,4,0.6758669652599965,1,
40051,2,14,1,4,0.7399106119658979,1,
40053,1,10,1,4,0.7761133358387303,1,
40055,4,4,1,4,0.7156219336663378,1,
40059,2,7,1,4,0.7684909952148005,1,
40063,4,10,1,4,0.6745172057351987,1,
40065,3,9,1,4,0.8408438747408075,1,
40067,4,8,1,4,0.5032060608588914,1,
40069,4,13,1,4,0.6032184906018737,1,
40071,4,10,1,4,0.7966277023603083,1,
40073,2,12,1,4,0.7079372508801953,1,
40075,4,9,1,4,0.5793211312830869,1,
40077,4,7,1,4,0.6979441152327658,1,
40079,4,23,1,4,0.7289482409960748,1,
40081,3,16,1,4,0.7505114802635363,1,
40083,2,15,1,4,0.8266688135870026,1,
40085,3,8,1,4,0.6126218638811087,1,
40089,4,15,1,4,0.6354700065472955,1,
40091,4,11,1,4,0.6732785407581019,1,
40095,4,3,1,4,0.6017028773024737,1,
40097,4,17,1,4,0.7218406033766787,1,
40099,3,7,1,4,0.6740141453623216,1,
40101,4,15,1,4,0.7599607070580314,1,
40105,3,7,1,4,0.6003858666483411,1,
40107,4,11,1,4,0.6435794378046262,1,
40111,4,11,1,4,0.6936766764227521,1,
40113,3,22,1,4,0.7256584674727389,1,
40115,4,9,1,4,0.764247741724585,1,
40117,3,12,1,4,0.7022913790670304,1,
40119,1,14,1,4,0.9275820856492698,1,
40121,3,19,1,4,0.7719990114433709,1,
40123,3,10,1,4,0.8512844493142632,1,
40127,4,16,1,4,0.6288493501101673,1,
40131,1,12,1,4,0.8476476229386719,1,
40133,4,10,1,4,0.7244605268603546,1,
40135,4,9,1,4,0.7258268210543062,1,
40137,3,10,1,4,0.6842358040600387,1,
40139,4,9,1,4,0.7603717287980096,1,
40141,4,8,1,4,0.5773385570555881,1,
40145,2,15,1,4,0.8492686123325693,1,
40147,1,12,1,4,0.7818698013636577,1,
40149,3,18,1,4,0.78682544864405,1,
40153,2,11,1,4,0.8151648048862603,1,
41001,3,12,1,4,0.7445581315513189,1,
41003,1,10,1,4,0.9201088542229665,1,
41005,1,37,1,4,0.8645432445846386,1,
41009,2,9,1,4,0.8533996964366433,1,
41011,3,10,1,4,0.7815170537940029,1,
41013,2,6,1,4,0.8026224259798843,1,
41015,2,7,1,4,0.7639688331315937,1,
41017,1,7,1,4,0.8451522825585012,1,
41019,3,28,1,4,0.7994172258513401,1,
41023,3,11,1,4,0.6828328943426748,1,
41027,2,3,1,4,0.8380035713407594,1,
41029,3,18,1,4,0.8242165979492072,1,
41031,3,8,1,4,0.7975727598684984,1,
41033,4,11,1,4,0.7018314892629152,1,
41035,4,17,1,4,0.7359499562933293,1,
41039,3,39,1,4,0.8739942355065772,1,
41041,3,18,1,4,0.810023862677031,1,
41043,2,20,1,4,0.8524698595614242,1,
41047,3,26,1,4,0.8993261325788864,1,
41049,3,7,1,4,0.8073458809638393,1,
41053,2,11,1,4,0.8609063071981586,1,
41059,3,14,1,4,0.8037588847086156,1,
41061,3,8,1,4,0.8174988816247486,1,
41065,3,8,1,4,0.7607917657886619,1,
41067,1,30,1,4,0.8647982011074699,1,
42001,1,17,1,4,0.8445637721005965,1,
42005,2,36,1,4,0.7680821088820466,1,
42009,2,28,1,4,0.788589351652438,1,
42011,1,62,1,4,0.8459539664377894,1,
42013,3,19,1,4,0.8418584987592088,1,
42015,2,27,1,4,0.7845020094071832,1,
42021,1,51,1,4,0.8146691122829653,1,
42025,2,20,1,4,0.7986491337114439,1,
42027,2,33,1,4,0.8590441968423578,1,
42033,3,51,1,4,0.8002095254171759,1,
42037,2,19,1,4,0.8406464833260503,1,
42039,3,27,1,4,0.7947623494709558,1,
42041,1,21,1,4,0.8518160946774407,1,
42043,2,30,1,4,0.8665384378261911,1,
42047,2,14,1,4,0.8058555511354107,1,
42051,3,62,1,4,0.7958634974918251,1,
42053,4,11,1,4,0.7392725432446462,1,
42055,1,30,1,4,0.8494906866679041,1,
42059,2,26,1,4,0.8299219772751266,1,
42061,2,33,1,4,0.8098428550589931,1,
42065,3,30,1,4,0.7526176803501891,1,
42069,2,28,1,4,0.8531248542024402,1,
42073,2,22,1,4,0.8201391734001034,1,
42075,2,19,1,4,0.841233621673427,1,
42079,3,50,1,4,0.835875045514648,1,
42081,2,25,1,4,0.838194583434332,1,
42085,2,28,1,4,0.8154486686589233,1,
42087,3,13,1,4,0.7922162929310791,1,
42089,2,35,1,4,0.8387130218805611,1,
42095,1,26,1,4,0.8499368805260799,1,
42097,2,28,1,4,0.8127054005811511,1,
42099,2,16,1,4,0.8295913087965626,1,
42107,2,59,1,4,0.815691993321826,1,
42109,2,15,1,4,0.8412035164651779,1,
42111,2,40,1,4,0.7660078598148344,1,
42115,2,29,1,4,0.7829654680953675,1,
42119,1,14,1,4,0.8447538697168493,1,
42123,2,19,1,4,0.7929938604808286,1,
42125,1,64,1,4,0.8291137019629631,1,
42127,2,30,1,4,0.8057501426891412,1,
42129,1,86,1,4,0.8282376255558277,1,
44003,1,9,1,4,0.8659002411827013,1,
44005,1,8,1,4,0.8697255082627331,1,
44009,1,20,1,4,0.8417205715287674,1,
45001,4,13,1,4,0.793653513887345,1,
45005,4,6,1,4,0.7692761774595043,1,
45009,4,8,1,4,0.7874392092811618,1,
45011,4,7,1,4,0.7741818313066218,1,
45013,1,16,1,4,0.8360171768564796,1,
45015,2,17,1,4,0.8671376727339657,1,
45017,4,7,1,4,0.8182584388589906,1,
45021,4,8,1,4,0.8343959017383095,1,
45023,4,10,1,4,0.7727957931469036,1,
45025,4,11,1,4,0.8071040237602684,1,
45027,4,11,1,4,0.7700060978320222,1,
45029,4,14,1,4,0.777410429997334,1,
45031,4,10,1,4,0.8321446304042851,1,
45033,4,11,1,4,0.7743346528778458,1,
45035,2,15,1,4,0.8699594540784896,1,
45037,3,10,1,4,0.8348494738083934,1,
45039,4,9,1,4,0.7792140983350999,1,
45041,3,12,1,4,0.8525198237367404,1,
45043,3,5,1,4,0.8023967062673071,1,
45047,4,9,1,4,0.8501525011214135,1,
45049,4,13,1,4,0.7776651065416488,1,
45051,3,16,1,4,0.8593146717422848,1,
45055,3,13,1,4,0.8475653755102235,1,
45057,3,5,1,4,0.832917031644542,1,
45059,4,16,1,4,0.821252744603852,1,
45067,4,7,1,4,0.7788031507334647,1,
45069,4,8,1,4,0.7745427060985794,1,
45073,3,13,1,4,0.8199896503671298,1,
45077,3,15,1,4,0.8598698108575671,1,
45081,4,12,1,4,0.7900058180316445,1,
45085,4,15,1,4,0.8638712680822807,1,
45087,4,9,1,4,0.7726793959593661,1,
45089,4,12,1,4,0.7596538142550248,1,
45091,1,15,1,4,0.8814972551010203,1,
46009,2,7,1,4,0.77547280582132,1,
46013,1,20,1,4,0.8245555549109581,1,
46029,2,10,1,4,0.8243172959668412,1,
46031,4,15,1,4,0.6620990715786967,1,
46033,3,9,1,4,0.6799100966851521,1,
46035,2,6,1,4,0.8231959665934879,1,
46037,2,11,1,4,0.7137597421119757,1,
46059,1,8,1,4,0.7724357173218859,1,
46065,1,3,1,4,0.819153878255727,1,
46067,2,13,1,4,0.7507681135913609,1,
46077,1,9,1,4,0.7801344222575424,1,
46083,1,12,1,4,0.8227757545072701,1,
46091,1,10,1,4,0.7796522935450604,1,
46093,2,18,1,4,0.832098237665645,1,
46099,1,23,1,4,0.8325684603110081,1,
46103,2,20,1,4,0.8312888088602737,1,
46109,4,16,1,4,0.7123891854670272,1,
46121,4,9,1,4,0.6485460747735031,1,
46129,1,7,1,4,0.7560550034763345,1,
46135,2,10,1,4,0.8216128011659718,1,
47001,3,11,1,4,0.8300700629737232,1,
47003,3,13,1,4,0.806341366248652,1,
47005,4,7,1,4,0.696395830449896,1,
47009,2,13,1,4,0.8485181307913767,1,
47011,3,8,1,4,0.8403331790748724,1,
47013,4,11,1,4,0.7667412285452219,1,
47017,4,14,1,4,0.7403571884518484,1,
47019,4,8,1,4,0.7917979035119581,1,
47021,2,12,1,4,0.8245472446151718,1,
47025,1,10,1,4,0.8214653487338697,1,
47027,4,7,1,4,0.6846765375898518,1,
47031,3,9,1,4,0.7959200187937785,1,
47033,4,8,1,4,0.7521054974202864,1,
47035,3,11,1,4,0.7579334666809479,1,
47043,2,11,1,4,0.8152267886633938,1,
47045,4,11,1,4,0.8124453300692335,1,
47049,4,9,1,4,0.7237414602649395,1,
47053,4,11,1,4,0.7754126495916551,1,
47055,3,17,1,4,0.7363290483692388,1,
47059,4,10,1,4,0.7748774439694354,1,
47063,4,7,1,4,0.8200790551861439,1,
47067,4,5,1,4,0.6940559972496294,1,
47069,4,12,1,4,0.7300271183977423,1,
47071,4,13,1,4,0.7271308982697786,1,
47073,4,12,1,4,0.7731126427802045,1,
47075,4,6,1,4,0.7562215013644331,1,
47077,4,14,1,4,0.7435381508474285,1,
47079,4,9,1,4,0.7167995083195658,1,
47085,3,4,1,4,0.7343184023914812,1,
47089,3,10,1,4,0.8283470426034082,1,
47097,4,4,1,4,0.7360529450879892,1,
47099,4,11,1,4,0.7473324072162143,1,
47101,4,7,1,4,0.7309969307556464,1,
47107,4,12,1,4,0.7965980176733977,1,
47109,4,15,1,4,0.7165829574313234,1,
47111,4,8,1,4,0.785330355320914,1,
47117,3,12,1,4,0.796830508720334,1,
47119,1,10,1,4,0.8493673771895104,1,
47121,3,6,1,4,0.769652956962319,1,
47123,4,9,1,4,0.7595335427901715,1,
47125,3,15,1,4,0.8853888657356483,1,
47129,4,12,1,4,0.7746533789707896,1,
47131,4,12,1,4,0.7514231294073749,1,
47135,4,4,1,4,0.6510891171283912,1,
47139,3,12,1,4,0.7538001400180528,1,
47141,1,10,1,4,0.9184286563080761,1,
47145,2,10,1,4,0.81218217844975,1,
47147,2,12,1,4,0.853562711299079,1,
47149,1,20,1,4,0.9071374429823772,1,
47155,3,10,1,4,0.8148609171889027,1,
47159,3,15,1,4,0.7986105014345837,1,
47163,3,12,1,4,0.8260902745301303,1,
47165,1,10,1,4,0.8595595992764679,1,
47167,2,10,1,4,0.8309742181761628,1,
47175,4,7,1,4,0.7102893829302886,1,
47177,4,6,1,4,0.7145234179052373,1,
47179,1,13,1,4,0.9022685618885752,1,
47181,4,10,1,4,0.7205225014784942,1,
47183,4,12,1,4,0.7993709965873883,1,
47185,4,5,1,4,0.7633140531339583,1,
47187,1,16,1,4,0.8342081331619982,1,
47189,1,12,1,4,0.8572864672875624,1,
48001,3,10,1,4,0.7629389726748813,1,
48003,2,1,1,4,0.7630416888005722,1,
48005,4,6,1,4,0.8236820939167289,1,
48007,4,5,1,4,0.7693285188337096,1,
48009,2,10,1,4,0.8123531996528324,1,
48013,3,15,1,4,0.8004511635603468,1,
48015,2,13,1,4,0.7486346385876603,1,
48017,1,6,1,4,0.784383446614139,1,
48019,2,7,1,4,0.6766605189201755,1,
48021,2,15,1,4,0.7520943444657568,1,
48023,2,2,1,4,0.6989424871834345,1,
48025,4,11,1,4,0.8293303457045107,1,
48031,1,8,1,4,0.6157011811357325,1,
48035,3,11,1,4,0.6415566854498077,1,
48037,3,10,1,4,0.8515684335516023,1,
48043,3,4,1,4,0.7824771817040082,1,
48047,4,2,1,4,0.6788543047224928,1,
48049,3,10,1,4,0.796653584612503,1,
48051,2,5,1,4,0.7134482633744518,1,
48053,2,13,1,4,0.7648651678988385,1,
48055,3,14,1,4,0.8019370969946606,1,
48057,3,6,1,4,0.8022760222395604,1,
48063,3,2,1,4,0.7548002135632116,1,
48067,4,14,1,4,0.7416607603364758,1,
48071,2,11,1,4,0.8652238147340287,1,
48073,4,12,1,4,0.7097363348512336,1,
48075,4,4,1,4,0.7053836361565097,1,
48077,2,9,1,4,0.731513628104613,1,
48081,3,4,1,4,0.6017814955889308,1,
48083,2,15,1,4,0.7092447824580174,1,
48087,4,5,1,4,0.6397213386257565,1,
48089,2,18,1,4,0.6698304427983217,1,
48091,1,14,1,4,0.8345765809112681,1,
48093,2,14,1,4,0.7113663195620824,1,
48097,2,14,1,4,0.7666575043474473,1,
48099,1,17,1,4,0.9091443748385134,1,
48101,4,3,1,4,0.6633329442359138,1,
48109,4,2,1,4,0.5430016039575453,1,
48117,4,6,1,4,0.7482592361293182,1,
48119,3,7,1,4,0.7250131589260721,1,
48123,3,9,1,4,0.7043752527986981,1,
48125,4,7,1,4,0.5795234368843286,1,
48127,4,6,1,4,0.7202285454772557,1,
48131,4,8,1,4,0.7841207889681452,1,
48133,4,9,1,4,0.7124280663444493,1,
48135,2,8,1,4,0.8929031317206761,1,
48139,1,20,1,4,0.8658359180016157,1,
48143,1,13,1,4,0.9052689097055394,1,
48145,3,17,1,4,0.7551602544663145,1,
48147,2,19,1,4,0.728303638994489,1,
48149,2,15,1,4,0.710187743679921,1,
48151,3,9,1,4,0.7372250599714794,1,
48159,1,7,1,4,0.7940080906778257,1,
48161,4,9,1,4,0.7301509622600115,1,
48169,4,4,1,4,0.69116677541775,1,
48171,2,7,1,4,0.6234602010145693,1,
48177,3,14,1,4,0.7288923729512182,1,
48185,3,11,1,4,0.7225168345891341,1,
48193,3,10,1,4,0.6326719509852735,1,
48197,3,2,1,4,0.6490812955357728,1,
48199,2,12,1,4,0.8302296382249723,1,
48203,3,12,1,4,0.8527303698931807,1,
48207,4,11,1,4,0.5979347372279651,1,
48209,2,14,1,4,0.8596473186823357,1,
48217,2,19,1,4,0.7317376906909034,1,
48219,4,10,1,4,0.8278655231900269,1,
48221,1,8,1,4,0.7722443987274283,1,
48223,3,13,1,4,0.7781233069067898,1,
48225,4,7,1,4,0.6431026822661904,1,
48227,3,5,1,4,0.7702288113609785,1,
48233,3,7,1,4,0.8101654313682813,1,
48239,2,10,1,4,0.793414272456428,1,
48241,4,9,1,4,0.7640351078043616,1,
48247,4,1,1,4,0.7258929163799279,1,
48249,4,8,1,4,0.8141722236312899,1,
48251,2,16,1,4,0.858946851080839,1,
48255,3,8,1,4,0.7967594363575271,1,
48259,1,8,1,4,0.7926029201370282,1,
48261,4,2,1,4,0.7807488259104433,1,
48265,3,10,1,4,0.7066136097881759,1,
48269,4,2,1,4,0.6244178694185364,1,
48273,4,4,1,4,0.8857105414853758,1,
48275,4,6,1,4,0.6579907236657341,1,
48277,3,13,1,4,0.7474013250424446,1,
48281,2,6,1,4,0.8054557418272239,1,
48285,2,7,1,4,0.6905539685972778,1,
48287,2,9,1,4,0.7664136597137242,1,
48289,3,8,1,4,0.614895681379018,1,
48291,3,14,1,4,0.7861896018856178,1,
48293,4,14,1,4,0.7195672555410395,1,
48299,1,10,1,4,0.7676429450263514,1,
48303,1,25,1,4,0.9215625557659257,1,
48307,3,6,1,4,0.6597459452312915,1,
48313,2,5,1,4,0.794181531937589,1,
48315,4,7,1,4,0.7095219166783672,1,
48317,1,8,1,4,0.841196113673585,1,
48321,1,12,1,4,0.7999389561576944,1,
48323,4,3,1,4,0.8641568006412321,1,
48329,1,9,1,4,0.8762064812875492,1,
48331,3,13,1,4,0.6784628315140269,1,
48335,2,3,1,4,0.7792373522077904,1,
48337,3,10,1,4,0.6278114487307407,1,
48341,2,6,1,4,0.8310598050651683,1,
48343,4,7,1,4,0.7273525505634806,1,
48347,1,10,1,4,0.9190192934539063,1,
48349,4,17,1,4,0.7943919324270706,1,
48353,3,9,1,4,0.7792725179576168,1,
48361,2,4,1,4,0.8399231816015479,1,
48363,4,12,1,4,0.7622613557182787,1,
48365,3,13,1,4,0.7748995719746868,1,
48367,1,18,1,4,0.8358340135337288,1,
48371,3,6,1,4,0.749018769387205,1,
48373,3,9,1,4,0.667547721312189,1,
48375,4,16,1,4,0.875542542912101,1,
48377,4,4,1,4,0.6097365877511879,1,
48381,1,15,1,4,0.8747857524709206,1,
48387,4,9,1,4,0.6222314127008763,1,
48389,3,4,1,4,0.8007523656251668,1,
48391,3,5,1,4,0.7112381108716145,1,
48395,3,9,1,4,0.7778172682792488,1,
48397,1,9,1,4,0.846597778944791,1,
48399,3,11,1,4,0.701550529177127,1,
48401,3,16,1,4,0.8171104526082668,1,
48405,4,4,1,4,0.6768196116902944,1,
48407,4,8,1,4,0.665166364772245,1,
48409,3,9,1,4,0.8581657898807196,1,
48411,3,7,1,4,0.66645967261002,1,
48415,3,8,1,4,0.7332299360423059,1,
48419,4,7,1,4,0.7435378577142236,1,
48427,4,10,1,4,0.8135202268410482,1,
48429,4,8,1,4,0.7121793889468079,1,
48437,4,5,1,4,0.5062339495641001,1,
48441,1,17,1,4,0.8790161650234868,1,
48445,4,6,1,4,0.5783969634071919,1,
48449,4,6,1,4,0.8198673538368636,1,
48451,1,14,1,4,0.8569151716088041,1,
48455,4,7,1,4,0.7156021973958089,1,
48457,3,10,1,4,0.7512154490466931,1,
48459,3,12,1,4,0.7915926432601266,1,
48463,4,8,1,4,0.7252727138006313,1,
48465,4,5,1,4,0.8233703984840057,1,
48467,3,13,1,4,0.7285821027356036,1,
48469,3,12,1,4,0.8605805435117794,1,
48471,4,9,1,4,0.8457961720375801,1,
48473,2,11,1,4,0.818650289767322,1,
48475,3,6,1,4,0.7854974310990154,1,
48477,2,7,1,4,0.7551120927831958,1,
48481,1,13,1,4,0.8458916022194504,1,
48487,4,6,1,4,0.7230006403314152,1,
48493,2,12,1,4,0.8056164272504448,1,
48495,3,2,1,4,0.7210404212832648,1,
48497,2,17,1,4,0.8245337615955384,1,
48499,3,12,1,4,0.7110421850680708,1,
48501,2,4,1,4,0.7136093305668827,1,
48503,2,6,1,4,0.6827902220911883,1,
48505,4,5,1,4,0.8075185424481003,1,
48507,4,4,1,4,0.6858056292216383,1,
49003,2,20,1,4,0.8712026615647884,1,
49005,3,16,1,4,0.8831615520449104,1,
49011,1,13,1,4,0.8793174794546623,1,
49019,1,2,1,4,0.7803852717277235,1,
49021,4,10,1,4,0.8680052834918005,1,
49037,3,12,1,4,0.7168101379477902,1,
49039,3,15,1,4,0.8337813201883472,1,
49041,3,12,1,4,0.8143564677837691,1,
49043,1,9,1,4,0.806905176624889,1,
49057,1,9,1,4,0.894745328710842,1,
50001,1,20,1,4,0.8437677757003423,1,
50005,2,22,1,4,0.8405544941340805,1,
50007,1,21,1,4,0.9169112229541273,1,
50013,1,5,1,4,0.8441461196777155,1,
50017,2,31,1,4,0.8439887406865286,1,
50019,2,24,1,4,0.8203114074241203,1,
50021,1,29,1,4,0.8465518311371428,1,
50023,1,26,1,4,0.8499629826347459,1,
50025,2,24,1,4,0.8322918683241483,1,
51003,2,24,1,4,0.8566377704275647,1,
51005,3,7,1,4,0.7658509018773267,1,
51007,1,5,1,4,0.7786427530525429,1,
51009,2,9,1,4,0.8124370723761491,1,
51013,1,11,1,4,0.8371345082298541,1,
51015,2,27,1,4,0.8409965109071543,1,
51019,1,18,1,4,0.8396685968513544,1,
51025,3,16,1,4,0.7488903465993045,1,
51027,4,16,1,4,0.7271818162383635,1,
51031,3,14,1,4,0.8603781550859222,1,
51036,2,4,1,4,0.7861620269930847,1,
51037,4,14,1,4,0.64767719381536,1,
51047,1,18,1,4,0.8396336786923132,1,
51051,4,12,1,4,0.7455433673077465,1,
51057,4,8,1,4,0.7407672651371865,1,
51061,1,24,1,4,0.8445686794661909,1,
51063,2,11,1,4,0.8076029080876431,1,
51069,1,12,1,4,0.8526324456233223,1,
51073,1,6,1,4,0.8295615349309947,1,
51075,1,15,1,4,0.8476600524572168,1,
51079,2,5,1,4,0.8346583808668605,1,
51081,4,4,1,4,0.7666606203152075,1,
51083,3,14,1,4,0.7318120174320747,1,
51085,1,12,1,4,0.8473353564407776,1,
51087,2,16,1,4,0.8774149937160659,1,
51093,1,8,1,4,0.8335868099912191,1,
51095,1,4,1,4,0.8514674734668315,1,
51103,2,6,1,4,0.700574192647879,1,
51105,4,11,1,4,0.7467831070234301,1,
51107,1,21,1,4,0.8413512146128176,1,
51111,4,12,1,4,0.714221363372017,1,
51113,2,21,1,4,0.7999355573336476,1,
51117,3,13,1,4,0.7297032511399524,1,
51119,1,12,1,4,0.7708070471876199,1,
51121,3,10,1,4,0.8677261612572377,1,
51127,1,6,1,4,0.8306792058932576,1,
51131,3,11,1,4,0.6707688287161844,1,
51133,2,7,1,4,0.6584988802856211,1,
51135,4,7,1,4,0.7739469028594437,1,
51139,3,6,1,4,0.7812886290267661,1,
51141,3,14,1,4,0.7032381567947961,1,
51143,4,20,1,4,0.7672755245262202,1,
51145,1,5,1,4,0.9396453561773279,1,
51147,1,12,1,4,0.9400909823499808,1,
51149,3,7,1,4,0.853565251336142,1,
51153,1,19,1,4,0.8608605149843971,1,
51159,3,5,1,4,0.6990081838675138,1,
51161,1,14,1,4,0.8524798017559384,1,
51171,2,14,1,4,0.8076670826179747,1,
51175,3,12,1,4,0.7960042420966169,1,
51177,1,13,1,4,0.8573846230486986,1,
51179,1,5,1,4,0.8586460376174363,1,
51185,1,18,1,4,0.80700884860574,1,
51187,1,7,1,4,0.848644032044673,1,
51191,2,10,1,4,0.8152223492560271,1,
51193,2,8,1,4,0.7194932726673975,1,
51199,1,9,1,4,0.8506626952202144,1,
51510,1,8,1,4,0.8549117113738578,1,
51520,4,2,1,4,0.8463570586975072,1,
51550,1,6,1,4,0.8694763952762956,1,
51570,2,1,1,4,0.8606278279055706,1,
51590,4,2,1,4,0.803741994666887,1,
51595,4,1,1,4,0.7675988826327466,1,
51630,3,3,1,4,0.8946757348241493,1,
51650,2,9,1,4,0.8971703830215517,1,
51660,1,3,1,4,0.9401008876629886,1,
51678,3,1,1,4,0.8440091574661381,1,
51680,3,5,1,4,0.8798435311980366,1,
51683,1,1,1,4,0.873478906181785,1,
51690,4,1,1,4,0.7739158425453906,1,
51700,3,8,1,4,0.8880633982898365,1,
51710,1,15,1,4,0.898929542527,1,
51730,3,2,1,4,0.8646576225244176,1,
51740,1,8,1,4,0.8989690439749634,1,
51750,1,2,1,4,0.8311158850419166,1,
51770,3,10,1,4,0.8837294169978078,1,
51800,1,8,1,4,0.8625020229419704,1,
51840,3,1,1,4,0.8865251067040046,1,
53003,3,3,1,4,0.8440790468965272,1,
53005,2,12,1,4,0.8883173213389102,1,
53007,2,14,1,4,0.8484310765128089,1,
53015,3,11,1,4,0.8549593935473729,1,
53017,2,13,1,4,0.8578792852524824,1,
53021,3,7,1,4,0.8918749825566228,1,
53023,3,2,1,4,0.8110682590920757,1,
53025,3,18,1,4,0.8651311509622016,1,
53029,1,8,1,4,0.8471338915945065,1,
53031,2,9,1,4,0.8155036039906285,1,
53035,1,20,1,4,0.864091123386109,1,
53041,2,23,1,4,0.8334187498737384,1,
53045,2,15,1,4,0.8329916510892764,1,
53047,4,22,1,4,0.7093162234830453,1,
53057,1,17,1,4,0.8474031840326791,1,
53059,1,8,1,4,0.8413782008880508,1,
53067,1,14,1,4,0.8767163640421177,1,
53071,2,8,1,4,0.8612204433553619,1,
53073,2,18,1,4,0.8702727285294176,1,
53077,4,22,1,4,0.8719465834161556,1,
54003,2,11,1,4,0.845766444357365,1,
54005,4,31,1,4,0.7180116972819304,1,
54009,2,8,1,4,0.7570609366787734,1,
54011,3,13,1,4,0.8197263808885022,1,
54029,3,5,1,4,0.7237786442885008,1,
54035,3,15,1,4,0.7367265208195051,1,
54037,1,9,1,4,0.8597091859525477,1,
54039,1,46,1,4,0.8141294227086936,1,
54041,4,11,1,4,0.7280462015904575,1,
54049,3,18,1,4,0.7971116486266246,1,
54053,3,19,1,4,0.7431116286821655,1,
54059,4,18,1,4,0.7248490468192487,1,
54061,3,16,1,4,0.8728005935921793,1,
54065,3,4,1,4,0.7153484968210463,1,
54067,3,25,1,4,0.706922712117982,1,
54069,2,6,1,4,0.8024938414186653,1,
54079,2,17,1,4,0.804717491119918,1,
54081,4,42,1,4,0.7868331531980226,1,
54083,4,22,1,4,0.7250429034122949,1,
54097,4,10,1,4,0.7338240782895153,1,
54099,4,17,1,4,0.7365348694567833,1,
54103,4,12,1,4,0.7030958382492309,1,
54107,3,13,1,4,0.7976859006219557,1,
55001,2,14,1,4,0.7598746747953197,1,
55005,2,19,1,4,0.825112528159413,1,
55007,2,15,1,4,0.8131115064531358,1,
55009,1,19,1,4,0.830959867638684,1,
55015,1,14,1,4,0.840963097649577,1,
55017,2,14,1,4,0.8312745595601526,1,
55021,1,20,1,4,0.8156161096502944,1,
55023,2,13,1,4,0.7857787267516781,1,
55027,1,31,1,4,0.8132576025279964,1,
55029,1,13,1,4,0.7885153897734042,1,
55031,2,12,1,4,0.8446658273373839,1,
55039,1,24,1,4,0.830491752301355,1,
55043,3,23,1,4,0.82235735472176,1,
55045,1,12,1,4,0.8115061702553129,1,
55055,1,19,1,4,0.8264274327982423,1,
55057,3,14,1,4,0.7826134889949296,1,
55059,1,17,1,4,0.8307842726872368,1,
55061,1,6,1,4,0.8008552738073973,1,
55063,2,15,1,4,0.8579236573210262,1,
55065,2,14,1,4,0.8139225881923022,1,
55069,1,7,1,4,0.8184726975251827,1,
55071,1,19,1,4,0.8053081271538285,1,
55073,1,28,1,4,0.8418176645341094,1,
55075,3,16,1,4,0.7635853169530659,1,
55077,2,14,1,4,0.7440605755447512,1,
55078,4,4,1,4,0.7314844100712126,1,
55081,2,12,1,4,0.838427148237899,1,
55083,1,19,1,4,0.793851806562745,1,
55085,1,14,1,4,0.8151000162871005,1,
55087,1,24,1,4,0.8445145841561033,1,
55089,1,13,1,4,0.8237318155532358,1,
55095,1,20,1,4,0.8152396798867214,1,
55097,2,21,1,4,0.8485806605987201,1,
55099,2,14,1,4,0.7712775451798582,1,
55103,3,14,1,4,0.7542642882712965,1,
55105,2,19,1,4,0.8370158884788543,1,
55111,1,17,1,4,0.817075772934705,1,
55115,2,25,1,4,0.7978632809965059,1,
55117,1,17,1,4,0.8256874771342138,1,
55119,2,14,1,4,0.795158641294528,1,
55121,1,14,1,4,0.8136353467047218,1,
55123,3,18,1,4,0.7947747836299721,1,
55125,2,12,1,4,0.7797975465013303,1,
55127,1,16,1,4,0.8238806829814814,1,
55131,1,18,1,4,0.8260559471163018,1,
55133,1,30,1,4,0.8311434660462955,1,
55135,1,16,1,4,0.8101999785594131,1,
55137,2,17,1,4,0.7430912495212271,1,
55139,1,18,1,4,0.8293649618469477,1,
55141,2,15,1,4,0.8348413035137712,1,
56001,1,10,1,4,0.823690159880302,1,
56003,2,15,1,4,0.7278179125438401,1,
56007,2,12,1,4,0.7283810601420696,1,
56009,1,4,1,4,0.7438446828305344,1,
56013,2,11,1,4,0.7594687335893253,1,
56017,3,3,1,4,0.6660719269342102,1,
56021,1,12,1,4,0.8147964940240446,1,
56025,1,11,1,4,0.8066079644915037,1,
56029,1,8,1,4,0.7778296855840038,1,
56031,2,5,1,4,0.6203040219872935,1,
56033,1,9,1,4,0.7983866635784469,1,
56035,1,6,1,4,0.7950026299373733,1,
