county_fips,poverty_quartile,n_zctas_in_county,suppression_flag,fold,prob_high_risk,pred_high_risk,true_label
01029,3,7,0,0,0.2587395487958879,0,0
01033,3,9,1,0,0.27629491464352407,0,0
01059,4,10,1,0,0.27175594014414817,0,0
01065,4,9,1,0,0.3462389428609323,0,0
01067,3,9,1,0,0.2930128719142929,0,0
01073,1,62,0,0,0.28610540419809827,0,0
01085,4,8,1,0,0.3469802945805161,0,1
01103,3,16,1,0,0.30054349624600923,0,0
01105,4,9,1,0,0.3476231690191401,0,1
01115,2,18,1,0,0.28343996664520776,0,1
01119,4,11,1,0,0.3457422536568245,0,0
01123,4,12,1,0,0.2918719785596236,0,1
01125,1,27,1,0,0.2541798853994824,0,0
01133,4,11,1,0,0.2900808909738895,0,0
04001,4,33,0,0,0.33293841998054674,0,1
04005,1,28,0,0,0.16221942505791467,0,1
04015,1,25,0,0,0.26175861525459304,0,1
04019,1,48,0,0,0.24346128605656348,0,1
04021,2,34,0,0,0.27441512253195083,0,1
05005,3,12,1,0,0.214276401642207,0,0
05015,3,9,1,0,0.27057978262867016,0,0
05019,1,8,1,0,0.3767390066569682,0,0
05027,4,7,1,0,0.32780825161595356,0,0
05037,4,8,1,0,0.3486123486302288,0,0
05049,1,14,1,0,0.23588304474010663,0,1
05065,1,20,0,0,0.17312023924648576,0,0
05067,4,11,1,0,0.3684762226306375,0,0
05081,4,7,1,0,0.3416286972290773,0,1
05087,3,13,1,0,0.2760096809068713,0,0
05101,3,20,1,0,0.2571324277340293,0,1
05123,4,13,1,0,0.3790000567160993,0,0
05125,1,14,1,0,0.23862072253557176,0,0
05135,4,13,1,0,0.292725576259479,0,0
06001,1,53,0,0,0.19195995946974956,0,0
06005,2,12,1,0,0.22473639007252755,0,1
06017,1,23,1,0,0.1893441398520123,0,0
06019,4,56,0,0,0.34701679156646775,0,0
06025,4,17,0,0,0.3672080770240269,0,1
06029,1,52,0,0,0.35445728270460086,0,1
06037,1,292,0,0,0.1270461792495599,0,0
06055,1,12,1,0,0.193478640451777,0,0
06061,1,34,0,0,0.18602877505535473,0,0
06075,1,29,0,0,0.16581859921700481,0,0
06091,2,10,0,0,0.25123973944248956,0,0
06095,1,21,0,0,0.23403036480020156,0,0
06097,1,37,1,0,0.18039494177401696,0,0
06099,3,28,0,0,0.31127178259194327,0,0
06105,4,14,0,0,0.28169242139365636,0,0
06111,1,33,0,0,0.18945188926247514,0,0
08001,2,35,1,0,0.2171319624444885,0,0
08003,4,5,0,0,0.2295005280739734,0,0
08027,2,4,0,0,0.15011510637960035,0,0
08047,1,4,0,0,0.1476645526105722,0,0
08049,1,10,0,0,0.18937920138397102,0,0
08057,1,2,0,0,0.16631349962834346,0,0
08067,1,6,1,0,0.16768628808583053,0,1
08079,1,3,0,0,0.13618902585460624,0,0
08091,1,3,0,0,0.14145688479533625,0,0
08103,2,4,0,0,0.20700500685741066,0,0
08109,4,8,1,0,0.18722030040540139,0,1
08115,4,5,0,0,0.23391412532579073,0,0
09001,1,46,1,0,0.14258629417622898,0,0
09003,1,58,1,0,0.1833110809840176,0,0
10003,1,28,0,0,0.17803040495235914,0,0
12005,2,16,1,0,0.1888193316337009,0,0
12015,2,17,1,0,0.16593159974464974,0,0
12017,3,15,1,0,0.17866920116304363,0,0
12019,2,12,1,0,0.18309630222678655,0,0
12023,3,8,1,0,0.23819849556849895,0,0
12031,1,36,0,0,0.2008291496150911,0,0
12035,2,7,1,0,0.17256521444217732,0,0
12055,3,9,1,0,0.23109881822548078,0,1
12073,3,10,1,0,0.1856394873661799,0,0
12077,4,2,0,0,0.25243117781258584,0,0
12081,2,21,0,0,0.17271283031021611,0,0
12083,3,31,1,0,0.21487715294268067,0,0
12087,2,11,1,0,0.18026748089002306,0,0
12107,4,17,1,0,0.2450462064095324,0,0
12115,1,28,0,0,0.14477944779726235,0,0
12121,3,9,1,0,0.23945797607957175,0,1
12127,3,29,0,0,0.18970409004882766,0,0
12131,2,12,1,0,0.17496520079285824,0,0
13001,4,7,1,0,0.33919804204114085,0,0
13003,4,5,1,0,0.35925622089957193,0,1
13011,3,11,0,0,0.24186815380424875,0,0
13027,4,10,0,0,0.31070316700829137,0,0
13031,1,11,1,0,0.2454651674425245,0,0
13043,4,4,1,0,0.36638042740244386,0,1
13047,1,8,0,0,0.17729913355104174,0,0
13049,4,4,0,0,0.32910227915464557,0,0
13065,4,7,0,0,0.3742111504209025,0,0
13079,3,7,0,0,0.322277186685503,0,0
13093,4,8,1,0,0.35628267774808664,0,0
13095,4,6,1,0,0.35657594065763054,0,0
13101,3,6,1,0,0.28948801992544126,0,1
13105,4,4,0,0,0.3101983213167415,0,0
13107,4,13,1,0,0.34992737307748856,0,0
13111,3,8,1,0,0.18527524307405735,0,0
13115,4,13,1,0,0.2597933941851159,0,0
13127,3,8,1,0,0.24123499672265036,0,0
13137,3,7,1,0,0.19899993535983543,0,1
13139,2,19,1,0,0.22468649475537772,0,0
13169,4,8,1,0,0.3254485015069867,0,0
13181,4,2,0,0,0.31060502658513794,0,0
13187,3,4,0,0,0.192358831019333,0,0
13189,4,4,1,0,0.34217249693637597,0,0
13197,4,4,1,0,0.293546811578483,0,1
13201,4,5,0,0,0.3329067622314192,0,0
13221,3,10,0,0,0.2555112390507321,0,0
13241,4,9,0,0,0.20361060153696967,0,0
13245,1,11,0,0,0.3414258613023324,0,1
13255,4,7,0,0,0.2758585944922352,0,0
13259,4,6,0,0,0.3413672291336717,0,0
13261,4,8,1,0,0.34161992194264884,0,0
13277,4,9,1,0,0.33826559351341456,0,1
13291,3,4,1,0,0.18490525780406952,0,0
13295,3,14,1,0,0.24005805544161507,0,0
13307,4,6,0,0,0.3043716404949591,0,0
16025,4,2,1,0,0.29464634986670063,0,1
16037,4,7,0,0,0.2062285655181686,0,0
16041,1,7,1,0,0.24002287804859085,0,1
16055,2,13,1,0,0.1808266576716344,0,0
16065,1,8,0,0,0.2970751083024698,0,0
16079,4,15,1,0,0.28058413565332113,0,1
17017,3,7,1,0,0.22794408301436075,0,0
17031,2,176,0,0,0.18845589720414258,0,0
17053,2,21,1,0,0.22903135192679452,0,0
17067,2,19,0,0,0.2132883201901942,0,0
17069,3,5,0,0,0.2557705883174902,0,0
17073,1,23,1,0,0.22079401979179025,0,1
17081,3,17,1,0,0.24951370439627077,0,1
17083,1,11,0,0,0.17873233106354733,0,0
17099,2,28,1,0,0.24108175383502195,0,0
17109,4,17,1,0,0.2306509230445784,0,1
17121,3,15,1,0,0.2608446397517947,0,1
17125,3,11,1,0,0.24771445740185538,0,0
17151,3,10,0,0,0.25432451455923066,0,0
17165,4,11,1,0,0.3059710461433972,0,0
17183,3,27,1,0,0.2608511165442006,0,0
17197,1,45,0,0,0.1891322888802777,0,0
17203,1,16,1,0,0.17355358352552352,0,1
18041,4,8,0,0,0.3522250128885358,0,0
18047,1,15,1,0,0.2447852839093628,0,0
18053,3,15,1,0,0.32384525103694106,0,0
18055,2,16,1,0,0.25662984968673386,0,1
18067,2,10,1,0,0.31308834331297075,0,0
18071,3,8,1,0,0.2890392793915368,0,0
18081,1,12,1,0,0.26028658699788404,0,0
18083,3,11,1,0,0.2948529373926405,0,1
18093,2,12,1,0,0.3078515801929804,0,1
18101,2,7,1,0,0.26165086152132827,0,1
18121,3,12,0,0,0.2968368511536722,0,0
18123,2,14,1,0,0.21786865801572944,0,0
18133,1,15,1,0,0.22881965398126478,0,1
18135,3,14,0,0,0.32205830311387385,0,0
18139,2,16,1,0,0.3276323463487476,0,0
18141,3,24,1,0,0.289918730209794,0,0
18143,3,6,1,0,0.2661659201675349,0,0
18153,3,13,1,0,0.2595698869547704,0,0
18157,3,18,1,0,0.1975671436456293,0,0
18159,2,10,0,0,0.27029573148318786,0,0
18161,2,6,0,0,0.30144528641392154,0,0
18167,1,18,1,0,0.25709905036816566,0,0
19003,2,9,1,0,0.2412666844225303,0,1
19011,1,24,1,0,0.19589946637163425,0,0
19013,3,17,1,0,0.22264191394856975,0,0
19015,3,18,1,0,0.22765464257293277,0,0
19039,3,9,1,0,0.27214017653846057,0,1
19041,2,15,1,0,0.19288648920796478,0,0
19067,3,13,1,0,0.2153961445480129,0,0
19083,2,12,0,0,0.2027080787013276,0,0
19093,1,12,0,0,0.1914542091516118,0,0
19105,2,16,1,0,0.22178076531171542,0,0
19123,2,20,1,0,0.22254598722923927,0,0
19125,1,19,0,0,0.1962199737301531,0,0
19131,1,12,0,0,0.20579958323174422,0,0
19133,2,15,1,0,0.24812192424128618,0,1
19139,2,13,0,0,0.23893321315407434,0,0
19159,2,12,0,0,0.21402436170452888,0,0
19167,1,19,0,0,0.19274810705519618,0,0
19169,3,22,1,0,0.19171018937624085,0,0
19173,2,11,0,0,0.2379101764210675,0,0
19179,3,12,1,0,0.2644948976860107,0,1
19185,3,12,0,0,0.29098352735843835,0,0
19191,1,12,0,0,0.1468358654273702,0,0
20003,3,10,0,0,0.29504772667223766,0,0
20011,4,13,1,0,0.30986077597710127,0,0
20015,2,20,1,0,0.2831699274588316,0,1
20025,2,6,0,0,0.23366096746268333,0,0
20029,3,8,1,0,0.22751863693684252,0,1
20031,2,10,0,0,0.27156165544446786,0,0
20033,1,3,0,0,0.21346504301111144,0,0
20039,2,8,1,0,0.23353553598998741,0,1
20045,1,12,1,0,0.1950177445148863,0,0
20061,3,8,1,0,0.2935496544570116,0,1
20069,1,7,0,0,0.2590685393023587,0,0
20071,1,2,0,0,0.2626798114023931,0,0
20081,3,3,0,0,0.33389104683470316,0,0
20085,2,18,1,0,0.26118658573162523,0,1
20097,2,7,1,0,0.207529853725875,0,1
20105,2,10,0,0,0.2237373395301589,0,0
20125,3,13,1,0,0.35116579327651815,0,1
20137,1,7,0,0,0.21779125937412416,0,0
20157,2,15,0,0,0.200516703312946,0,0
20161,3,14,1,0,0.32891782356158666,0,0
20165,2,10,0,0,0.20602247698458656,0,0
20169,2,9,1,0,0.2148263256047484,0,1
20171,1,4,0,0,0.26612068942426703,0,0
20185,3,9,0,0,0.2417458986784484,0,0
21001,4,10,1,0,0.309360980291079,0,0
21019,3,4,1,0,0.27391743447027,0,1
21023,3,7,1,0,0.267698182000188,0,1
21029,1,11,1,0,0.23520944645423172,0,0
21033,3,6,1,0,0.3081065633833505,0,1
21035,4,10,0,0,0.28217947350047473,0,0
21039,4,4,0,0,0.35910176224060963,0,0
21043,4,10,0,0,0.3033889423093278,0,0
21053,4,4,0,0,0.33380275949782434,0,0
21065,4,5,0,0,0.31927149111279346,0,0
21079,3,5,1,0,0.29071792740898444,0,0
21083,4,18,1,0,0.3543253803051856,0,1
21089,3,11,0,0,0.28613190323443016,0,0
21091,2,5,0,0,0.2596457103287805,0,0
21093,2,17,1,0,0.2749063428420649,0,0
21095,4,27,0,0,0.3181238792642689,0,0
21103,3,13,1,0,0.28063385820713405,0,0
21121,4,19,1,0,0.3085704167328369,0,1
21137,4,11,1,0,0.3161028786188344,0,0
21139,3,7,0,0,0.3227720384439637,0,0
21149,2,7,1,0,0.29738775073403323,0,1
21153,4,4,1,0,0.32523483712841234,0,1
21165,4,5,0,0,0.30084979379645166,0,0
21175,4,8,1,0,0.30376572090692744,0,0
21189,4,6,0,0,0.3190394181773242,0,0
21193,1,21,0,0,0.17064082545539802,0,0
21199,4,11,1,0,0.2975380031962318,0,0
21207,4,7,1,0,0.3081826471819676,0,0
21213,2,5,0,0,0.3185050813176801,0,0
21215,1,8,0,0,0.22088226099663757,0,0
21239,2,3,1,0,0.22386486961262636,0,0
22025,4,9,0,0,0.3488838218372735,0,0
22027,4,11,1,0,0.38063507491130966,0,0
22033,1,24,0,0,0.26264760046477487,0,0
22051,3,17,0,0,0.26387694529355465,0,0
22059,4,8,0,0,0.31971767210280255,0,0
22061,1,8,0,0,0.3001747365271265,0,1
22063,2,17,1,0,0.23760983963102342,0,0
22067,4,7,0,0,0.37482731097245303,0,0
22073,1,14,0,0,0.28191528271956956,0,1
22081,3,5,0,0,0.2863030239821868,0,0
22087,4,6,1,0,0.32062818480838684,0,1
22091,3,7,0,0,0.31507133191248277,0,0
22095,3,6,1,0,0.32531076458927455,0,1
22099,4,8,1,0,0.3082555478304199,0,1
22105,1,20,1,0,0.27206148321712237,0,0
22117,4,6,1,0,0.33606453141244136,0,0
22127,4,12,1,0,0.3337995887879326,0,0
23007,1,18,1,0,0.11948238697704788,0,1
23013,1,19,1,0,0.14491385073194518,0,1
23027,2,18,1,0,0.16620361460334382,0,1
24013,1,15,1,0,0.13567493042484563,0,0
24023,2,12,0,0,0.23348222647457953,0,0
25001,1,47,1,0,0.13099484831871153,0,0
25009,1,45,0,0,0.15319248625266246,0,0
25013,2,41,1,0,0.22404966767318443,0,0
25015,1,28,1,0,0.1376580333715509,0,0
25027,1,87,1,0,0.15650274876456993,0,0
26011,3,10,1,0,0.2592741185306589,0,0
26027,2,14,1,0,0.2750981212373933,0,1
26033,3,17,0,0,0.25624773131668716,0,0
26045,1,19,1,0,0.22451041108854672,0,0
26053,4,7,0,0,0.1899979632508366,0,0
26059,3,18,1,0,0.25776558453861037,0,0
26081,2,39,1,0,0.20542206583553888,0,0
26093,1,20,1,0,0.15671160962844435,0,0
26119,3,5,0,0,0.21329106817682655,0,0
26121,3,20,1,0,0.2729898657172549,0,0
26165,3,13,0,0,0.21464636736750428,0,0
27003,1,20,1,0,0.15394774247840687,0,0
27025,1,15,1,0,0.15680236263176323,0,1
27031,2,6,0,0,0.14007048767093064,0,0
27043,2,14,0,0,0.21207343621508593,0,0
27045,1,16,0,0,0.16281401335360274,0,0
27047,2,18,1,0,0.2041576175163963,0,1
27053,1,72,0,0,0.15414063176812137,0,0
27107,2,14,0,0,0.22224311148151066,0,0
27125,2,9,0,0,0.23050299966818624,0,0
27127,2,22,1,0,0.18385486091724923,0,0
27137,1,51,0,0,0.179804707274016,0,0
27149,2,8,0,0,0.15855846868159984,0,0
27169,2,14,1,0,0.1856407798581827,0,1
28013,4,11,1,0,0.24947301901633098,0,0
28021,4,5,0,0,0.284801868267602,0,0
28033,1,10,1,0,0.2363512199029902,0,0
28045,3,10,1,0,0.2616595685963107,0,1
28047,1,13,0,0,0.2312854952542144,0,1
28063,4,7,0,0,0.29462053827111684,0,0
28067,4,13,0,0,0.24898007422849286,0,1
28081,3,15,1,0,0.2121380640112523,0,0
28097,4,7,1,0,0.29312492156829045,0,1
28107,4,11,1,0,0.29763247114786245,0,1
28109,3,5,1,0,0.227366989971842,0,1
28115,4,11,1,0,0.23891625461253085,0,0
28131,4,6,1,0,0.25368781157358694,0,0
28143,4,5,0,0,0.3863612318317341,0,0
28151,4,8,0,0,0.3736338187709164,0,1
28159,4,10,1,0,0.2844463341170907,0,0
29019,1,13,1,0,0.1543372310792521,0,0
29033,3,10,1,0,0.29265121815908374,0,1
29073,2,11,0,0,0.220853178427696,0,0
29079,3,7,1,0,0.2927911275537602,0,1
29119,1,14,1,0,0.22145074857842698,0,0
29123,3,7,1,0,0.261881116067985,0,1
29133,4,6,1,0,0.4140838079255393,0,0
29151,1,15,0,0,0.18154784213427633,0,0
29167,3,18,0,0,0.3796881322519641,0,0
29179,3,11,0,0,0.2791477872491689,0,0
29181,4,9,1,0,0.3435066399069313,0,0
29187,3,15,1,0,0.2871799804386457,0,1
29189,1,46,0,0,0.213580220937146,0,0
29197,3,6,1,0,0.33035700378104565,0,1
29205,3,9,0,0,0.27156245905664483,0,0
29207,1,13,1,0,0.30975290995922194,0,1
29223,4,14,1,0,0.30177762579547307,0,0
30015,2,13,1,0,0.23269452028825555,0,1
30021,1,8,1,0,0.20689003440439724,0,1
30025,1,4,0,0,0.17982755440123865,0,0
30031,2,10,0,0,0.16098605210347375,0,0
30045,2,12,0,0,0.15192028292545065,0,0
30047,3,15,1,0,0.24032442083813121,0,0
30079,3,7,0,0,0.23255474138862609,0,0
30089,4,11,0,0,0.26256782517336175,0,0
30093,3,7,0,0,0.20672698252439556,0,0
30101,2,8,0,0,0.23731311574440356,0,0
31015,2,5,0,0,0.1809468191878693,0,0
31029,2,7,1,0,0.17544337234512436,0,1
31039,2,11,0,0,0.19980661054573526,0,0
31041,1,21,1,0,0.129441167407562,0,1
31057,4,7,0,0,0.26499756781359507,0,0
31073,2,9,0,0,0.20802781479257632,0,0
31079,2,11,1,0,0.20044411480033794,0,1
31105,3,5,0,0,0.2726728475223657,0,0
31117,2,5,0,0,0.20274639724516413,0,0
31121,3,9,0,0,0.21444288028686162,0,0
31125,2,8,0,0,0.19745617244383296,0,0
31139,1,9,0,0,0.1665454276517081,0,0
31141,1,11,1,0,0.16434548574913843,0,1
31143,1,10,0,0,0.17536221847739408,0,0
31153,1,13,1,0,0.17805625571343087,0,0
31165,3,8,0,0,0.299206718674514,0,0
31167,2,10,0,0,0.18075777559263456,0,0
31171,1,4,0,0,0.18772638280412993,0,0
32003,1,73,0,0,0.2877415584974899,0,1
32019,3,9,1,0,0.37735949986707024,0,0
32021,3,5,1,0,0.3420192030287254,0,1
33003,1,30,0,0,0.14641336127825946,0,0
34001,1,30,0,0,0.19574728719939233,0,0
34015,1,30,1,0,0.1544912468826109,0,0
34021,1,25,1,0,0.15628962627601772,0,0
34025,1,52,0,0,0.1322795020958807,0,0
34027,1,56,1,0,0.11722047374289653,0,0
34031,2,33,1,0,0.19904489091199498,0,0
34037,1,21,1,0,0.12863956069010238,0,0
34039,1,27,0,0,0.18525787505897426,0,0
34041,1,19,1,0,0.1587656460518231,0,0
35013,1,26,0,0,0.2854167261581097,0,0
35019,2,5,1,0,0.25575812841312057,0,1
35025,3,7,1,0,0.31992945485757746,0,0
35027,3,14,0,0,0.20941767943556544,0,0
35031,4,24,0,0,0.42761125105510167,0,1
35061,4,8,1,0,0.3105468753911189,0,1
36001,2,46,1,0,0.16556082026363741,0,0
36015,2,22,1,0,0.19942913672408416,0,0
36019,2,25,0,0,0.2083779932650231,0,0
36025,3,47,0,0,0.16379914314784202,0,0
36027,1,35,1,0,0.1465261075943445,0,0
36039,2,42,1,0,0.17636105297756602,0,1
36045,3,39,1,0,0.19811197606525038,0,0
36057,3,20,1,0,0.2039581459670721,0,1
36075,3,27,1,0,0.23247263233841683,0,0
36087,2,25,0,0,0.14729317044438633,0,0
36095,2,24,0,0,0.18007945500264633,0,0
36097,2,18,0,0,0.18038957541965392,0,0
36099,2,14,1,0,0.23074944017381327,0,1
36111,2,63,1,0,0.1530198658623672,0,0
36115,2,27,1,0,0.16742120104133157,0,0
37017,4,18,1,0,0.2988992231475954,0,0
37023,4,16,1,0,0.21184253673220851,0,0
37051,1,24,1,0,0.2442572731280442,0,0
37059,2,6,1,0,0.17833307835233667,0,1
37067,1,22,1,0,0.1916769931236903,0,0
37079,4,11,1,0,0.2973930159565249,0,0
37083,4,9,1,0,0.29888873757985945,0,0
37097,2,16,0,0,0.18952282939270568,0,1
37099,4,11,0,0,0.18846316937259666,0,0
37101,2,21,1,0,0.2241355969761766,0,0
37123,3,8,0,0,0.21555807729559573,0,0
37125,2,18,1,0,0.16529372923058588,0,0
37131,4,12,1,0,0.3242959075264859,0,0
37147,4,17,1,0,0.23007307627103027,0,0
37169,2,16,1,0,0.2040363876843824,0,1
37173,4,5,0,0,0.29205269663474576,0,0
37187,4,4,1,0,0.3004109280145874,0,1
38015,1,12,1,0,0.15477021729262225,0,0
38025,1,12,0,0,0.19605548041109605,0,0
38041,2,5,0,0,0.25288785317058377,0,0
38059,1,8,0,0,0.21360763320988174,0,0
38067,1,13,1,0,0.17622692289751996,0,1
38073,1,11,1,0,0.1791540447703007,0,1
38075,1,9,0,0,0.18266837422484572,0,0
38081,1,12,0,0,0.1644503914685347,0,0
38083,2,9,0,0,0.2358338430470842,0,0
38105,1,10,0,0,0.16827580201053588,0,0
39001,4,11,1,0,0.3214982408084582,0,0
39005,2,19,0,0,0.24471375325314473,0,0
39007,4,19,1,0,0.3147616932802722,0,1
39027,3,13,0,0,0.30913403469034967,0,0
39029,3,24,0,0,0.31476575244087485,0,0
39033,3,15,0,0,0.2866005060109265,0,0
39051,1,12,0,0,0.29264669512784836,0,0
39053,3,12,0,0,0.28607041576545145,0,0
39067,3,16,0,0,0.28925542671315724,0,0
39087,3,14,1,0,0.30784589816675273,0,0
39093,2,24,1,0,0.2585498424270555,0,0
39121,2,15,1,0,0.23729245434816967,0,0
39129,2,17,1,0,0.26622453062420065,0,1
39135,1,16,1,0,0.31150398154902814,0,0
39143,2,17,1,0,0.2985841581628459,0,0
39149,2,18,0,0,0.28142881700923195,0,0
39167,3,20,1,0,0.28214745953904996,0,0
39175,2,13,0,0,0.2278849633871669,0,0
40003,1,13,1,0,0.25372274526091393,0,1
40009,3,6,1,0,0.31581031282138516,0,0
40021,4,16,1,0,0.3728540786691693,0,1
40041,4,13,1,0,0.3539023749374254,0,1
40073,2,12,1,0,0.33597053051115094,0,0
40089,4,15,1,0,0.4068537664068043,0,1
40109,3,55,0,0,0.32223334096508816,0,1
40115,4,9,1,0,0.37783745326292023,0,1
40125,3,16,0,0,0.3417493478133256,0,1
40127,4,16,1,0,0.3568098338684525,0,1
40137,3,10,1,0,0.3678478790478626,0,1
40153,2,11,1,0,0.29175705088620135,0,0
41003,1,10,1,0,0.1878237044516349,0,1
41011,3,10,1,0,0.2726802182989004,0,0
41013,2,6,1,0,0.24008254415045477,0,0
41015,2,7,1,0,0.20726814528258103,0,0
41017,1,7,1,0,0.189678928133443,0,0
41023,3,11,1,0,0.27959159071993356,0,1
41027,2,3,1,0,0.2103073985597884,0,0
41031,3,8,1,0,0.2853695413887566,0,0
41033,4,11,1,0,0.2736080755600937,0,0
41045,4,13,0,0,0.34379906566795604,0,0
41047,3,26,1,0,0.2922706091305018,0,0
41055,2,5,0,0,0.2802199693049321,0,0
41061,3,8,1,0,0.25645783596626076,0,0
41063,2,5,0,0,0.22082618511094948,0,0
42013,3,19,1,0,0.19908563198249896,0,0
42015,2,27,1,0,0.2230044585452621,0,0
42023,3,4,0,0,0.20437727983816364,0,0
42035,3,15,0,0,0.18857465855494304,0,0
42063,3,49,0,0,0.21171000452551872,0,0
42065,3,30,1,0,0.21730161602595754,0,0
42069,2,28,1,0,0.16537547405356848,0,0
42085,2,28,1,0,0.21763004496636223,0,0
42099,2,16,1,0,0.2144660548493281,0,1
42111,2,40,1,0,0.20766577307700324,0,0
42121,3,23,0,0,0.18518992797301678,0,0
44009,1,20,1,0,0.11925425018578309,0,0
45003,3,23,0,0,0.3012140023613899,0,1
45005,4,6,1,0,0.39101128606993707,0,1
45009,4,8,1,0,0.37071054910786155,0,0
45011,4,7,1,0,0.38568330954017516,0,0
45013,1,16,1,0,0.18795270446232398,0,0
45019,1,30,0,0,0.2243058001721418,0,0
45037,3,10,1,0,0.26172214427667023,0,0
45067,4,7,1,0,0.33047856896461214,0,1
45069,4,8,1,0,0.3417238371385775,0,0
45075,1,24,0,0,0.3568180243037653,0,1
45081,4,12,1,0,0.3530105722690673,0,0
45083,2,34,0,0,0.2268222035815684,0,0
45091,1,15,1,0,0.20210197640636368,0,0
46023,4,10,0,0,0.24777390287463452,0,0
46029,2,10,1,0,0.16568565178170933,0,0
46037,2,11,1,0,0.22769704021317624,0,1
46041,3,9,0,0,0.28182136674021413,0,0
46043,1,8,0,0,0.03718288147161241,0,0
46049,2,10,0,0,0.16756263963190757,0,0
46073,1,4,0,0,0.15925092962035586,0,0
46079,2,14,0,0,0.14735967991589233,0,0
46087,2,12,0,0,0.16079234294076958,0,0
46089,2,8,0,0,0.2148050914037673,0,0
46121,4,9,1,0,0.3885552526292638,0,1
46125,1,15,0,0,0.16833769186327788,0,0
46127,1,9,0,0,0.21633230548754578,0,0
47009,2,13,1,0,0.22321982483632066,0,0
47019,4,8,1,0,0.3048722834479197,0,0
47039,4,9,0,0,0.2757659189301938,0,0
47093,2,30,0,0,0.22725817931662476,0,0
47103,3,12,0,0,0.2880214472525023,0,0
47107,4,12,1,0,0.27254584008773614,0,0
47119,1,10,1,0,0.21960009924825394,0,1
47127,3,10,0,0,0.2731043875185093,0,0
47153,2,8,0,0,0.1966010734344413,0,0
47159,3,15,1,0,0.29418750516017284,0,0
47163,3,12,1,0,0.2836950150179713,0,0
47187,1,16,1,0,0.1515819888321494,0,0
47189,1,12,1,0,0.22309903570279607,0,0
48029,2,77,0,0,0.31783164936315145,0,0
48057,3,6,1,0,0.3568893056036694,0,0
48061,4,17,0,0,0.4243735244984557,0,0
48097,2,14,1,0,0.29203103620264026,0,1
48113,3,93,0,0,0.29527546395254967,0,1
48137,4,4,0,0,0.34671823006648533,0,0
48143,1,13,1,0,0.26412970175388395,0,1
48175,3,6,0,0,0.32838917161007947,0,0
48199,2,12,1,0,0.25378519842581193,0,0
48205,1,4,0,0,0.2582733162576177,0,0
48207,4,11,1,0,0.34468080727449724,0,1
48215,4,28,0,0,0.4292551359653632,0,0
48219,4,10,1,0,0.3218884976034121,0,0
48235,2,4,0,0,0.2316270353069858,0,0
48237,3,11,0,0,0.32151825139084533,0,0
48241,4,9,1,0,0.3106749186424599,0,1
48243,2,2,0,0,0.24960157779135686,0,0
48259,1,8,1,0,0.20117448548558037,0,1
48261,4,2,1,0,0.47265202658592953,0,1
48269,4,2,1,0,0.3355626028886645,0,1
48273,4,4,1,0,0.34887230709613787,0,0
48275,4,6,1,0,0.30882888783948637,0,1
48303,1,25,1,0,0.28488112412426264,0,0
48309,1,29,0,0,0.30678942298020645,0,0
48319,2,6,0,0,0.2655343138828914,0,0
48341,2,6,1,0,0.3075002218435146,0,0
48351,3,11,0,0,0.31074620089924865,0,0
48365,3,13,1,0,0.3357144120115378,0,0
48377,4,4,1,0,0.3825719049839644,0,1
48387,4,9,1,0,0.33815788607358793,0,1
48389,3,4,1,0,0.19423921141693445,0,0
48399,3,11,1,0,0.28933988072528805,0,1
48411,3,7,1,0,0.3203927200969701,0,1
48421,3,4,0,0,0.3013506006231446,0,0
48423,3,22,0,0,0.24697342178921863,0,1
48427,4,10,1,0,0.4675019016183872,0,1
48429,4,8,1,0,0.29317068390976386,0,1
48435,1,2,0,0,0.1619487470112156,0,0
48441,1,17,1,0,0.24673591787864982,0,0
48453,1,63,0,0,0.21751195296895892,0,0
48465,4,5,1,0,0.3870083473448917,0,1
48467,3,13,1,0,0.297551027785068,0,0
48469,3,12,1,0,0.3591736345826241,0,0
48489,4,6,0,0,0.4575059005957168,0,0
49005,3,16,1,0,0.23070579079204423,0,0
49009,1,2,0,0,0.17613483713004857,0,0
49033,2,4,0,0,0.2412937202826515,0,0
49035,1,36,0,0,0.24909687811874667,0,0
49043,1,9,1,0,0.17396824599213306,0,1
49049,2,24,0,0,0.20509401276253186,0,0
50005,2,22,1,0,0.14248013641565557,0,1
50015,2,11,0,0,0.12974009774216616,0,0
50019,2,24,1,0,0.14380844642445723,0,0
50025,2,24,1,0,0.12895459298573878,0,1
51005,3,7,1,0,0.24611962704352527,0,0
51009,2,9,1,0,0.22714072384392947,0,1
51011,3,8,0,0,0.256058345647295,0,0
51037,4,14,1,0,0.27967689435574195,0,1
51043,1,7,0,0,0.17036983536876843,0,0
51053,3,12,0,0,0.3180511169705282,0,0
51065,1,10,0,0,0.17331632155025464,0,0
51073,1,6,1,0,0.18687526146635752,0,1
51077,4,9,0,0,0.2560662590922865,0,0
51079,2,5,1,0,0.18060817021740966,0,0
51095,1,4,1,0,0.14065595021272204,0,0
51107,1,21,1,0,0.12120724124959267,0,0
51109,2,12,0,0,0.21797728278285497,0,0
51163,3,12,0,0,0.2050661603129834,0,0
51191,2,10,1,0,0.22257138853332487,0,0
51650,2,9,1,0,0.28163227167382454,0,0
51670,4,1,0,0,0.3239791767887416,0,0
51678,3,1,1,0,0.1753089295989708,0,1
51770,3,10,1,0,0.2765068980092515,0,0
51790,1,2,0,0,0.1845338655172125,0,0
51820,3,1,0,0,0.243950345754874,0,0
53011,1,20,0,0,0.19660835984573896,0,0
53027,1,21,0,0,0.2308785745305034,0,0
53029,1,8,1,0,0.1740081067078072,0,1
53031,2,9,1,0,0.18953074465872183,0,0
53043,2,14,0,0,0.24477271431472242,0,0
53055,1,9,0,0,0.15351953818386238,0,0
53069,1,6,0,0,0.2147927644409429,0,0
53073,2,18,1,0,0.1850631111081915,0,0
54013,4,16,0,0,0.31708130535630324,0,0
54023,3,12,0,0,0.29224660606264913,0,0
54031,3,10,0,0,0.331251492187455,0,0
54033,3,21,0,0,0.25448528851367525,0,0
54039,1,46,1,0,0.28087614764465746,0,0
54045,4,33,0,0,0.3169749923917537,0,0
54051,3,10,0,0,0.2744283242090253,0,0
54089,4,15,0,0,0.3019798372769351,0,0
54097,4,10,1,0,0.29210612114970735,0,0
54101,4,11,0,0,0.3221019706207374,0,0
55001,2,14,1,0,0.19014457178472072,0,0
55031,2,12,1,0,0.1460619610665947,0,1
55045,1,12,1,0,0.15265141427355,0,1
55055,1,19,1,0,0.1689026163984903,0,0
55059,1,17,1,0,0.1709746599943947,0,0
55067,2,15,0,0,0.19776622306027256,0,0
55071,1,19,1,0,0.16307579948667647,0,0
55083,1,19,1,0,0.1771948736815397,0,1
55093,1,13,0,0,0.14288381600417185,0,0
55097,2,21,1,0,0.13584189430262625,0,0
55099,2,14,1,0,0.1491501676742958,0,0
55115,2,25,1,0,0.17458057939173371,0,1
55141,2,15,1,0,0.13668901863062444,0,1
56001,1,10,1,0,0.23688783586687975,0,0
56009,1,4,1,0,0.22236120623460623,0,0
56013,2,11,1,0,0.2548380142962356,0,1
56017,3,3,1,0,0.239138598882893,0,1
56019,2,4,0,0,0.19241145735402487,0,0
56023,1,15,0,0,0.19465640988933855,0,0
56035,1,6,1,0,0.18098944509077433,0,1
56045,2,4,0,0,0.23356280881400604,0,0
01003,2,23,1,1,0.2137816430718308,0,0
01023,4,10,0,1,0.31676787643928345,0,0
01037,3,11,1,1,0.288094707760195,0,1
01049,4,24,0,1,0.3148827502681157,0,0
01053,4,9,1,1,0.3274354953942465,0,1
01087,4,13,1,1,0.2641662595672245,0,0
01089,1,25,1,1,0.22899901914641552,0,0
01109,1,9,1,1,0.2695147370846079,0,1
01117,1,22,0,1,0.17997003471172188,0,0
01127,3,18,1,1,0.29021726792435426,0,0
01131,4,13,1,1,0.341061193585206,0,1
04027,4,10,0,1,0.32660723883370124,0,1
05001,4,13,1,1,0.3207935262191366,0,0
05021,4,13,1,1,0.3432914110303633,0,0
05029,4,15,1,1,0.3325643338138698,0,0
05045,1,15,1,1,0.25515997849775623,0,0
05047,4,13,1,1,0.32500509561177965,0,0
05051,3,10,1,1,0.24568049314869295,0,0
05053,2,14,1,1,0.25754670589397477,0,0
05057,4,10,1,1,0.36259811774145273,0,0
05059,4,12,1,1,0.27143898502568636,0,1
05061,4,8,1,1,0.34226337093962234,0,0
05085,2,11,1,1,0.2683629946958595,0,0
05103,4,8,1,1,0.3339173389339097,0,0
05109,4,10,0,1,0.2847478259930576,0,0
05115,4,13,1,1,0.28036709479195193,0,1
05119,1,31,0,1,0.2569489820035413,0,0
05147,4,9,1,1,0.37378351395325027,0,1
06011,3,9,1,1,0.3147468064724565,0,0
06015,4,4,1,1,0.2466510853777956,0,0
06027,2,11,1,1,0.27916269222809503,0,0
06035,2,17,1,1,0.2729506120006937,0,1
06043,3,13,1,1,0.2832432019544719,0,0
06045,3,29,1,1,0.22854145324291378,0,1
06059,1,91,0,1,0.17890670479594017,0,0
06071,3,93,0,1,0.3232563471059391,0,0
06077,1,36,0,1,0.29700709714684026,0,0
06079,2,26,1,1,0.19392431716574432,0,0
06089,3,30,0,1,0.277745068489128,0,1
06103,4,15,1,1,0.35017810320968096,0,0
06109,1,16,1,1,0.19860232720095594,0,1
06115,3,17,1,1,0.32367977624377686,0,1
08005,1,33,1,1,0.1813566915990426,0,0
08014,1,6,1,1,0.16080685268500017,0,1
08019,1,6,0,1,0.14443792885925175,0,0
08023,4,7,0,1,0.2696921281569902,0,0
08029,4,8,0,1,0.20360661111607775,0,0
08055,2,4,1,1,0.24247728626920384,0,1
08059,1,33,1,1,0.1564469226654276,0,0
08069,1,24,1,1,0.1986402553582929,0,0
08075,3,9,0,1,0.24882696369077206,0,0
08083,3,7,0,1,0.23964316614293185,0,0
08093,1,12,0,1,0.08764494964636722,0,0
08121,2,12,1,1,0.23971082610279693,0,1
08123,1,41,1,1,0.2310253218159234,0,0
08125,3,13,0,1,0.23886569369712932,0,0
09005,1,40,1,1,0.11999931254675074,0,0
09011,1,31,1,1,0.1610570311012833,0,0
09013,1,17,0,1,0.13571073467385703,0,0
12033,1,18,1,1,0.16682750212928124,0,0
12043,4,5,1,1,0.25898196851477767,0,1
12049,4,4,1,1,0.29230919946477546,0,0
12061,2,9,1,1,0.15573821182030195,0,0
12067,4,2,0,1,0.21902196080454397,0,0
12085,1,12,1,1,0.14060458030817405,0,0
12091,2,14,1,1,0.1439096769286561,0,0
12093,4,2,0,1,0.2686089803484598,0,0
12097,3,17,1,1,0.20027367948268224,0,0
12101,2,31,1,1,0.17709417601155203,0,0
12109,1,12,1,1,0.11947157881401382,0,0
12129,2,4,1,1,0.18652661728789754,0,0
12133,4,10,1,1,0.2599213789376754,0,0
13025,4,6,1,1,0.298640613176696,0,0
13091,4,8,0,1,0.3145198141395712,0,0
13103,1,8,1,1,0.21071381538118322,0,1
13125,4,5,0,1,0.30947485924512796,0,0
13135,2,26,0,1,0.1439323540627775,0,0
13145,1,12,0,1,0.15992706775600926,0,0
13151,2,11,1,1,0.21036882454823994,0,0
13157,2,16,1,1,0.1909146839588678,0,0
13161,4,4,0,1,0.3669201634716137,0,0
13171,3,9,0,1,0.2719972508120405,0,0
13173,4,5,0,1,0.32895180427296655,0,0
13175,4,15,1,1,0.3390546349049581,0,1
13191,3,4,1,1,0.2831735009479689,0,0
13195,3,11,1,1,0.24057249505043496,0,0
13205,4,7,0,1,0.39221114768663484,0,0
13207,2,9,0,1,0.23878605845355272,0,0
13209,4,7,0,1,0.32743140678806987,0,0
13213,3,6,0,1,0.2315059798506003,0,0
13217,3,11,1,1,0.2777734712910969,0,0
13219,1,8,1,1,0.15601991570872026,0,1
13235,4,5,1,1,0.3518963358550457,0,1
13239,4,2,0,1,0.33186468271568415,0,0
13243,4,8,0,1,0.3854910485465847,0,0
13251,4,6,0,1,0.33897605637666545,0,0
13265,4,4,0,1,0.3494209103957558,0,0
13281,3,3,1,1,0.15959246701166954,0,1
13287,4,4,1,1,0.37225112030221835,0,1
13297,2,11,1,1,0.21455533249852884,0,1
13315,4,8,1,1,0.3483593445899775,0,1
13317,4,5,1,1,0.34069230213002244,0,1
16015,1,8,0,1,0.16655944206732007,0,0
16017,2,18,1,1,0.20672021197143634,0,0
16019,2,14,1,1,0.2092396416246532,0,0
16035,3,7,1,1,0.21012054374762087,0,1
16049,3,16,0,1,0.20712203017969336,0,0
16051,1,10,0,1,0.21604705240094774,0,0
16067,3,5,0,1,0.31750808211833387,0,0
16069,2,10,1,1,0.22582162271573028,0,1
16071,2,4,0,1,0.25215247265919183,0,0
16085,1,4,0,1,0.19040846229321085,0,0
16087,4,5,1,1,0.3244221171674529,0,1
17023,2,11,0,1,0.20810735403933134,0,0
17027,1,17,1,1,0.19148336105186375,0,0
17033,2,10,1,1,0.22150866755498208,0,0
17045,2,15,1,1,0.2107037681019853,0,0
17049,2,15,1,1,0.1945718039930991,0,1
17057,3,24,1,1,0.24993196882847352,0,1
17061,2,13,0,1,0.22495598637001507,0,0
17065,2,13,0,1,0.23594178386853618,0,0
17077,4,22,0,1,0.24795384208107418,0,0
17089,1,33,0,1,0.18268389312132605,0,0
17091,2,21,1,1,0.2582779475593956,0,0
17095,3,22,1,1,0.29894568638440355,0,1
17107,1,20,1,1,0.20407159927114565,0,0
17113,2,33,1,1,0.1968776935074288,0,0
17115,3,27,1,1,0.2575513345344116,0,0
17169,3,12,0,1,0.19845163748692757,0,0
17179,1,21,1,1,0.20042050592176977,0,0
17187,3,14,1,1,0.27649368603293606,0,0
17199,3,22,1,1,0.21473987393240307,0,0
18003,2,33,1,1,0.24366965862917894,0,0
18009,3,7,1,1,0.3509567875457111,0,1
18015,2,17,0,1,0.28868397483483715,0,0
18035,4,21,1,1,0.31786282753858813,0,0
18043,2,10,1,1,0.2185628664205082,0,1
18051,2,16,1,1,0.25001675929353495,0,1
18059,1,15,1,1,0.2141222582214079,0,1
18073,1,13,1,1,0.24222326547404077,0,1
18075,3,9,0,1,0.3475424535135126,0,0
18077,2,11,0,1,0.2599872596106606,0,0
18089,2,28,0,1,0.2598251783997294,0,0
18091,3,15,1,1,0.28686794854468195,0,0
18099,3,13,0,1,0.3099124783524312,0,0
18103,3,13,0,1,0.3058546489030016,0,0
18107,2,16,1,1,0.24205115939027685,0,0
18109,1,14,1,1,0.277798822152065,0,0
18111,2,12,0,1,0.265850287816837,0,0
18115,2,5,0,1,0.24629117971711864,0,0
18117,3,11,1,1,0.28039818900078894,0,0
18145,2,17,1,1,0.32031943621550907,0,1
18175,2,12,1,1,0.2731990514734144,0,0
18179,2,16,0,1,0.2603658991932984,0,0
18181,2,18,0,1,0.26317673925360646,0,0
18183,1,10,0,1,0.21425100069109967,0,0
19001,2,14,0,1,0.2160234516598275,0,0
19007,3,11,1,1,0.24816144925797082,0,1
19009,2,11,1,1,0.2263743555438902,0,1
19021,2,13,1,1,0.19326194661207335,0,0
19033,2,17,0,1,0.17496626464583417,0,0
19037,1,9,1,1,0.2035385178758234,0,1
19043,2,24,0,1,0.2052438519874627,0,0
19051,2,10,0,1,0.20893105242838478,0,0
19061,2,19,1,1,0.15069684338798045,0,0
19069,2,17,0,1,0.20057569689633123,0,0
19071,2,11,1,1,0.2353244444577668,0,1
19077,1,18,1,1,0.1949851461701181,0,1
19079,1,15,1,1,0.20867416067139202,0,0
19089,2,9,0,1,0.18530219615257176,0,0
19091,2,17,0,1,0.20075010100890314,0,0
19109,2,21,1,1,0.2167324379439695,0,0
19149,1,14,1,1,0.22174958405929293,0,0
19153,2,41,0,1,0.19569386922032941,0,0
19155,2,24,1,1,0.21795785922859373,0,0
19163,2,22,1,1,0.21543997850711225,0,0
19165,1,19,0,1,0.1935425878740582,0,0
19171,2,19,0,1,0.2600552365403078,0,0
19195,1,10,0,1,0.1898408208599525,0,0
19197,2,16,1,1,0.22303916501894325,0,0
20005,2,10,1,1,0.2842617282554091,0,0
20017,3,11,0,1,0.3180829109008135,0,0
20021,1,13,1,1,0.26486907492671985,0,0
20023,3,5,0,1,0.26612821283845545,0,0
20041,2,12,1,1,0.2721417036008576,0,0
20047,3,7,1,1,0.25332911550275566,0,1
20051,3,11,1,1,0.1984295936588062,0,0
20059,2,13,1,1,0.2745437358519867,0,0
20091,1,34,0,1,0.13347601178496918,0,0
20103,1,13,1,1,0.2528192703849292,0,0
20109,2,7,0,1,0.20990981571519285,0,0
20127,2,9,1,1,0.2981240567845016,0,1
20129,2,5,1,1,0.28216451290094097,0,1
20143,2,11,0,1,0.2202031532239098,0,0
20147,2,9,1,1,0.17863808654925206,0,1
20151,2,11,0,1,0.23223354622240136,0,0
20159,2,13,1,1,0.24221121459755734,0,1
20187,3,3,0,1,0.2983056869812662,0,0
20195,1,8,0,1,0.19506401246168598,0,0
20197,1,16,0,1,0.2471019213408231,0,0
20199,2,4,0,1,0.22606125386807488,0,0
20207,3,10,0,1,0.3430442005407155,0,0
20209,4,11,0,1,0.3551410901834701,0,0
21003,4,6,1,1,0.3502267211640984,0,0
21007,1,6,0,1,0.21081841552212488,0,0
21009,4,11,1,1,0.3709575432663661,0,0
21013,4,11,1,1,0.3404328829237356,0,0
21021,3,5,1,1,0.28705181424199,0,0
21055,4,5,0,1,0.3733628412956633,0,0
21061,4,12,1,1,0.31274473181221596,0,1
21099,4,10,1,1,0.3383097362770483,0,0
21115,4,19,1,1,0.2697283970096142,0,0
21123,3,9,0,1,0.3064017256898589,0,0
21147,4,8,0,1,0.2964806176408295,0,0
21179,1,9,1,1,0.2320159270824881,0,1
21183,3,16,1,1,0.3084045920949779,0,0
21201,4,7,1,1,0.309389716347734,0,1
21203,4,7,1,1,0.30941195875345173,0,0
21223,3,5,0,1,0.3265513096069837,0,0
21225,4,5,1,1,0.33260202302179576,0,0
21229,3,7,0,1,0.30421985596626383,0,0
21233,4,10,0,1,0.341944044790995,0,0
22015,3,15,0,1,0.28243752207062944,0,1
22023,4,8,1,1,0.33187496633124625,0,1
22035,4,4,0,1,0.3707519761902193,0,0
22039,4,12,1,1,0.3195552936284705,0,1
22043,3,8,1,1,0.2728575994127919,0,0
22083,4,6,1,1,0.40808201674990346,0,0
22111,3,10,1,1,0.3074719341660769,0,0
23005,1,38,1,1,0.11173129126140174,0,0
23015,2,25,0,1,0.1243054696057523,0,0
23017,1,33,1,1,0.1886638266417191,0,0
23019,1,47,1,1,0.187811946823119,0,0
23029,4,31,0,1,0.25474903898299495,0,0
23031,1,36,1,1,0.14535212584362456,0,0
24001,3,15,1,1,0.22937577311250237,0,1
24009,1,14,0,1,0.17835505511183142,0,0
24019,3,18,1,1,0.2738117906104881,0,1
24021,1,34,1,1,0.13364378125655438,0,0
24031,1,50,0,1,0.10643730950557578,0,0
24035,1,16,1,1,0.17647357992582546,0,1
24510,1,31,0,1,0.30223171098948737,0,1
25003,2,36,0,1,0.15246182618514828,0,0
25011,2,32,1,1,0.13593128652686753,0,0
25019,1,2,0,1,0.13199411827288526,0,0
25021,1,41,0,1,0.11395132158340067,0,0
26001,3,13,0,1,0.21993664048717781,0,0
26007,3,8,0,1,0.22359150562330843,0,0
26017,2,16,1,1,0.26851017951904554,0,0
26031,3,15,0,1,0.21129824949117673,0,0
26035,4,8,0,1,0.2983138871732818,0,0
26049,3,34,1,1,0.27310966380676793,0,0
26055,1,9,1,1,0.15831912146213467,0,1
26061,4,20,1,1,0.1803620741686403,0,0
26085,4,11,0,1,0.2921536151896086,0,0
26089,1,11,0,1,0.15753188752523636,0,0
26095,3,3,0,1,0.26308670687764213,0,0
26101,2,15,1,1,0.19416444871083718,0,0
26109,3,14,0,1,0.22537974402797814,0,0
26117,3,25,0,1,0.25281428201065625,0,0
26129,4,9,0,1,0.27455565600882353,0,0
26139,1,22,1,1,0.1799896483976842,0,0
26145,3,28,1,1,0.2717765266310973,0,0
27021,2,24,0,1,0.1892111252104193,0,0
27023,2,10,0,1,0.2019778826884738,0,0
27027,2,15,1,1,0.19405247768155406,0,0
27029,3,11,0,1,0.29225580878912716,0,0
27033,2,13,0,1,0.20617511962446006,0,0
27037,1,22,1,1,0.13848386473972332,0,0
27041,1,17,1,1,0.1462737046776586,0,1
27049,1,17,1,1,0.17107346013490618,0,1
27051,2,11,0,1,0.18644832449416784,0,0
27059,1,12,0,1,0.15399424899433392,0,0
27063,2,14,0,1,0.18672287557652878,0,0
27073,1,10,0,1,0.18415886046424126,0,0
27085,1,12,0,1,0.17802610956841672,0,0
27093,1,13,0,1,0.1535718947616502,0,0
27103,1,10,0,1,0.1508697530273046,0,0
27121,1,12,0,1,0.1572420700386958,0,0
27129,2,16,1,1,0.1871037266255658,0,0
27133,1,12,0,1,0.17872040691498248,0,0
27141,1,9,1,1,0.1564473454698932,0,1
27145,2,33,1,1,0.18200084433212854,0,0
27151,3,11,1,1,0.18991739438976207,0,1
27153,2,19,1,1,0.1998593021910359,0,0
28015,4,13,1,1,0.30191110271090255,0,1
28019,4,9,1,1,0.23596418412765244,0,1
28041,3,7,1,1,0.20083695288839132,0,0
28065,4,9,1,1,0.2685938346954566,0,1
28075,1,12,1,1,0.20748751990849834,0,1
28077,4,8,0,1,0.2592947585754483,0,0
28079,4,7,0,1,0.3101093295937871,0,0
28083,4,11,1,1,0.3598505197107835,0,0
28085,4,12,1,1,0.23476217417856962,0,1
28091,4,8,1,1,0.288017392595879,0,0
28093,3,8,1,1,0.2745911491919229,0,1
28111,4,8,0,1,0.23283723137016418,0,0
28119,4,10,1,1,0.39385548495727,0,1
28129,4,15,0,1,0.2691830856055448,0,0
28133,4,16,1,1,0.39176895533179024,0,1
28139,4,9,0,1,0.2710662990217394,0,0
28147,4,6,1,1,0.2893526327696775,0,0
29005,2,9,0,1,0.25407221526056994,0,0
29027,2,19,0,1,0.19936016079039953,0,0
29029,3,18,1,1,0.2056371803226113,0,1
29035,3,5,1,1,0.2568025841201315,0,1
29039,4,9,1,1,0.32014580459268765,0,0
29057,3,13,1,1,0.3321130709308531,0,1
29061,3,16,0,1,0.31144565629354093,0,0
29065,4,8,1,1,0.2737987579386548,0,0
29105,4,12,1,1,0.26339842588142787,0,1
29109,3,21,1,1,0.29866199651063885,0,1
29113,2,17,1,1,0.2707532888786812,0,1
29157,2,8,0,1,0.26078290057257275,0,0
29161,4,11,1,1,0.22568373628022648,0,1
29165,1,18,1,1,0.1944997849008953,0,1
29175,3,12,1,1,0.28977180271762687,0,0
29195,3,13,1,1,0.26416989046567735,0,0
29225,3,9,1,1,0.2631966440867869,0,1
29227,3,7,0,1,0.27961294610233184,0,0
29510,4,29,0,1,0.31807132882864303,0,1
30001,3,10,0,1,0.21253888957252548,0,0
30035,4,5,1,1,0.46368231552545136,0,0
30059,3,4,0,1,0.2187421824943349,0,0
30065,3,5,0,1,0.27502820004762296,0,0
30075,3,6,0,1,0.2645381419888084,0,0
30081,2,9,1,1,0.1915009317591449,0,1
30083,1,9,0,1,0.21888339477248292,0,0
30107,2,6,0,1,0.2787654896109129,0,0
31017,3,4,0,1,0.21574346539073014,0,0
31035,2,15,0,1,0.17148102109880184,0,0
31055,2,35,0,1,0.17363037198659068,0,0
31063,2,12,0,1,0.1840251412086789,0,0
31065,3,9,0,1,0.21263379809607277,0,0
31069,1,9,0,1,0.22246590921251405,0,0
31071,2,3,0,1,0.1898436071449156,0,0
31083,2,8,1,1,0.18475969838753706,0,1
31089,1,14,0,1,0.1815409075575473,0,0
31095,3,12,1,1,0.23090423424073087,0,1
31101,2,7,0,1,0.1951337575461249,0,0
31111,2,14,1,1,0.1898093824432258,0,0
31127,2,13,0,1,0.20400962969775868,0,0
31129,2,10,0,1,0.19148419264059274,0,0
31145,2,8,0,1,0.1805023373760052,0,0
31147,2,9,0,1,0.23241458396726503,0,0
31155,1,18,1,1,0.17944529600657114,0,0
31169,1,15,0,1,0.17724586116868896,0,0
31173,4,10,1,1,0.3622355823782365,0,1
31175,2,6,0,1,0.17199899937213262,0,0
31177,1,15,1,1,0.17038426154178543,0,0
32001,2,2,1,1,0.3425146967130536,0,0
32017,1,5,1,1,0.16625281708725084,0,1
32023,1,11,0,1,0.3934834596444653,0,1
32027,2,3,0,1,0.34407316815589273,0,0
32029,1,5,0,1,0.23563647504817753,0,0
32033,2,7,1,1,0.30096075752436086,0,1
32510,2,4,0,1,0.26947810769721137,0,0
33001,1,15,0,1,0.12786504432158155,0,0
33005,1,27,1,1,0.13089161449005998,0,1
34013,2,31,0,1,0.2172076345141673,0,0
34019,1,26,1,1,0.11697679531877384,0,0
35001,1,27,0,1,0.23437011830195043,0,0
35009,1,7,1,1,0.26773173595089933,0,1
35033,3,13,0,1,0.22454923796609466,0,0
35043,1,21,1,1,0.2134003007480222,0,0
35049,2,15,1,1,0.17465962841403174,0,0
35055,4,21,1,1,0.1907218724777413,0,1
36003,3,37,1,1,0.19256159739269835,0,0
36007,3,31,1,1,0.1847057352491748,0,0
36009,1,36,1,1,0.24737640526524035,0,0
36017,3,26,0,1,0.20198681025250037,0,0
36031,2,34,1,1,0.15091856880695448,0,1
36043,3,28,1,1,0.18283549527278287,0,1
36047,3,39,0,1,0.2076427065659074,0,0
36053,1,31,1,1,0.18545982376979087,0,1
36055,1,50,1,1,0.1906696576115021,0,0
36077,3,43,1,1,0.15127228012602983,0,0
36081,2,63,0,1,0.17225742645212766,0,0
36085,1,12,0,1,0.17881190911698455,0,0
36103,1,108,0,1,0.1405439171185921,0,0
36105,2,62,1,1,0.20708461250961366,0,0
36117,2,20,1,1,0.20044116520330213,0,0
36121,2,24,0,1,0.2086570605452237,0,0
36123,2,13,0,1,0.17571381804777156,0,0
37013,4,15,1,1,0.25300799803654495,0,1
37019,2,14,1,1,0.14437876667755611,0,0
37047,4,16,1,1,0.29371096065196833,0,0
37053,1,15,1,1,0.17077438028238406,0,0
37055,1,14,1,1,0.15133273791510157,0,1
37057,3,12,1,1,0.20618604285308956,0,0
37071,3,18,1,1,0.21688610553224338,0,0
37077,3,12,1,1,0.19875157819312025,0,0
37085,3,16,1,1,0.19875869379168074,0,0
37089,2,15,1,1,0.13383719955162013,0,0
37105,3,4,1,1,0.21573857524516274,0,1
37109,2,11,1,1,0.19003413059933388,0,1
37113,3,6,0,1,0.1849382612689037,0,0
37117,4,11,0,1,0.2687387650723253,0,0
37119,2,32,0,1,0.16764198469728744,0,0
37135,2,14,1,1,0.11905844124220885,0,0
37139,3,1,0,1,0.2474720950766278,0,0
37159,3,19,1,1,0.21718225194671753,0,0
37167,2,12,0,1,0.18776653935950896,0,0
37185,4,8,1,1,0.2927315712636891,0,0
37199,3,5,0,1,0.21351377587072595,0,0
38003,1,19,0,1,0.19089617176476115,0,0
38009,1,14,0,1,0.19595843054926657,0,0
38013,1,9,0,1,0.18566951630541426,0,0
38027,2,7,1,1,0.22592329997461635,0,1
38037,2,13,1,1,0.24233431687903798,0,1
38043,2,13,0,1,0.20707518881322243,0,0
38061,2,12,0,1,0.2625805164511263,0,0
38069,3,11,0,1,0.20730565422001027,0,0
38093,1,21,0,1,0.18862629719479293,0,0
38101,1,24,1,1,0.14323557694840558,0,0
38103,1,12,0,1,0.19125654669470676,0,0
39025,1,23,1,1,0.20497614939450748,0,0
39045,1,19,1,1,0.2311254336102323,0,0
39055,1,20,1,1,0.17438785062468826,0,0
39097,1,12,0,1,0.26280739503584516,0,0
39105,4,15,0,1,0.2914786587729442,0,0
39119,3,22,1,1,0.2929971255636248,0,0
39125,1,15,1,1,0.291374072548738,0,0
39127,3,17,1,1,0.26215954085393295,0,1
39133,1,24,1,1,0.21438264317943875,0,0
39145,4,20,1,1,0.3178863126931406,0,0
39159,1,20,1,1,0.22123142266756993,0,1
39171,1,12,1,1,0.28036215583280266,0,1
40001,4,8,1,1,0.41795173958721926,0,0
40005,4,15,0,1,0.4074407413309167,0,0
40013,4,14,1,1,0.40018453711131075,0,1
40015,4,16,1,1,0.4309634468662142,0,0
40031,3,19,0,1,0.39416410696399423,0,1
40037,3,21,1,1,0.33755205437793123,0,0
40059,2,7,1,1,0.3100957582487602,0,1
40061,4,7,0,1,0.3949140859493072,0,0
40063,4,10,1,1,0.3945636370968712,0,0
40083,2,15,1,1,0.31261690631608713,0,1
40111,4,11,1,1,0.4034622580081689,0,1
40145,2,15,1,1,0.3247464406407925,0,1
41001,3,12,1,1,0.25439921672943644,0,0
41007,2,9,0,1,0.2087227553456779,0,0
41029,3,18,1,1,0.2656838614789025,0,0
41041,3,18,1,1,0.2567163989280375,0,1
41043,2,20,1,1,0.28391988352478853,0,0
41049,3,7,1,1,0.39255609545645337,0,1
41057,2,16,0,1,0.21871457369906327,0,0
41059,3,14,1,1,0.37715163238408617,0,0
41065,3,8,1,1,0.3238972746199793,0,0
42017,1,55,0,1,0.15385421186102852,0,0
42021,1,51,1,1,0.1340340857799797,0,0
42027,2,33,1,1,0.17414701143838798,0,0
42033,3,51,1,1,0.20087887077712496,0,0
42041,1,21,1,1,0.1489814855806071,0,0
42045,1,44,0,1,0.16928659578780808,0,0
42057,2,17,0,1,0.22771080310465133,0,0
42061,2,33,1,1,0.22569588828095674,0,1
42073,2,22,1,1,0.1936246668114628,0,1
42089,2,35,1,1,0.1836878375366887,0,0
42105,3,15,0,1,0.23681634516145567,0,0
42129,1,86,1,1,0.15158678232503808,0,0
42133,1,45,0,1,0.21624525990710752,0,0
44001,1,3,0,1,0.13490840064862084,0,0
44005,1,8,1,1,0.12050870718983156,0,0
45007,3,19,0,1,0.22841359995563895,0,0
45021,4,8,1,1,0.27737082912698613,0,0
45041,3,12,1,1,0.2675772260130181,0,0
45053,4,9,0,1,0.340960496476748,0,0
45057,3,5,1,1,0.2215525270181618,0,1
45079,1,24,0,1,0.23322696592215525,0,0
46009,2,7,1,1,0.16390529718668861,0,1
46013,1,20,1,1,0.17009185741387592,0,1
46017,4,6,0,1,0.3200120319775366,0,0
46027,3,8,0,1,0.19641972442466052,0,0
46031,4,15,1,1,0.37241414904393433,0,1
46059,1,8,1,1,0.1646828918813205,0,1
46067,2,13,1,1,0.16968511392225996,0,1
46075,1,5,0,1,0.16714330759433202,0,0
46083,1,12,1,1,0.14390373232257236,0,1
46093,2,18,1,1,0.1821059300835556,0,0
46111,1,8,0,1,0.16582464364401,0,0
46135,2,10,1,1,0.15745814288948184,0,0
47015,2,9,0,1,0.30018500715812657,0,0
47017,4,14,1,1,0.3182452880279101,0,0
47025,1,10,1,1,0.27749643721285033,0,0
47027,4,7,1,1,0.341234340066317,0,1
47053,4,11,1,1,0.33724395624658315,0,0
47055,3,17,1,1,0.2858965874536073,0,0
47073,4,12,1,1,0.3235179270430962,0,0
47075,4,6,1,1,0.40033699936417416,0,0
47083,3,8,0,1,0.3190990294364507,0,0
47091,4,5,0,1,0.29266632348127125,0,0
47099,4,11,1,1,0.30521851331170063,0,1
47109,4,15,1,1,0.2919654096926728,0,0
47121,3,6,1,1,0.2655161076604854,0,1
47139,3,12,1,1,0.2757267807276849,0,0
47147,2,12,1,1,0.268515261148727,0,1
47169,2,5,0,1,0.28231445046229886,0,0
47181,4,10,1,1,0.2835303301609754,0,0
48001,3,10,1,1,0.30430006570757556,0,0
48005,4,6,1,1,0.31085767311146506,0,0
48017,1,6,1,1,0.2676387444132333,0,1
48021,2,15,1,1,0.2732344786160698,0,1
48031,1,8,1,1,0.2041746341170133,0,1
48033,3,9,0,1,0.3310670566655639,0,0
48035,3,11,1,1,0.29242582665267125,0,0
48051,2,5,1,1,0.30416224056319774,0,0
48055,3,14,1,1,0.3521367958736224,0,0
48065,1,6,0,1,0.26050870156277706,0,0
48079,4,4,0,1,0.4215061596607275,0,0
48091,1,14,1,1,0.20716267832364457,0,0
48099,1,17,1,1,0.11345268323075593,0,1
48101,4,3,1,1,0.33617323062162124,0,1
48115,4,4,0,1,0.41022233284080245,0,0
48125,4,7,1,1,0.3410330920045203,0,1
48129,3,6,0,1,0.307739398040467,0,0
48145,3,17,1,1,0.37572576448378886,0,0
48149,2,15,1,1,0.297083204193409,0,0
48151,3,9,1,1,0.3045052811335981,0,1
48157,1,34,0,1,0.2151368903679937,0,0
48163,4,5,0,1,0.4007670833143358,0,0
48173,3,4,0,1,0.34067644383332574,0,0
48177,3,14,1,1,0.34153536522641487,0,0
48183,3,10,0,1,0.2819202198622465,0,1
48189,3,9,0,1,0.341660122780611,0,0
48203,3,12,1,1,0.2995668779591756,0,1
48211,1,4,0,1,0.24714336628781863,0,0
48225,4,7,1,1,0.32095850350937866,0,0
48227,3,5,1,1,0.3466052203945147,0,0
48229,3,6,0,1,0.2897499579354883,0,0
48233,3,7,1,1,0.31316791140571554,0,0
48251,2,16,1,1,0.28041796527483326,0,0
48253,4,10,0,1,0.28395013685121756,0,0
48265,3,10,1,1,0.2529597249994098,0,1
48293,4,14,1,1,0.369140738767726,0,0
48307,3,6,1,1,0.34134270771357644,0,1
48321,1,12,1,1,0.3550508214296705,0,0
48323,4,3,1,1,0.39919409660446714,0,1
48357,4,5,0,1,0.3540937621599701,0,0
48359,1,6,0,1,0.2851551033314706,0,0
48367,1,18,1,1,0.2636164981332619,0,0
48379,2,6,0,1,0.28557771018653516,0,0
48403,4,6,0,1,0.3017409685726598,0,0
48417,4,5,0,1,0.2622058434595973,0,0
48419,4,7,1,1,0.3469998065710264,0,0
48449,4,6,1,1,0.33213824876816217,0,1
48451,1,14,1,1,0.22655265220856258,0,0
48457,3,10,1,1,0.2734126196884388,0,0
48459,3,12,1,1,0.2891391001535402,0,1
48475,3,6,1,1,0.3326035792665625,0,1
48477,2,7,1,1,0.32118954431536556,0,1
48491,1,25,0,1,0.200239474235242,0,0
48495,3,2,1,1,0.3806846374028346,0,1
48497,2,17,1,1,0.2981879812019628,0,1
48501,2,4,1,1,0.32752633157775335,0,1
49001,2,4,0,1,0.2214905615177572,0,0
49011,1,13,1,1,0.21847522132633468,0,0
49017,3,11,0,1,0.2238586520540487,0,0
49029,1,2,0,1,0.2053288061363403,0,0
49041,3,12,1,1,0.27313597297078174,0,0
49051,1,6,0,1,0.19968484524706795,0,0
50003,2,21,0,1,0.15130229274848578,0,0
50007,1,21,1,1,0.1457640603077465,0,0
50017,2,31,1,1,0.13741637979149177,0,0
51007,1,5,1,1,0.26089680216148464,0,1
51023,1,12,0,1,0.1690648375704914,0,0
51067,3,16,0,1,0.21761911461740904,0,0
51069,1,12,1,1,0.14583208895567945,0,1
51089,4,12,0,1,0.2898352806393998,0,0
51101,1,6,0,1,0.22458611559832162,0,0
51103,2,6,1,1,0.20431759487954562,0,1
51111,4,12,1,1,0.30946423058164696,0,1
51133,2,7,1,1,0.22665047608991687,0,1
51135,4,7,1,1,0.2862565203120236,0,0
51145,1,5,1,1,0.141375499523462,0,0
51165,2,22,0,1,0.20641878274058537,0,0
51169,3,12,0,1,0.2707398112965387,0,0
51171,2,14,1,1,0.20988961539297407,0,1
51195,4,8,0,1,0.27941961645891744,0,0
51199,1,9,1,1,0.12445802733410145,0,0
51530,4,1,0,1,0.25973815050418747,0,0
51570,2,1,1,1,0.18607673404154393,0,0
51640,4,1,0,1,0.27730547055687577,0,0
51683,1,1,1,1,0.15801417945992033,0,0
51710,1,15,1,1,0.24431580253343882,0,0
53023,3,2,1,1,0.29643670668705874,0,1
53035,1,20,1,1,0.17436614435924494,0,0
53037,3,12,0,1,0.26806612592868434,0,0
53047,4,22,1,1,0.32310344476927205,0,1
53057,1,17,1,1,0.18871196227253448,0,0
53059,1,8,1,1,0.2085292499600489,0,1
53065,3,21,0,1,0.27673486840720585,0,0
53071,2,8,1,1,0.26050062620449405,0,0
53075,4,20,0,1,0.28107643697839113,0,0
54011,3,13,1,1,0.27478953642420123,0,0
54025,4,21,0,1,0.2898051319282447,0,0
54029,3,5,1,1,0.30825670442157116,0,1
54037,1,9,1,1,0.23972252133154848,0,0
54043,4,19,0,1,0.3110282296312897,0,0
54053,3,19,1,1,0.3145454197934831,0,0
54073,3,5,0,1,0.2985125114246947,0,0
54083,4,22,1,1,0.2592217899064341,0,0
54109,4,39,0,1,0.24269018980120052,0,0
55015,1,14,1,1,0.16976784930244282,0,1
55017,2,14,1,1,0.1622955496728303,0,0
55023,2,13,1,1,0.1676738973591837,0,0
55037,2,4,0,1,0.15445974545046742,0,0
55049,1,19,0,1,0.15008772991399053,0,0
55061,1,6,1,1,0.1572309354104365,0,0
55063,2,15,1,1,0.1583413265857936,0,0
55065,2,14,1,1,0.16824615423794584,0,0
55069,1,7,1,1,0.14717939630660135,0,0
55079,3,37,0,1,0.23202939253032112,0,0
55095,1,20,1,1,0.15555984074669305,0,1
55125,2,12,1,1,0.1512646776202973,0,0
55131,1,18,1,1,0.15322926823705896,0,0
55133,1,30,1,1,0.14635888211091058,0,0
56007,2,12,1,1,0.2564397786087408,0,0
56011,1,10,0,1,0.20752359991386202,0,0
56025,1,11,1,1,0.24176426452375493,0,1
56027,3,5,0,1,0.299473480088573,0,0
56039,1,9,0,1,0.14149555300441993,0,0
01005,4,9,0,2,0.3629277403299588,0,0
01009,3,17,1,2,0.2890718789909629,0,0
01025,4,10,1,2,0.3482093078559106,0,0
01027,4,10,0,2,0.3400067310383027,0,0
01039,4,13,1,2,0.30690243982175264,0,1
01043,3,19,1,2,0.2607458980443514,0,0
01061,4,14,0,2,0.298480873644361,0,0
01063,4,8,1,2,0.3879762928638422,0,1
01075,4,9,1,2,0.31563312304174546,0,0
01091,4,15,1,2,0.35278751731286795,0,0
01095,4,18,1,2,0.2892038997697189,0,0
01097,1,36,0,2,0.2943213955718626,0,0
01099,4,17,1,2,0.358659490820771,0,0
01113,3,12,1,2,0.293228509692197,0,0
01121,4,12,1,2,0.32461900973201957,0,0
01129,4,16,1,2,0.33400233718869077,0,0
04012,4,8,0,2,0.3027036666945054,0,1
04013,1,136,0,2,0.26121766998970825,0,1
04017,4,33,0,2,0.3103234261397009,0,1
05007,2,21,0,2,0.2027281958395025,0,0
05013,4,6,0,2,0.349694369575311,0,0
05025,4,7,1,2,0.3167806775876992,0,1
05035,4,11,1,2,0.44240502921666625,0,0
05039,4,6,1,2,0.33485446123510065,0,1
05069,4,17,1,2,0.40134295189030433,0,0
05071,4,12,1,2,0.3625991604906481,0,0
05073,4,6,1,2,0.3675206598888088,0,1
05075,4,14,1,2,0.3045853110448813,0,0
05077,3,11,1,2,0.43927063407954187,0,1
05079,4,8,1,2,0.3572460191638351,0,0
05089,3,17,0,2,0.2787678711160409,0,0
05091,4,6,1,2,0.37047875838236666,0,0
05117,3,11,1,2,0.3401667512246079,0,1
05121,4,11,1,2,0.34151193969216387,0,0
05127,4,10,1,2,0.37638083518417986,0,1
06013,1,49,0,2,0.17078330436765815,0,0
06023,4,36,1,2,0.21246384947536373,0,0
06049,3,13,0,2,0.35970919609998936,0,0
06057,2,12,1,2,0.20113661896928753,0,0
06063,2,17,1,2,0.2235694003217825,0,0
06073,1,108,0,2,0.2027098749038968,0,0
06101,3,13,1,2,0.3227967435540459,0,0
08007,1,5,1,2,0.12937859855547554,0,1
08017,2,4,0,2,0.1587423369633494,0,0
08021,4,8,0,2,0.29704613551916537,0,0
08041,1,45,0,2,0.1772545710476879,0,0
08051,2,11,0,2,0.1410758677841335,0,0
08061,3,5,0,2,0.19459722107082972,0,0
08071,4,11,0,2,0.24195043402045863,0,0
08073,2,9,0,2,0.24213595779670313,0,0
08077,2,19,1,2,0.18934844791775166,0,0
08085,3,12,0,2,0.17003387017899094,0,0
08087,2,10,1,2,0.24797936466342282,0,0
08095,2,3,0,2,0.18343688759231508,0,0
08117,1,4,0,2,0.19788209562415446,0,0
08119,1,7,0,2,0.1442303159935311,0,0
09015,1,31,1,2,0.1652705896243177,0,0
12009,2,28,0,2,0.1710480925252445,0,0
12029,4,6,0,2,0.25771876347199274,0,0
12037,4,8,0,2,0.24038671668238226,0,0
12047,4,3,0,2,0.2985483739768086,0,0
12051,4,6,1,2,0.28055696886396553,0,1
12059,4,4,1,2,0.2508839027465555,0,0
12063,1,14,1,2,0.24245081745979535,0,1
12079,4,5,1,2,0.3233684303780095,0,0
12103,2,48,0,2,0.15623033137879253,0,0
12123,1,6,0,2,0.17101355798544013,0,0
13005,4,3,1,2,0.34949427579474207,0,1
13013,2,8,1,2,0.20793605955123942,0,0
13015,2,14,1,2,0.20576355942927912,0,1
13021,1,12,1,2,0.3284934275340563,0,0
13023,4,6,1,2,0.313489852587424,0,1
13029,1,3,0,2,0.17645343467828403,0,0
13045,1,11,1,2,0.21641467034628845,0,0
13051,3,14,0,2,0.2261317122111732,0,1
13053,3,2,0,2,0.1662950635979537,0,0
13059,1,9,1,2,0.2425794240852287,0,0
13061,4,6,0,2,0.4061996125193757,0,0
13067,1,23,0,2,0.13661770577506538,0,0
13071,4,13,1,2,0.365221467565663,0,0
13081,4,5,0,2,0.40834939982676804,0,0
13099,4,7,0,2,0.4217673118718616,0,0
13123,3,5,0,2,0.21005709490678515,0,0
13129,4,8,1,2,0.24596875178168182,0,1
13131,4,6,0,2,0.35278599781639425,0,0
13141,4,5,0,2,0.4290767678702021,0,0
13193,4,10,1,2,0.3953764299486369,0,0
13199,4,10,0,2,0.3647307603608896,0,0
13215,4,11,1,2,0.2799609465542827,0,0
13227,2,9,1,2,0.16084737495291673,0,0
13231,2,8,0,2,0.23478931101236455,0,0
13253,4,4,1,2,0.3446873138149733,0,1
13263,4,8,0,2,0.3033199314628199,0,0
13267,4,6,1,2,0.3610721237005911,0,0
13271,4,7,0,2,0.3809990453614725,0,0
13283,4,6,0,2,0.36473113892494485,0,0
13289,4,6,0,2,0.3867942133897387,0,0
13311,2,7,0,2,0.1765928247272668,0,0
13313,4,8,1,2,0.2418302683668101,0,0
13319,4,9,0,2,0.3609889895060438,0,0
16003,2,6,0,2,0.19373782422242397,0,0
16029,2,7,0,2,0.20146961291914187,0,0
16031,3,9,1,2,0.29806155813384005,0,0
16059,3,10,1,2,0.24403783998088913,0,1
16075,3,7,1,2,0.2934901176411243,0,0
16081,1,5,1,2,0.19406157029403484,0,1
16083,3,10,1,2,0.24167186799042553,0,1
17001,2,23,1,2,0.16580012043332848,0,0
17007,1,15,1,2,0.20880342275400754,0,1
17009,2,5,0,2,0.18613215061377464,0,0
17015,1,11,0,2,0.19678615916683936,0,0
17019,3,35,1,2,0.179591281884277,0,0
17021,2,20,1,2,0.2261170002264895,0,1
17025,3,13,1,2,0.23341479553381173,0,0
17029,4,16,0,2,0.2174056932715494,0,0
17035,3,12,0,2,0.22130942341255785,0,0
17055,4,19,1,2,0.2935374662676231,0,1
17059,4,9,1,2,0.3161546939103094,0,1
17071,2,17,0,2,0.20773429465678514,0,0
17079,2,15,0,2,0.22142716155413494,0,0
17085,1,15,0,2,0.17427918202779438,0,0
17087,2,10,1,2,0.2803768835372639,0,1
17093,1,19,1,2,0.18473762795500132,0,0
17097,1,35,1,2,0.15770539163756334,0,0
17119,2,35,0,2,0.21668965732074752,0,1
17123,2,19,1,2,0.22202416402670747,0,1
17129,1,8,0,2,0.1705210615333613,0,0
17135,3,28,0,2,0.23874424489950125,0,0
17137,3,16,1,2,0.22955467752769532,0,1
17147,1,16,0,2,0.16923144463978537,0,0
17157,2,18,1,2,0.25937364910985866,0,1
17159,3,9,1,2,0.24092298291428005,0,0
17161,2,20,1,2,0.23253540809594903,0,0
17171,2,9,1,2,0.20324474824149924,0,1
17177,3,19,0,2,0.24548898192570484,0,0
17181,3,13,1,2,0.23263099358005662,0,0
17189,1,13,1,2,0.2076180914885127,0,0
17193,3,11,1,2,0.23684254276493064,0,0
18007,3,10,0,2,0.3159847444675294,0,0
18011,1,12,1,2,0.16645721871816002,0,1
18017,3,12,1,2,0.3158874875507379,0,1
18021,2,17,1,2,0.28680495542849255,0,0
18023,3,12,1,2,0.30436939291472637,0,1
18025,3,9,0,2,0.3011927728802663,0,0
18027,3,7,0,2,0.2630393328014572,0,0
18031,2,10,0,2,0.3055955567939444,0,0
18057,1,23,0,2,0.13549494397708486,0,0
18063,1,19,1,2,0.1661654397169346,0,0
18069,2,9,1,2,0.2476973942297228,0,1
18085,1,21,1,2,0.23124142282224908,0,0
18087,1,12,1,2,0.2780826569557281,0,1
18095,3,18,1,2,0.34829528441761987,0,0
18119,3,14,0,2,0.29240663046800264,0,0
18125,2,11,0,2,0.2682383345481744,0,0
18137,2,12,0,2,0.24803537283657176,0,0
18147,1,16,1,2,0.2831713787508035,0,0
18149,3,11,1,2,0.3354715799864362,0,0
18151,1,9,0,2,0.24011739569176013,0,0
18163,3,11,1,2,0.28776531685698326,0,0
18165,2,8,0,2,0.27457856449212326,0,0
18169,2,14,1,2,0.27876784539007876,0,1
18173,1,12,1,2,0.16408031079440738,0,1
19019,1,16,0,2,0.166969150241294,0,0
19023,1,16,1,2,0.18633722199739988,0,0
19053,3,11,0,2,0.21499758271518743,0,0
19075,1,16,0,2,0.17905532042528818,0,0
19085,2,15,0,2,0.18514998034713853,0,0
19087,2,11,1,2,0.212385738897284,0,0
19095,1,21,1,2,0.17029357607728748,0,0
19103,1,24,1,2,0.17250297163734202,0,0
19113,1,29,1,2,0.16330256550903735,0,0
19129,1,11,1,2,0.16989621144783118,0,0
19151,2,16,1,2,0.22226132018608474,0,1
19177,2,13,0,2,0.2166432469884697,0,0
19189,1,11,0,2,0.1911604250357299,0,0
20013,2,13,0,2,0.24323669998671715,0,0
20027,1,10,1,2,0.1908432045173979,0,1
20037,1,15,1,2,0.287685981105791,0,1
20055,3,7,1,2,0.3070157956506386,0,1
20063,2,10,0,2,0.2908829846360436,0,0
20065,2,13,0,2,0.13904446284063293,0,0
20067,2,3,1,2,0.28036880913928286,0,1
20083,2,8,1,2,0.22718852792809438,0,1
20089,3,14,0,2,0.3771968423444889,0,0
20093,3,4,0,2,0.3551393882871429,0,0
20115,1,19,0,2,0.24116926201009165,0,0
20119,1,5,0,2,0.2789186715134045,0,0
20121,1,11,1,2,0.17254440179110686,0,1
20123,2,7,0,2,0.20017581581328647,0,0
20131,1,15,0,2,0.18966944745633735,0,0
20139,2,15,1,2,0.3303287646579455,0,0
20145,2,9,0,2,0.21659042275930138,0,0
20149,2,12,1,2,0.2427839064954641,0,0
20167,2,11,1,2,0.226410422725139,0,1
20177,1,29,0,2,0.3231764804539896,0,0
20181,2,4,0,2,0.2636165318295018,0,0
20191,2,18,0,2,0.24664133056686013,0,0
20201,2,15,1,2,0.13204796646376948,0,1
20205,4,10,1,2,0.3166376268080783,0,1
21005,2,5,0,2,0.1847921029222659,0,0
21025,4,10,0,2,0.3191836837901719,0,0
21031,4,10,0,2,0.314550618962541,0,0
21037,2,10,1,2,0.18411324961054185,0,1
21059,3,10,1,2,0.31286603781054184,0,0
21067,2,17,1,2,0.17165379916945891,0,0
21073,2,5,1,2,0.19151092556428306,0,1
21077,3,6,1,2,0.27521891569338147,0,1
21081,3,8,1,2,0.2923482159672189,0,0
21105,4,7,1,2,0.362795660238404,0,1
21107,4,13,1,2,0.3151521309548331,0,0
21113,3,4,1,2,0.20885784528580065,0,1
21127,4,10,1,2,0.3022619485711722,0,0
21131,1,22,0,2,0.24730216386682558,0,0
21141,4,7,1,2,0.3396986310214681,0,0
21157,2,8,0,2,0.2263281088709938,0,0
21159,4,9,1,2,0.23884618850564868,0,1
21163,2,12,1,2,0.23948103552382444,0,0
21171,4,6,1,2,0.3465613595748527,0,1
21181,4,6,0,2,0.35356189889065276,0,0
21191,3,10,1,2,0.27180443393175985,0,0
21211,2,14,1,2,0.22248726549230838,0,1
21227,3,9,1,2,0.23980811906011557,0,0
21231,4,5,1,2,0.34053202951641415,0,0
21237,4,5,1,2,0.3393587420999525,0,1
22003,3,13,1,2,0.2758576307578505,0,0
22005,1,8,1,2,0.2244013249205133,0,0
22009,4,15,1,2,0.3312498898144321,0,1
22021,4,4,1,2,0.3648046692594223,0,1
22049,4,7,1,2,0.3446789167606477,0,0
22055,1,16,1,2,0.23714390577053351,0,0
22057,3,14,1,2,0.293961764907959,0,0
22071,4,17,0,2,0.3171953743815559,0,0
22097,1,18,0,2,0.328603480013257,0,1
22107,4,4,1,2,0.32721237426046273,0,1
22109,3,13,1,2,0.3117406403343261,0,0
22119,4,12,1,2,0.39207420439108825,0,1
22125,2,4,0,2,0.42697316231733234,0,0
23001,2,14,1,2,0.1347743873626821,0,0
23003,4,41,0,2,0.228223158006296,0,0
23009,2,40,1,2,0.1124298698796729,0,1
24015,1,15,0,2,0.24427453258671478,0,1
24043,1,20,1,2,0.22394884790398212,0,0
25007,1,7,0,2,0.11970380678613947,0,0
25023,1,34,1,2,0.11209727292954666,0,0
25025,3,36,1,2,0.16426019767485206,0,0
26009,2,16,1,2,0.18024834442270965,0,0
26013,3,7,1,2,0.21583656910603863,0,1
26015,1,15,1,2,0.2060523251374229,0,1
26019,1,11,0,2,0.1554360687293937,0,0
26021,1,23,1,2,0.26816000595134626,0,0
26047,2,11,0,2,0.14678844284576956,0,0
26057,3,20,0,2,0.22439307729692565,0,0
26071,3,8,0,2,0.17528097437757928,0,0
26075,2,29,1,2,0.2595605573805863,0,0
26083,3,6,0,2,0.1416294913654126,0,0
26099,2,39,1,2,0.22896262390790897,0,0
26103,2,15,1,2,0.13980471158964725,0,1
26111,2,15,0,2,0.1561004780380187,0,0
26113,3,9,0,2,0.24171580313694224,0,0
26125,1,71,0,2,0.1365571081036141,0,0
26133,4,9,0,2,0.2531323359639581,0,0
26137,3,7,1,2,0.18512923234850998,0,0
26141,2,7,1,2,0.1840592841138398,0,0
26143,4,7,0,2,0.22331946358955418,0,0
26149,3,13,1,2,0.27801043212161286,0,1
26151,3,22,1,2,0.24300579090613603,0,0
26155,2,19,1,2,0.19684733861423553,0,1
26157,3,21,1,2,0.26470481397704376,0,0
26163,3,68,0,2,0.2954912061979644,0,0
27005,2,16,1,2,0.22609292676768464,0,1
27009,1,9,1,2,0.1447784890452174,0,1
27015,1,10,0,2,0.15833894538077925,0,0
27017,2,15,0,2,0.15745154988748344,0,0
27057,2,10,1,2,0.18067978119385714,0,0
27067,2,16,0,2,0.1611339868356631,0,0
27079,1,13,1,2,0.1610418614349696,0,0
27081,2,12,0,2,0.17952221066102045,0,0
27087,4,8,0,2,0.3712700156412668,0,0
27101,1,16,0,2,0.17723720134129245,0,0
27105,3,17,0,2,0.22466450401504875,0,0
27111,1,34,1,2,0.1854509990406006,0,0
27157,1,13,0,2,0.1472266811102582,0,0
27161,2,13,0,2,0.19958994204246372,0,0
27167,1,12,0,2,0.16442745062141528,0,0
27171,1,19,1,2,0.12696802595930087,0,0
28001,4,2,1,2,0.28401206676022356,0,1
28003,4,5,1,2,0.2287219745892299,0,1
28005,4,9,0,2,0.20861611353945606,0,0
28023,4,9,1,2,0.20765364650585366,0,0
28025,4,8,1,2,0.3181753445139381,0,0
28027,4,11,1,2,0.4471820490930844,0,0
28039,4,3,1,2,0.20971190048125832,0,0
28049,1,21,0,2,0.27240173804102347,0,0
28053,4,8,0,2,0.40609620339331526,0,0
28061,4,14,1,2,0.2303264640179941,0,0
28095,4,12,1,2,0.24186701889706916,0,0
28117,4,8,0,2,0.27548044723716036,0,0
28121,1,12,1,2,0.16120747586764508,0,0
28125,1,7,0,2,0.0776618466250932,0,0
29001,4,9,1,2,0.19863299737475984,0,0
29003,2,17,0,2,0.27377562372485126,0,0
29009,4,17,1,2,0.327019271382548,0,0
29013,3,13,1,2,0.28143651264693936,0,0
29015,3,13,1,2,0.2812968408851557,0,0
29049,1,11,1,2,0.2460240449829255,0,0
29051,1,9,1,2,0.18340380213676388,0,1
29053,2,14,0,2,0.2226499707262828,0,0
29063,2,10,1,2,0.2982915794695797,0,1
29067,4,16,1,2,0.3345943237966403,0,0
29103,4,12,1,2,0.3109300120599809,0,1
29115,3,15,1,2,0.25622761378292097,0,1
29121,2,15,1,2,0.23856790873251826,0,0
29135,2,13,1,2,0.23123296514585462,0,0
29137,3,16,0,2,0.3124632721771698,0,0
29139,3,11,1,2,0.3148435490944033,0,1
29153,4,18,1,2,0.35085856657771847,0,1
29163,1,12,1,2,0.2749881055843273,0,0
29173,3,9,0,2,0.2697642810618553,0,0
29219,3,9,1,2,0.25151782847572,0,1
29221,1,16,0,2,0.2922528931486057,0,0
30003,4,18,1,2,0.4441696679167204,0,1
30005,4,9,1,2,0.37154941185816287,0,1
30007,2,6,0,2,0.16901190782663128,0,0
30011,2,8,0,2,0.19093804057416525,0,0
30023,4,5,0,2,0.21526398798044147,0,0
30027,3,11,0,2,0.19429249870352366,0,0
30037,3,3,0,2,0.24212901356201333,0,0
30039,2,5,0,2,0.23491257914574262,0,0
30041,3,10,0,2,0.282492661572487,0,0
30067,2,9,0,2,0.17142515786524085,0,0
30071,3,8,0,2,0.2793961447278703,0,0
30085,4,10,0,2,0.43589198976330645,0,0
31001,2,14,1,2,0.16165869159529048,0,1
31007,2,8,1,2,0.22032462367959454,0,1
31009,2,4,0,2,0.11098850992266837,0,0
31011,2,8,1,2,0.18592582942745853,0,1
31013,2,3,1,2,0.2807291699483947,0,1
31031,3,18,0,2,0.22442758638620924,0,0
31033,1,5,1,2,0.1948283248473849,0,1
31043,3,8,0,2,0.204654583574703,0,0
31045,2,6,1,2,0.20313964716540286,0,1
31075,2,3,1,2,0.22069440409009844,0,1
31085,2,8,0,2,0.19679919622079994,0,0
31097,2,12,0,2,0.18593424130941913,0,0
31107,2,11,0,2,0.19329488008596535,0,0
31119,2,8,1,2,0.15315274301571621,0,1
31133,3,11,0,2,0.21478007177538894,0,0
31149,1,4,0,2,0.1808437477068651,0,0
31157,3,8,1,2,0.2647347887482594,0,1
31161,2,9,1,2,0.2676385661780731,0,1
31179,2,11,1,2,0.1554362181052038,0,1
31183,2,6,0,2,0.20684159332925212,0,0
32009,4,4,0,2,0.15917788654788304,0,0
32011,1,4,0,2,0.35798546003089793,0,0
32013,1,7,1,2,0.3486660685959398,0,0
32015,3,2,0,2,0.3665679912564199,0,0
32031,2,27,0,2,0.2666060961729303,0,0
33013,1,31,1,2,0.08780077436172723,0,0
34017,3,16,0,2,0.17933199578681144,0,0
34033,2,14,1,2,0.21990699984031536,0,1
35003,3,9,0,2,0.4468595808309075,0,0
35007,4,9,1,2,0.32287996425433224,0,0
35021,3,6,0,2,0.2731120241743301,0,0
35045,4,22,0,2,0.38381809886579615,0,1
35051,4,10,1,2,0.32261731778535474,0,1
36023,3,17,1,2,0.18649315874745245,0,0
36033,3,23,1,2,0.2046631987126117,0,1
36035,3,14,0,2,0.17721700446380184,0,0
36063,1,22,1,2,0.22942606456862885,0,0
36065,2,54,1,2,0.19571165114565822,0,0
36069,1,25,0,2,0.1650028958063094,0,0
36091,1,27,1,2,0.09660659165458653,0,0
36101,3,39,1,2,0.16021455064132115,0,0
36113,1,25,0,2,0.131158947753689,0,0
37001,3,12,1,2,0.20629846229641588,0,0
37003,2,8,1,2,0.17279526910562495,0,1
37005,4,7,0,2,0.2354889416152126,0,0
37007,4,8,1,2,0.2833219092308911,0,0
37035,2,14,1,2,0.1786768904899683,0,0
37041,3,4,1,2,0.23822511852811504,0,0
37045,1,13,1,2,0.2423505328503353,0,0
37049,2,11,1,2,0.19130045870462095,0,0
37061,4,19,1,2,0.3176364090746946,0,0
37087,2,7,0,2,0.1618925836636956,0,0
37103,4,9,0,2,0.2797135576615471,0,0
37121,3,4,0,2,0.1644007327207997,0,0
37157,3,11,1,2,0.22686266640008185,0,0
37171,4,12,1,2,0.2172726152649684,0,0
37175,3,10,1,2,0.1468406741024661,0,0
37193,4,23,1,2,0.20398143141323272,0,0
38005,3,18,0,2,0.31720718814040305,0,0
38007,2,8,0,2,0.19778418948622048,0,0
38029,2,8,0,2,0.1875122407645529,0,0
38033,1,4,0,2,0.1849275437233522,0,0
38039,2,9,0,2,0.20218767256018982,0,0
38045,2,12,0,2,0.1829309529102932,0,0
38063,1,9,0,2,0.21604496125801484,0,0
38091,1,12,0,2,0.16320147965502407,0,0
39011,1,18,0,2,0.28056168396757064,0,0
39015,3,19,0,2,0.30441421996226486,0,0
39035,1,52,0,2,0.22915716765321342,0,0
39039,1,14,0,2,0.28124488130983244,0,0
39047,3,11,0,2,0.3298395772165939,0,0
39049,2,49,0,2,0.2181016063480757,0,0
39057,2,24,0,2,0.2254956304547397,0,0
39059,3,20,1,2,0.28556013959830595,0,0
39065,3,15,1,2,0.30272350538105497,0,1
39069,1,17,0,2,0.26732366645593214,0,0
39073,3,16,1,2,0.2692714213711561,0,0
39075,1,18,1,2,0.23605982400209574,0,0
39085,1,11,1,2,0.19692104382216793,0,0
39095,3,30,0,2,0.3219487749062852,0,0
39101,3,14,1,2,0.309110055839186,0,0
39107,1,18,1,2,0.2677186189738119,0,1
39109,1,18,0,2,0.2638516449297537,0,0
39113,2,40,0,2,0.2976067749306121,0,0
39115,4,11,0,2,0.3188414823621812,0,0
39141,3,16,1,2,0.29724916754006286,0,0
39153,2,41,0,2,0.23124208335147695,0,0
39155,3,30,1,2,0.29202733891348065,0,0
39165,1,24,1,2,0.17252877996589258,0,0
40019,3,13,1,2,0.4066524956614708,0,1
40023,4,12,1,2,0.439377809121028,0,0
40025,3,4,1,2,0.3589166440802739,0,1
40027,2,21,0,2,0.25025602818164994,0,0
40029,4,10,0,2,0.43358954735112964,0,0
40035,4,10,1,2,0.450910290816573,0,0
40045,3,7,1,2,0.2839255484203875,0,1
40079,4,23,1,2,0.38751513807960203,0,0
40093,2,15,0,2,0.3279405821617659,0,0
40121,3,19,1,2,0.36130206690145744,0,1
40123,3,10,1,2,0.29971647183443223,0,1
40133,4,10,1,2,0.4010293548510234,0,0
40135,4,9,1,2,0.3979987970254819,0,0
40139,4,9,1,2,0.39403025139897957,0,0
40141,4,8,1,2,0.44265594599910846,0,1
41005,1,37,1,2,0.1655522379072493,0,0
41021,2,4,0,2,0.28597563837357,0,0
41035,4,17,1,2,0.32720870007731756,0,1
42007,2,28,0,2,0.16182995996896155,0,0
42019,1,37,0,2,0.11259784485144123,0,0
42029,1,44,0,2,0.12405414536474778,0,0
42049,1,32,0,2,0.19060311904590807,0,0
42067,2,13,0,2,0.1981832587770387,0,0
42071,1,57,0,2,0.19007874539811018,0,0
42077,1,34,0,2,0.1901732505101855,0,0
42083,3,22,0,2,0.16223662318743495,0,0
42087,3,13,1,2,0.1934729490052659,0,1
42093,2,9,0,2,0.16002414721192015,0,0
42095,1,26,1,2,0.16846763537650047,0,0
42113,3,13,0,2,0.2018340867317808,0,0
42117,3,25,0,2,0.17714706837508845,0,0
45015,2,17,1,2,0.284841377190184,0,0
45025,4,11,1,2,0.32169652326456,0,0
45033,4,11,1,2,0.3717369525769734,0,1
45043,3,5,1,2,0.24607009679913222,0,1
45049,4,13,1,2,0.39565115202289886,0,0
45051,3,16,1,2,0.24347711813180903,0,0
45055,3,13,1,2,0.2567189458000184,0,1
45061,4,12,0,2,0.3907338798855827,0,0
45065,1,11,0,2,0.3098705644581678,0,0
45077,3,15,1,2,0.19235638717680928,0,0
46015,2,6,0,2,0.18552670021587805,0,0
46019,3,8,0,2,0.225251601499801,0,0
46033,3,9,1,2,0.22674718106318226,0,1
46065,1,3,1,2,0.1447321594425529,0,0
46077,1,9,1,2,0.15408527474965236,0,1
46091,1,10,1,2,0.17150678118045257,0,1
46099,1,23,1,2,0.1453370775705344,0,0
46102,4,11,0,2,0.5775814633636916,1,0
46107,1,5,0,2,0.17107432424718058,0,0
46129,1,7,1,2,0.1608853438772682,0,1
47011,3,8,1,2,0.2570913398364061,0,0
47013,4,11,1,2,0.30543045991025786,0,0
47051,3,15,0,2,0.30632026933783857,0,0
47059,4,10,1,2,0.3001175547295419,0,0
47061,4,10,0,2,0.31043029508244585,0,0
47067,4,5,1,2,0.3434186539327793,0,1
47081,3,13,0,2,0.28435791308679403,0,0
47113,3,13,0,2,0.3208313642689133,0,1
47115,3,12,0,2,0.2030996457503957,0,0
47135,4,4,1,2,0.3208501697378294,0,1
47143,4,6,0,2,0.2875856662925691,0,0
47145,2,10,1,2,0.22862873774311251,0,0
47151,4,9,0,2,0.27209317727923715,0,0
47161,2,8,0,2,0.26904464412752976,0,0
47175,4,7,1,2,0.3259482278969295,0,1
47177,4,6,1,2,0.3501118513993555,0,1
47185,4,5,1,2,0.3037288170129389,0,0
48007,4,5,1,2,0.3419141093349794,0,0
48009,2,10,1,2,0.2889854651259977,0,1
48011,1,6,0,2,0.2541500714379896,0,0
48015,2,13,1,2,0.33665798264601005,0,0
48019,2,7,1,2,0.3167523705724387,0,0
48023,2,2,1,2,0.26893564761055694,0,1
48025,4,11,1,2,0.43498848909685106,0,1
48027,3,23,0,2,0.34464168153883046,0,0
48041,3,9,0,2,0.241507548450679,0,0
48045,4,4,0,2,0.41572287783607936,0,0
48049,3,10,1,2,0.30333849642136634,0,1
48069,3,10,0,2,0.37918078711922226,0,0
48085,1,38,0,2,0.17314845465017795,0,0
48089,2,18,1,2,0.34330517796397136,0,0
48105,2,6,0,2,0.3696962773326116,0,0
48107,4,9,0,2,0.434271098765039,0,0
48111,1,3,0,2,0.2937771874715114,0,0
48121,1,37,0,2,0.20654249502625513,0,0
48123,3,9,1,2,0.3882034849732394,0,0
48139,1,20,1,2,0.3052170078507764,0,0
48155,4,3,0,2,0.33237250477892993,0,0
48167,2,18,0,2,0.29062222323676645,0,1
48179,4,7,0,2,0.36130308276343515,0,0
48187,2,14,0,2,0.3006356573906487,0,1
48193,3,10,1,2,0.3240878763451783,0,1
48201,3,141,0,2,0.3072642125983518,0,0
48221,1,8,1,2,0.256242774290118,0,0
48249,4,8,1,2,0.43905249519852174,0,1
48255,3,8,1,2,0.39235994548823216,0,0
48263,3,4,0,2,0.35177364190000265,0,0
48271,4,1,0,2,0.38093847910761935,0,0
48285,2,7,1,2,0.3123506449601718,0,0
48291,3,14,1,2,0.361187429223361,0,0
48297,3,10,0,2,0.4133094903100846,0,0
48301,1,1,0,2,0.3654319949913106,0,0
48317,1,8,1,2,0.24425385163122157,0,1
48325,1,15,0,2,0.30690654399690087,0,0
48331,3,13,1,2,0.38477156470687546,0,0
48335,2,3,1,2,0.3115346106174254,0,1
48347,1,10,1,2,0.2913644857685244,0,1
48369,3,5,0,2,0.36646669442460084,0,0
48385,4,8,0,2,0.40515119746633665,0,0
48393,4,5,0,2,0.35504740200831303,0,0
48395,3,9,1,2,0.34541397524564554,0,0
48409,3,9,1,2,0.3684793456895292,0,0
48413,2,3,0,2,0.04460780281965004,0,0
48415,3,8,1,2,0.36731354310324127,0,0
48425,3,7,0,2,0.3304789125249402,0,0
48433,3,7,0,2,0.3084340649053478,0,0
48443,3,2,0,2,0.3477025950937799,0,0
48445,4,6,1,2,0.48046696107721326,0,1
48455,4,7,1,2,0.3197302192470591,0,0
48461,2,4,0,2,0.35955358673495286,0,0
48471,4,9,1,2,0.3134913068073902,0,0
48473,2,11,1,2,0.39777865201103463,0,1
48479,4,10,0,2,0.4408960806603279,0,1
48481,1,13,1,2,0.3980606621636214,0,0
48485,3,11,0,2,0.3557990461414329,0,1
48499,3,12,1,2,0.2702146145675824,0,0
48505,4,5,1,2,0.5094913178551914,1,0
49003,2,20,1,2,0.2763254815346182,0,1
49013,2,12,0,2,0.34547175403313896,0,0
49015,2,9,0,2,0.2881042827011674,0,0
49023,2,6,0,2,0.2721074394644669,0,0
49025,2,7,0,2,0.2380706674580106,0,0
49031,3,6,0,2,0.22333944342565015,0,0
49037,3,12,1,2,0.347333998717119,0,0
49045,1,8,0,2,0.3155387085363726,0,0
50001,1,20,1,2,0.09583063683067182,0,1
50009,3,10,0,2,0.14735628218185726,0,0
50011,1,17,0,2,0.11489904620773542,0,0
51003,2,24,1,2,0.1154221601789875,0,0
51013,1,11,1,2,0.08200835916601372,0,0
51019,1,18,1,2,0.1513884372722056,0,1
51021,2,6,0,2,0.17765914654038867,0,0
51027,4,16,1,2,0.29612762681286764,0,0
51031,3,14,1,2,0.21703318919361103,0,1
51036,2,4,1,2,0.2950048570336273,0,1
51045,1,5,0,2,0.15083234869716308,0,0
51047,1,18,1,2,0.19688955832047036,0,1
51061,1,24,1,2,0.12770913047903032,0,1
51063,2,11,1,2,0.17064672203054557,0,0
51075,1,15,1,2,0.11828393209990559,0,0
51081,4,4,1,2,0.3292140653742653,0,1
51093,1,8,1,2,0.21978430216890527,0,1
51153,1,19,1,2,0.11569816226414957,0,0
51155,3,8,0,2,0.20528972799905923,0,0
51157,1,10,0,2,0.15359331398003756,0,0
51183,1,11,0,2,0.3133921256659407,0,0
51510,1,8,1,2,0.10796525271689889,0,0
51520,4,2,1,2,0.3026816519280375,0,0
51540,3,4,0,2,0.123903559357393,0,0
51580,3,1,0,2,0.2239609509508665,0,0
51620,3,1,0,2,0.3113688608021877,0,0
51685,1,1,0,2,0.130758823128775,0,0
51700,3,8,1,2,0.23290680353457774,0,0
51720,4,1,0,2,0.2804818374677817,0,0
51740,1,8,1,2,0.3033756359552422,0,0
51840,3,1,1,2,0.18646928829474332,0,0
53009,2,9,0,2,0.16607609928914954,0,0
53017,2,13,1,2,0.23792021338504477,0,0
53041,2,23,1,2,0.21106384194471883,0,1
53045,2,15,1,2,0.21973884515714603,0,1
54001,4,12,0,2,0.2923426540485135,0,0
54017,3,10,0,2,0.2701189962428928,0,0
54041,4,11,1,2,0.3052212004910278,0,0
54047,4,36,0,2,0.3504639118605976,0,0
54049,3,18,1,2,0.25327541699723394,0,1
54055,4,19,0,2,0.3083304172078299,0,0
54067,3,25,1,2,0.3187566955641715,0,0
54069,2,6,1,2,0.24170816638783466,0,1
54079,2,17,1,2,0.2542253040892212,0,0
54093,2,10,0,2,0.24402943339229408,0,0
55005,2,19,1,2,0.13093396293621418,0,1
55007,2,15,1,2,0.1431711207919172,0,0
55009,1,19,1,2,0.13308622001834763,0,0
55013,3,11,0,2,0.14323125170925144,0,0
55027,1,31,1,2,0.15946085997034962,0,0
55041,3,11,0,2,0.18636710089910957,0,0
55047,2,12,0,2,0.17837735572608984,0,0
55051,3,12,0,2,0.15802500267240296,0,0
55075,3,16,1,2,0.1583359767785243,0,0
55078,4,4,1,2,0.33848504891100417,0,1
55085,1,14,1,2,0.11341484100901554,0,1
55087,1,24,1,2,0.13135227984080716,0,0
55089,1,13,1,2,0.11800517742818742,0,1
55091,1,6,0,2,0.1287302201753725,0,0
55101,2,16,0,2,0.18028530964940329,0,0
55107,3,14,0,2,0.13789821293128307,0,0
55111,1,17,1,2,0.1338756322143197,0,1
55121,1,14,1,2,0.132113644135741,0,0
55139,1,18,1,2,0.15039335060417808,0,0
56031,2,5,1,2,0.27696132814927643,0,1
01001,3,10,1,3,0.2579827398783457,0,1
01011,4,7,1,3,0.3092349740050776,0,1
01013,4,8,0,3,0.309191517660073,0,0
01017,4,10,1,3,0.2876094127489198,0,1
01021,3,14,1,3,0.2900474880709101,0,0
01035,4,13,1,3,0.3027577215427236,0,1
01041,3,11,0,3,0.2704619626943819,0,0
01045,3,14,1,3,0.2626493786700422,0,1
01047,4,10,1,3,0.3008866666480652,0,0
01055,3,14,1,3,0.26913717606027415,0,1
01077,3,9,1,3,0.24356119445989824,0,0
01079,3,10,1,3,0.2958483757045906,0,1
01083,2,15,1,3,0.2660603890224369,0,0
01093,4,12,1,3,0.25657240715958535,0,1
01101,1,24,1,3,0.25554704742821643,0,0
01107,4,8,1,3,0.29400372103338773,0,0
04003,3,23,0,3,0.2590778366186419,0,1
04007,4,13,0,3,0.2877696021241885,0,1
04011,2,3,0,3,0.22834483010260934,0,0
04023,4,9,1,3,0.3299851196005037,0,1
05003,4,7,1,3,0.30859529331026764,0,0
05011,4,7,1,3,0.31120282409318695,0,1
05031,1,16,1,3,0.2992415022151507,0,0
05033,3,11,1,3,0.3172604995323416,0,1
05097,4,9,1,3,0.3039291446274209,0,1
05107,4,12,1,3,0.3633377039575845,0,0
05113,4,7,1,3,0.3054179506256784,0,0
05129,4,10,1,3,0.2937047084228338,0,1
05133,4,7,1,3,0.3348933346140074,0,0
05139,4,10,1,3,0.291068277753467,0,1
05141,4,12,1,3,0.28077671457420295,0,0
05143,3,20,0,3,0.2264889455478561,0,0
05149,4,13,1,3,0.32055822045632704,0,0
06003,1,3,0,3,0.23505919013194507,0,0
06009,1,20,1,3,0.24112580377197843,0,1
06021,3,7,1,3,0.3327667202612823,0,0
06031,4,12,1,3,0.3371785774776331,0,0
06033,3,15,1,3,0.30334784422223987,0,1
06039,4,18,0,3,0.34587237982250646,0,0
06041,1,29,1,3,0.1468557155803707,0,0
06047,4,24,0,3,0.332682527232784,0,1
06051,1,9,0,3,0.24082352730707685,0,0
06067,2,57,0,3,0.25785327860692264,0,0
06069,2,7,1,3,0.2545799045712497,0,0
06081,1,30,0,3,0.1675942198495802,0,0
06083,2,24,1,3,0.2182366564152776,0,0
06107,4,41,0,3,0.3613840667092785,0,0
06113,3,19,1,3,0.25005434032836044,0,0
08009,4,8,1,3,0.2622879753817762,0,1
08013,1,22,1,3,0.2468810850206541,0,0
08015,2,5,0,3,0.16006472305959193,0,0
08025,4,6,0,3,0.28433001489009674,0,0
08033,1,5,0,3,0.19217484411802782,0,0
08037,1,13,1,3,0.15218653287396322,0,0
08039,1,14,0,3,0.20200021267140647,0,0
08045,1,8,1,3,0.19762441058508423,0,1
08053,1,3,0,3,0.16235968807597848,0,0
08063,2,6,0,3,0.25165389302480107,0,0
08089,4,7,0,3,0.29905714066837136,0,0
08097,1,7,0,3,0.15894939176248912,0,0
08099,3,6,1,3,0.23628945535675291,0,1
08101,3,15,1,3,0.28955711155905417,0,0
08113,1,7,1,3,0.13706471754391233,0,1
09009,1,41,1,3,0.17159581809568858,0,0
10001,1,18,1,3,0.2682856509539716,0,0
12001,3,23,1,3,0.18147694929655647,0,0
12011,2,53,0,3,0.17556521218625587,0,0
12027,4,4,0,3,0.2987357626663019,0,0
12041,4,5,1,3,0.22807154900333246,0,0
12045,2,2,0,3,0.20890754597399494,0,0
12057,2,56,0,3,0.17697405619199838,0,0
12069,2,28,0,3,0.21498306481843954,0,0
12071,1,38,0,3,0.1764584822724401,0,0
12086,3,79,0,3,0.20533663826560405,0,0
12095,3,46,0,3,0.1745971093134477,0,0
12099,2,53,0,3,0.16585538350949025,0,0
12105,3,41,0,3,0.22064606835491196,0,0
12111,2,17,1,3,0.21053568319130786,0,0
12113,1,9,1,3,0.16511919696591199,0,0
12119,1,11,1,3,0.20650189612319317,0,0
12125,1,5,0,3,0.22725576840941372,0,0
13037,4,6,0,3,0.3728901333270272,0,0
13039,3,8,1,3,0.2058353677369847,0,1
13055,4,6,1,3,0.26317880398560445,0,0
13057,1,15,1,3,0.15214790559032473,0,0
13069,4,10,1,3,0.3475294145637963,0,1
13073,1,7,1,3,0.17962671689363527,0,0
13075,4,5,1,3,0.31151788302806566,0,0
13083,3,5,1,3,0.21699182167277797,0,0
13089,1,36,0,3,0.20575750695588363,0,0
13113,1,8,1,3,0.1627336883257183,0,0
13117,1,10,0,3,0.13171347739136277,0,0
13119,3,10,1,3,0.2449607663820281,0,0
13121,1,46,0,3,0.1898299742527526,0,0
13133,3,7,0,3,0.27582099924755277,0,0
13143,3,7,0,3,0.22186521702638054,0,0
13147,4,8,0,3,0.2490486495774212,0,0
13149,3,6,1,3,0.238085945148489,0,1
13155,4,7,1,3,0.3439573595996587,0,1
13163,4,9,1,3,0.35351006415211844,0,0
13165,4,5,1,3,0.36513008312691825,0,1
13177,2,7,0,3,0.263542001841213,0,0
13179,1,9,1,3,0.24165767913904454,0,1
13211,1,9,0,3,0.21130945526858053,0,0
13229,4,7,0,3,0.2954829940273373,0,0
13237,4,5,1,3,0.2894033387151837,0,0
13249,3,7,0,3,0.2582657222653965,0,0
13269,1,6,0,3,0.16455532729329128,0,0
13279,4,3,1,3,0.3219103237795755,0,0
13301,4,9,1,3,0.35747661835925826,0,1
13303,4,10,1,3,0.3399537030335249,0,0
13321,4,12,0,3,0.3414081301310804,0,0
16001,1,17,1,3,0.1724144028184004,0,0
16005,3,10,0,3,0.2819902380141579,0,0
16007,3,10,0,3,0.04054997975259216,0,0
16009,3,9,0,3,0.2166804408396259,0,0
16013,2,8,1,3,0.2752832822212402,0,0
16033,4,3,0,3,0.23845114086827687,0,0
16045,2,7,1,3,0.23407024899816203,0,0
16047,3,6,1,3,0.344204965906318,0,0
16063,3,6,0,3,0.29591987401380465,0,0
16073,3,12,1,3,0.2955676029226032,0,1
16077,4,4,0,3,0.3209541027913059,0,0
17003,1,8,1,3,0.17388043997946243,0,1
17037,2,22,0,3,0.2276080150157141,0,0
17039,2,13,1,3,0.24481564928788688,0,0
17047,2,6,0,3,0.23490438428359514,0,0
17051,3,20,0,3,0.2771642699229246,0,0
17063,1,16,1,3,0.2302793181686902,0,0
17117,2,28,1,3,0.21958235342920476,0,0
17127,3,8,1,3,0.2886938069159407,0,0
17131,1,18,0,3,0.23521116052573562,0,0
17133,1,9,1,3,0.16335376616892852,0,1
17139,2,11,0,3,0.22591208101979113,0,0
17141,2,27,1,3,0.22817179017390557,0,1
17143,1,27,0,3,0.23429271533491722,0,0
17145,3,12,0,3,0.2755675563094063,0,0
17163,2,34,0,3,0.2617305428773806,0,1
17167,2,29,1,3,0.1991411369904073,0,0
17173,2,22,1,3,0.22815716913485293,0,0
17195,2,15,0,3,0.2436316099393375,0,0
18001,3,8,1,3,0.2963469630392228,0,1
18065,3,22,0,3,0.3213533833441329,0,0
18097,3,40,0,3,0.2801249877973161,0,0
18129,1,7,1,3,0.24690906621019584,0,0
18171,2,11,0,3,0.2511820540288508,0,0
18177,3,17,1,3,0.3074291170214011,0,1
19005,2,10,0,3,0.192251880084606,0,0
19025,2,14,0,3,0.27355321159600215,0,0
19035,2,15,0,3,0.2832490149583764,0,0
19049,1,25,1,3,0.19915458566311492,0,0
19063,2,7,0,3,0.24461319235604867,0,0
19065,2,24,0,3,0.23964512676153102,0,0
19073,2,13,0,3,0.243779489788133,0,0
19081,2,13,0,3,0.20959749870177827,0,0
19099,1,19,1,3,0.23226687365353302,0,1
19107,2,19,0,3,0.2395342228521273,0,0
19111,3,12,1,3,0.2765899719881633,0,0
19117,2,9,0,3,0.24440439679395315,0,0
19127,2,21,1,3,0.26676608499217236,0,1
19135,2,7,0,3,0.23252700475015328,0,0
19141,2,14,0,3,0.22338570481673714,0,0
19157,2,17,1,3,0.2144720688863426,0,0
19193,2,25,1,3,0.24304291075161938,0,0
20001,3,11,1,3,0.32511899483139634,0,0
20007,3,11,0,3,0.26404025407309745,0,0
20019,4,10,1,3,0.32981300151396414,0,1
20043,2,10,0,3,0.21780003723614536,0,0
20053,2,9,0,3,0.23394619592980603,0,0
20057,4,10,1,3,0.3440155221987287,0,1
20073,3,11,1,3,0.33271705886388314,0,1
20075,2,4,0,3,0.31992094091003326,0,0
20077,3,10,0,3,0.2891862244355197,0,0
20095,1,12,1,3,0.23319485696604783,0,1
20101,3,5,0,3,0.3089712328739998,0,0
20111,3,12,1,3,0.33205017748513016,0,0
20117,2,13,0,3,0.296926286279405,0,0
20135,3,9,1,3,0.19082998028902426,0,1
20153,3,10,0,3,0.26349229492992704,0,0
20163,2,10,1,3,0.18227751538693507,0,1
20179,1,11,1,3,0.30447969918798884,0,1
20183,2,10,0,3,0.22429350678606,0,0
20193,3,8,0,3,0.27159746929487905,0,0
21027,3,18,1,3,0.3034991720353535,0,0
21041,4,8,1,3,0.29681178438224454,0,1
21051,4,10,1,3,0.30516149744758886,0,0
21075,4,3,1,3,0.3873621063618523,0,1
21085,4,9,1,3,0.30557238240422024,0,0
21101,3,8,1,3,0.301940237483852,0,0
21111,2,41,0,3,0.2401713483706251,0,0
21119,4,24,1,3,0.2700066930484302,0,0
21125,4,8,1,3,0.2841251359142268,0,1
21129,4,6,0,3,0.28031430612453734,0,0
21135,4,9,0,3,0.29196151152438643,0,0
21143,3,4,0,3,0.33238402662238364,0,0
21145,3,7,1,3,0.2806628459907588,0,1
21169,4,10,0,3,0.31474210831974864,0,0
21173,4,5,1,3,0.28573821844100816,0,0
21177,3,17,0,3,0.30880556711875806,0,0
21185,1,11,1,3,0.16560059575767236,0,0
21187,3,9,0,3,0.27982934245036534,0,0
21195,4,39,1,3,0.24047820200874653,0,0
21197,4,4,1,3,0.2650703648572334,0,1
21235,4,7,1,3,0.27089086397449574,0,0
22001,4,15,1,3,0.2952816960683209,0,1
22007,4,9,0,3,0.26888712660196185,0,0
22011,3,9,1,3,0.2831217906119424,0,1
22013,4,13,1,3,0.3385691479857064,0,0
22017,4,25,0,3,0.3086385719010023,0,1
22019,3,16,1,3,0.2709913211640971,0,0
22029,4,5,0,3,0.3406736653784636,0,0
22041,4,7,1,3,0.37288936180796994,0,0
22045,4,10,1,3,0.3089507781277429,0,0
22047,3,8,1,3,0.30106546177116583,0,1
22065,4,4,1,3,0.3589256789518483,0,1
22075,2,9,0,3,0.2784831897749373,0,0
22077,3,17,1,3,0.29301113103946835,0,0
22079,4,27,1,3,0.2772514446339732,0,0
22085,4,12,0,3,0.3189601299412425,0,0
22101,4,8,1,3,0.2747849926909487,0,0
22103,2,17,1,3,0.19236926040848565,0,0
22121,2,5,1,3,0.2830113421354845,0,0
22123,4,4,1,3,0.30064337877000163,0,1
23011,2,27,1,3,0.16432314702127704,0,0
23023,1,8,0,3,0.13406350442577908,0,0
23025,4,24,1,3,0.2302960632034534,0,0
24025,1,24,0,3,0.18241575194781312,0,1
24027,1,24,1,3,0.1298801833477014,0,0
24029,2,9,1,3,0.23102912302023793,0,0
24033,1,39,0,3,0.16922283539918498,0,1
24039,1,11,1,3,0.294509478344631,0,0
24047,2,12,1,3,0.22953802559219377,0,1
25005,2,36,1,3,0.16677855447169432,0,0
26005,2,24,1,3,0.2419142872802763,0,0
26023,3,13,1,3,0.2992578421592689,0,0
26065,1,22,1,3,0.38163022696327137,0,0
26067,2,21,1,3,0.24163252518403947,0,0
26069,3,12,0,3,0.2365948721332788,0,0
26073,4,15,1,3,0.21846838802555127,0,1
26079,3,8,0,3,0.23367672231875555,0,0
26097,3,15,0,3,0.24024765467160342,0,0
26105,3,10,0,3,0.224392738983741,0,0
26123,3,21,1,3,0.24350512253072595,0,1
26131,3,12,0,3,0.2261446515598719,0,0
26135,3,8,0,3,0.22801202121194383,0,0
26159,3,22,1,3,0.2722031446583926,0,0
27001,2,12,1,3,0.21559831459073037,0,0
27007,3,18,1,3,0.2231446196266346,0,0
27011,2,10,0,3,0.21182965531295203,0,0
27013,3,20,0,3,0.18693672263305544,0,0
27019,1,18,0,3,0.1575348552393338,0,0
27039,1,10,0,3,0.1956848996773365,0,0
27061,2,30,1,3,0.23369396747538568,0,1
27065,2,9,0,3,0.2140340802165281,0,0
27069,1,11,0,3,0.19833576647759857,0,0
27071,2,13,0,3,0.21954554021979197,0,0
27075,1,8,0,3,0.16280445754262118,0,0
27077,1,4,0,3,0.04058402994282279,0,0
27083,3,14,1,3,0.20197721939701943,0,0
27089,1,15,0,3,0.23806523563753698,0,0
27091,2,15,0,3,0.2188540691687054,0,0
27113,1,7,0,3,0.22718026550363318,0,0
27117,2,9,0,3,0.23638611013376373,0,0
27135,1,11,1,3,0.22626810399170194,0,0
27139,1,10,1,3,0.1665630224054536,0,0
27143,1,16,0,3,0.2072316590250063,0,0
27147,1,11,0,3,0.22949424832920898,0,0
27155,1,9,0,3,0.2057173293974703,0,0
28011,4,17,1,3,0.3517271690792223,0,1
28017,4,8,0,3,0.2737957214623781,0,0
28055,4,6,0,3,0.21435277886017354,0,0
28057,3,10,1,3,0.21773975688213879,0,0
28069,4,11,1,3,0.2703368888310538,0,1
28071,4,13,1,3,0.2353215742689828,0,0
28073,3,6,1,3,0.1774459771327515,0,0
28087,3,8,1,3,0.238804068143978,0,0
28101,4,11,1,3,0.24763375468387774,0,0
28105,4,6,0,3,0.22278661822306597,0,0
28127,3,10,1,3,0.24883358697175764,0,0
28141,4,9,1,3,0.24075499878237397,0,0
28145,3,11,1,3,0.21276041080468716,0,0
28149,4,3,0,3,0.26202672464343335,0,0
28155,4,10,0,3,0.24055775326730422,0,0
28157,4,4,0,3,0.21489975799013483,0,0
29011,4,8,1,3,0.33617261758496503,0,1
29031,3,19,1,3,0.25889143779168444,0,1
29043,1,21,1,3,0.193451945963322,0,1
29047,1,23,0,3,0.2601371785038203,0,0
29059,4,13,1,3,0.28972595588502514,0,0
29069,4,14,1,3,0.3811085758572149,0,1
29071,1,23,1,3,0.26743873265781254,0,0
29077,3,21,0,3,0.22852236196487674,0,0
29085,4,13,1,3,0.2656431961827838,0,1
29087,3,6,0,3,0.30034203683783256,0,0
29089,3,10,0,3,0.2612944117965681,0,0
29091,4,12,1,3,0.308222927393145,0,0
29093,3,16,1,3,0.2797693099484302,0,1
29097,3,19,0,3,0.30287324524574144,0,1
29107,2,16,1,3,0.2711827109775275,0,1
29111,3,12,0,3,0.29190590169133446,0,0
29127,3,10,1,3,0.268091349224617,0,0
29129,2,7,0,3,0.2634178259092563,0,0
29131,3,17,1,3,0.25302708315039685,0,0
29147,4,18,1,3,0.2533433275482816,0,0
29159,3,15,1,3,0.28386469369038825,0,1
29186,2,8,1,3,0.24940037493890824,0,0
29199,3,10,1,3,0.30695216100312556,0,1
29201,4,14,1,3,0.333000685715316,0,1
29213,3,20,1,3,0.26130242491703626,0,1
29229,4,11,1,3,0.31844526765679715,0,0
30009,1,13,0,3,0.2276436443481207,0,0
30033,2,8,0,3,0.23273122378149633,0,0
30051,4,5,0,3,0.33215883731663803,0,0
30057,1,18,0,3,0.18973606755513836,0,0
30061,4,5,1,3,0.2740841167393164,0,1
30069,2,4,0,3,0.23632171797688503,0,0
30077,2,8,0,3,0.23358129752967283,0,0
30087,3,8,1,3,0.29749221899501366,0,1
30095,1,10,0,3,0.19961189823838105,0,0
30099,2,12,0,3,0.24326028358562643,0,0
30105,3,12,1,3,0.27542473390726085,0,1
30109,2,2,0,3,0.25094479593603014,0,0
31005,2,8,0,3,0.23840946961520548,0,0
31019,1,14,0,3,0.21868177263576483,0,0
31025,1,20,1,3,0.2248439041951629,0,0
31059,1,14,0,3,0.15417557200766066,0,0
31061,2,8,1,3,0.23870951675735952,0,1
31067,2,18,1,3,0.2710374732515728,0,0
31081,1,14,0,3,0.2137746289011503,0,0
31091,1,1,0,3,0.2552331154290975,0,0
31103,2,4,0,3,0.15738728152358783,0,0
31113,2,3,0,3,0.22006072020107523,0,0
31123,2,7,0,3,0.288412882668433,0,0
31131,1,19,1,3,0.23034922613760386,0,0
31181,2,8,0,3,0.2310818932181856,0,0
31185,1,15,1,3,0.2008398919789993,0,0
32007,1,14,1,3,0.3165728286104689,0,1
33009,1,37,1,3,0.13149876853879885,0,0
33017,1,17,0,3,0.14667718210062863,0,0
33019,2,19,0,3,0.14932828691828606,0,0
34003,1,66,0,3,0.1304023530429148,0,0
34007,1,35,0,3,0.1729660053153058,0,0
34011,1,22,1,3,0.23402389956463135,0,0
34023,1,44,0,3,0.1477901198612248,0,0
34035,1,32,1,3,0.1284497369609236,0,0
35005,4,9,1,3,0.378241991480464,0,1
35011,4,1,0,3,0.30264994614562074,0,0
35015,3,8,1,3,0.07182401842862049,0,1
35028,1,1,0,3,0.1396961215743489,0,0
35035,4,18,1,3,0.3230764481092696,0,0
35037,4,10,1,3,0.3040814653567431,0,1
36005,4,28,0,3,0.28322808268484845,0,0
36011,1,26,1,3,0.23409258498361507,0,0
36013,3,36,1,3,0.21794745228762535,0,0
36037,2,18,1,3,0.20878479597741711,0,1
36041,2,13,1,3,0.16644454647997972,0,1
36067,2,55,0,3,0.20265056819807034,0,0
36073,3,15,1,3,0.2714650585080735,0,0
36079,1,12,0,3,0.12982581182571504,0,0
36083,2,29,1,3,0.167918124551095,0,0
36089,3,49,1,3,0.22375724655343462,0,0
36119,1,77,0,3,0.16042340712095118,0,0
37009,1,12,0,3,0.18407048621983216,0,0
37011,3,10,0,3,0.1832835292511943,0,0
37025,2,16,1,3,0.18085196332533052,0,0
37027,3,10,1,3,0.2033431520406953,0,1
37029,2,5,0,3,0.2094524410128737,0,0
37031,2,19,1,3,0.18132989573015015,0,0
37037,1,18,1,3,0.14680763420135215,0,1
37063,2,16,1,3,0.15639953333494375,0,0
37069,3,13,1,3,0.21447466183344163,0,0
37075,4,2,0,3,0.2391880125008026,0,0
37091,4,9,1,3,0.3354605668092651,0,0
37093,3,9,1,3,0.24549168972252544,0,1
37107,4,10,1,3,0.26976330358617295,0,0
37127,3,15,1,3,0.23965789355053285,0,0
37137,3,9,0,3,0.24485427591889827,0,0
37141,3,13,1,3,0.1975400065830928,0,1
37149,2,7,0,3,0.1622167628921266,0,0
37155,4,13,0,3,0.28988282933887793,0,1
37161,1,16,1,3,0.19296770098699614,0,1
37165,4,7,1,3,0.3075910637848774,0,1
37177,4,3,0,3,0.28627272758926475,0,0
37183,1,39,0,3,0.13506138504713236,0,0
37191,1,14,1,3,0.24679284278445854,0,0
37195,4,17,1,3,0.23662350519883338,0,0
37197,3,7,0,3,0.22800833971724205,0,0
38001,1,6,0,3,0.26751873656627856,0,0
38011,1,5,0,3,0.2116054708126317,0,0
38017,1,29,0,3,0.21532164704634424,0,0
38019,1,16,0,3,0.21847632084172247,0,0
38021,1,8,0,3,0.2158202779334133,0,0
38031,1,8,0,3,0.1927140822904603,0,0
38047,1,7,0,3,0.2329143713913362,0,0
38053,1,12,0,3,0.22488911128999972,0,0
38057,1,10,0,3,0.2503555277141623,0,0
38071,1,12,0,3,0.10946329110951908,0,0
39013,2,27,1,3,0.22850074365176434,0,0
39017,2,17,1,3,0.2689135024321596,0,0
39019,2,20,1,3,0.2430881821836454,0,0
39021,1,17,0,3,0.2852407706110486,0,0
39023,3,22,1,3,0.29390940356909817,0,0
39043,2,13,0,3,0.268068574530758,0,0
39061,1,57,0,3,0.22141815006962723,0,1
39071,4,15,1,3,0.31285792698444004,0,1
39077,2,14,1,3,0.2716538904525727,0,1
39083,2,16,0,3,0.2612536950805725,0,0
39089,2,28,1,3,0.2297451423966032,0,0
39099,2,36,1,3,0.27175572258125574,0,0
39123,2,18,1,3,0.2717438784313449,0,0
39137,1,17,1,3,0.2219706125399,0,0
39139,1,19,1,3,0.2564971547887448,0,0
39151,1,42,1,3,0.24970504756739734,0,0
39157,2,27,0,3,0.22733169055055127,0,0
39163,4,15,0,3,0.28913298603497434,0,0
39169,2,25,1,3,0.23085750709105432,0,1
39173,2,32,1,3,0.2543334661730812,0,0
40011,3,13,1,3,0.3592388765689436,0,1
40017,1,13,1,3,0.27519294252133414,0,0
40033,3,11,0,3,0.37822537942601714,0,0
40039,4,13,1,3,0.34593926340933934,0,0
40047,1,22,1,3,0.302427613060115,0,1
40049,3,13,1,3,0.3539397474598334,0,0
40055,4,4,1,3,0.3325244874386004,0,1
40057,4,6,0,3,0.34316086039140725,0,0
40071,4,10,1,3,0.3661505253938362,0,1
40087,1,12,0,3,0.3146039336338529,0,0
40097,4,17,1,3,0.3756804864175557,0,1
40099,3,7,1,3,0.3755450253216488,0,0
40101,4,15,1,3,0.3776566434759212,0,0
40103,2,11,0,3,0.29383498801000235,0,0
40105,3,7,1,3,0.38660717556739493,0,1
40107,4,11,1,3,0.3883665656110993,0,1
40119,1,14,1,3,0.39787110244271817,0,0
40129,3,9,0,3,0.32255902942265574,0,0
40131,1,12,1,3,0.31292266907344124,0,0
40149,3,18,1,3,0.316030065088581,0,1
41025,2,10,0,3,0.28504557325305746,0,0
41039,3,39,1,3,0.22524036186701174,0,0
41053,2,11,1,3,0.22392585438918475,0,0
41069,4,5,0,3,0.2947174598884675,0,0
42001,1,17,1,3,0.20279461595602896,0,0
42003,1,114,0,3,0.1473524701543806,0,0
42005,2,36,1,3,0.18285569836302196,0,0
42025,2,20,1,3,0.20650005790882703,0,0
42031,3,31,0,3,0.19866526108004945,0,0
42039,3,27,1,3,0.20640120612360255,0,1
42043,2,30,1,3,0.23048285192967022,0,0
42055,1,30,1,3,0.19235076799742795,0,0
42059,2,26,1,3,0.17587894904092752,0,0
42081,2,25,1,3,0.18586642988455593,0,0
42091,1,69,0,3,0.16466344056502566,0,0
42097,2,28,1,3,0.23251861760227116,0,0
42101,4,46,0,3,0.24054342859346947,0,1
42107,2,59,1,3,0.23519828428142978,0,0
42109,2,15,1,3,0.21009628908876185,0,0
42119,1,14,1,3,0.1777658333550183,0,1
42127,2,30,1,3,0.1657847231443308,0,1
44003,1,9,1,3,0.15442341384085992,0,0
45001,4,13,1,3,0.29352111505888573,0,0
45017,4,7,1,3,0.3232515174085703,0,0
45023,4,10,1,3,0.31403171517287404,0,1
45029,4,14,1,3,0.3131819396376787,0,1
45039,4,9,1,3,0.3230935685305301,0,0
45045,1,27,0,3,0.2092790468554277,0,0
45047,4,9,1,3,0.2913903420242431,0,0
45059,4,16,1,3,0.2876552560702879,0,0
45071,3,11,0,3,0.3066577619836517,0,0
45087,4,9,1,3,0.29149779592197567,0,0
46003,1,9,0,3,0.21945048575504691,0,0
46005,3,11,0,3,0.21415056913032865,0,0
46011,2,12,0,3,0.16049894598597658,0,0
46035,2,6,1,3,0.20415436813162546,0,0
46047,3,7,0,3,0.2650730372578925,0,0
46069,1,5,0,3,0.1606038665490258,0,0
46071,4,12,0,3,0.3398542858996559,0,0
46081,1,9,0,3,0.26055931451951464,0,0
46085,2,9,0,3,0.27136770533750637,0,0
46097,1,9,0,3,0.18936249050297208,0,0
46101,2,13,0,3,0.19303123869806846,0,0
46103,2,20,1,3,0.196006422473244,0,0
46105,2,9,0,3,0.2467993269061011,0,0
46117,1,4,0,3,0.1890145792430199,0,0
47001,3,11,1,3,0.2240725096624913,0,1
47003,3,13,1,3,0.27856238577907105,0,1
47029,4,8,0,3,0.30821131817870795,0,0
47035,3,11,1,3,0.23846859126245942,0,0
47043,2,11,1,3,0.2786598804315546,0,1
47057,4,9,0,3,0.3083487695674747,0,0
47063,4,7,1,3,0.3107274320027956,0,1
47069,4,12,1,3,0.29340954869061553,0,0
47071,4,13,1,3,0.2764116516280424,0,0
47085,3,4,1,3,0.29397006772066264,0,0
47087,4,11,0,3,0.2698265363916778,0,0
47089,3,10,1,3,0.2520038193138015,0,1
47117,3,12,1,3,0.24402995214673967,0,1
47125,3,15,1,3,0.2574202738356001,0,0
47131,4,12,1,3,0.31732293020717084,0,1
47133,3,11,0,3,0.2786639746265597,0,0
47137,4,6,0,3,0.24772618552039738,0,0
47141,1,10,1,3,0.34412334011696033,0,0
47149,1,20,1,3,0.2684641953512286,0,0
48013,3,15,1,3,0.3729994299052468,0,0
48047,4,2,1,3,0.45429188003576,0,1
48053,2,13,1,3,0.2907966475544732,0,1
48059,2,9,0,3,0.2668794821246995,0,0
48075,4,4,1,3,0.3099858155315318,0,1
48083,2,15,1,3,0.28323948000566085,0,1
48087,4,5,1,3,0.31682968216858276,0,1
48093,2,14,1,3,0.2970411680007092,0,0
48109,4,2,1,3,0.04611632398049944,0,1
48117,4,6,1,3,0.3673386757366227,0,0
48119,3,7,1,3,0.32237513237385235,0,1
48135,2,8,1,3,0.2839207556292546,0,0
48147,2,19,1,3,0.315518273206708,0,1
48153,3,6,0,3,0.32766019251021417,0,0
48159,1,7,1,3,0.2481795093002386,0,1
48161,4,9,1,3,0.3175691653600648,0,0
48169,4,4,1,3,0.3521169842705202,0,1
48185,3,11,1,3,0.3644264763583063,0,0
48191,4,6,0,3,0.3467231319129472,0,0
48195,4,3,0,3,0.376667907653904,0,0
48209,2,14,1,3,0.23007996498804759,0,0
48223,3,13,1,3,0.30030417884351696,0,1
48231,3,17,0,3,0.34370284747570495,0,1
48239,2,10,1,3,0.3237246087565875,0,0
48247,4,1,1,3,0.42192458779449943,0,1
48257,2,13,0,3,0.31832772885360977,0,1
48279,4,13,0,3,0.3362222126617944,0,0
48281,2,6,1,3,0.3119611061334468,0,0
48287,2,9,1,3,0.2969014188494949,0,0
48289,3,8,1,3,0.3139167171627707,0,0
48305,3,7,0,3,0.30267572651866814,0,0
48311,3,7,0,3,0.3504025797397344,0,0
48315,4,7,1,3,0.31122938559983593,0,1
48329,1,9,1,3,0.23863265076828594,0,0
48333,2,8,0,3,0.31278358028098213,0,0
48337,3,10,1,3,0.35169365335724023,0,0
48345,3,6,0,3,0.2729769428527508,0,0
48349,4,17,1,3,0.3505087094004115,0,1
48355,3,26,0,3,0.3308389485070135,0,0
48361,2,4,1,3,0.2911383807105615,0,0
48373,3,9,1,3,0.3200926078721135,0,1
48375,4,16,1,3,0.34539854723617175,0,0
48383,2,2,0,3,0.3329460412687256,0,0
48391,3,5,1,3,0.3606140373153736,0,1
48405,4,4,1,3,0.3186852755603823,0,1
48431,2,2,0,3,0.33084347541837567,0,0
48437,4,5,1,3,0.3832286383690819,0,1
48439,1,74,0,3,0.2867566522994404,0,0
48483,3,6,0,3,0.2912333645267785,0,0
48503,2,6,1,3,0.31776906537238686,0,0
48507,4,4,1,3,0.42806176939057117,0,1
49007,3,6,0,3,0.2979121845850188,0,0
49021,4,10,1,3,0.22635820694339792,0,1
49027,3,11,0,3,0.24467411650789808,0,0
49053,2,21,0,3,0.20809865288835763,0,1
50021,1,29,1,3,0.13474301431838032,0,0
50023,1,26,1,3,0.12795787179538387,0,1
51015,2,27,1,3,0.20592165536167312,0,1
51025,3,16,1,3,0.2920481106565382,0,0
51029,3,11,0,3,0.26589352986702397,0,0
51035,3,17,0,3,0.25272136786475224,0,0
51041,1,16,0,3,0.17261806308010263,0,0
51057,4,8,1,3,0.2964562709474589,0,1
51071,2,10,0,3,0.19005926071072862,0,0
51083,3,14,1,3,0.2906082509364313,0,1
51097,2,14,0,3,0.2343243127028556,0,0
51099,1,3,0,3,0.1726852423086053,0,0
51119,1,12,1,3,0.2182835184286055,0,1
51131,3,11,1,3,0.24959147681832247,0,1
51143,4,20,1,3,0.28712212944065524,0,0
51147,1,12,1,3,0.0151045897483872,0,0
51149,3,7,1,3,0.27158362285617665,0,1
51159,3,5,1,3,0.2731637579099973,0,1
51177,1,13,1,3,0.16671051345471977,0,0
51181,3,10,0,3,0.28141903072461155,0,0
51185,1,18,1,3,0.17315246230393838,0,0
51590,4,2,1,3,0.286596662778698,0,1
51630,3,3,1,3,0.18529272884859027,0,0
51660,1,3,1,3,0.0009987463289682695,0,1
51690,4,1,1,3,0.2771061806834728,0,0
51730,3,2,1,3,0.2922529549657211,0,1
51735,1,1,0,3,0.1552847104696311,0,0
51750,1,2,1,3,0.9938554877803827,1,0
51800,1,8,1,3,0.23819539894900033,0,1
51830,1,2,0,3,0.15542548005409004,0,0
53007,2,14,1,3,0.20970899844332946,0,0
53013,3,5,0,3,0.2638205153202015,0,0
53021,3,7,1,3,0.3110151978776008,0,0
53051,3,9,0,3,0.26381164948373725,0,0
53053,1,59,0,3,0.2397507027778384,0,0
53077,4,22,1,3,0.33997558236702097,0,0
54003,2,11,1,3,0.25786648492996084,0,0
54005,4,31,1,3,0.2838942003406559,0,0
54007,4,18,0,3,0.26238172543200106,0,0
54009,2,8,1,3,0.2596367111710536,0,0
54015,4,16,0,3,0.2941915563057941,0,0
54021,4,16,0,3,0.25694916374250526,0,0
54035,3,15,1,3,0.25947421922320013,0,0
54057,2,10,0,3,0.2251063988460289,0,0
54059,4,18,1,3,0.2736629846697921,0,0
54061,3,16,1,3,0.16296171383996963,0,0
54063,3,13,0,3,0.27386903831705933,0,0
54065,3,4,1,3,0.26563621915130897,0,0
54077,3,16,0,3,0.26805801253404,0,0
54081,4,42,1,3,0.24684800972377458,0,0
54087,4,13,0,3,0.2837215665195803,0,0
54099,4,17,1,3,0.2877861424932374,0,1
54103,4,12,1,3,0.27342505587618016,0,0
55025,1,45,0,3,0.10399758857460176,0,0
55033,2,22,0,3,0.17469303364783142,0,0
55035,2,15,0,3,0.15882530000160103,0,0
55039,1,24,1,3,0.20389478942806952,0,0
55073,1,28,1,3,0.14677154437988266,0,0
55117,1,17,1,3,0.15854169557506578,0,0
55119,2,14,1,3,0.19986884268356742,0,0
55129,2,12,0,3,0.15815161155720014,0,0
55135,1,16,1,3,0.1877492072035802,0,1
55137,2,17,1,3,0.1926299171111243,0,0
56021,1,12,1,3,0.23644929687406444,0,0
01007,3,11,0,4,0.28748184543585603,0,0
01015,3,14,1,4,0.23197368375888502,0,0
01019,4,11,1,4,0.2798438228356547,0,0
01031,3,16,1,4,0.2421634730408172,0,1
01051,2,13,1,4,0.21987691057213024,0,0
01057,4,10,1,4,0.25842740467169184,0,0
01069,4,14,1,4,0.27571569407533525,0,1
01071,4,22,1,4,0.28964230070373803,0,1
01081,1,14,0,4,0.19960358736650635,0,1
01111,3,8,1,4,0.2714388515291872,0,0
04009,4,10,1,4,0.30106540745524424,0,1
04025,2,31,0,4,0.2191946380942516,0,1
05009,3,9,1,4,0.24691551481025742,0,1
05017,4,6,0,4,0.37205032603144944,0,0
05023,3,17,1,4,0.22938239594186347,0,0
05041,4,12,1,4,0.3911381658901308,0,1
05043,4,9,1,4,0.2602548720945638,0,0
05055,4,9,1,4,0.27237559018385804,0,1
05063,4,20,1,4,0.25204412813067467,0,1
05083,4,12,1,4,0.3012738205158589,0,0
05093,4,15,1,4,0.39326455487623274,0,0
05095,4,9,1,4,0.3645820530867122,0,1
05099,4,10,1,4,0.2894888345820063,0,1
05105,4,8,1,4,0.2800362937804203,0,1
05111,4,10,1,4,0.33740158329545855,0,0
05131,3,16,0,4,0.2548823516013555,0,1
05137,4,16,0,4,0.2839442651717797,0,0
05145,4,17,1,4,0.2588611924591138,0,0
06007,4,18,1,4,0.2674540943538031,0,0
06053,3,31,0,4,0.2157933248444406,0,0
06065,2,75,0,4,0.2698618872829844,0,1
06085,1,63,0,4,0.1529452763258906,0,0
06087,2,17,1,4,0.16671360261152518,0,0
06093,3,23,1,4,0.28428216819063207,0,1
08011,4,6,0,4,0.3089806347507462,0,0
08031,2,36,0,4,0.18154706724523556,0,0
08035,1,18,1,4,0.14899474130142415,0,0
08043,3,11,1,4,0.1993691710043749,0,1
08065,3,2,0,4,0.1946181234617232,0,0
08081,2,5,1,4,0.28163232989156484,0,1
08105,4,4,0,4,0.21919800213127882,0,0
08107,1,9,1,4,0.18383208945592627,0,0
08111,1,2,0,4,0.17905683153822644,0,0
09007,1,24,1,4,0.13649712131566502,0,0
10005,2,24,1,4,0.20453642909004138,0,0
11001,1,29,0,4,0.15318764687299694,0,1
12003,2,5,1,4,0.18934780940466567,0,0
12007,1,9,0,4,0.20591162766600377,0,0
12013,3,8,0,4,0.2374417052583791,0,0
12021,1,23,0,4,0.14069279690087086,0,0
12039,4,7,1,4,0.3167798211119286,0,1
12053,3,12,1,4,0.20062523800909127,0,0
12065,4,4,1,4,0.2698932167498662,0,0
12075,4,13,1,4,0.22832858477789886,0,0
12089,1,6,1,4,0.15101722666357092,0,0
12117,2,17,1,4,0.1372893645797228,0,0
13007,3,6,0,4,0.29059352268263766,0,0
13009,4,6,1,4,0.31367809120401646,0,1
13017,4,4,1,4,0.3536913210681647,0,0
13019,4,6,1,4,0.31308376247888625,0,0
13033,4,9,1,4,0.3404576408450421,0,0
13035,4,5,1,4,0.2831531552011743,0,0
13063,1,16,1,4,0.2887339625561524,0,0
13077,1,10,1,4,0.16531602245491822,0,0
13085,1,5,1,4,0.15061708098740378,0,0
13087,4,8,1,4,0.31380842309759516,0,0
13097,2,8,1,4,0.18602473927734764,0,0
13109,4,6,1,4,0.3352230807463661,0,1
13153,2,12,1,4,0.2527770132143199,0,0
13159,3,6,0,4,0.29587510691895713,0,0
13167,4,5,1,4,0.3416045392974039,0,1
13183,4,5,0,4,0.27704155585743945,0,0
13185,1,11,0,4,0.2512941776335946,0,1
13223,1,11,1,4,0.17150491940055723,0,0
13225,4,3,1,4,0.3017836423854951,0,0
13233,4,8,1,4,0.2446147918701113,0,1
13247,2,9,1,4,0.23396519198451177,0,1
13257,3,5,1,4,0.20000645974011505,0,0
13273,4,7,1,4,0.3864339797053852,0,1
13275,3,9,1,4,0.2735333780963418,0,1
13285,4,7,1,4,0.2730871601355137,0,1
13293,4,7,1,4,0.26995424481601604,0,0
13299,4,7,1,4,0.31425722179765164,0,1
13305,4,6,1,4,0.2837652680140802,0,0
13309,4,4,1,4,0.32745143381481634,0,1
16011,3,11,1,4,0.24500082418142088,0,0
16021,3,4,0,4,0.23727016639481396,0,0
16023,3,3,0,4,0.2177397837562466,0,0
16027,3,13,0,4,0.2903113952977009,0,0
16039,3,7,1,4,0.24643750439408332,0,0
16043,3,9,0,4,0.26496717337520703,0,0
16053,4,5,0,4,0.3261880543432436,0,0
16057,1,14,0,4,0.16166541038182486,0,0
16061,2,7,0,4,0.2094082130095663,0,0
17005,3,12,0,4,0.23941804377116502,0,0
17011,2,30,1,4,0.24044460769612772,0,1
17013,2,7,1,4,0.20132151290598552,0,1
17041,2,13,1,4,0.2417040402505213,0,0
17043,1,43,1,4,0.12974422587417994,0,0
17075,2,25,1,4,0.26378422230638854,0,0
17101,3,7,0,4,0.24806626917699307,0,0
17103,2,24,1,4,0.23002410417475055,0,1
17105,3,29,1,4,0.2746079460628802,0,1
17111,1,24,1,4,0.14704190158219435,0,0
17149,3,16,1,4,0.23285349423064913,0,0
17153,4,10,0,4,0.3372121032287446,0,0
17155,1,8,0,4,0.20932943684810962,0,0
17175,3,10,0,4,0.28123062824910144,0,0
17185,2,7,0,4,0.2257082566686869,0,0
17191,3,20,0,4,0.24745398934007207,0,0
17201,2,26,1,4,0.25915262053407245,0,0
18005,2,14,1,4,0.23315369461842303,0,1
18013,1,9,1,4,0.22300568715858582,0,0
18019,2,15,1,4,0.24171638522896782,0,0
18029,1,9,1,4,0.22054466353603974,0,0
18033,1,14,0,4,0.23831982892905312,0,0
18037,1,13,1,4,0.2246445647809857,0,1
18039,2,17,1,4,0.2926695791417008,0,0
18045,2,10,0,4,0.2770851193276084,0,0
18049,2,16,0,4,0.2656227163194219,0,0
18061,2,16,1,4,0.23225686369415308,0,1
18079,2,13,1,4,0.2764074808462757,0,0
18105,1,18,1,4,0.1903144539690795,0,0
18113,1,17,0,4,0.2739605018214718,0,0
18127,1,15,1,4,0.22331999065280905,0,0
18131,3,13,0,4,0.3156555948489808,0,0
18155,3,9,0,4,0.29945625381606267,0,0
19017,1,12,0,4,0.17049325508613003,0,0
19027,1,16,1,4,0.22183987167171576,0,0
19029,2,13,0,4,0.27934597001239164,0,0
19031,1,18,1,4,0.20582652781664365,0,0
19045,2,20,1,4,0.2476354301269451,0,0
19047,3,19,0,4,0.24125260652426095,0,0
19055,1,16,0,4,0.1928196061285966,0,0
19057,3,12,1,4,0.2432319382360465,0,1
19059,1,10,0,4,0.19418219828115127,0,0
19097,2,14,1,4,0.19878621474923563,0,0
19101,1,16,0,4,0.19516924120203422,0,0
19115,2,13,0,4,0.24972642195098305,0,0
19119,1,12,0,4,0.21285841822404633,0,0
19121,1,14,1,4,0.19552627791336563,0,0
19137,3,10,0,4,0.24861303933590212,0,0
19143,2,8,0,4,0.24130988710436707,0,0
19145,2,12,1,4,0.2432057758582428,0,0
19147,1,14,0,4,0.20739847040385634,0,0
19161,2,16,1,4,0.2199904415714247,0,1
19175,2,10,0,4,0.23949997173187215,0,0
19181,1,19,1,4,0.19536812476321905,0,1
19183,2,13,0,4,0.2313224038301873,0,0
19187,3,22,1,4,0.22929672692528766,0,0
20009,3,10,1,4,0.26701412987248363,0,0
20035,3,14,1,4,0.329213736979194,0,1
20049,3,10,0,4,0.3456464864939884,0,0
20079,1,13,1,4,0.2555288229395855,0,1
20087,2,15,1,4,0.22207960601336435,0,0
20099,4,13,1,4,0.35240234977227913,0,0
20107,3,11,0,4,0.27577767761862326,0,0
20113,1,12,1,4,0.22739228374088918,0,0
20133,4,11,1,4,0.334624024382183,0,0
20141,2,12,0,4,0.2498087357901091,0,0
20155,2,22,1,4,0.29468909358962325,0,0
20173,2,50,0,4,0.25816373839914714,0,1
20175,4,6,1,4,0.38102273610957366,0,0
20189,4,4,0,4,0.3623013050856403,0,0
20203,1,3,0,4,0.29818180306791114,0,0
21011,4,8,1,4,0.28716212729669693,0,1
21015,1,9,1,4,0.186175847783675,0,0
21017,3,9,0,4,0.307494586090911,0,0
21045,4,15,0,4,0.32713328425322474,0,0
21047,4,15,1,4,0.3162717426377422,0,0
21049,3,4,1,4,0.25181558966471457,0,1
21057,4,3,1,4,0.32498931651769286,0,1
21063,4,6,1,4,0.30095014058442515,0,1
21069,4,7,1,4,0.3185272613009151,0,0
21071,4,33,1,4,0.29207130999021325,0,1
21087,4,8,0,4,0.335649969597476,0,0
21097,3,6,1,4,0.3121693583374082,0,0
21109,4,5,0,4,0.2986440291798233,0,0
21117,2,12,1,4,0.1908485621974253,0,0
21133,1,26,1,4,0.2760091765249841,0,0
21151,1,5,1,4,0.24588314583045148,0,0
21155,1,11,0,4,0.28741526909421566,0,0
21161,4,5,1,4,0.2746578443269201,0,0
21167,2,5,1,4,0.2812845740263941,0,0
21205,4,4,1,4,0.20621112556841495,0,0
21209,2,6,1,4,0.2439151048669725,0,1
21217,4,6,1,4,0.2962389779091323,0,0
21219,3,9,0,4,0.3410318135437347,0,0
21221,2,5,1,4,0.3132467378129378,0,0
22031,4,10,1,4,0.2777609849311047,0,0
22037,3,8,0,4,0.2988251755793085,0,0
22053,3,10,1,4,0.3029705728483506,0,1
22069,4,16,1,4,0.32426899370540563,0,1
22089,1,10,1,4,0.21316059062277806,0,1
22093,3,7,1,4,0.2733177748074174,0,0
22113,3,12,1,4,0.2985918861139716,0,1
22115,3,13,1,4,0.23218648008780632,0,1
23021,3,16,1,4,0.2313275747965964,0,0
24003,1,40,0,4,0.16166537241229412,0,0
24005,1,54,0,4,0.19659311536646606,0,1
24011,3,10,1,4,0.3008432045331765,0,1
24017,1,24,1,4,0.18444428960405518,0,0
24037,1,26,1,4,0.17767561524621586,0,0
24041,1,16,1,4,0.17821929827042776,0,0
24045,3,16,0,4,0.23180346539767444,0,1
25017,1,83,0,4,0.10973996556249513,0,0
26003,2,13,0,4,0.2076273634606088,0,0
26025,3,22,1,4,0.27454274079947155,0,0
26029,2,10,0,4,0.17580102141180803,0,0
26037,2,17,0,4,0.20577314656057158,0,0
26039,3,4,0,4,0.23441648243198124,0,0
26041,3,13,1,4,0.2142798420225207,0,1
26043,2,11,0,4,0.16241329602588772,0,0
26051,4,7,0,4,0.2725555401624352,0,0
26063,2,18,1,4,0.27213810797890803,0,1
26077,2,25,1,4,0.20018223917008646,0,0
26087,2,22,1,4,0.22677431143597798,0,0
26091,2,23,1,4,0.23534037033176194,0,0
26107,3,16,0,4,0.21232669289250763,0,0
26115,1,25,1,4,0.26138380729707406,0,0
26127,3,12,1,4,0.2429855881831408,0,0
26147,2,23,1,4,0.21653999198136134,0,0
26153,3,7,0,4,0.27727224294595276,0,0
26161,2,27,1,4,0.17064664054631834,0,0
27035,2,18,0,4,0.14314169137718707,0,0
27055,1,9,0,4,0.1450643377558438,0,0
27095,2,12,1,4,0.19255508997281068,0,0
27097,2,20,1,4,0.17579356971492513,0,1
27099,2,19,1,4,0.19306367172250602,0,1
27109,1,19,1,4,0.13966960925795283,0,0
27115,2,16,1,4,0.2121241731818238,0,0
27119,2,25,1,4,0.24077139383618648,0,1
27123,2,26,1,4,0.16701696411094707,0,0
27131,1,16,1,4,0.19921459248444987,0,1
27159,3,7,0,4,0.2341854950787857,0,0
27163,1,19,1,4,0.13197393511130504,0,0
27165,2,10,0,4,0.22445675108104785,0,0
27173,2,14,0,4,0.21360895266086408,0,0
28007,4,11,1,4,0.28643550998120754,0,0
28009,3,11,0,4,0.27344165007830107,0,0
28029,4,9,1,4,0.19230470617085887,0,0
28031,4,8,1,4,0.24962364662688877,0,0
28035,1,8,1,4,0.20185044380956185,0,1
28037,4,8,1,4,0.26181536880060646,0,1
28043,4,7,1,4,0.24804826822213497,0,0
28051,4,9,1,4,0.3460007142532555,0,0
28059,3,10,0,4,0.19594506933013114,0,1
28089,1,12,1,4,0.16770824298182116,0,0
28099,4,8,1,4,0.2908941312725713,0,0
28103,4,6,1,4,0.3446214679183941,0,1
28113,4,8,1,4,0.2766858367397933,0,1
28123,4,10,1,4,0.29005195366666314,0,0
28135,4,18,1,4,0.34318999142524564,0,0
28137,3,5,1,4,0.2800589392070373,0,0
28153,4,7,1,4,0.26575565276442964,0,0
28161,4,7,1,4,0.2591418439943322,0,1
28163,4,8,1,4,0.31581924063518574,0,0
29007,3,14,0,4,0.2995516263258401,0,0
29017,4,13,1,4,0.3213104974434257,0,1
29021,3,15,1,4,0.27452935320154853,0,0
29023,4,10,1,4,0.33176882517782097,0,0
29025,3,10,1,4,0.2877232445502258,0,1
29037,1,18,1,4,0.21793102473461334,0,0
29041,3,12,1,4,0.26393815566417345,0,1
29045,3,11,0,4,0.2682685420735227,0,0
29055,4,12,1,4,0.26715046410222637,0,0
29075,3,13,0,4,0.27250199353242366,0,0
29081,4,13,0,4,0.33311541893759233,0,0
29083,4,11,1,4,0.2754973748613651,0,0
29095,2,55,0,4,0.2606695663338407,0,1
29099,1,24,1,4,0.2127916935244779,0,0
29101,2,19,0,4,0.21529886262560552,0,0
29117,3,12,1,4,0.2803247466080566,0,0
29125,3,10,0,4,0.24194579267572594,0,0
29141,4,15,0,4,0.3012648138024142,0,0
29143,4,17,1,4,0.4008754012947802,0,0
29145,3,15,1,4,0.2718863067779927,0,0
29149,4,12,0,4,0.32562769119696033,0,0
29155,4,13,0,4,0.4011367173163429,0,0
29169,2,11,1,4,0.18447721068181738,0,1
29171,3,10,0,4,0.29190635418897926,0,0
29177,2,12,1,4,0.2709203674427821,0,0
29183,1,14,1,4,0.18992892238640913,0,0
29185,4,16,1,4,0.29145133330758566,0,1
29203,4,9,0,4,0.30779239762261695,0,0
29209,1,17,1,4,0.261887145978927,0,1
29211,3,13,1,4,0.3057224273854196,0,1
29215,4,21,1,4,0.32831371066528164,0,0
29217,4,13,1,4,0.29770905662114255,0,0
30013,3,18,1,4,0.25096006325987896,0,1
30017,2,6,0,4,0.25696772992093775,0,0
30019,1,4,0,4,0.21495702935986005,0,0
30029,2,16,1,4,0.17422068724207182,0,0
30043,2,9,0,4,0.19727571095965046,0,0
30049,1,9,1,4,0.15947477624462678,0,0
30053,4,6,1,4,0.24961632983723123,0,0
30055,3,6,0,4,0.3597181226572299,0,0
30063,2,16,0,4,0.17961315638153688,0,0
30073,3,6,1,4,0.313092988674679,0,1
30091,1,11,0,4,0.210865316202562,0,0
30097,1,6,0,4,0.21872222484454748,0,0
30103,3,2,0,4,0.2877919213091615,0,0
30111,2,16,1,4,0.2129313392238607,0,0
31003,2,11,1,4,0.20161486006058177,0,1
31021,2,8,0,4,0.23944545110226245,0,0
31023,1,14,1,4,0.2198664194332893,0,1
31027,1,13,0,4,0.19697802658690497,0,0
31037,3,7,0,4,0.2209509252950873,0,0
31047,3,11,0,4,0.23194241470971985,0,0
31049,2,4,0,4,0.2750331998382293,0,0
31051,1,12,0,4,0.19916566477953476,0,0
31053,2,14,0,4,0.2220405182552007,0,0
31077,1,8,0,4,0.20437641095504575,0,0
31087,2,6,0,4,0.25512872986900753,0,0
31093,1,11,1,4,0.18751476591055757,0,1
31099,2,11,0,4,0.18175864180362264,0,0
31109,2,42,1,4,0.15810955810490573,0,0
31115,2,5,0,4,0.2223215401082201,0,0
31135,1,10,1,4,0.23720388976395915,0,1
31137,2,10,0,4,0.20418682757516268,0,0
31151,3,12,0,4,0.25655984165428175,0,0
31159,1,18,0,4,0.18093949859748965,0,0
31163,2,8,0,4,0.22422621298222212,0,0
32005,1,9,1,4,0.22036674977729298,0,0
33007,2,16,1,4,0.178664598178416,0,1
33011,1,34,1,4,0.12830358865019204,0,0
33015,1,37,1,4,0.10955868976598239,0,0
34005,1,38,0,4,0.1364351887143359,0,0
34009,1,15,1,4,0.16600173317895855,0,0
34029,1,30,0,4,0.14023964332478192,0,0
35006,4,17,0,4,0.3887365367415643,0,0
35017,4,16,1,4,0.28012359488313415,0,0
35023,4,5,0,4,0.3413487121652002,0,0
35029,4,3,1,4,0.39896008000766486,0,0
35039,1,37,1,4,0.26920908106353797,0,0
35041,4,9,1,4,0.3146450674695526,0,0
35047,4,19,0,4,0.3338466371284102,0,0
35053,4,14,1,4,0.33788334934049785,0,0
35057,4,9,0,4,0.3873817258830003,0,0
35059,3,8,0,4,0.31195081219662385,0,0
36021,2,36,1,4,0.16255360561754603,0,1
36029,2,70,0,4,0.20377934311609155,0,0
36049,3,23,0,4,0.22646044313919517,0,0
36051,2,30,0,4,0.20831385636367886,0,0
36059,1,69,0,4,0.1343537023004202,0,0
36061,2,47,0,4,0.15969506542424894,0,0
36071,1,51,1,4,0.15924817374396683,0,0
36093,1,19,1,4,0.16287658805657493,0,0
36107,2,15,1,4,0.17574204596480283,0,0
36109,1,17,1,4,0.1523115123847512,0,0
37015,4,10,1,4,0.30684828411958176,0,0
37021,2,19,1,4,0.1331242059262157,0,0
37033,3,16,0,4,0.22360045340482373,0,0
37039,3,4,1,4,0.21173152950050664,0,0
37043,3,5,1,4,0.17372499475116804,0,1
37065,4,15,1,4,0.3023627240615839,0,1
37073,2,6,0,4,0.2394023140681899,0,0
37081,3,31,0,4,0.16613053616387102,0,0
37095,4,7,0,4,0.2980872202060537,0,0
37111,3,9,1,4,0.17092687557994057,0,0
37115,3,6,0,4,0.17675200675317612,0,0
37129,3,10,1,4,0.14140742462072614,0,0
37133,3,16,1,4,0.1682417063943803,0,0
37143,3,6,0,4,0.24260423083103919,0,0
37145,2,10,0,4,0.21968532385650358,0,0
37151,3,24,1,4,0.21027292371339035,0,0
37153,4,11,1,4,0.26973505755555643,0,1
37163,4,17,1,4,0.28986108595539223,0,1
37179,1,12,1,4,0.15574573579326614,0,0
37181,4,8,1,4,0.2821662518340785,0,1
37189,4,10,1,4,0.1459171146751312,0,1
38023,2,10,0,4,0.226912518480577,0,0
38035,1,22,1,4,0.16409502872132073,0,1
38049,1,18,0,4,0.22869181067349711,0,0
38051,2,6,0,4,0.2589151455295917,0,0
38055,1,18,0,4,0.2745531244989052,0,0
38065,1,6,0,4,0.23795563844538714,0,0
38077,1,19,0,4,0.18757190959103162,0,0
38079,4,10,0,4,0.38026365255112526,0,0
38085,4,9,1,4,0.456431841429046,0,1
38087,1,9,0,4,0.2279361088099951,0,0
38089,1,10,0,4,0.1929425293046707,0,0
38095,3,10,0,4,0.2512910240527504,0,0
38097,1,12,0,4,0.17941832473451289,0,0
38099,2,16,1,4,0.2191317684562619,0,1
39003,2,20,0,4,0.30151080913707823,0,0
39009,4,18,1,4,0.19945546127034952,0,1
39031,3,18,0,4,0.27094902317149117,0,0
39037,2,25,1,4,0.31624452063331865,0,0
39041,1,24,1,4,0.1574953949032298,0,0
39063,1,24,1,4,0.21276290458171584,0,0
39079,4,11,1,4,0.29283352792345946,0,0
39081,3,23,1,4,0.27009914818127595,0,0
39091,2,18,1,4,0.2829490562357365,0,0
39103,1,24,1,4,0.17435615737422444,0,0
39111,3,15,1,4,0.2585574173914233,0,0
39117,2,16,1,4,0.2609738622117271,0,1
39131,4,11,1,4,0.2734500791718833,0,0
39147,2,20,1,4,0.2752181819111727,0,0
39161,2,14,0,4,0.31718437507690717,0,0
40007,3,7,0,4,0.365735988672493,0,0
40043,3,12,1,4,0.369939826484819,0,1
40051,2,14,1,4,0.36121021176312895,0,1
40053,1,10,1,4,0.30039432463226684,0,1
40065,3,9,1,4,0.3383442826231368,0,0
40067,4,8,1,4,0.4626984186699836,0,1
40069,4,13,1,4,0.40736043670033745,0,1
40075,4,9,1,4,0.41941053055855854,0,1
40077,4,7,1,4,0.3486372961538922,0,1
40081,3,16,1,4,0.34267843963970007,0,1
40085,3,8,1,4,0.4067813762636099,0,1
40091,4,11,1,4,0.38113441596807923,0,0
40095,4,3,1,4,0.37999798427435155,0,0
40113,3,22,1,4,0.3653640250267975,0,1
40117,3,12,1,4,0.35575132829144407,0,0
40143,2,42,0,4,0.25343927971189606,0,1
40147,1,12,1,4,0.29720119780717297,0,1
40151,2,7,0,4,0.3120242376515227,0,0
41009,2,9,1,4,0.20715644244389406,0,1
41019,3,28,1,4,0.24932360228675268,0,0
41037,4,10,0,4,0.39703949060843924,0,0
41051,2,42,0,4,0.1855337772553101,0,0
41067,1,30,1,4,0.15953700259428272,0,0
41071,2,15,0,4,0.21339329566949522,0,0
42009,2,28,1,4,0.2072193383818933,0,0
42011,1,62,1,4,0.21275629972266474,0,0
42037,2,19,1,4,0.21439267664933412,0,0
42047,2,14,1,4,0.15489249143755254,0,1
42051,3,62,1,4,0.20931877910011662,0,0
42053,4,11,1,4,0.22089699743244715,0,1
42075,2,19,1,4,0.22101739784641058,0,0
42079,3,50,1,4,0.18127863666095584,0,0
42103,1,19,0,4,0.1736969918997413,0,0
42115,2,29,1,4,0.20780035417699436,0,1
42123,2,19,1,4,0.18147024758138455,0,0
42125,1,64,1,4,0.15405360974593635,0,0
42131,1,15,0,4,0.16690572541772603,0,0
44007,1,39,0,4,0.18225825874072482,0,0
45027,4,11,1,4,0.32381015777526667,0,1
45031,4,10,1,4,0.2808942570224613,0,0
45035,2,15,1,4,0.21974275877275604,0,0
45063,2,18,0,4,0.22094607963408003,0,0
45073,3,13,1,4,0.20931091253976547,0,1
45085,4,15,1,4,0.3079457715148321,0,1
45089,4,12,1,4,0.3314331487437904,0,0
46007,4,7,0,4,0.40978684038020124,0,0
46021,1,7,0,4,0.2069699328254848,0,0
46025,2,13,0,4,0.20659953981119838,0,0
46039,1,12,0,4,0.20247606570229026,0,0
46045,1,10,0,4,0.20906660099829535,0,0
46051,1,12,0,4,0.18502109654961957,0,0
46053,3,8,0,4,0.23891594279881262,0,0
46055,3,5,0,4,0.2598170529545782,0,0
46057,1,12,0,4,0.18435402885747335,0,0
46061,2,7,0,4,0.18547086709083288,0,0
46063,1,10,0,4,0.2228688989968243,0,0
46095,4,7,0,4,0.39756318723902184,0,0
46109,4,16,1,4,0.30554788333761057,0,1
46115,1,15,0,4,0.19910805392412723,0,0
46119,1,6,0,4,0.19040081552086052,0,0
46123,4,8,0,4,0.24757135538589903,0,0
46137,4,7,0,4,0.4266389935857981,0,0
47005,4,7,1,4,0.2977363555949708,0,0
47007,3,9,0,4,0.2643328297938322,0,0
47021,2,12,1,4,0.2310806893615174,0,1
47023,3,12,0,4,0.2539408350796458,0,0
47031,3,9,1,4,0.28273514882147227,0,0
47033,4,8,1,4,0.3586544083697413,0,0
47037,2,35,0,4,0.22066135566775066,0,1
47041,4,11,0,4,0.3032420695073041,0,0
47045,4,11,1,4,0.3156432021565993,0,1
47047,1,15,0,4,0.20971854846374421,0,0
47049,4,9,1,4,0.26345169726687545,0,0
47065,1,31,0,4,0.20105448096826406,0,0
47077,4,14,1,4,0.3182879237692116,0,0
47079,4,9,1,4,0.3318134355684969,0,1
47095,4,2,0,4,0.39134906926339863,0,0
47097,4,4,1,4,0.38681040815792095,0,0
47101,4,7,1,4,0.26529441304745904,0,1
47105,2,9,0,4,0.20393689600254827,0,0
47111,4,8,1,4,0.295472395520864,0,0
47123,4,9,1,4,0.26229934455281473,0,1
47129,4,12,1,4,0.2437357631384836,0,0
47155,3,10,1,4,0.2798714340690013,0,0
47157,1,38,0,4,0.2769698108209617,0,1
47165,1,10,1,4,0.2259952337840102,0,0
47167,2,10,1,4,0.3143594657254383,0,0
47171,4,6,0,4,0.26258032595574005,0,0
47173,4,11,0,4,0.2703739884849189,0,0
47179,1,13,1,4,0.20990312918456758,0,0
47183,4,12,1,4,0.3063430828799853,0,1
48003,2,1,1,4,0.3376347129498364,0,0
48037,3,10,1,4,0.28256875573333445,0,1
48039,1,20,0,4,0.2563567078529813,0,0
48043,3,4,1,4,0.2713587241210105,0,1
48063,3,2,1,4,0.2897110651808009,0,1
48067,4,14,1,4,0.3021340338611465,0,1
48071,2,11,1,4,0.2892064906515264,0,0
48073,4,12,1,4,0.2944761086350518,0,1
48077,2,9,1,4,0.3113823860401121,0,1
48081,3,4,1,4,0.27981989293144627,0,1
48095,3,6,0,4,0.16671149848640754,0,0
48103,2,2,0,4,0.3299478318357069,0,0
48127,4,6,1,4,0.40568397451015653,0,1
48131,4,8,1,4,0.36975154800282756,0,1
48133,4,9,1,4,0.31654632949303135,0,0
48141,1,30,0,4,0.284370846332271,0,1
48165,3,5,0,4,0.34953537183389133,0,0
48171,2,7,1,4,0.26432419152968634,0,0
48181,2,21,0,4,0.29777268871946017,0,1
48197,3,2,1,4,0.35369421603164436,0,1
48213,3,15,0,4,0.2884473724090983,0,1
48217,2,19,1,4,0.3203035570956231,0,1
48245,3,18,0,4,0.29749878338755414,0,0
48267,1,6,0,4,0.2724426105591615,0,0
48277,3,13,1,4,0.32044889599334225,0,1
48283,3,4,0,4,0.34730487967763995,0,0
48295,2,7,0,4,0.2979949243255681,0,0
48299,1,10,1,4,0.26068775572597125,0,0
48313,2,5,1,4,0.2612920100078868,0,0
48327,3,4,0,4,0.30229099384333635,0,0
48339,1,27,0,4,0.20906678351590205,0,0
48343,4,7,1,4,0.30962655486908075,0,1
48353,3,9,1,4,0.2959683013916527,0,0
48363,4,12,1,4,0.3221378934589066,0,0
48371,3,6,1,4,0.36166072776911923,0,0
48381,1,15,1,4,0.2640445739581249,0,0
48397,1,9,1,4,0.19318724993195033,0,1
48401,3,16,1,4,0.27637664803214457,0,1
48407,4,8,1,4,0.32258294119307285,0,0
48447,4,7,0,4,0.294124399849851,0,0
48463,4,8,1,4,0.3756813690072111,0,0
48487,4,6,1,4,0.3750493115287009,0,0
48493,2,12,1,4,0.3005254223873133,0,1
49019,1,2,1,4,0.2436159700112779,0,1
49039,3,15,1,4,0.24119178840129432,0,0
49047,3,10,0,4,0.3158278542196415,0,0
49055,2,6,0,4,0.23028708131831407,0,0
49057,1,9,1,4,0.23840578960119843,0,0
50013,1,5,1,4,0.1258980917547782,0,1
50027,1,34,0,4,0.1272013669375152,0,0
51001,3,33,0,4,0.2926838945263686,0,0
51017,4,7,0,4,0.26659881398153823,0,0
51033,1,11,0,4,0.20074255296336133,0,0
51049,3,7,0,4,0.26861797946724253,0,0
51051,4,12,1,4,0.2606895615138036,0,0
51059,1,48,0,4,0.10139229863045393,0,0
51085,1,12,1,4,0.12805161350489944,0,0
51087,2,16,1,4,0.18831137992090657,0,0
51091,2,7,0,4,0.19802078895360184,0,0
51105,4,11,1,4,0.2848128424766263,0,0
51113,2,21,1,4,0.2645881567756891,0,1
51115,2,15,0,4,0.2500520306570901,0,0
51117,3,13,1,4,0.2789955810892038,0,1
51121,3,10,1,4,0.14435187735162835,0,1
51125,2,17,0,4,0.22180501358813698,0,0
51127,1,6,1,4,0.1795012617093865,0,0
51137,1,12,0,4,0.19339776680000514,0,0
51139,3,6,1,4,0.23288689716413466,0,0
51141,3,14,1,4,0.23189962131118325,0,0
51161,1,14,1,4,0.13910610399052276,0,1
51167,4,11,0,4,0.26874205048731925,0,0
51173,3,10,0,4,0.24828509599538276,0,0
51175,3,12,1,4,0.27755393176908133,0,0
51179,1,5,1,4,0.14227230547408237,0,0
51187,1,7,1,4,0.17657179525897804,0,1
51193,2,8,1,4,0.25275922370126397,0,0
51197,3,11,0,4,0.23597656846789591,0,0
51550,1,6,1,4,0.17433277087887084,0,0
51595,4,1,1,4,0.3091012721277103,0,1
51600,1,3,0,4,0.09828877554347111,0,0
51610,1,4,0,4,0.1007293255582184,0,0
51680,3,5,1,4,0.17312701350548546,0,0
51760,1,15,0,4,0.22534078032404228,0,0
51775,1,1,0,4,0.13554183578322698,0,0
51810,1,12,0,4,0.14812640377052547,0,0
53001,4,11,0,4,0.3738108926314523,0,0
53003,3,3,1,4,0.29724772158071144,0,0
53005,2,12,1,4,0.263499658020661,0,0
53015,3,11,1,4,0.22332926698294844,0,1
53019,4,9,0,4,0.32532457167914297,0,0
53025,3,18,1,4,0.3308513988930031,0,0
53033,1,84,0,4,0.14267852856032234,0,0
53039,3,15,0,4,0.252338551969128,0,0
53049,3,13,0,4,0.25515957853120197,0,0
53061,1,30,0,4,0.16789155162403796,0,0
53063,1,45,0,4,0.2270972898257734,0,0
53067,1,14,1,4,0.1884479496744579,0,0
54019,1,42,0,4,0.24276815522445636,0,0
54027,3,20,0,4,0.2874163093074077,0,0
54071,3,9,0,4,0.2930060374291001,0,0
54075,3,13,0,4,0.3004550137323598,0,0
54085,4,14,0,4,0.30173070196976615,0,0
54091,3,10,0,4,0.26241653130340065,0,0
54095,3,11,0,4,0.2944695725077945,0,0
54105,4,8,0,4,0.32593861483424613,0,0
54107,3,13,1,4,0.268623754531558,0,0
55003,3,11,0,4,0.18558176930092637,0,0
55011,1,9,0,4,0.18660875243005406,0,0
55019,3,21,0,4,0.2054330894495825,0,0
55021,1,20,1,4,0.16548394208813402,0,1
55029,1,13,1,4,0.14814975439158243,0,0
55043,3,23,1,4,0.18117769132044056,0,1
55053,2,14,0,4,0.1910725030790557,0,0
55057,3,14,1,4,0.19670099764268761,0,0
55077,2,14,1,4,0.19184078165487983,0,0
55081,2,12,1,4,0.16127523723792042,0,0
55103,3,14,1,4,0.1961427535731836,0,0
55105,2,19,1,4,0.19558592144566925,0,0
55109,1,18,0,4,0.14598553328677014,0,0
55113,3,12,0,4,0.1761850719490066,0,0
55123,3,18,1,4,0.18927347367301964,0,0
55127,1,16,1,4,0.17650786431155605,0,0
56003,2,15,1,4,0.2615487202066578,0,1
56005,1,8,0,4,0.26247500308012756,0,0
56015,2,9,0,4,0.26497123375130777,0,0
56029,1,8,1,4,0.20439610101942443,0,0
56033,1,9,1,4,0.21356257958635658,0,0
56037,1,12,0,4,0.26795483760126404,0,0
56041,1,5,0,4,0.25123879957168294,0,0
56043,2,2,0,4,0.26209444717365726,0,0
