county_fips,income_group,n_zctas_in_county,suppression_flag,fold,prob_high_risk,pred_high_risk,true_label
01001,0,10,1,0,0.14365023302868735,0,
01003,0,23,1,0,0.07873042168073945,0,
01009,0,17,1,0,0.0867518747518284,0,
01011,1,7,1,0,0.08704977510162959,0,
01015,0,14,1,0,0.19174860701769075,0,
01017,0,10,1,0,0.14521072202685484,0,
01019,0,11,1,0,0.22274709000459741,0,
01021,0,14,1,0,0.23819957589404916,0,
01025,1,10,1,0,0.026974814546219566,0,
01031,0,16,1,0,0.1853766417380064,0,
01033,0,9,1,0,0.21029317535707404,0,
01035,1,13,1,0,0.01246978688258148,0,
01037,0,11,1,0,0.030888942340367962,0,
01039,0,13,1,0,0.08397182741172873,0,
01043,0,19,1,0,0.2884276996327978,0,
01045,0,14,1,0,0.2746256704249316,0,
01047,1,10,1,0,0.23912509304369645,0,
01051,0,13,1,0,0.07038151498004008,0,
01053,1,9,1,0,0.1460873779083832,0,
01055,0,14,1,0,0.2981008401452417,0,
01057,0,10,1,0,0.0671508909054125,0,
01059,0,10,1,0,0.13647685569032972,0,
01063,1,8,1,0,0.08010774278646242,0,
01065,1,9,1,0,0.09613304550614163,0,
01067,0,9,1,0,0.1088147336951455,0,
01069,0,14,1,0,0.43269552569719355,0,
01071,0,22,1,0,0.12748427399351198,0,
01075,0,9,1,0,0.06965539808660406,0,
01077,0,9,1,0,0.17623316284109133,0,
01079,0,10,1,0,0.14173422368935326,0,
01083,0,15,1,0,0.1409926258544708,0,
01085,1,8,1,0,0.0669121259354499,0,
01087,1,13,1,0,0.1252122378010727,0,
01089,0,25,1,0,0.1515025496868143,0,
01091,1,15,1,0,0.047204996750505726,0,
01093,0,12,1,0,0.11230585048853255,0,
01095,0,18,1,0,0.48058727526973866,0,
01099,1,17,1,0,0.021298028490092942,0,
01101,0,24,1,0,0.6205417138637351,1,
01103,0,16,1,0,0.33438599793941326,0,
01105,1,9,1,0,0.14341427511221366,0,
01107,1,8,1,0,0.045967170320006516,0,
01109,1,9,1,0,0.28424459708876304,0,
01111,0,8,1,0,0.07082839149427417,0,
01113,0,12,1,0,0.2286308517193392,0,
01115,0,18,1,0,0.06774092058839286,0,
01119,1,11,1,0,0.07248524349407512,0,
01121,0,12,1,0,0.28027907699210625,0,
01123,0,12,1,0,0.06459112263865385,0,
01125,0,27,1,0,0.32766347136870394,0,
01127,0,18,1,0,0.4577110243873964,0,
01129,0,16,1,0,0.05294065127070366,0,
01131,1,13,1,0,0.0037516152483067352,0,
01133,0,11,1,0,0.12145980840047327,0,
04009,1,10,1,0,0.27525160660672965,0,
04023,1,9,1,0,0.231819503880517,0,
05001,0,13,1,0,0.2947265442392975,0,
05003,0,7,1,0,0.19365429045808108,0,
05005,0,12,1,0,0.12404226240399417,0,
05009,0,9,1,0,0.097512523649694,0,
05011,1,7,1,0,0.20117080428109926,0,
05015,0,9,1,0,0.04354345750828002,0,
05019,0,8,1,0,0.35614012707111087,0,
05021,0,13,1,0,0.09528301277001362,0,
05023,0,17,1,0,0.03653130499228004,0,
05025,0,7,1,0,0.1284833279740938,0,
05027,1,7,1,0,0.19307237100173005,0,
05029,0,15,1,0,0.41644457321723444,0,
05031,0,16,1,0,0.1624735121502473,0,
05033,0,11,1,0,0.20671166789798617,0,
05035,1,11,1,0,0.8753333532300632,1,
05037,0,8,1,0,0.5172978696544529,1,
05039,0,6,1,0,0.09474278664935257,0,
05041,1,12,1,0,0.2571419351072626,0,
05043,0,9,1,0,0.1247348544355017,0,
05045,0,15,1,0,0.2628746506833222,0,
05047,0,13,1,0,0.1492241462608524,0,
05049,0,14,1,0,0.16856816000097483,0,
05051,0,10,1,0,0.24906782582314713,0,
05053,0,14,1,0,0.12205449708604953,0,
05055,0,9,1,0,0.09451252853592419,0,
05057,1,10,1,0,0.21439324928082784,0,
05059,0,12,1,0,0.3671212340550601,0,
05061,0,8,1,0,0.19661652024258766,0,
05063,0,20,1,0,0.1112323317440357,0,
05067,0,11,1,0,0.3075656741962773,0,
05069,1,17,1,0,0.6614804596004755,1,
05071,0,12,1,0,0.020931699529623347,0,
05073,1,6,1,0,0.06295528578419074,0,
05075,0,14,1,0,0.19779264329477597,0,
05077,1,11,1,0,0.36252910802035515,0,
05079,0,8,1,0,0.24663217735080706,0,
05081,0,7,1,0,0.04436616996634642,0,
05083,0,12,1,0,0.17227519301264774,0,
05085,0,11,1,0,0.22668834923835207,0,
05087,0,13,1,0,0.059159230518436814,0,
05091,0,6,1,0,0.3093797247746563,0,
05093,1,15,1,0,0.7861804929042013,1,
05095,1,9,1,0,0.4877277988159927,0,
05097,0,9,1,0,0.0840404756744744,0,
05099,1,10,1,0,0.04343163447755028,0,
05101,1,20,1,0,0.0027565802820112353,0,
05103,0,8,1,0,0.26997886551081374,0,
05105,0,8,1,0,0.06322883757981558,0,
05107,1,12,1,0,0.7494888438786559,1,
05111,1,10,1,0,0.1829960709901212,0,
05113,0,7,1,0,0.30656312073601516,0,
05115,0,13,1,0,0.3574465513377921,0,
05117,0,11,1,0,0.12597237295287678,0,
05121,0,11,1,0,0.17156721813930487,0,
05123,1,13,1,0,0.711062063909571,1,
05125,0,14,1,0,0.08649840059994046,0,
05127,0,10,1,0,0.2323154409315565,0,
05129,1,10,1,0,0.0412582930299507,0,
05133,0,7,1,0,0.4136551258837299,0,
05135,0,13,1,0,0.0834931609614711,0,
05139,0,10,1,0,0.26776397301902527,0,
05141,0,12,1,0,0.034888078720406404,0,
05145,0,17,1,0,0.2879722124127272,0,
05147,1,9,1,0,0.19234759300184381,0,
05149,0,13,1,0,0.35882609130298615,0,
06005,0,12,1,0,0.08646371760517914,0,
06007,0,18,1,0,0.6614426237166106,1,
06009,0,20,1,0,0.06912174363488059,0,
06011,0,9,1,0,0.26729602915381906,0,
06015,0,4,1,0,0.03838664140895242,0,
06017,0,23,1,0,0.04910700830342829,0,
06021,0,7,1,0,0.6996985375447532,1,
06023,0,36,1,0,0.06505564417361456,0,
06027,0,11,1,0,0.05757636923755159,0,
06031,0,12,1,0,0.8489230228347516,1,
06033,0,15,1,0,0.43365633526061426,0,
06035,0,17,1,0,0.03088134106819685,0,
06041,0,29,1,0,0.01785992232131494,0,
06043,0,13,1,0,0.039598925202173486,0,
06045,0,29,1,0,0.007891342088106212,0,
06055,0,12,1,0,0.050831385464787375,0,
06057,0,12,1,0,0.06283186827596282,0,
06063,0,17,1,0,0.039506500147253196,0,
06069,0,7,1,0,0.13394912197378084,0,
06079,0,26,1,0,0.0389739181923808,0,
06083,0,24,1,0,0.10359795836962984,0,
06087,0,17,1,0,0.050531822366026255,0,
06093,0,23,1,0,0.2009233065005088,0,
06097,0,37,1,0,0.05035249087269738,0,
06101,0,13,1,0,0.714580429680567,1,
06103,0,15,1,0,0.5683177193556715,1,
06109,0,16,1,0,0.2592162786150527,0,
06113,0,19,1,0,0.48472937596122984,0,
06115,0,17,1,0,0.5698589027748038,1,
08001,0,35,1,0,0.48312203327081765,0,
08005,0,33,1,0,0.22106556537743746,0,
08007,0,5,1,0,0.005597061158125855,0,
08009,0,8,1,0,0.06427925630639267,0,
08013,0,22,1,0,0.281260750474031,0,
08014,0,6,1,0,0.12586152747536122,0,
08035,0,18,1,0,0.0728742794738655,0,
08037,0,13,1,0,0.04045153774116566,0,
08043,0,11,1,0,0.04977470346912409,0,
08045,0,8,1,0,0.02950176669621179,0,
08055,0,4,1,0,0.007143705950001079,0,
08059,0,33,1,0,0.1032415414482287,0,
08067,0,6,1,0,0.01415865420681144,0,
08069,0,24,1,0,0.18560766244407922,0,
08077,0,19,1,0,0.5443587594223794,1,
08081,0,5,1,0,0.039940200878759935,0,
08087,0,10,1,0,0.09439558774552452,0,
08099,0,6,1,0,0.05853407235562908,0,
08101,0,15,1,0,0.6349326430216451,1,
08107,0,9,1,0,0.005638092863525601,0,
08109,1,8,1,0,0.031234500786328858,0,
08113,0,7,1,0,0.009671402561725334,0,
08121,0,12,1,0,0.015921383381835953,0,
08123,0,41,1,0,0.29436101309913504,0,
09001,0,46,1,0,0.08176723514320927,0,
09003,0,58,1,0,0.4067878884977614,0,
09005,0,40,1,0,0.02025515661591774,0,
09007,0,24,1,0,0.04626867993791848,0,
09009,0,41,1,0,0.14932753246043298,0,
09011,0,31,1,0,0.16775439458398445,0,
09015,0,31,1,0,0.05635549498097226,0,
10001,0,18,1,0,0.19358379322827307,0,
10005,0,24,1,0,0.08848935244930331,0,
12001,1,23,1,0,0.05120020683496704,0,
12003,0,5,1,0,0.03483244633183296,0,
12005,0,16,1,0,0.20914924904899845,0,
12015,0,17,1,0,0.09322527570806191,0,
12017,0,15,1,0,0.07165552386854547,0,
12019,0,12,1,0,0.09404731796418299,0,
12023,0,8,1,0,0.05999326397893587,0,
12033,0,18,1,0,0.18707484746878597,0,
12035,0,7,1,0,0.07681333076984599,0,
12039,0,7,1,0,0.1605523030241932,0,
12041,0,5,1,0,0.059927756319335126,0,
12043,0,5,1,0,0.25975792421141264,0,
12049,1,4,1,0,0.10867659150918654,0,
12051,0,6,1,0,0.2880544670231116,0,
12053,0,12,1,0,0.4315626694622597,0,
12055,0,9,1,0,0.10685622418795834,0,
12059,0,4,1,0,0.05681304908344235,0,
12061,0,9,1,0,0.08535074110349086,0,
12063,0,14,1,0,0.07589491179562081,0,
12065,0,4,1,0,0.02648763336362711,0,
12073,0,10,1,0,0.05817246297870597,0,
12075,0,13,1,0,0.08444662087216134,0,
12079,1,5,1,0,0.045403553537730686,0,
12083,0,31,1,0,0.10267929965972776,0,
12085,0,12,1,0,0.0775798936531569,0,
12087,0,11,1,0,0.06857786844233994,0,
12089,0,6,1,0,0.0371112335501046,0,
12091,0,14,1,0,0.059512235090054044,0,
12097,0,17,1,0,0.26996700749121516,0,
12101,0,31,1,0,0.37445017208962433,0,
12107,1,17,1,0,0.16997629305579967,0,
12109,0,12,1,0,0.03376746404194827,0,
12111,0,17,1,0,0.16924237310955226,0,
12113,0,9,1,0,0.05797690891301108,0,
12117,0,17,1,0,0.15090374846838928,0,
12119,0,11,1,0,0.08465970285868737,0,
12121,0,9,1,0,0.057294325983060015,0,
12129,0,4,1,0,0.013585639833866117,0,
12131,0,12,1,0,0.039737778922162174,0,
12133,0,10,1,0,0.191321618855537,0,
13001,0,7,1,0,0.2806273874035907,0,
13003,1,5,1,0,0.13413104922676441,0,
13005,1,3,1,0,0.20822356231370198,0,
13009,0,6,1,0,0.9989199339643483,1,
13013,0,8,1,0,0.07919491332794946,0,
13015,0,14,1,0,0.2590335037354238,0,
13017,1,4,1,0,0.16620453223057607,0,
13019,0,6,1,0,0.08575335123296028,0,
13021,0,12,1,0,0.5952634845520618,1,
13023,0,6,1,0,0.12371437559741005,0,
13025,0,6,1,0,0.0545219433447353,0,
13031,1,11,1,0,0.15433502328119975,0,
13033,1,9,1,0,0.18600622242092352,0,
13035,0,5,1,0,0.5088785812006685,1,
13039,0,8,1,0,0.0695412257558323,0,
13043,0,4,1,0,0.28935537080802815,0,
13045,0,11,1,0,0.344785105030465,0,
13055,0,6,1,0,0.13925813922927283,0,
13057,0,15,1,0,0.022565609478383774,0,
13059,1,9,1,0,0.4222520675198262,0,
13063,0,16,1,0,0.8590271370004158,1,
13069,0,10,1,0,0.1824866226951961,0,
13071,0,13,1,0,0.2665724921924548,0,
13073,0,7,1,0,0.023425961897680137,0,
13075,1,5,1,0,0.25263465097808013,0,
13077,0,10,1,0,0.12671176539153667,0,
13083,0,5,1,0,0.033804553717446256,0,
13085,0,5,1,0,0.03650271505309648,0,
13087,1,8,1,0,0.18052793554572547,0,
13093,1,8,1,0,0.10307197890653418,0,
13095,1,6,1,0,0.3968462136995827,0,
13097,0,8,1,0,0.3342207091054839,0,
13101,0,6,1,0,0.06652017254203293,0,
13103,0,8,1,0,0.019942253108101337,0,
13107,1,13,1,0,0.1774264057310159,0,
13109,1,6,1,0,0.3363907782310182,0,
13111,0,8,1,0,0.01490120920325948,0,
13113,0,8,1,0,0.07723129755445826,0,
13115,0,13,1,0,0.2634656712750014,0,
13119,0,10,1,0,0.13044515039224025,0,
13127,0,8,1,0,0.020938969081625607,0,
13129,0,8,1,0,0.178737229491313,0,
13137,0,7,1,0,0.2790771819207144,0,
13139,0,19,1,0,0.2735815816266683,0,
13149,0,6,1,0,0.05292264515830522,0,
13151,0,11,1,0,0.28181950700794944,0,
13153,0,12,1,0,0.25550701801410974,0,
13155,0,7,1,0,0.10388112751336549,0,
13157,0,16,1,0,0.05722542672368825,0,
13163,1,9,1,0,0.16713974796386516,0,
13165,1,5,1,0,0.23593881028137292,0,
13167,1,5,1,0,0.06009602841859185,0,
13169,0,8,1,0,0.15044823877042027,0,
13175,0,15,1,0,0.1571259600647872,0,
13179,0,9,1,0,0.00569272209732432,0,
13189,0,4,1,0,0.1369053182418537,0,
13191,0,4,1,0,0.021288128647301834,0,
13193,1,10,1,0,0.05322707441674021,0,
13195,0,11,1,0,0.1057872820599146,0,
13197,1,4,1,0,0.05550910193354767,0,
13215,0,11,1,0,0.4431479022755554,0,
13217,0,11,1,0,0.5159270990892473,1,
13219,0,8,1,0,0.03237255609910409,0,
13223,0,11,1,0,0.17351587576155322,0,
13225,1,3,1,0,0.23148536320222105,0,
13227,0,9,1,0,0.02645266024216271,0,
13233,0,8,1,0,0.39067919765074255,0,
13235,0,5,1,0,0.0321290860763202,0,
13237,0,5,1,0,0.09496476599305623,0,
13247,0,9,1,0,0.5460531455527844,1,
13253,1,4,1,0,0.13270551306146053,0,
13257,0,5,1,0,0.19466583906190313,0,
13261,1,8,1,0,0.12683278601515366,0,
13267,1,6,1,0,0.08622876847822794,0,
13273,1,7,1,0,0.16148336683624007,0,
13275,0,9,1,0,0.049815231598924814,0,
13277,0,9,1,0,0.20283356998640623,0,
13279,1,3,1,0,0.165640017555649,0,
13281,0,3,1,0,0.005734097842938466,0,
13285,0,7,1,0,0.199087283863203,0,
13287,1,4,1,0,0.21544910430739586,0,
13291,0,4,1,0,0.0316812431109783,0,
13293,0,7,1,0,0.33907603338424,0,
13295,0,14,1,0,0.10825829530146022,0,
13297,0,11,1,0,0.2614758259960367,0,
13299,1,7,1,0,0.3517668849816284,0,
13301,1,9,1,0,0.07842785956076094,0,
13303,1,10,1,0,0.04755762509553197,0,
13305,0,6,1,0,0.10489435111847295,0,
13309,1,4,1,0,0.023925659764066656,0,
13313,0,8,1,0,0.3107553266339942,0,
13315,1,8,1,0,0.08029598155138251,0,
13317,0,5,1,0,0.02290905303776162,0,
16001,0,17,1,0,0.0304611558701625,0,
16011,0,11,1,0,0.061380332907929304,0,
16013,0,8,1,0,0.00014851399902537647,0,
16017,0,18,1,0,0.0017560219972090631,0,
16019,0,14,1,0,0.10051463166626949,0,
16025,0,2,1,0,0.026657894987379863,0,
16031,0,9,1,0,0.11875152524361404,0,
16035,0,7,1,0,0.0032646942997539884,0,
16039,0,7,1,0,0.019793775172235552,0,
16041,0,7,1,0,0.016098564519037066,0,
16045,0,7,1,0,0.04419282688371106,0,
16047,0,6,1,0,0.0067273651940802145,0,
16055,0,13,1,0,0.04345381943273899,0,
16059,0,10,1,0,0.00899023530598048,0,
16069,0,10,1,0,0.03634770915567115,0,
16073,0,12,1,0,0.07197335818342486,0,
16075,0,7,1,0,0.06479261155389535,0,
16079,0,15,1,0,0.004196249524254407,0,
16081,0,5,1,0,0.00013394146219871978,0,
16083,0,10,1,0,0.14546317232657852,0,
16087,0,5,1,0,0.0177850552857565,0,
17001,0,23,1,0,0.09974785766980936,0,
17003,1,8,1,0,0.47347946606986185,0,
17007,0,15,1,0,0.18182393983560885,0,
17011,0,30,1,0,0.08755639541805922,0,
17013,0,7,1,0,0.011965607717793007,0,
17017,0,7,1,0,0.07478685921653383,0,
17019,0,35,1,0,0.43002304376759504,0,
17021,0,20,1,0,0.1015512673927203,0,
17025,0,13,1,0,0.12244053297586094,0,
17027,0,17,1,0,0.08100258100263939,0,
17033,0,10,1,0,0.09125898701652752,0,
17039,0,13,1,0,0.12390038929672485,0,
17041,0,13,1,0,0.13470502117075286,0,
17043,0,43,1,0,0.13167521720806127,0,
17045,0,15,1,0,0.04994282214757211,0,
17049,0,15,1,0,0.07676195231301135,0,
17053,0,21,1,0,0.13254837346108422,0,
17055,0,19,1,0,0.15274525275822015,0,
17057,0,24,1,0,0.059783828880326,0,
17059,0,9,1,0,0.12903809412913156,0,
17063,0,16,1,0,0.10301448632652037,0,
17073,0,23,1,0,0.059890997134924254,0,
17075,0,25,1,0,0.12026307949984902,0,
17081,0,17,1,0,0.14781664948116346,0,
17087,0,10,1,0,0.03439679612263793,0,
17091,0,21,1,0,0.450322534441821,0,
17093,0,19,1,0,0.07021194898680387,0,
17095,0,22,1,0,0.15502453980524003,0,
17097,0,35,1,0,0.2366607734546951,0,
17099,0,28,1,0,0.27707345974673053,0,
17103,0,24,1,0,0.13365268592479823,0,
17105,0,29,1,0,0.19101607049478722,0,
17107,0,20,1,0,0.10770187338676736,0,
17109,0,17,1,0,0.23522639884055352,0,
17111,0,24,1,0,0.12811917932724726,0,
17113,0,33,1,0,0.28404168186854584,0,
17115,0,27,1,0,0.4760547498466273,0,
17117,0,28,1,0,0.19823555936639886,0,
17121,0,15,1,0,0.20670504497811515,0,
17123,0,19,1,0,0.05490615811827711,0,
17125,0,11,1,0,0.06320104507276288,0,
17127,0,8,1,0,0.1207927460229182,0,
17133,0,9,1,0,0.06898800594228084,0,
17137,0,16,1,0,0.13194842733784728,0,
17141,0,27,1,0,0.12101157731688672,0,
17149,0,16,1,0,0.04414428332739208,0,
17157,0,18,1,0,0.08784577318355939,0,
17159,0,9,1,0,0.13054481944841448,0,
17161,0,20,1,0,0.21195332979288478,0,
17165,0,11,1,0,0.1915429596848075,0,
17167,0,29,1,0,0.19539941267689342,0,
17171,0,9,1,0,0.06941701369305638,0,
17173,0,22,1,0,0.05966891053685905,0,
17179,0,21,1,0,0.08103670301486414,0,
17181,0,13,1,0,0.027556166573770226,0,
17183,0,27,1,0,0.3765893084401153,0,
17187,0,14,1,0,0.13656970810428135,0,
17189,0,13,1,0,0.05256390202210046,0,
17193,0,11,1,0,0.041391099150323,0,
17199,0,22,1,0,0.06572872542136181,0,
17201,0,26,1,0,0.3541353464840552,0,
17203,0,16,1,0,0.0542882341805086,0,
18001,0,8,1,0,0.5730480948925697,1,
18003,0,33,1,0,0.45804015839209666,0,
18005,0,14,1,0,0.04929227253887785,0,
18009,0,7,1,0,0.2889479297713957,0,
18011,0,12,1,0,0.08630565295080199,0,
18013,0,9,1,0,0.007619740428302167,0,
18017,0,12,1,0,0.4260444787522981,0,
18019,0,15,1,0,0.2318849658863156,0,
18021,0,17,1,0,0.1302954475930473,0,
18023,0,12,1,0,0.42274764770953566,0,
18029,0,9,1,0,0.06744027330659673,0,
18035,0,21,1,0,0.5798005073732786,1,
18037,0,13,1,0,0.05682011282606874,0,
18039,0,17,1,0,0.4483896711179625,0,
18043,0,10,1,0,0.15463082987027577,0,
18047,0,15,1,0,0.038484236053814624,0,
18051,0,16,1,0,0.16489685656231887,0,
18053,0,15,1,0,0.6038726120244018,1,
18055,0,16,1,0,0.10349711417441951,0,
18059,0,15,1,0,0.08635009008832317,0,
18061,0,16,1,0,0.031257179299219985,0,
18063,0,19,1,0,0.10537399191920288,0,
18067,0,10,1,0,0.5003015540241181,1,
18069,0,9,1,0,0.16622762952698372,0,
18071,0,8,1,0,0.04043406910725163,0,
18073,0,13,1,0,0.20165818376982675,0,
18079,0,13,1,0,0.04704387340863519,0,
18081,0,12,1,0,0.13588736969899778,0,
18083,0,11,1,0,0.3387933400700415,0,
18085,0,21,1,0,0.1862173944662513,0,
18087,0,12,1,0,0.28244896108056494,0,
18091,0,15,1,0,0.4731473631943472,0,
18093,0,12,1,0,0.04851801236502748,0,
18095,0,18,1,0,0.4675346968156547,0,
18101,0,7,1,0,0.04729447355384072,0,
18105,0,18,1,0,0.9327053622261385,1,
18107,0,16,1,0,0.14934799104871577,0,
18109,0,14,1,0,0.10397061812456171,0,
18117,0,11,1,0,0.03825545723106641,0,
18123,0,14,1,0,0.010268142080737463,0,
18127,0,15,1,0,0.27963028905681153,0,
18129,0,7,1,0,0.07612479607933693,0,
18133,0,15,1,0,0.12691108734683135,0,
18139,0,16,1,0,0.20864212077618158,0,
18141,0,24,1,0,0.5967338013231209,1,
18143,0,6,1,0,0.0639126771318218,0,
18145,0,17,1,0,0.18573746146156092,0,
18147,0,16,1,0,0.032171211762080855,0,
18149,0,11,1,0,0.3745837126212045,0,
18153,0,13,1,0,0.18490751498327632,0,
18157,0,18,1,0,0.5035117479548858,1,
18163,0,11,1,0,0.6254063458571957,1,
18167,0,18,1,0,0.6927514330784383,1,
18169,0,14,1,0,0.21397977385538947,0,
18173,0,12,1,0,0.07148457356249326,0,
18175,0,12,1,0,0.02908362156624036,0,
18177,0,17,1,0,0.4721140634023636,0,
19003,0,9,1,0,0.019202401267704554,0,
19007,0,11,1,0,0.020370253830252157,0,
19009,0,11,1,0,0.015178679811059973,0,
19011,0,24,1,0,0.04114252119333463,0,
19013,0,17,1,0,0.3230255092947976,0,
19015,0,18,1,0,0.0809292533732893,0,
19021,0,13,1,0,0.08275723030931453,0,
19023,0,16,1,0,0.02952119858041138,0,
19027,0,16,1,0,0.020435606539425367,0,
19031,0,18,1,0,0.031775911592099436,0,
19037,0,9,1,0,0.03444283027157936,0,
19039,0,9,1,0,0.01662487993958089,0,
19041,0,15,1,0,0.03947326555052758,0,
19045,0,20,1,0,0.07895467179754717,0,
19049,0,25,1,0,0.04075922154370151,0,
19057,0,12,1,0,0.08060501700634903,0,
19061,0,19,1,0,0.07440846782060909,0,
19067,0,13,1,0,0.04246708723830409,0,
19071,0,11,1,0,0.013861466911861154,0,
19077,0,18,1,0,0.008371597055558113,0,
19079,0,15,1,0,0.021918412837240935,0,
19087,0,11,1,0,0.03331810595151179,0,
19095,0,21,1,0,0.026344550436893127,0,
19097,0,14,1,0,0.027188669298070393,0,
19099,0,19,1,0,0.01996690525139409,0,
19103,0,24,1,0,0.39740288595694573,0,
19105,0,16,1,0,0.03139246562887844,0,
19109,0,21,1,0,0.026816464753177078,0,
19111,0,12,1,0,0.041088834853308664,0,
19113,0,29,1,0,0.09045523968548316,0,
19121,0,14,1,0,0.01041908330588449,0,
19123,0,20,1,0,0.028034402036180593,0,
19127,0,21,1,0,0.057807903613512096,0,
19129,0,11,1,0,0.02115504888448345,0,
19133,0,15,1,0,0.012061850622434145,0,
19145,0,12,1,0,0.012202530993265917,0,
19149,0,14,1,0,0.04422907441730911,0,
19151,0,16,1,0,0.04311818630906654,0,
19155,0,24,1,0,0.0684292973839345,0,
19157,0,17,1,0,0.02061948833016237,0,
19161,0,16,1,0,0.03016348607772912,0,
19163,0,22,1,0,0.10801433800250086,0,
19169,0,22,1,0,0.09904819400552611,0,
19179,0,12,1,0,0.04588740971215734,0,
19181,0,19,1,0,0.022034248011433628,0,
19187,0,22,1,0,0.10061639479458481,0,
19193,0,25,1,0,0.09821396632507062,0,
19197,0,16,1,0,0.029328000840753116,0,
20001,0,11,1,0,0.11576479171326927,0,
20005,0,10,1,0,0.03259161529367584,0,
20009,0,10,1,0,0.07936289617407102,0,
20011,0,13,1,0,0.03228170997090968,0,
20015,0,20,1,0,0.03611941110830508,0,
20019,0,10,1,0,0.01688590846010761,0,
20021,0,13,1,0,0.033911837107385275,0,
20027,0,10,1,0,0.009607811746263168,0,
20029,0,8,1,0,0.04372311535170789,0,
20035,0,14,1,0,0.18602999904962814,0,
20037,0,15,1,0,0.1209430704547719,0,
20039,0,8,1,0,0.005628797743485949,0,
20041,0,12,1,0,0.03825276345783163,0,
20045,0,12,1,0,0.2698996082993331,0,
20047,0,7,1,0,0.015264929401738191,0,
20051,0,11,1,0,0.0791126737096964,0,
20055,0,7,1,0,0.04612929962195723,0,
20057,0,10,1,0,0.07736854100797966,0,
20059,0,13,1,0,0.042422838817415195,0,
20061,0,8,1,0,0.45736741677598963,0,
20067,0,3,1,0,0.03296502479268716,0,
20073,0,11,1,0,0.01518729345610971,0,
20079,0,13,1,0,0.05105175270352649,0,
20083,0,8,1,0,0.012964709335505514,0,
20085,0,18,1,0,0.009998242221273426,0,
20087,0,15,1,0,0.036317311379925644,0,
20095,0,12,1,0,0.011859737490978623,0,
20097,0,7,1,0,0.015896298835046705,0,
20099,0,13,1,0,0.09100453930577303,0,
20103,0,13,1,0,0.05337627759958943,0,
20111,0,12,1,0,0.3304850073668344,0,
20113,0,12,1,0,0.03570021840268447,0,
20121,0,11,1,0,0.015231412902189259,0,
20125,0,13,1,0,0.27245729418411835,0,
20127,0,9,1,0,0.030166567280555362,0,
20129,0,5,1,0,0.030447259853527177,0,
20133,0,11,1,0,0.12000422363140806,0,
20135,0,9,1,0,0.0050963624922346715,0,
20139,0,15,1,0,0.04068942582462249,0,
20147,0,9,1,0,0.033234466576716956,0,
20149,0,12,1,0,0.10803792045010505,0,
20155,0,22,1,0,0.08879611498730787,0,
20159,0,13,1,0,0.022396355071256435,0,
20161,1,14,1,0,0.3420031704682,0,
20163,0,10,1,0,0.03437025881784837,0,
20167,0,11,1,0,0.025767545597180093,0,
20169,0,9,1,0,0.1561669312687574,0,
20175,0,6,1,0,0.1258045904595718,0,
20179,0,11,1,0,0.0001517436032224985,0,
20201,0,15,1,0,0.009170855120124732,0,
20205,0,10,1,0,0.09921502420128116,0,
21001,0,10,1,0,0.0930583724301117,0,
21003,0,6,1,0,0.07021872427477431,0,
21009,0,11,1,0,0.27068269734666184,0,
21011,1,8,1,0,0.09023286523197369,0,
21013,1,11,1,0,0.2961753556611117,0,
21015,0,9,1,0,0.18317690696286443,0,
21019,0,4,1,0,0.5435770966420512,1,
21021,0,5,1,0,0.15151552623506354,0,
21023,0,7,1,0,0.06768321292534384,0,
21027,0,18,1,0,0.05083319574453801,0,
21029,0,11,1,0,0.34113532813662845,0,
21033,0,6,1,0,0.02808491267015734,0,
21037,0,10,1,0,0.22156029902650043,0,
21041,0,8,1,0,0.4556292264228884,0,
21047,0,15,1,0,0.2761582052056946,0,
21049,0,4,1,0,0.14007575892323898,0,
21051,1,10,1,0,0.19689818994264244,0,
21057,1,3,1,0,0.06497135407923957,0,
21059,0,10,1,0,0.5692362758667479,1,
21061,0,12,1,0,0.055605556695387665,0,
21063,1,6,1,0,0.11706942781597279,0,
21067,0,17,1,0,0.18695289036161167,0,
21069,0,7,1,0,0.15090371525114846,0,
21071,1,33,1,0,0.13141415942381773,0,
21073,0,5,1,0,0.07001690745768241,0,
21075,1,3,1,0,0.16327801331683886,0,
21077,0,6,1,0,0.2318967687588928,0,
21079,0,5,1,0,0.09465642228178575,0,
21081,0,8,1,0,0.10845225131477879,0,
21083,0,18,1,0,0.2719970480585187,0,
21085,0,9,1,0,0.1098767633086527,0,
21093,0,17,1,0,0.19186566200933938,0,
21097,0,6,1,0,0.06951136048783942,0,
21099,1,10,1,0,0.1513433619513386,0,
21101,0,8,1,0,0.6079199638096153,1,
21103,0,13,1,0,0.07695523016633729,0,
21105,0,7,1,0,0.06790256189874957,0,
21107,0,13,1,0,0.19858851475295092,0,
21113,0,4,1,0,0.1374389979216628,0,
21115,1,19,1,0,0.12984814185410412,0,
21117,0,12,1,0,0.27727914195508907,0,
21119,1,24,1,0,0.15586245864371928,0,
21121,1,19,1,0,0.019963061072449214,0,
21125,1,8,1,0,0.22088731922847132,0,
21127,1,10,1,0,0.19653467947331227,0,
21133,1,26,1,0,0.10770069997830843,0,
21137,1,11,1,0,0.08177128459740825,0,
21141,0,7,1,0,0.08133739998032433,0,
21145,0,7,1,0,0.6270399085758489,1,
21149,0,7,1,0,0.09103043031097471,0,
21151,0,5,1,0,0.1985720268093613,0,
21153,1,4,1,0,0.10945822177735626,0,
21159,1,9,1,0,0.04296434249722647,0,
21161,0,5,1,0,0.17219834797459938,0,
21163,0,12,1,0,0.09273905413481544,0,
21167,0,5,1,0,0.06886077920705684,0,
21171,1,6,1,0,0.001076707206140814,0,
21173,0,5,1,0,0.1812307239826597,0,
21175,1,8,1,0,0.05609786838580519,0,
21179,0,9,1,0,0.05394342780583915,0,
21183,0,16,1,0,0.056946507962992346,0,
21185,0,11,1,0,0.0519977568962162,0,
21191,0,10,1,0,0.05756215921893501,0,
21195,1,39,1,0,0.046890934328454925,0,
21197,1,4,1,0,0.1334462425315562,0,
21199,0,11,1,0,0.3331213675641867,0,
21201,1,7,1,0,0.049061992371312625,0,
21203,1,7,1,0,0.1052912027156753,0,
21205,1,4,1,0,0.053769273356732566,0,
21207,1,7,1,0,0.19327514595922607,0,
21209,0,6,1,0,0.09996887361122102,0,
21211,0,14,1,0,0.15022265862167677,0,
21217,0,6,1,0,0.11213265489945322,0,
21221,0,5,1,0,0.014601295903818664,0,
21225,0,5,1,0,0.15331822516794255,0,
21227,0,9,1,0,0.08406305551048306,0,
21231,1,5,1,0,0.28373722806081975,0,
21235,1,7,1,0,0.1601604635433982,0,
21237,1,5,1,0,0.20219160547315002,0,
21239,0,3,1,0,0.05624182964733569,0,
22001,1,15,1,0,0.5082841872401352,1,
22003,0,13,1,0,0.05803166723875876,0,
22005,0,8,1,0,0.21089175293647883,0,
22009,1,15,1,0,0.15523054850487977,0,
22011,0,9,1,0,0.04555604383891818,0,
22013,1,13,1,0,0.11879661611497848,0,
22019,0,16,1,0,0.6893488298393499,1,
22021,0,4,1,0,0.08333967521393544,0,
22023,0,8,1,0,0.45361477227678915,0,
22027,1,11,1,0,0.27574417290817327,0,
22031,0,10,1,0,0.00945183637398622,0,
22039,1,12,1,0,0.29108424518657694,0,
22041,1,7,1,0,0.34030800959936375,0,
22043,0,8,1,0,0.01707492981571045,0,
22045,1,10,1,0,0.49607723970485484,0,
22047,0,8,1,0,0.5450332040521209,1,
22049,0,7,1,0,0.09892712743409848,0,
22053,0,10,1,0,0.32401016404551325,0,
22055,0,16,1,0,0.3173194720742268,0,
22057,0,14,1,0,0.3039932978836137,0,
22063,0,17,1,0,0.19974918917154189,0,
22065,1,4,1,0,0.409216671211004,0,
22069,1,16,1,0,0.05977122354730936,0,
22077,0,17,1,0,0.19440687668716966,0,
22079,0,27,1,0,0.2566481909915593,0,
22083,1,6,1,0,0.3891534834602834,0,
22087,0,6,1,0,0.893977264393228,1,
22089,0,10,1,0,0.23453166933391878,0,
22093,0,7,1,0,0.46833778145445415,0,
22095,0,6,1,0,0.6228001289884224,1,
22099,0,8,1,0,0.2686394743689527,0,
22101,1,8,1,0,0.33867363422583086,0,
22103,0,17,1,0,0.09192411713469761,0,
22105,1,20,1,0,0.27115462228151815,0,
22107,1,4,1,0,0.055894159658470444,0,
22109,0,13,1,0,0.4261270631197105,0,
22111,0,10,1,0,0.04470908778518186,0,
22113,0,12,1,0,0.19424736673951423,0,
22115,0,13,1,0,0.08072805070264169,0,
22117,1,6,1,0,0.1861442344458498,0,
22119,1,12,1,0,0.4133852046253018,0,
22121,0,5,1,0,0.5085328576039343,1,
22123,1,4,1,0,0.11922752795917049,0,
22127,1,12,1,0,0.039740318012364384,0,
23001,0,14,1,0,0.06779308029819586,0,
23005,0,38,1,0,0.027473436779862706,0,
23007,0,18,1,0,0.051961816436898935,0,
23009,0,40,1,0,0.01641293037819126,0,
23011,0,27,1,0,0.03582585803772847,0,
23013,0,19,1,0,0.0053559238849365,0,
23017,0,33,1,0,0.023273566084599157,0,
23019,0,47,1,0,0.17779945797086086,0,
23021,0,16,1,0,0.00782644403892769,0,
23025,0,24,1,0,0.026444977174992185,0,
23027,0,18,1,0,0.017588131685797967,0,
23031,0,36,1,0,0.01650798364933538,0,
24001,0,15,1,0,0.05139670079999387,0,
24011,0,10,1,0,0.3132668400243114,0,
24013,0,15,1,0,0.021132643706816976,0,
24017,0,24,1,0,0.02206173225456659,0,
24019,0,18,1,0,0.2128730329175049,0,
24021,0,34,1,0,0.028193926523196237,0,
24027,0,24,1,0,0.037982454620047235,0,
24029,0,9,1,0,0.0908871381408378,0,
24035,0,16,1,0,0.04820903668065591,0,
24037,0,26,1,0,0.028904988761762757,0,
24039,0,11,1,0,3.627415296077102e-06,0,
24041,0,16,1,0,0.050246091400430855,0,
24043,0,20,1,0,0.005803611174234915,0,
24047,0,12,1,0,0.1288862338101682,0,
25001,0,47,1,0,0.07688089146504232,0,
25005,0,36,1,0,0.33133411378111083,0,
25011,0,32,1,0,0.01923574205216948,0,
25013,0,41,1,0,0.5657652135367641,1,
25015,0,28,1,0,0.018034539159471136,0,
25023,0,34,1,0,0.09175905425147626,0,
25025,0,36,1,0,0.7300539536633186,1,
25027,0,87,1,0,0.12105063848895502,0,
26005,0,24,1,0,0.16875902475274052,0,
26009,0,16,1,0,0.04857564028141732,0,
26011,0,10,1,0,0.2918253435136581,0,
26013,0,7,1,0,0.006960397783561753,0,
26015,0,15,1,0,0.05324735484819746,0,
26017,0,16,1,0,0.5950233629103192,1,
26021,0,23,1,0,0.22967446791472412,0,
26023,0,13,1,0,0.2827623788524139,0,
26025,0,22,1,0,0.31399787641092297,0,
26027,0,14,1,0,0.2411831407628553,0,
26041,0,13,1,0,0.0798613806973502,0,
26045,0,19,1,0,0.1498218507979538,0,
26049,0,34,1,0,0.5021890323075445,1,
26055,0,9,1,0,0.08173680654711157,0,
26059,0,18,1,0,0.24541172169624526,0,
26061,0,20,1,0,0.04091950827524173,0,
26063,0,18,1,0,0.2032833854185989,0,
26065,0,22,1,0,0.4003346185514257,0,
26067,0,21,1,0,0.09646141936505673,0,
26073,1,15,1,0,0.42705918888479844,0,
26075,0,29,1,0,0.37806622502355086,0,
26077,0,25,1,0,0.24398825127202842,0,
26081,0,39,1,0,0.4576674241526893,0,
26087,0,22,1,0,0.1369077311004398,0,
26091,0,23,1,0,0.1345977497901792,0,
26093,0,20,1,0,0.05444346066232235,0,
26099,0,39,1,0,0.6792190360668134,1,
26101,0,15,1,0,0.07363361077626877,0,
26103,0,15,1,0,0.020847002778797134,0,
26115,0,25,1,0,0.18212792204081382,0,
26121,0,20,1,0,0.56863007887629,1,
26123,0,21,1,0,0.2125766120179798,0,
26127,0,12,1,0,0.27772234885442176,0,
26137,0,7,1,0,0.07860943228893581,0,
26139,0,22,1,0,0.1879205956428536,0,
26141,0,7,1,0,0.016143511414867365,0,
26145,0,28,1,0,0.458980930165107,0,
26147,0,23,1,0,0.37657480438382684,0,
26149,0,13,1,0,0.3103671885021296,0,
26151,0,22,1,0,0.28615359024342946,0,
26155,0,19,1,0,0.15847571334462573,0,
26157,0,21,1,0,0.14093135433798737,0,
26159,0,22,1,0,0.25722278368588036,0,
26161,0,27,1,0,0.16701568411474588,0,
27001,0,12,1,0,0.0023157246422953106,0,
27003,0,20,1,0,0.07474763352920144,0,
27005,0,16,1,0,0.006994831934836151,0,
27007,0,18,1,0,0.019575903642265663,0,
27009,0,9,1,0,0.028919332426221016,0,
27025,0,15,1,0,0.022605975001919174,0,
27027,0,15,1,0,0.029696975471294657,0,
27037,0,22,1,0,0.044267403797387146,0,
27041,0,17,1,0,0.015669029580899666,0,
27047,0,18,1,0,0.13972383499869814,0,
27049,0,17,1,0,0.017694726371763118,0,
27057,0,10,1,0,0.0034996178326609064,0,
27061,0,30,1,0,0.0026574159838669256,0,
27079,0,13,1,0,0.02801830889113132,0,
27083,0,14,1,0,0.043993801963461344,0,
27095,0,12,1,0,0.01175126593046345,0,
27097,0,20,1,0,0.015433404991602402,0,
27099,0,19,1,0,0.07976406912868313,0,
27109,0,19,1,0,0.025854053406521388,0,
27111,0,34,1,0,0.015474224503444793,0,
27115,0,16,1,0,0.006055223661396314,0,
27119,0,25,1,0,0.009833138637020736,0,
27123,0,26,1,0,0.16725356922692186,0,
27127,0,22,1,0,0.015662373110840906,0,
27129,0,16,1,0,0.018937593045257852,0,
27131,0,16,1,0,0.04093763554648485,0,
27135,0,11,1,0,0.0043683035977783065,0,
27139,0,10,1,0,0.03868709318334319,0,
27141,0,9,1,0,0.026823087616151948,0,
27145,0,33,1,0,0.42127998822794976,0,
27151,0,11,1,0,0.015151393408584683,0,
27153,0,19,1,0,0.01478914723418068,0,
27163,0,19,1,0,0.042766756952322,0,
27169,0,14,1,0,0.015137759455638403,0,
27171,0,19,1,0,0.04680977876937123,0,
28001,1,2,1,0,0.044458307007498324,0,
28003,0,5,1,0,0.05111173614681361,0,
28007,1,11,1,0,0.01764238786323779,0,
28011,1,17,1,0,0.659166608049951,1,
28013,0,11,1,0,0.012210015383821693,0,
28015,0,13,1,0,0.07794980851418348,0,
28019,1,9,1,0,0.008020164795270558,0,
28023,1,9,1,0,0.01060379594669335,0,
28025,1,8,1,0,0.059387176895349454,0,
28027,1,11,1,0,0.6752239760049483,1,
28029,1,9,1,0,0.01746228374172689,0,
28031,1,8,1,0,0.05050110099277746,0,
28033,0,10,1,0,0.09284883065864948,0,
28035,1,8,1,0,0.5782487539811946,1,
28037,1,8,1,0,0.00481831896501464,0,
28039,0,3,1,0,0.00849282590893266,0,
28041,0,7,1,0,0.0025909364456205963,0,
28043,1,7,1,0,0.027340026305132867,0,
28045,0,10,1,0,0.04391756000241194,0,
28051,1,9,1,0,0.08318856154034124,0,
28057,0,10,1,0,0.03475898316785089,0,
28061,1,14,1,0,0.0051654098829764655,0,
28065,1,9,1,0,0.02216549946008222,0,
28069,1,11,1,0,0.017939255090981873,0,
28071,1,13,1,0,1.0000000000000002,1,
28073,0,6,1,0,0.0211317154690139,0,
28075,1,12,1,0,0.004938625304273582,0,
28081,0,15,1,0,0.07106385696485565,0,
28083,1,11,1,0,0.3809512261257676,0,
28085,0,12,1,0,0.014629619143003257,0,
28087,1,8,1,0,0.049623546178865684,0,
28089,0,12,1,0,0.018118268659405155,0,
28091,1,8,1,0,0.051892907164391974,0,
28093,1,8,1,0,0.04726849230358784,0,
28095,0,12,1,0,0.038804790262294525,0,
28097,1,7,1,0,0.0238017172297982,0,
28099,1,8,1,0,0.08499440685019047,0,
28101,0,11,1,0,0.013892985629426828,0,
28103,1,6,1,0,0.062493997840128934,0,
28107,1,11,1,0,0.11592402586801985,0,
28109,0,5,1,0,0.015772964222422272,0,
28113,1,8,1,0,0.1266878493733312,0,
28115,0,11,1,0,0.07639901530178188,0,
28119,1,10,1,0,0.2997585336556452,0,
28121,0,12,1,0,0.10023352095285631,0,
28123,1,10,1,0,0.053792135887500335,0,
28127,1,10,1,0,0.023140203436059,0,
28131,0,6,1,0,0.011148527569311277,0,
28133,1,16,1,0,0.5800633223146795,1,
28135,1,18,1,0,0.06555751963414391,0,
28137,0,5,1,0,0.18066323647020321,0,
28141,0,9,1,0,0.04861144048162221,0,
28145,0,11,1,0,0.029876708273283727,0,
28147,1,6,1,0,0.029038095495540622,0,
28153,1,7,1,0,0.026727554801580265,0,
28159,1,10,1,0,0.02636114632141387,0,
28161,1,7,1,0,0.011768411398674322,0,
28163,1,8,1,0,0.04201439691509172,0,
29001,1,9,1,0,0.10236790540407145,0,
29009,0,17,1,0,0.08286361614769136,0,
29011,0,8,1,0,0.04534936144524364,0,
29013,0,13,1,0,0.029874567190684216,0,
29015,0,13,1,0,0.027521837695518244,0,
29017,0,13,1,0,0.025299984519661627,0,
29019,0,13,1,0,0.0762871562019615,0,
29021,0,15,1,0,0.5536028440204208,1,
29023,0,10,1,0,0.2177973482396365,0,
29025,0,10,1,0,0.12754182447246068,0,
29029,0,18,1,0,0.02360636756066019,0,
29031,0,19,1,0,0.18382463736702195,0,
29033,0,10,1,0,0.08833101067424508,0,
29035,1,5,1,0,0.006245075313770439,0,
29037,0,18,1,0,0.07978511569553065,0,
29039,0,9,1,0,0.024962801690347196,0,
29041,0,12,1,0,0.04622944956981247,0,
29043,0,21,1,0,0.03679496327692031,0,
29049,0,11,1,0,0.04649619055723166,0,
29051,0,9,1,0,0.057220057158915046,0,
29055,0,12,1,0,0.05049084804839973,0,
29057,0,13,1,0,0.039028023796620896,0,
29059,0,13,1,0,0.07129261683353066,0,
29063,0,10,1,0,0.06499051363443077,0,
29065,0,8,1,0,0.025776828736299183,0,
29067,0,16,1,0,0.05205350804874746,0,
29069,1,14,1,0,0.33373878591646167,0,
29071,0,23,1,0,0.04999669664827386,0,
29079,0,7,1,0,0.12236418426650833,0,
29083,0,11,1,0,0.08806396120145307,0,
29085,0,13,1,0,0.036220105068647396,0,
29091,0,12,1,0,0.09810160584770299,0,
29093,0,16,1,0,0.024129697858562088,0,
29099,0,24,1,0,0.12679304126994345,0,
29103,0,12,1,0,0.03694058694293558,0,
29105,0,12,1,0,0.07087968605216469,0,
29107,0,16,1,0,0.09448873275408483,0,
29109,0,21,1,0,0.062411466589170725,0,
29113,0,17,1,0,0.12016794745014074,0,
29115,0,15,1,0,0.04956433341635768,0,
29117,0,12,1,0,0.07735864772491409,0,
29119,0,14,1,0,0.2430319810595125,0,
29121,0,15,1,0,0.03196307433184136,0,
29123,0,7,1,0,0.015579148037230832,0,
29127,0,10,1,0,0.09856421259412779,0,
29131,0,17,1,0,0.013474641817109856,0,
29133,1,6,1,0,0.5549181886632828,1,
29135,0,13,1,0,0.029017680974639037,0,
29139,0,11,1,0,0.0779907519923339,0,
29143,1,17,1,0,0.4005084608255642,0,
29145,0,15,1,0,0.06446655134986076,0,
29147,0,18,1,0,0.06922768050463765,0,
29153,0,18,1,0,0.018643228741606073,0,
29159,0,15,1,0,0.19155453431859548,0,
29161,0,11,1,0,0.03442592832815997,0,
29163,0,12,1,0,0.2284234386686116,0,
29165,0,18,1,0,0.04491048470382999,0,
29169,0,11,1,0,0.03462832937188969,0,
29175,0,12,1,0,0.1614601442500862,0,
29177,0,12,1,0,0.1730620930462298,0,
29181,1,9,1,0,0.061662880815634216,0,
29183,0,14,1,0,0.09808274336251585,0,
29185,0,16,1,0,0.024951366618384194,0,
29186,0,8,1,0,0.03600931507773758,0,
29187,0,15,1,0,0.05679931870004553,0,
29195,0,13,1,0,0.20226643556121593,0,
29197,0,6,1,0,0.031196555899443215,0,
29199,0,10,1,0,0.08322884742620427,0,
29201,0,14,1,0,0.5051530411207318,1,
29207,0,13,1,0,0.1776381532889936,0,
29209,0,17,1,0,0.010156519518974772,0,
29211,0,13,1,0,0.02153176675887841,0,
29213,0,20,1,0,0.09519289015591917,0,
29215,1,21,1,0,0.000919117065131115,0,
29217,0,13,1,0,0.08269991900404203,0,
29219,0,9,1,0,0.07649539334808611,0,
29223,1,14,1,0,0.025638788409896945,0,
29225,0,9,1,0,0.08571727547306332,0,
29229,1,11,1,0,0.10880734033505092,0,
30003,1,18,1,0,0.217355025923215,0,
30005,1,9,1,0,0.025502351294037315,0,
30013,0,18,1,0,0.0665774197584779,0,
30015,0,13,1,0,0.03363264235524031,0,
30021,0,8,1,0,0.007334128037344701,0,
30029,0,16,1,0,0.008736865677788742,0,
30035,1,5,1,0,0.06732778202894629,0,
30047,0,15,1,0,0.009026985626429705,0,
30049,0,9,1,0,0.011791613295425165,0,
30053,0,6,1,0,0.0009144578632952364,0,
30061,0,5,1,0,0.0022330032994327463,0,
30073,0,6,1,0,0.00914011290996985,0,
30081,0,9,1,0,0.004929688238867842,0,
30087,0,8,1,0,0.015245493702023886,0,
30105,0,12,1,0,0.00847315663568917,0,
30111,0,16,1,0,0.09466894719722871,0,
31001,0,14,1,0,0.04861835105295891,0,
31003,0,11,1,0,0.007925339015245855,0,
31007,0,8,1,0,0.009159778945751715,0,
31011,0,8,1,0,0.006723675995220785,0,
31013,0,3,1,0,0.008559762607378334,0,
31023,0,14,1,0,0.007316906175979027,0,
31025,0,20,1,0,0.013940796240676515,0,
31029,0,7,1,0,0.00017791496449753074,0,
31033,0,5,1,0,0.006368919257856341,0,
31041,0,21,1,0,0.002456778541108135,0,
31045,0,6,1,0,0.006458103661133049,0,
31061,0,8,1,0,0.008048362353152474,0,
31067,0,18,1,0,0.011775282246990799,0,
31075,0,3,1,0,0.003942833230245073,0,
31079,0,11,1,0,0.061701635666279266,0,
31083,0,8,1,0,0.008320661560976557,0,
31093,0,11,1,0,0.011543213331949635,0,
31095,0,12,1,0,0.005440155028421604,0,
31109,0,42,1,0,0.06047682824266806,0,
31111,0,14,1,0,0.018812460145098766,0,
31119,0,8,1,0,0.03777291302169368,0,
31131,0,19,1,0,0.00900388266390761,0,
31135,0,10,1,0,0.004165351931554016,0,
31141,0,11,1,0,0.034735977710259894,0,
31153,0,13,1,0,0.03724283309101279,0,
31155,0,18,1,0,0.015401582589922606,0,
31157,0,8,1,0,0.0278480151466683,0,
31161,0,9,1,0,0.0071509316258267985,0,
31173,1,10,1,0,0.0505343589564788,0,
31177,0,15,1,0,0.019934048996969843,0,
31179,0,11,1,0,0.020671418198976815,0,
31185,0,15,1,0,0.017371385834166694,0,
32001,0,2,1,0,0.4475628914074881,0,
32005,0,9,1,0,0.13810150868350848,0,
32007,0,14,1,0,0.06787925454976565,0,
32013,0,7,1,0,0.07266720746154427,0,
32017,0,5,1,0,0.000526747940869861,0,
32019,0,9,1,0,0.46702188585812726,0,
32021,0,5,1,0,0.11128337373870893,0,
32033,0,7,1,0,0.04536332603907035,0,
33005,0,27,1,0,0.007895325776112185,0,
33007,0,16,1,0,0.010501194740758626,0,
33009,0,37,1,0,0.004889809513435305,0,
33011,0,34,1,0,0.050650726885150786,0,
33013,0,31,1,0,0.015086189905465328,0,
33015,0,37,1,0,0.02569051686177463,0,
34009,0,15,1,0,0.15269445552114047,0,
34011,0,22,1,0,0.1700905229228474,0,
34015,0,30,1,0,0.1355940767362997,0,
34019,0,26,1,0,0.018815850307981972,0,
34021,0,25,1,0,0.2584589647351518,0,
34027,0,56,1,0,0.022270417737918435,0,
34031,0,33,1,0,0.41767667298405586,0,
34033,0,14,1,0,0.20450695944593136,0,
34035,0,32,1,0,0.04545857321216391,0,
34037,0,21,1,0,0.018074332406685097,0,
34041,0,19,1,0,0.024601379202802073,0,
35005,1,9,1,0,0.51841321406445,1,
35007,0,9,1,0,0.024019872401522268,0,
35009,0,7,1,0,0.4718863394881843,0,
35015,0,8,1,0,0.08844911923687282,0,
35017,0,16,1,0,0.0029681196525456117,0,
35019,1,5,1,0,0.00033930471284937904,0,
35025,0,7,1,0,0.6364991280987764,1,
35029,1,3,1,0,0.15932172571847836,0,
35035,0,18,1,0,0.27493128825673135,0,
35037,1,10,1,0,0.040646130142405985,0,
35039,0,37,1,0,0.06758112283826179,0,
35041,1,9,1,0,0.15062985325311357,0,
35043,0,21,1,0,0.19984710446270884,0,
35049,0,15,1,0,0.099499522852877,0,
35051,0,10,1,0,0.40079742387348105,0,
35053,1,14,1,0,0.4903362405083896,0,
35055,1,21,1,0,0.002059619142193867,0,
35061,0,8,1,0,0.3825967232864805,0,
36001,0,46,1,0,0.1092964960711454,0,
36003,0,37,1,0,0.007944653346266341,0,
36007,0,31,1,0,0.05038755496495875,0,
36009,0,36,1,0,0.005152819791688251,0,
36011,0,26,1,0,0.0026055653100024163,0,
36013,0,36,1,0,0.06752336291448649,0,
36015,0,22,1,0,0.05085528597640182,0,
36021,0,36,1,0,0.0392862877030373,0,
36023,0,17,1,0,0.05013324727869097,0,
36027,0,35,1,0,0.06507334928346753,0,
36031,0,34,1,0,0.0013657638104223983,0,
36033,0,23,1,0,0.007808143762862716,0,
36037,0,18,1,0,0.041642154466381795,0,
36039,0,42,1,0,0.01680577383374936,0,
36041,0,13,1,0,0.0022833976623509978,0,
36043,0,28,1,0,0.01919711005678723,0,
36045,0,39,1,0,0.058434672811911434,0,
36053,0,31,1,0,0.017845772804207377,0,
36055,0,50,1,0,0.3247158006590838,0,
36057,0,20,1,0,0.079154716885417,0,
36063,0,22,1,0,0.2423368620940333,0,
36065,0,54,1,0,0.09583366784260018,0,
36071,0,51,1,0,0.04858204584605811,0,
36073,0,15,1,0,0.1215089841545111,0,
36075,0,27,1,0,0.05544566586902548,0,
36077,0,43,1,0,0.012340436984463913,0,
36083,0,29,1,0,0.045812882643835644,0,
36089,0,49,1,0,0.018259073246256325,0,
36091,0,27,1,0,0.025528878205845332,0,
36093,0,19,1,0,0.07321031466308844,0,
36099,0,14,1,0,0.10673149454943871,0,
36101,0,39,1,0,0.018386723127298648,0,
36105,0,62,1,0,0.021213161085814565,0,
36107,0,15,1,0,0.014919179002873505,0,
36109,0,17,1,0,0.25886052310585783,0,
36111,0,63,1,0,0.03852247112358603,0,
36115,0,27,1,0,0.03600657148673803,0,
36117,0,20,1,0,0.039282524233488735,0,
37001,0,12,1,0,0.12031330849947562,0,
37003,0,8,1,0,0.04655927693931751,0,
37007,0,8,1,0,0.03207426031592993,0,
37013,0,15,1,0,0.027667000957104292,0,
37015,1,10,1,0,0.023974672169299587,0,
37017,1,18,1,0,0.049784170395481706,0,
37019,0,14,1,0,0.029745565375424415,0,
37021,0,19,1,0,0.023333765395202235,0,
37023,0,16,1,0,0.06601740905903576,0,
37025,0,16,1,0,0.13833354040828635,0,
37027,0,10,1,0,0.06575751158718084,0,
37031,0,19,1,0,0.02599857881626537,0,
37035,0,14,1,0,0.0987427660811599,0,
37037,0,18,1,0,0.012148778083733103,0,
37039,0,4,1,0,0.008092245366021378,0,
37041,0,4,1,0,0.02912357577294427,0,
37043,0,5,1,0,0.001436033012120124,0,
37045,0,13,1,0,0.22514319867081953,0,
37047,1,16,1,0,0.04533569879583411,0,
37049,0,11,1,0,0.029714987547035113,0,
37051,0,24,1,0,0.09394118739486773,0,
37053,0,15,1,0,0.02011893579186244,0,
37055,0,14,1,0,0.06822952522204036,0,
37057,0,12,1,0,0.08913746078393689,0,
37059,0,6,1,0,0.0325264291832909,0,
37061,0,19,1,0,0.0783068449474791,0,
37063,0,16,1,0,0.05250891997682253,0,
37065,0,15,1,0,0.14690467909641197,0,
37067,0,22,1,0,0.10308539046695997,0,
37069,0,13,1,0,0.03186557482278739,0,
37071,0,18,1,0,0.23215276119211306,0,
37077,0,12,1,0,0.015321667289019977,0,
37079,0,11,1,0,0.07735244664195058,0,
37083,1,9,1,0,0.07571731871656957,0,
37085,0,16,1,0,0.049251832142988713,0,
37089,0,15,1,0,0.019114588750211478,0,
37091,0,9,1,0,0.013409875183210877,0,
37093,0,9,1,0,0.13380103383361538,0,
37101,0,21,1,0,0.04634086297661592,0,
37105,0,4,1,0,0.045588496566024705,0,
37107,0,10,1,0,0.19165574964587867,0,
37109,0,11,1,0,0.11659934524469331,0,
37111,0,9,1,0,0.01913545529877915,0,
37125,0,18,1,0,0.021019216064114242,0,
37127,0,15,1,0,0.06521156062961371,0,
37129,0,10,1,0,0.08783886228729185,0,
37131,1,12,1,0,0.006753702612501282,0,
37133,0,16,1,0,0.09797890655635622,0,
37135,0,14,1,0,0.01772928440681602,0,
37141,0,13,1,0,0.02013319270489732,0,
37147,1,17,1,0,0.10228049962193285,0,
37151,0,24,1,0,0.08737058711264134,0,
37153,0,11,1,0,0.21937484286697417,0,
37157,0,11,1,0,0.06563455499785138,0,
37159,0,19,1,0,0.15779000617454614,0,
37161,0,16,1,0,0.044966770364335544,0,
37163,0,17,1,0,0.14609290135043537,0,
37165,0,7,1,0,0.20175626087097281,0,
37169,0,16,1,0,0.03974776256887446,0,
37171,0,12,1,0,0.06813763695523475,0,
37175,0,10,1,0,0.007071270002270599,0,
37179,0,12,1,0,0.0875982163118508,0,
37181,0,8,1,0,0.16746271890125378,0,
37185,0,8,1,0,0.02721481045325003,0,
37187,1,4,1,0,0.02620286935765256,0,
37189,0,10,1,0,0.04189719646677022,0,
37191,0,14,1,0,0.05686940493173664,0,
37193,0,23,1,0,0.024699355364778346,0,
37195,0,17,1,0,0.1433643683209752,0,
38015,0,12,1,0,0.03863248914709781,0,
38027,0,7,1,0,0.005351138555217293,0,
38035,0,22,1,0,0.17180807203447707,0,
38037,0,13,1,0,0.004000907733984975,0,
38067,0,13,1,0,0.004049458656497527,0,
38073,0,11,1,0,0.0040574773457643515,0,
38085,1,9,1,0,0.12483573203918516,0,
38099,0,16,1,0,0.012909160201349426,0,
38101,0,24,1,0,0.001658706159601926,0,
39001,0,11,1,0,0.14414457903835665,0,
39007,0,19,1,0,0.3855122383701056,0,
39009,1,18,1,0,0.09613782186691558,0,
39013,0,27,1,0,0.07415558694762742,0,
39017,0,17,1,0,0.38617866093992204,0,
39019,0,20,1,0,0.053141139836669245,0,
39023,0,22,1,0,0.6489987524976086,1,
39025,0,23,1,0,0.1749280916076959,0,
39037,0,25,1,0,0.25681484706488633,0,
39041,0,24,1,0,0.061667911874743464,0,
39045,0,19,1,0,0.06310855831308682,0,
39055,0,20,1,0,0.041256037777058954,0,
39059,0,20,1,0,0.08554909232456134,0,
39063,0,24,1,0,0.14587862627067075,0,
39065,0,15,1,0,0.25551611362492893,0,
39071,0,15,1,0,0.2600714168829401,0,
39073,0,16,1,0,0.03387395238591894,0,
39075,0,18,1,0,0.055190807404341936,0,
39077,0,14,1,0,0.12642803021341803,0,
39079,0,11,1,0,0.1351213202332136,0,
39081,0,23,1,0,0.39192485863772086,0,
39085,0,11,1,0,0.28302206782715583,0,
39087,0,14,1,0,0.25743217546508895,0,
39089,0,28,1,0,0.07347994410115832,0,
39091,0,18,1,0,0.17323450732098572,0,
39093,0,24,1,0,0.23038662275144423,0,
39099,0,36,1,0,0.3560499943746562,0,
39101,0,14,1,0,0.1864048016511755,0,
39103,0,24,1,0,0.05749167685677288,0,
39107,0,18,1,0,0.14452975181349836,0,
39111,0,15,1,0,0.0183222745271905,0,
39117,0,16,1,0,0.07052255942360405,0,
39119,0,22,1,0,0.1404555101796298,0,
39121,0,15,1,0,0.011140125623617318,0,
39123,0,18,1,0,0.5228690597837673,1,
39125,0,15,1,0,0.1747757935769634,0,
39127,0,17,1,0,0.008018623617989514,0,
39129,0,17,1,0,0.08720346290006895,0,
39131,0,11,1,0,0.1183325467113956,0,
39133,0,24,1,0,0.26697858909281463,0,
39135,0,16,1,0,0.13906469386044945,0,
39137,0,17,1,0,0.11916807666524735,0,
39139,0,19,1,0,0.01665385893867601,0,
39141,0,16,1,0,0.116464209916706,0,
39143,0,17,1,0,0.419002351461329,0,
39145,0,20,1,0,0.3298999433370215,0,
39147,0,20,1,0,0.1940569142413744,0,
39151,0,42,1,0,0.25561844430389924,0,
39155,0,30,1,0,0.3531663200231191,0,
39159,0,20,1,0,0.1373983731417578,0,
39165,0,24,1,0,0.11952350689997424,0,
39167,0,20,1,0,0.05625955977784572,0,
39169,0,25,1,0,0.1234829470893191,0,
39171,0,12,1,0,0.20905953097314844,0,
39173,0,32,1,0,0.3681942114415896,0,
40001,1,8,1,0,0.19658298719544762,0,
40003,0,13,1,0,0.07038604003494775,0,
40009,0,6,1,0,0.2147765069036941,0,
40011,0,13,1,0,0.21385544411535456,0,
40013,0,14,1,0,0.6772562762536811,1,
40015,1,16,1,0,0.6195228549926886,1,
40017,0,13,1,0,0.3129158829305973,0,
40019,0,13,1,0,0.7049326651445333,1,
40021,1,16,1,0,0.44546248452089926,0,
40023,1,12,1,0,0.3073374186637362,0,
40025,0,4,1,0,0.09969937642779157,0,
40035,0,10,1,0,0.51742855050586,1,
40037,0,21,1,0,0.1708943459074727,0,
40039,0,13,1,0,0.6736368308169707,1,
40041,0,13,1,0,0.2887000987220953,0,
40043,0,12,1,0,0.10039329858203264,0,
40045,0,7,1,0,0.07578553503560459,0,
40047,0,22,1,0,0.18238409195994612,0,
40049,0,13,1,0,0.33068628151109186,0,
40051,0,14,1,0,0.21070620646638985,0,
40053,0,10,1,0,0.024887336051463566,0,
40055,0,4,1,0,0.0547124358919596,0,
40059,0,7,1,0,0.09374008612310648,0,
40063,1,10,1,0,0.16076786599508647,0,
40065,0,9,1,0,0.6134623604464842,1,
40067,0,8,1,0,0.48242996834710844,0,
40069,1,13,1,0,0.39084760228798576,0,
40071,0,10,1,0,0.4302602582088653,0,
40073,0,12,1,0,0.29821903675293426,0,
40075,0,9,1,0,0.6120227962017698,1,
40077,0,7,1,0,0.08883108685222754,0,
40079,0,23,1,0,0.22455343382106835,0,
40081,0,16,1,0,0.12053615699941793,0,
40083,0,15,1,0,0.2891549485860061,0,
40085,0,8,1,0,0.6181884572306283,1,
40089,1,15,1,0,0.5414115500574909,1,
40091,0,11,1,0,0.22174005310667352,0,
40095,0,3,1,0,0.6572221607063317,1,
40097,0,17,1,0,0.592340250030631,1,
40099,0,7,1,0,0.6184637066031917,1,
40101,0,15,1,0,0.741696834397237,1,
40105,0,7,1,0,0.27857405245843747,0,
40107,1,11,1,0,0.13073197830339403,0,
40111,0,11,1,0,0.438232827664355,0,
40113,0,22,1,0,0.5791072035747792,1,
40115,0,9,1,0,0.6032644053648906,1,
40117,0,12,1,0,0.2715109287812941,0,
40119,1,14,1,0,0.3439718788316689,0,
40121,0,19,1,0,0.27233675206825547,0,
40123,0,10,1,0,0.34247920556863715,0,
40127,1,16,1,0,0.07957625453846694,0,
40131,0,12,1,0,0.45834589916059726,0,
40133,1,10,1,0,0.30456216165861905,0,
40135,0,9,1,0,0.28774594852179886,0,
40137,0,10,1,0,0.5973071707475424,1,
40139,0,9,1,0,0.1949099765896982,0,
40141,1,8,1,0,0.6637840486423876,1,
40145,0,15,1,0,0.3813166003402675,0,
40147,0,12,1,0,0.3447693913560762,0,
40149,0,18,1,0,0.35071139976319793,0,
40153,0,11,1,0,0.09345997614469355,0,
41001,0,12,1,0,0.013331188993803493,0,
41003,0,10,1,0,0.26227390497558667,0,
41005,0,37,1,0,0.09742546677151688,0,
41009,0,9,1,0,0.04048956829208314,0,
41011,0,10,1,0,0.05804928997887473,0,
41013,0,6,1,0,0.042832800465865545,0,
41015,0,7,1,0,0.011265382873172594,0,
41017,0,7,1,0,0.0781229958662228,0,
41019,0,28,1,0,0.08265075827576569,0,
41023,0,11,1,0,0.022650902461855346,0,
41027,0,3,1,0,0.0810875220233591,0,
41029,0,18,1,0,0.5389270947556685,1,
41031,0,8,1,0,0.13860885298154224,0,
41033,0,11,1,0,0.4548319624160849,0,
41035,0,17,1,0,0.38243349534485993,0,
41039,0,39,1,0,0.10876872545162514,0,
41041,0,18,1,0,0.06112177753105824,0,
41043,0,20,1,0,0.19088172906369963,0,
41047,0,26,1,0,0.43898927008129696,0,
41049,0,7,1,0,0.6751205653750817,1,
41053,0,11,1,0,0.061481387665002316,0,
41059,0,14,1,0,0.5122593732308515,1,
41061,0,8,1,0,0.04104852874912618,0,
41065,0,8,1,0,0.183418493978587,0,
41067,0,30,1,0,0.06144435957233733,0,
42001,0,17,1,0,0.04171746270860591,0,
42005,0,36,1,0,0.06667384606048019,0,
42009,0,28,1,0,0.012867959910548224,0,
42011,0,62,1,0,0.14288683713581318,0,
42013,0,19,1,0,0.03868555791526988,0,
42015,0,27,1,0,0.012883737597593559,0,
42021,0,51,1,0,0.005761838936990463,0,
42025,0,20,1,0,0.03186663168367487,0,
42027,0,33,1,0,0.028346927164928384,0,
42033,0,51,1,0,0.01931108126349148,0,
42037,0,19,1,0,0.025731928346224918,0,
42039,0,27,1,0,0.03461016518281963,0,
42041,0,21,1,0,0.03159939666526665,0,
42043,0,30,1,0,0.052669028751800934,0,
42047,0,14,1,0,0.004250631090963944,0,
42051,0,62,1,0,0.09185019618746475,0,
42053,0,11,1,0,0.002501750499746795,0,
42055,0,30,1,0,0.04436486052409324,0,
42059,0,26,1,0,0.02183547298569866,0,
42061,0,33,1,0,0.006979203967645988,0,
42065,0,30,1,0,0.04140545555315495,0,
42069,0,28,1,0,0.0781665595230525,0,
42073,0,22,1,0,0.09470403335097344,0,
42075,0,19,1,0,0.08642088204163723,0,
42079,0,50,1,0,0.06574187295612537,0,
42081,0,25,1,0,0.015777317913816875,0,
42085,0,28,1,0,0.09460800588350796,0,
42087,0,13,1,0,0.027512058075856896,0,
42089,0,35,1,0,0.046178792670246355,0,
42095,0,26,1,0,0.09329313201208375,0,
42097,0,28,1,0,0.025726383600632348,0,
42099,0,16,1,0,0.013458419604357006,0,
42107,0,59,1,0,0.01983412339621037,0,
42109,0,15,1,0,0.033123087883363246,0,
42111,0,40,1,0,0.02116113334965412,0,
42115,0,29,1,0,0.008073673335054474,0,
42119,0,14,1,0,0.015761329302593465,0,
42123,0,19,1,0,0.006544089998574823,0,
42125,0,64,1,0,0.057408489474578904,0,
42127,0,30,1,0,0.008362956097383436,0,
42129,0,86,1,0,0.0626333343050236,0,
44003,0,9,1,0,0.23784753228581798,0,
44005,0,8,1,0,0.7103850603029079,1,
44009,0,20,1,0,0.07289196395535748,0,
45001,0,13,1,0,0.10236710800803814,0,
45005,1,6,1,0,0.15262867306688682,0,
45009,1,8,1,0,0.09825101882576433,0,
45011,1,7,1,0,0.15707250569977796,0,
45013,0,16,1,0,0.1143335365677365,0,
45015,0,17,1,0,0.11599530514567927,0,
45017,0,7,1,0,0.08171415404288125,0,
45021,0,8,1,0,0.34017790993059616,0,
45023,0,10,1,0,0.46637709346636014,0,
45025,0,11,1,0,0.19155640677690974,0,
45027,1,11,1,0,0.13313337570676484,0,
45029,1,14,1,0,0.15594784624649916,0,
45031,0,10,1,0,0.10851717078783592,0,
45033,1,11,1,0,0.2758553240642724,0,
45035,0,15,1,0,0.07950496343556782,0,
45037,0,10,1,0,0.01943712615243192,0,
45039,0,9,1,0,0.05655547816438261,0,
45041,0,12,1,0,0.1795818471768328,0,
45043,0,5,1,0,0.04223448002806572,0,
45047,0,9,1,0,0.21983749531725413,0,
45049,1,13,1,0,0.1166483832416868,0,
45051,0,16,1,0,0.34102159601571247,0,
45055,0,13,1,0,0.06932477598074807,0,
45057,0,5,1,0,0.18769259758478324,0,
45059,0,16,1,0,0.1699365066854791,0,
45067,1,7,1,0,0.22549115579179757,0,
45069,1,8,1,0,0.14541842701914307,0,
45073,0,13,1,0,0.11912168479609728,0,
45077,0,15,1,0,0.1740670104887652,0,
45081,0,12,1,0,0.1282144299190599,0,
45085,0,15,1,0,0.2806991089090848,0,
45087,0,9,1,0,0.14164286360413864,0,
45089,1,12,1,0,0.093491309957939,0,
45091,0,15,1,0,0.3736920505782621,0,
46009,0,7,1,0,0.006749791390654612,0,
46013,0,20,1,0,0.01816865602353568,0,
46029,0,10,1,0,0.031489825126494904,0,
46031,1,15,1,0,0.06190553680735721,0,
46033,0,9,1,0,0.0037100470917915997,0,
46035,0,6,1,0,0.025153557921968286,0,
46037,0,11,1,0,0.006470213830618982,0,
46059,0,8,1,0,0.004524330165874051,0,
46065,0,3,1,0,0.014921661009348991,0,
46067,0,13,1,0,0.007055896985960451,0,
46077,0,9,1,0,0.00528186970578956,0,
46083,0,12,1,0,0.06609314147687853,0,
46091,0,10,1,0,0.005003001731613176,0,
46093,0,18,1,0,0.02574043001878111,0,
46099,0,23,1,0,0.12688833390473644,0,
46103,0,20,1,0,0.02807385402598852,0,
46109,1,16,1,0,0.020546721118485062,0,
46121,1,9,1,0,0.28162067263279006,0,
46129,0,7,1,0,0.007359394932912519,0,
46135,0,10,1,0,0.02632342978597483,0,
47001,0,11,1,0,0.17498790426002464,0,
47003,0,13,1,0,0.5494753916679384,1,
47005,0,7,1,0,0.1648612968627708,0,
47009,0,13,1,0,0.2742425375832556,0,
47011,0,8,1,0,0.20126798633413492,0,
47013,1,11,1,0,0.25626673020896046,0,
47017,0,14,1,0,0.057060389261896244,0,
47019,0,8,1,0,0.31050223392070214,0,
47021,0,12,1,0,0.0552129821471773,0,
47025,1,10,1,0,0.15834230866116486,0,
47027,0,7,1,0,0.23266273703929663,0,
47031,0,9,1,0,0.3297920561383878,0,
47033,0,8,1,0,0.32269807181817145,0,
47035,0,11,1,0,0.14734745155711448,0,
47043,0,11,1,0,0.05558101185273131,0,
47045,0,11,1,0,0.43223822981791393,0,
47049,1,9,1,0,0.10700468819791925,0,
47053,0,11,1,0,0.19354320729874547,0,
47055,0,17,1,0,0.31404918570027657,0,
47059,0,10,1,0,0.13747954975248766,0,
47063,0,7,1,0,0.5201037634488909,1,
47067,1,5,1,0,0.1264251801782449,0,
47069,0,12,1,0,0.0768256938060892,0,
47071,0,13,1,0,0.23770200982652928,0,
47073,0,12,1,0,0.22168177996708163,0,
47075,0,6,1,0,0.2154551489393831,0,
47077,0,14,1,0,0.11492188751581839,0,
47079,0,9,1,0,0.1799783143196467,0,
47085,0,4,1,0,0.03776747594571127,0,
47089,0,10,1,0,0.16171103168254353,0,
47097,0,4,1,0,0.11903747015810363,0,
47099,0,11,1,0,0.1313760388951054,0,
47101,0,7,1,0,0.03869630723156556,0,
47107,0,12,1,0,0.5557531774163849,1,
47109,0,15,1,0,0.16091886592787571,0,
47111,0,8,1,0,0.208555105472018,0,
47117,0,12,1,0,0.3690562586353914,0,
47119,0,10,1,0,0.27156073826494764,0,
47121,0,6,1,0,0.09456670287532262,0,
47123,0,9,1,0,0.4278944356175934,0,
47125,0,15,1,0,0.14035020713281326,0,
47129,0,12,1,0,0.1218074522281416,0,
47131,0,12,1,0,0.2666671016903802,0,
47135,0,4,1,0,0.04889256163478349,0,
47139,0,12,1,0,0.04872249518820827,0,
47141,0,10,1,0,0.33717425576867566,0,
47145,0,10,1,0,0.1942148277475474,0,
47147,0,12,1,0,0.19685555315597658,0,
47149,0,20,1,0,0.5708463828182933,1,
47155,0,10,1,0,0.14548764055369628,0,
47159,0,15,1,0,0.09368313953031675,0,
47163,0,12,1,0,0.30025155643677287,0,
47165,0,10,1,0,0.15475398478433586,0,
47167,0,10,1,0,0.12169347752888368,0,
47175,0,7,1,0,0.19943550194545098,0,
47177,0,6,1,0,0.5905123484491273,1,
47179,0,13,1,0,0.280503554487479,0,
47181,0,10,1,0,0.061681312992646835,0,
47183,0,12,1,0,0.13095847944438666,0,
47185,0,5,1,0,0.2424765806543283,0,
47187,0,16,1,0,0.03481174538741432,0,
47189,0,12,1,0,0.20725637923536158,0,
48001,0,10,1,0,0.30902967605679105,0,
48003,0,1,1,0,0.2211841511120132,0,
48005,0,6,1,0,0.1543935168818192,0,
48007,0,5,1,0,0.3959501736035722,0,
48009,0,10,1,0,0.21807455703475298,0,
48013,0,15,1,0,0.5633474282130585,1,
48015,0,13,1,0,0.27062190586064133,0,
48017,0,6,1,0,0.03064196405626571,0,
48019,0,7,1,0,0.19930631995471623,0,
48021,0,15,1,0,0.033850297417709035,0,
48023,0,2,1,0,0.020584629527897365,0,
48025,1,11,1,0,0.2205713808350766,0,
48031,0,8,1,0,0.005395031821563268,0,
48035,0,11,1,0,0.07106437527852072,0,
48037,0,10,1,0,0.1507771863335839,0,
48043,0,4,1,0,0.010395846545435539,0,
48047,1,2,1,0,0.4398378973280496,0,
48049,0,10,1,0,0.09507032750541594,0,
48051,0,5,1,0,0.21523020376816668,0,
48053,0,13,1,0,0.11919910301153047,0,
48055,0,14,1,0,0.2689295964912775,0,
48057,0,6,1,0,0.1413779348364113,0,
48063,0,2,1,0,0.3063579177990914,0,
48067,0,14,1,0,0.07130888404334376,0,
48071,0,11,1,0,0.6129141557223386,1,
48073,0,12,1,0,0.418820265377867,0,
48075,0,4,1,0,0.08793837373438888,0,
48077,0,9,1,0,0.21107564704912024,0,
48081,0,4,1,0,0.02221742925053894,0,
48083,0,15,1,0,0.03771179472353464,0,
48087,0,5,1,0,0.07053374166299294,0,
48089,0,18,1,0,0.1063132694062474,0,
48091,0,14,1,0,0.1589180031155497,0,
48093,0,14,1,0,0.02411531473511157,0,
48097,0,14,1,0,0.37971084500839325,0,
48099,0,17,1,0,0.00038930254033109205,0,
48101,0,3,1,0,0.0842790000835946,0,
48109,1,2,1,0,0.10239612857532387,0,
48117,0,6,1,0,0.16332313739313126,0,
48119,0,7,1,0,0.15402442410472653,0,
48123,0,9,1,0,0.1093323681274368,0,
48125,0,7,1,0,0.055457370870436395,0,
48127,1,6,1,0,0.2665948083266374,0,
48131,1,8,1,0,0.06115548287783601,0,
48133,0,9,1,0,0.10766087060567901,0,
48135,0,8,1,0,0.8838499605976085,1,
48139,0,20,1,0,0.41258156492557746,0,
48143,0,13,1,0,0.3148411423424041,0,
48145,1,17,1,0,0.3562225606273267,0,
48147,0,19,1,0,0.16724059599466734,0,
48149,0,15,1,0,0.07096258208156862,0,
48151,0,9,1,0,0.12734319407144448,0,
48159,0,7,1,0,0.1078760128792639,0,
48161,0,9,1,0,0.6261931746639258,1,
48169,1,4,1,0,0.16826364891624518,0,
48171,0,7,1,0,0.06971958931248053,0,
48177,0,14,1,0,0.029546148017860527,0,
48185,0,11,1,0,0.528808972588735,1,
48193,0,10,1,0,0.05684265541352525,0,
48197,0,2,1,0,0.09330288716407924,0,
48199,0,12,1,0,0.07899816654264903,0,
48203,0,12,1,0,0.1445424533658849,0,
48207,0,11,1,0,0.18782173628402157,0,
48209,0,14,1,0,0.33894137647197686,0,
48217,0,19,1,0,0.4026116126858451,0,
48219,0,10,1,0,0.5509246994103123,1,
48221,0,8,1,0,0.4384127926011313,0,
48223,0,13,1,0,0.25994536417397746,0,
48225,1,7,1,0,0.3707839748901093,0,
48227,0,5,1,0,0.6543593311275371,1,
48233,0,7,1,0,0.7457804085467176,1,
48239,0,10,1,0,0.04214231169084334,0,
48241,0,9,1,0,0.1278302443606753,0,
48247,0,1,1,0,0.08340101281239223,0,
48249,1,8,1,0,0.10601651999796023,0,
48251,0,16,1,0,0.5660528692568659,1,
48255,1,8,1,0,0.45115572678483684,0,
48259,0,8,1,0,0.04351075501751255,0,
48261,0,2,1,0,0.5705982391558527,1,
48265,0,10,1,0,0.27347400749197115,0,
48269,0,2,1,0,0.05098028020896899,0,
48273,1,4,1,0,0.41014693106229483,0,
48275,0,6,1,0,0.07885420589477016,0,
48277,0,13,1,0,0.3217707129324836,0,
48281,0,6,1,0,0.09631986055457395,0,
48285,0,7,1,0,0.032714773394797156,0,
48287,0,9,1,0,0.06619141211995122,0,
48289,0,8,1,0,0.3910970335296928,0,
48291,0,14,1,0,0.36926078826252395,0,
48293,0,14,1,0,0.5447112095508969,1,
48299,0,10,1,0,0.26742395330372465,0,
48303,0,25,1,0,0.7697544707295313,1,
48307,1,6,1,0,0.03145191868823442,0,
48313,0,5,1,0,0.29156184800986124,0,
48315,1,7,1,0,0.06494540134885594,0,
48317,0,8,1,0,0.343457148774938,0,
48321,0,12,1,0,0.2645963349332933,0,
48323,1,3,1,0,0.497579361833489,0,
48329,0,9,1,0,0.5862962682658998,1,
48331,0,13,1,0,0.2984087645042624,0,
48335,0,3,1,0,0.058457002745274676,0,
48337,0,10,1,0,0.5165195555761354,1,
48341,0,6,1,0,0.1326125360457261,0,
48343,0,7,1,0,0.47237346997964186,0,
48347,1,10,1,0,0.28011051129089914,0,
48349,0,17,1,0,0.5189403314053482,1,
48353,0,9,1,0,0.17586766679410223,0,
48361,0,4,1,0,0.5679421018165467,1,
48363,0,12,1,0,0.3034462752397652,0,
48365,0,13,1,0,0.12949478683451054,0,
48367,0,18,1,0,0.34823613481159604,0,
48371,0,6,1,0,0.19517058646407473,0,
48373,0,9,1,0,0.10057637000348191,0,
48375,0,16,1,0,0.8638056717433512,1,
48377,1,4,1,0,0.317034124427863,0,
48381,0,15,1,0,0.2980559461385152,0,
48387,0,9,1,0,0.17912526228970785,0,
48389,1,4,1,0,0.1317787988047479,0,
48391,0,5,1,0,0.01732437515082542,0,
48395,1,9,1,0,0.30767853464570327,0,
48397,0,9,1,0,0.18158184594978147,0,
48399,0,11,1,0,0.04055708695471666,0,
48401,0,16,1,0,0.2846044023001757,0,
48405,1,4,1,0,0.06043986360433502,0,
48407,0,8,1,0,0.2802323733233636,0,
48409,0,9,1,0,0.21448993202074196,0,
48411,0,7,1,0,0.021575717564968996,0,
48415,0,8,1,0,0.1781156827312185,0,
48419,0,7,1,0,0.10927171312692963,0,
48427,1,10,1,0,0.6556599014373636,1,
48429,0,8,1,0,0.12811916266302933,0,
48437,0,5,1,0,0.4231448511565019,0,
48441,0,17,1,0,0.6942265198195485,1,
48445,0,6,1,0,0.290894875098074,0,
48449,0,6,1,0,0.4681064415749997,0,
48451,0,14,1,0,0.9776944304774738,1,
48455,0,7,1,0,0.2973104909888509,0,
48457,0,10,1,0,0.012956707231092816,0,
48459,0,12,1,0,0.2705454892112948,0,
48463,1,8,1,0,0.4299916628401542,0,
48465,1,5,1,0,0.6822680283749972,1,
48467,0,13,1,0,0.5093644216290043,1,
48469,0,12,1,0,0.46971723137746263,0,
48471,0,9,1,0,0.5221573090418294,1,
48473,0,11,1,0,0.4014718848030353,0,
48475,0,6,1,0,0.8033500445183658,1,
48477,0,7,1,0,0.4572421330489552,0,
48481,0,13,1,0,0.5920093066441687,1,
48487,0,6,1,0,0.4921893738450335,0,
48493,0,12,1,0,0.15933382804883317,0,
48495,0,2,1,0,0.5663144977830067,1,
48497,0,17,1,0,0.4990675393396291,0,
48499,0,12,1,0,0.21694045383248475,0,
48501,0,4,1,0,0.03134557361201505,0,
48503,0,6,1,0,0.21691575489272485,0,
48505,1,5,1,0,0.21230731207053272,0,
48507,1,4,1,0,0.6608877330623035,1,
49003,0,20,1,0,0.3897047227775349,0,
49005,0,16,1,0,0.3710741465911572,0,
49011,0,13,1,0,0.4521575529569871,0,
49019,0,2,1,0,0.034068307790215364,0,
49021,0,10,1,0,0.13064873431037502,0,
49037,1,12,1,0,0.19031580210638321,0,
49039,0,15,1,0,0.28855041503556833,0,
49041,0,12,1,0,0.40616381457218514,0,
49043,0,9,1,0,0.0207964588872426,0,
49057,0,9,1,0,0.6497777724811082,1,
50001,0,20,1,0,0.0106455197587874,0,
50005,0,22,1,0,0.013311052210136638,0,
50007,0,21,1,0,0.0415370265489751,0,
50013,0,5,1,0,0.027683381936203528,0,
50017,0,31,1,0,0.011916225278535149,0,
50019,0,24,1,0,0.016399443360993415,0,
50021,0,29,1,0,0.010883519744081818,0,
50023,0,26,1,0,0.008084063405113659,0,
50025,0,24,1,0,0.014150573426248748,0,
51003,0,24,1,0,0.01904665789633509,0,
51005,0,7,1,0,0.031253466452736946,0,
51007,0,5,1,0,0.008017385775721626,0,
51009,0,9,1,0,0.032375007235066824,0,
51013,0,11,1,0,0.0662402195525811,0,
51015,0,27,1,0,0.03891017607455643,0,
51019,0,18,1,0,0.02581569397985435,0,
51025,0,16,1,0,0.020053662671968307,0,
51027,1,16,1,0,0.08737156887231434,0,
51031,0,14,1,0,0.14202042676727805,0,
51036,0,4,1,0,0.015739471466011973,0,
51037,0,14,1,0,0.012164337938395723,0,
51047,0,18,1,0,0.021149027569924466,0,
51051,1,12,1,0,0.07184364583530944,0,
51057,0,8,1,0,0.04221246756678454,0,
51061,0,24,1,0,0.011767883841319979,0,
51063,0,11,1,0,0.011483888802900008,0,
51069,0,12,1,0,0.033825754075845295,0,
51073,0,6,1,0,0.01835985439240019,0,
51075,0,15,1,0,0.00933480384404921,0,
51079,0,5,1,0,0.022002859561713436,0,
51081,0,4,1,0,0.04997690527721657,0,
51083,0,14,1,0,0.029054576445833716,0,
51085,0,12,1,0,0.018815103727580624,0,
51087,0,16,1,0,0.13852922557275676,0,
51093,0,8,1,0,0.024785802759102155,0,
51095,0,4,1,0,0.018376798568998848,0,
51103,0,6,1,0,0.013266737489772468,0,
51105,1,11,1,0,0.07475968085609203,0,
51107,0,21,1,0,0.03921969492548051,0,
51111,0,12,1,0,0.025471420692030962,0,
51113,0,21,1,0,8.617099246973671e-05,0,
51117,0,13,1,0,0.02466946840369519,0,
51119,0,12,1,0,0.017422387574882185,0,
51121,1,10,1,0,0.0912846535755822,0,
51127,0,6,1,0,0.004223746906996079,0,
51131,1,11,1,0,0.08827297045644097,0,
51133,0,7,1,0,0.02927601379977375,0,
51135,0,7,1,0,0.07837760010429971,0,
51139,0,6,1,0,0.033446176288875196,0,
51141,0,14,1,0,0.011915726540708625,0,
51143,0,20,1,0,0.10715754080696416,0,
51145,0,5,1,0,0.9972594512335347,1,
51147,0,12,1,0,0.0029159276440815798,0,
51149,0,7,1,0,0.12283628220054525,0,
51153,0,19,1,0,0.05095284309307922,0,
51159,0,5,1,0,0.048904188596976705,0,
51161,0,14,1,0,0.02783908535467583,0,
51171,0,14,1,0,0.025846175132077293,0,
51175,0,12,1,0,0.02927372340694212,0,
51177,0,13,1,0,0.02563798217765401,0,
51179,0,5,1,0,0.026600038741312483,0,
51185,0,18,1,0,0.0875346275225942,0,
51187,0,7,1,0,0.0310000987336471,0,
51191,0,10,1,0,0.037231396730656,0,
51193,0,8,1,0,0.026688532819862165,0,
51199,0,9,1,0,0.024814351344187215,0,
51510,0,8,1,0,0.09789294888800248,0,
51520,0,2,1,0,0.5074494697007896,1,
51550,0,6,1,0,0.058566038753039576,0,
51570,0,1,1,0,0.07077611256159522,0,
51590,0,2,1,0,0.3277841299075955,0,
51595,0,1,1,0,0.05303520311365875,0,
51630,0,3,1,0,0.42328811585682485,0,
51650,0,9,1,0,0.24944480512247713,0,
51660,0,3,1,0,0.028710211008570848,0,
51678,0,1,1,0,0.03042726446526045,0,
51680,0,5,1,0,0.1933595849132622,0,
51683,0,1,1,0,0.13715136180481385,0,
51690,0,1,1,0,0.1648164179565102,0,
51700,0,8,1,0,0.18098471356292184,0,
51710,0,15,1,0,0.20326478953669713,0,
51730,0,2,1,0,0.27865649133732423,0,
51740,0,8,1,0,0.2877045639325723,0,
51750,1,2,1,0,0.2684877886417967,0,
51770,0,10,1,0,0.44807234171275473,0,
51800,0,8,1,0,0.04078622409901275,0,
51840,0,1,1,0,0.24136766207446705,0,
53003,0,3,1,0,0.16570663992186763,0,
53005,0,12,1,0,0.3937209178395529,0,
53007,0,14,1,0,0.03597660495007676,0,
53015,0,11,1,0,0.04709406934734685,0,
53017,0,13,1,0,0.11161635736798764,0,
53021,0,7,1,0,0.5764350816169588,1,
53023,0,2,1,0,0.06253289778152833,0,
53025,0,18,1,0,0.17301332332014896,0,
53029,0,8,1,0,0.4608592385142984,0,
53031,0,9,1,0,0.006040143317693839,0,
53035,0,20,1,0,0.029699225501141218,0,
53041,0,23,1,0,0.035559835205062035,0,
53045,0,15,1,0,0.02949563394919455,0,
53047,1,22,1,0,0.166855734988926,0,
53057,0,17,1,0,0.03879733646208458,0,
53059,0,8,1,0,0.03101980751320678,0,
53067,0,14,1,0,0.06749940351002798,0,
53071,0,8,1,0,0.24931602925531476,0,
53073,0,18,1,0,0.06974618497757548,0,
53077,0,22,1,0,0.48147715166340277,0,
54003,0,11,1,0,0.12902517025272267,0,
54005,0,31,1,0,0.04220093830830048,0,
54009,0,8,1,0,0.5173692915394574,1,
54011,0,13,1,0,0.18317287415523956,0,
54029,0,5,1,0,0.6728100652237162,1,
54035,0,15,1,0,0.049658320705921834,0,
54037,0,9,1,0,0.14361703668463252,0,
54039,0,46,1,0,0.37874698316236555,0,
54041,0,11,1,0,0.18424677656965732,0,
54049,0,18,1,0,0.13999406522517557,0,
54053,0,19,1,0,0.1284381694862761,0,
54059,1,18,1,0,0.17119433669635198,0,
54061,1,16,1,0,0.12614185961898494,0,
54065,0,4,1,0,0.04556897161176503,0,
54067,0,25,1,0,0.0485023354305055,0,
54069,0,6,1,0,0.22999525075645078,0,
54079,0,17,1,0,0.0976089557916413,0,
54081,0,42,1,0,0.13205074306757397,0,
54083,0,22,1,0,0.0051744769096908816,0,
54097,0,10,1,0,0.03387637441601933,0,
54099,0,17,1,0,0.4142477338465182,0,
54103,0,12,1,0,0.08340198212989346,0,
54107,0,13,1,0,0.2916129305147161,0,
55001,0,14,1,0,0.030688627178510522,0,
55005,0,19,1,0,0.015599587539451273,0,
55007,0,15,1,0,0.003058312331913207,0,
55009,0,19,1,0,0.028665221762785638,0,
55015,0,14,1,0,0.07478027122532403,0,
55017,0,14,1,0,0.02209976149254425,0,
55021,0,20,1,0,0.03034092075311244,0,
55023,0,13,1,0,0.011352109727666497,0,
55027,0,31,1,0,0.059673095157315795,0,
55029,0,13,1,0,0.02645230935816977,0,
55031,0,12,1,0,0.010401222751792626,0,
55039,0,24,1,0,0.07911720274686293,0,
55043,0,23,1,0,0.04774996271483335,0,
55045,0,12,1,0,0.02998285670444771,0,
55055,0,19,1,0,0.05875735385606202,0,
55057,0,14,1,0,0.02288957268131249,0,
55059,0,17,1,0,0.221580853546448,0,
55061,0,6,1,0,0.03836841808232376,0,
55063,0,15,1,0,0.027047726893748604,0,
55065,0,14,1,0,0.03456727157673245,0,
55069,0,7,1,0,0.002722820006735212,0,
55071,0,19,1,0,0.074901532160877,0,
55073,0,28,1,0,0.013579128399558167,0,
55075,0,16,1,0,0.015420841907510453,0,
55077,0,14,1,0,0.025225353589088555,0,
55078,1,4,1,0,0.080515090382175,0,
55081,0,12,1,0,0.01407093135202241,0,
55083,0,19,1,0,0.014103582437196543,0,
55085,0,14,1,0,0.002997810453322704,0,
55087,0,24,1,0,0.07609671789159861,0,
55089,0,13,1,0,0.046210649724908875,0,
55095,0,20,1,0,0.012911801184393851,0,
55097,0,21,1,0,0.025533078848783985,0,
55099,0,14,1,0,0.0015405036562102666,0,
55103,0,14,1,0,0.014976601490038842,0,
55105,0,19,1,0,0.12662488384698894,0,
55111,0,17,1,0,0.02423182550904855,0,
55115,0,25,1,0,0.022543963836475132,0,
55117,0,17,1,0,0.07738320491649847,0,
55119,0,14,1,0,0.005023634068333295,0,
55121,0,14,1,0,0.007463856288237674,0,
55123,0,18,1,0,0.010446808223657575,0,
55125,0,12,1,0,0.0018371814199378829,0,
55127,0,16,1,0,0.07720527507492353,0,
55131,0,18,1,0,0.039553075542337335,0,
55133,0,30,1,0,0.045282559183898445,0,
55135,0,16,1,0,0.008893021027217696,0,
55137,0,17,1,0,0.022805355786813676,0,
55139,0,18,1,0,0.03254473612342129,0,
55141,0,15,1,0,0.015643423720733893,0,
56001,0,10,1,0,0.06418140065085645,0,
56003,0,15,1,0,0.007924145884752643,0,
56007,0,12,1,0,0.016049021336303544,0,
56009,0,4,1,0,0.014969404933445512,0,
56013,0,11,1,0,0.0256636282393515,0,
56017,0,3,1,0,0.011219309563200911,0,
56021,0,12,1,0,0.05032782333094799,0,
56025,0,11,1,0,0.05112150488863369,0,
56029,0,8,1,0,0.005157068990397956,0,
56031,0,5,1,0,0.014483308265494732,0,
56033,0,9,1,0,0.016147946981190715,0,
56035,0,6,1,0,0.005099306522294939,0,
01001,0,10,1,1,0.08502730794531099,0,
01003,0,23,1,1,0.0831216616235263,0,
01009,0,17,1,1,0.08379397530381641,0,
01011,1,7,1,1,0.026580433603499723,0,
01015,0,14,1,1,0.23200719504266212,0,
01017,0,10,1,1,0.1337356834738232,0,
01019,0,11,1,1,0.22096326813746114,0,
01021,0,14,1,1,0.200102044030461,0,
01025,1,10,1,1,0.013297158467986082,0,
01031,0,16,1,1,0.11785157927007209,0,
01033,0,9,1,1,0.2468725429971575,0,
01035,1,13,1,1,0.006634555767928941,0,
01037,0,11,1,1,0.01809170093760069,0,
01039,0,13,1,1,0.06702640374787235,0,
01043,0,19,1,1,0.38703259893701203,0,
01045,0,14,1,1,0.18679573590758147,0,
01047,1,10,1,1,0.167283457506868,0,
01051,0,13,1,1,0.03857638877412145,0,
01053,1,9,1,1,0.09435241492680871,0,
01055,0,14,1,1,0.43287458895464714,0,
01057,0,10,1,1,0.04592902968850641,0,
01059,0,10,1,1,0.12407388679455549,0,
01063,1,8,1,1,0.033863721479069825,0,
01065,1,9,1,1,0.04110150156962103,0,
01067,0,9,1,1,0.08999392850329871,0,
01069,0,14,1,1,0.5152627918160554,1,
01071,0,22,1,1,0.18330748303636907,0,
01075,0,9,1,1,0.04553486924962873,0,
01077,0,9,1,1,0.163674486620509,0,
01079,0,10,1,1,0.16349839792558854,0,
01083,0,15,1,1,0.15329528802520104,0,
01085,1,8,1,1,0.03801218813574911,0,
01087,1,13,1,1,0.0475882668744273,0,
01089,0,25,1,1,0.1281065928181018,0,
01091,1,15,1,1,0.03582401830179276,0,
01093,0,12,1,1,0.106611698093415,0,
01095,0,18,1,1,0.5662506212099389,1,
01099,1,17,1,1,0.015637412157034958,0,
01101,0,24,1,1,0.3137325253927372,0,
01103,0,16,1,1,0.36715384212593205,0,
01105,1,9,1,1,0.08013994493288269,0,
01107,1,8,1,1,0.021450969623391304,0,
01109,1,9,1,1,0.9986795247302249,1,
01111,0,8,1,1,0.06071331153318922,0,
01113,0,12,1,1,0.24341036407668773,0,
01115,0,18,1,1,0.10866838928040284,0,
01119,1,11,1,1,0.026147456794468213,0,
01121,0,12,1,1,0.25767575795226955,0,
01123,0,12,1,1,0.04876680346109784,0,
01125,0,27,1,1,0.1563346296916077,0,
01127,0,18,1,1,0.3184780929817761,0,
01129,0,16,1,1,0.02606153373904669,0,
01131,1,13,1,1,0.0020318002789957994,0,
01133,0,11,1,1,0.11157974151818727,0,
04009,1,10,1,1,0.07229040180670705,0,
04023,1,9,1,1,0.03650572303948156,0,
05001,0,13,1,1,0.20734464931889857,0,
05003,0,7,1,1,0.12880545652100428,0,
05005,0,12,1,1,0.1979085976300478,0,
05009,0,9,1,1,0.11984520514761099,0,
05011,1,7,1,1,0.10343579701905511,0,
05015,0,9,1,1,0.04494553226573773,0,
05019,0,8,1,1,0.04424461489746026,0,
05021,0,13,1,1,0.08170118841863043,0,
05023,0,17,1,1,0.03855761477213118,0,
05025,0,7,1,1,0.050433108139914896,0,
05027,1,7,1,1,0.08387157938624296,0,
05029,0,15,1,1,0.24018322159714459,0,
05031,0,16,1,1,0.27089851561803613,0,
05033,0,11,1,1,0.3016730540264272,0,
05035,1,11,1,1,0.8942574919466695,1,
05037,0,8,1,1,0.3319016222339507,0,
05039,0,6,1,1,0.046445391572855974,0,
05041,1,12,1,1,0.17586430006899476,0,
05043,0,9,1,1,0.06199716374407454,0,
05045,0,15,1,1,0.13929958863597103,0,
05047,0,13,1,1,0.1195915089974197,0,
05049,0,14,1,1,0.100240922817789,0,
05051,0,10,1,1,0.2630716064875359,0,
05053,0,14,1,1,0.0783852387346317,0,
05055,0,9,1,1,0.08521628247599966,0,
05057,1,10,1,1,0.1324111614318158,0,
05059,0,12,1,1,0.2561716144297501,0,
05061,0,8,1,1,0.08583303349926785,0,
05063,0,20,1,1,0.08966017202233983,0,
05067,0,11,1,1,0.35127355979322944,0,
05069,1,17,1,1,0.385231510887997,0,
05071,0,12,1,1,0.011792612620923269,0,
05073,1,6,1,1,0.04058089064995102,0,
05075,0,14,1,1,0.21889225134886858,0,
05077,1,11,1,1,0.13946343300379643,0,
05079,0,8,1,1,0.12129818698080594,0,
05081,0,7,1,1,0.02900291210721084,0,
05083,0,12,1,1,0.08668731670701942,0,
05085,0,11,1,1,0.1542427043572312,0,
05087,0,13,1,1,0.04620196371854669,0,
05091,0,6,1,1,0.3934937108627457,0,
05093,1,15,1,1,0.7977385845900168,1,
05095,1,9,1,1,0.31114870978353093,0,
05097,0,9,1,1,0.03530557971047176,0,
05099,1,10,1,1,0.022333491451050277,0,
05101,1,20,1,1,0.0011762967943429398,0,
05103,0,8,1,1,0.1894609583451885,0,
05105,0,8,1,1,0.02062703729275655,0,
05107,1,12,1,1,0.7235927343330565,1,
05111,1,10,1,1,0.21469747734981998,0,
05113,0,7,1,1,0.091053037669802,0,
05115,0,13,1,1,0.2723315828714997,0,
05117,0,11,1,1,0.08361328563426584,0,
05121,0,11,1,1,0.14778813741527932,0,
05123,1,13,1,1,0.5355266262239177,1,
05125,0,14,1,1,0.12483127985049479,0,
05127,0,10,1,1,0.07256176295515207,0,
05129,1,10,1,1,0.019048730468322873,0,
05133,0,7,1,1,0.17247756370034928,0,
05135,0,13,1,1,0.06415225859067876,0,
05139,0,10,1,1,0.1635823703066254,0,
05141,0,12,1,1,0.02529788991385342,0,
05145,0,17,1,1,0.28244388676128973,0,
05147,1,9,1,1,0.14909476486514023,0,
05149,0,13,1,1,0.10912602149574219,0,
06005,0,12,1,1,0.03310026306636509,0,
06007,0,18,1,1,0.3804165871099776,0,
06009,0,20,1,1,0.022038105609732354,0,
06011,0,9,1,1,0.0701427238557949,0,
06015,0,4,1,1,0.03022783268579743,0,
06017,0,23,1,1,0.019745336209090934,0,
06021,0,7,1,1,0.4417028137315021,0,
06023,0,36,1,1,0.04661291800761279,0,
06027,0,11,1,1,0.014681111170743295,0,
06031,0,12,1,1,0.5735913624704977,1,
06033,0,15,1,1,0.27864836681309924,0,
06035,0,17,1,1,0.0038478691464158676,0,
06041,0,29,1,1,0.004460014835751677,0,
06043,0,13,1,1,0.0069736724697887,0,
06045,0,29,1,1,0.0031617064978738236,0,
06055,0,12,1,1,0.027762714081637805,0,
06057,0,12,1,1,0.019498660181704132,0,
06063,0,17,1,1,0.011644007630845592,0,
06069,0,7,1,1,0.031006655500874097,0,
06079,0,26,1,1,0.013113057870335247,0,
06083,0,24,1,1,0.0454639357881534,0,
06087,0,17,1,1,0.02172917051795884,0,
06093,0,23,1,1,0.0748623526554743,0,
06097,0,37,1,1,0.03137968465708235,0,
06101,0,13,1,1,0.494785393681068,0,
06103,0,15,1,1,0.2806281672102745,0,
06109,0,16,1,1,0.024758030475597728,0,
06113,0,19,1,1,0.24801069541057957,0,
06115,0,17,1,1,0.29706890943645675,0,
08001,0,35,1,1,0.5904374634475625,1,
08005,0,33,1,1,0.3290207884746912,0,
08007,0,5,1,1,0.0009054852402369605,0,
08009,0,8,1,1,0.07076763268303159,0,
08013,0,22,1,1,0.9024662241744843,1,
08014,0,6,1,1,0.12959698515166077,0,
08035,0,18,1,1,0.04192573577376484,0,
08037,0,13,1,1,0.010644674438849776,0,
08043,0,11,1,1,0.06310462848910744,0,
08045,0,8,1,1,0.007103876741903335,0,
08055,0,4,1,1,0.003516209610352916,0,
08059,0,33,1,1,0.11834188402168799,0,
08067,0,6,1,1,0.00212365768305325,0,
08069,0,24,1,1,0.11358190182581546,0,
08077,0,19,1,1,0.6492739199093476,1,
08081,0,5,1,1,0.010506747082373955,0,
08087,0,10,1,1,0.07162349394370919,0,
08099,0,6,1,1,0.03873689092377554,0,
08101,0,15,1,1,0.5127041531635802,1,
08107,0,9,1,1,0.00043054489302686973,0,
08109,1,8,1,1,0.007609635853144215,0,
08113,0,7,1,1,0.0007070278414139344,0,
08121,0,12,1,1,0.006134423379350173,0,
08123,0,41,1,1,0.3212906033602539,0,
09001,0,46,1,1,0.06238338979915234,0,
09003,0,58,1,1,0.31479792459645006,0,
09005,0,40,1,1,0.011682820541106698,0,
09007,0,24,1,1,0.03433538722964481,0,
09009,0,41,1,1,0.1705185980516674,0,
09011,0,31,1,1,0.12924023200245627,0,
09015,0,31,1,1,0.04578495276815694,0,
10001,0,18,1,1,0.14195522644578043,0,
10005,0,24,1,1,0.22077243515031175,0,
12001,1,23,1,1,0.048331257215903214,0,
12003,0,5,1,1,0.05236109998137728,0,
12005,0,16,1,1,0.47934751496065064,0,
12015,0,17,1,1,0.4949228977390495,0,
12017,0,15,1,1,0.20560998056290714,0,
12019,0,12,1,1,0.14539652651699964,0,
12023,0,8,1,1,0.10759872838789768,0,
12033,0,18,1,1,0.11467543566027573,0,
12035,0,7,1,1,0.20538944568576306,0,
12039,0,7,1,1,0.10727977260476682,0,
12041,0,5,1,1,0.13696362391233352,0,
12043,0,5,1,1,0.27186659871742247,0,
12049,1,4,1,1,0.13808313101825853,0,
12051,0,6,1,1,0.3261441101065754,0,
12053,0,12,1,1,0.6872782142628805,1,
12055,0,9,1,1,0.3024241585245024,0,
12059,0,4,1,1,0.05543115427914844,0,
12061,0,9,1,1,0.316624318552704,0,
12063,0,14,1,1,0.08436403677361748,0,
12065,0,4,1,1,0.010677319544575872,0,
12073,0,10,1,1,0.0490709100289736,0,
12075,0,13,1,1,0.17258790242207608,0,
12079,1,5,1,1,0.0347239524055446,0,
12083,0,31,1,1,0.334863337624055,0,
12085,0,12,1,1,0.24216047963699933,0,
12087,0,11,1,1,0.12207232166108947,0,
12089,0,6,1,1,0.049595790999652015,0,
12091,0,14,1,1,0.13329077354470426,0,
12097,0,17,1,1,0.3320389362959101,0,
12101,0,31,1,1,0.5642246626132279,1,
12107,1,17,1,1,0.27700909597700346,0,
12109,0,12,1,1,0.0599719009857127,0,
12111,0,17,1,1,0.5334100284064501,1,
12113,0,9,1,1,0.09246717469624885,0,
12117,0,17,1,1,0.1743030403956427,0,
12119,0,11,1,1,0.31447369686222476,0,
12121,0,9,1,1,0.11423302981215322,0,
12129,0,4,1,1,0.038195003742475746,0,
12131,0,12,1,1,0.07059690282775088,0,
12133,0,10,1,1,0.22846518431525453,0,
13001,0,7,1,1,0.34502560378560476,0,
13003,1,5,1,1,0.11349309230503489,0,
13005,1,3,1,1,0.2255213075064687,0,
13009,0,6,1,1,0.9888667906556499,1,
13013,0,8,1,1,0.08073131331733414,0,
13015,0,14,1,1,0.23026110473229636,0,
13017,1,4,1,1,0.14315886711275047,0,
13019,0,6,1,1,0.0869304914270187,0,
13021,0,12,1,1,0.8581034088398758,1,
13023,0,6,1,1,0.08383893344128136,0,
13025,0,6,1,1,0.15605869136289624,0,
13031,1,11,1,1,0.3465065039717404,0,
13033,1,9,1,1,0.12697911164879422,0,
13035,0,5,1,1,0.3353955039843572,0,
13039,0,8,1,1,0.04747744075684743,0,
13043,0,4,1,1,0.2556181413011991,0,
13045,0,11,1,1,0.9583715390019578,1,
13055,0,6,1,1,0.16970914329196263,0,
13057,0,15,1,1,0.046686869897575436,0,
13059,1,9,1,1,0.9767799948720209,1,
13063,0,16,1,1,0.4038995609468467,0,
13069,0,10,1,1,0.23018003492458655,0,
13071,0,13,1,1,0.28145165744237666,0,
13073,0,7,1,1,0.015371307660965713,0,
13075,1,5,1,1,0.31778723561461436,0,
13077,0,10,1,1,0.07216597765238669,0,
13083,0,5,1,1,0.0649633445821545,0,
13085,0,5,1,1,0.0225621623936354,0,
13087,1,8,1,1,0.204653107992956,0,
13093,1,8,1,1,0.07460616921723136,0,
13095,1,6,1,1,0.44233083221586633,0,
13097,0,8,1,1,0.17105437968496962,0,
13101,0,6,1,1,0.036840313551730265,0,
13103,0,8,1,1,0.013310563652505013,0,
13107,1,13,1,1,0.1792376719879316,0,
13109,1,6,1,1,0.3282633636213289,0,
13111,0,8,1,1,0.012038962325068145,0,
13113,0,8,1,1,0.047960714731359155,0,
13115,0,13,1,1,0.24940948307164593,0,
13119,0,10,1,1,0.2633019577115156,0,
13127,0,8,1,1,0.04852594081216117,0,
13129,0,8,1,1,0.30627324590067284,0,
13137,0,7,1,1,0.2034738236676597,0,
13139,0,19,1,1,0.19137904926828483,0,
13149,0,6,1,1,0.050064511475159626,0,
13151,0,11,1,1,0.1257245871513641,0,
13153,0,12,1,1,0.20170707754634604,0,
13155,0,7,1,1,0.07752038235619971,0,
13157,0,16,1,1,0.05238807491804821,0,
13163,1,9,1,1,0.13686428524753716,0,
13165,1,5,1,1,0.17285841132773236,0,
13167,1,5,1,1,0.0334072528705565,0,
13169,0,8,1,1,0.08906196017587797,0,
13175,0,15,1,1,0.14896213469719247,0,
13179,0,9,1,1,6.733134623248972e-08,0,
13189,0,4,1,1,0.13318835571665805,0,
13191,0,4,1,1,0.0137975538869751,0,
13193,1,10,1,1,0.03460286297735501,0,
13195,0,11,1,1,0.11564238704369373,0,
13197,1,4,1,1,0.03109475930149904,0,
13215,0,11,1,1,0.48239328922396496,0,
13217,0,11,1,1,0.22994767902485047,0,
13219,0,8,1,1,0.014569376847546346,0,
13223,0,11,1,1,0.11597296306351906,0,
13225,1,3,1,1,0.12381361582081074,0,
13227,0,9,1,1,0.02567085644147255,0,
13233,0,8,1,1,0.31650225555653105,0,
13235,0,5,1,1,0.021015902702971847,0,
13237,0,5,1,1,0.029595332169267678,0,
13247,0,9,1,1,0.26246719222182274,0,
13253,1,4,1,1,0.1263834215013929,0,
13257,0,5,1,1,0.2263402606201071,0,
13261,1,8,1,1,0.09073717059775416,0,
13267,1,6,1,1,0.05712675460075086,0,
13273,1,7,1,1,0.11038678989322678,0,
13275,0,9,1,1,0.04118525662388581,0,
13277,0,9,1,1,0.23677962788846477,0,
13279,1,3,1,1,0.16817492601617196,0,
13281,0,3,1,1,0.006297727282668509,0,
13285,0,7,1,1,0.15175888784625566,0,
13287,1,4,1,1,0.17187765285820883,0,
13291,0,4,1,1,0.021479960770503646,0,
13293,0,7,1,1,0.24244595845398742,0,
13295,0,14,1,1,0.17449947827637252,0,
13297,0,11,1,1,0.17402056057584436,0,
13299,1,7,1,1,0.4567919851682645,0,
13301,1,9,1,1,0.04095237779892012,0,
13303,1,10,1,1,0.026013457574476553,0,
13305,0,6,1,1,0.10122065649741178,0,
13309,1,4,1,1,0.007591161397781088,0,
13313,0,8,1,1,0.2999636726292882,0,
13315,1,8,1,1,0.036511440545753705,0,
13317,0,5,1,1,0.011149695073402036,0,
16001,0,17,1,1,0.017922095157367906,0,
16011,0,11,1,1,0.0004608533224070578,0,
16013,0,8,1,1,0.0024721390862339383,0,
16017,0,18,1,1,0.00809162480701934,0,
16019,0,14,1,1,0.004905653696367277,0,
16025,0,2,1,1,0.015467509130216151,0,
16031,0,9,1,1,0.08609102996945694,0,
16035,0,7,1,1,0.0009673502102472946,0,
16039,0,7,1,1,0.0011280571688207586,0,
16041,0,7,1,1,0.004011280597822629,0,
16045,0,7,1,1,0.015598419441032692,0,
16047,0,6,1,1,0.13868370490420792,0,
16055,0,13,1,1,0.07013523434037158,0,
16059,0,10,1,1,0.004937020375812935,0,
16069,0,10,1,1,0.007698277627158327,0,
16073,0,12,1,1,0.02760644562108182,0,
16075,0,7,1,1,0.05238750700900144,0,
16079,0,15,1,1,0.003436142160739383,0,
16081,0,5,1,1,0.00018765451200173337,0,
16083,0,10,1,1,0.1396528335625738,0,
16087,0,5,1,1,0.011660741473471431,0,
17001,0,23,1,1,0.22970011953123806,0,
17003,1,8,1,1,0.24587581303879183,0,
17007,0,15,1,1,0.1833976354535556,0,
17011,0,30,1,1,0.07668539242710133,0,
17013,0,7,1,1,0.005569702120455497,0,
17017,0,7,1,1,0.0894035631767615,0,
17019,0,35,1,1,0.3851823026574177,0,
17021,0,20,1,1,0.14561200528525625,0,
17025,0,13,1,1,0.12440093731975777,0,
17027,0,17,1,1,0.07651973273673551,0,
17033,0,10,1,1,0.10101521638365188,0,
17039,0,13,1,1,0.18267209736799025,0,
17041,0,13,1,1,0.24017540099205187,0,
17043,0,43,1,1,0.1648477281055986,0,
17045,0,15,1,1,0.047930293828647136,0,
17049,0,15,1,1,0.10248508943853832,0,
17053,0,21,1,1,0.1989985329942347,0,
17055,0,19,1,1,0.31768531343677997,0,
17057,0,24,1,1,0.07282071653909952,0,
17059,0,9,1,1,0.16736724008392612,0,
17063,0,16,1,1,0.1130681253901758,0,
17073,0,23,1,1,0.06527551975523255,0,
17075,0,25,1,1,0.14426800749544083,0,
17081,0,17,1,1,0.1732225589780142,0,
17087,0,10,1,1,0.025193114334759934,0,
17091,0,21,1,1,0.4547599680911884,0,
17093,0,19,1,1,0.19043594815242243,0,
17095,0,22,1,1,0.2224337845238223,0,
17097,0,35,1,1,0.20045938372298105,0,
17099,0,28,1,1,0.27908800298709524,0,
17103,0,24,1,1,0.1524274087286399,0,
17105,0,29,1,1,0.22102609957766725,0,
17107,0,20,1,1,0.1138876042459387,0,
17109,0,17,1,1,0.15017777173749197,0,
17111,0,24,1,1,0.12546363135444785,0,
17113,0,33,1,1,0.29420441393794994,0,
17115,0,27,1,1,0.5672996511804408,1,
17117,0,28,1,1,0.23818262702805948,0,
17121,0,15,1,1,0.26770393174359275,0,
17123,0,19,1,1,0.06429939307448393,0,
17125,0,11,1,1,0.07145765445458535,0,
17127,0,8,1,1,0.14939562376286947,0,
17133,0,9,1,1,0.040955955509623686,0,
17137,0,16,1,1,0.16847657368340335,0,
17141,0,27,1,1,0.12309848882429061,0,
17149,0,16,1,1,0.0694160306679099,0,
17157,0,18,1,1,0.1088515896114713,0,
17159,0,9,1,1,0.19015272770862973,0,
17161,0,20,1,1,0.29791288394600607,0,
17165,0,11,1,1,0.2988095330555551,0,
17167,0,29,1,1,0.33746713254833066,0,
17171,0,9,1,1,0.08141470501736298,0,
17173,0,22,1,1,0.06160594300434503,0,
17179,0,21,1,1,0.11772869011329874,0,
17181,0,13,1,1,0.02599900699644528,0,
17183,0,27,1,1,0.5363071842929202,1,
17187,0,14,1,1,0.16494905594443648,0,
17189,0,13,1,1,0.04823319126520133,0,
17193,0,11,1,1,0.07391619048793596,0,
17199,0,22,1,1,0.11051651848531488,0,
17201,0,26,1,1,0.42027207560689805,0,
17203,0,16,1,1,0.04519434795584976,0,
18001,0,8,1,1,0.7519069744895357,1,
18003,0,33,1,1,0.6549173222195603,1,
18005,0,14,1,1,0.0620810261372865,0,
18009,0,7,1,1,0.3662063221454645,0,
18011,0,12,1,1,0.0718696496877468,0,
18013,0,9,1,1,0.004953458703101753,0,
18017,0,12,1,1,0.5507062719746809,1,
18019,0,15,1,1,0.3671325688812619,0,
18021,0,17,1,1,0.17092720200690395,0,
18023,0,12,1,1,0.5342588998588302,1,
18029,0,9,1,1,0.08547491232412127,0,
18035,0,21,1,1,0.685961020638729,1,
18037,0,13,1,1,0.04833120973246712,0,
18039,0,17,1,1,0.6421982162813744,1,
18043,0,10,1,1,0.24085078837638166,0,
18047,0,15,1,1,0.05116434768439314,0,
18051,0,16,1,1,0.2641290265274509,0,
18053,0,15,1,1,0.7296730332979348,1,
18055,0,16,1,1,0.12475807786984348,0,
18059,0,15,1,1,0.2566625938423148,0,
18061,0,16,1,1,0.025164138897518454,0,
18063,0,19,1,1,0.1378253511038484,0,
18067,0,10,1,1,0.7099628391554116,1,
18069,0,9,1,1,0.1970970360787068,0,
18071,0,8,1,1,0.03813110011816538,0,
18073,0,13,1,1,0.3272710475872735,0,
18079,0,13,1,1,0.06915242974973432,0,
18081,0,12,1,1,0.20655104260939533,0,
18083,0,11,1,1,0.48825840671554394,0,
18085,0,21,1,1,0.2852116152782859,0,
18087,0,12,1,1,0.5514830995447171,1,
18091,0,15,1,1,0.5787226789405729,1,
18093,0,12,1,1,0.08747570537175983,0,
18095,0,18,1,1,0.6515072559630118,1,
18101,0,7,1,1,0.06975906447784136,0,
18105,0,18,1,1,0.9990480231768133,1,
18107,0,16,1,1,0.2545872494622623,0,
18109,0,14,1,1,0.1734744376913991,0,
18117,0,11,1,1,0.060995662059756345,0,
18123,0,14,1,1,0.007857584784783773,0,
18127,0,15,1,1,0.33417979342731774,0,
18129,0,7,1,1,0.09321284378787945,0,
18133,0,15,1,1,0.11021142091390632,0,
18139,0,16,1,1,0.300691762635386,0,
18141,0,24,1,1,0.6729378550021294,1,
18143,0,6,1,1,0.1165895717550757,0,
18145,0,17,1,1,0.3174192584282829,0,
18147,0,16,1,1,0.09954428820950692,0,
18149,0,11,1,1,0.4338169083855927,0,
18153,0,13,1,1,0.23662136302022255,0,
18157,0,18,1,1,0.44132952348310617,0,
18163,0,11,1,1,0.7424501219255448,1,
18167,0,18,1,1,0.9989815634897796,1,
18169,0,14,1,1,0.2694581801412783,0,
18173,0,12,1,1,0.056214596040880874,0,
18175,0,12,1,1,0.02931167553349731,0,
18177,0,17,1,1,0.5799031836808972,1,
19003,0,9,1,1,0.014691303854826747,0,
19007,0,11,1,1,0.0232906709301477,0,
19009,0,11,1,1,0.01598631761777327,0,
19011,0,24,1,1,0.03767706189549992,0,
19013,0,17,1,1,0.365308671964221,0,
19015,0,18,1,1,0.06592710085150544,0,
19021,0,13,1,1,0.06951406218172905,0,
19023,0,16,1,1,0.009920892715336135,0,
19027,0,16,1,1,0.012461958926215242,0,
19031,0,18,1,1,0.015931304292557978,0,
19037,0,9,1,1,0.03196574450152581,0,
19039,0,9,1,1,0.02510906181714556,0,
19041,0,15,1,1,0.03315747770429856,0,
19045,0,20,1,1,0.13921669191234473,0,
19049,0,25,1,1,0.030943915827452113,0,
19057,0,12,1,1,0.14141486240995843,0,
19061,0,19,1,1,0.09874793434371312,0,
19067,0,13,1,1,0.05399150599289562,0,
19071,0,11,1,1,0.01020120085948428,0,
19077,0,18,1,1,0.004601765037444934,0,
19079,0,15,1,1,0.009928928239870998,0,
19087,0,11,1,1,0.025878856675740608,0,
19095,0,21,1,1,0.016130864821102958,0,
19097,0,14,1,1,0.026358820129312448,0,
19099,0,19,1,1,0.011369972343261574,0,
19103,0,24,1,1,0.7213007535185484,1,
19105,0,16,1,1,0.03047609219092543,0,
19109,0,21,1,1,0.02495202895019943,0,
19111,0,12,1,1,0.07435606629285393,0,
19113,0,29,1,1,0.11943839891420514,0,
19121,0,14,1,1,0.0033352596476401344,0,
19123,0,20,1,1,0.02571530574434543,0,
19127,0,21,1,1,0.08805175441788088,0,
19129,0,11,1,1,0.011422253392973307,0,
19133,0,15,1,1,0.008143891271716924,0,
19145,0,12,1,1,0.007775343619119435,0,
19149,0,14,1,1,0.033051263704079785,0,
19151,0,16,1,1,0.061944476113549876,0,
19155,0,24,1,1,0.09817966951404009,0,
19157,0,17,1,1,0.005276842755704593,0,
19161,0,16,1,1,0.026766247691899447,0,
19163,0,22,1,1,0.1977301181118312,0,
19169,0,22,1,1,0.06583948641867333,0,
19179,0,12,1,1,0.11192921864241756,0,
19181,0,19,1,1,0.009210764271610258,0,
19187,0,22,1,1,0.18398695176763774,0,
19193,0,25,1,1,0.18466224436033352,0,
19197,0,16,1,1,0.03530759421733683,0,
20001,0,11,1,1,0.12564106188531343,0,
20005,0,10,1,1,0.022976419406526227,0,
20009,0,10,1,1,0.09171725924306845,0,
20011,0,13,1,1,0.029929688562899674,0,
20015,0,20,1,1,0.03576974731692352,0,
20019,0,10,1,1,0.010359038706933051,0,
20021,0,13,1,1,0.05279432226826995,0,
20027,0,10,1,1,0.0005579574002406683,0,
20029,0,8,1,1,0.04711000162145332,0,
20035,0,14,1,1,0.10441897675790354,0,
20037,0,15,1,1,0.10736342169668343,0,
20039,0,8,1,1,0.003728108700839416,0,
20041,0,12,1,1,0.027856004142540337,0,
20045,0,12,1,1,0.8672533895600114,1,
20047,0,7,1,1,0.005377647952744685,0,
20051,0,11,1,1,0.03412012734648712,0,
20055,0,7,1,1,0.01535370439922851,0,
20057,0,10,1,1,0.041571934316704015,0,
20059,0,13,1,1,0.042844102092326544,0,
20061,0,8,1,1,0.1824568066405129,0,
20067,0,3,1,1,0.0045181500805196095,0,
20073,0,11,1,1,0.005309464200744218,0,
20079,0,13,1,1,0.057573060951703905,0,
20083,0,8,1,1,0.0034459140241688622,0,
20085,0,18,1,1,0.004804667622511578,0,
20087,0,15,1,1,0.023597169668841164,0,
20095,0,12,1,1,0.004194959841359146,0,
20097,0,7,1,1,0.005552163998015504,0,
20099,0,13,1,1,0.1170550712324927,0,
20103,0,13,1,1,0.03708482249623403,0,
20111,0,12,1,1,0.13110241223241081,0,
20113,0,12,1,1,0.016370387824115328,0,
20121,0,11,1,1,0.007395792867405894,0,
20125,0,13,1,1,0.20319746698820695,0,
20127,0,9,1,1,0.013570379610348819,0,
20129,0,5,1,1,0.004697118127614423,0,
20133,0,11,1,1,0.159179772874114,0,
20135,0,9,1,1,0.0005268979700660585,0,
20139,0,15,1,1,0.03639379626819348,0,
20147,0,9,1,1,0.002794431156315831,0,
20149,0,12,1,1,0.05403129484678833,0,
20155,0,22,1,1,0.12399562627067393,0,
20159,0,13,1,1,0.012496897162500532,0,
20161,1,14,1,1,0.0005485569802876913,0,
20163,0,10,1,1,0.008788789514782801,0,
20167,0,11,1,1,0.020708449303097034,0,
20169,0,9,1,1,0.19404907876885907,0,
20175,0,6,1,1,0.05528258930534143,0,
20179,0,11,1,1,0.0015710618231388278,0,
20201,0,15,1,1,0.00011002811420502383,0,
20205,0,10,1,1,0.10013627950929652,0,
21001,0,10,1,1,0.1197091920241771,0,
21003,0,6,1,1,0.13330986125997168,0,
21009,0,11,1,1,0.467811177749845,0,
21011,1,8,1,1,0.15903108612261152,0,
21013,1,11,1,1,0.304764035737453,0,
21015,0,9,1,1,0.2770048808807566,0,
21019,0,4,1,1,0.7491626299052541,1,
21021,0,5,1,1,0.3155563214781071,0,
21023,0,7,1,1,0.1542104661512442,0,
21027,0,18,1,1,0.05726287816677177,0,
21029,0,11,1,1,0.45435649361390973,0,
21033,0,6,1,1,0.035763811437973546,0,
21037,0,10,1,1,0.36439918912679004,0,
21041,0,8,1,1,0.6127532625746572,1,
21047,0,15,1,1,0.411536321685874,0,
21049,0,4,1,1,0.3418647950409734,0,
21051,1,10,1,1,0.21409695419220176,0,
21057,1,3,1,1,0.046364639329933864,0,
21059,0,10,1,1,0.7256690259571945,1,
21061,0,12,1,1,0.07030532766963127,0,
21063,1,6,1,1,0.13682666876303826,0,
21067,0,17,1,1,0.394322080012501,0,
21069,0,7,1,1,0.3011838742378953,0,
21071,1,33,1,1,0.36474538042429855,0,
21073,0,5,1,1,0.1450548546458008,0,
21075,1,3,1,1,0.20934001034556535,0,
21077,0,6,1,1,0.3952498773635637,0,
21079,0,5,1,1,0.19590161764604713,0,
21081,0,8,1,1,0.19473853102916766,0,
21083,0,18,1,1,0.31615932824166004,0,
21085,0,9,1,1,0.17101552713610269,0,
21093,0,17,1,1,0.2829593494812702,0,
21097,0,6,1,1,0.10578105928434549,0,
21099,1,10,1,1,0.21654954010773678,0,
21101,0,8,1,1,0.7116305884412902,1,
21103,0,13,1,1,0.11701226772148668,0,
21105,0,7,1,1,0.07775105589520115,0,
21107,0,13,1,1,0.3587965771015504,0,
21113,0,4,1,1,0.2958869930842085,0,
21115,1,19,1,1,0.25754196601206053,0,
21117,0,12,1,1,0.4297523931481023,0,
21119,1,24,1,1,0.22527736542479962,0,
21121,1,19,1,1,0.034210963966853615,0,
21125,1,8,1,1,0.4921249642796079,0,
21127,1,10,1,1,0.274815691304625,0,
21133,1,26,1,1,0.31344661580795796,0,
21137,1,11,1,1,0.12108064246879029,0,
21141,0,7,1,1,0.1326199200727599,0,
21145,0,7,1,1,0.7483686777018017,1,
21149,0,7,1,1,0.09430357280366793,0,
21151,0,5,1,1,0.6577909445786144,1,
21153,1,4,1,1,0.14412448225022179,0,
21159,1,9,1,1,0.11420383155396963,0,
21161,0,5,1,1,0.40503364994708674,0,
21163,0,12,1,1,0.11508938382066672,0,
21167,0,5,1,1,0.14326242636349884,0,
21171,1,6,1,1,2.4760752112879033e-05,0,
21173,0,5,1,1,0.4366292144752805,0,
21175,1,8,1,1,0.07416942032834056,0,
21179,0,9,1,1,0.07402812342784287,0,
21183,0,16,1,1,0.06766740008824215,0,
21185,0,11,1,1,0.03933984438533837,0,
21191,0,10,1,1,0.07722853394409132,0,
21195,1,39,1,1,0.08244403472709211,0,
21197,1,4,1,1,0.30949197457550853,0,
21199,0,11,1,1,0.5194006490226907,1,
21201,1,7,1,1,0.08664162741868722,0,
21203,1,7,1,1,0.18037590095450448,0,
21205,1,4,1,1,0.010157074865243927,0,
21207,1,7,1,1,0.3090056433048457,0,
21209,0,6,1,1,0.15054925634333954,0,
21211,0,14,1,1,0.20440992414586334,0,
21217,0,6,1,1,0.19085175167406232,0,
21221,0,5,1,1,0.017705199698487085,0,
21225,0,5,1,1,0.19442908273081838,0,
21227,0,9,1,1,0.13567238901423362,0,
21231,1,5,1,1,0.33050338230813636,0,
21235,1,7,1,1,0.3221790176644279,0,
21237,1,5,1,1,0.20820978868630088,0,
21239,0,3,1,1,0.0747093398248194,0,
22001,1,15,1,1,0.699429220480035,1,
22003,0,13,1,1,0.03770332342416814,0,
22005,0,8,1,1,0.24358861394991999,0,
22009,1,15,1,1,0.17471917788435534,0,
22011,0,9,1,1,0.03746743100759089,0,
22013,1,13,1,1,0.09296672654697233,0,
22019,0,16,1,1,0.6611012843414437,1,
22021,0,4,1,1,0.05778624625066968,0,
22023,0,8,1,1,0.4503326706296216,0,
22027,1,11,1,1,0.19271525756831837,0,
22031,0,10,1,1,0.00582379082499686,0,
22039,1,12,1,1,0.3720631976970162,0,
22041,1,7,1,1,0.4077158757154317,0,
22043,0,8,1,1,0.007528389644686759,0,
22045,1,10,1,1,0.6373780916401149,1,
22047,0,8,1,1,0.380771193140789,0,
22049,0,7,1,1,0.07124652290220013,0,
22053,0,10,1,1,0.3917945231952064,0,
22055,0,16,1,1,0.38657212314517514,0,
22057,0,14,1,1,0.32220249458066,0,
22063,0,17,1,1,0.19052738812587633,0,
22065,1,4,1,1,0.45999365472238396,0,
22069,1,16,1,1,0.051708023708155,0,
22077,0,17,1,1,0.24349796976742663,0,
22079,0,27,1,1,0.27574235147163906,0,
22083,1,6,1,1,0.41353531731262194,0,
22087,0,6,1,1,0.9346515178137647,1,
22089,0,10,1,1,0.19435794752808216,0,
22093,0,7,1,1,0.535426920454484,1,
22095,0,6,1,1,0.4439453215026964,0,
22099,0,8,1,1,0.3463538456372571,0,
22101,1,8,1,1,0.46168905386233194,0,
22103,0,17,1,1,0.08562443358916794,0,
22105,1,20,1,1,0.8554493453729468,1,
22107,1,4,1,1,0.015261939792659121,0,
22109,0,13,1,1,0.4886254355319587,0,
22111,0,10,1,1,0.03204793529903568,0,
22113,0,12,1,1,0.31609352648884026,0,
22115,0,13,1,1,0.05071107633930823,0,
22117,1,6,1,1,0.14443633326772012,0,
22119,1,12,1,1,0.4094737681965311,0,
22121,0,5,1,1,0.28515013889291774,0,
22123,1,4,1,1,0.09716856068398383,0,
22127,1,12,1,1,0.030490846238560083,0,
23001,0,14,1,1,0.17823006959008147,0,
23005,0,38,1,1,0.033609073446461996,0,
23007,0,18,1,1,0.023735498970690844,0,
23009,0,40,1,1,0.010012817636456091,0,
23011,0,27,1,1,0.0634685821324486,0,
23013,0,19,1,1,0.07134799973374846,0,
23017,0,33,1,1,0.048700366906443596,0,
23019,0,47,1,1,0.7108524891639052,1,
23021,0,16,1,1,0.01135534255853338,0,
23025,0,24,1,1,0.15508763078293705,0,
23027,0,18,1,1,0.015251647946823738,0,
23031,0,36,1,1,0.0340898796091249,0,
24001,0,15,1,1,0.0454386202127024,0,
24011,0,10,1,1,0.15963384159155225,0,
24013,0,15,1,1,0.009129928171636935,0,
24017,0,24,1,1,0.01463819768240769,0,
24019,0,18,1,1,0.12299058866515272,0,
24021,0,34,1,1,0.014546067333388969,0,
24027,0,24,1,1,0.02088312161964073,0,
24029,0,9,1,1,0.029753185550547276,0,
24035,0,16,1,1,0.027573847400832564,0,
24037,0,26,1,1,0.03572032136387954,0,
24039,0,11,1,1,5.273412598358265e-25,0,
24041,0,16,1,1,0.03236836151843711,0,
24043,0,20,1,1,0.00037675537327119867,0,
24047,0,12,1,1,0.08049552935797731,0,
25001,0,47,1,1,0.1039431740215313,0,
25005,0,36,1,1,0.5470790940957503,1,
25011,0,32,1,1,0.015408453756656997,0,
25013,0,41,1,1,0.533003468420292,1,
25015,0,28,1,1,0.019319663538516083,0,
25023,0,34,1,1,0.12192907420198557,0,
25025,0,36,1,1,0.7407214092394658,1,
25027,0,87,1,1,0.1503383963841866,0,
26005,0,24,1,1,0.1670961358837607,0,
26009,0,16,1,1,0.0593020282647036,0,
26011,0,10,1,1,0.39813210738682936,0,
26013,0,7,1,1,0.003956368818417457,0,
26015,0,15,1,1,0.05156865174823223,0,
26017,0,16,1,1,0.688937526507706,1,
26021,0,23,1,1,0.26780303220344664,0,
26023,0,13,1,1,0.28278770739515124,0,
26025,0,22,1,1,0.27801920241204603,0,
26027,0,14,1,1,0.30098174257927,0,
26041,0,13,1,1,0.09340826795789756,0,
26045,0,19,1,1,0.13683779079764075,0,
26049,0,34,1,1,0.6453313020417704,1,
26055,0,9,1,1,0.0644142733007434,0,
26059,0,18,1,1,0.32853645119356983,0,
26061,0,20,1,1,0.034081362997010464,0,
26063,0,18,1,1,0.32531771919060426,0,
26065,0,22,1,1,0.9992993702537301,1,
26067,0,21,1,1,0.1024486949203346,0,
26073,1,15,1,1,0.2987601059942494,0,
26075,0,29,1,1,0.31336869460886885,0,
26077,0,25,1,1,0.2353439589800717,0,
26081,0,39,1,1,0.42804346824061185,0,
26087,0,22,1,1,0.15353728383253584,0,
26091,0,23,1,1,0.17660210369226778,0,
26093,0,20,1,1,0.037691805663733285,0,
26099,0,39,1,1,0.7542740682957237,1,
26101,0,15,1,1,0.0777529309419333,0,
26103,0,15,1,1,0.009272054634281997,0,
26115,0,25,1,1,0.2410328135673176,0,
26121,0,20,1,1,0.5447969752313031,1,
26123,0,21,1,1,0.2074907854202075,0,
26127,0,12,1,1,0.2604329585463407,0,
26137,0,7,1,1,0.09453698124059721,0,
26139,0,22,1,1,0.18845454517660562,0,
26141,0,7,1,1,0.023149592575557727,0,
26145,0,28,1,1,0.5183941492123081,1,
26147,0,23,1,1,0.4469982224406757,0,
26149,0,13,1,1,0.37935669346951456,0,
26151,0,22,1,1,0.36437774936277806,0,
26155,0,19,1,1,0.20399390335279327,0,
26157,0,21,1,1,0.2093106632883494,0,
26159,0,22,1,1,0.3093287683585526,0,
26161,0,27,1,1,0.10158855105514783,0,
27001,0,12,1,1,0.001151568040725574,0,
27003,0,20,1,1,0.08511585092702655,0,
27005,0,16,1,1,0.002936895361419326,0,
27007,0,18,1,1,0.008414105975583246,0,
27009,0,9,1,1,0.008934490466884947,0,
27025,0,15,1,1,0.008345621390941403,0,
27027,0,15,1,1,0.020498144845738586,0,
27037,0,22,1,1,0.03388620544606945,0,
27041,0,17,1,1,0.005262690175506304,0,
27047,0,18,1,1,0.12858011664148308,0,
27049,0,17,1,1,0.01026580163120067,0,
27057,0,10,1,1,0.0012229454404892245,0,
27061,0,30,1,1,0.001923921488417816,0,
27079,0,13,1,1,0.012120349322403027,0,
27083,0,14,1,1,0.016619317300494645,0,
27095,0,12,1,1,0.006384676324640688,0,
27097,0,20,1,1,0.0054735282565057195,0,
27099,0,19,1,1,0.06765361268700794,0,
27109,0,19,1,1,0.011812968101154073,0,
27111,0,34,1,1,0.006990867812640295,0,
27115,0,16,1,1,0.002175961554379372,0,
27119,0,25,1,1,0.0029039429322794213,0,
27123,0,26,1,1,0.1531884505846693,0,
27127,0,22,1,1,0.005078856411755867,0,
27129,0,16,1,1,0.011085114932714713,0,
27131,0,16,1,1,0.02600956934949039,0,
27135,0,11,1,1,0.0006520556572493909,0,
27139,0,10,1,1,0.021211997623560897,0,
27141,0,9,1,1,0.023212026961371767,0,
27145,0,33,1,1,0.7755798978519044,1,
27151,0,11,1,1,0.006032448644063442,0,
27153,0,19,1,1,0.007587078554607574,0,
27163,0,19,1,1,0.023892053188318954,0,
27169,0,14,1,1,0.00437910402927508,0,
27171,0,19,1,1,0.026132165565671883,0,
28001,1,2,1,1,0.04019584828942012,0,
28003,0,5,1,1,0.07633194780613554,0,
28007,1,11,1,1,0.015192248816660295,0,
28011,1,17,1,1,0.6008450137406331,1,
28013,0,11,1,1,0.0024932096698056603,0,
28015,0,13,1,1,0.09761449951569752,0,
28019,1,9,1,1,0.007464018719692586,0,
28023,1,9,1,1,0.003041113272481513,0,
28025,1,8,1,1,0.06683280692862859,0,
28027,1,11,1,1,0.6355958821537164,1,
28029,1,9,1,1,0.0010473905762950386,0,
28031,1,8,1,1,0.060365465920765866,0,
28033,0,10,1,1,0.07605142178982703,0,
28035,1,8,1,1,0.982544749845812,1,
28037,1,8,1,1,0.008625331501744233,0,
28039,0,3,1,1,0.0031080647792893963,0,
28041,0,7,1,1,0.0011103069486180985,0,
28043,1,7,1,1,0.035041581381340337,0,
28045,0,10,1,1,0.1935157913410836,0,
28051,1,9,1,1,0.0627696154472415,0,
28057,0,10,1,1,0.04413922655186789,0,
28061,1,14,1,1,0.0019907919414704485,0,
28065,1,9,1,1,0.021482037876210447,0,
28069,1,11,1,1,0.015442954353163452,0,
28071,1,13,1,1,0.9983273894731961,1,
28073,0,6,1,1,0.011115129215727278,0,
28075,1,12,1,1,0.0007859838129276759,0,
28081,0,15,1,1,0.09975470422966602,0,
28083,1,11,1,1,0.4140047498653698,0,
28085,0,12,1,1,0.03014361994316355,0,
28087,1,8,1,1,0.07551283502826776,0,
28089,0,12,1,1,0.011837919351152552,0,
28091,1,8,1,1,0.06887745789054131,0,
28093,1,8,1,1,0.018246254017193504,0,
28095,0,12,1,1,0.04097964892755867,0,
28097,1,7,1,1,0.02168848906538097,0,
28099,1,8,1,1,0.07597645477407645,0,
28101,0,11,1,1,0.009888946202138454,0,
28103,1,6,1,1,0.060119428011804026,0,
28107,1,11,1,1,0.10769337129552507,0,
28109,0,5,1,1,0.00943400715545267,0,
28113,1,8,1,1,0.16656719503803516,0,
28115,0,11,1,1,0.1107706079901076,0,
28119,1,10,1,1,0.22849181534277427,0,
28121,0,12,1,1,0.33115395946144016,0,
28123,1,10,1,1,0.04736956591165815,0,
28127,1,10,1,1,0.018558924663749986,0,
28131,0,6,1,1,0.006842605961736258,0,
28133,1,16,1,1,0.48061969144167815,0,
28135,1,18,1,1,0.005534684423588959,0,
28137,0,5,1,1,0.07864143179459408,0,
28141,0,9,1,1,0.08763670647399291,0,
28145,0,11,1,1,0.016933894048238095,0,
28147,1,6,1,1,0.030939041872570853,0,
28153,1,7,1,1,0.03731084886704074,0,
28159,1,10,1,1,0.0210985420446861,0,
28161,1,7,1,1,0.011548113459862862,0,
28163,1,8,1,1,0.0333949666769676,0,
29001,1,9,1,1,0.11261140432419284,0,
29009,0,17,1,1,0.16125677968895252,0,
29011,0,8,1,1,0.051424856103982126,0,
29013,0,13,1,1,0.02155900315405449,0,
29015,0,13,1,1,0.05025859562076726,0,
29017,0,13,1,1,0.013412552675582005,0,
29019,0,13,1,1,0.017131606642753504,0,
29021,0,15,1,1,0.6589790992971796,1,
29023,0,10,1,1,0.3142802206298082,0,
29025,0,10,1,1,0.11874842805272737,0,
29029,0,18,1,1,0.09522274809979717,0,
29031,0,19,1,1,0.17476074401531114,0,
29033,0,10,1,1,0.09093149719662297,0,
29035,1,5,1,1,0.005301516189420883,0,
29037,0,18,1,1,0.09343956719510674,0,
29039,0,9,1,1,0.03948183816495575,0,
29041,0,12,1,1,0.046554222923486904,0,
29043,0,21,1,1,0.03458157901765395,0,
29049,0,11,1,1,0.04512920921537117,0,
29051,0,9,1,1,0.06722550200258476,0,
29055,0,12,1,1,0.05050348323296719,0,
29057,0,13,1,1,0.02964945778001556,0,
29059,0,13,1,1,0.11419990294863476,0,
29063,0,10,1,1,0.055589420903727385,0,
29065,0,8,1,1,0.020996624760200318,0,
29067,0,16,1,1,0.04286886941017288,0,
29069,1,14,1,1,0.45046900688211966,0,
29071,0,23,1,1,0.06823977183276046,0,
29079,0,7,1,1,0.1563517938714989,0,
29083,0,11,1,1,0.12717664746104548,0,
29085,0,13,1,1,0.12899994170361828,0,
29091,0,12,1,1,0.1274984401330202,0,
29093,0,16,1,1,0.02351052094655589,0,
29099,0,24,1,1,0.15101220816976474,0,
29103,0,12,1,1,0.04962851080944873,0,
29105,0,12,1,1,0.11736969962799831,0,
29107,0,16,1,1,0.1126610897006787,0,
29109,0,21,1,1,0.17214992936015222,0,
29113,0,17,1,1,0.16578922373116928,0,
29115,0,15,1,1,0.08240822695614182,0,
29117,0,12,1,1,0.13026250033234077,0,
29119,0,14,1,1,0.18422495860684335,0,
29121,0,15,1,1,0.041742279284010336,0,
29123,0,7,1,1,0.014438011177896956,0,
29127,0,10,1,1,0.2366781499935007,0,
29131,0,17,1,1,0.03610059193374075,0,
29133,1,6,1,1,0.5571550300151952,1,
29135,0,13,1,1,0.01930605448589486,0,
29139,0,11,1,1,0.10634481964862891,0,
29143,1,17,1,1,0.5709910667901809,1,
29145,0,15,1,1,0.09570698672366693,0,
29147,0,18,1,1,0.042789546165049444,0,
29153,0,18,1,1,0.01781401226226645,0,
29159,0,15,1,1,0.2691583930711051,0,
29161,0,11,1,1,0.027973717752332282,0,
29163,0,12,1,1,0.17679252773998425,0,
29165,0,18,1,1,0.05277656839024901,0,
29169,0,11,1,1,0.01453952365534497,0,
29175,0,12,1,1,0.1631202789098653,0,
29177,0,12,1,1,0.21400989055351793,0,
29181,1,9,1,1,0.031502994842238105,0,
29183,0,14,1,1,0.1263245305020528,0,
29185,0,16,1,1,0.029205146958175783,0,
29186,0,8,1,1,0.0634466248759265,0,
29187,0,15,1,1,0.17245569985335296,0,
29195,0,13,1,1,0.2137623267855218,0,
29197,0,6,1,1,0.05435600117231337,0,
29199,0,10,1,1,0.14821770959728658,0,
29201,0,14,1,1,0.6326278086807186,1,
29207,0,13,1,1,0.2931379455819414,0,
29209,0,17,1,1,0.07998179890540447,0,
29211,0,13,1,1,0.01610853507362304,0,
29213,0,20,1,1,0.1647354028048829,0,
29215,1,21,1,1,0.0008624013593507725,0,
29217,0,13,1,1,0.10601074477358105,0,
29219,0,9,1,1,0.1287798948179986,0,
29223,1,14,1,1,0.016345308354918653,0,
29225,0,9,1,1,0.16067321696447606,0,
29229,1,11,1,1,0.10552919770230448,0,
30003,1,18,1,1,0.06156146646180674,0,
30005,1,9,1,1,0.007540441408287084,0,
30013,0,18,1,1,0.07431275317511818,0,
30015,0,13,1,1,0.015302003593232149,0,
30021,0,8,1,1,0.0007648691993555198,0,
30029,0,16,1,1,0.0033257571782343586,0,
30035,1,5,1,1,0.029730514889827184,0,
30047,0,15,1,1,0.004505539663690906,0,
30049,0,9,1,1,0.002526737087566143,0,
30053,0,6,1,1,0.002426711656563958,0,
30061,0,5,1,1,0.0011297977755286579,0,
30073,0,6,1,1,0.002054447230327014,0,
30081,0,9,1,1,0.0011328650111990064,0,
30087,0,8,1,1,0.004058973690665823,0,
30105,0,12,1,1,0.0022037870980124424,0,
30111,0,16,1,1,0.10204644867200993,0,
31001,0,14,1,1,0.04156830457273486,0,
31003,0,11,1,1,0.0025557693871517432,0,
31007,0,8,1,1,0.0019682197831393028,0,
31011,0,8,1,1,0.0012386363040866122,0,
31013,0,3,1,1,0.002219991711516694,0,
31023,0,14,1,1,0.0014812471161738607,0,
31025,0,20,1,1,0.00263728697123202,0,
31029,0,7,1,1,7.631585801802581e-08,0,
31033,0,5,1,1,0.0008084549732965443,0,
31041,0,21,1,1,0.0014711749392423046,0,
31045,0,6,1,1,0.0005954092789809326,0,
31061,0,8,1,1,0.0017973153288950482,0,
31067,0,18,1,1,0.0052657447508173815,0,
31075,0,3,1,1,0.00019901973533032125,0,
31079,0,11,1,1,0.045327681135680406,0,
31083,0,8,1,1,0.0025134252567960407,0,
31093,0,11,1,1,0.001653385029619287,0,
31095,0,12,1,1,0.002626084170798991,0,
31109,0,42,1,1,0.06397578497534281,0,
31111,0,14,1,1,0.003820203652006338,0,
31119,0,8,1,1,0.023128466166508044,0,
31131,0,19,1,1,0.004049393470884613,0,
31135,0,10,1,1,0.00040503301044077147,0,
31141,0,11,1,1,0.011163923809555436,0,
31153,0,13,1,1,0.0156133634802041,0,
31155,0,18,1,1,0.0041783909792926,0,
31157,0,8,1,1,0.016156122446963798,0,
31161,0,9,1,1,0.0009854256406851862,0,
31173,1,10,1,1,0.02695455319876195,0,
31177,0,15,1,1,0.00643015628739863,0,
31179,0,11,1,1,0.0038394172324976413,0,
31185,0,15,1,1,0.001944417139866567,0,
32001,0,2,1,1,0.23705459774520804,0,
32005,0,9,1,1,0.06836174557341224,0,
32007,0,14,1,1,0.010272517288982562,0,
32013,0,7,1,1,0.027709790423374694,0,
32017,0,5,1,1,3.0776443657009324e-07,0,
32019,0,9,1,1,0.4542824328257495,0,
32021,0,5,1,1,0.05504312286992021,0,
32033,0,7,1,1,0.014518514205886726,0,
33005,0,27,1,1,0.008709912923927712,0,
33007,0,16,1,1,0.01164375452744215,0,
33009,0,37,1,1,0.003586098063831219,0,
33011,0,34,1,1,0.04341578565246787,0,
33013,0,31,1,1,0.010853386036340137,0,
33015,0,37,1,1,0.017144644096538764,0,
34009,0,15,1,1,0.11961085818028566,0,
34011,0,22,1,1,0.005070499339792768,0,
34015,0,30,1,1,0.09150248612146539,0,
34019,0,26,1,1,0.003575476015714355,0,
34021,0,25,1,1,0.18273082003887087,0,
34027,0,56,1,1,0.005693759160493727,0,
34031,0,33,1,1,0.2997320503615476,0,
34033,0,14,1,1,0.13339390281027166,0,
34035,0,32,1,1,0.018904828610229487,0,
34037,0,21,1,1,0.0033890232337684444,0,
34041,0,19,1,1,0.009829809505639844,0,
35005,1,9,1,1,0.10741209503638166,0,
35007,0,9,1,1,0.006030087942300768,0,
35009,0,7,1,1,0.1606642877749942,0,
35015,0,8,1,1,0.000561225868762927,0,
35017,0,16,1,1,0.0005493349660601148,0,
35019,1,5,1,1,1.1681553949672927e-05,0,
35025,0,7,1,1,0.3446809581582235,0,
35029,1,3,1,1,0.09546207556413194,0,
35035,0,18,1,1,0.16581148803050733,0,
35037,1,10,1,1,0.013634116546577724,0,
35039,0,37,1,1,0.012182751055194634,0,
35041,1,9,1,1,0.07560305610519037,0,
35043,0,21,1,1,0.131147308452129,0,
35049,0,15,1,1,0.03868816170972045,0,
35051,0,10,1,1,0.3787666414982811,0,
35053,1,14,1,1,0.18672104585991522,0,
35055,1,21,1,1,0.0015270599343182782,0,
35061,0,8,1,1,0.12196210055769281,0,
36001,0,46,1,1,0.1545437096670138,0,
36003,0,37,1,1,0.00565549671247108,0,
36007,0,31,1,1,0.09192086184737186,0,
36009,0,36,1,1,0.012902063033851507,0,
36011,0,26,1,1,6.600858597601924e-06,0,
36013,0,36,1,1,0.1227426838113901,0,
36015,0,22,1,1,0.11580901119274037,0,
36021,0,36,1,1,0.050403386924398705,0,
36023,0,17,1,1,0.03975935638241666,0,
36027,0,35,1,1,0.07689450015771508,0,
36031,0,34,1,1,0.0028658292427220914,0,
36033,0,23,1,1,0.0049293234519286995,0,
36037,0,18,1,1,0.02957189162089366,0,
36039,0,42,1,1,0.02502025878396218,0,
36041,0,13,1,1,0.0012749747944135474,0,
36043,0,28,1,1,0.013175142068897087,0,
36045,0,39,1,1,0.10530046132095194,0,
36053,0,31,1,1,0.03599703731690056,0,
36055,0,50,1,1,0.5549104631395777,1,
36057,0,20,1,1,0.1457569211816636,0,
36063,0,22,1,1,0.6676377335310407,1,
36065,0,54,1,1,0.20182535397836102,0,
36071,0,51,1,1,0.04821156869717163,0,
36073,0,15,1,1,0.14357334811854183,0,
36075,0,27,1,1,0.1250485255589166,0,
36077,0,43,1,1,0.005704836577666175,0,
36083,0,29,1,1,0.040387851248609066,0,
36089,0,49,1,1,0.018458575399904302,0,
36091,0,27,1,1,0.010745817307706958,0,
36093,0,19,1,1,0.1208578453832154,0,
36099,0,14,1,1,0.13554033034201404,0,
36101,0,39,1,1,0.020248903187833196,0,
36105,0,62,1,1,0.01971774419391882,0,
36107,0,15,1,1,0.011906617882393777,0,
36109,0,17,1,1,0.9320466033309553,1,
36111,0,63,1,1,0.04101718289242883,0,
36115,0,27,1,1,0.03573111149416962,0,
36117,0,20,1,1,0.029385771267173552,0,
37001,0,12,1,1,0.15622980872839537,0,
37003,0,8,1,1,0.05313858659572067,0,
37007,0,8,1,1,0.027711125623760498,0,
37013,0,15,1,1,0.02070112078838754,0,
37015,1,10,1,1,0.018493368666151984,0,
37017,1,18,1,1,0.05592896543299451,0,
37019,0,14,1,1,0.021031484664803517,0,
37021,0,19,1,1,0.017011211919484757,0,
37023,0,16,1,1,0.10321411270502037,0,
37025,0,16,1,1,0.16729183484904545,0,
37027,0,10,1,1,0.10588760984372356,0,
37031,0,19,1,1,0.03695968696505089,0,
37035,0,14,1,1,0.10304600575803646,0,
37037,0,18,1,1,0.006501649426770128,0,
37039,0,4,1,1,0.007943293053066198,0,
37041,0,4,1,1,0.040761523277855975,0,
37043,0,5,1,1,0.001223341650353943,0,
37045,0,13,1,1,0.6215319766214658,1,
37047,1,16,1,1,0.040898277470625806,0,
37049,0,11,1,1,0.028757138798903376,0,
37051,0,24,1,1,0.0026856814139176043,0,
37053,0,15,1,1,0.011725264220228354,0,
37055,0,14,1,1,0.0944385446203001,0,
37057,0,12,1,1,0.12395516158126696,0,
37059,0,6,1,1,0.0355415381529926,0,
37061,0,19,1,1,0.09260335425468753,0,
37063,0,16,1,1,0.05939090759100131,0,
37065,0,15,1,1,0.18042051625014033,0,
37067,0,22,1,1,0.3203578180469407,0,
37069,0,13,1,1,0.027355124695192794,0,
37071,0,18,1,1,0.3306398843922409,0,
37077,0,12,1,1,0.006085598876930947,0,
37079,0,11,1,1,0.07242307394027302,0,
37083,1,9,1,1,0.0920245471926335,0,
37085,0,16,1,1,0.0346734562817949,0,
37089,0,15,1,1,0.019769387761807776,0,
37091,0,9,1,1,0.0650904697346873,0,
37093,0,9,1,1,0.12764301172540105,0,
37101,0,21,1,1,0.04624739953311642,0,
37105,0,4,1,1,0.03280114951415687,0,
37107,0,10,1,1,0.27250898504327237,0,
37109,0,11,1,1,0.1476646751135707,0,
37111,0,9,1,1,0.02206021973301609,0,
37125,0,18,1,1,0.025327491794332625,0,
37127,0,15,1,1,0.07860164312579243,0,
37129,0,10,1,1,0.06378600704739702,0,
37131,1,12,1,1,0.015120604478876323,0,
37133,0,16,1,1,0.06552238656345546,0,
37135,0,14,1,1,0.01027513193481431,0,
37141,0,13,1,1,0.01652979420159498,0,
37147,1,17,1,1,0.0583278136153498,0,
37151,0,24,1,1,0.148192543744833,0,
37153,0,11,1,1,0.30118997785275353,0,
37157,0,11,1,1,0.09907488864035113,0,
37159,0,19,1,1,0.21542167664008494,0,
37161,0,16,1,1,0.08844426678071317,0,
37163,0,17,1,1,0.15714055757939419,0,
37165,0,7,1,1,0.37464515612744104,0,
37169,0,16,1,1,0.053124630570713115,0,
37171,0,12,1,1,0.13308198590903006,0,
37175,0,10,1,1,0.009673460097228177,0,
37179,0,12,1,1,0.07623285067902569,0,
37181,0,8,1,1,0.21111753304570155,0,
37185,0,8,1,1,0.01922070707258834,0,
37187,1,4,1,1,0.032187463593981135,0,
37189,0,10,1,1,0.015443482298162326,0,
37191,0,14,1,1,0.018963630936993544,0,
37193,0,23,1,1,0.039050678564477984,0,
37195,0,17,1,1,0.23386579773711957,0,
38015,0,12,1,1,0.010607854952491912,0,
38027,0,7,1,1,0.0022525848045329764,0,
38035,0,22,1,1,0.39948931602779625,0,
38037,0,13,1,1,0.0005565733236088272,0,
38067,0,13,1,1,0.0008227140892453665,0,
38073,0,11,1,1,0.0005561038662458995,0,
38085,1,9,1,1,0.05492840465186302,0,
38099,0,16,1,1,0.008146789562616667,0,
38101,0,24,1,1,0.0001735166270898922,0,
39001,0,11,1,1,0.20386368497425944,0,
39007,0,19,1,1,0.37944186576432326,0,
39009,1,18,1,1,0.08774626844395629,0,
39013,0,27,1,1,0.12194435619471483,0,
39017,0,17,1,1,0.43149984878629777,0,
39019,0,20,1,1,0.0594832346290088,0,
39023,0,22,1,1,0.7338220813333092,1,
39025,0,23,1,1,0.217035209126622,0,
39037,0,25,1,1,0.34067071305939367,0,
39041,0,24,1,1,0.045437449749252484,0,
39045,0,19,1,1,0.07242450731317515,0,
39055,0,20,1,1,0.03429843499068047,0,
39059,0,20,1,1,0.1445126494378109,0,
39063,0,24,1,1,0.18987010837487733,0,
39065,0,15,1,1,0.23469750493767427,0,
39071,0,15,1,1,0.3473930418278715,0,
39073,0,16,1,1,0.04830772552634609,0,
39075,0,18,1,1,0.043786155360682165,0,
39077,0,14,1,1,0.20467626451173435,0,
39079,0,11,1,1,0.24818614223444072,0,
39081,0,23,1,1,0.45166812365109177,0,
39085,0,11,1,1,0.33728043086287823,0,
39087,0,14,1,1,0.39015706255820226,0,
39089,0,28,1,1,0.10026018850543487,0,
39091,0,18,1,1,0.200253336183396,0,
39093,0,24,1,1,0.3642728115435555,0,
39099,0,36,1,1,0.4739180254362033,0,
39101,0,14,1,1,0.41010391013305403,0,
39103,0,24,1,1,0.05674715704715565,0,
39107,0,18,1,1,0.20445671507013552,0,
39111,0,15,1,1,0.021667740398819395,0,
39117,0,16,1,1,0.08136798080756158,0,
39119,0,22,1,1,0.2733916495801808,0,
39121,0,15,1,1,0.003276068941756001,0,
39123,0,18,1,1,0.6252864088556473,1,
39125,0,15,1,1,0.20764878193189001,0,
39127,0,17,1,1,0.025315617984251436,0,
39129,0,17,1,1,0.08104164389710551,0,
39131,0,11,1,1,0.18266226065723196,0,
39133,0,24,1,1,0.986882482704873,1,
39135,0,16,1,1,0.15406270562603713,0,
39137,0,17,1,1,0.10473288095373112,0,
39139,0,19,1,1,4.134307912683265e-05,0,
39141,0,16,1,1,0.1744944717355663,0,
39143,0,17,1,1,0.49760710081968224,0,
39145,0,20,1,1,0.37410872768252945,0,
39147,0,20,1,1,0.27577644334424367,0,
39151,0,42,1,1,0.47431292326257557,0,
39155,0,30,1,1,0.48208372238441954,0,
39159,0,20,1,1,0.1312876834681346,0,
39165,0,24,1,1,0.13758763671431307,0,
39167,0,20,1,1,0.09984058790420688,0,
39169,0,25,1,1,0.2783506904432707,0,
39171,0,12,1,1,0.27121244413430723,0,
39173,0,32,1,1,0.3494902128800338,0,
40001,1,8,1,1,0.1288337198908267,0,
40003,0,13,1,1,0.06647818788454658,0,
40009,0,6,1,1,0.23755591076672933,0,
40011,0,13,1,1,0.12615828015433822,0,
40013,0,14,1,1,0.5525158581761048,1,
40015,1,16,1,1,0.4067671915773078,0,
40017,0,13,1,1,0.30528221629712876,0,
40019,0,13,1,1,0.6294432433631092,1,
40021,1,16,1,1,0.2351490109131323,0,
40023,1,12,1,1,0.2662756389742579,0,
40025,0,4,1,1,0.06229915263050885,0,
40035,0,10,1,1,0.4119200877513698,0,
40037,0,21,1,1,0.1373297423314172,0,
40039,0,13,1,1,0.590339639336885,1,
40041,0,13,1,1,0.3130310691073209,0,
40043,0,12,1,1,0.07053278610862747,0,
40045,0,7,1,1,0.06369318099335924,0,
40047,0,22,1,1,0.17032011332449637,0,
40049,0,13,1,1,0.2787616494766281,0,
40051,0,14,1,1,0.3682864736534079,0,
40053,0,10,1,1,0.017032821395524488,0,
40055,0,4,1,1,0.03868860323852913,0,
40059,0,7,1,1,0.11501104280568021,0,
40063,1,10,1,1,0.1188474915945734,0,
40065,0,9,1,1,0.5628870027253926,1,
40067,0,8,1,1,0.2614577492945946,0,
40069,1,13,1,1,0.1513884347389161,0,
40071,0,10,1,1,0.5975632258810044,1,
40073,0,12,1,1,0.2302980105488306,0,
40075,0,9,1,1,0.5419633075231829,1,
40077,0,7,1,1,0.04430536675200884,0,
40079,0,23,1,1,0.20100986147950112,0,
40081,0,16,1,1,0.10161046606360737,0,
40083,0,15,1,1,0.15870745598368396,0,
40085,0,8,1,1,0.4422464599910015,0,
40089,1,15,1,1,0.37741615216114754,0,
40091,0,11,1,1,0.2972441129789817,0,
40095,0,3,1,1,0.6037474269603829,1,
40097,0,17,1,1,0.560329327614929,1,
40099,0,7,1,1,0.5192098996800594,1,
40101,0,15,1,1,0.8073427956295521,1,
40105,0,7,1,1,0.13543051310575102,0,
40107,1,11,1,1,0.09675213238442903,0,
40111,0,11,1,1,0.2856442155373286,0,
40113,0,22,1,1,0.41724431176318677,0,
40115,0,9,1,1,0.7091435414832257,1,
40117,0,12,1,1,0.19306821273877978,0,
40119,1,14,1,1,0.9868425876098655,1,
40121,0,19,1,1,0.282583116346371,0,
40123,0,10,1,1,0.294851267038345,0,
40127,1,16,1,1,0.05466412459395774,0,
40131,0,12,1,1,0.31562084066983503,0,
40133,1,10,1,1,0.33001072705442763,0,
40135,0,9,1,1,0.2936350673378958,0,
40137,0,10,1,1,0.4739874934232375,0,
40139,0,9,1,1,0.0872016113757721,0,
40141,1,8,1,1,0.5548531041754037,1,
40145,0,15,1,1,0.32606437611520067,0,
40147,0,12,1,1,0.2817145303176369,0,
40149,0,18,1,1,0.3156085843042608,0,
40153,0,11,1,1,0.10553451130257516,0,
41001,0,12,1,1,0.006051485133593815,0,
41003,0,10,1,1,0.9170293382694121,1,
41005,0,37,1,1,0.0980696649554634,0,
41009,0,9,1,1,0.04064942859280913,0,
41011,0,10,1,1,0.06433619821616379,0,
41013,0,6,1,1,0.02665642164310929,0,
41015,0,7,1,1,0.01363716050786833,0,
41017,0,7,1,1,0.043808204366970485,0,
41019,0,28,1,1,0.06848313479813167,0,
41023,0,11,1,1,0.020950068135967455,0,
41027,0,3,1,1,0.052351991772456474,0,
41029,0,18,1,1,0.36001415757358535,0,
41031,0,8,1,1,0.07710973423379477,0,
41033,0,11,1,1,0.3655061656988833,0,
41035,0,17,1,1,0.20489414128687747,0,
41039,0,39,1,1,0.11154612289996588,0,
41041,0,18,1,1,0.059248096214425824,0,
41043,0,20,1,1,0.16094326479438115,0,
41047,0,26,1,1,0.5132394719747647,1,
41049,0,7,1,1,0.6056403401600632,1,
41053,0,11,1,1,0.05495853859761492,0,
41059,0,14,1,1,0.2993284155030772,0,
41061,0,8,1,1,0.020812107127282882,0,
41065,0,8,1,1,0.1376269421158472,0,
41067,0,30,1,1,0.061629311626030456,0,
42001,0,17,1,1,0.044729539329080234,0,
42005,0,36,1,1,0.06560073342745046,0,
42009,0,28,1,1,0.009327420431808823,0,
42011,0,62,1,1,0.1826952611457094,0,
42013,0,19,1,1,0.05726448666131624,0,
42015,0,27,1,1,0.009828285752181304,0,
42021,0,51,1,1,0.008031063764832366,0,
42025,0,20,1,1,0.040894559293857234,0,
42027,0,33,1,1,0.010925542384629802,0,
42033,0,51,1,1,0.016673596259886198,0,
42037,0,19,1,1,0.021051826638601827,0,
42039,0,27,1,1,0.026458722432426345,0,
42041,0,21,1,1,0.025455417955804582,0,
42043,0,30,1,1,0.07439569499244067,0,
42047,0,14,1,1,0.0025628010581703717,0,
42051,0,62,1,1,0.12876780074389488,0,
42053,0,11,1,1,0.0009721622503191768,0,
42055,0,30,1,1,0.04088374630490435,0,
42059,0,26,1,1,0.013480913909221633,0,
42061,0,33,1,1,0.003102076490471958,0,
42065,0,30,1,1,0.049624317897372726,0,
42069,0,28,1,1,0.14249010644124363,0,
42073,0,22,1,1,0.17051608556411663,0,
42075,0,19,1,1,0.14126314021971867,0,
42079,0,50,1,1,0.10822735656253206,0,
42081,0,25,1,1,0.009790459107562521,0,
42085,0,28,1,1,0.11621546812162464,0,
42087,0,13,1,1,0.04119643391335978,0,
42089,0,35,1,1,0.029663167256871077,0,
42095,0,26,1,1,0.08003304114558321,0,
42097,0,28,1,1,0.035597531155076564,0,
42099,0,16,1,1,0.010454303950301887,0,
42107,0,59,1,1,0.043215862419988246,0,
42109,0,15,1,1,0.021526503253202805,0,
42111,0,40,1,1,0.015667235782113063,0,
42115,0,29,1,1,0.005483147969712628,0,
42119,0,14,1,1,0.004801536786289591,0,
42123,0,19,1,1,0.004360828591911668,0,
42125,0,64,1,1,0.06060865002737861,0,
42127,0,30,1,1,0.0054927235986723544,0,
42129,0,86,1,1,0.05815992245807767,0,
44003,0,9,1,1,0.29328620415643225,0,
44005,0,8,1,1,0.07210483343780867,0,
44009,0,20,1,1,0.0674109064864368,0,
45001,0,13,1,1,0.05686077337822016,0,
45005,1,6,1,1,0.06600426548778374,0,
45009,1,8,1,1,0.04594764973805879,0,
45011,1,7,1,1,0.10913862305333005,0,
45013,0,16,1,1,0.024865584417021164,0,
45015,0,17,1,1,0.05587335353281914,0,
45017,0,7,1,1,0.05188526661464256,0,
45021,0,8,1,1,0.3080838976931459,0,
45023,0,10,1,1,0.19476266075193946,0,
45025,0,11,1,1,0.1901671185470296,0,
45027,1,11,1,1,0.05891087585318112,0,
45029,1,14,1,1,0.06389722983014617,0,
45031,0,10,1,1,0.09764690179363102,0,
45033,1,11,1,1,0.3099603746623515,0,
45035,0,15,1,1,0.03300210379269543,0,
45037,0,10,1,1,0.00863034621005617,0,
45039,0,9,1,1,0.0197624907914748,0,
45041,0,12,1,1,0.13128043564906658,0,
45043,0,5,1,1,0.029830781761869166,0,
45047,0,9,1,1,0.11934682320442577,0,
45049,1,13,1,1,0.0710853510270125,0,
45051,0,16,1,1,0.2577528131125537,0,
45055,0,13,1,1,0.04889122749428945,0,
45057,0,5,1,1,0.1335083715643814,0,
45059,0,16,1,1,0.12240871958348395,0,
45067,1,7,1,1,0.17538314391666057,0,
45069,1,8,1,1,0.1174801084027711,0,
45073,0,13,1,1,0.15048863243754307,0,
45077,0,15,1,1,0.16403448463719522,0,
45081,0,12,1,1,0.05123772082514073,0,
45085,0,15,1,1,0.2016297130647613,0,
45087,0,9,1,1,0.10007361395917705,0,
45089,1,12,1,1,0.048246941893875656,0,
45091,0,15,1,1,0.5315796215077905,1,
46009,0,7,1,1,0.0009030305618368953,0,
46013,0,20,1,1,0.0020679936408902954,0,
46029,0,10,1,1,0.012657949376146548,0,
46031,1,15,1,1,0.04334696264565685,0,
46033,0,9,1,1,0.0006353215012015246,0,
46035,0,6,1,1,0.011057214176974504,0,
46037,0,11,1,1,0.0011798337184489647,0,
46059,0,8,1,1,0.0006104846053075375,0,
46065,0,3,1,1,0.0019311063876002574,0,
46067,0,13,1,1,0.0026308707266674857,0,
46077,0,9,1,1,0.0008363426598384596,0,
46083,0,12,1,1,0.02904227371565489,0,
46091,0,10,1,1,0.0008466074954460881,0,
46093,0,18,1,1,0.008590090925100945,0,
46099,0,23,1,1,0.26025409079714434,0,
46103,0,20,1,1,0.009310199790597067,0,
46109,1,16,1,1,0.011798580948153989,0,
46121,1,9,1,1,0.2078341428884229,0,
46129,0,7,1,1,0.000943651230046724,0,
46135,0,10,1,1,0.015988684580541104,0,
47001,0,11,1,1,0.2436796494594483,0,
47003,0,13,1,1,0.5846276875510963,1,
47005,0,7,1,1,0.1378694822459739,0,
47009,0,13,1,1,0.4162050503558693,0,
47011,0,8,1,1,0.4058088476973198,0,
47013,1,11,1,1,0.3805324334188015,0,
47017,0,14,1,1,0.06246836102153125,0,
47019,0,8,1,1,0.38504213274455196,0,
47021,0,12,1,1,0.060973313176325414,0,
47025,1,10,1,1,0.2424846706931366,0,
47027,0,7,1,1,0.19383787909114403,0,
47031,0,9,1,1,0.4383549891743932,0,
47033,0,8,1,1,0.41674654797599797,0,
47035,0,11,1,1,0.2638587611596469,0,
47043,0,11,1,1,0.08972613260730891,0,
47045,0,11,1,1,0.5782338543175815,1,
47049,1,9,1,1,0.11841105499620383,0,
47053,0,11,1,1,0.2651049814117705,0,
47055,0,17,1,1,0.24814608544587766,0,
47059,0,10,1,1,0.20795614229939635,0,
47063,0,7,1,1,0.7234777501767947,1,
47067,1,5,1,1,0.1153254340887266,0,
47069,0,12,1,1,0.061900421417647525,0,
47071,0,13,1,1,0.23331697143042668,0,
47073,0,12,1,1,0.2752353908866846,0,
47075,0,6,1,1,0.24205104498982438,0,
47077,0,14,1,1,0.1165304542385132,0,
47079,0,9,1,1,0.18631167592288556,0,
47085,0,4,1,1,0.037791234115280306,0,
47089,0,10,1,1,0.2591355369577942,0,
47097,0,4,1,1,0.10844103622361724,0,
47099,0,11,1,1,0.18936405724644217,0,
47101,0,7,1,1,0.04103885348532874,0,
47107,0,12,1,1,0.7084125895996564,1,
47109,0,15,1,1,0.1473408366267844,0,
47111,0,8,1,1,0.35764383114193976,0,
47117,0,12,1,1,0.3581560268210267,0,
47119,0,10,1,1,0.2491324932561485,0,
47121,0,6,1,1,0.13043191203539986,0,
47123,0,9,1,1,0.4719665071859429,0,
47125,0,15,1,1,0.14887912129398354,0,
47129,0,12,1,1,0.15848228434323364,0,
47131,0,12,1,1,0.3284132070975252,0,
47135,0,4,1,1,0.036605348500815746,0,
47139,0,12,1,1,0.055556599691643005,0,
47141,0,10,1,1,0.9963657291899506,1,
47145,0,10,1,1,0.2647188929996935,0,
47147,0,12,1,1,0.23350634100148873,0,
47149,0,20,1,1,0.8297530329572984,1,
47155,0,10,1,1,0.24057326167917875,0,
47159,0,15,1,1,0.14087089479274129,0,
47163,0,12,1,1,0.47398770415953717,0,
47165,0,10,1,1,0.22642512342642207,0,
47167,0,10,1,1,0.10528360991078078,0,
47175,0,7,1,1,0.1946800815934011,0,
47177,0,6,1,1,0.6011887745218334,1,
47179,0,13,1,1,0.957364034208406,1,
47181,0,10,1,1,0.05441048890060409,0,
47183,0,12,1,1,0.15109115629206543,0,
47185,0,5,1,1,0.32472985146372935,0,
47187,0,16,1,1,0.02512215350503251,0,
47189,0,12,1,1,0.21053506690486756,0,
48001,0,10,1,1,0.16539335437466485,0,
48003,0,1,1,1,0.04570727073764953,0,
48005,0,6,1,1,0.14497168065674118,0,
48007,0,5,1,1,0.6227172832855388,1,
48009,0,10,1,1,0.15835509225237268,0,
48013,0,15,1,1,0.18082675791565248,0,
48015,0,13,1,1,0.12109530253211337,0,
48017,0,6,1,1,0.00559398403915792,0,
48019,0,7,1,1,0.1332835412688482,0,
48021,0,15,1,1,0.0992727219039285,0,
48023,0,2,1,1,0.019419697478796138,0,
48025,1,11,1,1,0.04279616553461525,0,
48031,0,8,1,1,0.04394890815827225,0,
48035,0,11,1,1,0.03258855998823246,0,
48037,0,10,1,1,0.23612061412561475,0,
48043,0,4,1,1,0.001876285953869405,0,
48047,1,2,1,1,0.09353956573859218,0,
48049,0,10,1,1,0.08913008993119828,0,
48051,0,5,1,1,0.13323634325807834,0,
48053,0,13,1,1,0.1041428982563023,0,
48055,0,14,1,1,0.07514196482300045,0,
48057,0,6,1,1,0.14073099060011995,0,
48063,0,2,1,1,0.18245843397687428,0,
48067,0,14,1,1,0.09026879370839155,0,
48071,0,11,1,1,0.4692115378580314,0,
48073,0,12,1,1,0.38768718722616924,0,
48075,0,4,1,1,0.0357521745281356,0,
48077,0,9,1,1,0.13739118903405514,0,
48081,0,4,1,1,0.007170364269751867,0,
48083,0,15,1,1,0.026912620971186584,0,
48087,0,5,1,1,0.04263615443880619,0,
48089,0,18,1,1,0.05153858052162125,0,
48091,0,14,1,1,0.13251521099998514,0,
48093,0,14,1,1,0.013730522783436842,0,
48097,0,14,1,1,0.2575567775394654,0,
48099,0,17,1,1,1.1960882623106691e-17,0,
48101,0,3,1,1,0.0461040374798826,0,
48109,1,2,1,1,0.0003811283422056956,0,
48117,0,6,1,1,0.029024765014539333,0,
48119,0,7,1,1,0.09304596379594982,0,
48123,0,9,1,1,0.06285880323827378,0,
48125,0,7,1,1,0.029421208575430645,0,
48127,1,6,1,1,0.08280767069795401,0,
48131,1,8,1,1,0.00787966927303816,0,
48133,0,9,1,1,0.129546373594343,0,
48135,0,8,1,1,0.831967200879124,1,
48139,0,20,1,1,0.3143181397835286,0,
48143,0,13,1,1,0.8835322228695994,1,
48145,1,17,1,1,0.28663275068576066,0,
48147,0,19,1,1,0.08886274553183235,0,
48149,0,15,1,1,0.0634884888314029,0,
48151,0,9,1,1,0.12307543347448056,0,
48159,0,7,1,1,0.07979312042491947,0,
48161,0,9,1,1,0.5895698269243685,1,
48169,1,4,1,1,0.026104216078242624,0,
48171,0,7,1,1,0.03790608196534631,0,
48177,0,14,1,1,0.010163478001461355,0,
48185,0,11,1,1,0.3011981191288563,0,
48193,0,10,1,1,0.054788489721601094,0,
48197,0,2,1,1,0.0719641766633754,0,
48199,0,12,1,1,0.07143609365446552,0,
48203,0,12,1,1,0.1910047763286558,0,
48207,0,11,1,1,0.14798114292470982,0,
48209,0,14,1,1,0.1772568369729593,0,
48217,0,19,1,1,0.2970904471580917,0,
48219,0,10,1,1,0.307268431330044,0,
48221,0,8,1,1,0.4675126791113985,0,
48223,0,13,1,1,0.19125177227204215,0,
48225,1,7,1,1,0.21001129749657083,0,
48227,0,5,1,1,0.4243770541417432,0,
48233,0,7,1,1,0.786489927432475,1,
48239,0,10,1,1,0.025209465803255497,0,
48241,0,9,1,1,0.11609333806130492,0,
48247,0,1,1,1,0.00872261975929479,0,
48249,1,8,1,1,0.026290826038628253,0,
48251,0,16,1,1,0.5145471629939204,1,
48255,1,8,1,1,0.24378599174249269,0,
48259,0,8,1,1,0.01813630235241475,0,
48261,0,2,1,1,0.1777473888691476,0,
48265,0,10,1,1,0.18383458779732523,0,
48269,0,2,1,1,0.036542836591779766,0,
48273,1,4,1,1,0.2343081763535086,0,
48275,0,6,1,1,0.09102525514027549,0,
48277,0,13,1,1,0.31668284066004504,0,
48281,0,6,1,1,0.04182528314038274,0,
48285,0,7,1,1,0.02608024386889572,0,
48287,0,9,1,1,0.030456128821461315,0,
48289,0,8,1,1,0.439837658394694,0,
48291,0,14,1,1,0.2365544421714451,0,
48293,0,14,1,1,0.41896892553967446,0,
48299,0,10,1,1,0.2489001874585326,0,
48303,0,25,1,1,0.9961530637588177,1,
48307,1,6,1,1,0.022900092064236894,0,
48313,0,5,1,1,0.2293931632317074,0,
48315,1,7,1,1,0.05761313939062013,0,
48317,0,8,1,1,0.3202107368365599,0,
48321,0,12,1,1,0.1586972466779686,0,
48323,1,3,1,1,0.17000678530674954,0,
48329,0,9,1,1,0.5868750550854808,1,
48331,0,13,1,1,0.20167418603434945,0,
48335,0,3,1,1,0.011262041830590593,0,
48337,0,10,1,1,0.37880314449683816,0,
48341,0,6,1,1,0.1685096027423684,0,
48343,0,7,1,1,0.3560246839646689,0,
48347,1,10,1,1,0.9982580328346111,1,
48349,0,17,1,1,0.5108005837452395,1,
48353,0,9,1,1,0.19139240335736524,0,
48361,0,4,1,1,0.5250900200563847,1,
48363,0,12,1,1,0.24308017367761625,0,
48365,0,13,1,1,0.10432236585309246,0,
48367,0,18,1,1,0.36345708080481887,0,
48371,0,6,1,1,0.025696008143729066,0,
48373,0,9,1,1,0.04963833808357826,0,
48375,0,16,1,1,0.8912190343415698,1,
48377,1,4,1,1,0.16906081545967103,0,
48381,0,15,1,1,0.3283384899716777,0,
48387,0,9,1,1,0.10734434149455538,0,
48389,1,4,1,1,0.0013735916938812237,0,
48391,0,5,1,1,0.006458861607595383,0,
48395,1,9,1,1,0.20100345036558298,0,
48397,0,9,1,1,0.2052776073051118,0,
48399,0,11,1,1,0.029527877274013542,0,
48401,0,16,1,1,0.24195452103764742,0,
48405,1,4,1,1,0.05165460048889703,0,
48407,0,8,1,1,0.25160570165520935,0,
48409,0,9,1,1,0.17791752222388119,0,
48411,0,7,1,1,0.011458342100267015,0,
48415,0,8,1,1,0.09253127930244669,0,
48419,0,7,1,1,0.10519163563829118,0,
48427,1,10,1,1,0.3063682204829885,0,
48429,0,8,1,1,0.12307617877534391,0,
48437,0,5,1,1,0.1283974670110391,0,
48441,0,17,1,1,0.6681193584542822,1,
48445,0,6,1,1,0.08495031774431493,0,
48449,0,6,1,1,0.2888854808604192,0,
48451,0,14,1,1,0.38459195707548693,0,
48455,0,7,1,1,0.18970672945182104,0,
48457,0,10,1,1,0.008078796890450685,0,
48459,0,12,1,1,0.2698079852532979,0,
48463,1,8,1,1,0.07023575669179093,0,
48465,1,5,1,1,0.009711357827337026,0,
48467,0,13,1,1,0.5776183635054368,1,
48469,0,12,1,1,0.33679460222295016,0,
48471,0,9,1,1,0.15283177047021512,0,
48473,0,11,1,1,0.44234416226727746,0,
48475,0,6,1,1,0.5758124028868146,1,
48477,0,7,1,1,0.27612400340052345,0,
48481,0,13,1,1,0.33982534303037726,0,
48487,0,6,1,1,0.5189101422961655,1,
48493,0,12,1,1,0.048401297794622294,0,
48495,0,2,1,1,0.2524389852831875,0,
48497,0,17,1,1,0.44209519877261544,0,
48499,0,12,1,1,0.2531724092624795,0,
48501,0,4,1,1,0.0025709974380313375,0,
48503,0,6,1,1,0.17697414843086928,0,
48505,1,5,1,1,0.0492589146714718,0,
48507,1,4,1,1,0.12343812876977071,0,
49003,0,20,1,1,0.21475544716134243,0,
49005,0,16,1,1,0.13344899354282583,0,
49011,0,13,1,1,0.35086106020362307,0,
49019,0,2,1,1,0.005166370389332308,0,
49021,0,10,1,1,0.051656282113895335,0,
49037,1,12,1,1,0.040082183688455134,0,
49039,0,15,1,1,0.072513650569458,0,
49041,0,12,1,1,0.19346271284787675,0,
49043,0,9,1,1,0.005492787458613672,0,
49057,0,9,1,1,0.5031424595247835,1,
50001,0,20,1,1,0.0028967696018052194,0,
50005,0,22,1,1,0.008454410215054272,0,
50007,0,21,1,1,0.1909533725563562,0,
50013,0,5,1,1,0.0190874974304971,0,
50017,0,31,1,1,0.008416053078866559,0,
50019,0,24,1,1,0.016033954373766476,0,
50021,0,29,1,1,0.007895575484002312,0,
50023,0,26,1,1,0.0037387635376592973,0,
50025,0,24,1,1,0.009226014039951774,0,
51003,0,24,1,1,0.009518816289057305,0,
51005,0,7,1,1,0.05151355301476808,0,
51007,0,5,1,1,0.006161409964220044,0,
51009,0,9,1,1,0.05001376068770391,0,
51013,0,11,1,1,0.05744267333933872,0,
51015,0,27,1,1,0.04705224547221987,0,
51019,0,18,1,1,0.025937570617250272,0,
51025,0,16,1,1,0.02484895984459118,0,
51027,1,16,1,1,0.1238209760174621,0,
51031,0,14,1,1,0.2016047529065942,0,
51036,0,4,1,1,0.014620305459941087,0,
51037,0,14,1,1,0.00021700903827948025,0,
51047,0,18,1,1,0.00857694802727084,0,
51051,1,12,1,1,0.12241183925456298,0,
51057,0,8,1,1,0.05087358570049723,0,
51061,0,24,1,1,0.0040255018199735525,0,
51063,0,11,1,1,0.00752216356278459,0,
51069,0,12,1,1,0.01876991573036004,0,
51073,0,6,1,1,0.01134657794426255,0,
51075,0,15,1,1,0.004380360637501624,0,
51079,0,5,1,1,0.018206353241813293,0,
51081,0,4,1,1,0.04698174756066974,0,
51083,0,14,1,1,0.039701562956381345,0,
51085,0,12,1,1,0.010571013140266022,0,
51087,0,16,1,1,0.17120186264085843,0,
51093,0,8,1,1,0.020173863977331702,0,
51095,0,4,1,1,0.011283098501120081,0,
51103,0,6,1,1,0.02142256443090343,0,
51105,1,11,1,1,0.11906109129716552,0,
51107,0,21,1,1,0.01838040787949219,0,
51111,0,12,1,1,0.026635333426366665,0,
51113,0,21,1,1,0.00025974538791453776,0,
51117,0,13,1,1,0.03548582526225654,0,
51119,0,12,1,1,0.026234626895709382,0,
51121,1,10,1,1,0.05400383053197861,0,
51127,0,6,1,1,0.0025385139717209932,0,
51131,1,11,1,1,0.012810677556484726,0,
51133,0,7,1,1,0.040081625806366754,0,
51135,0,7,1,1,0.1172937550017519,0,
51139,0,6,1,1,0.04930883432024434,0,
51141,0,14,1,1,0.02189100671261219,0,
51143,0,20,1,1,0.19029043734722084,0,
51145,0,5,1,1,0.9966537660919317,1,
51147,0,12,1,1,0.020566056651212965,0,
51149,0,7,1,1,0.15125057292016544,0,
51153,0,19,1,1,0.028354769541862022,0,
51159,0,5,1,1,0.027778910013716192,0,
51161,0,14,1,1,0.03839341887091799,0,
51171,0,14,1,1,0.039092701399550706,0,
51175,0,12,1,1,0.04086652837782137,0,
51177,0,13,1,1,0.013531463793040172,0,
51179,0,5,1,1,0.012099643094702257,0,
51185,0,18,1,1,0.15719326748429244,0,
51187,0,7,1,1,0.03200093104150769,0,
51191,0,10,1,1,0.046899475121175094,0,
51193,0,8,1,1,0.050693315110672,0,
51199,0,9,1,1,0.012896209983890933,0,
51510,0,8,1,1,0.13819404931329632,0,
51520,0,2,1,1,0.8354199489775495,1,
51550,0,6,1,1,0.05182701597235451,0,
51570,0,1,1,1,0.1266936927243098,0,
51590,0,2,1,1,0.5369692214807731,1,
51595,0,1,1,1,0.04988390566698752,0,
51630,0,3,1,1,0.4538765453890855,0,
51650,0,9,1,1,0.3817485952989866,0,
51660,0,3,1,1,0.05048114104358524,0,
51678,0,1,1,1,0.01998349974013339,0,
51680,0,5,1,1,0.22607484288334617,0,
51683,0,1,1,1,0.206199780880742,0,
51690,0,1,1,1,0.31873590453060674,0,
51700,0,8,1,1,0.28773439541583157,0,
51710,0,15,1,1,0.1432836109381013,0,
51730,0,2,1,1,0.32691757293418067,0,
51740,0,8,1,1,0.5082147344208534,1,
51750,1,2,1,1,1.0,1,
51770,0,10,1,1,0.7851319555005553,1,
51800,0,8,1,1,0.030971869054239456,0,
51840,0,1,1,1,0.5435058227550016,1,
53003,0,3,1,1,0.1698842644687206,0,
53005,0,12,1,1,0.40548163787188135,0,
53007,0,14,1,1,0.027141455112111253,0,
53015,0,11,1,1,0.06517541614938459,0,
53017,0,13,1,1,0.09169353053740176,0,
53021,0,7,1,1,0.3195544676673368,0,
53023,0,2,1,1,0.049881674720148254,0,
53025,0,18,1,1,0.24338140930534302,0,
53029,0,8,1,1,0.014276842247631934,0,
53031,0,9,1,1,0.012211647137749608,0,
53035,0,20,1,1,0.02199971274503177,0,
53041,0,23,1,1,0.03640897397756722,0,
53045,0,15,1,1,0.05017191052465719,0,
53047,1,22,1,1,0.09886393297620687,0,
53057,0,17,1,1,0.03730163383108104,0,
53059,0,8,1,1,0.013448582545710635,0,
53067,0,14,1,1,0.03785631495174417,0,
53071,0,8,1,1,0.14124997080132146,0,
53073,0,18,1,1,0.055714149754243165,0,
53077,0,22,1,1,0.4271903733513883,0,
54003,0,11,1,1,0.3881687855711088,0,
54005,0,31,1,1,0.0541133097746717,0,
54009,0,8,1,1,0.5671249175279951,1,
54011,0,13,1,1,0.3779476188009679,0,
54029,0,5,1,1,0.6577836763126762,1,
54035,0,15,1,1,0.06768495536632835,0,
54037,0,9,1,1,0.19986076803223193,0,
54039,0,46,1,1,0.44266868364946144,0,
54041,0,11,1,1,0.19692745152794583,0,
54049,0,18,1,1,0.20409858935282285,0,
54053,0,19,1,1,0.20285414176107744,0,
54059,1,18,1,1,0.23035017830682156,0,
54061,1,16,1,1,0.10748432522992776,0,
54065,0,4,1,1,0.04244709471363295,0,
54067,0,25,1,1,0.046715198489043326,0,
54069,0,6,1,1,0.24611120409620077,0,
54079,0,17,1,1,0.09603962474836349,0,
54081,0,42,1,1,0.19845729976002088,0,
54083,0,22,1,1,0.0029210456424150328,0,
54097,0,10,1,1,0.041379605151151876,0,
54099,0,17,1,1,0.46607138469096376,0,
54103,0,12,1,1,0.08693191145044148,0,
54107,0,13,1,1,0.6068540385544963,1,
55001,0,14,1,1,0.0421730238410769,0,
55005,0,19,1,1,0.011821230935236165,0,
55007,0,15,1,1,0.0017077066339245151,0,
55009,0,19,1,1,0.011420016307992734,0,
55015,0,14,1,1,0.07670401749622384,0,
55017,0,14,1,1,0.013938272673799547,0,
55021,0,20,1,1,0.021139418576684957,0,
55023,0,13,1,1,0.00530796081262464,0,
55027,0,31,1,1,0.047753031863716495,0,
55029,0,13,1,1,0.015144109144134325,0,
55031,0,12,1,1,0.006491833768742466,0,
55039,0,24,1,1,0.0752013121219265,0,
55043,0,23,1,1,0.03411690880122261,0,
55045,0,12,1,1,0.0020536821465284467,0,
55055,0,19,1,1,0.04157988578998481,0,
55057,0,14,1,1,0.025026164148119347,0,
55059,0,17,1,1,0.2522968478705778,0,
55061,0,6,1,1,0.027326552689959073,0,
55063,0,15,1,1,0.01861412815489847,0,
55065,0,14,1,1,0.01565225583148364,0,
55069,0,7,1,1,0.0007598266828181084,0,
55071,0,19,1,1,0.10569869570003676,0,
55073,0,28,1,1,0.0049403355720374475,0,
55075,0,16,1,1,0.013809106615131458,0,
55077,0,14,1,1,0.024471911892444024,0,
55078,1,4,1,1,0.02230009857414806,0,
55081,0,12,1,1,0.01087838224750666,0,
55083,0,19,1,1,0.006428533093684089,0,
55085,0,14,1,1,0.001321723129682702,0,
55087,0,24,1,1,0.08204608813140454,0,
55089,0,13,1,1,0.028329604907310426,0,
55095,0,20,1,1,0.005455222870838315,0,
55097,0,21,1,1,0.010851679972912948,0,
55099,0,14,1,1,0.0005357263205810081,0,
55103,0,14,1,1,0.01534232445812159,0,
55105,0,19,1,1,0.14078553870186125,0,
55111,0,17,1,1,0.015319897844395337,0,
55115,0,25,1,1,0.01294760769963463,0,
55117,0,17,1,1,0.0732794574904634,0,
55119,0,14,1,1,0.001520014316161509,0,
55121,0,14,1,1,0.0024933836451394176,0,
55123,0,18,1,1,0.0069499361827204745,0,
55125,0,12,1,1,0.001053037052410137,0,
55127,0,16,1,1,0.07041885147582068,0,
55131,0,18,1,1,0.022954773043983984,0,
55133,0,30,1,1,0.03059843441502732,0,
55135,0,16,1,1,0.004471700526977304,0,
55137,0,17,1,1,0.015527986277926443,0,
55139,0,18,1,1,0.009403134861872806,0,
55141,0,15,1,1,0.009139871357348915,0,
56001,0,10,1,1,0.002409180448897122,0,
56003,0,15,1,1,0.0003356581618334936,0,
56007,0,12,1,1,0.003949295628105984,0,
56009,0,4,1,1,0.0020037531388583094,0,
56013,0,11,1,1,0.009594254371393277,0,
56017,0,3,1,1,0.0047130788779713275,0,
56021,0,12,1,1,0.024788455817976555,0,
56025,0,11,1,1,0.019379947897462446,0,
56029,0,8,1,1,0.0005531074808150237,0,
56031,0,5,1,1,0.006770583125758194,0,
56033,0,9,1,1,0.0021439481235705094,0,
56035,0,6,1,1,0.0005060407747722416,0,
01001,0,10,1,2,0.10230768352832384,0,
01003,0,23,1,2,0.04815678807668899,0,
01009,0,17,1,2,0.06306985782854775,0,
01011,1,7,1,2,0.06891299397336523,0,
01015,0,14,1,2,0.17663639913282603,0,
01017,0,10,1,2,0.08168239650439475,0,
01019,0,11,1,2,0.22472005478531176,0,
01021,0,14,1,2,0.24572484619590473,0,
01025,1,10,1,2,0.01815096275967179,0,
01031,0,16,1,2,0.1077329561879761,0,
01033,0,9,1,2,0.1551410262293317,0,
01035,1,13,1,2,0.0015666046454516436,0,
01037,0,11,1,2,0.023444922507196563,0,
01039,0,13,1,2,0.06530498807978061,0,
01043,0,19,1,2,0.3156337484778512,0,
01045,0,14,1,2,0.20047103950195774,0,
01047,1,10,1,2,0.17573258612166787,0,
01051,0,13,1,2,0.03968417576226525,0,
01053,1,9,1,2,0.13043892385260136,0,
01055,0,14,1,2,0.3598224263315519,0,
01057,0,10,1,2,0.06202988650013109,0,
01059,0,10,1,2,0.18958152119237137,0,
01063,1,8,1,2,0.05062968831996515,0,
01065,1,9,1,2,0.04880613798970198,0,
01067,0,9,1,2,0.08412515199944481,0,
01069,0,14,1,2,0.3510598279194351,0,
01071,0,22,1,2,0.2454574748626037,0,
01075,0,9,1,2,0.05211258610521842,0,
01077,0,9,1,2,0.12018655722245013,0,
01079,0,10,1,2,0.1404896809730979,0,
01083,0,15,1,2,0.13678557152746262,0,
01085,1,8,1,2,0.03795560910191833,0,
01087,1,13,1,2,0.04826816085013357,0,
01089,0,25,1,2,0.04889083138056603,0,
01091,1,15,1,2,0.020763612879462025,0,
01093,0,12,1,2,0.12744477714281824,0,
01095,0,18,1,2,0.6570913565820546,1,
01099,1,17,1,2,0.0019654687861394462,0,
01101,0,24,1,2,0.2200227645331264,0,
01103,0,16,1,2,0.2619832614351996,0,
01105,1,9,1,2,0.08562192046838936,0,
01107,1,8,1,2,0.03695506061829213,0,
01109,1,9,1,2,0.9990750307289992,1,
01111,0,8,1,2,0.04649720833458061,0,
01113,0,12,1,2,0.16283214079902164,0,
01115,0,18,1,2,0.08243563668149778,0,
01119,1,11,1,2,0.037761270643376865,0,
01121,0,12,1,2,0.26557908335501923,0,
01123,0,12,1,2,0.044427880304900795,0,
01125,0,27,1,2,0.17072166003414435,0,
01127,0,18,1,2,0.5167585715284022,1,
01129,0,16,1,2,0.04915209229110096,0,
01131,1,13,1,2,6.81306485834899e-05,0,
01133,0,11,1,2,0.13961493032866604,0,
04009,1,10,1,2,0.274623266711639,0,
04023,1,9,1,2,0.08933591130348797,0,
05001,0,13,1,2,0.22281911236344895,0,
05003,0,7,1,2,0.1753061838383991,0,
05005,0,12,1,2,0.11996038690847637,0,
05009,0,9,1,2,0.06726111660605229,0,
05011,1,7,1,2,0.17468426047628666,0,
05015,0,9,1,2,0.05265941444878005,0,
05019,0,8,1,2,0.005305633424811005,0,
05021,0,13,1,2,0.08355737521182473,0,
05023,0,17,1,2,0.031945652643143606,0,
05025,0,7,1,2,0.06559371393647626,0,
05027,1,7,1,2,0.12748532912482513,0,
05029,0,15,1,2,0.2954499943406878,0,
05031,0,16,1,2,0.14096561722299464,0,
05033,0,11,1,2,0.22549622262641678,0,
05035,1,11,1,2,0.902505548033762,1,
05037,0,8,1,2,0.34985131874090303,0,
05039,0,6,1,2,0.04073622032663486,0,
05041,1,12,1,2,0.03675769743929995,0,
05043,0,9,1,2,0.06435493898036333,0,
05045,0,15,1,2,0.061540253929747595,0,
05047,0,13,1,2,0.11128923178040706,0,
05049,0,14,1,2,0.12246697339642175,0,
05051,0,10,1,2,0.20766953192839466,0,
05053,0,14,1,2,0.07900505015090767,0,
05055,0,9,1,2,0.07668962591990723,0,
05057,1,10,1,2,0.15025249169126512,0,
05059,0,12,1,2,0.35739241788817666,0,
05061,0,8,1,2,0.1572317238999008,0,
05063,0,20,1,2,0.11398402844736116,0,
05067,0,11,1,2,0.2614237048845784,0,
05069,1,17,1,2,0.4649964926679199,0,
05071,0,12,1,2,0.0003118148325258179,0,
05073,1,6,1,2,0.050411541061602935,0,
05075,0,14,1,2,0.17476853720554153,0,
05077,1,11,1,2,0.2111474836789328,0,
05079,0,8,1,2,0.15232401269114382,0,
05081,0,7,1,2,0.02757364849852865,0,
05083,0,12,1,2,0.11052191945914502,0,
05085,0,11,1,2,0.17241099232949297,0,
05087,0,13,1,2,0.06018932285768583,0,
05091,0,6,1,2,0.33357870091384645,0,
05093,1,15,1,2,0.8297064192999428,1,
05095,1,9,1,2,0.372661589352002,0,
05097,0,9,1,2,0.08385522385685296,0,
05099,1,10,1,2,0.015312507558229393,0,
05101,1,20,1,2,9.712234081074282e-05,0,
05103,0,8,1,2,0.17457521092800302,0,
05105,0,8,1,2,0.0593237423716198,0,
05107,1,12,1,2,0.7379753679056706,1,
05111,1,10,1,2,0.15529919483459959,0,
05113,0,7,1,2,0.3254163494392379,0,
05115,0,13,1,2,0.3551591125238027,0,
05117,0,11,1,2,0.07739825587566758,0,
05121,0,11,1,2,0.12889946555344015,0,
05123,1,13,1,2,0.6355496659144991,1,
05125,0,14,1,2,0.12003164303256278,0,
05127,0,10,1,2,0.215191746839598,0,
05129,1,10,1,2,0.028890249888555295,0,
05133,0,7,1,2,0.430088276925012,0,
05135,0,13,1,2,0.06181218891153792,0,
05139,0,10,1,2,0.1472206059682331,0,
05141,0,12,1,2,0.03396663793071462,0,
05145,0,17,1,2,0.4525304357768827,0,
05147,1,9,1,2,0.11072971831592057,0,
05149,0,13,1,2,0.4057146296486882,0,
06005,0,12,1,2,0.08900537517507459,0,
06007,0,18,1,2,0.7457321387879223,1,
06009,0,20,1,2,0.050002722616495396,0,
06011,0,9,1,2,0.2714873108004874,0,
06015,0,4,1,2,0.05570054512401537,0,
06017,0,23,1,2,0.04133762121193524,0,
06021,0,7,1,2,0.7998567510835239,1,
06023,0,36,1,2,0.06258240275339849,0,
06027,0,11,1,2,0.05638936180695624,0,
06031,0,12,1,2,0.8529001719809778,1,
06033,0,15,1,2,0.5639930542466437,1,
06035,0,17,1,2,0.0075647539868877985,0,
06041,0,29,1,2,0.0013230364487444857,0,
06043,0,13,1,2,0.05052017718078674,0,
06045,0,29,1,2,0.002219270439001066,0,
06055,0,12,1,2,0.030171024536001036,0,
06057,0,12,1,2,0.057046888009794405,0,
06063,0,17,1,2,0.03143041600876207,0,
06069,0,7,1,2,0.1155556390950996,0,
06079,0,26,1,2,0.012801451491754488,0,
06083,0,24,1,2,0.07198018579630511,0,
06087,0,17,1,2,0.029997433850137607,0,
06093,0,23,1,2,0.19376492940498485,0,
06097,0,37,1,2,0.007021389249814463,0,
06101,0,13,1,2,0.7659963347232553,1,
06103,0,15,1,2,0.6988476701272328,1,
06109,0,16,1,2,0.12461076058306195,0,
06113,0,19,1,2,0.43883787238057037,0,
06115,0,17,1,2,0.6407920585420258,1,
08001,0,35,1,2,0.6357773966052069,1,
08005,0,33,1,2,0.2817914008528102,0,
08007,0,5,1,2,0.0009963343287079575,0,
08009,0,8,1,2,0.14035886839628542,0,
08013,0,22,1,2,0.8909465507447917,1,
08014,0,6,1,2,0.08669017401788692,0,
08035,0,18,1,2,0.031165325778084372,0,
08037,0,13,1,2,0.03165412587737934,0,
08043,0,11,1,2,0.1167565658792832,0,
08045,0,8,1,2,0.03259087473807548,0,
08055,0,4,1,2,0.008250118224463227,0,
08059,0,33,1,2,0.086452452341153,0,
08067,0,6,1,2,0.0044456728840892995,0,
08069,0,24,1,2,0.1756713329148172,0,
08077,0,19,1,2,0.7094379664601085,1,
08081,0,5,1,2,0.07291647924877742,0,
08087,0,10,1,2,0.2008127333024058,0,
08099,0,6,1,2,0.04854172219973354,0,
08101,0,15,1,2,0.478900711276611,0,
08107,0,9,1,2,0.0014977796596209899,0,
08109,1,8,1,2,0.016801250170575707,0,
08113,0,7,1,2,0.0010478624497154787,0,
08121,0,12,1,2,0.007194735534131299,0,
08123,0,41,1,2,0.4066532126979442,0,
09001,0,46,1,2,0.08077888737560622,0,
09003,0,58,1,2,0.28941861963650023,0,
09005,0,40,1,2,0.013599590193170948,0,
09007,0,24,1,2,0.0405823216033173,0,
09009,0,41,1,2,0.16520971293396639,0,
09011,0,31,1,2,0.16185057710802306,0,
09015,0,31,1,2,0.06566021399537543,0,
10001,0,18,1,2,0.11207169212091372,0,
10005,0,24,1,2,0.16510362444864787,0,
12001,1,23,1,2,0.03846192420496745,0,
12003,0,5,1,2,0.03574062795558136,0,
12005,0,16,1,2,0.26260326809088824,0,
12015,0,17,1,2,0.21138775071706684,0,
12017,0,15,1,2,0.11100703001219853,0,
12019,0,12,1,2,0.09097223554963436,0,
12023,0,8,1,2,0.11023578653360636,0,
12033,0,18,1,2,0.09920658426624733,0,
12035,0,7,1,2,0.1147356270281854,0,
12039,0,7,1,2,0.18688107815554475,0,
12041,0,5,1,2,0.12791827108687087,0,
12043,0,5,1,2,0.4582200867670686,0,
12049,1,4,1,2,0.2335462926343022,0,
12051,0,6,1,2,0.4898016022508667,0,
12053,0,12,1,2,0.5769578913922674,1,
12055,0,9,1,2,0.16899884979769608,0,
12059,0,4,1,2,0.12999271157195366,0,
12061,0,9,1,2,0.128697644441649,0,
12063,0,14,1,2,0.09131621134531892,0,
12065,0,4,1,2,0.042896001486313576,0,
12073,0,10,1,2,0.04038053762362094,0,
12075,0,13,1,2,0.1398754442434661,0,
12079,1,5,1,2,0.06042869005429336,0,
12083,0,31,1,2,0.14145195789441173,0,
12085,0,12,1,2,0.13515022000136803,0,
12087,0,11,1,2,0.06788411371523373,0,
12089,0,6,1,2,0.021755957002489924,0,
12091,0,14,1,2,0.05163848150512963,0,
12097,0,17,1,2,0.3213132435613359,0,
12101,0,31,1,2,0.5235873780656252,1,
12107,1,17,1,2,0.3117459536087733,0,
12109,0,12,1,2,0.0228525668016804,0,
12111,0,17,1,2,0.31300308305263846,0,
12113,0,9,1,2,0.055699177478003806,0,
12117,0,17,1,2,0.13885286834193822,0,
12119,0,11,1,2,0.08268645366565879,0,
12121,0,9,1,2,0.11453640253966946,0,
12129,0,4,1,2,0.032003393807811566,0,
12131,0,12,1,2,0.05134450669764878,0,
12133,0,10,1,2,0.36280720157705193,0,
13001,0,7,1,2,0.40473048375364823,0,
13003,1,5,1,2,0.2664265656513169,0,
13005,1,3,1,2,0.3084033198789975,0,
13009,0,6,1,2,0.9995588311125976,1,
13013,0,8,1,2,0.044298000804982175,0,
13015,0,14,1,2,0.2677622656514241,0,
13017,1,4,1,2,0.15917660683534826,0,
13019,0,6,1,2,0.10594545872647866,0,
13021,0,12,1,2,0.7595562358788114,1,
13023,0,6,1,2,0.09692902185376076,0,
13025,0,6,1,2,0.15695766797284522,0,
13031,1,11,1,2,0.343574777491713,0,
13033,1,9,1,2,0.11809799140874253,0,
13035,0,5,1,2,0.5563571972515783,1,
13039,0,8,1,2,0.029030921983658427,0,
13043,0,4,1,2,0.3848331212121711,0,
13045,0,11,1,2,0.9463438095776404,1,
13055,0,6,1,2,0.15000898893865341,0,
13057,0,15,1,2,0.04428566217037458,0,
13059,1,9,1,2,0.5835333649737366,1,
13063,0,16,1,2,0.5824111918293975,1,
13069,0,10,1,2,0.19695101890344238,0,
13071,0,13,1,2,0.3741853537814356,0,
13073,0,7,1,2,0.004639299472674322,0,
13075,1,5,1,2,0.2826146747910391,0,
13077,0,10,1,2,0.10357988523142875,0,
13083,0,5,1,2,0.06174076754096343,0,
13085,0,5,1,2,0.03076595160903261,0,
13087,1,8,1,2,0.15399444530456693,0,
13093,1,8,1,2,0.09148558443634144,0,
13095,1,6,1,2,0.2913973958714319,0,
13097,0,8,1,2,0.25448450888662344,0,
13101,0,6,1,2,0.07522262606734063,0,
13103,0,8,1,2,0.006047148095844224,0,
13107,1,13,1,2,0.20440646461506434,0,
13109,1,6,1,2,0.3937792398492785,0,
13111,0,8,1,2,0.015371905146664294,0,
13113,0,8,1,2,0.031938469571231205,0,
13115,0,13,1,2,0.24135604149998266,0,
13119,0,10,1,2,0.25817637169063845,0,
13127,0,8,1,2,0.003584750721172045,0,
13129,0,8,1,2,0.27595443718210766,0,
13137,0,7,1,2,0.366144930529396,0,
13139,0,19,1,2,0.2195979885159321,0,
13149,0,6,1,2,0.05900699310050767,0,
13151,0,11,1,2,0.17477271147238127,0,
13153,0,12,1,2,0.14359078137547335,0,
13155,0,7,1,2,0.12522313961548798,0,
13157,0,16,1,2,0.035205669130640965,0,
13163,1,9,1,2,0.16576215619326115,0,
13165,1,5,1,2,0.27534048363696384,0,
13167,1,5,1,2,0.046442888291439596,0,
13169,0,8,1,2,0.06999263885049767,0,
13175,0,15,1,2,0.1135817181759872,0,
13179,0,9,1,2,1.192703678708036e-09,0,
13189,0,4,1,2,0.11121148268597508,0,
13191,0,4,1,2,0.007651347434115207,0,
13193,1,10,1,2,0.025959069791907808,0,
13195,0,11,1,2,0.11553690326098845,0,
13197,1,4,1,2,0.04934031879012566,0,
13215,0,11,1,2,0.19957139413474317,0,
13217,0,11,1,2,0.3356982341893901,0,
13219,0,8,1,2,0.012325002280073235,0,
13223,0,11,1,2,0.12499216272130119,0,
13225,1,3,1,2,0.17508500997548776,0,
13227,0,9,1,2,0.03027827946397934,0,
13233,0,8,1,2,0.4354157686194356,0,
13235,0,5,1,2,0.01708728303131471,0,
13237,0,5,1,2,0.06576773003955741,0,
13247,0,9,1,2,0.34756436751127173,0,
13253,1,4,1,2,0.11831005476620393,0,
13257,0,5,1,2,0.24599960980025184,0,
13261,1,8,1,2,0.10155044288618591,0,
13267,1,6,1,2,0.08523517581395798,0,
13273,1,7,1,2,0.139549874904641,0,
13275,0,9,1,2,0.03042388489843812,0,
13277,0,9,1,2,0.17522615704193506,0,
13279,1,3,1,2,0.18437759244925067,0,
13281,0,3,1,2,0.0027444572318394917,0,
13285,0,7,1,2,0.09423676431611569,0,
13287,1,4,1,2,0.2076926133039808,0,
13291,0,4,1,2,0.032136862153199476,0,
13293,0,7,1,2,0.29174909664438464,0,
13295,0,14,1,2,0.10707735169260772,0,
13297,0,11,1,2,0.20679160654355158,0,
13299,1,7,1,2,0.31515116986666114,0,
13301,1,9,1,2,0.024346954122100483,0,
13303,1,10,1,2,0.023647523633865145,0,
13305,0,6,1,2,0.103475689642085,0,
13309,1,4,1,2,0.01785607599461567,0,
13313,0,8,1,2,0.3395779311948526,0,
13315,1,8,1,2,0.09767296268642356,0,
13317,0,5,1,2,0.017820200144300292,0,
16001,0,17,1,2,0.0087292752003582,0,
16011,0,11,1,2,0.0005019787889765121,0,
16013,0,8,1,2,0.008773798261015426,0,
16017,0,18,1,2,0.010312637274539398,0,
16019,0,14,1,2,0.0036941492383238466,0,
16025,0,2,1,2,0.03753313139783209,0,
16031,0,9,1,2,0.13451704531877975,0,
16035,0,7,1,2,0.0008063742562627553,0,
16039,0,7,1,2,0.0027753808758646525,0,
16041,0,7,1,2,0.007421644745205993,0,
16045,0,7,1,2,0.011636092349615861,0,
16047,0,6,1,2,0.10188692945166775,0,
16055,0,13,1,2,0.04518627364098833,0,
16059,0,10,1,2,0.005643817385804955,0,
16069,0,10,1,2,0.003116347814053288,0,
16073,0,12,1,2,0.0796108425738103,0,
16075,0,7,1,2,0.030247983205519947,0,
16079,0,15,1,2,0.00023345261517676469,0,
16081,0,5,1,2,0.00037005160086568374,0,
16083,0,10,1,2,0.14062643935268726,0,
16087,0,5,1,2,0.013618744273768123,0,
17001,0,23,1,2,0.04120714217161583,0,
17003,1,8,1,2,0.2641448325943945,0,
17007,0,15,1,2,0.18323635319002107,0,
17011,0,30,1,2,0.06399993624042653,0,
17013,0,7,1,2,0.0053478238164829895,0,
17017,0,7,1,2,0.06502112224868747,0,
17019,0,35,1,2,0.3159803892349329,0,
17021,0,20,1,2,0.07519357386378328,0,
17025,0,13,1,2,0.18130811464759722,0,
17027,0,17,1,2,0.03632146318677416,0,
17033,0,10,1,2,0.09116521738320618,0,
17039,0,13,1,2,0.09747478330434609,0,
17041,0,13,1,2,0.10773983069330208,0,
17043,0,43,1,2,0.09254065951450662,0,
17045,0,15,1,2,0.031534855097187175,0,
17049,0,15,1,2,0.05652658411791767,0,
17053,0,21,1,2,0.11425292091618913,0,
17055,0,19,1,2,0.14869403222752256,0,
17057,0,24,1,2,0.05225706533609138,0,
17059,0,9,1,2,0.10454477097859928,0,
17063,0,16,1,2,0.08531927123298604,0,
17073,0,23,1,2,0.033863877778464835,0,
17075,0,25,1,2,0.10733666207146098,0,
17081,0,17,1,2,0.16269600162402573,0,
17087,0,10,1,2,0.029548874042323335,0,
17091,0,21,1,2,0.4143087114808293,0,
17093,0,19,1,2,0.11670978611740301,0,
17095,0,22,1,2,0.11925364739824967,0,
17097,0,35,1,2,0.17398373887582613,0,
17099,0,28,1,2,0.2868022102837806,0,
17103,0,24,1,2,0.1035506750315806,0,
17105,0,29,1,2,0.15495978213311876,0,
17107,0,20,1,2,0.06762978201777334,0,
17109,0,17,1,2,0.1956763325050234,0,
17111,0,24,1,2,0.10813955214958665,0,
17113,0,33,1,2,0.18212943902861828,0,
17115,0,27,1,2,0.3422310506497173,0,
17117,0,28,1,2,0.20709078365217579,0,
17121,0,15,1,2,0.1906092347159571,0,
17123,0,19,1,2,0.035153664190389095,0,
17125,0,11,1,2,0.03486778267093848,0,
17127,0,8,1,2,0.14091626942963356,0,
17133,0,9,1,2,0.024163285322376233,0,
17137,0,16,1,2,0.09632334818589952,0,
17141,0,27,1,2,0.10568229506722943,0,
17149,0,16,1,2,0.02370526303962067,0,
17157,0,18,1,2,0.07622254145658028,0,
17159,0,9,1,2,0.11911975290075172,0,
17161,0,20,1,2,0.1593789802161252,0,
17165,0,11,1,2,0.20060784519820918,0,
17167,0,29,1,2,0.14198524951943395,0,
17171,0,9,1,2,0.04544862435958228,0,
17173,0,22,1,2,0.036417585783442924,0,
17179,0,21,1,2,0.0515213378841971,0,
17181,0,13,1,2,0.028487763598583828,0,
17183,0,27,1,2,0.3625815372976102,0,
17187,0,14,1,2,0.12601252814768515,0,
17189,0,13,1,2,0.029676981977692196,0,
17193,0,11,1,2,0.02312533290995842,0,
17199,0,22,1,2,0.04657344868509342,0,
17201,0,26,1,2,0.28518007778866666,0,
17203,0,16,1,2,0.022072059359724134,0,
18001,0,8,1,2,0.7139902275163101,1,
18003,0,33,1,2,0.4680963714466714,0,
18005,0,14,1,2,0.02306013404547142,0,
18009,0,7,1,2,0.35574269864558944,0,
18011,0,12,1,2,0.04664093328362906,0,
18013,0,9,1,2,0.003496563290073234,0,
18017,0,12,1,2,0.6049532262539982,1,
18019,0,15,1,2,0.2684539657047285,0,
18021,0,17,1,2,0.14403079656036663,0,
18023,0,12,1,2,0.5864927544268593,1,
18029,0,9,1,2,0.07064094577763366,0,
18035,0,21,1,2,0.7062637383690016,1,
18037,0,13,1,2,0.03286730342396199,0,
18039,0,17,1,2,0.6861415541536823,1,
18043,0,10,1,2,0.19200631811477933,0,
18047,0,15,1,2,0.05467485467556778,0,
18051,0,16,1,2,0.17957065184464444,0,
18053,0,15,1,2,0.6678787256333483,1,
18055,0,16,1,2,0.15800187509512856,0,
18059,0,15,1,2,0.15276138802350508,0,
18061,0,16,1,2,0.019732049184037027,0,
18063,0,19,1,2,0.07099187700021017,0,
18067,0,10,1,2,0.514019091901834,1,
18069,0,9,1,2,0.1960987964719056,0,
18071,0,8,1,2,0.019230910088994222,0,
18073,0,13,1,2,0.3190175967025334,0,
18079,0,13,1,2,0.03105606347671543,0,
18081,0,12,1,2,0.08913575091118582,0,
18083,0,11,1,2,0.4561734948775501,0,
18085,0,21,1,2,0.29049768368935214,0,
18087,0,12,1,2,0.7220238649410048,1,
18091,0,15,1,2,0.6083357537901083,1,
18093,0,12,1,2,0.06703482610659445,0,
18095,0,18,1,2,0.538390645674834,1,
18101,0,7,1,2,0.06353924586371579,0,
18105,0,18,1,2,0.9999999999479424,1,
18107,0,16,1,2,0.22631409725795737,0,
18109,0,14,1,2,0.15447513525494616,0,
18117,0,11,1,2,0.047500878039823974,0,
18123,0,14,1,2,0.0027829092744715133,0,
18127,0,15,1,2,0.2796257280150677,0,
18129,0,7,1,2,0.042675525423795456,0,
18133,0,15,1,2,0.16161354007040296,0,
18139,0,16,1,2,0.35245284924847536,0,
18141,0,24,1,2,0.6689997786380528,1,
18143,0,6,1,2,0.0574491326767981,0,
18145,0,17,1,2,0.23977452508368294,0,
18147,0,16,1,2,0.05515341674907635,0,
18149,0,11,1,2,0.5472171360003367,1,
18153,0,13,1,2,0.24451898264303704,0,
18157,0,18,1,2,0.5809036831811563,1,
18163,0,11,1,2,0.593858872796266,1,
18167,0,18,1,2,0.9948332766911581,1,
18169,0,14,1,2,0.2755264005814716,0,
18173,0,12,1,2,0.0411393933916884,0,
18175,0,12,1,2,0.016581193262802038,0,
18177,0,17,1,2,0.6425991308355465,1,
19003,0,9,1,2,0.004355933227781687,0,
19007,0,11,1,2,0.008476103508223833,0,
19009,0,11,1,2,0.002652475882829076,0,
19011,0,24,1,2,0.009098127539897768,0,
19013,0,17,1,2,0.2721948832866899,0,
19015,0,18,1,2,0.05350230006943543,0,
19021,0,13,1,2,0.06399819398897551,0,
19023,0,16,1,2,0.0031279943396761295,0,
19027,0,16,1,2,0.0016546180732590048,0,
19031,0,18,1,2,0.006566597105845508,0,
19037,0,9,1,2,0.012760829413837209,0,
19039,0,9,1,2,0.007175917477225766,0,
19041,0,15,1,2,0.013953776364039728,0,
19045,0,20,1,2,0.03970660818090666,0,
19049,0,25,1,2,0.008319743155381082,0,
19057,0,12,1,2,0.05904131550253069,0,
19061,0,19,1,2,0.0458140724354415,0,
19067,0,13,1,2,0.016055888106383472,0,
19071,0,11,1,2,0.0019513708999510417,0,
19077,0,18,1,2,0.0009722590797887605,0,
19079,0,15,1,2,0.0038582753299501293,0,
19087,0,11,1,2,0.014642800828588709,0,
19095,0,21,1,2,0.003284277284260442,0,
19097,0,14,1,2,0.0076935332077595515,0,
19099,0,19,1,2,0.0022103670985785646,0,
19103,0,24,1,2,0.7022062581001188,1,
19105,0,16,1,2,0.009533222039833289,0,
19109,0,21,1,2,0.008306068301885416,0,
19111,0,12,1,2,0.017460340247428218,0,
19113,0,29,1,2,0.036752617485985524,0,
19121,0,14,1,2,0.0008073404581673496,0,
19123,0,20,1,2,0.0044237707663144134,0,
19127,0,21,1,2,0.035597045287555806,0,
19129,0,11,1,2,0.001770715654473713,0,
19133,0,15,1,2,0.0014028605712697322,0,
19145,0,12,1,2,0.001470554764751433,0,
19149,0,14,1,2,0.020712520912513153,0,
19151,0,16,1,2,0.020164480222181598,0,
19155,0,24,1,2,0.018714028259872388,0,
19157,0,17,1,2,0.001457804787955607,0,
19161,0,16,1,2,0.008140611292134864,0,
19163,0,22,1,2,0.0701345571815118,0,
19169,0,22,1,2,0.048097792489267766,0,
19179,0,12,1,2,0.036909203938880565,0,
19181,0,19,1,2,0.0030758776796074305,0,
19187,0,22,1,2,0.09854601258755413,0,
19193,0,25,1,2,0.07638882378618057,0,
19197,0,16,1,2,0.01524870503773939,0,
20001,0,11,1,2,0.04228807285162046,0,
20005,0,10,1,2,0.009322494218503598,0,
20009,0,10,1,2,0.03190804418780477,0,
20011,0,13,1,2,0.00955275713003442,0,
20015,0,20,1,2,0.010379829879025202,0,
20019,0,10,1,2,0.009943650676554262,0,
20021,0,13,1,2,0.005804286219644589,0,
20027,0,10,1,2,0.00031446473303882406,0,
20029,0,8,1,2,0.014597021735333487,0,
20035,0,14,1,2,0.08226148780922789,0,
20037,0,15,1,2,0.03494892965009969,0,
20039,0,8,1,2,0.001229804309972478,0,
20041,0,12,1,2,0.010652650279222253,0,
20045,0,12,1,2,0.7901840893825243,1,
20047,0,7,1,2,0.002771727580116242,0,
20051,0,11,1,2,0.012461375387416592,0,
20055,0,7,1,2,0.009678152618543162,0,
20057,0,10,1,2,0.024018926290669596,0,
20059,0,13,1,2,0.013779648871136703,0,
20061,0,8,1,2,0.23616802443368984,0,
20067,0,3,1,2,0.006486239244299956,0,
20073,0,11,1,2,0.006220171732699808,0,
20079,0,13,1,2,0.02068236451709024,0,
20083,0,8,1,2,0.0014120195862499917,0,
20085,0,18,1,2,0.0011863160948463567,0,
20087,0,15,1,2,0.01374265182973778,0,
20095,0,12,1,2,0.0006860226693449737,0,
20097,0,7,1,2,0.0020255733776929526,0,
20099,0,13,1,2,0.03857367038247322,0,
20103,0,13,1,2,0.01496779507861824,0,
20111,0,12,1,2,0.20210181443833067,0,
20113,0,12,1,2,0.007454415473038648,0,
20121,0,11,1,2,0.0008342925678811995,0,
20125,0,13,1,2,0.17169376353884963,0,
20127,0,9,1,2,0.01663761765477539,0,
20129,0,5,1,2,0.007324455923607871,0,
20133,0,11,1,2,0.06251042628672282,0,
20135,0,9,1,2,0.00018252536663176282,0,
20139,0,15,1,2,0.018518534576608233,0,
20147,0,9,1,2,0.0003074879356596361,0,
20149,0,12,1,2,0.06608700796183377,0,
20155,0,22,1,2,0.03187109045519572,0,
20159,0,13,1,2,0.003909721788698738,0,
20161,1,14,1,2,1.7280049506439536e-10,0,
20163,0,10,1,2,0.0008031354235551576,0,
20167,0,11,1,2,0.005944132876467155,0,
20169,0,9,1,2,0.07896428646787146,0,
20175,0,6,1,2,0.061296982507723655,0,
20179,0,11,1,2,0.0011227021444095097,0,
20201,0,15,1,2,2.2112027904897878e-06,0,
20205,0,10,1,2,0.0854757566396253,0,
21001,0,10,1,2,0.14933982218592598,0,
21003,0,6,1,2,0.11304495499217937,0,
21009,0,11,1,2,0.3488495811264017,0,
21011,1,8,1,2,0.14803632618642515,0,
21013,1,11,1,2,0.2675735599071882,0,
21015,0,9,1,2,0.21510807681133476,0,
21019,0,4,1,2,0.6536000681021485,1,
21021,0,5,1,2,0.1888219514601578,0,
21023,0,7,1,2,0.12339085482107182,0,
21027,0,18,1,2,0.06397174470905191,0,
21029,0,11,1,2,0.5127977684207138,1,
21033,0,6,1,2,0.039143797832032465,0,
21037,0,10,1,2,0.2776558304467017,0,
21041,0,8,1,2,0.6872508207686205,1,
21047,0,15,1,2,0.3151637510207014,0,
21049,0,4,1,2,0.1848299632596724,0,
21051,1,10,1,2,0.28932062308403794,0,
21057,1,3,1,2,0.08074807169146367,0,
21059,0,10,1,2,0.6578441296634635,1,
21061,0,12,1,2,0.07607449059542754,0,
21063,1,6,1,2,0.20461321606551824,0,
21067,0,17,1,2,0.16042168845308186,0,
21069,0,7,1,2,0.23459719423426875,0,
21071,1,33,1,2,0.32292991886077066,0,
21073,0,5,1,2,0.07291032170055989,0,
21075,1,3,1,2,0.16844395276421092,0,
21077,0,6,1,2,0.4701669761441712,0,
21079,0,5,1,2,0.1519607831632605,0,
21081,0,8,1,2,0.17383721079720665,0,
21083,0,18,1,2,0.395809722012188,0,
21085,0,9,1,2,0.12334145464255322,0,
21093,0,17,1,2,0.20281644474637717,0,
21097,0,6,1,2,0.08300191757021756,0,
21099,1,10,1,2,0.23458194920512077,0,
21101,0,8,1,2,0.7356461877057007,1,
21103,0,13,1,2,0.08398012286631407,0,
21105,0,7,1,2,0.08645693992795954,0,
21107,0,13,1,2,0.27672074847516576,0,
21113,0,4,1,2,0.19614302468509454,0,
21115,1,19,1,2,0.21989158940222342,0,
21117,0,12,1,2,0.3631005462308287,0,
21119,1,24,1,2,0.20558584775720393,0,
21121,1,19,1,2,0.0007358052170801732,0,
21125,1,8,1,2,0.3478349357440007,0,
21127,1,10,1,2,0.2949368660669805,0,
21133,1,26,1,2,0.17544765778099922,0,
21137,1,11,1,2,0.04602624298646776,0,
21141,0,7,1,2,0.11992489566932533,0,
21145,0,7,1,2,0.7452348501210406,1,
21149,0,7,1,2,0.10373656171640805,0,
21151,0,5,1,2,0.4802818258032291,0,
21153,1,4,1,2,0.12680770265453983,0,
21159,1,9,1,2,0.10974988296531266,0,
21161,0,5,1,2,0.30325429778538043,0,
21163,0,12,1,2,0.11303247640833584,0,
21167,0,5,1,2,0.08746735905051313,0,
21171,1,6,1,2,3.6830922197297555e-11,0,
21173,0,5,1,2,0.2542671975756227,0,
21175,1,8,1,2,0.09692617393903695,0,
21179,0,9,1,2,0.03401990032910946,0,
21183,0,16,1,2,0.09113215081056782,0,
21185,0,11,1,2,0.02880200109770037,0,
21191,0,10,1,2,0.1064497623297686,0,
21195,1,39,1,2,0.07357273322022356,0,
21197,1,4,1,2,0.26295147879401176,0,
21199,0,11,1,2,0.4503464024639777,0,
21201,1,7,1,2,0.056076220931730744,0,
21203,1,7,1,2,0.15657781546182875,0,
21205,1,4,1,2,0.019889265058619134,0,
21207,1,7,1,2,0.33237218959713677,0,
21209,0,6,1,2,0.05908922785451727,0,
21211,0,14,1,2,0.19955517019302857,0,
21217,0,6,1,2,0.1359994526872912,0,
21221,0,5,1,2,0.012212287702833424,0,
21225,0,5,1,2,0.2769158270874138,0,
21227,0,9,1,2,0.08220838053014184,0,
21231,1,5,1,2,0.3389843055135423,0,
21235,1,7,1,2,0.21231075145414413,0,
21237,1,5,1,2,0.166467602326023,0,
21239,0,3,1,2,0.030069816529124244,0,
22001,1,15,1,2,0.6437977632904381,1,
22003,0,13,1,2,0.05669401972104835,0,
22005,0,8,1,2,0.2346361033319051,0,
22009,1,15,1,2,0.16805590601039322,0,
22011,0,9,1,2,0.03711994194087373,0,
22013,1,13,1,2,0.08928642321753663,0,
22019,0,16,1,2,0.68046965597558,1,
22021,0,4,1,2,0.11038891208597887,0,
22023,0,8,1,2,0.6894710035302559,1,
22027,1,11,1,2,0.26237298565128814,0,
22031,0,10,1,2,0.007965126643566772,0,
22039,1,12,1,2,0.43955737520185156,0,
22041,1,7,1,2,0.3229943287370183,0,
22043,0,8,1,2,0.015367374343514477,0,
22045,1,10,1,2,0.527137874978115,1,
22047,0,8,1,2,0.4565452446220686,0,
22049,0,7,1,2,0.0694341612981029,0,
22053,0,10,1,2,0.33448121923975416,0,
22055,0,16,1,2,0.19374239536718776,0,
22057,0,14,1,2,0.34835606666335206,0,
22063,0,17,1,2,0.2785886558662306,0,
22065,1,4,1,2,0.4486008141818759,0,
22069,1,16,1,2,0.0623183347186937,0,
22077,0,17,1,2,0.14212517194571633,0,
22079,0,27,1,2,0.24602944734947071,0,
22083,1,6,1,2,0.43181182848904603,0,
22087,0,6,1,2,0.9247170437503354,1,
22089,0,10,1,2,0.10087099749888404,0,
22093,0,7,1,2,0.3184560734892304,0,
22095,0,6,1,2,0.41282699533119827,0,
22099,0,8,1,2,0.30603730787734806,0,
22101,1,8,1,2,0.38851334708097207,0,
22103,0,17,1,2,0.07775301407649603,0,
22105,1,20,1,2,0.8433606978044921,1,
22107,1,4,1,2,0.01484755720763734,0,
22109,0,13,1,2,0.48786058509910557,0,
22111,0,10,1,2,0.0325965573515729,0,
22113,0,12,1,2,0.1902955797055473,0,
22115,0,13,1,2,0.06315750819824885,0,
22117,1,6,1,2,0.22598706061581564,0,
22119,1,12,1,2,0.36653306959974175,0,
22121,0,5,1,2,0.2870532581205453,0,
22123,1,4,1,2,0.14476186045236047,0,
22127,1,12,1,2,0.038193695401581365,0,
23001,0,14,1,2,0.0848851378178681,0,
23005,0,38,1,2,0.008698361763501562,0,
23007,0,18,1,2,0.026155459494331387,0,
23009,0,40,1,2,0.003055086600456888,0,
23011,0,27,1,2,0.023379808371160948,0,
23013,0,19,1,2,0.030995191100250973,0,
23017,0,33,1,2,0.0278960532386809,0,
23019,0,47,1,2,0.3717843243436807,0,
23021,0,16,1,2,0.008100648352759343,0,
23025,0,24,1,2,0.1066828559201467,0,
23027,0,18,1,2,0.007315542284758512,0,
23031,0,36,1,2,0.009443497976683675,0,
24001,0,15,1,2,0.019561699578883308,0,
24011,0,10,1,2,0.22091753574440312,0,
24013,0,15,1,2,0.00273939390612567,0,
24017,0,24,1,2,0.004314806437153895,0,
24019,0,18,1,2,0.12826690811438685,0,
24021,0,34,1,2,0.004271695744862488,0,
24027,0,24,1,2,0.01754129085820892,0,
24029,0,9,1,2,0.04461528277844772,0,
24035,0,16,1,2,0.018753217534006446,0,
24037,0,26,1,2,0.025168824687309608,0,
24039,0,11,1,2,2.302652041828693e-31,0,
24041,0,16,1,2,0.01972342880112174,0,
24043,0,20,1,2,2.113862235287908e-05,0,
24047,0,12,1,2,0.04483082419526485,0,
25001,0,47,1,2,0.03652106953928294,0,
25005,0,36,1,2,0.5944090519288516,1,
25011,0,32,1,2,0.008150820050847156,0,
25013,0,41,1,2,0.5565955345075351,1,
25015,0,28,1,2,0.010275466305344911,0,
25023,0,34,1,2,0.09384341235099333,0,
25025,0,36,1,2,0.7461406406688157,1,
25027,0,87,1,2,0.1455270436048593,0,
26005,0,24,1,2,0.18366884159582827,0,
26009,0,16,1,2,0.05053358301109346,0,
26011,0,10,1,2,0.3946665694113855,0,
26013,0,7,1,2,0.003157663299803781,0,
26015,0,15,1,2,0.05614507211528168,0,
26017,0,16,1,2,0.6028683367179395,1,
26021,0,23,1,2,0.16929116280376266,0,
26023,0,13,1,2,0.42811794020082844,0,
26025,0,22,1,2,0.330852493269079,0,
26027,0,14,1,2,0.36248253577279016,0,
26041,0,13,1,2,0.08653180533080494,0,
26045,0,19,1,2,0.13680436375509694,0,
26049,0,34,1,2,0.5359845621260831,1,
26055,0,9,1,2,0.06529836885866377,0,
26059,0,18,1,2,0.39639488668194345,0,
26061,0,20,1,2,0.03200616526946616,0,
26063,0,18,1,2,0.26120801987976483,0,
26065,0,22,1,2,0.9997902957191416,1,
26067,0,21,1,2,0.13120762903937144,0,
26073,1,15,1,2,0.5222364980160706,1,
26075,0,29,1,2,0.4023003549409528,0,
26077,0,25,1,2,0.2461848792567117,0,
26081,0,39,1,2,0.4781820899105117,0,
26087,0,22,1,2,0.1789956667312717,0,
26091,0,23,1,2,0.18662789373223831,0,
26093,0,20,1,2,0.03289372120886414,0,
26099,0,39,1,2,0.7571316362379794,1,
26101,0,15,1,2,0.11260235241731806,0,
26103,0,15,1,2,0.012151908948931202,0,
26115,0,25,1,2,0.18099544566438414,0,
26121,0,20,1,2,0.5160676014267975,1,
26123,0,21,1,2,0.334144453235422,0,
26127,0,12,1,2,0.4849558747373724,0,
26137,0,7,1,2,0.09874393093789613,0,
26139,0,22,1,2,0.16915645895857379,0,
26141,0,7,1,2,0.012983227667975654,0,
26145,0,28,1,2,0.40011296659246487,0,
26147,0,23,1,2,0.4504753443752829,0,
26149,0,13,1,2,0.4817000111746455,0,
26151,0,22,1,2,0.45997764394973645,0,
26155,0,19,1,2,0.18535859049320505,0,
26157,0,21,1,2,0.17044578468119792,0,
26159,0,22,1,2,0.4587414676306312,0,
26161,0,27,1,2,0.13911894683486364,0,
27001,0,12,1,2,0.00041583466346880807,0,
27003,0,20,1,2,0.03490236726629447,0,
27005,0,16,1,2,0.0008629335244504086,0,
27007,0,18,1,2,0.007491591676080247,0,
27009,0,9,1,2,0.0017623780846723397,0,
27025,0,15,1,2,0.002653691829275026,0,
27027,0,15,1,2,0.005776898802024412,0,
27037,0,22,1,2,0.01331544942665807,0,
27041,0,17,1,2,0.0007753260051527727,0,
27047,0,18,1,2,0.0785407527348101,0,
27049,0,17,1,2,0.0038319518403929142,0,
27057,0,10,1,2,0.0006176641055667864,0,
27061,0,30,1,2,0.0004968477774040151,0,
27079,0,13,1,2,0.005293863192473089,0,
27083,0,14,1,2,0.006666744506549395,0,
27095,0,12,1,2,0.0016982384483367448,0,
27097,0,20,1,2,0.0015628291517401681,0,
27099,0,19,1,2,0.044055723255762846,0,
27109,0,19,1,2,0.002598193056291409,0,
27111,0,34,1,2,0.003428120689855151,0,
27115,0,16,1,2,0.0007784340380563098,0,
27119,0,25,1,2,0.0007318531294651643,0,
27123,0,26,1,2,0.08535789470538016,0,
27127,0,22,1,2,0.0010743818236291966,0,
27129,0,16,1,2,0.0023165696408799035,0,
27131,0,16,1,2,0.015649959474966006,0,
27135,0,11,1,2,0.00040094181168001555,0,
27139,0,10,1,2,0.00895559020275598,0,
27141,0,9,1,2,0.008963856875229513,0,
27145,0,33,1,2,0.14124180576870296,0,
27151,0,11,1,2,0.0018514674080067199,0,
27153,0,19,1,2,0.002528285438273775,0,
27163,0,19,1,2,0.010089516608236817,0,
27169,0,14,1,2,0.002273440257239334,0,
27171,0,19,1,2,0.0110742119433599,0,
28001,1,2,1,2,0.052594608453672,0,
28003,0,5,1,2,0.052731872153013254,0,
28007,1,11,1,2,0.01205429225132773,0,
28011,1,17,1,2,0.5576993666440037,1,
28013,0,11,1,2,0.001198616663321466,0,
28015,0,13,1,2,0.05126628426864721,0,
28019,1,9,1,2,0.003422317418692406,0,
28023,1,9,1,2,0.000606813475579423,0,
28025,1,8,1,2,0.02467596734589666,0,
28027,1,11,1,2,0.6258522143927127,1,
28029,1,9,1,2,5.686686961271224e-05,0,
28031,1,8,1,2,0.034880410965168765,0,
28033,0,10,1,2,0.053250092679905305,0,
28035,1,8,1,2,0.9999088531132535,1,
28037,1,8,1,2,0.005854089784668908,0,
28039,0,3,1,2,0.0032026600605635927,0,
28041,0,7,1,2,0.0008866047878697773,0,
28043,1,7,1,2,0.01075869423860032,0,
28045,0,10,1,2,0.11860494454230787,0,
28051,1,9,1,2,0.06353880949417164,0,
28057,0,10,1,2,0.024715318165930186,0,
28061,1,14,1,2,0.0005889397818272967,0,
28065,1,9,1,2,0.009565036072201043,0,
28069,1,11,1,2,0.008407365902457654,0,
28071,1,13,1,2,1.0,1,
28073,0,6,1,2,0.005694954994738794,0,
28075,1,12,1,2,8.837380156109318e-05,0,
28081,0,15,1,2,0.03199643452872758,0,
28083,1,11,1,2,0.32433533218022625,0,
28085,0,12,1,2,0.018742230425652047,0,
28087,1,8,1,2,0.028580414041022156,0,
28089,0,12,1,2,0.003069150785151612,0,
28091,1,8,1,2,0.05514263071929694,0,
28093,1,8,1,2,0.02789269174041438,0,
28095,0,12,1,2,0.024389243689111446,0,
28097,1,7,1,2,0.012088753029051458,0,
28099,1,8,1,2,0.08807478914046471,0,
28101,0,11,1,2,0.005314170727776178,0,
28103,1,6,1,2,0.04469759652768651,0,
28107,1,11,1,2,0.10755018196657154,0,
28109,0,5,1,2,0.007106381579425532,0,
28113,1,8,1,2,0.11091527708863373,0,
28115,0,11,1,2,0.0754937265097863,0,
28119,1,10,1,2,0.3354798905063885,0,
28121,0,12,1,2,0.048635884580537504,0,
28123,1,10,1,2,0.06623632965238921,0,
28127,1,10,1,2,0.010063730890621875,0,
28131,0,6,1,2,0.005961700094719672,0,
28133,1,16,1,2,0.448047941277256,0,
28135,1,18,1,2,0.0050937667291785695,0,
28137,0,5,1,2,0.1760125340197619,0,
28141,0,9,1,2,0.053207023609631386,0,
28145,0,11,1,2,0.011505643382152094,0,
28147,1,6,1,2,0.020091668875620666,0,
28153,1,7,1,2,0.022529289393661923,0,
28159,1,10,1,2,0.0182131319802311,0,
28161,1,7,1,2,0.003948696483965489,0,
28163,1,8,1,2,0.03636559995942149,0,
29001,1,9,1,2,0.1674920739082917,0,
29009,0,17,1,2,0.16059707317775584,0,
29011,0,8,1,2,0.026277291188188806,0,
29013,0,13,1,2,0.010521003688362618,0,
29015,0,13,1,2,0.017075064349029452,0,
29017,0,13,1,2,0.032176720450293496,0,
29019,0,13,1,2,0.016783968518403712,0,
29021,0,15,1,2,0.6549703026585927,1,
29023,0,10,1,2,0.25368884413701875,0,
29025,0,10,1,2,0.14715125895650852,0,
29029,0,18,1,2,0.042593106316176084,0,
29031,0,19,1,2,0.1581776059682418,0,
29033,0,10,1,2,0.090522362751016,0,
29035,1,5,1,2,0.0036167865228082306,0,
29037,0,18,1,2,0.024488966252124565,0,
29039,0,9,1,2,0.029919812297585377,0,
29041,0,12,1,2,0.021088329981434006,0,
29043,0,21,1,2,0.014696988625317894,0,
29049,0,11,1,2,0.035063181214072876,0,
29051,0,9,1,2,0.022387462219203607,0,
29055,0,12,1,2,0.08876628457662528,0,
29057,0,13,1,2,0.04117177417404498,0,
29059,0,13,1,2,0.06676018556586294,0,
29063,0,10,1,2,0.055356906300333665,0,
29065,0,8,1,2,0.028668302673671063,0,
29067,0,16,1,2,0.058918029940134835,0,
29069,1,14,1,2,0.38551628382668446,0,
29071,0,23,1,2,0.045363769447661705,0,
29079,0,7,1,2,0.19610586767417648,0,
29083,0,11,1,2,0.09083939895163345,0,
29085,0,13,1,2,0.061687501416025164,0,
29091,0,12,1,2,0.08950303333066295,0,
29093,0,16,1,2,0.021296840515414597,0,
29099,0,24,1,2,0.1432119340933292,0,
29103,0,12,1,2,0.022465385540608836,0,
29105,0,12,1,2,0.08147561432779067,0,
29107,0,16,1,2,0.060490999701018455,0,
29109,0,21,1,2,0.11243530513814863,0,
29113,0,17,1,2,0.12478289418402183,0,
29115,0,15,1,2,0.03734942996045313,0,
29117,0,12,1,2,0.06837926662392618,0,
29119,0,14,1,2,0.3029936396023631,0,
29121,0,15,1,2,0.017063432623278654,0,
29123,0,7,1,2,0.016323364279397182,0,
29127,0,10,1,2,0.07337645848094407,0,
29131,0,17,1,2,0.02214015718206878,0,
29133,1,6,1,2,0.667710789957591,1,
29135,0,13,1,2,0.012310247157258359,0,
29139,0,11,1,2,0.06427631520494143,0,
29143,1,17,1,2,0.4319729234677279,0,
29145,0,15,1,2,0.0621454783172356,0,
29147,0,18,1,2,0.03836656395831867,0,
29153,0,18,1,2,0.02039189561562812,0,
29159,0,15,1,2,0.21562178784337177,0,
29161,0,11,1,2,0.024745979972423827,0,
29163,0,12,1,2,0.22183926101902574,0,
29165,0,18,1,2,0.024087059880525667,0,
29169,0,11,1,2,0.011890255397834231,0,
29175,0,12,1,2,0.16041290103974384,0,
29177,0,12,1,2,0.19781707623223757,0,
29181,1,9,1,2,0.054538082162495886,0,
29183,0,14,1,2,0.06059899928060854,0,
29185,0,16,1,2,0.019119198586045837,0,
29186,0,8,1,2,0.035026293790232144,0,
29187,0,15,1,2,0.08855433273414617,0,
29195,0,13,1,2,0.2776066137026593,0,
29197,0,6,1,2,0.02234985082413354,0,
29199,0,10,1,2,0.07433481538526752,0,
29201,0,14,1,2,0.5980465420115801,1,
29207,0,13,1,2,0.14010378768712897,0,
29209,0,17,1,2,0.031942219631231394,0,
29211,0,13,1,2,0.014915010140388263,0,
29213,0,20,1,2,0.10639144671847461,0,
29215,1,21,1,2,4.470643027299252e-06,0,
29217,0,13,1,2,0.1037005796519173,0,
29219,0,9,1,2,0.11577324253996858,0,
29223,1,14,1,2,0.023767080951057132,0,
29225,0,9,1,2,0.12126484165534121,0,
29229,1,11,1,2,0.1286150777231016,0,
30003,1,18,1,2,0.19298390117365555,0,
30005,1,9,1,2,0.007513636834785935,0,
30013,0,18,1,2,0.023341941616602937,0,
30015,0,13,1,2,0.00846474234571033,0,
30021,0,8,1,2,0.00020951538135171384,0,
30029,0,16,1,2,0.0013133462501108632,0,
30035,1,5,1,2,0.05125779825082659,0,
30047,0,15,1,2,0.004286727418211232,0,
30049,0,9,1,2,0.0006780514744059848,0,
30053,0,6,1,2,0.003658951819312928,0,
30061,0,5,1,2,0.0008529684089053169,0,
30073,0,6,1,2,0.0014095058677965526,0,
30081,0,9,1,2,0.0005932512216491814,0,
30087,0,8,1,2,0.002662814734787523,0,
30105,0,12,1,2,0.0007663212234591976,0,
30111,0,16,1,2,0.02793768474463767,0,
31001,0,14,1,2,0.006755266621239318,0,
31003,0,11,1,2,0.0004839613901822653,0,
31007,0,8,1,2,0.00045284401986900736,0,
31011,0,8,1,2,0.00016180026592982664,0,
31013,0,3,1,2,0.001332877896690204,0,
31023,0,14,1,2,0.00030151588533731645,0,
31025,0,20,1,2,0.00039558380604699854,0,
31029,0,7,1,2,2.0693737048502082e-17,0,
31033,0,5,1,2,0.00010393486973533673,0,
31041,0,21,1,2,0.00026278474981938547,0,
31045,0,6,1,2,0.0003374496949727791,0,
31061,0,8,1,2,0.00030792365415746614,0,
31067,0,18,1,2,0.0013362604430491112,0,
31075,0,3,1,2,3.167702729631116e-05,0,
31079,0,11,1,2,0.010041484299184205,0,
31083,0,8,1,2,0.0003495778925971275,0,
31093,0,11,1,2,0.0003075464141721968,0,
31095,0,12,1,2,0.0007310536697676165,0,
31109,0,42,1,2,0.011056125262006533,0,
31111,0,14,1,2,0.0006323172167505427,0,
31119,0,8,1,2,0.005284263016882656,0,
31131,0,19,1,2,0.0006466300234454375,0,
31135,0,10,1,2,0.0001080304612949024,0,
31141,0,11,1,2,0.0024522699608985643,0,
31153,0,13,1,2,0.002230592579492531,0,
31155,0,18,1,2,0.0007034716134854649,0,
31157,0,8,1,2,0.003894313568411489,0,
31161,0,9,1,2,0.0005476831581253676,0,
31173,1,10,1,2,0.017479050112680805,0,
31177,0,15,1,2,0.0010109026372634726,0,
31179,0,11,1,2,0.0013363462814519605,0,
31185,0,15,1,2,0.0003894871215802577,0,
32001,0,2,1,2,0.5598301601016451,1,
32005,0,9,1,2,0.1476956520878774,0,
32007,0,14,1,2,0.0745843076983125,0,
32013,0,7,1,2,0.07857270546194117,0,
32017,0,5,1,2,3.593535622004828e-15,0,
32019,0,9,1,2,0.7884633844263668,1,
32021,0,5,1,2,0.15124959692107431,0,
32033,0,7,1,2,0.05193245075777834,0,
33005,0,27,1,2,0.003937568868370596,0,
33007,0,16,1,2,0.006899122261658145,0,
33009,0,37,1,2,0.001481307911338994,0,
33011,0,34,1,2,0.011418787417833663,0,
33013,0,31,1,2,0.003351782919025643,0,
33015,0,37,1,2,0.004662825004113117,0,
34009,0,15,1,2,0.123287417672096,0,
34011,0,22,1,2,0.004159133353838419,0,
34015,0,30,1,2,0.10933738799871001,0,
34019,0,26,1,2,0.0045367622072560974,0,
34021,0,25,1,2,0.24214677050889166,0,
34027,0,56,1,2,0.007409397862829783,0,
34031,0,33,1,2,0.33696320283961506,0,
34033,0,14,1,2,0.20706394224800223,0,
34035,0,32,1,2,0.02175376376545822,0,
34037,0,21,1,2,0.0053854118952129165,0,
34041,0,19,1,2,0.017078066162758112,0,
35005,1,9,1,2,0.3554712170850318,0,
35007,0,9,1,2,0.007629086607174861,0,
35009,0,7,1,2,0.590566140490868,1,
35015,0,8,1,2,1.05018585006896e-05,0,
35017,0,16,1,2,5.189016937972374e-07,0,
35019,1,5,1,2,7.985594872361918e-12,0,
35025,0,7,1,2,0.5828685870327126,1,
35029,1,3,1,2,0.15279590350118324,0,
35035,0,18,1,2,0.43289761751071865,0,
35037,1,10,1,2,0.01706092677318795,0,
35039,0,37,1,2,0.0019173680399222938,0,
35041,1,9,1,2,0.13396181698044343,0,
35043,0,21,1,2,0.12278128217124508,0,
35049,0,15,1,2,0.0465429844560181,0,
35051,0,10,1,2,0.503402928674943,1,
35053,1,14,1,2,0.3075258834709306,0,
35055,1,21,1,2,1.8425549402021467e-05,0,
35061,0,8,1,2,0.19557165021522008,0,
36001,0,46,1,2,0.08203912581273468,0,
36003,0,37,1,2,0.002550139791937375,0,
36007,0,31,1,2,0.03669915021520482,0,
36009,0,36,1,2,0.0009249654775200043,0,
36011,0,26,1,2,4.1502173108149897e-07,0,
36013,0,36,1,2,0.082167626630951,0,
36015,0,22,1,2,0.03667774844314763,0,
36021,0,36,1,2,0.03515692867902888,0,
36023,0,17,1,2,0.048127127661817856,0,
36027,0,35,1,2,0.05970607206364936,0,
36031,0,34,1,2,0.0011729571753481707,0,
36033,0,23,1,2,0.0027263315869384044,0,
36037,0,18,1,2,0.01709503529023364,0,
36039,0,42,1,2,0.016896131434979773,0,
36041,0,13,1,2,0.0010649453724588909,0,
36043,0,28,1,2,0.0016462476257314293,0,
36045,0,39,1,2,0.05873658025930273,0,
36053,0,31,1,2,0.03735856764984032,0,
36055,0,50,1,2,0.42166176765761504,0,
36057,0,20,1,2,0.14590615273124363,0,
36063,0,22,1,2,0.4290815909232314,0,
36065,0,54,1,2,0.15567364637034417,0,
36071,0,51,1,2,0.03621907836929334,0,
36073,0,15,1,2,0.18290644922069632,0,
36075,0,27,1,2,0.1414600681612114,0,
36077,0,43,1,2,0.004766211281016312,0,
36083,0,29,1,2,0.02675482445577694,0,
36089,0,49,1,2,0.014962498806741456,0,
36091,0,27,1,2,0.0063849501421513865,0,
36093,0,19,1,2,0.05694691924388351,0,
36099,0,14,1,2,0.1214085790849079,0,
36101,0,39,1,2,0.010765781731134412,0,
36105,0,62,1,2,0.01595407699970794,0,
36107,0,15,1,2,0.00328810655915468,0,
36109,0,17,1,2,0.8965852982627709,1,
36111,0,63,1,2,0.046940172367438165,0,
36115,0,27,1,2,0.024601447448106266,0,
36117,0,20,1,2,0.027429310223537968,0,
37001,0,12,1,2,0.10821911125729279,0,
37003,0,8,1,2,0.03686268376369042,0,
37007,0,8,1,2,0.017090135293612984,0,
37013,0,15,1,2,0.013048802351652159,0,
37015,1,10,1,2,0.01295284124191819,0,
37017,1,18,1,2,0.04190875310385176,0,
37019,0,14,1,2,0.007918241642101571,0,
37021,0,19,1,2,0.00982586953113125,0,
37023,0,16,1,2,0.08863483749403792,0,
37025,0,16,1,2,0.14102200159133887,0,
37027,0,10,1,2,0.09410128406317109,0,
37031,0,19,1,2,0.012474536754066986,0,
37035,0,14,1,2,0.08922864506098602,0,
37037,0,18,1,2,0.002558324652585542,0,
37039,0,4,1,2,0.0070891689192013226,0,
37041,0,4,1,2,0.008820281855793657,0,
37043,0,5,1,2,0.0011755151511630574,0,
37045,0,13,1,2,0.4578409630987278,0,
37047,1,16,1,2,0.04188610482204778,0,
37049,0,11,1,2,0.014327704448122812,0,
37051,0,24,1,2,0.0002847283137896325,0,
37053,0,15,1,2,0.004184141213664438,0,
37055,0,14,1,2,0.024952272548611577,0,
37057,0,12,1,2,0.07972585432841123,0,
37059,0,6,1,2,0.01742939372188771,0,
37061,0,19,1,2,0.12469495708036285,0,
37063,0,16,1,2,0.023223690718181395,0,
37065,0,15,1,2,0.1193699079380123,0,
37067,0,22,1,2,0.05784752780614387,0,
37069,0,13,1,2,0.01658389442507061,0,
37071,0,18,1,2,0.25976030699395847,0,
37077,0,12,1,2,0.002977334534064771,0,
37079,0,11,1,2,0.07240053521661673,0,
37083,1,9,1,2,0.06772353264100604,0,
37085,0,16,1,2,0.021383924368599757,0,
37089,0,15,1,2,0.007274104520757128,0,
37091,0,9,1,2,0.05211160140184133,0,
37093,0,9,1,2,0.08065331262243652,0,
37101,0,21,1,2,0.019895587313660035,0,
37105,0,4,1,2,0.023713756314986307,0,
37107,0,10,1,2,0.20792522534711508,0,
37109,0,11,1,2,0.1323070098864029,0,
37111,0,9,1,2,0.021741728026347662,0,
37125,0,18,1,2,0.009795806991055681,0,
37127,0,15,1,2,0.028289405324027645,0,
37129,0,10,1,2,0.027558926873939314,0,
37131,1,12,1,2,0.011371163193459051,0,
37133,0,16,1,2,0.047740682162685004,0,
37135,0,14,1,2,0.006635813623111073,0,
37141,0,13,1,2,0.010724726227777395,0,
37147,1,17,1,2,0.04244271752478072,0,
37151,0,24,1,2,0.10322242068117972,0,
37153,0,11,1,2,0.267879632425389,0,
37157,0,11,1,2,0.062050865525292945,0,
37159,0,19,1,2,0.1733842286503921,0,
37161,0,16,1,2,0.034046858290337094,0,
37163,0,17,1,2,0.16155600698976924,0,
37165,0,7,1,2,0.2817722169647995,0,
37169,0,16,1,2,0.052964653678719546,0,
37171,0,12,1,2,0.09530836391368126,0,
37175,0,10,1,2,0.007279012988185258,0,
37179,0,12,1,2,0.07736740328623051,0,
37181,0,8,1,2,0.1584889215353399,0,
37185,0,8,1,2,0.022155521616462035,0,
37187,1,4,1,2,0.011949490629928505,0,
37189,0,10,1,2,0.03500505621941487,0,
37191,0,14,1,2,0.006696053989366886,0,
37193,0,23,1,2,0.03337301283424192,0,
37195,0,17,1,2,0.15602198568158954,0,
38015,0,12,1,2,0.001687473186232989,0,
38027,0,7,1,2,0.00039220126500598353,0,
38035,0,22,1,2,0.06544871442656364,0,
38037,0,13,1,2,0.00014463520740126473,0,
38067,0,13,1,2,0.0001581990183627875,0,
38073,0,11,1,2,7.031100597841355e-05,0,
38085,1,9,1,2,0.0828076451520935,0,
38099,0,16,1,2,0.0019099064076522395,0,
38101,0,24,1,2,5.079490956909582e-06,0,
39001,0,11,1,2,0.1564029009404891,0,
39007,0,19,1,2,0.5145068267539263,1,
39009,1,18,1,2,0.12776573959187174,0,
39013,0,27,1,2,0.05876220218583916,0,
39017,0,17,1,2,0.35032557962435057,0,
39019,0,20,1,2,0.05666712477237336,0,
39023,0,22,1,2,0.6486702588203302,1,
39025,0,23,1,2,0.17624854206501867,0,
39037,0,25,1,2,0.2899119929200519,0,
39041,0,24,1,2,0.018307435554311823,0,
39045,0,19,1,2,0.01861897569318962,0,
39055,0,20,1,2,0.032560916882382926,0,
39059,0,20,1,2,0.08172525309824358,0,
39063,0,24,1,2,0.105917142128299,0,
39065,0,15,1,2,0.2563473066497854,0,
39071,0,15,1,2,0.29157964398799396,0,
39073,0,16,1,2,0.02945906462953768,0,
39075,0,18,1,2,0.002786476601274385,0,
39077,0,14,1,2,0.11287182305899689,0,
39079,0,11,1,2,0.16489992028365894,0,
39081,0,23,1,2,0.3978524776280216,0,
39085,0,11,1,2,0.29814442630852656,0,
39087,0,14,1,2,0.2691717730085859,0,
39089,0,28,1,2,0.024470931229168897,0,
39091,0,18,1,2,0.15610327994808765,0,
39093,0,24,1,2,0.25439463294289166,0,
39099,0,36,1,2,0.34723612795965775,0,
39101,0,14,1,2,0.16362328647004826,0,
39103,0,24,1,2,0.01925487626923435,0,
39107,0,18,1,2,0.1269460760476409,0,
39111,0,15,1,2,0.014438563994473822,0,
39117,0,16,1,2,0.04289196017112316,0,
39119,0,22,1,2,0.14012261975707355,0,
39121,0,15,1,2,0.0011538810044019422,0,
39123,0,18,1,2,0.4686606089483538,0,
39125,0,15,1,2,0.15586511351684057,0,
39127,0,17,1,2,0.0029308512172579113,0,
39129,0,17,1,2,0.030673737045502435,0,
39131,0,11,1,2,0.15767730967706628,0,
39133,0,24,1,2,0.9706907601918628,1,
39135,0,16,1,2,0.13165615997830413,0,
39137,0,17,1,2,0.07169100000436027,0,
39139,0,19,1,2,1.3162210804589455e-06,0,
39141,0,16,1,2,0.10912720799459552,0,
39143,0,17,1,2,0.3707258947884676,0,
39145,0,20,1,2,0.32914138550334615,0,
39147,0,20,1,2,0.15936424448561762,0,
39151,0,42,1,2,0.23214275362788048,0,
39155,0,30,1,2,0.36255329566330197,0,
39159,0,20,1,2,0.0798960889731566,0,
39165,0,24,1,2,0.08823835844229402,0,
39167,0,20,1,2,0.04066445982788791,0,
39169,0,25,1,2,0.11044360680039027,0,
39171,0,12,1,2,0.2006596363217279,0,
39173,0,32,1,2,0.2667870531039439,0,
40001,1,8,1,2,0.26133349197258027,0,
40003,0,13,1,2,0.03839661881387038,0,
40009,0,6,1,2,0.17275004563557372,0,
40011,0,13,1,2,0.15186963876381657,0,
40013,0,14,1,2,0.6725468437140661,1,
40015,1,16,1,2,0.6398919796387388,1,
40017,0,13,1,2,0.31539786876317377,0,
40019,0,13,1,2,0.7160168085995964,1,
40021,1,16,1,2,0.40639121123655725,0,
40023,1,12,1,2,0.28562976653074623,0,
40025,0,4,1,2,0.09847945096791515,0,
40035,0,10,1,2,0.527120201254542,1,
40037,0,21,1,2,0.09481386059770204,0,
40039,0,13,1,2,0.5994172839960362,1,
40041,0,13,1,2,0.34046424571493833,0,
40043,0,12,1,2,0.08533452613652431,0,
40045,0,7,1,2,0.03193477577919708,0,
40047,0,22,1,2,0.19050302350127396,0,
40049,0,13,1,2,0.3917288433593992,0,
40051,0,14,1,2,0.43383876040372116,0,
40053,0,10,1,2,0.0044689579334722986,0,
40055,0,4,1,2,0.02605297117414673,0,
40059,0,7,1,2,0.0728048225767329,0,
40063,1,10,1,2,0.17035381179089673,0,
40065,0,9,1,2,0.4845328551740013,0,
40067,0,8,1,2,0.5168651831436146,1,
40069,1,13,1,2,0.37424469914195035,0,
40071,0,10,1,2,0.4526477210453634,0,
40073,0,12,1,2,0.3631723669115648,0,
40075,0,9,1,2,0.6260443795959423,1,
40077,0,7,1,2,0.08252840297739308,0,
40079,0,23,1,2,0.2481463262531253,0,
40081,0,16,1,2,0.12037519194758307,0,
40083,0,15,1,2,0.22472495684417698,0,
40085,0,8,1,2,0.6745307485575085,1,
40089,1,15,1,2,0.5584490615370302,1,
40091,0,11,1,2,0.2440883804531212,0,
40095,0,3,1,2,0.7689732799630633,1,
40097,0,17,1,2,0.6164999938829687,1,
40099,0,7,1,2,0.6468493484158324,1,
40101,0,15,1,2,0.8137217238523722,1,
40105,0,7,1,2,0.2849128337924726,0,
40107,1,11,1,2,0.12758652486832173,0,
40111,0,11,1,2,0.40467132186581845,0,
40113,0,22,1,2,0.6003690550961517,1,
40115,0,9,1,2,0.6215939842449315,1,
40117,0,12,1,2,0.2790509372644177,0,
40119,1,14,1,2,0.9868017478230408,1,
40121,0,19,1,2,0.24224298458014068,0,
40123,0,10,1,2,0.2903866111547838,0,
40127,1,16,1,2,0.08859575211541525,0,
40131,0,12,1,2,0.3470461406520015,0,
40133,1,10,1,2,0.3333010180563794,0,
40135,0,9,1,2,0.3142007745606607,0,
40137,0,10,1,2,0.6247560859764482,1,
40139,0,9,1,2,0.16853992745445484,0,
40141,1,8,1,2,0.7108282808518813,1,
40145,0,15,1,2,0.3286849331131966,0,
40147,0,12,1,2,0.22568721787310345,0,
40149,0,18,1,2,0.27766372937038686,0,
40153,0,11,1,2,0.047438116546665715,0,
41001,0,12,1,2,0.009538085687123062,0,
41003,0,10,1,2,0.8994697273269472,1,
41005,0,37,1,2,0.0863989226003012,0,
41009,0,9,1,2,0.0399424417961703,0,
41011,0,10,1,2,0.08112198989044297,0,
41013,0,6,1,2,0.03859853588239816,0,
41015,0,7,1,2,0.01347169798094426,0,
41017,0,7,1,2,0.0646175364058535,0,
41019,0,28,1,2,0.08414311920191676,0,
41023,0,11,1,2,0.02891631809661961,0,
41027,0,3,1,2,0.1342211318840793,0,
41029,0,18,1,2,0.6538003998127451,1,
41031,0,8,1,2,0.14324679991066522,0,
41033,0,11,1,2,0.6655015066195112,1,
41035,0,17,1,2,0.5429352358989069,1,
41039,0,39,1,2,0.10390837064496856,0,
41041,0,18,1,2,0.05766835346045997,0,
41043,0,20,1,2,0.18463684053255275,0,
41047,0,26,1,2,0.43244531053325125,0,
41049,0,7,1,2,0.7828651695563388,1,
41053,0,11,1,2,0.04819956116471779,0,
41059,0,14,1,2,0.5782356319028494,1,
41061,0,8,1,2,0.03288863186493417,0,
41065,0,8,1,2,0.21211556527503672,0,
41067,0,30,1,2,0.02510178573357704,0,
42001,0,17,1,2,0.014049795827930013,0,
42005,0,36,1,2,0.08688462984404288,0,
42009,0,28,1,2,0.00724529404922651,0,
42011,0,62,1,2,0.16334001639587406,0,
42013,0,19,1,2,0.032915920066072114,0,
42015,0,27,1,2,0.00470439199293547,0,
42021,0,51,1,2,0.0007899755877381854,0,
42025,0,20,1,2,0.041679259266871056,0,
42027,0,33,1,2,0.011150182222488089,0,
42033,0,51,1,2,0.013206662944709681,0,
42037,0,19,1,2,0.013035616656193964,0,
42039,0,27,1,2,0.024629839329117748,0,
42041,0,21,1,2,0.007483643005592673,0,
42043,0,30,1,2,0.02409548323840586,0,
42047,0,14,1,2,0.0013478609738693317,0,
42051,0,62,1,2,0.07631356164532656,0,
42053,0,11,1,2,0.0013223283779090253,0,
42055,0,30,1,2,0.013201178684886232,0,
42059,0,26,1,2,0.0062250601830504525,0,
42061,0,33,1,2,0.002825327822355691,0,
42065,0,30,1,2,0.05157341240172553,0,
42069,0,28,1,2,0.0682646256265744,0,
42073,0,22,1,2,0.0946781270352953,0,
42075,0,19,1,2,0.09249375038284427,0,
42079,0,50,1,2,0.06322754107941225,0,
42081,0,25,1,2,0.006909697331269645,0,
42085,0,28,1,2,0.06899089216352741,0,
42087,0,13,1,2,0.033767473231498535,0,
42089,0,35,1,2,0.05082691309008989,0,
42095,0,26,1,2,0.08244452481921777,0,
42097,0,28,1,2,0.017929724805317414,0,
42099,0,16,1,2,0.007075330299118887,0,
42107,0,59,1,2,0.017053286800945415,0,
42109,0,15,1,2,0.01650569698562586,0,
42111,0,40,1,2,0.01233619385762886,0,
42115,0,29,1,2,0.0031358857567990073,0,
42119,0,14,1,2,0.0028430169757577457,0,
42123,0,19,1,2,0.0028419112439060645,0,
42125,0,64,1,2,0.04070410692626379,0,
42127,0,30,1,2,0.0033763286616939883,0,
42129,0,86,1,2,0.03335935289383402,0,
44003,0,9,1,2,0.24056704029557108,0,
44005,0,8,1,2,0.8715280129206117,1,
44009,0,20,1,2,0.06305681570651257,0,
45001,0,13,1,2,0.05974263401159609,0,
45005,1,6,1,2,0.07390379456480323,0,
45009,1,8,1,2,0.0326584105209285,0,
45011,1,7,1,2,0.08668536478933027,0,
45013,0,16,1,2,0.061112286611835605,0,
45015,0,17,1,2,0.04719141612599614,0,
45017,0,7,1,2,0.045908098636764164,0,
45021,0,8,1,2,0.3022840458479569,0,
45023,0,10,1,2,0.26395286134737606,0,
45025,0,11,1,2,0.171752707440696,0,
45027,1,11,1,2,0.08198785834141091,0,
45029,1,14,1,2,0.10206406451651906,0,
45031,0,10,1,2,0.019830713309694076,0,
45033,1,11,1,2,0.297576468920095,0,
45035,0,15,1,2,0.02703627433490536,0,
45037,0,10,1,2,0.00970706680036407,0,
45039,0,9,1,2,0.02326505185435945,0,
45041,0,12,1,2,0.0818775909718723,0,
45043,0,5,1,2,0.019975662038679846,0,
45047,0,9,1,2,0.10069971456211993,0,
45049,1,13,1,2,0.08371756252239629,0,
45051,0,16,1,2,0.19774711968055442,0,
45055,0,13,1,2,0.038034835339745304,0,
45057,0,5,1,2,0.16866458979273738,0,
45059,0,16,1,2,0.0956066187294421,0,
45067,1,7,1,2,0.1471783772133754,0,
45069,1,8,1,2,0.14528049013324776,0,
45073,0,13,1,2,0.1009787544123412,0,
45077,0,15,1,2,0.15157659252933875,0,
45081,0,12,1,2,0.1061930789045865,0,
45085,0,15,1,2,0.11664725422844127,0,
45087,0,9,1,2,0.07357962192620283,0,
45089,1,12,1,2,0.04420195168143279,0,
45091,0,15,1,2,0.5039842500976834,1,
46009,0,7,1,2,0.00023235632918117372,0,
46013,0,20,1,2,0.00019274210323270004,0,
46029,0,10,1,2,0.002070871225249501,0,
46031,1,15,1,2,0.029136214349128376,0,
46033,0,9,1,2,0.0006155901624033755,0,
46035,0,6,1,2,0.0009313273271488569,0,
46037,0,11,1,2,0.00022199809503316116,0,
46059,0,8,1,2,0.00012127164816618717,0,
46065,0,3,1,2,0.0003896579178821155,0,
46067,0,13,1,2,0.0007627813387297758,0,
46077,0,9,1,2,0.00013559106079129765,0,
46083,0,12,1,2,0.015058170893627437,0,
46091,0,10,1,2,0.0002359009330008685,0,
46093,0,18,1,2,0.0018574160417853488,0,
46099,0,23,1,2,0.06460463657111465,0,
46103,0,20,1,2,0.0021652565969006244,0,
46109,1,16,1,2,0.003927088609139781,0,
46121,1,9,1,2,0.25308831819019834,0,
46129,0,7,1,2,0.00019669602009235085,0,
46135,0,10,1,2,0.002986296707197471,0,
47001,0,11,1,2,0.18416355147656435,0,
47003,0,13,1,2,0.7244923889427923,1,
47005,0,7,1,2,0.2073777114707908,0,
47009,0,13,1,2,0.32387626599018754,0,
47011,0,8,1,2,0.2587602729439139,0,
47013,1,11,1,2,0.2824755913579093,0,
47017,0,14,1,2,0.07222565565476965,0,
47019,0,8,1,2,0.3882740272460372,0,
47021,0,12,1,2,0.09344903879786433,0,
47025,1,10,1,2,0.20623778603567583,0,
47027,0,7,1,2,0.3199969000359417,0,
47031,0,9,1,2,0.47682161485824537,0,
47033,0,8,1,2,0.42176297174446975,0,
47035,0,11,1,2,0.19102299485680874,0,
47043,0,11,1,2,0.08774334987126947,0,
47045,0,11,1,2,0.5899080853698149,1,
47049,1,9,1,2,0.1665372475847982,0,
47053,0,11,1,2,0.21916853471054565,0,
47055,0,17,1,2,0.41847203410309813,0,
47059,0,10,1,2,0.21150452766437508,0,
47063,0,7,1,2,0.6770856573615254,1,
47067,1,5,1,2,0.19834395926632167,0,
47069,0,12,1,2,0.0881556550120871,0,
47071,0,13,1,2,0.28887710679364337,0,
47073,0,12,1,2,0.2961576426824617,0,
47075,0,6,1,2,0.22781382508153147,0,
47077,0,14,1,2,0.1730186065426516,0,
47079,0,9,1,2,0.19303488446331526,0,
47085,0,4,1,2,0.052321451185843366,0,
47089,0,10,1,2,0.28519699007838567,0,
47097,0,4,1,2,0.16924373900127795,0,
47099,0,11,1,2,0.19040284989070422,0,
47101,0,7,1,2,0.042109844842020745,0,
47107,0,12,1,2,0.7023632583431777,1,
47109,0,15,1,2,0.2259623706551926,0,
47111,0,8,1,2,0.3938822643800929,0,
47117,0,12,1,2,0.5968185221079509,1,
47119,0,10,1,2,0.3299063807114701,0,
47121,0,6,1,2,0.14174199689243758,0,
47123,0,9,1,2,0.59141040856465,1,
47125,0,15,1,2,0.08450096935412788,0,
47129,0,12,1,2,0.20477868115492,0,
47131,0,12,1,2,0.37818219113418544,0,
47135,0,4,1,2,0.0563332661466987,0,
47139,0,12,1,2,0.059029313398066136,0,
47141,0,10,1,2,0.9937003149436912,1,
47145,0,10,1,2,0.21361190165998611,0,
47147,0,12,1,2,0.2738923418413157,0,
47149,0,20,1,2,0.8785302633615597,1,
47155,0,10,1,2,0.20830303827366992,0,
47159,0,15,1,2,0.12400993671053964,0,
47163,0,12,1,2,0.35857801213921536,0,
47165,0,10,1,2,0.19489187548853973,0,
47167,0,10,1,2,0.1275838685793821,0,
47175,0,7,1,2,0.2988136604643325,0,
47177,0,6,1,2,0.806740755977894,1,
47179,0,13,1,2,0.8842497262516233,1,
47181,0,10,1,2,0.09845885171740681,0,
47183,0,12,1,2,0.20015848057713295,0,
47185,0,5,1,2,0.34972820717408526,0,
47187,0,16,1,2,0.01786037183147968,0,
47189,0,12,1,2,0.2536528224859016,0,
48001,0,10,1,2,0.31730382771833165,0,
48003,0,1,1,2,0.2238002013246532,0,
48005,0,6,1,2,0.1542133553774444,0,
48007,0,5,1,2,0.493657409406271,0,
48009,0,10,1,2,0.19714860509876383,0,
48013,0,15,1,2,0.35717848446595807,0,
48015,0,13,1,2,0.3101384749024535,0,
48017,0,6,1,2,0.007305625712603969,0,
48019,0,7,1,2,0.22988388398667162,0,
48021,0,15,1,2,0.18385692091608022,0,
48023,0,2,1,2,0.006592824618389446,0,
48025,1,11,1,2,0.08972669839736339,0,
48031,0,8,1,2,0.07005143696653193,0,
48035,0,11,1,2,0.1133141163170684,0,
48037,0,10,1,2,0.16703155505979633,0,
48043,0,4,1,2,0.0011438539929927488,0,
48047,1,2,1,2,0.17784313079633363,0,
48049,0,10,1,2,0.08049406354293004,0,
48051,0,5,1,2,0.2850015428335292,0,
48053,0,13,1,2,0.1430155709936049,0,
48055,0,14,1,2,0.24060139520569832,0,
48057,0,6,1,2,0.11847609427229724,0,
48063,0,2,1,2,0.31933644119773547,0,
48067,0,14,1,2,0.08546235915883828,0,
48071,0,11,1,2,0.614349924263699,1,
48073,0,12,1,2,0.6782708811037231,1,
48075,0,4,1,2,0.1318549146911243,0,
48077,0,9,1,2,0.24455692702565435,0,
48081,0,4,1,2,0.015457637427884903,0,
48083,0,15,1,2,0.03207262777742211,0,
48087,0,5,1,2,0.09887827221517252,0,
48089,0,18,1,2,0.10828674133346879,0,
48091,0,14,1,2,0.12444960297262087,0,
48093,0,14,1,2,0.016309570829563854,0,
48097,0,14,1,2,0.463455976700326,0,
48099,0,17,1,2,9.40155988752283e-22,0,
48101,0,3,1,2,0.11297732188208838,0,
48109,1,2,1,2,5.67191815469109e-07,0,
48117,0,6,1,2,0.0778474925909592,0,
48119,0,7,1,2,0.17268825041912325,0,
48123,0,9,1,2,0.09747676516372057,0,
48125,0,7,1,2,0.0439463987811755,0,
48127,1,6,1,2,0.16202462216790414,0,
48131,1,8,1,2,0.011253856187243932,0,
48133,0,9,1,2,0.12126335379684085,0,
48135,0,8,1,2,0.8609405264962042,1,
48139,0,20,1,2,0.3949561727642154,0,
48143,0,13,1,2,0.9440819802333467,1,
48145,1,17,1,2,0.41981990568242517,0,
48147,0,19,1,2,0.24069794245471415,0,
48149,0,15,1,2,0.07889981844025233,0,
48151,0,9,1,2,0.10171842696894187,0,
48159,0,7,1,2,0.1471182994073934,0,
48161,0,9,1,2,0.7126279430503815,1,
48169,1,4,1,2,0.1690927434085563,0,
48171,0,7,1,2,0.08695818187393549,0,
48177,0,14,1,2,0.002574914026275723,0,
48185,0,11,1,2,0.5690705384608812,1,
48193,0,10,1,2,0.0816784940624558,0,
48197,0,2,1,2,0.12607932342416453,0,
48199,0,12,1,2,0.08562058237005117,0,
48203,0,12,1,2,0.16414714567250693,0,
48207,0,11,1,2,0.2977049977860223,0,
48209,0,14,1,2,0.3396613223147362,0,
48217,0,19,1,2,0.47950274158502626,0,
48219,0,10,1,2,0.5276045173275197,1,
48221,0,8,1,2,0.5396582659116183,1,
48223,0,13,1,2,0.335461596602216,0,
48225,1,7,1,2,0.37187348363843187,0,
48227,0,5,1,2,0.5984004270196395,1,
48233,0,7,1,2,0.7864432004745967,1,
48239,0,10,1,2,0.028591707341144818,0,
48241,0,9,1,2,0.191519411876295,0,
48247,0,1,1,2,0.014134305872792298,0,
48249,1,8,1,2,0.02694023157553688,0,
48251,0,16,1,2,0.664417507337967,1,
48255,1,8,1,2,0.32817921004232015,0,
48259,0,8,1,2,0.027340849189097197,0,
48261,0,2,1,2,0.32374851042278696,0,
48265,0,10,1,2,0.29910081811627987,0,
48269,0,2,1,2,0.07926079882344357,0,
48273,1,4,1,2,0.16831609692930696,0,
48275,0,6,1,2,0.07824156354671624,0,
48277,0,13,1,2,0.4445156692304921,0,
48281,0,6,1,2,0.05363281668343995,0,
48285,0,7,1,2,0.03737651939657444,0,
48287,0,9,1,2,0.06238426058127394,0,
48289,0,8,1,2,0.6096116228547099,1,
48291,0,14,1,2,0.5764405446576503,1,
48293,0,14,1,2,0.6801364812071689,1,
48299,0,10,1,2,0.32946049245275344,0,
48303,0,25,1,2,0.9913344185817212,1,
48307,1,6,1,2,0.026783899604452002,0,
48313,0,5,1,2,0.2919456411360844,0,
48315,1,7,1,2,0.08359817216107077,0,
48317,0,8,1,2,0.28770874494880894,0,
48321,0,12,1,2,0.19730684146229405,0,
48323,1,3,1,2,0.023538540320038964,0,
48329,0,9,1,2,0.5168291951397035,1,
48331,0,13,1,2,0.36805479696191873,0,
48335,0,3,1,2,0.027828850179055818,0,
48337,0,10,1,2,0.6456288575857723,1,
48341,0,6,1,2,0.21045708364300997,0,
48343,0,7,1,2,0.44647399097511664,0,
48347,1,10,1,2,0.9937655387597444,1,
48349,0,17,1,2,0.6009396736828547,1,
48353,0,9,1,2,0.1589263531535533,0,
48361,0,4,1,2,0.6647693431411491,1,
48363,0,12,1,2,0.4007910958473142,0,
48365,0,13,1,2,0.1931162911912957,0,
48367,0,18,1,2,0.4073745539790288,0,
48371,0,6,1,2,0.071785019173052,0,
48373,0,9,1,2,0.0843440625065255,0,
48375,0,16,1,2,0.8858691608781787,1,
48377,1,4,1,2,0.2870677908884772,0,
48381,0,15,1,2,0.228510824728842,0,
48387,0,9,1,2,0.19940761745069296,0,
48389,1,4,1,2,4.314165534481764e-07,0,
48391,0,5,1,2,0.006643091543906428,0,
48395,1,9,1,2,0.29598528606190666,0,
48397,0,9,1,2,0.15586158014446966,0,
48399,0,11,1,2,0.028786835521577223,0,
48401,0,16,1,2,0.40792917647907345,0,
48405,1,4,1,2,0.07276240868069916,0,
48407,0,8,1,2,0.6399520831021478,1,
48409,0,9,1,2,0.10692750407216159,0,
48411,0,7,1,2,0.02685837435168918,0,
48415,0,8,1,2,0.18655690994693655,0,
48419,0,7,1,2,0.22046668680553425,0,
48427,1,10,1,2,0.4711012216454275,0,
48429,0,8,1,2,0.18691085991574435,0,
48437,0,5,1,2,0.47623022787723884,0,
48441,0,17,1,2,0.6655059031796605,1,
48445,0,6,1,2,0.1926710400735108,0,
48449,0,6,1,2,0.5757289036929841,1,
48451,0,14,1,2,0.9999863297670323,1,
48455,0,7,1,2,0.341633308559528,0,
48457,0,10,1,2,0.015282198074644537,0,
48459,0,12,1,2,0.400263220544988,0,
48463,1,8,1,2,0.19369061383907663,0,
48465,1,5,1,2,0.1805987666619226,0,
48467,0,13,1,2,0.7394400375871087,1,
48469,0,12,1,2,0.2892548769923032,0,
48471,0,9,1,2,0.5140000347829483,1,
48473,0,11,1,2,0.6690761205187984,1,
48475,0,6,1,2,0.7838750040022704,1,
48477,0,7,1,2,0.45389415412446005,0,
48481,0,13,1,2,0.3536774752411882,0,
48487,0,6,1,2,0.5608687146127039,1,
48493,0,12,1,2,0.10299302591986095,0,
48495,0,2,1,2,0.49118582607363304,0,
48497,0,17,1,2,0.6365900809996575,1,
48499,0,12,1,2,0.28937603653865307,0,
48501,0,4,1,2,1.4510777486462108e-05,0,
48503,0,6,1,2,0.3199233625841917,0,
48505,1,5,1,2,0.10091345339213813,0,
48507,1,4,1,2,0.439468419582281,0,
49003,0,20,1,2,0.2817045300434532,0,
49005,0,16,1,2,0.2612957925520118,0,
49011,0,13,1,2,0.2996890323672282,0,
49019,0,2,1,2,0.022389703811527092,0,
49021,0,10,1,2,0.051136914557892495,0,
49037,1,12,1,2,0.16760089293262256,0,
49039,0,15,1,2,0.23394980971238433,0,
49041,0,12,1,2,0.31685838135368427,0,
49043,0,9,1,2,0.013566060376295926,0,
49057,0,9,1,2,0.5866764412504252,1,
50001,0,20,1,2,0.0008293376744339956,0,
50005,0,22,1,2,0.004568983953295526,0,
50007,0,21,1,2,0.007778123018594842,0,
50013,0,5,1,2,0.003986738236852695,0,
50017,0,31,1,2,0.0029678470738324046,0,
50019,0,24,1,2,0.007918823473073499,0,
50021,0,29,1,2,0.0024218175647628217,0,
50023,0,26,1,2,0.0014294694074135695,0,
50025,0,24,1,2,0.007448734831397817,0,
51003,0,24,1,2,0.005150345367139469,0,
51005,0,7,1,2,0.03066256837979695,0,
51007,0,5,1,2,0.0034650197497954572,0,
51009,0,9,1,2,0.029560552046113586,0,
51013,0,11,1,2,0.027471755832543215,0,
51015,0,27,1,2,0.010249461280947033,0,
51019,0,18,1,2,0.006776882916167465,0,
51025,0,16,1,2,0.01686488425762273,0,
51027,1,16,1,2,0.13795626032758723,0,
51031,0,14,1,2,0.12970272629002355,0,
51036,0,4,1,2,0.00529086169865667,0,
51037,0,14,1,2,0.00011642334226256347,0,
51047,0,18,1,2,0.0038996945054016663,0,
51051,1,12,1,2,0.09340566259577758,0,
51057,0,8,1,2,0.028746386809998692,0,
51061,0,24,1,2,0.0013179140253970312,0,
51063,0,11,1,2,0.005590946075175905,0,
51069,0,12,1,2,0.0073166634952054055,0,
51073,0,6,1,2,0.002470333008971351,0,
51075,0,15,1,2,0.0006081541619207125,0,
51079,0,5,1,2,0.011654653923640759,0,
51081,0,4,1,2,0.04253295710121785,0,
51083,0,14,1,2,0.018704303584828864,0,
51085,0,12,1,2,0.003162143939217615,0,
51087,0,16,1,2,0.057520465110189586,0,
51093,0,8,1,2,0.004619630494938301,0,
51095,0,4,1,2,0.0023239127249470273,0,
51103,0,6,1,2,0.005984939687981669,0,
51105,1,11,1,2,0.09387655499177847,0,
51107,0,21,1,2,0.008717654273167565,0,
51111,0,12,1,2,0.01870299934665178,0,
51113,0,21,1,2,4.008525497696733e-06,0,
51117,0,13,1,2,0.014356860704446885,0,
51119,0,12,1,2,0.0044609837053791795,0,
51121,1,10,1,2,0.0716299049797375,0,
51127,0,6,1,2,0.000737307897722242,0,
51131,1,11,1,2,0.008392941543973954,0,
51133,0,7,1,2,0.016671029345757173,0,
51135,0,7,1,2,0.08817645929033056,0,
51139,0,6,1,2,0.03308065174247479,0,
51141,0,14,1,2,0.028627102161530586,0,
51143,0,20,1,2,0.10629590187167459,0,
51145,0,5,1,2,0.9999990151434479,1,
51147,0,12,1,2,5.319941587109349e-07,0,
51149,0,7,1,2,0.07182461852038138,0,
51153,0,19,1,2,0.009605162073360627,0,
51159,0,5,1,2,0.05822811314130203,0,
51161,0,14,1,2,0.01117207705120355,0,
51171,0,14,1,2,0.01903029367139959,0,
51175,0,12,1,2,0.010856741296138197,0,
51177,0,13,1,2,0.006091669192371505,0,
51179,0,5,1,2,0.004506055741161405,0,
51185,0,18,1,2,0.07696139442870031,0,
51187,0,7,1,2,0.016342816215733413,0,
51191,0,10,1,2,0.018251509350159362,0,
51193,0,8,1,2,0.0401345523923238,0,
51199,0,9,1,2,0.00291910694111391,0,
51510,0,8,1,2,0.04796302694109005,0,
51520,0,2,1,2,0.5797867115034073,1,
51550,0,6,1,2,0.012594992855239854,0,
51570,0,1,1,2,0.0421482483557398,0,
51590,0,2,1,2,0.29691465124969474,0,
51595,0,1,1,2,0.0479310171194898,0,
51630,0,3,1,2,0.3172423005626696,0,
51650,0,9,1,2,0.09090253986768361,0,
51660,0,3,1,2,9.806613841841609e-08,0,
51678,0,1,1,2,0.018597766878959372,0,
51680,0,5,1,2,0.14529717686089047,0,
51683,0,1,1,2,0.07794701345978579,0,
51690,0,1,1,2,0.14170873552725463,0,
51700,0,8,1,2,0.07680637287417252,0,
51710,0,15,1,2,0.026653373060791567,0,
51730,0,2,1,2,0.14446323958228083,0,
51740,0,8,1,2,0.13542669930647136,0,
51750,1,2,1,2,1.0,1,
51770,0,10,1,2,0.4544361229561134,0,
51800,0,8,1,2,0.008065691638297599,0,
51840,0,1,1,2,0.20425945561643188,0,
53003,0,3,1,2,0.14150580004375513,0,
53005,0,12,1,2,0.402878197810942,0,
53007,0,14,1,2,0.02166548239640399,0,
53015,0,11,1,2,0.04441008235991641,0,
53017,0,13,1,2,0.08720047949917613,0,
53021,0,7,1,2,0.6198836443622835,1,
53023,0,2,1,2,0.031991816455599544,0,
53025,0,18,1,2,0.26726588094746967,0,
53029,0,8,1,2,0.32066696706169,0,
53031,0,9,1,2,0.006309778280639084,0,
53035,0,20,1,2,0.005898263793285585,0,
53041,0,23,1,2,0.04660647138096778,0,
53045,0,15,1,2,0.04880871648804298,0,
53047,1,22,1,2,0.3308699438276779,0,
53057,0,17,1,2,0.025210630259521232,0,
53059,0,8,1,2,0.031462796207888645,0,
53067,0,14,1,2,0.03447719641508606,0,
53071,0,8,1,2,0.23554710294921888,0,
53073,0,18,1,2,0.05263511717326505,0,
53077,0,22,1,2,0.4684388839689663,0,
54003,0,11,1,2,0.2608992611686477,0,
54005,0,31,1,2,0.009177500058686167,0,
54009,0,8,1,2,0.5135991411488723,1,
54011,0,13,1,2,0.23071856771878152,0,
54029,0,5,1,2,0.687246654080146,1,
54035,0,15,1,2,0.046874906341703694,0,
54037,0,9,1,2,0.1322623403179659,0,
54039,0,46,1,2,0.31169717739336106,0,
54041,0,11,1,2,0.17741660608356025,0,
54049,0,18,1,2,0.16104061638611103,0,
54053,0,19,1,2,0.10684146310707482,0,
54059,1,18,1,2,0.19775030262538115,0,
54061,1,16,1,2,0.11034800938690993,0,
54065,0,4,1,2,0.056901538041869267,0,
54067,0,25,1,2,0.038301791876853675,0,
54069,0,6,1,2,0.21966504110679919,0,
54079,0,17,1,2,0.072350240544322,0,
54081,0,42,1,2,0.05983886597287898,0,
54083,0,22,1,2,3.2487707194469735e-05,0,
54097,0,10,1,2,0.004657515495559577,0,
54099,0,17,1,2,0.42273523406573904,0,
54103,0,12,1,2,0.07368739976323124,0,
54107,0,13,1,2,0.3261281022173755,0,
55001,0,14,1,2,0.024692900698402825,0,
55005,0,19,1,2,0.0033386094993604373,0,
55007,0,15,1,2,0.0004983317024918303,0,
55009,0,19,1,2,0.002358985351445868,0,
55015,0,14,1,2,0.033666238905042896,0,
55017,0,14,1,2,0.007189105722500018,0,
55021,0,20,1,2,0.012472802156351196,0,
55023,0,13,1,2,0.003449887922795622,0,
55027,0,31,1,2,0.03238183117144433,0,
55029,0,13,1,2,0.012875137457466775,0,
55031,0,12,1,2,0.001925870711430442,0,
55039,0,24,1,2,0.03186575947782978,0,
55043,0,23,1,2,0.02579200905249305,0,
55045,0,12,1,2,0.001717220564206041,0,
55055,0,19,1,2,0.03357224817767251,0,
55057,0,14,1,2,0.01134918568557081,0,
55059,0,17,1,2,0.15488490262749982,0,
55061,0,6,1,2,0.022141392878751515,0,
55063,0,15,1,2,0.006512470859613054,0,
55065,0,14,1,2,0.01114843708419649,0,
55069,0,7,1,2,0.00031235750021625175,0,
55071,0,19,1,2,0.06017658628730954,0,
55073,0,28,1,2,0.0016777707601196175,0,
55075,0,16,1,2,0.00871871642094349,0,
55077,0,14,1,2,0.019165402997227153,0,
55078,1,4,1,2,0.02504389350360959,0,
55081,0,12,1,2,0.0038297321122155266,0,
55083,0,19,1,2,0.003823571382002576,0,
55085,0,14,1,2,0.0004741697872154655,0,
55087,0,24,1,2,0.03218094425290347,0,
55089,0,13,1,2,0.016192419024112382,0,
55095,0,20,1,2,0.002259082578014297,0,
55097,0,21,1,2,0.003924698815186133,0,
55099,0,14,1,2,0.00021528261179983897,0,
55103,0,14,1,2,0.01210548270485631,0,
55105,0,19,1,2,0.09495898782330123,0,
55111,0,17,1,2,0.010020907558811472,0,
55115,0,25,1,2,0.008690546234586857,0,
55117,0,17,1,2,0.04775303158368957,0,
55119,0,14,1,2,0.0010879626551594137,0,
55121,0,14,1,2,0.0014275811094150367,0,
55123,0,18,1,2,0.0032673300842019654,0,
55125,0,12,1,2,0.00041454249323426984,0,
55127,0,16,1,2,0.04881543970504676,0,
55131,0,18,1,2,0.013589058706235342,0,
55133,0,30,1,2,0.014382518472124657,0,
55135,0,16,1,2,0.0019045802160519059,0,
55137,0,17,1,2,0.018526133834156598,0,
55139,0,18,1,2,0.0018532433311384028,0,
55141,0,15,1,2,0.001990797638501785,0,
56001,0,10,1,2,0.01715289668564718,0,
56003,0,15,1,2,5.0722094800412505e-06,0,
56007,0,12,1,2,0.0071986021186091,0,
56009,0,4,1,2,0.004620886912302967,0,
56013,0,11,1,2,0.01133809291565209,0,
56017,0,3,1,2,0.004743715625730403,0,
56021,0,12,1,2,0.08241000186747864,0,
56025,0,11,1,2,0.026863496238367843,0,
56029,0,8,1,2,0.0005731903968865264,0,
56031,0,5,1,2,0.008536467692470087,0,
56033,0,9,1,2,0.001810597353488454,0,
56035,0,6,1,2,0.0007257041265820191,0,
01001,0,10,1,3,0.08994578300735948,0,
01003,0,23,1,3,0.07580126146055238,0,
01009,0,17,1,3,0.016897282623520447,0,
01011,1,7,1,3,0.027125771596878602,0,
01015,0,14,1,3,0.20165273936514738,0,
01017,0,10,1,3,0.09516924617014083,0,
01019,0,11,1,3,0.13960195392372957,0,
01021,0,14,1,3,0.16358963414888647,0,
01025,1,10,1,3,0.02795368440522355,0,
01031,0,16,1,3,0.08431391087036322,0,
01033,0,9,1,3,0.13994712802982343,0,
01035,1,13,1,3,0.0005985836851305154,0,
01037,0,11,1,3,0.02707024943730954,0,
01039,0,13,1,3,0.09788586689947587,0,
01043,0,19,1,3,0.26767879666419336,0,
01045,0,14,1,3,0.15251186201125472,0,
01047,1,10,1,3,0.22786301603846176,0,
01051,0,13,1,3,0.05232356619558848,0,
01053,1,9,1,3,0.09295918695329564,0,
01055,0,14,1,3,0.310934225775489,0,
01057,0,10,1,3,0.06554570404872447,0,
01059,0,10,1,3,0.1134039231521827,0,
01063,1,8,1,3,0.05451577460869754,0,
01065,1,9,1,3,0.06248144988142405,0,
01067,0,9,1,3,0.06524530342518556,0,
01069,0,14,1,3,0.3325067549330974,0,
01071,0,22,1,3,0.30074949783818217,0,
01075,0,9,1,3,0.0620139046182059,0,
01077,0,9,1,3,0.11874099599628457,0,
01079,0,10,1,3,0.11304189797943912,0,
01083,0,15,1,3,0.12008232552657086,0,
01085,1,8,1,3,0.0607063345980218,0,
01087,1,13,1,3,0.050709767970013184,0,
01089,0,25,1,3,0.10646149074164712,0,
01091,1,15,1,3,0.04873207619610643,0,
01093,0,12,1,3,0.11461096364490733,0,
01095,0,18,1,3,0.5332015254953899,1,
01099,1,17,1,3,0.0007318045359969344,0,
01101,0,24,1,3,0.11624059776429832,0,
01103,0,16,1,3,0.2370877353146168,0,
01105,1,9,1,3,0.1262328282408068,0,
01107,1,8,1,3,0.02828888863816672,0,
01109,1,9,1,3,0.9460178025500916,1,
01111,0,8,1,3,0.06973095653392594,0,
01113,0,12,1,3,0.2087783041130683,0,
01115,0,18,1,3,0.20094979725523943,0,
01119,1,11,1,3,0.03248262042838729,0,
01121,0,12,1,3,0.21277502057104572,0,
01123,0,12,1,3,0.05195812434382719,0,
01125,0,27,1,3,0.16218065657108466,0,
01127,0,18,1,3,0.5016246156998823,1,
01129,0,16,1,3,0.040693522395704645,0,
01131,1,13,1,3,3.0479166740045183e-06,0,
01133,0,11,1,3,0.10795685807707431,0,
04009,1,10,1,3,0.11909828477481868,0,
04023,1,9,1,3,0.05739134722864468,0,
05001,0,13,1,3,0.2282619382642801,0,
05003,0,7,1,3,0.12157660595975571,0,
05005,0,12,1,3,0.13057399299758782,0,
05009,0,9,1,3,0.0704768306756935,0,
05011,1,7,1,3,0.12405668340063802,0,
05015,0,9,1,3,0.028428152779051724,0,
05019,0,8,1,3,0.6145411532022733,1,
05021,0,13,1,3,0.10676881039486691,0,
05023,0,17,1,3,0.08139277673271007,0,
05025,0,7,1,3,0.0496679894863378,0,
05027,1,7,1,3,0.17569095053986095,0,
05029,0,15,1,3,0.36649174564153,0,
05031,0,16,1,3,0.14537244576477137,0,
05033,0,11,1,3,0.21287042086032532,0,
05035,1,11,1,3,0.8495805628683902,1,
05037,0,8,1,3,0.4544098935588168,0,
05039,0,6,1,3,0.05065394620101567,0,
05041,1,12,1,3,0.005302609441087611,0,
05043,0,9,1,3,0.07336908862346635,0,
05045,0,15,1,3,0.1481887996152049,0,
05047,0,13,1,3,0.17328386957694214,0,
05049,0,14,1,3,0.09036544743317956,0,
05051,0,10,1,3,0.19408531064215234,0,
05053,0,14,1,3,0.08943792996574965,0,
05055,0,9,1,3,0.12956857069763744,0,
05057,1,10,1,3,0.1426799544677455,0,
05059,0,12,1,3,0.28089878476344876,0,
05061,0,8,1,3,0.11371599725837446,0,
05063,0,20,1,3,0.10899295106363568,0,
05067,0,11,1,3,0.32294223163098246,0,
05069,1,17,1,3,0.5099788316648455,1,
05071,0,12,1,3,4.435211317234169e-06,0,
05073,1,6,1,3,0.07888318257519764,0,
05075,0,14,1,3,0.20777827921306272,0,
05077,1,11,1,3,0.17666007082284635,0,
05079,0,8,1,3,0.09118364765228083,0,
05081,0,7,1,3,0.06375072277101482,0,
05083,0,12,1,3,0.1085824348631621,0,
05085,0,11,1,3,0.16347529301340957,0,
05087,0,13,1,3,0.03954776879139749,0,
05091,0,6,1,3,0.4470336209480921,0,
05093,1,15,1,3,0.7385218095496264,1,
05095,1,9,1,3,0.40870181388154564,0,
05097,0,9,1,3,0.10462590834833194,0,
05099,1,10,1,3,0.05540875579808126,0,
05101,1,20,1,3,1.6484902752380147e-05,0,
05103,0,8,1,3,0.2785315411517082,0,
05105,0,8,1,3,0.11239773261996687,0,
05107,1,12,1,3,0.7002518107214971,1,
05111,1,10,1,3,0.16398990726419566,0,
05113,0,7,1,3,0.28133026935658473,0,
05115,0,13,1,3,0.26986618996847545,0,
05117,0,11,1,3,0.12084432237437107,0,
05121,0,11,1,3,0.08935799985364566,0,
05123,1,13,1,3,0.5683053355511813,1,
05125,0,14,1,3,0.19006463714444607,0,
05127,0,10,1,3,0.15633739822832582,0,
05129,1,10,1,3,0.01887800167296271,0,
05133,0,7,1,3,0.28445366364124947,0,
05135,0,13,1,3,0.0665809257947923,0,
05139,0,10,1,3,0.2097016525622321,0,
05141,0,12,1,3,0.06758651825443443,0,
05145,0,17,1,3,0.40873082814734824,0,
05147,1,9,1,3,0.14143539285953158,0,
05149,0,13,1,3,0.16358225363989806,0,
06005,0,12,1,3,0.09611674449934712,0,
06007,0,18,1,3,0.5785528826105686,1,
06009,0,20,1,3,0.028500938034864854,0,
06011,0,9,1,3,0.14932646811589817,0,
06015,0,4,1,3,0.06779557260592418,0,
06017,0,23,1,3,0.0782859784388717,0,
06021,0,7,1,3,0.5813364507289163,1,
06023,0,36,1,3,0.06761374451251648,0,
06027,0,11,1,3,0.04849065910022558,0,
06031,0,12,1,3,0.7767221181165398,1,
06033,0,15,1,3,0.46227850870906007,0,
06035,0,17,1,3,0.0010907374063247389,0,
06041,0,29,1,3,0.035816514488709636,0,
06043,0,13,1,3,0.05309830487768072,0,
06045,0,29,1,3,0.0008168288561631596,0,
06055,0,12,1,3,0.047638033464427916,0,
06057,0,12,1,3,0.06974745438476782,0,
06063,0,17,1,3,0.08365924324322867,0,
06069,0,7,1,3,0.12426364002988699,0,
06079,0,26,1,3,0.02502319051255744,0,
06083,0,24,1,3,0.0859901342903929,0,
06087,0,17,1,3,0.05980480798962348,0,
06093,0,23,1,3,0.19430190511151602,0,
06097,0,37,1,3,0.004717540653524244,0,
06101,0,13,1,3,0.7117121516839764,1,
06103,0,15,1,3,0.4887151603785874,0,
06109,0,16,1,3,0.056720353229168546,0,
06113,0,19,1,3,0.29020656327069094,0,
06115,0,17,1,3,0.5410769277255956,1,
08001,0,35,1,3,0.5829435703860774,1,
08005,0,33,1,3,0.3385119405436787,0,
08007,0,5,1,3,0.010589014447411164,0,
08009,0,8,1,3,0.024148091767271347,0,
08013,0,22,1,3,0.8023811147543698,1,
08014,0,6,1,3,0.20920120353468813,0,
08035,0,18,1,3,0.1717182968128558,0,
08037,0,13,1,3,0.026195857729618792,0,
08043,0,11,1,3,0.0689111197288551,0,
08045,0,8,1,3,0.01937259084733712,0,
08055,0,4,1,3,0.026573051373119994,0,
08059,0,33,1,3,0.19575108024919097,0,
08067,0,6,1,3,0.016979274030945082,0,
08069,0,24,1,3,0.15915522908873284,0,
08077,0,19,1,3,0.5664122222869409,1,
08081,0,5,1,3,0.024029613933082696,0,
08087,0,10,1,3,0.05918026599926454,0,
08099,0,6,1,3,0.018912237871707194,0,
08101,0,15,1,3,0.5057350691210414,1,
08107,0,9,1,3,0.00608140339652086,0,
08109,1,8,1,3,0.016294833391027552,0,
08113,0,7,1,3,0.0052726806630513925,0,
08121,0,12,1,3,0.010349032191156524,0,
08123,0,41,1,3,0.34557071820778124,0,
09001,0,46,1,3,0.1966344694150191,0,
09003,0,58,1,3,0.2926383802572091,0,
09005,0,40,1,3,0.05898088969868846,0,
09007,0,24,1,3,0.10153219994216,0,
09009,0,41,1,3,0.23529594010147636,0,
09011,0,31,1,3,0.183180510177671,0,
09015,0,31,1,3,0.13451123708644475,0,
10001,0,18,1,3,0.041958906129074214,0,
10005,0,24,1,3,0.2880812815164902,0,
12001,1,23,1,3,0.043496645778831736,0,
12003,0,5,1,3,0.0430974292184568,0,
12005,0,16,1,3,0.26354016248730794,0,
12015,0,17,1,3,0.2598297494411303,0,
12017,0,15,1,3,0.24357212830892422,0,
12019,0,12,1,3,0.1025628802114997,0,
12023,0,8,1,3,0.1913691367734428,0,
12033,0,18,1,3,0.023939520242401285,0,
12035,0,7,1,3,0.13188248155798615,0,
12039,0,7,1,3,0.16214969628972403,0,
12041,0,5,1,3,0.0870600757335094,0,
12043,0,5,1,3,0.22482008833835648,0,
12049,1,4,1,3,0.10532524146677705,0,
12051,0,6,1,3,0.2637217965845049,0,
12053,0,12,1,3,0.5709628655532256,1,
12055,0,9,1,3,0.20055040744991035,0,
12059,0,4,1,3,0.05123538887923425,0,
12061,0,9,1,3,0.1811127725237115,0,
12063,0,14,1,3,0.028214697757344295,0,
12065,0,4,1,3,0.029666704921630913,0,
12073,0,10,1,3,0.051143001482750305,0,
12075,0,13,1,3,0.12170656721836123,0,
12079,1,5,1,3,0.04214522038167082,0,
12083,0,31,1,3,0.1316202653916291,0,
12085,0,12,1,3,0.20423092518455785,0,
12087,0,11,1,3,0.06854293322879518,0,
12089,0,6,1,3,0.05281556393416298,0,
12091,0,14,1,3,0.08784986530866568,0,
12097,0,17,1,3,0.3937550048818452,0,
12101,0,31,1,3,0.49132038785674753,0,
12107,1,17,1,3,0.2803638359515618,0,
12109,0,12,1,3,0.07495890917275572,0,
12111,0,17,1,3,0.3101682528995803,0,
12113,0,9,1,3,0.0739803673827749,0,
12117,0,17,1,3,0.1457343865108282,0,
12119,0,11,1,3,0.16867023615051052,0,
12121,0,9,1,3,0.12066668084562435,0,
12129,0,4,1,3,0.06462790129019293,0,
12131,0,12,1,3,0.08852858950365027,0,
12133,0,10,1,3,0.1771856417245372,0,
13001,0,7,1,3,0.28619787224531773,0,
13003,1,5,1,3,0.15057889411323191,0,
13005,1,3,1,3,0.19863070315066875,0,
13009,0,6,1,3,0.9999687533987995,1,
13013,0,8,1,3,0.08041345915307967,0,
13015,0,14,1,3,0.2269122754588026,0,
13017,1,4,1,3,0.1164296921362194,0,
13019,0,6,1,3,0.08699682265196579,0,
13021,0,12,1,3,0.7770285426694852,1,
13023,0,6,1,3,0.11017264696770798,0,
13025,0,6,1,3,0.20972965072804522,0,
13031,1,11,1,3,0.27482320794168313,0,
13033,1,9,1,3,0.15963487115316108,0,
13035,0,5,1,3,0.5182627879397043,1,
13039,0,8,1,3,0.05190628978564865,0,
13043,0,4,1,3,0.2052355722582579,0,
13045,0,11,1,3,0.8888893165123088,1,
13055,0,6,1,3,0.1603160850121357,0,
13057,0,15,1,3,0.16650358931469159,0,
13059,1,9,1,3,0.7262675378583072,1,
13063,0,16,1,3,0.4098742099395891,0,
13069,0,10,1,3,0.15915428223653985,0,
13071,0,13,1,3,0.268125391327211,0,
13073,0,7,1,3,0.06759744542097054,0,
13075,1,5,1,3,0.22146457651870205,0,
13077,0,10,1,3,0.12806941652995668,0,
13083,0,5,1,3,0.0748532154138691,0,
13085,0,5,1,3,0.051670401090338124,0,
13087,1,8,1,3,0.170555039984475,0,
13093,1,8,1,3,0.055768154676797674,0,
13095,1,6,1,3,0.3505793533314346,0,
13097,0,8,1,3,0.34323583848963946,0,
13101,0,6,1,3,0.040799226640857104,0,
13103,0,8,1,3,0.034881028487017504,0,
13107,1,13,1,3,0.17451966632483068,0,
13109,1,6,1,3,0.2930115794159747,0,
13111,0,8,1,3,0.03565152199260519,0,
13113,0,8,1,3,0.1456178749382905,0,
13115,0,13,1,3,0.1709255708828633,0,
13119,0,10,1,3,0.3817010723164078,0,
13127,0,8,1,3,0.0011326072380452917,0,
13129,0,8,1,3,0.1317510798547752,0,
13137,0,7,1,3,0.2663150406412065,0,
13139,0,19,1,3,0.1982558276203249,0,
13149,0,6,1,3,0.06730870232640994,0,
13151,0,11,1,3,0.2464524660602213,0,
13153,0,12,1,3,0.2536841748909977,0,
13155,0,7,1,3,0.06605710144407385,0,
13157,0,16,1,3,0.09956982999390143,0,
13163,1,9,1,3,0.11974188227538127,0,
13165,1,5,1,3,0.15046640431237474,0,
13167,1,5,1,3,0.04173253846391806,0,
13169,0,8,1,3,0.19977234531392196,0,
13175,0,15,1,3,0.1677325107056701,0,
13179,0,9,1,3,4.942003471805688e-15,0,
13189,0,4,1,3,0.17557250418165676,0,
13191,0,4,1,3,0.023419527144696348,0,
13193,1,10,1,3,0.00781188174983618,0,
13195,0,11,1,3,0.16203679473349564,0,
13197,1,4,1,3,0.026424468760367,0,
13215,0,11,1,3,0.3722175719184273,0,
13217,0,11,1,3,0.39283378398076985,0,
13219,0,8,1,3,0.036828217307060304,0,
13223,0,11,1,3,0.14619804110671616,0,
13225,1,3,1,3,0.24647409861551867,0,
13227,0,9,1,3,0.08701845843001853,0,
13233,0,8,1,3,0.33020643006213113,0,
13235,0,5,1,3,0.021686539411150278,0,
13237,0,5,1,3,0.05667449936942626,0,
13247,0,9,1,3,0.3789823867656565,0,
13253,1,4,1,3,0.10225279837099957,0,
13257,0,5,1,3,0.4221131898141319,0,
13261,1,8,1,3,0.1040506060438887,0,
13267,1,6,1,3,0.06658865515972033,0,
13273,1,7,1,3,0.09476313385273306,0,
13275,0,9,1,3,0.06404363174975447,0,
13277,0,9,1,3,0.18239496738465133,0,
13279,1,3,1,3,0.18111906784950849,0,
13281,0,3,1,3,0.0258186516139872,0,
13285,0,7,1,3,0.11360239967662883,0,
13287,1,4,1,3,0.14780690460144602,0,
13291,0,4,1,3,0.05307648544549735,0,
13293,0,7,1,3,0.34411684756644856,0,
13295,0,14,1,3,0.12490533750791168,0,
13297,0,11,1,3,0.28880586981409767,0,
13299,1,7,1,3,0.3466223252578835,0,
13301,1,9,1,3,0.004809602676853823,0,
13303,1,10,1,3,0.03848377323071715,0,
13305,0,6,1,3,0.12316860742990285,0,
13309,1,4,1,3,0.017101145414444466,0,
13313,0,8,1,3,0.24571527325248,0,
13315,1,8,1,3,0.05280411154687059,0,
13317,0,5,1,3,0.007972126194527992,0,
16001,0,17,1,3,0.18010048783235105,0,
16011,0,11,1,3,0.15435392975920253,0,
16013,0,8,1,3,0.23080275943402495,0,
16017,0,18,1,3,0.1846823648999976,0,
16019,0,14,1,3,0.16955705345535496,0,
16025,0,2,1,3,0.030691974641255206,0,
16031,0,9,1,3,0.12028488433208925,0,
16035,0,7,1,3,0.03810997515731845,0,
16039,0,7,1,3,0.01975940293457921,0,
16041,0,7,1,3,0.018643813271354354,0,
16045,0,7,1,3,0.052296908118901655,0,
16047,0,6,1,3,0.2597078765410108,0,
16055,0,13,1,3,0.14687924016162396,0,
16059,0,10,1,3,0.03318694667091935,0,
16069,0,10,1,3,0.05358721501752263,0,
16073,0,12,1,3,0.08672909335079623,0,
16075,0,7,1,3,0.052256659569343375,0,
16079,0,15,1,3,5.2755444217132044e-05,0,
16081,0,5,1,3,0.12875426950365837,0,
16083,0,10,1,3,0.14757121316474692,0,
16087,0,5,1,3,0.01457160507816347,0,
17001,0,23,1,3,0.1263538451012649,0,
17003,1,8,1,3,0.2905313168606506,0,
17007,0,15,1,3,0.20881761197137866,0,
17011,0,30,1,3,0.09437248737873448,0,
17013,0,7,1,3,0.04782493272167016,0,
17017,0,7,1,3,0.10835741020195479,0,
17019,0,35,1,3,0.2592216689218827,0,
17021,0,20,1,3,0.09310235906754652,0,
17025,0,13,1,3,0.1980626090466346,0,
17027,0,17,1,3,0.11482642141387167,0,
17033,0,10,1,3,0.08282046657905966,0,
17039,0,13,1,3,0.11331570766418114,0,
17041,0,13,1,3,0.12188450068355838,0,
17043,0,43,1,3,0.20089302142523455,0,
17045,0,15,1,3,0.05245313145017281,0,
17049,0,15,1,3,0.09123931055927398,0,
17053,0,21,1,3,0.1365682538286412,0,
17055,0,19,1,3,0.24750118308366953,0,
17057,0,24,1,3,0.08850700249656686,0,
17059,0,9,1,3,0.13528706326847695,0,
17063,0,16,1,3,0.1274444883865632,0,
17073,0,23,1,3,0.09287506812893562,0,
17075,0,25,1,3,0.12505333819983866,0,
17081,0,17,1,3,0.2823003039288472,0,
17087,0,10,1,3,0.08251226027686157,0,
17091,0,21,1,3,0.36896012968361896,0,
17093,0,19,1,3,0.2594927081953094,0,
17095,0,22,1,3,0.15487219663302493,0,
17097,0,35,1,3,0.24526458174721089,0,
17099,0,28,1,3,0.2835516453760001,0,
17103,0,24,1,3,0.09759356508492516,0,
17105,0,29,1,3,0.1772737416382799,0,
17107,0,20,1,3,0.07964028194715278,0,
17109,0,17,1,3,0.09747863189407487,0,
17111,0,24,1,3,0.16337418091565656,0,
17113,0,33,1,3,0.18806511740812076,0,
17115,0,27,1,3,0.508636209329221,1,
17117,0,28,1,3,0.27564287861298176,0,
17121,0,15,1,3,0.25234170213500734,0,
17123,0,19,1,3,0.10151420308472671,0,
17125,0,11,1,3,0.10219105505405503,0,
17127,0,8,1,3,0.21018790563520956,0,
17133,0,9,1,3,0.0883002469684173,0,
17137,0,16,1,3,0.1054891593013135,0,
17141,0,27,1,3,0.13326305152977466,0,
17149,0,16,1,3,0.08615522824772655,0,
17157,0,18,1,3,0.10142006970536206,0,
17159,0,9,1,3,0.1270761155004142,0,
17161,0,20,1,3,0.2829033577624051,0,
17165,0,11,1,3,0.2765484937574686,0,
17167,0,29,1,3,0.255737778431259,0,
17171,0,9,1,3,0.07484056707164229,0,
17173,0,22,1,3,0.07442136615414036,0,
17179,0,21,1,3,0.11941232645956625,0,
17181,0,13,1,3,0.06942710448633377,0,
17183,0,27,1,3,0.41510966360088675,0,
17187,0,14,1,3,0.1316719835791547,0,
17189,0,13,1,3,0.07128212203919376,0,
17193,0,11,1,3,0.07997895873367836,0,
17199,0,22,1,3,0.12217470003667316,0,
17201,0,26,1,3,0.30790080716438206,0,
17203,0,16,1,3,0.09303950328736992,0,
18001,0,8,1,3,0.6271498649458742,1,
18003,0,33,1,3,0.5240766285560015,1,
18005,0,14,1,3,0.08588764849669502,0,
18009,0,7,1,3,0.341908453374126,0,
18011,0,12,1,3,0.1176457130580864,0,
18013,0,9,1,3,0.017156261195332468,0,
18017,0,12,1,3,0.4275985258477585,0,
18019,0,15,1,3,0.3718955891507154,0,
18021,0,17,1,3,0.1752931124730543,0,
18023,0,12,1,3,0.4031927819332547,0,
18029,0,9,1,3,0.11719039737503617,0,
18035,0,21,1,3,0.6382733202441258,1,
18037,0,13,1,3,0.09343263320170148,0,
18039,0,17,1,3,0.6312106593519289,1,
18043,0,10,1,3,0.1979894129770036,0,
18047,0,15,1,3,0.08549549566897902,0,
18051,0,16,1,3,0.20294393046384474,0,
18053,0,15,1,3,0.6821792322563509,1,
18055,0,16,1,3,0.1638670231797735,0,
18059,0,15,1,3,0.2866661251614745,0,
18061,0,16,1,3,0.04956849466242725,0,
18063,0,19,1,3,0.1829245702930078,0,
18067,0,10,1,3,0.5027026292004912,1,
18069,0,9,1,3,0.19965730281505506,0,
18071,0,8,1,3,0.07034143927353702,0,
18073,0,13,1,3,0.2741832527798084,0,
18079,0,13,1,3,0.07961618597821724,0,
18081,0,12,1,3,0.1374918037955906,0,
18083,0,11,1,3,0.3464730107279792,0,
18085,0,21,1,3,0.22486667127448556,0,
18087,0,12,1,3,0.5578705162023172,1,
18091,0,15,1,3,0.6305474740398407,1,
18093,0,12,1,3,0.10910416601082887,0,
18095,0,18,1,3,0.5463442162912145,1,
18101,0,7,1,3,0.06854068337358049,0,
18105,0,18,1,3,0.9999999999830087,1,
18107,0,16,1,3,0.17205879303035826,0,
18109,0,14,1,3,0.2077754863355801,0,
18117,0,11,1,3,0.05196685015393428,0,
18123,0,14,1,3,0.03019967123358345,0,
18127,0,15,1,3,0.3040555235712378,0,
18129,0,7,1,3,0.07817616941094982,0,
18133,0,15,1,3,0.10170122276635074,0,
18139,0,16,1,3,0.1935425133587912,0,
18141,0,24,1,3,0.746609208498201,1,
18143,0,6,1,3,0.09244184751734083,0,
18145,0,17,1,3,0.2207500631068386,0,
18147,0,16,1,3,0.13969865920766816,0,
18149,0,11,1,3,0.47017198122484527,0,
18153,0,13,1,3,0.22775344090444155,0,
18157,0,18,1,3,0.3278285136732772,0,
18163,0,11,1,3,0.558003301200938,1,
18167,0,18,1,3,0.9684845120430317,1,
18169,0,14,1,3,0.22984825429146583,0,
18173,0,12,1,3,0.13236560111057424,0,
18175,0,12,1,3,0.03093938488314433,0,
18177,0,17,1,3,0.5503766658720041,1,
19003,0,9,1,3,0.01865464678392103,0,
19007,0,11,1,3,0.04198271351916066,0,
19009,0,11,1,3,0.02318920294873053,0,
19011,0,24,1,3,0.032918520717288624,0,
19013,0,17,1,3,0.20684834786233955,0,
19015,0,18,1,3,0.044041384930133085,0,
19021,0,13,1,3,0.09483628853047116,0,
19023,0,16,1,3,0.023191750593778208,0,
19027,0,16,1,3,0.019475908752670676,0,
19031,0,18,1,3,0.026725089006900037,0,
19037,0,9,1,3,0.029159601377616046,0,
19039,0,9,1,3,0.021275804326722252,0,
19041,0,15,1,3,0.03862593762459478,0,
19045,0,20,1,3,0.09298667717954984,0,
19049,0,25,1,3,0.09088828332394991,0,
19057,0,12,1,3,0.09937603218752866,0,
19061,0,19,1,3,0.10677377133587782,0,
19067,0,13,1,3,0.03666399343044737,0,
19071,0,11,1,3,0.01937310345500948,0,
19077,0,18,1,3,0.018240682818234703,0,
19079,0,15,1,3,0.024279610460311248,0,
19087,0,11,1,3,0.03770783806277689,0,
19095,0,21,1,3,0.031086065621953762,0,
19097,0,14,1,3,0.06434748219383186,0,
19099,0,19,1,3,0.021566315393370877,0,
19103,0,24,1,3,0.45290948707482637,0,
19105,0,16,1,3,0.021897388780137975,0,
19109,0,21,1,3,0.034296181635032855,0,
19111,0,12,1,3,0.07913361950623901,0,
19113,0,29,1,3,0.06598667175720878,0,
19121,0,14,1,3,0.01511195817719498,0,
19123,0,20,1,3,0.025866583523165107,0,
19127,0,21,1,3,0.03900022540953057,0,
19129,0,11,1,3,0.023017538119013303,0,
19133,0,15,1,3,0.022820576427953564,0,
19145,0,12,1,3,0.009312306773433998,0,
19149,0,14,1,3,0.05178942247806553,0,
19151,0,16,1,3,0.052587494148313,0,
19155,0,24,1,3,0.059817540367270446,0,
19157,0,17,1,3,0.013920930000027233,0,
19161,0,16,1,3,0.03088080807251475,0,
19163,0,22,1,3,0.12172455518786914,0,
19169,0,22,1,3,0.046189826960322526,0,
19179,0,12,1,3,0.053733106487069644,0,
19181,0,19,1,3,0.026261344081041665,0,
19187,0,22,1,3,0.11981439703364993,0,
19193,0,25,1,3,0.15334572466283627,0,
19197,0,16,1,3,0.02469251113601588,0,
20001,0,11,1,3,0.12043312488781106,0,
20005,0,10,1,3,0.01731771944830566,0,
20009,0,10,1,3,0.04071628969773534,0,
20011,0,13,1,3,0.04517812539132399,0,
20015,0,20,1,3,0.0144534776195042,0,
20019,0,10,1,3,0.06739828619251685,0,
20021,0,13,1,3,0.0037927437667275733,0,
20027,0,10,1,3,0.02439729243946826,0,
20029,0,8,1,3,0.032787850242809176,0,
20035,0,14,1,3,0.09020541010796435,0,
20037,0,15,1,3,0.024039153614385297,0,
20039,0,8,1,3,0.026132435921194973,0,
20041,0,12,1,3,0.04870284474448202,0,
20045,0,12,1,3,0.5660398925880826,1,
20047,0,7,1,3,0.011055072576467413,0,
20051,0,11,1,3,0.01640369841963341,0,
20055,0,7,1,3,0.03300779948310966,0,
20057,0,10,1,3,0.034148491009978146,0,
20059,0,13,1,3,0.03950351973082765,0,
20061,0,8,1,3,0.20938543872424378,0,
20067,0,3,1,3,0.035219474644921804,0,
20073,0,11,1,3,0.030016132016579225,0,
20079,0,13,1,3,0.04428426889718756,0,
20083,0,8,1,3,0.007805027895173538,0,
20085,0,18,1,3,0.014758376873510412,0,
20087,0,15,1,3,0.024103879944450096,0,
20095,0,12,1,3,0.011983728695671773,0,
20097,0,7,1,3,0.007591509199722253,0,
20099,0,13,1,3,0.09800253142882609,0,
20103,0,13,1,3,0.05400395414850345,0,
20111,0,12,1,3,0.1412824288578596,0,
20113,0,12,1,3,0.05206903532822621,0,
20121,0,11,1,3,0.020909523584843864,0,
20125,0,13,1,3,0.17435994949242184,0,
20127,0,9,1,3,0.04738329504528935,0,
20129,0,5,1,3,0.01223928123472229,0,
20133,0,11,1,3,0.13474774351089305,0,
20135,0,9,1,3,0.10310416095660109,0,
20139,0,15,1,3,0.04677764547412695,0,
20147,0,9,1,3,0.08842839205147084,0,
20149,0,12,1,3,0.06314222285595646,0,
20155,0,22,1,3,0.06802451601974553,0,
20159,0,13,1,3,0.008931266204761071,0,
20161,1,14,1,3,7.518982410526787e-05,0,
20163,0,10,1,3,0.08379307839743104,0,
20167,0,11,1,3,0.02046982882150592,0,
20169,0,9,1,3,0.07760697143519979,0,
20175,0,6,1,3,0.05220453554098654,0,
20179,0,11,1,3,0.17366456125955737,0,
20201,0,15,1,3,0.059857218640250925,0,
20205,0,10,1,3,0.18481267644302765,0,
21001,0,10,1,3,0.0654024349881896,0,
21003,0,6,1,3,0.07363331520882385,0,
21009,0,11,1,3,0.26967270545065386,0,
21011,1,8,1,3,0.15590123450570573,0,
21013,1,11,1,3,0.35462402470573795,0,
21015,0,9,1,3,0.21359211294995215,0,
21019,0,4,1,3,0.6158906335884715,1,
21021,0,5,1,3,0.09177073281953498,0,
21023,0,7,1,3,0.08188896547462084,0,
21027,0,18,1,3,0.04109339449156818,0,
21029,0,11,1,3,0.3588031583504005,0,
21033,0,6,1,3,0.0312052787024915,0,
21037,0,10,1,3,0.3417714639114769,0,
21041,0,8,1,3,0.5743130895051434,1,
21047,0,15,1,3,0.26761799469994063,0,
21049,0,4,1,3,0.12248303835573605,0,
21051,1,10,1,3,0.19960361997121928,0,
21057,1,3,1,3,0.02837936302025331,0,
21059,0,10,1,3,0.4751796548816978,0,
21061,0,12,1,3,0.051659983231880216,0,
21063,1,6,1,3,0.09202516571702721,0,
21067,0,17,1,3,0.12669627980978074,0,
21069,0,7,1,3,0.23643941095710058,0,
21071,1,33,1,3,0.4998298687985072,0,
21073,0,5,1,3,0.047306124180185774,0,
21075,1,3,1,3,0.12066599187714233,0,
21077,0,6,1,3,0.35062994838130124,0,
21079,0,5,1,3,0.07386328913439305,0,
21081,0,8,1,3,0.1542330348556572,0,
21083,0,18,1,3,0.23073286489417022,0,
21085,0,9,1,3,0.1432546014093281,0,
21093,0,17,1,3,0.1609544387547409,0,
21097,0,6,1,3,0.06609112902960555,0,
21099,1,10,1,3,0.13582760705044744,0,
21101,0,8,1,3,0.5530583724911955,1,
21103,0,13,1,3,0.0888578567959094,0,
21105,0,7,1,3,0.08099206605157538,0,
21107,0,13,1,3,0.22446558788016294,0,
21113,0,4,1,3,0.09113718597306861,0,
21115,1,19,1,3,0.24969322248238082,0,
21117,0,12,1,3,0.37199051549784545,0,
21119,1,24,1,3,0.27452470349290026,0,
21121,1,19,1,3,7.085038046879414e-05,0,
21125,1,8,1,3,0.2914638038640751,0,
21127,1,10,1,3,0.3001946297320719,0,
21133,1,26,1,3,0.1701110348687689,0,
21137,1,11,1,3,0.007001950925937745,0,
21141,0,7,1,3,0.0846483010353277,0,
21145,0,7,1,3,0.703751828167744,1,
21149,0,7,1,3,0.14888549112862526,0,
21151,0,5,1,3,0.22042043700397335,0,
21153,1,4,1,3,0.2109218307388061,0,
21159,1,9,1,3,0.12368406504722892,0,
21161,0,5,1,3,0.1782894990234931,0,
21163,0,12,1,3,0.09570745697208567,0,
21167,0,5,1,3,0.06236111270246056,0,
21171,1,6,1,3,4.500146804330619e-15,0,
21173,0,5,1,3,0.2155943559101477,0,
21175,1,8,1,3,0.06992893356342407,0,
21179,0,9,1,3,0.05256265756888069,0,
21183,0,16,1,3,0.05637217276024405,0,
21185,0,11,1,3,0.08632617535792492,0,
21191,0,10,1,3,0.05826350837090239,0,
21195,1,39,1,3,0.2328842295698818,0,
21197,1,4,1,3,0.1803105589812801,0,
21199,0,11,1,3,0.3564726229110865,0,
21201,1,7,1,3,0.08269333609544949,0,
21203,1,7,1,3,0.1621512061448218,0,
21205,1,4,1,3,0.08652442329626389,0,
21207,1,7,1,3,0.1548739535453215,0,
21209,0,6,1,3,0.033769348445024355,0,
21211,0,14,1,3,0.14062682484052377,0,
21217,0,6,1,3,0.08155663437565379,0,
21221,0,5,1,3,0.028225450350507022,0,
21225,0,5,1,3,0.11046925503713514,0,
21227,0,9,1,3,0.05336645094024708,0,
21231,1,5,1,3,0.17108413779931758,0,
21235,1,7,1,3,0.3314203768083171,0,
21237,1,5,1,3,0.291199628886528,0,
21239,0,3,1,3,0.034416789769312596,0,
22001,1,15,1,3,0.5995221508723367,1,
22003,0,13,1,3,0.0753086491830687,0,
22005,0,8,1,3,0.37551054853851196,0,
22009,1,15,1,3,0.18836994518341393,0,
22011,0,9,1,3,0.07843285328907992,0,
22013,1,13,1,3,0.1357942334173762,0,
22019,0,16,1,3,0.7018444830231917,1,
22021,0,4,1,3,0.08070324455678893,0,
22023,0,8,1,3,0.651027674098863,1,
22027,1,11,1,3,0.2035301652374984,0,
22031,0,10,1,3,0.2695470814531709,0,
22039,1,12,1,3,0.4279949246485993,0,
22041,1,7,1,3,0.4146458182177548,0,
22043,0,8,1,3,0.02303325489085465,0,
22045,1,10,1,3,0.49939067089208233,0,
22047,0,8,1,3,0.5746006720106092,1,
22049,0,7,1,3,0.07601845949035421,0,
22053,0,10,1,3,0.4127611499963231,0,
22055,0,16,1,3,0.17868082561292065,0,
22057,0,14,1,3,0.31157860382696084,0,
22063,0,17,1,3,0.3058971464017833,0,
22065,1,4,1,3,0.29737907442761213,0,
22069,1,16,1,3,0.17959866986247602,0,
22077,0,17,1,3,0.22443348057688015,0,
22079,0,27,1,3,0.34304328852367816,0,
22083,1,6,1,3,0.3315094889185972,0,
22087,0,6,1,3,0.8933264643745029,1,
22089,0,10,1,3,0.22505183178501564,0,
22093,0,7,1,3,0.5777799414390957,1,
22095,0,6,1,3,0.6073746694694362,1,
22099,0,8,1,3,0.30115077019213554,0,
22101,1,8,1,3,0.40298280252235263,0,
22103,0,17,1,3,0.13722451593465163,0,
22105,1,20,1,3,0.8552134729039362,1,
22107,1,4,1,3,0.16079259800249313,0,
22109,0,13,1,3,0.5030211158584657,1,
22111,0,10,1,3,0.05108620977841307,0,
22113,0,12,1,3,0.11272001039977167,0,
22115,0,13,1,3,0.08942679323537767,0,
22117,1,6,1,3,0.13999667631019813,0,
22119,1,12,1,3,0.40306516028550243,0,
22121,0,5,1,3,0.47912303179468874,0,
22123,1,4,1,3,0.16606873635511885,0,
22127,1,12,1,3,0.04340234942991388,0,
23001,0,14,1,3,0.07932670888765855,0,
23005,0,38,1,3,0.07602515081918214,0,
23007,0,18,1,3,0.033492336447208323,0,
23009,0,40,1,3,0.005322365108471181,0,
23011,0,27,1,3,0.07094170571164549,0,
23013,0,19,1,3,0.18893643284261435,0,
23017,0,33,1,3,0.022107228675642233,0,
23019,0,47,1,3,0.202584513538582,0,
23021,0,16,1,3,0.011339806362467942,0,
23025,0,24,1,3,0.13694152575510554,0,
23027,0,18,1,3,0.02942976110676644,0,
23031,0,36,1,3,0.02224083602026066,0,
24001,0,15,1,3,0.026564438767874725,0,
24011,0,10,1,3,0.12470876614706011,0,
24013,0,15,1,3,0.03531630133849669,0,
24017,0,24,1,3,0.049043773906893094,0,
24019,0,18,1,3,0.11939269281675718,0,
24021,0,34,1,3,0.03308877926052699,0,
24027,0,24,1,3,0.10402738787753453,0,
24029,0,9,1,3,0.03795752463697461,0,
24035,0,16,1,3,0.04133723017690132,0,
24037,0,26,1,3,0.0595361931490163,0,
24039,0,11,1,3,2.2041293336173457e-52,0,
24041,0,16,1,3,0.046314230244175615,0,
24043,0,20,1,3,4.619676635253593e-08,0,
24047,0,12,1,3,0.08214932374871245,0,
25001,0,47,1,3,0.04201788300061963,0,
25005,0,36,1,3,0.4304586527084665,0,
25011,0,32,1,3,0.03204744263015803,0,
25013,0,41,1,3,0.403790887734211,0,
25015,0,28,1,3,0.019441150641822523,0,
25023,0,34,1,3,0.11852901418928531,0,
25025,0,36,1,3,0.6072976865060036,1,
25027,0,87,1,3,0.13692038625285696,0,
26005,0,24,1,3,0.19533081409878936,0,
26009,0,16,1,3,0.08825749775814606,0,
26011,0,10,1,3,0.42993379636756757,0,
26013,0,7,1,3,0.008684850714869357,0,
26015,0,15,1,3,0.1065188777608446,0,
26017,0,16,1,3,0.5227789630115477,1,
26021,0,23,1,3,0.3925160654220816,0,
26023,0,13,1,3,0.269880273990562,0,
26025,0,22,1,3,0.3688017160760447,0,
26027,0,14,1,3,0.3668156652520893,0,
26041,0,13,1,3,0.15807096185683295,0,
26045,0,19,1,3,0.16506194878228442,0,
26049,0,34,1,3,0.5977763646369569,1,
26055,0,9,1,3,0.09205795145027572,0,
26059,0,18,1,3,0.284236694411446,0,
26061,0,20,1,3,0.03106463975363888,0,
26063,0,18,1,3,0.2621564410961176,0,
26065,0,22,1,3,0.9889314694565021,1,
26067,0,21,1,3,0.1393621822204615,0,
26073,1,15,1,3,0.25910676235075547,0,
26075,0,29,1,3,0.46921945812108545,0,
26077,0,25,1,3,0.28711966740013684,0,
26081,0,39,1,3,0.4999208741638011,0,
26087,0,22,1,3,0.13068433732454662,0,
26091,0,23,1,3,0.18233003524706634,0,
26093,0,20,1,3,0.12994734528638605,0,
26099,0,39,1,3,0.686073875656221,1,
26101,0,15,1,3,0.14735204136109087,0,
26103,0,15,1,3,0.02015506108150193,0,
26115,0,25,1,3,0.2066583668748062,0,
26121,0,20,1,3,0.5419273210967683,1,
26123,0,21,1,3,0.2522620543329879,0,
26127,0,12,1,3,0.3872382956049776,0,
26137,0,7,1,3,0.11767587327315918,0,
26139,0,22,1,3,0.22110397173224206,0,
26141,0,7,1,3,0.04800222312839795,0,
26145,0,28,1,3,0.46797866805570265,0,
26147,0,23,1,3,0.4728259386037669,0,
26149,0,13,1,3,0.36984431684229396,0,
26151,0,22,1,3,0.39665816813334626,0,
26155,0,19,1,3,0.17106745306822674,0,
26157,0,21,1,3,0.15258146289286917,0,
26159,0,22,1,3,0.377817262539634,0,
26161,0,27,1,3,0.14843572891510037,0,
27001,0,12,1,3,0.006277962002293991,0,
27003,0,20,1,3,0.12211949606489607,0,
27005,0,16,1,3,0.012534589125205216,0,
27007,0,18,1,3,0.023678262776962743,0,
27009,0,9,1,3,0.02002458238249515,0,
27025,0,15,1,3,0.022697678766856546,0,
27027,0,15,1,3,0.030827726771847523,0,
27037,0,22,1,3,0.11479060295188774,0,
27041,0,17,1,3,0.012219806866592957,0,
27047,0,18,1,3,0.09163820626795098,0,
27049,0,17,1,3,0.026332488205891857,0,
27057,0,10,1,3,0.007698045315189731,0,
27061,0,30,1,3,0.018139855864320424,0,
27079,0,13,1,3,0.033617535986628956,0,
27083,0,14,1,3,0.00963909278992029,0,
27095,0,12,1,3,0.01858779319664377,0,
27097,0,20,1,3,0.01628071637338996,0,
27099,0,19,1,3,0.05778706531351642,0,
27109,0,19,1,3,0.056324886012206477,0,
27111,0,34,1,3,0.014911837527617869,0,
27115,0,16,1,3,0.004823212041023847,0,
27119,0,25,1,3,0.01019241712638336,0,
27123,0,26,1,3,0.208925328273048,0,
27127,0,22,1,3,0.013651341117738318,0,
27129,0,16,1,3,0.012368647306333603,0,
27131,0,16,1,3,0.04276683120640748,0,
27135,0,11,1,3,0.00949324832746811,0,
27139,0,10,1,3,0.10998242650635566,0,
27141,0,9,1,3,0.046089291607207955,0,
27145,0,33,1,3,0.12083815988906044,0,
27151,0,11,1,3,0.011414901939983341,0,
27153,0,19,1,3,0.015457412424614377,0,
27163,0,19,1,3,0.09272704719341546,0,
27169,0,14,1,3,0.005935217022197782,0,
27171,0,19,1,3,0.0768820767229308,0,
28001,1,2,1,3,0.07259303475407228,0,
28003,0,5,1,3,0.09725014075201793,0,
28007,1,11,1,3,0.05033364039471815,0,
28011,1,17,1,3,0.6062456175878821,1,
28013,0,11,1,3,0.05834663707295524,0,
28015,0,13,1,3,0.10362356892235088,0,
28019,1,9,1,3,0.04194565420307822,0,
28023,1,9,1,3,0.08141880146757915,0,
28025,1,8,1,3,0.094496890304271,0,
28027,1,11,1,3,0.6712925715466224,1,
28029,1,9,1,3,0.11587695520671489,0,
28031,1,8,1,3,0.14734941095385373,0,
28033,0,10,1,3,0.13876406117629458,0,
28035,1,8,1,3,0.9999849785028772,1,
28037,1,8,1,3,0.12901819824312735,0,
28039,0,3,1,3,0.025216260548505294,0,
28041,0,7,1,3,0.04762952928845609,0,
28043,1,7,1,3,0.07863970327884187,0,
28045,0,10,1,3,0.3585795997533022,0,
28051,1,9,1,3,0.10909793093337526,0,
28057,0,10,1,3,0.04810182129704076,0,
28061,1,14,1,3,0.16145119126245633,0,
28065,1,9,1,3,0.06600326849041484,0,
28069,1,11,1,3,0.02997250322189976,0,
28071,1,13,1,3,1.0000000000000004,1,
28073,0,6,1,3,0.04471743652271516,0,
28075,1,12,1,3,4.416947596611392e-06,0,
28081,0,15,1,3,0.13378920677821182,0,
28083,1,11,1,3,0.30285276331090366,0,
28085,0,12,1,3,0.16754781445123143,0,
28087,1,8,1,3,0.11555220722807852,0,
28089,0,12,1,3,0.05911172804017417,0,
28091,1,8,1,3,0.10958762933246506,0,
28093,1,8,1,3,0.10030193059078968,0,
28095,0,12,1,3,0.0678687159899712,0,
28097,1,7,1,3,0.03098211819832348,0,
28099,1,8,1,3,0.11455601436356505,0,
28101,0,11,1,3,0.04108033501077038,0,
28103,1,6,1,3,0.09309234936841859,0,
28107,1,11,1,3,0.20310547155440373,0,
28109,0,5,1,3,0.039204484912624925,0,
28113,1,8,1,3,0.24132163894925618,0,
28115,0,11,1,3,0.11959054558159757,0,
28119,1,10,1,3,0.260543212656524,0,
28121,0,12,1,3,0.07121674645870976,0,
28123,1,10,1,3,0.0686142304955067,0,
28127,1,10,1,3,0.05635420385736704,0,
28131,0,6,1,3,0.022999242671289027,0,
28133,1,16,1,3,0.4642945418278003,0,
28135,1,18,1,3,0.003967349307106664,0,
28137,0,5,1,3,0.15397724764274,0,
28141,0,9,1,3,0.09681924314528381,0,
28145,0,11,1,3,0.05639312742205021,0,
28147,1,6,1,3,0.05186209962071802,0,
28153,1,7,1,3,0.09528521528835159,0,
28159,1,10,1,3,0.029097000637958625,0,
28161,1,7,1,3,0.03850695252566209,0,
28163,1,8,1,3,0.05113669676501015,0,
29001,1,9,1,3,0.04046997843043187,0,
29009,0,17,1,3,0.11824211169654024,0,
29011,0,8,1,3,0.07578135349009807,0,
29013,0,13,1,3,0.03036559316992419,0,
29015,0,13,1,3,0.04875333489755221,0,
29017,0,13,1,3,0.02851589541049684,0,
29019,0,13,1,3,0.05258077041885185,0,
29021,0,15,1,3,0.5502215525936949,1,
29023,0,10,1,3,0.2265141335748156,0,
29025,0,10,1,3,0.13303865535765497,0,
29029,0,18,1,3,0.09835848710203796,0,
29031,0,19,1,3,0.15195365034339872,0,
29033,0,10,1,3,0.08086993284673541,0,
29035,1,5,1,3,0.009167319930351239,0,
29037,0,18,1,3,0.05875254686532385,0,
29039,0,9,1,3,0.06989395576364077,0,
29041,0,12,1,3,0.08470108201202628,0,
29043,0,21,1,3,0.03456537503003831,0,
29049,0,11,1,3,0.05010627622977393,0,
29051,0,9,1,3,0.02269743904732087,0,
29055,0,12,1,3,0.06629296400411502,0,
29057,0,13,1,3,0.05273224678986825,0,
29059,0,13,1,3,0.05335595450834156,0,
29063,0,10,1,3,0.06295220413148984,0,
29065,0,8,1,3,0.01784241725880622,0,
29067,0,16,1,3,0.04525677088937907,0,
29069,1,14,1,3,0.3788442207483267,0,
29071,0,23,1,3,0.06269980790444392,0,
29079,0,7,1,3,0.11232578788372036,0,
29083,0,11,1,3,0.05832429756238651,0,
29085,0,13,1,3,0.14634774108629658,0,
29091,0,12,1,3,0.05819496805825744,0,
29093,0,16,1,3,0.025292561161999794,0,
29099,0,24,1,3,0.2186815948203445,0,
29103,0,12,1,3,0.04835107499530948,0,
29105,0,12,1,3,0.0866449715405832,0,
29107,0,16,1,3,0.09243290566328329,0,
29109,0,21,1,3,0.15426867373232298,0,
29113,0,17,1,3,0.1630843352872163,0,
29115,0,15,1,3,0.043796753857599714,0,
29117,0,12,1,3,0.03961833156949825,0,
29119,0,14,1,3,0.11886152231252084,0,
29121,0,15,1,3,0.03227306056478793,0,
29123,0,7,1,3,0.014034421382201543,0,
29127,0,10,1,3,0.10736531345214934,0,
29131,0,17,1,3,0.08171797487622628,0,
29133,1,6,1,3,0.4018262010202676,0,
29135,0,13,1,3,0.0097928172983574,0,
29139,0,11,1,3,0.08204822938076341,0,
29143,1,17,1,3,0.40125494399199135,0,
29145,0,15,1,3,0.0830105384736649,0,
29147,0,18,1,3,0.01628130378447699,0,
29153,0,18,1,3,0.038061091565373156,0,
29159,0,15,1,3,0.1285322559358214,0,
29161,0,11,1,3,0.019999158074945306,0,
29163,0,12,1,3,0.23037684427019173,0,
29165,0,18,1,3,0.0718233871652607,0,
29169,0,11,1,3,0.019507898345052795,0,
29175,0,12,1,3,0.25664202038134537,0,
29177,0,12,1,3,0.21335097291934543,0,
29181,1,9,1,3,0.033329451372986096,0,
29183,0,14,1,3,0.10873106178697481,0,
29185,0,16,1,3,0.033500329341340784,0,
29186,0,8,1,3,0.026845116708648906,0,
29187,0,15,1,3,0.0657100589505198,0,
29195,0,13,1,3,0.14794112396592107,0,
29197,0,6,1,3,0.04588017060876838,0,
29199,0,10,1,3,0.11584013300174364,0,
29201,0,14,1,3,0.5626281719394003,1,
29207,0,13,1,3,0.09633749498725011,0,
29209,0,17,1,3,0.12698788957493692,0,
29211,0,13,1,3,0.009391584115957752,0,
29213,0,20,1,3,0.1209200800156332,0,
29215,1,21,1,3,1.1130045760828951e-07,0,
29217,0,13,1,3,0.12872670487124518,0,
29219,0,9,1,3,0.1326771520058536,0,
29223,1,14,1,3,0.02012036136694082,0,
29225,0,9,1,3,0.11380830650384506,0,
29229,1,11,1,3,0.08562730877848593,0,
30003,1,18,1,3,0.14014892781894597,0,
30005,1,9,1,3,0.020816770896061626,0,
30013,0,18,1,3,0.050511052814898545,0,
30015,0,13,1,3,0.03961752598720018,0,
30021,0,8,1,3,0.00756422941858465,0,
30029,0,16,1,3,0.032155086742930716,0,
30035,1,5,1,3,0.05335313382842648,0,
30047,0,15,1,3,0.022249681563436704,0,
30049,0,9,1,3,0.022140174526734255,0,
30053,0,6,1,3,0.07164665930657498,0,
30061,0,5,1,3,0.010492750942038135,0,
30073,0,6,1,3,0.0071873036125200546,0,
30081,0,9,1,3,0.014890644049196001,0,
30087,0,8,1,3,0.016872975725562154,0,
30105,0,12,1,3,0.01181008200339777,0,
30111,0,16,1,3,0.08100454841450262,0,
31001,0,14,1,3,0.036047792524230335,0,
31003,0,11,1,3,0.010832555072815973,0,
31007,0,8,1,3,0.015206168232700943,0,
31011,0,8,1,3,0.005541696923171229,0,
31013,0,3,1,3,0.007248210201251005,0,
31023,0,14,1,3,0.0075846782502680355,0,
31025,0,20,1,3,0.022559657937602166,0,
31029,0,7,1,3,6.847044185252558e-23,0,
31033,0,5,1,3,0.006092983389386348,0,
31041,0,21,1,3,3.932004717605314e-05,0,
31045,0,6,1,3,0.002123796120414058,0,
31061,0,8,1,3,0.008000897698250959,0,
31067,0,18,1,3,0.021099468950539702,0,
31075,0,3,1,3,0.007191228897921031,0,
31079,0,11,1,3,0.052443230881150944,0,
31083,0,8,1,3,0.010067003102505183,0,
31093,0,11,1,3,0.009034880140122936,0,
31095,0,12,1,3,0.006311910248248009,0,
31109,0,42,1,3,0.05490757257723332,0,
31111,0,14,1,3,0.009899802780942784,0,
31119,0,8,1,3,0.03452147879740762,0,
31131,0,19,1,3,0.01622136593684182,0,
31135,0,10,1,3,0.0031551020042852934,0,
31141,0,11,1,3,0.03922899062243633,0,
31153,0,13,1,3,0.07092666116598453,0,
31155,0,18,1,3,0.022170342034825014,0,
31157,0,8,1,3,0.042371169352308,0,
31161,0,9,1,3,0.006737400743754923,0,
31173,1,10,1,3,0.030533180100457614,0,
31177,0,15,1,3,0.040391245444489396,0,
31179,0,11,1,3,0.0034324135387512555,0,
31185,0,15,1,3,0.009561734405439342,0,
32001,0,2,1,3,0.3084450402642297,0,
32005,0,9,1,3,0.14763790321692735,0,
32007,0,14,1,3,0.032365642848545415,0,
32013,0,7,1,3,0.007896316073973803,0,
32017,0,5,1,3,3.202212402891719e-20,0,
32019,0,9,1,3,0.6857442589276246,1,
32021,0,5,1,3,0.09168482138896665,0,
32033,0,7,1,3,0.02850299821627463,0,
33005,0,27,1,3,0.04294045753799494,0,
33007,0,16,1,3,0.02635279017014631,0,
33009,0,37,1,3,0.03184972794536827,0,
33011,0,34,1,3,0.09014130831156461,0,
33013,0,31,1,3,0.07323582185939674,0,
33015,0,37,1,3,0.07329615745314975,0,
34009,0,15,1,3,0.2710442364848295,0,
34011,0,22,1,3,7.154292987294869e-05,0,
34015,0,30,1,3,0.19074770257713974,0,
34019,0,26,1,3,0.04835407052694086,0,
34021,0,25,1,3,0.3035265735418029,0,
34027,0,56,1,3,0.08203910947826631,0,
34031,0,33,1,3,0.43983202940035004,0,
34033,0,14,1,3,0.21184707486735105,0,
34035,0,32,1,3,0.11218364670503621,0,
34037,0,21,1,3,0.03907381923074683,0,
34041,0,19,1,3,0.04863693779410211,0,
35005,1,9,1,3,0.13277065170182736,0,
35007,0,9,1,3,0.014210538229903875,0,
35009,0,7,1,3,0.296711963218071,0,
35015,0,8,1,3,0.21222067932176428,0,
35017,0,16,1,3,3.1381578849295997e-09,0,
35019,1,5,1,3,4.545066805384849e-15,0,
35025,0,7,1,3,0.32651955653803544,0,
35029,1,3,1,3,0.05309803101453446,0,
35035,0,18,1,3,0.3064361735802689,0,
35037,1,10,1,3,0.018477500179994482,0,
35039,0,37,1,3,0.0006062058588157043,0,
35041,1,9,1,3,0.032420097361646416,0,
35043,0,21,1,3,0.1624498247344967,0,
35049,0,15,1,3,0.06498289741808652,0,
35051,0,10,1,3,0.26887597714940237,0,
35053,1,14,1,3,0.18426847082799858,0,
35055,1,21,1,3,8.114449386400553e-07,0,
35061,0,8,1,3,0.139760435656931,0,
36001,0,46,1,3,0.12199857854655423,0,
36003,0,37,1,3,0.046953081391948856,0,
36007,0,31,1,3,0.06395049672269376,0,
36009,0,36,1,3,0.03985497873225867,0,
36011,0,26,1,3,2.4983800882022927e-11,0,
36013,0,36,1,3,0.12686184204234485,0,
36015,0,22,1,3,0.10312013957715487,0,
36021,0,36,1,3,0.14229181985881745,0,
36023,0,17,1,3,0.03912838262037573,0,
36027,0,35,1,3,0.10238042654585673,0,
36031,0,34,1,3,0.07579954811264164,0,
36033,0,23,1,3,0.027834302010679234,0,
36037,0,18,1,3,0.07446068262601536,0,
36039,0,42,1,3,0.07406100463646823,0,
36041,0,13,1,3,0.022373662010168084,0,
36043,0,28,1,3,0.0002923931406481023,0,
36045,0,39,1,3,0.169513136206339,0,
36053,0,31,1,3,0.10136572431263821,0,
36055,0,50,1,3,0.38017149347051143,0,
36057,0,20,1,3,0.22824412080029216,0,
36063,0,22,1,3,0.36499046739801533,0,
36065,0,54,1,3,0.1781610527443066,0,
36071,0,51,1,3,0.12252711412669749,0,
36073,0,15,1,3,0.1748824160138514,0,
36075,0,27,1,3,0.13284719557208988,0,
36077,0,43,1,3,0.023082703640559622,0,
36083,0,29,1,3,0.09641421024057921,0,
36089,0,49,1,3,0.04111166649778347,0,
36091,0,27,1,3,0.11224998637918053,0,
36093,0,19,1,3,0.15415789076518374,0,
36099,0,14,1,3,0.13925186970401826,0,
36101,0,39,1,3,0.07834077369544745,0,
36105,0,62,1,3,0.06776534730636435,0,
36107,0,15,1,3,0.05620813339761058,0,
36109,0,17,1,3,0.5763587013239386,1,
36111,0,63,1,3,0.07213973708552435,0,
36115,0,27,1,3,0.11711028334618036,0,
36117,0,20,1,3,0.12985750628935167,0,
37001,0,12,1,3,0.11053656260177977,0,
37003,0,8,1,3,0.06526735627733708,0,
37007,0,8,1,3,0.036415720701678964,0,
37013,0,15,1,3,0.054129751579240167,0,
37015,1,10,1,3,0.022888313329518496,0,
37017,1,18,1,3,0.05673866988883462,0,
37019,0,14,1,3,0.09532751384282069,0,
37021,0,19,1,3,0.03413458848868614,0,
37023,0,16,1,3,0.09196810044681367,0,
37025,0,16,1,3,0.2008647605705505,0,
37027,0,10,1,3,0.102444511333661,0,
37031,0,19,1,3,0.05996673284787979,0,
37035,0,14,1,3,0.13947002618800103,0,
37037,0,18,1,3,0.030411136216680127,0,
37039,0,4,1,3,0.01654070385966661,0,
37041,0,4,1,3,0.06342430803366376,0,
37043,0,5,1,3,0.022063066696324036,0,
37045,0,13,1,3,0.4570506618251866,0,
37047,1,16,1,3,0.05463097639303979,0,
37049,0,11,1,3,0.05354894988122567,0,
37051,0,24,1,3,3.119269632119323e-06,0,
37053,0,15,1,3,0.03920143834244148,0,
37055,0,14,1,3,0.047252322795131266,0,
37057,0,12,1,3,0.1376028583715341,0,
37059,0,6,1,3,0.0476444200421104,0,
37061,0,19,1,3,0.08176784959212799,0,
37063,0,16,1,3,0.08583522381120999,0,
37065,0,15,1,3,0.13383287653142276,0,
37067,0,22,1,3,0.15242222536940156,0,
37069,0,13,1,3,0.0594854800549174,0,
37071,0,18,1,3,0.2801791951759108,0,
37077,0,12,1,3,0.036614134093548904,0,
37079,0,11,1,3,0.06691246532527391,0,
37083,1,9,1,3,0.1125479529338657,0,
37085,0,16,1,3,0.06047894646940494,0,
37089,0,15,1,3,0.06264997150037067,0,
37091,0,9,1,3,0.22509500866265736,0,
37093,0,9,1,3,0.13102559292780652,0,
37101,0,21,1,3,0.060840469701865296,0,
37105,0,4,1,3,0.0785537796726228,0,
37107,0,10,1,3,0.17629604732821189,0,
37109,0,11,1,3,0.16957408042522468,0,
37111,0,9,1,3,0.0404126031621323,0,
37125,0,18,1,3,0.0750899124744027,0,
37127,0,15,1,3,0.07976500005364888,0,
37129,0,10,1,3,0.07205004511967093,0,
37131,1,12,1,3,0.10759756211990675,0,
37133,0,16,1,3,0.09607266238184897,0,
37135,0,14,1,3,0.02044651062582364,0,
37141,0,13,1,3,0.04838251465403928,0,
37147,1,17,1,3,0.04945792160484866,0,
37151,0,24,1,3,0.09299804823240782,0,
37153,0,11,1,3,0.27490389959274564,0,
37157,0,11,1,3,0.08051745480406801,0,
37159,0,19,1,3,0.20476314598476278,0,
37161,0,16,1,3,0.031172956460928103,0,
37163,0,17,1,3,0.1239914363757425,0,
37165,0,7,1,3,0.4407374386380302,0,
37169,0,16,1,3,0.08634600250959401,0,
37171,0,12,1,3,0.08006107870633102,0,
37175,0,10,1,3,0.05214477475506891,0,
37179,0,12,1,3,0.12644329288010933,0,
37181,0,8,1,3,0.20223976496445265,0,
37185,0,8,1,3,0.02374561057833875,0,
37187,1,4,1,3,0.040695837377679955,0,
37189,0,10,1,3,0.018280277417236493,0,
37191,0,14,1,3,0.0004713821612607297,0,
37193,0,23,1,3,0.07444567366855477,0,
37195,0,17,1,3,0.2231722447086258,0,
38015,0,12,1,3,0.08339554897945792,0,
38027,0,7,1,3,0.005639579662602875,0,
38035,0,22,1,3,0.007266391764231031,0,
38037,0,13,1,3,0.009528441743339448,0,
38067,0,13,1,3,0.013015885932589292,0,
38073,0,11,1,3,0.003675440543640431,0,
38085,1,9,1,3,0.048815235714987124,0,
38099,0,16,1,3,0.02356356963102332,0,
38101,0,24,1,3,1.897954583251664e-08,0,
39001,0,11,1,3,0.15594465036838517,0,
39007,0,19,1,3,0.5551276192977059,1,
39009,1,18,1,3,0.04611252537909752,0,
39013,0,27,1,3,0.14129503664234105,0,
39017,0,17,1,3,0.3677013338597832,0,
39019,0,20,1,3,0.12313872639992265,0,
39023,0,22,1,3,0.6425827309494678,1,
39025,0,23,1,3,0.20814722862504426,0,
39037,0,25,1,3,0.31608893813862526,0,
39041,0,24,1,3,0.07935293059657435,0,
39045,0,19,1,3,0.043599152912727035,0,
39055,0,20,1,3,0.1007980791600628,0,
39059,0,20,1,3,0.13910534746251327,0,
39063,0,24,1,3,0.08539002933845255,0,
39065,0,15,1,3,0.29413159222049,0,
39071,0,15,1,3,0.2954049395512687,0,
39073,0,16,1,3,0.03337741654394403,0,
39075,0,18,1,3,7.069732017249928e-05,0,
39077,0,14,1,3,0.1507228381040234,0,
39079,0,11,1,3,0.15374488675547082,0,
39081,0,23,1,3,0.4564299488469483,0,
39085,0,11,1,3,0.3403173882129796,0,
39087,0,14,1,3,0.30830234942962803,0,
39089,0,28,1,3,0.029415305170550285,0,
39091,0,18,1,3,0.17436486814021612,0,
39093,0,24,1,3,0.3875286329384174,0,
39099,0,36,1,3,0.4893807475592404,0,
39101,0,14,1,3,0.18912803223496763,0,
39103,0,24,1,3,0.050605916005093794,0,
39107,0,18,1,3,0.24058893743904908,0,
39111,0,15,1,3,0.03208671044637201,0,
39117,0,16,1,3,0.08408021080704495,0,
39119,0,22,1,3,0.1504451494042503,0,
39121,0,15,1,3,0.06078872864800271,0,
39123,0,18,1,3,0.5398026445201336,1,
39125,0,15,1,3,0.18195780463000785,0,
39127,0,17,1,3,0.0022333707913978437,0,
39129,0,17,1,3,0.02484566256476228,0,
39131,0,11,1,3,0.21870797251421845,0,
39133,0,24,1,3,0.9619781056030523,1,
39135,0,16,1,3,0.141293081245759,0,
39137,0,17,1,3,0.18682409429190724,0,
39139,0,19,1,3,2.015714452553785e-10,0,
39141,0,16,1,3,0.09151832923612871,0,
39143,0,17,1,3,0.3382927935332718,0,
39145,0,20,1,3,0.3849899632594286,0,
39147,0,20,1,3,0.14758273427995458,0,
39151,0,42,1,3,0.3039520765808256,0,
39155,0,30,1,3,0.4920823716344225,0,
39159,0,20,1,3,0.0856275665945411,0,
39165,0,24,1,3,0.1515857194171108,0,
39167,0,20,1,3,0.06261220446617394,0,
39169,0,25,1,3,0.13120694891031304,0,
39171,0,12,1,3,0.2427091750820789,0,
39173,0,32,1,3,0.24123258536159853,0,
40001,1,8,1,3,0.1367074808121984,0,
40003,0,13,1,3,0.039522299384629984,0,
40009,0,6,1,3,0.08438213793706179,0,
40011,0,13,1,3,0.06438244332586623,0,
40013,0,14,1,3,0.5362052935344979,1,
40015,1,16,1,3,0.4053422886581174,0,
40017,0,13,1,3,0.35174958887061447,0,
40019,0,13,1,3,0.6318542486104295,1,
40021,1,16,1,3,0.250696173980307,0,
40023,1,12,1,3,0.18997701771386208,0,
40025,0,4,1,3,0.03392123359486147,0,
40035,0,10,1,3,0.34718726739190175,0,
40037,0,21,1,3,0.06155721927489724,0,
40039,0,13,1,3,0.370465500388271,0,
40041,0,13,1,3,0.19433041039366084,0,
40043,0,12,1,3,0.0996302265604548,0,
40045,0,7,1,3,0.04299644352724937,0,
40047,0,22,1,3,0.16458888136594116,0,
40049,0,13,1,3,0.3698814158377767,0,
40051,0,14,1,3,0.45000400198460333,0,
40053,0,10,1,3,0.0276211428144946,0,
40055,0,4,1,3,0.015978358431918877,0,
40059,0,7,1,3,0.03273673457215101,0,
40063,1,10,1,3,0.08793873436229391,0,
40065,0,9,1,3,0.3414951279752293,0,
40067,0,8,1,3,0.3456716264811254,0,
40069,1,13,1,3,0.2039727794880751,0,
40071,0,10,1,3,0.34026380063839995,0,
40073,0,12,1,3,0.18358041088883242,0,
40075,0,9,1,3,0.3969251236805244,0,
40077,0,7,1,3,0.046161697398044654,0,
40079,0,23,1,3,0.12652872756633654,0,
40081,0,16,1,3,0.12233041264238825,0,
40083,0,15,1,3,0.19680035951974517,0,
40085,0,8,1,3,0.49919817208010625,0,
40089,1,15,1,3,0.391280505326401,0,
40091,0,11,1,3,0.19032293254988117,0,
40095,0,3,1,3,0.5325088847764647,1,
40097,0,17,1,3,0.5079773151551823,1,
40099,0,7,1,3,0.4275887531222331,0,
40101,0,15,1,3,0.7359349788693076,1,
40105,0,7,1,3,0.26722399466417024,0,
40107,1,11,1,3,0.09236856520090211,0,
40111,0,11,1,3,0.41083660229999575,0,
40113,0,22,1,3,0.5495862873867579,1,
40115,0,9,1,3,0.4830354521737248,0,
40117,0,12,1,3,0.2529902247167213,0,
40119,1,14,1,3,0.8070120196337974,1,
40121,0,19,1,3,0.14811885680346892,0,
40123,0,10,1,3,0.20799943425576417,0,
40127,1,16,1,3,0.06391004789283938,0,
40131,0,12,1,3,0.2854793134773348,0,
40133,1,10,1,3,0.24466582718869087,0,
40135,0,9,1,3,0.23358029231536886,0,
40137,0,10,1,3,0.48386830405023057,0,
40139,0,9,1,3,0.044470941635471654,0,
40141,1,8,1,3,0.31038448098069316,0,
40145,0,15,1,3,0.2719508446219773,0,
40147,0,12,1,3,0.23309040213787105,0,
40149,0,18,1,3,0.17731232857253543,0,
40153,0,11,1,3,0.03719649081283423,0,
41001,0,12,1,3,0.016957879756563748,0,
41003,0,10,1,3,0.6070466457770365,1,
41005,0,37,1,3,0.11704508855595419,0,
41009,0,9,1,3,0.05058337402563101,0,
41011,0,10,1,3,0.09286956278670726,0,
41013,0,6,1,3,0.0292917223072749,0,
41015,0,7,1,3,0.08553205525938878,0,
41017,0,7,1,3,0.0696196223995182,0,
41019,0,28,1,3,0.08213477130029805,0,
41023,0,11,1,3,0.05336394033610019,0,
41027,0,3,1,3,0.08488804578487588,0,
41029,0,18,1,3,0.4914035738657751,0,
41031,0,8,1,3,0.08769171427478467,0,
41033,0,11,1,3,0.6072035154944531,1,
41035,0,17,1,3,0.41192307971914677,0,
41039,0,39,1,3,0.08484573387604785,0,
41041,0,18,1,3,0.06714087246586747,0,
41043,0,20,1,3,0.13827032176568915,0,
41047,0,26,1,3,0.3437753936898915,0,
41049,0,7,1,3,0.5431228723322455,1,
41053,0,11,1,3,0.039215362885024044,0,
41059,0,14,1,3,0.3265435435703823,0,
41061,0,8,1,3,0.023928453298247325,0,
41065,0,8,1,3,0.11230467797983487,0,
41067,0,30,1,3,0.06353238749763614,0,
42001,0,17,1,3,0.027734959341137053,0,
42005,0,36,1,3,0.15396673138425848,0,
42009,0,28,1,3,0.03771711873859191,0,
42011,0,62,1,3,0.2436544514366216,0,
42013,0,19,1,3,0.09544846674174143,0,
42015,0,27,1,3,0.01801311233312025,0,
42021,0,51,1,3,3.696700306621098e-05,0,
42025,0,20,1,3,0.06790077703962445,0,
42027,0,33,1,3,0.015564681290546575,0,
42033,0,51,1,3,0.04158773051534404,0,
42037,0,19,1,3,0.014474760418747389,0,
42039,0,27,1,3,0.03940476539279536,0,
42041,0,21,1,3,0.058953829981279286,0,
42043,0,30,1,3,0.07199729086044541,0,
42047,0,14,1,3,0.01598959927215904,0,
42051,0,62,1,3,0.08769923739987728,0,
42053,0,11,1,3,0.0045168817545543725,0,
42055,0,30,1,3,0.008464821519064084,0,
42059,0,26,1,3,0.04214369251599465,0,
42061,0,33,1,3,0.015473008684082143,0,
42065,0,30,1,3,0.06460814750550523,0,
42069,0,28,1,3,0.10665442891787089,0,
42073,0,22,1,3,0.1473358235084392,0,
42075,0,19,1,3,0.13052678853137414,0,
42079,0,50,1,3,0.09011977051399045,0,
42081,0,25,1,3,0.029095090059724656,0,
42085,0,28,1,3,0.07918289976076763,0,
42087,0,13,1,3,0.07684769229575092,0,
42089,0,35,1,3,0.107346530343739,0,
42095,0,26,1,3,0.13623579099936495,0,
42097,0,28,1,3,0.04745531585547186,0,
42099,0,16,1,3,0.031796405382342255,0,
42107,0,59,1,3,0.052048397504084895,0,
42109,0,15,1,3,0.03541917264223848,0,
42111,0,40,1,3,0.04279975950070502,0,
42115,0,29,1,3,0.010205574329859348,0,
42119,0,14,1,3,0.023668761406897297,0,
42123,0,19,1,3,0.011060948610535052,0,
42125,0,64,1,3,0.13526938354713627,0,
42127,0,30,1,3,0.025110193433136165,0,
42129,0,86,1,3,0.062076148909447154,0,
44003,0,9,1,3,0.2429533521513582,0,
44005,0,8,1,3,0.6302866874224304,1,
44009,0,20,1,3,0.14216032518558697,0,
45001,0,13,1,3,0.05933175600981842,0,
45005,1,6,1,3,0.06562633914242481,0,
45009,1,8,1,3,0.04344307238723098,0,
45011,1,7,1,3,0.09687996855821449,0,
45013,0,16,1,3,0.04887736692154912,0,
45015,0,17,1,3,0.07109578484245954,0,
45017,0,7,1,3,0.057099056546352084,0,
45021,0,8,1,3,0.2680607389319343,0,
45023,0,10,1,3,0.30562230673734425,0,
45025,0,11,1,3,0.15861125478245075,0,
45027,1,11,1,3,0.07320759715102061,0,
45029,1,14,1,3,0.09341238032761812,0,
45031,0,10,1,3,0.011619634330070303,0,
45033,1,11,1,3,0.3053715204517543,0,
45035,0,15,1,3,0.071372794969663,0,
45037,0,10,1,3,0.032980520735027115,0,
45039,0,9,1,3,0.023790538904208514,0,
45041,0,12,1,3,0.12634149033925843,0,
45043,0,5,1,3,0.04406527937540445,0,
45047,0,9,1,3,0.1238863187596625,0,
45049,1,13,1,3,0.10093464089818285,0,
45051,0,16,1,3,0.17455355814380238,0,
45055,0,13,1,3,0.08134196148509232,0,
45057,0,5,1,3,0.19611890532083967,0,
45059,0,16,1,3,0.10347724637661754,0,
45067,1,7,1,3,0.16975238247036972,0,
45069,1,8,1,3,0.15528343146976345,0,
45073,0,13,1,3,0.14258357209777758,0,
45077,0,15,1,3,0.11751696151691857,0,
45081,0,12,1,3,0.06684363801486809,0,
45085,0,15,1,3,0.2062303828889569,0,
45087,0,9,1,3,0.11932737263188475,0,
45089,1,12,1,3,0.05775635629328475,0,
45091,0,15,1,3,0.5352051431829462,1,
46009,0,7,1,3,0.006589997794273901,0,
46013,0,20,1,3,0.0023478984226873384,0,
46029,0,10,1,3,0.027025612365885524,0,
46031,1,15,1,3,0.04865814018240992,0,
46033,0,9,1,3,0.012521255176305464,0,
46035,0,6,1,3,0.018177048713260154,0,
46037,0,11,1,3,0.012870481706757383,0,
46059,0,8,1,3,0.0039313334151563,0,
46065,0,3,1,3,0.008609544704018125,0,
46067,0,13,1,3,0.013767807065673262,0,
46077,0,9,1,3,0.008166922415047755,0,
46083,0,12,1,3,0.09046392879768253,0,
46091,0,10,1,3,0.005763655202089122,0,
46093,0,18,1,3,0.033019231088778835,0,
46099,0,23,1,3,0.14740058257482183,0,
46103,0,20,1,3,0.04422051023265387,0,
46109,1,16,1,3,0.01891498267818059,0,
46121,1,9,1,3,0.13310772014807162,0,
46129,0,7,1,3,0.008501122398579848,0,
46135,0,10,1,3,0.02672913069985578,0,
47001,0,11,1,3,0.21345365278231754,0,
47003,0,13,1,3,0.5045115461635576,1,
47005,0,7,1,3,0.15766938264085562,0,
47009,0,13,1,3,0.24164234538824186,0,
47011,0,8,1,3,0.15050849460193957,0,
47013,1,11,1,3,0.36243253221680827,0,
47017,0,14,1,3,0.0822824427395324,0,
47019,0,8,1,3,0.31419019329947884,0,
47021,0,12,1,3,0.09262119144065625,0,
47025,1,10,1,3,0.1396430630439348,0,
47027,0,7,1,3,0.18392533171966666,0,
47031,0,9,1,3,0.41857014754076494,0,
47033,0,8,1,3,0.2834166195550668,0,
47035,0,11,1,3,0.2102051223963764,0,
47043,0,11,1,3,0.0657031178989939,0,
47045,0,11,1,3,0.40654346507451145,0,
47049,1,9,1,3,0.18959825503645056,0,
47053,0,11,1,3,0.2094712577294184,0,
47055,0,17,1,3,0.29283240334474026,0,
47059,0,10,1,3,0.1965840267443146,0,
47063,0,7,1,3,0.5577745977796273,1,
47067,1,5,1,3,0.1822448459021433,0,
47069,0,12,1,3,0.07302009513910976,0,
47071,0,13,1,3,0.16578733751435326,0,
47073,0,12,1,3,0.250459475035521,0,
47075,0,6,1,3,0.12126836025037041,0,
47077,0,14,1,3,0.11455453165101459,0,
47079,0,9,1,3,0.12278161922136231,0,
47085,0,4,1,3,0.052530233161089505,0,
47089,0,10,1,3,0.25459470106448623,0,
47097,0,4,1,3,0.07846128459985542,0,
47099,0,11,1,3,0.1450834381255208,0,
47101,0,7,1,3,0.06032326046260577,0,
47107,0,12,1,3,0.5356676308593787,1,
47109,0,15,1,3,0.17288360185188367,0,
47111,0,8,1,3,0.28363660971259375,0,
47117,0,12,1,3,0.4100337592781311,0,
47119,0,10,1,3,0.35563991803953166,0,
47121,0,6,1,3,0.13490031601893804,0,
47123,0,9,1,3,0.5109307257963237,1,
47125,0,15,1,3,0.11796262469145134,0,
47129,0,12,1,3,0.1892266983083165,0,
47131,0,12,1,3,0.24092818600932994,0,
47135,0,4,1,3,0.06931422036234061,0,
47139,0,12,1,3,0.08606385802084363,0,
47141,0,10,1,3,0.9373934738359881,1,
47145,0,10,1,3,0.19931518122571099,0,
47147,0,12,1,3,0.20727391258571087,0,
47149,0,20,1,3,0.7219069691402578,1,
47155,0,10,1,3,0.11237427913720469,0,
47159,0,15,1,3,0.1404838540815033,0,
47163,0,12,1,3,0.3905548592360573,0,
47165,0,10,1,3,0.14381400638173913,0,
47167,0,10,1,3,0.15712493602000338,0,
47175,0,7,1,3,0.1753909501773523,0,
47177,0,6,1,3,0.6058075767571459,1,
47179,0,13,1,3,0.7717888419796808,1,
47181,0,10,1,3,0.06055779112466246,0,
47183,0,12,1,3,0.12060159590374911,0,
47185,0,5,1,3,0.35670225445178994,0,
47187,0,16,1,3,0.10016598258950575,0,
47189,0,12,1,3,0.23005294860466735,0,
48001,0,10,1,3,0.17467667123950614,0,
48003,0,1,1,3,0.13741670837851097,0,
48005,0,6,1,3,0.191731608693545,0,
48007,0,5,1,3,0.39047670789405897,0,
48009,0,10,1,3,0.12270204663354123,0,
48013,0,15,1,3,0.36462692706913175,0,
48015,0,13,1,3,0.1774878489931232,0,
48017,0,6,1,3,0.009379748516514066,0,
48019,0,7,1,3,0.15560540145230237,0,
48021,0,15,1,3,0.3226317790415393,0,
48023,0,2,1,3,0.008940617491015485,0,
48025,1,11,1,3,0.09049719044910083,0,
48031,0,8,1,3,0.22552536034014234,0,
48035,0,11,1,3,0.08735501778880404,0,
48037,0,10,1,3,0.17844667619331878,0,
48043,0,4,1,3,0.002014292011142919,0,
48047,1,2,1,3,0.10053638102684724,0,
48049,0,10,1,3,0.0365360904343905,0,
48051,0,5,1,3,0.18043243564179873,0,
48053,0,13,1,3,0.1309702402871953,0,
48055,0,14,1,3,0.164888269233543,0,
48057,0,6,1,3,0.13378881174721305,0,
48063,0,2,1,3,0.35188344482111067,0,
48067,0,14,1,3,0.12160400538680141,0,
48071,0,11,1,3,0.5589695165710457,1,
48073,0,12,1,3,0.530617369946875,1,
48075,0,4,1,3,0.02000796176131938,0,
48077,0,9,1,3,0.11528020922983946,0,
48081,0,4,1,3,0.014257743870324049,0,
48083,0,15,1,3,0.012517603197209449,0,
48087,0,5,1,3,0.03194566469313532,0,
48089,0,18,1,3,0.08948091286342454,0,
48091,0,14,1,3,0.18865510646622868,0,
48093,0,14,1,3,0.012806163103629885,0,
48097,0,14,1,3,0.31118253756203107,0,
48099,0,17,1,3,2.4448563835132638e-36,0,
48101,0,3,1,3,0.026370106856719068,0,
48109,1,2,1,3,0.2393686355401696,0,
48117,0,6,1,3,0.03651743439916774,0,
48119,0,7,1,3,0.11618345434941046,0,
48123,0,9,1,3,0.10033323065973926,0,
48125,0,7,1,3,0.02392437323322518,0,
48127,1,6,1,3,0.16065132593571968,0,
48131,1,8,1,3,0.021390333045496528,0,
48133,0,9,1,3,0.05746597551098035,0,
48135,0,8,1,3,0.858339724153176,1,
48139,0,20,1,3,0.3249417093353737,0,
48143,0,13,1,3,0.7188241063752493,1,
48145,1,17,1,3,0.22279049837740109,0,
48147,0,19,1,3,0.17601490223092886,0,
48149,0,15,1,3,0.07563819928117366,0,
48151,0,9,1,3,0.07453314784374421,0,
48159,0,7,1,3,0.132821618936385,0,
48161,0,9,1,3,0.5812347816801953,1,
48169,1,4,1,3,0.028467569918435763,0,
48171,0,7,1,3,0.05523784765262175,0,
48177,0,14,1,3,0.0003694926587379156,0,
48185,0,11,1,3,0.37523943174468427,0,
48193,0,10,1,3,0.029999694470920525,0,
48197,0,2,1,3,0.019290518127868424,0,
48199,0,12,1,3,0.14935380890483774,0,
48203,0,12,1,3,0.16283795421212907,0,
48207,0,11,1,3,0.06168539544246679,0,
48209,0,14,1,3,0.23762756005870067,0,
48217,0,19,1,3,0.3002477185306842,0,
48219,0,10,1,3,0.34158081100931936,0,
48221,0,8,1,3,0.43958830763092793,0,
48223,0,13,1,3,0.24517601138807088,0,
48225,1,7,1,3,0.1702624390459745,0,
48227,0,5,1,3,0.3719085642698507,0,
48233,0,7,1,3,0.7275411963417475,1,
48239,0,10,1,3,0.025833913762607612,0,
48241,0,9,1,3,0.18053041843146048,0,
48247,0,1,1,3,0.020805642687381398,0,
48249,1,8,1,3,0.04967936583679863,0,
48251,0,16,1,3,0.5485313545158831,1,
48255,1,8,1,3,0.2871294729699403,0,
48259,0,8,1,3,0.06345857601651494,0,
48261,0,2,1,3,0.20844207751337315,0,
48265,0,10,1,3,0.3070023825537126,0,
48269,0,2,1,3,0.02394205283449443,0,
48273,1,4,1,3,0.19268243209692645,0,
48275,0,6,1,3,0.02665818490605939,0,
48277,0,13,1,3,0.3704258892325335,0,
48281,0,6,1,3,0.06770150683077095,0,
48285,0,7,1,3,0.034222958899934014,0,
48287,0,9,1,3,0.08143384688977293,0,
48289,0,8,1,3,0.5038757487726806,1,
48291,0,14,1,3,0.4531504159237542,0,
48293,0,14,1,3,0.5298079374028059,1,
48299,0,10,1,3,0.17631906416703108,0,
48303,0,25,1,3,0.9022275683587341,1,
48307,1,6,1,3,0.015706022875474124,0,
48313,0,5,1,3,0.14300896260075072,0,
48315,1,7,1,3,0.05093297075362642,0,
48317,0,8,1,3,0.29503197370008094,0,
48321,0,12,1,3,0.12314775071760858,0,
48323,1,3,1,3,0.007501636993114043,0,
48329,0,9,1,3,0.5305754273497515,1,
48331,0,13,1,3,0.15452404382080492,0,
48335,0,3,1,3,0.01458011958349725,0,
48337,0,10,1,3,0.4532378559834684,0,
48341,0,6,1,3,0.17490513029599622,0,
48343,0,7,1,3,0.3915869200615269,0,
48347,1,10,1,3,0.7616053052980523,1,
48349,0,17,1,3,0.47045523510174037,0,
48353,0,9,1,3,0.14005495432129944,0,
48361,0,4,1,3,0.6670411922769868,1,
48363,0,12,1,3,0.2561175008946843,0,
48365,0,13,1,3,0.1824151180706895,0,
48367,0,18,1,3,0.34963557659800726,0,
48371,0,6,1,3,0.034013118545137874,0,
48373,0,9,1,3,0.03223439352555749,0,
48375,0,16,1,3,0.8004518280529866,1,
48377,1,4,1,3,0.07663802675701223,0,
48381,0,15,1,3,0.23031478472351313,0,
48387,0,9,1,3,0.1682541920053645,0,
48389,1,4,1,3,0.23966854289097933,0,
48391,0,5,1,3,0.009452394535068766,0,
48395,1,9,1,3,0.2023152492128532,0,
48397,0,9,1,3,0.21971080834531276,0,
48399,0,11,1,3,0.014263699283541707,0,
48401,0,16,1,3,0.2994979203949024,0,
48405,1,4,1,3,0.06474817406611807,0,
48407,0,8,1,3,0.5457642298117948,1,
48409,0,9,1,3,0.14012857460900308,0,
48411,0,7,1,3,0.0051857896700664395,0,
48415,0,8,1,3,0.10502907052575697,0,
48419,0,7,1,3,0.14732122194574,0,
48427,1,10,1,3,0.45979492137763317,0,
48429,0,8,1,3,0.057225812452638525,0,
48437,0,5,1,3,0.16971263613845605,0,
48441,0,17,1,3,0.7928554944797506,1,
48445,0,6,1,3,0.05805867769922675,0,
48449,0,6,1,3,0.49770411425169714,0,
48451,0,14,1,3,0.999991041748263,1,
48455,0,7,1,3,0.22829105395333446,0,
48457,0,10,1,3,0.026424962119781677,0,
48459,0,12,1,3,0.32224243929293755,0,
48463,1,8,1,3,0.15814835325533316,0,
48465,1,5,1,3,0.11162712238585973,0,
48467,0,13,1,3,0.6196166456974337,1,
48469,0,12,1,3,0.3955730405548457,0,
48471,0,9,1,3,0.2232420215155959,0,
48473,0,11,1,3,0.6795167393241319,1,
48475,0,6,1,3,0.7703686465278488,1,
48477,0,7,1,3,0.3232774193708908,0,
48481,0,13,1,3,0.10566856163260072,0,
48487,0,6,1,3,0.19363897374856215,0,
48493,0,12,1,3,0.13453549665119569,0,
48495,0,2,1,3,0.2926138853814086,0,
48497,0,17,1,3,0.46771283113145806,0,
48499,0,12,1,3,0.23527577505442374,0,
48501,0,4,1,3,8.003102899395548e-08,0,
48503,0,6,1,3,0.11328797653394174,0,
48505,1,5,1,3,0.19284510855103038,0,
48507,1,4,1,3,0.39832664785686867,0,
49003,0,20,1,3,0.3279910297147317,0,
49005,0,16,1,3,0.2621778823600339,0,
49011,0,13,1,3,0.5112928029136414,1,
49019,0,2,1,3,0.003982058632268611,0,
49021,0,10,1,3,0.03338440477076257,0,
49037,1,12,1,3,0.054522317147055084,0,
49039,0,15,1,3,0.13069646700947254,0,
49041,0,12,1,3,0.2489728343199767,0,
49043,0,9,1,3,0.02958714755025273,0,
49057,0,9,1,3,0.6222785851019883,1,
50001,0,20,1,3,0.012678500966077696,0,
50005,0,22,1,3,0.018834576017121903,0,
50007,0,21,1,3,0.04304969166911412,0,
50013,0,5,1,3,0.057791927842486344,0,
50017,0,31,1,3,0.027435887893392043,0,
50019,0,24,1,3,0.04717446540301758,0,
50021,0,29,1,3,0.019105818703314636,0,
50023,0,26,1,3,0.012705320425184933,0,
50025,0,24,1,3,0.02202241723570938,0,
51003,0,24,1,3,0.014140547487201428,0,
51005,0,7,1,3,0.04301804811401948,0,
51007,0,5,1,3,0.022464626333497006,0,
51009,0,9,1,3,0.057888429916253904,0,
51013,0,11,1,3,0.1256600246944753,0,
51015,0,27,1,3,0.010158289122098173,0,
51019,0,18,1,3,0.04399743563609321,0,
51025,0,16,1,3,0.04648057036447674,0,
51027,1,16,1,3,0.1369884390307471,0,
51031,0,14,1,3,0.12196714391136732,0,
51036,0,4,1,3,0.016619385063656508,0,
51037,0,14,1,3,4.674853091823821e-05,0,
51047,0,18,1,3,0.02014364085958345,0,
51051,1,12,1,3,0.15072298322791258,0,
51057,0,8,1,3,0.03991601427007947,0,
51061,0,24,1,3,0.013977113981684972,0,
51063,0,11,1,3,0.02036087770384473,0,
51069,0,12,1,3,0.04217076517088868,0,
51073,0,6,1,3,0.03731499982775155,0,
51075,0,15,1,3,0.020180983134949204,0,
51079,0,5,1,3,0.029033618218112213,0,
51081,0,4,1,3,0.04519542030395795,0,
51083,0,14,1,3,0.026501043422202022,0,
51085,0,12,1,3,0.03497680248744948,0,
51087,0,16,1,3,0.11853072646692872,0,
51093,0,8,1,3,0.051722210010260096,0,
51095,0,4,1,3,0.02527487292885803,0,
51103,0,6,1,3,0.052060472918856356,0,
51105,1,11,1,3,0.1224393472800422,0,
51107,0,21,1,3,0.08789220823566564,0,
51111,0,12,1,3,0.03011911861834341,0,
51113,0,21,1,3,2.0431376019433602e-05,0,
51117,0,13,1,3,0.037898634695427494,0,
51119,0,12,1,3,0.06358557240854215,0,
51121,1,10,1,3,0.03479801390027795,0,
51127,0,6,1,3,0.020497397600437894,0,
51131,1,11,1,3,0.004272473465725271,0,
51133,0,7,1,3,0.0888595775115037,0,
51135,0,7,1,3,0.06862048016193396,0,
51139,0,6,1,3,0.04381070479743606,0,
51141,0,14,1,3,0.04810667833843853,0,
51143,0,20,1,3,0.09181169949267316,0,
51145,0,5,1,3,0.7524764526892107,1,
51147,0,12,1,3,0.0024045948197333874,0,
51149,0,7,1,3,0.0908340141752059,0,
51153,0,19,1,3,0.08580488410765229,0,
51159,0,5,1,3,0.02325182260284484,0,
51161,0,14,1,3,0.04533982106823089,0,
51171,0,14,1,3,0.036695199721644346,0,
51175,0,12,1,3,0.04607226418831775,0,
51177,0,13,1,3,0.036289165561314576,0,
51179,0,5,1,3,0.030120934583285942,0,
51185,0,18,1,3,0.10235962487979185,0,
51187,0,7,1,3,0.03946926782149098,0,
51191,0,10,1,3,0.04506213308385916,0,
51193,0,8,1,3,0.09447771852215621,0,
51199,0,9,1,3,0.04264154694616855,0,
51510,0,8,1,3,0.13038421027944652,0,
51520,0,2,1,3,0.5361937499332925,1,
51550,0,6,1,3,0.1090675883707825,0,
51570,0,1,1,3,0.09329646927628474,0,
51590,0,2,1,3,0.23570145494597416,0,
51595,0,1,1,3,0.046746520498306465,0,
51630,0,3,1,3,0.178033610196075,0,
51650,0,9,1,3,0.1725841739332164,0,
51660,0,3,1,3,0.00020146342132749433,0,
51678,0,1,1,3,0.009601492395480183,0,
51680,0,5,1,3,0.10515916937625823,0,
51683,0,1,1,3,0.15354382115954573,0,
51690,0,1,1,3,0.16697138019473404,0,
51700,0,8,1,3,0.12764391605404646,0,
51710,0,15,1,3,0.004948439674390433,0,
51730,0,2,1,3,0.18847746817848676,0,
51740,0,8,1,3,0.3013896612153592,0,
51750,1,2,1,3,0.9999999999999913,1,
51770,0,10,1,3,0.39699888174277914,0,
51800,0,8,1,3,0.04742555370432997,0,
51840,0,1,1,3,0.14219585547399277,0,
53003,0,3,1,3,0.09203530812588043,0,
53005,0,12,1,3,0.3842185447991452,0,
53007,0,14,1,3,0.049209799979073765,0,
53015,0,11,1,3,0.06292972554380893,0,
53017,0,13,1,3,0.10193193288362776,0,
53021,0,7,1,3,0.48536200010807606,0,
53023,0,2,1,3,0.03817346850092723,0,
53025,0,18,1,3,0.19982665433050897,0,
53029,0,8,1,3,0.23529626230403974,0,
53031,0,9,1,3,0.10775996172474248,0,
53035,0,20,1,3,0.08308470781239324,0,
53041,0,23,1,3,0.059892146203940747,0,
53045,0,15,1,3,0.1092553650930734,0,
53047,1,22,1,3,0.20363248281802915,0,
53057,0,17,1,3,0.032939728623584526,0,
53059,0,8,1,3,0.050784499268827867,0,
53067,0,14,1,3,0.06864412153832564,0,
53071,0,8,1,3,0.09137748413346897,0,
53073,0,18,1,3,0.06741084904742159,0,
53077,0,22,1,3,0.34092832489826363,0,
54003,0,11,1,3,0.2935689127768977,0,
54005,0,31,1,3,0.0033275585957636133,0,
54009,0,8,1,3,0.5836590494528187,1,
54011,0,13,1,3,0.27798789582905264,0,
54029,0,5,1,3,0.7436780290916407,1,
54035,0,15,1,3,0.09278503279959881,0,
54037,0,9,1,3,0.11380905265196216,0,
54039,0,46,1,3,0.343000911696679,0,
54041,0,11,1,3,0.21912147192680198,0,
54049,0,18,1,3,0.23922308303322432,0,
54053,0,19,1,3,0.21226973963467233,0,
54059,1,18,1,3,0.3873019016203572,0,
54061,1,16,1,3,0.11780010296629102,0,
54065,0,4,1,3,0.03618216293625565,0,
54067,0,25,1,3,0.07165780584508537,0,
54069,0,6,1,3,0.3176478822654456,0,
54079,0,17,1,3,0.16297108029069832,0,
54081,0,42,1,3,0.03125777227119097,0,
54083,0,22,1,3,2.9328449830944343e-06,0,
54097,0,10,1,3,0.0004834622956294952,0,
54099,0,17,1,3,0.44222703250722484,0,
54103,0,12,1,3,0.11113647000554827,0,
54107,0,13,1,3,0.372032927795913,0,
55001,0,14,1,3,0.05420742180928179,0,
55005,0,19,1,3,0.02399257128141574,0,
55007,0,15,1,3,0.007408804207622463,0,
55009,0,19,1,3,0.0002080852030525012,0,
55015,0,14,1,3,0.096540429654567,0,
55017,0,14,1,3,0.030078177562608676,0,
55021,0,20,1,3,0.0342989505659737,0,
55023,0,13,1,3,0.027119468891391274,0,
55027,0,31,1,3,0.05747717821147433,0,
55029,0,13,1,3,0.042018875493030024,0,
55031,0,12,1,3,0.012852054498628654,0,
55039,0,24,1,3,0.05431065898633351,0,
55043,0,23,1,3,0.031738321815762346,0,
55045,0,12,1,3,0.03182673114563518,0,
55055,0,19,1,3,0.06181202284786055,0,
55057,0,14,1,3,0.0413000806195869,0,
55059,0,17,1,3,0.11557223036334573,0,
55061,0,6,1,3,0.04935388281744517,0,
55063,0,15,1,3,0.02424045907415464,0,
55065,0,14,1,3,0.02846371182897766,0,
55069,0,7,1,3,0.004282135640551186,0,
55071,0,19,1,3,0.07710055192567022,0,
55073,0,28,1,3,0.018560099434717595,0,
55075,0,16,1,3,0.037747683967331525,0,
55077,0,14,1,3,0.04182055504489638,0,
55078,1,4,1,3,0.033113908964618424,0,
55081,0,12,1,3,0.02935311773729877,0,
55083,0,19,1,3,0.024584586195727894,0,
55085,0,14,1,3,0.007323837343231906,0,
55087,0,24,1,3,0.13013883821640482,0,
55089,0,13,1,3,0.08611940520333385,0,
55095,0,20,1,3,0.022454102155911065,0,
55097,0,21,1,3,0.018068244102380622,0,
55099,0,14,1,3,0.005700497937986406,0,
55103,0,14,1,3,0.015751790730449196,0,
55105,0,19,1,3,0.13659165388710232,0,
55111,0,17,1,3,0.03504100972675802,0,
55115,0,25,1,3,0.03314194324992378,0,
55117,0,17,1,3,0.11108908564116662,0,
55119,0,14,1,3,0.004887639426082986,0,
55121,0,14,1,3,0.019209722009393453,0,
55123,0,18,1,3,0.019275623011681106,0,
55125,0,12,1,3,0.00972293445928787,0,
55127,0,16,1,3,0.05342677634182048,0,
55131,0,18,1,3,0.07924848681496943,0,
55133,0,30,1,3,0.09121729778972577,0,
55135,0,16,1,3,0.0005711124730003278,0,
55137,0,17,1,3,0.04018753822810666,0,
55139,0,18,1,3,6.607451023800028e-05,0,
55141,0,15,1,3,0.034439122111444245,0,
56001,0,10,1,3,0.002684293230787606,0,
56003,0,15,1,3,1.4984142396534158e-07,0,
56007,0,12,1,3,0.01129992340088485,0,
56009,0,4,1,3,0.030141473134241394,0,
56013,0,11,1,3,0.037053644708988705,0,
56017,0,3,1,3,0.028034977537784216,0,
56021,0,12,1,3,0.11811108524038211,0,
56025,0,11,1,3,0.042379109608936996,0,
56029,0,8,1,3,0.005947693708486936,0,
56031,0,5,1,3,0.01903526237312629,0,
56033,0,9,1,3,0.010404529943959292,0,
56035,0,6,1,3,0.006981372732604122,0,
01001,0,10,1,4,0.1944293234593692,0,
01003,0,23,1,4,0.13690154096039941,0,
01009,0,17,1,4,0.05989431834538137,0,
01011,1,7,1,4,0.14256968598041306,0,
01015,0,14,1,4,0.2526684445265482,0,
01017,0,10,1,4,0.17279431621764738,0,
01019,0,11,1,4,0.3154912484848356,0,
01021,0,14,1,4,0.29866345111481946,0,
01025,1,10,1,4,0.06281147053512887,0,
01031,0,16,1,4,0.20311468631099294,0,
01033,0,9,1,4,0.22741449701173103,0,
01035,1,13,1,4,0.00884616942802831,0,
01037,0,11,1,4,0.07389403938804819,0,
01039,0,13,1,4,0.11607047101965522,0,
01043,0,19,1,4,0.3116178603409317,0,
01045,0,14,1,4,0.35943675117430346,0,
01047,1,10,1,4,0.23829402941173833,0,
01051,0,13,1,4,0.10084426765924441,0,
01053,1,9,1,4,0.2667553111337117,0,
01055,0,14,1,4,0.398933676018306,0,
01057,0,10,1,4,0.09322875198823921,0,
01059,0,10,1,4,0.1921479664967967,0,
01063,1,8,1,4,0.10246071763602371,0,
01065,1,9,1,4,0.10382760133945616,0,
01067,0,9,1,4,0.16372848771841877,0,
01069,0,14,1,4,0.40691031153896945,0,
01071,0,22,1,4,0.23790654415549364,0,
01075,0,9,1,4,0.0979348833748456,0,
01077,0,9,1,4,0.17328191003252333,0,
01079,0,10,1,4,0.18967551791127835,0,
01083,0,15,1,4,0.13087824964227174,0,
01085,1,8,1,4,0.0783145387827223,0,
01087,1,13,1,4,0.15255201048930173,0,
01089,0,25,1,4,0.22282326686167603,0,
01091,1,15,1,4,0.07101312432170298,0,
01093,0,12,1,4,0.18217896620322088,0,
01095,0,18,1,4,0.4772923905776307,0,
01099,1,17,1,4,0.006801559929496801,0,
01101,0,24,1,4,0.2528352514880008,0,
01103,0,16,1,4,0.3237865226550498,0,
01105,1,9,1,4,0.14108124006989609,0,
01107,1,8,1,4,0.10716703494025302,0,
01109,1,9,1,4,0.7450443385010216,1,
01111,0,8,1,4,0.08735983849137764,0,
01113,0,12,1,4,0.2430909671233284,0,
01115,0,18,1,4,0.12266746479281994,0,
01119,1,11,1,4,0.13372464977619977,0,
01121,0,12,1,4,0.35066743642728904,0,
01123,0,12,1,4,0.11177130010461096,0,
01125,0,27,1,4,0.26635588632446733,0,
01127,0,18,1,4,0.4512188724781594,0,
01129,0,16,1,4,0.1427444298762559,0,
01131,1,13,1,4,0.001953120911878839,0,
01133,0,11,1,4,0.21256823036698458,0,
04009,1,10,1,4,0.22130320632196274,0,
04023,1,9,1,4,0.16274449734138036,0,
05001,0,13,1,4,0.20760507888977472,0,
05003,0,7,1,4,0.283522299015721,0,
05005,0,12,1,4,0.18521828305978555,0,
05009,0,9,1,4,0.08560974164156321,0,
05011,1,7,1,4,0.3057024570914423,0,
05015,0,9,1,4,0.10388859063004392,0,
05019,0,8,1,4,0.9999893981289453,1,
05021,0,13,1,4,0.07927789958164924,0,
05023,0,17,1,4,0.06200586838224622,0,
05025,0,7,1,4,0.17984839510119946,0,
05027,1,7,1,4,0.24277210560248816,0,
05029,0,15,1,4,0.34164078247451907,0,
05031,0,16,1,4,0.12350977639296418,0,
05033,0,11,1,4,0.23721356457072898,0,
05035,1,11,1,4,0.8019317462975937,1,
05037,0,8,1,4,0.304831112104606,0,
05039,0,6,1,4,0.1148836337692496,0,
05041,1,12,1,4,0.0200713432088142,0,
05043,0,9,1,4,0.11254750798880506,0,
05045,0,15,1,4,0.7229047191663366,1,
05047,0,13,1,4,0.12867573438917088,0,
05049,0,14,1,4,0.05851461952231789,0,
05051,0,10,1,4,0.3162582195157097,0,
05053,0,14,1,4,0.15949988765524034,0,
05055,0,9,1,4,0.07521079084676284,0,
05057,1,10,1,4,0.2567358244961448,0,
05059,0,12,1,4,0.39821078541277893,0,
05061,0,8,1,4,0.2378426537333626,0,
05063,0,20,1,4,0.11577476999814307,0,
05067,0,11,1,4,0.25459048763764597,0,
05069,1,17,1,4,0.6017952347641078,1,
05071,0,12,1,4,0.0019218781021975622,0,
05073,1,6,1,4,0.08650943111277334,0,
05075,0,14,1,4,0.1310626019433606,0,
05077,1,11,1,4,0.2506380071600184,0,
05079,0,8,1,4,0.21767713983485773,0,
05081,0,7,1,4,0.0671151642492294,0,
05083,0,12,1,4,0.18414200125355148,0,
05085,0,11,1,4,0.17595281014190725,0,
05087,0,13,1,4,0.07312656934980495,0,
05091,0,6,1,4,0.332875694798342,0,
05093,1,15,1,4,0.6724896467178588,1,
05095,1,9,1,4,0.35896592701099156,0,
05097,0,9,1,4,0.14112330114367333,0,
05099,1,10,1,4,0.052024874898583005,0,
05101,1,20,1,4,0.001206508601717883,0,
05103,0,8,1,4,0.3000447844241237,0,
05105,0,8,1,4,0.06232978990766129,0,
05107,1,12,1,4,0.6033424293944336,1,
05111,1,10,1,4,0.12620122945798803,0,
05113,0,7,1,4,0.3174769501739534,0,
05115,0,13,1,4,0.30871614838295486,0,
05117,0,11,1,4,0.08934669484687219,0,
05121,0,11,1,4,0.16180722355983707,0,
05123,1,13,1,4,0.5949520928958787,1,
05125,0,14,1,4,0.13929820716424074,0,
05127,0,10,1,4,0.24668347925151748,0,
05129,1,10,1,4,0.04660087650120283,0,
05133,0,7,1,4,0.38147363679598717,0,
05135,0,13,1,4,0.1180463807994975,0,
05139,0,10,1,4,0.2435757740387215,0,
05141,0,12,1,4,0.056729647852986786,0,
05145,0,17,1,4,0.3532081489422863,0,
05147,1,9,1,4,0.14681782421146686,0,
05149,0,13,1,4,0.38816820524707973,0,
06005,0,12,1,4,0.19083364952319715,0,
06007,0,18,1,4,0.7058873152181474,1,
06009,0,20,1,4,0.08982517228943646,0,
06011,0,9,1,4,0.2415449331465678,0,
06015,0,4,1,4,0.14520483132942338,0,
06017,0,23,1,4,0.12457006770330892,0,
06021,0,7,1,4,0.708114574298057,1,
06023,0,36,1,4,0.16251008856114482,0,
06027,0,11,1,4,0.12739832992253491,0,
06031,0,12,1,4,0.71657659234187,1,
06033,0,15,1,4,0.6116354540905756,1,
06035,0,17,1,4,0.014150760496041357,0,
06041,0,29,1,4,0.037375184039305204,0,
06043,0,13,1,4,0.14369129289977225,0,
06045,0,29,1,4,0.027478173363955853,0,
06055,0,12,1,4,0.10603091489665262,0,
06057,0,12,1,4,0.1809090742754038,0,
06063,0,17,1,4,0.10658968735338707,0,
06069,0,7,1,4,0.1690251817783436,0,
06079,0,26,1,4,0.07156275073059304,0,
06083,0,24,1,4,0.1291676064798122,0,
06087,0,17,1,4,0.11455544846310703,0,
06093,0,23,1,4,0.3369828068486116,0,
06097,0,37,1,4,0.04308026854091451,0,
06101,0,13,1,4,0.6485083041324494,1,
06103,0,15,1,4,0.6457957779802956,1,
06109,0,16,1,4,0.09988444203708016,0,
06113,0,19,1,4,0.40284069564534936,0,
06115,0,17,1,4,0.485893738401499,0,
08001,0,35,1,4,0.4800741655577261,0,
08005,0,33,1,4,0.30348243994991825,0,
08007,0,5,1,4,0.05563869172307159,0,
08009,0,8,1,4,0.16195550337523407,0,
08013,0,22,1,4,0.4921066447033212,0,
08014,0,6,1,4,0.14744692653854247,0,
08035,0,18,1,4,0.05599273238415245,0,
08037,0,13,1,4,0.09696856859098689,0,
08043,0,11,1,4,0.19119395520435073,0,
08045,0,8,1,4,0.109972085777689,0,
08055,0,4,1,4,0.04666721554357197,0,
08059,0,33,1,4,0.1542724146799931,0,
08067,0,6,1,4,0.06702548027401076,0,
08069,0,24,1,4,0.23883506158957968,0,
08077,0,19,1,4,0.5855398727564951,1,
08081,0,5,1,4,0.10924512029406605,0,
08087,0,10,1,4,0.20409423475786176,0,
08099,0,6,1,4,0.0854196338499614,0,
08101,0,15,1,4,0.5569843261077914,1,
08107,0,9,1,4,0.04048831142190007,0,
08109,1,8,1,4,0.06519414852031555,0,
08113,0,7,1,4,0.03163189888323558,0,
08121,0,12,1,4,0.034981605719004646,0,
08123,0,41,1,4,0.3142119149428401,0,
09001,0,46,1,4,0.15337532972933066,0,
09003,0,58,1,4,0.45207167505001195,0,
09005,0,40,1,4,0.09160722145121233,0,
09007,0,24,1,4,0.1641333173424627,0,
09009,0,41,1,4,0.3099964764021696,0,
09011,0,31,1,4,0.33281420872896494,0,
09015,0,31,1,4,0.17326307200207913,0,
10001,0,18,1,4,0.18317467729784576,0,
10005,0,24,1,4,0.24249160013739787,0,
12001,1,23,1,4,0.1067036138689583,0,
12003,0,5,1,4,0.08037570561191802,0,
12005,0,16,1,4,0.21820360620421944,0,
12015,0,17,1,4,0.24757072702916597,0,
12017,0,15,1,4,0.1270551738342278,0,
12019,0,12,1,4,0.12681923209103396,0,
12023,0,8,1,4,0.13390842442531042,0,
12033,0,18,1,4,0.17528067951369466,0,
12035,0,7,1,4,0.21155631049282125,0,
12039,0,7,1,4,0.324203051913793,0,
12041,0,5,1,4,0.1254975335498708,0,
12043,0,5,1,4,0.35760097862553686,0,
12049,1,4,1,4,0.18408188544623957,0,
12051,0,6,1,4,0.30247793295353725,0,
12053,0,12,1,4,0.5172508577387718,1,
12055,0,9,1,4,0.2585688821868032,0,
12059,0,4,1,4,0.1454924548473452,0,
12061,0,9,1,4,0.14697606544064368,0,
12063,0,14,1,4,0.06897822758584099,0,
12065,0,4,1,4,0.15948503785525317,0,
12073,0,10,1,4,0.14104003560562467,0,
12075,0,13,1,4,0.1849606597750748,0,
12079,1,5,1,4,0.13053353330561807,0,
12083,0,31,1,4,0.18285840393080932,0,
12085,0,12,1,4,0.12033487705526294,0,
12087,0,11,1,4,0.09276796041505286,0,
12089,0,6,1,4,0.054454771784340605,0,
12091,0,14,1,4,0.08161659347065645,0,
12097,0,17,1,4,0.30593892452183497,0,
12101,0,31,1,4,0.42471497769495065,0,
12107,1,17,1,4,0.2699947363199212,0,
12109,0,12,1,4,0.0653107753062754,0,
12111,0,17,1,4,0.26034893642326384,0,
12113,0,9,1,4,0.0859104508516654,0,
12117,0,17,1,4,0.20103233109207821,0,
12119,0,11,1,4,0.17443333410039463,0,
12121,0,9,1,4,0.11395670454637814,0,
12129,0,4,1,4,0.06765151367355282,0,
12131,0,12,1,4,0.07508544045819862,0,
12133,0,10,1,4,0.31050555070698116,0,
13001,0,7,1,4,0.35282327446273676,0,
13003,1,5,1,4,0.289398552018043,0,
13005,1,3,1,4,0.34010064540868556,0,
13009,0,6,1,4,0.9993684824573499,1,
13013,0,8,1,4,0.10704813300810127,0,
13015,0,14,1,4,0.29034708938198056,0,
13017,1,4,1,4,0.29130243966006414,0,
13019,0,6,1,4,0.1823850909797751,0,
13021,0,12,1,4,0.6785491759703056,1,
13023,0,6,1,4,0.20995043980690092,0,
13025,0,6,1,4,0.2066609167174074,0,
13031,1,11,1,4,0.3142606799225375,0,
13033,1,9,1,4,0.25494584211180993,0,
13035,0,5,1,4,0.5624456822791208,1,
13039,0,8,1,4,0.08425218217078345,0,
13043,0,4,1,4,0.45237729572486335,0,
13045,0,11,1,4,0.5367335357681167,1,
13055,0,6,1,4,0.17400479899598015,0,
13057,0,15,1,4,0.06652819831733132,0,
13059,1,9,1,4,0.9986591221420168,1,
13063,0,16,1,4,0.5596693274216301,1,
13069,0,10,1,4,0.318983463242975,0,
13071,0,13,1,4,0.3979134272303759,0,
13073,0,7,1,4,0.05248958112660141,0,
13075,1,5,1,4,0.35854557749302324,0,
13077,0,10,1,4,0.1621241934726327,0,
13083,0,5,1,4,0.1082313974010253,0,
13085,0,5,1,4,0.11183289209598499,0,
13087,1,8,1,4,0.2453691977139352,0,
13093,1,8,1,4,0.23917261470813003,0,
13095,1,6,1,4,0.4997614478254224,0,
13097,0,8,1,4,0.3425583044309163,0,
13101,0,6,1,4,0.23930835917329588,0,
13103,0,8,1,4,0.05974125215592955,0,
13107,1,13,1,4,0.3063725843373195,0,
13109,1,6,1,4,0.5085812623226591,1,
13111,0,8,1,4,0.07070740698532252,0,
13113,0,8,1,4,0.1270926494318301,0,
13115,0,13,1,4,0.3246434907508795,0,
13119,0,10,1,4,0.24766765765761392,0,
13127,0,8,1,4,0.010857038160434674,0,
13129,0,8,1,4,0.28450294194593606,0,
13137,0,7,1,4,0.31327009798868066,0,
13139,0,19,1,4,0.23156683590322996,0,
13149,0,6,1,4,0.12259746903291302,0,
13151,0,11,1,4,0.28453829744595244,0,
13153,0,12,1,4,0.2972682325465446,0,
13155,0,7,1,4,0.2778921994027999,0,
13157,0,16,1,4,0.08073244319874365,0,
13163,1,9,1,4,0.2817534336707516,0,
13165,1,5,1,4,0.3267672049198767,0,
13167,1,5,1,4,0.1536057428976002,0,
13169,0,8,1,4,0.16141396049480417,0,
13175,0,15,1,4,0.23613243245882307,0,
13179,0,9,1,4,0.0024485266213375963,0,
13189,0,4,1,4,0.24467660996026347,0,
13191,0,4,1,4,0.05670690944978985,0,
13193,1,10,1,4,0.08134027344102805,0,
13195,0,11,1,4,0.17829631584641523,0,
13197,1,4,1,4,0.1653295841706175,0,
13215,0,11,1,4,0.33813962908251793,0,
13217,0,11,1,4,0.44919668089569326,0,
13219,0,8,1,4,0.07060566137713818,0,
13223,0,11,1,4,0.16865587101268223,0,
13225,1,3,1,4,0.34611180904430616,0,
13227,0,9,1,4,0.0976484813653494,0,
13233,0,8,1,4,0.3823592710031013,0,
13235,0,5,1,4,0.09814501129860331,0,
13237,0,5,1,4,0.24638563348515793,0,
13247,0,9,1,4,0.5542437658377061,1,
13253,1,4,1,4,0.2111699708007388,0,
13257,0,5,1,4,0.21679782165407468,0,
13261,1,8,1,4,0.24429991540530185,0,
13267,1,6,1,4,0.20558266342237858,0,
13273,1,7,1,4,0.23820294362260244,0,
13275,0,9,1,4,0.15486301175874642,0,
13277,0,9,1,4,0.22324893039635574,0,
13279,1,3,1,4,0.2977055360776421,0,
13281,0,3,1,4,0.028698369342357123,0,
13285,0,7,1,4,0.2122582654355703,0,
13287,1,4,1,4,0.28219200626247215,0,
13291,0,4,1,4,0.12181298530150171,0,
13293,0,7,1,4,0.3252262768013053,0,
13295,0,14,1,4,0.16991414522653323,0,
13297,0,11,1,4,0.24988208000254364,0,
13299,1,7,1,4,0.42513677502058234,0,
13301,1,9,1,4,0.055130964654545575,0,
13303,1,10,1,4,0.10661176279178262,0,
13305,0,6,1,4,0.19048546223427218,0,
13309,1,4,1,4,0.060414107553134415,0,
13313,0,8,1,4,0.32960454300583775,0,
13315,1,8,1,4,0.21342157239925996,0,
13317,0,5,1,4,0.12460670455854532,0,
16001,0,17,1,4,0.01399086445067114,0,
16011,0,11,1,4,0.003140093589945828,0,
16013,0,8,1,4,0.007990373987326974,0,
16017,0,18,1,4,0.043040678726897284,0,
16019,0,14,1,4,0.009347178277726041,0,
16025,0,2,1,4,0.13694288779810604,0,
16031,0,9,1,4,0.16796457336366444,0,
16035,0,7,1,4,0.019111104681660926,0,
16039,0,7,1,4,0.016944441129902118,0,
16041,0,7,1,4,0.01931664678992668,0,
16045,0,7,1,4,0.038458590464380604,0,
16047,0,6,1,4,0.07002768838978007,0,
16055,0,13,1,4,0.1017352818911007,0,
16059,0,10,1,4,0.04261312048547018,0,
16069,0,10,1,4,0.014153970262656633,0,
16073,0,12,1,4,0.0955632125115237,0,
16075,0,7,1,4,0.11556736981503903,0,
16079,0,15,1,4,0.006227626366604709,0,
16081,0,5,1,4,0.0037964201761071232,0,
16083,0,10,1,4,0.12597649319203802,0,
16087,0,5,1,4,0.07010768014419944,0,
17001,0,23,1,4,0.06758315469733427,0,
17003,1,8,1,4,0.03898677749440279,0,
17007,0,15,1,4,0.19217612599210407,0,
17011,0,30,1,4,0.10672738267604773,0,
17013,0,7,1,4,0.014529973161430055,0,
17017,0,7,1,4,0.0858048734127857,0,
17019,0,35,1,4,0.3173873047818281,0,
17021,0,20,1,4,0.08911898515762494,0,
17025,0,13,1,4,0.17363236889693334,0,
17027,0,17,1,4,0.0466040188779916,0,
17033,0,10,1,4,0.11987028651871826,0,
17039,0,13,1,4,0.1331147065335769,0,
17041,0,13,1,4,0.07038101247776471,0,
17043,0,43,1,4,0.10935086504563998,0,
17045,0,15,1,4,0.0503565505752815,0,
17049,0,15,1,4,0.07743895867722403,0,
17053,0,21,1,4,0.09954245878435215,0,
17055,0,19,1,4,0.21941856412176736,0,
17057,0,24,1,4,0.10091543847779114,0,
17059,0,9,1,4,0.1575316127461608,0,
17063,0,16,1,4,0.12962541982366624,0,
17073,0,23,1,4,0.06361347021320411,0,
17075,0,25,1,4,0.11628079466423033,0,
17081,0,17,1,4,0.177228289919432,0,
17087,0,10,1,4,0.07306590238830137,0,
17091,0,21,1,4,0.3895097587461177,0,
17093,0,19,1,4,0.09217545791601163,0,
17095,0,22,1,4,0.2066456997997984,0,
17097,0,35,1,4,0.19922949260634462,0,
17099,0,28,1,4,0.30163884266258734,0,
17103,0,24,1,4,0.13682118114795636,0,
17105,0,29,1,4,0.14635590616916658,0,
17107,0,20,1,4,0.08807574420591119,0,
17109,0,17,1,4,0.2683581870142254,0,
17111,0,24,1,4,0.11318071881409687,0,
17113,0,33,1,4,0.18458660098119134,0,
17115,0,27,1,4,0.3654549471397522,0,
17117,0,28,1,4,0.2121257660640329,0,
17121,0,15,1,4,0.22185108722774544,0,
17123,0,19,1,4,0.06872613931629233,0,
17125,0,11,1,4,0.050581648110524194,0,
17127,0,8,1,4,0.19329113537757345,0,
17133,0,9,1,4,0.028632586241881437,0,
17137,0,16,1,4,0.148591604515763,0,
17141,0,27,1,4,0.13224696433265548,0,
17149,0,16,1,4,0.03805283006205804,0,
17157,0,18,1,4,0.13323631194076735,0,
17159,0,9,1,4,0.1576264313322441,0,
17161,0,20,1,4,0.25105851351724756,0,
17165,0,11,1,4,0.25714689958502035,0,
17167,0,29,1,4,0.1925138301436045,0,
17171,0,9,1,4,0.08833542433768905,0,
17173,0,22,1,4,0.06312386615561627,0,
17179,0,21,1,4,0.07778881654933338,0,
17181,0,13,1,4,0.0965064113517589,0,
17183,0,27,1,4,0.3520307785005928,0,
17187,0,14,1,4,0.18486603751207809,0,
17189,0,13,1,4,0.06917888585481,0,
17193,0,11,1,4,0.03966384830819432,0,
17199,0,22,1,4,0.12098324316094146,0,
17201,0,26,1,4,0.3499564795707699,0,
17203,0,16,1,4,0.029323756157219546,0,
18001,0,8,1,4,0.44121882565633525,0,
18003,0,33,1,4,0.441656135717616,0,
18005,0,14,1,4,0.10178546627946122,0,
18009,0,7,1,4,0.3781170125954114,0,
18011,0,12,1,4,0.07235574222802293,0,
18013,0,9,1,4,0.07521538408542854,0,
18017,0,12,1,4,0.5069242112888922,1,
18019,0,15,1,4,0.2703427704808478,0,
18021,0,17,1,4,0.22856983676135567,0,
18023,0,12,1,4,0.4052303060276632,0,
18029,0,9,1,4,0.13561319307949343,0,
18035,0,21,1,4,0.6718219702577334,1,
18037,0,13,1,4,0.06719463159066558,0,
18039,0,17,1,4,0.4895281833052378,0,
18043,0,10,1,4,0.24271834354390698,0,
18047,0,15,1,4,0.1282086419148914,0,
18051,0,16,1,4,0.18776640330249256,0,
18053,0,15,1,4,0.5848426824548433,1,
18055,0,16,1,4,0.19005106211530196,0,
18059,0,15,1,4,0.16200393210079778,0,
18061,0,16,1,4,0.08281024625046345,0,
18063,0,19,1,4,0.13026645815593055,0,
18067,0,10,1,4,0.5308597188729082,1,
18069,0,9,1,4,0.16646604773491233,0,
18071,0,8,1,4,0.07242807462728944,0,
18073,0,13,1,4,0.28221462788253326,0,
18079,0,13,1,4,0.10484998511438805,0,
18081,0,12,1,4,0.15775868768980966,0,
18083,0,11,1,4,0.3764833678833867,0,
18085,0,21,1,4,0.24826869269473326,0,
18087,0,12,1,4,0.24735634490175748,0,
18091,0,15,1,4,0.5396850673727828,1,
18093,0,12,1,4,0.1589700970862436,0,
18095,0,18,1,4,0.5731351073784727,1,
18101,0,7,1,4,0.08149816387498796,0,
18105,0,18,1,4,0.997403540866904,1,
18107,0,16,1,4,0.25630907749740284,0,
18109,0,14,1,4,0.24112018741436442,0,
18117,0,11,1,4,0.10086743071614923,0,
18123,0,14,1,4,0.03481170933088571,0,
18127,0,15,1,4,0.34538177397922876,0,
18129,0,7,1,4,0.08535875583327071,0,
18133,0,15,1,4,0.222537511083752,0,
18139,0,16,1,4,0.41787005598106863,0,
18141,0,24,1,4,0.5682145615445853,1,
18143,0,6,1,4,0.10680179528847039,0,
18145,0,17,1,4,0.2873996329223527,0,
18147,0,16,1,4,0.09072363143798291,0,
18149,0,11,1,4,0.4611531407665891,0,
18153,0,13,1,4,0.23908430740700234,0,
18157,0,18,1,4,0.48188293616822353,0,
18163,0,11,1,4,0.5848911609173422,1,
18167,0,18,1,4,0.8662896043909428,1,
18169,0,14,1,4,0.27756257741962764,0,
18173,0,12,1,4,0.09215413249311073,0,
18175,0,12,1,4,0.07690264099623602,0,
18177,0,17,1,4,0.5631345844446709,1,
19003,0,9,1,4,0.020972371151363457,0,
19007,0,11,1,4,0.03904899611144081,0,
19009,0,11,1,4,0.010067604609394574,0,
19011,0,24,1,4,0.01805636579766317,0,
19013,0,17,1,4,0.27279208649621306,0,
19015,0,18,1,4,0.11752401019442801,0,
19021,0,13,1,4,0.05520165883132711,0,
19023,0,16,1,4,0.010333870019876741,0,
19027,0,16,1,4,0.008187102833578716,0,
19031,0,18,1,4,0.01950042436303944,0,
19037,0,9,1,4,0.017812262920888992,0,
19039,0,9,1,4,0.033526035424845,0,
19041,0,15,1,4,0.024067878773949784,0,
19045,0,20,1,4,0.06179931345290312,0,
19049,0,25,1,4,0.02557429380821542,0,
19057,0,12,1,4,0.13094942922942346,0,
19061,0,19,1,4,0.06537066876658419,0,
19067,0,13,1,4,0.025369825942050724,0,
19071,0,11,1,4,0.011400870810476714,0,
19077,0,18,1,4,0.008789384351001414,0,
19079,0,15,1,4,0.015093295512355389,0,
19087,0,11,1,4,0.0503220029291869,0,
19095,0,21,1,4,0.012647110518443356,0,
19097,0,14,1,4,0.013342086141917642,0,
19099,0,19,1,4,0.014137129869688589,0,
19103,0,24,1,4,0.4143268346220498,0,
19105,0,16,1,4,0.0238481248220344,0,
19109,0,21,1,4,0.016113908158146936,0,
19111,0,12,1,4,0.06442862496322634,0,
19113,0,29,1,4,0.061551281339930805,0,
19121,0,14,1,4,0.009373570336291652,0,
19123,0,20,1,4,0.017659228904889933,0,
19127,0,21,1,4,0.06558770620449458,0,
19129,0,11,1,4,0.015701128170176448,0,
19133,0,15,1,4,0.008273019406036818,0,
19145,0,12,1,4,0.015586762162197804,0,
19149,0,14,1,4,0.03963327441635122,0,
19151,0,16,1,4,0.028278186872654692,0,
19155,0,24,1,4,0.049257400401696794,0,
19157,0,17,1,4,0.012069347833395585,0,
19161,0,16,1,4,0.014655242825271808,0,
19163,0,22,1,4,0.1284692845397419,0,
19169,0,22,1,4,0.10078957781460327,0,
19179,0,12,1,4,0.09272378865903312,0,
19181,0,19,1,4,0.01891139818148394,0,
19187,0,22,1,4,0.11532051731667245,0,
19193,0,25,1,4,0.1391945042227944,0,
19197,0,16,1,4,0.028084437033549268,0,
20001,0,11,1,4,0.1040090283615779,0,
20005,0,10,1,4,0.040604004207685875,0,
20009,0,10,1,4,0.05375590129464228,0,
20011,0,13,1,4,0.023245771363418655,0,
20015,0,20,1,4,0.02373659340947471,0,
20019,0,10,1,4,0.02327726471941637,0,
20021,0,13,1,4,0.004878804081457677,0,
20027,0,10,1,4,0.001670817825410685,0,
20029,0,8,1,4,0.027552958312827783,0,
20035,0,14,1,4,0.1954134252470162,0,
20037,0,15,1,4,0.040096559232299725,0,
20039,0,8,1,4,0.005153749625360006,0,
20041,0,12,1,4,0.026211515225866025,0,
20045,0,12,1,4,0.444413799065621,0,
20047,0,7,1,4,0.01699541781381606,0,
20051,0,11,1,4,0.026187231174888803,0,
20055,0,7,1,4,0.03837499274384941,0,
20057,0,10,1,4,0.05797955622977246,0,
20059,0,13,1,4,0.05816244172912024,0,
20061,0,8,1,4,0.35147103793620704,0,
20067,0,3,1,4,0.027885960412542047,0,
20073,0,11,1,4,0.01976532376456484,0,
20079,0,13,1,4,0.04106849780641867,0,
20083,0,8,1,4,0.010356876629396387,0,
20085,0,18,1,4,0.01499553967441825,0,
20087,0,15,1,4,0.053314442890419894,0,
20095,0,12,1,4,0.0050038393947219924,0,
20097,0,7,1,4,0.00689322663516286,0,
20099,0,13,1,4,0.07502973612651843,0,
20103,0,13,1,4,0.07319118808999005,0,
20111,0,12,1,4,0.31044305494207924,0,
20113,0,12,1,4,0.019817733209342773,0,
20121,0,11,1,4,0.013128366035395215,0,
20125,0,13,1,4,0.28032267557881785,0,
20127,0,9,1,4,0.031097218659584206,0,
20129,0,5,1,4,0.020176542531924854,0,
20133,0,11,1,4,0.10661145322337655,0,
20135,0,9,1,4,0.0006549527081136237,0,
20139,0,15,1,4,0.0650261750041197,0,
20147,0,9,1,4,0.001168219905104914,0,
20149,0,12,1,4,0.11866491052307204,0,
20155,0,22,1,4,0.08797618126171891,0,
20159,0,13,1,4,0.01310555883083335,0,
20161,1,14,1,4,0.999968961827137,1,
20163,0,10,1,4,0.0016096882220679243,0,
20167,0,11,1,4,0.02078823993686843,0,
20169,0,9,1,4,0.10456924979909599,0,
20175,0,6,1,4,0.08270892364334748,0,
20179,0,11,1,4,0.001675541878518727,0,
20201,0,15,1,4,4.224583951059161e-05,0,
20205,0,10,1,4,0.12027565166583241,0,
21001,0,10,1,4,0.20478365044380792,0,
21003,0,6,1,4,0.18548401674777196,0,
21009,0,11,1,4,0.3814483238230028,0,
21011,1,8,1,4,0.11519042567477188,0,
21013,1,11,1,4,0.2869820869961302,0,
21015,0,9,1,4,0.24373228643012956,0,
21019,0,4,1,4,0.6243654958438921,1,
21021,0,5,1,4,0.3010476619965074,0,
21023,0,7,1,4,0.1748977515798216,0,
21027,0,18,1,4,0.1403257695535356,0,
21029,0,11,1,4,0.4937496539806132,0,
21033,0,6,1,4,0.08965396537714809,0,
21037,0,10,1,4,0.2491799877659449,0,
21041,0,8,1,4,0.5357408018776499,1,
21047,0,15,1,4,0.3504377598987393,0,
21049,0,4,1,4,0.24908246095294387,0,
21051,1,10,1,4,0.27840688130039715,0,
21057,1,3,1,4,0.16520246336703828,0,
21059,0,10,1,4,0.6072558887282256,1,
21061,0,12,1,4,0.15408139997690293,0,
21063,1,6,1,4,0.2684293728870667,0,
21067,0,17,1,4,0.2547171159266097,0,
21069,0,7,1,4,0.1728671231356423,0,
21071,1,33,1,4,0.3077523768755163,0,
21073,0,5,1,4,0.20772250983354962,0,
21075,1,3,1,4,0.24422087293009428,0,
21077,0,6,1,4,0.3684690123905929,0,
21079,0,5,1,4,0.2113593342851158,0,
21081,0,8,1,4,0.1894977780606294,0,
21083,0,18,1,4,0.4452885215411697,0,
21085,0,9,1,4,0.1348243278747587,0,
21093,0,17,1,4,0.30221464476367116,0,
21097,0,6,1,4,0.11390314352093657,0,
21099,1,10,1,4,0.20034035857437457,0,
21101,0,8,1,4,0.6392840052293149,1,
21103,0,13,1,4,0.1284519087881312,0,
21105,0,7,1,4,0.12480297194871111,0,
21107,0,13,1,4,0.33488182700218144,0,
21113,0,4,1,4,0.27132127418725765,0,
21115,1,19,1,4,0.22065703933648673,0,
21117,0,12,1,4,0.307681228605449,0,
21119,1,24,1,4,0.21172020002792866,0,
21121,1,19,1,4,0.0034706617476998273,0,
21125,1,8,1,4,0.35231110267002425,0,
21127,1,10,1,4,0.283887949055096,0,
21133,1,26,1,4,0.11859467741121738,0,
21137,1,11,1,4,0.0641686688083182,0,
21141,0,7,1,4,0.1744941587058405,0,
21145,0,7,1,4,0.7001536196584046,1,
21149,0,7,1,4,0.08673834987617425,0,
21151,0,5,1,4,0.3947955186400416,0,
21153,1,4,1,4,0.15646235267091407,0,
21159,1,9,1,4,0.1763157894392521,0,
21161,0,5,1,4,0.2916773653231672,0,
21163,0,12,1,4,0.1918926764233297,0,
21167,0,5,1,4,0.16210552890126773,0,
21171,1,6,1,4,7.33742654706073e-05,0,
21173,0,5,1,4,0.24834888781136324,0,
21175,1,8,1,4,0.18098829204919892,0,
21179,0,9,1,4,0.09389731989754423,0,
21183,0,16,1,4,0.17808992825549044,0,
21185,0,11,1,4,0.08368513018443485,0,
21191,0,10,1,4,0.19119008078943298,0,
21195,1,39,1,4,0.09851626624942676,0,
21197,1,4,1,4,0.3000928308142688,0,
21199,0,11,1,4,0.4505772363259346,0,
21201,1,7,1,4,0.11752990960143717,0,
21203,1,7,1,4,0.17703054792796924,0,
21205,1,4,1,4,0.06357980467231673,0,
21207,1,7,1,4,0.3767047475245359,0,
21209,0,6,1,4,0.14432673187681996,0,
21211,0,14,1,4,0.2390599586164819,0,
21217,0,6,1,4,0.20045787149798486,0,
21221,0,5,1,4,0.08996935906354137,0,
21225,0,5,1,4,0.33190312504884245,0,
21227,0,9,1,4,0.2162518604281955,0,
21231,1,5,1,4,0.40410546640591977,0,
21235,1,7,1,4,0.1819489185684794,0,
21237,1,5,1,4,0.19400952982985806,0,
21239,0,3,1,4,0.13390799102320297,0,
22001,1,15,1,4,0.40020563379003615,0,
22003,0,13,1,4,0.0897533317868761,0,
22005,0,8,1,4,0.20220880265832583,0,
22009,1,15,1,4,0.16037213071042783,0,
22011,0,9,1,4,0.06920462774582345,0,
22013,1,13,1,4,0.19710479516368637,0,
22019,0,16,1,4,0.5222215922761312,1,
22021,0,4,1,4,0.15248073267247259,0,
22023,0,8,1,4,0.46604338791680994,0,
22027,1,11,1,4,0.41125867220064716,0,
22031,0,10,1,4,0.010155235882503841,0,
22039,1,12,1,4,0.2973408964065558,0,
22041,1,7,1,4,0.26835841759105616,0,
22043,0,8,1,4,0.055308908954014274,0,
22045,1,10,1,4,0.41249420338582804,0,
22047,0,8,1,4,0.42808022388458294,0,
22049,0,7,1,4,0.1885857695226489,0,
22053,0,10,1,4,0.2236939045640543,0,
22055,0,16,1,4,0.18014322356897153,0,
22057,0,14,1,4,0.2312403526548388,0,
22063,0,17,1,4,0.1940763637826866,0,
22065,1,4,1,4,0.4333426858706774,0,
22069,1,16,1,4,0.12206456036833024,0,
22077,0,17,1,4,0.16474130447050955,0,
22079,0,27,1,4,0.2487062178147294,0,
22083,1,6,1,4,0.3990153023209552,0,
22087,0,6,1,4,0.7687508171618934,1,
22089,0,10,1,4,0.1270683256440576,0,
22093,0,7,1,4,0.22557101500109245,0,
22095,0,6,1,4,0.38845832474378666,0,
22099,0,8,1,4,0.2794264670106495,0,
22101,1,8,1,4,0.4027587174316014,0,
22103,0,17,1,4,0.12505698603884505,0,
22105,1,20,1,4,0.3676229448339219,0,
22107,1,4,1,4,0.006736231701471369,0,
22109,0,13,1,4,0.28905667501830157,0,
22111,0,10,1,4,0.10092555766705938,0,
22113,0,12,1,4,0.0959879781772071,0,
22115,0,13,1,4,0.12750458647194435,0,
22117,1,6,1,4,0.3206830944789798,0,
22119,1,12,1,4,0.49810897504461293,0,
22121,0,5,1,4,0.2905259480841884,0,
22123,1,4,1,4,0.12710269444527822,0,
22127,1,12,1,4,0.11134851480548964,0,
23001,0,14,1,4,0.16284178226552545,0,
23005,0,38,1,4,0.06796542762596117,0,
23007,0,18,1,4,0.05773602572001146,0,
23009,0,40,1,4,0.032343884197111254,0,
23011,0,27,1,4,0.1425648135138339,0,
23013,0,19,1,4,0.04614337180051626,0,
23017,0,33,1,4,0.06553958275391174,0,
23019,0,47,1,4,0.18796717994493578,0,
23021,0,16,1,4,0.06820834662554633,0,
23025,0,24,1,4,0.16452059016489198,0,
23027,0,18,1,4,0.07758478390839911,0,
23031,0,36,1,4,0.06258470576831925,0,
24001,0,15,1,4,0.09599828167921858,0,
24011,0,10,1,4,0.3291664767688754,0,
24013,0,15,1,4,0.024278105745508424,0,
24017,0,24,1,4,0.06217720417512132,0,
24019,0,18,1,4,0.2901012538248096,0,
24021,0,34,1,4,0.03289496218679651,0,
24027,0,24,1,4,0.06738020983253808,0,
24029,0,9,1,4,0.132812906282406,0,
24035,0,16,1,4,0.05348705653314683,0,
24037,0,26,1,4,0.034195867282404424,0,
24039,0,11,1,4,0.001151645357072297,0,
24041,0,16,1,4,0.09214850907586881,0,
24043,0,20,1,4,0.004861373390784416,0,
24047,0,12,1,4,0.1882940568821366,0,
25001,0,47,1,4,0.09734693546194396,0,
25005,0,36,1,4,0.519130247074344,1,
25011,0,32,1,4,0.10639115743836434,0,
25013,0,41,1,4,0.5862574847829625,1,
25015,0,28,1,4,0.1746046408105774,0,
25023,0,34,1,4,0.1957627875218459,0,
25025,0,36,1,4,0.6297928660151916,1,
25027,0,87,1,4,0.24848655842062478,0,
26005,0,24,1,4,0.21947977073377833,0,
26009,0,16,1,4,0.09754205665290128,0,
26011,0,10,1,4,0.35418380203657396,0,
26013,0,7,1,4,0.034660250093160545,0,
26015,0,15,1,4,0.12199590004206541,0,
26017,0,16,1,4,0.5746888769724525,1,
26021,0,23,1,4,0.7480978758385575,1,
26023,0,13,1,4,0.3809948359416208,0,
26025,0,22,1,4,0.37143499201750446,0,
26027,0,14,1,4,0.39814837902575717,0,
26041,0,13,1,4,0.13137162720677883,0,
26045,0,19,1,4,0.24323373853407773,0,
26049,0,34,1,4,0.5290742929405378,1,
26055,0,9,1,4,0.12681853114672553,0,
26059,0,18,1,4,0.30192575664380694,0,
26061,0,20,1,4,0.0766031906118027,0,
26063,0,18,1,4,0.23668467759376596,0,
26065,0,22,1,4,0.8488068416345341,1,
26067,0,21,1,4,0.14087918211815068,0,
26073,1,15,1,4,0.4664649116989515,0,
26075,0,29,1,4,0.3778567053496386,0,
26077,0,25,1,4,0.3053198631893752,0,
26081,0,39,1,4,0.399324401748021,0,
26087,0,22,1,4,0.23722322343129826,0,
26091,0,23,1,4,0.22949656615014866,0,
26093,0,20,1,4,0.09270315211467221,0,
26099,0,39,1,4,0.6897882721563913,1,
26101,0,15,1,4,0.17250848021744095,0,
26103,0,15,1,4,0.07573494787519576,0,
26115,0,25,1,4,0.2251886149022064,0,
26121,0,20,1,4,0.5444621269596963,1,
26123,0,21,1,4,0.30710174878918534,0,
26127,0,12,1,4,0.3797030205718059,0,
26137,0,7,1,4,0.1581699680390108,0,
26139,0,22,1,4,0.184319957698968,0,
26141,0,7,1,4,0.06812554391952234,0,
26145,0,28,1,4,0.39215133916266925,0,
26147,0,23,1,4,0.3890624723204966,0,
26149,0,13,1,4,0.3580224923555989,0,
26151,0,22,1,4,0.3053043814227533,0,
26155,0,19,1,4,0.17699437707042992,0,
26157,0,21,1,4,0.20748888281819775,0,
26159,0,22,1,4,0.45582523662372154,0,
26161,0,27,1,4,0.21066054343330837,0,
27001,0,12,1,4,0.009602242865139861,0,
27003,0,20,1,4,0.0597810417289811,0,
27005,0,16,1,4,0.00988105632532848,0,
27007,0,18,1,4,0.031367036189976986,0,
27009,0,9,1,4,0.007751663496388471,0,
27025,0,15,1,4,0.00928616361039946,0,
27027,0,15,1,4,0.01150698069062628,0,
27037,0,22,1,4,0.04689838124051798,0,
27041,0,17,1,4,0.006298166763555179,0,
27047,0,18,1,4,0.08619538568537041,0,
27049,0,17,1,4,0.019961209318889863,0,
27057,0,10,1,4,0.013235291495713843,0,
27061,0,30,1,4,0.009976248595213398,0,
27079,0,13,1,4,0.015676530360710372,0,
27083,0,14,1,4,0.013489477158853291,0,
27095,0,12,1,4,0.009112444300184642,0,
27097,0,20,1,4,0.008553589640884342,0,
27099,0,19,1,4,0.03863018657447701,0,
27109,0,19,1,4,0.020073389040598646,0,
27111,0,34,1,4,0.011477132082009966,0,
27115,0,16,1,4,0.014477312516741865,0,
27119,0,25,1,4,0.0057189824684521105,0,
27123,0,26,1,4,0.1285565441094481,0,
27127,0,22,1,4,0.0028240415608551065,0,
27129,0,16,1,4,0.00806322395504994,0,
27131,0,16,1,4,0.03863033593552763,0,
27135,0,11,1,4,0.007006953090548383,0,
27139,0,10,1,4,0.024332347559106064,0,
27141,0,9,1,4,0.01502150004243074,0,
27145,0,33,1,4,0.2964033371091314,0,
27151,0,11,1,4,0.008424210318203514,0,
27153,0,19,1,4,0.009232807157106704,0,
27163,0,19,1,4,0.028618723643052853,0,
27169,0,14,1,4,0.01979478609127567,0,
27171,0,19,1,4,0.01743448846932332,0,
28001,1,2,1,4,0.15351938464736098,0,
28003,0,5,1,4,0.10655759243867642,0,
28007,1,11,1,4,0.041182981435731805,0,
28011,1,17,1,4,0.4431643644322672,0,
28013,0,11,1,4,0.0060195731992943955,0,
28015,0,13,1,4,0.10899087565887966,0,
28019,1,9,1,4,0.022958416803460814,0,
28023,1,9,1,4,0.005145495493071588,0,
28025,1,8,1,4,0.06353161515244865,0,
28027,1,11,1,4,0.4862204708738414,0,
28029,1,9,1,4,0.0009082078210015316,0,
28031,1,8,1,4,0.06546467103568629,0,
28033,0,10,1,4,0.11129418585482352,0,
28035,1,8,1,4,0.924802016329364,1,
28037,1,8,1,4,0.019942001211064507,0,
28039,0,3,1,4,0.018472883858762966,0,
28041,0,7,1,4,0.004716100192094106,0,
28043,1,7,1,4,0.04786378358522288,0,
28045,0,10,1,4,0.1404446241464993,0,
28051,1,9,1,4,0.09092801013197453,0,
28057,0,10,1,4,0.05335068774391499,0,
28061,1,14,1,4,0.002118533386574403,0,
28065,1,9,1,4,0.03857467629969903,0,
28069,1,11,1,4,0.042296638073758414,0,
28071,1,13,1,4,0.9999999919250863,1,
28073,0,6,1,4,0.038779391491552746,0,
28075,1,12,1,4,0.003597165743774242,0,
28081,0,15,1,4,0.06937167853302016,0,
28083,1,11,1,4,0.35090309810338377,0,
28085,0,12,1,4,0.03761626196170626,0,
28087,1,8,1,4,0.1023205928455344,0,
28089,0,12,1,4,0.04895142673977158,0,
28091,1,8,1,4,0.1002080625912434,0,
28093,1,8,1,4,0.08633220866351261,0,
28095,0,12,1,4,0.06110735615531053,0,
28097,1,7,1,4,0.061144997714540204,0,
28099,1,8,1,4,0.12276963448447652,0,
28101,0,11,1,4,0.02015311533771362,0,
28103,1,6,1,4,0.07100677933280541,0,
28107,1,11,1,4,0.14971281200115888,0,
28109,0,5,1,4,0.04295292120445866,0,
28113,1,8,1,4,0.141433135616759,0,
28115,0,11,1,4,0.12567687799667152,0,
28119,1,10,1,4,0.29315186572036583,0,
28121,0,12,1,4,0.16859289196911575,0,
28123,1,10,1,4,0.12518529498438363,0,
28127,1,10,1,4,0.04534438611202565,0,
28131,0,6,1,4,0.026326907475142422,0,
28133,1,16,1,4,0.43956201192765654,0,
28135,1,18,1,4,0.017185455949552408,0,
28137,0,5,1,4,0.23457893225957085,0,
28141,0,9,1,4,0.09252920847081993,0,
28145,0,11,1,4,0.03699854786103309,0,
28147,1,6,1,4,0.05280189527616351,0,
28153,1,7,1,4,0.06790493909339124,0,
28159,1,10,1,4,0.09565357411587312,0,
28161,1,7,1,4,0.023248254298199038,0,
28163,1,8,1,4,0.10336302776403726,0,
29001,1,9,1,4,0.20994607393813988,0,
29009,0,17,1,4,0.18399759771143817,0,
29011,0,8,1,4,0.029159517621742244,0,
29013,0,13,1,4,0.014985173789263916,0,
29015,0,13,1,4,0.04385748966064618,0,
29017,0,13,1,4,0.04393390288022374,0,
29019,0,13,1,4,0.029010210964869436,0,
29021,0,15,1,4,0.5236360195001168,1,
29023,0,10,1,4,0.25628552689281675,0,
29025,0,10,1,4,0.10577370303446369,0,
29029,0,18,1,4,0.09866923590708336,0,
29031,0,19,1,4,0.19547022963625937,0,
29033,0,10,1,4,0.0797674874215161,0,
29035,1,5,1,4,0.015375917041149757,0,
29037,0,18,1,4,0.03989685182987368,0,
29039,0,9,1,4,0.05351296967397893,0,
29041,0,12,1,4,0.021480333050995906,0,
29043,0,21,1,4,0.02579817630576578,0,
29049,0,11,1,4,0.054361288855423844,0,
29051,0,9,1,4,0.04767153975958465,0,
29055,0,12,1,4,0.12315472932366676,0,
29057,0,13,1,4,0.07051675219375841,0,
29059,0,13,1,4,0.07674249881929107,0,
29063,0,10,1,4,0.06480549824261445,0,
29065,0,8,1,4,0.06723136944279699,0,
29067,0,16,1,4,0.08110172389124924,0,
29069,1,14,1,4,0.27392858250161817,0,
29071,0,23,1,4,0.06574532883277968,0,
29079,0,7,1,4,0.1411025285871435,0,
29083,0,11,1,4,0.13600265549518778,0,
29085,0,13,1,4,0.10491296087796906,0,
29091,0,12,1,4,0.1237478627444148,0,
29093,0,16,1,4,0.03717317309139998,0,
29099,0,24,1,4,0.1751304452758583,0,
29103,0,12,1,4,0.026003709458716093,0,
29105,0,12,1,4,0.08367995850937382,0,
29107,0,16,1,4,0.06198913127747509,0,
29109,0,21,1,4,0.10567541791297685,0,
29113,0,17,1,4,0.09656534391245959,0,
29115,0,15,1,4,0.047167910109291264,0,
29117,0,12,1,4,0.07584194512384014,0,
29119,0,14,1,4,0.049373119147510386,0,
29121,0,15,1,4,0.028027194861147374,0,
29123,0,7,1,4,0.04135074739540242,0,
29127,0,10,1,4,0.07305108581237839,0,
29131,0,17,1,4,0.027306158753290764,0,
29133,1,6,1,4,0.5826051260697396,1,
29135,0,13,1,4,0.026384838897755704,0,
29139,0,11,1,4,0.07561832075115614,0,
29143,1,17,1,4,0.3496222004671513,0,
29145,0,15,1,4,0.08363588248739202,0,
29147,0,18,1,4,0.06543473470644848,0,
29153,0,18,1,4,0.0343003469077761,0,
29159,0,15,1,4,0.18397358860269414,0,
29161,0,11,1,4,0.06677922933506836,0,
29163,0,12,1,4,0.055436276494008695,0,
29165,0,18,1,4,0.06532666595773833,0,
29169,0,11,1,4,0.035061880063975134,0,
29175,0,12,1,4,0.09062597870186989,0,
29177,0,12,1,4,0.13694586013649981,0,
29181,1,9,1,4,0.08211937116457688,0,
29183,0,14,1,4,0.09233920272088456,0,
29185,0,16,1,4,0.03364172293268728,0,
29186,0,8,1,4,0.07663326055310157,0,
29187,0,15,1,4,0.11623581722259942,0,
29195,0,13,1,4,0.1885928641617135,0,
29197,0,6,1,4,0.03095303637066037,0,
29199,0,10,1,4,0.04200727239532542,0,
29201,0,14,1,4,0.43152350675049966,0,
29207,0,13,1,4,0.0803051914230193,0,
29209,0,17,1,4,0.05301444939018334,0,
29211,0,13,1,4,0.03842323236212573,0,
29213,0,20,1,4,0.18440699343579744,0,
29215,1,21,1,4,0.0001977134644978071,0,
29217,0,13,1,4,0.08045872266073717,0,
29219,0,9,1,4,0.12508338167750893,0,
29223,1,14,1,4,0.05622950594655095,0,
29225,0,9,1,4,0.09014383842572737,0,
29229,1,11,1,4,0.11993934895426296,0,
30003,1,18,1,4,0.18416665318598566,0,
30005,1,9,1,4,0.013319360711406034,0,
30013,0,18,1,4,0.05007555862207747,0,
30015,0,13,1,4,0.027689144208452577,0,
30021,0,8,1,4,0.0029951655709261776,0,
30029,0,16,1,4,0.03614420747931196,0,
30035,1,5,1,4,0.08222475488783844,0,
30047,0,15,1,4,0.047323589788477075,0,
30049,0,9,1,4,0.01965867544147121,0,
30053,0,6,1,4,0.030077297345836185,0,
30061,0,5,1,4,0.03813556228646865,0,
30073,0,6,1,4,0.006898023639338284,0,
30081,0,9,1,4,0.01610146318788707,0,
30087,0,8,1,4,0.013625633680821293,0,
30105,0,12,1,4,0.005122529365600701,0,
30111,0,16,1,4,0.06438127231512897,0,
31001,0,14,1,4,0.01702629994401236,0,
31003,0,11,1,4,0.0034746609630295112,0,
31007,0,8,1,4,0.008294755538197588,0,
31011,0,8,1,4,0.0011245633014474838,0,
31013,0,3,1,4,0.007573327949923179,0,
31023,0,14,1,4,0.004199557875390735,0,
31025,0,20,1,4,0.00623727830950315,0,
31029,0,7,1,4,4.079771614116951e-07,0,
31033,0,5,1,4,0.0018968279567446497,0,
31041,0,21,1,4,0.00020441985627871374,0,
31045,0,6,1,4,0.0040777676798733715,0,
31061,0,8,1,4,0.0028022235754430825,0,
31067,0,18,1,4,0.009278257137478343,0,
31075,0,3,1,4,0.0010794126899384626,0,
31079,0,11,1,4,0.015608616490019824,0,
31083,0,8,1,4,0.0023279966235737084,0,
31093,0,11,1,4,0.0033648504260063595,0,
31095,0,12,1,4,0.00612735501028876,0,
31109,0,42,1,4,0.038324936004564665,0,
31111,0,14,1,4,0.00558137927834162,0,
31119,0,8,1,4,0.012609124077955334,0,
31131,0,19,1,4,0.004311267802400224,0,
31135,0,10,1,4,0.0015457995419495554,0,
31141,0,11,1,4,0.009037472680255837,0,
31153,0,13,1,4,0.012418298650228986,0,
31155,0,18,1,4,0.0050028692741197235,0,
31157,0,8,1,4,0.02151900518821602,0,
31161,0,9,1,4,0.0034292142551600323,0,
31173,1,10,1,4,0.04882927856348541,0,
31177,0,15,1,4,0.010437791025990116,0,
31179,0,11,1,4,0.010442243223635078,0,
31185,0,15,1,4,0.0035369712985403967,0,
32001,0,2,1,4,0.5337971761658373,1,
32005,0,9,1,4,0.22127354191937834,0,
32007,0,14,1,4,0.07397947056250465,0,
32013,0,7,1,4,0.03080176366800144,0,
32017,0,5,1,4,3.2222207245177015e-06,0,
32019,0,9,1,4,0.7284525626222171,1,
32021,0,5,1,4,0.22870941551374685,0,
32033,0,7,1,4,0.07975741958378482,0,
33005,0,27,1,4,0.07229137433844803,0,
33007,0,16,1,4,0.09738377514402106,0,
33009,0,37,1,4,0.04523797888495712,0,
33011,0,34,1,4,0.12219995919443429,0,
33013,0,31,1,4,0.09272309438237275,0,
33015,0,37,1,4,0.07544792412923829,0,
34009,0,15,1,4,0.12684249544685186,0,
34011,0,22,1,4,0.017209451205220043,0,
34015,0,30,1,4,0.1252869137992061,0,
34019,0,26,1,4,0.027780645664783152,0,
34021,0,25,1,4,0.2412864966681678,0,
34027,0,56,1,4,0.03834958008713362,0,
34031,0,33,1,4,0.25325469956023494,0,
34033,0,14,1,4,0.2300506020051018,0,
34035,0,32,1,4,0.05216776732474835,0,
34037,0,21,1,4,0.028501174743531997,0,
34041,0,19,1,4,0.06394718923049679,0,
35005,1,9,1,4,0.39999530310596876,0,
35007,0,9,1,4,0.03375984597124053,0,
35009,0,7,1,4,0.6317891589603742,1,
35015,0,8,1,4,3.601309112827254e-05,0,
35017,0,16,1,4,0.00031198578695565844,0,
35019,1,5,1,4,1.0505402828683481e-05,0,
35025,0,7,1,4,0.5061167542234342,1,
35029,1,3,1,4,0.21057083647558802,0,
35035,0,18,1,4,0.41786091097110184,0,
35037,1,10,1,4,0.045045757378918264,0,
35039,0,37,1,4,0.0025521635477141133,0,
35041,1,9,1,4,0.1927614344843367,0,
35043,0,21,1,4,0.21216463550007525,0,
35049,0,15,1,4,0.15709090545661547,0,
35051,0,10,1,4,0.6032670770725467,1,
35053,1,14,1,4,0.3220499066925107,0,
35055,1,21,1,4,0.0007196662903173216,0,
35061,0,8,1,4,0.36695934501323657,0,
36001,0,46,1,4,0.2018598334115364,0,
36003,0,37,1,4,0.06007371227011402,0,
36007,0,31,1,4,0.1639838179777684,0,
36009,0,36,1,4,0.5894787196408658,1,
36011,0,26,1,4,0.002310912976807996,0,
36013,0,36,1,4,0.20011207636248046,0,
36015,0,22,1,4,0.13642436134439936,0,
36021,0,36,1,4,0.16981362242526088,0,
36023,0,17,1,4,0.15757010536133673,0,
36027,0,35,1,4,0.19484927941594066,0,
36031,0,34,1,4,0.04268076490031233,0,
36033,0,23,1,4,0.053771443550686096,0,
36037,0,18,1,4,0.08253391143352877,0,
36039,0,42,1,4,0.10501826835111301,0,
36041,0,13,1,4,0.05943320445184086,0,
36043,0,28,1,4,0.02530077421107909,0,
36045,0,39,1,4,0.15522607159523746,0,
36053,0,31,1,4,0.09994538118906218,0,
36055,0,50,1,4,0.4472868126980257,0,
36057,0,20,1,4,0.17038742850436725,0,
36063,0,22,1,4,0.387888509045912,0,
36065,0,54,1,4,0.25095178150489994,0,
36071,0,51,1,4,0.14405736998195245,0,
36073,0,15,1,4,0.2828375418594497,0,
36075,0,27,1,4,0.23226647141278345,0,
36077,0,43,1,4,0.07582310480071938,0,
36083,0,29,1,4,0.13218840491312636,0,
36089,0,49,1,4,0.10532227840151771,0,
36091,0,27,1,4,0.09553188381224828,0,
36093,0,19,1,4,0.15651379028551546,0,
36099,0,14,1,4,0.18188249306485407,0,
36101,0,39,1,4,0.10519773938540265,0,
36105,0,62,1,4,0.13985609742625416,0,
36107,0,15,1,4,0.09634446074341381,0,
36109,0,17,1,4,0.49738573321778623,0,
36111,0,63,1,4,0.1908364051570401,0,
36115,0,27,1,4,0.10828377236064346,0,
36117,0,20,1,4,0.09900010220643363,0,
37001,0,12,1,4,0.21335595147671732,0,
37003,0,8,1,4,0.10244387893755962,0,
37007,0,8,1,4,0.09482596884836177,0,
37013,0,15,1,4,0.0670074126156905,0,
37015,1,10,1,4,0.07907821083028335,0,
37017,1,18,1,4,0.13889378975845867,0,
37019,0,14,1,4,0.06407977812374646,0,
37021,0,19,1,4,0.07218952050612114,0,
37023,0,16,1,4,0.19727270218688814,0,
37025,0,16,1,4,0.184795943759089,0,
37027,0,10,1,4,0.1745657946497761,0,
37031,0,19,1,4,0.06975054652595368,0,
37035,0,14,1,4,0.13820797061757667,0,
37037,0,18,1,4,0.047230748701390816,0,
37039,0,4,1,4,0.06840497538900289,0,
37041,0,4,1,4,0.04382733803919112,0,
37043,0,5,1,4,0.011377389990573628,0,
37045,0,13,1,4,0.310562273085064,0,
37047,1,16,1,4,0.12174642964559484,0,
37049,0,11,1,4,0.07464885706098702,0,
37051,0,24,1,4,0.011057923811730661,0,
37053,0,15,1,4,0.018395499846614864,0,
37055,0,14,1,4,0.10680198159644282,0,
37057,0,12,1,4,0.14947768869036146,0,
37059,0,6,1,4,0.10301065768518201,0,
37061,0,19,1,4,0.2555627260284744,0,
37063,0,16,1,4,0.10527254084517126,0,
37065,0,15,1,4,0.24919635950124122,0,
37067,0,22,1,4,0.5905559859967845,1,
37069,0,13,1,4,0.10629061236260212,0,
37071,0,18,1,4,0.3240917318061972,0,
37077,0,12,1,4,0.05396011039187002,0,
37079,0,11,1,4,0.17808198078038118,0,
37083,1,9,1,4,0.12963615183270136,0,
37085,0,16,1,4,0.08889005513890073,0,
37089,0,15,1,4,0.052957541628777756,0,
37091,0,9,1,4,0.15284503685934994,0,
37093,0,9,1,4,0.19426516966734508,0,
37101,0,21,1,4,0.08587804324911376,0,
37105,0,4,1,4,0.09609320297526261,0,
37107,0,10,1,4,0.3428538182411249,0,
37109,0,11,1,4,0.18565628985874177,0,
37111,0,9,1,4,0.09191940325828483,0,
37125,0,18,1,4,0.051296549523101115,0,
37127,0,15,1,4,0.13272473766526194,0,
37129,0,10,1,4,0.07718422546308798,0,
37131,1,12,1,4,0.03720296048981967,0,
37133,0,16,1,4,0.08222449044071348,0,
37135,0,14,1,4,0.06100125278803192,0,
37141,0,13,1,4,0.07919867401443693,0,
37147,1,17,1,4,0.1127237438244241,0,
37151,0,24,1,4,0.17695841292017628,0,
37153,0,11,1,4,0.32734718289340226,0,
37157,0,11,1,4,0.1647256633726535,0,
37159,0,19,1,4,0.2617219798380103,0,
37161,0,16,1,4,0.039504958848235454,0,
37163,0,17,1,4,0.25666885948555457,0,
37165,0,7,1,4,0.2951715381322609,0,
37169,0,16,1,4,0.13019140753460692,0,
37171,0,12,1,4,0.17525248458833545,0,
37175,0,10,1,4,0.06357762195888773,0,
37179,0,12,1,4,0.12059217613363803,0,
37181,0,8,1,4,0.27703542064273196,0,
37185,0,8,1,4,0.1340336595338469,0,
37187,1,4,1,4,0.04722893021433656,0,
37189,0,10,1,4,0.11274255400679883,0,
37191,0,14,1,4,0.03905426950695534,0,
37193,0,23,1,4,0.08116719208660748,0,
37195,0,17,1,4,0.20936091242368796,0,
38015,0,12,1,4,0.008988306732516237,0,
38027,0,7,1,4,0.002271319114181075,0,
38035,0,22,1,4,0.0022197507369782496,0,
38037,0,13,1,4,0.002029507615289655,0,
38067,0,13,1,4,0.000973449043242547,0,
38073,0,11,1,4,0.0006749851774694476,0,
38085,1,9,1,4,0.07130941919216217,0,
38099,0,16,1,4,0.0047588343566339585,0,
38101,0,24,1,4,0.00020774712773219064,0,
39001,0,11,1,4,0.15722895005848989,0,
39007,0,19,1,4,0.38721779348769936,0,
39009,1,18,1,4,0.26412728293666127,0,
39013,0,27,1,4,0.10175082388224276,0,
39017,0,17,1,4,0.3809512688649901,0,
39019,0,20,1,4,0.08292569770973501,0,
39023,0,22,1,4,0.6015680932356101,1,
39025,0,23,1,4,0.1969483300703401,0,
39037,0,25,1,4,0.2529106096966028,0,
39041,0,24,1,4,0.035518513938692924,0,
39045,0,19,1,4,0.05895048800583451,0,
39055,0,20,1,4,0.053875278737815585,0,
39059,0,20,1,4,0.11513159715119559,0,
39063,0,24,1,4,0.06376004268741457,0,
39065,0,15,1,4,0.14434132192208152,0,
39071,0,15,1,4,0.22806112277364188,0,
39073,0,16,1,4,0.10499671426732626,0,
39075,0,18,1,4,0.0031135237534842134,0,
39077,0,14,1,4,0.11486823442490922,0,
39079,0,11,1,4,0.23081834216899433,0,
39081,0,23,1,4,0.4227523086638199,0,
39085,0,11,1,4,0.362020936569596,0,
39087,0,14,1,4,0.36493073391785497,0,
39089,0,28,1,4,0.0547957157914612,0,
39091,0,18,1,4,0.16792282190287416,0,
39093,0,24,1,4,0.2623886091244606,0,
39099,0,36,1,4,0.41293527624359994,0,
39101,0,14,1,4,0.18875338669255137,0,
39103,0,24,1,4,0.03954658709204426,0,
39107,0,18,1,4,0.10278551097337243,0,
39111,0,15,1,4,0.05281476415199435,0,
39117,0,16,1,4,0.055422201401233384,0,
39119,0,22,1,4,0.22076991569914897,0,
39121,0,15,1,4,0.0075389465243649355,0,
39123,0,18,1,4,0.4983715903651565,0,
39125,0,15,1,4,0.15029019651425743,0,
39127,0,17,1,4,0.0057151307024180175,0,
39129,0,17,1,4,0.06774610146777285,0,
39131,0,11,1,4,0.14603944640928918,0,
39133,0,24,1,4,0.4619729017441033,0,
39135,0,16,1,4,0.14969364706261815,0,
39137,0,17,1,4,0.04701631984355089,0,
39139,0,19,1,4,0.0018477322010124113,0,
39141,0,16,1,4,0.18086918764648283,0,
39143,0,17,1,4,0.4235741911516844,0,
39145,0,20,1,4,0.3618809908322486,0,
39147,0,20,1,4,0.18177055086654018,0,
39151,0,42,1,4,0.27814918039974984,0,
39155,0,30,1,4,0.38315823643523195,0,
39159,0,20,1,4,0.08204933727547789,0,
39165,0,24,1,4,0.10112296073565559,0,
39167,0,20,1,4,0.11512790445962172,0,
39169,0,25,1,4,0.09915828770621637,0,
39171,0,12,1,4,0.18977349246411132,0,
39173,0,32,1,4,0.32057169070868563,0,
40001,1,8,1,4,0.23636797561998305,0,
40003,0,13,1,4,0.07079374121949801,0,
40009,0,6,1,4,0.1551659800261847,0,
40011,0,13,1,4,0.2591659733663324,0,
40013,0,14,1,4,0.6708137862107334,1,
40015,1,16,1,4,0.5968416667505758,1,
40017,0,13,1,4,0.28442342558278383,0,
40019,0,13,1,4,0.7202177803601613,1,
40021,1,16,1,4,0.5303015944802285,1,
40023,1,12,1,4,0.35115439860747627,0,
40025,0,4,1,4,0.16049140401586928,0,
40035,0,10,1,4,0.5778337035423822,1,
40037,0,21,1,4,0.10980617249648447,0,
40039,0,13,1,4,0.5471161986370862,1,
40041,0,13,1,4,0.49955543414972525,0,
40043,0,12,1,4,0.127786367149611,0,
40045,0,7,1,4,0.05199705647471862,0,
40047,0,22,1,4,0.34829880715582395,0,
40049,0,13,1,4,0.3143942895093232,0,
40051,0,14,1,4,0.4190224679873883,0,
40053,0,10,1,4,0.029915970156445607,0,
40055,0,4,1,4,0.039360137824979984,0,
40059,0,7,1,4,0.13073888108101714,0,
40063,1,10,1,4,0.24913336705775868,0,
40065,0,9,1,4,0.4381145912762898,0,
40067,0,8,1,4,0.4826736412700381,0,
40069,1,13,1,4,0.4775962410188602,0,
40071,0,10,1,4,0.46598954224069367,0,
40073,0,12,1,4,0.4162481650812172,0,
40075,0,9,1,4,0.5010850459938926,1,
40077,0,7,1,4,0.2228883196777889,0,
40079,0,23,1,4,0.3548858718942663,0,
40081,0,16,1,4,0.18394959368855995,0,
40083,0,15,1,4,0.3002892266514357,0,
40085,0,8,1,4,0.6730379989088127,1,
40089,1,15,1,4,0.5625547632542265,1,
40091,0,11,1,4,0.3865080108613935,0,
40095,0,3,1,4,0.775398881861667,1,
40097,0,17,1,4,0.6261073954403351,1,
40099,0,7,1,4,0.6598703420901336,1,
40101,0,15,1,4,0.7492142995575074,1,
40105,0,7,1,4,0.31742590891639727,0,
40107,1,11,1,4,0.1607280329266831,0,
40111,0,11,1,4,0.4221757309989356,0,
40113,0,22,1,4,0.5944183620372719,1,
40115,0,9,1,4,0.6024969490227985,1,
40117,0,12,1,4,0.3463882280243278,0,
40119,1,14,1,4,0.7405318513837269,1,
40121,0,19,1,4,0.371244465759454,0,
40123,0,10,1,4,0.3489895342449054,0,
40127,1,16,1,4,0.16335647794944588,0,
40131,0,12,1,4,0.4671774058148059,0,
40133,1,10,1,4,0.37717965419806554,0,
40135,0,9,1,4,0.36846570134773865,0,
40137,0,10,1,4,0.6060333922342108,1,
40139,0,9,1,4,0.1674935863330507,0,
40141,1,8,1,4,0.6378947226932171,1,
40145,0,15,1,4,0.43479610662540286,0,
40147,0,12,1,4,0.3635092332098068,0,
40149,0,18,1,4,0.2529591067051821,0,
40153,0,11,1,4,0.10652746489780138,0,
41001,0,12,1,4,0.05316779329997907,0,
41003,0,10,1,4,0.5121444941066056,1,
41005,0,37,1,4,0.21056744229325372,0,
41009,0,9,1,4,0.15060713971556286,0,
41011,0,10,1,4,0.2197512098416511,0,
41013,0,6,1,4,0.12838906334632677,0,
41015,0,7,1,4,0.12348264397532233,0,
41017,0,7,1,4,0.15492718878021403,0,
41019,0,28,1,4,0.2184697826504793,0,
41023,0,11,1,4,0.0897731763237028,0,
41027,0,3,1,4,0.24928448203727627,0,
41029,0,18,1,4,0.6548124743297811,1,
41031,0,8,1,4,0.2516340199032903,0,
41033,0,11,1,4,0.7163208625105355,1,
41035,0,17,1,4,0.5053887705755793,1,
41039,0,39,1,4,0.2576364505906846,0,
41041,0,18,1,4,0.20595062796618896,0,
41043,0,20,1,4,0.30019101307408796,0,
41047,0,26,1,4,0.5320024059156256,1,
41049,0,7,1,4,0.7249214454975696,1,
41053,0,11,1,4,0.16177359951470566,0,
41059,0,14,1,4,0.5543347474376115,1,
41061,0,8,1,4,0.09685492834272898,0,
41065,0,8,1,4,0.2975920216903886,0,
41067,0,30,1,4,0.10096109826537333,0,
42001,0,17,1,4,0.06881080428513701,0,
42005,0,36,1,4,0.11402961124813897,0,
42009,0,28,1,4,0.04608792841114933,0,
42011,0,62,1,4,0.2349963419999043,0,
42013,0,19,1,4,0.08945069862246659,0,
42015,0,27,1,4,0.03287658717896669,0,
42021,0,51,1,4,0.0009656379969531435,0,
42025,0,20,1,4,0.13429831015873803,0,
42027,0,33,1,4,0.07343635262047103,0,
42033,0,51,1,4,0.050045255874774916,0,
42037,0,19,1,4,0.08262581192760406,0,
42039,0,27,1,4,0.06280419959751982,0,
42041,0,21,1,4,0.05599658094423941,0,
42043,0,30,1,4,0.11351868562277165,0,
42047,0,14,1,4,0.022152629570376614,0,
42051,0,62,1,4,0.08769387957422453,0,
42053,0,11,1,4,0.02363385426768724,0,
42055,0,30,1,4,0.03953254950729128,0,
42059,0,26,1,4,0.03132889810076224,0,
42061,0,33,1,4,0.03622778747010282,0,
42065,0,30,1,4,0.0850125328838716,0,
42069,0,28,1,4,0.12677912484807707,0,
42073,0,22,1,4,0.13769658603610035,0,
42075,0,19,1,4,0.14583615927138793,0,
42079,0,50,1,4,0.13304174210702804,0,
42081,0,25,1,4,0.052805621492882225,0,
42085,0,28,1,4,0.1031729294692512,0,
42087,0,13,1,4,0.06986623325033525,0,
42089,0,35,1,4,0.16886582939281106,0,
42095,0,26,1,4,0.1621911237423961,0,
42097,0,28,1,4,0.05548124661620677,0,
42099,0,16,1,4,0.054272096803512346,0,
42107,0,59,1,4,0.06643731547202981,0,
42109,0,15,1,4,0.05485386469002892,0,
42111,0,40,1,4,0.041690324489993304,0,
42115,0,29,1,4,0.03853405929654615,0,
42119,0,14,1,4,0.018097136353133002,0,
42123,0,19,1,4,0.03621291166329588,0,
42125,0,64,1,4,0.07959659805283896,0,
42127,0,30,1,4,0.03494386721485512,0,
42129,0,86,1,4,0.06060506802346547,0,
44003,0,9,1,4,0.3418440479741322,0,
44005,0,8,1,4,0.9725677911607923,1,
44009,0,20,1,4,0.22688591248182047,0,
45001,0,13,1,4,0.13502177579605612,0,
45005,1,6,1,4,0.2576918828808371,0,
45009,1,8,1,4,0.11306626332514932,0,
45011,1,7,1,4,0.18594315277925322,0,
45013,0,16,1,4,0.2207054797526493,0,
45015,0,17,1,4,0.14289134332802653,0,
45017,0,7,1,4,0.17690435022208126,0,
45021,0,8,1,4,0.35630820268561114,0,
45023,0,10,1,4,0.3643002062721095,0,
45025,0,11,1,4,0.2547940448817191,0,
45027,1,11,1,4,0.18561128096473145,0,
45029,1,14,1,4,0.25480010945680986,0,
45031,0,10,1,4,0.03570387251112221,0,
45033,1,11,1,4,0.27962219284890244,0,
45035,0,15,1,4,0.10206299426977837,0,
45037,0,10,1,4,0.0616541482741922,0,
45039,0,9,1,4,0.1447329256598798,0,
45041,0,12,1,4,0.16152419027090106,0,
45043,0,5,1,4,0.0827046226862007,0,
45047,0,9,1,4,0.2423382638777702,0,
45049,1,13,1,4,0.2037880992789843,0,
45051,0,16,1,4,0.3621135999481296,0,
45055,0,13,1,4,0.12275889773026619,0,
45057,0,5,1,4,0.258665006051217,0,
45059,0,16,1,4,0.2192275075239991,0,
45067,1,7,1,4,0.21674964644207134,0,
45069,1,8,1,4,0.19104750639660142,0,
45073,0,13,1,4,0.1803097562429834,0,
45077,0,15,1,4,0.1744282950159151,0,
45081,0,12,1,4,0.2197385091894497,0,
45085,0,15,1,4,0.281351323270104,0,
45087,0,9,1,4,0.13631381702746959,0,
45089,1,12,1,4,0.11029885103231811,0,
45091,0,15,1,4,0.37883042425811697,0,
46009,0,7,1,4,0.0013724407108541678,0,
46013,0,20,1,4,0.0015926894046518843,0,
46029,0,10,1,4,0.006812492330500525,0,
46031,1,15,1,4,0.025042022666608404,0,
46033,0,9,1,4,0.011429843400877247,0,
46035,0,6,1,4,0.0023430568704664464,0,
46037,0,11,1,4,0.0016637795776941675,0,
46059,0,8,1,4,0.0008335366492410339,0,
46065,0,3,1,4,0.003893868738069668,0,
46067,0,13,1,4,0.0019733946332182177,0,
46077,0,9,1,4,0.0008720060206947483,0,
46083,0,12,1,4,0.018112914934091114,0,
46091,0,10,1,4,0.002438646638785907,0,
46093,0,18,1,4,0.009037354401312753,0,
46099,0,23,1,4,0.02501708347477999,0,
46103,0,20,1,4,0.011101050750083144,0,
46109,1,16,1,4,0.012915871652129712,0,
46121,1,9,1,4,0.142596313177656,0,
46129,0,7,1,4,0.0013338773102087912,0,
46135,0,10,1,4,0.011117305711442416,0,
47001,0,11,1,4,0.25406178470414387,0,
47003,0,13,1,4,0.5887395858973838,1,
47005,0,7,1,4,0.2772406968959653,0,
47009,0,13,1,4,0.3817920320647446,0,
47011,0,8,1,4,0.37819252578813894,0,
47013,1,11,1,4,0.2898958661147923,0,
47017,0,14,1,4,0.09366822299156079,0,
47019,0,8,1,4,0.4319311831605811,0,
47021,0,12,1,4,0.16448951211152146,0,
47025,1,10,1,4,0.15734470680317875,0,
47027,0,7,1,4,0.3558576202111717,0,
47031,0,9,1,4,0.4604346340622919,0,
47033,0,8,1,4,0.3889420013136578,0,
47035,0,11,1,4,0.25468239902597406,0,
47043,0,11,1,4,0.16201810987326723,0,
47045,0,11,1,4,0.5684160425668632,1,
47049,1,9,1,4,0.14478692753911374,0,
47053,0,11,1,4,0.265689715492704,0,
47055,0,17,1,4,0.4197363145131725,0,
47059,0,10,1,4,0.2760567665872536,0,
47063,0,7,1,4,0.6585934904985665,1,
47067,1,5,1,4,0.23576269281689885,0,
47069,0,12,1,4,0.17152076129263602,0,
47071,0,13,1,4,0.32432643050147303,0,
47073,0,12,1,4,0.3878208928872636,0,
47075,0,6,1,4,0.3607630606619608,0,
47077,0,14,1,4,0.2441937915971033,0,
47079,0,9,1,4,0.3064414455492387,0,
47085,0,4,1,4,0.13076849954120293,0,
47089,0,10,1,4,0.3220865448045174,0,
47097,0,4,1,4,0.24736941471249624,0,
47099,0,11,1,4,0.20044839328675088,0,
47101,0,7,1,4,0.050503945809358665,0,
47107,0,12,1,4,0.6428497684872906,1,
47109,0,15,1,4,0.2774606025232405,0,
47111,0,8,1,4,0.3335315345551932,0,
47117,0,12,1,4,0.500170243231438,1,
47119,0,10,1,4,0.28950394123356943,0,
47121,0,6,1,4,0.19291191268597493,0,
47123,0,9,1,4,0.5251286005150644,1,
47125,0,15,1,4,0.1891200442407603,0,
47129,0,12,1,4,0.23024325205428312,0,
47131,0,12,1,4,0.3722058998505214,0,
47135,0,4,1,4,0.0686919060132043,0,
47139,0,12,1,4,0.11375565132760201,0,
47141,0,10,1,4,0.7841699242571921,1,
47145,0,10,1,4,0.3282303338883759,0,
47147,0,12,1,4,0.2841517213034236,0,
47149,0,20,1,4,0.6704677831795518,1,
47155,0,10,1,4,0.39907207634462155,0,
47159,0,15,1,4,0.15982621717689494,0,
47163,0,12,1,4,0.4313187458523002,0,
47165,0,10,1,4,0.2812868895862818,0,
47167,0,10,1,4,0.17534874902599554,0,
47175,0,7,1,4,0.312149849306295,0,
47177,0,6,1,4,0.68813791266323,1,
47179,0,13,1,4,0.5073399510995213,1,
47181,0,10,1,4,0.14149095358433644,0,
47183,0,12,1,4,0.23530172127524843,0,
47185,0,5,1,4,0.30937150935868707,0,
47187,0,16,1,4,0.07261008904934552,0,
47189,0,12,1,4,0.3191510901118284,0,
48001,0,10,1,4,0.35910463021110706,0,
48003,0,1,1,4,0.10193174943422453,0,
48005,0,6,1,4,0.2125120056937399,0,
48007,0,5,1,4,0.5475606853838949,1,
48009,0,10,1,4,0.1854892906637687,0,
48013,0,15,1,4,0.3955969633620433,0,
48015,0,13,1,4,0.3597560503797814,0,
48017,0,6,1,4,0.008604050080052621,0,
48019,0,7,1,4,0.4376594873751444,0,
48021,0,15,1,4,0.17634483316001734,0,
48023,0,2,1,4,0.018438966374144005,0,
48025,1,11,1,4,0.14505935413002694,0,
48031,0,8,1,4,0.1177464332228502,0,
48035,0,11,1,4,0.1432632594750909,0,
48037,0,10,1,4,0.3163372744346174,0,
48043,0,4,1,4,0.01191625858480164,0,
48047,1,2,1,4,0.22481627007172283,0,
48049,0,10,1,4,0.13474332993228416,0,
48051,0,5,1,4,0.3211065011991857,0,
48053,0,13,1,4,0.21456963537933577,0,
48055,0,14,1,4,0.25254293787878923,0,
48057,0,6,1,4,0.19092009134070417,0,
48063,0,2,1,4,0.37420238204595047,0,
48067,0,14,1,4,0.1751235557618765,0,
48071,0,11,1,4,0.5548592950896517,1,
48073,0,12,1,4,0.5889499727573209,1,
48075,0,4,1,4,0.15957594318883347,0,
48077,0,9,1,4,0.2969590454224027,0,
48081,0,4,1,4,0.044900806960303505,0,
48083,0,15,1,4,0.05978890021857125,0,
48087,0,5,1,4,0.06587212038428501,0,
48089,0,18,1,4,0.14799013638095806,0,
48091,0,14,1,4,0.19910792159300814,0,
48093,0,14,1,4,0.042833950775183434,0,
48097,0,14,1,4,0.399154630010811,0,
48099,0,17,1,4,0.0016899761515489047,0,
48101,0,3,1,4,0.1310234547528354,0,
48109,1,2,1,4,4.123990249876164e-07,0,
48117,0,6,1,4,0.07609316044980596,0,
48119,0,7,1,4,0.16203932944148466,0,
48123,0,9,1,4,0.12564050429890028,0,
48125,0,7,1,4,0.06867708018703222,0,
48127,1,6,1,4,0.13177450323771717,0,
48131,1,8,1,4,0.0258922039848594,0,
48133,0,9,1,4,0.12954065460837688,0,
48135,0,8,1,4,0.6366338205307998,1,
48139,0,20,1,4,0.37967723384071334,0,
48143,0,13,1,4,0.4577317618429679,0,
48145,1,17,1,4,0.40619731331309467,0,
48147,0,19,1,4,0.21009199623630345,0,
48149,0,15,1,4,0.1194171097734749,0,
48151,0,9,1,4,0.10337214814910203,0,
48159,0,7,1,4,0.2318222980770816,0,
48161,0,9,1,4,0.6248370062151734,1,
48169,1,4,1,4,0.16926486627899784,0,
48171,0,7,1,4,0.17986801776391267,0,
48177,0,14,1,4,0.0038711061794903926,0,
48185,0,11,1,4,0.6588958315241101,1,
48193,0,10,1,4,0.13824821198668652,0,
48197,0,2,1,4,0.21587797380218343,0,
48199,0,12,1,4,0.13812545822987254,0,
48203,0,12,1,4,0.2946326038952975,0,
48207,0,11,1,4,0.2567316938466475,0,
48209,0,14,1,4,0.33352176655374133,0,
48217,0,19,1,4,0.48203688735181477,0,
48219,0,10,1,4,0.3862732738044148,0,
48221,0,8,1,4,0.5400572330880195,1,
48223,0,13,1,4,0.32725564029684445,0,
48225,1,7,1,4,0.41894595603787016,0,
48227,0,5,1,4,0.48669855775884235,0,
48233,0,7,1,4,0.5393627470661857,1,
48239,0,10,1,4,0.06641737124888354,0,
48241,0,9,1,4,0.26601980329446184,0,
48247,0,1,1,4,0.02474952210216979,0,
48249,1,8,1,4,0.04920435472597013,0,
48251,0,16,1,4,0.5606626148333501,1,
48255,1,8,1,4,0.3706128562869271,0,
48259,0,8,1,4,0.08370034658267558,0,
48261,0,2,1,4,0.37471486893622974,0,
48265,0,10,1,4,0.3835650177155367,0,
48269,0,2,1,4,0.12887408364803407,0,
48273,1,4,1,4,0.23203186165649262,0,
48275,0,6,1,4,0.08964263941957247,0,
48277,0,13,1,4,0.361502314365277,0,
48281,0,6,1,4,0.10281284442638966,0,
48285,0,7,1,4,0.07713286859495609,0,
48287,0,9,1,4,0.07725589242951954,0,
48289,0,8,1,4,0.575553814802292,1,
48291,0,14,1,4,0.5023437791880706,1,
48293,0,14,1,4,0.5821260393875645,1,
48299,0,10,1,4,0.24710756670908599,0,
48303,0,25,1,4,0.734549838893684,1,
48307,1,6,1,4,0.03904451339638049,0,
48313,0,5,1,4,0.28199267405705203,0,
48315,1,7,1,4,0.3181051878816972,0,
48317,0,8,1,4,0.17881703869764987,0,
48321,0,12,1,4,0.18303895360183464,0,
48323,1,3,1,4,0.017893389360208307,0,
48329,0,9,1,4,0.2948376491773324,0,
48331,0,13,1,4,0.4172920061292895,0,
48335,0,3,1,4,0.03233861077863262,0,
48337,0,10,1,4,0.5801578036228214,1,
48341,0,6,1,4,0.12128368230686973,0,
48343,0,7,1,4,0.5876580597117395,1,
48347,1,10,1,4,0.5373729717587895,1,
48349,0,17,1,4,0.5304609212688565,1,
48353,0,9,1,4,0.1428188150024639,0,
48361,0,4,1,4,0.5362372595502304,1,
48363,0,12,1,4,0.38395446258445903,0,
48365,0,13,1,4,0.2951199801653046,0,
48367,0,18,1,4,0.37191446688826163,0,
48371,0,6,1,4,0.08698818631225068,0,
48373,0,9,1,4,0.11696839241449278,0,
48375,0,16,1,4,0.7378344903443058,1,
48377,1,4,1,4,0.3631376577694459,0,
48381,0,15,1,4,0.22823693632548517,0,
48387,0,9,1,4,0.272004155430361,0,
48389,1,4,1,4,7.002262283645994e-07,0,
48391,0,5,1,4,0.025515056397389286,0,
48395,1,9,1,4,0.33607008765244006,0,
48397,0,9,1,4,0.1530902542947554,0,
48399,0,11,1,4,0.03924789081072277,0,
48401,0,16,1,4,0.44310303406207924,0,
48405,1,4,1,4,0.18082644653847244,0,
48407,0,8,1,4,0.6354459298274268,1,
48409,0,9,1,4,0.14259429019112543,0,
48411,0,7,1,4,0.05922130842841779,0,
48415,0,8,1,4,0.11868775722799917,0,
48419,0,7,1,4,0.287847574749293,0,
48427,1,10,1,4,0.33951075319887614,0,
48429,0,8,1,4,0.16739313736520833,0,
48437,0,5,1,4,0.3263930003506121,0,
48441,0,17,1,4,0.7177830899801692,1,
48445,0,6,1,4,0.05939223926377838,0,
48449,0,6,1,4,0.47021308936539263,0,
48451,0,14,1,4,0.9990314052518777,1,
48455,0,7,1,4,0.3882272966544078,0,
48457,0,10,1,4,0.06314943338261716,0,
48459,0,12,1,4,0.39527660184042185,0,
48463,1,8,1,4,0.24172974162566682,0,
48465,1,5,1,4,0.5061757696725985,1,
48467,0,13,1,4,0.6319043324135205,1,
48469,0,12,1,4,0.3301166493566655,0,
48471,0,9,1,4,0.6595548297037757,1,
48473,0,11,1,4,0.5825511237038005,1,
48475,0,6,1,4,0.5448147360193716,1,
48477,0,7,1,4,0.5024204189126378,1,
48481,0,13,1,4,0.21062134856781647,0,
48487,0,6,1,4,0.5510960100601442,1,
48493,0,12,1,4,0.1414781898207821,0,
48495,0,2,1,4,0.2872748718963339,0,
48497,0,17,1,4,0.5116029776220747,1,
48499,0,12,1,4,0.3639079810997319,0,
48501,0,4,1,4,0.00027303327392214115,0,
48503,0,6,1,4,0.2867775886733379,0,
48505,1,5,1,4,0.08663665378376165,0,
48507,1,4,1,4,0.3160483621572321,0,
49003,0,20,1,4,0.20324511286820468,0,
49005,0,16,1,4,0.18519582011732183,0,
49011,0,13,1,4,0.19668407274579813,0,
49019,0,2,1,4,0.09310790448010732,0,
49021,0,10,1,4,0.07519958978713479,0,
49037,1,12,1,4,0.1429537118162865,0,
49039,0,15,1,4,0.19521124194728803,0,
49041,0,12,1,4,0.29966445286938237,0,
49043,0,9,1,4,0.052238220928423375,0,
49057,0,9,1,4,0.40592445754282286,0,
50001,0,20,1,4,0.028496928114799227,0,
50005,0,22,1,4,0.05311357062497727,0,
50007,0,21,1,4,0.9868896708376257,1,
50013,0,5,1,4,0.06998039185354153,0,
50017,0,31,1,4,0.050015757972003104,0,
50019,0,24,1,4,0.0699422453592248,0,
50021,0,29,1,4,0.05351572982016745,0,
50023,0,26,1,4,0.03789594964561546,0,
50025,0,24,1,4,0.06616600647961375,0,
51003,0,24,1,4,0.06801144483183347,0,
51005,0,7,1,4,0.1245426541764764,0,
51007,0,5,1,4,0.07261377267482023,0,
51009,0,9,1,4,0.13991908135235775,0,
51013,0,11,1,4,0.05212324883806981,0,
51015,0,27,1,4,0.057696258011825624,0,
51019,0,18,1,4,0.07277077327840804,0,
51025,0,16,1,4,0.1108940780266737,0,
51027,1,16,1,4,0.2066425736151501,0,
51031,0,14,1,4,0.22078589632743723,0,
51036,0,4,1,4,0.07982289582898429,0,
51037,0,14,1,4,0.005724118659034294,0,
51047,0,18,1,4,0.05449287659636886,0,
51051,1,12,1,4,0.12420697493920442,0,
51057,0,8,1,4,0.16635961629956272,0,
51061,0,24,1,4,0.03256409642047513,0,
51063,0,11,1,4,0.054910631687297734,0,
51069,0,12,1,4,0.0527346414713765,0,
51073,0,6,1,4,0.03891422127909306,0,
51075,0,15,1,4,0.033624443491422705,0,
51079,0,5,1,4,0.12271602341065287,0,
51081,0,4,1,4,0.17905560356216718,0,
51083,0,14,1,4,0.12272856179451734,0,
51085,0,12,1,4,0.05666491377757055,0,
51087,0,16,1,4,0.18700881393661808,0,
51093,0,8,1,4,0.08509225030319549,0,
51095,0,4,1,4,0.06788136241507828,0,
51103,0,6,1,4,0.06469530261229772,0,
51105,1,11,1,4,0.1515217264546391,0,
51107,0,21,1,4,0.03458311961966613,0,
51111,0,12,1,4,0.10251016522301133,0,
51113,0,21,1,4,0.005940518808492519,0,
51117,0,13,1,4,0.10224434285218413,0,
51119,0,12,1,4,0.044187770253383336,0,
51121,1,10,1,4,0.18128566414420702,0,
51127,0,6,1,4,0.029358330021444546,0,
51131,1,11,1,4,0.046727790761102846,0,
51133,0,7,1,4,0.07769908863498946,0,
51135,0,7,1,4,0.28333684882092225,0,
51139,0,6,1,4,0.13636137423682695,0,
51141,0,14,1,4,0.12186235944006522,0,
51143,0,20,1,4,0.3190124514583769,0,
51145,0,5,1,4,0.9983500311141116,1,
51147,0,12,1,4,0.99999999999779,1,
51149,0,7,1,4,0.26118891939597083,0,
51153,0,19,1,4,0.06507783564598797,0,
51159,0,5,1,4,0.21738803629505873,0,
51161,0,14,1,4,0.10807053430679028,0,
51171,0,14,1,4,0.10859370290111418,0,
51175,0,12,1,4,0.08253103229338701,0,
51177,0,13,1,4,0.06931135550283092,0,
51179,0,5,1,4,0.0600451708899739,0,
51185,0,18,1,4,0.05883629459943368,0,
51187,0,7,1,4,0.08240883728027898,0,
51191,0,10,1,4,0.09297341046917929,0,
51193,0,8,1,4,0.16048713094567413,0,
51199,0,9,1,4,0.07929097345366358,0,
51510,0,8,1,4,0.08599742332882969,0,
51520,0,2,1,4,0.6149698347110969,1,
51550,0,6,1,4,0.09431870959473643,0,
51570,0,1,1,4,0.20451424129217002,0,
51590,0,2,1,4,0.5359863037752118,1,
51595,0,1,1,4,0.1842355353976839,0,
51630,0,3,1,4,0.3634359886757752,0,
51650,0,9,1,4,0.2920610203781924,0,
51660,0,3,1,4,1.0,1,
51678,0,1,1,4,0.10379101962186582,0,
51680,0,5,1,4,0.26780784739257874,0,
51683,0,1,1,4,0.10091092892584227,0,
51690,0,1,1,4,0.34559055929408766,0,
51700,0,8,1,4,0.2037098673876175,0,
51710,0,15,1,4,0.06093141491277793,0,
51730,0,2,1,4,0.4187450311176699,0,
51740,0,8,1,4,0.3500255773052227,0,
51750,1,2,1,4,0.7699465772256651,1,
51770,0,10,1,4,0.5063252901295752,1,
51800,0,8,1,4,0.0769666376830545,0,
51840,0,1,1,4,0.26862257825857544,0,
53003,0,3,1,4,0.3017821423518274,0,
53005,0,12,1,4,0.40897504086163405,0,
53007,0,14,1,4,0.11038870867732481,0,
53015,0,11,1,4,0.19936968713605793,0,
53017,0,13,1,4,0.16468002675887378,0,
53021,0,7,1,4,0.4643040509485167,0,
53023,0,2,1,4,0.14780874277658024,0,
53025,0,18,1,4,0.29951145477883273,0,
53029,0,8,1,4,0.8008064381624824,1,
53031,0,9,1,4,0.09270699316318654,0,
53035,0,20,1,4,0.09507842774661264,0,
53041,0,23,1,4,0.19368923828520532,0,
53045,0,15,1,4,0.20139446197808286,0,
53047,1,22,1,4,0.34658466968597346,0,
53057,0,17,1,4,0.10602348007636682,0,
53059,0,8,1,4,0.1571329919591251,0,
53067,0,14,1,4,0.17838378488224083,0,
53071,0,8,1,4,0.365930490015131,0,
53073,0,18,1,4,0.14991032313112712,0,
53077,0,22,1,4,0.5357658414451124,1,
54003,0,11,1,4,0.28106453141348414,0,
54005,0,31,1,4,0.015595639487322744,0,
54009,0,8,1,4,0.5289327949225684,1,
54011,0,13,1,4,0.24524730543089704,0,
54029,0,5,1,4,0.6541683798405782,1,
54035,0,15,1,4,0.08302880581577875,0,
54037,0,9,1,4,0.23498619200840454,0,
54039,0,46,1,4,0.32222327285575375,0,
54041,0,11,1,4,0.22847431550587746,0,
54049,0,18,1,4,0.18774201168305849,0,
54053,0,19,1,4,0.11837572059297052,0,
54059,1,18,1,4,0.17005977865129882,0,
54061,1,16,1,4,0.1563751882219556,0,
54065,0,4,1,4,0.1936810830894384,0,
54067,0,25,1,4,0.07763691313757112,0,
54069,0,6,1,4,0.278472195329189,0,
54079,0,17,1,4,0.13389511828987563,0,
54081,0,42,1,4,0.07870104653748447,0,
54083,0,22,1,4,0.0010356406746928205,0,
54097,0,10,1,4,0.012854799562991964,0,
54099,0,17,1,4,0.4096352360062162,0,
54103,0,12,1,4,0.11139721096508735,0,
54107,0,13,1,4,0.3709520265947549,0,
55001,0,14,1,4,0.11911120581471529,0,
55005,0,19,1,4,0.0261708022172709,0,
55007,0,15,1,4,0.022814557164121556,0,
55009,0,19,1,4,0.016648344484695057,0,
55015,0,14,1,4,0.07609981946161946,0,
55017,0,14,1,4,0.04415280772157442,0,
55021,0,20,1,4,0.04015432242073626,0,
55023,0,13,1,4,0.030550345916776883,0,
55027,0,31,1,4,0.06740172385830806,0,
55029,0,13,1,4,0.05701881147994181,0,
55031,0,12,1,4,0.041977876834419885,0,
55039,0,24,1,4,0.05523755772936803,0,
55043,0,23,1,4,0.0549977297033529,0,
55045,0,12,1,4,0.012157113437578443,0,
55055,0,19,1,4,0.09310029297858904,0,
55057,0,14,1,4,0.06862910250290716,0,
55059,0,17,1,4,0.12483694239086755,0,
55061,0,6,1,4,0.05270769553864574,0,
55063,0,15,1,4,0.0875332809045989,0,
55065,0,14,1,4,0.029829050392700677,0,
55069,0,7,1,4,0.016645285901395225,0,
55071,0,19,1,4,0.11086979389212348,0,
55073,0,28,1,4,0.021959158489951777,0,
55075,0,16,1,4,0.057281228659693255,0,
55077,0,14,1,4,0.07422063580090435,0,
55078,1,4,1,4,0.06530958246207584,0,
55081,0,12,1,4,0.03553875240037225,0,
55083,0,19,1,4,0.032038834945406734,0,
55085,0,14,1,4,0.01838753495752363,0,
55087,0,24,1,4,0.07333012939592781,0,
55089,0,13,1,4,0.059465086635029495,0,
55095,0,20,1,4,0.02907942939362771,0,
55097,0,21,1,4,0.03554859915447968,0,
55099,0,14,1,4,0.013085710129705684,0,
55103,0,14,1,4,0.05099602245071806,0,
55105,0,19,1,4,0.15638751010955604,0,
55111,0,17,1,4,0.04929042469277027,0,
55115,0,25,1,4,0.03671403009440219,0,
55117,0,17,1,4,0.07369803518304703,0,
55119,0,14,1,4,0.01585606375415591,0,
55121,0,14,1,4,0.015484104342216524,0,
55123,0,18,1,4,0.020926709077295474,0,
55125,0,12,1,4,0.014798838674010495,0,
55127,0,16,1,4,0.09730499591284936,0,
55131,0,18,1,4,0.054167733311252554,0,
55133,0,30,1,4,0.05965963255979684,0,
55135,0,16,1,4,0.02261063437227175,0,
55137,0,17,1,4,0.05480549022653787,0,
55139,0,18,1,4,0.01653290272140563,0,
55141,0,15,1,4,0.026800342572720456,0,
56001,0,10,1,4,0.08690338421150408,0,
56003,0,15,1,4,0.00029071658057094055,0,
56007,0,12,1,4,0.04348539223045225,0,
56009,0,4,1,4,0.027809804627321192,0,
56013,0,11,1,4,0.03434693189080457,0,
56017,0,3,1,4,0.01571016905019637,0,
56021,0,12,1,4,0.1738929071435147,0,
56025,0,11,1,4,0.04384716248034677,0,
56029,0,8,1,4,0.013155689316301003,0,
56031,0,5,1,4,0.0461009750680945,0,
56033,0,9,1,4,0.016898806557622686,0,
56035,0,6,1,4,0.013546140604260334,0,
