Notes,County,County Code,Deaths,Population,Crude Rate,county_fips,Deaths_adjusted,suppression_flag,Crude Rate_adjusted,label
,"Barbour County, AL",01005,0,599031,Unreliable,01005,0,0,0.0,0
,"Bibb County, AL",01007,0,487078,Unreliable,01007,0,0,0.0,0
,"Butler County, AL",01013,0,452078,Unreliable,01013,0,0,0.0,0
,"Choctaw County, AL",01023,0,309114,Unreliable,01023,0,0,0.0,0
,"Clay County, AL",01027,0,303992,Unreliable,01027,0,0,0.0,0
,"Cleburne County, AL",01029,0,323493,Unreliable,01029,0,0,0.0,0
,"Crenshaw County, AL",01041,0,304355,Unreliable,01041,0,0,0.0,0
,"DeKalb County, AL",01049,0,1524050,Unreliable,01049,0,0,0.0,0
,"Geneva County, AL",01061,0,578597,Unreliable,01061,0,0,0.0,0
,"Aleutians East Borough, AK",02013,0,67073,Unreliable,02013,0,0,0.0,0
,"Aleutians West Census Area, AK",02016,0,123330,Unreliable,02016,0,0,0.0,0
,"Bristol Bay Borough, AK",02060,0,22684,Unreliable,02060,0,0,0.0,0
,"Denali Borough, AK",02068,0,34323,Unreliable,02068,0,0,0.0,0
,"Haines Borough, AK",02100,0,53818,Unreliable,02100,0,0,0.0,0
,"Hoonah-Angoon Census Area, AK",02105,0,14878,Unreliable,02105,0,0,0.0,0
,"Juneau Borough, AK",02110,0,693520,Unreliable,02110,0,0,0.0,0
,"Kodiak Island Borough, AK",02150,0,297960,Unreliable,02150,0,0,0.0,0
,"Lake and Peninsula Borough, AK",02164,0,36035,Unreliable,02164,0,0,0.0,0
,"Nome Census Area, AK",02180,0,210229,Unreliable,02180,0,0,0.0,0
,"North Slope Borough, AK",02185,0,195049,Unreliable,02185,0,0,0.0,0
,"Northwest Arctic Borough, AK",02188,0,165300,Unreliable,02188,0,0,0.0,0
,"Petersburg Borough/Census Area, AK",02195,0,22550,Unreliable,02195,0,0,0.0,0
,"Prince of Wales-Outer Ketchikan Census Area, AK",02201,0,85493,Unreliable,02201,0,0,0.0,0
,"Skagway Municipality, AK",02230,0,7848,Unreliable,02230,0,0,0.0,0
,"Skagway-Hoonah-Angoon Census Area, AK",02232,0,48560,Unreliable,02232,0,0,0.0,0
,"Valdez-Cordova Census Area, AK",02261,0,203432,Unreliable,02261,0,0,0.0,0
,"Wrangell City and Borough, AK",02275,0,17193,Unreliable,02275,0,0,0.0,0
,"Wrangell-Petersburg Census Area, AK",02280,0,94972,Unreliable,02280,0,0,0.0,0
,"Yakutat Borough, AK",02282,0,14584,Unreliable,02282,0,0,0.0,0
,"Yukon-Koyukuk Census Area, AK",02290,0,134664,Unreliable,02290,0,0,0.0,0
,"Greenlee County, AZ",04011,0,190371,Unreliable,04011,0,0,0.0,0
,"Calhoun County, AR",05013,0,119436,Unreliable,05013,0,0,0.0,0
,"Chicot County, AR",05017,0,263590,Unreliable,05017,0,0,0.0,0
,"Izard County, AR",05065,0,296796,Unreliable,05065,0,0,0.0,0
,"Marion County, AR",05089,0,362368,Unreliable,05089,0,0,0.0,0
,"Pike County, AR",05109,0,244351,Unreliable,05109,0,0,0.0,0
,"Stone County, AR",05137,0,268468,Unreliable,05137,0,0,0.0,0
,"Alpine County, CA",06003,0,25841,Unreliable,06003,0,0,0.0,0
,"Modoc County, CA",06049,0,204380,Unreliable,06049,0,0,0.0,0
,"Mono County, CA",06051,0,303763,Unreliable,06051,0,0,0.0,0
,"Sierra County, CA",06091,0,71033,Unreliable,06091,0,0,0.0,0
,"Trinity County, CA",06105,0,289753,Unreliable,06105,0,0,0.0,0
,"Alamosa County, CO",08003,0,344932,Unreliable,08003,0,0,0.0,0
,"Bent County, CO",08011,0,130723,Unreliable,08011,0,0,0.0,0
,"Chaffee County, CO",08015,0,395724,Unreliable,08015,0,0,0.0,0
,"Cheyenne County, CO",08017,0,42595,Unreliable,08017,0,0,0.0,0
,"Clear Creek County, CO",08019,0,204086,Unreliable,08019,0,0,0.0,0
,"Conejos County, CO",08021,0,181612,Unreliable,08021,0,0,0.0,0
,"Costilla County, CO",08023,0,80119,Unreliable,08023,0,0,0.0,0
,"Crowley County, CO",08025,0,124927,Unreliable,08025,0,0,0.0,0
,"Custer County, CO",08027,0,92985,Unreliable,08027,0,0,0.0,0
,"Delta County, CO",08029,0,657926,Unreliable,08029,0,0,0.0,0
,"Dolores County, CO",08033,0,43466,Unreliable,08033,0,0,0.0,0
,"Elbert County, CO",08039,0,511734,Unreliable,08039,0,0,0.0,0
,"Gilpin County, CO",08047,0,117699,Unreliable,08047,0,0,0.0,0
,"Grand County, CO",08049,0,313279,Unreliable,08049,0,0,0.0,0
,"Gunnison County, CO",08051,0,338857,Unreliable,08051,0,0,0.0,0
,"Hinsdale County, CO",08053,0,17760,Unreliable,08053,0,0,0.0,0
,"Jackson County, CO",08057,0,31417,Unreliable,08057,0,0,0.0,0
,"Kiowa County, CO",08061,0,31910,Unreliable,08061,0,0,0.0,0
,"Kit Carson County, CO",08063,0,174246,Unreliable,08063,0,0,0.0,0
,"Lake County, CO",08065,0,166318,Unreliable,08065,0,0,0.0,0
,"Las Animas County, CO",08071,0,330335,Unreliable,08071,0,0,0.0,0
,"Lincoln County, CO",08073,0,124287,Unreliable,08073,0,0,0.0,0
,"Logan County, CO",08075,0,482249,Unreliable,08075,0,0,0.0,0
,"Mineral County, CO",08079,0,16923,Unreliable,08079,0,0,0.0,0
,"Montezuma County, CO",08083,0,555015,Unreliable,08083,0,0,0.0,0
,"Montrose County, CO",08085,0,862399,Unreliable,08085,0,0,0.0,0
,"Otero County, CO",08089,0,417535,Unreliable,08089,0,0,0.0,0
,"Ouray County, CO",08091,0,95737,Unreliable,08091,0,0,0.0,0
,"Park County, CO",08093,0,361777,Unreliable,08093,0,0,0.0,0
,"Phillips County, CO",08095,0,96585,Unreliable,08095,0,0,0.0,0
,"Pitkin County, CO",08097,0,364238,Unreliable,08097,0,0,0.0,0
,"Rio Blanco County, CO",08103,0,139909,Unreliable,08103,0,0,0.0,0
,"Rio Grande County, CO",08105,0,260984,Unreliable,08105,0,0,0.0,0
,"San Juan County, CO",08111,0,14628,Unreliable,08111,0,0,0.0,0
,"Sedgwick County, CO",08115,0,54020,Unreliable,08115,0,0,0.0,0
,"Summit County, CO",08117,0,605919,Unreliable,08117,0,0,0.0,0
,"Teller County, CO",08119,0,504406,Unreliable,08119,0,0,0.0,0
,"Yuma County, CO",08125,0,219173,Unreliable,08125,0,0,0.0,0
,"Tolland County, CT",09013,0,3260464,Unreliable,09013,0,0,0.0,0
,"Bradford County, FL",12007,0,605265,Unreliable,12007,0,0,0.0,0
,"Calhoun County, FL",12013,0,308906,Unreliable,12013,0,0,0.0,0
,"DeSoto County, FL",12027,0,763370,Unreliable,12027,0,0,0.0,0
,"Dixie County, FL",12029,0,345644,Unreliable,12029,0,0,0.0,0
,"Franklin County, FL",12037,0,247592,Unreliable,12037,0,0,0.0,0
,"Gulf County, FL",12045,0,336409,Unreliable,12045,0,0,0.0,0
,"Hamilton County, FL",12047,0,313203,Unreliable,12047,0,0,0.0,0
,"Lafayette County, FL",12067,0,180397,Unreliable,12067,0,0,0.0,0
,"Liberty County, FL",12077,0,175417,Unreliable,12077,0,0,0.0,0
,"Okeechobee County, FL",12093,0,864409,Unreliable,12093,0,0,0.0,0
,"Taylor County, FL",12123,0,470359,Unreliable,12123,0,0,0.0,0
,"Union County, FL",12125,0,326316,Unreliable,12125,0,0,0.0,0
,"Baker County, GA",13007,0,78206,Unreliable,13007,0,0,0.0,0
,"Banks County, GA",13011,0,383297,Unreliable,13011,0,0,0.0,0
,"Brooks County, GA",13027,0,350887,Unreliable,13027,0,0,0.0,0
,"Bryan County, GA",13029,0,675116,Unreliable,13029,0,0,0.0,0
,"Calhoun County, GA",13037,0,140673,Unreliable,13037,0,0,0.0,0
,"Catoosa County, GA",13047,0,1369510,Unreliable,13047,0,0,0.0,0
,"Charlton County, GA",13049,0,268841,Unreliable,13049,0,0,0.0,0
,"Chattahoochee County, GA",13053,0,281265,Unreliable,13053,0,0,0.0,0
,"Clay County, GA",13061,0,69325,Unreliable,13061,0,0,0.0,0
,"Clinch County, GA",13065,0,149937,Unreliable,13065,0,0,0.0,0
,"Crawford County, GA",13079,0,276326,Unreliable,13079,0,0,0.0,0
,"Crisp County, GA",13081,0,500184,Unreliable,13081,0,0,0.0,0
,"Dodge County, GA",13091,0,455033,Unreliable,13091,0,0,0.0,0
,"Early County, GA",13099,0,244983,Unreliable,13099,0,0,0.0,0
,"Elbert County, GA",13105,0,439980,Unreliable,13105,0,0,0.0,0
,"Forsyth County, GA",13117,0,3786718,Unreliable,13117,0,0,0.0,0
,"Gilmer County, GA",13123,0,611750,Unreliable,13123,0,0,0.0,0
,"Glascock County, GA",13125,0,63952,Unreliable,13125,0,0,0.0,0
,"Grady County, GA",13131,0,539760,Unreliable,13131,0,0,0.0,0
,"Greene County, GA",13133,0,354225,Unreliable,13133,0,0,0.0,0
,"Hancock County, GA",13141,0,204138,Unreliable,13141,0,0,0.0,0
,"Haralson County, GA",13143,0,620646,Unreliable,13143,0,0,0.0,0
,"Harris County, GA",13145,0,669540,Unreliable,13145,0,0,0.0,0
,"Hart County, GA",13147,0,546184,Unreliable,13147,0,0,0.0,0
,"Jasper County, GA",13159,0,291242,Unreliable,13159,0,0,0.0,0
,"Jeff Davis County, GA",13161,0,314783,Unreliable,13161,0,0,0.0,0
,"Lamar County, GA",13171,0,388446,Unreliable,13171,0,0,0.0,0
,"Lanier County, GA",13173,0,203917,Unreliable,13173,0,0,0.0,0
,"Lee County, GA",13177,0,610356,Unreliable,13177,0,0,0.0,0
,"Lincoln County, GA",13181,0,177130,Unreliable,13181,0,0,0.0,0
,"Long County, GA",13183,0,320097,Unreliable,13183,0,0,0.0,0
,"Lumpkin County, GA",13187,0,625283,Unreliable,13187,0,0,0.0,0
,"Meriwether County, GA",13199,0,482353,Unreliable,13199,0,0,0.0,0
,"Miller County, GA",13201,0,133213,Unreliable,13201,0,0,0.0,0
,"Mitchell County, GA",13205,0,509481,Unreliable,13205,0,0,0.0,0
,"Monroe County, GA",13207,0,560508,Unreliable,13207,0,0,0.0,0
,"Montgomery County, GA",13209,0,196472,Unreliable,13209,0,0,0.0,0
,"Morgan County, GA",13211,0,385535,Unreliable,13211,0,0,0.0,0
,"Murray County, GA",13213,0,862070,Unreliable,13213,0,0,0.0,0
,"Oglethorpe County, GA",13221,0,313308,Unreliable,13221,0,0,0.0,0
,"Pierce County, GA",13229,0,395508,Unreliable,13229,0,0,0.0,0
,"Pike County, GA",13231,0,370518,Unreliable,13231,0,0,0.0,0
,"Quitman County, GA",13239,0,53794,Unreliable,13239,0,0,0.0,0
,"Rabun County, GA",13241,0,355092,Unreliable,13241,0,0,0.0,0
,"Randolph County, GA",13243,0,164060,Unreliable,13243,0,0,0.0,0
,"Schley County, GA",13249,0,102772,Unreliable,13249,0,0,0.0,0
,"Screven County, GA",13251,0,321124,Unreliable,13251,0,0,0.0,0
,"Spalding County, GA",13255,0,1383852,Unreliable,13255,0,0,0.0,0
,"Stewart County, GA",13259,0,127677,Unreliable,13259,0,0,0.0,0
,"Talbot County, GA",13263,0,144880,Unreliable,13263,0,0,0.0,0
,"Taliaferro County, GA",13265,0,39253,Unreliable,13265,0,0,0.0,0
,"Taylor County, GA",13269,0,188888,Unreliable,13269,0,0,0.0,0
,"Telfair County, GA",13271,0,333334,Unreliable,13271,0,0,0.0,0
,"Treutlen County, GA",13283,0,149844,Unreliable,13283,0,0,0.0,0
,"Twiggs County, GA",13289,0,202919,Unreliable,13289,0,0,0.0,0
,"Webster County, GA",13307,0,57392,Unreliable,13307,0,0,0.0,0
,"White County, GA",13311,0,576116,Unreliable,13311,0,0,0.0,0
,"Wilkinson County, GA",13319,0,210922,Unreliable,13319,0,0,0.0,0
,"Worth County, GA",13321,0,470342,Unreliable,13321,0,0,0.0,0
,"Kalawao County, HI",15005,0,2315,Unreliable,15005,0,0,0.0,0
,"Kauai County, HI",15007,0,1457035,Unreliable,15007,0,0,0.0,0
,"Adams County, ID",16003,0,85377,Unreliable,16003,0,0,0.0,0
,"Bannock County, ID",16005,0,1788929,Unreliable,16005,0,0,0.0,0
,"Bear Lake County, ID",16007,0,134048,Unreliable,16007,0,0,0.0,0
,"Benewah County, ID",16009,0,201291,Unreliable,16009,0,0,0.0,0
,"Boise County, ID",16015,0,155651,Unreliable,16015,0,0,0.0,0
,"Boundary County, ID",16021,0,238788,Unreliable,16021,0,0,0.0,0
,"Butte County, ID",16023,0,60509,Unreliable,16023,0,0,0.0,0
,"Caribou County, ID",16029,0,154047,Unreliable,16029,0,0,0.0,0
,"Clark County, ID",16033,0,20196,Unreliable,16033,0,0,0.0,0
,"Custer County, ID",16037,0,93011,Unreliable,16037,0,0,0.0,0
,"Fremont County, ID",16043,0,280721,Unreliable,16043,0,0,0.0,0
,"Idaho County, ID",16049,0,352049,Unreliable,16049,0,0,0.0,0
,"Jefferson County, ID",16051,0,542799,Unreliable,16051,0,0,0.0,0
,"Jerome County, ID",16053,0,470952,Unreliable,16053,0,0,0.0,0
,"Latah County, ID",16057,0,821499,Unreliable,16057,0,0,0.0,0
,"Lewis County, ID",16061,0,83106,Unreliable,16061,0,0,0.0,0
,"Lincoln County, ID",16063,0,108107,Unreliable,16063,0,0,0.0,0
,"Madison County, ID",16065,0,775506,Unreliable,16065,0,0,0.0,0
,"Minidoka County, ID",16067,0,440507,Unreliable,16067,0,0,0.0,0
,"Oneida County, ID",16071,0,93380,Unreliable,16071,0,0,0.0,0
,"Power County, ID",16077,0,167084,Unreliable,16077,0,0,0.0,0
,"Valley County, ID",16085,0,209335,Unreliable,16085,0,0,0.0,0
,"Bond County, IL",17005,0,384197,Unreliable,17005,0,0,0.0,0
,"Brown County, IL",17009,0,150664,Unreliable,17009,0,0,0.0,0
,"Carroll County, IL",17015,0,338918,Unreliable,17015,0,0,0.0,0
,"Clark County, IL",17023,0,359360,Unreliable,17023,0,0,0.0,0
,"Coles County, IL",17029,0,1161928,Unreliable,17029,0,0,0.0,0
,"Cumberland County, IL",17035,0,242144,Unreliable,17035,0,0,0.0,0
,"DeKalb County, IL",17037,0,2214999,Unreliable,17037,0,0,0.0,0
,"Edwards County, IL",17047,0,146969,Unreliable,17047,0,0,0.0,0
,"Fayette County, IL",17051,0,479274,Unreliable,17051,0,0,0.0,0
,"Greene County, IL",17061,0,304782,Unreliable,17061,0,0,0.0,0
,"Hamilton County, IL",17065,0,184252,Unreliable,17065,0,0,0.0,0
,"Hancock County, IL",17067,0,418275,Unreliable,17067,0,0,0.0,0
,"Hardin County, IL",17069,0,95728,Unreliable,17069,0,0,0.0,0
,"Henderson County, IL",17071,0,162299,Unreliable,17071,0,0,0.0,0
,"Jackson County, IL",17077,0,1303329,Unreliable,17077,0,0,0.0,0
,"Jasper County, IL",17079,0,215050,Unreliable,17079,0,0,0.0,0
,"Jersey County, IL",17083,0,491226,Unreliable,17083,0,0,0.0,0
,"Jo Daviess County, IL",17085,0,490400,Unreliable,17085,0,0,0.0,0
,"Lawrence County, IL",17101,0,359121,Unreliable,17101,0,0,0.0,0
,"Menard County, IL",17129,0,275543,Unreliable,17129,0,0,0.0,0
,"Mercer County, IL",17131,0,358983,Unreliable,17131,0,0,0.0,0
,"Montgomery County, IL",17135,0,654861,Unreliable,17135,0,0,0.0,0
,"Moultrie County, IL",17139,0,321799,Unreliable,17139,0,0,0.0,0
,"Perry County, IL",17145,0,487165,Unreliable,17145,0,0,0.0,0
,"Piatt County, IL",17147,0,362908,Unreliable,17147,0,0,0.0,0
,"Pope County, IL",17151,0,95251,Unreliable,17151,0,0,0.0,0
,"Pulaski County, IL",17153,0,136928,Unreliable,17153,0,0,0.0,0
,"Putnam County, IL",17155,0,129901,Unreliable,17155,0,0,0.0,0
,"Schuyler County, IL",17169,0,159600,Unreliable,17169,0,0,0.0,0
,"Stark County, IL",17175,0,130587,Unreliable,17175,0,0,0.0,0
,"Stephenson County, IL",17177,0,1036477,Unreliable,17177,0,0,0.0,0
,"Wabash County, IL",17185,0,265092,Unreliable,17185,0,0,0.0,0
,"Wayne County, IL",17191,0,367697,Unreliable,17191,0,0,0.0,0
,"Whiteside County, IL",17195,0,1279437,Unreliable,17195,0,0,0.0,0
,"Benton County, IN",18007,0,195735,Unreliable,18007,0,0,0.0,0
,"Carroll County, IN",18015,0,442953,Unreliable,18015,0,0,0.0,0
,"Crawford County, IN",18025,0,236358,Unreliable,18025,0,0,0.0,0
,"Daviess County, IN",18027,0,693459,Unreliable,18027,0,0,0.0,0
,"Decatur County, IN",18031,0,566558,Unreliable,18031,0,0,0.0,0
,"De Kalb County, IN",18033,0,923126,Unreliable,18033,0,0,0.0,0
,"Fayette County, IN",18041,0,532659,Unreliable,18041,0,0,0.0,0
,"Fountain County, IN",18045,0,377596,Unreliable,18045,0,0,0.0,0
,"Fulton County, IN",18049,0,449884,Unreliable,18049,0,0,0.0,0
,"Hamilton County, IN",18057,0,5871156,Unreliable,18057,0,0,0.0,0
,"Henry County, IN",18065,0,1069583,Unreliable,18065,0,0,0.0,0
,"Jay County, IN",18075,0,469154,Unreliable,18075,0,0,0.0,0
,"Jefferson County, IN",18077,0,707920,Unreliable,18077,0,0,0.0,0
,"Marshall County, IN",18099,0,1021588,Unreliable,18099,0,0,0.0,0
,"Miami County, IN",18103,0,802779,Unreliable,18103,0,0,0.0,0
,"Newton County, IN",18111,0,313091,Unreliable,18111,0,0,0.0,0
,"Noble County, IN",18113,0,1041021,Unreliable,18113,0,0,0.0,0
,"Ohio County, IN",18115,0,129987,Unreliable,18115,0,0,0.0,0
,"Owen County, IN",18119,0,472516,Unreliable,18119,0,0,0.0,0
,"Parke County, IN",18121,0,378382,Unreliable,18121,0,0,0.0,0
,"Pike County, IN",18125,0,280677,Unreliable,18125,0,0,0.0,0
,"Pulaski County, IN",18131,0,291512,Unreliable,18131,0,0,0.0,0
,"Randolph County, IN",18135,0,572008,Unreliable,18135,0,0,0.0,0
,"Ripley County, IN",18137,0,619301,Unreliable,18137,0,0,0.0,0
,"Steuben County, IN",18151,0,748849,Unreliable,18151,0,0,0.0,0
,"Switzerland County, IN",18155,0,224829,Unreliable,18155,0,0,0.0,0
,"Tipton County, IN",18159,0,349935,Unreliable,18159,0,0,0.0,0
,"Union County, IN",18161,0,160859,Unreliable,18161,0,0,0.0,0
,"Vermillion County, IN",18165,0,355456,Unreliable,18165,0,0,0.0,0
,"Warren County, IN",18171,0,185460,Unreliable,18171,0,0,0.0,0
,"Wells County, IN",18179,0,612259,Unreliable,18179,0,0,0.0,0
,"White County, IN",18181,0,542679,Unreliable,18181,0,0,0.0,0
,"Whitley County, IN",18183,0,720606,Unreliable,18183,0,0,0.0,0
,"Adair County, IA",19001,0,168215,Unreliable,19001,0,0,0.0,0
,"Allamakee County, IA",19005,0,312152,Unreliable,19005,0,0,0.0,0
,"Bremer County, IA",19017,0,533493,Unreliable,19017,0,0,0.0,0
,"Buchanan County, IA",19019,0,462512,Unreliable,19019,0,0,0.0,0
,"Calhoun County, IA",19025,0,221820,Unreliable,19025,0,0,0.0,0
,"Cass County, IA",19029,0,303229,Unreliable,19029,0,0,0.0,0
,"Cerro Gordo County, IA",19033,0,972019,Unreliable,19033,0,0,0.0,0
,"Cherokee County, IA",19035,0,265536,Unreliable,19035,0,0,0.0,0
,"Clayton County, IA",19043,0,397050,Unreliable,19043,0,0,0.0,0
,"Crawford County, IA",19047,0,374478,Unreliable,19047,0,0,0.0,0
,"Davis County, IA",19051,0,192097,Unreliable,19051,0,0,0.0,0
,"Decatur County, IA",19053,0,183721,Unreliable,19053,0,0,0.0,0
,"Delaware County, IA",19055,0,389985,Unreliable,19055,0,0,0.0,0
,"Dickinson County, IA",19059,0,369672,Unreliable,19059,0,0,0.0,0
,"Emmet County, IA",19063,0,224229,Unreliable,19063,0,0,0.0,0
,"Fayette County, IA",19065,0,458183,Unreliable,19065,0,0,0.0,0
,"Franklin County, IA",19069,0,231459,Unreliable,19069,0,0,0.0,0
,"Greene County, IA",19073,0,208442,Unreliable,19073,0,0,0.0,0
,"Grundy County, IA",19075,0,271971,Unreliable,19075,0,0,0.0,0
,"Hancock County, IA",19081,0,250085,Unreliable,19081,0,0,0.0,0
,"Hardin County, IA",19083,0,389057,Unreliable,19083,0,0,0.0,0
,"Harrison County, IA",19085,0,326568,Unreliable,19085,0,0,0.0,0
,"Howard County, IA",19089,0,210663,Unreliable,19089,0,0,0.0,0
,"Humboldt County, IA",19091,0,217199,Unreliable,19091,0,0,0.0,0
,"Ida County, IA",19093,0,159146,Unreliable,19093,0,0,0.0,0
,"Jefferson County, IA",19101,0,373748,Unreliable,19101,0,0,0.0,0
,"Keokuk County, IA",19107,0,233931,Unreliable,19107,0,0,0.0,0
,"Louisa County, IA",19115,0,255218,Unreliable,19115,0,0,0.0,0
,"Lucas County, IA",19117,0,198257,Unreliable,19117,0,0,0.0,0
,"Lyon County, IA",19119,0,257258,Unreliable,19119,0,0,0.0,0
,"Marion County, IA",19125,0,726779,Unreliable,19125,0,0,0.0,0
,"Mitchell County, IA",19131,0,236881,Unreliable,19131,0,0,0.0,0
,"Monroe County, IA",19135,0,174501,Unreliable,19135,0,0,0.0,0
,"Montgomery County, IA",19137,0,237004,Unreliable,19137,0,0,0.0,0
,"Muscatine County, IA",19139,0,932896,Unreliable,19139,0,0,0.0,0
,"O'Brien County, IA",19141,0,315618,Unreliable,19141,0,0,0.0,0
,"Osceola County, IA",19143,0,142536,Unreliable,19143,0,0,0.0,0
,"Palo Alto County, IA",19147,0,207924,Unreliable,19147,0,0,0.0,0
,"Ringgold County, IA",19159,0,113659,Unreliable,19159,0,0,0.0,0
,"Shelby County, IA",19165,0,269807,Unreliable,19165,0,0,0.0,0
,"Sioux County, IA",19167,0,738745,Unreliable,19167,0,0,0.0,0
,"Tama County, IA",19171,0,389045,Unreliable,19171,0,0,0.0,0
,"Taylor County, IA",19173,0,141385,Unreliable,19173,0,0,0.0,0
,"Union County, IA",19175,0,271727,Unreliable,19175,0,0,0.0,0
,"Van Buren County, IA",19177,0,165021,Unreliable,19177,0,0,0.0,0
,"Washington County, IA",19183,0,476121,Unreliable,19183,0,0,0.0,0
,"Wayne County, IA",19185,0,142500,Unreliable,19185,0,0,0.0,0
,"Winnebago County, IA",19189,0,240757,Unreliable,19189,0,0,0.0,0
,"Winneshiek County, IA",19191,0,458497,Unreliable,19191,0,0,0.0,0
,"Worth County, IA",19195,0,167773,Unreliable,19195,0,0,0.0,0
,"Anderson County, KS",20003,0,176314,Unreliable,20003,0,0,0.0,0
,"Barber County, KS",20007,0,107385,Unreliable,20007,0,0,0.0,0
,"Brown County, KS",20013,0,220604,Unreliable,20013,0,0,0.0,0
,"Chase County, KS",20017,0,61935,Unreliable,20017,0,0,0.0,0
,"Cheyenne County, KS",20023,0,61900,Unreliable,20023,0,0,0.0,0
,"Clark County, KS",20025,0,48517,Unreliable,20025,0,0,0.0,0
,"Coffey County, KS",20031,0,187842,Unreliable,20031,0,0,0.0,0
,"Comanche County, KS",20033,0,41354,Unreliable,20033,0,0,0.0,0
,"Doniphan County, KS",20043,0,174159,Unreliable,20043,0,0,0.0,0
,"Elk County, KS",20049,0,62825,Unreliable,20049,0,0,0.0,0
,"Ellsworth County, KS",20053,0,140657,Unreliable,20053,0,0,0.0,0
,"Gove County, KS",20063,0,61166,Unreliable,20063,0,0,0.0,0
,"Graham County, KS",20065,0,58826,Unreliable,20065,0,0,0.0,0
,"Gray County, KS",20069,0,131110,Unreliable,20069,0,0,0.0,0
,"Greeley County, KS",20071,0,28979,Unreliable,20071,0,0,0.0,0
,"Hamilton County, KS",20075,0,57570,Unreliable,20075,0,0,0.0,0
,"Harper County, KS",20077,0,131724,Unreliable,20077,0,0,0.0,0
,"Haskell County, KS",20081,0,91468,Unreliable,20081,0,0,0.0,0
,"Jewell County, KS",20089,0,70028,Unreliable,20089,0,0,0.0,0
,"Kearny County, KS",20093,0,89498,Unreliable,20093,0,0,0.0,0
,"Lane County, KS",20101,0,39306,Unreliable,20101,0,0,0.0,0
,"Lincoln County, KS",20105,0,72067,Unreliable,20105,0,0,0.0,0
,"Linn County, KS",20107,0,213032,Unreliable,20107,0,0,0.0,0
,"Logan County, KS",20109,0,62647,Unreliable,20109,0,0,0.0,0
,"Marion County, KS",20115,0,277165,Unreliable,20115,0,0,0.0,0
,"Marshall County, KS",20117,0,223745,Unreliable,20117,0,0,0.0,0
,"Meade County, KS",20119,0,97570,Unreliable,20119,0,0,0.0,0
,"Mitchell County, KS",20123,0,140969,Unreliable,20123,0,0,0.0,0
,"Nemaha County, KS",20131,0,226585,Unreliable,20131,0,0,0.0,0
,"Norton County, KS",20137,0,124498,Unreliable,20137,0,0,0.0,0
,"Osborne County, KS",20141,0,85897,Unreliable,20141,0,0,0.0,0
,"Ottawa County, KS",20143,0,132786,Unreliable,20143,0,0,0.0,0
,"Pawnee County, KS",20145,0,151537,Unreliable,20145,0,0,0.0,0
,"Pratt County, KS",20151,0,211218,Unreliable,20151,0,0,0.0,0
,"Rawlins County, KS",20153,0,58411,Unreliable,20153,0,0,0.0,0
,"Republic County, KS",20157,0,111537,Unreliable,20157,0,0,0.0,0
,"Rush County, KS",20165,0,72019,Unreliable,20165,0,0,0.0,0
,"Scott County, KS",20171,0,108040,Unreliable,20171,0,0,0.0,0
,"Sherman County, KS",20181,0,135063,Unreliable,20181,0,0,0.0,0
,"Smith County, KS",20183,0,86890,Unreliable,20183,0,0,0.0,0
,"Stafford County, KS",20185,0,97102,Unreliable,20185,0,0,0.0,0
,"Stanton County, KS",20187,0,48461,Unreliable,20187,0,0,0.0,0
,"Stevens County, KS",20189,0,122501,Unreliable,20189,0,0,0.0,0
,"Sumner County, KS",20191,0,532582,Unreliable,20191,0,0,0.0,0
,"Thomas County, KS",20193,0,173643,Unreliable,20193,0,0,0.0,0
,"Trego County, KS",20195,0,66049,Unreliable,20195,0,0,0.0,0
,"Wabaunsee County, KS",20197,0,152429,Unreliable,20197,0,0,0.0,0
,"Wallace County, KS",20199,0,34242,Unreliable,20199,0,0,0.0,0
,"Wichita County, KS",20203,0,49977,Unreliable,20203,0,0,0.0,0
,"Woodson County, KS",20207,0,74059,Unreliable,20207,0,0,0.0,0
,"Anderson County, KY",21005,0,463227,Unreliable,21005,0,0,0.0,0
,"Ballard County, KY",21007,0,179876,Unreliable,21007,0,0,0.0,0
,"Bourbon County, KY",21017,0,436551,Unreliable,21017,0,0,0.0,0
,"Breathitt County, KY",21025,0,311125,Unreliable,21025,0,0,0.0,0
,"Butler County, KY",21031,0,282907,Unreliable,21031,0,0,0.0,0
,"Calloway County, KY",21035,0,811269,Unreliable,21035,0,0,0.0,0
,"Carlisle County, KY",21039,0,111531,Unreliable,21039,0,0,0.0,0
,"Carter County, KY",21043,0,601019,Unreliable,21043,0,0,0.0,0
,"Casey County, KY",21045,0,348433,Unreliable,21045,0,0,0.0,0
,"Clinton County, KY",21053,0,221126,Unreliable,21053,0,0,0.0,0
,"Crittenden County, KY",21055,0,202437,Unreliable,21055,0,0,0.0,0
,"Estill County, KY",21065,0,322917,Unreliable,21065,0,0,0.0,0
,"Green County, KY",21087,0,248195,Unreliable,21087,0,0,0.0,0
,"Greenup County, KY",21089,0,800949,Unreliable,21089,0,0,0.0,0
,"Hancock County, KY",21091,0,188925,Unreliable,21091,0,0,0.0,0
,"Harlan County, KY",21095,0,645472,Unreliable,21095,0,0,0.0,0
,"Jackson County, KY",21109,0,296252,Unreliable,21109,0,0,0.0,0
,"Larue County, KY",21123,0,307265,Unreliable,21123,0,0,0.0,0
,"Lee County, KY",21129,0,166803,Unreliable,21129,0,0,0.0,0
,"Leslie County, KY",21131,0,247813,Unreliable,21131,0,0,0.0,0
,"Lewis County, KY",21135,0,302640,Unreliable,21135,0,0,0.0,0
,"Livingston County, KY",21139,0,208539,Unreliable,21139,0,0,0.0,0
,"Lyon County, KY",21143,0,181312,Unreliable,21143,0,0,0.0,0
,"McCreary County, KY",21147,0,388571,Unreliable,21147,0,0,0.0,0
,"Marion County, KY",21155,0,424365,Unreliable,21155,0,0,0.0,0
,"Marshall County, KY",21157,0,681582,Unreliable,21157,0,0,0.0,0
,"Menifee County, KY",21165,0,141866,Unreliable,21165,0,0,0.0,0
,"Metcalfe County, KY",21169,0,221057,Unreliable,21169,0,0,0.0,0
,"Muhlenberg County, KY",21177,0,689350,Unreliable,21177,0,0,0.0,0
,"Nicholas County, KY",21181,0,155795,Unreliable,21181,0,0,0.0,0
,"Owen County, KY",21187,0,237382,Unreliable,21187,0,0,0.0,0
,"Owsley County, KY",21189,0,102730,Unreliable,21189,0,0,0.0,0
,"Perry County, KY",21193,0,619526,Unreliable,21193,0,0,0.0,0
,"Simpson County, KY",21213,0,382977,Unreliable,21213,0,0,0.0,0
,"Spencer County, KY",21215,0,357105,Unreliable,21215,0,0,0.0,0
,"Todd County, KY",21219,0,269446,Unreliable,21219,0,0,0.0,0
,"Trimble County, KY",21223,0,190317,Unreliable,21223,0,0,0.0,0
,"Washington County, KY",21229,0,255903,Unreliable,21229,0,0,0.0,0
,"Webster County, KY",21233,0,299118,Unreliable,21233,0,0,0.0,0
,"Assumption Parish, LA",22007,0,506702,Unreliable,22007,0,0,0.0,0
,"Catahoula Parish, LA",22025,0,226152,Unreliable,22025,0,0,0.0,0
,"Concordia Parish, LA",22029,0,443141,Unreliable,22029,0,0,0.0,0
,"East Carroll Parish, LA",22035,0,174819,Unreliable,22035,0,0,0.0,0
,"East Feliciana Parish, LA",22037,0,443077,Unreliable,22037,0,0,0.0,0
,"LaSalle Parish, LA",22059,0,322782,Unreliable,22059,0,0,0.0,0
,"Morehouse Parish, LA",22067,0,616121,Unreliable,22067,0,0,0.0,0
,"Plaquemines Parish, LA",22075,0,543114,Unreliable,22075,0,0,0.0,0
,"Red River Parish, LA",22081,0,198679,Unreliable,22081,0,0,0.0,0
,"Sabine Parish, LA",22085,0,526174,Unreliable,22085,0,0,0.0,0
,"St. Helena Parish, LA",22091,0,234756,Unreliable,22091,0,0,0.0,0
,"West Feliciana Parish, LA",22125,0,339188,Unreliable,22125,0,0,0.0,0
,"Aroostook County, ME",23003,0,1562123,Unreliable,23003,0,0,0.0,0
,"Lincoln County, ME",23015,0,755645,Unreliable,23015,0,0,0.0,0
,"Sagadahoc County, ME",23023,0,781488,Unreliable,23023,0,0,0.0,0
,"Washington County, ME",23029,0,719053,Unreliable,23029,0,0,0.0,0
,"Calvert County, MD",24009,0,1909207,Unreliable,24009,0,0,0.0,0
,"Garrett County, MD",24023,0,655270,Unreliable,24023,0,0,0.0,0
,"Berkshire County, MA",25003,0,2870095,Unreliable,25003,0,0,0.0,0
,"Dukes County, MA",25007,0,360675,Unreliable,25007,0,0,0.0,0
,"Nantucket County, MA",25019,0,226090,Unreliable,25019,0,0,0.0,0
,"Norfolk County, MA",25021,0,14824059,Unreliable,25021,0,0,0.0,0
,"Alcona County, MI",26001,0,242016,Unreliable,26001,0,0,0.0,0
,"Alger County, MI",26003,0,209419,Unreliable,26003,0,0,0.0,0
,"Alpena County, MI",26007,0,654347,Unreliable,26007,0,0,0.0,0
,"Benzie County, MI",26019,0,381669,Unreliable,26019,0,0,0.0,0
,"Charlevoix County, MI",26029,0,577170,Unreliable,26029,0,0,0.0,0
,"Cheboygan County, MI",26031,0,577117,Unreliable,26031,0,0,0.0,0
,"Chippewa County, MI",26033,0,846143,Unreliable,26033,0,0,0.0,0
,"Clare County, MI",26035,0,683264,Unreliable,26035,0,0,0.0,0
,"Clinton County, MI",26037,0,1622964,Unreliable,26037,0,0,0.0,0
,"Crawford County, MI",26039,0,311834,Unreliable,26039,0,0,0.0,0
,"Dickinson County, MI",26043,0,580276,Unreliable,26043,0,0,0.0,0
,"Emmet County, MI",26047,0,720502,Unreliable,26047,0,0,0.0,0
,"Gladwin County, MI",26051,0,569940,Unreliable,26051,0,0,0.0,0
,"Gogebic County, MI",26053,0,356162,Unreliable,26053,0,0,0.0,0
,"Gratiot County, MI",26057,0,921385,Unreliable,26057,0,0,0.0,0
,"Iosco County, MI",26069,0,574459,Unreliable,26069,0,0,0.0,0
,"Iron County, MI",26071,0,262942,Unreliable,26071,0,0,0.0,0
,"Kalkaska County, MI",26079,0,380815,Unreliable,26079,0,0,0.0,0
,"Keweenaw County, MI",26083,0,47611,Unreliable,26083,0,0,0.0,0
,"Lake County, MI",26085,0,254277,Unreliable,26085,0,0,0.0,0
,"Leelanau County, MI",26089,0,476416,Unreliable,26089,0,0,0.0,0
,"Luce County, MI",26095,0,146023,Unreliable,26095,0,0,0.0,0
,"Mackinac County, MI",26097,0,247784,Unreliable,26097,0,0,0.0,0
,"Mason County, MI",26105,0,632364,Unreliable,26105,0,0,0.0,0
,"Mecosta County, MI",26107,0,938041,Unreliable,26107,0,0,0.0,0
,"Menominee County, MI",26109,0,530336,Unreliable,26109,0,0,0.0,0
,"Midland County, MI",26111,0,1838421,Unreliable,26111,0,0,0.0,0
,"Missaukee County, MI",26113,0,328645,Unreliable,26113,0,0,0.0,0
,"Montcalm County, MI",26117,0,1387708,Unreliable,26117,0,0,0.0,0
,"Montmorency County, MI",26119,0,215187,Unreliable,26119,0,0,0.0,0
,"Ogemaw County, MI",26129,0,473286,Unreliable,26129,0,0,0.0,0
,"Ontonagon County, MI",26131,0,148970,Unreliable,26131,0,0,0.0,0
,"Osceola County, MI",26133,0,516494,Unreliable,26133,0,0,0.0,0
,"Oscoda County, MI",26135,0,193527,Unreliable,26135,0,0,0.0,0
,"Roscommon County, MI",26143,0,543980,Unreliable,26143,0,0,0.0,0
,"Schoolcraft County, MI",26153,0,187111,Unreliable,26153,0,0,0.0,0
,"Wexford County, MI",26165,0,712499,Unreliable,26165,0,0,0.0,0
,"Big Stone County, MN",27011,0,116802,Unreliable,27011,0,0,0.0,0
,"Blue Earth County, MN",27013,0,1379999,Unreliable,27013,0,0,0.0,0
,"Brown County, MN",27015,0,570211,Unreliable,27015,0,0,0.0,0
,"Carlton County, MN",27017,0,760630,Unreliable,27017,0,0,0.0,0
,"Carver County, MN",27019,0,1967055,Unreliable,27019,0,0,0.0,0
,"Cass County, MN",27021,0,627645,Unreliable,27021,0,0,0.0,0
,"Chippewa County, MN",27023,0,271981,Unreliable,27023,0,0,0.0,0
,"Clearwater County, MN",27029,0,190354,Unreliable,27029,0,0,0.0,0
,"Cook County, MN",27031,0,115082,Unreliable,27031,0,0,0.0,0
,"Cottonwood County, MN",27033,0,257993,Unreliable,27033,0,0,0.0,0
,"Crow Wing County, MN",27035,0,1347322,Unreliable,27035,0,0,0.0,0
,"Dodge County, MN",27039,0,433769,Unreliable,27039,0,0,0.0,0
,"Faribault County, MN",27043,0,324699,Unreliable,27043,0,0,0.0,0
,"Fillmore County, MN",27045,0,462474,Unreliable,27045,0,0,0.0,0
,"Grant County, MN",27051,0,133842,Unreliable,27051,0,0,0.0,0
,"Houston County, MN",27055,0,421348,Unreliable,27055,0,0,0.0,0
,"Isanti County, MN",27059,0,815024,Unreliable,27059,0,0,0.0,0
,"Jackson County, MN",27063,0,229115,Unreliable,27063,0,0,0.0,0
,"Kanabec County, MN",27065,0,351316,Unreliable,27065,0,0,0.0,0
,"Kandiyohi County, MN",27067,0,924704,Unreliable,27067,0,0,0.0,0
,"Kittson County, MN",27069,0,102421,Unreliable,27069,0,0,0.0,0
,"Koochiching County, MN",27071,0,293236,Unreliable,27071,0,0,0.0,0
,"Lac qui Parle County, MN",27073,0,160041,Unreliable,27073,0,0,0.0,0
,"Lake County, MN",27075,0,238971,Unreliable,27075,0,0,0.0,0
,"Lake of the Woods County, MN",27077,0,90305,Unreliable,27077,0,0,0.0,0
,"Lincoln County, MN",27081,0,130984,Unreliable,27081,0,0,0.0,0
,"McLeod County, MN",27085,0,791463,Unreliable,27085,0,0,0.0,0
,"Mahnomen County, MN",27087,0,118388,Unreliable,27087,0,0,0.0,0
,"Marshall County, MN",27089,0,211889,Unreliable,27089,0,0,0.0,0
,"Martin County, MN",27091,0,454701,Unreliable,27091,0,0,0.0,0
,"Meeker County, MN",27093,0,508893,Unreliable,27093,0,0,0.0,0
,"Murray County, MN",27101,0,191351,Unreliable,27101,0,0,0.0,0
,"Nicollet County, MN",27103,0,710091,Unreliable,27103,0,0,0.0,0
,"Nobles County, MN",27105,0,466747,Unreliable,27105,0,0,0.0,0
,"Norman County, MN",27107,0,151041,Unreliable,27107,0,0,0.0,0
,"Pennington County, MN",27113,0,305594,Unreliable,27113,0,0,0.0,0
,"Pipestone County, MN",27117,0,208353,Unreliable,27117,0,0,0.0,0
,"Pope County, MN",27121,0,244011,Unreliable,27121,0,0,0.0,0
,"Red Lake County, MN",27125,0,90801,Unreliable,27125,0,0,0.0,0
,"Rock County, MN",27133,0,210492,Unreliable,27133,0,0,0.0,0
,"Sibley County, MN",27143,0,332545,Unreliable,27143,0,0,0.0,0
,"Steele County, MN",27147,0,789356,Unreliable,27147,0,0,0.0,0
,"Stevens County, MN",27149,0,215680,Unreliable,27149,0,0,0.0,0
,"Traverse County, MN",27155,0,79777,Unreliable,27155,0,0,0.0,0
,"Wabasha County, MN",27157,0,475530,Unreliable,27157,0,0,0.0,0
,"Wadena County, MN",27159,0,302742,Unreliable,27159,0,0,0.0,0
,"Waseca County, MN",27161,0,420935,Unreliable,27161,0,0,0.0,0
,"Watonwan County, MN",27165,0,248111,Unreliable,27165,0,0,0.0,0
,"Wilkin County, MN",27167,0,145985,Unreliable,27167,0,0,0.0,0
,"Yellow Medicine County, MN",27173,0,228883,Unreliable,27173,0,0,0.0,0
,"Amite County, MS",28005,0,286701,Unreliable,28005,0,0,0.0,0
,"Benton County, MS",28009,0,183865,Unreliable,28009,0,0,0.0,0
,"Chickasaw County, MS",28017,0,393495,Unreliable,28017,0,0,0.0,0
,"Claiborne County, MS",28021,0,219806,Unreliable,28021,0,0,0.0,0
,"Humphreys County, MS",28053,0,208546,Unreliable,28053,0,0,0.0,0
,"Issaquena County, MS",28055,0,35164,Unreliable,28055,0,0,0.0,0
,"Jefferson County, MS",28063,0,177725,Unreliable,28063,0,0,0.0,0
,"Lawrence County, MS",28077,0,283118,Unreliable,28077,0,0,0.0,0
,"Leake County, MS",28079,0,500456,Unreliable,28079,0,0,0.0,0
,"Oktibbeha County, MS",28105,0,1027477,Unreliable,28105,0,0,0.0,0
,"Perry County, MS",28111,0,267175,Unreliable,28111,0,0,0.0,0
,"Prentiss County, MS",28117,0,558755,Unreliable,28117,0,0,0.0,0
,"Sharkey County, MS",28125,0,114704,Unreliable,28125,0,0,0.0,0
,"Smith County, MS",28129,0,356253,Unreliable,28129,0,0,0.0,0
,"Tippah County, MS",28139,0,477932,Unreliable,28139,0,0,0.0,0
,"Tunica County, MS",28143,0,224301,Unreliable,28143,0,0,0.0,0
,"Warren County, MS",28149,0,1059443,Unreliable,28149,0,0,0.0,0
,"Webster County, MS",28155,0,220748,Unreliable,28155,0,0,0.0,0
,"Wilkinson County, MS",28157,0,212565,Unreliable,28157,0,0,0.0,0
,"Andrew County, MO",29003,0,375069,Unreliable,29003,0,0,0.0,0
,"Atchison County, MO",29005,0,126192,Unreliable,29005,0,0,0.0,0
,"Audrain County, MO",29007,0,564902,Unreliable,29007,0,0,0.0,0
,"Callaway County, MO",29027,0,956833,Unreliable,29027,0,0,0.0,0
,"Clark County, MO",29045,0,155778,Unreliable,29045,0,0,0.0,0
,"Cooper County, MO",29053,0,382172,Unreliable,29053,0,0,0.0,0
,"Daviess County, MO",29061,0,181277,Unreliable,29061,0,0,0.0,0
,"Gasconade County, MO",29073,0,332708,Unreliable,29073,0,0,0.0,0
,"Gentry County, MO",29075,0,148296,Unreliable,29075,0,0,0.0,0
,"Harrison County, MO",29081,0,192073,Unreliable,29081,0,0,0.0,0
,"Holt County, MO",29087,0,106223,Unreliable,29087,0,0,0.0,0
,"Howard County, MO",29089,0,222711,Unreliable,29089,0,0,0.0,0
,"Johnson County, MO",29101,0,1147883,Unreliable,29101,0,0,0.0,0
,"Lewis County, MO",29111,0,224220,Unreliable,29111,0,0,0.0,0
,"Maries County, MO",29125,0,197592,Unreliable,29125,0,0,0.0,0
,"Mercer County, MO",29129,0,81545,Unreliable,29129,0,0,0.0,0
,"Monroe County, MO",29137,0,196933,Unreliable,29137,0,0,0.0,0
,"Morgan County, MO",29141,0,444204,Unreliable,29141,0,0,0.0,0
,"Oregon County, MO",29149,0,234033,Unreliable,29149,0,0,0.0,0
,"Osage County, MO",29151,0,298102,Unreliable,29151,0,0,0.0,0
,"Pemiscot County, MO",29155,0,401913,Unreliable,29155,0,0,0.0,0
,"Perry County, MO",29157,0,414190,Unreliable,29157,0,0,0.0,0
,"Polk County, MO",29167,0,664293,Unreliable,29167,0,0,0.0,0
,"Putnam County, MO",29171,0,109689,Unreliable,29171,0,0,0.0,0
,"Ralls County, MO",29173,0,221226,Unreliable,29173,0,0,0.0,0
,"Reynolds County, MO",29179,0,144343,Unreliable,29179,0,0,0.0,0
,"Shannon County, MO",29203,0,182633,Unreliable,29203,0,0,0.0,0
,"Shelby County, MO",29205,0,140260,Unreliable,29205,0,0,0.0,0
,"Washington County, MO",29221,0,540302,Unreliable,29221,0,0,0.0,0
,"Worth County, MO",29227,0,47693,Unreliable,29227,0,0,0.0,0
,"Beaverhead County, MT",30001,0,202555,Unreliable,30001,0,0,0.0,0
,"Broadwater County, MT",30007,0,117134,Unreliable,30007,0,0,0.0,0
,"Carbon County, MT",30009,0,222673,Unreliable,30009,0,0,0.0,0
,"Carter County, MT",30011,0,27196,Unreliable,30011,0,0,0.0,0
,"Custer County, MT",30017,0,256321,Unreliable,30017,0,0,0.0,0
,"Daniels County, MT",30019,0,39533,Unreliable,30019,0,0,0.0,0
,"Deer Lodge County, MT",30023,0,203387,Unreliable,30023,0,0,0.0,0
,"Fallon County, MT",30025,0,63622,Unreliable,30025,0,0,0.0,0
,"Fergus County, MT",30027,0,252680,Unreliable,30027,0,0,0.0,0
,"Gallatin County, MT",30031,0,1978572,Unreliable,30031,0,0,0.0,0
,"Garfield County, MT",30033,0,27751,Unreliable,30033,0,0,0.0,0
,"Golden Valley County, MT",30037,0,20107,Unreliable,30037,0,0,0.0,0
,"Granite County, MT",30039,0,68106,Unreliable,30039,0,0,0.0,0
,"Hill County, MT",30041,0,358481,Unreliable,30041,0,0,0.0,0
,"Jefferson County, MT",30043,0,245505,Unreliable,30043,0,0,0.0,0
,"Judith Basin County, MT",30045,0,45963,Unreliable,30045,0,0,0.0,0
,"Liberty County, MT",30051,0,50599,Unreliable,30051,0,0,0.0,0
,"McCone County, MT",30055,0,38644,Unreliable,30055,0,0,0.0,0
,"Madison County, MT",30057,0,167755,Unreliable,30057,0,0,0.0,0
,"Meagher County, MT",30059,0,41613,Unreliable,30059,0,0,0.0,0
,"Missoula County, MT",30063,0,2379828,Unreliable,30063,0,0,0.0,0
,"Musselshell County, MT",30065,0,99349,Unreliable,30065,0,0,0.0,0
,"Park County, MT",30067,0,349220,Unreliable,30067,0,0,0.0,0
,"Petroleum County, MT",30069,0,10908,Unreliable,30069,0,0,0.0,0
,"Phillips County, MT",30071,0,93195,Unreliable,30071,0,0,0.0,0
,"Powder River County, MT",30075,0,38908,Unreliable,30075,0,0,0.0,0
,"Powell County, MT",30077,0,153721,Unreliable,30077,0,0,0.0,0
,"Prairie County, MT",30079,0,25184,Unreliable,30079,0,0,0.0,0
,"Richland County, MT",30083,0,224086,Unreliable,30083,0,0,0.0,0
,"Roosevelt County, MT",30085,0,235577,Unreliable,30085,0,0,0.0,0
,"Sanders County, MT",30089,0,246886,Unreliable,30089,0,0,0.0,0
,"Sheridan County, MT",30091,0,79338,Unreliable,30091,0,0,0.0,0
,"Silver Bow County, MT",30093,0,752989,Unreliable,30093,0,0,0.0,0
,"Stillwater County, MT",30095,0,197469,Unreliable,30095,0,0,0.0,0
,"Sweet Grass County, MT",30097,0,80533,Unreliable,30097,0,0,0.0,0
,"Teton County, MT",30099,0,135787,Unreliable,30099,0,0,0.0,0
,"Toole County, MT",30101,0,111759,Unreliable,30101,0,0,0.0,0
,"Treasure County, MT",30103,0,16399,Unreliable,30103,0,0,0.0,0
,"Wheatland County, MT",30107,0,47184,Unreliable,30107,0,0,0.0,0
,"Wibaux County, MT",30109,0,22734,Unreliable,30109,0,0,0.0,0
,"Arthur County, NE",31005,0,9937,Unreliable,31005,0,0,0.0,0
,"Blaine County, NE",31009,0,11027,Unreliable,31009,0,0,0.0,0
,"Boyd County, NE",31015,0,46835,Unreliable,31015,0,0,0.0,0
,"Brown County, NE",31017,0,70128,Unreliable,31017,0,0,0.0,0
,"Buffalo County, NE",31019,0,1015421,Unreliable,31019,0,0,0.0,0
,"Burt County, NE",31021,0,153254,Unreliable,31021,0,0,0.0,0
,"Cedar County, NE",31027,0,196320,Unreliable,31027,0,0,0.0,0
,"Cherry County, NE",31031,0,129257,Unreliable,31031,0,0,0.0,0
,"Clay County, NE",31035,0,143989,Unreliable,31035,0,0,0.0,0
,"Colfax County, NE",31037,0,229809,Unreliable,31037,0,0,0.0,0
,"Cuming County, NE",31039,0,205910,Unreliable,31039,0,0,0.0,0
,"Dakota County, NE",31043,0,450728,Unreliable,31043,0,0,0.0,0
,"Dawson County, NE",31047,0,529531,Unreliable,31047,0,0,0.0,0
,"Deuel County, NE",31049,0,43063,Unreliable,31049,0,0,0.0,0
,"Dixon County, NE",31051,0,130599,Unreliable,31051,0,0,0.0,0
,"Dodge County, NE",31053,0,802454,Unreliable,31053,0,0,0.0,0
,"Dundy County, NE",31057,0,43817,Unreliable,31057,0,0,0.0,0
,"Fillmore County, NE",31059,0,131177,Unreliable,31059,0,0,0.0,0
,"Frontier County, NE",31063,0,61864,Unreliable,31063,0,0,0.0,0
,"Furnas County, NE",31065,0,109360,Unreliable,31065,0,0,0.0,0
,"Garden County, NE",31069,0,45237,Unreliable,31069,0,0,0.0,0
,"Garfield County, NE",31071,0,43625,Unreliable,31071,0,0,0.0,0
,"Gosper County, NE",31073,0,45053,Unreliable,31073,0,0,0.0,0
,"Greeley County, NE",31077,0,55612,Unreliable,31077,0,0,0.0,0
,"Hamilton County, NE",31081,0,202971,Unreliable,31081,0,0,0.0,0
,"Hayes County, NE",31085,0,21740,Unreliable,31085,0,0,0.0,0
,"Hitchcock County, NE",31087,0,64497,Unreliable,31087,0,0,0.0,0
,"Holt County, NE",31089,0,233604,Unreliable,31089,0,0,0.0,0
,"Hooker County, NE",31091,0,16001,Unreliable,31091,0,0,0.0,0
,"Johnson County, NE",31097,0,111645,Unreliable,31097,0,0,0.0,0
,"Kearney County, NE",31099,0,146060,Unreliable,31099,0,0,0.0,0
,"Keith County, NE",31101,0,183473,Unreliable,31101,0,0,0.0,0
,"Keya Paha County, NE",31103,0,18919,Unreliable,31103,0,0,0.0,0
,"Kimball County, NE",31105,0,83918,Unreliable,31105,0,0,0.0,0
,"Knox County, NE",31107,0,192703,Unreliable,31107,0,0,0.0,0
,"Logan County, NE",31113,0,16661,Unreliable,31113,0,0,0.0,0
,"Loup County, NE",31115,0,14173,Unreliable,31115,0,0,0.0,0
,"McPherson County, NE",31117,0,11452,Unreliable,31117,0,0,0.0,0
,"Merrick County, NE",31121,0,173336,Unreliable,31121,0,0,0.0,0
,"Morrill County, NE",31123,0,110316,Unreliable,31123,0,0,0.0,0
,"Nance County, NE",31125,0,82312,Unreliable,31125,0,0,0.0,0
,"Nemaha County, NE",31127,0,158573,Unreliable,31127,0,0,0.0,0
,"Nuckolls County, NE",31129,0,100488,Unreliable,31129,0,0,0.0,0
,"Pawnee County, NE",31133,0,61466,Unreliable,31133,0,0,0.0,0
,"Phelps County, NE",31137,0,205018,Unreliable,31137,0,0,0.0,0
,"Pierce County, NE",31139,0,161984,Unreliable,31139,0,0,0.0,0
,"Polk County, NE",31143,0,118587,Unreliable,31143,0,0,0.0,0
,"Red Willow County, NE",31145,0,243303,Unreliable,31145,0,0,0.0,0
,"Richardson County, NE",31147,0,186983,Unreliable,31147,0,0,0.0,0
,"Rock County, NE",31149,0,33396,Unreliable,31149,0,0,0.0,0
,"Saline County, NE",31151,0,312007,Unreliable,31151,0,0,0.0,0
,"Seward County, NE",31159,0,370227,Unreliable,31159,0,0,0.0,0
,"Sherman County, NE",31163,0,69293,Unreliable,31163,0,0,0.0,0
,"Sioux County, NE",31165,0,29496,Unreliable,31165,0,0,0.0,0
,"Stanton County, NE",31167,0,136131,Unreliable,31167,0,0,0.0,0
,"Thayer County, NE",31169,0,117594,Unreliable,31169,0,0,0.0,0
,"Thomas County, NE",31171,0,15245,Unreliable,31171,0,0,0.0,0
,"Valley County, NE",31175,0,95176,Unreliable,31175,0,0,0.0,0
,"Webster County, NE",31181,0,83070,Unreliable,31181,0,0,0.0,0
,"Wheeler County, NE",31183,0,17928,Unreliable,31183,0,0,0.0,0
,"Esmeralda County, NV",32009,0,18871,Unreliable,32009,0,0,0.0,0
,"Eureka County, NV",32011,0,40078,Unreliable,32011,0,0,0.0,0
,"Lander County, NV",32015,0,123161,Unreliable,32015,0,0,0.0,0
,"Pershing County, NV",32027,0,146452,Unreliable,32027,0,0,0.0,0
,"Storey County, NV",32029,0,84452,Unreliable,32029,0,0,0.0,0
,"Carson City, NV",32510,0,1206772,Unreliable,32510,0,0,0.0,0
,"Belknap County, NH",33001,0,1315829,Unreliable,33001,0,0,0.0,0
,"Carroll County, NH",33003,0,1033044,Unreliable,33003,0,0,0.0,0
,"Strafford County, NH",33017,0,2690937,Unreliable,33017,0,0,0.0,0
,"Sullivan County, NH",33019,0,939948,Unreliable,33019,0,0,0.0,0
,"Catron County, NM",35003,0,78383,Unreliable,35003,0,0,0.0,0
,"Cibola County, NM",35006,0,592477,Unreliable,35006,0,0,0.0,0
,"DeBaca County, NM",35011,0,43429,Unreliable,35011,0,0,0.0,0
,"Harding County, NM",35021,0,15792,Unreliable,35021,0,0,0.0,0
,"Hidalgo County, NM",35023,0,107410,Unreliable,35023,0,0,0.0,0
,"Lincoln County, NM",35027,0,438064,Unreliable,35027,0,0,0.0,0
,"Los Alamos County, NM",35028,0,402590,Unreliable,35028,0,0,0.0,0
,"Mora County, NM",35033,0,106337,Unreliable,35033,0,0,0.0,0
,"San Miguel County, NM",35047,0,635496,Unreliable,35047,0,0,0.0,0
,"Torrance County, NM",35057,0,356152,Unreliable,35057,0,0,0.0,0
,"Union County, NM",35059,0,93243,Unreliable,35059,0,0,0.0,0
,"Chenango County, NY",36017,0,1099880,Unreliable,36017,0,0,0.0,0
,"Clinton County, NY",36019,0,1789224,Unreliable,36019,0,0,0.0,0
,"Delaware County, NY",36025,0,1034712,Unreliable,36025,0,0,0.0,0
,"Fulton County, NY",36035,0,1203360,Unreliable,36035,0,0,0.0,0
,"Lewis County, NY",36049,0,590620,Unreliable,36049,0,0,0.0,0
,"Livingston County, NY",36051,0,1422463,Unreliable,36051,0,0,0.0,0
,"Ontario County, NY",36069,0,2339058,Unreliable,36069,0,0,0.0,0
,"Putnam County, NY",36079,0,2173122,Unreliable,36079,0,0,0.0,0
,"Schoharie County, NY",36095,0,702926,Unreliable,36095,0,0,0.0,0
,"Schuyler County, NY",36097,0,408107,Unreliable,36097,0,0,0.0,0
,"Warren County, NY",36113,0,1423593,Unreliable,36113,0,0,0.0,0
,"Wyoming County, NY",36121,0,921784,Unreliable,36121,0,0,0.0,0
,"Yates County, NY",36123,0,550566,Unreliable,36123,0,0,0.0,0
,"Alleghany County, NC",37005,0,240495,Unreliable,37005,0,0,0.0,0
,"Ashe County, NC",37009,0,579973,Unreliable,37009,0,0,0.0,0
,"Avery County, NC",37011,0,389458,Unreliable,37011,0,0,0.0,0
,"Camden County, NC",37029,0,206561,Unreliable,37029,0,0,0.0,0
,"Caswell County, NC",37033,0,513991,Unreliable,37033,0,0,0.0,0
,"Gates County, NC",37073,0,251489,Unreliable,37073,0,0,0.0,0
,"Graham County, NC",37075,0,186694,Unreliable,37075,0,0,0.0,0
,"Haywood County, NC",37087,0,1286168,Unreliable,37087,0,0,0.0,0
,"Hyde County, NC",37095,0,123618,Unreliable,37095,0,0,0.0,0
,"Jackson County, NC",37099,0,859418,Unreliable,37099,0,0,0.0,0
,"Jones County, NC",37103,0,219837,Unreliable,37103,0,0,0.0,0
,"Macon County, NC",37113,0,728688,Unreliable,37113,0,0,0.0,0
,"Madison County, NC",37115,0,454681,Unreliable,37115,0,0,0.0,0
,"Martin County, NC",37117,0,530107,Unreliable,37117,0,0,0.0,0
,"Mitchell County, NC",37121,0,340700,Unreliable,37121,0,0,0.0,0
,"Montgomery County, NC",37123,0,601060,Unreliable,37123,0,0,0.0,0
,"Pamlico County, NC",37137,0,284322,Unreliable,37137,0,0,0.0,0
,"Pasquotank County, NC",37139,0,850912,Unreliable,37139,0,0,0.0,0
,"Perquimans County, NC",37143,0,281679,Unreliable,37143,0,0,0.0,0
,"Person County, NC",37145,0,844903,Unreliable,37145,0,0,0.0,0
,"Polk County, NC",37149,0,438314,Unreliable,37149,0,0,0.0,0
,"Stanly County, NC",37167,0,1323648,Unreliable,37167,0,0,0.0,0
,"Swain County, NC",37173,0,303402,Unreliable,37173,0,0,0.0,0
,"Tyrrell County, NC",37177,0,92582,Unreliable,37177,0,0,0.0,0
,"Yadkin County, NC",37197,0,827121,Unreliable,37197,0,0,0.0,0
,"Yancey County, NC",37199,0,391180,Unreliable,37199,0,0,0.0,0
,"Adams County, ND",38001,0,52383,Unreliable,38001,0,0,0.0,0
,"Barnes County, ND",38003,0,243795,Unreliable,38003,0,0,0.0,0
,"Benson County, ND",38005,0,149275,Unreliable,38005,0,0,0.0,0
,"Billings County, ND",38007,0,18824,Unreliable,38007,0,0,0.0,0
,"Bottineau County, ND",38009,0,145731,Unreliable,38009,0,0,0.0,0
,"Bowman County, ND",38011,0,69108,Unreliable,38011,0,0,0.0,0
,"Burke County, ND",38013,0,46534,Unreliable,38013,0,0,0.0,0
,"Cass County, ND",38017,0,3327278,Unreliable,38017,0,0,0.0,0
,"Cavalier County, ND",38019,0,91007,Unreliable,38019,0,0,0.0,0
,"Dickey County, ND",38021,0,116544,Unreliable,38021,0,0,0.0,0
,"Divide County, ND",38023,0,48769,Unreliable,38023,0,0,0.0,0
,"Dunn County, ND",38025,0,84868,Unreliable,38025,0,0,0.0,0
,"Emmons County, ND",38029,0,80648,Unreliable,38029,0,0,0.0,0
,"Foster County, ND",38031,0,75513,Unreliable,38031,0,0,0.0,0
,"Golden Valley County, ND",38033,0,39055,Unreliable,38033,0,0,0.0,0
,"Griggs County, ND",38039,0,53432,Unreliable,38039,0,0,0.0,0
,"Hettinger County, ND",38041,0,56771,Unreliable,38041,0,0,0.0,0
,"Kidder County, ND",38043,0,55086,Unreliable,38043,0,0,0.0,0
,"LaMoure County, ND",38045,0,94420,Unreliable,38045,0,0,0.0,0
,"Logan County, ND",38047,0,44667,Unreliable,38047,0,0,0.0,0
,"McHenry County, ND",38049,0,125962,Unreliable,38049,0,0,0.0,0
,"McIntosh County, ND",38051,0,64296,Unreliable,38051,0,0,0.0,0
,"McKenzie County, ND",38053,0,187143,Unreliable,38053,0,0,0.0,0
,"McLean County, ND",38055,0,203345,Unreliable,38055,0,0,0.0,0
,"Mercer County, ND",38057,0,186502,Unreliable,38057,0,0,0.0,0
,"Morton County, ND",38059,0,610977,Unreliable,38059,0,0,0.0,0
,"Mountrail County, ND",38061,0,181077,Unreliable,38061,0,0,0.0,0
,"Nelson County, ND",38063,0,70258,Unreliable,38063,0,0,0.0,0
,"Oliver County, ND",38065,0,42024,Unreliable,38065,0,0,0.0,0
,"Pierce County, ND",38069,0,96111,Unreliable,38069,0,0,0.0,0
,"Ramsey County, ND",38071,0,254247,Unreliable,38071,0,0,0.0,0
,"Renville County, ND",38075,0,54963,Unreliable,38075,0,0,0.0,0
,"Richland County, ND",38077,0,368939,Unreliable,38077,0,0,0.0,0
,"Rolette County, ND",38079,0,308702,Unreliable,38079,0,0,0.0,0
,"Sargent County, ND",38081,0,88273,Unreliable,38081,0,0,0.0,0
,"Sheridan County, ND",38083,0,31218,Unreliable,38083,0,0,0.0,0
,"Slope County, ND",38087,0,16469,Unreliable,38087,0,0,0.0,0
,"Stark County, ND",38089,0,574062,Unreliable,38089,0,0,0.0,0
,"Steele County, ND",38091,0,44408,Unreliable,38091,0,0,0.0,0
,"Stutsman County, ND",38093,0,465340,Unreliable,38093,0,0,0.0,0
,"Towner County, ND",38095,0,52887,Unreliable,38095,0,0,0.0,0
,"Traill County, ND",38097,0,180235,Unreliable,38097,0,0,0.0,0
,"Wells County, ND",38103,0,95900,Unreliable,38103,0,0,0.0,0
,"Williams County, ND",38105,0,571665,Unreliable,38105,0,0,0.0,0
,"Allen County, OH",39003,0,2327798,Unreliable,39003,0,0,0.0,0
,"Ashland County, OH",39005,0,1168871,Unreliable,39005,0,0,0.0,0
,"Auglaize County, OH",39011,0,1011565,Unreliable,39011,0,0,0.0,0
,"Brown County, OH",39015,0,964134,Unreliable,39015,0,0,0.0,0
,"Champaign County, OH",39021,0,866324,Unreliable,39021,0,0,0.0,0
,"Clinton County, OH",39027,0,918604,Unreliable,39027,0,0,0.0,0
,"Columbiana County, OH",39029,0,2364078,Unreliable,39029,0,0,0.0,0
,"Coshocton County, OH",39031,0,811035,Unreliable,39031,0,0,0.0,0
,"Crawford County, OH",39033,0,967746,Unreliable,39033,0,0,0.0,0
,"Defiance County, OH",39039,0,854267,Unreliable,39039,0,0,0.0,0
,"Erie County, OH",39043,0,1692853,Unreliable,39043,0,0,0.0,0
,"Fayette County, OH",39047,0,631044,Unreliable,39047,0,0,0.0,0
,"Fulton County, OH",39051,0,934123,Unreliable,39051,0,0,0.0,0
,"Gallia County, OH",39053,0,674639,Unreliable,39053,0,0,0.0,0
,"Greene County, OH",39057,0,3517397,Unreliable,39057,0,0,0.0,0
,"Harrison County, OH",39067,0,344478,Unreliable,39067,0,0,0.0,0
,"Henry County, OH",39069,0,622238,Unreliable,39069,0,0,0.0,0
,"Knox County, OH",39083,0,1308936,Unreliable,39083,0,0,0.0,0
,"Madison County, OH",39097,0,937709,Unreliable,39097,0,0,0.0,0
,"Meigs County, OH",39105,0,513765,Unreliable,39105,0,0,0.0,0
,"Miami County, OH",39109,0,2258419,Unreliable,39109,0,0,0.0,0
,"Morgan County, OH",39115,0,327938,Unreliable,39115,0,0,0.0,0
,"Shelby County, OH",39149,0,1074848,Unreliable,39149,0,0,0.0,0
,"Tuscarawas County, OH",39157,0,2027632,Unreliable,39157,0,0,0.0,0
,"Van Wert County, OH",39161,0,635429,Unreliable,39161,0,0,0.0,0
,"Vinton County, OH",39163,0,290337,Unreliable,39163,0,0,0.0,0
,"Wyandot County, OH",39175,0,495208,Unreliable,39175,0,0,0.0,0
,"Atoka County, OK",40005,0,307033,Unreliable,40005,0,0,0.0,0
,"Beaver County, OK",40007,0,121942,Unreliable,40007,0,0,0.0,0
,"Coal County, OK",40029,0,127696,Unreliable,40029,0,0,0.0,0
,"Cotton County, OK",40033,0,135609,Unreliable,40033,0,0,0.0,0
,"Harmon County, OK",40057,0,63539,Unreliable,40057,0,0,0.0,0
,"Haskell County, OK",40061,0,274300,Unreliable,40061,0,0,0.0,0
,"McClain County, OK",40087,0,747596,Unreliable,40087,0,0,0.0,0
,"Major County, OK",40093,0,166775,Unreliable,40093,0,0,0.0,0
,"Noble County, OK",40103,0,251566,Unreliable,40103,0,0,0.0,0
,"Roger Mills County, OK",40129,0,77991,Unreliable,40129,0,0,0.0,0
,"Woods County, OK",40151,0,195187,Unreliable,40151,0,0,0.0,0
,"Clatsop County, OR",41007,0,819669,Unreliable,41007,0,0,0.0,0
,"Gilliam County, OR",41021,0,41545,Unreliable,41021,0,0,0.0,0
,"Harney County, OR",41025,0,161540,Unreliable,41025,0,0,0.0,0
,"Lake County, OR",41037,0,170621,Unreliable,41037,0,0,0.0,0
,"Malheur County, OR",41045,0,682758,Unreliable,41045,0,0,0.0,0
,"Sherman County, OR",41055,0,38537,Unreliable,41055,0,0,0.0,0
,"Tillamook County, OR",41057,0,558754,Unreliable,41057,0,0,0.0,0
,"Wallowa County, OR",41063,0,153769,Unreliable,41063,0,0,0.0,0
,"Wheeler County, OR",41069,0,31385,Unreliable,41069,0,0,0.0,0
,"Yamhill County, OR",41071,0,2134155,Unreliable,41071,0,0,0.0,0
,"Beaver County, PA",42007,0,3782081,Unreliable,42007,0,0,0.0,0
,"Butler County, PA",42019,0,4015954,Unreliable,42019,0,0,0.0,0
,"Cameron County, PA",42023,0,113220,Unreliable,42023,0,0,0.0,0
,"Clarion County, PA",42031,0,879719,Unreliable,42031,0,0,0.0,0
,"Clinton County, PA",42035,0,852767,Unreliable,42035,0,0,0.0,0
,"Fulton County, PA",42057,0,320932,Unreliable,42057,0,0,0.0,0
,"Indiana County, PA",42063,0,1932114,Unreliable,42063,0,0,0.0,0
,"Juniata County, PA",42067,0,531664,Unreliable,42067,0,0,0.0,0
,"Mc Kean County, PA",42083,0,955448,Unreliable,42083,0,0,0.0,0
,"Montour County, PA",42093,0,401772,Unreliable,42093,0,0,0.0,0
,"Pike County, PA",42103,0,1191708,Unreliable,42103,0,0,0.0,0
,"Potter County, PA",42105,0,384497,Unreliable,42105,0,0,0.0,0
,"Sullivan County, PA",42113,0,140484,Unreliable,42113,0,0,0.0,0
,"Tioga County, PA",42117,0,914671,Unreliable,42117,0,0,0.0,0
,"Venango County, PA",42121,0,1200871,Unreliable,42121,0,0,0.0,0
,"Wyoming County, PA",42131,0,613931,Unreliable,42131,0,0,0.0,0
,"Bristol County, RI",44001,0,1101737,Unreliable,44001,0,0,0.0,0
,"Jasper County, SC",45053,0,546002,Unreliable,45053,0,0,0.0,0
,"Lee County, SC",45061,0,416427,Unreliable,45061,0,0,0.0,0
,"McCormick County, SC",45065,0,218247,Unreliable,45065,0,0,0.0,0
,"Newberry County, SC",45071,0,819842,Unreliable,45071,0,0,0.0,0
,"Aurora County, SD",46003,0,61504,Unreliable,46003,0,0,0.0,0
,"Beadle County, SD",46005,0,383182,Unreliable,46005,0,0,0.0,0
,"Bennett County, SD",46007,0,76252,Unreliable,46007,0,0,0.0,0
,"Brookings County, SD",46011,0,697215,Unreliable,46011,0,0,0.0,0
,"Brule County, SD",46015,0,114601,Unreliable,46015,0,0,0.0,0
,"Buffalo County, SD",46017,0,43805,Unreliable,46017,0,0,0.0,0
,"Butte County, SD",46019,0,216506,Unreliable,46019,0,0,0.0,0
,"Campbell County, SD",46021,0,33246,Unreliable,46021,0,0,0.0,0
,"Charles Mix County, SD",46023,0,202714,Unreliable,46023,0,0,0.0,0
,"Clark County, SD",46025,0,83404,Unreliable,46025,0,0,0.0,0
,"Clay County, SD",46027,0,304343,Unreliable,46027,0,0,0.0,0
,"Deuel County, SD",46039,0,96198,Unreliable,46039,0,0,0.0,0
,"Dewey County, SD",46041,0,124656,Unreliable,46041,0,0,0.0,0
,"Douglas County, SD",46043,0,68356,Unreliable,46043,0,0,0.0,0
,"Edmunds County, SD",46045,0,89423,Unreliable,46045,0,0,0.0,0
,"Fall River County, SD",46047,0,154707,Unreliable,46047,0,0,0.0,0
,"Faulk County, SD",46049,0,53049,Unreliable,46049,0,0,0.0,0
,"Grant County, SD",46051,0,162381,Unreliable,46051,0,0,0.0,0
,"Gregory County, SD",46053,0,95663,Unreliable,46053,0,0,0.0,0
,"Haakon County, SD",46055,0,43709,Unreliable,46055,0,0,0.0,0
,"Hamlin County, SD",46057,0,128077,Unreliable,46057,0,0,0.0,0
,"Hanson County, SD",46061,0,74122,Unreliable,46061,0,0,0.0,0
,"Harding County, SD",46063,0,28317,Unreliable,46063,0,0,0.0,0
,"Hyde County, SD",46069,0,32121,Unreliable,46069,0,0,0.0,0
,"Jackson County, SD",46071,0,68107,Unreliable,46071,0,0,0.0,0
,"Jerauld County, SD",46073,0,45853,Unreliable,46073,0,0,0.0,0
,"Jones County, SD",46075,0,22410,Unreliable,46075,0,0,0.0,0
,"Lake County, SD",46079,0,256078,Unreliable,46079,0,0,0.0,0
,"Lawrence County, SD",46081,0,524647,Unreliable,46081,0,0,0.0,0
,"Lyman County, SD",46085,0,84033,Unreliable,46085,0,0,0.0,0
,"McCook County, SD",46087,0,124625,Unreliable,46087,0,0,0.0,0
,"McPherson County, SD",46089,0,56157,Unreliable,46089,0,0,0.0,0
,"Mellette County, SD",46095,0,45296,Unreliable,46095,0,0,0.0,0
,"Miner County, SD",46097,0,53650,Unreliable,46097,0,0,0.0,0
,"Moody County, SD",46101,0,143265,Unreliable,46101,0,0,0.0,0
,"Perkins County, SD",46105,0,66978,Unreliable,46105,0,0,0.0,0
,"Potter County, SD",46107,0,52570,Unreliable,46107,0,0,0.0,0
,"Sanborn County, SD",46111,0,53599,Unreliable,46111,0,0,0.0,0
,"Shannon County, SD",46113,0,298484,Unreliable,46113,0,0,0.0,0
,"Spink County, SD",46115,0,147333,Unreliable,46115,0,0,0.0,0
,"Stanley County, SD",46117,0,64036,Unreliable,46117,0,0,0.0,0
,"Sully County, SD",46119,0,31459,Unreliable,46119,0,0,0.0,0
,"Tripp County, SD",46123,0,127340,Unreliable,46123,0,0,0.0,0
,"Turner County, SD",46125,0,185633,Unreliable,46125,0,0,0.0,0
,"Union County, SD",46127,0,310832,Unreliable,46127,0,0,0.0,0
,"Ziebach County, SD",46137,0,59759,Unreliable,46137,0,0,0.0,0
,"Bledsoe County, TN",47007,0,293330,Unreliable,47007,0,0,0.0,0
,"Cannon County, TN",47015,0,299902,Unreliable,47015,0,0,0.0,0
,"Chester County, TN",47023,0,367963,Unreliable,47023,0,0,0.0,0
,"Cocke County, TN",47029,0,770958,Unreliable,47029,0,0,0.0,0
,"Decatur County, TN",47039,0,257059,Unreliable,47039,0,0,0.0,0
,"DeKalb County, TN",47041,0,412826,Unreliable,47041,0,0,0.0,0
,"Fayette County, TN",47047,0,800888,Unreliable,47047,0,0,0.0,0
,"Franklin County, TN",47051,0,899632,Unreliable,47051,0,0,0.0,0
,"Grainger County, TN",47057,0,489536,Unreliable,47057,0,0,0.0,0
,"Grundy County, TN",47061,0,303429,Unreliable,47061,0,0,0.0,0
,"Hickman County, TN",47081,0,529933,Unreliable,47081,0,0,0.0,0
,"Houston County, TN",47083,0,180450,Unreliable,47083,0,0,0.0,0
,"Jackson County, TN",47087,0,251845,Unreliable,47087,0,0,0.0,0
,"Johnson County, TN",47091,0,394281,Unreliable,47091,0,0,0.0,0
,"Lake County, TN",47095,0,169698,Unreliable,47095,0,0,0.0,0
,"Lincoln County, TN",47103,0,723465,Unreliable,47103,0,0,0.0,0
,"Loudon County, TN",47105,0,1039684,Unreliable,47105,0,0,0.0,0
,"Marion County, TN",47115,0,620120,Unreliable,47115,0,0,0.0,0
,"Moore County, TN",47127,0,136119,Unreliable,47127,0,0,0.0,0
,"Overton County, TN",47133,0,473243,Unreliable,47133,0,0,0.0,0
,"Pickett County, TN",47137,0,111336,Unreliable,47137,0,0,0.0,0
,"Rhea County, TN",47143,0,685519,Unreliable,47143,0,0,0.0,0
,"Scott County, TN",47151,0,481496,Unreliable,47151,0,0,0.0,0
,"Sequatchie County, TN",47153,0,299827,Unreliable,47153,0,0,0.0,0
,"Stewart County, TN",47161,0,287531,Unreliable,47161,0,0,0.0,0
,"Trousdale County, TN",47169,0,181382,Unreliable,47169,0,0,0.0,0
,"Unicoi County, TN",47171,0,395143,Unreliable,47171,0,0,0.0,0
,"Union County, TN",47173,0,417715,Unreliable,47173,0,0,0.0,0
,"Armstrong County, TX",48011,0,43288,Unreliable,48011,0,0,0.0,0
,"Borden County, TX",48033,0,14422,Unreliable,48033,0,0,0.0,0
,"Briscoe County, TX",48045,0,35973,Unreliable,48045,0,0,0.0,0
,"Callahan County, TX",48059,0,295277,Unreliable,48059,0,0,0.0,0
,"Carson County, TX",48065,0,136891,Unreliable,48065,0,0,0.0,0
,"Castro County, TX",48069,0,173899,Unreliable,48069,0,0,0.0,0
,"Cochran County, TX",48079,0,70009,Unreliable,48079,0,0,0.0,0
,"Concho County, TX",48095,0,85124,Unreliable,48095,0,0,0.0,0
,"Crane County, TX",48103,0,95795,Unreliable,48103,0,0,0.0,0
,"Crockett County, TX",48105,0,82883,Unreliable,48105,0,0,0.0,0
,"Crosby County, TX",48107,0,137944,Unreliable,48107,0,0,0.0,0
,"Dallam County, TX",48111,0,146952,Unreliable,48111,0,0,0.0,0
,"Dawson County, TX",48115,0,303425,Unreliable,48115,0,0,0.0,0
,"Donley County, TX",48129,0,79993,Unreliable,48129,0,0,0.0,0
,"Edwards County, TX",48137,0,44087,Unreliable,48137,0,0,0.0,0
,"Floyd County, TX",48153,0,144707,Unreliable,48153,0,0,0.0,0
,"Foard County, TX",48155,0,29982,Unreliable,48155,0,0,0.0,0
,"Frio County, TX",48163,0,389290,Unreliable,48163,0,0,0.0,0
,"Gaines County, TX",48165,0,386498,Unreliable,48165,0,0,0.0,0
,"Glasscock County, TX",48173,0,28699,Unreliable,48173,0,0,0.0,0
,"Goliad County, TX",48175,0,159946,Unreliable,48175,0,0,0.0,0
,"Gray County, TX",48179,0,493319,Unreliable,48179,0,0,0.0,0
,"Hale County, TX",48189,0,778809,Unreliable,48189,0,0,0.0,0
,"Hall County, TX",48191,0,74459,Unreliable,48191,0,0,0.0,0
,"Hansford County, TX",48195,0,119232,Unreliable,48195,0,0,0.0,0
,"Hartley County, TX",48205,0,127745,Unreliable,48205,0,0,0.0,0
,"Hemphill County, TX",48211,0,82310,Unreliable,48211,0,0,0.0,0
,"Hudspeth County, TX",48229,0,80486,Unreliable,48229,0,0,0.0,0
,"Irion County, TX",48235,0,35447,Unreliable,48235,0,0,0.0,0
,"Jack County, TX",48237,0,196612,Unreliable,48237,0,0,0.0,0
,"Jeff Davis County, TX",48243,0,49495,Unreliable,48243,0,0,0.0,0
,"Jones County, TX",48253,0,443311,Unreliable,48253,0,0,0.0,0
,"Kent County, TX",48263,0,17504,Unreliable,48263,0,0,0.0,0
,"Kimble County, TX",48267,0,98849,Unreliable,48267,0,0,0.0,0
,"Kinney County, TX",48271,0,77934,Unreliable,48271,0,0,0.0,0
,"Lamb County, TX",48279,0,307091,Unreliable,48279,0,0,0.0,0
,"La Salle County, TX",48283,0,150626,Unreliable,48283,0,0,0.0,0
,"Lipscomb County, TX",48295,0,71399,Unreliable,48295,0,0,0.0,0
,"Live Oak County, TX",48297,0,261346,Unreliable,48297,0,0,0.0,0
,"Loving County, TX",48301,0,2063,Unreliable,48301,0,0,0.0,0
,"Lynn County, TX",48305,0,132889,Unreliable,48305,0,0,0.0,0
,"McMullen County, TX",48311,0,16902,Unreliable,48311,0,0,0.0,0
,"Mason County, TX",48319,0,87380,Unreliable,48319,0,0,0.0,0
,"Medina County, TX",48325,0,1001959,Unreliable,48325,0,0,0.0,0
,"Menard County, TX",48327,0,48829,Unreliable,48327,0,0,0.0,0
,"Mills County, TX",48333,0,108175,Unreliable,48333,0,0,0.0,0
,"Motley County, TX",48345,0,27324,Unreliable,48345,0,0,0.0,0
,"Newton County, TX",48351,0,315800,Unreliable,48351,0,0,0.0,0
,"Ochiltree County, TX",48357,0,216895,Unreliable,48357,0,0,0.0,0
,"Oldham County, TX",48359,0,45700,Unreliable,48359,0,0,0.0,0
,"Parmer County, TX",48369,0,219549,Unreliable,48369,0,0,0.0,0
,"Rains County, TX",48379,0,239324,Unreliable,48379,0,0,0.0,0
,"Reagan County, TX",48383,0,75869,Unreliable,48383,0,0,0.0,0
,"Real County, TX",48385,0,71861,Unreliable,48385,0,0,0.0,0
,"Roberts County, TX",48393,0,19322,Unreliable,48393,0,0,0.0,0
,"Sabine County, TX",48403,0,231214,Unreliable,48403,0,0,0.0,0
,"Schleicher County, TX",48413,0,67959,Unreliable,48413,0,0,0.0,0
,"Shackelford County, TX",48417,0,73168,Unreliable,48417,0,0,0.0,0
,"Sherman County, TX",48421,0,67407,Unreliable,48421,0,0,0.0,0
,"Somervell County, TX",48425,0,179347,Unreliable,48425,0,0,0.0,0
,"Sterling County, TX",48431,0,27822,Unreliable,48431,0,0,0.0,0
,"Stonewall County, TX",48433,0,32036,Unreliable,48433,0,0,0.0,0
,"Sutton County, TX",48435,0,88835,Unreliable,48435,0,0,0.0,0
,"Terrell County, TX",48443,0,20191,Unreliable,48443,0,0,0.0,0
,"Throckmorton County, TX",48447,0,36168,Unreliable,48447,0,0,0.0,0
,"Upton County, TX",48461,0,74459,Unreliable,48461,0,0,0.0,0
,"Wheeler County, TX",48483,0,116218,Unreliable,48483,0,0,0.0,0
,"Willacy County, TX",48489,0,468798,Unreliable,48489,0,0,0.0,0
,"Beaver County, UT",49001,0,139758,Unreliable,49001,0,0,0.0,0
,"Carbon County, UT",49007,0,451734,Unreliable,49007,0,0,0.0,0
,"Daggett County, UT",49009,0,22193,Unreliable,49009,0,0,0.0,0
,"Duchesne County, UT",49013,0,390833,Unreliable,49013,0,0,0.0,0
,"Emery County, UT",49015,0,232130,Unreliable,49015,0,0,0.0,0
,"Garfield County, UT",49017,0,107848,Unreliable,49017,0,0,0.0,0
,"Juab County, UT",49023,0,218854,Unreliable,49023,0,0,0.0,0
,"Kane County, UT",49025,0,151783,Unreliable,49025,0,0,0.0,0
,"Millard County, UT",49027,0,274555,Unreliable,49027,0,0,0.0,0
,"Morgan County, UT",49029,0,208538,Unreliable,49029,0,0,0.0,0
,"Piute County, UT",49031,0,32219,Unreliable,49031,0,0,0.0,0
,"Rich County, UT",49033,0,48383,Unreliable,49033,0,0,0.0,0
,"Tooele County, UT",49045,0,1241071,Unreliable,49045,0,0,0.0,0
,"Uintah County, UT",49047,0,695636,Unreliable,49047,0,0,0.0,0
,"Wasatch County, UT",49051,0,527467,Unreliable,49051,0,0,0.0,0
,"Wayne County, UT",49055,0,58340,Unreliable,49055,0,0,0.0,0
,"Bennington County, VT",50003,0,806065,Unreliable,50003,0,0,0.0,0
,"Essex County, VT",50009,0,139067,Unreliable,50009,0,0,0.0,0
,"Franklin County, VT",50011,0,1049429,Unreliable,50011,0,0,0.0,0
,"Lamoille County, VT",50015,0,535057,Unreliable,50015,0,0,0.0,0
,"Windsor County, VT",50027,0,1243395,Unreliable,50027,0,0,0.0,0
,"Accomack County, VA",51001,0,758427,Unreliable,51001,0,0,0.0,0
,"Appomattox County, VA",51011,0,324848,Unreliable,51011,0,0,0.0,0
,"Bath County, VA",51017,0,103107,Unreliable,51017,0,0,0.0,0
,"Bland County, VA",51021,0,147710,Unreliable,51021,0,0,0.0,0
,"Botetourt County, VA",51023,0,714109,Unreliable,51023,0,0,0.0,0
,"Buckingham County, VA",51029,0,366765,Unreliable,51029,0,0,0.0,0
,"Caroline County, VA",51033,0,600269,Unreliable,51033,0,0,0.0,0
,"Carroll County, VA",51035,0,653565,Unreliable,51035,0,0,0.0,0
,"Clarke County, VA",51043,0,305642,Unreliable,51043,0,0,0.0,0
,"Craig County, VA",51045,0,112961,Unreliable,51045,0,0,0.0,0
,"Cumberland County, VA",51049,0,211566,Unreliable,51049,0,0,0.0,0
,"Dinwiddie County, VA",51053,0,594928,Unreliable,51053,0,0,0.0,0
,"Fluvanna County, VA",51065,0,544158,Unreliable,51065,0,0,0.0,0
,"Franklin County, VA",51067,0,1181867,Unreliable,51067,0,0,0.0,0
,"Giles County, VA",51071,0,371818,Unreliable,51071,0,0,0.0,0
,"Grayson County, VA",51077,0,351255,Unreliable,51077,0,0,0.0,0
,"Henry County, VA",51089,0,1190724,Unreliable,51089,0,0,0.0,0
,"Highland County, VA",51091,0,51637,Unreliable,51091,0,0,0.0,0
,"King and Queen County, VA",51097,0,151831,Unreliable,51097,0,0,0.0,0
,"King George County, VA",51099,0,497674,Unreliable,51099,0,0,0.0,0
,"King William County, VA",51101,0,337961,Unreliable,51101,0,0,0.0,0
,"Louisa County, VA",51109,0,704961,Unreliable,51109,0,0,0.0,0
,"Mathews County, VA",51115,0,197200,Unreliable,51115,0,0,0.0,0
,"Nelson County, VA",51125,0,325763,Unreliable,51125,0,0,0.0,0
,"Orange County, VA",51137,0,711476,Unreliable,51137,0,0,0.0,0
,"Pulaski County, VA",51155,0,762294,Unreliable,51155,0,0,0.0,0
,"Rappahannock County, VA",51157,0,160842,Unreliable,51157,0,0,0.0,0
,"Rockbridge County, VA",51163,0,483646,Unreliable,51163,0,0,0.0,0
,"Rockingham County, VA",51165,0,1655106,Unreliable,51165,0,0,0.0,0
,"Russell County, VA",51167,0,623998,Unreliable,51167,0,0,0.0,0
,"Scott County, VA",51169,0,499783,Unreliable,51169,0,0,0.0,0
,"Smyth County, VA",51173,0,702462,Unreliable,51173,0,0,0.0,0
,"Surry County, VA",51181,0,149545,Unreliable,51181,0,0,0.0,0
,"Sussex County, VA",51183,0,262049,Unreliable,51183,0,0,0.0,0
,"Wise County, VA",51195,0,889137,Unreliable,51195,0,0,0.0,0
,"Wythe County, VA",51197,0,629545,Unreliable,51197,0,0,0.0,0
,"Bedford city, VA",51515,0,92917,Unreliable,51515,0,0,0.0,0
,"Buena Vista city, VA",51530,0,143742,Unreliable,51530,0,0,0.0,0
,"Charlottesville city, VA",51540,0,966320,Unreliable,51540,0,0,0.0,0
,"Clifton Forge city, VA",51560,0,8667,Unreliable,51560,0,0,0.0,0
,"Covington city, VA",51580,0,130372,Unreliable,51580,0,0,0.0,0
,"Fairfax city, VA",51600,0,498728,Unreliable,51600,0,0,0.0,0
,"Falls Church city, VA",51610,0,270479,Unreliable,51610,0,0,0.0,0
,"Franklin city, VA",51620,0,183467,Unreliable,51620,0,0,0.0,0
,"Galax city, VA",51640,0,149498,Unreliable,51640,0,0,0.0,0
,"Hopewell city, VA",51670,0,492189,Unreliable,51670,0,0,0.0,0
,"Manassas Park city, VA",51685,0,307280,Unreliable,51685,0,0,0.0,0
,"Norton city, VA",51720,0,86537,Unreliable,51720,0,0,0.0,0
,"Poquoson city, VA",51735,0,263328,Unreliable,51735,0,0,0.0,0
,"Salem city, VA",51775,0,548290,Unreliable,51775,0,0,0.0,0
,"Staunton city, VA",51790,0,530033,Unreliable,51790,0,0,0.0,0
,"Waynesboro city, VA",51820,0,462778,Unreliable,51820,0,0,0.0,0
,"Williamsburg city, VA",51830,0,300944,Unreliable,51830,0,0,0.0,0
,"Adams County, WA",53001,0,398935,Unreliable,53001,0,0,0.0,0
,"Clallam County, WA",53009,0,1559213,Unreliable,53009,0,0,0.0,0
,"Columbia County, WA",53013,0,87991,Unreliable,53013,0,0,0.0,0
,"Ferry County, WA",53019,0,165429,Unreliable,53019,0,0,0.0,0
,"Grays Harbor County, WA",53027,0,1566750,Unreliable,53027,0,0,0.0,0
,"Kittitas County, WA",53037,0,891102,Unreliable,53037,0,0,0.0,0
,"Klickitat County, WA",53039,0,448770,Unreliable,53039,0,0,0.0,0
,"Lincoln County, WA",53043,0,229684,Unreliable,53043,0,0,0.0,0
,"Pacific County, WA",53049,0,466004,Unreliable,53049,0,0,0.0,0
,"Pend Oreille County, WA",53051,0,281131,Unreliable,53051,0,0,0.0,0
,"San Juan County, WA",53055,0,344635,Unreliable,53055,0,0,0.0,0
,"Stevens County, WA",53065,0,943670,Unreliable,53065,0,0,0.0,0
,"Wahkiakum County, WA",53069,0,88261,Unreliable,53069,0,0,0.0,0
,"Whitman County, WA",53075,0,989627,Unreliable,53075,0,0,0.0,0
,"Barbour County, WV",54001,0,356436,Unreliable,54001,0,0,0.0,0
,"Braxton County, WV",54007,0,318183,Unreliable,54007,0,0,0.0,0
,"Calhoun County, WV",54013,0,164164,Unreliable,54013,0,0,0.0,0
,"Clay County, WV",54015,0,207718,Unreliable,54015,0,0,0.0,0
,"Doddridge County, WV",54017,0,176803,Unreliable,54017,0,0,0.0,0
,"Fayette County, WV",54019,0,1002711,Unreliable,54019,0,0,0.0,0
,"Gilmer County, WV",54021,0,177434,Unreliable,54021,0,0,0.0,0
,"Grant County, WV",54023,0,256610,Unreliable,54023,0,0,0.0,0
,"Greenbrier County, WV",54025,0,772304,Unreliable,54025,0,0,0.0,0
,"Hampshire County, WV",54027,0,499602,Unreliable,54027,0,0,0.0,0
,"Hardy County, WV",54031,0,298270,Unreliable,54031,0,0,0.0,0
,"Harrison County, WV",54033,0,1502131,Unreliable,54033,0,0,0.0,0
,"Lincoln County, WV",54043,0,475068,Unreliable,54043,0,0,0.0,0
,"Logan County, WV",54045,0,784552,Unreliable,54045,0,0,0.0,0
,"McDowell County, WV",54047,0,487574,Unreliable,54047,0,0,0.0,0
,"Marshall County, WV",54051,0,728476,Unreliable,54051,0,0,0.0,0
,"Mercer County, WV",54055,0,1350432,Unreliable,54055,0,0,0.0,0
,"Mineral County, WV",54057,0,603417,Unreliable,54057,0,0,0.0,0
,"Monroe County, WV",54063,0,297134,Unreliable,54063,0,0,0.0,0
,"Pendleton County, WV",54071,0,167756,Unreliable,54071,0,0,0.0,0
,"Pleasants County, WV",54073,0,167262,Unreliable,54073,0,0,0.0,0
,"Pocahontas County, WV",54075,0,192658,Unreliable,54075,0,0,0.0,0
,"Preston County, WV",54077,0,713529,Unreliable,54077,0,0,0.0,0
,"Ritchie County, WV",54085,0,224363,Unreliable,54085,0,0,0.0,0
,"Roane County, WV",54087,0,325913,Unreliable,54087,0,0,0.0,0
,"Summers County, WV",54089,0,297381,Unreliable,54089,0,0,0.0,0
,"Taylor County, WV",54091,0,365547,Unreliable,54091,0,0,0.0,0
,"Tucker County, WV",54093,0,155990,Unreliable,54093,0,0,0.0,0
,"Tyler County, WV",54095,0,202326,Unreliable,54095,0,0,0.0,0
,"Webster County, WV",54101,0,199758,Unreliable,54101,0,0,0.0,0
,"Wirt County, WV",54105,0,127772,Unreliable,54105,0,0,0.0,0
,"Wyoming County, WV",54109,0,514226,Unreliable,54109,0,0,0.0,0
,"Ashland County, WI",55003,0,355802,Unreliable,55003,0,0,0.0,0
,"Buffalo County, WI",55011,0,297544,Unreliable,55011,0,0,0.0,0
,"Burnett County, WI",55013,0,343613,Unreliable,55013,0,0,0.0,0
,"Clark County, WI",55019,0,756079,Unreliable,55019,0,0,0.0,0
,"Dunn County, WI",55033,0,948922,Unreliable,55033,0,0,0.0,0
,"Eau Claire County, WI",55035,0,2171798,Unreliable,55035,0,0,0.0,0
,"Florence County, WI",55037,0,101991,Unreliable,55037,0,0,0.0,0
,"Forest County, WI",55041,0,207831,Unreliable,55041,0,0,0.0,0
,"Green Lake County, WI",55047,0,418904,Unreliable,55047,0,0,0.0,0
,"Iowa County, WI",55049,0,516643,Unreliable,55049,0,0,0.0,0
,"Iron County, WI",55051,0,134977,Unreliable,55051,0,0,0.0,0
,"Jackson County, WI",55053,0,442983,Unreliable,55053,0,0,0.0,0
,"Langlade County, WI",55067,0,439533,Unreliable,55067,0,0,0.0,0
,"Pepin County, WI",55091,0,162623,Unreliable,55091,0,0,0.0,0
,"Pierce County, WI",55093,0,882443,Unreliable,55093,0,0,0.0,0
,"Rusk County, WI",55107,0,323316,Unreliable,55107,0,0,0.0,0
,"St. Croix County, WI",55109,0,1773294,Unreliable,55109,0,0,0.0,0
,"Sawyer County, WI",55113,0,362717,Unreliable,55113,0,0,0.0,0
,"Washburn County, WI",55129,0,349876,Unreliable,55129,0,0,0.0,0
,"Campbell County, WY",56005,0,939002,Unreliable,56005,0,0,0.0,0
,"Crook County, WY",56011,0,149066,Unreliable,56011,0,0,0.0,0
,"Goshen County, WY",56015,0,285620,Unreliable,56015,0,0,0.0,0
,"Johnson County, WY",56019,0,178340,Unreliable,56019,0,0,0.0,0
,"Lincoln County, WY",56023,0,381875,Unreliable,56023,0,0,0.0,0
,"Niobrara County, WY",56027,0,52968,Unreliable,56027,0,0,0.0,0
,"Sweetwater County, WY",56037,0,915894,Unreliable,56037,0,0,0.0,0
,"Teton County, WY",56039,0,463622,Unreliable,56039,0,0,0.0,0
,"Uinta County, WY",56041,0,446562,Unreliable,56041,0,0,0.0,0
,"Washakie County, WY",56043,0,179874,Unreliable,56043,0,0,0.0,0
,"Weston County, WY",56045,0,152166,Unreliable,56045,0,0,0.0,0
,"Madera County, CA",06039,10,3198671,Unreliable,06039,10,0,3.126298390800429e-06,0
,"Manatee County, FL",12081,10,7246849,Unreliable,12081,10,0,1.3799100822992172e-06,0
,"Wyandotte County, KS",20209,10,3502086,Unreliable,20209,10,0,2.8554410142983353e-06,0
,"Cecil County, MD",24015,10,2158042,Unreliable,24015,10,0,4.633830110813413e-06,1
,"Essex County, MA",25009,10,16518805,Unreliable,25009,10,0,6.053706669459443e-07,0
,"St. Louis County, MN",27137,10,4397606,Unreliable,27137,10,0,2.2739645161481043e-06,0
,"Jasper County, MO",29097,10,2511494,Unreliable,29097,10,0,3.9816937647471984e-06,1
,"Camden County, NJ",34007,10,11233990,Unreliable,34007,10,0,8.901556793267575e-07,0
,"McKinley County, NM",35031,10,1595079,Unreliable,35031,10,0,6.2692819603292375e-06,1
,"Richmond County, NY",36085,10,10214519,Unreliable,36085,10,0,9.789986195140465e-07,0
,"Allegheny County, PA",42003,10,27206654,Unreliable,42003,10,0,3.6755714245493033e-07,0
,"Jefferson County, TX",48245,10,5534105,Unreliable,48245,10,0,1.8069769185803306e-06,0
,"Racine County, WI",55101,10,4260931,Unreliable,55101,10,0,2.3469049369726946e-06,0
,"Benton County, AR",05007,11,4765961,Unreliable,05007,11,0,2.3080339935639424e-06,0
,"Placer County, CA",06061,11,7411284,Unreliable,06061,11,0,1.484223246606121e-06,0
,"Tulare County, CA",06107,11,9425017,Unreliable,06107,11,0,1.1671066481896e-06,0
,"Cobb County, GA",13067,11,15135765,Unreliable,13067,11,0,7.267554695781812e-07,0
,"Lowndes County, GA",13185,11,2330813,Unreliable,13185,11,0,4.719383322471601e-06,1
,"Kane County, IL",17089,11,10861574,Unreliable,17089,11,0,1.012744561699805e-06,0
,"Lincoln Parish, LA",22061,11,1004282,Unreliable,22061,11,0,1.0953098830806486e-05,1
,"St. Landry Parish, LA",22097,11,1853743,Unreliable,22097,11,0,5.933940141648546e-06,1
,"Middlesex County, MA",25017,11,33431572,Unreliable,25017,11,0,3.290302950755651e-07,0
,"Jones County, MS",28067,11,1473835,Unreliable,28067,11,0,7.463522036048812e-06,1
,"Greene County, MO",29077,11,5952902,Unreliable,29077,11,0,1.8478382476311554e-06,0
,"Monmouth County, NJ",34025,11,13753835,Unreliable,34025,11,0,7.997769349421452e-07,0
,"Erie County, NY",36029,11,20415826,Unreliable,36029,11,0,5.387976954740896e-07,0
,"Rockland County, NY",36087,11,6812770,Unreliable,36087,11,0,1.6146149070055205e-06,0
,"Guilford County, NC",37081,11,10592860,Unreliable,37081,11,0,1.0384353234159614e-06,0
,"Robeson County, NC",37155,11,2865449,Unreliable,37155,11,0,3.83883991653664e-06,1
,"Summit County, OH",39153,11,11934955,Unreliable,39153,11,0,9.216624612325727e-07,0
,"Erie County, PA",42049,11,6113819,Unreliable,42049,11,0,1.799202756902028e-06,0
,"Lancaster County, PA",42071,11,11286333,Unreliable,42071,11,0,9.746301123668776e-07,0
,"Spartanburg County, SC",45083,11,6223194,Unreliable,45083,11,0,1.7675810845684707e-06,0
,"Hamilton County, TN",47065,11,7390792,Unreliable,47065,11,0,1.4883384622378765e-06,0
,"Madison County, TN",47113,11,2120739,Unreliable,47113,11,0,5.1868711802819674e-06,1
,"Gregg County, TX",48183,11,2624009,Unreliable,48183,11,0,4.192058792481276e-06,1
,"Guadalupe County, TX",48187,11,2814538,Unreliable,48187,11,0,3.908279085235303e-06,1
,"Chesterfield County, VA",51041,11,6826647,Unreliable,51041,11,0,1.6113327670231082e-06,0
,"Collier County, FL",12021,12,7109363,Unreliable,12021,12,0,1.6879149369641134e-06,0
,"Peoria County, IL",17143,12,4047574,Unreliable,17143,12,0,2.9647388781526908e-06,0
,"Lake County, IN",18089,12,10760620,Unreliable,18089,12,0,1.1151773782551562e-06,0
,"Bossier Parish, LA",22015,12,2534632,Unreliable,22015,12,0,4.734415094577832e-06,1
,"Douglas County, NE",31055,12,11353167,Unreliable,31055,12,0,1.0569737941844772e-06,0
,"Atlantic County, NJ",34001,12,5893001,Unreliable,34001,12,0,2.0363139256212583e-06,0
,"Westchester County, NY",36119,12,20900154,Unreliable,36119,12,0,5.741584487846357e-07,0
,"Iredell County, NC",37097,12,3402738,Unreliable,37097,12,0,3.5265718371499655e-06,1
,"Pottawatomie County, OK",40125,12,1526869,Unreliable,40125,12,0,7.859220404631963e-06,1
,"York County, PA",42133,12,9316842,Unreliable,42133,12,0,1.2879900721725236e-06,0
,"Aiken County, SC",45003,12,3468466,Unreliable,45003,12,0,3.4597427219987166e-06,1
,"Knox County, TN",47093,12,9404003,Unreliable,47093,12,0,1.2760523364358773e-06,0
,"Henderson County, TX",48213,12,1722589,Unreliable,48213,12,0,6.966258347173934e-06,1
,"Utah County, UT",49049,12,11060257,Unreliable,49049,12,0,1.0849657471792925e-06,0
,"Richmond city, VA",51760,12,4602382,Unreliable,51760,12,0,2.6073455006559646e-06,0
,"Pierce County, WA",53053,12,17536729,Unreliable,53053,12,0,6.842781227901737e-07,0
,"Dane County, WI",55025,12,10732169,Unreliable,55025,12,0,1.1181337155611322e-06,0
,"Shelby County, AL",01117,13,4120429,Unreliable,01117,13,0,3.1550112864461445e-06,0
,"Sebastian County, AR",05131,13,2711839,Unreliable,05131,13,0,4.793794911866081e-06,1
,"Washington County, AR",05143,13,4420334,Unreliable,05143,13,0,2.9409542355849127e-06,0
,"El Paso County, CO",08041,13,13596321,Unreliable,08041,13,0,9.561410031434239e-07,0
,"Polk County, FL",12105,13,13157717,Unreliable,12105,13,0,9.88013346084279e-07,0
,"Sarasota County, FL",12115,13,8374105,Unreliable,12115,13,0,1.5524047047415814e-06,0
,"Gwinnett County, GA",13135,13,17300668,Unreliable,13135,13,0,7.514160724892241e-07,0
,"Canyon County, ID",16027,13,4041953,Unreliable,16027,13,0,3.2162669877655677e-06,0
,"Johnson County, KS",20091,13,11790354,Unreliable,20091,13,0,1.1025962409610433e-06,0
,"Shawnee County, KS",20177,13,3852081,Unreliable,20177,13,0,3.3747992318956947e-06,0
,"Clay County, MO",29047,13,4794349,Unreliable,29047,13,0,2.711525589814175e-06,0
,"Burlington County, NJ",34005,13,9772131,Unreliable,34005,13,0,1.3303137258393282e-06,0
,"Ocean County, NJ",34029,13,12504338,Unreliable,34029,13,0,1.039639203610779e-06,0
,"Anderson County, SC",45007,13,4066824,Unreliable,45007,13,0,3.1965976398290166e-06,0
,"Brazos County, TX",48041,13,4200418,Unreliable,48041,13,0,3.0949300760067213e-06,0
,"Grayson County, TX",48181,13,2668311,Unreliable,48181,13,0,4.871995805586381e-06,1
,"Clark County, WA",53011,13,9268749,Unreliable,53011,13,0,1.4025625248887418e-06,0
,"Snohomish County, WA",53061,13,15650890,Unreliable,53061,13,0,8.30623689770997e-07,0
,"Monterey County, CA",06053,14,9189660,Unreliable,06053,14,0,1.5234513572863413e-06,0
,"Solano County, CA",06095,14,9225868,Unreliable,06095,14,0,1.517472393925428e-06,0
,"Polk County, IA",19153,14,9471893,Unreliable,19153,14,0,1.4780572373442141e-06,0
,"Hunt County, TX",48231,14,1900011,Unreliable,48231,14,0,7.368378393598774e-06,1
,"Washington County, UT",49053,14,2977313,Unreliable,49053,14,0,4.702226470646519e-06,1
,"Virginia Beach city, VA",51810,14,9686672,Unreliable,51810,14,0,1.4452848202148272e-06,0
,"Lee County, AL",01081,15,3075012,Unreliable,01081,15,0,4.8780297442741685e-06,1
,"Mobile County, AL",01097,15,8975224,Unreliable,01097,15,0,1.671267480343666e-06,0
,"Cochise County, AZ",04003,15,2767878,Unreliable,04003,15,0,5.419314001556427e-06,1
,"East Baton Rouge Parish, LA",22033,15,9504549,Unreliable,22033,15,0,1.5781916638022488e-06,0
,"Wicomico County, MD",24045,15,2117435,Unreliable,24045,15,0,7.084042721500306e-06,1
,"Hinds County, MS",28049,15,5377339,Unreliable,28049,15,0,2.789483794865825e-06,0
,"Jackson County, MS",28059,15,3039961,Unreliable,28059,15,0,4.9342738278550285e-06,1
,"Washoe County, NV",32031,15,9102415,Unreliable,32031,15,0,1.6479143172443797e-06,0
,"Dona Ana County, NM",35013,15,4422996,Unreliable,35013,15,0,3.391366395086046e-06,0
,"San Juan County, NM",35045,15,2708648,Unreliable,35045,15,0,5.537818129192128e-06,1
,"Franklin County, OH",39049,15,25883178,Unreliable,39049,15,0,5.795269808058346e-07,0
,"Montgomery County, OH",39113,15,11902100,Unreliable,39113,15,0,1.2602817990102586e-06,0
,"Cleveland County, OK",40027,15,5507097,Unreliable,40027,15,0,2.7237580888805844e-06,0
,"Lexington County, SC",45063,15,5672387,Unreliable,45063,15,0,2.644389390216147e-06,0
,"Orangeburg County, SC",45075,15,1991769,Unreliable,45075,15,0,7.530993805004496e-06,1
,"Kaufman County, TX",48257,15,2233432,Unreliable,48257,15,0,6.71612119822766e-06,1
,"McLennan County, TX",48309,15,5144458,Unreliable,48309,15,0,2.915759055667283e-06,0
,"Richmond County, GA",13245,16,4395920,Unreliable,13245,16,0,3.6397386667637263e-06,1
,"Suffolk County, NY",36103,16,32483054,Unreliable,36103,16,0,4.925645230279148e-07,0
,"Mecklenburg County, NC",37119,16,19985630,Unreliable,37119,16,0,8.005752132907494e-07,0
,"Multnomah County, OR",41051,16,16137036,Unreliable,41051,16,0,9.915079820110706e-07,0
,"Lehigh County, PA",42077,16,7572504,Unreliable,42077,16,0,2.1129074345817446e-06,0
,"Fort Bend County, TX",48157,16,12732616,Unreliable,48157,16,0,1.2566152941390834e-06,0
,"San Francisco County, CA",06075,17,17921296,Unreliable,06075,17,0,9.485921107491333e-07,0
,"DeKalb County, GA",13089,17,15441167,Unreliable,13089,17,0,1.1009530562035887e-06,0
,"Ouachita Parish, LA",22073,17,3349758,Unreliable,22073,17,0,5.074993477140737e-06,1
,"Nye County, NV",32023,17,905402,Unreliable,32023,17,0,1.8776190023878896e-05,1
,"Comanche County, OK",40031,17,2631338,Unreliable,40031,17,0,6.460591531760648e-06,1
,"Pinellas County, FL",12103,18,20577081,Unreliable,12103,18,0,8.74759641564321e-07,0
,"Hudson County, NJ",34017,18,14086323,Unreliable,34017,18,0,1.2778352448683733e-06,0
,"Wake County, NC",37183,18,19313109,Unreliable,37183,18,0,9.320094449837155e-07,0
,"Lucas County, OH",39095,18,9727786,Unreliable,39095,18,0,1.850369652457404e-06,0
,"Harford County, MD",24025,19,5317984,Unreliable,24025,19,0,3.572782467942739e-06,1
,"Washington County, MS",28151,19,1152753,Unreliable,28151,19,0,1.6482281980615103e-05,1
,"Bergen County, NJ",34003,19,20015939,Unreliable,34003,19,0,9.492435003923623e-07,0
,"Union County, NJ",34039,19,11853727,Unreliable,34039,19,0,1.6028714006995437e-06,0
,"Bell County, TX",48027,19,6619482,Unreliable,48027,19,0,2.870315230104108e-06,0
,"Cameron County, TX",48061,19,8628899,Unreliable,48061,19,0,2.20190316284847e-06,0
,"Smith County, TX",48423,19,4523343,Unreliable,48423,19,0,4.200433175198078e-06,1
,"Chatham County, GA",13051,20,5780560,0.34598724,13051,20,0,3.4598723999058916e-06,1
,"Fulton County, GA",13121,20,20303648,0.098504466,13121,20,0,9.850446579846144e-07,0
,"Honolulu County, HI",15003,20,20744766,0.096409861,15003,20,0,9.6409860684859e-07,0
,"Middlesex County, NJ",34023,20,17662317,0.113235427,34023,20,0,1.132354265864439e-06,0
,"Greenville County, SC",45045,20,9863791,0.202761798,45045,20,0,2.027617981767862e-06,0
,"Gila County, AZ",04007,21,1160766,1.809150165,04007,21,0,1.809150164632665e-05,1
,"New Castle County, DE",10003,21,11780335,0.178263182,10003,21,0,1.782631818195323e-06,0
,"Lake County, FL",12069,21,6424945,0.326851047,12069,21,0,3.2685104697394296e-06,0
,"Will County, IL",17197,21,14097656,0.148960934,17197,21,0,1.4896093364740918e-06,0
,"Alameda County, CA",06001,22,33754012,0.065177437,06001,22,0,6.517743727767828e-07,0
,"Contra Costa County, CA",06013,22,23152448,0.095022349,06013,22,0,9.502234925654514e-07,0
,"Merced County, CA",06047,22,5518716,0.398643453,06047,22,0,3.986434525712141e-06,1
,"Denver County, CO",08031,22,13590522,0.16187752,08031,22,0,1.618775202306431e-06,0
,"Brevard County, FL",12009,22,11928629,0.184430248,12009,22,0,1.8443024760012237e-06,0
,"Orleans Parish, LA",22071,22,8737968,0.251774783,22071,22,0,2.5177478333635464e-06,0
,"Brazoria County, TX",48039,22,6788887,0.32405901,48039,22,0,3.2405900996731863e-06,0
,"Hidalgo County, TX",48215,22,16380793,0.134303632,48215,22,0,1.343036323088876e-06,0
,"Nueces County, TX",48355,22,7464037,0.294746663,48355,22,0,2.9474666323331463e-06,0
,"Wichita County, TX",48485,22,2892710,0.760532511,48485,22,0,7.6053251103636385e-06,1
,"Williamson County, TX",48491,22,9179013,0.239677185,48491,22,0,2.3967718533572183e-06,0
,"Salt Lake County, UT",49035,22,22549024,0.097565198,49035,22,0,9.75651983873005e-07,0
,"Jefferson County, AL",01073,23,14487047,0.158762514,01073,23,0,1.5876251385116648e-06,0
,"Volusia County, FL",12127,23,10948955,0.21006571,12127,23,0,2.1006570946725053e-06,0
,"Denton County, TX",48121,23,14494566,0.158680156,48121,23,0,1.586801564117201e-06,0
,"Galveston County, TX",48167,23,6482856,0.354781905,48167,23,0,3.5478190476543053e-06,1
,"Fairfax County, VA",51059,23,23553056,0.097651872,51059,23,0,9.765187158727937e-07,0
,"King County, WA",53033,23,43019688,0.053463893,53033,23,0,5.346389309006612e-07,0
,"Madison County, IL",17119,24,5827823,0.411817586,17119,24,0,4.1181758608660555e-06,1
,"Jefferson Parish, LA",22051,24,9690032,0.247677201,22051,24,0,2.4767720065320735e-06,0
,"Onondaga County, NY",36067,24,10188598,0.235557434,36067,24,0,2.3555743390798224e-06,0
,"Providence County, RI",44007,24,13880295,0.172906988,44007,24,0,1.7290698792785023e-06,0
,"Richland County, SC",45079,24,8251559,0.290854128,45079,24,0,2.9085412829260508e-06,0
,"Navajo County, AZ",04017,25,2325881,1.074861526,04017,25,0,1.0748615255896583e-05,1
,"Shasta County, CA",06089,25,3863372,0.647103101,06089,25,0,6.471031006074486e-06,1
,"Orange County, FL",12095,25,25259679,0.098971962,12095,25,0,9.897196239112935e-07,0
,"Nassau County, NY",36059,25,29559169,0.084576126,36059,25,0,8.457612593912908e-07,0
,"Bucks County, PA",42017,25,13630062,0.183418094,42017,25,0,1.8341809450316513e-06,0
,"Chester County, PA",42029,25,10748946,0.232580943,42029,25,0,2.3258094328504394e-06,0
,"Charleston County, SC",45019,25,7840634,0.318851766,45019,25,0,3.188517663239988e-06,0
,"Apache County, AZ",04001,26,1551691,1.675591339,04001,26,0,1.6755913387394783e-05,1
,"La Paz County, AZ",04012,26,446983,5.816776029,04012,26,0,5.8167760295134264e-05,1
,"Ventura County, CA",06111,26,17908411,0.145183177,06111,26,0,1.4518317677654372e-06,0
,"Harrison County, MS",28047,26,4268380,0.609130396,28047,26,0,6.09130396075326e-06,1
,"Yavapai County, AZ",04025,27,4533870,0.595517736,04025,27,0,5.955177365032522e-06,1
,"Montgomery County, TX",48339,27,9887130,0.27308228,48339,27,0,2.7308227969087087e-06,0
,"Coconino County, AZ",04005,28,2899465,0.965695396,04005,28,0,9.65695395529865e-06,1
,"Pulaski County, AR",05119,28,8350216,0.335320667,05119,28,0,3.3532066715399938e-06,0
,"Cuyahoga County, OH",39035,28,28575023,0.097987673,39035,28,0,9.79876726608409e-07,0
,"San Mateo County, CA",06081,29,15976409,0.181517636,06081,29,0,1.8151763641003431e-06,0
,"Bernalillo County, NM",35001,29,14049702,0.206410072,35001,29,0,2.064100719004574e-06,0
,"Spokane County, WA",53063,29,10270232,0.282369473,53063,29,0,2.8236947325045823e-06,0
,"Essex County, NJ",34013,30,17410206,0.172312723,34013,30,0,1.7231272277881147e-06,0
,"Stanislaus County, CA",06099,31,11230471,0.276034727,06099,31,0,2.7603472730573813e-06,0
,"Hennepin County, MN",27053,31,25770763,0.120291355,27053,31,0,1.2029135497462763e-06,0
,"Duval County, FL",12031,34,19060286,0.178381374,12031,34,0,1.7838137371076174e-06,0
,"Hillsborough County, FL",12057,34,27086589,0.125523373,12057,34,0,1.2552337247041332e-06,0
,"Lee County, FL",12071,34,13514093,0.251589211,12071,34,0,2.5158921135143883e-06,0
,"Bronx County, NY",36005,34,30547160,0.111303309,36005,34,0,1.1130330937475039e-06,0
,"San Joaquin County, CA",06077,35,14915373,0.234657223,06077,35,0,2.3465722245095714e-06,0
,"St. Clair County, IL",17163,35,5779846,0.605552466,17163,35,0,6.055524662767832e-06,1
,"Wayne County, MI",26163,35,41149197,0.085056338,26163,35,0,8.505633779439244e-07,0
,"Marion County, IN",18097,36,19924011,0.180686509,18097,36,0,1.8068650935798018e-06,0
,"Jefferson County, KY",21111,36,16168903,0.222649613,21111,36,0,2.2264961327308354e-06,0
,"Santa Clara County, CA",06085,38,39356166,0.096554121,06085,38,0,9.655412064274756e-07,0
,"Sedgwick County, KS",20173,38,10751741,0.353431133,20173,38,0,3.534311326881851e-06,1
,"Anne Arundel County, MD",24003,39,11803239,0.330417778,24003,39,0,3.304177776964442e-06,0
,"Caddo Parish, LA",22017,41,5503499,0.744980602,22017,41,0,7.4498060234043834e-06,1
,"Delaware County, PA",42045,41,12279235,0.333897022,42045,41,0,3.3389702208647365e-06,0
,"Palm Beach County, FL",12099,42,29131805,0.144172323,12099,42,0,1.441723229988667e-06,0
,"Montgomery County, MD",24031,44,21348826,0.206100326,24031,44,0,2.0610032607882046e-06,0
,"Collin County, TX",48085,44,16922693,0.260005899,48085,44,0,2.60005898588363e-06,0
,"Webb County, TX",48479,44,5333013,0.825049554,48479,44,0,8.250495545388695e-06,1
,"Oakland County, MI",26125,46,26803368,0.171620223,26125,46,0,1.716202232495558e-06,0
,"Bexar County, TX",48029,47,37395231,0.125684476,48029,47,0,1.2568447564877992e-06,0
,"Tulsa County, OK",40143,48,13272211,0.361657903,40143,48,0,3.616579031180261e-06,1
,"Montgomery County, PA",42091,48,17502450,0.27424732,42091,48,0,2.7424731966096174e-06,0
,"Davidson County, TN",47037,48,13844641,0.346704548,47037,48,0,3.4670454799080743e-06,1
,"Broward County, FL",12011,50,39322662,0.127153141,12011,50,0,1.2715314136158941e-06,0
,"Fresno County, CA",06019,51,20104141,0.25367908,06019,51,0,2.5367908034469117e-06,0
,"Miami-Dade County, FL",12086,52,55145614,0.094295804,12086,52,0,9.429580383310267e-07,0
,"Milwaukee County, WI",55079,55,20776067,0.264727679,55079,55,0,2.6472767920896675e-06,0
,"Orange County, CA",06059,56,66552938,0.084143543,06059,56,0,8.414354299430027e-07,0
,"District of Columbia, DC",11001,59,13636649,0.432657613,11001,59,0,4.326576125850273e-06,1
,"Sacramento County, CA",06067,60,31037296,0.193315809,06067,60,0,1.9331580947000022e-06,0
,"St. Louis County, MO",29189,65,22070188,0.294514936,29189,65,0,2.9451493571327984e-06,0
,"Queens County, NY",36081,70,49412992,0.141663148,36081,70,0,1.4166314802390433e-06,0
,"Travis County, TX",48453,70,22660747,0.308904203,48453,70,0,3.089042033786441e-06,0
,"Prince George's County, MD",24033,71,19056915,0.372568173,24033,71,0,3.7256817276038647e-06,1
,"New York County, NY",36061,72,35111343,0.205061937,36061,72,0,2.0506193682195525e-06,0
,"Baltimore County, MD",24005,74,17637096,0.419570206,24005,74,0,4.195702058887699e-06,1
,"Hamilton County, OH",39061,78,17928045,0.435072536,39061,78,0,4.350725357951746e-06,1
,"Oklahoma County, OK",40109,80,15944230,0.501748908,40109,80,0,5.017489085393274e-06,1
,"Imperial County, CA",06025,85,3666567,2.318244832,06025,85,0,2.3182448322913505e-05,1
,"Kern County, CA",06029,85,17779879,0.478068495,06029,85,0,4.780684952917846e-06,1
,"Tarrant County, TX",48439,86,39288156,0.218895486,48439,86,0,2.1889548595765096e-06,0
,"El Paso County, TX",48141,92,17093880,0.538204316,48141,92,0,5.382043163986175e-06,1
,"Kings County, NY",36047,93,55487204,0.167606211,36047,93,0,1.6760621061389218e-06,0
,"St. Louis city, MO",29510,107,7073902,1.512602238,29510,107,0,1.5126022384816754e-05,1
,"San Diego County, CA",06073,108,68019091,0.158778952,06073,108,0,1.5877895222092868e-06,0
,"Shelby County, TN",47157,115,20307649,0.566289086,47157,115,0,5.662890864422563e-06,1
,"Jackson County, MO",29095,118,14838911,0.795206602,29095,118,0,7.952066024252049e-06,1
,"Yuma County, AZ",04027,127,4181996,3.036827391,04027,127,0,3.036827390557045e-05,1
,"Pinal County, AZ",04021,128,7247174,1.766205696,04021,128,0,1.766205696178952e-05,1
,"San Bernardino County, CA",06071,132,43974051,0.300177029,06071,132,0,3.0017702940309047e-06,0
,"Mohave County, AZ",04015,174,4237864,4.105842,04015,174,0,4.10584199964888e-05,1
,"Pima County, AZ",04019,182,21113711,0.861999106,04019,182,0,8.61999105699609e-06,1
,"Baltimore city, MD",24510,183,13677336,1.337979852,24510,183,0,1.3379798522168353e-05,1
,"Riverside County, CA",06065,213,46163400,0.461404489,06065,213,0,4.61404489270721e-06,1
,"Dallas County, TX",48113,218,52777962,0.41305119,48113,218,0,4.130511898128996e-06,1
,"Harris County, TX",48201,260,89547003,0.290350309,48201,260,0,2.903503090996803e-06,0
,"Los Angeles County, CA",06037,262,216959825,0.120759684,06037,262,0,1.2075968442544604e-06,0
,"Philadelphia County, PA",42101,354,33701963,1.05038392,42101,354,0,1.0503839197734566e-05,1
,"Cook County, IL",17031,394,115071336,0.342396303,17031,394,0,3.4239630275953346e-06,0
,"Clark County, NV",32003,1005,41488710,2.422345742,32003,1005,0,2.422345741769267e-05,1
,"Maricopa County, AZ",04013,1674,83652934,2.001125268,04013,1674,0,2.001125268361777e-05,1
,"Autauga County, AL",01001,Suppressed,1143294,Suppressed,01001,7,1,6.1226596133627925e-06,1
,"Baldwin County, AL",01003,Suppressed,3987384,Suppressed,01003,9,1,2.2571189531783246e-06,0
,"Blount County, AL",01009,Suppressed,1229334,Suppressed,01009,2,1,1.6268971654570685e-06,0
,"Bullock County, AL",01011,Suppressed,238108,Suppressed,01011,1,1,4.199774892065786e-06,1
,"Calhoun County, AL",01015,Suppressed,2530557,Suppressed,01015,2,1,7.903398342736402e-07,0
,"Chambers County, AL",01017,Suppressed,762379,Suppressed,01017,5,1,6.558417794823834e-06,1
,"Cherokee County, AL",01019,Suppressed,559466,Suppressed,01019,1,1,1.7874187171338383e-06,0
,"Chilton County, AL",01021,Suppressed,939984,Suppressed,01021,2,1,2.127695790566648e-06,0
,"Clarke County, AL",01025,Suppressed,567825,Suppressed,01025,1,1,1.7611059745520186e-06,0
,"Coffee County, AL",01031,Suppressed,1066907,Suppressed,01031,9,1,8.435599354020547e-06,1
,"Colbert County, AL",01033,Suppressed,1200777,Suppressed,01033,2,1,1.6655881983082621e-06,0
,"Conecuh County, AL",01035,Suppressed,288724,Suppressed,01035,1,1,3.4635153295188483e-06,1
,"Coosa County, AL",01037,Suppressed,247566,Suppressed,01037,1,1,4.039326886567622e-06,1
,"Covington County, AL",01039,Suppressed,823507,Suppressed,01039,5,1,6.0715938055171355e-06,1
,"Cullman County, AL",01043,Suppressed,1765568,Suppressed,01043,4,1,2.2655598651538766e-06,0
,"Dale County, AL",01045,Suppressed,1087885,Suppressed,01045,6,1,5.515288840272639e-06,1
,"Dallas County, AL",01047,Suppressed,941217,Suppressed,01047,2,1,2.1249084961278855e-06,0
,"Elmore County, AL",01051,Suppressed,1681462,Suppressed,01051,4,1,2.3788821870491276e-06,0
,"Escambia County, AL",01053,Suppressed,830558,Suppressed,01053,3,1,3.612029503056981e-06,1
,"Etowah County, AL",01055,Suppressed,2274673,Suppressed,01055,8,1,3.5169890353470587e-06,1
,"Fayette County, AL",01057,Suppressed,381962,Suppressed,01057,1,1,2.6180614825558563e-06,0
,"Franklin County, AL",01059,Suppressed,689796,Suppressed,01059,1,1,1.4497039704492344e-06,0
,"Greene County, AL",01063,Suppressed,199894,Suppressed,01063,1,1,5.00265140524478e-06,1
,"Hale County, AL",01065,Suppressed,351082,Suppressed,01065,1,1,2.8483374254447677e-06,0
,"Henry County, AL",01067,Suppressed,373340,Suppressed,01067,1,1,2.6785235977928967e-06,0
,"Houston County, AL",01069,Suppressed,2172484,Suppressed,01069,8,1,3.682420676055612e-06,1
,"Jackson County, AL",01071,Suppressed,1166047,Suppressed,01071,8,1,6.860786915107196e-06,1
,"Lamar County, AL",01075,Suppressed,322037,Suppressed,01075,1,1,3.1052332495955435e-06,0
,"Lauderdale County, AL",01077,Suppressed,2003157,Suppressed,01077,3,1,1.4976359816030396e-06,0
,"Lawrence County, AL",01079,Suppressed,746485,Suppressed,01079,7,1,9.377281526085588e-06,1
,"Limestone County, AL",01083,Suppressed,1796090,Suppressed,01083,1,1,5.56764972802031e-07,0
,"Lowndes County, AL",01085,Suppressed,253625,Suppressed,01085,1,1,3.9428289797930015e-06,1
,"Macon County, AL",01087,Suppressed,464324,Suppressed,01087,1,1,2.1536685590234406e-06,0
,"Madison County, AL",01089,Suppressed,7192406,Suppressed,01089,9,1,1.2513197947946766e-06,0
,"Marengo County, AL",01091,Suppressed,458479,Suppressed,01091,1,1,2.1811249806425157e-06,0
,"Marion County, AL",01093,Suppressed,670164,Suppressed,01093,9,1,1.3429548588106792e-05,1
,"Marshall County, AL",01095,Suppressed,1993871,Suppressed,01095,5,1,2.507684800069814e-06,0
,"Monroe County, AL",01099,Suppressed,501263,Suppressed,01099,1,1,1.9949607291980457e-06,0
,"Montgomery County, AL",01101,Suppressed,4973622,Suppressed,01101,9,1,1.8095464432158295e-06,0
,"Morgan County, AL",01103,Suppressed,2568864,Suppressed,01103,3,1,1.1678313838334765e-06,0
,"Perry County, AL",01105,Suppressed,229560,Suppressed,01105,1,1,4.356159609688099e-06,1
,"Pickens County, AL",01107,Suppressed,443965,Suppressed,01107,1,1,2.252429808656088e-06,0
,"Pike County, AL",01109,Suppressed,702548,Suppressed,01109,4,1,5.69356115169355e-06,1
,"Randolph County, AL",01111,Suppressed,498116,Suppressed,01111,1,1,2.007564503047483e-06,0
,"Russell County, AL",01113,Suppressed,1185660,Suppressed,01113,2,1,1.6868242160484457e-06,0
,"St. Clair County, AL",01115,Suppressed,1751394,Suppressed,01115,9,1,5.138763750475335e-06,1
,"Sumter County, AL",01119,Suppressed,300557,Suppressed,01119,1,1,3.327155913853279e-06,0
,"Talladega County, AL",01121,Suppressed,1784493,Suppressed,01121,1,1,5.603832573173445e-07,0
,"Tallapoosa County, AL",01123,Suppressed,904413,Suppressed,01123,6,1,6.634137280202739e-06,1
,"Tuscaloosa County, AL",01125,Suppressed,4168834,Suppressed,01125,9,1,2.158877038519644e-06,0
,"Walker County, AL",01127,Suppressed,1475039,Suppressed,01127,5,1,3.389740881427542e-06,0
,"Washington County, AL",01129,Suppressed,380030,Suppressed,01129,1,1,2.631371207536247e-06,0
,"Wilcox County, AL",01131,Suppressed,258895,Suppressed,01131,1,1,3.862569767666429e-06,1
,"Winston County, AL",01133,Suppressed,534995,Suppressed,01133,1,1,1.8691763474424994e-06,0
,"Anchorage Borough, AK",02020,Suppressed,6247630,Suppressed,02020,9,1,1.440546255139949e-06,0
,"Bethel Census Area, AK",02050,Suppressed,378210,Suppressed,02050,1,1,2.6440337378704952e-06,0
,"Dillingham Census Area, AK",02070,Suppressed,107749,Suppressed,02070,1,1,9.280828592376728e-06,1
,"Fairbanks North Star Borough, AK",02090,Suppressed,2065626,Suppressed,02090,9,1,4.357032686459214e-06,1
,"Kenai Peninsula Borough, AK",02122,Suppressed,1203197,Suppressed,02122,3,1,2.4933572806448154e-06,0
,"Ketchikan Gateway Borough, AK",02130,Suppressed,300346,Suppressed,02130,1,1,3.3294933177069115e-06,0
,"Matanuska-Susitna Borough, AK",02170,Suppressed,1892709,Suppressed,02170,5,1,2.6417161856365662e-06,0
,"Prince of Wales-Hyder Census Area, AK",02198,Suppressed,44299,Suppressed,02198,1,1,2.2573872999390506e-05,1
,"Sitka Borough, AK",02220,Suppressed,194308,Suppressed,02220,1,1,5.146468493319884e-06,1
,"Southeast Fairbanks Census Area, AK",02240,Suppressed,146257,Suppressed,02240,1,1,6.837279583199436e-06,1
,"Wade Hampton Census Area, AK",02270,Suppressed,167712,Suppressed,02270,1,1,5.962602556763976e-06,1
,"Graham County, AZ",04009,Suppressed,791113,Suppressed,04009,5,1,6.320209628712965e-06,1
,"Santa Cruz County, AZ",04023,Suppressed,977728,Suppressed,04023,7,1,7.1594553904562416e-06,1
,"Arkansas County, AR",05001,Suppressed,421615,Suppressed,05001,1,1,2.3718321217224245e-06,0
,"Ashley County, AR",05003,Suppressed,482187,Suppressed,05003,1,1,2.0738841984541268e-06,0
,"Baxter County, AR",05005,Suppressed,891988,Suppressed,05005,2,1,2.2421826302595997e-06,0
,"Boone County, AR",05009,Suppressed,797986,Suppressed,05009,3,1,3.759464451757299e-06,1
,"Bradley County, AR",05011,Suppressed,255000,Suppressed,05011,1,1,3.92156862745098e-06,1
,"Carroll County, AR",05015,Suppressed,593881,Suppressed,05015,1,1,1.6838390182544988e-06,0
,"Clark County, AR",05019,Suppressed,503232,Suppressed,05019,1,1,1.9871550298868118e-06,0
,"Clay County, AR",05021,Suppressed,352571,Suppressed,05021,1,1,2.836308147862416e-06,0
,"Cleburne County, AR",05023,Suppressed,553499,Suppressed,05023,1,1,1.8066879976296254e-06,0
,"Cleveland County, AR",05025,Suppressed,187592,Suppressed,05025,1,1,5.3307177278348756e-06,1
,"Columbia County, AR",05027,Suppressed,540046,Suppressed,05027,1,1,1.851694114945764e-06,0
,"Conway County, AR",05029,Suppressed,458833,Suppressed,05029,1,1,2.179442193564979e-06,0
,"Craighead County, AR",05031,Suppressed,2106094,Suppressed,05031,3,1,1.4244378456042323e-06,0
,"Crawford County, AR",05033,Suppressed,1313778,Suppressed,05033,7,1,5.328145242194648e-06,1
,"Crittenden County, AR",05035,Suppressed,1097728,Suppressed,05035,3,1,2.7329174440298506e-06,0
,"Cross County, AR",05037,Suppressed,395562,Suppressed,05037,1,1,2.528048700330163e-06,0
,"Dallas County, AR",05039,Suppressed,179018,Suppressed,05039,1,1,5.586030455038041e-06,1
,"Desha County, AR",05041,Suppressed,289347,Suppressed,05041,1,1,3.4560579511797254e-06,1
,"Drew County, AR",05043,Suppressed,408068,Suppressed,05043,1,1,2.45057196349628e-06,0
,"Faulkner County, AR",05045,Suppressed,2400765,Suppressed,05045,6,1,2.4992033789229685e-06,0
,"Franklin County, AR",05047,Suppressed,394635,Suppressed,05047,1,1,2.5339871020056508e-06,0
,"Fulton County, AR",05049,Suppressed,266494,Suppressed,05049,1,1,3.7524296982296037e-06,1
,"Garland County, AR",05051,Suppressed,2084063,Suppressed,05051,3,1,1.4394958309801576e-06,0
,"Grant County, AR",05053,Suppressed,386657,Suppressed,05053,1,1,2.586271553340558e-06,0
,"Greene County, AR",05055,Suppressed,916878,Suppressed,05055,8,1,8.725261157973035e-06,1
,"Hempstead County, AR",05057,Suppressed,496508,Suppressed,05057,1,1,2.0140662386104554e-06,0
,"Hot Spring County, AR",05059,Suppressed,713569,Suppressed,05059,9,1,1.26126555385674e-05,1
,"Howard County, AR",05061,Suppressed,302367,Suppressed,05061,1,1,3.3072392159197265e-06,0
,"Independence County, AR",05063,Suppressed,794573,Suppressed,05063,5,1,6.292688022371764e-06,1
,"Jackson County, AR",05067,Suppressed,390033,Suppressed,05067,1,1,2.5638856199347235e-06,0
,"Jefferson County, AR",05069,Suppressed,1678529,Suppressed,05069,4,1,2.3830389585166536e-06,0
,"Johnson County, AR",05071,Suppressed,551368,Suppressed,05071,1,1,1.813670724452634e-06,0
,"Lafayette County, AR",05073,Suppressed,167017,Suppressed,05073,1,1,5.987414454815977e-06,1
,"Lawrence County, AR",05075,Suppressed,377814,Suppressed,05075,1,1,2.6468050416342432e-06,0
,"Lee County, AR",05077,Suppressed,232888,Suppressed,05077,1,1,4.293909518738621e-06,1
,"Lincoln County, AR",05079,Suppressed,309259,Suppressed,05079,1,1,3.2335356448801813e-06,0
,"Little River County, AR",05081,Suppressed,284567,Suppressed,05081,1,1,3.514110912368616e-06,1
,"Logan County, AR",05083,Suppressed,488680,Suppressed,05083,1,1,2.0463288859785546e-06,0
,"Lonoke County, AR",05085,Suppressed,1437086,Suppressed,05085,3,1,2.0875577383677804e-06,0
,"Madison County, AR",05087,Suppressed,338232,Suppressed,05087,1,1,2.9565505333617163e-06,0
,"Miller County, AR",05091,Suppressed,938791,Suppressed,05091,1,1,1.065199815507392e-06,0
,"Mississippi County, AR",05093,Suppressed,1014140,Suppressed,05093,3,1,2.9581714556175677e-06,0
,"Monroe County, AR",05095,Suppressed,183845,Suppressed,05095,1,1,5.439364682205119e-06,1
,"Montgomery County, AR",05097,Suppressed,202866,Suppressed,05097,1,1,4.929362239113504e-06,1
,"Nevada County, AR",05099,Suppressed,199242,Suppressed,05099,1,1,5.019022093735257e-06,1
,"Newton County, AR",05101,Suppressed,180855,Suppressed,05101,1,1,5.52929142130436e-06,1
,"Ouachita County, AR",05103,Suppressed,570097,Suppressed,05103,1,1,1.7540874623090456e-06,0
,"Perry County, AR",05105,Suppressed,227343,Suppressed,05105,1,1,4.398639940530388e-06,1
,"Phillips County, AR",05107,Suppressed,481678,Suppressed,05107,1,1,2.07607571863361e-06,0
,"Poinsett County, AR",05111,Suppressed,540869,Suppressed,05111,1,1,1.8488765301764382e-06,0
,"Polk County, AR",05113,Suppressed,445570,Suppressed,05113,1,1,2.2443162690486344e-06,0
,"Pope County, AR",05115,Suppressed,1325363,Suppressed,05115,6,1,4.5270616427348585e-06,1
,"Prairie County, AR",05117,Suppressed,192361,Suppressed,05117,1,1,5.1985589594564385e-06,1
,"Randolph County, AR",05121,Suppressed,395022,Suppressed,05121,1,1,2.531504574428766e-06,0
,"St. Francis County, AR",05123,Suppressed,608902,Suppressed,05123,1,1,1.642300403020519e-06,0
,"Saline County, AR",05125,Suppressed,2297833,Suppressed,05125,5,1,2.1759631792214665e-06,0
,"Scott County, AR",05127,Suppressed,238644,Suppressed,05127,1,1,4.190342099529006e-06,1
,"Searcy County, AR",05129,Suppressed,177555,Suppressed,05129,1,1,5.632057672270564e-06,1
,"Sevier County, AR",05133,Suppressed,365470,Suppressed,05133,1,1,2.7362026978958603e-06,0
,"Sharp County, AR",05135,Suppressed,379913,Suppressed,05135,1,1,2.6321815784140054e-06,0
,"Union County, AR",05139,Suppressed,921868,Suppressed,05139,9,1,9.762785995391965e-06,1
,"Van Buren County, AR",05141,Suppressed,368694,Suppressed,05141,1,1,2.7122763050117443e-06,0
,"White County, AR",05145,Suppressed,1643633,Suppressed,05145,4,1,2.4336332989177023e-06,0
,"Woodruff County, AR",05147,Suppressed,164001,Suppressed,05147,1,1,6.097523795586612e-06,1
,"Yell County, AR",05149,Suppressed,473896,Suppressed,05149,1,1,2.1101676317166637e-06,0
,"Amador County, CA",06005,Suppressed,826858,Suppressed,06005,7,1,8.465782516465948e-06,1
,"Butte County, CA",06007,Suppressed,4785059,Suppressed,06007,9,1,1.8808545516366673e-06,0
,"Calaveras County, CA",06009,Suppressed,980291,Suppressed,06009,5,1,5.100526272300776e-06,1
,"Colusa County, CA",06011,Suppressed,457105,Suppressed,06011,1,1,2.187681167346671e-06,0
,"Del Norte County, CA",06015,Suppressed,613889,Suppressed,06015,1,1,1.6289589811838948e-06,0
,"El Dorado County, CA",06017,Suppressed,3908926,Suppressed,06017,9,1,2.302422711506946e-06,0
,"Glenn County, CA",06021,Suppressed,608019,Suppressed,06021,1,1,1.6446854456850855e-06,0
,"Humboldt County, CA",06023,Suppressed,2921490,Suppressed,06023,5,1,1.711455455948848e-06,0
,"Inyo County, CA",06027,Suppressed,402629,Suppressed,06027,1,1,2.483676039232147e-06,0
,"Kings County, CA",06031,Suppressed,3221880,Suppressed,06031,3,1,9.31133375544713e-07,0
,"Lake County, CA",06033,Suppressed,1390977,Suppressed,06033,5,1,3.5945957409791824e-06,1
,"Lassen County, CA",06035,Suppressed,729555,Suppressed,06035,5,1,6.853492882647641e-06,1
,"Marin County, CA",06041,Suppressed,5552041,Suppressed,06041,9,1,1.6210254931474749e-06,0
,"Mariposa County, CA",06043,Suppressed,389298,Suppressed,06043,1,1,2.568726271391068e-06,0
,"Mendocino County, CA",06045,Suppressed,1921486,Suppressed,06045,7,1,3.643013792450218e-06,1
,"Napa County, CA",06055,Suppressed,2961500,Suppressed,06055,9,1,3.0390005065000844e-06,0
,"Nevada County, CA",06057,Suppressed,2142412,Suppressed,06057,4,1,1.8670545161248163e-06,0
,"Plumas County, CA",06063,Suppressed,437398,Suppressed,06063,1,1,2.286247307943795e-06,0
,"San Benito County, CA",06069,Suppressed,1247002,Suppressed,06069,1,1,8.019233329216794e-07,0
,"San Luis Obispo County, CA",06079,Suppressed,5891607,Suppressed,06079,9,1,1.5275967999902234e-06,0
,"Santa Barbara County, CA",06083,Suppressed,9317579,Suppressed,06083,9,1,9.659161462435682e-07,0
,"Santa Cruz County, CA",06087,Suppressed,5774836,Suppressed,06087,9,1,1.558485816740077e-06,0
,"Siskiyou County, CA",06093,Suppressed,970946,Suppressed,06093,5,1,5.149616971489661e-06,1
,"Sonoma County, CA",06097,Suppressed,10579646,Suppressed,06097,9,1,8.506900892525138e-07,0
,"Sutter County, CA",06101,Suppressed,2007457,Suppressed,06101,5,1,2.490713375180639e-06,0
,"Tehama County, CA",06103,Suppressed,1354193,Suppressed,06103,2,1,1.476894357008196e-06,0
,"Tuolumne County, CA",06109,Suppressed,1211872,Suppressed,06109,7,1,5.776187584167305e-06,1
,"Yolo County, CA",06113,Suppressed,4352726,Suppressed,06113,9,1,2.0676697775141372e-06,0
,"Yuba County, CA",06115,Suppressed,1548254,Suppressed,06115,9,1,5.812999675763796e-06,1
,"Adams County, CO",08001,Suppressed,9666228,Suppressed,08001,9,1,9.310767343787049e-07,0
,"Arapahoe County, CO",08005,Suppressed,12582826,Suppressed,08005,9,1,7.152606258721213e-07,0
,"Archuleta County, CO",08007,Suppressed,264332,Suppressed,08007,1,1,3.7831212263365765e-06,1
,"Baca County, CO",08009,Suppressed,85563,Suppressed,08009,1,1,1.1687294741886095e-05,1
,"Boulder County, CO",08013,Suppressed,6641609,Suppressed,08013,9,1,1.3550933215129045e-06,0
,"Broomfield County, CO",08014,Suppressed,1048261,Suppressed,08014,9,1,8.58564803994425e-06,1
,"Douglas County, CO",08035,Suppressed,6057943,Suppressed,08035,9,1,1.4856528032700208e-06,0
,"Eagle County, CO",08037,Suppressed,1098222,Suppressed,08037,3,1,2.7316881286297306e-06,0
,"Fremont County, CO",08043,Suppressed,1032804,Suppressed,08043,8,1,7.745903385347075e-06,1
,"Garfield County, CO",08045,Suppressed,1182695,Suppressed,08045,7,1,5.918685713560977e-06,1
,"Huerfano County, CO",08055,Suppressed,154096,Suppressed,08055,1,1,6.489461115148998e-06,1
,"Jefferson County, CO",08059,Suppressed,11971828,Suppressed,08059,9,1,7.517648933813616e-07,0
,"La Plata County, CO",08067,Suppressed,1115560,Suppressed,08067,5,1,4.482053856359138e-06,1
,"Larimer County, CO",08069,Suppressed,6635679,Suppressed,08069,9,1,1.3563043058592799e-06,0
,"Mesa County, CO",08077,Suppressed,3071684,Suppressed,08077,5,1,1.6277716067147531e-06,0
,"Moffat County, CO",08081,Suppressed,290902,Suppressed,08081,1,1,3.437583791104908e-06,1
,"Morgan County, CO",08087,Suppressed,616321,Suppressed,08087,1,1,1.622531116090479e-06,0
,"Prowers County, CO",08099,Suppressed,283512,Suppressed,08099,1,1,3.5271875617257823e-06,1
,"Pueblo County, CO",08101,Suppressed,3445085,Suppressed,08101,9,1,2.6124174004414983e-06,0
,"Routt County, CO",08107,Suppressed,502621,Suppressed,08107,1,1,1.989570670545003e-06,0
,"Saguache County, CO",08109,Suppressed,138378,Suppressed,08109,1,1,7.226582260185868e-06,1
,"San Miguel County, CO",08113,Suppressed,163579,Suppressed,08113,1,1,6.113254146314624e-06,1
,"Washington County, CO",08121,Suppressed,107277,Suppressed,08121,1,1,9.32166261174343e-06,1
,"Weld County, CO",08123,Suppressed,5537038,Suppressed,08123,9,1,1.6254177775193163e-06,0
,"Fairfield County, CT",09001,Suppressed,20174674,Suppressed,09001,9,1,4.4610386269438605e-07,0
,"Hartford County, CT",09003,Suppressed,19451011,Suppressed,09003,9,1,4.627008848023375e-07,0
,"Litchfield County, CT",09005,Suppressed,4085856,Suppressed,09005,9,1,2.2027208007330657e-06,0
,"Middlesex County, CT",09007,Suppressed,3572683,Suppressed,09007,9,1,2.5191151859820755e-06,0
,"New Haven County, CT",09009,Suppressed,18714508,Suppressed,09009,9,1,4.809103183476691e-07,0
,"New London County, CT",09011,Suppressed,5912579,Suppressed,09011,9,1,1.52217839288067e-06,0
,"Windham County, CT",09015,Suppressed,2539667,Suppressed,09015,8,1,3.150019274180434e-06,0
,"Kent County, DE",10001,Suppressed,3457907,Suppressed,10001,9,1,2.602730495643752e-06,0
,"Sussex County, DE",10005,Suppressed,4293999,Suppressed,10005,9,1,2.095948322298165e-06,0
,"Alachua County, FL",12001,Suppressed,5403085,Suppressed,12001,9,1,1.665715049828015e-06,0
,"Baker County, FL",12003,Suppressed,574145,Suppressed,12003,1,1,1.7417202971374828e-06,0
,"Bay County, FL",12005,Suppressed,3685868,Suppressed,12005,9,1,2.441758630531533e-06,0
,"Charlotte County, FL",12015,Suppressed,3599870,Suppressed,12015,9,1,2.5000902810379265e-06,0
,"Citrus County, FL",12017,Suppressed,3011753,Suppressed,12017,5,1,1.6601627025855041e-06,0
,"Clay County, FL",12019,Suppressed,4058790,Suppressed,12019,9,1,2.217409622079487e-06,0
,"Columbia County, FL",12023,Suppressed,1437944,Suppressed,12023,4,1,2.7817494978942155e-06,0
,"Escambia County, FL",12033,Suppressed,6680374,Suppressed,12033,9,1,1.3472299604782607e-06,0
,"Flagler County, FL",12035,Suppressed,1946054,Suppressed,12035,5,1,2.5693017768263368e-06,0
,"Gadsden County, FL",12039,Suppressed,1005653,Suppressed,12039,6,1,5.966272660649349e-06,1
,"Gilchrist County, FL",12041,Suppressed,362389,Suppressed,12041,1,1,2.759465657070165e-06,0
,"Glades County, FL",12043,Suppressed,277869,Suppressed,12043,1,1,3.5988181481201575e-06,1
,"Hardee County, FL",12049,Suppressed,598285,Suppressed,12049,1,1,1.671444211370835e-06,0
,"Hendry County, FL",12051,Suppressed,847922,Suppressed,12051,3,1,3.538061283938853e-06,1
,"Hernando County, FL",12053,Suppressed,3661115,Suppressed,12053,9,1,2.4582674950117655e-06,0
,"Highlands County, FL",12055,Suppressed,2140361,Suppressed,12055,8,1,3.737687240610346e-06,1
,"Holmes County, FL",12059,Suppressed,429094,Suppressed,12059,1,1,2.330491687136152e-06,0
,"Indian River County, FL",12061,Suppressed,3008524,Suppressed,12061,6,1,1.9943334339363756e-06,0
,"Jackson County, FL",12063,Suppressed,1054985,Suppressed,12063,6,1,5.687284653336303e-06,1
,"Jefferson County, FL",12065,Suppressed,309750,Suppressed,12065,1,1,3.228410008071025e-06,0
,"Leon County, FL",12073,Suppressed,5951232,Suppressed,12073,9,1,1.512291908633372e-06,0
,"Levy County, FL",12075,Suppressed,858034,Suppressed,12075,2,1,2.330909963940823e-06,0
,"Madison County, FL",12079,Suppressed,414430,Suppressed,12079,1,1,2.4129527302560143e-06,0
,"Marion County, FL",12083,Suppressed,7049015,Suppressed,12083,9,1,1.2767741308537433e-06,0
,"Martin County, FL",12085,Suppressed,3215156,Suppressed,12085,6,1,1.866161393101921e-06,0
,"Monroe County, FL",12087,Suppressed,1673329,Suppressed,12087,2,1,1.1952222187029568e-06,0
,"Nassau County, FL",12089,Suppressed,1589835,Suppressed,12089,2,1,1.2579921815785915e-06,0
,"Okaloosa County, FL",12091,Suppressed,4140567,Suppressed,12091,9,1,2.173615352679959e-06,0
,"Osceola County, FL",12097,Suppressed,5964345,Suppressed,12097,9,1,1.5089670366150852e-06,0
,"Pasco County, FL",12101,Suppressed,9995661,Suppressed,12101,9,1,9.00390679515842e-07,0
,"Putnam County, FL",12107,Suppressed,1608335,Suppressed,12107,5,1,3.108805068595784e-06,0
,"St. Johns County, FL",12109,Suppressed,4193106,Suppressed,12109,9,1,2.146380272762005e-06,0
,"St. Lucie County, FL",12111,Suppressed,5867423,Suppressed,12111,9,1,1.5338931588876412e-06,0
,"Santa Rosa County, FL",12113,Suppressed,3332687,Suppressed,12113,9,1,2.700523631532154e-06,0
,"Seminole County, FL",12117,Suppressed,9274450,Suppressed,12117,9,1,9.70407948719331e-07,0
,"Sumter County, FL",12119,Suppressed,2033878,Suppressed,12119,4,1,1.966686300751569e-06,0
,"Suwannee County, FL",12121,Suppressed,896042,Suppressed,12121,6,1,6.696114691052428e-06,1
,"Wakulla County, FL",12129,Suppressed,638107,Suppressed,12129,1,1,1.5671352923569246e-06,0
,"Walton County, FL",12131,Suppressed,1230498,Suppressed,12131,2,1,1.625358188310749e-06,0
,"Washington County, FL",12133,Suppressed,519800,Suppressed,12133,1,1,1.923816852635629e-06,0
,"Appling County, GA",13001,Suppressed,397552,Suppressed,13001,1,1,2.515394212580996e-06,0
,"Atkinson County, GA",13003,Suppressed,179392,Suppressed,13003,1,1,5.574384587941491e-06,1
,"Bacon County, GA",13005,Suppressed,238618,Suppressed,13005,1,1,4.1907986824128945e-06,1
,"Baldwin County, GA",13009,Suppressed,1004375,Suppressed,13009,4,1,3.982576228998133e-06,1
,"Barrow County, GA",13013,Suppressed,1451913,Suppressed,13013,2,1,1.3774930040574057e-06,0
,"Bartow County, GA",13015,Suppressed,2103483,Suppressed,13015,9,1,4.278617892324302e-06,1
,"Ben Hill County, GA",13017,Suppressed,381004,Suppressed,13017,1,1,2.6246443606891268e-06,0
,"Berrien County, GA",13019,Suppressed,402417,Suppressed,13019,1,1,2.4849844812719144e-06,0
,"Bibb County, GA",13021,Suppressed,3391213,Suppressed,13021,9,1,2.6539176394994947e-06,0
,"Bleckley County, GA",13023,Suppressed,275858,Suppressed,13023,1,1,3.6250534695386756e-06,1
,"Brantley County, GA",13025,Suppressed,382953,Suppressed,13025,1,1,2.611286502521197e-06,0
,"Bulloch County, GA",13031,Suppressed,1494649,Suppressed,13031,5,1,3.3452670158679397e-06,0
,"Burke County, GA",13033,Suppressed,501139,Suppressed,13033,1,1,1.995454354979357e-06,0
,"Butts County, GA",13035,Suppressed,501694,Suppressed,13035,1,1,1.99324687957201e-06,0
,"Camden County, GA",13039,Suppressed,1087826,Suppressed,13039,6,1,5.515587970870341e-06,1
,"Candler County, GA",13043,Suppressed,231433,Suppressed,13043,1,1,4.3209049703369874e-06,1
,"Carroll County, GA",13045,Suppressed,2360818,Suppressed,13045,4,1,1.6943279829279512e-06,0
,"Chattooga County, GA",13055,Suppressed,559416,Suppressed,13055,1,1,1.7875784746950391e-06,0
,"Cherokee County, GA",13057,Suppressed,4539692,Suppressed,13057,9,1,1.9825133511260236e-06,0
,"Clarke County, GA",13059,Suppressed,2550146,Suppressed,13059,2,1,7.84268822255667e-07,0
,"Clayton County, GA",13063,Suppressed,5797861,Suppressed,13063,9,1,1.5522966142168637e-06,0
,"Coffee County, GA",13069,Suppressed,908804,Suppressed,13069,9,1,9.903125426384566e-06,1
,"Colquitt County, GA",13071,Suppressed,978828,Suppressed,13071,3,1,3.064889847858868e-06,0
,"Columbia County, GA",13073,Suppressed,2711496,Suppressed,13073,4,1,1.4752004059751517e-06,0
,"Cook County, GA",13075,Suppressed,368581,Suppressed,13075,1,1,2.713107837897233e-06,0
,"Coweta County, GA",13077,Suppressed,2683314,Suppressed,13077,6,1,2.2360409553261376e-06,0
,"Dade County, GA",13083,Suppressed,355639,Suppressed,13083,1,1,2.811840096277405e-06,0
,"Dawson County, GA",13085,Suppressed,471344,Suppressed,13085,1,1,2.1215927220883263e-06,0
,"Decatur County, GA",13087,Suppressed,604692,Suppressed,13087,1,1,1.6537344631647186e-06,0
,"Dooly County, GA",13093,Suppressed,296547,Suppressed,13093,1,1,3.3721467423376394e-06,0
,"Dougherty County, GA",13095,Suppressed,2051606,Suppressed,13095,1,1,4.874230237189792e-07,0
,"Douglas County, GA",13097,Suppressed,2747859,Suppressed,13097,7,1,2.5474378416068655e-06,0
,"Echols County, GA",13101,Suppressed,86522,Suppressed,13101,1,1,1.1557754097223828e-05,1
,"Effingham County, GA",13103,Suppressed,1122074,Suppressed,13103,5,1,4.45603409400806e-06,1
,"Emanuel County, GA",13107,Suppressed,490187,Suppressed,13107,1,1,2.0400377814997135e-06,0
,"Evans County, GA",13109,Suppressed,237718,Suppressed,13109,1,1,4.206665040089518e-06,1
,"Fannin County, GA",13111,Suppressed,510778,Suppressed,13111,1,1,1.9577977125091526e-06,0
,"Fayette County, GA",13113,Suppressed,2307704,Suppressed,13113,3,1,1.2999934133667055e-06,0
,"Floyd County, GA",13115,Suppressed,2094738,Suppressed,13115,1,1,4.773866707912875e-07,0
,"Franklin County, GA",13119,Suppressed,482298,Suppressed,13119,1,1,2.0734068978100674e-06,0
,"Glynn County, GA",13127,Suppressed,1709916,Suppressed,13127,2,1,1.1696480996727325e-06,0
,"Gordon County, GA",13129,Suppressed,1166781,Suppressed,13129,8,1,6.856470922992404e-06,1
,"Habersham County, GA",13137,Suppressed,915572,Suppressed,13137,6,1,6.553280353702385e-06,1
,"Hall County, GA",13139,Suppressed,3865455,Suppressed,13139,9,1,2.328315812756842e-06,0
,"Heard County, GA",13149,Suppressed,253569,Suppressed,13149,1,1,3.943699742476407e-06,1
,"Henry County, GA",13151,Suppressed,4162497,Suppressed,13151,9,1,2.162163720478357e-06,0
,"Houston County, GA",13153,Suppressed,3008639,Suppressed,13153,3,1,9.971286020024337e-07,0
,"Irwin County, GA",13155,Suppressed,210720,Suppressed,13155,1,1,4.745634016704632e-06,1
,"Jackson County, GA",13157,Suppressed,1266815,Suppressed,13157,2,1,1.5787624870245457e-06,0
,"Jefferson County, GA",13163,Suppressed,363820,Suppressed,13163,1,1,2.7486119509647627e-06,0
,"Jenkins County, GA",13165,Suppressed,190150,Suppressed,13165,1,1,5.259006047856955e-06,1
,"Johnson County, GA",13167,Suppressed,211049,Suppressed,13167,1,1,4.7382361442129556e-06,1
,"Jones County, GA",13169,Suppressed,603432,Suppressed,13169,1,1,1.6571875538585954e-06,0
,"Laurens County, GA",13175,Suppressed,1036524,Suppressed,13175,7,1,6.753340974256264e-06,1
,"Liberty County, GA",13179,Suppressed,1388383,Suppressed,13179,6,1,4.321574090146595e-06,1
,"McDuffie County, GA",13189,Suppressed,472133,Suppressed,13189,1,1,2.1180472451618507e-06,0
,"McIntosh County, GA",13191,Suppressed,291473,Suppressed,13191,1,1,3.4308495126478268e-06,0
,"Macon County, GA",13193,Suppressed,307884,Suppressed,13193,1,1,3.247976510633875e-06,0
,"Madison County, GA",13195,Suppressed,612171,Suppressed,13195,1,1,1.6335305004647395e-06,0
,"Marion County, GA",13197,Suppressed,179721,Suppressed,13197,1,1,5.5641800346092e-06,1
,"Muscogee County, GA",13215,Suppressed,4208313,Suppressed,13215,9,1,2.138624194540663e-06,0
,"Newton County, GA",13217,Suppressed,2048900,Suppressed,13217,4,1,1.9522670701351946e-06,0
,"Oconee County, GA",13219,Suppressed,713338,Suppressed,13219,4,1,5.607439951327421e-06,1
,"Paulding County, GA",13223,Suppressed,2894649,Suppressed,13223,3,1,1.0363950862436172e-06,0
,"Peach County, GA",13225,Suppressed,576612,Suppressed,13225,1,1,1.7342684508820488e-06,0
,"Pickens County, GA",13227,Suppressed,629170,Suppressed,13227,1,1,1.589395552871243e-06,0
,"Polk County, GA",13233,Suppressed,895782,Suppressed,13233,6,1,6.698058232918277e-06,1
,"Pulaski County, GA",13235,Suppressed,242887,Suppressed,13235,1,1,4.117140892678488e-06,1
,"Putnam County, GA",13237,Suppressed,456067,Suppressed,13237,1,1,2.1926602889487728e-06,0
,"Rockdale County, GA",13247,Suppressed,1816546,Suppressed,13247,9,1,4.954457525435635e-06,1
,"Seminole County, GA",13253,Suppressed,193402,Suppressed,13253,1,1,5.170577346666528e-06,1
,"Stephens County, GA",13257,Suppressed,565666,Suppressed,13257,1,1,1.7678276580172752e-06,0
,"Sumter County, GA",13261,Suppressed,702210,Suppressed,13261,2,1,2.8481508380683842e-06,0
,"Tattnall County, GA",13267,Suppressed,532325,Suppressed,13267,1,1,1.8785516366881135e-06,0
,"Terrell County, GA",13273,Suppressed,211802,Suppressed,13273,1,1,4.721390732854269e-06,1
,"Thomas County, GA",13275,Suppressed,969421,Suppressed,13275,6,1,6.189261425118705e-06,1
,"Tift County, GA",13277,Suppressed,875151,Suppressed,13277,4,1,4.570639809587145e-06,1
,"Toombs County, GA",13279,Suppressed,589981,Suppressed,13279,1,1,1.6949698380117326e-06,0
,"Towns County, GA",13281,Suppressed,232365,Suppressed,13281,1,1,4.303574118305252e-06,1
,"Troup County, GA",13285,Suppressed,1445843,Suppressed,13285,5,1,3.4581901354434748e-06,1
,"Turner County, GA",13287,Suppressed,192611,Suppressed,13287,1,1,5.191811474941722e-06,1
,"Union County, GA",13291,Suppressed,462656,Suppressed,13291,1,1,2.1614331166136394e-06,0
,"Upson County, GA",13293,Suppressed,594019,Suppressed,13293,1,1,1.6834478358436347e-06,0
,"Walker County, GA",13295,Suppressed,1466594,Suppressed,13295,3,1,2.0455558934510848e-06,0
,"Walton County, GA",13297,Suppressed,1765886,Suppressed,13297,8,1,4.530303768193417e-06,1
,"Ware County, GA",13299,Suppressed,784646,Suppressed,13299,5,1,6.372300374946154e-06,1
,"Warren County, GA",13301,Suppressed,127942,Suppressed,13301,1,1,7.816041643869879e-06,1
,"Washington County, GA",13303,Suppressed,458111,Suppressed,13303,1,1,2.182877075643239e-06,0
,"Wayne County, GA",13305,Suppressed,640088,Suppressed,13305,1,1,1.5622851857869544e-06,0
,"Wheeler County, GA",13309,Suppressed,159858,Suppressed,13309,1,1,6.255551802224474e-06,1
,"Whitfield County, GA",13313,Suppressed,2154121,Suppressed,13313,5,1,2.321132378357576e-06,0
,"Wilcox County, GA",13315,Suppressed,194965,Suppressed,13315,1,1,5.129125740517529e-06,1
,"Wilkes County, GA",13317,Suppressed,226702,Suppressed,13317,1,1,4.411077096805498e-06,1
,"Hawaii County, HI",15001,Suppressed,3954961,Suppressed,15001,9,1,2.2756229454601447e-06,0
,"Maui County, HI",15009,Suppressed,3332215,Suppressed,15009,9,1,2.700906154014672e-06,0
,"Ada County, ID",16001,Suppressed,8577851,Suppressed,16001,9,1,1.0492138415554198e-06,0
,"Bingham County, ID",16011,Suppressed,976561,Suppressed,16011,3,1,3.072004718599248e-06,0
,"Blaine County, ID",16013,Suppressed,466026,Suppressed,16013,1,1,2.1458030238656214e-06,0
,"Bonner County, ID",16017,Suppressed,896828,Suppressed,16017,2,1,2.2300820224167845e-06,0
,"Bonneville County, ID",16019,Suppressed,2225403,Suppressed,16019,2,1,8.987136262510655e-07,0
,"Camas County, ID",16025,Suppressed,23575,Suppressed,16025,1,1,4.241781548250265e-05,1
,"Cassia County, ID",16031,Suppressed,496625,Suppressed,16031,1,1,2.0135917442738485e-06,0
,"Clearwater County, ID",16035,Suppressed,191276,Suppressed,16035,1,1,5.228047428846274e-06,1
,"Elmore County, ID",16039,Suppressed,589952,Suppressed,16039,1,1,1.6950531568669994e-06,0
,"Franklin County, ID",16041,Suppressed,277315,Suppressed,16041,1,1,3.606007608676054e-06,1
,"Gem County, ID",16045,Suppressed,365724,Suppressed,16045,1,1,2.7343023700932945e-06,0
,"Gooding County, ID",16047,Suppressed,328499,Suppressed,16047,1,1,3.0441492972581348e-06,0
,"Kootenai County, ID",16055,Suppressed,3012779,Suppressed,16055,7,1,2.323436269304851e-06,0
,"Lemhi County, ID",16059,Suppressed,171722,Suppressed,16059,1,1,5.823365672424034e-06,1
,"Nez Perce County, ID",16069,Suppressed,858293,Suppressed,16069,3,1,3.4953098766971188e-06,1
,"Owyhee County, ID",16073,Suppressed,248477,Suppressed,16073,1,1,4.0245173597556315e-06,1
,"Payette County, ID",16075,Suppressed,490848,Suppressed,16075,1,1,2.037290566529761e-06,0
,"Shoshone County, ID",16079,Suppressed,283772,Suppressed,16079,1,1,3.5239558518810876e-06,1
,"Teton County, ID",16081,Suppressed,204537,Suppressed,16081,1,1,4.8890909713157035e-06,1
,"Twin Falls County, ID",16083,Suppressed,1667601,Suppressed,16083,7,1,4.197646799204366e-06,1
,"Washington County, ID",16087,Suppressed,221502,Suppressed,16087,1,1,4.514631922059394e-06,1
,"Adams County, IL",17001,Suppressed,1472844,Suppressed,17001,4,1,2.715834127714816e-06,0
,"Alexander County, IL",17003,Suppressed,175821,Suppressed,17003,1,1,5.687602732324352e-06,1
,"Boone County, IL",17007,Suppressed,1118766,Suppressed,17007,4,1,3.5753678606607636e-06,1
,"Bureau County, IL",17011,Suppressed,756664,Suppressed,17011,5,1,6.607952803357897e-06,1
,"Calhoun County, IL",17013,Suppressed,110081,Suppressed,17013,1,1,9.084219801782323e-06,1
,"Cass County, IL",17017,Suppressed,291692,Suppressed,17017,1,1,3.4282736585165175e-06,0
,"Champaign County, IL",17019,Suppressed,4352382,Suppressed,17019,9,1,2.067833200302731e-06,0
,"Christian County, IL",17021,Suppressed,756314,Suppressed,17021,4,1,5.288808616526998e-06,1
,"Clay County, IL",17025,Suppressed,303834,Suppressed,17025,1,1,3.291270891341983e-06,0
,"Clinton County, IL",17027,Suppressed,816683,Suppressed,17027,2,1,2.44893061322447e-06,0
,"Crawford County, IL",17033,Suppressed,433227,Suppressed,17033,1,1,2.308258718870246e-06,0
,"De Witt County, IL",17039,Suppressed,361372,Suppressed,17039,1,1,2.76723155086725e-06,0
,"Douglas County, IL",17041,Suppressed,437278,Suppressed,17041,1,1,2.286874711282068e-06,0
,"DuPage County, IL",17043,Suppressed,20200825,Suppressed,17043,9,1,4.4552635845318197e-07,0
,"Edgar County, IL",17045,Suppressed,405601,Suppressed,17045,1,1,2.46547715612141e-06,0
,"Effingham County, IL",17049,Suppressed,753913,Suppressed,17049,3,1,3.9792389838084764e-06,1
,"Ford County, IL",17053,Suppressed,304927,Suppressed,17053,1,1,3.2794734477432304e-06,0
,"Franklin County, IL",17055,Suppressed,861967,Suppressed,17055,6,1,6.9608233261830206e-06,1
,"Fulton County, IL",17057,Suppressed,806165,Suppressed,17057,6,1,7.442645116074253e-06,1
,"Gallatin County, IL",17059,Suppressed,124342,Suppressed,17059,1,1,8.042334850653843e-06,1
,"Grundy County, IL",17063,Suppressed,1026538,Suppressed,17063,3,1,2.9224441764454897e-06,0
,"Henry County, IL",17073,Suppressed,1101910,Suppressed,17073,5,1,4.537575664074199e-06,1
,"Iroquois County, IL",17075,Suppressed,649565,Suppressed,17075,1,1,1.5394918137522803e-06,0
,"Jefferson County, IL",17081,Suppressed,857070,Suppressed,17081,3,1,3.5002975252896497e-06,1
,"Johnson County, IL",17087,Suppressed,279617,Suppressed,17087,1,1,3.5763204669244e-06,1
,"Kankakee County, IL",17091,Suppressed,2407038,Suppressed,17091,3,1,1.2463450930147344e-06,0
,"Kendall County, IL",17093,Suppressed,2215606,Suppressed,17093,1,1,4.51343785853622e-07,0
,"Knox County, IL",17095,Suppressed,1159816,Suppressed,17095,8,1,6.897645833477034e-06,1
,"Lake County, IL",17097,Suppressed,15138115,Suppressed,17097,9,1,5.94525804566817e-07,0
,"LaSalle County, IL",17099,Suppressed,2459528,Suppressed,17099,3,1,1.2197462277314998e-06,0
,"Lee County, IL",17103,Suppressed,776884,Suppressed,17103,3,1,3.8615803646361615e-06,1
,"Livingston County, IL",17105,Suppressed,841446,Suppressed,17105,3,1,3.5652911773304526e-06,1
,"Logan County, IL",17107,Suppressed,663263,Suppressed,17107,2,1,3.0153950996814237e-06,0
,"McDonough County, IL",17109,Suppressed,705487,Suppressed,17109,6,1,8.504763376220965e-06,1
,"McHenry County, IL",17111,Suppressed,6528920,Suppressed,17111,9,1,1.3784821991998677e-06,0
,"McLean County, IL",17113,Suppressed,3643645,Suppressed,17113,9,1,2.470054025570548e-06,0
,"Macon County, IL",17115,Suppressed,2413369,Suppressed,17115,2,1,8.287170341543295e-07,0
,"Macoupin County, IL",17117,Suppressed,1041565,Suppressed,17117,2,1,1.9201874102912444e-06,0
,"Marion County, IL",17121,Suppressed,866778,Suppressed,17121,6,1,6.922187688196978e-06,1
,"Marshall County, IL",17123,Suppressed,273875,Suppressed,17123,1,1,3.651300775901415e-06,1
,"Mason County, IL",17125,Suppressed,323410,Suppressed,17125,1,1,3.092050338579512e-06,0
,"Massac County, IL",17127,Suppressed,329878,Suppressed,17127,1,1,3.0314237384730114e-06,0
,"Monroe County, IL",17133,Suppressed,705192,Suppressed,17133,4,1,5.67221409204869e-06,1
,"Morgan County, IL",17137,Suppressed,778061,Suppressed,17137,7,1,8.996723907251489e-06,1
,"Ogle County, IL",17141,Suppressed,1146877,Suppressed,17141,5,1,4.359665421836867e-06,1
,"Pike County, IL",17149,Suppressed,361692,Suppressed,17149,1,1,2.7647832962852372e-06,0
,"Randolph County, IL",17157,Suppressed,729228,Suppressed,17157,3,1,4.1139396731886325e-06,1
,"Richland County, IL",17159,Suppressed,353821,Suppressed,17159,1,1,2.826287868724581e-06,0
,"Rock Island County, IL",17161,Suppressed,3226067,Suppressed,17161,6,1,1.8598497799332749e-06,0
,"Saline County, IL",17165,Suppressed,551891,Suppressed,17165,1,1,1.811951997767675e-06,0
,"Sangamon County, IL",17167,Suppressed,4283147,Suppressed,17167,9,1,2.101258724017644e-06,0
,"Scott County, IL",17171,Suppressed,116371,Suppressed,17171,1,1,8.59320621116945e-06,1
,"Shelby County, IL",17173,Suppressed,489078,Suppressed,17173,1,1,2.044663632385836e-06,0
,"Tazewell County, IL",17179,Suppressed,2913989,Suppressed,17179,2,1,6.863443890831435e-07,0
,"Union County, IL",17181,Suppressed,388916,Suppressed,17181,1,1,2.5712493186189304e-06,0
,"Vermilion County, IL",17183,Suppressed,1779071,Suppressed,17183,5,1,2.8104555692268605e-06,0
,"Warren County, IL",17187,Suppressed,390980,Suppressed,17187,1,1,2.557675584428871e-06,0
,"Washington County, IL",17189,Suppressed,322163,Suppressed,17189,1,1,3.1040187731055395e-06,0
,"White County, IL",17193,Suppressed,321687,Suppressed,17193,1,1,3.108611787234175e-06,0
,"Williamson County, IL",17199,Suppressed,1433945,Suppressed,17199,4,1,2.789507268409876e-06,0
,"Winnebago County, IL",17201,Suppressed,6311033,Suppressed,17201,9,1,1.4260739882044666e-06,0
,"Woodford County, IL",17203,Suppressed,831297,Suppressed,17203,3,1,3.6088185089083686e-06,1
,"Adams County, IN",18001,Suppressed,757579,Suppressed,18001,6,1,7.91996610254508e-06,1
,"Allen County, IN",18003,Suppressed,7808724,Suppressed,18003,9,1,1.152557063100194e-06,0
,"Bartholomew County, IN",18005,Suppressed,1696514,Suppressed,18005,8,1,4.715552008412545e-06,1
,"Blackford County, IN",18009,Suppressed,282784,Suppressed,18009,1,1,3.5362679642412585e-06,1
,"Boone County, IN",18011,Suppressed,1247451,Suppressed,18011,9,1,7.21471224120226e-06,1
,"Brown County, IN",18013,Suppressed,333310,Suppressed,18013,1,1,3.0002100147010292e-06,0
,"Cass County, IN",18017,Suppressed,859236,Suppressed,18017,6,1,6.982947641858581e-06,1
,"Clark County, IN",18019,Suppressed,2379400,Suppressed,18019,4,1,1.6810960746406657e-06,0
,"Clay County, IN",18021,Suppressed,586718,Suppressed,18021,1,1,1.7043963198674662e-06,0
,"Clinton County, IN",18023,Suppressed,727287,Suppressed,18023,3,1,4.124919048463674e-06,1
,"Dearborn County, IN",18029,Suppressed,1074331,Suppressed,18029,3,1,2.792435478451241e-06,0
,"Delaware County, IN",18035,Suppressed,2581119,Suppressed,18035,5,1,1.937144316089262e-06,0
,"Dubois County, IN",18037,Suppressed,915862,Suppressed,18037,4,1,4.367470208393841e-06,1
,"Elkhart County, IN",18039,Suppressed,4317023,Suppressed,18039,9,1,2.0847699908015317e-06,0
,"Floyd County, IN",18043,Suppressed,1635696,Suppressed,18043,8,1,4.890884369711731e-06,1
,"Franklin County, IN",18047,Suppressed,501889,Suppressed,18047,1,1,1.9924724391249857e-06,0
,"Gibson County, IN",18051,Suppressed,732747,Suppressed,18051,4,1,5.4589101013037245e-06,1
,"Grant County, IN",18053,Suppressed,1532989,Suppressed,18053,4,1,2.609281606065014e-06,0
,"Greene County, IN",18055,Suppressed,722112,Suppressed,18055,4,1,5.539306921917929e-06,1
,"Hancock County, IN",18059,Suppressed,1488779,Suppressed,18059,8,1,5.373530927021405e-06,1
,"Harrison County, IN",18061,Suppressed,839433,Suppressed,18061,6,1,7.147681828091104e-06,1
,"Hendricks County, IN",18063,Suppressed,3102619,Suppressed,18063,6,1,1.9338500795618155e-06,0
,"Howard County, IN",18067,Suppressed,1835550,Suppressed,18067,4,1,2.1791833510391982e-06,0
,"Huntington County, IN",18069,Suppressed,818099,Suppressed,18069,8,1,9.77876760636549e-06,1
,"Jackson County, IN",18071,Suppressed,936722,Suppressed,18071,1,1,1.067552592978493e-06,0
,"Jasper County, IN",18073,Suppressed,714812,Suppressed,18073,8,1,1.1191753915714902e-05,1
,"Jennings County, IN",18079,Suppressed,616492,Suppressed,18079,1,1,1.6220810651233106e-06,0
,"Johnson County, IN",18081,Suppressed,3027882,Suppressed,18081,5,1,1.6513193050455731e-06,0
,"Knox County, IN",18083,Suppressed,840065,Suppressed,18083,4,1,4.761536309690321e-06,1
,"Kosciusko County, IN",18085,Suppressed,1694587,Suppressed,18085,5,1,2.950571437170237e-06,0
,"Lagrange County, IN",18087,Suppressed,820970,Suppressed,18087,6,1,7.3084278353654825e-06,1
,"La Porte County, IN",18091,Suppressed,2427765,Suppressed,18091,1,1,4.1190148140367785e-07,0
,"Lawrence County, IN",18093,Suppressed,1010287,Suppressed,18093,8,1,7.918541958869114e-06,1
,"Madison County, IN",18095,Suppressed,2882779,Suppressed,18095,5,1,1.7344374993712664e-06,0
,"Martin County, IN",18101,Suppressed,226142,Suppressed,18101,1,1,4.4220003360720255e-06,1
,"Monroe County, IN",18105,Suppressed,2982769,Suppressed,18105,4,1,1.341035795933242e-06,0
,"Montgomery County, IN",18107,Suppressed,837896,Suppressed,18107,2,1,2.386931074978279e-06,0
,"Morgan County, IN",18109,Suppressed,1512267,Suppressed,18109,5,1,3.306294457261846e-06,0
,"Orange County, IN",18117,Suppressed,431768,Suppressed,18117,1,1,2.3160586240758924e-06,0
,"Perry County, IN",18123,Suppressed,422242,Suppressed,18123,1,1,2.3683101159998294e-06,0
,"Porter County, IN",18127,Suppressed,3541977,Suppressed,18127,9,1,2.54095382324617e-06,0
,"Posey County, IN",18129,Suppressed,573392,Suppressed,18129,1,1,1.7440075899210313e-06,0
,"Putnam County, IN",18133,Suppressed,823658,Suppressed,18133,5,1,6.0704807092264025e-06,1
,"Rush County, IN",18139,Suppressed,382589,Suppressed,18139,1,1,2.6137709134345212e-06,0
,"St. Joseph County, IN",18141,Suppressed,5877318,Suppressed,18141,9,1,1.5313107100891938e-06,0
,"Scott County, IN",18143,Suppressed,522407,Suppressed,18143,1,1,1.9142163102714934e-06,0
,"Shelby County, IN",18145,Suppressed,971018,Suppressed,18145,4,1,4.119388106090721e-06,1
,"Spencer County, IN",18147,Suppressed,454746,Suppressed,18147,1,1,2.199029788057509e-06,0
,"Starke County, IN",18149,Suppressed,510941,Suppressed,18149,1,1,1.9571731374072547e-06,0
,"Sullivan County, IN",18153,Suppressed,469207,Suppressed,18153,1,1,2.131255501303263e-06,0
,"Tippecanoe County, IN",18157,Suppressed,3776727,Suppressed,18157,9,1,2.3830157700040273e-06,0
,"Vanderburgh County, IN",18163,Suppressed,3920540,Suppressed,18163,9,1,2.2956021364403883e-06,0
,"Vigo County, IN",18167,Suppressed,2351139,Suppressed,18167,6,1,2.5519546058314715e-06,0
,"Wabash County, IN",18169,Suppressed,725526,Suppressed,18169,4,1,5.513241427598735e-06,1
,"Warrick County, IN",18173,Suppressed,1286591,Suppressed,18173,9,1,6.9952300303670705e-06,1
,"Washington County, IN",18175,Suppressed,613362,Suppressed,18175,1,1,1.6303585810663198e-06,0
,"Wayne County, IN",18177,Suppressed,1509857,Suppressed,18177,6,1,3.973886268699619e-06,1
,"Adams County, IA",19003,Suppressed,88990,Suppressed,19003,1,1,1.1237217664906169e-05,1
,"Appanoose County, IA",19007,Suppressed,285508,Suppressed,19007,1,1,3.5025288258122366e-06,1
,"Audubon County, IA",19009,Suppressed,134260,Suppressed,19009,1,1,7.448234768359898e-06,1
,"Benton County, IA",19011,Suppressed,567766,Suppressed,19011,1,1,1.7612889817283881e-06,0
,"Black Hawk County, IA",19013,Suppressed,2859004,Suppressed,19013,7,1,2.4484051089120546e-06,0
,"Boone County, IA",19015,Suppressed,579734,Suppressed,19015,1,1,1.724929019170861e-06,0
,"Buena Vista County, IA",19021,Suppressed,443674,Suppressed,19021,1,1,2.253907148041129e-06,0
,"Butler County, IA",19023,Suppressed,327461,Suppressed,19023,1,1,3.053798772983653e-06,0
,"Carroll County, IA",19027,Suppressed,456511,Suppressed,19027,1,1,2.1905277200330332e-06,0
,"Cedar County, IA",19031,Suppressed,404092,Suppressed,19031,1,1,2.4746839828553893e-06,0
,"Chickasaw County, IA",19037,Suppressed,274143,Suppressed,19037,1,1,3.647731293521994e-06,1
,"Clarke County, IA",19039,Suppressed,203687,Suppressed,19039,1,1,4.9094934875568885e-06,1
,"Clay County, IA",19041,Suppressed,366786,Suppressed,19041,1,1,2.726385412747488e-06,0
,"Clinton County, IA",19045,Suppressed,1070625,Suppressed,19045,2,1,1.8680677174547576e-06,0
,"Dallas County, IA",19049,Suppressed,1453174,Suppressed,19049,4,1,2.752595353343784e-06,0
,"Des Moines County, IA",19057,Suppressed,888370,Suppressed,19057,4,1,4.502628409333949e-06,1
,"Dubuque County, IA",19061,Suppressed,2054628,Suppressed,19061,6,1,2.9202366559786006e-06,0
,"Floyd County, IA",19067,Suppressed,357656,Suppressed,19067,1,1,2.7959827320106472e-06,0
,"Fremont County, IA",19071,Suppressed,162431,Suppressed,19071,1,1,6.156460281596493e-06,1
,"Guthrie County, IA",19077,Suppressed,241590,Suppressed,19077,1,1,4.139244174013825e-06,1
,"Hamilton County, IA",19079,Suppressed,344849,Suppressed,19079,1,1,2.8998199211828946e-06,0
,"Henry County, IA",19087,Suppressed,443587,Suppressed,19087,1,1,2.254349203200274e-06,0
,"Iowa County, IA",19095,Suppressed,355776,Suppressed,19095,1,1,2.810757330455118e-06,0
,"Jackson County, IA",19097,Suppressed,435990,Suppressed,19097,1,1,2.2936305878575197e-06,0
,"Jasper County, IA",19099,Suppressed,815990,Suppressed,19099,8,1,9.804041716197502e-06,1
,"Johnson County, IA",19103,Suppressed,2886749,Suppressed,19103,2,1,6.928208860555593e-07,0
,"Jones County, IA",19105,Suppressed,451926,Suppressed,19105,1,1,2.2127516451808484e-06,0
,"Kossuth County, IA",19109,Suppressed,346997,Suppressed,19109,1,1,2.881869295699963e-06,0
,"Lee County, IA",19111,Suppressed,787661,Suppressed,19111,2,1,2.5391634218274105e-06,0
,"Linn County, IA",19113,Suppressed,4615350,Suppressed,19113,9,1,1.950014625109688e-06,0
,"Madison County, IA",19121,Suppressed,337103,Suppressed,19121,1,1,2.966452389922368e-06,0
,"Mahaska County, IA",19123,Suppressed,491265,Suppressed,19123,1,1,2.03556125512707e-06,0
,"Marshall County, IA",19127,Suppressed,880532,Suppressed,19127,8,1,9.085416543634985e-06,1
,"Mills County, IA",19129,Suppressed,327469,Suppressed,19129,1,1,3.0537241693106828e-06,0
,"Monona County, IA",19133,Suppressed,204524,Suppressed,19133,1,1,4.889401732803974e-06,1
,"Page County, IA",19145,Suppressed,351240,Suppressed,19145,1,1,2.8470561439471587e-06,0
,"Plymouth County, IA",19149,Suppressed,549080,Suppressed,19149,1,1,1.821228236322576e-06,0
,"Pocahontas County, IA",19151,Suppressed,165202,Suppressed,19151,1,1,6.053195481894892e-06,1
,"Pottawattamie County, IA",19155,Suppressed,2012471,Suppressed,19155,3,1,1.4907047107759566e-06,0
,"Poweshiek County, IA",19157,Suppressed,413573,Suppressed,19157,1,1,2.4179528160687472e-06,0
,"Sac County, IA",19161,Suppressed,229954,Suppressed,19161,1,1,4.348695826121746e-06,1
,"Scott County, IA",19163,Suppressed,3632979,Suppressed,19163,9,1,2.477305814319323e-06,0
,"Story County, IA",19169,Suppressed,1958495,Suppressed,19169,6,1,3.063576879185293e-06,0
,"Wapello County, IA",19179,Suppressed,780619,Suppressed,19179,5,1,6.405173330395494e-06,1
,"Warren County, IA",19181,Suppressed,1010452,Suppressed,19181,8,1,7.917248914347242e-06,1
,"Webster County, IA",19187,Suppressed,836071,Suppressed,19187,2,1,2.392141337278772e-06,0
,"Woodbury County, IA",19193,Suppressed,2249772,Suppressed,19193,2,1,8.889789720913942e-07,0
,"Wright County, IA",19197,Suppressed,292980,Suppressed,19197,1,1,3.413202266366305e-06,0
,"Allen County, KS",20001,Suppressed,293935,Suppressed,20001,1,1,3.4021127119941482e-06,0
,"Atchison County, KS",20005,Suppressed,366699,Suppressed,20005,1,1,2.7270322526104516e-06,0
,"Barton County, KS",20009,Suppressed,600328,Suppressed,20009,1,1,1.6657560533574978e-06,0
,"Bourbon County, KS",20011,Suppressed,329258,Suppressed,20011,1,1,3.0371319755328648e-06,0
,"Butler County, KS",20015,Suppressed,1413695,Suppressed,20015,5,1,3.5368307874046384e-06,1
,"Chautauqua County, KS",20019,Suppressed,82223,Suppressed,20019,1,1,1.2162047115770527e-05,1
,"Cherokee County, KS",20021,Suppressed,469455,Suppressed,20021,1,1,2.130129618387279e-06,0
,"Clay County, KS",20027,Suppressed,185309,Suppressed,20027,1,1,5.396391972327302e-06,1
,"Cloud County, KS",20029,Suppressed,208707,Suppressed,20029,1,1,4.791406133958133e-06,1
,"Cowley County, KS",20035,Suppressed,791170,Suppressed,20035,9,1,1.1375557718315912e-05,1
,"Crawford County, KS",20037,Suppressed,855131,Suppressed,20037,4,1,4.6776458811573895e-06,1
,"Decatur County, KS",20039,Suppressed,67306,Suppressed,20039,1,1,1.4857516417555642e-05,1
,"Dickinson County, KS",20041,Suppressed,424089,Suppressed,20041,1,1,2.3579956094121753e-06,0
,"Douglas County, KS",20045,Suppressed,2442797,Suppressed,20045,4,1,1.637467214836108e-06,0
,"Edwards County, KS",20047,Suppressed,67699,Suppressed,20047,1,1,1.477126693156472e-05,1
,"Ellis County, KS",20051,Suppressed,621256,Suppressed,20051,1,1,1.6096424018440063e-06,0
,"Finney County, KS",20055,Suppressed,819475,Suppressed,20055,6,1,7.32176088349248e-06,1
,"Ford County, KS",20057,Suppressed,731330,Suppressed,20057,8,1,1.0938974197694612e-05,1
,"Franklin County, KS",20059,Suppressed,562123,Suppressed,20059,1,1,1.7789700830601131e-06,0
,"Geary County, KS",20061,Suppressed,695609,Suppressed,20061,8,1,1.150071376304792e-05,1
,"Grant County, KS",20067,Suppressed,169564,Suppressed,20067,1,1,5.897478238305301e-06,1
,"Greenwood County, KS",20073,Suppressed,149129,Suppressed,20073,1,1,6.7056038731567974e-06,1
,"Harvey County, KS",20079,Suppressed,750028,Suppressed,20079,9,1,1.199955201672471e-05,1
,"Hodgeman County, KS",20083,Suppressed,43258,Suppressed,20083,1,1,2.311711128577373e-05,1
,"Jackson County, KS",20085,Suppressed,290223,Suppressed,20085,1,1,3.445626294263377e-06,1
,"Jefferson County, KS",20087,Suppressed,415852,Suppressed,20087,1,1,2.4047016727104834e-06,0
,"Kingman County, KS",20095,Suppressed,174578,Suppressed,20095,1,1,5.728098614945755e-06,1
,"Kiowa County, KS",20097,Suppressed,60733,Suppressed,20097,1,1,1.646551298305699e-05,1
,"Labette County, KS",20099,Suppressed,470676,Suppressed,20099,1,1,2.1246037613984993e-06,0
,"Leavenworth County, KS",20103,Suppressed,1662505,Suppressed,20103,1,1,6.015019503700741e-07,0
,"Lyon County, KS",20111,Suppressed,760450,Suppressed,20111,2,1,2.630021697679006e-06,0
,"McPherson County, KS",20113,Suppressed,640927,Suppressed,20113,1,1,1.56024008974501e-06,0
,"Miami County, KS",20121,Suppressed,697139,Suppressed,20121,6,1,8.606604995560426e-06,1
,"Montgomery County, KS",20125,Suppressed,758661,Suppressed,20125,8,1,1.0544894228120333e-05,1
,"Morris County, KS",20127,Suppressed,128309,Suppressed,20127,1,1,7.793685555962559e-06,1
,"Morton County, KS",20129,Suppressed,69076,Suppressed,20129,1,1,1.4476808153338353e-05,1
,"Neosho County, KS",20133,Suppressed,362377,Suppressed,20133,1,1,2.759557035904597e-06,0
,"Ness County, KS",20135,Suppressed,68516,Suppressed,20135,1,1,1.4595131064276958e-05,1
,"Osage County, KS",20139,Suppressed,358862,Suppressed,20139,1,1,2.786586487284806e-06,0
,"Phillips County, KS",20147,Suppressed,123036,Suppressed,20147,1,1,8.127702461068304e-06,1
,"Pottawatomie County, KS",20149,Suppressed,468672,Suppressed,20149,1,1,2.133688379079612e-06,0
,"Reno County, KS",20155,Suppressed,1402800,Suppressed,20155,3,1,2.13857998289136e-06,0
,"Rice County, KS",20159,Suppressed,222660,Suppressed,20159,1,1,4.491152429713465e-06,1
,"Riley County, KS",20161,Suppressed,1531044,Suppressed,20161,3,1,1.9594472791115084e-06,0
,"Rooks County, KS",20163,Suppressed,115631,Suppressed,20163,1,1,8.648199877195562e-06,1
,"Russell County, KS",20167,Suppressed,153945,Suppressed,20167,1,1,6.49582643151775e-06,1
,"Saline County, KS",20169,Suppressed,1203975,Suppressed,20169,7,1,5.814074212504412e-06,1
,"Seward County, KS",20175,Suppressed,496320,Suppressed,20175,1,1,2.014829142488717e-06,0
,"Sheridan County, KS",20179,Suppressed,57126,Suppressed,20179,1,1,1.75051640233869e-05,1
,"Washington County, KS",20201,Suppressed,128688,Suppressed,20201,1,1,7.770732313813253e-06,1
,"Wilson County, KS",20205,Suppressed,207037,Suppressed,20205,1,1,4.830054531315659e-06,1
,"Adair County, KY",21001,Suppressed,407505,Suppressed,21001,1,1,2.4539576201519e-06,0
,"Allen County, KY",21003,Suppressed,433073,Suppressed,21003,1,1,2.3090795316263076e-06,0
,"Barren County, KY",21009,Suppressed,915623,Suppressed,21009,1,1,1.0921525562376655e-06,0
,"Bath County, KY",21011,Suppressed,258910,Suppressed,21011,1,1,3.86234598895369e-06,1
,"Bell County, KY",21013,Suppressed,623171,Suppressed,21013,1,1,1.604695982322669e-06,0
,"Boone County, KY",21015,Suppressed,2512429,Suppressed,21015,4,1,1.5920847912518125e-06,0
,"Boyd County, KY",21019,Suppressed,1075312,Suppressed,21019,5,1,4.649813263499338e-06,1
,"Boyle County, KY",21021,Suppressed,630856,Suppressed,21021,1,1,1.5851477991807955e-06,0
,"Bracken County, KY",21023,Suppressed,184853,Suppressed,21023,1,1,5.409703926904081e-06,1
,"Breckinridge County, KY",21027,Suppressed,434263,Suppressed,21027,1,1,2.3027520189378328e-06,0
,"Bullitt County, KY",21029,Suppressed,1599571,Suppressed,21029,5,1,3.125838115344677e-06,0
,"Caldwell County, KY",21033,Suppressed,282416,Suppressed,21033,1,1,3.5408758710554642e-06,1
,"Campbell County, KY",21037,Suppressed,1985964,Suppressed,21037,7,1,3.52473660146911e-06,1
,"Carroll County, KY",21041,Suppressed,233370,Suppressed,21041,1,1,4.285040922140806e-06,1
,"Christian County, KY",21047,Suppressed,1597574,Suppressed,21047,4,1,2.50379638126309e-06,0
,"Clark County, KY",21049,Suppressed,770645,Suppressed,21049,6,1,7.785686016259108e-06,1
,"Clay County, KY",21051,Suppressed,485723,Suppressed,21051,1,1,2.058786592358196e-06,0
,"Cumberland County, KY",21057,Suppressed,151808,Suppressed,21057,1,1,6.587268128161888e-06,1
,"Daviess County, KY",21059,Suppressed,2117131,Suppressed,21059,6,1,2.834023969230057e-06,0
,"Edmonson County, KY",21061,Suppressed,264001,Suppressed,21061,1,1,3.7878644399074247e-06,1
,"Elliott County, KY",21063,Suppressed,160563,Suppressed,21063,1,1,6.2280849261660535e-06,1
,"Fayette County, KY",21067,Suppressed,6458957,Suppressed,21067,9,1,1.3934138282697966e-06,0
,"Fleming County, KY",21069,Suppressed,315141,Suppressed,21069,1,1,3.173182797541418e-06,0
,"Floyd County, KY",21071,Suppressed,864167,Suppressed,21071,5,1,5.785918693956145e-06,1
,"Franklin County, KY",21073,Suppressed,1085132,Suppressed,21073,6,1,5.5292812303019355e-06,1
,"Fulton County, KY",21075,Suppressed,149565,Suppressed,21075,1,1,6.6860562297328925e-06,1
,"Gallatin County, KY",21077,Suppressed,184864,Suppressed,21077,1,1,5.4093820321966415e-06,1
,"Garrard County, KY",21079,Suppressed,364730,Suppressed,21079,1,1,2.7417541743207305e-06,0
,"Grant County, KY",21081,Suppressed,534117,Suppressed,21081,1,1,1.8722489641782606e-06,0
,"Graves County, KY",21083,Suppressed,816094,Suppressed,21083,3,1,3.676047122022708e-06,1
,"Grayson County, KY",21085,Suppressed,560908,Suppressed,21085,1,1,1.782823564648748e-06,0
,"Hardin County, KY",21093,Suppressed,2249267,Suppressed,21093,2,1,8.891785635053553e-07,0
,"Harrison County, KY",21097,Suppressed,407671,Suppressed,21097,1,1,2.4529583904668224e-06,0
,"Hart County, KY",21099,Suppressed,400583,Suppressed,21099,1,1,2.4963615530364492e-06,0
,"Henderson County, KY",21101,Suppressed,1005207,Suppressed,21101,2,1,1.989639944807388e-06,0
,"Henry County, KY",21103,Suppressed,341128,Suppressed,21103,1,1,2.9314509509626885e-06,0
,"Hickman County, KY",21105,Suppressed,107061,Suppressed,21105,1,1,9.340469451994658e-06,1
,"Hopkins County, KY",21107,Suppressed,1018966,Suppressed,21107,3,1,2.944161041683432e-06,0
,"Jessamine County, KY",21113,Suppressed,1040125,Suppressed,21113,5,1,4.807114529503665e-06,1
,"Johnson County, KY",21115,Suppressed,508630,Suppressed,21115,1,1,1.9660657059158918e-06,0
,"Kenton County, KY",21117,Suppressed,3501186,Suppressed,21117,9,1,2.5705575196519123e-06,0
,"Knott County, KY",21119,Suppressed,359898,Suppressed,21119,1,1,2.7785650378718414e-06,0
,"Knox County, KY",21121,Suppressed,694565,Suppressed,21121,8,1,1.151800047511752e-05,1
,"Laurel County, KY",21125,Suppressed,1272613,Suppressed,21125,7,1,5.500493865770662e-06,1
,"Lawrence County, KY",21127,Suppressed,345639,Suppressed,21127,1,1,2.8931920298345963e-06,0
,"Letcher County, KY",21133,Suppressed,525252,Suppressed,21133,1,1,1.9038480576942115e-06,0
,"Lincoln County, KY",21137,Suppressed,535903,Suppressed,21137,1,1,1.8660093337786876e-06,0
,"Logan County, KY",21141,Suppressed,589591,Suppressed,21141,1,1,1.6960910190284451e-06,0
,"McCracken County, KY",21145,Suppressed,1433794,Suppressed,21145,7,1,4.88215182934229e-06,1
,"McLean County, KY",21149,Suppressed,210993,Suppressed,21149,1,1,4.739493727280052e-06,1
,"Madison County, KY",21151,Suppressed,1814819,Suppressed,21151,4,1,2.2040765497826506e-06,0
,"Magoffin County, KY",21153,Suppressed,286261,Suppressed,21153,1,1,3.493315540712846e-06,1
,"Martin County, KY",21159,Suppressed,275569,Suppressed,21159,1,1,3.6288552050484635e-06,1
,"Mason County, KY",21161,Suppressed,376861,Suppressed,21161,1,1,2.653498239403918e-06,0
,"Meade County, KY",21163,Suppressed,629809,Suppressed,21163,1,1,1.5877829627712528e-06,0
,"Mercer County, KY",21167,Suppressed,468143,Suppressed,21167,1,1,2.136099439701117e-06,0
,"Monroe County, KY",21171,Suppressed,243409,Suppressed,21171,1,1,4.108311525046321e-06,1
,"Montgomery County, KY",21173,Suppressed,568652,Suppressed,21173,1,1,1.75854476903273e-06,0
,"Morgan County, KY",21175,Suppressed,302890,Suppressed,21175,1,1,3.3015286077453862e-06,0
,"Nelson County, KY",21179,Suppressed,935894,Suppressed,21179,4,1,4.273988293546064e-06,1
,"Ohio County, KY",21183,Suppressed,522244,Suppressed,21183,1,1,1.9148137652131954e-06,0
,"Oldham County, KY",21185,Suppressed,1285594,Suppressed,21185,4,1,3.1114022000724958e-06,0
,"Pendleton County, KY",21191,Suppressed,322298,Suppressed,21191,1,1,3.1027186020391065e-06,0
,"Pike County, KY",21195,Suppressed,1408600,Suppressed,21195,3,1,2.1297742439301436e-06,0
,"Powell County, KY",21197,Suppressed,279668,Suppressed,21197,1,1,3.57566829240385e-06,1
,"Pulaski County, KY",21199,Suppressed,1356560,Suppressed,21199,1,1,7.371586955239724e-07,0
,"Robertson County, KY",21201,Suppressed,49008,Suppressed,21201,1,1,2.040483186418544e-05,1
,"Rockcastle County, KY",21203,Suppressed,370459,Suppressed,21203,1,1,2.6993540445771328e-06,0
,"Rowan County, KY",21205,Suppressed,511938,Suppressed,21205,1,1,1.953361539873969e-06,0
,"Russell County, KY",21207,Suppressed,380634,Suppressed,21207,1,1,2.6271956787885477e-06,0
,"Scott County, KY",21209,Suppressed,1004936,Suppressed,21209,6,1,5.970529466553094e-06,1
,"Shelby County, KY",21211,Suppressed,911610,Suppressed,21211,9,1,9.872642906506072e-06,1
,"Taylor County, KY",21217,Suppressed,536604,Suppressed,21217,1,1,1.8635716468755357e-06,0
,"Trigg County, KY",21221,Suppressed,305549,Suppressed,21221,1,1,3.2727974891097665e-06,0
,"Union County, KY",21225,Suppressed,331731,Suppressed,21225,1,1,3.01449065658621e-06,0
,"Warren County, KY",21227,Suppressed,2469049,Suppressed,21227,2,1,8.100284765510931e-07,0
,"Wayne County, KY",21231,Suppressed,450173,Suppressed,21231,1,1,2.2213682295473072e-06,0
,"Whitley County, KY",21235,Suppressed,792213,Suppressed,21235,1,1,1.2622867839836003e-06,0
,"Wolfe County, KY",21237,Suppressed,158031,Suppressed,21237,1,1,6.327872379469851e-06,1
,"Woodford County, KY",21239,Suppressed,545886,Suppressed,21239,1,1,1.8318843128418754e-06,0
,"Acadia Parish, LA",22001,Suppressed,1341645,Suppressed,22001,7,1,5.217475561717146e-06,1
,"Allen Parish, LA",22003,Suppressed,562454,Suppressed,22003,1,1,1.7779231723838748e-06,0
,"Ascension Parish, LA",22005,Suppressed,2281393,Suppressed,22005,3,1,1.314986063339372e-06,0
,"Avoyelles Parish, LA",22009,Suppressed,908893,Suppressed,22009,8,1,8.801916177151766e-06,1
,"Beauregard Parish, LA",22011,Suppressed,775146,Suppressed,22011,7,1,9.030556824133777e-06,1
,"Bienville Parish, LA",22013,Suppressed,317042,Suppressed,22013,1,1,3.154156231666467e-06,0
,"Calcasieu Parish, LA",22019,Suppressed,4228472,Suppressed,22019,9,1,2.128428425208917e-06,0
,"Caldwell Parish, LA",22021,Suppressed,223584,Suppressed,22021,1,1,4.472591956490625e-06,1
,"Cameron Parish, LA",22023,Suppressed,174088,Suppressed,22023,1,1,5.744221313358761e-06,1
,"Claiborne Parish, LA",22027,Suppressed,366126,Suppressed,22027,1,1,2.7313001534990685e-06,0
,"De Soto Parish, LA",22031,Suppressed,583987,Suppressed,22031,1,1,1.7123668848792867e-06,0
,"Evangeline Parish, LA",22039,Suppressed,752571,Suppressed,22039,9,1,1.1959004532462718e-05,1
,"Franklin Parish, LA",22041,Suppressed,453927,Suppressed,22041,1,1,2.2029973982600726e-06,0
,"Grant Parish, LA",22043,Suppressed,466234,Suppressed,22043,1,1,2.144845721247271e-06,0
,"Iberia Parish, LA",22045,Suppressed,1601837,Suppressed,22045,4,1,2.497132979198258e-06,0
,"Iberville Parish, LA",22047,Suppressed,728619,Suppressed,22047,6,1,8.2347564364915e-06,1
,"Jackson Parish, LA",22049,Suppressed,348427,Suppressed,22049,1,1,2.870041644304259e-06,0
,"Jefferson Davis Parish, LA",22053,Suppressed,690554,Suppressed,22053,5,1,7.240563373754985e-06,1
,"Lafayette Parish, LA",22055,Suppressed,4817981,Suppressed,22055,9,1,1.86800238523149e-06,0
,"Lafourche Parish, LA",22057,Suppressed,2092638,Suppressed,22057,6,1,2.8671944215865333e-06,0
,"Livingston Parish, LA",22063,Suppressed,2679331,Suppressed,22063,5,1,1.8661374798410498e-06,0
,"Madison Parish, LA",22065,Suppressed,268954,Suppressed,22065,1,1,3.71810792923697e-06,1
,"Natchitoches Parish, LA",22069,Suppressed,858246,Suppressed,22069,3,1,3.495501289839976e-06,1
,"Pointe Coupee Parish, LA",22077,Suppressed,493799,Suppressed,22077,1,1,2.025115482210373e-06,0
,"Rapides Parish, LA",22079,Suppressed,2854948,Suppressed,22079,5,1,1.751345383523623e-06,0
,"Richland Parish, LA",22083,Suppressed,453808,Suppressed,22083,1,1,2.203575080210133e-06,0
,"St. Bernard Parish, LA",22087,Suppressed,1069172,Suppressed,22087,5,1,4.676516032967567e-06,1
,"St. Charles Parish, LA",22089,Suppressed,1134747,Suppressed,22089,7,1,6.168775947413829e-06,1
,"St. James Parish, LA",22093,Suppressed,473798,Suppressed,22093,1,1,2.1106040971046735e-06,0
,"St. John the Baptist Parish, LA",22095,Suppressed,978274,Suppressed,22095,7,1,7.155459513387864e-06,1
,"St. Martin Parish, LA",22099,Suppressed,1136659,Suppressed,22099,6,1,5.278627979015694e-06,1
,"St. Mary Parish, LA",22101,Suppressed,1163196,Suppressed,22101,2,1,1.7194006856969934e-06,0
,"St. Tammany Parish, LA",22103,Suppressed,5061045,Suppressed,22103,9,1,1.7782888711718627e-06,0
,"Tangipahoa Parish, LA",22105,Suppressed,2606859,Suppressed,22105,7,1,2.685223865195624e-06,0
,"Tensas Parish, LA",22107,Suppressed,117100,Suppressed,22107,1,1,8.539709649871904e-06,1
,"Terrebonne Parish, LA",22109,Suppressed,2416972,Suppressed,22109,5,1,2.068704147172578e-06,0
,"Union Parish, LA",22111,Suppressed,497039,Suppressed,22111,1,1,2.0119145580125503e-06,0
,"Vermilion Parish, LA",22113,Suppressed,1263262,Suppressed,22113,8,1,6.332811404126776e-06,1
,"Vernon Parish, LA",22115,Suppressed,1123511,Suppressed,22115,8,1,7.120535535477623e-06,1
,"Washington Parish, LA",22117,Suppressed,1006976,Suppressed,22117,1,1,9.930723274437525e-07,0
,"Webster Parish, LA",22119,Suppressed,893756,Suppressed,22119,8,1,8.950988860494362e-06,1
,"West Baton Rouge Parish, LA",22121,Suppressed,523821,Suppressed,22121,1,1,1.9090490835609875e-06,0
,"West Carroll Parish, LA",22123,Suppressed,255416,Suppressed,22123,1,1,3.915181507814703e-06,1
,"Winn Parish, LA",22127,Suppressed,336902,Suppressed,22127,1,1,2.968222212987753e-06,0
,"Androscoggin County, ME",23001,Suppressed,2353122,Suppressed,23001,1,1,4.249673412598242e-07,0
,"Cumberland County, ME",23005,Suppressed,6193656,Suppressed,23005,9,1,1.4530997523918021e-06,0
,"Franklin County, ME",23007,Suppressed,664387,Suppressed,23007,4,1,6.020587398609545e-06,1
,"Hancock County, ME",23009,Suppressed,1186754,Suppressed,23009,5,1,4.213173075464671e-06,1
,"Kennebec County, ME",23011,Suppressed,2656631,Suppressed,23011,2,1,7.528331936200398e-07,0
,"Knox County, ME",23013,Suppressed,878625,Suppressed,23013,7,1,7.96699388248684e-06,1
,"Oxford County, ME",23017,Suppressed,1255103,Suppressed,23017,1,1,7.967473585833195e-07,0
,"Penobscot County, ME",23019,Suppressed,3320935,Suppressed,23019,9,1,2.7100801430922315e-06,0
,"Piscataquis County, ME",23021,Suppressed,379211,Suppressed,23021,1,1,2.6370543048593e-06,0
,"Somerset County, ME",23025,Suppressed,1130300,Suppressed,23025,2,1,1.7694417411306733e-06,0
,"Waldo County, ME",23027,Suppressed,848135,Suppressed,23027,6,1,7.074345475661304e-06,1
,"York County, ME",23031,Suppressed,4361564,Suppressed,23031,9,1,2.0634799810343264e-06,0
,"Allegany County, MD",24001,Suppressed,1617563,Suppressed,24001,7,1,4.327497599784367e-06,1
,"Caroline County, MD",24011,Suppressed,705626,Suppressed,24011,8,1,1.1337450717518912e-05,1
,"Carroll County, MD",24013,Suppressed,3617702,Suppressed,24013,9,1,2.487767096350114e-06,0
,"Charles County, MD",24017,Suppressed,3187119,Suppressed,24017,7,1,2.196340958715379e-06,0
,"Dorchester County, MD",24019,Suppressed,700182,Suppressed,24019,6,1,8.56920057927796e-06,1
,"Frederick County, MD",24021,Suppressed,5083185,Suppressed,24021,9,1,1.7705434683176e-06,0
,"Howard County, MD",24027,Suppressed,6334109,Suppressed,24027,9,1,1.4208786113406005e-06,0
,"Kent County, MD",24029,Suppressed,432821,Suppressed,24029,1,1,2.3104239396886933e-06,0
,"Queen Anne's County, MD",24035,Suppressed,1025693,Suppressed,24035,4,1,3.899802377514519e-06,1
,"St. Mary's County, MD",24037,Suppressed,2257023,Suppressed,24037,1,1,4.4306150181012777e-07,0
,"Somerset County, MD",24039,Suppressed,568380,Suppressed,24039,1,1,1.759386326049474e-06,0
,"Talbot County, MD",24041,Suppressed,805000,Suppressed,24041,2,1,2.484472049689441e-06,0
,"Washington County, MD",24043,Suppressed,3181040,Suppressed,24043,5,1,1.5718129919774664e-06,0
,"Worcester County, MD",24047,Suppressed,1111843,Suppressed,24047,6,1,5.396445361440419e-06,1
,"Barnstable County, MA",25001,Suppressed,4793049,Suppressed,25001,9,1,1.8777191720760626e-06,0
,"Bristol County, MA",25005,Suppressed,12095996,Suppressed,25005,9,1,7.440478650951935e-07,0
,"Franklin County, MA",25011,Suppressed,1567831,Suppressed,25011,4,1,2.5512953883422384e-06,0
,"Hampden County, MA",25013,Suppressed,10195704,Suppressed,25013,9,1,8.827247240602513e-07,0
,"Hampshire County, MA",25015,Suppressed,3468304,Suppressed,25015,9,1,2.5949282415843593e-06,0
,"Plymouth County, MA",25023,Suppressed,10919253,Suppressed,25023,9,1,8.242322070932875e-07,0
,"Suffolk County, MA",25025,Suppressed,16147577,Suppressed,25025,9,1,5.573591629258061e-07,0
,"Worcester County, MA",25027,Suppressed,17502418,Suppressed,25027,9,1,5.142146645109264e-07,0
,"Allegan County, MI",26005,Suppressed,2463431,Suppressed,26005,7,1,2.841565280294029e-06,0
,"Antrim County, MI",26009,Suppressed,518613,Suppressed,26009,1,1,1.928220079326974e-06,0
,"Arenac County, MI",26011,Suppressed,354935,Suppressed,26011,1,1,2.817417273585304e-06,0
,"Baraga County, MI",26013,Suppressed,191364,Suppressed,26013,1,1,5.22564327668736e-06,1
,"Barry County, MI",26015,Suppressed,1304434,Suppressed,26015,5,1,3.833080094508423e-06,1
,"Bay County, MI",26017,Suppressed,2360310,Suppressed,26017,2,1,8.473463231524672e-07,0
,"Berrien County, MI",26021,Suppressed,3457936,Suppressed,26021,9,1,2.6027086678295954e-06,0
,"Branch County, MI",26023,Suppressed,991970,Suppressed,26023,3,1,3.0242850086192122e-06,0
,"Calhoun County, MI",26025,Suppressed,3001261,Suppressed,26025,8,1,2.6655462487267854e-06,0
,"Cass County, MI",26027,Suppressed,1141023,Suppressed,26027,7,1,6.1348456604292815e-06,1
,"Delta County, MI",26041,Suppressed,818155,Suppressed,26041,8,1,9.778098282110357e-06,1
,"Eaton County, MI",26045,Suppressed,2370137,Suppressed,26045,2,1,8.438330780035078e-07,0
,"Genesee County, MI",26049,Suppressed,9355168,Suppressed,26049,9,1,9.620351018816552e-07,0
,"Grand Traverse County, MI",26055,Suppressed,1906884,Suppressed,26055,9,1,4.71974173573222e-06,1
,"Hillsdale County, MI",26059,Suppressed,1023192,Suppressed,26059,3,1,2.9320010320643635e-06,0
,"Houghton County, MI",26061,Suppressed,794895,Suppressed,26061,1,1,1.2580277898338774e-06,0
,"Huron County, MI",26063,Suppressed,733601,Suppressed,26063,9,1,1.2268249361710248e-05,1
,"Ingham County, MI",26065,Suppressed,6248362,Suppressed,26065,9,1,1.4403774941336625e-06,0
,"Ionia County, MI",26067,Suppressed,1407246,Suppressed,26067,3,1,2.1318234338559144e-06,0
,"Isabella County, MI",26073,Suppressed,1508978,Suppressed,26073,6,1,3.9762011109505905e-06,1
,"Jackson County, MI",26075,Suppressed,3522382,Suppressed,26075,9,1,2.555089141382167e-06,0
,"Kalamazoo County, MI",26077,Suppressed,5526647,Suppressed,26077,9,1,1.628473828706628e-06,0
,"Kent County, MI",26081,Suppressed,13445782,Suppressed,26081,9,1,6.693548950890323e-07,0
,"Lapeer County, MI",26087,Suppressed,1958340,Suppressed,26087,2,1,1.0212731190702329e-06,0
,"Lenawee County, MI",26091,Suppressed,2192231,Suppressed,26091,6,1,2.736937850071457e-06,0
,"Livingston County, MI",26093,Suppressed,3948871,Suppressed,26093,9,1,2.2791324406393623e-06,0
,"Macomb County, MI",26099,Suppressed,18464347,Suppressed,26099,9,1,4.874258483118846e-07,0
,"Manistee County, MI",26101,Suppressed,543859,Suppressed,26101,1,1,1.838711872010944e-06,0
,"Marquette County, MI",26103,Suppressed,1457933,Suppressed,26103,8,1,5.487220606159542e-06,1
,"Monroe County, MI",26115,Suppressed,3306621,Suppressed,26115,9,1,2.7218117830861174e-06,0
,"Muskegon County, MI",26121,Suppressed,3792798,Suppressed,26121,9,1,2.3729183573709964e-06,0
,"Newaygo County, MI",26123,Suppressed,1068761,Suppressed,26123,4,1,3.742651537621601e-06,1
,"Oceana County, MI",26127,Suppressed,588899,Suppressed,26127,1,1,1.6980840517643942e-06,0
,"Otsego County, MI",26137,Suppressed,534092,Suppressed,26137,1,1,1.8723366011848147e-06,0
,"Ottawa County, MI",26139,Suppressed,5838242,Suppressed,26139,9,1,1.5415599421880764e-06,0
,"Presque Isle County, MI",26141,Suppressed,297157,Suppressed,26141,1,1,3.3652244436442687e-06,0
,"Saginaw County, MI",26145,Suppressed,4413539,Suppressed,26145,9,1,2.0391798962238693e-06,0
,"St. Clair County, MI",26147,Suppressed,3591327,Suppressed,26147,9,1,2.5060374619186725e-06,0
,"St. Joseph County, MI",26149,Suppressed,1354778,Suppressed,26149,6,1,4.428769879640797e-06,1
,"Sanilac County, MI",26151,Suppressed,948611,Suppressed,26151,2,1,2.1083457813582176e-06,0
,"Shiawassee County, MI",26155,Suppressed,1550528,Suppressed,26155,6,1,3.869649564535436e-06,1
,"Tuscola County, MI",26157,Suppressed,1225455,Suppressed,26157,4,1,3.26409374477235e-06,0
,"Van Buren County, MI",26159,Suppressed,1674279,Suppressed,26159,3,1,1.7918160593306133e-06,0
,"Washtenaw County, MI",26161,Suppressed,7645996,Suppressed,26161,9,1,1.177086673861718e-06,0
,"Aitkin County, MN",27001,Suppressed,349338,Suppressed,27001,1,1,2.862557179579662e-06,0
,"Anoka County, MN",27003,Suppressed,7253895,Suppressed,27003,9,1,1.2407127481167014e-06,0
,"Becker County, MN",27005,Suppressed,713584,Suppressed,27005,3,1,4.204130137447028e-06,1
,"Beltrami County, MN",27007,Suppressed,967382,Suppressed,27007,2,1,2.0674356148863633e-06,0
,"Benton County, MN",27009,Suppressed,839563,Suppressed,27009,8,1,9.528766751274175e-06,1
,"Chisago County, MN",27025,Suppressed,1129650,Suppressed,27025,4,1,3.5409197539060773e-06,1
,"Clay County, MN",27027,Suppressed,1273864,Suppressed,27027,3,1,2.355039470461525e-06,0
,"Dakota County, MN",27037,Suppressed,8704174,Suppressed,27037,9,1,1.0339866827110763e-06,0
,"Douglas County, MN",27041,Suppressed,787931,Suppressed,27041,5,1,6.34573331928811e-06,1
,"Freeborn County, MN",27047,Suppressed,689100,Suppressed,27047,4,1,5.804672761573066e-06,1
,"Goodhue County, MN",27049,Suppressed,1006816,Suppressed,27049,7,1,6.95261100340082e-06,1
,"Hubbard County, MN",27057,Suppressed,441819,Suppressed,27057,1,1,2.263370294170237e-06,0
,"Itasca County, MN",27061,Suppressed,985272,Suppressed,27061,9,1,9.134533408033518e-06,1
,"Le Sueur County, MN",27079,Suppressed,601428,Suppressed,27079,1,1,1.6627094182512288e-06,0
,"Lyon County, MN",27083,Suppressed,560926,Suppressed,27083,1,1,1.7827663542071504e-06,0
,"Mille Lacs County, MN",27095,Suppressed,554967,Suppressed,27095,1,1,1.801908942333508e-06,0
,"Morrison County, MN",27097,Suppressed,720965,Suppressed,27097,4,1,5.548119534235365e-06,1
,"Mower County, MN",27099,Suppressed,860356,Suppressed,27099,8,1,9.298476444634547e-06,1
,"Olmsted County, MN",27109,Suppressed,3133717,Suppressed,27109,6,1,1.9146591731161427e-06,0
,"Otter Tail County, MN",27111,Suppressed,1268608,Suppressed,27111,2,1,1.5765311270305722e-06,0
,"Pine County, MN",27115,Suppressed,631800,Suppressed,27115,1,1,1.5827793605571382e-06,0
,"Polk County, MN",27119,Suppressed,689329,Suppressed,27119,7,1,1.015480271394356e-05,1
,"Ramsey County, MN",27123,Suppressed,11432629,Suppressed,27123,9,1,7.872205071991753e-07,0
,"Redwood County, MN",27127,Suppressed,350615,Suppressed,27127,1,1,2.8521312550803586e-06,0
,"Renville County, MN",27129,Suppressed,346881,Suppressed,27129,1,1,2.882833017663118e-06,0
,"Rice County, MN",27131,Suppressed,1381683,Suppressed,27131,5,1,3.618775073587791e-06,1
,"Roseau County, MN",27135,Suppressed,347282,Suppressed,27135,1,1,2.8795042645458157e-06,0
,"Scott County, MN",27139,Suppressed,2764034,Suppressed,27139,6,1,2.170740302036806e-06,0
,"Sherburne County, MN",27141,Suppressed,1866381,Suppressed,27141,8,1,4.286370253447715e-06,1
,"Stearns County, MN",27145,Suppressed,3255221,Suppressed,27145,5,1,1.5359940231400571e-06,0
,"Swift County, MN",27151,Suppressed,221622,Suppressed,27151,1,1,4.512187418216603e-06,1
,"Todd County, MN",27153,Suppressed,540555,Suppressed,27153,1,1,1.8499505138237552e-06,0
,"Washington County, MN",27163,Suppressed,5157132,Suppressed,27163,9,1,1.745156028583329e-06,0
,"Winona County, MN",27169,Suppressed,1117322,Suppressed,27169,8,1,7.159977159672861e-06,1
,"Wright County, MN",27171,Suppressed,2619444,Suppressed,27171,7,1,2.6723228288140538e-06,0
,"Adams County, MS",28001,Suppressed,712568,Suppressed,28001,5,1,7.016874179025721e-06,1
,"Alcorn County, MS",28003,Suppressed,799841,Suppressed,28003,6,1,7.501490921320613e-06,1
,"Attala County, MS",28007,Suppressed,422301,Suppressed,28007,1,1,2.367979237558045e-06,0
,"Bolivar County, MS",28011,Suppressed,772343,Suppressed,28011,4,1,5.179046097394551e-06,1
,"Calhoun County, MS",28013,Suppressed,325456,Suppressed,28013,1,1,3.07261196598004e-06,0
,"Carroll County, MS",28015,Suppressed,229020,Suppressed,28015,1,1,4.366430879399179e-06,1
,"Choctaw County, MS",28019,Suppressed,192181,Suppressed,28019,1,1,5.2034280183785075e-06,1
,"Clarke County, MS",28023,Suppressed,366363,Suppressed,28023,1,1,2.729533277104948e-06,0
,"Clay County, MS",28025,Suppressed,455422,Suppressed,28025,1,1,2.195765685452174e-06,0
,"Coahoma County, MS",28027,Suppressed,579663,Suppressed,28027,1,1,1.7251402970346563e-06,0
,"Copiah County, MS",28029,Suppressed,636374,Suppressed,28029,1,1,1.5714029800086113e-06,0
,"Covington County, MS",28031,Suppressed,426125,Suppressed,28031,1,1,2.3467292461132296e-06,0
,"DeSoto County, MS",28033,Suppressed,3360001,Suppressed,28033,9,1,2.678570631377788e-06,0
,"Forrest County, MS",28035,Suppressed,1633697,Suppressed,28035,9,1,5.508977490930081e-06,1
,"Franklin County, MS",28037,Suppressed,176491,Suppressed,28037,1,1,5.666011298026528e-06,1
,"George County, MS",28039,Suppressed,485477,Suppressed,28039,1,1,2.059829816860531e-06,0
,"Greene County, MS",28041,Suppressed,300892,Suppressed,28041,1,1,3.323451603897744e-06,0
,"Grenada County, MS",28043,Suppressed,482856,Suppressed,28043,1,1,2.0710108189605182e-06,0
,"Hancock County, MS",28045,Suppressed,991070,Suppressed,28045,6,1,6.054062780631035e-06,1
,"Holmes County, MS",28051,Suppressed,423881,Suppressed,28051,1,1,2.359152686721037e-06,0
,"Itawamba County, MS",28057,Suppressed,511409,Suppressed,28057,1,1,1.9553820914375775e-06,0
,"Jasper County, MS",28061,Suppressed,377969,Suppressed,28061,1,1,2.6457196225087243e-06,0
,"Jefferson Davis County, MS",28065,Suppressed,273061,Suppressed,28065,1,1,3.662185372499185e-06,1
,"Kemper County, MS",28069,Suppressed,226523,Suppressed,28069,1,1,4.4145627596314725e-06,1
,"Lafayette County, MS",28071,Suppressed,1037843,Suppressed,28071,1,1,9.635368740744024e-07,0
,"Lamar County, MS",28073,Suppressed,1165216,Suppressed,28073,4,1,3.4328399198088593e-06,0
,"Lauderdale County, MS",28075,Suppressed,1719736,Suppressed,28075,6,1,3.4889075997711277e-06,1
,"Lee County, MS",28081,Suppressed,1796778,Suppressed,28081,1,1,5.565517832475687e-07,0
,"Leflore County, MS",28083,Suppressed,718833,Suppressed,28083,1,1,1.3911437009708791e-06,0
,"Lincoln County, MS",28085,Suppressed,751632,Suppressed,28085,5,1,6.65219149796709e-06,1
,"Lowndes County, MS",28087,Suppressed,1314216,Suppressed,28087,4,1,3.04363970610615e-06,0
,"Madison County, MS",28089,Suppressed,2039178,Suppressed,28089,5,1,2.4519683911850756e-06,0
,"Marion County, MS",28091,Suppressed,567527,Suppressed,28091,1,1,1.762030705147068e-06,0
,"Marshall County, MS",28093,Suppressed,792147,Suppressed,28093,3,1,3.787175865085647e-06,1
,"Monroe County, MS",28095,Suppressed,809696,Suppressed,28095,2,1,2.470062838398609e-06,0
,"Montgomery County, MS",28097,Suppressed,241053,Suppressed,28097,1,1,4.148465275271414e-06,1
,"Neshoba County, MS",28099,Suppressed,643226,Suppressed,28099,1,1,1.5546635241734632e-06,0
,"Newton County, MS",28101,Suppressed,475049,Suppressed,28101,1,1,2.1050460057804562e-06,0
,"Noxubee County, MS",28103,Suppressed,253569,Suppressed,28103,1,1,3.943699742476407e-06,1
,"Panola County, MS",28107,Suppressed,757672,Suppressed,28107,7,1,9.238826299506911e-06,1
,"Pearl River County, MS",28109,Suppressed,1180584,Suppressed,28109,5,1,4.23519207443096e-06,1
,"Pike County, MS",28113,Suppressed,870370,Suppressed,28113,3,1,3.4468099773659477e-06,1
,"Pontotoc County, MS",28115,Suppressed,653259,Suppressed,28115,1,1,1.5307864109028732e-06,0
,"Quitman County, MS",28119,Suppressed,185314,Suppressed,28119,1,1,5.396246371024316e-06,1
,"Rankin County, MS",28121,Suppressed,3041713,Suppressed,28121,4,1,1.3150484611796051e-06,0
,"Scott County, MS",28123,Suppressed,620766,Suppressed,28123,1,1,1.6109129688159468e-06,0
,"Simpson County, MS",28127,Suppressed,600883,Suppressed,28127,1,1,1.6642174932557585e-06,0
,"Stone County, MS",28131,Suppressed,365595,Suppressed,28131,1,1,2.7352671672205584e-06,0
,"Sunflower County, MS",28133,Suppressed,654850,Suppressed,28133,6,1,9.16240360387875e-06,1
,"Tallahatchie County, MS",28135,Suppressed,326799,Suppressed,28135,1,1,3.0599848836746747e-06,0
,"Tate County, MS",28137,Suppressed,606863,Suppressed,28137,1,1,1.6478183708678895e-06,0
,"Tishomingo County, MS",28141,Suppressed,426374,Suppressed,28141,1,1,2.345358769530975e-06,0
,"Union County, MS",28145,Suppressed,596758,Suppressed,28145,1,1,1.6757211465954374e-06,0
,"Walthall County, MS",28147,Suppressed,330464,Suppressed,28147,1,1,3.0260482231044832e-06,0
,"Wayne County, MS",28153,Suppressed,457577,Suppressed,28153,1,1,2.1854245296420055e-06,0
,"Winston County, MS",28159,Suppressed,420197,Suppressed,28159,1,1,2.379836124484468e-06,0
,"Yalobusha County, MS",28161,Suppressed,279151,Suppressed,28161,1,1,3.5822905882479377e-06,1
,"Yazoo County, MS",28163,Suppressed,616190,Suppressed,28163,1,1,1.6228760609552248e-06,0
,"Adair County, MO",29001,Suppressed,555847,Suppressed,29001,1,1,1.7990562151095535e-06,0
,"Barry County, MO",29009,Suppressed,776072,Suppressed,29009,2,1,2.577080477069138e-06,0
,"Barton County, MO",29011,Suppressed,272304,Suppressed,29011,1,1,3.672366178976438e-06,1
,"Bates County, MO",29013,Suppressed,368635,Suppressed,29013,1,1,2.7127104046007568e-06,0
,"Benton County, MO",29015,Suppressed,409754,Suppressed,29015,1,1,2.440488683453975e-06,0
,"Bollinger County, MO",29017,Suppressed,270703,Suppressed,29017,1,1,3.694085399866274e-06,1
,"Boone County, MO",29019,Suppressed,3526260,Suppressed,29019,9,1,2.552279185312484e-06,0
,"Buchanan County, MO",29021,Suppressed,1931048,Suppressed,29021,2,1,1.0357070357650354e-06,0
,"Butler County, MO",29023,Suppressed,928343,Suppressed,29023,2,1,2.154376130374226e-06,0
,"Caldwell County, MO",29025,Suppressed,201423,Suppressed,29025,1,1,4.964676327926801e-06,1
,"Camden County, MO",29029,Suppressed,932281,Suppressed,29029,7,1,7.50846579518407e-06,1
,"Cape Girardeau County, MO",29031,Suppressed,1642292,Suppressed,29031,7,1,4.2623358087355966e-06,1
,"Carroll County, MO",29033,Suppressed,207276,Suppressed,29033,1,1,4.824485227426234e-06,1
,"Carter County, MO",29035,Suppressed,134170,Suppressed,29035,1,1,7.453230975627935e-06,1
,"Cass County, MO",29037,Suppressed,2120707,Suppressed,29037,7,1,3.3007860114575e-06,0
,"Cedar County, MO",29039,Suppressed,308503,Suppressed,29039,1,1,3.241459564412664e-06,0
,"Chariton County, MO",29041,Suppressed,172794,Suppressed,29041,1,1,5.787237982800329e-06,1
,"Christian County, MO",29043,Suppressed,1623058,Suppressed,29043,7,1,4.312846491006483e-06,1
,"Clinton County, MO",29049,Suppressed,446297,Suppressed,29049,1,1,2.240660367423487e-06,0
,"Cole County, MO",29051,Suppressed,1643904,Suppressed,29051,6,1,3.649848166316281e-06,1
,"Crawford County, MO",29055,Suppressed,530038,Suppressed,29055,1,1,1.886657183069893e-06,0
,"Dade County, MO",29057,Suppressed,171104,Suppressed,29057,1,1,5.844398728258837e-06,1
,"Dallas County, MO",29059,Suppressed,362483,Suppressed,29059,1,1,2.758750065520314e-06,0
,"DeKalb County, MO",29063,Suppressed,277734,Suppressed,29063,1,1,3.60056744943003e-06,1
,"Dent County, MO",29065,Suppressed,338369,Suppressed,29065,1,1,2.9553534750523835e-06,0
,"Douglas County, MO",29067,Suppressed,295089,Suppressed,29067,1,1,3.3888081222953075e-06,0
,"Dunklin County, MO",29069,Suppressed,696588,Suppressed,29069,5,1,7.1778440053518e-06,1
,"Franklin County, MO",29071,Suppressed,2201345,Suppressed,29071,6,1,2.7256063906384505e-06,0
,"Grundy County, MO",29079,Suppressed,224154,Suppressed,29079,1,1,4.4612186264800095e-06,1
,"Henry County, MO",29083,Suppressed,486506,Suppressed,29083,1,1,2.055473108245325e-06,0
,"Hickory County, MO",29085,Suppressed,205817,Suppressed,29085,1,1,4.858685142626702e-06,1
,"Howell County, MO",29091,Suppressed,864941,Suppressed,29091,1,1,1.1561482228267593e-06,0
,"Iron County, MO",29093,Suppressed,230355,Suppressed,29093,1,1,4.3411256538820514e-06,1
,"Jefferson County, MO",29099,Suppressed,4733319,Suppressed,29099,9,1,1.9014142085078145e-06,0
,"Knox County, MO",29103,Suppressed,90606,Suppressed,29103,1,1,1.103679668013156e-05,1
,"Laclede County, MO",29105,Suppressed,763920,Suppressed,29105,6,1,7.854225573358467e-06,1
,"Lafayette County, MO",29107,Suppressed,725874,Suppressed,29107,7,1,9.643546951674809e-06,1
,"Lawrence County, MO",29109,Suppressed,827579,Suppressed,29109,5,1,6.041719279972063e-06,1
,"Lincoln County, MO",29113,Suppressed,1109053,Suppressed,29113,4,1,3.606680654576472e-06,1
,"Linn County, MO",29115,Suppressed,280724,Suppressed,29115,1,1,3.562217694247731e-06,1
,"Livingston County, MO",29117,Suppressed,327262,Suppressed,29117,1,1,3.055655713159487e-06,0
,"McDonald County, MO",29119,Suppressed,497067,Suppressed,29119,1,1,2.0118012259916673e-06,0
,"Macon County, MO",29121,Suppressed,340221,Suppressed,29121,1,1,2.9392659477222157e-06,0
,"Madison County, MO",29123,Suppressed,267368,Suppressed,29123,1,1,3.7401633703360164e-06,1
,"Marion County, MO",29127,Suppressed,627687,Suppressed,29127,1,1,1.5931507263970736e-06,0
,"Miller County, MO",29131,Suppressed,544174,Suppressed,29131,1,1,1.8376475171544396e-06,0
,"Mississippi County, MO",29133,Suppressed,303574,Suppressed,29133,1,1,3.2940897441809906e-06,0
,"Moniteau County, MO",29135,Suppressed,340921,Suppressed,29135,1,1,2.9332308658017546e-06,0
,"Montgomery County, MO",29139,Suppressed,263540,Suppressed,29139,1,1,3.7944903999392882e-06,1
,"New Madrid County, MO",29143,Suppressed,409258,Suppressed,29143,1,1,2.443446432323864e-06,0
,"Newton County, MO",29145,Suppressed,1249732,Suppressed,29145,3,1,2.400514670345322e-06,0
,"Nodaway County, MO",29147,Suppressed,498056,Suppressed,29147,1,1,2.00780635109305e-06,0
,"Ozark County, MO",29153,Suppressed,208478,Suppressed,29153,1,1,4.796669192912442e-06,1
,"Pettis County, MO",29159,Suppressed,908840,Suppressed,29159,6,1,6.6018221029004e-06,1
,"Phelps County, MO",29161,Suppressed,958378,Suppressed,29161,7,1,7.3040073958292034e-06,1
,"Pike County, MO",29163,Suppressed,405802,Suppressed,29163,1,1,2.4642559671958246e-06,0
,"Platte County, MO",29165,Suppressed,1958458,Suppressed,29165,8,1,4.084846343398735e-06,1
,"Pulaski County, MO",29169,Suppressed,1077528,Suppressed,29169,4,1,3.7122005182231925e-06,1
,"Randolph County, MO",29175,Suppressed,551453,Suppressed,29175,1,1,1.8133911684223315e-06,0
,"Ray County, MO",29177,Suppressed,512527,Suppressed,29177,1,1,1.9511167216556397e-06,0
,"Ripley County, MO",29181,Suppressed,303240,Suppressed,29181,1,1,3.2977179791584226e-06,0
,"St. Charles County, MO",29183,Suppressed,7738140,Suppressed,29183,9,1,1.1630701951631787e-06,0
,"St. Clair County, MO",29185,Suppressed,211008,Suppressed,29185,1,1,4.739156809220504e-06,1
,"Ste. Genevieve County, MO",29186,Suppressed,396234,Suppressed,29186,1,1,2.5237612118091836e-06,0
,"St. Francois County, MO",29187,Suppressed,1390265,Suppressed,29187,7,1,5.035011310793266e-06,1
,"Saline County, MO",29195,Suppressed,509090,Suppressed,29195,1,1,1.964289221945039e-06,0
,"Schuyler County, MO",29197,Suppressed,96052,Suppressed,29197,1,1,1.0411027360179903e-05,1
,"Scotland County, MO",29199,Suppressed,107433,Suppressed,29199,1,1,9.308126925618758e-06,1
,"Scott County, MO",29201,Suppressed,864842,Suppressed,29201,5,1,5.781402845837737e-06,1
,"Stoddard County, MO",29207,Suppressed,655104,Suppressed,29207,8,1,1.2211801484955061e-05,1
,"Stone County, MO",29209,Suppressed,682536,Suppressed,29209,5,1,7.325620919629148e-06,1
,"Sullivan County, MO",29211,Suppressed,146581,Suppressed,29211,1,1,6.82216658366364e-06,1
,"Taney County, MO",29213,Suppressed,1083535,Suppressed,29213,5,1,4.614525603695312e-06,1
,"Texas County, MO",29215,Suppressed,553350,Suppressed,29215,1,1,1.8071744826963043e-06,0
,"Vernon County, MO",29217,Suppressed,455380,Suppressed,29217,1,1,2.1959682023804295e-06,0
,"Warren County, MO",29219,Suppressed,682820,Suppressed,29219,6,1,8.787088837468146e-06,1
,"Wayne County, MO",29223,Suppressed,293008,Suppressed,29223,1,1,3.412876098946104e-06,0
,"Webster County, MO",29225,Suppressed,783013,Suppressed,29225,7,1,8.939826030985437e-06,1
,"Wright County, MO",29229,Suppressed,404627,Suppressed,29229,1,1,2.4714119423567877e-06,0
,"Big Horn County, MT",30003,Suppressed,284245,Suppressed,30003,1,1,3.5180917870147233e-06,1
,"Blaine County, MT",30005,Suppressed,146233,Suppressed,30005,1,1,6.838401728747957e-06,1
,"Cascade County, MT",30013,Suppressed,1781677,Suppressed,30013,9,1,5.051420655932585e-06,1
,"Chouteau County, MT",30015,Suppressed,127383,Suppressed,30015,1,1,7.85034109732068e-06,1
,"Dawson County, MT",30021,Suppressed,197917,Suppressed,30021,1,1,5.05262306926641e-06,1
,"Flathead County, MT",30029,Suppressed,1969099,Suppressed,30029,2,1,1.0156929641424834e-06,0
,"Glacier County, MT",30035,Suppressed,295594,Suppressed,30035,1,1,3.383018599836262e-06,0
,"Lake County, MT",30047,Suppressed,628661,Suppressed,30047,1,1,1.5906824186644313e-06,0
,"Lewis and Clark County, MT",30049,Suppressed,1375353,Suppressed,30049,1,1,7.270860644503629e-07,0
,"Lincoln County, MT",30053,Suppressed,425084,Suppressed,30053,1,1,2.3524762164654514e-06,0
,"Mineral County, MT",30061,Suppressed,91304,Suppressed,30061,1,1,1.0952422675895909e-05,1
,"Pondera County, MT",30073,Suppressed,135543,Suppressed,30073,1,1,7.377732527684941e-06,1
,"Ravalli County, MT",30081,Suppressed,882200,Suppressed,30081,8,1,9.06823849467241e-06,1
,"Rosebud County, MT",30087,Suppressed,202575,Suppressed,30087,1,1,4.9364432926076765e-06,1
,"Valley County, MT",30105,Suppressed,164604,Suppressed,30105,1,1,6.0751865082258025e-06,1
,"Yellowstone County, MT",30111,Suppressed,3218264,Suppressed,30111,5,1,1.5536326416975115e-06,0
,"Adams County, NE",31001,Suppressed,686906,Suppressed,31001,6,1,8.73481961141699e-06,1
,"Antelope County, NE",31003,Suppressed,148397,Suppressed,31003,1,1,6.73868070109234e-06,1
,"Banner County, NE",31007,Suppressed,16500,Suppressed,31007,1,1,6.0606060606060605e-05,1
,"Boone County, NE",31011,Suppressed,123149,Suppressed,31011,1,1,8.120244581766803e-06,1
,"Box Butte County, NE",31013,Suppressed,251034,Suppressed,31013,1,1,3.983524144139838e-06,1
,"Butler County, NE",31023,Suppressed,184336,Suppressed,31023,1,1,5.424876312820068e-06,1
,"Cass County, NE",31025,Suppressed,555882,Suppressed,31025,1,1,1.7989429411277934e-06,0
,"Chase County, NE",31029,Suppressed,87623,Suppressed,31029,1,1,1.1412528673978293e-05,1
,"Cheyenne County, NE",31033,Suppressed,217361,Suppressed,31033,1,1,4.600641329401318e-06,1
,"Custer County, NE",31041,Suppressed,243611,Suppressed,31041,1,1,4.104904950925861e-06,1
,"Dawes County, NE",31045,Suppressed,198924,Suppressed,31045,1,1,5.02704550481591e-06,1
,"Franklin County, NE",31061,Suppressed,71081,Suppressed,31061,1,1,1.4068457112308493e-05,1
,"Gage County, NE",31067,Suppressed,491044,Suppressed,31067,1,1,2.036477382882186e-06,0
,"Grant County, NE",31075,Suppressed,14595,Suppressed,31075,1,1,6.851661527920521e-05,1
,"Hall County, NE",31079,Suppressed,1272530,Suppressed,31079,5,1,3.9291804515414175e-06,1
,"Harlan County, NE",31083,Suppressed,77499,Suppressed,31083,1,1,1.2903392301836153e-05,1
,"Howard County, NE",31093,Suppressed,141019,Suppressed,31093,1,1,7.091243023989675e-06,1
,"Jefferson County, NE",31095,Suppressed,168873,Suppressed,31095,1,1,5.921609730389109e-06,1
,"Lancaster County, NE",31109,Suppressed,6273303,Suppressed,31109,9,1,1.434650932690482e-06,0
,"Lincoln County, NE",31111,Suppressed,779810,Suppressed,31111,2,1,2.5647273053692564e-06,0
,"Madison County, NE",31119,Suppressed,773680,Suppressed,31119,7,1,9.04766828663013e-06,1
,"Otoe County, NE",31131,Suppressed,346179,Suppressed,31131,1,1,2.8886789782164717e-06,0
,"Perkins County, NE",31135,Suppressed,66126,Suppressed,31135,1,1,1.5122644648096059e-05,1
,"Platte County, NE",31141,Suppressed,705571,Suppressed,31141,7,1,9.92104267323912e-06,1
,"Sarpy County, NE",31153,Suppressed,3434789,Suppressed,31153,9,1,2.620248288905083e-06,0
,"Saunders County, NE",31155,Suppressed,454372,Suppressed,31155,1,1,2.2008398404831284e-06,0
,"Scotts Bluff County, NE",31157,Suppressed,801973,Suppressed,31157,3,1,3.740774315344781e-06,1
,"Sheridan County, NE",31161,Suppressed,122151,Suppressed,31161,1,1,8.186588730341954e-06,1
,"Thurston County, NE",31173,Suppressed,154872,Suppressed,31173,1,1,6.456945090138953e-06,1
,"Washington County, NE",31177,Suppressed,440457,Suppressed,31177,1,1,2.2703691847331294e-06,0
,"Wayne County, NE",31179,Suppressed,210251,Suppressed,31179,1,1,4.7562199466352125e-06,1
,"York County, NE",31185,Suppressed,307177,Suppressed,31185,1,1,3.2554520683514714e-06,0
,"Churchill County, NV",32001,Suppressed,538383,Suppressed,32001,1,1,1.8574137742090668e-06,0
,"Douglas County, NV",32005,Suppressed,1019411,Suppressed,32005,3,1,2.942875837125556e-06,0
,"Elko County, NV",32007,Suppressed,1071225,Suppressed,32007,8,1,7.4680856029312236e-06,1
,"Humboldt County, NV",32013,Suppressed,356948,Suppressed,32013,1,1,2.801528513957215e-06,0
,"Lincoln County, NV",32017,Suppressed,107438,Suppressed,32017,1,1,9.30769373964519e-06,1
,"Lyon County, NV",32019,Suppressed,1065268,Suppressed,32019,2,1,1.8774618218138533e-06,0
,"Mineral County, NV",32021,Suppressed,103781,Suppressed,32021,1,1,9.635675123577533e-06,1
,"White Pine County, NV",32033,Suppressed,209426,Suppressed,32033,1,1,4.774956309149771e-06,1
,"Cheshire County, NH",33005,Suppressed,1676833,Suppressed,33005,8,1,4.770898473491397e-06,1
,"Coos County, NH",33007,Suppressed,718329,Suppressed,33007,3,1,4.176359300543344e-06,1
,"Grafton County, NH",33009,Suppressed,1921462,Suppressed,33009,6,1,3.1226222532634007e-06,0
,"Hillsborough County, NH",33011,Suppressed,8802964,Suppressed,33011,9,1,1.0223829155725277e-06,0
,"Merrimack County, NH",33013,Suppressed,3203721,Suppressed,33013,8,1,2.497096345156148e-06,0
,"Rockingham County, NH",33015,Suppressed,6497025,Suppressed,33015,9,1,1.3852494026111952e-06,0
,"Cape May County, NJ",34009,Suppressed,2141074,Suppressed,34009,6,1,2.802331913796534e-06,0
,"Cumberland County, NJ",34011,Suppressed,3353096,Suppressed,34011,9,1,2.6840865874403834e-06,0
,"Gloucester County, NJ",34015,Suppressed,6181215,Suppressed,34015,9,1,1.456024422382978e-06,0
,"Hunterdon County, NJ",34019,Suppressed,2774435,Suppressed,34019,4,1,1.4417349838796008e-06,0
,"Mercer County, NJ",34021,Suppressed,8011833,Suppressed,34021,9,1,1.123338442026937e-06,0
,"Morris County, NJ",34027,Suppressed,10754631,Suppressed,34027,9,1,8.368487956490558e-07,0
,"Passaic County, NJ",34031,Suppressed,10984292,Suppressed,34031,9,1,8.193518526273701e-07,0
,"Salem County, NJ",34033,Suppressed,1421182,Suppressed,34033,7,1,4.925477525046053e-06,1
,"Somerset County, NJ",34035,Suppressed,7033133,Suppressed,34035,9,1,1.2796573020871353e-06,0
,"Sussex County, NJ",34037,Suppressed,3216021,Suppressed,34037,4,1,1.243772972875488e-06,0
,"Warren County, NJ",34041,Suppressed,2353090,Suppressed,34041,3,1,1.2749193613503945e-06,0
,"Chaves County, NM",35005,Suppressed,1404536,Suppressed,35005,9,1,6.407810123770412e-06,1
,"Colfax County, NM",35007,Suppressed,293396,Suppressed,35007,1,1,3.4083627588651515e-06,0
,"Curry County, NM",35009,Suppressed,1052177,Suppressed,35009,7,1,6.652873043223716e-06,1
,"Eddy County, NM",35015,Suppressed,1189300,Suppressed,35015,6,1,5.044984444631296e-06,1
,"Grant County, NM",35017,Suppressed,642690,Suppressed,35017,1,1,1.555960105182903e-06,0
,"Guadalupe County, NM",35019,Suppressed,100824,Suppressed,35019,1,1,9.918273426961835e-06,1
,"Lea County, NM",35025,Suppressed,1400639,Suppressed,35025,4,1,2.8558393704587693e-06,0
,"Luna County, NM",35029,Suppressed,544427,Suppressed,35029,1,1,1.836793546242196e-06,0
,"Otero County, NM",35035,Suppressed,1406930,Suppressed,35035,1,1,7.107674155786003e-07,0
,"Quay County, NM",35037,Suppressed,197677,Suppressed,35037,1,1,5.058757467990712e-06,1
,"Rio Arriba County, NM",35039,Suppressed,881164,Suppressed,35039,1,1,1.1348625227539935e-06,0
,"Roosevelt County, NM",35041,Suppressed,419478,Suppressed,35041,1,1,2.3839152470451372e-06,0
,"Sandoval County, NM",35043,Suppressed,2706429,Suppressed,35043,5,1,1.847452861316517e-06,0
,"Santa Fe County, NM",35049,Suppressed,3125216,Suppressed,35049,7,1,2.239845181901027e-06,0
,"Sierra County, NM",35051,Suppressed,261813,Suppressed,35051,1,1,3.819520039111885e-06,1
,"Socorro County, NM",35053,Suppressed,386905,Suppressed,35053,1,1,2.584613794083819e-06,0
,"Taos County, NM",35055,Suppressed,706968,Suppressed,35055,5,1,7.072455896165031e-06,1
,"Valencia County, NM",35061,Suppressed,1611657,Suppressed,35061,8,1,4.96383535702696e-06,1
,"Albany County, NY",36001,Suppressed,6678604,Suppressed,36001,9,1,1.347587010698643e-06,0
,"Allegany County, NY",36003,Suppressed,1068312,Suppressed,36003,1,1,9.360561334142086e-07,0
,"Broome County, NY",36007,Suppressed,4359638,Suppressed,36007,9,1,2.0643915848058943e-06,0
,"Cattaraugus County, NY",36009,Suppressed,1765406,Suppressed,36009,4,1,2.2657677610702582e-06,0
,"Cayuga County, NY",36011,Suppressed,1753787,Suppressed,36011,3,1,1.7105840104870204e-06,0
,"Chautauqua County, NY",36013,Suppressed,2947508,Suppressed,36013,5,1,1.6963482372227658e-06,0
,"Chemung County, NY",36015,Suppressed,1939395,Suppressed,36015,2,1,1.0312494360354646e-06,0
,"Columbia County, NY",36021,Suppressed,1370769,Suppressed,36021,9,1,6.56565767098614e-06,1
,"Cortland County, NY",36023,Suppressed,1074628,Suppressed,36023,3,1,2.7916637199105177e-06,0
,"Dutchess County, NY",36027,Suppressed,6444663,Suppressed,36027,9,1,1.3965043633778834e-06,0
,"Essex County, NY",36031,Suppressed,851894,Suppressed,36031,8,1,9.390839705409359e-06,1
,"Franklin County, NY",36033,Suppressed,1124992,Suppressed,36033,4,1,3.5555808396859713e-06,1
,"Genesee County, NY",36037,Suppressed,1307739,Suppressed,36037,9,1,6.8821072094661095e-06,1
,"Greene County, NY",36039,Suppressed,1064254,Suppressed,36039,5,1,4.6981265750469344e-06,1
,"Hamilton County, NY",36041,Suppressed,107216,Suppressed,36041,1,1,9.326966124459036e-06,1
,"Herkimer County, NY",36043,Suppressed,1400157,Suppressed,36043,8,1,5.713644969814099e-06,1
,"Jefferson County, NY",36045,Suppressed,2507294,Suppressed,36045,1,1,3.9883635505050466e-07,0
,"Madison County, NY",36053,Suppressed,1574247,Suppressed,36053,7,1,4.446570328544377e-06,1
,"Monroe County, NY",36055,Suppressed,16340896,Suppressed,36055,9,1,5.507653925464063e-07,0
,"Montgomery County, NY",36057,Suppressed,1092058,Suppressed,36057,8,1,7.3256182363940375e-06,1
,"Niagara County, NY",36063,Suppressed,4732709,Suppressed,36063,9,1,1.9016592822419463e-06,0
,"Oneida County, NY",36065,Suppressed,5129996,Suppressed,36065,9,1,1.7543873328556203e-06,0
,"Orange County, NY",36071,Suppressed,8107577,Suppressed,36071,9,1,1.1100727134629742e-06,0
,"Orleans County, NY",36073,Suppressed,937066,Suppressed,36073,2,1,2.1343213818450356e-06,0
,"Oswego County, NY",36075,Suppressed,2664523,Suppressed,36075,2,1,7.506033913011822e-07,0
,"Otsego County, NY",36077,Suppressed,1354145,Suppressed,36077,4,1,2.953893416140812e-06,0
,"Rensselaer County, NY",36083,Suppressed,3464887,Suppressed,36083,9,1,2.5974873062238395e-06,0
,"St. Lawrence County, NY",36089,Suppressed,2441189,Suppressed,36089,8,1,3.2770916139635236e-06,0
,"Saratoga County, NY",36091,Suppressed,4794821,Suppressed,36091,9,1,1.8770252320159605e-06,0
,"Schenectady County, NY",36093,Suppressed,3352095,Suppressed,36093,9,1,2.684888107288129e-06,0
,"Seneca County, NY",36099,Suppressed,765894,Suppressed,36099,5,1,6.528318540163521e-06,1
,"Steuben County, NY",36101,Suppressed,2158528,Suppressed,36101,5,1,2.316393394016663e-06,0
,"Sullivan County, NY",36105,Suppressed,1670761,Suppressed,36105,2,1,1.1970593041135148e-06,0
,"Tioga County, NY",36107,Suppressed,1112569,Suppressed,36107,1,1,8.988206574154052e-07,0
,"Tompkins County, NY",36109,Suppressed,2223075,Suppressed,36109,7,1,3.1487916512038505e-06,0
,"Ulster County, NY",36111,Suppressed,3970393,Suppressed,36111,9,1,2.2667781249866196e-06,0
,"Washington County, NY",36115,Suppressed,1366337,Suppressed,36115,2,1,1.463767723482567e-06,0
,"Wayne County, NY",36117,Suppressed,2038117,Suppressed,36117,6,1,2.9438938000124627e-06,0
,"Alamance County, NC",37001,Suppressed,3281057,Suppressed,37001,8,1,2.4382386529706737e-06,0
,"Alexander County, NC",37003,Suppressed,798391,Suppressed,37003,3,1,3.7575573872951973e-06,1
,"Anson County, NC",37007,Suppressed,569028,Suppressed,37007,1,1,1.7573827649957472e-06,0
,"Beaufort County, NC",37013,Suppressed,1026877,Suppressed,37013,6,1,5.842958796428394e-06,1
,"Bertie County, NC",37015,Suppressed,441739,Suppressed,37015,1,1,2.2637801959980895e-06,0
,"Bladen County, NC",37017,Suppressed,743473,Suppressed,37017,2,1,2.6900775145835827e-06,0
,"Brunswick County, NC",37019,Suppressed,2325688,Suppressed,37019,6,1,2.5798817382211197e-06,0
,"Buncombe County, NC",37021,Suppressed,5187111,Suppressed,37021,9,1,1.7350698683718162e-06,0
,"Burke County, NC",37023,Suppressed,1976888,Suppressed,37023,2,1,1.0116911023790929e-06,0
,"Cabarrus County, NC",37025,Suppressed,3825132,Suppressed,37025,9,1,2.3528599797340325e-06,0
,"Caldwell County, NC",37027,Suppressed,1780104,Suppressed,37027,7,1,3.932354514118276e-06,1
,"Carteret County, NC",37031,Suppressed,1437432,Suppressed,37031,3,1,2.087055248526539e-06,0
,"Catawba County, NC",37035,Suppressed,3344237,Suppressed,37035,9,1,2.691196826062268e-06,0
,"Chatham County, NC",37037,Suppressed,1381908,Suppressed,37037,5,1,3.618185870549993e-06,1
,"Cherokee County, NC",37039,Suppressed,589108,Suppressed,37039,1,1,1.6974816162740957e-06,0
,"Chowan County, NC",37041,Suppressed,319779,Suppressed,37041,1,1,3.1271596946641276e-06,0
,"Clay County, NC",37043,Suppressed,225623,Suppressed,37043,1,1,4.4321722519423995e-06,1
,"Cleveland County, NC",37045,Suppressed,2140756,Suppressed,37045,6,1,2.8027481880232965e-06,0
,"Columbus County, NC",37047,Suppressed,1233250,Suppressed,37047,2,1,1.6217311980539225e-06,0
,"Craven County, NC",37049,Suppressed,2183335,Suppressed,37049,7,1,3.2061044228210513e-06,0
,"Cumberland County, NC",37051,Suppressed,6982205,Suppressed,37051,9,1,1.2889910851944335e-06,0
,"Currituck County, NC",37053,Suppressed,513366,Suppressed,37053,1,1,1.947927988998103e-06,0
,"Dare County, NC",37055,Suppressed,747246,Suppressed,37055,3,1,4.01474213311279e-06,1
,"Davidson County, NC",37057,Suppressed,3511783,Suppressed,37057,9,1,2.5628007197483443e-06,0
,"Davie County, NC",37059,Suppressed,878175,Suppressed,37059,6,1,6.832351182850798e-06,1
,"Duplin County, NC",37061,Suppressed,1232986,Suppressed,37061,2,1,1.6220784339805966e-06,0
,"Durham County, NC",37063,Suppressed,5933326,Suppressed,37063,9,1,1.5168558073498743e-06,0
,"Edgecombe County, NC",37065,Suppressed,1210025,Suppressed,37065,6,1,4.958575236048842e-06,1
,"Forsyth County, NC",37067,Suppressed,7612414,Suppressed,37067,9,1,1.1822793663087687e-06,0
,"Franklin County, NC",37069,Suppressed,1295866,Suppressed,37069,2,1,1.543369453323106e-06,0
,"Gaston County, NC",37071,Suppressed,4512808,Suppressed,37071,9,1,1.9943237115339275e-06,0
,"Granville County, NC",37077,Suppressed,1244056,Suppressed,37077,4,1,3.2152893438880564e-06,0
,"Greene County, NC",37079,Suppressed,453941,Suppressed,37079,1,1,2.2029294555900435e-06,0
,"Halifax County, NC",37083,Suppressed,1193056,Suppressed,37083,3,1,2.514550867687686e-06,0
,"Harnett County, NC",37085,Suppressed,2501257,Suppressed,37085,7,1,2.798592867506218e-06,0
,"Henderson County, NC",37089,Suppressed,2299707,Suppressed,37089,3,1,1.3045140098282086e-06,0
,"Hertford County, NC",37091,Suppressed,524917,Suppressed,37091,1,1,1.9050630861640984e-06,0
,"Hoke County, NC",37093,Suppressed,1000152,Suppressed,37093,8,1,7.99878418480391e-06,1
,"Johnston County, NC",37101,Suppressed,3630939,Suppressed,37101,9,1,2.478697659200554e-06,0
,"Lee County, NC",37105,Suppressed,1228627,Suppressed,37105,8,1,6.511333382710945e-06,1
,"Lenoir County, NC",37107,Suppressed,1288145,Suppressed,37107,3,1,2.3289303611006527e-06,0
,"Lincoln County, NC",37109,Suppressed,1662797,Suppressed,37109,6,1,3.6083779318822442e-06,1
,"McDowell County, NC",37111,Suppressed,975227,Suppressed,37111,2,1,2.050804581907597e-06,0
,"Moore County, NC",37125,Suppressed,1924867,Suppressed,37125,4,1,2.0780656533672196e-06,0
,"Nash County, NC",37127,Suppressed,2040450,Suppressed,37127,7,1,3.4306157955352986e-06,0
,"New Hanover County, NC",37129,Suppressed,4392387,Suppressed,37129,9,1,2.0489997807570237e-06,0
,"Northampton County, NC",37131,Suppressed,468488,Suppressed,37131,1,1,2.1345263912843017e-06,0
,"Onslow County, NC",37133,Suppressed,3818002,Suppressed,37133,9,1,2.357253872575237e-06,0
,"Orange County, NC",37135,Suppressed,2904510,Suppressed,37135,6,1,2.0657529152938016e-06,0
,"Pender County, NC",37141,Suppressed,1136012,Suppressed,37141,6,1,5.281634348932934e-06,1
,"Pitt County, NC",37147,Suppressed,3551357,Suppressed,37147,9,1,2.534242544469621e-06,0
,"Randolph County, NC",37151,Suppressed,3060539,Suppressed,37151,3,1,9.802194972846285e-07,0
,"Richmond County, NC",37153,Suppressed,1011946,Suppressed,37153,4,1,3.952780089056135e-06,1
,"Rockingham County, NC",37157,Suppressed,2029908,Suppressed,37157,2,1,9.852663273409435e-07,0
,"Rowan County, NC",37159,Suppressed,3004782,Suppressed,37159,7,1,2.329619919182157e-06,0
,"Rutherford County, NC",37161,Suppressed,1450684,Suppressed,37161,5,1,3.446649994071762e-06,1
,"Sampson County, NC",37163,Suppressed,1375736,Suppressed,37163,7,1,5.088185523966808e-06,1
,"Scotland County, NC",37165,Suppressed,786870,Suppressed,37165,3,1,3.8125738686187044e-06,1
,"Stokes County, NC",37169,Suppressed,1014305,Suppressed,37169,4,1,3.943586988134733e-06,1
,"Surry County, NC",37171,Suppressed,1595483,Suppressed,37171,4,1,2.5070777939971783e-06,0
,"Transylvania County, NC",37175,Suppressed,706901,Suppressed,37175,1,1,1.4146252445533392e-06,0
,"Union County, NC",37179,Suppressed,4165983,Suppressed,37179,9,1,2.1603544709615953e-06,0
,"Vance County, NC",37181,Suppressed,977310,Suppressed,37181,4,1,4.092867155764292e-06,1
,"Warren County, NC",37185,Suppressed,446902,Suppressed,37185,1,1,2.2376270412752685e-06,0
,"Washington County, NC",37187,Suppressed,283611,Suppressed,37187,1,1,3.5259563275049276e-06,1
,"Watauga County, NC",37189,Suppressed,1097705,Suppressed,37189,7,1,6.376940981411217e-06,1
,"Wayne County, NC",37191,Suppressed,2642840,Suppressed,37191,8,1,3.0270466619242935e-06,0
,"Wilkes County, NC",37193,Suppressed,1500360,Suppressed,37193,5,1,3.3325335252872643e-06,0
,"Wilson County, NC",37195,Suppressed,1739234,Suppressed,37195,5,1,2.874828803944725e-06,0
,"Burleigh County, ND",38015,Suppressed,1809843,Suppressed,38015,1,1,5.525341148375853e-07,0
,"Eddy County, ND",38027,Suppressed,54465,Suppressed,38027,1,1,1.8360414945377765e-05,1
,"Grand Forks County, ND",38035,Suppressed,1492305,Suppressed,38035,8,1,5.36083441387652e-06,1
,"Grant County, ND",38037,Suppressed,54726,Suppressed,38037,1,1,1.8272850199174067e-05,1
,"Pembina County, ND",38067,Suppressed,166126,Suppressed,38067,1,1,6.019527346712736e-06,1
,"Ransom County, ND",38073,Suppressed,122551,Suppressed,38073,1,1,8.159868136530914e-06,1
,"Sioux County, ND",38085,Suppressed,92438,Suppressed,38085,1,1,1.0818061836041455e-05,1
,"Walsh County, ND",38099,Suppressed,249156,Suppressed,38099,1,1,4.013549743935526e-06,1
,"Ward County, ND",38101,Suppressed,1384506,Suppressed,38101,1,1,7.222792822855228e-07,0
,"Adams County, OH",39001,Suppressed,617591,Suppressed,39001,1,1,1.619194580231901e-06,0
,"Ashtabula County, OH",39007,Suppressed,2214544,Suppressed,39007,9,1,4.064042078188557e-06,1
,"Athens County, OH",39009,Suppressed,1417631,Suppressed,39009,5,1,3.527010907633933e-06,1
,"Belmont County, OH",39013,Suppressed,1528917,Suppressed,39013,4,1,2.6162309661021496e-06,0
,"Butler County, OH",39017,Suppressed,7968657,Suppressed,39017,9,1,1.129424945759367e-06,0
,"Carroll County, OH",39019,Suppressed,626037,Suppressed,39019,1,1,1.5973496774152327e-06,0
,"Clark County, OH",39023,Suppressed,3053631,Suppressed,39023,8,1,2.6198319312320317e-06,0
,"Clermont County, OH",39025,Suppressed,4282442,Suppressed,39025,9,1,2.1016046452000986e-06,0
,"Darke County, OH",39037,Suppressed,1156066,Suppressed,39037,1,1,8.650025171573249e-07,0
,"Delaware County, OH",39041,Suppressed,3665161,Suppressed,39041,9,1,2.455553794226229e-06,0
,"Fairfield County, OH",39045,Suppressed,3152521,Suppressed,39045,6,1,1.9032387095914666e-06,0
,"Geauga County, OH",39055,Suppressed,2050458,Suppressed,39055,5,1,2.4384795982165935e-06,0
,"Guernsey County, OH",39059,Suppressed,881119,Suppressed,39059,3,1,3.4047614453893287e-06,0
,"Hancock County, OH",39063,Suppressed,1636700,Suppressed,39063,4,1,2.443942078572738e-06,0
,"Hardin County, OH",39065,Suppressed,699731,Suppressed,39065,6,1,8.574723715256292e-06,1
,"Highland County, OH",39071,Suppressed,942338,Suppressed,39071,7,1,7.428332509142155e-06,1
,"Hocking County, OH",39073,Suppressed,633215,Suppressed,39073,1,1,1.5792424374027779e-06,0
,"Holmes County, OH",39075,Suppressed,928905,Suppressed,39075,1,1,1.0765363519412641e-06,0
,"Huron County, OH",39077,Suppressed,1304594,Suppressed,39077,8,1,6.13217598731866e-06,1
,"Jackson County, OH",39079,Suppressed,722236,Suppressed,39079,2,1,2.7691779418361867e-06,0
,"Jefferson County, OH",39081,Suppressed,1528663,Suppressed,39081,3,1,1.962499255885699e-06,0
,"Lake County, OH",39085,Suppressed,5037013,Suppressed,39085,9,1,1.7867732324693226e-06,0
,"Lawrence County, OH",39087,Suppressed,1357587,Suppressed,39087,3,1,2.2098031286392697e-06,0
,"Licking County, OH",39089,Suppressed,3591097,Suppressed,39089,9,1,2.5061979668051297e-06,0
,"Logan County, OH",39091,Suppressed,1007058,Suppressed,39091,1,1,9.929914662313391e-07,0
,"Lorain County, OH",39093,Suppressed,6577932,Suppressed,39093,9,1,1.3682111642382438e-06,0
,"Mahoning County, OH",39099,Suppressed,5299787,Suppressed,39099,9,1,1.698181455216974e-06,0
,"Marion County, OH",39101,Suppressed,1451627,Suppressed,39101,2,1,1.3777643981546225e-06,0
,"Medina County, OH",39103,Suppressed,3720527,Suppressed,39103,9,1,2.4190121453224235e-06,0
,"Mercer County, OH",39107,Suppressed,900533,Suppressed,39107,9,1,9.994081282973527e-06,1
,"Monroe County, OH",39111,Suppressed,321218,Suppressed,39111,1,1,3.1131505706405e-06,0
,"Morrow County, OH",39117,Suppressed,755081,Suppressed,39117,4,1,5.29744490988384e-06,1
,"Muskingum County, OH",39119,Suppressed,1885562,Suppressed,39119,2,1,1.0606917194979533e-06,0
,"Noble County, OH",39121,Suppressed,316255,Suppressed,39121,1,1,3.162005343789031e-06,0
,"Ottawa County, OH",39123,Suppressed,905138,Suppressed,39123,2,1,2.2096078167086125e-06,0
,"Paulding County, OH",39125,Suppressed,428512,Suppressed,39125,1,1,2.3336569337614815e-06,0
,"Perry County, OH",39127,Suppressed,782018,Suppressed,39127,7,1,8.951200611750625e-06,1
,"Pickaway County, OH",39129,Suppressed,1215214,Suppressed,39129,8,1,6.58320262933113e-06,1
,"Pike County, OH",39131,Suppressed,621377,Suppressed,39131,1,1,1.6093289581043392e-06,0
,"Portage County, OH",39133,Suppressed,3504907,Suppressed,39133,9,1,2.5678284759053523e-06,0
,"Preble County, OH",39135,Suppressed,923869,Suppressed,39135,3,1,3.247213620112808e-06,0
,"Putnam County, OH",39137,Suppressed,756297,Suppressed,39137,1,1,1.3222318745149063e-06,0
,"Richland County, OH",39139,Suppressed,2745408,Suppressed,39139,3,1,1.092733757605427e-06,0
,"Ross County, OH",39141,Suppressed,1680935,Suppressed,39141,1,1,5.949070011630431e-07,0
,"Sandusky County, OH",39143,Suppressed,1334730,Suppressed,39143,2,1,1.4984303941621152e-06,0
,"Scioto County, OH",39145,Suppressed,1712366,Suppressed,39145,4,1,2.3359492071204403e-06,0
,"Seneca County, OH",39147,Suppressed,1248768,Suppressed,39147,3,1,2.402367773677737e-06,0
,"Stark County, OH",39151,Suppressed,8256302,Suppressed,39151,9,1,1.090076404666399e-06,0
,"Trumbull County, OH",39155,Suppressed,4647948,Suppressed,39155,9,1,1.936338358346522e-06,0
,"Union County, OH",39159,Suppressed,1114204,Suppressed,39159,5,1,4.487508571141371e-06,1
,"Warren County, OH",39165,Suppressed,4516926,Suppressed,39165,9,1,1.99250552256114e-06,0
,"Washington County, OH",39167,Suppressed,1358482,Suppressed,39167,3,1,2.208347258189656e-06,0
,"Wayne County, OH",39169,Suppressed,2515724,Suppressed,39169,9,1,3.577498962525301e-06,1
,"Williams County, OH",39171,Suppressed,834207,Suppressed,39171,8,1,9.589945900717688e-06,1
,"Wood County, OH",39173,Suppressed,2780761,Suppressed,39173,6,1,2.157682735049866e-06,0
,"Adair County, OK",40001,Suppressed,482821,Suppressed,40001,1,1,2.071160947846096e-06,0
,"Alfalfa County, OK",40003,Suppressed,127218,Suppressed,40003,1,1,7.86052288198211e-06,1
,"Beckham County, OK",40009,Suppressed,472242,Suppressed,40009,1,1,2.1175583704964827e-06,0
,"Blaine County, OK",40011,Suppressed,239454,Suppressed,40011,1,1,4.176167447609979e-06,1
,"Bryan County, OK",40013,Suppressed,921748,Suppressed,40013,4,1,4.339580883278293e-06,1
,"Caddo County, OK",40015,Suppressed,645150,Suppressed,40015,1,1,1.5500271254746957e-06,0
,"Canadian County, OK",40017,Suppressed,2546081,Suppressed,40017,4,1,1.5710419267886606e-06,0
,"Carter County, OK",40019,Suppressed,1039020,Suppressed,40019,4,1,3.849781524898462e-06,1
,"Cherokee County, OK",40021,Suppressed,1019955,Suppressed,40021,7,1,6.863047879563314e-06,1
,"Choctaw County, OK",40023,Suppressed,332151,Suppressed,40023,1,1,3.0106788779801956e-06,0
,"Cimarron County, OK",40025,Suppressed,55328,Suppressed,40025,1,1,1.8074031231925968e-05,1
,"Craig County, OK",40035,Suppressed,323899,Suppressed,40035,1,1,3.0873821777776405e-06,0
,"Creek County, OK",40037,Suppressed,1529132,Suppressed,40037,5,1,3.2698288963935097e-06,0
,"Custer County, OK",40039,Suppressed,604351,Suppressed,40039,1,1,1.6546675690120476e-06,0
,"Delaware County, OK",40041,Suppressed,891544,Suppressed,40041,8,1,8.973197060380643e-06,1
,"Dewey County, OK",40043,Suppressed,104995,Suppressed,40043,1,1,9.524263060145721e-06,1
,"Ellis County, OK",40045,Suppressed,88688,Suppressed,40045,1,1,1.127548259065488e-05,1
,"Garfield County, OK",40047,Suppressed,1315683,Suppressed,40047,9,1,6.840553537592262e-06,1
,"Garvin County, OK",40049,Suppressed,603091,Suppressed,40049,1,1,1.658124561633319e-06,0
,"Grady County, OK",40051,Suppressed,1130933,Suppressed,40051,4,1,3.536902716606554e-06,1
,"Grant County, OK",40053,Suppressed,102271,Suppressed,40053,1,1,9.777942916369255e-06,1
,"Greer County, OK",40055,Suppressed,132770,Suppressed,40055,1,1,7.531821947729155e-06,1
,"Harper County, OK",40059,Suppressed,79816,Suppressed,40059,1,1,1.2528816277438108e-05,1
,"Hughes County, OK",40063,Suppressed,300679,Suppressed,40063,1,1,3.3258059259209986e-06,0
,"Jackson County, OK",40065,Suppressed,580991,Suppressed,40065,1,1,1.7211970581299883e-06,0
,"Jefferson County, OK",40067,Suppressed,141009,Suppressed,40067,1,1,7.091745916927288e-06,1
,"Johnston County, OK",40069,Suppressed,237713,Suppressed,40069,1,1,4.2067535221043865e-06,1
,"Kay County, OK",40071,Suppressed,1013773,Suppressed,40071,5,1,4.932070591739966e-06,1
,"Kingfisher County, OK",40073,Suppressed,327615,Suppressed,40073,1,1,3.052363292279047e-06,0
,"Kiowa County, OK",40075,Suppressed,208740,Suppressed,40075,1,1,4.790648653827728e-06,1
,"Latimer County, OK",40077,Suppressed,235421,Suppressed,40077,1,1,4.247709422693812e-06,1
,"Le Flore County, OK",40079,Suppressed,1086221,Suppressed,40079,2,1,1.8412459342988214e-06,0
,"Lincoln County, OK",40081,Suppressed,743774,Suppressed,40081,3,1,4.0334832892787326e-06,1
,"Logan County, OK",40083,Suppressed,903386,Suppressed,40083,4,1,4.427786129074393e-06,1
,"Love County, OK",40085,Suppressed,207831,Suppressed,40085,1,1,4.811601734101265e-06,1
,"McCurtain County, OK",40089,Suppressed,731713,Suppressed,40089,3,1,4.099968156913981e-06,1
,"McIntosh County, OK",40091,Suppressed,436717,Suppressed,40091,1,1,2.2898123956704226e-06,0
,"Marshall County, OK",40095,Suppressed,337120,Suppressed,40095,1,1,2.9663028001898432e-06,0
,"Mayes County, OK",40097,Suppressed,886149,Suppressed,40097,8,1,9.027827148707497e-06,1
,"Murray County, OK",40099,Suppressed,293180,Suppressed,40099,1,1,3.4108738658844394e-06,0
,"Muskogee County, OK",40101,Suppressed,1532583,Suppressed,40101,2,1,1.304986418353851e-06,0
,"Nowata County, OK",40105,Suppressed,231657,Suppressed,40105,1,1,4.3167268850067124e-06,1
,"Okfuskee County, OK",40107,Suppressed,264737,Suppressed,40107,1,1,3.777333731212486e-06,1
,"Okmulgee County, OK",40111,Suppressed,866311,Suppressed,40111,5,1,5.771599344808042e-06,1
,"Osage County, OK",40113,Suppressed,1028049,Suppressed,40113,6,1,5.836297686199783e-06,1
,"Ottawa County, OK",40115,Suppressed,707042,Suppressed,40115,7,1,9.900401956319427e-06,1
,"Pawnee County, OK",40117,Suppressed,363802,Suppressed,40117,1,1,2.748747945310911e-06,0
,"Payne County, OK",40119,Suppressed,1676959,Suppressed,40119,4,1,2.3852700036196474e-06,0
,"Pittsburg County, OK",40121,Suppressed,978839,Suppressed,40121,8,1,8.172947747280196e-06,1
,"Pontotoc County, OK",40123,Suppressed,809917,Suppressed,40123,6,1,7.408166515828165e-06,1
,"Pushmataha County, OK",40127,Suppressed,249976,Suppressed,40127,1,1,4.0003840368675396e-06,1
,"Rogers County, OK",40131,Suppressed,1856157,Suppressed,40131,5,1,2.693737652580035e-06,0
,"Seminole County, OK",40133,Suppressed,549759,Suppressed,40133,1,1,1.8189788616466488e-06,0
,"Sequoyah County, OK",40135,Suppressed,900994,Suppressed,40135,2,1,2.219770608905276e-06,0
,"Stephens County, OK",40137,Suppressed,964317,Suppressed,40137,5,1,5.1850169601904766e-06,1
,"Texas County, OK",40139,Suppressed,447826,Suppressed,40139,1,1,2.2330101423320663e-06,0
,"Tillman County, OK",40141,Suppressed,178890,Suppressed,40141,1,1,5.590027391134216e-06,1
,"Wagoner County, OK",40145,Suppressed,1551041,Suppressed,40145,8,1,5.157826259911892e-06,1
,"Washington County, OK",40147,Suppressed,1112704,Suppressed,40147,6,1,5.392269642240883e-06,1
,"Washita County, OK",40149,Suppressed,250676,Suppressed,40149,1,1,3.989213167594824e-06,1
,"Woodward County, OK",40153,Suppressed,436996,Suppressed,40153,1,1,2.2883504654504845e-06,0
,"Baker County, OR",41001,Suppressed,356449,Suppressed,41001,1,1,2.805450429093643e-06,0
,"Benton County, OR",41003,Suppressed,1868875,Suppressed,41003,8,1,4.280650123737543e-06,1
,"Clackamas County, OR",41005,Suppressed,8310677,Suppressed,41005,9,1,1.0829442655514106e-06,0
,"Columbia County, OR",41009,Suppressed,1067304,Suppressed,41009,5,1,4.684700891217498e-06,1
,"Coos County, OR",41011,Suppressed,1390944,Suppressed,41011,2,1,1.437872408953919e-06,0
,"Crook County, OR",41013,Suppressed,470705,Suppressed,41013,1,1,2.1244728651703297e-06,0
,"Curry County, OR",41015,Suppressed,490683,Suppressed,41015,1,1,2.037975638039223e-06,0
,"Deschutes County, OR",41017,Suppressed,3443034,Suppressed,41017,9,1,2.6139736058371775e-06,0
,"Douglas County, OR",41019,Suppressed,2337696,Suppressed,41019,1,1,4.277716178664805e-07,0
,"Grant County, OR",41023,Suppressed,162169,Suppressed,41023,1,1,6.1664066498529315e-06,1
,"Hood River County, OR",41027,Suppressed,482999,Suppressed,41027,1,1,2.0703976612788017e-06,0
,"Jackson County, OR",41029,Suppressed,4449466,Suppressed,41029,9,1,2.0227146358686636e-06,0
,"Jefferson County, OR",41031,Suppressed,476689,Suppressed,41031,1,1,2.097803809192157e-06,0
,"Josephine County, OR",41033,Suppressed,1807787,Suppressed,41033,3,1,1.6594875391846495e-06,0
,"Klamath County, OR",41035,Suppressed,1450669,Suppressed,41035,7,1,4.8253598856803306e-06,1
,"Lane County, OR",41039,Suppressed,7705945,Suppressed,41039,9,1,1.1679294362988575e-06,0
,"Lincoln County, OR",41041,Suppressed,1019985,Suppressed,41041,7,1,6.862846022245425e-06,1
,"Linn County, OR",41043,Suppressed,2538122,Suppressed,41043,3,1,1.1819762801000109e-06,0
,"Marion County, OR",41047,Suppressed,6929029,Suppressed,41047,9,1,1.2988832923054586e-06,0
,"Morrow County, OR",41049,Suppressed,246631,Suppressed,41049,1,1,4.054640333129249e-06,1
,"Polk County, OR",41053,Suppressed,1631560,Suppressed,41053,5,1,3.0645517173747824e-06,0
,"Umatilla County, OR",41059,Suppressed,1647264,Suppressed,41059,4,1,2.42826893564116e-06,0
,"Union County, OR",41061,Suppressed,559397,Suppressed,41061,1,1,1.7876391900564358e-06,0
,"Wasco County, OR",41065,Suppressed,549645,Suppressed,41065,1,1,1.8193561298656405e-06,0
,"Washington County, OR",41067,Suppressed,11591662,Suppressed,41067,9,1,7.76420154417891e-07,0
,"Adams County, PA",42001,Suppressed,2185254,Suppressed,42001,4,1,1.8304508308873935e-06,0
,"Armstrong County, PA",42005,Suppressed,1516074,Suppressed,42005,3,1,1.978795230311977e-06,0
,"Bedford County, PA",42009,Suppressed,1084488,Suppressed,42009,2,1,1.8441882252270197e-06,0
,"Berks County, PA",42011,Suppressed,8875923,Suppressed,42011,9,1,1.0139790532207187e-06,0
,"Blair County, PA",42013,Suppressed,2777209,Suppressed,42013,3,1,1.0802211860900638e-06,0
,"Bradford County, PA",42015,Suppressed,1364074,Suppressed,42015,1,1,7.330980577300059e-07,0
,"Cambria County, PA",42021,Suppressed,3133160,Suppressed,42021,3,1,9.574997765833854e-07,0
,"Carbon County, PA",42025,Suppressed,1386997,Suppressed,42025,1,1,7.20982092967757e-07,0
,"Centre County, PA",42027,Suppressed,3334568,Suppressed,42027,9,1,2.6990002902924757e-06,0
,"Clearfield County, PA",42033,Suppressed,1793058,Suppressed,42033,6,1,3.3462386604337396e-06,0
,"Columbia County, PA",42037,Suppressed,1449030,Suppressed,42037,4,1,2.7604673471218676e-06,0
,"Crawford County, PA",42039,Suppressed,1938681,Suppressed,42039,9,1,4.642331564605007e-06,1
,"Cumberland County, PA",42041,Suppressed,5146564,Suppressed,42041,9,1,1.7487395473951164e-06,0
,"Dauphin County, PA",42043,Suppressed,5842113,Suppressed,42043,9,1,1.5405385003679319e-06,0
,"Elk County, PA",42047,Suppressed,710637,Suppressed,42047,3,1,4.22156459627067e-06,1
,"Fayette County, PA",42051,Suppressed,3038815,Suppressed,42051,4,1,1.3163025718906877e-06,0
,"Forest County, PA",42053,Suppressed,151739,Suppressed,42053,1,1,6.59026354463915e-06,1
,"Franklin County, PA",42055,Suppressed,3195900,Suppressed,42055,4,1,1.2516036171344535e-06,0
,"Greene County, PA",42059,Suppressed,848178,Suppressed,42059,1,1,1.1789978047060877e-06,0
,"Huntingdon County, PA",42061,Suppressed,1003915,Suppressed,42061,8,1,7.968802139623374e-06,1
,"Jefferson County, PA",42065,Suppressed,987409,Suppressed,42065,1,1,1.0127515548268245e-06,0
,"Lackawanna County, PA",42069,Suppressed,4675378,Suppressed,42069,9,1,1.9249780445559697e-06,0
,"Lawrence County, PA",42073,Suppressed,1993509,Suppressed,42073,9,1,4.514652304052803e-06,1
,"Lebanon County, PA",42075,Suppressed,2895364,Suppressed,42075,8,1,2.7630377389509575e-06,0
,"Luzerne County, PA",42079,Suppressed,7000334,Suppressed,42079,9,1,1.285652941702496e-06,0
,"Lycoming County, PA",42081,Suppressed,2565381,Suppressed,42081,5,1,1.9490282340128034e-06,0
,"Mercer County, PA",42085,Suppressed,2553565,Suppressed,42085,5,1,1.9580468873907656e-06,0
,"Mifflin County, PA",42087,Suppressed,1022535,Suppressed,42087,6,1,5.867769807390456e-06,1
,"Monroe County, PA",42089,Suppressed,3563444,Suppressed,42089,9,1,2.5256465374508483e-06,0
,"Northampton County, PA",42095,Suppressed,6411446,Suppressed,42095,9,1,1.403739499638615e-06,0
,"Northumberland County, PA",42097,Suppressed,2056395,Suppressed,42097,4,1,1.9451515880946997e-06,0
,"Perry County, PA",42099,Suppressed,995448,Suppressed,42099,6,1,6.027436892735733e-06,1
,"Schuylkill County, PA",42107,Suppressed,3224748,Suppressed,42107,1,1,3.101017505864024e-07,0
,"Snyder County, PA",42109,Suppressed,866057,Suppressed,42109,1,1,1.1546584116287957e-06,0
,"Somerset County, PA",42111,Suppressed,1701175,Suppressed,42111,5,1,2.939145002718709e-06,0
,"Susquehanna County, PA",42115,Suppressed,929453,Suppressed,42115,5,1,5.3795081623277345e-06,1
,"Union County, PA",42119,Suppressed,970191,Suppressed,42119,8,1,8.245799023078962e-06,1
,"Warren County, PA",42123,Suppressed,913743,Suppressed,42123,2,1,2.188799257559292e-06,0
,"Washington County, PA",42125,Suppressed,4538393,Suppressed,42125,9,1,1.9830807953387908e-06,0
,"Wayne County, PA",42127,Suppressed,1116208,Suppressed,42127,8,1,7.167122973495979e-06,1
,"Westmoreland County, PA",42129,Suppressed,7971306,Suppressed,42129,9,1,1.1290496187199438e-06,0
,"Kent County, RI",44003,Suppressed,3664868,Suppressed,44003,9,1,2.4557501116001993e-06,0
,"Newport County, RI",44005,Suppressed,1838010,Suppressed,44005,3,1,1.632200042437201e-06,0
,"Washington County, RI",44009,Suppressed,2776854,Suppressed,44009,4,1,1.4404790457114417e-06,0
,"Abbeville County, SC",45001,Suppressed,559793,Suppressed,45001,1,1,1.786374606327696e-06,0
,"Allendale County, SC",45005,Suppressed,224440,Suppressed,45005,1,1,4.455533772945999e-06,1
,"Bamberg County, SC",45009,Suppressed,344507,Suppressed,45009,1,1,2.902698638924608e-06,0
,"Barnwell County, SC",45011,Suppressed,492308,Suppressed,45011,1,1,2.0312487304695435e-06,0
,"Beaufort County, SC",45013,Suppressed,3486070,Suppressed,45013,9,1,2.581703752362976e-06,0
,"Berkeley County, SC",45015,Suppressed,3960391,Suppressed,45015,9,1,2.27250289175993e-06,0
,"Calhoun County, SC",45017,Suppressed,330475,Suppressed,45017,1,1,3.0259474998108783e-06,0
,"Cherokee County, SC",45021,Suppressed,1210626,Suppressed,45021,4,1,3.3040757426323242e-06,0
,"Chester County, SC",45023,Suppressed,727168,Suppressed,45023,4,1,5.500792114064425e-06,1
,"Chesterfield County, SC",45025,Suppressed,995906,Suppressed,45025,2,1,2.008221659473886e-06,0
,"Clarendon County, SC",45027,Suppressed,744830,Suppressed,45027,5,1,6.7129412080609e-06,1
,"Colleton County, SC",45029,Suppressed,841449,Suppressed,45029,7,1,8.318983087507383e-06,1
,"Darlington County, SC",45031,Suppressed,1492475,Suppressed,45031,5,1,3.350139868339503e-06,0
,"Dillon County, SC",45033,Suppressed,685005,Suppressed,45033,5,1,7.299216794038e-06,1
,"Dorchester County, SC",45035,Suppressed,2892142,Suppressed,45035,8,1,2.766115909938032e-06,0
,"Edgefield County, SC",45037,Suppressed,576248,Suppressed,45037,1,1,1.735363940525607e-06,0
,"Fairfield County, SC",45039,Suppressed,514535,Suppressed,45039,1,1,1.9435023856491785e-06,0
,"Florence County, SC",45041,Suppressed,2952499,Suppressed,45041,7,1,2.37087294525756e-06,0
,"Georgetown County, SC",45043,Suppressed,1317647,Suppressed,45043,5,1,3.7946430265465637e-06,1
,"Greenwood County, SC",45047,Suppressed,1514234,Suppressed,45047,3,1,1.9811997353117155e-06,0
,"Hampton County, SC",45049,Suppressed,452956,Suppressed,45049,1,1,2.2077199551391304e-06,0
,"Horry County, SC",45051,Suppressed,5923519,Suppressed,45051,9,1,1.5193671194436956e-06,0
,"Kershaw County, SC",45055,Suppressed,1321397,Suppressed,45055,8,1,6.054198700314894e-06,1
,"Lancaster County, SC",45057,Suppressed,1687344,Suppressed,45057,6,1,3.5558842773020796e-06,1
,"Laurens County, SC",45059,Suppressed,1483777,Suppressed,45059,3,1,2.021867167370838e-06,0
,"Marion County, SC",45067,Suppressed,728224,Suppressed,45067,3,1,4.119611548095092e-06,1
,"Marlboro County, SC",45069,Suppressed,617246,Suppressed,45069,1,1,1.6200996037236369e-06,0
,"Oconee County, SC",45073,Suppressed,1607831,Suppressed,45073,7,1,4.353691401646068e-06,1
,"Pickens County, SC",45077,Suppressed,2601016,Suppressed,45077,1,1,3.8446514746545194e-07,0
,"Saluda County, SC",45081,Suppressed,433402,Suppressed,45081,1,1,2.3073266851560447e-06,0
,"Sumter County, SC",45085,Suppressed,2342535,Suppressed,45085,9,1,3.841991688491314e-06,1
,"Union County, SC",45087,Suppressed,630478,Suppressed,45087,1,1,1.5860981667877388e-06,0
,"Williamsburg County, SC",45089,Suppressed,748919,Suppressed,45089,2,1,2.6705157700632513e-06,0
,"York County, SC",45091,Suppressed,4859296,Suppressed,45091,9,1,1.8521201425062396e-06,0
,"Bon Homme County, SD",46009,Suppressed,155023,Suppressed,46009,1,1,6.450655709152835e-06,1
,"Brown County, SD",46013,Suppressed,812059,Suppressed,46013,7,1,8.620063320522278e-06,1
,"Codington County, SD",46029,Suppressed,597043,Suppressed,46029,1,1,1.674921236828838e-06,0
,"Corson County, SD",46031,Suppressed,90937,Suppressed,46031,1,1,1.0996624036420819e-05,1
,"Custer County, SD",46033,Suppressed,178905,Suppressed,46033,1,1,5.589558704340292e-06,1
,"Davison County, SD",46035,Suppressed,427252,Suppressed,46035,1,1,2.340539072959284e-06,0
,"Day County, SD",46037,Suppressed,126393,Suppressed,46037,1,1,7.911830560236722e-06,1
,"Hand County, SD",46059,Suppressed,75228,Suppressed,46059,1,1,1.329292284787579e-05,1
,"Hughes County, SD",46065,Suppressed,374775,Suppressed,46065,1,1,2.6682676272430124e-06,0
,"Hutchinson County, SD",46067,Suppressed,164629,Suppressed,46067,1,1,6.0742639510657296e-06,1
,"Kingsbury County, SD",46077,Suppressed,115009,Suppressed,46077,1,1,8.694971697867123e-06,1
,"Lincoln County, SD",46083,Suppressed,947607,Suppressed,46083,4,1,4.2211591936319594e-06,1
,"Marshall County, SD",46091,Suppressed,102821,Suppressed,46091,1,1,9.725639703951527e-06,1
,"Meade County, SD",46093,Suppressed,571411,Suppressed,46093,1,1,1.7500538141547853e-06,0
,"Minnehaha County, SD",46099,Suppressed,3745503,Suppressed,46099,9,1,2.4028815355374165e-06,0
,"Pennington County, SD",46103,Suppressed,2214038,Suppressed,46103,5,1,2.2583171562547706e-06,0
,"Roberts County, SD",46109,Suppressed,223231,Suppressed,46109,1,1,4.479664562717544e-06,1
,"Todd County, SD",46121,Suppressed,212990,Suppressed,46121,1,1,4.695056105920466e-06,1
,"Walworth County, SD",46129,Suppressed,122126,Suppressed,46129,1,1,8.188264579205084e-06,1
,"Yankton County, SD",46135,Suppressed,489906,Suppressed,46135,1,1,2.0412079051899753e-06,0
,"Anderson County, TN",47001,Suppressed,1632928,Suppressed,47001,8,1,4.899174978933547e-06,1
,"Bedford County, TN",47003,Suppressed,969842,Suppressed,47003,4,1,4.124383146945585e-06,1
,"Benton County, TN",47005,Suppressed,359963,Suppressed,47005,1,1,2.7780633009503756e-06,0
,"Blount County, TN",47009,Suppressed,2657538,Suppressed,47009,5,1,1.8814406416766195e-06,0
,"Bradley County, TN",47011,Suppressed,2158877,Suppressed,47011,1,1,4.632037860424656e-07,0
,"Campbell County, TN",47013,Suppressed,882316,Suppressed,47013,1,1,1.1333807842088321e-06,0
,"Carroll County, TN",47017,Suppressed,628839,Suppressed,47017,1,1,1.5902321579927454e-06,0
,"Carter County, TN",47019,Suppressed,1255209,Suppressed,47019,3,1,2.3900402243769765e-06,0
,"Cheatham County, TN",47021,Suppressed,850009,Suppressed,47021,6,1,7.058748789718697e-06,1
,"Claiborne County, TN",47025,Suppressed,689607,Suppressed,47025,2,1,2.9002025791501535e-06,0
,"Clay County, TN",47027,Suppressed,172282,Suppressed,47027,1,1,5.804436911575208e-06,1
,"Coffee County, TN",47031,Suppressed,1152501,Suppressed,47031,2,1,1.7353564118382544e-06,0
,"Crockett County, TN",47033,Suppressed,318516,Suppressed,47033,1,1,3.1395597081465294e-06,0
,"Cumberland County, TN",47035,Suppressed,1203262,Suppressed,47035,4,1,3.3242967865685112e-06,0
,"Dickson County, TN",47043,Suppressed,1074734,Suppressed,47043,6,1,5.582776761505638e-06,1
,"Dyer County, TN",47045,Suppressed,829128,Suppressed,47045,7,1,8.442604760664217e-06,1
,"Fentress County, TN",47049,Suppressed,388012,Suppressed,47049,1,1,2.5772398791789946e-06,0
,"Gibson County, TN",47053,Suppressed,1074460,Suppressed,47053,2,1,1.8614001451892114e-06,0
,"Giles County, TN",47055,Suppressed,646077,Suppressed,47055,1,1,1.547803125633632e-06,0
,"Greene County, TN",47059,Suppressed,1478691,Suppressed,47059,2,1,1.352547624892557e-06,0
,"Hamblen County, TN",47063,Suppressed,1357748,Suppressed,47063,9,1,6.628623279135745e-06,1
,"Hancock County, TN",47067,Suppressed,147503,Suppressed,47067,1,1,6.779523128343153e-06,1
,"Hardeman County, TN",47069,Suppressed,591370,Suppressed,47069,1,1,1.6909887211052301e-06,0
,"Hardin County, TN",47071,Suppressed,567443,Suppressed,47071,1,1,1.7622915429391146e-06,0
,"Hawkins County, TN",47073,Suppressed,1229364,Suppressed,47073,3,1,2.4402861967651567e-06,0
,"Haywood County, TN",47075,Suppressed,410581,Suppressed,47075,1,1,2.435573005083041e-06,0
,"Henderson County, TN",47077,Suppressed,598495,Suppressed,47077,1,1,1.670857734818169e-06,0
,"Henry County, TN",47079,Suppressed,701507,Suppressed,47079,8,1,1.1404020202221789e-05,1
,"Humphreys County, TN",47085,Suppressed,401555,Suppressed,47085,1,1,2.490318885333267e-06,0
,"Jefferson County, TN",47089,Suppressed,1106330,Suppressed,47089,8,1,7.2311154899532685e-06,1
,"Lauderdale County, TN",47097,Suppressed,596383,Suppressed,47097,1,1,1.6767748242320791e-06,0
,"Lawrence County, TN",47099,Suppressed,918429,Suppressed,47099,7,1,7.621710551387206e-06,1
,"Lewis County, TN",47101,Suppressed,261035,Suppressed,47101,1,1,3.830903901775624e-06,1
,"McMinn County, TN",47107,Suppressed,1138654,Suppressed,47107,2,1,1.7564598201033852e-06,0
,"McNairy County, TN",47109,Suppressed,561769,Suppressed,47109,1,1,1.780091105062757e-06,0
,"Macon County, TN",47111,Suppressed,490091,Suppressed,47111,1,1,2.0404373881585257e-06,0
,"Marshall County, TN",47117,Suppressed,664215,Suppressed,47117,8,1,1.2044292887092282e-05,1
,"Maury County, TN",47119,Suppressed,1785510,Suppressed,47119,7,1,3.9204484993083205e-06,1
,"Meigs County, TN",47121,Suppressed,255723,Suppressed,47121,1,1,3.910481262929028e-06,1
,"Monroe County, TN",47123,Suppressed,958744,Suppressed,47123,6,1,6.2581877956993735e-06,1
,"Montgomery County, TN",47125,Suppressed,3747154,Suppressed,47125,9,1,2.40182282340144e-06,0
,"Morgan County, TN",47129,Suppressed,466960,Suppressed,47129,1,1,2.141511050197019e-06,0
,"Obion County, TN",47131,Suppressed,693191,Suppressed,47131,4,1,5.770415368924294e-06,1
,"Perry County, TN",47135,Suppressed,171453,Suppressed,47135,1,1,5.832502201769581e-06,1
,"Polk County, TN",47139,Suppressed,364766,Suppressed,47139,1,1,2.741483581254832e-06,0
,"Putnam County, TN",47141,Suppressed,1563530,Suppressed,47141,3,1,1.9187351697760837e-06,0
,"Roane County, TN",47145,Suppressed,1170207,Suppressed,47145,2,1,1.7090993302894273e-06,0
,"Robertson County, TN",47147,Suppressed,1410682,Suppressed,47147,5,1,3.544384914530702e-06,1
,"Rutherford County, TN",47149,Suppressed,5667643,Suppressed,47149,9,1,1.5879616976580918e-06,0
,"Sevier County, TN",47155,Suppressed,1921222,Suppressed,47155,6,1,3.123012332775702e-06,0
,"Smith County, TN",47159,Suppressed,416440,Suppressed,47159,1,1,2.4013063106329843e-06,0
,"Sullivan County, TN",47163,Suppressed,3423929,Suppressed,47163,9,1,2.6285591786511926e-06,0
,"Sumner County, TN",47165,Suppressed,3514336,Suppressed,47165,9,1,2.5609389654261856e-06,0
,"Tipton County, TN",47167,Suppressed,1286392,Suppressed,47167,4,1,3.109472073831305e-06,0
,"Van Buren County, TN",47175,Suppressed,122737,Suppressed,47175,1,1,8.147502383144447e-06,1
,"Warren County, TN",47177,Suppressed,872636,Suppressed,47177,5,1,5.729765904684198e-06,1
,"Washington County, TN",47179,Suppressed,2636346,Suppressed,47179,4,1,1.517251529199885e-06,0
,"Wayne County, TN",47181,Suppressed,371554,Suppressed,47181,1,1,2.691398827626671e-06,0
,"Weakley County, TN",47183,Suppressed,753798,Suppressed,47183,6,1,7.959692119108834e-06,1
,"White County, TN",47185,Suppressed,559624,Suppressed,47185,1,1,1.7869140708761597e-06,0
,"Williamson County, TN",47187,Suppressed,3990939,Suppressed,47187,9,1,2.255108384267462e-06,0
,"Wilson County, TN",47189,Suppressed,2513910,Suppressed,47189,8,1,3.1822937177544145e-06,0
,"Anderson County, TX",48001,Suppressed,1256976,Suppressed,48001,2,1,1.5911202759639007e-06,0
,"Andrews County, TX",48003,Suppressed,336436,Suppressed,48003,1,1,2.9723335195995672e-06,0
,"Angelina County, TX",48005,Suppressed,1867950,Suppressed,48005,4,1,2.1413849407104044e-06,0
,"Aransas County, TX",48007,Suppressed,519808,Suppressed,48007,1,1,1.923787244521054e-06,0
,"Archer County, TX",48009,Suppressed,194894,Suppressed,48009,1,1,5.130994284072368e-06,1
,"Atascosa County, TX",48013,Suppressed,989312,Suppressed,48013,2,1,2.0216069349204294e-06,0
,"Austin County, TX",48015,Suppressed,606805,Suppressed,48015,1,1,1.64797587363321e-06,0
,"Bailey County, TX",48017,Suppressed,152921,Suppressed,48017,1,1,6.539324226234461e-06,1
,"Bandera County, TX",48019,Suppressed,448206,Suppressed,48019,1,1,2.2311169417633855e-06,0
,"Bastrop County, TX",48021,Suppressed,1619517,Suppressed,48021,6,1,3.7048082854332497e-06,1
,"Baylor County, TX",48023,Suppressed,82854,Suppressed,48023,1,1,1.206942332295363e-05,1
,"Bee County, TX",48025,Suppressed,710723,Suppressed,48025,7,1,9.849125468009338e-06,1
,"Blanco County, TX",48031,Suppressed,225565,Suppressed,48031,1,1,4.433311905659123e-06,1
,"Bosque County, TX",48035,Suppressed,395196,Suppressed,48035,1,1,2.5303899837042886e-06,0
,"Bowie County, TX",48037,Suppressed,2015139,Suppressed,48037,8,1,3.969949467505716e-06,1
,"Brewster County, TX",48043,Suppressed,199683,Suppressed,48043,1,1,5.00793758106599e-06,1
,"Brooks County, TX",48047,Suppressed,162609,Suppressed,48047,1,1,6.149721110147655e-06,1
,"Brown County, TX",48049,Suppressed,834290,Suppressed,48049,3,1,3.5958719390140117e-06,1
,"Burleson County, TX",48051,Suppressed,379769,Suppressed,48051,1,1,2.6331796434148128e-06,0
,"Burnet County, TX",48053,Suppressed,926459,Suppressed,48053,9,1,9.714407221474452e-06,1
,"Caldwell County, TX",48055,Suppressed,838100,Suppressed,48055,2,1,2.3863500775563776e-06,0
,"Calhoun County, TX",48057,Suppressed,466308,Suppressed,48057,1,1,2.144505348396339e-06,0
,"Camp County, TX",48063,Suppressed,270058,Suppressed,48063,1,1,3.702908264150664e-06,1
,"Cass County, TX",48067,Suppressed,664301,Suppressed,48067,6,1,9.032050230242013e-06,1
,"Chambers County, TX",48071,Suppressed,752433,Suppressed,48071,1,1,1.3290219860107146e-06,0
,"Cherokee County, TX",48073,Suppressed,1099831,Suppressed,48073,8,1,7.273844799791968e-06,1
,"Childress County, TX",48075,Suppressed,158996,Suppressed,48075,1,1,6.2894664016704826e-06,1
,"Clay County, TX",48077,Suppressed,237152,Suppressed,48077,1,1,4.21670489812441e-06,1
,"Coke County, TX",48081,Suppressed,75781,Suppressed,48081,1,1,1.3195919821591165e-05,1
,"Coleman County, TX",48083,Suppressed,191580,Suppressed,48083,1,1,5.219751539826704e-06,1
,"Collingsworth County, TX",48087,Suppressed,66723,Suppressed,48087,1,1,1.4987335701332374e-05,1
,"Colorado County, TX",48089,Suppressed,456804,Suppressed,48089,1,1,2.189122687191881e-06,0
,"Comal County, TX",48091,Suppressed,2437372,Suppressed,48091,5,1,2.0513897755451362e-06,0
,"Comanche County, TX",48093,Suppressed,301811,Suppressed,48093,1,1,3.313331853378439e-06,0
,"Cooke County, TX",48097,Suppressed,847528,Suppressed,48097,6,1,7.079412125617089e-06,1
,"Coryell County, TX",48099,Suppressed,1640622,Suppressed,48099,8,1,4.876199392669366e-06,1
,"Cottle County, TX",48101,Suppressed,34249,Suppressed,48101,1,1,2.9197932786358725e-05,1
,"Culberson County, TX",48109,Suppressed,54653,Suppressed,48109,1,1,1.8297257241139554e-05,1
,"Deaf Smith County, TX",48117,Suppressed,414621,Suppressed,48117,1,1,2.4118411754349153e-06,0
,"Delta County, TX",48119,Suppressed,116265,Suppressed,48119,1,1,8.601040725927838e-06,1
,"DeWitt County, TX",48123,Suppressed,445110,Suppressed,48123,1,1,2.246635663094516e-06,0
,"Dickens County, TX",48125,Suppressed,53405,Suppressed,48125,1,1,1.8724838498267952e-05,1
,"Dimmit County, TX",48127,Suppressed,225274,Suppressed,48127,1,1,4.439038681783073e-06,1
,"Duval County, TX",48131,Suppressed,263595,Suppressed,48131,1,1,3.7936986665149188e-06,1
,"Eastland County, TX",48133,Suppressed,404297,Suppressed,48133,1,1,2.473429186959092e-06,0
,"Ector County, TX",48135,Suppressed,3081664,Suppressed,48135,2,1,6.490000207680007e-07,0
,"Ellis County, TX",48139,Suppressed,3232313,Suppressed,48139,1,1,3.0937597936833467e-07,0
,"Erath County, TX",48143,Suppressed,832983,Suppressed,48143,8,1,9.604037537380715e-06,1
,"Falls County, TX",48145,Suppressed,390438,Suppressed,48145,1,1,2.5612261101634577e-06,0
,"Fannin County, TX",48147,Suppressed,736271,Suppressed,48147,4,1,5.43278222285001e-06,1
,"Fayette County, TX",48149,Suppressed,529705,Suppressed,48149,1,1,1.8878432334978904e-06,0
,"Fisher County, TX",48151,Suppressed,88320,Suppressed,48151,1,1,1.1322463768115942e-05,1
,"Franklin County, TX",48159,Suppressed,228161,Suppressed,48159,1,1,4.382869990927459e-06,1
,"Freestone County, TX",48161,Suppressed,422396,Suppressed,48161,1,1,2.367446661426718e-06,0
,"Garza County, TX",48169,Suppressed,132615,Suppressed,48169,1,1,7.540625117822267e-06,1
,"Gillespie County, TX",48171,Suppressed,533358,Suppressed,48171,1,1,1.8749132852605567e-06,0
,"Gonzales County, TX",48177,Suppressed,436692,Suppressed,48177,1,1,2.28994348419481e-06,0
,"Grimes County, TX",48185,Suppressed,580243,Suppressed,48185,1,1,1.723415879209228e-06,0
,"Hamilton County, TX",48193,Suppressed,183315,Suppressed,48193,1,1,5.455090963641819e-06,1
,"Hardeman County, TX",48197,Suppressed,92953,Suppressed,48197,1,1,1.075812507396211e-05,1
,"Hardin County, TX",48199,Suppressed,1174176,Suppressed,48199,2,1,1.7033221595399666e-06,0
,"Harrison County, TX",48203,Suppressed,1425675,Suppressed,48203,5,1,3.5071106668770935e-06,1
,"Haskell County, TX",48207,Suppressed,129020,Suppressed,48207,1,1,7.750736319950396e-06,1
,"Hays County, TX",48209,Suppressed,3500672,Suppressed,48209,9,1,2.570934951917803e-06,0
,"Hill County, TX",48217,Suppressed,761989,Suppressed,48217,6,1,7.874129416566381e-06,1
,"Hockley County, TX",48219,Suppressed,506532,Suppressed,48219,1,1,1.974208934479954e-06,0
,"Hood County, TX",48221,Suppressed,1118924,Suppressed,48221,1,1,8.937157483439447e-07,0
,"Hopkins County, TX",48223,Suppressed,762290,Suppressed,48223,3,1,3.935510107701793e-06,1
,"Houston County, TX",48225,Suppressed,511111,Suppressed,48225,1,1,1.95652216446134e-06,0
,"Howard County, TX",48227,Suppressed,768775,Suppressed,48227,1,1,1.3007707066436863e-06,0
,"Hutchinson County, TX",48233,Suppressed,487285,Suppressed,48233,1,1,2.052187118421458e-06,0
,"Jackson County, TX",48239,Suppressed,315664,Suppressed,48239,1,1,3.167925389021238e-06,0
,"Jasper County, TX",48241,Suppressed,782019,Suppressed,48241,4,1,5.114965237417505e-06,1
,"Jim Hogg County, TX",48247,Suppressed,114720,Suppressed,48247,1,1,8.716875871687587e-06,1
,"Jim Wells County, TX",48249,Suppressed,893073,Suppressed,48249,8,1,8.957834353966585e-06,1
,"Johnson County, TX",48251,Suppressed,3303475,Suppressed,48251,9,1,2.724403847463656e-06,0
,"Karnes County, TX",48255,Suppressed,333403,Suppressed,48255,1,1,2.9993731310156177e-06,0
,"Kendall County, TX",48259,Suppressed,749720,Suppressed,48259,9,1,1.200448167315798e-05,1
,"Kenedy County, TX",48261,Suppressed,9204,Suppressed,48261,1,1,0.0001086484137331595,1
,"Kerr County, TX",48265,Suppressed,1070452,Suppressed,48265,6,1,5.60510886989795e-06,1
,"King County, TX",48269,Suppressed,6422,Suppressed,48269,1,1,0.00015571473061351605,1
,"Kleberg County, TX",48273,Suppressed,693022,Suppressed,48273,2,1,2.8859112697720996e-06,0
,"Knox County, TX",48275,Suppressed,84468,Suppressed,48275,1,1,1.183880286025477e-05,1
,"Lamar County, TX",48277,Suppressed,1086373,Suppressed,48277,8,1,7.363953264670606e-06,1
,"Lampasas County, TX",48281,Suppressed,434224,Suppressed,48281,1,1,2.3029588415195843e-06,0
,"Lavaca County, TX",48285,Suppressed,428292,Suppressed,48285,1,1,2.3348556592231467e-06,0
,"Lee County, TX",48287,Suppressed,364065,Suppressed,48287,1,1,2.7467622539931058e-06,0
,"Leon County, TX",48289,Suppressed,363604,Suppressed,48289,1,1,2.750244771784689e-06,0
,"Liberty County, TX",48291,Suppressed,1699385,Suppressed,48291,5,1,2.942240869491022e-06,0
,"Limestone County, TX",48293,Suppressed,507641,Suppressed,48293,1,1,1.9698960485855162e-06,0
,"Llano County, TX",48299,Suppressed,422657,Suppressed,48299,1,1,2.3659847110067974e-06,0
,"Lubbock County, TX",48303,Suppressed,6088055,Suppressed,48303,9,1,1.4783046473791712e-06,0
,"McCulloch County, TX",48307,Suppressed,179299,Suppressed,48307,1,1,5.577275946882024e-06,1
,"Madison County, TX",48313,Suppressed,299021,Suppressed,48313,1,1,3.3442467251463945e-06,0
,"Marion County, TX",48315,Suppressed,232276,Suppressed,48315,1,1,4.305223096660869e-06,1
,"Martin County, TX",48317,Suppressed,110371,Suppressed,48317,1,1,9.060350997997663e-06,1
,"Matagorda County, TX",48321,Suppressed,813900,Suppressed,48321,2,1,2.457304337142155e-06,0
,"Maverick County, TX",48323,Suppressed,1174251,Suppressed,48323,8,1,6.812853469999174e-06,1
,"Midland County, TX",48329,Suppressed,3100578,Suppressed,48329,7,1,2.257643574843142e-06,0
,"Milam County, TX",48331,Suppressed,543951,Suppressed,48331,1,1,1.8384008853738663e-06,0
,"Mitchell County, TX",48335,Suppressed,201576,Suppressed,48335,1,1,4.960908044608485e-06,1
,"Montague County, TX",48337,Suppressed,429653,Suppressed,48337,1,1,2.3274596011199734e-06,0
,"Moore County, TX",48341,Suppressed,465139,Suppressed,48341,1,1,2.1498949776303427e-06,0
,"Morris County, TX",48343,Suppressed,282858,Suppressed,48343,1,1,3.5353428221934682e-06,1
,"Nacogdoches County, TX",48347,Suppressed,1388720,Suppressed,48347,7,1,5.040612938533326e-06,1
,"Navarro County, TX",48349,Suppressed,1046077,Suppressed,48349,7,1,6.691668012966541e-06,1
,"Nolan County, TX",48353,Suppressed,331723,Suppressed,48353,1,1,3.014563355570762e-06,0
,"Orange County, TX",48361,Suppressed,1834351,Suppressed,48361,3,1,1.6354558097114456e-06,0
,"Palo Pinto County, TX",48363,Suppressed,613593,Suppressed,48363,1,1,1.6297447982620401e-06,0
,"Panola County, TX",48365,Suppressed,513865,Suppressed,48365,1,1,1.9460364103412376e-06,0
,"Parker County, TX",48367,Suppressed,2520084,Suppressed,48367,3,1,1.1904365092592152e-06,0
,"Pecos County, TX",48371,Suppressed,347750,Suppressed,48371,1,1,2.875629043853343e-06,0
,"Polk County, TX",48373,Suppressed,1013878,Suppressed,48373,6,1,5.917871775499616e-06,1
,"Potter County, TX",48375,Suppressed,2614034,Suppressed,48375,3,1,1.1476514842576647e-06,0
,"Presidio County, TX",48377,Suppressed,161489,Suppressed,48377,1,1,6.192372235879843e-06,1
,"Randall County, TX",48381,Suppressed,2644844,Suppressed,48381,5,1,1.8904706667009471e-06,0
,"Red River County, TX",48387,Suppressed,285769,Suppressed,48387,1,1,3.4993298783283e-06,1
,"Reeves County, TX",48389,Suppressed,305590,Suppressed,48389,1,1,3.2723583886907296e-06,0
,"Refugio County, TX",48391,Suppressed,162919,Suppressed,48391,1,1,6.138019506625992e-06,1
,"Robertson County, TX",48395,Suppressed,364269,Suppressed,48395,1,1,2.7452239965519985e-06,0
,"Rockwall County, TX",48397,Suppressed,1651282,Suppressed,48397,7,1,4.239130566432626e-06,1
,"Runnels County, TX",48399,Suppressed,233863,Suppressed,48399,1,1,4.276007748126039e-06,1
,"Rusk County, TX",48401,Suppressed,1135269,Suppressed,48401,7,1,6.165939526226824e-06,1
,"San Augustine County, TX",48405,Suppressed,192694,Suppressed,48405,1,1,5.189575181375652e-06,1
,"San Jacinto County, TX",48407,Suppressed,571477,Suppressed,48407,1,1,1.7498517000684192e-06,0
,"San Patricio County, TX",48409,Suppressed,1465509,Suppressed,48409,5,1,3.411783892149417e-06,0
,"San Saba County, TX",48411,Suppressed,132271,Suppressed,48411,1,1,7.560236181778319e-06,1
,"Scurry County, TX",48415,Suppressed,366853,Suppressed,48415,1,1,2.725887480816567e-06,0
,"Shelby County, TX",48419,Suppressed,558726,Suppressed,48419,1,1,1.7897860489757055e-06,0
,"Starr County, TX",48427,Suppressed,1323111,Suppressed,48427,7,1,5.290561411703175e-06,1
,"Stephens County, TX",48429,Suppressed,208685,Suppressed,48429,1,1,4.791911253803579e-06,1
,"Swisher County, TX",48437,Suppressed,171892,Suppressed,48437,1,1,5.817606404021129e-06,1
,"Taylor County, TX",48441,Suppressed,2890457,Suppressed,48441,8,1,2.767728424951487e-06,0
,"Terry County, TX",48445,Suppressed,276558,Suppressed,48445,1,1,3.615878043665343e-06,1
,"Titus County, TX",48449,Suppressed,681728,Suppressed,48449,6,1,8.801164100638378e-06,1
,"Tom Green County, TX",48451,Suppressed,2438046,Suppressed,48451,3,1,1.2304936002027854e-06,0
,"Trinity County, TX",48455,Suppressed,315665,Suppressed,48455,1,1,3.1679153533017596e-06,0
,"Tyler County, TX",48457,Suppressed,468482,Suppressed,48457,1,1,2.134553728851909e-06,0
,"Upshur County, TX",48459,Suppressed,857114,Suppressed,48459,3,1,3.5001178373005226e-06,1
,"Uvalde County, TX",48463,Suppressed,583579,Suppressed,48463,1,1,1.7135640590220004e-06,0
,"Val Verde County, TX",48465,Suppressed,1050138,Suppressed,48465,4,1,3.8090231950467463e-06,1
,"Van Zandt County, TX",48467,Suppressed,1153038,Suppressed,48467,2,1,1.7345482109002478e-06,0
,"Victoria County, TX",48469,Suppressed,1930871,Suppressed,48469,3,1,1.5537029661743327e-06,0
,"Walker County, TX",48471,Suppressed,1480317,Suppressed,48471,3,1,2.0265929527256663e-06,0
,"Waller County, TX",48473,Suppressed,943882,Suppressed,48473,5,1,5.297272328532592e-06,1
,"Ward County, TX",48475,Suppressed,241185,Suppressed,48475,1,1,4.146194829695047e-06,1
,"Washington County, TX",48477,Suppressed,728483,Suppressed,48477,8,1,1.0981725036823097e-05,1
,"Wharton County, TX",48481,Suppressed,907291,Suppressed,48481,2,1,2.2043644211173704e-06,0
,"Wilbarger County, TX",48487,Suppressed,297449,Suppressed,48487,1,1,3.36192086710663e-06,0
,"Wilson County, TX",48493,Suppressed,926303,Suppressed,48493,7,1,7.556922518873414e-06,1
,"Winkler County, TX",48495,Suppressed,160332,Suppressed,48495,1,1,6.237058104433301e-06,1
,"Wise County, TX",48497,Suppressed,1298929,Suppressed,48497,6,1,4.6191901173967166e-06,1
,"Wood County, TX",48499,Suppressed,912558,Suppressed,48499,2,1,2.1916415175802524e-06,0
,"Yoakum County, TX",48501,Suppressed,173991,Suppressed,48501,1,1,5.747423717318712e-06,1
,"Young County, TX",48503,Suppressed,398210,Suppressed,48503,1,1,2.5112377891062505e-06,0
,"Zapata County, TX",48505,Suppressed,298205,Suppressed,48505,1,1,3.3533978303516037e-06,0
,"Zavala County, TX",48507,Suppressed,259339,Suppressed,48507,1,1,3.85595687497831e-06,1
,"Box Elder County, UT",49003,Suppressed,1077843,Suppressed,49003,8,1,7.42223125260358e-06,1
,"Cache County, UT",49005,Suppressed,2419907,Suppressed,49005,6,1,2.479434127013972e-06,0
,"Davis County, UT",49011,Suppressed,6599322,Suppressed,49011,9,1,1.3637764606727783e-06,0
,"Grand County, UT",49019,Suppressed,199966,Suppressed,49019,1,1,5.0008501445245695e-06,1
,"Iron County, UT",49021,Suppressed,973462,Suppressed,49021,4,1,4.109045859006309e-06,1
,"San Juan County, UT",49037,Suppressed,322395,Suppressed,49037,1,1,3.1017850773119932e-06,0
,"Sanpete County, UT",49039,Suppressed,591837,Suppressed,49039,1,1,1.6896544149825037e-06,0
,"Sevier County, UT",49041,Suppressed,447678,Suppressed,49041,1,1,2.2337483637793233e-06,0
,"Summit County, UT",49043,Suppressed,797931,Suppressed,49043,7,1,8.772688365284717e-06,1
,"Weber County, UT",49057,Suppressed,5002122,Suppressed,49057,9,1,1.7992364040701127e-06,0
,"Addison County, VT",50001,Suppressed,806534,Suppressed,50001,3,1,3.71962000362043e-06,1
,"Caledonia County, VT",50005,Suppressed,672508,Suppressed,50005,7,1,1.040879811095184e-05,1
,"Chittenden County, VT",50007,Suppressed,3431509,Suppressed,50007,9,1,2.6227528472167784e-06,0
,"Grand Isle County, VT",50013,Suppressed,155221,Suppressed,50013,1,1,6.442427248890292e-06,1
,"Orange County, VT",50017,Suppressed,635213,Suppressed,50017,1,1,1.5742750856799214e-06,0
,"Orleans County, VT",50019,Suppressed,592967,Suppressed,50019,1,1,1.686434489609034e-06,0
,"Rutland County, VT",50021,Suppressed,1348978,Suppressed,50021,1,1,7.413019337602244e-07,0
,"Washington County, VT",50023,Suppressed,1295163,Suppressed,50023,8,1,6.176828708046786e-06,1
,"Windham County, VT",50025,Suppressed,963706,Suppressed,50025,5,1,5.188304316876724e-06,1
,"Albemarle County, VA",51003,Suppressed,2140065,Suppressed,51003,6,1,2.803653160067568e-06,0
,"Alleghany County, VA",51005,Suppressed,347039,Suppressed,51005,1,1,2.8815205207483885e-06,0
,"Amelia County, VA",51007,Suppressed,272473,Suppressed,51007,1,1,3.6700884124298554e-06,1
,"Amherst County, VA",51009,Suppressed,703336,Suppressed,51009,3,1,4.265386671519729e-06,1
,"Arlington County, VA",51013,Suppressed,4606116,Suppressed,51013,9,1,1.9539238699155644e-06,0
,"Augusta County, VA",51015,Suppressed,1582910,Suppressed,51015,6,1,3.790487140772375e-06,1
,"Bedford County, VA",51019,Suppressed,1528082,Suppressed,51019,7,1,4.58090599850008e-06,1
,"Brunswick County, VA",51025,Suppressed,381398,Suppressed,51025,1,1,2.6219329938804086e-06,0
,"Buchanan County, VA",51027,Suppressed,529981,Suppressed,51027,1,1,1.8868600949845373e-06,0
,"Campbell County, VA",51031,Suppressed,1183012,Suppressed,51031,5,1,4.226499815724608e-06,1
,"Charles City County, VA",51036,Suppressed,155418,Suppressed,51036,1,1,6.43426115379171e-06,1
,"Charlotte County, VA",51037,Suppressed,272423,Suppressed,51037,1,1,3.6707620134863797e-06,1
,"Culpeper County, VA",51047,Suppressed,989924,Suppressed,51047,6,1,6.061071354972705e-06,1
,"Dickenson County, VA",51051,Suppressed,343198,Suppressed,51051,1,1,2.9137698937639495e-06,0
,"Essex County, VA",51057,Suppressed,236182,Suppressed,51057,1,1,4.234022914532013e-06,1
,"Fauquier County, VA",51061,Suppressed,1419629,Suppressed,51061,5,1,3.522046957338854e-06,1
,"Floyd County, VA",51063,Suppressed,330451,Suppressed,51063,1,1,3.026167268369592e-06,0
,"Frederick County, VA",51069,Suppressed,1670173,Suppressed,51069,8,1,4.789922960076591e-06,1
,"Gloucester County, VA",51073,Suppressed,801017,Suppressed,51073,5,1,6.242064775154585e-06,1
,"Goochland County, VA",51075,Suppressed,455856,Suppressed,51075,1,1,2.1936751956758274e-06,0
,"Greene County, VA",51079,Suppressed,396464,Suppressed,51079,1,1,2.5222971064207597e-06,0
,"Greensville County, VA",51081,Suppressed,259629,Suppressed,51081,1,1,3.851649854215053e-06,1
,"Halifax County, VA",51083,Suppressed,788540,Suppressed,51083,8,1,1.0145331879169097e-05,1
,"Hanover County, VA",51085,Suppressed,2173189,Suppressed,51085,7,1,3.2210728105102685e-06,0
,"Henrico County, VA",51087,Suppressed,6638875,Suppressed,51087,9,1,1.3556513716555892e-06,0
,"Isle of Wight County, VA",51093,Suppressed,752807,Suppressed,51093,4,1,5.313446872837261e-06,1
,"James City County, VA",51095,Suppressed,1420464,Suppressed,51095,3,1,2.111985942621566e-06,0
,"Lancaster County, VA",51103,Suppressed,247276,Suppressed,51103,1,1,4.044064122680729e-06,1
,"Lee County, VA",51105,Suppressed,540949,Suppressed,51105,1,1,1.8486031030651687e-06,0
,"Loudoun County, VA",51107,Suppressed,6668052,Suppressed,51107,9,1,1.349719528282023e-06,0
,"Lunenburg County, VA",51111,Suppressed,280176,Suppressed,51111,1,1,3.569185083661698e-06,1
,"Madison County, VA",51113,Suppressed,288113,Suppressed,51113,1,1,3.4708603915824695e-06,1
,"Mecklenburg County, VA",51117,Suppressed,702767,Suppressed,51117,4,1,5.691786893806909e-06,1
,"Middlesex County, VA",51119,Suppressed,232229,Suppressed,51119,1,1,4.306094415426152e-06,1
,"Montgomery County, VA",51121,Suppressed,2036689,Suppressed,51121,8,1,3.927943834331113e-06,1
,"New Kent County, VA",51127,Suppressed,398843,Suppressed,51127,1,1,2.507252227066791e-06,0
,"Northampton County, VA",51131,Suppressed,273019,Suppressed,51131,1,1,3.6627487464242416e-06,1
,"Northumberland County, VA",51133,Suppressed,271059,Suppressed,51133,1,1,3.6892337092662483e-06,1
,"Nottoway County, VA",51135,Suppressed,344818,Suppressed,51135,1,1,2.9000806222412983e-06,0
,"Page County, VA",51139,Suppressed,522527,Suppressed,51139,1,1,1.9137767043616886e-06,0
,"Patrick County, VA",51141,Suppressed,406850,Suppressed,51141,1,1,2.4579083200196634e-06,0
,"Pittsylvania County, VA",51143,Suppressed,1366329,Suppressed,51143,3,1,2.1956644409948116e-06,0
,"Powhatan County, VA",51145,Suppressed,593944,Suppressed,51145,1,1,1.6836604124294546e-06,0
,"Prince Edward County, VA",51147,Suppressed,485276,Suppressed,51147,1,1,2.060682992771124e-06,0
,"Prince George County, VA",51149,Suppressed,789861,Suppressed,51149,5,1,6.330227723612129e-06,1
,"Prince William County, VA",51153,Suppressed,8586265,Suppressed,51153,9,1,1.048185677940292e-06,0
,"Richmond County, VA",51159,Suppressed,199621,Suppressed,51159,1,1,5.009492989214562e-06,1
,"Roanoke County, VA",51161,Suppressed,2004080,Suppressed,51161,7,1,3.4928745359466687e-06,1
,"Shenandoah County, VA",51171,Suppressed,895526,Suppressed,51171,4,1,4.466648651183773e-06,1
,"Southampton County, VA",51175,Suppressed,394795,Suppressed,51175,1,1,2.532960143872136e-06,0
,"Spotsylvania County, VA",51177,Suppressed,2619405,Suppressed,51177,6,1,2.290596528600961e-06,0
,"Stafford County, VA",51179,Suppressed,2782739,Suppressed,51179,3,1,1.0780745157918152e-06,0
,"Tazewell County, VA",51185,Suppressed,957907,Suppressed,51185,2,1,2.0878853583907414e-06,0
,"Warren County, VA",51187,Suppressed,808631,Suppressed,51187,7,1,8.656606041569022e-06,1
,"Washington County, VA",51191,Suppressed,1178538,Suppressed,51191,2,1,1.6970178305663458e-06,0
,"Westmoreland County, VA",51193,Suppressed,379962,Suppressed,51193,1,1,2.631842131581579e-06,0
,"York County, VA",51199,Suppressed,1414313,Suppressed,51199,3,1,2.1211711976061877e-06,0
,"Alexandria city, VA",51510,Suppressed,3107255,Suppressed,51510,8,1,2.5746197206215776e-06,0
,"Bristol city, VA",51520,Suppressed,381726,Suppressed,51520,1,1,2.6196800846680602e-06,0
,"Chesapeake city, VA",51550,Suppressed,4896697,Suppressed,51550,9,1,1.8379736381483274e-06,0
,"Colonial Heights city, VA",51570,Suppressed,382936,Suppressed,51570,1,1,2.6114024275596966e-06,0
,"Danville city, VA",51590,Suppressed,965214,Suppressed,51590,4,1,4.144158704701755e-06,1
,"Emporia city, VA",51595,Suppressed,123331,Suppressed,51595,1,1,8.108261507650145e-06,1
,"Fredericksburg city, VA",51630,Suppressed,541847,Suppressed,51630,1,1,1.845539423490395e-06,0
,"Hampton city, VA",51650,Suppressed,3052100,Suppressed,51650,9,1,2.94878935814685e-06,0
,"Harrisonburg city, VA",51660,Suppressed,1057483,Suppressed,51660,9,1,8.51077511411531e-06,1
,"Lexington city, VA",51678,Suppressed,154710,Suppressed,51678,1,1,6.463706289186219e-06,1
,"Lynchburg city, VA",51680,Suppressed,1629294,Suppressed,51680,3,1,1.8412883126065645e-06,0
,"Manassas city, VA",51683,Suppressed,842187,Suppressed,51683,1,1,1.1873847494677548e-06,0
,"Martinsville city, VA",51690,Suppressed,307683,Suppressed,51690,1,1,3.250098315474043e-06,0
,"Newport News city, VA",51700,Suppressed,3992515,Suppressed,51700,9,1,2.254218205817636e-06,0
,"Norfolk city, VA",51710,Suppressed,5325057,Suppressed,51710,9,1,1.6901227536155951e-06,0
,"Petersburg city, VA",51730,Suppressed,711188,Suppressed,51730,7,1,9.842685759602242e-06,1
,"Portsmouth city, VA",51740,Suppressed,2129780,Suppressed,51740,5,1,2.3476603217233703e-06,0
,"Radford city, VA",51750,Suppressed,368250,Suppressed,51750,1,1,2.7155465037338764e-06,0
,"Roanoke city, VA",51770,Suppressed,2129113,Suppressed,51770,2,1,9.393583149414803e-07,0
,"Suffolk city, VA",51800,Suppressed,1788117,Suppressed,51800,7,1,3.914732648926217e-06,1
,"Winchester city, VA",51840,Suppressed,575868,Suppressed,51840,1,1,1.736509061104281e-06,0
,"Asotin County, WA",53003,Suppressed,474056,Suppressed,53003,1,1,2.1094554229880014e-06,0
,"Benton County, WA",53005,Suppressed,3809359,Suppressed,53005,9,1,2.3626022120782002e-06,0
,"Chelan County, WA",53007,Suppressed,1580237,Suppressed,53007,1,1,6.328164699345731e-07,0
,"Cowlitz County, WA",53015,Suppressed,2221380,Suppressed,53015,8,1,3.601364917303658e-06,1
,"Douglas County, WA",53017,Suppressed,830136,Suppressed,53017,2,1,2.4092437865602746e-06,0
,"Franklin County, WA",53021,Suppressed,1632661,Suppressed,53021,2,1,1.2249940434664636e-06,0
,"Garfield County, WA",53023,Suppressed,49867,Suppressed,53023,1,1,2.0053341889425874e-05,1
,"Grant County, WA",53025,Suppressed,1907336,Suppressed,53025,2,1,1.0485829450081161e-06,0
,"Island County, WA",53029,Suppressed,1731866,Suppressed,53029,9,1,5.196706904575758e-06,1
,"Jefferson County, WA",53031,Suppressed,647078,Suppressed,53031,1,1,1.545408745159007e-06,0
,"Kitsap County, WA",53035,Suppressed,5514728,Suppressed,53035,9,1,1.6319934546182514e-06,0
,"Lewis County, WA",53041,Suppressed,1637294,Suppressed,53041,7,1,4.275347005485881e-06,1
,"Mason County, WA",53045,Suppressed,1287896,Suppressed,53045,7,1,5.435221477510607e-06,1
,"Okanogan County, WA",53047,Suppressed,891542,Suppressed,53047,4,1,4.486608594996085e-06,1
,"Skagit County, WA",53057,Suppressed,2552691,Suppressed,53057,4,1,1.566973832712224e-06,0
,"Skamania County, WA",53059,Suppressed,239996,Suppressed,53059,1,1,4.166736112268538e-06,1
,"Thurston County, WA",53067,Suppressed,5466998,Suppressed,53067,9,1,1.6462416851076222e-06,0
,"Walla Walla County, WA",53071,Suppressed,1280382,Suppressed,53071,3,1,2.3430507457930524e-06,0
,"Whatcom County, WA",53073,Suppressed,4362054,Suppressed,53073,9,1,2.063248185373221e-06,0
,"Yakima County, WA",53077,Suppressed,5244487,Suppressed,53077,9,1,1.71608776988102e-06,0
,"Berkeley County, WV",54003,Suppressed,2209364,Suppressed,54003,5,1,2.263094718661117e-06,0
,"Boone County, WV",54005,Suppressed,532628,Suppressed,54005,1,1,1.877482971229451e-06,0
,"Brooke County, WV",54009,Suppressed,526854,Suppressed,54009,1,1,1.8980590448207662e-06,0
,"Cabell County, WV",54011,Suppressed,2101147,Suppressed,54011,5,1,2.3796526373452213e-06,0
,"Hancock County, WV",54029,Suppressed,676241,Suppressed,54029,6,1,8.872576492700088e-06,1
,"Jackson County, WV",54035,Suppressed,633252,Suppressed,54035,1,1,1.579150164547447e-06,0
,"Jefferson County, WV",54037,Suppressed,1133907,Suppressed,54037,3,1,2.6457196225087243e-06,0
,"Kanawha County, WV",54039,Suppressed,4203528,Suppressed,54039,9,1,2.141058653588129e-06,0
,"Lewis County, WV",54041,Suppressed,361729,Suppressed,54041,1,1,2.7645004962278392e-06,0
,"Marion County, WV",54049,Suppressed,1240161,Suppressed,54049,9,1,7.2571222607387265e-06,1
,"Mason County, WV",54053,Suppressed,587843,Suppressed,54053,1,1,1.7011344865891062e-06,0
,"Mingo County, WV",54059,Suppressed,577558,Suppressed,54059,1,1,1.7314278392819423e-06,0
,"Monongalia County, WV",54061,Suppressed,2092572,Suppressed,54061,2,1,9.557616177603446e-07,0
,"Morgan County, WV",54065,Suppressed,372113,Suppressed,54065,1,1,2.6873557225896433e-06,0
,"Nicholas County, WV",54067,Suppressed,568827,Suppressed,54067,1,1,1.758003751580006e-06,0
,"Ohio County, WV",54069,Suppressed,974560,Suppressed,54069,9,1,9.23493679198818e-06,1
,"Putnam County, WV",54079,Suppressed,1206159,Suppressed,54079,1,1,8.290780900362224e-07,0
,"Raleigh County, WV",54081,Suppressed,1708467,Suppressed,54081,5,1,2.926600279665923e-06,0
,"Randolph County, WV",54083,Suppressed,636087,Suppressed,54083,1,1,1.5721119909697888e-06,0
,"Upshur County, WV",54097,Suppressed,529626,Suppressed,54097,1,1,1.8881248277086095e-06,0
,"Wayne County, WV",54099,Suppressed,919904,Suppressed,54099,4,1,4.348279820503009e-06,1
,"Wetzel County, WV",54103,Suppressed,362141,Suppressed,54103,1,1,2.761355383676524e-06,0
,"Wood County, WV",54107,Suppressed,1900398,Suppressed,54107,5,1,2.631027816278485e-06,0
,"Adams County, WI",55001,Suppressed,449259,Suppressed,55001,1,1,2.225887517000216e-06,0
,"Barron County, WI",55005,Suppressed,1001689,Suppressed,55005,6,1,5.989883087465271e-06,1
,"Bayfield County, WI",55007,Suppressed,331721,Suppressed,55007,1,1,3.014581530864793e-06,0
,"Brown County, WI",55009,Suppressed,5432657,Suppressed,55009,9,1,1.6566479348871096e-06,0
,"Calumet County, WI",55015,Suppressed,1040079,Suppressed,55015,4,1,3.845861708581752e-06,1
,"Chippewa County, WI",55017,Suppressed,1341959,Suppressed,55017,4,1,2.98071699656994e-06,0
,"Columbia County, WI",55021,Suppressed,1227570,Suppressed,55021,7,1,5.702322474482107e-06,1
,"Crawford County, WI",55023,Suppressed,366656,Suppressed,55023,1,1,2.727352068423809e-06,0
,"Dodge County, WI",55027,Suppressed,1934297,Suppressed,55027,6,1,3.1019021380894452e-06,0
,"Door County, WI",55029,Suppressed,613663,Suppressed,55029,1,1,1.629558894702793e-06,0
,"Douglas County, WI",55031,Suppressed,960305,Suppressed,55031,8,1,8.330686604776608e-06,1
,"Fond du Lac County, WI",55039,Suppressed,2215010,Suppressed,55039,3,1,1.354395691215841e-06,0
,"Grant County, WI",55043,Suppressed,1118248,Suppressed,55043,6,1,5.365536088595732e-06,1
,"Green County, WI",55045,Suppressed,791275,Suppressed,55045,6,1,7.582698808884396e-06,1
,"Jefferson County, WI",55055,Suppressed,1799920,Suppressed,55055,4,1,2.222320992044091e-06,0
,"Juneau County, WI",55057,Suppressed,574564,Suppressed,55057,1,1,1.740450150026803e-06,0
,"Kenosha County, WI",55059,Suppressed,3583878,Suppressed,55059,9,1,2.511246197554716e-06,0
,"Kewaunee County, WI",55061,Suppressed,450441,Suppressed,55061,1,1,2.2200465765771766e-06,0
,"La Crosse County, WI",55063,Suppressed,2498191,Suppressed,55063,5,1,2.001448247952218e-06,0
,"Lafayette County, WI",55065,Suppressed,366369,Suppressed,55065,1,1,2.7294885757255663e-06,0
,"Lincoln County, WI",55069,Suppressed,633250,Suppressed,55069,1,1,1.5791551519936835e-06,0
,"Manitowoc County, WI",55071,Suppressed,1782770,Suppressed,55071,4,1,2.243699411589829e-06,0
,"Marathon County, WI",55073,Suppressed,2906129,Suppressed,55073,2,1,6.882006958397236e-07,0
,"Marinette County, WI",55075,Suppressed,920362,Suppressed,55075,3,1,3.2595869885979645e-06,0
,"Marquette County, WI",55077,Suppressed,336417,Suppressed,55077,1,1,2.9725013896443996e-06,0
,"Menominee County, WI",55078,Suppressed,97654,Suppressed,55078,1,1,1.0240235935035943e-05,1
,"Monroe County, WI",55081,Suppressed,967608,Suppressed,55081,2,1,2.0669527329249036e-06,0
,"Oconto County, WI",55083,Suppressed,820111,Suppressed,55083,6,1,7.316082822934944e-06,1
,"Oneida County, WI",55085,Suppressed,796197,Suppressed,55085,6,1,7.535823420585609e-06,1
,"Outagamie County, WI",55087,Suppressed,3862814,Suppressed,55087,9,1,2.3299076787026244e-06,0
,"Ozaukee County, WI",55089,Suppressed,1895915,Suppressed,55089,9,1,4.747048259020051e-06,1
,"Polk County, WI",55095,Suppressed,955229,Suppressed,55095,7,1,7.328085726040562e-06,1
,"Portage County, WI",55097,Suppressed,1525377,Suppressed,55097,1,1,6.555756380226003e-07,0
,"Price County, WI",55099,Suppressed,316430,Suppressed,55099,1,1,3.1602566128369624e-06,0
,"Richland County, WI",55103,Suppressed,392873,Suppressed,55103,1,1,2.5453518057998386e-06,0
,"Rock County, WI",55105,Suppressed,3494584,Suppressed,55105,9,1,2.575413840388441e-06,0
,"Sauk County, WI",55111,Suppressed,1336698,Suppressed,55111,8,1,5.984897112137521e-06,1
,"Shawano County, WI",55115,Suppressed,908098,Suppressed,55115,8,1,8.809621869005328e-06,1
,"Sheboygan County, WI",55117,Suppressed,2522147,Suppressed,55117,5,1,1.9824379784366258e-06,0
,"Taylor County, WI",55119,Suppressed,446858,Suppressed,55119,1,1,2.237847369857986e-06,0
,"Trempealeau County, WI",55121,Suppressed,628732,Suppressed,55121,1,1,1.5905027897418932e-06,0
,"Vernon County, WI",55123,Suppressed,651274,Suppressed,55123,1,1,1.5354520524387585e-06,0
,"Vilas County, WI",55125,Suppressed,476569,Suppressed,55125,1,1,2.098332035864691e-06,0
,"Walworth County, WI",55127,Suppressed,2211395,Suppressed,55127,6,1,2.713219483629112e-06,0
,"Washington County, WI",55131,Suppressed,2838986,Suppressed,55131,9,1,3.1701459605647933e-06,0
,"Waukesha County, WI",55133,Suppressed,8494661,Suppressed,55133,9,1,1.059489013157794e-06,0
,"Waupaca County, WI",55135,Suppressed,1144628,Suppressed,55135,5,1,4.368231425406333e-06,1
,"Waushara County, WI",55137,Suppressed,533485,Suppressed,55137,1,1,1.8744669484615313e-06,0
,"Winnebago County, WI",55139,Suppressed,3635928,Suppressed,55139,9,1,2.475296540525555e-06,0
,"Wood County, WI",55141,Suppressed,1635050,Suppressed,55141,8,1,4.892816733433228e-06,1
,"Albany County, WY",56001,Suppressed,784475,Suppressed,56001,2,1,2.549475764046018e-06,0
,"Big Horn County, WY",56003,Suppressed,254660,Suppressed,56003,1,1,3.9268043666064555e-06,1
,"Carbon County, WY",56007,Suppressed,339561,Suppressed,56007,1,1,2.9449789581253442e-06,0
,"Converse County, WY",56009,Suppressed,292119,Suppressed,56009,1,1,3.4232624375682514e-06,0
,"Fremont County, WY",56013,Suppressed,848731,Suppressed,56013,3,1,3.534688847231926e-06,1
,"Hot Springs County, WY",56017,Suppressed,103574,Suppressed,56017,1,1,9.654932705119045e-06,1
,"Laramie County, WY",56021,Suppressed,2001373,Suppressed,56021,5,1,2.498284927397342e-06,0
,"Natrona County, WY",56025,Suppressed,1642227,Suppressed,56025,6,1,3.653575297446699e-06,1
,"Park County, WY",56029,Suppressed,610658,Suppressed,56029,1,1,1.6375778258861753e-06,0
,"Platte County, WY",56031,Suppressed,191280,Suppressed,56031,1,1,5.227938101212882e-06,1
,"Sheridan County, WY",56033,Suppressed,629861,Suppressed,56033,1,1,1.5876518787478507e-06,0
,"Sublette County, WY",56035,Suppressed,191635,Suppressed,56035,1,1,5.218253450570094e-06,1
