county_fips,poverty_quartile,n_zctas_in_county,suppression_flag,fold,prob_high_risk,pred_high_risk,true_label
01001,3,10,1.0,0,0.4148770562407008,0,
01003,2,23,1.0,0,0.3230093227079578,0,
01009,3,17,1.0,0,0.42242124149361276,0,
01011,4,7,1.0,0,0.22573504588906898,0,
01015,3,14,1.0,0,0.5599770806727241,1,
01017,4,10,1.0,0,0.4176308350454527,0,
01019,4,11,1.0,0,0.47571555301538515,0,
01021,3,14,1.0,0,0.43813271290786454,0,
01025,4,10,1.0,0,0.1479994662680706,0,
01031,3,16,1.0,0,0.4192628840954496,0,
01033,3,9,1.0,0,0.5369789534380578,1,
01035,4,13,1.0,0,0.08637272238379226,0,
01037,3,11,1.0,0,0.19037321943136992,0,
01039,4,13,1.0,0,0.2898896703171401,0,
01043,3,19,1.0,0,0.5463296019475968,1,
01045,3,14,1.0,0,0.5292972380824181,1,
01047,4,10,1.0,0,0.5443039589681944,1,
01051,2,13,1.0,0,0.2820037749896718,0,
01053,4,9,1.0,0,0.3336667335502289,0,
01055,3,14,1.0,0,0.7029429241691261,1,
01057,4,10,1.0,0,0.2588942469084749,0,
01059,4,10,1.0,0,0.4128389622356337,0,
01063,4,8,1.0,0,0.24602836218398685,0,
01065,4,9,1.0,0,0.23408423573273732,0,
01067,3,9,1.0,0,0.3475430758762526,0,
01069,4,14,1.0,0,0.7076508481792083,1,
01071,4,22,1.0,0,0.6181938360973633,1,
01075,4,9,1.0,0,0.23946890134484844,0,
01077,3,9,1.0,0,0.49438219975161235,0,
01079,3,10,1.0,0,0.4202791284675671,0,
01083,2,15,1.0,0,0.6190289520092418,1,
01085,4,8,1.0,0,0.24109506318721002,0,
01087,4,13,1.0,0,0.29669096968496816,0,
01089,1,25,1.0,0,0.2898378460141,0,
01091,4,15,1.0,0,0.18953496657685595,0,
01093,4,12,1.0,0,0.36674234820648094,0,
01095,4,18,1.0,0,0.8117688743778537,1,
01099,4,17,1.0,0,0.12084988913572806,0,
01101,1,24,1.0,0,0.7248242583556885,1,
01103,3,16,1.0,0,0.6195565147837937,1,
01105,4,9,1.0,0,0.3882317172152909,0,
01107,4,8,1.0,0,0.21297587618570338,0,
01109,1,9,1.0,0,0.7901321941643379,1,
01111,3,8,1.0,0,0.3099272068200561,0,
01113,3,12,1.0,0,0.6030833724399326,1,
01115,2,18,1.0,0,0.3952729063956001,0,
01119,4,11,1.0,0,0.19291388590661407,0,
01121,4,12,1.0,0,0.5936161192648783,1,
01123,4,12,1.0,0,0.26692538723827636,0,
01125,1,27,1.0,0,0.4725582284918078,0,
01127,3,18,1.0,0,0.6336475144233278,1,
01129,4,16,1.0,0,0.18636683501296203,0,
01131,4,13,1.0,0,0.06244961391842032,0,
01133,4,11,1.0,0,0.3187963364234529,0,
04009,4,10,1.0,0,0.45957290533640927,0,
04023,4,9,1.0,0,0.48928649058120294,0,
05001,4,13,1.0,0,0.5069186311768199,1,
05003,4,7,1.0,0,0.43872997722669516,0,
05005,3,12,1.0,0,0.3692376471347856,0,
05009,3,9,1.0,0,0.2603341408922359,0,
05011,4,7,1.0,0,0.379928634489272,0,
05015,3,9,1.0,0,0.20788920342940362,0,
05019,1,8,1.0,0,0.5075162412566936,1,
05021,4,13,1.0,0,0.3491140723527076,0,
05023,3,17,1.0,0,0.23112401771120317,0,
05025,4,7,1.0,0,0.23449172805549295,0,
05027,4,7,1.0,0,0.4275167253524454,0,
05029,4,15,1.0,0,0.535465281438065,1,
05031,1,16,1.0,0,0.35052489439274837,0,
05033,3,11,1.0,0,0.5363501910809476,1,
05035,4,11,1.0,0,0.8803494642398506,1,
05037,4,8,1.0,0,0.5976666616397115,1,
05039,4,6,1.0,0,0.2329206386908074,0,
05041,4,12,1.0,0,0.6430297954834518,1,
05043,4,9,1.0,0,0.31306952241457137,0,
05045,1,15,1.0,0,0.3760435400235485,0,
05047,4,13,1.0,0,0.3540640592998361,0,
05049,1,14,1.0,0,0.28355689755485625,0,
05051,3,10,1.0,0,0.45378889785657794,0,
05053,2,14,1.0,0,0.2480271696891847,0,
05055,4,9,1.0,0,0.36209502407471145,0,
05057,4,10,1.0,0,0.45879662088480083,0,
05059,4,12,1.0,0,0.5360000605802372,1,
05061,4,8,1.0,0,0.3513100050325239,0,
05063,4,20,1.0,0,0.3417500662698463,0,
05067,4,11,1.0,0,0.5758813262539686,1,
05069,4,17,1.0,0,0.7403643788987577,1,
05071,4,12,1.0,0,0.20554053696184588,0,
05073,4,6,1.0,0,0.27932278328845417,0,
05075,4,14,1.0,0,0.441161745804516,0,
05077,3,11,1.0,0,0.47236282871744795,0,
05079,4,8,1.0,0,0.42195038421976705,0,
05081,4,7,1.0,0,0.22341639693869617,0,
05083,4,12,1.0,0,0.25894890195787085,0,
05085,2,11,1.0,0,0.38074908351511816,0,
05087,3,13,1.0,0,0.21191012993371527,0,
05091,4,6,1.0,0,0.719145898327264,1,
05093,4,15,1.0,0,0.8600416566784407,1,
05095,4,9,1.0,0,0.6501872418716083,1,
05097,4,9,1.0,0,0.23428481771507184,0,
05099,4,10,1.0,0,0.1391881343341835,0,
05101,3,20,1.0,0,0.06325510467048585,0,
05103,4,8,1.0,0,0.470918205036997,0,
05105,4,8,1.0,0,0.21684688717413497,0,
05107,4,12,1.0,0,0.8295940446471075,1,
05111,4,10,1.0,0,0.40711744290041174,0,
05113,4,7,1.0,0,0.4211463111765094,0,
05115,4,13,1.0,0,0.557589768484407,1,
05117,3,11,1.0,0,0.33019525561375174,0,
05121,4,11,1.0,0,0.30265359622343496,0,
05123,4,13,1.0,0,0.7746703419711137,1,
05125,1,14,1.0,0,0.4502565598663917,0,
05127,4,10,1.0,0,0.3180492836903706,0,
05129,4,10,1.0,0,0.19613508787291836,0,
05133,4,7,1.0,0,0.4570479049743458,0,
05135,4,13,1.0,0,0.24748274112328136,0,
05139,4,10,1.0,0,0.4676637070730593,0,
05141,4,12,1.0,0,0.21685980908246827,0,
05145,4,17,1.0,0,0.6702013877526416,1,
05147,4,9,1.0,0,0.4054856165518069,0,
05149,4,13,1.0,0,0.447310336202536,0,
06005,2,12,1.0,0,0.32430461913065267,0,
06007,4,18,1.0,0,0.8105547916768477,1,
06009,1,20,1.0,0,0.21057083869291496,0,
06011,3,9,1.0,0,0.6322002270031071,1,
06015,4,4,1.0,0,0.2816360535252366,0,
06017,1,23,1.0,0,0.23993395082421973,0,
06021,3,7,1.0,0,0.8450974019669987,1,
06023,4,36,1.0,0,0.31122026773503114,0,
06027,2,11,1.0,0,0.28350591810409714,0,
06031,4,12,1.0,0,0.8939095514249966,1,
06033,3,15,1.0,0,0.7339340269999385,1,
06035,2,17,1.0,0,0.15686255650224823,0,
06041,1,29,1.0,0,0.12724008768521486,0,
06043,3,13,1.0,0,0.20960984377638048,0,
06045,3,29,1.0,0,0.088385920792043,0,
06055,1,12,1.0,0,0.2941477617256775,0,
06057,2,12,1.0,0,0.2312544834089434,0,
06063,2,17,1.0,0,0.19721279569122593,0,
06069,2,7,1.0,0,0.48549186046396325,0,
06079,2,26,1.0,0,0.1813152211934317,0,
06083,2,24,1.0,0,0.4914755227292468,0,
06087,2,17,1.0,0,0.27083160823531366,0,
06093,3,23,1.0,0,0.4499793456129687,0,
06097,1,37,1.0,0,0.18445708649121467,0,
06101,3,13,1.0,0,0.8839905658110386,1,
06103,4,15,1.0,0,0.7723912729355884,1,
06109,1,16,1.0,0,0.46261538862471374,0,
06113,3,19,1.0,0,0.7717138170762423,1,
06115,3,17,1.0,0,0.8121240606547077,1,
08001,2,35,1.0,0,0.8554617064025678,1,
08005,1,33,1.0,0,0.7139056957695246,1,
08007,1,5,1.0,0,0.11821699959447898,0,
08009,4,8,1.0,0,0.3027607177085935,0,
08013,1,22,1.0,0,0.7593232131550007,1,
08014,1,6,1.0,0,0.4389863696608327,0,
08035,1,18,1.0,0,0.26537432467720967,0,
08037,1,13,1.0,0,0.2225883112845135,0,
08043,3,11,1.0,0,0.29421231386460317,0,
08045,1,8,1.0,0,0.1904599829093155,0,
08055,2,4,1.0,0,0.15183612481243114,0,
08059,1,33,1.0,0,0.40591114273149453,0,
08067,1,6,1.0,0,0.09695635277861259,0,
08069,1,24,1.0,0,0.503807889477273,1,
08077,2,19,1.0,0,0.8142210602647066,1,
08081,2,5,1.0,0,0.1994119392164151,0,
08087,2,10,1.0,0,0.35480010509920396,0,
08099,3,6,1.0,0,0.2926855750388282,0,
08101,3,15,1.0,0,0.852445464786818,1,
08107,1,9,1.0,0,0.09934677885072235,0,
08109,4,8,1.0,0,0.15843516386884993,0,
08113,1,7,1.0,0,0.1189297655688137,0,
08121,2,12,1.0,0,0.17284441483863552,0,
08123,1,41,1.0,0,0.7348236035391961,1,
09001,1,46,1.0,0,0.4079906365354148,0,
09003,1,58,1.0,0,0.7404934888988032,1,
09005,1,40,1.0,0,0.21059514465859042,0,
09007,1,24,1.0,0,0.28796600617509927,0,
09009,1,41,1.0,0,0.5573438643481697,1,
09011,1,31,1.0,0,0.4891487517305002,0,
09015,1,31,1.0,0,0.3462398065135537,0,
10001,1,18,1.0,0,0.5392281076718133,1,
10005,2,24,1.0,0,0.5575156649451785,1,
12001,3,23,1.0,0,0.22290195381166655,0,
12003,2,5,1.0,0,0.18056272310696275,0,
12005,2,16,1.0,0,0.6022451852965853,1,
12015,2,17,1.0,0,0.4978845278974978,0,
12017,3,15,1.0,0,0.39744805305517356,0,
12019,2,12,1.0,0,0.32692372956057203,0,
12023,3,8,1.0,0,0.355538615511723,0,
12033,1,18,1.0,0,0.30124209070816926,0,
12035,2,7,1.0,0,0.35287410904992716,0,
12039,4,7,1.0,0,0.38866358322420125,0,
12041,4,5,1.0,0,0.2641791598062589,0,
12043,4,5,1.0,0,0.44704605681499565,0,
12049,4,4,1.0,0,0.3456184277331599,0,
12051,4,6,1.0,0,0.6267476582208575,1,
12053,3,12,1.0,0,0.6924057710003817,1,
12055,3,9,1.0,0,0.38344328437380715,0,
12059,4,4,1.0,0,0.2408456769669882,0,
12061,2,9,1.0,0,0.3991849906351156,0,
12063,1,14,1.0,0,0.23497081978472148,0,
12065,4,4,1.0,0,0.18393272527287644,0,
12073,3,10,1.0,0,0.20523043862228052,0,
12075,4,13,1.0,0,0.32757270713794967,0,
12079,4,5,1.0,0,0.23372842045649422,0,
12083,3,31,1.0,0,0.3721664104490207,0,
12085,1,12,1.0,0,0.404175739599836,0,
12087,2,11,1.0,0,0.32777996615419885,0,
12089,1,6,1.0,0,0.20313613110682965,0,
12091,2,14,1.0,0,0.2627724085170815,0,
12097,3,17,1.0,0,0.7791872148449994,1,
12101,2,31,1.0,0,0.6945979229711888,1,
12107,4,17,1.0,0,0.4907068625865594,0,
12109,1,12,1.0,0,0.22432748531712818,0,
12111,2,17,1.0,0,0.6604783466561467,1,
12113,1,9,1.0,0,0.25096890870834665,0,
12117,2,17,1.0,0,0.4383180744159304,0,
12119,1,11,1.0,0,0.3733824021677481,0,
12121,3,9,1.0,0,0.2967824030972073,0,
12129,2,4,1.0,0,0.13123654825965686,0,
12131,2,12,1.0,0,0.2513646181345933,0,
12133,4,10,1.0,0,0.42357444437228153,0,
13001,4,7,1.0,0,0.6588202991818193,1,
13003,4,5,1.0,0,0.5146045857582607,1,
13005,4,3,1.0,0,0.5997646664462222,1,
13009,4,6,1.0,0,0.7503733424972001,1,
13013,2,8,1.0,0,0.3090812957335004,0,
13015,2,14,1.0,0,0.6036172503468603,1,
13017,4,4,1.0,0,0.45271802215984386,0,
13019,4,6,1.0,0,0.37601936121966567,0,
13021,1,12,1.0,0,0.7444490773301184,1,
13023,4,6,1.0,0,0.3796540248167285,0,
13025,4,6,1.0,0,0.42412377271456236,0,
13031,1,11,1.0,0,0.6116327836657499,1,
13033,4,9,1.0,0,0.4917143535496503,0,
13035,4,5,1.0,0,0.7449006616616095,1,
13039,3,8,1.0,0,0.2328826136429002,0,
13043,4,4,1.0,0,0.613682327445096,1,
13045,1,11,1.0,0,0.7695715831758412,1,
13055,4,6,1.0,0,0.39398195304469064,0,
13057,1,15,1.0,0,0.2920703671231968,0,
13059,1,9,1.0,0,0.7273324350795948,1,
13063,1,16,1.0,0,0.8053717523512757,1,
13069,4,10,1.0,0,0.5914811802302705,1,
13071,4,13,1.0,0,0.6440547326405863,1,
13073,1,7,1.0,0,0.13772959716122252,0,
13075,4,5,1.0,0,0.6172098917497268,1,
13077,1,10,1.0,0,0.387275810449263,0,
13083,3,5,1.0,0,0.3162003518901435,0,
13085,1,5,1.0,0,0.22048913899055034,0,
13087,4,8,1.0,0,0.5298832610446627,1,
13093,4,8,1.0,0,0.41671552380812504,0,
13095,4,6,1.0,0,0.727955385636705,1,
13097,2,8,1.0,0,0.6720986880873244,1,
13101,3,6,1.0,0,0.24241785723066497,0,
13103,1,8,1.0,0,0.11216701491159914,0,
13107,4,13,1.0,0,0.49773876440290904,0,
13109,4,6,1.0,0,0.6433804370280796,1,
13111,3,8,1.0,0,0.19219992008210812,0,
13113,1,8,1.0,0,0.3377703440070413,0,
13115,4,13,1.0,0,0.5546217109129348,1,
13119,3,10,1.0,0,0.6882118462945219,1,
13127,3,8,1.0,0,0.3969369493730614,0,
13129,4,8,1.0,0,0.5824203659839807,1,
13137,3,7,1.0,0,0.6073120625351784,1,
13139,2,19,1.0,0,0.5642035353699916,1,
13149,3,6,1.0,0,0.28454553797640203,0,
13151,2,11,1.0,0,0.5645253064196131,1,
13153,2,12,1.0,0,0.5784446007637685,1,
13155,4,7,1.0,0,0.3517554767240312,0,
13157,2,16,1.0,0,0.3216073267101722,0,
13163,4,9,1.0,0,0.4508896911116755,0,
13165,4,5,1.0,0,0.473514109118561,0,
13167,4,5,1.0,0,0.20892349636452423,0,
13169,4,8,1.0,0,0.37538518778051627,0,
13175,4,15,1.0,0,0.45657457496717013,0,
13179,1,9,1.0,0,0.052624759136439464,0,
13189,4,4,1.0,0,0.41843815924508054,0,
13191,3,4,1.0,0,0.12703272454643688,0,
13193,4,10,1.0,0,0.2625804335772671,0,
13195,3,11,1.0,0,0.4601096737438765,0,
13197,4,4,1.0,0,0.23882181484097897,0,
13215,4,11,1.0,0,0.7841197020183718,1,
13217,3,11,1.0,0,0.7220639792189438,1,
13219,1,8,1.0,0,0.15996746898844125,0,
13223,1,11,1.0,0,0.41382964381379644,0,
13225,4,3,1.0,0,0.5751246626100287,1,
13227,2,9,1.0,0,0.2405623726666297,0,
13233,4,8,1.0,0,0.6648056794033974,1,
13235,4,5,1.0,0,0.16327965802196398,0,
13237,4,5,1.0,0,0.2770682038609291,0,
13247,2,9,1.0,0,0.7452501626976082,1,
13253,4,4,1.0,0,0.45190523120257103,0,
13257,3,5,1.0,0,0.6715837180766063,1,
13261,4,8,1.0,0,0.4841277287618273,0,
13267,4,6,1.0,0,0.3683265146592061,0,
13273,4,7,1.0,0,0.3727573564596141,0,
13275,3,9,1.0,0,0.2634301096630014,0,
13277,4,9,1.0,0,0.6391356068100824,1,
13279,4,3,1.0,0,0.4975342189907502,0,
13281,3,3,1.0,0,0.12018044775570788,0,
13285,4,7,1.0,0,0.49534236167554185,0,
13287,4,4,1.0,0,0.5526855816394789,1,
13291,3,4,1.0,0,0.22369074961926694,0,
13293,4,7,1.0,0,0.6160781936155756,1,
13295,3,14,1.0,0,0.42241258666418896,0,
13297,2,11,1.0,0,0.5844717894840878,1,
13299,4,7,1.0,0,0.6510179282663714,1,
13301,4,9,1.0,0,0.30209932091945585,0,
13303,4,10,1.0,0,0.18895174226046507,0,
13305,4,6,1.0,0,0.3950017970282409,0,
13309,4,4,1.0,0,0.1020792945342647,0,
13313,4,8,1.0,0,0.6889726681693337,1,
13315,4,8,1.0,0,0.27928438973612274,0,
13317,4,5,1.0,0,0.17078072443819817,0,
16001,1,17,1.0,0,0.29301487923983893,0,
16011,3,11,1.0,0,0.16088306470725988,0,
16013,2,8,1.0,0,0.20666476621199542,0,
16017,2,18,1.0,0,0.14924797939663023,0,
16019,2,14,1.0,0,0.2758032511193446,0,
16025,4,2,1.0,0,0.21022160486422273,0,
16031,3,9,1.0,0,0.4498921170806897,0,
16035,3,7,1.0,0,0.08657765024310463,0,
16039,3,7,1.0,0,0.10883488134721281,0,
16041,1,7,1.0,0,0.18413363771423405,0,
16045,2,7,1.0,0,0.23554369580183296,0,
16047,3,6,1.0,0,0.6470049958895243,1,
16055,2,13,1.0,0,0.2721611927195977,0,
16059,3,10,1.0,0,0.1401470086502456,0,
16069,2,10,1.0,0,0.1737683198784497,0,
16073,3,12,1.0,0,0.39254250062086765,0,
16075,3,7,1.0,0,0.2858642865786408,0,
16079,4,15,1.0,0,0.0843056049161123,0,
16081,1,5,1.0,0,0.0812508900101303,0,
16083,3,10,1.0,0,0.5264719990506573,1,
16087,4,5,1.0,0,0.2057848342663584,0,
17001,2,23,1.0,0,0.3710334804825556,0,
17003,1,8,1.0,0,0.6064081358956593,1,
17007,1,15,1.0,0,0.5160240779036859,1,
17011,2,30,1.0,0,0.33591128431528017,0,
17013,2,7,1.0,0,0.18820790944876567,0,
17017,3,7,1.0,0,0.3189213596668881,0,
17019,3,35,1.0,0,0.740031158310471,1,
17021,2,20,1.0,0,0.32386914255899363,0,
17025,3,13,1.0,0,0.4306116883793094,0,
17027,1,17,1.0,0,0.3182153211669084,0,
17033,2,10,1.0,0,0.3198737414015616,0,
17039,2,13,1.0,0,0.34000191228370236,0,
17041,2,13,1.0,0,0.3987993403479379,0,
17043,1,43,1.0,0,0.43261882332809953,0,
17045,2,15,1.0,0,0.2625741981475034,0,
17049,2,15,1.0,0,0.3011089455150016,0,
17053,2,21,1.0,0,0.39907457519617123,0,
17055,4,19,1.0,0,0.4556983774566266,0,
17057,3,24,1.0,0,0.2913725828498053,0,
17059,4,9,1.0,0,0.36076924812033073,0,
17063,1,16,1.0,0,0.34043351952656664,0,
17073,1,23,1.0,0,0.29473544184148154,0,
17075,2,25,1.0,0,0.3997539548615571,0,
17081,3,17,1.0,0,0.5203300266128779,1,
17087,2,10,1.0,0,0.21958023304253418,0,
17091,2,21,1.0,0,0.738962328955425,1,
17093,1,19,1.0,0,0.5205483990489241,1,
17095,3,22,1.0,0,0.444539078968997,0,
17097,1,35,1.0,0,0.5952953357535321,1,
17099,2,28,1.0,0,0.5775991872978168,1,
17103,2,24,1.0,0,0.39984528865930297,0,
17105,3,29,1.0,0,0.47178852087199424,0,
17107,1,20,1.0,0,0.3499882434872102,0,
17109,4,17,1.0,0,0.5046010900870445,1,
17111,1,24,1.0,0,0.42142070073641225,0,
17113,2,33,1.0,0,0.6217955836806616,1,
17115,3,27,1.0,0,0.7489658574475245,1,
17117,2,28,1.0,0,0.4986308552649304,0,
17121,3,15,1.0,0,0.4484465889051572,0,
17123,2,19,1.0,0,0.2697682187074262,0,
17125,3,11,1.0,0,0.27564043082985634,0,
17127,3,8,1.0,0,0.4408707776868502,0,
17133,1,9,1.0,0,0.14922884193380673,0,
17137,3,16,1.0,0,0.42975901895946944,0,
17141,2,27,1.0,0,0.40621469889545153,0,
17149,3,16,1.0,0,0.2618352218837337,0,
17157,2,18,1.0,0,0.3134575905959431,0,
17159,3,9,1.0,0,0.364960067431427,0,
17161,2,20,1.0,0,0.6141869376447345,1,
17165,4,11,1.0,0,0.5012891718559085,1,
17167,2,29,1.0,0,0.5801713731900572,1,
17171,2,9,1.0,0,0.280335511387699,0,
17173,2,22,1.0,0,0.2658175545225643,0,
17179,1,21,1.0,0,0.318196343051404,0,
17181,3,13,1.0,0,0.21602493963169414,0,
17183,3,27,1.0,0,0.7095940386041253,1,
17187,3,14,1.0,0,0.44282015792758034,0,
17189,1,13,1.0,0,0.25680432621355204,0,
17193,3,11,1.0,0,0.24496112887912289,0,
17199,3,22,1.0,0,0.31995452186001944,0,
17201,2,26,1.0,0,0.6727797492659567,1,
17203,1,16,1.0,0,0.2646733744978372,0,
18001,3,8,1.0,0,0.8007147335658725,1,
18003,2,33,1.0,0,0.807340546188241,1,
18005,2,14,1.0,0,0.2569777230142643,0,
18009,3,7,1.0,0,0.628804570853171,1,
18011,1,12,1.0,0,0.30830242308227496,0,
18013,1,9,1.0,0,0.09033061892791559,0,
18017,3,12,1.0,0,0.747546448030527,1,
18019,2,15,1.0,0,0.6279890866445563,1,
18021,2,17,1.0,0,0.39960579590871087,0,
18023,3,12,1.0,0,0.7302365154485521,1,
18029,1,9,1.0,0,0.29995723052402273,0,
18035,4,21,1.0,0,0.8234091392471253,1,
18037,1,13,1.0,0,0.2815679827872446,0,
18039,2,17,1.0,0,0.8210141103838149,1,
18043,2,10,1.0,0,0.4664559254189698,0,
18047,1,15,1.0,0,0.23650918897756923,0,
18051,2,16,1.0,0,0.4879425049218239,0,
18053,3,15,1.0,0,0.8154264175890007,1,
18055,2,16,1.0,0,0.37085876569710635,0,
18059,1,15,1.0,0,0.5831897799681479,1,
18061,2,16,1.0,0,0.183918344356991,0,
18063,1,19,1.0,0,0.3701516228220794,0,
18067,2,10,1.0,0,0.787820919056908,1,
18069,2,9,1.0,0,0.5278450256969112,1,
18071,3,8,1.0,0,0.22217497685781043,0,
18073,1,13,1.0,0,0.6182828542239747,1,
18079,2,13,1.0,0,0.22255293542156535,0,
18081,1,12,1.0,0,0.382680918861212,0,
18083,3,11,1.0,0,0.68970587168534,1,
18085,1,21,1.0,0,0.5408919760372874,1,
18087,1,12,1.0,0,0.7909061376539156,1,
18091,3,15,1.0,0,0.8103834182398317,1,
18093,2,12,1.0,0,0.28142858689371963,0,
18095,3,18,1.0,0,0.7629452081238758,1,
18101,2,7,1.0,0,0.25261321596204656,0,
18105,1,18,1.0,0,0.7948411750424635,1,
18107,2,16,1.0,0,0.5160732473957771,1,
18109,1,14,1.0,0,0.401017083180243,0,
18117,3,11,1.0,0,0.2346142601860443,0,
18123,2,14,1.0,0,0.1489379258277404,0,
18127,1,15,1.0,0,0.6053508636142303,1,
18129,1,7,1.0,0,0.25720809825109836,0,
18133,1,15,1.0,0,0.3990650163823863,0,
18139,2,16,1.0,0,0.5148393139314165,1,
18141,3,24,1.0,0,0.8617518416001484,1,
18143,3,6,1.0,0,0.30024632702589266,0,
18145,2,17,1.0,0,0.5241610583543883,1,
18147,1,16,1.0,0,0.3079018679859011,0,
18149,3,11,1.0,0,0.7006262284625674,1,
18153,3,13,1.0,0,0.48863277486447326,0,
18157,3,18,1.0,0,0.7892110733866327,1,
18163,3,11,1.0,0,0.7872445257215951,1,
18167,1,18,1.0,0,0.7870911919061306,1,
18169,2,14,1.0,0,0.5234733437050042,1,
18173,1,12,1.0,0,0.32068921651022464,0,
18175,2,12,1.0,0,0.17722869239015765,0,
18177,3,17,1.0,0,0.7986741550913322,1,
19003,2,9,1.0,0,0.20300400247571543,0,
19007,3,11,1.0,0,0.19776393627692457,0,
19009,2,11,1.0,0,0.2184084445687559,0,
19011,1,24,1.0,0,0.23339151328207125,0,
19013,3,17,1.0,0,0.6445197418834505,1,
19015,3,18,1.0,0,0.26310874724634714,0,
19021,2,13,1.0,0,0.32364484799383686,0,
19023,1,16,1.0,0,0.22122112116597922,0,
19027,1,16,1.0,0,0.21796340930391908,0,
19031,1,18,1.0,0,0.230195805352285,0,
19037,1,9,1.0,0,0.23292080002975807,0,
19039,3,9,1.0,0,0.19843877789635328,0,
19041,2,15,1.0,0,0.24537641950987654,0,
19045,2,20,1.0,0,0.28931869411877265,0,
19049,1,25,1.0,0,0.22847016979943363,0,
19057,3,12,1.0,0,0.31468151371542397,0,
19061,2,19,1.0,0,0.3059705233055482,0,
19067,3,13,1.0,0,0.2473289975748661,0,
19071,2,11,1.0,0,0.20029060816310618,0,
19077,1,18,1.0,0,0.19712299699590885,0,
19079,1,15,1.0,0,0.22392477808999647,0,
19087,2,11,1.0,0,0.2149316833428415,0,
19095,1,21,1.0,0,0.21434903931053584,0,
19097,2,14,1.0,0,0.22409203281540413,0,
19099,1,19,1.0,0,0.16460395419259935,0,
19103,1,24,1.0,0,0.6715661123306425,1,
19105,2,16,1.0,0,0.22701929710845123,0,
19109,2,21,1.0,0,0.24563449812501098,0,
19111,3,12,1.0,0,0.22813191793339502,0,
19113,1,29,1.0,0,0.2697907229096679,0,
19121,1,14,1.0,0,0.18495010077375595,0,
19123,2,20,1.0,0,0.19677669521198832,0,
19127,2,21,1.0,0,0.267419928878788,0,
19129,1,11,1.0,0,0.17337946535956247,0,
19133,2,15,1.0,0,0.1913339600741497,0,
19145,2,12,1.0,0,0.2035258170508353,0,
19149,1,14,1.0,0,0.24900996393512248,0,
19151,2,16,1.0,0,0.2548857289071465,0,
19155,2,24,1.0,0,0.2504598670923115,0,
19157,2,17,1.0,0,0.16260405701379563,0,
19161,2,16,1.0,0,0.23863424828648802,0,
19163,2,22,1.0,0,0.35439462832820234,0,
19169,3,22,1.0,0,0.2646618483282813,0,
19179,3,12,1.0,0,0.2340784174565336,0,
19181,1,19,1.0,0,0.16431385841945373,0,
19187,3,22,1.0,0,0.3918621809521596,0,
19193,2,25,1.0,0,0.3994958301039144,0,
19197,2,16,1.0,0,0.23725221558458987,0,
20001,3,11,1.0,0,0.3381793878345397,0,
20005,2,10,1.0,0,0.19584215693411183,0,
20009,3,10,1.0,0,0.2991548943745148,0,
20011,4,13,1.0,0,0.2299452749997875,0,
20015,2,20,1.0,0,0.23862949071164247,0,
20019,4,10,1.0,0,0.22304128220874714,0,
20021,1,13,1.0,0,0.1349601982834375,0,
20027,1,10,1.0,0,0.20898373433355893,0,
20029,3,8,1.0,0,0.24930058994094306,0,
20035,3,14,1.0,0,0.41881912564341817,0,
20037,1,15,1.0,0,0.30926156835300284,0,
20039,2,8,1.0,0,0.2367879446432818,0,
20041,2,12,1.0,0,0.24614447753492802,0,
20045,1,12,1.0,0,0.7148226038768026,1,
20047,3,7,1.0,0,0.23910097680579473,0,
20051,3,11,1.0,0,0.24642270597614424,0,
20055,3,7,1.0,0,0.2780449724668018,0,
20057,4,10,1.0,0,0.2962845179785969,0,
20059,2,13,1.0,0,0.21191590093511414,0,
20061,3,8,1.0,0,0.5946844711540882,1,
20067,2,3,1.0,0,0.2325871490694741,0,
20073,3,11,1.0,0,0.20943259816045812,0,
20079,1,13,1.0,0,0.2625450480893621,0,
20083,2,8,1.0,0,0.22934444752566935,0,
20085,2,18,1.0,0,0.13979338186326506,0,
20087,2,15,1.0,0,0.12872988611270625,0,
20095,1,12,1.0,0,0.19214265214236273,0,
20097,2,7,1.0,0,0.2188565412984841,0,
20099,4,13,1.0,0,0.3678764358741746,0,
20103,1,13,1.0,0,0.22837729432263415,0,
20111,3,12,1.0,0,0.4828308562386061,0,
20113,1,12,1.0,0,0.2551571867741656,0,
20121,1,11,1.0,0,0.13612965166198823,0,
20125,3,13,1.0,0,0.4801439258341895,0,
20127,2,9,1.0,0,0.2543660471173557,0,
20129,2,5,1.0,0,0.24558648505972738,0,
20133,4,11,1.0,0,0.3982537838051814,0,
20135,3,9,1.0,0,0.2365436623727456,0,
20139,2,15,1.0,0,0.2223091568493431,0,
20147,2,9,1.0,0,0.22369627643440337,0,
20149,2,12,1.0,0,0.28736027182696794,0,
20155,2,22,1.0,0,0.3638737166638964,0,
20159,2,13,1.0,0,0.219229447773433,0,
20161,3,14,1.0,0,7.611410282905102e-05,0,
20163,2,10,1.0,0,0.24269380822804892,0,
20167,2,11,1.0,0,0.23804968957734557,0,
20169,2,9,1.0,0,0.43456919183625037,0,
20175,4,6,1.0,0,0.44015005698734366,0,
20179,1,11,1.0,0,0.1814592539122937,0,
20201,2,15,1.0,0,0.14053520859148266,0,
20205,4,10,1.0,0,0.40247838503162275,0,
21001,4,10,1.0,0,0.3265921791743456,0,
21003,4,6,1.0,0,0.29940989376666394,0,
21009,4,11,1.0,0,0.5811371485180888,1,
21011,4,8,1.0,0,0.4078321200639255,0,
21013,4,11,1.0,0,0.5424195632408024,1,
21015,1,9,1.0,0,0.5194202872610403,1,
21019,3,4,1.0,0,0.7408286380224897,1,
21021,3,5,1.0,0,0.4657461199077507,0,
21023,3,7,1.0,0,0.26673253712958755,0,
21027,3,18,1.0,0,0.2253495173370802,0,
21029,1,11,1.0,0,0.6182148715676568,1,
21033,3,6,1.0,0,0.19608447762973386,0,
21037,2,10,1.0,0,0.6167834341607757,1,
21041,4,8,1.0,0,0.678566956612661,1,
21047,4,15,1.0,0,0.6790820185192317,1,
21049,3,4,1.0,0,0.4764049404487593,0,
21051,4,10,1.0,0,0.4176221122571301,0,
21057,4,3,1.0,0,0.2200313579456029,0,
21059,3,10,1.0,0,0.7188701974499955,1,
21061,4,12,1.0,0,0.24775115442013002,0,
21063,4,6,1.0,0,0.3521296905480148,0,
21067,2,17,1.0,0,0.589165479614519,1,
21069,4,7,1.0,0,0.4708845377552193,0,
21071,4,33,1.0,0,0.6895757829769295,1,
21073,2,5,1.0,0,0.30588724398474637,0,
21075,4,3,1.0,0,0.4573759314581979,0,
21077,3,6,1.0,0,0.5436588590587401,1,
21079,3,5,1.0,0,0.3222064604849153,0,
21081,3,8,1.0,0,0.31521317519923286,0,
21083,4,18,1.0,0,0.5475834385534637,1,
21085,4,9,1.0,0,0.36094817552226033,0,
21093,2,17,1.0,0,0.47577025498771713,0,
21097,3,6,1.0,0,0.2957431005554528,0,
21099,4,10,1.0,0,0.4071014381736505,0,
21101,3,8,1.0,0,0.8032218496558763,1,
21103,3,13,1.0,0,0.2906932018356948,0,
21105,4,7,1.0,0,0.34225514355770015,0,
21107,4,13,1.0,0,0.47695413518057606,0,
21113,3,4,1.0,0,0.42955931061015057,0,
21115,4,19,1.0,0,0.5320005310381882,1,
21117,2,12,1.0,0,0.6677312643949107,1,
21119,4,24,1.0,0,0.4962451133992781,0,
21121,4,19,1.0,0,0.2223406987223406,0,
21125,4,8,1.0,0,0.537289657250261,1,
21127,4,10,1.0,0,0.48264184293215456,0,
21133,1,26,1.0,0,0.5753188793310317,1,
21137,4,11,1.0,0,0.35745985074518283,0,
21141,4,7,1.0,0,0.34467784305475235,0,
21145,3,7,1.0,0,0.8319343711203968,1,
21149,2,7,1.0,0,0.3488767111136843,0,
21151,1,5,1.0,0,0.5189150660578453,1,
21153,4,4,1.0,0,0.3263015745763687,0,
21159,4,9,1.0,0,0.31810014095479555,0,
21161,4,5,1.0,0,0.5756234071852473,1,
21163,2,12,1.0,0,0.29025119523937915,0,
21167,2,5,1.0,0,0.2858758456425379,0,
21171,4,6,1.0,0,0.026460785455575002,0,
21173,4,5,1.0,0,0.562405122278564,1,
21175,4,8,1.0,0,0.2659999786189653,0,
21179,1,9,1.0,0,0.2329209634719722,0,
21183,3,16,1.0,0,0.24668032604938142,0,
21185,1,11,1.0,0,0.22931955572526302,0,
21191,3,10,1.0,0,0.2514995921781431,0,
21195,4,39,1.0,0,0.3899755068427983,0,
21197,4,4,1.0,0,0.43758635525306894,0,
21199,4,11,1.0,0,0.6573855750696678,1,
21201,4,7,1.0,0,0.21943868166538544,0,
21203,4,7,1.0,0,0.392030024358491,0,
21205,4,4,1.0,0,0.19476338415295774,0,
21207,4,7,1.0,0,0.47995544029600157,0,
21209,2,6,1.0,0,0.27310642168300336,0,
21211,2,14,1.0,0,0.4725747733237965,0,
21217,4,6,1.0,0,0.38858964868482143,0,
21221,2,5,1.0,0,0.17080659281813285,0,
21225,4,5,1.0,0,0.4217476790569333,0,
21227,3,9,1.0,0,0.3314776409542235,0,
21231,4,5,1.0,0,0.46557839879194357,0,
21235,4,7,1.0,0,0.5166575680661613,1,
21237,4,5,1.0,0,0.4556475850516803,0,
21239,2,3,1.0,0,0.25271370224896195,0,
22001,4,15,1.0,0,0.8130375418816183,1,
22003,3,13,1.0,0,0.272954411078331,0,
22005,1,8,1.0,0,0.655460648652146,1,
22009,4,15,1.0,0,0.5318577753734325,1,
22011,3,9,1.0,0,0.2145181407180378,0,
22013,4,13,1.0,0,0.3157486351805755,0,
22019,3,16,1.0,0,0.8085613942119737,1,
22021,4,4,1.0,0,0.2739544399650504,0,
22023,4,8,1.0,0,0.8363429001513766,1,
22027,4,11,1.0,0,0.4674573252138723,0,
22031,4,10,1.0,0,0.3394834770015924,0,
22039,4,12,1.0,0,0.7276579745889127,1,
22041,4,7,1.0,0,0.599630912962804,1,
22043,3,8,1.0,0,0.10913874255486183,0,
22045,4,10,1.0,0,0.8023557633462339,1,
22047,3,8,1.0,0,0.783248750450545,1,
22049,4,7,1.0,0,0.32579854651275725,0,
22053,3,10,1.0,0,0.66015518417383,1,
22055,1,16,1.0,0,0.5874848585560611,1,
22057,3,14,1.0,0,0.6835608517930847,1,
22063,2,17,1.0,0,0.5605416129425353,1,
22065,4,4,1.0,0,0.6700530626066193,1,
22069,4,16,1.0,0,0.41556042279059924,0,
22077,3,17,1.0,0,0.592436190826293,1,
22079,4,27,1.0,0,0.6781549660870666,1,
22083,4,6,1.0,0,0.6196320030135314,1,
22087,4,6,1.0,0,0.8879108976932898,1,
22089,1,10,1.0,0,0.5300747467060193,1,
22093,3,7,1.0,0,0.8009965274180877,1,
22095,3,6,1.0,0,0.8153494411209231,1,
22099,4,8,1.0,0,0.6806237806684546,1,
22101,4,8,1.0,0,0.7793875647496149,1,
22103,2,17,1.0,0,0.39953990234427306,0,
22105,1,20,1.0,0,0.7532244844661253,1,
22107,4,4,1.0,0,0.3085355741314818,0,
22109,3,13,1.0,0,0.7947799294017573,1,
22111,3,10,1.0,0,0.19283816441703158,0,
22113,3,12,1.0,0,0.6665146071478941,1,
22115,3,13,1.0,0,0.3133105196491159,0,
22117,4,6,1.0,0,0.45175487401205144,0,
22119,4,12,1.0,0,0.625124161292094,1,
22121,2,5,1.0,0,0.712379690982892,1,
22123,4,4,1.0,0,0.39141055090667654,0,
22127,4,12,1.0,0,0.18810095130183718,0,
23001,2,14,1.0,0,0.2608221759889203,0,
23005,1,38,1.0,0,0.18323317974066222,0,
23007,1,18,1.0,0,0.08185258844881099,0,
23009,2,40,1.0,0,0.14437080567317404,0,
23011,2,27,1.0,0,0.19332723777253596,0,
23013,1,19,1.0,0,0.22016946860346448,0,
23017,1,33,1.0,0,0.09357483057462035,0,
23019,1,47,1.0,0,0.371960314079674,0,
23021,3,16,1.0,0,0.1497035087316708,0,
23025,4,24,1.0,0,0.2845725277784972,0,
23027,2,18,1.0,0,0.15506309411224325,0,
23031,1,36,1.0,0,0.18516138801604268,0,
24001,3,15,1.0,0,0.21861207848734393,0,
24011,3,10,1.0,0,0.48437642720948626,0,
24013,1,15,1.0,0,0.16627939834407557,0,
24017,1,24,1.0,0,0.18563834112791136,0,
24019,3,18,1.0,0,0.4848095524415199,0,
24021,1,34,1.0,0,0.18961611509597204,0,
24027,1,24,1.0,0,0.25599811423328633,0,
24029,2,9,1.0,0,0.31073504197948176,0,
24035,1,16,1.0,0,0.25363629008230537,0,
24037,1,26,1.0,0,0.2304712473818361,0,
24039,1,11,1.0,0,0.044961801382255646,0,
24041,1,16,1.0,0,0.28375730239513725,0,
24043,1,20,1.0,0,0.12055205229632857,0,
24047,2,12,1.0,0,0.38061573581137637,0,
25001,1,47,1.0,0,0.35124230243689203,0,
25005,2,36,1.0,0,0.7596467680960404,1,
25011,2,32,1.0,0,0.12900624951322798,0,
25013,2,41,1.0,0,0.8149278946235005,1,
25015,1,28,1.0,0,0.14362047380371182,0,
25023,1,34,1.0,0,0.37394421213413337,0,
25025,3,36,1.0,0,0.904296361203819,1,
25027,1,87,1.0,0,0.49300887059521836,0,
26005,2,24,1.0,0,0.43723096694121755,0,
26009,2,16,1.0,0,0.254170566118619,0,
26011,3,10,1.0,0,0.566675397425658,1,
26013,3,7,1.0,0,0.08636692914016642,0,
26015,1,15,1.0,0,0.24796278955078846,0,
26017,2,16,1.0,0,0.7663277912229687,1,
26021,1,23,1.0,0,0.5199589044740076,1,
26023,3,13,1.0,0,0.5506543042521738,1,
26025,3,22,1.0,0,0.6038759702259914,1,
26027,2,14,1.0,0,0.5885850072134146,1,
26041,3,13,1.0,0,0.3473746758557566,0,
26045,1,19,1.0,0,0.4911381840628148,0,
26049,3,34,1.0,0,0.7651937958432881,1,
26055,1,9,1.0,0,0.3028504516612718,0,
26059,3,18,1.0,0,0.5197603555337115,1,
26061,4,20,1.0,0,0.19888910453264097,0,
26063,2,18,1.0,0,0.4770079056007642,0,
26065,1,22,1.0,0,0.7905448471916091,1,
26067,2,21,1.0,0,0.3550068177200976,0,
26073,4,15,1.0,0,0.6533414396037045,1,
26075,2,29,1.0,0,0.6996461763563253,1,
26077,2,25,1.0,0,0.5845373657870249,1,
26081,2,39,1.0,0,0.7711847838753951,1,
26087,2,22,1.0,0,0.35972675560009654,0,
26091,2,23,1.0,0,0.45926774532618725,0,
26093,1,20,1.0,0,0.23811926665397207,0,
26099,2,39,1.0,0,0.8337226105142467,1,
26101,2,15,1.0,0,0.32172331776730384,0,
26103,2,15,1.0,0,0.11603295415994139,0,
26115,1,25,1.0,0,0.45521829042191886,0,
26121,3,20,1.0,0,0.72878423986853,1,
26123,3,21,1.0,0,0.4475623924151268,0,
26127,3,12,1.0,0,0.5535448318661224,1,
26137,3,7,1.0,0,0.3084517865444095,0,
26139,1,22,1.0,0,0.4957035446244429,0,
26141,2,7,1.0,0,0.2013947395622443,0,
26145,3,28,1.0,0,0.7399232832181286,1,
26147,2,23,1.0,0,0.6747610371783141,1,
26149,3,13,1.0,0,0.6008970931251532,1,
26151,3,22,1.0,0,0.6061883619770738,1,
26155,2,19,1.0,0,0.4452104546776367,0,
26157,3,21,1.0,0,0.36463238113181246,0,
26159,3,22,1.0,0,0.5890030080225394,1,
26161,2,27,1.0,0,0.4987451348995296,0,
27001,2,12,1.0,0,0.18170528574429207,0,
27003,1,20,1.0,0,0.28463397785172184,0,
27005,2,16,1.0,0,0.19979187658117087,0,
27007,3,18,1.0,0,0.11296050361968704,0,
27009,1,9,1.0,0,0.20840677484532313,0,
27025,1,15,1.0,0,0.1838264813081924,0,
27027,2,15,1.0,0,0.1718193255547732,0,
27037,1,22,1.0,0,0.24701692793614952,0,
27041,1,17,1.0,0,0.21485589472125416,0,
27047,2,18,1.0,0,0.36092950109261934,0,
27049,1,17,1.0,0,0.2182330531859748,0,
27057,2,10,1.0,0,0.12073664662895059,0,
27061,2,30,1.0,0,0.15716018705248572,0,
27079,1,13,1.0,0,0.22566478108497293,0,
27083,3,14,1.0,0,0.21860287106762458,0,
27095,2,12,1.0,0,0.2036748589722447,0,
27097,2,20,1.0,0,0.20218299176094437,0,
27099,2,19,1.0,0,0.3075341988830967,0,
27109,1,19,1.0,0,0.19506878607864037,0,
27111,1,34,1.0,0,0.22288534728519116,0,
27115,2,16,1.0,0,0.16878918291535316,0,
27119,2,25,1.0,0,0.2036868963373373,0,
27123,2,26,1.0,0,0.5916005668369504,1,
27127,2,22,1.0,0,0.22647842761046738,0,
27129,2,16,1.0,0,0.22751711358219967,0,
27131,1,16,1.0,0,0.2398168490221966,0,
27135,1,11,1.0,0,0.13291116071514242,0,
27139,1,10,1.0,0,0.2326850991656171,0,
27141,1,9,1.0,0,0.21816233470708438,0,
27145,2,33,1.0,0,0.2947664773509615,0,
27151,3,11,1.0,0,0.22803111298778173,0,
27153,2,19,1.0,0,0.209689375393013,0,
27163,1,19,1.0,0,0.23652317909188625,0,
27169,2,14,1.0,0,0.08419884995504832,0,
27171,1,19,1.0,0,0.24613095984554947,0,
28001,4,2,1.0,0,0.280875707301872,0,
28003,4,5,1.0,0,0.28304008733703917,0,
28007,4,11,1.0,0,0.20376185810495895,0,
28011,4,17,1.0,0,0.8500615035321961,1,
28013,4,11,1.0,0,0.17245071262209222,0,
28015,4,13,1.0,0,0.31486731096590015,0,
28019,4,9,1.0,0,0.13132461064707085,0,
28023,4,9,1.0,0,0.14038091574275607,0,
28025,4,8,1.0,0,0.25487659372834875,0,
28027,4,11,1.0,0,0.8450853020220346,1,
28029,4,9,1.0,0,0.0972597061057238,0,
28031,4,8,1.0,0,0.2859211547405052,0,
28033,1,10,1.0,0,0.3281875505475983,0,
28035,1,8,1.0,0,0.7934495051601257,1,
28037,4,8,1.0,0,0.1722715318492273,0,
28039,4,3,1.0,0,0.15179703580804665,0,
28041,3,7,1.0,0,0.08508189398002641,0,
28043,4,7,1.0,0,0.24708472925440003,0,
28045,3,10,1.0,0,0.5980649086931951,1,
28051,4,9,1.0,0,0.2599439413517597,0,
28057,3,10,1.0,0,0.21669173746288947,0,
28061,4,14,1.0,0,0.11385915928572518,0,
28065,4,9,1.0,0,0.17343889477823732,0,
28069,4,11,1.0,0,0.13692138325957276,0,
28071,4,13,1.0,0,0.726367163384522,1,
28073,3,6,1.0,0,0.17379748008104973,0,
28075,1,12,1.0,0,0.09578127867200047,0,
28081,3,15,1.0,0,0.3775198094884122,0,
28083,4,11,1.0,0,0.6934884810335873,1,
28085,4,12,1.0,0,0.2849872998086573,0,
28087,3,8,1.0,0,0.312585315098205,0,
28089,1,12,1.0,0,0.14321535948465303,0,
28091,4,8,1.0,0,0.28766386801728416,0,
28093,3,8,1.0,0,0.2852416947142605,0,
28095,4,12,1.0,0,0.2603741565084742,0,
28097,4,7,1.0,0,0.1973328838438867,0,
28099,4,8,1.0,0,0.3298739392555809,0,
28101,4,11,1.0,0,0.1354634804756563,0,
28103,4,6,1.0,0,0.2836749941674209,0,
28107,4,11,1.0,0,0.44728556389515134,0,
28109,3,5,1.0,0,0.18105848284874024,0,
28113,4,8,1.0,0,0.4876239750954215,0,
28115,4,11,1.0,0,0.357431372075681,0,
28119,4,10,1.0,0,0.5664144905147497,1,
28121,1,12,1.0,0,0.16384169689420514,0,
28123,4,10,1.0,0,0.2892880868997426,0,
28127,3,10,1.0,0,0.18992053914180895,0,
28131,4,6,1.0,0,0.1292551086929014,0,
28133,4,16,1.0,0,0.8068891976289556,1,
28135,4,18,1.0,0,0.16414340026218763,0,
28137,3,5,1.0,0,0.4301246143969356,0,
28141,4,9,1.0,0,0.2553229234162736,0,
28145,3,11,1.0,0,0.21404478636870067,0,
28147,4,6,1.0,0,0.23249873619914807,0,
28153,4,7,1.0,0,0.2394725612466085,0,
28159,4,10,1.0,0,0.2029915125191481,0,
28161,4,7,1.0,0,0.15510520572420758,0,
28163,4,8,1.0,0,0.26170838682732006,0,
29001,4,9,1.0,0,0.33262495086607324,0,
29009,4,17,1.0,0,0.36796354440478285,0,
29011,4,8,1.0,0,0.23440194004613787,0,
29013,3,13,1.0,0,0.19489703256673876,0,
29015,3,13,1.0,0,0.20188274963816655,0,
29017,4,13,1.0,0,0.18646832101738212,0,
29019,1,13,1.0,0,0.2115208672678693,0,
29021,3,15,1.0,0,0.7719522426817554,1,
29023,4,10,1.0,0,0.4642323761689765,0,
29025,3,10,1.0,0,0.33986358614029916,0,
29029,3,18,1.0,0,0.26444103500241173,0,
29031,3,19,1.0,0,0.44266126202537126,0,
29033,3,10,1.0,0,0.2713097988201009,0,
29035,3,5,1.0,0,0.12918676837608284,0,
29037,1,18,1.0,0,0.2502601711591429,0,
29039,4,9,1.0,0,0.22253757780452404,0,
29041,3,12,1.0,0,0.24963908433045956,0,
29043,1,21,1.0,0,0.11047926449408728,0,
29049,1,11,1.0,0,0.21994084264427072,0,
29051,1,9,1.0,0,0.2220686343904839,0,
29055,4,12,1.0,0,0.2465812065394541,0,
29057,3,13,1.0,0,0.220720057927766,0,
29059,4,13,1.0,0,0.27249267643697694,0,
29063,2,10,1.0,0,0.24723140292050427,0,
29065,4,8,1.0,0,0.1860659052374003,0,
29067,4,16,1.0,0,0.23503959849986875,0,
29069,4,14,1.0,0,0.7009411009723262,1,
29071,1,23,1.0,0,0.2545107553195327,0,
29079,3,7,1.0,0,0.38966909812938266,0,
29083,4,11,1.0,0,0.29222779909121127,0,
29085,4,13,1.0,0,0.3000463801917874,0,
29091,4,12,1.0,0,0.28071688952962337,0,
29093,3,16,1.0,0,0.17221595988906807,0,
29099,1,24,1.0,0,0.3585588531832398,0,
29103,4,12,1.0,0,0.21096977716676116,0,
29105,4,12,1.0,0,0.2745851395372,0,
29107,2,16,1.0,0,0.30473659436746797,0,
29109,3,21,1.0,0,0.3986172329623521,0,
29113,2,17,1.0,0,0.32975407464946105,0,
29115,3,15,1.0,0,0.24142571949125202,0,
29117,3,12,1.0,0,0.2587848892013401,0,
29119,1,14,1.0,0,0.4119525078243158,0,
29121,2,15,1.0,0,0.19814836266126865,0,
29123,3,7,1.0,0,0.17119727393995648,0,
29127,3,10,1.0,0,0.29728174215573355,0,
29131,3,17,1.0,0,0.22289074511293477,0,
29133,4,6,1.0,0,0.7582827215838542,1,
29135,2,13,1.0,0,0.1761221065074608,0,
29139,3,11,1.0,0,0.2423398422740085,0,
29143,4,17,1.0,0,0.7198268035497923,1,
29145,3,15,1.0,0,0.29237154750924155,0,
29147,4,18,1.0,0,0.17343207776133399,0,
29153,4,18,1.0,0,0.1787660499297995,0,
29159,3,15,1.0,0,0.46548492723089424,0,
29161,4,11,1.0,0,0.19399665880560604,0,
29163,1,12,1.0,0,0.29551239774298765,0,
29165,1,18,1.0,0,0.22384634665504188,0,
29169,2,11,1.0,0,0.1355212755313365,0,
29175,3,12,1.0,0,0.4402003496104227,0,
29177,2,12,1.0,0,0.407893479651959,0,
29181,4,9,1.0,0,0.21486561231955953,0,
29183,1,14,1.0,0,0.2885669272504022,0,
29185,4,16,1.0,0,0.1983970555162747,0,
29186,2,8,1.0,0,0.18964906815397398,0,
29187,3,15,1.0,0,0.24850016727387056,0,
29195,3,13,1.0,0,0.5128814063742053,1,
29197,3,6,1.0,0,0.19591299789853106,0,
29199,3,10,1.0,0,0.28025248712885675,0,
29201,4,14,1.0,0,0.7965279220057954,1,
29207,1,13,1.0,0,0.3929107866088709,0,
29209,1,17,1.0,0,0.16846024164685275,0,
29211,3,13,1.0,0,0.18347662793460773,0,
29213,3,20,1.0,0,0.38646410233759276,0,
29215,4,21,1.0,0,0.04963368252455162,0,
29217,4,13,1.0,0,0.41764184555103867,0,
29219,3,9,1.0,0,0.24333560836559343,0,
29223,4,14,1.0,0,0.17706105826116467,0,
29225,3,9,1.0,0,0.33404655250988274,0,
29229,4,11,1.0,0,0.30404856637035366,0,
30003,4,18,1.0,0,0.40454926839932437,0,
30005,4,9,1.0,0,0.1319928482125559,0,
30013,3,18,1.0,0,0.2628787779717082,0,
30015,2,13,1.0,0,0.21529983305456563,0,
30021,1,8,1.0,0,0.11076875166479638,0,
30029,2,16,1.0,0,0.08268444958017701,0,
30035,4,5,1.0,0,0.18886491251202978,0,
30047,3,15,1.0,0,0.10840541197432685,0,
30049,1,9,1.0,0,0.0902418988714131,0,
30053,4,6,1.0,0,0.07368144129682028,0,
30061,4,5,1.0,0,0.08205933143818978,0,
30073,3,6,1.0,0,0.16965271223125286,0,
30081,2,9,1.0,0,0.08786958850843485,0,
30087,3,8,1.0,0,0.1052379677519556,0,
30105,3,12,1.0,0,0.13361208398057206,0,
30111,2,16,1.0,0,0.3141529994396841,0,
31001,2,14,1.0,0,0.2519806980348956,0,
31003,2,11,1.0,0,0.23389313531759762,0,
31007,2,8,1.0,0,0.22089510511283902,0,
31011,2,8,1.0,0,0.2300525815555266,0,
31013,2,3,1.0,0,0.23724395830595407,0,
31023,1,14,1.0,0,0.22293419751502194,0,
31025,1,20,1.0,0,0.1717018191976038,0,
31029,2,7,1.0,0,0.08333004901002665,0,
31033,1,5,1.0,0,0.1878178442051089,0,
31041,1,21,1.0,0,0.10336711845780439,0,
31045,2,6,1.0,0,0.1362726129437599,0,
31061,2,8,1.0,0,0.23151172540399167,0,
31067,2,18,1.0,0,0.22836160319945087,0,
31075,2,3,1.0,0,0.13907912735142225,0,
31079,2,11,1.0,0,0.2485897442518008,0,
31083,2,8,1.0,0,0.23507515845123808,0,
31093,1,11,1.0,0,0.22156807468421652,0,
31095,3,12,1.0,0,0.21386108850315733,0,
31109,2,42,1.0,0,0.2432038782505949,0,
31111,2,14,1.0,0,0.22912673383438892,0,
31119,2,8,1.0,0,0.24208122686455485,0,
31131,1,19,1.0,0,0.22135795983818246,0,
31135,1,10,1.0,0,0.2269851823244284,0,
31141,1,11,1.0,0,0.2459646828505485,0,
31153,1,13,1.0,0,0.20238038242603343,0,
31155,1,18,1.0,0,0.21801235542346165,0,
31157,3,8,1.0,0,0.2477518732165788,0,
31161,2,9,1.0,0,0.23155210820556818,0,
31173,4,10,1.0,0,0.24201691197727185,0,
31177,1,15,1.0,0,0.17793807965709146,0,
31179,2,11,1.0,0,0.17428910197067715,0,
31185,1,15,1.0,0,0.23340258966652638,0,
32001,2,2,1.0,0,0.6725906654520419,1,
32005,1,9,1.0,0,0.4873240919700145,0,
32007,1,14,1.0,0,0.20429443668197786,0,
32013,1,7,1.0,0,0.17452962447817205,0,
32017,1,5,1.0,0,0.040986346189958736,0,
32019,3,9,1.0,0,0.8418258730891112,1,
32021,3,5,1.0,0,0.3337710837551859,0,
32033,2,7,1.0,0,0.18825636664637319,0,
33005,1,27,1.0,0,0.08835565227467049,0,
33007,2,16,1.0,0,0.16272941486804046,0,
33009,1,37,1.0,0,0.09434402782438407,0,
33011,1,34,1.0,0,0.20865677518565656,0,
33013,1,31,1.0,0,0.1291779850981622,0,
33015,1,37,1.0,0,0.128768163077276,0,
34009,1,15,1.0,0,0.5446145081162201,1,
34011,1,22,1.0,0,0.38454605899826483,0,
34015,1,30,1.0,0,0.49334760943680767,0,
34019,1,26,1.0,0,0.17496897692766694,0,
34021,1,25,1.0,0,0.7271496016888013,1,
34027,1,56,1.0,0,0.19910150495793094,0,
34031,2,33,1.0,0,0.8155246249817888,1,
34033,2,14,1.0,0,0.5806213628873266,1,
34035,1,32,1.0,0,0.2776008522432774,0,
34037,1,21,1.0,0,0.15398274375168036,0,
34041,1,19,1.0,0,0.19759484812279055,0,
35005,4,9,1.0,0,0.6435280961161334,1,
35007,4,9,1.0,0,0.2304673283446247,0,
35009,1,7,1.0,0,0.6644550523115869,1,
35015,3,8,1.0,0,0.16512534250056915,0,
35017,4,16,1.0,0,0.11127081211279113,0,
35019,2,5,1.0,0,0.11240144581416653,0,
35025,3,7,1.0,0,0.7359614609783096,1,
35029,4,3,1.0,0,0.393466900097117,0,
35035,4,18,1.0,0,0.8243172696945679,1,
35037,4,10,1.0,0,0.29052715539381013,0,
35039,1,37,1.0,0,0.40603338061003386,0,
35041,4,9,1.0,0,0.4552177017284847,0,
35043,1,21,1.0,0,0.5634264841172564,1,
35049,2,15,1.0,0,0.41508180290422486,0,
35051,4,10,1.0,0,0.664792940414757,1,
35053,4,14,1.0,0,0.7845093350242102,1,
35055,4,21,1.0,0,0.14508506649857517,0,
35061,4,8,1.0,0,0.6679523431474312,1,
36001,2,46,1.0,0,0.49063960938806744,0,
36003,3,37,1.0,0,0.12703443063978942,0,
36007,3,31,1.0,0,0.3235018496936983,0,
36009,1,36,1.0,0,0.020644008731907786,0,
36011,1,26,1.0,0,0.09980887124302223,0,
36013,3,36,1.0,0,0.39288013351035345,0,
36015,2,22,1.0,0,0.29861471536685624,0,
36021,2,36,1.0,0,0.2936756166519777,0,
36023,3,17,1.0,0,0.21716015101093764,0,
36027,1,35,1.0,0,0.26376325440617204,0,
36031,2,34,1.0,0,0.11234966303807827,0,
36033,3,23,1.0,0,0.10631484304850826,0,
36037,2,18,1.0,0,0.24441065074428403,0,
36039,2,42,1.0,0,0.1828649272789426,0,
36041,2,13,1.0,0,0.11058939070936791,0,
36043,3,28,1.0,0,0.169430115622896,0,
36045,3,39,1.0,0,0.32110955758157467,0,
36053,1,31,1.0,0,0.2256108798322572,0,
36055,1,50,1.0,0,0.7061918456285459,1,
36057,3,20,1.0,0,0.44479039533519826,0,
36063,1,22,1.0,0,0.696972280192623,1,
36065,2,54,1.0,0,0.469376228334367,0,
36071,1,51,1.0,0,0.2959434875421561,0,
36073,3,15,1.0,0,0.46070104521995364,0,
36075,3,27,1.0,0,0.289302443237511,0,
36077,3,43,1.0,0,0.12223131543949686,0,
36083,2,29,1.0,0,0.265580649026975,0,
36089,3,49,1.0,0,0.15921733379179565,0,
36091,1,27,1.0,0,0.17483150884837637,0,
36093,1,19,1.0,0,0.36106439662355194,0,
36099,2,14,1.0,0,0.4363289833657353,0,
36101,3,39,1.0,0,0.16833383067133897,0,
36105,2,62,1.0,0,0.20781976486468476,0,
36107,2,15,1.0,0,0.16070166756441304,0,
36109,1,17,1.0,0,0.7318114583638285,1,
36111,2,63,1.0,0,0.24184841915820238,0,
36115,2,27,1.0,0,0.23744827051482192,0,
36117,2,20,1.0,0,0.2813888059193605,0,
37001,3,12,1.0,0,0.43565008818338974,0,
37003,2,8,1.0,0,0.2501913396592336,0,
37007,4,8,1.0,0,0.2115259233615174,0,
37013,4,15,1.0,0,0.2251717565634354,0,
37015,4,10,1.0,0,0.193181156985736,0,
37017,4,18,1.0,0,0.2773081651196956,0,
37019,2,14,1.0,0,0.21985669217497344,0,
37021,2,19,1.0,0,0.18565438583883545,0,
37023,4,16,1.0,0,0.3057093535395747,0,
37025,2,16,1.0,0,0.43372888632856965,0,
37027,3,10,1.0,0,0.3124916535858842,0,
37031,2,19,1.0,0,0.2171165629129731,0,
37035,2,14,1.0,0,0.3828386800704616,0,
37037,1,18,1.0,0,0.17233625222293808,0,
37039,3,4,1.0,0,0.1711496774955844,0,
37041,3,4,1.0,0,0.21715709805642588,0,
37043,3,5,1.0,0,0.14227466739779934,0,
37045,1,13,1.0,0,0.6108708577062153,1,
37047,4,16,1.0,0,0.27800115229244277,0,
37049,2,11,1.0,0,0.2366405027505456,0,
37051,1,24,1.0,0,0.2610383379074567,0,
37053,1,15,1.0,0,0.13239885528799947,0,
37055,1,14,1.0,0,0.24572657839261033,0,
37057,3,12,1.0,0,0.4117259531515972,0,
37059,2,6,1.0,0,0.2180272745385569,0,
37061,4,19,1.0,0,0.35423789317366067,0,
37063,2,16,1.0,0,0.3298653421174172,0,
37065,4,15,1.0,0,0.5197713662811919,1,
37067,1,22,1.0,0,0.3461276810880416,0,
37069,3,13,1.0,0,0.22276743525453788,0,
37071,3,18,1.0,0,0.5167301818004418,1,
37077,3,12,1.0,0,0.18113695756051668,0,
37079,4,11,1.0,0,0.34996787352268277,0,
37083,4,9,1.0,0,0.39956370071293423,0,
37085,3,16,1.0,0,0.23518915308854688,0,
37089,2,15,1.0,0,0.2114548115749103,0,
37091,4,9,1.0,0,0.5362568840524315,1,
37093,3,9,1.0,0,0.4671710793690045,0,
37101,2,21,1.0,0,0.23013989808400895,0,
37105,3,4,1.0,0,0.28913652042562366,0,
37107,4,10,1.0,0,0.5551075514351085,1,
37109,2,11,1.0,0,0.35605638753945196,0,
37111,3,9,1.0,0,0.1923318601290712,0,
37125,2,18,1.0,0,0.22895862492937613,0,
37127,3,15,1.0,0,0.33861571054412754,0,
37129,3,10,1.0,0,0.3525147296146654,0,
37131,4,12,1.0,0,0.2514890818734452,0,
37133,3,16,1.0,0,0.37406042541033047,0,
37135,2,14,1.0,0,0.12338924363454723,0,
37141,3,13,1.0,0,0.19053521112675537,0,
37147,4,17,1.0,0,0.34759489041333536,0,
37151,3,24,1.0,0,0.330771696653427,0,
37153,4,11,1.0,0,0.6217031583598919,1,
37157,3,11,1.0,0,0.2975138653294341,0,
37159,3,19,1.0,0,0.4639914261914294,0,
37161,1,16,1.0,0,0.16206408646647985,0,
37163,4,17,1.0,0,0.4622736056126691,0,
37165,4,7,1.0,0,0.7464941075159903,1,
37169,2,16,1.0,0,0.24092136573625703,0,
37171,4,12,1.0,0,0.3082605400821692,0,
37175,3,10,1.0,0,0.18423005108244875,0,
37179,1,12,1.0,0,0.3361788847245295,0,
37181,4,8,1.0,0,0.5889537486450088,1,
37185,4,8,1.0,0,0.2129049595069501,0,
37187,4,4,1.0,0,0.20161688631106434,0,
37189,4,10,1.0,0,0.13321694505513504,0,
37191,1,14,1.0,0,0.2794448092469129,0,
37193,4,23,1.0,0,0.23471219783471717,0,
37195,4,17,1.0,0,0.5900293801916847,1,
38015,1,12,1.0,0,0.20351871750440065,0,
38027,2,7,1.0,0,0.2371140228679393,0,
38035,1,22,1.0,0,0.4630381835017101,0,
38037,2,13,1.0,0,0.22278960179417515,0,
38067,1,13,1.0,0,0.22038095858108814,0,
38073,1,11,1.0,0,0.21789648813695806,0,
38085,4,9,1.0,0,0.32409775477519775,0,
38099,2,16,1.0,0,0.23882148870768471,0,
38101,1,24,1.0,0,0.10380322327059482,0,
39001,4,11,1.0,0,0.38090812386699646,0,
39007,4,19,1.0,0,0.665786640994784,1,
39009,4,18,1.0,0,0.25468560818612845,0,
39013,2,27,1.0,0,0.32382114904604314,0,
39017,2,17,1.0,0,0.6693051198570648,1,
39019,2,20,1.0,0,0.2660030445514842,0,
39023,3,22,1.0,0,0.7947102367571167,1,
39025,1,23,1.0,0,0.4729434222163082,0,
39037,2,25,1.0,0,0.5548664407974038,1,
39041,1,24,1.0,0,0.2568231828581986,0,
39045,1,19,1.0,0,0.24397443856868062,0,
39055,1,20,1.0,0,0.26413874991366415,0,
39059,3,20,1.0,0,0.3466797249202685,0,
39063,1,24,1.0,0,0.3238403310914726,0,
39065,3,15,1.0,0,0.5565065677860555,1,
39071,4,15,1.0,0,0.4982182759248339,0,
39073,3,16,1.0,0,0.18987437744527258,0,
39075,1,18,1.0,0,0.24001640992949208,0,
39077,2,14,1.0,0,0.44291206311512754,0,
39079,4,11,1.0,0,0.3574970676252011,0,
39081,3,23,1.0,0,0.6036254092078479,1,
39085,1,11,1.0,0,0.6092355632801904,1,
39087,3,14,1.0,0,0.5215592326759955,1,
39089,2,28,1.0,0,0.31809900805398983,0,
39091,2,18,1.0,0,0.44057004914761166,0,
39093,2,24,1.0,0,0.6670356050535918,1,
39099,2,36,1.0,0,0.7001813514614301,1,
39101,3,14,1.0,0,0.5835601399039543,1,
39103,1,24,1.0,0,0.23534844350364453,0,
39107,1,18,1.0,0,0.45029213799949214,0,
39111,3,15,1.0,0,0.16951049865920498,0,
39117,2,16,1.0,0,0.2961096543926587,0,
39119,3,22,1.0,0,0.4091706241284388,0,
39121,2,15,1.0,0,0.1677057353474145,0,
39123,2,18,1.0,0,0.7327496170729653,1,
39125,1,15,1.0,0,0.45861388916634516,0,
39127,3,17,1.0,0,0.17535748521577324,0,
39129,2,17,1.0,0,0.2761039357644929,0,
39131,4,11,1.0,0,0.46013031476706023,0,
39133,1,24,1.0,0,0.778891902496879,1,
39135,1,16,1.0,0,0.38640901977488973,0,
39137,1,17,1.0,0,0.40756254691962535,0,
39139,1,19,1.0,0,0.08457229110213657,0,
39141,3,16,1.0,0,0.3678743282948894,0,
39143,2,17,1.0,0,0.6413212305829967,1,
39145,4,20,1.0,0,0.5672946030519541,1,
39147,2,20,1.0,0,0.4547530591617559,0,
39151,1,42,1.0,0,0.5554591971947056,1,
39155,3,30,1.0,0,0.6823243690696209,1,
39159,1,20,1.0,0,0.3685114186172339,0,
39165,1,24,1.0,0,0.37089454973674973,0,
39167,3,20,1.0,0,0.25695510707353164,0,
39169,2,25,1.0,0,0.42597447221258067,0,
39171,1,12,1.0,0,0.47266825555832376,0,
39173,2,32,1.0,0,0.6166766903750409,1,
40001,4,8,1.0,0,0.4401746640097159,0,
40003,1,13,1.0,0,0.2869593793842782,0,
40009,3,6,1.0,0,0.43598073081869904,0,
40011,3,13,1.0,0,0.40761828239066256,0,
40013,4,14,1.0,0,0.7571537951198063,1,
40015,4,16,1.0,0,0.7026903689392493,1,
40017,1,13,1.0,0,0.7049485627193037,1,
40019,3,13,1.0,0,0.7835496560068711,1,
40021,4,16,1.0,0,0.588276192483194,1,
40023,4,12,1.0,0,0.4981605534935679,0,
40025,3,4,1.0,0,0.30888092524974087,0,
40035,4,10,1.0,0,0.655625580225481,1,
40037,3,21,1.0,0,0.5096520956174155,1,
40039,4,13,1.0,0,0.7373311993488425,1,
40041,4,13,1.0,0,0.529232994144219,1,
40043,3,12,1.0,0,0.3165879693907399,0,
40045,3,7,1.0,0,0.27797187601883366,0,
40047,1,22,1.0,0,0.3122452452015295,0,
40049,3,13,1.0,0,0.6173020487919698,1,
40051,2,14,1.0,0,0.7651700015624565,1,
40053,1,10,1.0,0,0.1941480528839757,0,
40055,4,4,1.0,0,0.22991724341473196,0,
40059,2,7,1.0,0,0.29543212325496815,0,
40063,4,10,1.0,0,0.35390389028214536,0,
40065,3,9,1.0,0,0.8079348839752443,1,
40067,4,8,1.0,0,0.5733324155230901,1,
40069,4,13,1.0,0,0.4642849364008803,0,
40071,4,10,1.0,0,0.7099513507238393,1,
40073,2,12,1.0,0,0.4794177043551554,0,
40075,4,9,1.0,0,0.7207802404862671,1,
40077,4,7,1.0,0,0.21982486533154946,0,
40079,4,23,1.0,0,0.43463302825971023,0,
40081,3,16,1.0,0,0.36236910613950346,0,
40083,2,15,1.0,0,0.5119405718489558,1,
40085,3,8,1.0,0,0.683658360681292,1,
40089,4,15,1.0,0,0.6100045699799711,1,
40091,4,11,1.0,0,0.5040341219625226,1,
40095,4,3,1.0,0,0.7546285103164145,1,
40097,4,17,1.0,0,0.7182747528759014,1,
40099,3,7,1.0,0,0.6856314943940918,1,
40101,4,15,1.0,0,0.8482048257089715,1,
40105,3,7,1.0,0,0.46519309222033156,0,
40107,4,11,1.0,0,0.31180972376232696,0,
40111,4,11,1.0,0,0.6315429559909832,1,
40113,3,22,1.0,0,0.750606937440223,1,
40115,4,9,1.0,0,0.776483125571207,1,
40117,3,12,1.0,0,0.4942966937461761,0,
40119,1,14,1.0,0,0.7645956791885409,1,
40121,3,19,1.0,0,0.503011231984759,1,
40123,3,10,1.0,0,0.6353216327126145,1,
40127,4,16,1.0,0,0.2606548454785662,0,
40131,1,12,1.0,0,0.600819895598572,1,
40133,4,10,1.0,0,0.5568492641825021,1,
40135,4,9,1.0,0,0.5497071603897891,1,
40137,3,10,1.0,0,0.7320796293813582,1,
40139,4,9,1.0,0,0.4165897412120513,0,
40141,4,8,1.0,0,0.7308037895692657,1,
40145,2,15,1.0,0,0.5981669586950362,1,
40147,1,12,1.0,0,0.5383148555786256,1,
40149,3,18,1.0,0,0.5555467778383034,1,
40153,2,11,1.0,0,0.27566630558032196,0,
41001,3,12,1.0,0,0.12019045676914517,0,
41003,1,10,1.0,0,0.7372836902657315,1,
41005,1,37,1.0,0,0.367401265520348,0,
41009,2,9,1.0,0,0.1763015009369367,0,
41011,3,10,1.0,0,0.3154702345784403,0,
41013,2,6,1.0,0,0.2076443096572831,0,
41015,2,7,1.0,0,0.16890054175696986,0,
41017,1,7,1.0,0,0.28875281212442205,0,
41019,3,28,1.0,0,0.324430277648604,0,
41023,3,11,1.0,0,0.16509212096704728,0,
41027,2,3,1.0,0,0.32348147392706883,0,
41029,3,18,1.0,0,0.7475682148726016,1,
41031,3,8,1.0,0,0.41073289950420006,0,
41033,4,11,1.0,0,0.7388901840359616,1,
41035,4,17,1.0,0,0.6763159597660054,1,
41039,3,39,1.0,0,0.4037197945834197,0,
41041,3,18,1.0,0,0.25284924224857847,0,
41043,2,20,1.0,0,0.47404278388974574,0,
41047,3,26,1.0,0,0.7657849376978508,1,
41049,3,7,1.0,0,0.8099343009359298,1,
41053,2,11,1.0,0,0.25330792526228113,0,
41059,3,14,1.0,0,0.7002509431949397,1,
41061,3,8,1.0,0,0.1686396568095624,0,
41065,3,8,1.0,0,0.4173199479018198,0,
41067,1,30,1.0,0,0.2611416020227748,0,
42001,1,17,1.0,0,0.21130210547394168,0,
42005,2,36,1.0,0,0.3047790424070007,0,
42009,2,28,1.0,0,0.15277345917656834,0,
42011,1,62,1.0,0,0.5088897137348652,1,
42013,3,19,1.0,0,0.27807048675407037,0,
42015,2,27,1.0,0,0.1776594145796004,0,
42021,1,51,1.0,0,0.04376957932807504,0,
42025,2,20,1.0,0,0.21902565046639794,0,
42027,2,33,1.0,0,0.10027541905946108,0,
42033,3,51,1.0,0,0.1810482192185873,0,
42037,2,19,1.0,0,0.14588874078050287,0,
42039,3,27,1.0,0,0.20853315321613589,0,
42041,1,21,1.0,0,0.189265497855802,0,
42043,2,30,1.0,0,0.2910513929142334,0,
42047,2,14,1.0,0,0.13851558588452478,0,
42051,3,62,1.0,0,0.40439294124356434,0,
42053,4,11,1.0,0,0.11437543375150537,0,
42055,1,30,1.0,0,0.1996006550993358,0,
42059,2,26,1.0,0,0.16496755159685372,0,
42061,2,33,1.0,0,0.0873684156810823,0,
42065,3,30,1.0,0,0.23014725083560394,0,
42069,2,28,1.0,0,0.4170743031481126,0,
42073,2,22,1.0,0,0.369911161958566,0,
42075,2,19,1.0,0,0.37537374736864704,0,
42079,3,50,1.0,0,0.3358862676021865,0,
42081,2,25,1.0,0,0.13887474534076721,0,
42085,2,28,1.0,0,0.30623203968102336,0,
42087,3,13,1.0,0,0.2392878249806883,0,
42089,2,35,1.0,0,0.26750635445550114,0,
42095,1,26,1.0,0,0.4176791131642238,0,
42097,2,28,1.0,0,0.20203437210701294,0,
42099,2,16,1.0,0,0.10789023737592282,0,
42107,2,59,1.0,0,0.18322997543216604,0,
42109,2,15,1.0,0,0.16649828376596884,0,
42111,2,40,1.0,0,0.19911526985061548,0,
42115,2,29,1.0,0,0.16304768628277239,0,
42119,1,14,1.0,0,0.12013382884998258,0,
42123,2,19,1.0,0,0.15458963733129555,0,
42125,1,64,1.0,0,0.2965436679782646,0,
42127,2,30,1.0,0,0.16040100997042583,0,
42129,1,86,1.0,0,0.3159793818762785,0,
44003,1,9,1.0,0,0.6236451734308069,1,
44005,1,8,1.0,0,0.5087313697641991,1,
44009,1,20,1.0,0,0.31607578164649874,0,
45001,4,13,1.0,0,0.31154212723834007,0,
45005,4,6,1.0,0,0.3199346694073898,0,
45009,4,8,1.0,0,0.2740847929380115,0,
45011,4,7,1.0,0,0.4155088148032867,0,
45013,1,16,1.0,0,0.1712815775049766,0,
45015,2,17,1.0,0,0.30537864646952106,0,
45017,4,7,1.0,0,0.2995160251284109,0,
45021,4,8,1.0,0,0.6770169430201411,1,
45023,4,10,1.0,0,0.5916433994490546,1,
45025,4,11,1.0,0,0.5416695585342216,1,
45027,4,11,1.0,0,0.3872988203321114,0,
45029,4,14,1.0,0,0.3310390362616608,0,
45031,4,10,1.0,0,0.49376818881169426,0,
45033,4,11,1.0,0,0.689602332213046,1,
45035,2,15,1.0,0,0.274630843934487,0,
45037,3,10,1.0,0,0.1382669230017763,0,
45039,4,9,1.0,0,0.15541664466914848,0,
45041,3,12,1.0,0,0.5401184883827846,1,
45043,3,5,1.0,0,0.2616962387051414,0,
45047,4,9,1.0,0,0.4984071263860436,0,
45049,4,13,1.0,0,0.34069849017592446,0,
45051,3,16,1.0,0,0.6187182417281624,1,
45055,3,13,1.0,0,0.289590594390243,0,
45057,3,5,1.0,0,0.5497211075608063,1,
45059,4,16,1.0,0,0.4188861639748873,0,
45067,4,7,1.0,0,0.5592566156434485,1,
45069,4,8,1.0,0,0.5589321665981271,1,
45073,3,13,1.0,0,0.514132257715709,1,
45077,3,15,1.0,0,0.4834664911349069,0,
45081,4,12,1.0,0,0.36171935902184316,0,
45085,4,15,1.0,0,0.5960627204905035,1,
45087,4,9,1.0,0,0.3479605531236158,0,
45089,4,12,1.0,0,0.32106882745050536,0,
45091,1,15,1.0,0,0.6428257220088959,1,
46009,2,7,1.0,0,0.23058930087854462,0,
46013,1,20,1.0,0,0.20620101000053365,0,
46029,2,10,1.0,0,0.23964517701420326,0,
46031,4,15,1.0,0,0.255598342490264,0,
46033,3,9,1.0,0,0.202297368162424,0,
46035,2,6,1.0,0,0.23108430543443978,0,
46037,2,11,1.0,0,0.21157767708178232,0,
46059,1,8,1.0,0,0.22742994095807192,0,
46065,1,3,1.0,0,0.235703710000824,0,
46067,2,13,1.0,0,0.24421398515025391,0,
46077,1,9,1.0,0,0.2349937381454907,0,
46083,1,12,1.0,0,0.26607349431640526,0,
46091,1,10,1.0,0,0.23418650016168346,0,
46093,2,18,1.0,0,0.19030905645291538,0,
46099,1,23,1.0,0,0.231258031760501,0,
46103,2,20,1.0,0,0.20109204138149925,0,
46109,4,16,1.0,0,0.23495317556948714,0,
46121,4,9,1.0,0,0.44310197156236775,0,
46129,1,7,1.0,0,0.22314404166029506,0,
46135,2,10,1.0,0,0.23623657054330058,0,
47001,3,11,1.0,0,0.5512355778271985,1,
47003,3,13,1.0,0,0.7915927920476037,1,
47005,4,7,1.0,0,0.44370835916380585,0,
47009,2,13,1.0,0,0.6673003958202923,1,
47011,3,8,1.0,0,0.5470056008560176,1,
47013,4,11,1.0,0,0.5701490517126345,1,
47017,4,14,1.0,0,0.3175050681512148,0,
47019,4,8,1.0,0,0.6647003179238478,1,
47021,2,12,1.0,0,0.2312900925185666,0,
47025,1,10,1.0,0,0.4839744293784478,0,
47027,4,7,1.0,0,0.5267713898581521,1,
47031,3,9,1.0,0,0.6747735623195726,1,
47033,4,8,1.0,0,0.7191556281831516,1,
47035,3,11,1.0,0,0.5035587426308976,1,
47043,2,11,1.0,0,0.27697374977073963,0,
47045,4,11,1.0,0,0.7743108396014625,1,
47049,4,9,1.0,0,0.49073941701721613,0,
47053,4,11,1.0,0,0.5921895741394155,1,
47055,3,17,1.0,0,0.6133007593765797,1,
47059,4,10,1.0,0,0.5527628452455453,1,
47063,4,7,1.0,0,0.797976023635953,1,
47067,4,5,1.0,0,0.4364252215292244,0,
47069,4,12,1.0,0,0.28303038502448313,0,
47071,4,13,1.0,0,0.5064729640872793,1,
47073,4,12,1.0,0,0.5971898208814709,1,
47075,4,6,1.0,0,0.5653208083696286,1,
47077,4,14,1.0,0,0.38884854056089707,0,
47079,4,9,1.0,0,0.44568445168718385,0,
47085,3,4,1.0,0,0.16634172604804984,0,
47089,3,10,1.0,0,0.638016774074074,1,
47097,4,4,1.0,0,0.4185664783349362,0,
47099,4,11,1.0,0,0.38930636369208826,0,
47101,4,7,1.0,0,0.2259873870870067,0,
47107,4,12,1.0,0,0.7941559885341121,1,
47109,4,15,1.0,0,0.44826741704358813,0,
47111,4,8,1.0,0,0.6097977128695942,1,
47117,3,12,1.0,0,0.7253879494460227,1,
47119,1,10,1.0,0,0.6492944804661677,1,
47121,3,6,1.0,0,0.3971178153170241,0,
47123,4,9,1.0,0,0.7467333939730811,1,
47125,3,15,1.0,0,0.44319407035772435,0,
47129,4,12,1.0,0,0.45179518572704314,0,
47131,4,12,1.0,0,0.6839550358734747,1,
47135,4,4,1.0,0,0.21598731179547265,0,
47139,3,12,1.0,0,0.24039696386199694,0,
47141,1,10,1.0,0,0.7808856287194252,1,
47145,2,10,1.0,0,0.5300028960618396,1,
47147,2,12,1.0,0,0.5708437851716484,1,
47149,1,20,1.0,0,0.7348579150394418,1,
47155,3,10,1.0,0,0.4312356489375176,0,
47159,3,15,1.0,0,0.3657077811336232,0,
47163,3,12,1.0,0,0.7121459234160343,1,
47165,1,10,1.0,0,0.4933221232888234,0,
47167,2,10,1.0,0,0.43885223869223566,0,
47175,4,7,1.0,0,0.4853766829330922,0,
47177,4,6,1.0,0,0.7922552401240459,1,
47179,1,13,1.0,0,0.7571876460234841,1,
47181,4,10,1.0,0,0.2726499280472666,0,
47183,4,12,1.0,0,0.5008379223765169,1,
47185,4,5,1.0,0,0.6104528847074197,1,
47187,1,16,1.0,0,0.19425749131399697,0,
47189,1,12,1.0,0,0.5650198063745672,1,
48001,3,10,1.0,0,0.5043642403350107,1,
48003,2,1,1.0,0,0.5272890285794161,1,
48005,4,6,1.0,0,0.5166094253593851,1,
48007,4,5,1.0,0,0.743118212935654,1,
48009,2,10,1.0,0,0.5218727101047587,1,
48013,3,15,1.0,0,0.7285812459722923,1,
48015,2,13,1.0,0,0.5233010119581893,1,
48017,1,6,1.0,0,0.23920694368826945,0,
48019,2,7,1.0,0,0.4158613348242734,0,
48021,2,15,1.0,0,0.6896753122971422,1,
48023,2,2,1.0,0,0.18881126761902992,0,
48025,4,11,1.0,0,0.4942441367974187,0,
48031,1,8,1.0,0,0.4162633133546592,0,
48035,3,11,1.0,0,0.32717913665755205,0,
48037,3,10,1.0,0,0.5185183649404227,1,
48043,3,4,1.0,0,0.1581996685987011,0,
48047,4,2,1.0,0,0.4238510338648863,0,
48049,3,10,1.0,0,0.3435040230683228,0,
48051,2,5,1.0,0,0.4886128754227438,0,
48053,2,13,1.0,0,0.41315443362201726,0,
48055,3,14,1.0,0,0.5887703999492263,1,
48057,3,6,1.0,0,0.5707426006668992,1,
48063,3,2,1.0,0,0.5851832846132585,1,
48067,4,14,1.0,0,0.31815820526210836,0,
48071,2,11,1.0,0,0.7440787475179294,1,
48073,4,12,1.0,0,0.739624825602467,1,
48075,4,4,1.0,0,0.2860158382900892,0,
48077,2,9,1.0,0,0.45009200116464976,0,
48081,3,4,1.0,0,0.21462096520064364,0,
48083,2,15,1.0,0,0.23256294299526198,0,
48087,4,5,1.0,0,0.3117390402863477,0,
48089,2,18,1.0,0,0.3393448311202729,0,
48091,1,14,1.0,0,0.4888997187672569,0,
48093,2,14,1.0,0,0.21461450917888555,0,
48097,2,14,1.0,0,0.6099105142431808,1,
48099,1,17,1.0,0,0.03196133183075154,0,
48101,4,3,1.0,0,0.29409306808514446,0,
48109,4,2,1.0,0,0.1511282624635312,0,
48117,4,6,1.0,0,0.39842924743404584,0,
48119,3,7,1.0,0,0.41346684960785485,0,
48123,3,9,1.0,0,0.3815814224043911,0,
48125,4,7,1.0,0,0.24512632860021033,0,
48127,4,6,1.0,0,0.5805899640800819,1,
48131,4,8,1.0,0,0.2815100867143192,0,
48133,4,9,1.0,0,0.3931762012755433,0,
48135,2,8,1.0,0,0.9173706574927158,1,
48139,1,20,1.0,0,0.6791741756239469,1,
48143,1,13,1.0,0,0.7431743046219131,1,
48145,3,17,1.0,0,0.6639385820740543,1,
48147,2,19,1.0,0,0.4678718671229046,0,
48149,2,15,1.0,0,0.3228239299816286,0,
48151,3,9,1.0,0,0.4220710729569257,0,
48159,1,7,1.0,0,0.363978932764951,0,
48161,4,9,1.0,0,0.7709657644327734,1,
48169,4,4,1.0,0,0.4203244439710623,0,
48171,2,7,1.0,0,0.2707430527197102,0,
48177,3,14,1.0,0,0.2754593808394079,0,
48185,3,11,1.0,0,0.6411380498843652,1,
48193,3,10,1.0,0,0.26426845010501276,0,
48197,3,2,1.0,0,0.28719700732988485,0,
48199,2,12,1.0,0,0.3123846261267571,0,
48203,3,12,1.0,0,0.5369892242842191,1,
48207,4,11,1.0,0,0.44955505024158493,0,
48209,2,14,1.0,0,0.641290679354639,1,
48217,2,19,1.0,0,0.6207491797440591,1,
48219,4,10,1.0,0,0.7967383822019861,1,
48221,1,8,1.0,0,0.6609134529782017,1,
48223,3,13,1.0,0,0.5874861875551812,1,
48225,4,7,1.0,0,0.5309494853198865,1,
48227,3,5,1.0,0,0.7654757996901287,1,
48233,3,7,1.0,0,0.8588752325441075,1,
48239,2,10,1.0,0,0.2579085072552439,0,
48241,4,9,1.0,0,0.3915556497110542,0,
48247,4,1,1.0,0,0.2638871031499422,0,
48249,4,8,1.0,0,0.4194400103802159,0,
48251,2,16,1.0,0,0.784447521706285,1,
48255,3,8,1.0,0,0.6712801552609446,1,
48259,1,8,1.0,0,0.260453062165521,0,
48261,4,2,1.0,0,0.6914928578417902,1,
48265,3,10,1.0,0,0.5644207272968609,1,
48269,4,2,1.0,0,0.2662182574766851,0,
48273,4,4,1.0,0,0.7266326560726581,1,
48275,4,6,1.0,0,0.28783315991195335,0,
48277,3,13,1.0,0,0.6807085858336778,1,
48281,2,6,1.0,0,0.2991234941309505,0,
48285,2,7,1.0,0,0.24101415309674784,0,
48287,2,9,1.0,0,0.3391464203504988,0,
48289,3,8,1.0,0,0.6980285390082774,1,
48291,3,14,1.0,0,0.6335963367145858,1,
48293,4,14,1.0,0,0.7657826574907693,1,
48299,1,10,1.0,0,0.416675230361505,0,
48303,1,25,1.0,0,0.786863509467356,1,
48307,3,6,1.0,0,0.24089702923896078,0,
48313,2,5,1.0,0,0.4876942238609445,0,
48315,4,7,1.0,0,0.2425423528696261,0,
48317,1,8,1.0,0,0.7009303589825637,1,
48321,1,12,1.0,0,0.47942464734745777,0,
48323,4,3,1.0,0,0.7717012103114457,1,
48329,1,9,1.0,0,0.8427152075181099,1,
48331,3,13,1.0,0,0.5195286847961064,1,
48335,2,3,1.0,0,0.2629847239527739,0,
48337,3,10,1.0,0,0.6445618798135844,1,
48341,2,6,1.0,0,0.7217521900667349,1,
48343,4,7,1.0,0,0.6154064370716202,1,
48347,1,10,1.0,0,0.7859812741405626,1,
48349,4,17,1.0,0,0.7812807048646075,1,
48353,3,9,1.0,0,0.5475082409680622,1,
48361,2,4,1.0,0,0.7772357181648812,1,
48363,4,12,1.0,0,0.5603476305782927,1,
48365,3,13,1.0,0,0.4386273874336541,0,
48367,1,18,1.0,0,0.5984736433078375,1,
48371,3,6,1.0,0,0.42102903562858907,0,
48373,3,9,1.0,0,0.32628388166128025,0,
48375,4,16,1.0,0,0.892615404821135,1,
48377,4,4,1.0,0,0.4671136292053673,0,
48381,1,15,1.0,0,0.5984739020530436,1,
48387,4,9,1.0,0,0.3859288366363191,0,
48389,3,4,1.0,0,0.17121685892281047,0,
48391,3,5,1.0,0,0.19945350094618297,0,
48395,3,9,1.0,0,0.5434430253026501,1,
48397,1,9,1.0,0,0.4961311361343927,0,
48399,3,11,1.0,0,0.2632808201015486,0,
48401,3,16,1.0,0,0.6042810492982078,1,
48405,4,4,1.0,0,0.25691639781223075,0,
48407,4,8,1.0,0,0.719602373131018,1,
48409,3,9,1.0,0,0.5953452454364522,1,
48411,3,7,1.0,0,0.19430691982453602,0,
48415,3,8,1.0,0,0.5078296010946913,1,
48419,4,7,1.0,0,0.4044321201168018,0,
48427,4,10,1.0,0,0.8177928287618106,1,
48429,4,8,1.0,0,0.3689739602506863,0,
48437,4,5,1.0,0,0.5375758961670225,1,
48441,1,17,1.0,0,0.7330143823727846,1,
48445,4,6,1.0,0,0.6135034889893665,1,
48449,4,6,1.0,0,0.7561491077923382,1,
48451,1,14,1.0,0,0.8069667162010568,1,
48455,4,7,1.0,0,0.5150057950432537,1,
48457,3,10,1.0,0,0.1438388666428243,0,
48459,3,12,1.0,0,0.6113366854828134,1,
48463,4,8,1.0,0,0.5572811926825321,1,
48465,4,5,1.0,0,0.4442783049846068,0,
48467,3,13,1.0,0,0.7855082935524141,1,
48469,3,12,1.0,0,0.7627560162680336,1,
48471,4,9,1.0,0,0.583778490718715,1,
48473,2,11,1.0,0,0.8487137941455735,1,
48475,3,6,1.0,0,0.8897471450155927,1,
48477,2,7,1.0,0,0.6534203973510382,1,
48481,1,13,1.0,0,0.6286058686893664,1,
48487,4,6,1.0,0,0.7115318164915675,1,
48493,2,12,1.0,0,0.47000322098487807,0,
48495,3,2,1.0,0,0.7049058948017198,1,
48497,2,17,1.0,0,0.7079628656840055,1,
48499,3,12,1.0,0,0.4587787223310661,0,
48501,2,4,1.0,0,0.18280048191125464,0,
48503,2,6,1.0,0,0.4368474894327943,0,
48505,4,5,1.0,0,0.7040510394870794,1,
48507,4,4,1.0,0,0.740924371372918,1,
49003,2,20,1.0,0,0.6698555222799177,1,
49005,3,16,1.0,0,0.6405177729736401,1,
49011,1,13,1.0,0,0.7563271871379258,1,
49019,1,2,1.0,0,0.1765207513759653,0,
49021,4,10,1.0,0,0.3259489940017279,0,
49037,3,12,1.0,0,0.3895525538528635,0,
49039,3,15,1.0,0,0.4545647295813077,0,
49041,3,12,1.0,0,0.5477920228157491,1,
49043,1,9,1.0,0,0.14398225382120816,0,
49057,1,9,1.0,0,0.8352399130420707,1,
50001,1,20,1.0,0,0.09587071173203474,0,
50005,2,22,1.0,0,0.12762977411484955,0,
50007,1,21,1.0,0,0.15168105180139652,0,
50013,1,5,1.0,0,0.14742789532024897,0,
50017,2,31,1.0,0,0.09753515395518418,0,
50019,2,24,1.0,0,0.1599051073448982,0,
50021,1,29,1.0,0,0.1139084761882101,0,
50023,1,26,1.0,0,0.08523495455651553,0,
50025,2,24,1.0,0,0.13915036005704357,0,
51003,2,24,1.0,0,0.12422764869031833,0,
51005,3,7,1.0,0,0.22250617673879314,0,
51007,1,5,1.0,0,0.11939234865535757,0,
51009,2,9,1.0,0,0.23295590523977822,0,
51013,1,11,1.0,0,0.2981689519392219,0,
51015,2,27,1.0,0,0.22320557812926026,0,
51019,1,18,1.0,0,0.15759606266123494,0,
51025,3,16,1.0,0,0.18128375698844298,0,
51027,4,16,1.0,0,0.3877929913363965,0,
51031,3,14,1.0,0,0.5042267443972624,1,
51036,2,4,1.0,0,0.13501806918389278,0,
51037,4,14,1.0,0,0.04441943530519633,0,
51047,1,18,1.0,0,0.18931219407435695,0,
51051,4,12,1.0,0,0.38940157190214586,0,
51057,4,8,1.0,0,0.22854499204391485,0,
51061,1,24,1.0,0,0.125422744222831,0,
51063,2,11,1.0,0,0.08919248043330263,0,
51069,1,12,1.0,0,0.19250244383948742,0,
51073,1,6,1.0,0,0.12343781480268154,0,
51075,1,15,1.0,0,0.12157664824267889,0,
51079,2,5,1.0,0,0.15498358307137647,0,
51081,4,4,1.0,0,0.2402705781374121,0,
51083,3,14,1.0,0,0.22060619653627128,0,
51085,1,12,1.0,0,0.1299070804801564,0,
51087,2,16,1.0,0,0.5083119710163094,1,
51093,1,8,1.0,0,0.16760639024117605,0,
51095,1,4,1.0,0,0.1387705316709234,0,
51103,2,6,1.0,0,0.20049017437294692,0,
51105,4,11,1.0,0,0.358648723768194,0,
51107,1,21,1.0,0,0.2349524849457409,0,
51111,4,12,1.0,0,0.2119860778136099,0,
51113,2,21,1.0,0,0.030891690571192943,0,
51117,3,13,1.0,0,0.21580831616783383,0,
51119,1,12,1.0,0,0.182822725173503,0,
51121,3,10,1.0,0,0.27602745696838155,0,
51127,1,6,1.0,0,0.08939190924644748,0,
51131,3,11,1.0,0,0.377713763038433,0,
51133,2,7,1.0,0,0.23982880616005964,0,
51135,4,7,1.0,0,0.3583508707670503,0,
51139,3,6,1.0,0,0.22124245028231826,0,
51141,3,14,1.0,0,0.1730884716154521,0,
51143,4,20,1.0,0,0.41759686502639093,0,
51145,1,5,1.0,0,0.7254484229977398,1,
51147,1,12,1.0,0,0.02859379797167227,0,
51149,3,7,1.0,0,0.4350565430078164,0,
51153,1,19,1.0,0,0.23768843459933098,0,
51159,3,5,1.0,0,0.24323575195394634,0,
51161,1,14,1.0,0,0.2021875471285592,0,
51171,2,14,1.0,0,0.21116013066321077,0,
51175,3,12,1.0,0,0.1790159996175198,0,
51177,1,13,1.0,0,0.1654370619617669,0,
51179,1,5,1.0,0,0.17225476172630005,0,
51185,1,18,1.0,0,0.34422194977486786,0,
51187,1,7,1.0,0,0.193441455843948,0,
51191,2,10,1.0,0,0.1929645899251168,0,
51193,2,8,1.0,0,0.3028694651037086,0,
51199,1,9,1.0,0,0.1541953640623473,0,
51510,1,8,1.0,0,0.39363836178195954,0,
51520,4,2,1.0,0,0.8106456517666158,1,
51550,1,6,1.0,0,0.257590745391578,0,
51570,2,1,1.0,0,0.33186907542288946,0,
51590,4,2,1.0,0,0.6654307863879261,1,
51595,4,1,1.0,0,0.25320264925083097,0,
51630,3,3,1.0,0,0.7200379119809782,1,
51650,2,9,1.0,0,0.690982457538541,1,
51660,1,3,1.0,0,0.15795764265084927,0,
51678,3,1,1.0,0,0.14048425682191415,0,
51680,3,5,1.0,0,0.5644914415464979,1,
51683,1,1,1.0,0,0.45421213779981273,0,
51690,4,1,1.0,0,0.5153467482029902,1,
51700,3,8,1.0,0,0.574130956398132,1,
51710,1,15,1.0,0,0.6069502994731013,1,
51730,3,2,1.0,0,0.6817661103959956,1,
51740,1,8,1.0,0,0.7325671957018592,1,
51750,1,2,1.0,0,0.7951827460596507,1,
51770,3,10,1.0,0,0.7978099001371909,1,
51800,1,8,1.0,0,0.197772503051251,0,
51840,3,1,1.0,0,0.6626401781487089,1,
53003,3,3,1.0,0,0.5163647109661108,1,
53005,2,12,1.0,0,0.7792839450750211,1,
53007,2,14,1.0,0,0.24735087763448324,0,
53015,3,11,1.0,0,0.2533136556736283,0,
53017,2,13,1.0,0,0.507331425940167,1,
53021,3,7,1.0,0,0.8179021558957764,1,
53023,3,2,1.0,0,0.23717407056779058,0,
53025,3,18,1.0,0,0.6998814831843194,1,
53029,1,8,1.0,0,0.282160398875265,0,
53031,2,9,1.0,0,0.12171531096428026,0,
53035,1,20,1.0,0,0.1441429205370779,0,
53041,2,23,1.0,0,0.2212517274434682,0,
53045,2,15,1.0,0,0.27944216214123335,0,
53047,4,22,1.0,0,0.5839914104687416,1,
53057,1,17,1.0,0,0.15974382494500816,0,
53059,1,8,1.0,0,0.14791431328505034,0,
53067,1,14,1.0,0,0.2975900260130757,0,
53071,2,8,1.0,0,0.560952721089617,1,
53073,2,18,1.0,0,0.33681364790481144,0,
53077,4,22,1.0,0,0.7774503125159523,1,
54003,2,11,1.0,0,0.6464374908720676,1,
54005,4,31,1.0,0,0.2684939477024717,0,
54009,2,8,1.0,0,0.7379377481471334,1,
54011,3,13,1.0,0,0.5933127196721033,1,
54029,3,5,1.0,0,0.7994651380736149,1,
54035,3,15,1.0,0,0.26669328122937924,0,
54037,1,9,1.0,0,0.4728043395838213,0,
54039,1,46,1.0,0,0.6671724806643424,1,
54041,4,11,1.0,0,0.4256570444154791,0,
54049,3,18,1.0,0,0.5568591119958288,1,
54053,3,19,1.0,0,0.425243377169144,0,
54059,4,18,1.0,0,0.5348118210355747,1,
54061,3,16,1.0,0,0.44576833766269386,0,
54065,3,4,1.0,0,0.20796300531282888,0,
54067,3,25,1.0,0,0.21776375955646415,0,
54069,2,6,1.0,0,0.6113390975126834,1,
54079,2,17,1.0,0,0.34372336800235137,0,
54081,4,42,1.0,0,0.5545645001179741,1,
54083,4,22,1.0,0,0.05954740853441621,0,
54097,4,10,1.0,0,0.2103259400681513,0,
54099,4,17,1.0,0,0.6667555241281108,1,
54103,4,12,1.0,0,0.2928135868954136,0,
54107,3,13,1.0,0,0.6867604112919874,1,
55001,2,14,1.0,0,0.2298616106304685,0,
55005,2,19,1.0,0,0.20908214789439653,0,
55007,2,15,1.0,0,0.14990893625552507,0,
55009,1,19,1.0,0,0.15583648023424515,0,
55015,1,14,1.0,0,0.2868101131757223,0,
55017,2,14,1.0,0,0.20685492344471648,0,
55021,1,20,1.0,0,0.23628705415124931,0,
55023,2,13,1.0,0,0.21305788844536927,0,
55027,1,31,1.0,0,0.2626928967503669,0,
55029,1,13,1.0,0,0.23544954533067297,0,
55031,2,12,1.0,0,0.1546139468405956,0,
55039,1,24,1.0,0,0.2616164867837524,0,
55043,3,23,1.0,0,0.2397971720227228,0,
55045,1,12,1.0,0,0.2340027558524856,0,
55055,1,19,1.0,0,0.2660161019556371,0,
55057,3,14,1.0,0,0.2212609338194313,0,
55059,1,17,1.0,0,0.37345267830378204,0,
55061,1,6,1.0,0,0.248264515398257,0,
55063,2,15,1.0,0,0.13660590870022946,0,
55065,2,14,1.0,0,0.23574419202346816,0,
55069,1,7,1.0,0,0.16382770036315808,0,
55071,1,19,1.0,0,0.28888304111807506,0,
55073,1,28,1.0,0,0.20417321210198242,0,
55075,3,16,1.0,0,0.21135598056242122,0,
55077,2,14,1.0,0,0.2312800190605719,0,
55078,4,4,1.0,0,0.15936878221311146,0,
55081,2,12,1.0,0,0.20386623519119054,0,
55083,1,19,1.0,0,0.2165030376386929,0,
55085,1,14,1.0,0,0.16995967547681198,0,
55087,1,24,1.0,0,0.3099354187854814,0,
55089,1,13,1.0,0,0.2554617429752118,0,
55095,1,20,1.0,0,0.20585546467470892,0,
55097,2,21,1.0,0,0.17256835205493046,0,
55099,2,14,1.0,0,0.1426356240803639,0,
55103,3,14,1.0,0,0.2104594324436183,0,
55105,2,19,1.0,0,0.4046514099806132,0,
55111,1,17,1.0,0,0.22940856300940116,0,
55115,2,25,1.0,0,0.2236120630414095,0,
55117,1,17,1.0,0,0.3085280439478897,0,
55119,2,14,1.0,0,0.19567132199603837,0,
55121,1,14,1.0,0,0.2085490100557287,0,
55123,3,18,1.0,0,0.21232777534855052,0,
55125,2,12,1.0,0,0.16334919481951907,0,
55127,1,16,1.0,0,0.2782906773264087,0,
55131,1,18,1.0,0,0.23374021708486178,0,
55133,1,30,1.0,0,0.24808391140226405,0,
55135,1,16,1.0,0,0.12549911433134045,0,
55137,2,17,1.0,0,0.23397179640287896,0,
55139,1,18,1.0,0,0.1465523772069618,0,
55141,2,15,1.0,0,0.21676783766021612,0,
56001,1,10,1.0,0,0.13128170160230287,0,
56003,2,15,1.0,0,0.09459037175689841,0,
56007,2,12,1.0,0,0.20380929468478487,0,
56009,1,4,1.0,0,0.15872489582993918,0,
56013,2,11,1.0,0,0.1433474623838358,0,
56017,3,3,1.0,0,0.1982721957294234,0,
56021,1,12,1.0,0,0.19654043724139283,0,
56025,1,11,1.0,0,0.20058311247371483,0,
56029,1,8,1.0,0,0.11921955249150853,0,
56031,2,5,1.0,0,0.21425218345667668,0,
56033,1,9,1.0,0,0.1151316854232988,0,
56035,1,6,1.0,0,0.08856963369694461,0,
01001,3,10,1.0,1,0.3135203729788159,0,
01003,2,23,1.0,1,0.2510805582836765,0,
01009,3,17,1.0,1,0.2511703779915606,0,
01011,4,7,1.0,1,0.19782505983285556,0,
01015,3,14,1.0,1,0.5079709671095407,1,
01017,4,10,1.0,1,0.3808601115347847,0,
01019,4,11,1.0,1,0.3663796059020566,0,
01021,3,14,1.0,1,0.33076670402193353,0,
01025,4,10,1.0,1,0.08292983524329767,0,
01031,3,16,1.0,1,0.3606044725594943,0,
01033,3,9,1.0,1,0.45893399685455344,0,
01035,4,13,1.0,1,0.04154203246836201,0,
01037,3,11,1.0,1,0.0913636847926288,0,
01039,4,13,1.0,1,0.2051901514081665,0,
01043,3,19,1.0,1,0.47925996118684244,0,
01045,3,14,1.0,1,0.4908072238269932,0,
01047,4,10,1.0,1,0.5672021867384268,1,
01051,2,13,1.0,1,0.18980034125775208,0,
01053,4,9,1.0,1,0.24900323730832488,0,
01055,3,14,1.0,1,0.6392906663812962,1,
01057,4,10,1.0,1,0.198368737020588,0,
01059,4,10,1.0,1,0.3160931847583115,0,
01063,4,8,1.0,1,0.1783592446480939,0,
01065,4,9,1.0,1,0.2207346242242087,0,
01067,3,9,1.0,1,0.265837047414504,0,
01069,4,14,1.0,1,0.6928336713222105,1,
01071,4,22,1.0,1,0.4302879329545406,0,
01075,4,9,1.0,1,0.14835368708504426,0,
01077,3,9,1.0,1,0.4088486251204628,0,
01079,3,10,1.0,1,0.2762971740400342,0,
01083,2,15,1.0,1,0.4331713164537722,0,
01085,4,8,1.0,1,0.2177269540857624,0,
01087,4,13,1.0,1,0.3184845353876382,0,
01089,1,25,1.0,1,0.28918477506552875,0,
01091,4,15,1.0,1,0.16231548227968473,0,
01093,4,12,1.0,1,0.2759850403433587,0,
01095,4,18,1.0,1,0.8119491174800839,1,
01099,4,17,1.0,1,0.08830640914280163,0,
01101,1,24,1.0,1,0.7409797539573535,1,
01103,3,16,1.0,1,0.5429684051343036,1,
01105,4,9,1.0,1,0.384159871912549,0,
01107,4,8,1.0,1,0.1116841735648618,0,
01109,1,9,1.0,1,0.7848435207812405,1,
01111,3,8,1.0,1,0.21876210277887062,0,
01113,3,12,1.0,1,0.5999627403529296,1,
01115,2,18,1.0,1,0.23406184221967546,0,
01119,4,11,1.0,1,0.22715823299856402,0,
01121,4,12,1.0,1,0.5393041809319918,1,
01123,4,12,1.0,1,0.17499153691330754,0,
01125,1,27,1.0,1,0.48141748328272077,0,
01127,3,18,1.0,1,0.6308551598647884,1,
01129,4,16,1.0,1,0.11988702890520553,0,
01131,4,13,1.0,1,0.019080956275355006,0,
01133,4,11,1.0,1,0.21563856456451347,0,
04009,4,10,1.0,1,0.41796872446885786,0,
04023,4,9,1.0,1,0.5055609568123985,1,
05001,4,13,1.0,1,0.3981590029948069,0,
05003,4,7,1.0,1,0.3298091228871255,0,
05005,3,12,1.0,1,0.2780241240648667,0,
05009,3,9,1.0,1,0.19500376922957016,0,
05011,4,7,1.0,1,0.30661190841945896,0,
05015,3,9,1.0,1,0.10520739858046885,0,
05019,1,8,1.0,1,0.6757056612452882,1,
05021,4,13,1.0,1,0.15499677646102109,0,
05023,3,17,1.0,1,0.1028907748853063,0,
05025,4,7,1.0,1,0.14458601078409702,0,
05027,4,7,1.0,1,0.3634864193342129,0,
05029,4,15,1.0,1,0.41721850058279053,0,
05031,1,16,1.0,1,0.1845911411209252,0,
05033,3,11,1.0,1,0.32274669726064803,0,
05035,4,11,1.0,1,0.9043662772033435,1,
05037,4,8,1.0,1,0.519769398182541,1,
05039,4,6,1.0,1,0.1515638217121364,0,
05041,4,12,1.0,1,0.5034228413020266,1,
05043,4,9,1.0,1,0.23113976713395212,0,
05045,1,15,1.0,1,0.4190988484092593,0,
05047,4,13,1.0,1,0.18194788299835982,0,
05049,1,14,1.0,1,0.19215653048833106,0,
05051,3,10,1.0,1,0.37301463633373183,0,
05053,2,14,1.0,1,0.1513601148626268,0,
05055,4,9,1.0,1,0.21999823920412942,0,
05057,4,10,1.0,1,0.3630903012296296,0,
05059,4,12,1.0,1,0.45439026853088815,0,
05061,4,8,1.0,1,0.2574486517333371,0,
05063,4,20,1.0,1,0.21743531251441062,0,
05067,4,11,1.0,1,0.36602937471103225,0,
05069,4,17,1.0,1,0.728059381298644,1,
05071,4,12,1.0,1,0.0742293000035014,0,
05073,4,6,1.0,1,0.16110819225282447,0,
05075,4,14,1.0,1,0.27598139840545727,0,
05077,3,11,1.0,1,0.3644918918978502,0,
05079,4,8,1.0,1,0.3335666597442703,0,
05081,4,7,1.0,1,0.10588136521870163,0,
05083,4,12,1.0,1,0.14718470584045826,0,
05085,2,11,1.0,1,0.24225732002370035,0,
05087,3,13,1.0,1,0.09674469879469061,0,
05091,4,6,1.0,1,0.566461396878857,1,
05093,4,15,1.0,1,0.8400791229458369,1,
05095,4,9,1.0,1,0.6350505636528883,1,
05097,4,9,1.0,1,0.1135711660131055,0,
05099,4,10,1.0,1,0.09940191287627836,0,
05101,3,20,1.0,1,0.008795990975311878,0,
05103,4,8,1.0,1,0.4313968979397786,0,
05105,4,8,1.0,1,0.09169023924669993,0,
05107,4,12,1.0,1,0.8486554483568479,1,
05111,4,10,1.0,1,0.2750254865784899,0,
05113,4,7,1.0,1,0.34449005548562167,0,
05115,4,13,1.0,1,0.3991771641641833,0,
05117,3,11,1.0,1,0.17533914224836064,0,
05121,4,11,1.0,1,0.20188774945584795,0,
05123,4,13,1.0,1,0.7628024181847902,1,
05125,1,14,1.0,1,0.27390782604475294,0,
05127,4,10,1.0,1,0.2214172120713827,0,
05129,4,10,1.0,1,0.06401128086253367,0,
05133,4,7,1.0,1,0.3828586877375084,0,
05135,4,13,1.0,1,0.12271854773722082,0,
05139,4,10,1.0,1,0.4148975171468328,0,
05141,4,12,1.0,1,0.0873044056080682,0,
05145,4,17,1.0,1,0.4293911132184986,0,
05147,4,9,1.0,1,0.251603601865462,0,
05149,4,13,1.0,1,0.32123516513504846,0,
06005,2,12,1.0,1,0.2454644713275607,0,
06007,4,18,1.0,1,0.7932748954582648,1,
06009,1,20,1.0,1,0.2034169338071106,0,
06011,3,9,1.0,1,0.5637646484821375,1,
06015,4,4,1.0,1,0.1941429922812429,0,
06017,1,23,1.0,1,0.1655643615405829,0,
06021,3,7,1.0,1,0.8316099638410155,1,
06023,4,36,1.0,1,0.24866508771554155,0,
06027,2,11,1.0,1,0.167520203301241,0,
06031,4,12,1.0,1,0.8935965024572163,1,
06033,3,15,1.0,1,0.7313227664043203,1,
06035,2,17,1.0,1,0.07353872275091265,0,
06041,1,29,1.0,1,0.0587594497952092,0,
06043,3,13,1.0,1,0.1432550965910179,0,
06045,3,29,1.0,1,0.0403359019153113,0,
06055,1,12,1.0,1,0.1633317491863971,0,
06057,2,12,1.0,1,0.19398760472150428,0,
06063,2,17,1.0,1,0.20018890718625215,0,
06069,2,7,1.0,1,0.4035395988754656,0,
06079,2,26,1.0,1,0.10598655583724591,0,
06083,2,24,1.0,1,0.4082583021633845,0,
06087,2,17,1.0,1,0.2173089609875276,0,
06093,3,23,1.0,1,0.4611309623683949,0,
06097,1,37,1.0,1,0.10931523565390266,0,
06101,3,13,1.0,1,0.8803438691817747,1,
06103,4,15,1.0,1,0.7349799463596486,1,
06109,1,16,1.0,1,0.45950169452207656,0,
06113,3,19,1.0,1,0.7095284250507092,1,
06115,3,17,1.0,1,0.7720866934786361,1,
08001,2,35,1.0,1,0.8525356992789563,1,
08005,1,33,1.0,1,0.6809938143038395,1,
08007,1,5,1.0,1,0.03254634177232808,0,
08009,4,8,1.0,1,0.22903192752275858,0,
08013,1,22,1.0,1,0.73453877911688,1,
08014,1,6,1.0,1,0.3356626243621073,0,
08035,1,18,1.0,1,0.16290168517571496,0,
08037,1,13,1.0,1,0.11901984091344656,0,
08043,3,11,1.0,1,0.2045157168940671,0,
08045,1,8,1.0,1,0.08461860807503954,0,
08055,2,4,1.0,1,0.07158053356783722,0,
08059,1,33,1.0,1,0.3145682162807556,0,
08067,1,6,1.0,1,0.03672358625044838,0,
08069,1,24,1.0,1,0.4305639001830261,0,
08077,2,19,1.0,1,0.8405824305086784,1,
08081,2,5,1.0,1,0.08543127651079241,0,
08087,2,10,1.0,1,0.22035384825051868,0,
08099,3,6,1.0,1,0.20410018308036879,0,
08101,3,15,1.0,1,0.8711142727147966,1,
08107,1,9,1.0,1,0.024163597070879256,0,
08109,4,8,1.0,1,0.10599797311937041,0,
08113,1,7,1.0,1,0.03041090535616335,0,
08121,2,12,1.0,1,0.050748036997557346,0,
08123,1,41,1.0,1,0.6634976537577648,1,
09001,1,46,1.0,1,0.437277631254024,0,
09003,1,58,1.0,1,0.8350157477705398,1,
09005,1,40,1.0,1,0.12304905124716324,0,
09007,1,24,1.0,1,0.2977083739123253,0,
09009,1,41,1.0,1,0.6492426446674208,1,
09011,1,31,1.0,1,0.6142761718636303,1,
09015,1,31,1.0,1,0.3443179320001008,0,
10001,1,18,1.0,1,0.43493761918955565,0,
10005,2,24,1.0,1,0.5847451308990992,1,
12001,3,23,1.0,1,0.15306541242785798,0,
12003,2,5,1.0,1,0.07115747816439906,0,
12005,2,16,1.0,1,0.545786818739312,1,
12015,2,17,1.0,1,0.4388316121686746,0,
12017,3,15,1.0,1,0.3325023380068836,0,
12019,2,12,1.0,1,0.21973947116372294,0,
12023,3,8,1.0,1,0.19913663584862346,0,
12033,1,18,1.0,1,0.2281257720714643,0,
12035,2,7,1.0,1,0.32955836055071175,0,
12039,4,7,1.0,1,0.3162832479045524,0,
12041,4,5,1.0,1,0.16122847327585665,0,
12043,4,5,1.0,1,0.40476314123855256,0,
12049,4,4,1.0,1,0.23638370070844902,0,
12051,4,6,1.0,1,0.5965759191846767,1,
12053,3,12,1.0,1,0.7147428938272683,1,
12055,3,9,1.0,1,0.35825568148355535,0,
12059,4,4,1.0,1,0.10405188986949818,0,
12061,2,9,1.0,1,0.35919831894971277,0,
12063,1,14,1.0,1,0.20274761880052525,0,
12065,4,4,1.0,1,0.04992361635255036,0,
12073,3,10,1.0,1,0.15433022082915465,0,
12075,4,13,1.0,1,0.23748974087580285,0,
12079,4,5,1.0,1,0.09704911938838257,0,
12083,3,31,1.0,1,0.3203420549094971,0,
12085,1,12,1.0,1,0.3726789132221568,0,
12087,2,11,1.0,1,0.24299866232720846,0,
12089,1,6,1.0,1,0.08248652683137446,0,
12091,2,14,1.0,1,0.19585885823003563,0,
12097,3,17,1.0,1,0.7551494205253128,1,
12101,2,31,1.0,1,0.716481580178232,1,
12107,4,17,1.0,1,0.45774007978086434,0,
12109,1,12,1.0,1,0.14487686169817238,0,
12111,2,17,1.0,1,0.5392267907982023,1,
12113,1,9,1.0,1,0.13803473163962166,0,
12117,2,17,1.0,1,0.4005701167249247,0,
12119,1,11,1.0,1,0.2724916538479482,0,
12121,3,9,1.0,1,0.15291624060715808,0,
12129,2,4,1.0,1,0.052331801878288634,0,
12131,2,12,1.0,1,0.15101494120010744,0,
12133,4,10,1.0,1,0.2761842851735245,0,
13001,4,7,1.0,1,0.606179052161505,1,
13003,4,5,1.0,1,0.4027609080866174,0,
13005,4,3,1.0,1,0.4850195693502444,0,
13009,4,6,1.0,1,0.9014154191151202,1,
13013,2,8,1.0,1,0.22872529593166174,0,
13015,2,14,1.0,1,0.6145163725202909,1,
13017,4,4,1.0,1,0.361200169112016,0,
13019,4,6,1.0,1,0.2741700402199478,0,
13021,1,12,1.0,1,0.7557447108065392,1,
13023,4,6,1.0,1,0.4021646824902411,0,
13025,4,6,1.0,1,0.2232090036637151,0,
13031,1,11,1.0,1,0.5443888241169993,1,
13033,4,9,1.0,1,0.5343013019271231,1,
13035,4,5,1.0,1,0.7294999840705609,1,
13039,3,8,1.0,1,0.19858050271112676,0,
13043,4,4,1.0,1,0.5354066390278361,1,
13045,1,11,1.0,1,0.7650126197655741,1,
13055,4,6,1.0,1,0.3368609533686964,0,
13057,1,15,1.0,1,0.2254299019061248,0,
13059,1,9,1.0,1,0.7759189830745017,1,
13063,1,16,1.0,1,0.7759247517979915,1,
13069,4,10,1.0,1,0.4707965192566125,0,
13071,4,13,1.0,1,0.5623478233321022,1,
13073,1,7,1.0,1,0.09338975123376125,0,
13075,4,5,1.0,1,0.5713696981847255,1,
13077,1,10,1.0,1,0.3893788657565931,0,
13083,3,5,1.0,1,0.17440932408425844,0,
13085,1,5,1.0,1,0.14156493967294853,0,
13087,4,8,1.0,1,0.5425225463776444,1,
13093,4,8,1.0,1,0.2938742637079114,0,
13095,4,6,1.0,1,0.7429962170271731,1,
13097,2,8,1.0,1,0.7411244338111966,1,
13101,3,6,1.0,1,0.1684512448745431,0,
13103,1,8,1.0,1,0.055658077199186556,0,
13107,4,13,1.0,1,0.44935151708257864,0,
13109,4,6,1.0,1,0.6137384801819407,1,
13111,3,8,1.0,1,0.10350167194132925,0,
13113,1,8,1.0,1,0.4402947548890451,0,
13115,4,13,1.0,1,0.560903590650797,1,
13119,3,10,1.0,1,0.6511441582872367,1,
13127,3,8,1.0,1,0.26354750832873475,0,
13129,4,8,1.0,1,0.4786224259930176,0,
13137,3,7,1.0,1,0.6791549044857886,1,
13139,2,19,1.0,1,0.5620244305648517,1,
13149,3,6,1.0,1,0.21572109319288407,0,
13151,2,11,1.0,1,0.5972368894621924,1,
13153,2,12,1.0,1,0.5594433096088545,1,
13155,4,7,1.0,1,0.2338436599195898,0,
13157,2,16,1.0,1,0.2248243904497113,0,
13163,4,9,1.0,1,0.38598871982536154,0,
13165,4,5,1.0,1,0.42587304564706646,0,
13167,4,5,1.0,1,0.11709266802548987,0,
13169,4,8,1.0,1,0.4563089823590575,0,
13175,4,15,1.0,1,0.4396569417037491,0,
13179,1,9,1.0,1,0.08552048640675662,0,
13189,4,4,1.0,1,0.40957606256070095,0,
13191,3,4,1.0,1,0.09280463127027895,0,
13193,4,10,1.0,1,0.20735942094186724,0,
13195,3,11,1.0,1,0.36676781404260456,0,
13197,4,4,1.0,1,0.2452864546122134,0,
13215,4,11,1.0,1,0.8241530564400038,1,
13217,3,11,1.0,1,0.7679034636015322,1,
13219,1,8,1.0,1,0.11541115529894065,0,
13223,1,11,1.0,1,0.3914342439644736,0,
13225,4,3,1.0,1,0.5715962196975377,1,
13227,2,9,1.0,1,0.168860288087616,0,
13233,4,8,1.0,1,0.6969248125996873,1,
13235,4,5,1.0,1,0.09840985412967669,0,
13237,4,5,1.0,1,0.26984302186212616,0,
13247,2,9,1.0,1,0.8045852934229206,1,
13253,4,4,1.0,1,0.4051816361256864,0,
13257,3,5,1.0,1,0.7148601811210874,1,
13261,4,8,1.0,1,0.5015516319313083,1,
13267,4,6,1.0,1,0.22657840359026155,0,
13273,4,7,1.0,1,0.3130151369628198,0,
13275,3,9,1.0,1,0.22673393168003064,0,
13277,4,9,1.0,1,0.5696775730232283,1,
13279,4,3,1.0,1,0.43767589328408707,0,
13281,3,3,1.0,1,0.04162783227688822,0,
13285,4,7,1.0,1,0.5187707361122819,1,
13287,4,4,1.0,1,0.4751088918391344,0,
13291,3,4,1.0,1,0.163294333746812,0,
13293,4,7,1.0,1,0.6706003555588543,1,
13295,3,14,1.0,1,0.32583381893709157,0,
13297,2,11,1.0,1,0.6208471353090399,1,
13299,4,7,1.0,1,0.5958348298308496,1,
13301,4,9,1.0,1,0.2393567859020301,0,
13303,4,10,1.0,1,0.15123804834965152,0,
13305,4,6,1.0,1,0.30073781694178503,0,
13309,4,4,1.0,1,0.044242604215886806,0,
13313,4,8,1.0,1,0.6739731778941922,1,
13315,4,8,1.0,1,0.15986434143566677,0,
13317,4,5,1.0,1,0.06480196783184626,0,
16001,1,17,1.0,1,0.2035137049349763,0,
16011,3,11,1.0,1,0.15599592398023449,0,
16013,2,8,1.0,1,0.18297968961939268,0,
16017,2,18,1.0,1,0.07506920542947354,0,
16019,2,14,1.0,1,0.2121090017987578,0,
16025,4,2,1.0,1,0.09338438808307413,0,
16031,3,9,1.0,1,0.3665304029236935,0,
16035,3,7,1.0,1,0.027297809871090914,0,
16039,3,7,1.0,1,0.06713158932843885,0,
16041,1,7,1.0,1,0.07229602851172058,0,
16045,2,7,1.0,1,0.12650702544355205,0,
16047,3,6,1.0,1,0.32802280074941165,0,
16055,2,13,1.0,1,0.2085184741582882,0,
16059,3,10,1.0,1,0.05512906232733736,0,
16069,2,10,1.0,1,0.12146374582968814,0,
16073,3,12,1.0,1,0.2580302562157183,0,
16075,3,7,1.0,1,0.17677707836114576,0,
16079,4,15,1.0,1,0.0192310861509169,0,
16081,1,5,1.0,1,0.04912579057278294,0,
16083,3,10,1.0,1,0.433892329430196,0,
16087,4,5,1.0,1,0.0871531655515837,0,
17001,2,23,1.0,1,0.31179249748590293,0,
17003,1,8,1.0,1,0.5696306524284487,1,
17007,1,15,1.0,1,0.41226486293742676,0,
17011,2,30,1.0,1,0.25118394783835196,0,
17013,2,7,1.0,1,0.051442831159227924,0,
17017,3,7,1.0,1,0.23553075548037272,0,
17019,3,35,1.0,1,0.731755735785907,1,
17021,2,20,1.0,1,0.21937315999419751,0,
17025,3,13,1.0,1,0.38463334087969436,0,
17027,1,17,1.0,1,0.19790594740867581,0,
17033,2,10,1.0,1,0.23104052461686372,0,
17039,2,13,1.0,1,0.23000208621339435,0,
17041,2,13,1.0,1,0.28528762863557133,0,
17043,1,43,1.0,1,0.4229332423071562,0,
17045,2,15,1.0,1,0.139941126665796,0,
17049,2,15,1.0,1,0.2330514590623748,0,
17053,2,21,1.0,1,0.30473719797085874,0,
17055,4,19,1.0,1,0.35132809045936286,0,
17057,3,24,1.0,1,0.16656369200006862,0,
17059,4,9,1.0,1,0.25552076756129166,0,
17063,1,16,1.0,1,0.2166206803349795,0,
17073,1,23,1.0,1,0.16845258280746778,0,
17075,2,25,1.0,1,0.3143825037124745,0,
17081,3,17,1.0,1,0.46047116062535876,0,
17087,2,10,1.0,1,0.09520282532339173,0,
17091,2,21,1.0,1,0.7061403870321298,1,
17093,1,19,1.0,1,0.35354760984529277,0,
17095,3,22,1.0,1,0.34000907440299544,0,
17097,1,35,1.0,1,0.6111342181620096,1,
17099,2,28,1.0,1,0.5202069324342595,1,
17103,2,24,1.0,1,0.31263827235819125,0,
17105,3,29,1.0,1,0.3669737733852245,0,
17107,1,20,1.0,1,0.22622946647140207,0,
17109,4,17,1.0,1,0.3757943551932758,0,
17111,1,24,1.0,1,0.3645574845221749,0,
17113,2,33,1.0,1,0.5417249309613135,1,
17115,3,27,1.0,1,0.7792845523376286,1,
17117,2,28,1.0,1,0.45560659155199584,0,
17121,3,15,1.0,1,0.4145803595207864,0,
17123,2,19,1.0,1,0.15141824097229636,0,
17125,3,11,1.0,1,0.1478077476355329,0,
17127,3,8,1.0,1,0.3569778806683348,0,
17133,1,9,1.0,1,0.061079492567051294,0,
17137,3,16,1.0,1,0.30867275786080317,0,
17141,2,27,1.0,1,0.3009065981483203,0,
17149,3,16,1.0,1,0.1554958278315222,0,
17157,2,18,1.0,1,0.17860785826108577,0,
17159,3,9,1.0,1,0.3295851754805109,0,
17161,2,20,1.0,1,0.5870529951951046,1,
17165,4,11,1.0,1,0.4209625885362578,0,
17167,2,29,1.0,1,0.547566884330203,1,
17171,2,9,1.0,1,0.16583066831946974,0,
17173,2,22,1.0,1,0.15481215287473077,0,
17179,1,21,1.0,1,0.2240527202183163,0,
17181,3,13,1.0,1,0.09804221546671722,0,
17183,3,27,1.0,1,0.7244043726997036,1,
17187,3,14,1.0,1,0.30716503517978355,0,
17189,1,13,1.0,1,0.14368083167189272,0,
17193,3,11,1.0,1,0.13075356276661185,0,
17199,3,22,1.0,1,0.22996873047947491,0,
17201,2,26,1.0,1,0.6146812095567031,1,
17203,1,16,1.0,1,0.15185583090936608,0,
18001,3,8,1.0,1,0.8143624631506101,1,
18003,2,33,1.0,1,0.8473539746667481,1,
18005,2,14,1.0,1,0.14537157735299902,0,
18009,3,7,1.0,1,0.4960812862881725,0,
18011,1,12,1.0,1,0.1810618515766419,0,
18013,1,9,1.0,1,0.026767596233474227,0,
18017,3,12,1.0,1,0.7411873072175724,1,
18019,2,15,1.0,1,0.5479871177644948,1,
18021,2,17,1.0,1,0.29244712881450474,0,
18023,3,12,1.0,1,0.7045758329633388,1,
18029,1,9,1.0,1,0.1690575460645987,0,
18035,4,21,1.0,1,0.7794524458072479,1,
18037,1,13,1.0,1,0.16142704186026957,0,
18039,2,17,1.0,1,0.7646798056959658,1,
18043,2,10,1.0,1,0.387402244513085,0,
18047,1,15,1.0,1,0.09963187480799571,0,
18051,2,16,1.0,1,0.39096425721991,0,
18053,3,15,1.0,1,0.7737886386382712,1,
18055,2,16,1.0,1,0.2611751145972812,0,
18059,1,15,1.0,1,0.389072398012073,0,
18061,2,16,1.0,1,0.06320270365499213,0,
18063,1,19,1.0,1,0.2511429658213478,0,
18067,2,10,1.0,1,0.776614664431687,1,
18069,2,9,1.0,1,0.39885371656525237,0,
18071,3,8,1.0,1,0.09781155675128493,0,
18073,1,13,1.0,1,0.5104569144009541,1,
18079,2,13,1.0,1,0.08781298849630274,0,
18081,1,12,1.0,1,0.25859284445806224,0,
18083,3,11,1.0,1,0.5733570864063295,1,
18085,1,21,1.0,1,0.42168456309229846,0,
18087,1,12,1.0,1,0.6877165169372693,1,
18091,3,15,1.0,1,0.7835818871132362,1,
18093,2,12,1.0,1,0.15581795584316693,0,
18095,3,18,1.0,1,0.6793136530276427,1,
18101,2,7,1.0,1,0.11077679332953506,0,
18105,1,18,1.0,1,0.7881583818505197,1,
18107,2,16,1.0,1,0.4234495541400705,0,
18109,1,14,1.0,1,0.24694060593508288,0,
18117,3,11,1.0,1,0.10907127664436035,0,
18123,2,14,1.0,1,0.03874919418136285,0,
18127,1,15,1.0,1,0.5249422244078068,1,
18129,1,7,1.0,1,0.11819352452383972,0,
18133,1,15,1.0,1,0.2846416722050038,0,
18139,2,16,1.0,1,0.3101466945135666,0,
18141,3,24,1.0,1,0.8512893684306835,1,
18143,3,6,1.0,1,0.14882226612081978,0,
18145,2,17,1.0,1,0.3276892801948537,0,
18147,1,16,1.0,1,0.1469169271397736,0,
18149,3,11,1.0,1,0.614344291793677,1,
18153,3,13,1.0,1,0.394637454198508,0,
18157,3,18,1.0,1,0.7960209447465127,1,
18163,3,11,1.0,1,0.785102735188557,1,
18167,1,18,1.0,1,0.7834952601323851,1,
18169,2,14,1.0,1,0.4435416460905407,0,
18173,1,12,1.0,1,0.21697446374364748,0,
18175,2,12,1.0,1,0.051775277927805584,0,
18177,3,17,1.0,1,0.7670232725429269,1,
19003,2,9,1.0,1,0.10106274962358061,0,
19007,3,11,1.0,1,0.0878831999252918,0,
19009,2,11,1.0,1,0.08593182074534425,0,
19011,1,24,1.0,1,0.11591180699065398,0,
19013,3,17,1.0,1,0.5716321087709397,1,
19015,3,18,1.0,1,0.1571206119167992,0,
19021,2,13,1.0,1,0.2575426957662222,0,
19023,1,16,1.0,1,0.09707537907807018,0,
19027,1,16,1.0,1,0.10141530775516229,0,
19031,1,18,1.0,1,0.11080463763626805,0,
19037,1,9,1.0,1,0.16251746088482527,0,
19039,3,9,1.0,1,0.13594493097121338,0,
19041,2,15,1.0,1,0.19211614514488737,0,
19045,2,20,1.0,1,0.2091647428135975,0,
19049,1,25,1.0,1,0.1275252712144185,0,
19057,3,12,1.0,1,0.2292936910379612,0,
19061,2,19,1.0,1,0.24344196971011123,0,
19067,3,13,1.0,1,0.18034409550452768,0,
19071,2,11,1.0,1,0.07143193936904305,0,
19077,1,18,1.0,1,0.0641104754294276,0,
19079,1,15,1.0,1,0.12504370858963815,0,
19087,2,11,1.0,1,0.1271870693732401,0,
19095,1,21,1.0,1,0.08510437452360556,0,
19097,2,14,1.0,1,0.08883150058877756,0,
19099,1,19,1.0,1,0.05744911793263198,0,
19103,1,24,1.0,1,0.645390996407901,1,
19105,2,16,1.0,1,0.1286809254212849,0,
19109,2,21,1.0,1,0.161899343201668,0,
19111,3,12,1.0,1,0.14681546609683102,0,
19113,1,29,1.0,1,0.23538161340914565,0,
19121,1,14,1.0,1,0.06930528413515681,0,
19123,2,20,1.0,1,0.11191719491168556,0,
19127,2,21,1.0,1,0.16652578911836635,0,
19129,1,11,1.0,1,0.06518664155902329,0,
19133,2,15,1.0,1,0.05302601462588337,0,
19145,2,12,1.0,1,0.09238668357584197,0,
19149,1,14,1.0,1,0.144634130764285,0,
19151,2,16,1.0,1,0.17367482351213964,0,
19155,2,24,1.0,1,0.16470828937766496,0,
19157,2,17,1.0,1,0.062142968091797444,0,
19161,2,16,1.0,1,0.15109656521270545,0,
19163,2,22,1.0,1,0.2618055148803965,0,
19169,3,22,1.0,1,0.18228677337907945,0,
19179,3,12,1.0,1,0.1772489243082574,0,
19181,1,19,1.0,1,0.07449854859478074,0,
19187,3,22,1.0,1,0.2539662102340879,0,
19193,2,25,1.0,1,0.29179953768274375,0,
19197,2,16,1.0,1,0.17559444397450355,0,
20001,3,11,1.0,1,0.23815314759744227,0,
20005,2,10,1.0,1,0.10400210006228242,0,
20009,3,10,1.0,1,0.25521536772051095,0,
20011,4,13,1.0,1,0.1631751293660054,0,
20015,2,20,1.0,1,0.140656812837265,0,
20019,4,10,1.0,1,0.08797931816089308,0,
20021,1,13,1.0,1,0.05602610255186018,0,
20027,1,10,1.0,1,0.10729121652940674,0,
20029,3,8,1.0,1,0.18362944961987157,0,
20035,3,14,1.0,1,0.35460258281078266,0,
20037,1,15,1.0,1,0.18263440265628786,0,
20039,2,8,1.0,1,0.1423870485468157,0,
20041,2,12,1.0,1,0.1298459167200648,0,
20045,1,12,1.0,1,0.6905805531193678,1,
20047,3,7,1.0,1,0.13782627607933476,0,
20051,3,11,1.0,1,0.16828806102697783,0,
20055,3,7,1.0,1,0.14714441153869237,0,
20057,4,10,1.0,1,0.21263546356584373,0,
20059,2,13,1.0,1,0.12985406389362356,0,
20061,3,8,1.0,1,0.5381373126739717,1,
20067,2,3,1.0,1,0.11153538662038709,0,
20073,3,11,1.0,1,0.08037576989593513,0,
20079,1,13,1.0,1,0.22367098428393756,0,
20083,2,8,1.0,1,0.10393096397721839,0,
20085,2,18,1.0,1,0.05174793303356148,0,
20087,2,15,1.0,1,0.08063289487984582,0,
20095,1,12,1.0,1,0.05411768345209724,0,
20097,2,7,1.0,1,0.08226824157228123,0,
20099,4,13,1.0,1,0.26193802354192625,0,
20103,1,13,1.0,1,0.1548610267905023,0,
20111,3,12,1.0,1,0.40637174146078175,0,
20113,1,12,1.0,1,0.13855701360051995,0,
20121,1,11,1.0,1,0.061244944840178464,0,
20125,3,13,1.0,1,0.4567880464398605,0,
20127,2,9,1.0,1,0.1436693280233433,0,
20129,2,5,1.0,1,0.13847656256360558,0,
20133,4,11,1.0,1,0.341376220180445,0,
20135,3,9,1.0,1,0.1671859480594077,0,
20139,2,15,1.0,1,0.13252511676840353,0,
20147,2,9,1.0,1,0.14812163175778234,0,
20149,2,12,1.0,1,0.21096269061199413,0,
20155,2,22,1.0,1,0.2655071510329569,0,
20159,2,13,1.0,1,0.11711076589248945,0,
20161,3,14,1.0,1,0.2238060353615952,0,
20163,2,10,1.0,1,0.12988519536151627,0,
20167,2,11,1.0,1,0.15815601833168835,0,
20169,2,9,1.0,1,0.4057128048282822,0,
20175,4,6,1.0,1,0.2979803551563101,0,
20179,1,11,1.0,1,0.17658087654109378,0,
20201,2,15,1.0,1,0.1285298870321574,0,
20205,4,10,1.0,1,0.34736481673522973,0,
21001,4,10,1.0,1,0.18261890590369892,0,
21003,4,6,1.0,1,0.1483916746572917,0,
21009,4,11,1.0,1,0.43728988712837324,0,
21011,4,8,1.0,1,0.27793340537593786,0,
21013,4,11,1.0,1,0.5344479908355275,1,
21015,1,9,1.0,1,0.4420203223097557,0,
21019,3,4,1.0,1,0.7505308750280991,1,
21021,3,5,1.0,1,0.30593399062273746,0,
21023,3,7,1.0,1,0.12307933442687218,0,
21027,3,18,1.0,1,0.09046938151713514,0,
21029,1,11,1.0,1,0.48571343520363414,0,
21033,3,6,1.0,1,0.08560776323022128,0,
21037,2,10,1.0,1,0.5609193161656109,1,
21041,4,8,1.0,1,0.6639808083944755,1,
21047,4,15,1.0,1,0.6038758145055345,1,
21049,3,4,1.0,1,0.34695493683779255,0,
21051,4,10,1.0,1,0.3435332226294286,0,
21057,4,3,1.0,1,0.12525298651955233,0,
21059,3,10,1.0,1,0.6551361860307283,1,
21061,4,12,1.0,1,0.11081398113410718,0,
21063,4,6,1.0,1,0.22341847006726565,0,
21067,2,17,1.0,1,0.5034385290006957,1,
21069,4,7,1.0,1,0.38641865424557575,0,
21071,4,33,1.0,1,0.5205593161801572,1,
21073,2,5,1.0,1,0.2073323114498203,0,
21075,4,3,1.0,1,0.27368058388008143,0,
21077,3,6,1.0,1,0.4371108412902085,0,
21079,3,5,1.0,1,0.18589883256022688,0,
21081,3,8,1.0,1,0.16182701887311554,0,
21083,4,18,1.0,1,0.4106353760043505,0,
21085,4,9,1.0,1,0.2316523976242987,0,
21093,2,17,1.0,1,0.35922562861567287,0,
21097,3,6,1.0,1,0.1486529528589105,0,
21099,4,10,1.0,1,0.3204354804218185,0,
21101,3,8,1.0,1,0.7741244570230112,1,
21103,3,13,1.0,1,0.138775366365524,0,
21105,4,7,1.0,1,0.18319811764908994,0,
21107,4,13,1.0,1,0.37171047291011367,0,
21113,3,4,1.0,1,0.27901586548720336,0,
21115,4,19,1.0,1,0.46612700711625166,0,
21117,2,12,1.0,1,0.6553637505015517,1,
21119,4,24,1.0,1,0.4299398477572162,0,
21121,4,19,1.0,1,0.13714486370669696,0,
21125,4,8,1.0,1,0.40472662782495156,0,
21127,4,10,1.0,1,0.4478092556384238,0,
21133,1,26,1.0,1,0.4256071884538003,0,
21137,4,11,1.0,1,0.17248833102884426,0,
21141,4,7,1.0,1,0.1781678360666181,0,
21145,3,7,1.0,1,0.8021921836941474,1,
21149,2,7,1.0,1,0.20430984139009245,0,
21151,1,5,1.0,1,0.28559399351293996,0,
21153,4,4,1.0,1,0.2263480129789173,0,
21159,4,9,1.0,1,0.130282218927469,0,
21161,4,5,1.0,1,0.48842120965480623,0,
21163,2,12,1.0,1,0.14025198015981072,0,
21167,2,5,1.0,1,0.1508228025995444,0,
21171,4,6,1.0,1,0.0008050201339116896,0,
21173,4,5,1.0,1,0.4029966229594157,0,
21175,4,8,1.0,1,0.11908812306898472,0,
21179,1,9,1.0,1,0.10259812235372787,0,
21183,3,16,1.0,1,0.11047476172103593,0,
21185,1,11,1.0,1,0.1128184587096337,0,
21191,3,10,1.0,1,0.1045778151388119,0,
21195,4,39,1.0,1,0.22242923498097025,0,
21197,4,4,1.0,1,0.31627612983010117,0,
21199,4,11,1.0,1,0.6272427951984711,1,
21201,4,7,1.0,1,0.10585298838832621,0,
21203,4,7,1.0,1,0.2581716271905537,0,
21205,4,4,1.0,1,0.08460404948697461,0,
21207,4,7,1.0,1,0.39580034775229067,0,
21209,2,6,1.0,1,0.17789685605327002,0,
21211,2,14,1.0,1,0.3923566840632381,0,
21217,4,6,1.0,1,0.2475147486789222,0,
21221,2,5,1.0,1,0.05212571907963813,0,
21225,4,5,1.0,1,0.24351263201578938,0,
21227,3,9,1.0,1,0.18059757442126423,0,
21231,4,5,1.0,1,0.43204996744501206,0,
21235,4,7,1.0,1,0.4570596256946244,0,
21237,4,5,1.0,1,0.42934040390804323,0,
21239,2,3,1.0,1,0.12725257567351675,0,
22001,4,15,1.0,1,0.7931970000206644,1,
22003,3,13,1.0,1,0.13516173548161836,0,
22005,1,8,1.0,1,0.5170471789604394,1,
22009,4,15,1.0,1,0.3981516225406307,0,
22011,3,9,1.0,1,0.1009671366920471,0,
22013,4,13,1.0,1,0.22000880718395918,0,
22019,3,16,1.0,1,0.797979900191148,1,
22021,4,4,1.0,1,0.13144776471458677,0,
22023,4,8,1.0,1,0.7320800539098056,1,
22027,4,11,1.0,1,0.37010310011667186,0,
22031,4,10,1.0,1,0.17128177730303584,0,
22039,4,12,1.0,1,0.7022400887741965,1,
22041,4,7,1.0,1,0.47922354609609674,0,
22043,3,8,1.0,1,0.038625595254299545,0,
22045,4,10,1.0,1,0.7829064698360915,1,
22047,3,8,1.0,1,0.7543396741491966,1,
22049,4,7,1.0,1,0.235427166334212,0,
22053,3,10,1.0,1,0.5399281787322773,1,
22055,1,16,1.0,1,0.45622479045487435,0,
22057,3,14,1.0,1,0.5679294885241425,1,
22063,2,17,1.0,1,0.40724187678073887,0,
22065,4,4,1.0,1,0.6163206844075615,1,
22069,4,16,1.0,1,0.32576284350152274,0,
22077,3,17,1.0,1,0.5048209168448936,1,
22079,4,27,1.0,1,0.6252630709772636,1,
22083,4,6,1.0,1,0.49483450092539755,0,
22087,4,6,1.0,1,0.9365699234760436,1,
22089,1,10,1.0,1,0.45071723195278496,0,
22093,3,7,1.0,1,0.7746675654316447,1,
22095,3,6,1.0,1,0.8193563600968331,1,
22099,4,8,1.0,1,0.5812591656197477,1,
22101,4,8,1.0,1,0.7350000974903359,1,
22103,2,17,1.0,1,0.3355125202810919,0,
22105,1,20,1.0,1,0.7301497623253324,1,
22107,4,4,1.0,1,0.23151233590268627,0,
22109,3,13,1.0,1,0.7483846740775031,1,
22111,3,10,1.0,1,0.10071637272489797,0,
22113,3,12,1.0,1,0.45034270350870537,0,
22115,3,13,1.0,1,0.20049932297045928,0,
22117,4,6,1.0,1,0.40364706533068884,0,
22119,4,12,1.0,1,0.5521794181454034,1,
22121,2,5,1.0,1,0.6760490511425377,1,
22123,4,4,1.0,1,0.23721029239549923,0,
22127,4,12,1.0,1,0.10400755511767898,0,
23001,2,14,1.0,1,0.22321888521736968,0,
23005,1,38,1.0,1,0.13063938860048874,0,
23007,1,18,1.0,1,0.06522496659528391,0,
23009,2,40,1.0,1,0.04853353816652557,0,
23011,2,27,1.0,1,0.1075534346111715,0,
23013,1,19,1.0,1,0.171127829707272,0,
23017,1,33,1.0,1,0.07315063645606075,0,
23019,1,47,1.0,1,0.3369509393485726,0,
23021,3,16,1.0,1,0.0391691077469116,0,
23025,4,24,1.0,1,0.18208565673435595,0,
23027,2,18,1.0,1,0.07265573675227463,0,
23031,1,36,1.0,1,0.128278062286802,0,
24001,3,15,1.0,1,0.14339896117456413,0,
24011,3,10,1.0,1,0.44723407763154016,0,
24013,1,15,1.0,1,0.05858633218556435,0,
24017,1,24,1.0,1,0.08771528840341226,0,
24019,3,18,1.0,1,0.5529775874576812,1,
24021,1,34,1.0,1,0.09282869469244756,0,
24027,1,24,1.0,1,0.1657191647483663,0,
24029,2,9,1.0,1,0.2920516992262191,0,
24035,1,16,1.0,1,0.1433287490863957,0,
24037,1,26,1.0,1,0.15313009309627595,0,
24039,1,11,1.0,1,0.004635063744483742,0,
24041,1,16,1.0,1,0.24131618469961535,0,
24043,1,20,1.0,1,0.056823394006610205,0,
24047,2,12,1.0,1,0.433791849775943,0,
25001,1,47,1.0,1,0.41793759297775585,0,
25005,2,36,1.0,1,0.8061054394555732,1,
25011,2,32,1.0,1,0.08835225492276556,0,
25013,2,41,1.0,1,0.8489314867373565,1,
25015,1,28,1.0,1,0.1562432571198941,0,
25023,1,34,1.0,1,0.3694642375740843,0,
25025,3,36,1.0,1,0.923362931945391,1,
25027,1,87,1.0,1,0.5393700845306192,1,
26005,2,24,1.0,1,0.36971324948586454,0,
26009,2,16,1.0,1,0.1930178771909151,0,
26011,3,10,1.0,1,0.5673548922856232,1,
26013,3,7,1.0,1,0.025605165229826997,0,
26015,1,15,1.0,1,0.16439252239777077,0,
26017,2,16,1.0,1,0.7687150306913816,1,
26021,1,23,1.0,1,0.6219937464924921,1,
26023,3,13,1.0,1,0.44539398949989417,0,
26025,3,22,1.0,1,0.5813737284338202,1,
26027,2,14,1.0,1,0.5272778139332922,1,
26041,3,13,1.0,1,0.35587901014734086,0,
26045,1,19,1.0,1,0.4341644120119165,0,
26049,3,34,1.0,1,0.7930845470128574,1,
26055,1,9,1.0,1,0.2810898204901684,0,
26059,3,18,1.0,1,0.4786453046141389,0,
26061,4,20,1.0,1,0.1439890909449682,0,
26063,2,18,1.0,1,0.4624383870680111,0,
26065,1,22,1.0,1,0.7875327861324442,1,
26067,2,21,1.0,1,0.2134268345618089,0,
26073,4,15,1.0,1,0.5945437550439067,1,
26075,2,29,1.0,1,0.6759776938738379,1,
26077,2,25,1.0,1,0.5722473099310669,1,
26081,2,39,1.0,1,0.7851985504874217,1,
26087,2,22,1.0,1,0.28706601432971846,0,
26091,2,23,1.0,1,0.3666354407134049,0,
26093,1,20,1.0,1,0.1544765757492876,0,
26099,2,39,1.0,1,0.8282985995962109,1,
26101,2,15,1.0,1,0.32076970164583096,0,
26103,2,15,1.0,1,0.07674223142702861,0,
26115,1,25,1.0,1,0.33135608690683394,0,
26121,3,20,1.0,1,0.7562364002486673,1,
26123,3,21,1.0,1,0.42436520687756546,0,
26127,3,12,1.0,1,0.6418785326124957,1,
26137,3,7,1.0,1,0.2806930513448339,0,
26139,1,22,1.0,1,0.4633731195812917,0,
26141,2,7,1.0,1,0.09896104177196414,0,
26145,3,28,1.0,1,0.7380624074843343,1,
26147,2,23,1.0,1,0.6832151978024882,1,
26149,3,13,1.0,1,0.5324760984526029,1,
26151,3,22,1.0,1,0.6122168580901709,1,
26155,2,19,1.0,1,0.35463772048992526,0,
26157,3,21,1.0,1,0.29450421162841256,0,
26159,3,22,1.0,1,0.5435337646561434,1,
26161,2,27,1.0,1,0.4791161084160805,0,
27001,2,12,1.0,1,0.03574924193465371,0,
27003,1,20,1.0,1,0.24325530946003007,0,
27005,2,16,1.0,1,0.10212496023095231,0,
27007,3,18,1.0,1,0.07585004599845074,0,
27009,1,9,1.0,1,0.1389410610608418,0,
27025,1,15,1.0,1,0.07451421528384644,0,
27027,2,15,1.0,1,0.11498248793576704,0,
27037,1,22,1.0,1,0.16894798903156005,0,
27041,1,17,1.0,1,0.1343266829762653,0,
27047,2,18,1.0,1,0.3987640391922828,0,
27049,1,17,1.0,1,0.14156682745572166,0,
27057,2,10,1.0,1,0.04284867321376468,0,
27061,2,30,1.0,1,0.07298399647870105,0,
27079,1,13,1.0,1,0.11870168008927175,0,
27083,3,14,1.0,1,0.1720610312294404,0,
27095,2,12,1.0,1,0.11049213091772475,0,
27097,2,20,1.0,1,0.10459465257070796,0,
27099,2,19,1.0,1,0.30905879386847823,0,
27109,1,19,1.0,1,0.10993526637372901,0,
27111,1,34,1.0,1,0.1432852479669544,0,
27115,2,16,1.0,1,0.06214195389754674,0,
27119,2,25,1.0,1,0.10468824052343338,0,
27123,2,26,1.0,1,0.5846149052873839,1,
27127,2,22,1.0,1,0.11583428725471213,0,
27129,2,16,1.0,1,0.13646070738199428,0,
27131,1,16,1.0,1,0.162066627899551,0,
27135,1,11,1.0,1,0.031808220504837836,0,
27139,1,10,1.0,1,0.14527388203050268,0,
27141,1,9,1.0,1,0.1581324714846258,0,
27145,2,33,1.0,1,0.3459510777138327,0,
27151,3,11,1.0,1,0.13353375236363366,0,
27153,2,19,1.0,1,0.15427320181011323,0,
27163,1,19,1.0,1,0.1413859576180593,0,
27169,2,14,1.0,1,0.06058433516154744,0,
27171,1,19,1.0,1,0.16260729124475753,0,
28001,4,2,1.0,1,0.28303644882544543,0,
28003,4,5,1.0,1,0.21080071936371267,0,
28007,4,11,1.0,1,0.10714496179832904,0,
28011,4,17,1.0,1,0.8518782672947647,1,
28013,4,11,1.0,1,0.09268758322105214,0,
28015,4,13,1.0,1,0.26850621776406064,0,
28019,4,9,1.0,1,0.04046065014563466,0,
28023,4,9,1.0,1,0.07431994984673737,0,
28025,4,8,1.0,1,0.2101931356906048,0,
28027,4,11,1.0,1,0.8488675530877876,1,
28029,4,9,1.0,1,0.09717082445303127,0,
28031,4,8,1.0,1,0.24226943716066615,0,
28033,1,10,1.0,1,0.26330318119800805,0,
28035,1,8,1.0,1,0.7875469535293805,1,
28037,4,8,1.0,1,0.09259543194865873,0,
28039,4,3,1.0,1,0.0537979686824254,0,
28041,3,7,1.0,1,0.03488152455137092,0,
28043,4,7,1.0,1,0.18049601717141675,0,
28045,3,10,1.0,1,0.44973013744468193,0,
28051,4,9,1.0,1,0.22438609500097878,0,
28057,3,10,1.0,1,0.11679150731538968,0,
28061,4,14,1.0,1,0.07710287707064246,0,
28065,4,9,1.0,1,0.09779879656617735,0,
28069,4,11,1.0,1,0.06630788526603142,0,
28071,4,13,1.0,1,0.9992381399552235,1,
28073,3,6,1.0,1,0.10559438380985468,0,
28075,1,12,1.0,1,0.04704310173386448,0,
28081,3,15,1.0,1,0.3296910449293689,0,
28083,4,11,1.0,1,0.6829227246104358,1,
28085,4,12,1.0,1,0.19734658272851935,0,
28087,3,8,1.0,1,0.2571877969990843,0,
28089,1,12,1.0,1,0.07330689154331532,0,
28091,4,8,1.0,1,0.2290107872794495,0,
28093,3,8,1.0,1,0.22153634723824533,0,
28095,4,12,1.0,1,0.16622810925018436,0,
28097,4,7,1.0,1,0.08635950812564774,0,
28099,4,8,1.0,1,0.29929370247033715,0,
28101,4,11,1.0,1,0.05961398617627079,0,
28103,4,6,1.0,1,0.2375943363905991,0,
28107,4,11,1.0,1,0.45055530082946704,0,
28109,3,5,1.0,1,0.08049218207271905,0,
28113,4,8,1.0,1,0.5221245964889499,1,
28115,4,11,1.0,1,0.3235524176099652,0,
28119,4,10,1.0,1,0.5258191713969563,1,
28121,1,12,1.0,1,0.18216536853030088,0,
28123,4,10,1.0,1,0.2238998023793384,0,
28127,3,10,1.0,1,0.0891733091891386,0,
28131,4,6,1.0,1,0.034876788213837995,0,
28133,4,16,1.0,1,0.7699215850213447,1,
28135,4,18,1.0,1,0.11053233300863005,0,
28137,3,5,1.0,1,0.3887544292736259,0,
28141,4,9,1.0,1,0.16843327709106357,0,
28145,3,11,1.0,1,0.14105703647497234,0,
28147,4,6,1.0,1,0.1487289546769357,0,
28153,4,7,1.0,1,0.15148419115885342,0,
28159,4,10,1.0,1,0.11027442864155443,0,
28161,4,7,1.0,1,0.04552390017375091,0,
28163,4,8,1.0,1,0.1682773529165847,0,
29001,4,9,1.0,1,0.15766773195623715,0,
29009,4,17,1.0,1,0.22601131826771811,0,
29011,4,8,1.0,1,0.09911241738729892,0,
29013,3,13,1.0,1,0.07032440712396858,0,
29015,3,13,1.0,1,0.07521696768554352,0,
29017,4,13,1.0,1,0.05203830359777252,0,
29019,1,13,1.0,1,0.13736609059160268,0,
29021,3,15,1.0,1,0.6531436925082745,1,
29023,4,10,1.0,1,0.3118961811679128,0,
29025,3,10,1.0,1,0.18617737978391433,0,
29029,3,18,1.0,1,0.1721746515268512,0,
29031,3,19,1.0,1,0.2870478632139526,0,
29033,3,10,1.0,1,0.20133434231024563,0,
29035,3,5,1.0,1,0.021812869530483052,0,
29037,1,18,1.0,1,0.13263596257995935,0,
29039,4,9,1.0,1,0.09550979126497589,0,
29041,3,12,1.0,1,0.13439382342248887,0,
29043,1,21,1.0,1,0.038462041683247274,0,
29049,1,11,1.0,1,0.08381166325817974,0,
29051,1,9,1.0,1,0.13598941177082546,0,
29055,4,12,1.0,1,0.10796241778698525,0,
29057,3,13,1.0,1,0.07909626324803609,0,
29059,4,13,1.0,1,0.15438994355863983,0,
29063,2,10,1.0,1,0.09471921693905727,0,
29065,4,8,1.0,1,0.06770804311997572,0,
29067,4,16,1.0,1,0.13927317071471723,0,
29069,4,14,1.0,1,0.5555592523433659,1,
29071,1,23,1.0,1,0.13110851002618185,0,
29079,3,7,1.0,1,0.2949130446465352,0,
29083,4,11,1.0,1,0.17137449955790682,0,
29085,4,13,1.0,1,0.15702639326692575,0,
29091,4,12,1.0,1,0.17836098223920147,0,
29093,3,16,1.0,1,0.04559837805324672,0,
29099,1,24,1.0,1,0.2142035393533272,0,
29103,4,12,1.0,1,0.09655400205133699,0,
29105,4,12,1.0,1,0.1512168200603129,0,
29107,2,16,1.0,1,0.19120444347601864,0,
29109,3,21,1.0,1,0.22454650377604107,0,
29113,2,17,1.0,1,0.23532626637716733,0,
29115,3,15,1.0,1,0.1287764068979719,0,
29117,3,12,1.0,1,0.15078230878681376,0,
29119,1,14,1.0,1,0.1727497066047168,0,
29121,2,15,1.0,1,0.14240154873385424,0,
29123,3,7,1.0,1,0.047270251761531226,0,
29127,3,10,1.0,1,0.18261552737857806,0,
29131,3,17,1.0,1,0.1273067421623354,0,
29133,4,6,1.0,1,0.5998199650555097,1,
29135,2,13,1.0,1,0.07787370407122493,0,
29139,3,11,1.0,1,0.12932109946571962,0,
29143,4,17,1.0,1,0.5594853717030214,1,
29145,3,15,1.0,1,0.17760986650285016,0,
29147,4,18,1.0,1,0.07608606778852553,0,
29153,4,18,1.0,1,0.07084521530180522,0,
29159,3,15,1.0,1,0.36246893449874557,0,
29161,4,11,1.0,1,0.09780770849110132,0,
29163,1,12,1.0,1,0.15631532753863406,0,
29165,1,18,1.0,1,0.14378364771977378,0,
29169,2,11,1.0,1,0.0987299591449792,0,
29175,3,12,1.0,1,0.30111906836851904,0,
29177,2,12,1.0,1,0.2521864511955505,0,
29181,4,9,1.0,1,0.09755083000030762,0,
29183,1,14,1.0,1,0.20070365456010714,0,
29185,4,16,1.0,1,0.06421485606365178,0,
29186,2,8,1.0,1,0.08980852943295678,0,
29187,3,15,1.0,1,0.13124047684111845,0,
29195,3,13,1.0,1,0.4252533687548033,0,
29197,3,6,1.0,1,0.11204606702924143,0,
29199,3,10,1.0,1,0.15336691883712886,0,
29201,4,14,1.0,1,0.681057999819656,1,
29207,1,13,1.0,1,0.23652198155740964,0,
29209,1,17,1.0,1,0.05526744003700592,0,
29211,3,13,1.0,1,0.06579603943443775,0,
29213,3,20,1.0,1,0.23901477794485707,0,
29215,4,21,1.0,1,0.008712336657905911,0,
29217,4,13,1.0,1,0.22563928826602103,0,
29219,3,9,1.0,1,0.19058902338219555,0,
29223,4,14,1.0,1,0.04817750164810637,0,
29225,3,9,1.0,1,0.20408447977749022,0,
29229,4,11,1.0,1,0.21150800788320442,0,
30003,4,18,1.0,1,0.3796009361420346,0,
30005,4,9,1.0,1,0.06325702573958043,0,
30013,3,18,1.0,1,0.17164544613917235,0,
30015,2,13,1.0,1,0.10355636706331751,0,
30021,1,8,1.0,1,0.030506377169236334,0,
30029,2,16,1.0,1,0.042061993123318556,0,
30035,4,5,1.0,1,0.1148979511321374,0,
30047,3,15,1.0,1,0.05698012312944766,0,
30049,1,9,1.0,1,0.03948167338708863,0,
30053,4,6,1.0,1,0.04110631986127023,0,
30061,4,5,1.0,1,0.021686292678846617,0,
30073,3,6,1.0,1,0.07712987521999258,0,
30081,2,9,1.0,1,0.027824148765986458,0,
30087,3,8,1.0,1,0.03022902021731636,0,
30105,3,12,1.0,1,0.04426690685755657,0,
30111,2,16,1.0,1,0.20914818182544442,0,
31001,2,14,1.0,1,0.18775196920339027,0,
31003,2,11,1.0,1,0.11914369419528123,0,
31007,2,8,1.0,1,0.10920168545390012,0,
31011,2,8,1.0,1,0.12310474914770675,0,
31013,2,3,1.0,1,0.11959820571139547,0,
31023,1,14,1.0,1,0.11072966869621342,0,
31025,1,20,1.0,1,0.06924676985696124,0,
31029,2,7,1.0,1,0.000587182610822181,0,
31033,1,5,1.0,1,0.07039372428592967,0,
31041,1,21,1.0,1,0.007612654752311357,0,
31045,2,6,1.0,1,0.04200603971604282,0,
31061,2,8,1.0,1,0.11566503199529315,0,
31067,2,18,1.0,1,0.10039689798582627,0,
31075,2,3,1.0,1,0.0530195979626126,0,
31079,2,11,1.0,1,0.22304200335269556,0,
31083,2,8,1.0,1,0.12499268439071631,0,
31093,1,11,1.0,1,0.0989633724359265,0,
31095,3,12,1.0,1,0.12432839807380751,0,
31109,2,42,1.0,1,0.18076577938881122,0,
31111,2,14,1.0,1,0.12655286776079808,0,
31119,2,8,1.0,1,0.17825459880082983,0,
31131,1,19,1.0,1,0.13157223736866955,0,
31135,1,10,1.0,1,0.09800588771898466,0,
31141,1,11,1.0,1,0.1637009979535102,0,
31153,1,13,1.0,1,0.13904844265650954,0,
31155,1,18,1.0,1,0.11115252158349581,0,
31157,3,8,1.0,1,0.16886577266303215,0,
31161,2,9,1.0,1,0.0985224159742977,0,
31173,4,10,1.0,1,0.14626363304105472,0,
31177,1,15,1.0,1,0.08293590135385652,0,
31179,2,11,1.0,1,0.07016674629274341,0,
31185,1,15,1.0,1,0.161431690923866,0,
32001,2,2,1.0,1,0.5228375138358027,1,
32005,1,9,1.0,1,0.34501577351261253,0,
32007,1,14,1.0,1,0.08154251419989328,0,
32013,1,7,1.0,1,0.06026012861233303,0,
32017,1,5,1.0,1,0.0015154545195425698,0,
32019,3,9,1.0,1,0.7128032572166098,1,
32021,3,5,1.0,1,0.207374560157484,0,
32033,2,7,1.0,1,0.06682351708100719,0,
33005,1,27,1.0,1,0.0555583244502694,0,
33007,2,16,1.0,1,0.05160766299951544,0,
33009,1,37,1.0,1,0.04289918901100023,0,
33011,1,34,1.0,1,0.13602897805783745,0,
33013,1,31,1.0,1,0.06260374336666369,0,
33015,1,37,1.0,1,0.06254325109718743,0,
34009,1,15,1.0,1,0.6232886748934101,1,
34011,1,22,1.0,1,0.42392930944221047,0,
34015,1,30,1.0,1,0.5074001386887586,1,
34019,1,26,1.0,1,0.060601593897274826,0,
34021,1,25,1.0,1,0.7796305157126692,1,
34027,1,56,1.0,1,0.10466701308942848,0,
34031,2,33,1.0,1,0.8633913893423022,1,
34033,2,14,1.0,1,0.5987085256543881,1,
34035,1,32,1.0,1,0.19949101692073756,0,
34037,1,21,1.0,1,0.06774011587575383,0,
34041,1,19,1.0,1,0.10806164944982942,0,
35005,4,9,1.0,1,0.7040008889386674,1,
35007,4,9,1.0,1,0.15147985710946332,0,
35009,1,7,1.0,1,0.6385322154359631,1,
35015,3,8,1.0,1,0.17734546889878966,0,
35017,4,16,1.0,1,0.0461777432443959,0,
35019,2,5,1.0,1,0.000606004306426772,0,
35025,3,7,1.0,1,0.7313443641664037,1,
35029,4,3,1.0,1,0.3938525910301428,0,
35035,4,18,1.0,1,0.788922305295929,1,
35037,4,10,1.0,1,0.22727984016049918,0,
35039,1,37,1.0,1,0.47787294618743276,0,
35041,4,9,1.0,1,0.3960054095199095,0,
35043,1,21,1.0,1,0.5584440111017993,1,
35049,2,15,1.0,1,0.47077199328165775,0,
35051,4,10,1.0,1,0.7086916849468131,1,
35053,4,14,1.0,1,0.770432597260739,1,
35055,4,21,1.0,1,0.10090356225535109,0,
35061,4,8,1.0,1,0.7279220550494857,1,
36001,2,46,1.0,1,0.5161122255713219,1,
36003,3,37,1.0,1,0.047057343392049346,0,
36007,3,31,1.0,1,0.3635318681172607,0,
36009,1,36,1.0,1,0.11072700115339018,0,
36011,1,26,1.0,1,0.02320478372250892,0,
36013,3,36,1.0,1,0.3695092211182235,0,
36015,2,22,1.0,1,0.22046796852457426,0,
36021,2,36,1.0,1,0.311252784499671,0,
36023,3,17,1.0,1,0.12223545710591446,0,
36027,1,35,1.0,1,0.34144931477383134,0,
36031,2,34,1.0,1,0.039784088086564945,0,
36033,3,23,1.0,1,0.031109686885226712,0,
36037,2,18,1.0,1,0.12978074069534293,0,
36039,2,42,1.0,1,0.08632847731988896,0,
36041,2,13,1.0,1,0.021350913856987154,0,
36043,3,28,1.0,1,0.06512941310343301,0,
36045,3,39,1.0,1,0.24452856003153084,0,
36053,1,31,1.0,1,0.12305595152114676,0,
36055,1,50,1.0,1,0.737438852053288,1,
36057,3,20,1.0,1,0.47201809388277827,0,
36063,1,22,1.0,1,0.6976216630276202,1,
36065,2,54,1.0,1,0.44146686489592135,0,
36071,1,51,1.0,1,0.234278746136339,0,
36073,3,15,1.0,1,0.3893807318244255,0,
36075,3,27,1.0,1,0.18461754161374808,0,
36077,3,43,1.0,1,0.05747709073111004,0,
36083,2,29,1.0,1,0.19212441815450393,0,
36089,3,49,1.0,1,0.07123042721492698,0,
36091,1,27,1.0,1,0.0776718402138992,0,
36093,1,19,1.0,1,0.3405988925638094,0,
36099,2,14,1.0,1,0.38052939813407843,0,
36101,3,39,1.0,1,0.09429228231968527,0,
36105,2,62,1.0,1,0.13276132037258362,0,
36107,2,15,1.0,1,0.06167347976637683,0,
36109,1,17,1.0,1,0.721964457587861,1,
36111,2,63,1.0,1,0.22959951190488617,0,
36115,2,27,1.0,1,0.12445789587730698,0,
36117,2,20,1.0,1,0.19210487329467718,0,
37001,3,12,1.0,1,0.4243400519360004,0,
37003,2,8,1.0,1,0.15180630387417263,0,
37007,4,8,1.0,1,0.1087027142854857,0,
37013,4,15,1.0,1,0.144163291242627,0,
37015,4,10,1.0,1,0.08699435357998063,0,
37017,4,18,1.0,1,0.19829723647203448,0,
37019,2,14,1.0,1,0.13732724679898828,0,
37021,2,19,1.0,1,0.11779398581389923,0,
37023,4,16,1.0,1,0.24236157633750613,0,
37025,2,16,1.0,1,0.4400462518190172,0,
37027,3,10,1.0,1,0.2381837801326565,0,
37031,2,19,1.0,1,0.119962390598364,0,
37035,2,14,1.0,1,0.3220779394149192,0,
37037,1,18,1.0,1,0.07302519981247546,0,
37039,3,4,1.0,1,0.0532283716875953,0,
37041,3,4,1.0,1,0.1271972155088164,0,
37043,3,5,1.0,1,0.03616702208489451,0,
37045,1,13,1.0,1,0.6169255905450675,1,
37047,4,16,1.0,1,0.17866870422031697,0,
37049,2,11,1.0,1,0.18735841390687352,0,
37051,1,24,1.0,1,0.27135092497780733,0,
37053,1,15,1.0,1,0.04276984334991209,0,
37055,1,14,1.0,1,0.17401050968838,0,
37057,3,12,1.0,1,0.358016441028063,0,
37059,2,6,1.0,1,0.14053982094693,0,
37061,4,19,1.0,1,0.2842571520240044,0,
37063,2,16,1.0,1,0.3689072995887281,0,
37065,4,15,1.0,1,0.5075998273998757,1,
37067,1,22,1.0,1,0.5101260601344196,1,
37069,3,13,1.0,1,0.1349297294351145,0,
37071,3,18,1.0,1,0.5125890303070737,1,
37077,3,12,1.0,1,0.07513698559362937,0,
37079,4,11,1.0,1,0.2544341903967474,0,
37083,4,9,1.0,1,0.3682728238134071,0,
37085,3,16,1.0,1,0.18267611018904564,0,
37089,2,15,1.0,1,0.15333770925240808,0,
37091,4,9,1.0,1,0.3372626372003714,0,
37093,3,9,1.0,1,0.4869923519104264,0,
37101,2,21,1.0,1,0.17303678089691438,0,
37105,3,4,1.0,1,0.25040346851298223,0,
37107,4,10,1.0,1,0.5882032415068627,1,
37109,2,11,1.0,1,0.29183779654056685,0,
37111,3,9,1.0,1,0.08463363353430921,0,
37125,2,18,1.0,1,0.18277032447201694,0,
37127,3,15,1.0,1,0.2875875921613247,0,
37129,3,10,1.0,1,0.3007342664712365,0,
37131,4,12,1.0,1,0.1467089730129499,0,
37133,3,16,1.0,1,0.31989609728803897,0,
37135,2,14,1.0,1,0.08233207363177783,0,
37141,3,13,1.0,1,0.09530175250482309,0,
37147,4,17,1.0,1,0.2954773905579383,0,
37151,3,24,1.0,1,0.2670825398407475,0,
37153,4,11,1.0,1,0.6559131485770099,1,
37157,3,11,1.0,1,0.23444935264676703,0,
37159,3,19,1.0,1,0.4456314643793691,0,
37161,1,16,1.0,1,0.13297345267671823,0,
37163,4,17,1.0,1,0.4524335904034241,0,
37165,4,7,1.0,1,0.7116179266051313,1,
37169,2,16,1.0,1,0.12448357981514727,0,
37171,4,12,1.0,1,0.23703222125350523,0,
37175,3,10,1.0,1,0.08369717217064163,0,
37179,1,12,1.0,1,0.26222601254671296,0,
37181,4,8,1.0,1,0.617799130337418,1,
37185,4,8,1.0,1,0.11300062653599038,0,
37187,4,4,1.0,1,0.10063545409143859,0,
37189,4,10,1.0,1,0.10986551439798646,0,
37191,1,14,1.0,1,0.2515457675016317,0,
37193,4,23,1.0,1,0.1299873272373746,0,
37195,4,17,1.0,1,0.5851236742866802,1,
38015,1,12,1.0,1,0.10595793559964767,0,
38027,2,7,1.0,1,0.12339792890459345,0,
38035,1,22,1.0,1,0.27373803657838,0,
38037,2,13,1.0,1,0.07603819512235513,0,
38067,1,13,1.0,1,0.08818739562947919,0,
38073,1,11,1.0,1,0.057215963108610955,0,
38085,4,9,1.0,1,0.21648218046791168,0,
38099,2,16,1.0,1,0.1339023680242002,0,
38101,1,24,1.0,1,0.0222181045821176,0,
39001,4,11,1.0,1,0.27648874738062174,0,
39007,4,19,1.0,1,0.639380438930719,1,
39009,4,18,1.0,1,0.19397765182137072,0,
39013,2,27,1.0,1,0.2294001858066909,0,
39017,2,17,1.0,1,0.5952304267829627,1,
39019,2,20,1.0,1,0.14043879384328176,0,
39023,3,22,1.0,1,0.8016996122732157,1,
39025,1,23,1.0,1,0.40011233427751575,0,
39037,2,25,1.0,1,0.4007451352304442,0,
39041,1,24,1.0,1,0.1862766596173812,0,
39045,1,19,1.0,1,0.1599239087062152,0,
39055,1,20,1.0,1,0.1707450491228863,0,
39059,3,20,1.0,1,0.26097900523275075,0,
39063,1,24,1.0,1,0.20442909317156185,0,
39065,3,15,1.0,1,0.41414574130357906,0,
39071,4,15,1.0,1,0.41676373720770493,0,
39073,3,16,1.0,1,0.07252537754100556,0,
39075,1,18,1.0,1,0.04841194090431908,0,
39077,2,14,1.0,1,0.30834057453402597,0,
39079,4,11,1.0,1,0.25453176983959247,0,
39081,3,23,1.0,1,0.5933098401974893,1,
39085,1,11,1.0,1,0.5914000415720893,1,
39087,3,14,1.0,1,0.44349597362445076,0,
39089,2,28,1.0,1,0.19138822257782628,0,
39091,2,18,1.0,1,0.3167373857489799,0,
39093,2,24,1.0,1,0.6074067151921014,1,
39099,2,36,1.0,1,0.6564907450411922,1,
39101,3,14,1.0,1,0.42309054473967317,0,
39103,1,24,1.0,1,0.159657896024535,0,
39107,1,18,1.0,1,0.2826541658456141,0,
39111,3,15,1.0,1,0.055469987534290395,0,
39117,2,16,1.0,1,0.15030336259510446,0,
39119,3,22,1.0,1,0.2902800218710118,0,
39121,2,15,1.0,1,0.055804592755446844,0,
39123,2,18,1.0,1,0.7112857487043559,1,
39125,1,15,1.0,1,0.359891420327345,0,
39127,3,17,1.0,1,0.05330647400874006,0,
39129,2,17,1.0,1,0.12659854094847295,0,
39131,4,11,1.0,1,0.36278190956109935,0,
39133,1,24,1.0,1,0.7643489268816641,1,
39135,1,16,1.0,1,0.24785394461606777,0,
39137,1,17,1.0,1,0.30280524874816994,0,
39139,1,19,1.0,1,0.043515033041483166,0,
39141,3,16,1.0,1,0.20555527364198287,0,
39143,2,17,1.0,1,0.5737345834669695,1,
39145,4,20,1.0,1,0.5497281269979629,1,
39147,2,20,1.0,1,0.3242665334998507,0,
39151,1,42,1.0,1,0.428929388155071,0,
39155,3,30,1.0,1,0.6764920782907488,1,
39159,1,20,1.0,1,0.2467718272564156,0,
39165,1,24,1.0,1,0.2864144024579849,0,
39167,3,20,1.0,1,0.14352296901343298,0,
39169,2,25,1.0,1,0.30054545800721066,0,
39171,1,12,1.0,1,0.3830800923428924,0,
39173,2,32,1.0,1,0.5151822406904689,1,
40001,4,8,1.0,1,0.36798634768842,0,
40003,1,13,1.0,1,0.18131646324970316,0,
40009,3,6,1.0,1,0.33862951398848645,0,
40011,3,13,1.0,1,0.29471123637272595,0,
40013,4,14,1.0,1,0.7729357235832016,1,
40015,4,16,1.0,1,0.6908420960571237,1,
40017,1,13,1.0,1,0.6428484652031292,1,
40019,3,13,1.0,1,0.7961197265762914,1,
40021,4,16,1.0,1,0.5624919872799099,1,
40023,4,12,1.0,1,0.4469977962169719,0,
40025,3,4,1.0,1,0.28587739471992385,0,
40035,4,10,1.0,1,0.6098793798581311,1,
40037,3,21,1.0,1,0.38809869301323724,0,
40039,4,13,1.0,1,0.7165426643811943,1,
40041,4,13,1.0,1,0.49866304054751437,0,
40043,3,12,1.0,1,0.22496792137802926,0,
40045,3,7,1.0,1,0.17768071917550673,0,
40047,1,22,1.0,1,0.1682169489480379,0,
40049,3,13,1.0,1,0.5779034240226223,1,
40051,2,14,1.0,1,0.5791802137288736,1,
40053,1,10,1.0,1,0.0839865960441157,0,
40055,4,4,1.0,1,0.08924573450856743,0,
40059,2,7,1.0,1,0.24062850705060623,0,
40063,4,10,1.0,1,0.24458593249254126,0,
40065,3,9,1.0,1,0.841541641586422,1,
40067,4,8,1.0,1,0.5190840488256255,1,
40069,4,13,1.0,1,0.41717874359084417,0,
40071,4,10,1.0,1,0.6444369638904444,1,
40073,2,12,1.0,1,0.41606360613174803,0,
40075,4,9,1.0,1,0.7459501867680401,1,
40077,4,7,1.0,1,0.15671514155433855,0,
40079,4,23,1.0,1,0.3527793802924622,0,
40081,3,16,1.0,1,0.2556844173710252,0,
40083,2,15,1.0,1,0.4321099123759767,0,
40085,3,8,1.0,1,0.671462605082641,1,
40089,4,15,1.0,1,0.6159865998170749,1,
40091,4,11,1.0,1,0.4497287767201131,0,
40095,4,3,1.0,1,0.8036623224719814,1,
40097,4,17,1.0,1,0.6966635294231879,1,
40099,3,7,1.0,1,0.7043826003068241,1,
40101,4,15,1.0,1,0.87222231756549,1,
40105,3,7,1.0,1,0.399645933554643,0,
40107,4,11,1.0,1,0.20508131489177278,0,
40111,4,11,1.0,1,0.6073478838262303,1,
40113,3,22,1.0,1,0.7435867702127409,1,
40115,4,9,1.0,1,0.7940390013879597,1,
40117,3,12,1.0,1,0.42606098746398763,0,
40119,1,14,1.0,1,0.7609182972595702,1,
40121,3,19,1.0,1,0.45011592985813387,0,
40123,3,10,1.0,1,0.659896410521117,1,
40127,4,16,1.0,1,0.1802086532900996,0,
40131,1,12,1.0,1,0.5489667093950197,1,
40133,4,10,1.0,1,0.48974361441440867,0,
40135,4,9,1.0,1,0.4733658904306861,0,
40137,3,10,1.0,1,0.7408793572584919,1,
40139,4,9,1.0,1,0.3256246798074513,0,
40141,4,8,1.0,1,0.7639375975972656,1,
40145,2,15,1.0,1,0.5301609137055386,1,
40147,1,12,1.0,1,0.5813911078633776,1,
40149,3,18,1.0,1,0.5041138851034558,1,
40153,2,11,1.0,1,0.22887926464205743,0,
41001,3,12,1.0,1,0.054905728939387013,0,
41003,1,10,1.0,1,0.7100391403409131,1,
41005,1,37,1.0,1,0.3156240323467873,0,
41009,2,9,1.0,1,0.1319278820330998,0,
41011,3,10,1.0,1,0.23933172928591176,0,
41013,2,6,1.0,1,0.11773041279222722,0,
41015,2,7,1.0,1,0.10549547154434642,0,
41017,1,7,1.0,1,0.22745011853614125,0,
41019,3,28,1.0,1,0.2759153708938069,0,
41023,3,11,1.0,1,0.1148989293004769,0,
41027,2,3,1.0,1,0.2617299801034289,0,
41029,3,18,1.0,1,0.7547322331031054,1,
41031,3,8,1.0,1,0.30436401273353675,0,
41033,4,11,1.0,1,0.7542805322224791,1,
41035,4,17,1.0,1,0.6432447815388265,1,
41039,3,39,1.0,1,0.33126802419121854,0,
41041,3,18,1.0,1,0.21730997403228858,0,
41043,2,20,1.0,1,0.38352288376055166,0,
41047,3,26,1.0,1,0.7551330930951765,1,
41049,3,7,1.0,1,0.7601611738100164,1,
41053,2,11,1.0,1,0.17294296065543674,0,
41059,3,14,1.0,1,0.5923740135439419,1,
41061,3,8,1.0,1,0.10415954400872565,0,
41065,3,8,1.0,1,0.35585531395033515,0,
41067,1,30,1.0,1,0.19672657210394698,0,
42001,1,17,1.0,1,0.14637147252963165,0,
42005,2,36,1.0,1,0.2862959384545206,0,
42009,2,28,1.0,1,0.05466913574449006,0,
42011,1,62,1.0,1,0.4549689046850981,0,
42013,3,19,1.0,1,0.19546021426684335,0,
42015,2,27,1.0,1,0.10422435482436683,0,
42021,1,51,1.0,1,0.027838657646260544,0,
42025,2,20,1.0,1,0.13133086010518316,0,
42027,2,33,1.0,1,0.0694516890271727,0,
42033,3,51,1.0,1,0.08579042935862548,0,
42037,2,19,1.0,1,0.08017317120615729,0,
42039,3,27,1.0,1,0.14322078758064763,0,
42041,1,21,1.0,1,0.1094460853255306,0,
42043,2,30,1.0,1,0.2096227247836695,0,
42047,2,14,1.0,1,0.03605574606206549,0,
42051,3,62,1.0,1,0.3423155504065224,0,
42053,4,11,1.0,1,0.02412723009568636,0,
42055,1,30,1.0,1,0.06087563642690141,0,
42059,2,26,1.0,1,0.06670575245761058,0,
42061,2,33,1.0,1,0.03230121874664387,0,
42065,3,30,1.0,1,0.18780904690686934,0,
42069,2,28,1.0,1,0.4244622230348816,0,
42073,2,22,1.0,1,0.37096816597472204,0,
42075,2,19,1.0,1,0.2914243947971498,0,
42079,3,50,1.0,1,0.3003277594741596,0,
42081,2,25,1.0,1,0.07089114729883776,0,
42085,2,28,1.0,1,0.2883097430077935,0,
42087,3,13,1.0,1,0.1330116846479521,0,
42089,2,35,1.0,1,0.2765815100338744,0,
42095,1,26,1.0,1,0.3717621426375999,0,
42097,2,28,1.0,1,0.12516895132573774,0,
42099,2,16,1.0,1,0.04151872679220699,0,
42107,2,59,1.0,1,0.10668143558393814,0,
42109,2,15,1.0,1,0.07805789923887953,0,
42111,2,40,1.0,1,0.10263066573795272,0,
42115,2,29,1.0,1,0.07046804126148398,0,
42119,1,14,1.0,1,0.05044434918879882,0,
42123,2,19,1.0,1,0.054872416660317565,0,
42125,1,64,1.0,1,0.2583159973562314,0,
42127,2,30,1.0,1,0.053141270247163794,0,
42129,1,86,1.0,1,0.2884837083866133,0,
44003,1,9,1.0,1,0.7360561050636448,1,
44005,1,8,1.0,1,0.6265185256423356,1,
44009,1,20,1.0,1,0.392047724629493,0,
45001,4,13,1.0,1,0.21406283956665867,0,
45005,4,6,1.0,1,0.25197868291926767,0,
45009,4,8,1.0,1,0.25164561355018283,0,
45011,4,7,1.0,1,0.3146464393743514,0,
45013,1,16,1.0,1,0.1203322469786161,0,
45015,2,17,1.0,1,0.21670254189564694,0,
45017,4,7,1.0,1,0.20471734458596136,0,
45021,4,8,1.0,1,0.6340068888137405,1,
45023,4,10,1.0,1,0.5855928627271478,1,
45025,4,11,1.0,1,0.45095614792583,0,
45027,4,11,1.0,1,0.2852810113373273,0,
45029,4,14,1.0,1,0.3443164347449257,0,
45031,4,10,1.0,1,0.4030642210520482,0,
45033,4,11,1.0,1,0.6392202111216236,1,
45035,2,15,1.0,1,0.20826646749714217,0,
45037,3,10,1.0,1,0.0896516359425443,0,
45039,4,9,1.0,1,0.12153779774452406,0,
45041,3,12,1.0,1,0.5027855266108774,1,
45043,3,5,1.0,1,0.20186834851611005,0,
45047,4,9,1.0,1,0.4245875403126117,0,
45049,4,13,1.0,1,0.2786842209769773,0,
45051,3,16,1.0,1,0.5838142997836675,1,
45055,3,13,1.0,1,0.2390074250098166,0,
45057,3,5,1.0,1,0.5602113127957915,1,
45059,4,16,1.0,1,0.33430448982051414,0,
45067,4,7,1.0,1,0.546213397694521,1,
45069,4,8,1.0,1,0.4587763335946902,0,
45073,3,13,1.0,1,0.43923062683331004,0,
45077,3,15,1.0,1,0.3669341904859043,0,
45081,4,12,1.0,1,0.22804009339198936,0,
45085,4,15,1.0,1,0.575628481689438,1,
45087,4,9,1.0,1,0.285948511611242,0,
45089,4,12,1.0,1,0.2738954130398025,0,
45091,1,15,1.0,1,0.6780932026668843,1,
46009,2,7,1.0,1,0.06708731820116116,0,
46013,1,20,1.0,1,0.06919061392085109,0,
46029,2,10,1.0,1,0.15827773629217382,0,
46031,4,15,1.0,1,0.13074333401143964,0,
46033,3,9,1.0,1,0.07463000142088184,0,
46035,2,6,1.0,1,0.12554135464452357,0,
46037,2,11,1.0,1,0.052043841107724774,0,
46059,1,8,1.0,1,0.07801640986665179,0,
46065,1,3,1.0,1,0.11627628008382557,0,
46067,2,13,1.0,1,0.1432904075081455,0,
46077,1,9,1.0,1,0.07875163734923153,0,
46083,1,12,1.0,1,0.18400664574982636,0,
46091,1,10,1.0,1,0.10753754445386841,0,
46093,2,18,1.0,1,0.11507254485467817,0,
46099,1,23,1.0,1,0.13685937049939795,0,
46103,2,20,1.0,1,0.13325404404456964,0,
46109,4,16,1.0,1,0.13632914807224916,0,
46121,4,9,1.0,1,0.38428436122551524,0,
46129,1,7,1.0,1,0.06283322696550668,0,
46135,2,10,1.0,1,0.16866900893469566,0,
47001,3,11,1.0,1,0.4877222071106793,0,
47003,3,13,1.0,1,0.761788695336691,1,
47005,4,7,1.0,1,0.40680215167020406,0,
47009,2,13,1.0,1,0.6115205520788942,1,
47011,3,8,1.0,1,0.4485326726798305,0,
47013,4,11,1.0,1,0.5015643336062254,1,
47017,4,14,1.0,1,0.21902700642755918,0,
47019,4,8,1.0,1,0.6041632753377926,1,
47021,2,12,1.0,1,0.15745341661311224,0,
47025,1,10,1.0,1,0.4510352807831551,0,
47027,4,7,1.0,1,0.45674612657499375,0,
47031,3,9,1.0,1,0.5724765068358166,1,
47033,4,8,1.0,1,0.6423275432976412,1,
47035,3,11,1.0,1,0.47130745055579104,0,
47043,2,11,1.0,1,0.12819657523362119,0,
47045,4,11,1.0,1,0.6938585652407134,1,
47049,4,9,1.0,1,0.46831819368311167,0,
47053,4,11,1.0,1,0.47069685736695177,0,
47055,3,17,1.0,1,0.5989616176907907,1,
47059,4,10,1.0,1,0.4009109727347818,0,
47063,4,7,1.0,1,0.7590798678989565,1,
47067,4,5,1.0,1,0.34374382026293127,0,
47069,4,12,1.0,1,0.24734362185641365,0,
47071,4,13,1.0,1,0.4625189100941069,0,
47073,4,12,1.0,1,0.45788752105563,0,
47075,4,6,1.0,1,0.44050159162453345,0,
47077,4,14,1.0,1,0.26337564566236754,0,
47079,4,9,1.0,1,0.3116389618824508,0,
47085,3,4,1.0,1,0.07486806153869055,0,
47089,3,10,1.0,1,0.4815496103789353,0,
47097,4,4,1.0,1,0.25176545549192536,0,
47099,4,11,1.0,1,0.28066311363679697,0,
47101,4,7,1.0,1,0.17484056117719843,0,
47107,4,12,1.0,1,0.7716871438727253,1,
47109,4,15,1.0,1,0.40816900871719475,0,
47111,4,8,1.0,1,0.4820667273749356,0,
47117,3,12,1.0,1,0.6648324754049943,1,
47119,1,10,1.0,1,0.6438657133642272,1,
47121,3,6,1.0,1,0.2694310035782044,0,
47123,4,9,1.0,1,0.7152400012156331,1,
47125,3,15,1.0,1,0.3453735327033696,0,
47129,4,12,1.0,1,0.36325677224148245,0,
47131,4,12,1.0,1,0.5748939519659606,1,
47135,4,4,1.0,1,0.15634625361591978,0,
47139,3,12,1.0,1,0.13004347570525873,0,
47141,1,10,1.0,1,0.77443623932356,1,
47145,2,10,1.0,1,0.49735452107173994,0,
47147,2,12,1.0,1,0.44049898558890926,0,
47149,1,20,1.0,1,0.7258606633882189,1,
47155,3,10,1.0,1,0.26619576428290387,0,
47159,3,15,1.0,1,0.23556830395683676,0,
47163,3,12,1.0,1,0.6489750273575466,1,
47165,1,10,1.0,1,0.35684427232689225,0,
47167,2,10,1.0,1,0.25371778976652953,0,
47175,4,7,1.0,1,0.39368067282275865,0,
47177,4,6,1.0,1,0.7711633035100856,1,
47179,1,13,1.0,1,0.7320950251967998,1,
47181,4,10,1.0,1,0.16844924449807255,0,
47183,4,12,1.0,1,0.3726485306457696,0,
47185,4,5,1.0,1,0.5360592047749215,1,
47187,1,16,1.0,1,0.11300875005837446,0,
47189,1,12,1.0,1,0.4989764771008271,0,
48001,3,10,1.0,1,0.424553184244854,0,
48003,2,1,1.0,1,0.4029182207277923,0,
48005,4,6,1.0,1,0.380284969264837,0,
48007,4,5,1.0,1,0.656527019382408,1,
48009,2,10,1.0,1,0.34905485761093386,0,
48013,3,15,1.0,1,0.6801748037615997,1,
48015,2,13,1.0,1,0.4219272131502746,0,
48017,1,6,1.0,1,0.0914819038535181,0,
48019,2,7,1.0,1,0.34071953583216535,0,
48021,2,15,1.0,1,0.3870172648343275,0,
48023,2,2,1.0,1,0.03719406338686336,0,
48025,4,11,1.0,1,0.332597811504933,0,
48031,1,8,1.0,1,0.22105488518924005,0,
48035,3,11,1.0,1,0.20715646059754697,0,
48037,3,10,1.0,1,0.359839286948813,0,
48043,3,4,1.0,1,0.04238333534163712,0,
48047,4,2,1.0,1,0.40926997103463875,0,
48049,3,10,1.0,1,0.17477699691358883,0,
48051,2,5,1.0,1,0.4113846997365934,0,
48053,2,13,1.0,1,0.30798261246505576,0,
48055,3,14,1.0,1,0.4236265651149447,0,
48057,3,6,1.0,1,0.40395999164226665,0,
48063,3,2,1.0,1,0.5973732924216499,1,
48067,4,14,1.0,1,0.18569160637644314,0,
48071,2,11,1.0,1,0.6413838490682751,1,
48073,4,12,1.0,1,0.7172119653145341,1,
48075,4,4,1.0,1,0.11299507772283864,0,
48077,2,9,1.0,1,0.27267779795332553,0,
48081,3,4,1.0,1,0.07223363375752095,0,
48083,2,15,1.0,1,0.10687343261962971,0,
48087,4,5,1.0,1,0.19681601586323982,0,
48089,2,18,1.0,1,0.24082559763957373,0,
48091,1,14,1.0,1,0.41039380634006273,0,
48093,2,14,1.0,1,0.08654091420301308,0,
48097,2,14,1.0,1,0.5107103184385463,1,
48099,1,17,1.0,1,0.008825284314820688,0,
48101,4,3,1.0,1,0.15900563050850752,0,
48109,4,2,1.0,1,0.17416093525609788,0,
48117,4,6,1.0,1,0.2846679751447899,0,
48119,3,7,1.0,1,0.26007625075504837,0,
48123,3,9,1.0,1,0.24482438944557727,0,
48125,4,7,1.0,1,0.10685393241070339,0,
48127,4,6,1.0,1,0.5094444412904279,1,
48131,4,8,1.0,1,0.21165458399843498,0,
48133,4,9,1.0,1,0.25368626716589376,0,
48135,2,8,1.0,1,0.9569332704489284,1,
48139,1,20,1.0,1,0.5232904021966867,1,
48143,1,13,1.0,1,0.6995076748807204,1,
48145,3,17,1.0,1,0.4910986241823001,0,
48147,2,19,1.0,1,0.29057791726519366,0,
48149,2,15,1.0,1,0.1749786867795603,0,
48151,3,9,1.0,1,0.36272722857331396,0,
48159,1,7,1.0,1,0.2684596970623725,0,
48161,4,9,1.0,1,0.786338424386278,1,
48169,4,4,1.0,1,0.20341966380431334,0,
48171,2,7,1.0,1,0.20051104345269938,0,
48177,3,14,1.0,1,0.10001671407901225,0,
48185,3,11,1.0,1,0.5222119270782468,1,
48193,3,10,1.0,1,0.14054670794718532,0,
48197,3,2,1.0,1,0.16175315234359233,0,
48199,2,12,1.0,1,0.23744556514735038,0,
48203,3,12,1.0,1,0.4230249179915629,0,
48207,4,11,1.0,1,0.3019224451888288,0,
48209,2,14,1.0,1,0.5468280649789586,1,
48217,2,19,1.0,1,0.5214290860909968,1,
48219,4,10,1.0,1,0.7445916931781488,1,
48221,1,8,1.0,1,0.6428123915675716,1,
48223,3,13,1.0,1,0.4734890602799196,0,
48225,4,7,1.0,1,0.5434781958927906,1,
48227,3,5,1.0,1,0.7240439793502164,1,
48233,3,7,1.0,1,0.8782354343234714,1,
48239,2,10,1.0,1,0.1114049291466797,0,
48241,4,9,1.0,1,0.27381085640923736,0,
48247,4,1,1.0,1,0.21445522400080774,0,
48249,4,8,1.0,1,0.3186137942922159,0,
48251,2,16,1.0,1,0.6812752910747031,1,
48255,3,8,1.0,1,0.5462100693319308,1,
48259,1,8,1.0,1,0.1573059102222186,0,
48261,4,2,1.0,1,0.5904922366488045,1,
48265,3,10,1.0,1,0.590613445234963,1,
48269,4,2,1.0,1,0.1432659414142802,0,
48273,4,4,1.0,1,0.626872483692166,1,
48275,4,6,1.0,1,0.18401523906522607,0,
48277,3,13,1.0,1,0.6105161637901185,1,
48281,2,6,1.0,1,0.19421819757374303,0,
48285,2,7,1.0,1,0.09681001715999894,0,
48287,2,9,1.0,1,0.17761888170493695,0,
48289,3,8,1.0,1,0.6742341572885163,1,
48291,3,14,1.0,1,0.5010497334449077,1,
48293,4,14,1.0,1,0.7186958298178778,1,
48299,1,10,1.0,1,0.34253899948947597,0,
48303,1,25,1.0,1,0.7838528219235257,1,
48307,3,6,1.0,1,0.10168187732889501,0,
48313,2,5,1.0,1,0.4285562273563273,0,
48315,4,7,1.0,1,0.13489643145961183,0,
48317,1,8,1.0,1,0.6834256429794157,1,
48321,1,12,1.0,1,0.3633080274980366,0,
48323,4,3,1.0,1,0.6937572261619135,1,
48329,1,9,1.0,1,0.8370131875926614,1,
48331,3,13,1.0,1,0.4077995789886362,0,
48335,2,3,1.0,1,0.09853283851228514,0,
48337,3,10,1.0,1,0.5745375743295943,1,
48341,2,6,1.0,1,0.4956060951094698,0,
48343,4,7,1.0,1,0.6004540531699416,1,
48347,1,10,1.0,1,0.7779657264598169,1,
48349,4,17,1.0,1,0.7358840658916777,1,
48353,3,9,1.0,1,0.48774958530262275,0,
48361,2,4,1.0,1,0.7367020585699753,1,
48363,4,12,1.0,1,0.415400796697829,0,
48365,3,13,1.0,1,0.303773578371293,0,
48367,1,18,1.0,1,0.4565588003347948,0,
48371,3,6,1.0,1,0.3149002822394631,0,
48373,3,9,1.0,1,0.20621023392765722,0,
48375,4,16,1.0,1,0.9218326116733678,1,
48377,4,4,1.0,1,0.45031363018694487,0,
48381,1,15,1.0,1,0.38908893045874743,0,
48387,4,9,1.0,1,0.27900787379033015,0,
48389,3,4,1.0,1,0.17604731015366334,0,
48391,3,5,1.0,1,0.06944018755043058,0,
48395,3,9,1.0,1,0.4594746991263596,0,
48397,1,9,1.0,1,0.3555722916458594,0,
48399,3,11,1.0,1,0.12606486172375456,0,
48401,3,16,1.0,1,0.49122043408429517,0,
48405,4,4,1.0,1,0.14965106480540766,0,
48407,4,8,1.0,1,0.5540835332727861,1,
48409,3,9,1.0,1,0.4394654096814497,0,
48411,3,7,1.0,1,0.04837518805341945,0,
48415,3,8,1.0,1,0.3701322212395861,0,
48419,4,7,1.0,1,0.2780777728130826,0,
48427,4,10,1.0,1,0.8216371680216725,1,
48429,4,8,1.0,1,0.21822674434578931,0,
48437,4,5,1.0,1,0.48457431342230456,0,
48441,1,17,1.0,1,0.7839911666081748,1,
48445,4,6,1.0,1,0.49580989468481323,0,
48449,4,6,1.0,1,0.7142383392782031,1,
48451,1,14,1.0,1,0.7872824678614543,1,
48455,4,7,1.0,1,0.5034758891970722,1,
48457,3,10,1.0,1,0.04191630815931168,0,
48459,3,12,1.0,1,0.5365570456722996,1,
48463,4,8,1.0,1,0.5595982705400087,1,
48465,4,5,1.0,1,0.4520754830663811,0,
48467,3,13,1.0,1,0.7269369021215816,1,
48469,3,12,1.0,1,0.6779861468129547,1,
48471,4,9,1.0,1,0.5237254218534135,1,
48473,2,11,1.0,1,0.7376256939535283,1,
48475,3,6,1.0,1,0.9181650171569778,1,
48477,2,7,1.0,1,0.5979366582016726,1,
48481,1,13,1.0,1,0.6019385062691842,1,
48487,4,6,1.0,1,0.5956867124458514,1,
48493,2,12,1.0,1,0.34130798487991976,0,
48495,3,2,1.0,1,0.6467096351918378,1,
48497,2,17,1.0,1,0.5492635443927516,1,
48499,3,12,1.0,1,0.452141906675332,0,
48501,2,4,1.0,1,0.06257253641305607,0,
48503,2,6,1.0,1,0.3104474176677192,0,
48505,4,5,1.0,1,0.6077808020413236,1,
48507,4,4,1.0,1,0.7336905780454094,1,
49003,2,20,1.0,1,0.5747024330935652,1,
49005,3,16,1.0,1,0.6136985598180851,1,
49011,1,13,1.0,1,0.703043363831445,1,
49019,1,2,1.0,1,0.06888977017171002,0,
49021,4,10,1.0,1,0.2768857567212152,0,
49037,3,12,1.0,1,0.37877762932159964,0,
49039,3,15,1.0,1,0.38174091118456305,0,
49041,3,12,1.0,1,0.5918388635985584,1,
49043,1,9,1.0,1,0.05412205696614809,0,
49057,1,9,1.0,1,0.8376732164626121,1,
50001,1,20,1.0,1,0.032714123656853986,0,
50005,2,22,1.0,1,0.0577985073928851,0,
50007,1,21,1.0,1,0.41645286226859257,0,
50013,1,5,1.0,1,0.05279473427516003,0,
50017,2,31,1.0,1,0.04442308274293125,0,
50019,2,24,1.0,1,0.060149707054372774,0,
50021,1,29,1.0,1,0.04948563094275886,0,
50023,1,26,1.0,1,0.03589071884146221,0,
50025,2,24,1.0,1,0.07764537697191234,0,
51003,2,24,1.0,1,0.07446621543313446,0,
51005,3,7,1.0,1,0.12633522808657024,0,
51007,1,5,1.0,1,0.03399352266546404,0,
51009,2,9,1.0,1,0.18369498477003715,0,
51013,1,11,1.0,1,0.22632705696190392,0,
51015,2,27,1.0,1,0.1024714707654426,0,
51019,1,18,1.0,1,0.06383181960692644,0,
51025,3,16,1.0,1,0.12806127806246578,0,
51027,4,16,1.0,1,0.28089030455290864,0,
51031,3,14,1.0,1,0.508249417347583,1,
51036,2,4,1.0,1,0.07770670164621088,0,
51037,4,14,1.0,1,0.018090575147291333,0,
51047,1,18,1.0,1,0.07726395757967962,0,
51051,4,12,1.0,1,0.2987336229380666,0,
51057,4,8,1.0,1,0.1384709204343642,0,
51061,1,24,1.0,1,0.03913368063845209,0,
51063,2,11,1.0,1,0.0362984042222899,0,
51069,1,12,1.0,1,0.08869145979236459,0,
51073,1,6,1.0,1,0.03882442906067271,0,
51075,1,15,1.0,1,0.0382771987061898,0,
51079,2,5,1.0,1,0.05987675072921952,0,
51081,4,4,1.0,1,0.20297926139021397,0,
51083,3,14,1.0,1,0.11550944896631496,0,
51085,1,12,1.0,1,0.04876729631448939,0,
51087,2,16,1.0,1,0.5507369773825966,1,
51093,1,8,1.0,1,0.07303230778732672,0,
51095,1,4,1.0,1,0.07667730187414826,0,
51103,2,6,1.0,1,0.08455374679482829,0,
51105,4,11,1.0,1,0.22408104121790826,0,
51107,1,21,1.0,1,0.14284263168645953,0,
51111,4,12,1.0,1,0.11299162726710688,0,
51113,2,21,1.0,1,0.014720674048159462,0,
51117,3,13,1.0,1,0.12471393293344417,0,
51119,1,12,1.0,1,0.06193615007118539,0,
51121,3,10,1.0,1,0.2717907709031152,0,
51127,1,6,1.0,1,0.02298487603769973,0,
51131,3,11,1.0,1,0.39190578133196935,0,
51133,2,7,1.0,1,0.14779524305910086,0,
51135,4,7,1.0,1,0.3355241597685201,0,
51139,3,6,1.0,1,0.09950455896438905,0,
51141,3,14,1.0,1,0.09074839179219667,0,
51143,4,20,1.0,1,0.368206967657453,0,
51145,1,5,1.0,1,0.8151882359325154,1,
51147,1,12,1.0,1,0.36471809158694873,0,
51149,3,7,1.0,1,0.4058497701394223,0,
51153,1,19,1.0,1,0.1856119288348094,0,
51159,3,5,1.0,1,0.15282527545025215,0,
51161,1,14,1.0,1,0.11331649935857799,0,
51171,2,14,1.0,1,0.09868628287574437,0,
51175,3,12,1.0,1,0.16077043764621243,0,
51177,1,13,1.0,1,0.08769832535348152,0,
51179,1,5,1.0,1,0.11566306564514302,0,
51185,1,18,1.0,1,0.34794499291195735,0,
51187,1,7,1.0,1,0.0871112161634876,0,
51191,2,10,1.0,1,0.07651766878076731,0,
51193,2,8,1.0,1,0.22962006227588216,0,
51199,1,9,1.0,1,0.07904842609513318,0,
51510,1,8,1.0,1,0.3951957742727608,0,
51520,4,2,1.0,1,0.7976417586679528,1,
51550,1,6,1.0,1,0.23046434632973892,0,
51570,2,1,1.0,1,0.28620262862328233,0,
51590,4,2,1.0,1,0.7260125656731156,1,
51595,4,1,1.0,1,0.2129408310195059,0,
51630,3,3,1.0,1,0.7599699094856509,1,
51650,2,9,1.0,1,0.7361654042285843,1,
51660,1,3,1.0,1,0.5572010646717912,1,
51678,3,1,1.0,1,0.10058846812635772,0,
51680,3,5,1.0,1,0.5809504622222869,1,
51683,1,1,1.0,1,0.41156699263081403,0,
51690,4,1,1.0,1,0.5897910495877844,1,
51700,3,8,1.0,1,0.5557170213712578,1,
51710,1,15,1.0,1,0.5578004193861511,1,
51730,3,2,1.0,1,0.7348426179074822,1,
51740,1,8,1.0,1,0.701002364180784,1,
51750,1,2,1.0,1,0.7881586850401202,1,
51770,3,10,1.0,1,0.8121058680524309,1,
51800,1,8,1.0,1,0.14404119856876316,0,
51840,3,1,1.0,1,0.6347833567558543,1,
53003,3,3,1.0,1,0.417106547754349,0,
53005,2,12,1.0,1,0.7617129561967467,1,
53007,2,14,1.0,1,0.16566418294207994,0,
53015,3,11,1.0,1,0.19575085864191216,0,
53017,2,13,1.0,1,0.38615678229697253,0,
53021,3,7,1.0,1,0.8037981207489181,1,
53023,3,2,1.0,1,0.15443177517785123,0,
53025,3,18,1.0,1,0.5505287410628849,1,
53029,1,8,1.0,1,0.32799016774415335,0,
53031,2,9,1.0,1,0.09132327458562597,0,
53035,1,20,1.0,1,0.11694182774881864,0,
53041,2,23,1.0,1,0.1508963838045199,0,
53045,2,15,1.0,1,0.20811663715083378,0,
53047,4,22,1.0,1,0.5831130108993784,1,
53057,1,17,1.0,1,0.11587925418646364,0,
53059,1,8,1.0,1,0.12132720012042517,0,
53067,1,14,1.0,1,0.2932527446231238,0,
53071,2,8,1.0,1,0.5017650552852798,1,
53073,2,18,1.0,1,0.2883332241633457,0,
53077,4,22,1.0,1,0.7655444411685102,1,
54003,2,11,1.0,1,0.46676388025094406,0,
54005,4,31,1.0,1,0.18534524006935493,0,
54009,2,8,1.0,1,0.7627851016355816,1,
54011,3,13,1.0,1,0.5209956645880599,1,
54029,3,5,1.0,1,0.8388426139875254,1,
54035,3,15,1.0,1,0.1557364481966187,0,
54037,1,9,1.0,1,0.3857137397305925,0,
54039,1,46,1.0,1,0.6580449262570626,1,
54041,4,11,1.0,1,0.4005934516935699,0,
54049,3,18,1.0,1,0.5510441594401997,1,
54053,3,19,1.0,1,0.31586098678765195,0,
54059,4,18,1.0,1,0.5006854881243602,1,
54061,3,16,1.0,1,0.4409664685196818,0,
54065,3,4,1.0,1,0.09828551967865609,0,
54067,3,25,1.0,1,0.13302580824228633,0,
54069,2,6,1.0,1,0.6484234474088679,1,
54079,2,17,1.0,1,0.27315576157473953,0,
54081,4,42,1.0,1,0.5029688824969729,1,
54083,4,22,1.0,1,0.021326544409610865,0,
54097,4,10,1.0,1,0.10586537388451957,0,
54099,4,17,1.0,1,0.6532930491269093,1,
54103,4,12,1.0,1,0.21677308539062817,0,
54107,3,13,1.0,1,0.672887867790448,1,
55001,2,14,1.0,1,0.19491156972940646,0,
55005,2,19,1.0,1,0.12461360384314749,0,
55007,2,15,1.0,1,0.05145136074533871,0,
55009,1,19,1.0,1,0.06349987135290282,0,
55015,1,14,1.0,1,0.23263095342143794,0,
55017,2,14,1.0,1,0.11483923866600364,0,
55021,1,20,1.0,1,0.14366127882046237,0,
55023,2,13,1.0,1,0.11354803950965789,0,
55027,1,31,1.0,1,0.18540660596784175,0,
55029,1,13,1.0,1,0.17235497500837235,0,
55031,2,12,1.0,1,0.07477713350502947,0,
55039,1,24,1.0,1,0.245985349161928,0,
55043,3,23,1.0,1,0.16192650188058064,0,
55045,1,12,1.0,1,0.1379521653993817,0,
55055,1,19,1.0,1,0.17742146056128175,0,
55057,3,14,1.0,1,0.16465718047860134,0,
55059,1,17,1.0,1,0.28826318599691364,0,
55061,1,6,1.0,1,0.18116690631528742,0,
55063,2,15,1.0,1,0.10581906710288935,0,
55065,2,14,1.0,1,0.14932658683808073,0,
55069,1,7,1.0,1,0.04702006737579482,0,
55071,1,19,1.0,1,0.28036057176428975,0,
55073,1,28,1.0,1,0.11035430001866085,0,
55075,3,16,1.0,1,0.11187179645801623,0,
55077,2,14,1.0,1,0.1572382602463325,0,
55078,4,4,1.0,1,0.1524714675926794,0,
55081,2,12,1.0,1,0.11815666029016995,0,
55083,1,19,1.0,1,0.1097635747342217,0,
55085,1,14,1.0,1,0.052412233708199384,0,
55087,1,24,1.0,1,0.24672689608131845,0,
55089,1,13,1.0,1,0.16575996586314634,0,
55095,1,20,1.0,1,0.09369858059592613,0,
55097,2,21,1.0,1,0.09342184483289646,0,
55099,2,14,1.0,1,0.02897199502363272,0,
55103,3,14,1.0,1,0.1738743646187728,0,
55105,2,19,1.0,1,0.4163605425106715,0,
55111,1,17,1.0,1,0.16913697952269893,0,
55115,2,25,1.0,1,0.1369150520217593,0,
55117,1,17,1.0,1,0.273298901705088,0,
55119,2,14,1.0,1,0.09600325940111701,0,
55121,1,14,1.0,1,0.08839267895806761,0,
55123,3,18,1.0,1,0.15000385915725387,0,
55125,2,12,1.0,1,0.05569578683725105,0,
55127,1,16,1.0,1,0.253560540198471,0,
55131,1,18,1.0,1,0.13236984777679936,0,
55133,1,30,1.0,1,0.1662315809721606,0,
55135,1,16,1.0,1,0.024195849630588604,0,
55137,2,17,1.0,1,0.1759681998809804,0,
55139,1,18,1.0,1,0.056563168211274474,0,
55141,2,15,1.0,1,0.1266259023632103,0,
56001,1,10,1.0,1,0.08157199094194388,0,
56003,2,15,1.0,1,0.013844635109328393,0,
56007,2,12,1.0,1,0.0712959894993761,0,
56009,1,4,1.0,1,0.04581989151846195,0,
56013,2,11,1.0,1,0.05601699503763117,0,
56017,3,3,1.0,1,0.07521602962028144,0,
56021,1,12,1.0,1,0.07004573298497548,0,
56025,1,11,1.0,1,0.09044254318658725,0,
56029,1,8,1.0,1,0.03541954964474682,0,
56031,2,5,1.0,1,0.06966114079496605,0,
56033,1,9,1.0,1,0.03849728452166911,0,
56035,1,6,1.0,1,0.02679597705817712,0,
01001,3,10,1.0,2,0.28570193752414047,0,
01003,2,23,1.0,2,0.22086695754940966,0,
01009,3,17,1.0,2,0.25704420883876367,0,
01011,4,7,1.0,2,0.2726581249060052,0,
01015,3,14,1.0,2,0.4424700696195736,0,
01017,4,10,1.0,2,0.4205625249546789,0,
01019,4,11,1.0,2,0.41271154986320324,0,
01021,3,14,1.0,2,0.31824629030018603,0,
01025,4,10,1.0,2,0.15322988750710975,0,
01031,3,16,1.0,2,0.31598582823738536,0,
01033,3,9,1.0,2,0.4494118308415025,0,
01035,4,13,1.0,2,0.1143468899296542,0,
01037,3,11,1.0,2,0.1410752177562477,0,
01039,4,13,1.0,2,0.23969156678202785,0,
01043,3,19,1.0,2,0.4125665057306828,0,
01045,3,14,1.0,2,0.4531956430204095,0,
01047,4,10,1.0,2,0.5660325125859221,1,
01051,2,13,1.0,2,0.17797613349269353,0,
01053,4,9,1.0,2,0.3041043717243899,0,
01055,3,14,1.0,2,0.5521715967081318,1,
01057,4,10,1.0,2,0.23511576182319865,0,
01059,4,10,1.0,2,0.2950948980512231,0,
01063,4,8,1.0,2,0.25963364068774814,0,
01065,4,9,1.0,2,0.29181083995894724,0,
01067,3,9,1.0,2,0.31971386859505957,0,
01069,4,14,1.0,2,0.6491187963182602,1,
01071,4,22,1.0,2,0.3927784208791563,0,
01075,4,9,1.0,2,0.20689426744004324,0,
01077,3,9,1.0,2,0.3780818475400219,0,
01079,3,10,1.0,2,0.3115031532598225,0,
01083,2,15,1.0,2,0.38458461334743843,0,
01085,4,8,1.0,2,0.28615353477220523,0,
01087,4,13,1.0,2,0.2791482397225327,0,
01089,1,25,1.0,2,0.2804296522998023,0,
01091,4,15,1.0,2,0.24188283550700668,0,
01093,4,12,1.0,2,0.28187026656335146,0,
01095,4,18,1.0,2,0.6927769052876851,1,
01099,4,17,1.0,2,0.17231740174088805,0,
01101,1,24,1.0,2,0.7644047383222796,1,
01103,3,16,1.0,2,0.5058144470431679,1,
01105,4,9,1.0,2,0.41928108558823046,0,
01107,4,8,1.0,2,0.17456465917491906,0,
01109,1,9,1.0,2,0.741070980051991,1,
01111,3,8,1.0,2,0.2535392777749247,0,
01113,3,12,1.0,2,0.5374885397467714,1,
01115,2,18,1.0,2,0.2300172654040736,0,
01119,4,11,1.0,2,0.2951575054485639,0,
01121,4,12,1.0,2,0.55024946572214,1,
01123,4,12,1.0,2,0.23192325092035262,0,
01125,1,27,1.0,2,0.44489638244974383,0,
01127,3,18,1.0,2,0.5708719723977598,1,
01129,4,16,1.0,2,0.18060275394135483,0,
01131,4,13,1.0,2,0.09516781456295303,0,
01133,4,11,1.0,2,0.23804908784543416,0,
04009,4,10,1.0,2,0.3502591078420646,0,
04023,4,9,1.0,2,0.5437952515916359,1,
05001,4,13,1.0,2,0.4367482548354287,0,
05003,4,7,1.0,2,0.41449108354484426,0,
05005,3,12,1.0,2,0.3104651651846856,0,
05009,3,9,1.0,2,0.15174131712620423,0,
05011,4,7,1.0,2,0.3719863998678531,0,
05015,3,9,1.0,2,0.11275174098357205,0,
05019,1,8,1.0,2,0.7063702179876644,1,
05021,4,13,1.0,2,0.22489933813813268,0,
05023,3,17,1.0,2,0.12229758619728931,0,
05025,4,7,1.0,2,0.1676170533989185,0,
05027,4,7,1.0,2,0.41421418361807355,0,
05029,4,15,1.0,2,0.475374805066132,0,
05031,1,16,1.0,2,0.21611792687886883,0,
05033,3,11,1.0,2,0.3381269611896065,0,
05035,4,11,1.0,2,0.8065024565495919,1,
05037,4,8,1.0,2,0.5379166870201963,1,
05039,4,6,1.0,2,0.2409017356408864,0,
05041,4,12,1.0,2,0.6545621607381424,1,
05043,4,9,1.0,2,0.22952802156402502,0,
05045,1,15,1.0,2,0.40042758298125275,0,
05047,4,13,1.0,2,0.22776021458217488,0,
05049,1,14,1.0,2,0.1759218754985033,0,
05051,3,10,1.0,2,0.3973496206654618,0,
05053,2,14,1.0,2,0.13862022571299018,0,
05055,4,9,1.0,2,0.17282632175959384,0,
05057,4,10,1.0,2,0.4427941361825587,0,
05059,4,12,1.0,2,0.49049865664700876,0,
05061,4,8,1.0,2,0.30296922092926165,0,
05063,4,20,1.0,2,0.19236322511486123,0,
05067,4,11,1.0,2,0.504103567545994,1,
05069,4,17,1.0,2,0.7302300645518898,1,
05071,4,12,1.0,2,0.19934490020310675,0,
05073,4,6,1.0,2,0.2681029342123167,0,
05075,4,14,1.0,2,0.26018323058080245,0,
05077,3,11,1.0,2,0.4664425734755081,0,
05079,4,8,1.0,2,0.3577572181513545,0,
05081,4,7,1.0,2,0.14678519210170649,0,
05083,4,12,1.0,2,0.17475310673999347,0,
05085,2,11,1.0,2,0.23533123035417783,0,
05087,3,13,1.0,2,0.0977661616410403,0,
05091,4,6,1.0,2,0.5708089951572054,1,
05093,4,15,1.0,2,0.7894095057201338,1,
05095,4,9,1.0,2,0.638849689593271,1,
05097,4,9,1.0,2,0.18394198814709262,0,
05099,4,10,1.0,2,0.15864372565437934,0,
05101,3,20,1.0,2,0.052238491110678804,0,
05103,4,8,1.0,2,0.5252875621673406,1,
05105,4,8,1.0,2,0.1147125598973644,0,
05107,4,12,1.0,2,0.7899492219354243,1,
05111,4,10,1.0,2,0.2587638702799051,0,
05113,4,7,1.0,2,0.3978738236646455,0,
05115,4,13,1.0,2,0.3805953329331166,0,
05117,3,11,1.0,2,0.21844255165329535,0,
05121,4,11,1.0,2,0.21349881849242697,0,
05123,4,13,1.0,2,0.7502969121436609,1,
05125,1,14,1.0,2,0.24513058847012198,0,
05127,4,10,1.0,2,0.28143767397827735,0,
05129,4,10,1.0,2,0.11885539012604368,0,
05133,4,7,1.0,2,0.36868027727943503,0,
05135,4,13,1.0,2,0.1852189770800807,0,
05139,4,10,1.0,2,0.44827045121790726,0,
05141,4,12,1.0,2,0.1296106348512225,0,
05145,4,17,1.0,2,0.4147237900867419,0,
05147,4,9,1.0,2,0.3920675671505618,0,
05149,4,13,1.0,2,0.3921928455872573,0,
06005,2,12,1.0,2,0.30729667685775686,0,
06007,4,18,1.0,2,0.7090139294522695,1,
06009,1,20,1.0,2,0.23300130482215142,0,
06011,3,9,1.0,2,0.5791857638792157,1,
06015,4,4,1.0,2,0.21989059332208985,0,
06017,1,23,1.0,2,0.2047418243578342,0,
06021,3,7,1.0,2,0.779285252855292,1,
06023,4,36,1.0,2,0.252128832430949,0,
06027,2,11,1.0,2,0.2401465954801897,0,
06031,4,12,1.0,2,0.811309123281344,1,
06033,3,15,1.0,2,0.7133358367762542,1,
06035,2,17,1.0,2,0.13715189603643171,0,
06041,1,29,1.0,2,0.16611464917038446,0,
06043,3,13,1.0,2,0.2194343728654078,0,
06045,3,29,1.0,2,0.09319058257215437,0,
06055,1,12,1.0,2,0.22254340881620513,0,
06057,2,12,1.0,2,0.21032894268551755,0,
06063,2,17,1.0,2,0.22518817019781623,0,
06069,2,7,1.0,2,0.39278345399062,0,
06079,2,26,1.0,2,0.15528556074263744,0,
06083,2,24,1.0,2,0.3730968148726066,0,
06087,2,17,1.0,2,0.22329243317851147,0,
06093,3,23,1.0,2,0.5172986876703414,1,
06097,1,37,1.0,2,0.15416164372862043,0,
06101,3,13,1.0,2,0.814050465877614,1,
06103,4,15,1.0,2,0.7276000337731245,1,
06109,1,16,1.0,2,0.3359829456464789,0,
06113,3,19,1.0,2,0.6282023106540302,1,
06115,3,17,1.0,2,0.6796922769821542,1,
08001,2,35,1.0,2,0.7147026680310127,1,
08005,1,33,1.0,2,0.6152155213598283,1,
08007,1,5,1.0,2,0.1577538843217816,0,
08009,4,8,1.0,2,0.28456034274826736,0,
08013,1,22,1.0,2,0.6036626005522945,1,
08014,1,6,1.0,2,0.39298889618567223,0,
08035,1,18,1.0,2,0.2654652937942047,0,
08037,1,13,1.0,2,0.18401094811978366,0,
08043,3,11,1.0,2,0.19553210277974595,0,
08045,1,8,1.0,2,0.14093940489274198,0,
08055,2,4,1.0,2,0.16502374393025993,0,
08059,1,33,1.0,2,0.35784000375456426,0,
08067,1,6,1.0,2,0.11875574627407984,0,
08069,1,24,1.0,2,0.42575441594530583,0,
08077,2,19,1.0,2,0.6494746894435319,1,
08081,2,5,1.0,2,0.12456613589191876,0,
08087,2,10,1.0,2,0.27336621000605366,0,
08099,3,6,1.0,2,0.1969355764825663,0,
08101,3,15,1.0,2,0.8241843633938023,1,
08107,1,9,1.0,2,0.12341676235241338,0,
08109,4,8,1.0,2,0.1566433806333688,0,
08113,1,7,1.0,2,0.1814401314287054,0,
08121,2,12,1.0,2,0.12637417288549407,0,
08123,1,41,1.0,2,0.5859349427248567,1,
09001,1,46,1.0,2,0.3696832741791732,0,
09003,1,58,1.0,2,0.7832755566116888,1,
09005,1,40,1.0,2,0.2033554172867978,0,
09007,1,24,1.0,2,0.2786053595333104,0,
09009,1,41,1.0,2,0.573101896486429,1,
09011,1,31,1.0,2,0.4863447314193231,0,
09015,1,31,1.0,2,0.3034940742560867,0,
10001,1,18,1.0,2,0.48516616468311846,0,
10005,2,24,1.0,2,0.4871813110086714,0,
12001,3,23,1.0,2,0.15114896409106515,0,
12003,2,5,1.0,2,0.07642182972387754,0,
12005,2,16,1.0,2,0.43930629815096306,0,
12015,2,17,1.0,2,0.44000306650796384,0,
12017,3,15,1.0,2,0.3554347508874115,0,
12019,2,12,1.0,2,0.1613122774209561,0,
12023,3,8,1.0,2,0.20049546908450366,0,
12033,1,18,1.0,2,0.19565775607835995,0,
12035,2,7,1.0,2,0.3367051993319484,0,
12039,4,7,1.0,2,0.4399331459556425,0,
12041,4,5,1.0,2,0.14207013195907775,0,
12043,4,5,1.0,2,0.3933603053905082,0,
12049,4,4,1.0,2,0.20884913602317254,0,
12051,4,6,1.0,2,0.542101302174138,1,
12053,3,12,1.0,2,0.6602570102313243,1,
12055,3,9,1.0,2,0.39821604959771056,0,
12059,4,4,1.0,2,0.14748855800911814,0,
12061,2,9,1.0,2,0.3254216607899783,0,
12063,1,14,1.0,2,0.2357370225261481,0,
12065,4,4,1.0,2,0.11904157259767612,0,
12073,3,10,1.0,2,0.16586420216670578,0,
12075,4,13,1.0,2,0.25693308009961185,0,
12079,4,5,1.0,2,0.2020194427342344,0,
12083,3,31,1.0,2,0.2971126727199126,0,
12085,1,12,1.0,2,0.31938583643126256,0,
12087,2,11,1.0,2,0.2326359450713673,0,
12089,1,6,1.0,2,0.12604405112194886,0,
12091,2,14,1.0,2,0.16663895178944416,0,
12097,3,17,1.0,2,0.6371220660171824,1,
12101,2,31,1.0,2,0.6130123563290731,1,
12107,4,17,1.0,2,0.40695593835895144,0,
12109,1,12,1.0,2,0.15903686390471267,0,
12111,2,17,1.0,2,0.4443778732018454,0,
12113,1,9,1.0,2,0.12302017895095471,0,
12117,2,17,1.0,2,0.3213959357537486,0,
12119,1,11,1.0,2,0.3973945926623189,0,
12121,3,9,1.0,2,0.1843118980274374,0,
12129,2,4,1.0,2,0.06722976187543397,0,
12131,2,12,1.0,2,0.1548023588700168,0,
12133,4,10,1.0,2,0.30452768769394717,0,
13001,4,7,1.0,2,0.6373905178375555,1,
13003,4,5,1.0,2,0.49658682213467137,0,
13005,4,3,1.0,2,0.5684970907756389,1,
13009,4,6,1.0,2,0.7461862105992694,1,
13013,2,8,1.0,2,0.18806018122471224,0,
13015,2,14,1.0,2,0.47272776350298296,0,
13017,4,4,1.0,2,0.505333549677086,1,
13019,4,6,1.0,2,0.35029490320629736,0,
13021,1,12,1.0,2,0.7450867438134725,1,
13023,4,6,1.0,2,0.44089142097943584,0,
13025,4,6,1.0,2,0.24937575039903676,0,
13031,1,11,1.0,2,0.4501770663911556,0,
13033,4,9,1.0,2,0.6213413401658489,1,
13035,4,5,1.0,2,0.6671726326406682,1,
13039,3,8,1.0,2,0.17078433087709938,0,
13043,4,4,1.0,2,0.6240197288701759,1,
13045,1,11,1.0,2,0.7099583581612657,1,
13055,4,6,1.0,2,0.3486346544406133,0,
13057,1,15,1.0,2,0.18360482496915784,0,
13059,1,9,1.0,2,0.7360767799608764,1,
13063,1,16,1.0,2,0.8332866287164101,1,
13069,4,10,1.0,2,0.5751140555693931,1,
13071,4,13,1.0,2,0.6064621801012539,1,
13073,1,7,1.0,2,0.14120541588887703,0,
13075,4,5,1.0,2,0.6142914862279281,1,
13077,1,10,1.0,2,0.31415367970551533,0,
13083,3,5,1.0,2,0.15624821056760435,0,
13085,1,5,1.0,2,0.152567305067276,0,
13087,4,8,1.0,2,0.6149664456445967,1,
13093,4,8,1.0,2,0.45835381781198103,0,
13095,4,6,1.0,2,0.7665712409255873,1,
13097,2,8,1.0,2,0.6460669796405055,1,
13101,3,6,1.0,2,0.22650243656872343,0,
13103,1,8,1.0,2,0.09855359227041656,0,
13107,4,13,1.0,2,0.5308426765354767,1,
13109,4,6,1.0,2,0.6465558603887159,1,
13111,3,8,1.0,2,0.1901952600382143,0,
13113,1,8,1.0,2,0.4059473908346598,0,
13115,4,13,1.0,2,0.5169287093926187,1,
13119,3,10,1.0,2,0.49401505585733574,0,
13127,3,8,1.0,2,0.29636042462642675,0,
13129,4,8,1.0,2,0.43468444207554413,0,
13137,3,7,1.0,2,0.5506884197184563,1,
13139,2,19,1.0,2,0.44143251692859686,0,
13149,3,6,1.0,2,0.21976022239370258,0,
13151,2,11,1.0,2,0.4856949302189568,0,
13153,2,12,1.0,2,0.5504534728328144,1,
13155,4,7,1.0,2,0.389479431989717,0,
13157,2,16,1.0,2,0.20933623148456035,0,
13163,4,9,1.0,2,0.5254678740261072,1,
13165,4,5,1.0,2,0.5303656148460013,1,
13167,4,5,1.0,2,0.22675264788488908,0,
13169,4,8,1.0,2,0.5247741157041718,1,
13175,4,15,1.0,2,0.5294294810401373,1,
13179,1,9,1.0,2,0.06676087505942838,0,
13189,4,4,1.0,2,0.5128266267059141,1,
13191,3,4,1.0,2,0.1803112675146044,0,
13193,4,10,1.0,2,0.3563515048237875,0,
13195,3,11,1.0,2,0.3208406897576664,0,
13197,4,4,1.0,2,0.2941491419104402,0,
13215,4,11,1.0,2,0.7688613691374214,1,
13217,3,11,1.0,2,0.6955349250942527,1,
13219,1,8,1.0,2,0.1581434585888801,0,
13223,1,11,1.0,2,0.29799606204165235,0,
13225,4,3,1.0,2,0.5949846632352404,1,
13227,2,9,1.0,2,0.16591932962948705,0,
13233,4,8,1.0,2,0.622212839283012,1,
13235,4,5,1.0,2,0.2050193744576118,0,
13237,4,5,1.0,2,0.35805330951186154,0,
13247,2,9,1.0,2,0.763028442127494,1,
13253,4,4,1.0,2,0.5045253748844124,1,
13257,3,5,1.0,2,0.5690638507136375,1,
13261,4,8,1.0,2,0.5656661196919301,1,
13267,4,6,1.0,2,0.3157058807442039,0,
13273,4,7,1.0,2,0.46422943479357026,0,
13275,3,9,1.0,2,0.3038354851913483,0,
13277,4,9,1.0,2,0.6185330289310027,1,
13279,4,3,1.0,2,0.4997345277334112,0,
13281,3,3,1.0,2,0.1668057602591584,0,
13285,4,7,1.0,2,0.5284115089665972,1,
13287,4,4,1.0,2,0.5931213067627248,1,
13291,3,4,1.0,2,0.26826344879979697,0,
13293,4,7,1.0,2,0.6424958841747258,1,
13295,3,14,1.0,2,0.2958439085303859,0,
13297,2,11,1.0,2,0.5083718479337175,1,
13299,4,7,1.0,2,0.6560520075927653,1,
13301,4,9,1.0,2,0.4281412241054002,0,
13303,4,10,1.0,2,0.2605800723621499,0,
13305,4,6,1.0,2,0.35956526470319283,0,
13309,4,4,1.0,2,0.10578717156975276,0,
13313,4,8,1.0,2,0.5762805947050583,1,
13315,4,8,1.0,2,0.26542580701787466,0,
13317,4,5,1.0,2,0.1644626737109756,0,
16001,1,17,1.0,2,0.1532600148609619,0,
16011,3,11,1.0,2,0.17278221676862077,0,
16013,2,8,1.0,2,0.07769835679679589,0,
16017,2,18,1.0,2,0.11232623237999013,0,
16019,2,14,1.0,2,0.20382571566334465,0,
16025,4,2,1.0,2,0.15064888182872907,0,
16031,3,9,1.0,2,0.4015232874026783,0,
16035,3,7,1.0,2,0.10672872301054556,0,
16039,3,7,1.0,2,0.10674203565399418,0,
16041,1,7,1.0,2,0.12077080348967445,0,
16045,2,7,1.0,2,0.18700243050955764,0,
16047,3,6,1.0,2,0.2922491812863754,0,
16055,2,13,1.0,2,0.19358191487155074,0,
16059,3,10,1.0,2,0.15284310829522793,0,
16069,2,10,1.0,2,0.14974043401316756,0,
16073,3,12,1.0,2,0.2938477984223388,0,
16075,3,7,1.0,2,0.20303065818975888,0,
16079,4,15,1.0,2,0.09372198953071548,0,
16081,1,5,1.0,2,0.05688268068352018,0,
16083,3,10,1.0,2,0.3813111602529971,0,
16087,4,5,1.0,2,0.14468801426175293,0,
17001,2,23,1.0,2,0.2697076538209417,0,
17003,1,8,1.0,2,0.5080640899446942,1,
17007,1,15,1.0,2,0.3911655154923674,0,
17011,2,30,1.0,2,0.2679350265900302,0,
17013,2,7,1.0,2,0.1440146271241147,0,
17017,3,7,1.0,2,0.21528396172845476,0,
17019,3,35,1.0,2,0.5938114779684552,1,
17021,2,20,1.0,2,0.2329099961258335,0,
17025,3,13,1.0,2,0.3330948715014332,0,
17027,1,17,1.0,2,0.22917533868773238,0,
17033,2,10,1.0,2,0.23911924777946578,0,
17039,2,13,1.0,2,0.2606135224580273,0,
17041,2,13,1.0,2,0.2904100466881993,0,
17043,1,43,1.0,2,0.3554996069212877,0,
17045,2,15,1.0,2,0.1900853527845464,0,
17049,2,15,1.0,2,0.2194884883481413,0,
17053,2,21,1.0,2,0.33857280468467355,0,
17055,4,19,1.0,2,0.4118225003978696,0,
17057,3,24,1.0,2,0.21107449747586846,0,
17059,4,9,1.0,2,0.34254707932930484,0,
17063,1,16,1.0,2,0.2579818529904968,0,
17073,1,23,1.0,2,0.2179414811828014,0,
17075,2,25,1.0,2,0.3209167900489453,0,
17081,3,17,1.0,2,0.43594681255082823,0,
17087,2,10,1.0,2,0.15908454953322723,0,
17091,2,21,1.0,2,0.6523002715916384,1,
17093,1,19,1.0,2,0.340759006459465,0,
17095,3,22,1.0,2,0.3820969525700184,0,
17097,1,35,1.0,2,0.5048235070389384,1,
17099,2,28,1.0,2,0.5175278213992817,1,
17103,2,24,1.0,2,0.32661202256719146,0,
17105,3,29,1.0,2,0.3678621088212881,0,
17107,1,20,1.0,2,0.2459029190219223,0,
17109,4,17,1.0,2,0.3486759321144682,0,
17111,1,24,1.0,2,0.32515453123761795,0,
17113,2,33,1.0,2,0.4711327705386686,0,
17115,3,27,1.0,2,0.7314519376291685,1,
17117,2,28,1.0,2,0.4129627564081765,0,
17121,3,15,1.0,2,0.38053533639707304,0,
17123,2,19,1.0,2,0.2063830255853969,0,
17125,3,11,1.0,2,0.19265227293624798,0,
17127,3,8,1.0,2,0.42963818067742887,0,
17133,1,9,1.0,2,0.156009184615916,0,
17137,3,16,1.0,2,0.3087468331343328,0,
17141,2,27,1.0,2,0.3128577751820354,0,
17149,3,16,1.0,2,0.19133708519865017,0,
17157,2,18,1.0,2,0.2268035400137403,0,
17159,3,9,1.0,2,0.31575354971435066,0,
17161,2,20,1.0,2,0.5761848861350357,1,
17165,4,11,1.0,2,0.48659582597834944,0,
17167,2,29,1.0,2,0.4862691074045199,0,
17171,2,9,1.0,2,0.1896929776827291,0,
17173,2,22,1.0,2,0.18722434058185583,0,
17179,1,21,1.0,2,0.24072132368585358,0,
17181,3,13,1.0,2,0.1493781941205684,0,
17183,3,27,1.0,2,0.6794721903667087,1,
17187,3,14,1.0,2,0.3430602284932228,0,
17189,1,13,1.0,2,0.1804974721597051,0,
17193,3,11,1.0,2,0.17126771573062194,0,
17199,3,22,1.0,2,0.25257600193616436,0,
17201,2,26,1.0,2,0.6126552727005037,1,
17203,1,16,1.0,2,0.20994316428903198,0,
18001,3,8,1.0,2,0.7455338643514898,1,
18003,2,33,1.0,2,0.7746265330112388,1,
18005,2,14,1.0,2,0.19169161663402157,0,
18009,3,7,1.0,2,0.6077396176072504,1,
18011,1,12,1.0,2,0.24862427211671273,0,
18013,1,9,1.0,2,0.0987364299273571,0,
18017,3,12,1.0,2,0.7142876633235946,1,
18019,2,15,1.0,2,0.5011036390542565,1,
18021,2,17,1.0,2,0.310347164885577,0,
18023,3,12,1.0,2,0.6749114190401971,1,
18029,1,9,1.0,2,0.23089069686446242,0,
18035,4,21,1.0,2,0.723271518143511,1,
18037,1,13,1.0,2,0.20252196924816404,0,
18039,2,17,1.0,2,0.6989830466554517,1,
18043,2,10,1.0,2,0.371710658802348,0,
18047,1,15,1.0,2,0.1744525924762518,0,
18051,2,16,1.0,2,0.4047960757399919,0,
18053,3,15,1.0,2,0.7540395702353856,1,
18055,2,16,1.0,2,0.29210033795188545,0,
18059,1,15,1.0,2,0.4359127772668684,0,
18061,2,16,1.0,2,0.12745699361251106,0,
18063,1,19,1.0,2,0.31402034880301377,0,
18067,2,10,1.0,2,0.7669030588630252,1,
18069,2,9,1.0,2,0.39168951194519086,0,
18071,3,8,1.0,2,0.13186277338653205,0,
18073,1,13,1.0,2,0.48323066810619986,0,
18079,2,13,1.0,2,0.15137063476999163,0,
18081,1,12,1.0,2,0.2974380048074594,0,
18083,3,11,1.0,2,0.5570447950564174,1,
18085,1,21,1.0,2,0.4081005637859656,0,
18087,1,12,1.0,2,0.6348979796479074,1,
18091,3,15,1.0,2,0.7862341696746998,1,
18093,2,12,1.0,2,0.19709338648233524,0,
18095,3,18,1.0,2,0.697163647329503,1,
18101,2,7,1.0,2,0.16515633060627993,0,
18105,1,18,1.0,2,0.7461121555131629,1,
18107,2,16,1.0,2,0.431715394769172,0,
18109,1,14,1.0,2,0.34300183537150647,0,
18117,3,11,1.0,2,0.16776163625978924,0,
18123,2,14,1.0,2,0.11240589202960286,0,
18127,1,15,1.0,2,0.495801856523365,0,
18129,1,7,1.0,2,0.20454398153438447,0,
18133,1,15,1.0,2,0.30838428930311557,0,
18139,2,16,1.0,2,0.4559223694299907,0,
18141,3,24,1.0,2,0.7923885643733825,1,
18143,3,6,1.0,2,0.19433772736583907,0,
18145,2,17,1.0,2,0.4395459997871348,0,
18147,1,16,1.0,2,0.18609972072906117,0,
18149,3,11,1.0,2,0.6334884881644907,1,
18153,3,13,1.0,2,0.41855418356698104,0,
18157,3,18,1.0,2,0.6402878882937332,1,
18163,3,11,1.0,2,0.7122538562261901,1,
18167,1,18,1.0,2,0.7467933825463559,1,
18169,2,14,1.0,2,0.45666756392867286,0,
18173,1,12,1.0,2,0.24603826668278933,0,
18175,2,12,1.0,2,0.10961490969418211,0,
18177,3,17,1.0,2,0.7479885676043933,1,
19003,2,9,1.0,2,0.13096467777360352,0,
19007,3,11,1.0,2,0.12047414279192542,0,
19009,2,11,1.0,2,0.16105108073860422,0,
19011,1,24,1.0,2,0.1838517980778871,0,
19013,3,17,1.0,2,0.4905017568873079,0,
19015,3,18,1.0,2,0.18793294639050018,0,
19021,2,13,1.0,2,0.25536835965848387,0,
19023,1,16,1.0,2,0.17261829161209374,0,
19027,1,16,1.0,2,0.1704930314569777,0,
19031,1,18,1.0,2,0.1813913618672342,0,
19037,1,9,1.0,2,0.18331449396641608,0,
19039,3,9,1.0,2,0.11923079769025673,0,
19041,2,15,1.0,2,0.19834320458880395,0,
19045,2,20,1.0,2,0.22141298250460317,0,
19049,1,25,1.0,2,0.1993878151074847,0,
19057,3,12,1.0,2,0.23064859799169427,0,
19061,2,19,1.0,2,0.23560577836324903,0,
19067,3,13,1.0,2,0.1979726688357186,0,
19071,2,11,1.0,2,0.13781256713984452,0,
19077,1,18,1.0,2,0.15488105967688304,0,
19079,1,15,1.0,2,0.16874383790121494,0,
19087,2,11,1.0,2,0.1390553184333867,0,
19095,1,21,1.0,2,0.17131735653878508,0,
19097,2,14,1.0,2,0.17427676693626598,0,
19099,1,19,1.0,2,0.12843048483055952,0,
19103,1,24,1.0,2,0.5057297262163526,1,
19105,2,16,1.0,2,0.1688963841513494,0,
19109,2,21,1.0,2,0.20127966822222984,0,
19111,3,12,1.0,2,0.15233099721612767,0,
19113,1,29,1.0,2,0.2078168138843901,0,
19121,1,14,1.0,2,0.15292577902903223,0,
19123,2,20,1.0,2,0.13156730072167222,0,
19127,2,21,1.0,2,0.16789537588719902,0,
19129,1,11,1.0,2,0.1405716069538813,0,
19133,2,15,1.0,2,0.1394256435184983,0,
19145,2,12,1.0,2,0.13974306775800543,0,
19149,1,14,1.0,2,0.18291981982791744,0,
19151,2,16,1.0,2,0.2068592754508011,0,
19155,2,24,1.0,2,0.16437629826183936,0,
19157,2,17,1.0,2,0.1375506459330963,0,
19161,2,16,1.0,2,0.1962549421122327,0,
19163,2,22,1.0,2,0.2913077676502687,0,
19169,3,22,1.0,2,0.21953958509698293,0,
19179,3,12,1.0,2,0.1448976912029019,0,
19181,1,19,1.0,2,0.13149842629378344,0,
19187,3,22,1.0,2,0.2901290035866156,0,
19193,2,25,1.0,2,0.3290230609767022,0,
19197,2,16,1.0,2,0.18799434361168177,0,
20001,3,11,1.0,2,0.33714265756801787,0,
20005,2,10,1.0,2,0.14769278230254412,0,
20009,3,10,1.0,2,0.24169916388014015,0,
20011,4,13,1.0,2,0.15075222526273369,0,
20015,2,20,1.0,2,0.1622215089923781,0,
20019,4,10,1.0,2,0.16582160822825665,0,
20021,1,13,1.0,2,0.16633097331796723,0,
20027,1,10,1.0,2,0.18279194934605444,0,
20029,3,8,1.0,2,0.21141462392420696,0,
20035,3,14,1.0,2,0.4179182034515795,0,
20037,1,15,1.0,2,0.30510648727165823,0,
20039,2,8,1.0,2,0.1863202445197201,0,
20041,2,12,1.0,2,0.19064100356375088,0,
20045,1,12,1.0,2,0.5528366684933225,1,
20047,3,7,1.0,2,0.19036055433386098,0,
20051,3,11,1.0,2,0.16781327446396074,0,
20055,3,7,1.0,2,0.2160744001110935,0,
20057,4,10,1.0,2,0.2113171901712501,0,
20059,2,13,1.0,2,0.14613245493880384,0,
20061,3,8,1.0,2,0.5025373504004754,1,
20067,2,3,1.0,2,0.16326207986040195,0,
20073,3,11,1.0,2,0.14609192650415156,0,
20079,1,13,1.0,2,0.20946075577765447,0,
20083,2,8,1.0,2,0.1796979776862184,0,
20085,2,18,1.0,2,0.12173555820253322,0,
20087,2,15,1.0,2,0.1427883585192647,0,
20095,1,12,1.0,2,0.18136815493273237,0,
20097,2,7,1.0,2,0.17385179633019493,0,
20099,4,13,1.0,2,0.33620865300872976,0,
20103,1,13,1.0,2,0.23421383873896984,0,
20111,3,12,1.0,2,0.4230022706534974,0,
20113,1,12,1.0,2,0.2087281326543451,0,
20121,1,11,1.0,2,0.1437112616367225,0,
20125,3,13,1.0,2,0.5135724500295398,1,
20127,2,9,1.0,2,0.1993224591909996,0,
20129,2,5,1.0,2,0.17991955469086207,0,
20133,4,11,1.0,2,0.3936320544382911,0,
20135,3,9,1.0,2,0.1860227243267287,0,
20139,2,15,1.0,2,0.1452363310036135,0,
20147,2,9,1.0,2,0.21902704512882198,0,
20149,2,12,1.0,2,0.24464373521488397,0,
20155,2,22,1.0,2,0.33341241974111563,0,
20159,2,13,1.0,2,0.16034105893399617,0,
20161,3,14,1.0,2,0.1347575438550619,0,
20163,2,10,1.0,2,0.222609753379762,0,
20167,2,11,1.0,2,0.19326122064066456,0,
20169,2,9,1.0,2,0.3678564541571357,0,
20175,4,6,1.0,2,0.32922296820096697,0,
20179,1,11,1.0,2,0.08076059231242969,0,
20201,2,15,1.0,2,0.20184516390592727,0,
20205,4,10,1.0,2,0.42707520739766486,0,
21001,4,10,1.0,2,0.23799439869125644,0,
21003,4,6,1.0,2,0.20751515921043098,0,
21009,4,11,1.0,2,0.544696576034139,1,
21011,4,8,1.0,2,0.2969397187768808,0,
21013,4,11,1.0,2,0.5516481349468929,1,
21015,1,9,1.0,2,0.38004988883817165,0,
21019,3,4,1.0,2,0.6826002591422818,1,
21021,3,5,1.0,2,0.3490764154227809,0,
21023,3,7,1.0,2,0.17440739579837367,0,
21027,3,18,1.0,2,0.13634825039287024,0,
21029,1,11,1.0,2,0.464447679625283,0,
21033,3,6,1.0,2,0.15886332756600044,0,
21037,2,10,1.0,2,0.4757629682687956,0,
21041,4,8,1.0,2,0.6039138120454706,1,
21047,4,15,1.0,2,0.5947434864633347,1,
21049,3,4,1.0,2,0.33638310803823596,0,
21051,4,10,1.0,2,0.4087582082225987,0,
21057,4,3,1.0,2,0.17859061514630056,0,
21059,3,10,1.0,2,0.6005197990917438,1,
21061,4,12,1.0,2,0.16296941327065784,0,
21063,4,6,1.0,2,0.2786795300484654,0,
21067,2,17,1.0,2,0.44173613236353587,0,
21069,4,7,1.0,2,0.36862332379219936,0,
21071,4,33,1.0,2,0.4863668419248092,0,
21073,2,5,1.0,2,0.2100578221524106,0,
21075,4,3,1.0,2,0.47194954695217456,0,
21077,3,6,1.0,2,0.41695102032425296,0,
21079,3,5,1.0,2,0.1973646521273354,0,
21081,3,8,1.0,2,0.19700135306125544,0,
21083,4,18,1.0,2,0.5301730777188691,1,
21085,4,9,1.0,2,0.2919622075312965,0,
21093,2,17,1.0,2,0.36748318104929323,0,
21097,3,6,1.0,2,0.17848169907363662,0,
21099,4,10,1.0,2,0.3750584328333846,0,
21101,3,8,1.0,2,0.7403840063751785,1,
21103,3,13,1.0,2,0.19053862102190378,0,
21105,4,7,1.0,2,0.30311306606441357,0,
21107,4,13,1.0,2,0.4278016567978893,0,
21113,3,4,1.0,2,0.2648546350273032,0,
21115,4,19,1.0,2,0.45378801482638165,0,
21117,2,12,1.0,2,0.5251606335963829,1,
21119,4,24,1.0,2,0.4460967963170996,0,
21121,4,19,1.0,2,0.2403934360722739,0,
21125,4,8,1.0,2,0.422711246593945,0,
21127,4,10,1.0,2,0.44370904232150365,0,
21133,1,26,1.0,2,0.44043888574225876,0,
21137,4,11,1.0,2,0.26681004160343724,0,
21141,4,7,1.0,2,0.25472354777526424,0,
21145,3,7,1.0,2,0.7888401478317548,1,
21149,2,7,1.0,2,0.2380773820360044,0,
21151,1,5,1.0,2,0.35123972538331416,0,
21153,4,4,1.0,2,0.27660762404898404,0,
21159,4,9,1.0,2,0.1658826763783059,0,
21161,4,5,1.0,2,0.4983702336810332,0,
21163,2,12,1.0,2,0.17280832191367018,0,
21167,2,5,1.0,2,0.18486407804984062,0,
21171,4,6,1.0,2,0.04386340877790363,0,
21173,4,5,1.0,2,0.40409314130596996,0,
21175,4,8,1.0,2,0.16744169412692844,0,
21179,1,9,1.0,2,0.1470183579683893,0,
21183,3,16,1.0,2,0.1465790399035415,0,
21185,1,11,1.0,2,0.2028470524086473,0,
21191,3,10,1.0,2,0.15399458743003702,0,
21195,4,39,1.0,2,0.2089365175175853,0,
21197,4,4,1.0,2,0.3398763567693217,0,
21199,4,11,1.0,2,0.617615526042818,1,
21201,4,7,1.0,2,0.13963180014920318,0,
21203,4,7,1.0,2,0.2745375356977049,0,
21205,4,4,1.0,2,0.0897230264027547,0,
21207,4,7,1.0,2,0.41374086398145354,0,
21209,2,6,1.0,2,0.16509602115089442,0,
21211,2,14,1.0,2,0.3550703360947862,0,
21217,4,6,1.0,2,0.2887960374547941,0,
21221,2,5,1.0,2,0.09920647286844694,0,
21225,4,5,1.0,2,0.30595138677732275,0,
21227,3,9,1.0,2,0.23530536162164925,0,
21231,4,5,1.0,2,0.4717695003038073,0,
21235,4,7,1.0,2,0.42526053687520887,0,
21237,4,5,1.0,2,0.46679170400748177,0,
21239,2,3,1.0,2,0.17600384700017369,0,
22001,4,15,1.0,2,0.7158419282516704,1,
22003,3,13,1.0,2,0.13957726845398144,0,
22005,1,8,1.0,2,0.4019720951753453,0,
22009,4,15,1.0,2,0.42490487610850675,0,
22011,3,9,1.0,2,0.12077673368712162,0,
22013,4,13,1.0,2,0.3493108594580951,0,
22019,3,16,1.0,2,0.6734739277805133,1,
22021,4,4,1.0,2,0.20866047962326123,0,
22023,4,8,1.0,2,0.5988812997646273,1,
22027,4,11,1.0,2,0.5425356009559587,1,
22031,4,10,1.0,2,0.12132545575599266,0,
22039,4,12,1.0,2,0.6308887067950093,1,
22041,4,7,1.0,2,0.5792324006573033,1,
22043,3,8,1.0,2,0.06458092225560416,0,
22045,4,10,1.0,2,0.7148911062296357,1,
22047,3,8,1.0,2,0.7403669360596071,1,
22049,4,7,1.0,2,0.33168315971879436,0,
22053,3,10,1.0,2,0.500301043298078,1,
22055,1,16,1.0,2,0.45879834125246227,0,
22057,3,14,1.0,2,0.4895135668325206,0,
22063,2,17,1.0,2,0.31077020904871305,0,
22065,4,4,1.0,2,0.662911212816619,1,
22069,4,16,1.0,2,0.37774786402865645,0,
22077,3,17,1.0,2,0.5092919371098007,1,
22079,4,27,1.0,2,0.6299975573963336,1,
22083,4,6,1.0,2,0.6129175599306675,1,
22087,4,6,1.0,2,0.8075263793730902,1,
22089,1,10,1.0,2,0.3851097798871337,0,
22093,3,7,1.0,2,0.7401950973957947,1,
22095,3,6,1.0,2,0.7502285350773041,1,
22099,4,8,1.0,2,0.5366502875382468,1,
22101,4,8,1.0,2,0.7089840222538073,1,
22103,2,17,1.0,2,0.2494421052608087,0,
22105,1,20,1.0,2,0.581748849402262,1,
22107,4,4,1.0,2,0.2251121538944414,0,
22109,3,13,1.0,2,0.6535406700771795,1,
22111,3,10,1.0,2,0.1556890573721484,0,
22113,3,12,1.0,2,0.4314509560616143,0,
22115,3,13,1.0,2,0.19014977582137738,0,
22117,4,6,1.0,2,0.4311761879905866,0,
22119,4,12,1.0,2,0.650760184231227,1,
22121,2,5,1.0,2,0.6104312337586011,1,
22123,4,4,1.0,2,0.2603158521510565,0,
22127,4,12,1.0,2,0.18137508063944124,0,
23001,2,14,1.0,2,0.166380802261355,0,
23005,1,38,1.0,2,0.18975145175904545,0,
23007,1,18,1.0,2,0.05697097501419124,0,
23009,2,40,1.0,2,0.1532641674399,0,
23011,2,27,1.0,2,0.1500834681675845,0,
23013,1,19,1.0,2,0.12351937356405979,0,
23017,1,33,1.0,2,0.08065447736221582,0,
23019,1,47,1.0,2,0.2266473593550848,0,
23021,3,16,1.0,2,0.09303804160429596,0,
23025,4,24,1.0,2,0.1608672726432077,0,
23027,2,18,1.0,2,0.10539132204246932,0,
23031,1,36,1.0,2,0.17030131733705312,0,
24001,3,15,1.0,2,0.14806649837656424,0,
24011,3,10,1.0,2,0.45548686580337944,0,
24013,1,15,1.0,2,0.18268525336237879,0,
24017,1,24,1.0,2,0.2008574591260789,0,
24019,3,18,1.0,2,0.5752620918496403,1,
24021,1,34,1.0,2,0.17899828159205186,0,
24027,1,24,1.0,2,0.23366550124196503,0,
24029,2,9,1.0,2,0.34949456421480785,0,
24035,1,16,1.0,2,0.20998143861701835,0,
24037,1,26,1.0,2,0.1888606823993526,0,
24039,1,11,1.0,2,0.16755042826690603,0,
24041,1,16,1.0,2,0.2940867618833838,0,
24043,1,20,1.0,2,0.11775866866552964,0,
24047,2,12,1.0,2,0.46576739083149576,0,
25001,1,47,1.0,2,0.35292197551130977,0,
25005,2,36,1.0,2,0.690129160356922,1,
25011,2,32,1.0,2,0.14607271485454568,0,
25013,2,41,1.0,2,0.7630523376158703,1,
25015,1,28,1.0,2,0.10511069303446953,0,
25023,1,34,1.0,2,0.33616649312632213,0,
25025,3,36,1.0,2,0.8667160253476947,1,
25027,1,87,1.0,2,0.4120742956225372,0,
26005,2,24,1.0,2,0.3625922028588802,0,
26009,2,16,1.0,2,0.20215075496812937,0,
26011,3,10,1.0,2,0.5333784967595054,1,
26013,3,7,1.0,2,0.08829721955429223,0,
26015,1,15,1.0,2,0.17740457709336221,0,
26017,2,16,1.0,2,0.6768676385504022,1,
26021,1,23,1.0,2,0.6054660572378854,1,
26023,3,13,1.0,2,0.43720796880743845,0,
26025,3,22,1.0,2,0.5476595761712084,1,
26027,2,14,1.0,2,0.54340540181844,1,
26041,3,13,1.0,2,0.29613465829239183,0,
26045,1,19,1.0,2,0.4157951621665033,0,
26049,3,34,1.0,2,0.7159303937576489,1,
26055,1,9,1.0,2,0.2309486722410483,0,
26059,3,18,1.0,2,0.4123273647620469,0,
26061,4,20,1.0,2,0.12741088659846384,0,
26063,2,18,1.0,2,0.44726868537008607,0,
26065,1,22,1.0,2,0.7417641076485064,1,
26067,2,21,1.0,2,0.23916873329122032,0,
26073,4,15,1.0,2,0.4768763003053798,0,
26075,2,29,1.0,2,0.6013121290172287,1,
26077,2,25,1.0,2,0.49922473136362616,0,
26081,2,39,1.0,2,0.6453836582561915,1,
26087,2,22,1.0,2,0.2728016485698334,0,
26091,2,23,1.0,2,0.3630939363582327,0,
26093,1,20,1.0,2,0.20813716672980886,0,
26099,2,39,1.0,2,0.6944841440341902,1,
26101,2,15,1.0,2,0.30531860956452833,0,
26103,2,15,1.0,2,0.10904392336783152,0,
26115,1,25,1.0,2,0.35704996711982284,0,
26121,3,20,1.0,2,0.6720565398739659,1,
26123,3,21,1.0,2,0.3399055951005419,0,
26127,3,12,1.0,2,0.5217554031207183,1,
26137,3,7,1.0,2,0.23406084217934506,0,
26139,1,22,1.0,2,0.3971166570013897,0,
26141,2,7,1.0,2,0.14922566814129234,0,
26145,3,28,1.0,2,0.6669029154945022,1,
26147,2,23,1.0,2,0.5706335478628018,1,
26149,3,13,1.0,2,0.49614396215284573,0,
26151,3,22,1.0,2,0.5359510552432911,1,
26155,2,19,1.0,2,0.3187363442388514,0,
26157,3,21,1.0,2,0.2740288755499907,0,
26159,3,22,1.0,2,0.5085116242067177,1,
26161,2,27,1.0,2,0.4285508738770427,0,
27001,2,12,1.0,2,0.14996000705704612,0,
27003,1,20,1.0,2,0.24306199959526353,0,
27005,2,16,1.0,2,0.14360096943072154,0,
27007,3,18,1.0,2,0.11807386144166121,0,
27009,1,9,1.0,2,0.17293730433924476,0,
27025,1,15,1.0,2,0.1666475758123379,0,
27027,2,15,1.0,2,0.13088050107906674,0,
27037,1,22,1.0,2,0.21677227459737647,0,
27041,1,17,1.0,2,0.19024592287571582,0,
27047,2,18,1.0,2,0.35301382267815085,0,
27049,1,17,1.0,2,0.17913015455253706,0,
27057,2,10,1.0,2,0.10914973057229492,0,
27061,2,30,1.0,2,0.11861213010650999,0,
27079,1,13,1.0,2,0.18507805481882406,0,
27083,3,14,1.0,2,0.1586137250103366,0,
27095,2,12,1.0,2,0.15777460708521804,0,
27097,2,20,1.0,2,0.163081702732605,0,
27099,2,19,1.0,2,0.2563467322511621,0,
27109,1,19,1.0,2,0.19092896627756098,0,
27111,1,34,1.0,2,0.18142012250180575,0,
27115,2,16,1.0,2,0.1159576662990154,0,
27119,2,25,1.0,2,0.15336606449609747,0,
27123,2,26,1.0,2,0.5052411515257993,1,
27127,2,22,1.0,2,0.19296093708634188,0,
27129,2,16,1.0,2,0.19126307005931753,0,
27131,1,16,1.0,2,0.18269476407931046,0,
27135,1,11,1.0,2,0.1449947923111979,0,
27139,1,10,1.0,2,0.2076471518084833,0,
27141,1,9,1.0,2,0.17026899805072002,0,
27145,2,33,1.0,2,0.16571198776347265,0,
27151,3,11,1.0,2,0.1924357726332833,0,
27153,2,19,1.0,2,0.16328799183985626,0,
27163,1,19,1.0,2,0.21364892294232268,0,
27169,2,14,1.0,2,0.08568283492081682,0,
27171,1,19,1.0,2,0.2104941307945001,0,
28001,4,2,1.0,2,0.3199382542547072,0,
28003,4,5,1.0,2,0.20521379692831404,0,
28007,4,11,1.0,2,0.1916632050605772,0,
28011,4,17,1.0,2,0.8104818826075209,1,
28013,4,11,1.0,2,0.14319169326775083,0,
28015,4,13,1.0,2,0.35294082578896396,0,
28019,4,9,1.0,2,0.13265435728303804,0,
28023,4,9,1.0,2,0.1428708474603444,0,
28025,4,8,1.0,2,0.3070728556740331,0,
28027,4,11,1.0,2,0.806688088608559,1,
28029,4,9,1.0,2,0.1497950798455367,0,
28031,4,8,1.0,2,0.24399916570703511,0,
28033,1,10,1.0,2,0.25543939187430514,0,
28035,1,8,1.0,2,0.7234163571181664,1,
28037,4,8,1.0,2,0.1025434325495812,0,
28039,4,3,1.0,2,0.08984923618975839,0,
28041,3,7,1.0,2,0.07756528815173866,0,
28043,4,7,1.0,2,0.2480032939084863,0,
28045,3,10,1.0,2,0.3395809098633974,0,
28051,4,9,1.0,2,0.3067941069908864,0,
28057,3,10,1.0,2,0.14953666589417686,0,
28061,4,14,1.0,2,0.11119902807974018,0,
28065,4,9,1.0,2,0.17119560280687826,0,
28069,4,11,1.0,2,0.1539526294923956,0,
28071,4,13,1.0,2,0.7474959334782706,1,
28073,3,6,1.0,2,0.1245673196423458,0,
28075,1,12,1.0,2,0.0868796783876946,0,
28081,3,15,1.0,2,0.3139090948957657,0,
28083,4,11,1.0,2,0.6993490225982206,1,
28085,4,12,1.0,2,0.14454367545592986,0,
28087,3,8,1.0,2,0.2553003769149127,0,
28089,1,12,1.0,2,0.17140785874034975,0,
28091,4,8,1.0,2,0.26085019374050084,0,
28093,3,8,1.0,2,0.267943061403825,0,
28095,4,12,1.0,2,0.215733545847407,0,
28097,4,7,1.0,2,0.17957926829638224,0,
28099,4,8,1.0,2,0.3253539905237235,0,
28101,4,11,1.0,2,0.12228520085062174,0,
28103,4,6,1.0,2,0.31595865876969026,0,
28107,4,11,1.0,2,0.4541321402971724,0,
28109,3,5,1.0,2,0.10610036650236854,0,
28113,4,8,1.0,2,0.4801727212871417,0,
28115,4,11,1.0,2,0.29899685921392233,0,
28119,4,10,1.0,2,0.5849993571815109,1,
28121,1,12,1.0,2,0.09791263673262549,0,
28123,4,10,1.0,2,0.2815710881293181,0,
28127,3,10,1.0,2,0.14594437309607622,0,
28131,4,6,1.0,2,0.08268670322452185,0,
28133,4,16,1.0,2,0.7839251354092182,1,
28135,4,18,1.0,2,0.16002514088126396,0,
28137,3,5,1.0,2,0.38151073638150257,0,
28141,4,9,1.0,2,0.19904605096545958,0,
28145,3,11,1.0,2,0.12721045531421488,0,
28147,4,6,1.0,2,0.2160643200813401,0,
28153,4,7,1.0,2,0.17868570331165046,0,
28159,4,10,1.0,2,0.20415283411806223,0,
28161,4,7,1.0,2,0.13800893963139174,0,
28163,4,8,1.0,2,0.2560677956175633,0,
29001,4,9,1.0,2,0.1691095223010448,0,
29009,4,17,1.0,2,0.2284602848387965,0,
29011,4,8,1.0,2,0.12027934352724916,0,
29013,3,13,1.0,2,0.0986515209580626,0,
29015,3,13,1.0,2,0.12736351141231425,0,
29017,4,13,1.0,2,0.08627859660510961,0,
29019,1,13,1.0,2,0.13156842788898226,0,
29021,3,15,1.0,2,0.6185673634547879,1,
29023,4,10,1.0,2,0.3782389416180241,0,
29025,3,10,1.0,2,0.2051082744040044,0,
29029,3,18,1.0,2,0.13674964499074513,0,
29031,3,19,1.0,2,0.2958446614684232,0,
29033,3,10,1.0,2,0.17433855563406758,0,
29035,3,5,1.0,2,0.06870951143870849,0,
29037,1,18,1.0,2,0.1391622021818603,0,
29039,4,9,1.0,2,0.12289308615023103,0,
29041,3,12,1.0,2,0.1554859400154933,0,
29043,1,21,1.0,2,0.07528547977666747,0,
29049,1,11,1.0,2,0.1320961979006915,0,
29051,1,9,1.0,2,0.12713626627994667,0,
29055,4,12,1.0,2,0.14211405941135558,0,
29057,3,13,1.0,2,0.12495575462842927,0,
29059,4,13,1.0,2,0.15680454460349988,0,
29063,2,10,1.0,2,0.1424950736827244,0,
29065,4,8,1.0,2,0.08759030570272494,0,
29067,4,16,1.0,2,0.14989322513142847,0,
29069,4,14,1.0,2,0.6312694274997603,1,
29071,1,23,1.0,2,0.15548843810100535,0,
29079,3,7,1.0,2,0.3114920069090071,0,
29083,4,11,1.0,2,0.19938077256838774,0,
29085,4,13,1.0,2,0.22253584162052678,0,
29091,4,12,1.0,2,0.18914992879329132,0,
29093,3,16,1.0,2,0.0919408119640695,0,
29099,1,24,1.0,2,0.22804675869413812,0,
29103,4,12,1.0,2,0.11471898606255695,0,
29105,4,12,1.0,2,0.13700400795851414,0,
29107,2,16,1.0,2,0.20332968114621086,0,
29109,3,21,1.0,2,0.2030602908592949,0,
29113,2,17,1.0,2,0.17474429174412548,0,
29115,3,15,1.0,2,0.14900182285542757,0,
29117,3,12,1.0,2,0.13833411866908177,0,
29119,1,14,1.0,2,0.2356510468891907,0,
29121,2,15,1.0,2,0.11439551918707833,0,
29123,3,7,1.0,2,0.07942668967389034,0,
29127,3,10,1.0,2,0.16966677604256733,0,
29131,3,17,1.0,2,0.08377328419621612,0,
29133,4,6,1.0,2,0.7077170768775727,1,
29135,2,13,1.0,2,0.08589002688446162,0,
29139,3,11,1.0,2,0.13455978478782754,0,
29143,4,17,1.0,2,0.6580327096498862,1,
29145,3,15,1.0,2,0.1496353482322363,0,
29147,4,18,1.0,2,0.10220720038085987,0,
29153,4,18,1.0,2,0.11307742001108798,0,
29159,3,15,1.0,2,0.3000042180404472,0,
29161,4,11,1.0,2,0.0921972911840866,0,
29163,1,12,1.0,2,0.16732031057670993,0,
29165,1,18,1.0,2,0.1715847448519109,0,
29169,2,11,1.0,2,0.0807180066499765,0,
29175,3,12,1.0,2,0.23590722983325046,0,
29177,2,12,1.0,2,0.2717066957120823,0,
29181,4,9,1.0,2,0.15276478792784567,0,
29183,1,14,1.0,2,0.20114648622339643,0,
29185,4,16,1.0,2,0.11988404312678674,0,
29186,2,8,1.0,2,0.08967024735234874,0,
29187,3,15,1.0,2,0.11497919872210463,0,
29195,3,13,1.0,2,0.3773433678568085,0,
29197,3,6,1.0,2,0.09570185633608509,0,
29199,3,10,1.0,2,0.16700797346315865,0,
29201,4,14,1.0,2,0.7058812461537781,1,
29207,1,13,1.0,2,0.37459914413918494,0,
29209,1,17,1.0,2,0.10168085018858876,0,
29211,3,13,1.0,2,0.08620960124229897,0,
29213,3,20,1.0,2,0.25490478189070476,0,
29215,4,21,1.0,2,0.05359030981049051,0,
29217,4,13,1.0,2,0.27682293705446015,0,
29219,3,9,1.0,2,0.13605427187512342,0,
29223,4,14,1.0,2,0.10516490651689778,0,
29225,3,9,1.0,2,0.1827473073599114,0,
29229,4,11,1.0,2,0.2313171948426757,0,
30003,4,18,1.0,2,0.46460555772297757,0,
30005,4,9,1.0,2,0.12186048936992157,0,
30013,3,18,1.0,2,0.179763855201144,0,
30015,2,13,1.0,2,0.15394511772347722,0,
30021,1,8,1.0,2,0.1332707362027673,0,
30029,2,16,1.0,2,0.1077902310632419,0,
30035,4,5,1.0,2,0.22321925328451575,0,
30047,3,15,1.0,2,0.0993053693497381,0,
30049,1,9,1.0,2,0.13008868398361845,0,
30053,4,6,1.0,2,0.06085418279629242,0,
30061,4,5,1.0,2,0.07520383705253841,0,
30073,3,6,1.0,2,0.1078388542984958,0,
30081,2,9,1.0,2,0.10630518664716404,0,
30087,3,8,1.0,2,0.10734000041120136,0,
30105,3,12,1.0,2,0.12941559019880894,0,
30111,2,16,1.0,2,0.2392302141502409,0,
31001,2,14,1.0,2,0.2153165123841068,0,
31003,2,11,1.0,2,0.20308858732309637,0,
31007,2,8,1.0,2,0.17324593056536824,0,
31011,2,8,1.0,2,0.19841280891180801,0,
31013,2,3,1.0,2,0.17366468422653702,0,
31023,1,14,1.0,2,0.18396468042097675,0,
31025,1,20,1.0,2,0.17317141098591718,0,
31029,2,7,1.0,2,0.13391607013937257,0,
31033,1,5,1.0,2,0.1781838949403157,0,
31041,1,21,1.0,2,0.16091817217405682,0,
31045,2,6,1.0,2,0.14654819287545726,0,
31061,2,8,1.0,2,0.19237630541333178,0,
31067,2,18,1.0,2,0.1746271632375373,0,
31075,2,3,1.0,2,0.1806206455269986,0,
31079,2,11,1.0,2,0.2163831673990177,0,
31083,2,8,1.0,2,0.20354475193164492,0,
31093,1,11,1.0,2,0.19674006184705684,0,
31095,3,12,1.0,2,0.15663636262333186,0,
31109,2,42,1.0,2,0.18472074602837085,0,
31111,2,14,1.0,2,0.19410642433476732,0,
31119,2,8,1.0,2,0.20942034653438213,0,
31131,1,19,1.0,2,0.18336165288090533,0,
31135,1,10,1.0,2,0.1824247340630438,0,
31141,1,11,1.0,2,0.21698703739032535,0,
31153,1,13,1.0,2,0.18733851929992928,0,
31155,1,18,1.0,2,0.18272050430887052,0,
31157,3,8,1.0,2,0.19278753926462167,0,
31161,2,9,1.0,2,0.1703244872529531,0,
31173,4,10,1.0,2,0.224790266661012,0,
31177,1,15,1.0,2,0.1740194061641094,0,
31179,2,11,1.0,2,0.16079651069814688,0,
31185,1,15,1.0,2,0.2055844856875681,0,
32001,2,2,1.0,2,0.5331175803815595,1,
32005,1,9,1.0,2,0.3486197611658688,0,
32007,1,14,1.0,2,0.12479440999556249,0,
32013,1,7,1.0,2,0.1356523771565764,0,
32017,1,5,1.0,2,0.057099225315173904,0,
32019,3,9,1.0,2,0.633669179060535,1,
32021,3,5,1.0,2,0.36462483719265215,0,
32033,2,7,1.0,2,0.11768489938004598,0,
33005,1,27,1.0,2,0.1076659932647912,0,
33007,2,16,1.0,2,0.11194579355854903,0,
33009,1,37,1.0,2,0.13194901536581516,0,
33011,1,34,1.0,2,0.2044223346063072,0,
33013,1,31,1.0,2,0.16840139038782395,0,
33015,1,37,1.0,2,0.1743634310782776,0,
34009,1,15,1.0,2,0.49869277840549914,0,
34011,1,22,1.0,2,0.33625808243977034,0,
34015,1,30,1.0,2,0.3626775425470533,0,
34019,1,26,1.0,2,0.1937554169978548,0,
34021,1,25,1.0,2,0.6765930203365098,1,
34027,1,56,1.0,2,0.20117367663337443,0,
34031,2,33,1.0,2,0.7771244307187787,1,
34033,2,14,1.0,2,0.495857535689777,0,
34035,1,32,1.0,2,0.2412886881659418,0,
34037,1,21,1.0,2,0.15794263323217278,0,
34041,1,19,1.0,2,0.16245255975710224,0,
35005,4,9,1.0,2,0.6917906098464038,1,
35007,4,9,1.0,2,0.28235547478088485,0,
35009,1,7,1.0,2,0.5613657924638145,1,
35015,3,8,1.0,2,0.23749457802323926,0,
35017,4,16,1.0,2,0.23473500787805127,0,
35019,2,5,1.0,2,0.16327374773337822,0,
35025,3,7,1.0,2,0.6591356189833677,1,
35029,4,3,1.0,2,0.4276145564513205,0,
35035,4,18,1.0,2,0.6732972625541138,1,
35037,4,10,1.0,2,0.2987219766295996,0,
35039,1,37,1.0,2,0.43496924123119446,0,
35041,4,9,1.0,2,0.3264346982348983,0,
35043,1,21,1.0,2,0.49944354627339727,0,
35049,2,15,1.0,2,0.3925387272170648,0,
35051,4,10,1.0,2,0.7382470065345288,1,
35053,4,14,1.0,2,0.784732188560136,1,
35055,4,21,1.0,2,0.1813645463515448,0,
35061,4,8,1.0,2,0.7326340308715373,1,
36001,2,46,1.0,2,0.432912486494711,0,
36003,3,37,1.0,2,0.14456678941902795,0,
36007,3,31,1.0,2,0.33279552841237126,0,
36009,1,36,1.0,2,0.04520935289436005,0,
36011,1,26,1.0,2,0.11714923153328591,0,
36013,3,36,1.0,2,0.377944588625519,0,
36015,2,22,1.0,2,0.24703718975558858,0,
36021,2,36,1.0,2,0.3193067787085745,0,
36023,3,17,1.0,2,0.1697885071877527,0,
36027,1,35,1.0,2,0.350808532171242,0,
36031,2,34,1.0,2,0.12903215117591582,0,
36033,3,23,1.0,2,0.11650939119062861,0,
36037,2,18,1.0,2,0.18952964367122815,0,
36039,2,42,1.0,2,0.15675463423534586,0,
36041,2,13,1.0,2,0.14265624589515297,0,
36043,3,28,1.0,2,0.16821258341767814,0,
36045,3,39,1.0,2,0.2618109397262663,0,
36053,1,31,1.0,2,0.15907042520165365,0,
36055,1,50,1.0,2,0.7524391116745376,1,
36057,3,20,1.0,2,0.4308718267221317,0,
36063,1,22,1.0,2,0.7430292694384665,1,
36065,2,54,1.0,2,0.42316629352528906,0,
36071,1,51,1.0,2,0.2697397761367196,0,
36073,3,15,1.0,2,0.45024386091969987,0,
36075,3,27,1.0,2,0.1937592760241861,0,
36077,3,43,1.0,2,0.13982621027493397,0,
36083,2,29,1.0,2,0.23497214668710598,0,
36089,3,49,1.0,2,0.12215000164742133,0,
36091,1,27,1.0,2,0.19900898414165696,0,
36093,1,19,1.0,2,0.3213290081699383,0,
36099,2,14,1.0,2,0.36492014804058265,0,
36101,3,39,1.0,2,0.16825719571072525,0,
36105,2,62,1.0,2,0.18851731524701057,0,
36107,2,15,1.0,2,0.1718746942078173,0,
36109,1,17,1.0,2,0.5632953780654932,1,
36111,2,63,1.0,2,0.22709479023547519,0,
36115,2,27,1.0,2,0.19888683860675643,0,
36117,2,20,1.0,2,0.24529076242990175,0,
37001,3,12,1.0,2,0.35961133616884666,0,
37003,2,8,1.0,2,0.14362486524889814,0,
37007,4,8,1.0,2,0.1823822920283878,0,
37013,4,15,1.0,2,0.1823134547803361,0,
37015,4,10,1.0,2,0.1876621541832641,0,
37017,4,18,1.0,2,0.2544264053969117,0,
37019,2,14,1.0,2,0.18394644271519783,0,
37021,2,19,1.0,2,0.13404239895925013,0,
37023,4,16,1.0,2,0.20473478962930225,0,
37025,2,16,1.0,2,0.3498754129232653,0,
37027,3,10,1.0,2,0.19232838289554943,0,
37031,2,19,1.0,2,0.15536128202223132,0,
37035,2,14,1.0,2,0.23894345484508242,0,
37037,1,18,1.0,2,0.17072494608387734,0,
37039,3,4,1.0,2,0.1056728558867493,0,
37041,3,4,1.0,2,0.2553633468035177,0,
37043,3,5,1.0,2,0.10435327512009597,0,
37045,1,13,1.0,2,0.5774343712146939,1,
37047,4,16,1.0,2,0.21551126401354118,0,
37049,2,11,1.0,2,0.17071878833077334,0,
37051,1,24,1.0,2,0.20867706407450642,0,
37053,1,15,1.0,2,0.13670635014137797,0,
37055,1,14,1.0,2,0.1938825238272306,0,
37057,3,12,1.0,2,0.29932918494767824,0,
37059,2,6,1.0,2,0.15649983459359293,0,
37061,4,19,1.0,2,0.2713383950737313,0,
37063,2,16,1.0,2,0.29967142475604247,0,
37065,4,15,1.0,2,0.5449323148348267,1,
37067,1,22,1.0,2,0.4055187280567101,0,
37069,3,13,1.0,2,0.177698015588569,0,
37071,3,18,1.0,2,0.44385584266738476,0,
37077,3,12,1.0,2,0.1441165023784857,0,
37079,4,11,1.0,2,0.30773721985843666,0,
37083,4,9,1.0,2,0.401599493395453,0,
37085,3,16,1.0,2,0.14987238698008554,0,
37089,2,15,1.0,2,0.19239493357199183,0,
37091,4,9,1.0,2,0.34398306097873743,0,
37093,3,9,1.0,2,0.38589974267555827,0,
37101,2,21,1.0,2,0.1559848797755899,0,
37105,3,4,1.0,2,0.2071269015082056,0,
37107,4,10,1.0,2,0.5663627511605056,1,
37109,2,11,1.0,2,0.2515825014320876,0,
37111,3,9,1.0,2,0.11555703832461942,0,
37125,2,18,1.0,2,0.20169597981294557,0,
37127,3,15,1.0,2,0.3306233528994996,0,
37129,3,10,1.0,2,0.2282679660672689,0,
37131,4,12,1.0,2,0.13915495543899647,0,
37133,3,16,1.0,2,0.19189564868340891,0,
37135,2,14,1.0,2,0.13784107868265064,0,
37141,3,13,1.0,2,0.14257410676644433,0,
37147,4,17,1.0,2,0.24195448972291228,0,
37151,3,24,1.0,2,0.22000953694945682,0,
37153,4,11,1.0,2,0.5993167584824387,1,
37157,3,11,1.0,2,0.24277201554948585,0,
37159,3,19,1.0,2,0.3844341867663315,0,
37161,1,16,1.0,2,0.16919111362160338,0,
37163,4,17,1.0,2,0.45636997593095663,0,
37165,4,7,1.0,2,0.6467102003022471,1,
37169,2,16,1.0,2,0.15122194399819094,0,
37171,4,12,1.0,2,0.21750698923770564,0,
37175,3,10,1.0,2,0.1421132962354239,0,
37179,1,12,1.0,2,0.25021882394908074,0,
37181,4,8,1.0,2,0.584975113860652,1,
37185,4,8,1.0,2,0.20728157243385284,0,
37187,4,4,1.0,2,0.2143427566588635,0,
37189,4,10,1.0,2,0.09566084273128256,0,
37191,1,14,1.0,2,0.2619353243450001,0,
37193,4,23,1.0,2,0.1302077857993458,0,
37195,4,17,1.0,2,0.5439068632918846,1,
38015,1,12,1.0,2,0.20299696065480363,0,
38027,2,7,1.0,2,0.19823431415374487,0,
38035,1,22,1.0,2,0.13707170938254562,0,
38037,2,13,1.0,2,0.17332062948849686,0,
38067,1,13,1.0,2,0.19073130585794304,0,
38073,1,11,1.0,2,0.19853453989485792,0,
38085,4,9,1.0,2,0.3294917081052165,0,
38099,2,16,1.0,2,0.2105772524282415,0,
38101,1,24,1.0,2,0.1251387390494536,0,
39001,4,11,1.0,2,0.345608267037395,0,
39007,4,19,1.0,2,0.6160473775072504,1,
39009,4,18,1.0,2,0.19333755167029187,0,
39013,2,27,1.0,2,0.2628793463755552,0,
39017,2,17,1.0,2,0.5716403246093938,1,
39019,2,20,1.0,2,0.17725588264680733,0,
39023,3,22,1.0,2,0.7490454881475492,1,
39025,1,23,1.0,2,0.36655576572737386,0,
39037,2,25,1.0,2,0.47473396188464534,0,
39041,1,24,1.0,2,0.21600161786523886,0,
39045,1,19,1.0,2,0.1616284204253422,0,
39055,1,20,1.0,2,0.2085181165549009,0,
39059,3,20,1.0,2,0.2807497094983854,0,
39063,1,24,1.0,2,0.28434980069412985,0,
39065,3,15,1.0,2,0.37764080994276134,0,
39071,4,15,1.0,2,0.4097157215287686,0,
39073,3,16,1.0,2,0.1066924064501133,0,
39075,1,18,1.0,2,0.13245177258395063,0,
39077,2,14,1.0,2,0.3115857435592801,0,
39079,4,11,1.0,2,0.28681141844325136,0,
39081,3,23,1.0,2,0.5993516180966636,1,
39085,1,11,1.0,2,0.5376140686686774,1,
39087,3,14,1.0,2,0.4697885426915457,0,
39089,2,28,1.0,2,0.21998077848006004,0,
39091,2,18,1.0,2,0.3283820056623178,0,
39093,2,24,1.0,2,0.6054128523056607,1,
39099,2,36,1.0,2,0.6809716520740681,1,
39101,3,14,1.0,2,0.4757571654540387,0,
39103,1,24,1.0,2,0.17447374796834386,0,
39107,1,18,1.0,2,0.33896471248867943,0,
39111,3,15,1.0,2,0.11525780653698706,0,
39117,2,16,1.0,2,0.17992666783351335,0,
39119,3,22,1.0,2,0.32501250193262116,0,
39121,2,15,1.0,2,0.11685241958596518,0,
39123,2,18,1.0,2,0.7313844281657614,1,
39125,1,15,1.0,2,0.33633487262504097,0,
39127,3,17,1.0,2,0.10499453517155632,0,
39129,2,17,1.0,2,0.155728853347979,0,
39131,4,11,1.0,2,0.3759078889968013,0,
39133,1,24,1.0,2,0.6942491619553635,1,
39135,1,16,1.0,2,0.3083113832842205,0,
39137,1,17,1.0,2,0.2962942540693311,0,
39139,1,19,1.0,2,0.0840840026653232,0,
39141,3,16,1.0,2,0.24643426038788804,0,
39143,2,17,1.0,2,0.6181811758224037,1,
39145,4,20,1.0,2,0.5575598288432541,1,
39147,2,20,1.0,2,0.32124895777615003,0,
39151,1,42,1.0,2,0.5321108557995406,1,
39155,3,30,1.0,2,0.6764207466361395,1,
39159,1,20,1.0,2,0.25190851150090204,0,
39165,1,24,1.0,2,0.2865751583158941,0,
39167,3,20,1.0,2,0.15748189603248697,0,
39169,2,25,1.0,2,0.28346105972399355,0,
39171,1,12,1.0,2,0.36078030941977596,0,
39173,2,32,1.0,2,0.4810311802897304,0,
40001,4,8,1.0,2,0.480258021489893,0,
40003,1,13,1.0,2,0.2442286636705301,0,
40009,3,6,1.0,2,0.31431860930327155,0,
40011,3,13,1.0,2,0.34233353327050564,0,
40013,4,14,1.0,2,0.7390297925081649,1,
40015,4,16,1.0,2,0.7090221202642374,1,
40017,1,13,1.0,2,0.5936475175259746,1,
40019,3,13,1.0,2,0.7474703672481925,1,
40021,4,16,1.0,2,0.6131004855359032,1,
40023,4,12,1.0,2,0.5684153778785194,1,
40025,3,4,1.0,2,0.3316379410079144,0,
40035,4,10,1.0,2,0.6879891519487743,1,
40037,3,21,1.0,2,0.46203450338799995,0,
40039,4,13,1.0,2,0.6502744732944744,1,
40041,4,13,1.0,2,0.5917106454173371,1,
40043,3,12,1.0,2,0.3192956434210807,0,
40045,3,7,1.0,2,0.18189095480465006,0,
40047,1,22,1.0,2,0.2551453156691162,0,
40049,3,13,1.0,2,0.609274011742232,1,
40051,2,14,1.0,2,0.5770710561012896,1,
40053,1,10,1.0,2,0.1339535320918607,0,
40055,4,4,1.0,2,0.14223270274568672,0,
40059,2,7,1.0,2,0.21079259602883668,0,
40063,4,10,1.0,2,0.37876772515615953,0,
40065,3,9,1.0,2,0.7726327928905468,1,
40067,4,8,1.0,2,0.6317792052470503,1,
40069,4,13,1.0,2,0.5286207329185603,1,
40071,4,10,1.0,2,0.6754410867579324,1,
40073,2,12,1.0,2,0.460062791674261,0,
40075,4,9,1.0,2,0.7303777150912764,1,
40077,4,7,1.0,2,0.24649314150056278,0,
40079,4,23,1.0,2,0.45471652010411573,0,
40081,3,16,1.0,2,0.3121355120387279,0,
40083,2,15,1.0,2,0.46082629444945933,0,
40085,3,8,1.0,2,0.7091949085324779,1,
40089,4,15,1.0,2,0.6760238849229443,1,
40091,4,11,1.0,2,0.5525377423061701,1,
40095,4,3,1.0,2,0.7664051897989331,1,
40097,4,17,1.0,2,0.708519947767179,1,
40099,3,7,1.0,2,0.7082226614767183,1,
40101,4,15,1.0,2,0.7877852018533202,1,
40105,3,7,1.0,2,0.5031739022603275,1,
40107,4,11,1.0,2,0.35519863798233015,0,
40111,4,11,1.0,2,0.6544119982740266,1,
40113,3,22,1.0,2,0.7386525469350406,1,
40115,4,9,1.0,2,0.754347491194186,1,
40117,3,12,1.0,2,0.5020994073581853,1,
40119,1,14,1.0,2,0.6029255709084037,1,
40121,3,19,1.0,2,0.5283053713202608,1,
40123,3,10,1.0,2,0.6343362429946918,1,
40127,4,16,1.0,2,0.29318905899765424,0,
40131,1,12,1.0,2,0.5321127525397059,1,
40133,4,10,1.0,2,0.5781666772004883,1,
40135,4,9,1.0,2,0.5657444552039281,1,
40137,3,10,1.0,2,0.73127493951597,1,
40139,4,9,1.0,2,0.3224530025804451,0,
40141,4,8,1.0,2,0.7467333431720642,1,
40145,2,15,1.0,2,0.5200571783992175,1,
40147,1,12,1.0,2,0.6071603174374866,1,
40149,3,18,1.0,2,0.47412613264885184,0,
40153,2,11,1.0,2,0.18394622850096545,0,
41001,3,12,1.0,2,0.1060164789541489,0,
41003,1,10,1.0,2,0.5622668945759242,1,
41005,1,37,1.0,2,0.325874213907079,0,
41009,2,9,1.0,2,0.16646389707452944,0,
41011,3,10,1.0,2,0.28514363533652537,0,
41013,2,6,1.0,2,0.15709255009485676,0,
41015,2,7,1.0,2,0.17474980801822812,0,
41017,1,7,1.0,2,0.23209797205197197,0,
41019,3,28,1.0,2,0.3120308928976838,0,
41023,3,11,1.0,2,0.16998244438679566,0,
41027,2,3,1.0,2,0.2589692171077835,0,
41029,3,18,1.0,2,0.6611108579963636,1,
41031,3,8,1.0,2,0.34517347784994973,0,
41033,4,11,1.0,2,0.7084885155446142,1,
41035,4,17,1.0,2,0.601354141831001,1,
41039,3,39,1.0,2,0.3488616341372886,0,
41041,3,18,1.0,2,0.2521089720547923,0,
41043,2,20,1.0,2,0.3869460344489598,0,
41047,3,26,1.0,2,0.6500220302849169,1,
41049,3,7,1.0,2,0.6977347368767449,1,
41053,2,11,1.0,2,0.18597003441831353,0,
41059,3,14,1.0,2,0.577244531218218,1,
41061,3,8,1.0,2,0.12947023240789504,0,
41065,3,8,1.0,2,0.38322484839109616,0,
41067,1,30,1.0,2,0.21057275085031513,0,
42001,1,17,1.0,2,0.14189554530271697,0,
42005,2,36,1.0,2,0.2317722722439366,0,
42009,2,28,1.0,2,0.09042598775871892,0,
42011,1,62,1.0,2,0.451551363500804,0,
42013,3,19,1.0,2,0.18732797521294153,0,
42015,2,27,1.0,2,0.10645957449461711,0,
42021,1,51,1.0,2,0.10442035763084193,0,
42025,2,20,1.0,2,0.1518943264392883,0,
42027,2,33,1.0,2,0.10280429581263345,0,
42033,3,51,1.0,2,0.10166891253981203,0,
42037,2,19,1.0,2,0.08532540470199698,0,
42039,3,27,1.0,2,0.12460156196748973,0,
42041,1,21,1.0,2,0.1640105706943567,0,
42043,2,30,1.0,2,0.2504722482990338,0,
42047,2,14,1.0,2,0.12192642909267598,0,
42051,3,62,1.0,2,0.2934310302446459,0,
42053,4,11,1.0,2,0.07325672420951435,0,
42055,1,30,1.0,2,0.13486146635539337,0,
42059,2,26,1.0,2,0.11134876134276694,0,
42061,2,33,1.0,2,0.06749309888484639,0,
42065,3,30,1.0,2,0.15429031414741085,0,
42069,2,28,1.0,2,0.3156510764286492,0,
42073,2,22,1.0,2,0.2848389987494863,0,
42075,2,19,1.0,2,0.29548933263276733,0,
42079,3,50,1.0,2,0.24890742130579369,0,
42081,2,25,1.0,2,0.09275967692070727,0,
42085,2,28,1.0,2,0.21169812318902534,0,
42087,3,13,1.0,2,0.14634078499135114,0,
42089,2,35,1.0,2,0.26103546328744875,0,
42095,1,26,1.0,2,0.36516939994710373,0,
42097,2,28,1.0,2,0.1153452299972201,0,
42099,2,16,1.0,2,0.08084696397336143,0,
42107,2,59,1.0,2,0.10993762852266256,0,
42109,2,15,1.0,2,0.09906741595942783,0,
42111,2,40,1.0,2,0.13023859905842314,0,
42115,2,29,1.0,2,0.09196485830853618,0,
42119,1,14,1.0,2,0.10155167908218692,0,
42123,2,19,1.0,2,0.10203596427061949,0,
42125,1,64,1.0,2,0.23498225252176966,0,
42127,2,30,1.0,2,0.12827796722529358,0,
42129,1,86,1.0,2,0.2489204088066348,0,
44003,1,9,1.0,2,0.579182417977496,1,
44005,1,8,1.0,2,0.36488956094411085,0,
44009,1,20,1.0,2,0.325510516308961,0,
45001,4,13,1.0,2,0.2726124336277468,0,
45005,4,6,1.0,2,0.41715312567664214,0,
45009,4,8,1.0,2,0.3784952255731606,0,
45011,4,7,1.0,2,0.4505105923374625,0,
45013,1,16,1.0,2,0.12438094268098068,0,
45015,2,17,1.0,2,0.22593300958490517,0,
45017,4,7,1.0,2,0.3142485900298177,0,
45021,4,8,1.0,2,0.6182486874718469,1,
45023,4,10,1.0,2,0.5991183375084044,1,
45025,4,11,1.0,2,0.4811214361769777,0,
45027,4,11,1.0,2,0.38754763547891846,0,
45029,4,14,1.0,2,0.4312651965868137,0,
45031,4,10,1.0,2,0.47109057192408965,0,
45033,4,11,1.0,2,0.6381749663049061,1,
45035,2,15,1.0,2,0.19639522239888257,0,
45037,3,10,1.0,2,0.1380759279415154,0,
45039,4,9,1.0,2,0.21541137008601224,0,
45041,3,12,1.0,2,0.49478203467140586,0,
45043,3,5,1.0,2,0.25119450278360683,0,
45047,4,9,1.0,2,0.46338642785365564,0,
45049,4,13,1.0,2,0.40712203585794404,0,
45051,3,16,1.0,2,0.4991092043292921,0,
45055,3,13,1.0,2,0.2553028904212544,0,
45057,3,5,1.0,2,0.49181084227694877,0,
45059,4,16,1.0,2,0.36041789547493563,0,
45067,4,7,1.0,2,0.5615972887960768,1,
45069,4,8,1.0,2,0.4991149505125594,0,
45073,3,13,1.0,2,0.39018711254142124,0,
45077,3,15,1.0,2,0.2684853621075829,0,
45081,4,12,1.0,2,0.31440891315345,0,
45085,4,15,1.0,2,0.6244650180260903,1,
45087,4,9,1.0,2,0.33212591082823006,0,
45089,4,12,1.0,2,0.3523591100084174,0,
45091,1,15,1.0,2,0.5836527432498183,1,
46009,2,7,1.0,2,0.20335930579234696,0,
46013,1,20,1.0,2,0.19733286245592443,0,
46029,2,10,1.0,2,0.21200725874214682,0,
46031,4,15,1.0,2,0.24886239952681652,0,
46033,3,9,1.0,2,0.15163094445670713,0,
46035,2,6,1.0,2,0.2040443648176196,0,
46037,2,11,1.0,2,0.18434745702539526,0,
46059,1,8,1.0,2,0.20396740824782802,0,
46065,1,3,1.0,2,0.20940603330433147,0,
46067,2,13,1.0,2,0.21677068901434698,0,
46077,1,9,1.0,2,0.20914131908807915,0,
46083,1,12,1.0,2,0.2307640628488083,0,
46091,1,10,1.0,2,0.20124441688731026,0,
46093,2,18,1.0,2,0.15288999777549017,0,
46099,1,23,1.0,2,0.21272003024952482,0,
46103,2,20,1.0,2,0.16285345898262274,0,
46109,4,16,1.0,2,0.1889956075998589,0,
46121,4,9,1.0,2,0.47229709870709147,0,
46129,1,7,1.0,2,0.202658100593029,0,
46135,2,10,1.0,2,0.20843786438632295,0,
47001,3,11,1.0,2,0.43737553824877756,0,
47003,3,13,1.0,2,0.7133874057533482,1,
47005,4,7,1.0,2,0.4736113827110034,0,
47009,2,13,1.0,2,0.568061607565157,1,
47011,3,8,1.0,2,0.4366259113962514,0,
47013,4,11,1.0,2,0.506591119372742,1,
47017,4,14,1.0,2,0.29846821556210024,0,
47019,4,8,1.0,2,0.637349466746126,1,
47021,2,12,1.0,2,0.18795431743181124,0,
47025,1,10,1.0,2,0.4584865265540376,0,
47027,4,7,1.0,2,0.5354259789465815,1,
47031,3,9,1.0,2,0.5869059642234397,1,
47033,4,8,1.0,2,0.6790260518497305,1,
47035,3,11,1.0,2,0.4664698797377807,0,
47043,2,11,1.0,2,0.1907069079338961,0,
47045,4,11,1.0,2,0.7297481286881589,1,
47049,4,9,1.0,2,0.4283396875703867,0,
47053,4,11,1.0,2,0.5697935560175922,1,
47055,3,17,1.0,2,0.5818970122007929,1,
47059,4,10,1.0,2,0.4770957398744173,0,
47063,4,7,1.0,2,0.7331408541454472,1,
47067,4,5,1.0,2,0.4298006383369155,0,
47069,4,12,1.0,2,0.3039559791946282,0,
47071,4,13,1.0,2,0.4807505519087907,0,
47073,4,12,1.0,2,0.5503890349134011,1,
47075,4,6,1.0,2,0.6047878863767456,1,
47077,4,14,1.0,2,0.35189018277011114,0,
47079,4,9,1.0,2,0.45328249419130484,0,
47085,3,4,1.0,2,0.13194102372296268,0,
47089,3,10,1.0,2,0.4981617995554901,0,
47097,4,4,1.0,2,0.4154439988752451,0,
47099,4,11,1.0,2,0.285312162900439,0,
47101,4,7,1.0,2,0.1871683490379746,0,
47107,4,12,1.0,2,0.7302710999070057,1,
47109,4,15,1.0,2,0.4090571232486287,0,
47111,4,8,1.0,2,0.5265360189082868,1,
47117,3,12,1.0,2,0.6419987780900962,1,
47119,1,10,1.0,2,0.5705659169532699,1,
47121,3,6,1.0,2,0.27399998498591693,0,
47123,4,9,1.0,2,0.6724236471471986,1,
47125,3,15,1.0,2,0.34407388417422535,0,
47129,4,12,1.0,2,0.34883378447018676,0,
47131,4,12,1.0,2,0.6432343083658462,1,
47135,4,4,1.0,2,0.19909503352295074,0,
47139,3,12,1.0,2,0.15625106496200672,0,
47141,1,10,1.0,2,0.7336084524260323,1,
47145,2,10,1.0,2,0.46575853905456827,0,
47147,2,12,1.0,2,0.44400974558632056,0,
47149,1,20,1.0,2,0.5953478323988123,1,
47155,3,10,1.0,2,0.33862718420344484,0,
47159,3,15,1.0,2,0.3021262290540888,0,
47163,3,12,1.0,2,0.6612900837346289,1,
47165,1,10,1.0,2,0.37658583828791714,0,
47167,2,10,1.0,2,0.32489210092137255,0,
47175,4,7,1.0,2,0.44359430623273405,0,
47177,4,6,1.0,2,0.7449157027049677,1,
47179,1,13,1.0,2,0.687163372445943,1,
47181,4,10,1.0,2,0.20002967395391902,0,
47183,4,12,1.0,2,0.43436285307898426,0,
47185,4,5,1.0,2,0.5658062100736081,1,
47187,1,16,1.0,2,0.20144017230493486,0,
47189,1,12,1.0,2,0.46585721282697845,0,
48001,3,10,1.0,2,0.4453684696170025,0,
48003,2,1,1.0,2,0.3454631433463182,0,
48005,4,6,1.0,2,0.3974596045015141,0,
48007,4,5,1.0,2,0.7030805382805259,1,
48009,2,10,1.0,2,0.356457350248633,0,
48013,3,15,1.0,2,0.7156300162334093,1,
48015,2,13,1.0,2,0.49091001956524455,0,
48017,1,6,1.0,2,0.1627789454424155,0,
48019,2,7,1.0,2,0.4320332855112471,0,
48021,2,15,1.0,2,0.4182122850468852,0,
48023,2,2,1.0,2,0.13960422787439386,0,
48025,4,11,1.0,2,0.4417933081901778,0,
48031,1,8,1.0,2,0.18934886881090596,0,
48035,3,11,1.0,2,0.2607051336825245,0,
48037,3,10,1.0,2,0.43590298017168067,0,
48043,3,4,1.0,2,0.14830760961482725,0,
48047,4,2,1.0,2,0.5043765906367756,1,
48049,3,10,1.0,2,0.21867319716988662,0,
48051,2,5,1.0,2,0.46290277746958275,0,
48053,2,13,1.0,2,0.2957754040968514,0,
48055,3,14,1.0,2,0.47829064467835547,0,
48057,3,6,1.0,2,0.476384978633418,0,
48063,3,2,1.0,2,0.5859256046785577,1,
48067,4,14,1.0,2,0.26315538597519766,0,
48071,2,11,1.0,2,0.6068763113804051,1,
48073,4,12,1.0,2,0.6178516304447669,1,
48075,4,4,1.0,2,0.16087804189908367,0,
48077,2,9,1.0,2,0.33937518846196224,0,
48081,3,4,1.0,2,0.15674159440400448,0,
48083,2,15,1.0,2,0.1552097772170864,0,
48087,4,5,1.0,2,0.23417846367042713,0,
48089,2,18,1.0,2,0.3461144109031723,0,
48091,1,14,1.0,2,0.4108910191112008,0,
48093,2,14,1.0,2,0.12421187243247475,0,
48097,2,14,1.0,2,0.5190406997623178,1,
48099,1,17,1.0,2,0.1296013463941525,0,
48101,4,3,1.0,2,0.19844458286914204,0,
48109,4,2,1.0,2,0.2825144525963388,0,
48117,4,6,1.0,2,0.3297427187384696,0,
48119,3,7,1.0,2,0.3372046666509342,0,
48123,3,9,1.0,2,0.35765029378325586,0,
48125,4,7,1.0,2,0.1664207681629644,0,
48127,4,6,1.0,2,0.5332028909529188,1,
48131,4,8,1.0,2,0.29879958641191545,0,
48133,4,9,1.0,2,0.28067185167850556,0,
48135,2,8,1.0,2,0.8685261248506784,1,
48139,1,20,1.0,2,0.529877943927527,1,
48143,1,13,1.0,2,0.5739171612575358,1,
48145,3,17,1.0,2,0.5929159729712083,1,
48147,2,19,1.0,2,0.3217034992403145,0,
48149,2,15,1.0,2,0.27331269573791683,0,
48151,3,9,1.0,2,0.3860504849584465,0,
48159,1,7,1.0,2,0.27064128095675155,0,
48161,4,9,1.0,2,0.7272579801140694,1,
48169,4,4,1.0,2,0.26132793399776716,0,
48171,2,7,1.0,2,0.28585774787193546,0,
48177,3,14,1.0,2,0.24722971069625133,0,
48185,3,11,1.0,2,0.6137817175721333,1,
48193,3,10,1.0,2,0.2095486809807956,0,
48197,3,2,1.0,2,0.21963742136358497,0,
48199,2,12,1.0,2,0.23666381647300255,0,
48203,3,12,1.0,2,0.48182107884160136,0,
48207,4,11,1.0,2,0.3975740383998828,0,
48209,2,14,1.0,2,0.4741093477024745,0,
48217,2,19,1.0,2,0.5674535550491104,1,
48219,4,10,1.0,2,0.6760421947763602,1,
48221,1,8,1.0,2,0.6279797847604471,1,
48223,3,13,1.0,2,0.4759313737599609,0,
48225,4,7,1.0,2,0.559402624793001,1,
48227,3,5,1.0,2,0.7189359939785024,1,
48233,3,7,1.0,2,0.786384203459171,1,
48239,2,10,1.0,2,0.18491469391327614,0,
48241,4,9,1.0,2,0.32952759025704653,0,
48247,4,1,1.0,2,0.2856911390492052,0,
48249,4,8,1.0,2,0.42067357311870845,0,
48251,2,16,1.0,2,0.6244215203314039,1,
48255,3,8,1.0,2,0.6510291058149097,1,
48259,1,8,1.0,2,0.20264788661610575,0,
48261,4,2,1.0,2,0.6709617059830314,1,
48265,3,10,1.0,2,0.5790199929793668,1,
48269,4,2,1.0,2,0.18868360169966306,0,
48273,4,4,1.0,2,0.6590512847017373,1,
48275,4,6,1.0,2,0.262117363748243,0,
48277,3,13,1.0,2,0.6163224226934679,1,
48281,2,6,1.0,2,0.20138306914383058,0,
48285,2,7,1.0,2,0.17279200570548753,0,
48287,2,9,1.0,2,0.23039405636325913,0,
48289,3,8,1.0,2,0.6165442268108171,1,
48291,3,14,1.0,2,0.5241677942437375,1,
48293,4,14,1.0,2,0.7110918751091198,1,
48299,1,10,1.0,2,0.45012733607046335,0,
48303,1,25,1.0,2,0.7513857186854462,1,
48307,3,6,1.0,2,0.17708428698287726,0,
48313,2,5,1.0,2,0.3929688101987244,0,
48315,4,7,1.0,2,0.22538690066361888,0,
48317,1,8,1.0,2,0.598732820097913,1,
48321,1,12,1.0,2,0.5132970365076431,1,
48323,4,3,1.0,2,0.7601886415744918,1,
48329,1,9,1.0,2,0.7243553945730978,1,
48331,3,13,1.0,2,0.5167613269547757,1,
48335,2,3,1.0,2,0.13432698451862288,0,
48337,3,10,1.0,2,0.6212020009897429,1,
48341,2,6,1.0,2,0.3999810521373232,0,
48343,4,7,1.0,2,0.6566429883625821,1,
48347,1,10,1.0,2,0.7277705319838095,1,
48349,4,17,1.0,2,0.7216646464116508,1,
48353,3,9,1.0,2,0.47820208440214723,0,
48361,2,4,1.0,2,0.6784028748659877,1,
48363,4,12,1.0,2,0.4378172068740364,0,
48365,3,13,1.0,2,0.3472099592985389,0,
48367,1,18,1.0,2,0.44994775799906117,0,
48371,3,6,1.0,2,0.4111059243949636,0,
48373,3,9,1.0,2,0.29658875352673963,0,
48375,4,16,1.0,2,0.817368371336813,1,
48377,4,4,1.0,2,0.49062263932305783,0,
48381,1,15,1.0,2,0.4091477415195284,0,
48387,4,9,1.0,2,0.406593301063697,0,
48389,3,4,1.0,2,0.2650266977242148,0,
48391,3,5,1.0,2,0.14356107220264522,0,
48395,3,9,1.0,2,0.5109706067879742,1,
48397,1,9,1.0,2,0.38208891672623674,0,
48399,3,11,1.0,2,0.18400395868191258,0,
48401,3,16,1.0,2,0.5082486187807619,1,
48405,4,4,1.0,2,0.2605701804046989,0,
48407,4,8,1.0,2,0.5565402360737083,1,
48409,3,9,1.0,2,0.4832832107899543,0,
48411,3,7,1.0,2,0.09877798704695367,0,
48415,3,8,1.0,2,0.4004243135558828,0,
48419,4,7,1.0,2,0.3610607870895505,0,
48427,4,10,1.0,2,0.7605347074970157,1,
48429,4,8,1.0,2,0.25770830338207085,0,
48437,4,5,1.0,2,0.514446931996343,1,
48441,1,17,1.0,2,0.6937883376464162,1,
48445,4,6,1.0,2,0.5473901994006709,1,
48449,4,6,1.0,2,0.6659050973383523,1,
48451,1,14,1.0,2,0.7319935195753694,1,
48455,4,7,1.0,2,0.49426386023478386,0,
48457,3,10,1.0,2,0.07668824317114131,0,
48459,3,12,1.0,2,0.5502998673519846,1,
48463,4,8,1.0,2,0.6037008880664968,1,
48465,4,5,1.0,2,0.5175432597048444,1,
48467,3,13,1.0,2,0.6676340050214787,1,
48469,3,12,1.0,2,0.6946482059557633,1,
48471,4,9,1.0,2,0.5082971700723232,1,
48473,2,11,1.0,2,0.6213262745530739,1,
48475,3,6,1.0,2,0.8369731601341164,1,
48477,2,7,1.0,2,0.6372233894226357,1,
48481,1,13,1.0,2,0.6937554047217604,1,
48487,4,6,1.0,2,0.6461875581119415,1,
48493,2,12,1.0,2,0.4003379371111906,0,
48495,3,2,1.0,2,0.6653023620336134,1,
48497,2,17,1.0,2,0.534340463906709,1,
48499,3,12,1.0,2,0.45873271634895646,0,
48501,2,4,1.0,2,0.21173183773009052,0,
48503,2,6,1.0,2,0.3669482959080618,0,
48505,4,5,1.0,2,0.6022923467958095,1,
48507,4,4,1.0,2,0.7054622993031576,1,
49003,2,20,1.0,2,0.5138716598233218,1,
49005,3,16,1.0,2,0.48911829912787824,0,
49011,1,13,1.0,2,0.5937677018135357,1,
49019,1,2,1.0,2,0.13342514095158117,0,
49021,4,10,1.0,2,0.1943841568513519,0,
49037,3,12,1.0,2,0.3503602149524516,0,
49039,3,15,1.0,2,0.27999052317530865,0,
49041,3,12,1.0,2,0.4462534074336805,0,
49043,1,9,1.0,2,0.15138975858011733,0,
49057,1,9,1.0,2,0.6785343517635153,1,
50001,1,20,1.0,2,0.15121068671943944,0,
50005,2,22,1.0,2,0.11791853735041169,0,
50007,1,21,1.0,2,0.43180582732589956,0,
50013,1,5,1.0,2,0.18285012442914375,0,
50017,2,31,1.0,2,0.12998324115677462,0,
50019,2,24,1.0,2,0.13206726265379753,0,
50021,1,29,1.0,2,0.1365302123789095,0,
50023,1,26,1.0,2,0.1356559892436328,0,
50025,2,24,1.0,2,0.12706976386633761,0,
51003,2,24,1.0,2,0.14921917351039565,0,
51005,3,7,1.0,2,0.18166224792734226,0,
51007,1,5,1.0,2,0.11131186241539989,0,
51009,2,9,1.0,2,0.1996730923689431,0,
51013,1,11,1.0,2,0.2561587628624641,0,
51015,2,27,1.0,2,0.16281925883792528,0,
51019,1,18,1.0,2,0.14456211771207725,0,
51025,3,16,1.0,2,0.192947136994289,0,
51027,4,16,1.0,2,0.31894165709991973,0,
51031,3,14,1.0,2,0.43875642725097436,0,
51036,2,4,1.0,2,0.17949242142309316,0,
51037,4,14,1.0,2,0.03413502787597111,0,
51047,1,18,1.0,2,0.14443353430371944,0,
51051,4,12,1.0,2,0.31246129563311564,0,
51057,4,8,1.0,2,0.22542540563919639,0,
51061,1,24,1.0,2,0.15935428205371546,0,
51063,2,11,1.0,2,0.09579119524318126,0,
51069,1,12,1.0,2,0.15562937468362745,0,
51073,1,6,1.0,2,0.1524367838629018,0,
51075,1,15,1.0,2,0.18005921800973768,0,
51079,2,5,1.0,2,0.1223589644375644,0,
51081,4,4,1.0,2,0.3083759428506456,0,
51083,3,14,1.0,2,0.2087881384483284,0,
51085,1,12,1.0,2,0.17526692503801844,0,
51087,2,16,1.0,2,0.48918856453432374,0,
51093,1,8,1.0,2,0.18762369615670305,0,
51095,1,4,1.0,2,0.1739307195894547,0,
51103,2,6,1.0,2,0.28100180504982236,0,
51105,4,11,1.0,2,0.2596682883075682,0,
51107,1,21,1.0,2,0.2147389205597768,0,
51111,4,12,1.0,2,0.19591290216736387,0,
51113,2,21,1.0,2,0.05367519382637479,0,
51117,3,13,1.0,2,0.23003021941343468,0,
51119,1,12,1.0,2,0.1945647864625515,0,
51121,3,10,1.0,2,0.19222130153154027,0,
51127,1,6,1.0,2,0.11455649285630834,0,
51131,3,11,1.0,2,0.44068862518731344,0,
51133,2,7,1.0,2,0.3143686667672051,0,
51135,4,7,1.0,2,0.4064248189172507,0,
51139,3,6,1.0,2,0.13330164003334688,0,
51141,3,14,1.0,2,0.12521059069680168,0,
51143,4,20,1.0,2,0.46089356059700287,0,
51145,1,5,1.0,2,0.7464181517993848,1,
51147,1,12,1.0,2,0.7471839777660179,1,
51149,3,7,1.0,2,0.45022131635023577,0,
51153,1,19,1.0,2,0.20301047685263307,0,
51159,3,5,1.0,2,0.25143268747953085,0,
51161,1,14,1.0,2,0.16346314028668363,0,
51171,2,14,1.0,2,0.13952229162412227,0,
51175,3,12,1.0,2,0.25848976257021006,0,
51177,1,13,1.0,2,0.14701359766246422,0,
51179,1,5,1.0,2,0.15464229359566553,0,
51185,1,18,1.0,2,0.2562633227303913,0,
51187,1,7,1.0,2,0.13074941777304108,0,
51191,2,10,1.0,2,0.1169630172897978,0,
51193,2,8,1.0,2,0.273519618728591,0,
51199,1,9,1.0,2,0.18411344785673742,0,
51510,1,8,1.0,2,0.33257628784364984,0,
51520,4,2,1.0,2,0.7544752663609336,1,
51550,1,6,1.0,2,0.2673220476584575,0,
51570,2,1,1.0,2,0.27896480671790114,0,
51590,4,2,1.0,2,0.7154018033119383,1,
51595,4,1,1.0,2,0.32127286030135316,0,
51630,3,3,1.0,2,0.5558337226238405,1,
51650,2,9,1.0,2,0.7120097330088199,1,
51660,1,3,1.0,2,0.7474959027849811,1,
51678,3,1,1.0,2,0.11475754465432006,0,
51680,3,5,1.0,2,0.4347521446794294,0,
51683,1,1,1.0,2,0.32573280425761847,0,
51690,4,1,1.0,2,0.5879049503288115,1,
51700,3,8,1.0,2,0.4973458042075926,0,
51710,1,15,1.0,2,0.5373723745026936,1,
51730,3,2,1.0,2,0.7570687006903393,1,
51740,1,8,1.0,2,0.8014656665291761,1,
51750,1,2,1.0,2,0.7474959361660964,1,
51770,3,10,1.0,2,0.7409745116883532,1,
51800,1,8,1.0,2,0.21056632079569315,0,
51840,3,1,1.0,2,0.529827676744949,1,
53003,3,3,1.0,2,0.4456436500760588,0,
53005,2,12,1.0,2,0.6475225231645897,1,
53007,2,14,1.0,2,0.17543503469898425,0,
53015,3,11,1.0,2,0.21050990315204945,0,
53017,2,13,1.0,2,0.38497899987407613,0,
53021,3,7,1.0,2,0.6397639840604921,1,
53023,3,2,1.0,2,0.20875381502635973,0,
53025,3,18,1.0,2,0.5175066520870477,1,
53029,1,8,1.0,2,0.1884284128760142,0,
53031,2,9,1.0,2,0.12791114024979194,0,
53035,1,20,1.0,2,0.18078748123792232,0,
53041,2,23,1.0,2,0.16839995201584024,0,
53045,2,15,1.0,2,0.22061466466811414,0,
53047,4,22,1.0,2,0.5991289649955128,1,
53057,1,17,1.0,2,0.1635228320856884,0,
53059,1,8,1.0,2,0.15824360646302132,0,
53067,1,14,1.0,2,0.2807904388735989,0,
53071,2,8,1.0,2,0.48404421730609254,0,
53073,2,18,1.0,2,0.26791023709409206,0,
53077,4,22,1.0,2,0.6984956746062555,1,
54003,2,11,1.0,2,0.4232881560234672,0,
54005,4,31,1.0,2,0.27495475168863986,0,
54009,2,8,1.0,2,0.7234145304299756,1,
54011,3,13,1.0,2,0.4791854154213528,0,
54029,3,5,1.0,2,0.7665500139339032,1,
54035,3,15,1.0,2,0.19103099557671438,0,
54037,1,9,1.0,2,0.3714709360042047,0,
54039,1,46,1.0,2,0.6458757110195155,1,
54041,4,11,1.0,2,0.4264042906234586,0,
54049,3,18,1.0,2,0.5081614274401506,1,
54053,3,19,1.0,2,0.35283467371025146,0,
54059,4,18,1.0,2,0.4961465474610191,0,
54061,3,16,1.0,2,0.3004078900988336,0,
54065,3,4,1.0,2,0.14189192299170594,0,
54067,3,25,1.0,2,0.18121367021259183,0,
54069,2,6,1.0,2,0.5894721128633932,1,
54079,2,17,1.0,2,0.25561844238024317,0,
54081,4,42,1.0,2,0.5356529520842458,1,
54083,4,22,1.0,2,0.08192503602215848,0,
54097,4,10,1.0,2,0.19590612596663812,0,
54099,4,17,1.0,2,0.643103149391827,1,
54103,4,12,1.0,2,0.2698919821515236,0,
54107,3,13,1.0,2,0.6527922376810861,1,
55001,2,14,1.0,2,0.1878795076747916,0,
55005,2,19,1.0,2,0.17579927981135512,0,
55007,2,15,1.0,2,0.1485544556916102,0,
55009,1,19,1.0,2,0.1790620637383874,0,
55015,1,14,1.0,2,0.24443561105863565,0,
55017,2,14,1.0,2,0.17358592466026923,0,
55021,1,20,1.0,2,0.19888889399074022,0,
55023,2,13,1.0,2,0.1742266902537971,0,
55027,1,31,1.0,2,0.2154530086579386,0,
55029,1,13,1.0,2,0.20598408805306906,0,
55031,2,12,1.0,2,0.15044132827166645,0,
55039,1,24,1.0,2,0.21948325951356235,0,
55043,3,23,1.0,2,0.18753562900178583,0,
55045,1,12,1.0,2,0.20590614260918172,0,
55055,1,19,1.0,2,0.22077214037299564,0,
55057,3,14,1.0,2,0.1756396686690648,0,
55059,1,17,1.0,2,0.3923155394964426,0,
55061,1,6,1.0,2,0.21147301796827675,0,
55063,2,15,1.0,2,0.1410525641353627,0,
55065,2,14,1.0,2,0.19151848724338819,0,
55069,1,7,1.0,2,0.15232825421467916,0,
55071,1,19,1.0,2,0.2619434563629778,0,
55073,1,28,1.0,2,0.18422403323527303,0,
55075,3,16,1.0,2,0.16793701827674617,0,
55077,2,14,1.0,2,0.1890654081354324,0,
55078,4,4,1.0,2,0.21219590731913945,0,
55081,2,12,1.0,2,0.1683409882312612,0,
55083,1,19,1.0,2,0.1702486150817931,0,
55085,1,14,1.0,2,0.1642836144341874,0,
55087,1,24,1.0,2,0.2711378374282575,0,
55089,1,13,1.0,2,0.23820482440985677,0,
55095,1,20,1.0,2,0.1790760239510264,0,
55097,2,21,1.0,2,0.16545644732363207,0,
55099,2,14,1.0,2,0.16154476774290208,0,
55103,3,14,1.0,2,0.16226664238450028,0,
55105,2,19,1.0,2,0.36919293486281685,0,
55111,1,17,1.0,2,0.19347738156814082,0,
55115,2,25,1.0,2,0.17954255071632688,0,
55117,1,17,1.0,2,0.26668359096957206,0,
55119,2,14,1.0,2,0.1434300812518004,0,
55121,1,14,1.0,2,0.1753193522089105,0,
55123,3,18,1.0,2,0.17141931793092519,0,
55125,2,12,1.0,2,0.15316768032078065,0,
55127,1,16,1.0,2,0.23786104727886948,0,
55131,1,18,1.0,2,0.21076738092533182,0,
55133,1,30,1.0,2,0.22470484620952508,0,
55135,1,16,1.0,2,0.14973888485740533,0,
55137,2,17,1.0,2,0.19362102856621388,0,
55139,1,18,1.0,2,0.16642699491418128,0,
55141,2,15,1.0,2,0.19484559904341833,0,
56001,1,10,1.0,2,0.0980594130714555,0,
56003,2,15,1.0,2,0.12115793069911943,0,
56007,2,12,1.0,2,0.13143412368749502,0,
56009,1,4,1.0,2,0.12773001922849664,0,
56013,2,11,1.0,2,0.13170923134493015,0,
56017,3,3,1.0,2,0.13592418210868298,0,
56021,1,12,1.0,2,0.15856527227163691,0,
56025,1,11,1.0,2,0.1298073152011933,0,
56029,1,8,1.0,2,0.13165396366020019,0,
56031,2,5,1.0,2,0.1294278798264038,0,
56033,1,9,1.0,2,0.12593677741715814,0,
56035,1,6,1.0,2,0.09973355307514421,0,
01001,3,10,1.0,3,0.3109500281352979,0,
01003,2,23,1.0,3,0.24018823376576515,0,
01009,3,17,1.0,3,0.25050631816408275,0,
01011,4,7,1.0,3,0.15805336232696143,0,
01015,3,14,1.0,3,0.34139564450167614,0,
01017,4,10,1.0,3,0.28826805714760584,0,
01019,4,11,1.0,3,0.31483410316780847,0,
01021,3,14,1.0,3,0.2977708010893206,0,
01025,4,10,1.0,3,0.08910036692167056,0,
01031,3,16,1.0,3,0.29319551656708753,0,
01033,3,9,1.0,3,0.36940340890779455,0,
01035,4,13,1.0,3,0.07287970923543,0,
01037,3,11,1.0,3,0.1067098402379617,0,
01039,4,13,1.0,3,0.16527341524278139,0,
01043,3,19,1.0,3,0.3653025521868431,0,
01045,3,14,1.0,3,0.3580639853140406,0,
01047,4,10,1.0,3,0.34173763962029735,0,
01051,2,13,1.0,3,0.18844962724354103,0,
01053,4,9,1.0,3,0.21049898234941122,0,
01055,3,14,1.0,3,0.4832881183275477,0,
01057,4,10,1.0,3,0.14262237054460725,0,
01059,4,10,1.0,3,0.20783201895556738,0,
01063,4,8,1.0,3,0.14026332512499876,0,
01065,4,9,1.0,3,0.16758618652119844,0,
01067,3,9,1.0,3,0.23214675907599114,0,
01069,4,14,1.0,3,0.5137275861601468,1,
01071,4,22,1.0,3,0.3665845562573455,0,
01075,4,9,1.0,3,0.13011453968291434,0,
01077,3,9,1.0,3,0.3339324971494914,0,
01079,3,10,1.0,3,0.2622386863035747,0,
01083,2,15,1.0,3,0.43324131181501024,0,
01085,4,8,1.0,3,0.16001127867116688,0,
01087,4,13,1.0,3,0.25880794589796463,0,
01089,1,25,1.0,3,0.29833562009595604,0,
01091,4,15,1.0,3,0.14043783693353407,0,
01093,4,12,1.0,3,0.2021627327239593,0,
01095,4,18,1.0,3,0.5579030756546909,1,
01099,4,17,1.0,3,0.10266661434305799,0,
01101,1,24,1.0,3,0.5324165933393702,1,
01103,3,16,1.0,3,0.46742334313337963,0,
01105,4,9,1.0,3,0.2536213121791116,0,
01107,4,8,1.0,3,0.11195841801439474,0,
01109,1,9,1.0,3,0.540640942443164,1,
01111,3,8,1.0,3,0.1770457729948106,0,
01113,3,12,1.0,3,0.3920271892898606,0,
01115,2,18,1.0,3,0.2605557406403235,0,
01119,4,11,1.0,3,0.14797227506921867,0,
01121,4,12,1.0,3,0.38660166493968134,0,
01123,4,12,1.0,3,0.16208883472988087,0,
01125,1,27,1.0,3,0.4068338008326579,0,
01127,3,18,1.0,3,0.4311781707206713,0,
01129,4,16,1.0,3,0.10440026061426005,0,
01131,4,13,1.0,3,0.04979716724937833,0,
01133,4,11,1.0,3,0.1794436609122101,0,
04009,4,10,1.0,3,0.38480050218971606,0,
04023,4,9,1.0,3,0.36986745004053045,0,
05001,4,13,1.0,3,0.34717206864722916,0,
05003,4,7,1.0,3,0.26523300947849887,0,
05005,3,12,1.0,3,0.24002279250627587,0,
05009,3,9,1.0,3,0.17127531113720615,0,
05011,4,7,1.0,3,0.22429518909374946,0,
05015,3,9,1.0,3,0.11179356059044676,0,
05019,1,8,1.0,3,0.06452038917788379,0,
05021,4,13,1.0,3,0.2096785280875783,0,
05023,3,17,1.0,3,0.1317161866220313,0,
05025,4,7,1.0,3,0.1475467964373708,0,
05027,4,7,1.0,3,0.23588129168630334,0,
05029,4,15,1.0,3,0.37910058751535697,0,
05031,1,16,1.0,3,0.2362379320715463,0,
05033,3,11,1.0,3,0.33014551228666433,0,
05035,4,11,1.0,3,0.7248426506564403,1,
05037,4,8,1.0,3,0.5047958909723836,1,
05039,4,6,1.0,3,0.15083594060926467,0,
05041,4,12,1.0,3,0.5254943140142128,1,
05043,4,9,1.0,3,0.19033828298432937,0,
05045,1,15,1.0,3,0.2734526976158847,0,
05047,4,13,1.0,3,0.2211809982089482,0,
05049,1,14,1.0,3,0.08624831786028556,0,
05051,3,10,1.0,3,0.2866086974538701,0,
05053,2,14,1.0,3,0.16871969271199594,0,
05055,4,9,1.0,3,0.18459967584430234,0,
05057,4,10,1.0,3,0.29010883190000547,0,
05059,4,12,1.0,3,0.33996492357455965,0,
05061,4,8,1.0,3,0.21061824532368903,0,
05063,4,20,1.0,3,0.16217895262957796,0,
05067,4,11,1.0,3,0.3825856520655511,0,
05069,4,17,1.0,3,0.568015775305034,1,
05071,4,12,1.0,3,0.14991779284989792,0,
05073,4,6,1.0,3,0.1483684379004928,0,
05075,4,14,1.0,3,0.27448549122516713,0,
05077,3,11,1.0,3,0.42234294811124196,0,
05079,4,8,1.0,3,0.3082983802812033,0,
05081,4,7,1.0,3,0.13510884191762645,0,
05083,4,12,1.0,3,0.17085853530713496,0,
05085,2,11,1.0,3,0.276861651602052,0,
05087,3,13,1.0,3,0.09227472103524872,0,
05091,4,6,1.0,3,0.47355127250252377,0,
05093,4,15,1.0,3,0.6991032652075984,1,
05095,4,9,1.0,3,0.5412933044955253,1,
05097,4,9,1.0,3,0.1429951819150998,0,
05099,4,10,1.0,3,0.10969828677222607,0,
05101,3,20,1.0,3,0.04684197602980324,0,
05103,4,8,1.0,3,0.28096232002196153,0,
05105,4,8,1.0,3,0.11376759780954468,0,
05107,4,12,1.0,3,0.6781634508802985,1,
05111,4,10,1.0,3,0.28327710158935065,0,
05113,4,7,1.0,3,0.24322306105584685,0,
05115,4,13,1.0,3,0.35576731663021033,0,
05117,3,11,1.0,3,0.21833175106855113,0,
05121,4,11,1.0,3,0.20560762089221823,0,
05123,4,13,1.0,3,0.6255331427544892,1,
05125,1,14,1.0,3,0.2868938774273041,0,
05127,4,10,1.0,3,0.19154223842119827,0,
05129,4,10,1.0,3,0.10509184165892727,0,
05133,4,7,1.0,3,0.30597211026240256,0,
05135,4,13,1.0,3,0.14667952605836965,0,
05139,4,10,1.0,3,0.28267947142700384,0,
05141,4,12,1.0,3,0.11102987706093495,0,
05145,4,17,1.0,3,0.42473089458111346,0,
05147,4,9,1.0,3,0.2954202511170652,0,
05149,4,13,1.0,3,0.2704250458020791,0,
06005,2,12,1.0,3,0.2889515416986824,0,
06007,4,18,1.0,3,0.6489302554578652,1,
06009,1,20,1.0,3,0.11634792241090504,0,
06011,3,9,1.0,3,0.4547416462949176,0,
06015,4,4,1.0,3,0.14623818220406243,0,
06017,1,23,1.0,3,0.21776874984878136,0,
06021,3,7,1.0,3,0.6651086747938667,1,
06023,4,36,1.0,3,0.19579350848522226,0,
06027,2,11,1.0,3,0.2624316614716531,0,
06031,4,12,1.0,3,0.7057163894838454,1,
06033,3,15,1.0,3,0.5669399471787315,1,
06035,2,17,1.0,3,0.16154208938673384,0,
06041,1,29,1.0,3,0.1194517626764234,0,
06043,3,13,1.0,3,0.2074208586283372,0,
06045,3,29,1.0,3,0.07907583282693748,0,
06055,1,12,1.0,3,0.21084662140902116,0,
06057,2,12,1.0,3,0.21836034036149848,0,
06063,2,17,1.0,3,0.2066386042452999,0,
06069,2,7,1.0,3,0.32768067985234683,0,
06079,2,26,1.0,3,0.1539607789564676,0,
06083,2,24,1.0,3,0.3293894820017135,0,
06087,2,17,1.0,3,0.19437537563058752,0,
06093,3,23,1.0,3,0.3699344217428623,0,
06097,1,37,1.0,3,0.1431787311291327,0,
06101,3,13,1.0,3,0.7108068181527042,1,
06103,4,15,1.0,3,0.6122091769537549,1,
06109,1,16,1.0,3,0.16328186365182654,0,
06113,3,19,1.0,3,0.5948434694892585,1,
06115,3,17,1.0,3,0.6168639083237194,1,
08001,2,35,1.0,3,0.6713456689251427,1,
08005,1,33,1.0,3,0.5591646156724357,1,
08007,1,5,1.0,3,0.09394281439367931,0,
08009,4,8,1.0,3,0.30968754645574215,0,
08013,1,22,1.0,3,0.5165487394249573,1,
08014,1,6,1.0,3,0.36010071851845027,0,
08035,1,18,1.0,3,0.21341619191609845,0,
08037,1,13,1.0,3,0.11254315039751356,0,
08043,3,11,1.0,3,0.26536696661380293,0,
08045,1,8,1.0,3,0.09362347418838148,0,
08055,2,4,1.0,3,0.20582407057148838,0,
08059,1,33,1.0,3,0.33525958179223847,0,
08067,1,6,1.0,3,0.09266494725484037,0,
08069,1,24,1.0,3,0.43803054780195094,0,
08077,2,19,1.0,3,0.6970728515774346,1,
08081,2,5,1.0,3,0.1423248574224144,0,
08087,2,10,1.0,3,0.27825602919362413,0,
08099,3,6,1.0,3,0.21441629487914124,0,
08101,3,15,1.0,3,0.7373682454286735,1,
08107,1,9,1.0,3,0.06556258645223625,0,
08109,4,8,1.0,3,0.14464256571358755,0,
08113,1,7,1.0,3,0.07671971400502338,0,
08121,2,12,1.0,3,0.15229009414514705,0,
08123,1,41,1.0,3,0.5669457941257168,1,
09001,1,46,1.0,3,0.29833992836787426,0,
09003,1,58,1.0,3,0.607845436627592,1,
09005,1,40,1.0,3,0.12967404423122064,0,
09007,1,24,1.0,3,0.2542860384179445,0,
09009,1,41,1.0,3,0.4719771609672644,0,
09011,1,31,1.0,3,0.43095460388087875,0,
09015,1,31,1.0,3,0.2679818607202116,0,
10001,1,18,1.0,3,0.4397603472041541,0,
10005,2,24,1.0,3,0.4702906814418466,0,
12001,3,23,1.0,3,0.1419919098148386,0,
12003,2,5,1.0,3,0.08348566699006367,0,
12005,2,16,1.0,3,0.3695108522976454,0,
12015,2,17,1.0,3,0.3798657557942573,0,
12017,3,15,1.0,3,0.2929846588835212,0,
12019,2,12,1.0,3,0.1759260210422039,0,
12023,3,8,1.0,3,0.171520615612122,0,
12033,1,18,1.0,3,0.1686131617817404,0,
12035,2,7,1.0,3,0.24781696434523529,0,
12039,4,7,1.0,3,0.2859988127736959,0,
12041,4,5,1.0,3,0.16078029913708497,0,
12043,4,5,1.0,3,0.33255374520343506,0,
12049,4,4,1.0,3,0.1923458174796223,0,
12051,4,6,1.0,3,0.36112189294510055,0,
12053,3,12,1.0,3,0.5837141164102122,1,
12055,3,9,1.0,3,0.3320854173969683,0,
12059,4,4,1.0,3,0.11670859981571374,0,
12061,2,9,1.0,3,0.3202325337558013,0,
12063,1,14,1.0,3,0.08028477426622994,0,
12065,4,4,1.0,3,0.11184966396870866,0,
12073,3,10,1.0,3,0.16645447043599496,0,
12075,4,13,1.0,3,0.22206179627908337,0,
12079,4,5,1.0,3,0.13361627065629736,0,
12083,3,31,1.0,3,0.2854017507483044,0,
12085,1,12,1.0,3,0.3401456926664635,0,
12087,2,11,1.0,3,0.2513903215847715,0,
12089,1,6,1.0,3,0.1271963315212678,0,
12091,2,14,1.0,3,0.15696101696893242,0,
12097,3,17,1.0,3,0.5588085963918927,1,
12101,2,31,1.0,3,0.521888110792811,1,
12107,4,17,1.0,3,0.2770164084877055,0,
12109,1,12,1.0,3,0.13345459798937528,0,
12111,2,17,1.0,3,0.4551081621813575,0,
12113,1,9,1.0,3,0.1272044697787894,0,
12117,2,17,1.0,3,0.3279814881057174,0,
12119,1,11,1.0,3,0.3258622789139599,0,
12121,3,9,1.0,3,0.16404072995416957,0,
12129,2,4,1.0,3,0.08214293108675574,0,
12131,2,12,1.0,3,0.13291193507952415,0,
12133,4,10,1.0,3,0.21983720843592786,0,
13001,4,7,1.0,3,0.38922695249207556,0,
13003,4,5,1.0,3,0.2534224594000489,0,
13005,4,3,1.0,3,0.33324479856201406,0,
13009,4,6,1.0,3,0.5506903775182317,1,
13013,2,8,1.0,3,0.1778312481303336,0,
13015,2,14,1.0,3,0.40763914975127585,0,
13017,4,4,1.0,3,0.29957722564676725,0,
13019,4,6,1.0,3,0.2159869532947759,0,
13021,1,12,1.0,3,0.5244001247882405,1,
13023,4,6,1.0,3,0.26032680353790083,0,
13025,4,6,1.0,3,0.22170967449374504,0,
13031,1,11,1.0,3,0.40591006070647945,0,
13033,4,9,1.0,3,0.38091780718925083,0,
13035,4,5,1.0,3,0.5661715718524776,1,
13039,3,8,1.0,3,0.16862723564233645,0,
13043,4,4,1.0,3,0.39124112370466246,0,
13045,1,11,1.0,3,0.5231315457134814,1,
13055,4,6,1.0,3,0.21838963448214327,0,
13057,1,15,1.0,3,0.16531398133182065,0,
13059,1,9,1.0,3,0.5323290697202476,1,
13063,1,16,1.0,3,0.5603977740995771,1,
13069,4,10,1.0,3,0.37230769732807356,0,
13071,4,13,1.0,3,0.392544582992592,0,
13073,1,7,1.0,3,0.08502172876796449,0,
13075,4,5,1.0,3,0.39202643573120177,0,
13077,1,10,1.0,3,0.2943752569664051,0,
13083,3,5,1.0,3,0.1750080112989793,0,
13085,1,5,1.0,3,0.13005983122551243,0,
13087,4,8,1.0,3,0.36168971205323597,0,
13093,4,8,1.0,3,0.30889137870663924,0,
13095,4,6,1.0,3,0.5535811129549593,1,
13097,2,8,1.0,3,0.49920723542729395,0,
13101,3,6,1.0,3,0.16782336274856086,0,
13103,1,8,1.0,3,0.06548693486569934,0,
13107,4,13,1.0,3,0.29838880123394673,0,
13109,4,6,1.0,3,0.406141944945575,0,
13111,3,8,1.0,3,0.11581405506364603,0,
13113,1,8,1.0,3,0.3161882541012726,0,
13115,4,13,1.0,3,0.39217397176783947,0,
13119,3,10,1.0,3,0.4189071039143044,0,
13127,3,8,1.0,3,0.28849482638716434,0,
13129,4,8,1.0,3,0.35303506256946493,0,
13137,3,7,1.0,3,0.41048634803428746,0,
13139,2,19,1.0,3,0.4296529879020383,0,
13149,3,6,1.0,3,0.15257331487724327,0,
13151,2,11,1.0,3,0.45773860357338725,0,
13153,2,12,1.0,3,0.4538776177492276,0,
13155,4,7,1.0,3,0.2355239541439209,0,
13157,2,16,1.0,3,0.1591927570846808,0,
13163,4,9,1.0,3,0.2936312763552161,0,
13165,4,5,1.0,3,0.28662604809861464,0,
13167,4,5,1.0,3,0.1565714357166964,0,
13169,4,8,1.0,3,0.31919219120335607,0,
13175,4,15,1.0,3,0.306557327431657,0,
13179,1,9,1.0,3,0.05947945175100909,0,
13189,4,4,1.0,3,0.278557452624131,0,
13191,3,4,1.0,3,0.13518463354609908,0,
13193,4,10,1.0,3,0.20279665115015674,0,
13195,3,11,1.0,3,0.2309764155954938,0,
13197,4,4,1.0,3,0.166897320415149,0,
13215,4,11,1.0,3,0.572291129912261,1,
13217,3,11,1.0,3,0.5548746226258482,1,
13219,1,8,1.0,3,0.11446216451943794,0,
13223,1,11,1.0,3,0.3157172721762253,0,
13225,4,3,1.0,3,0.45980291614769186,0,
13227,2,9,1.0,3,0.1490068946933221,0,
13233,4,8,1.0,3,0.45928894644185014,0,
13235,4,5,1.0,3,0.1555915593772699,0,
13237,4,5,1.0,3,0.22826601399614083,0,
13247,2,9,1.0,3,0.5836424782531322,1,
13253,4,4,1.0,3,0.32227466959303963,0,
13257,3,5,1.0,3,0.43621630171755693,0,
13261,4,8,1.0,3,0.33469986816609354,0,
13267,4,6,1.0,3,0.21956948772159487,0,
13273,4,7,1.0,3,0.25764487765905053,0,
13275,3,9,1.0,3,0.17662019110646607,0,
13277,4,9,1.0,3,0.4152432534651595,0,
13279,4,3,1.0,3,0.3006030641833035,0,
13281,3,3,1.0,3,0.08929512909462575,0,
13285,4,7,1.0,3,0.3668492267422363,0,
13287,4,4,1.0,3,0.35740289699292743,0,
13291,3,4,1.0,3,0.15013637552624937,0,
13293,4,7,1.0,3,0.4417234480913424,0,
13295,3,14,1.0,3,0.24965596458166464,0,
13297,2,11,1.0,3,0.4283123914726121,0,
13299,4,7,1.0,3,0.4467619498249126,0,
13301,4,9,1.0,3,0.23837348001591746,0,
13303,4,10,1.0,3,0.15417933185596883,0,
13305,4,6,1.0,3,0.22839473570178645,0,
13309,4,4,1.0,3,0.08240320597911001,0,
13313,4,8,1.0,3,0.41958079405179177,0,
13315,4,8,1.0,3,0.15663045832403769,0,
13317,4,5,1.0,3,0.1019702055822297,0,
16001,1,17,1.0,3,0.17995751306594143,0,
16011,3,11,1.0,3,0.18177476203912685,0,
16013,2,8,1.0,3,0.16642799231155167,0,
16017,2,18,1.0,3,0.14889752770095566,0,
16019,2,14,1.0,3,0.20262382067732954,0,
16025,4,2,1.0,3,0.13254768036625625,0,
16031,3,9,1.0,3,0.3215692048630642,0,
16035,3,7,1.0,3,0.10263860697363464,0,
16039,3,7,1.0,3,0.09474269191751111,0,
16041,1,7,1.0,3,0.09440124212767331,0,
16045,2,7,1.0,3,0.2192932304656106,0,
16047,3,6,1.0,3,0.3521491844506316,0,
16055,2,13,1.0,3,0.1926805648873741,0,
16059,3,10,1.0,3,0.16700412608801635,0,
16069,2,10,1.0,3,0.16193265737187068,0,
16073,3,12,1.0,3,0.26706356548427485,0,
16075,3,7,1.0,3,0.2163386104255144,0,
16079,4,15,1.0,3,0.07530525181574521,0,
16081,1,5,1.0,3,0.05822180666245871,0,
16083,3,10,1.0,3,0.36171686834905703,0,
16087,4,5,1.0,3,0.1746916647878568,0,
17001,2,23,1.0,3,0.2847444623489375,0,
17003,1,8,1.0,3,0.21933270463057297,0,
17007,1,15,1.0,3,0.42658310286270285,0,
17011,2,30,1.0,3,0.31364078423625685,0,
17013,2,7,1.0,3,0.1347562610637818,0,
17017,3,7,1.0,3,0.21929931542807798,0,
17019,3,35,1.0,3,0.6042129099437523,1,
17021,2,20,1.0,3,0.3039092503432802,0,
17025,3,13,1.0,3,0.32058608391044163,0,
17027,1,17,1.0,3,0.25458225230599724,0,
17033,2,10,1.0,3,0.27308101443444593,0,
17039,2,13,1.0,3,0.3347174548860731,0,
17041,2,13,1.0,3,0.3403760731820612,0,
17043,1,43,1.0,3,0.3792151809167021,0,
17045,2,15,1.0,3,0.23539764615998537,0,
17049,2,15,1.0,3,0.2433019739186721,0,
17053,2,21,1.0,3,0.38468131535976235,0,
17055,4,19,1.0,3,0.35489883305707554,0,
17057,3,24,1.0,3,0.23228543940246799,0,
17059,4,9,1.0,3,0.3304391272619349,0,
17063,1,16,1.0,3,0.29025918604344864,0,
17073,1,23,1.0,3,0.25136446750980795,0,
17075,2,25,1.0,3,0.3680525544263746,0,
17081,3,17,1.0,3,0.3713645475847121,0,
17087,2,10,1.0,3,0.15304087864634397,0,
17091,2,21,1.0,3,0.644888787114714,1,
17093,1,19,1.0,3,0.39030590538495114,0,
17095,3,22,1.0,3,0.39499119894977325,0,
17097,1,35,1.0,3,0.4993633215990315,0,
17099,2,28,1.0,3,0.5164754473070767,1,
17103,2,24,1.0,3,0.39705928195855367,0,
17105,3,29,1.0,3,0.4539005363426291,0,
17107,1,20,1.0,3,0.3206873330372828,0,
17109,4,17,1.0,3,0.4290299498529786,0,
17111,1,24,1.0,3,0.3389309700566272,0,
17113,2,33,1.0,3,0.5234186856425548,1,
17115,3,27,1.0,3,0.6772206474401433,1,
17117,2,28,1.0,3,0.4091712001513239,0,
17121,3,15,1.0,3,0.3970242144828007,0,
17123,2,19,1.0,3,0.24865590795759032,0,
17125,3,11,1.0,3,0.26204039590058104,0,
17127,3,8,1.0,3,0.34309740659421334,0,
17133,1,9,1.0,3,0.047926407419655044,0,
17137,3,16,1.0,3,0.37393961040958623,0,
17141,2,27,1.0,3,0.3487436910940894,0,
17149,3,16,1.0,3,0.19402509982711835,0,
17157,2,18,1.0,3,0.2643575736633841,0,
17159,3,9,1.0,3,0.32954390961492963,0,
17161,2,20,1.0,3,0.515833844110656,1,
17165,4,11,1.0,3,0.3892654995096138,0,
17167,2,29,1.0,3,0.4921578832771285,0,
17171,2,9,1.0,3,0.2285107387487964,0,
17173,2,22,1.0,3,0.23708833122345607,0,
17179,1,21,1.0,3,0.27609448273016357,0,
17181,3,13,1.0,3,0.15249525632441163,0,
17183,3,27,1.0,3,0.5711592618364029,1,
17187,3,14,1.0,3,0.3650427424139136,0,
17189,1,13,1.0,3,0.21662203775033806,0,
17193,3,11,1.0,3,0.20186884083618353,0,
17199,3,22,1.0,3,0.23735011344958334,0,
17201,2,26,1.0,3,0.5925945625388034,1,
17203,1,16,1.0,3,0.20709001088307216,0,
18001,3,8,1.0,3,0.6587164642659824,1,
18003,2,33,1.0,3,0.6604714701847905,1,
18005,2,14,1.0,3,0.17403088372319966,0,
18009,3,7,1.0,3,0.5541701877552027,1,
18011,1,12,1.0,3,0.23314563526405754,0,
18013,1,9,1.0,3,0.07945469270208463,0,
18017,3,12,1.0,3,0.6269939115758054,1,
18019,2,15,1.0,3,0.49211168591967197,0,
18021,2,17,1.0,3,0.3280022501764499,0,
18023,3,12,1.0,3,0.608412571633009,1,
18029,1,9,1.0,3,0.23022804697782695,0,
18035,4,21,1.0,3,0.7021684206743815,1,
18037,1,13,1.0,3,0.19794882608957812,0,
18039,2,17,1.0,3,0.6448750611554956,1,
18043,2,10,1.0,3,0.37219657533974326,0,
18047,1,15,1.0,3,0.16625684179866523,0,
18051,2,16,1.0,3,0.4035114088957924,0,
18053,3,15,1.0,3,0.7054009788121615,1,
18055,2,16,1.0,3,0.2802281769831064,0,
18059,1,15,1.0,3,0.4590851579206823,0,
18061,2,16,1.0,3,0.12292265286723147,0,
18063,1,19,1.0,3,0.2836223324211024,0,
18067,2,10,1.0,3,0.7309863813888726,1,
18069,2,9,1.0,3,0.41414048595691655,0,
18071,3,8,1.0,3,0.13862486700161597,0,
18073,1,13,1.0,3,0.47735764228192223,0,
18079,2,13,1.0,3,0.14589130321734922,0,
18081,1,12,1.0,3,0.32441917297665634,0,
18083,3,11,1.0,3,0.5888007708200202,1,
18085,1,21,1.0,3,0.4200661720109929,0,
18087,1,12,1.0,3,0.5193407542122549,1,
18091,3,15,1.0,3,0.6640638607390146,1,
18093,2,12,1.0,3,0.21588694757600171,0,
18095,3,18,1.0,3,0.6755588124920051,1,
18101,2,7,1.0,3,0.17491541277178493,0,
18105,1,18,1.0,3,0.5413975680034558,1,
18107,2,16,1.0,3,0.4008914217952779,0,
18109,1,14,1.0,3,0.3009544693568623,0,
18117,3,11,1.0,3,0.15525216032331962,0,
18123,2,14,1.0,3,0.08827463010043148,0,
18127,1,15,1.0,3,0.5258274947137109,1,
18129,1,7,1.0,3,0.24256816591618374,0,
18133,1,15,1.0,3,0.3297031507435972,0,
18139,2,16,1.0,3,0.44537020082154016,0,
18141,3,24,1.0,3,0.6987394967254373,1,
18143,3,6,1.0,3,0.18392231496643668,0,
18145,2,17,1.0,3,0.4544563093423659,0,
18147,1,16,1.0,3,0.25597571558373544,0,
18149,3,11,1.0,3,0.5640869016831068,1,
18153,3,13,1.0,3,0.3912485839832791,0,
18157,3,18,1.0,3,0.6102641180321476,1,
18163,3,11,1.0,3,0.6706903341296159,1,
18167,1,18,1.0,3,0.5408469306154753,1,
18169,2,14,1.0,3,0.47549676103463306,0,
18173,1,12,1.0,3,0.23345947630816985,0,
18175,2,12,1.0,3,0.11845229855023486,0,
18177,3,17,1.0,3,0.6492310373941457,1,
19003,2,9,1.0,3,0.16210163511124503,0,
19007,3,11,1.0,3,0.1613771722815536,0,
19009,2,11,1.0,3,0.18305142387034987,0,
19011,1,24,1.0,3,0.17412075697342663,0,
19013,3,17,1.0,3,0.5466577065694824,1,
19015,3,18,1.0,3,0.23001041244321513,0,
19021,2,13,1.0,3,0.2513325661124678,0,
19023,1,16,1.0,3,0.17044998620291196,0,
19027,1,16,1.0,3,0.16038658334135358,0,
19031,1,18,1.0,3,0.16011448577904921,0,
19037,1,9,1.0,3,0.19729751600089496,0,
19039,3,9,1.0,3,0.12458120713977092,0,
19041,2,15,1.0,3,0.23735318289826152,0,
19045,2,20,1.0,3,0.28675346472116237,0,
19049,1,25,1.0,3,0.1399315403707049,0,
19057,3,12,1.0,3,0.28168694704684033,0,
19061,2,19,1.0,3,0.24015086285090806,0,
19067,3,13,1.0,3,0.24247421263290084,0,
19071,2,11,1.0,3,0.15111303463664286,0,
19077,1,18,1.0,3,0.13848338446892583,0,
19079,1,15,1.0,3,0.17268959607149265,0,
19087,2,11,1.0,3,0.16407711789134985,0,
19095,1,21,1.0,3,0.1491023274270625,0,
19097,2,14,1.0,3,0.16690537707664418,0,
19099,1,19,1.0,3,0.13452006770620328,0,
19103,1,24,1.0,3,0.4898585049066001,0,
19105,2,16,1.0,3,0.1819376649756031,0,
19109,2,21,1.0,3,0.23751015367225384,0,
19111,3,12,1.0,3,0.18929398496150052,0,
19113,1,29,1.0,3,0.23313038991687574,0,
19121,1,14,1.0,3,0.09137090620844676,0,
19123,2,20,1.0,3,0.14033502583674912,0,
19127,2,21,1.0,3,0.19711999973652242,0,
19129,1,11,1.0,3,0.1223077891795321,0,
19133,2,15,1.0,3,0.16505920914498864,0,
19145,2,12,1.0,3,0.13707780378182846,0,
19149,1,14,1.0,3,0.20408342922111816,0,
19151,2,16,1.0,3,0.2650626214701525,0,
19155,2,24,1.0,3,0.18830502496984403,0,
19157,2,17,1.0,3,0.13797255560576407,0,
19161,2,16,1.0,3,0.21231993942718708,0,
19163,2,22,1.0,3,0.32371901226670086,0,
19169,3,22,1.0,3,0.2531961095694452,0,
19179,3,12,1.0,3,0.1697408050881387,0,
19181,1,19,1.0,3,0.10328259302488664,0,
19187,3,22,1.0,3,0.3202634699918252,0,
19193,2,25,1.0,3,0.3023636435801053,0,
19197,2,16,1.0,3,0.22158770544296835,0,
20001,3,11,1.0,3,0.337207252826465,0,
20005,2,10,1.0,3,0.1537074461480633,0,
20009,3,10,1.0,3,0.2628654607274745,0,
20011,4,13,1.0,3,0.17001027634084648,0,
20015,2,20,1.0,3,0.19564383872086147,0,
20019,4,10,1.0,3,0.2000425910528913,0,
20021,1,13,1.0,3,0.06642649215825612,0,
20027,1,10,1.0,3,0.17318609585826958,0,
20029,3,8,1.0,3,0.20297004561512103,0,
20035,3,14,1.0,3,0.38283200434735043,0,
20037,1,15,1.0,3,0.19670796211066713,0,
20039,2,8,1.0,3,0.2173453940346684,0,
20041,2,12,1.0,3,0.20816359926183908,0,
20045,1,12,1.0,3,0.5031427444323483,1,
20047,3,7,1.0,3,0.17298632746220477,0,
20051,3,11,1.0,3,0.1832158866254944,0,
20055,3,7,1.0,3,0.15468682552469978,0,
20057,4,10,1.0,3,0.19180230197577045,0,
20059,2,13,1.0,3,0.1595493436158668,0,
20061,3,8,1.0,3,0.504261728586372,1,
20067,2,3,1.0,3,0.11597942188367458,0,
20073,3,11,1.0,3,0.20877278866115961,0,
20079,1,13,1.0,3,0.23598870849176345,0,
20083,2,8,1.0,3,0.1268112332856568,0,
20085,2,18,1.0,3,0.09876578605027239,0,
20087,2,15,1.0,3,0.13320035814410242,0,
20095,1,12,1.0,3,0.13298488569923902,0,
20097,2,7,1.0,3,0.16171560509666782,0,
20099,4,13,1.0,3,0.28619565058915697,0,
20103,1,13,1.0,3,0.21660665600021853,0,
20111,3,12,1.0,3,0.47722761271795633,0,
20113,1,12,1.0,3,0.20699822489266034,0,
20121,1,11,1.0,3,0.09215161171520225,0,
20125,3,13,1.0,3,0.46501339332294017,0,
20127,2,9,1.0,3,0.25290457130798283,0,
20129,2,5,1.0,3,0.2086788373825268,0,
20133,4,11,1.0,3,0.3254064304516261,0,
20135,3,9,1.0,3,0.23004346310671364,0,
20139,2,15,1.0,3,0.17938150344486375,0,
20147,2,9,1.0,3,0.23928399617777102,0,
20149,2,12,1.0,3,0.2535915222648836,0,
20155,2,22,1.0,3,0.3011444664173518,0,
20159,2,13,1.0,3,0.15549606354230952,0,
20161,3,14,1.0,3,0.07063663292669761,0,
20163,2,10,1.0,3,0.23216932401280713,0,
20167,2,11,1.0,3,0.20974515413826927,0,
20169,2,9,1.0,3,0.4124497912020456,0,
20175,4,6,1.0,3,0.2798844380113536,0,
20179,1,11,1.0,3,0.20798524922265932,0,
20201,2,15,1.0,3,0.18801066523556936,0,
20205,4,10,1.0,3,0.3391841777548016,0,
21001,4,10,1.0,3,0.196656349038557,0,
21003,4,6,1.0,3,0.17593791271479214,0,
21009,4,11,1.0,3,0.3893414374828842,0,
21011,4,8,1.0,3,0.19462501740557736,0,
21013,4,11,1.0,3,0.33205866301064624,0,
21015,1,9,1.0,3,0.38417677536221306,0,
21019,3,4,1.0,3,0.5919456007226445,1,
21021,3,5,1.0,3,0.3489816407063008,0,
21023,3,7,1.0,3,0.1533834009688678,0,
21027,3,18,1.0,3,0.13693115463036637,0,
21029,1,11,1.0,3,0.4856009572969707,0,
21033,3,6,1.0,3,0.13996389543126522,0,
21037,2,10,1.0,3,0.4598401414114456,0,
21041,4,8,1.0,3,0.48993819067371247,0,
21047,4,15,1.0,3,0.4451341343090918,0,
21049,3,4,1.0,3,0.3194198169925605,0,
21051,4,10,1.0,3,0.2272626220511426,0,
21057,4,3,1.0,3,0.1251242337518185,0,
21059,3,10,1.0,3,0.5852953887904004,1,
21061,4,12,1.0,3,0.14754788905842275,0,
21063,4,6,1.0,3,0.18400446630622766,0,
21067,2,17,1.0,3,0.4100229742550989,0,
21069,4,7,1.0,3,0.27502959996951354,0,
21071,4,33,1.0,3,0.3919140290672092,0,
21073,2,5,1.0,3,0.20529353777461196,0,
21075,4,3,1.0,3,0.32941273211760413,0,
21077,3,6,1.0,3,0.3409873066442304,0,
21079,3,5,1.0,3,0.20678235815587384,0,
21081,3,8,1.0,3,0.2132677969927909,0,
21083,4,18,1.0,3,0.40541565037979244,0,
21085,4,9,1.0,3,0.20740891936379635,0,
21093,2,17,1.0,3,0.37385211564260945,0,
21097,3,6,1.0,3,0.18440086067710404,0,
21099,4,10,1.0,3,0.2307234862445559,0,
21101,3,8,1.0,3,0.6671255815078949,1,
21103,3,13,1.0,3,0.1940331080529992,0,
21105,4,7,1.0,3,0.22241241172014198,0,
21107,4,13,1.0,3,0.35546438948083653,0,
21113,3,4,1.0,3,0.2715069514152239,0,
21115,4,19,1.0,3,0.2652292885273114,0,
21117,2,12,1.0,3,0.49426617201594764,0,
21119,4,24,1.0,3,0.2546251138002605,0,
21121,4,19,1.0,3,0.14106904165591932,0,
21125,4,8,1.0,3,0.33364214830368366,0,
21127,4,10,1.0,3,0.2673567238777498,0,
21133,1,26,1.0,3,0.30628102208817726,0,
21137,4,11,1.0,3,0.2207602680839025,0,
21141,4,7,1.0,3,0.21753157802184597,0,
21145,3,7,1.0,3,0.6692082740682117,1,
21149,2,7,1.0,3,0.2609250644146982,0,
21151,1,5,1.0,3,0.3549585212072709,0,
21153,4,4,1.0,3,0.16834595371570812,0,
21159,4,9,1.0,3,0.14939334960972703,0,
21161,4,5,1.0,3,0.36335004678139793,0,
21163,2,12,1.0,3,0.19901918987529504,0,
21167,2,5,1.0,3,0.19833107441291042,0,
21171,4,6,1.0,3,0.025214399283444683,0,
21173,4,5,1.0,3,0.34869422435664965,0,
21175,4,8,1.0,3,0.13429458578488834,0,
21179,1,9,1.0,3,0.14936621521940896,0,
21183,3,16,1.0,3,0.14168540819978423,0,
21185,1,11,1.0,3,0.1539389049289493,0,
21191,3,10,1.0,3,0.15540418029267083,0,
21195,4,39,1.0,3,0.16522800989596267,0,
21197,4,4,1.0,3,0.24257504309336425,0,
21199,4,11,1.0,3,0.43219025889180723,0,
21201,4,7,1.0,3,0.12331018609330117,0,
21203,4,7,1.0,3,0.2152117755646943,0,
21205,4,4,1.0,3,0.1000401904495262,0,
21207,4,7,1.0,3,0.3122445552808305,0,
21209,2,6,1.0,3,0.18232394787490558,0,
21211,2,14,1.0,3,0.34549985051245885,0,
21217,4,6,1.0,3,0.2511983943459392,0,
21221,2,5,1.0,3,0.11302999842836813,0,
21225,4,5,1.0,3,0.3030112187461361,0,
21227,3,9,1.0,3,0.21120475358167903,0,
21231,4,5,1.0,3,0.3238694471922785,0,
21235,4,7,1.0,3,0.27248480894065363,0,
21237,4,5,1.0,3,0.26046607198002814,0,
21239,2,3,1.0,3,0.17622848406189634,0,
22001,4,15,1.0,3,0.5654035991829531,1,
22003,3,13,1.0,3,0.13611579805698537,0,
22005,1,8,1.0,3,0.4454236504038349,0,
22009,4,15,1.0,3,0.29272945802509476,0,
22011,3,9,1.0,3,0.11612322603868003,0,
22013,4,13,1.0,3,0.19493269618860504,0,
22019,3,16,1.0,3,0.6329196554009863,1,
22021,4,4,1.0,3,0.1351592217004255,0,
22023,4,8,1.0,3,0.6522725807842485,1,
22027,4,11,1.0,3,0.3001947167498327,0,
22031,4,10,1.0,3,0.12905356525572514,0,
22039,4,12,1.0,3,0.4327177899399508,0,
22041,4,7,1.0,3,0.39276784828763284,0,
22043,3,8,1.0,3,0.060925580814631536,0,
22045,4,10,1.0,3,0.5755034533269577,1,
22047,3,8,1.0,3,0.5883669154909159,1,
22049,4,7,1.0,3,0.22237361600416874,0,
22053,3,10,1.0,3,0.44129547207228814,0,
22055,1,16,1.0,3,0.40875768565381027,0,
22057,3,14,1.0,3,0.4324190730583482,0,
22063,2,17,1.0,3,0.3468052094297533,0,
22065,4,4,1.0,3,0.46410528220143876,0,
22069,4,16,1.0,3,0.21910813453679975,0,
22077,3,17,1.0,3,0.38777753193772113,0,
22079,4,27,1.0,3,0.4113785362637643,0,
22083,4,6,1.0,3,0.40473391699482375,0,
22087,4,6,1.0,3,0.7224783928427198,1,
22089,1,10,1.0,3,0.3977567878649785,0,
22093,3,7,1.0,3,0.5848697552585771,1,
22095,3,6,1.0,3,0.6105180599809266,1,
22099,4,8,1.0,3,0.42112803922533426,0,
22101,4,8,1.0,3,0.523386646585368,1,
22103,2,17,1.0,3,0.262736590217355,0,
22105,1,20,1.0,3,0.5029381730030081,1,
22107,4,4,1.0,3,0.1887890601746337,0,
22109,3,13,1.0,3,0.5448529970605666,1,
22111,3,10,1.0,3,0.12120731662597933,0,
22113,3,12,1.0,3,0.40833561715829353,0,
22115,3,13,1.0,3,0.17968703409778186,0,
22117,4,6,1.0,3,0.26611445889426,0,
22119,4,12,1.0,3,0.4105429770696436,0,
22121,2,5,1.0,3,0.5603832466792553,1,
22123,4,4,1.0,3,0.21372013886054436,0,
22127,4,12,1.0,3,0.12066352645006016,0,
23001,2,14,1.0,3,0.15477505707293476,0,
23005,1,38,1.0,3,0.1226672377748867,0,
23007,1,18,1.0,3,0.012066415733173196,0,
23009,2,40,1.0,3,0.11966471023608455,0,
23011,2,27,1.0,3,0.132746762363556,0,
23013,1,19,1.0,3,0.16230015206548548,0,
23017,1,33,1.0,3,0.032569190524367304,0,
23019,1,47,1.0,3,0.22750587019329035,0,
23021,3,16,1.0,3,0.09020891625830907,0,
23025,4,24,1.0,3,0.16770222637994658,0,
23027,2,18,1.0,3,0.09308702488847773,0,
23031,1,36,1.0,3,0.14629019871126792,0,
24001,3,15,1.0,3,0.16798337010430975,0,
24011,3,10,1.0,3,0.4552242665653228,0,
24013,1,15,1.0,3,0.0973790166334928,0,
24017,1,24,1.0,3,0.10859263920832371,0,
24019,3,18,1.0,3,0.4686727601841967,0,
24021,1,34,1.0,3,0.09462881283544475,0,
24027,1,24,1.0,3,0.14501035567371726,0,
24029,2,9,1.0,3,0.3364869570338091,0,
24035,1,16,1.0,3,0.20593143712437628,0,
24037,1,26,1.0,3,0.1784039409152603,0,
24039,1,11,1.0,3,0.010067485450980367,0,
24041,1,16,1.0,3,0.2811927586588666,0,
24043,1,20,1.0,3,0.06097851298234597,0,
24047,2,12,1.0,3,0.37511782758499945,0,
25001,1,47,1.0,3,0.3255682152783556,0,
25005,2,36,1.0,3,0.5845947286352563,1,
25011,2,32,1.0,3,0.10938526144735626,0,
25013,2,41,1.0,3,0.6155845038433403,1,
25015,1,28,1.0,3,0.10492401110331874,0,
25023,1,34,1.0,3,0.2833105521092555,0,
25025,3,36,1.0,3,0.7263774124540252,1,
25027,1,87,1.0,3,0.3571701722349453,0,
26005,2,24,1.0,3,0.3711459246616343,0,
26009,2,16,1.0,3,0.2063359581590567,0,
26011,3,10,1.0,3,0.47780384317648544,0,
26013,3,7,1.0,3,0.06594623046029288,0,
26015,1,15,1.0,3,0.18611192542095817,0,
26017,2,16,1.0,3,0.6965999536615926,1,
26021,1,23,1.0,3,0.37985642263455777,0,
26023,3,13,1.0,3,0.46079386890203167,0,
26025,3,22,1.0,3,0.5014928905117249,1,
26027,2,14,1.0,3,0.4929188352011474,0,
26041,3,13,1.0,3,0.27802842804815386,0,
26045,1,19,1.0,3,0.4076252519328585,0,
26049,3,34,1.0,3,0.6571099803981177,1,
26055,1,9,1.0,3,0.24577279634239838,0,
26059,3,18,1.0,3,0.4330664658517607,0,
26061,4,20,1.0,3,0.11580529238487429,0,
26063,2,18,1.0,3,0.46814014708218266,0,
26065,1,22,1.0,3,0.5412619571906486,1,
26067,2,21,1.0,3,0.25853552087610543,0,
26073,4,15,1.0,3,0.50776974719107,1,
26075,2,29,1.0,3,0.5385454352171077,1,
26077,2,25,1.0,3,0.4734665012482926,0,
26081,2,39,1.0,3,0.5878206961851354,1,
26087,2,22,1.0,3,0.31712124729199426,0,
26091,2,23,1.0,3,0.3712591858589896,0,
26093,1,20,1.0,3,0.18113637057560253,0,
26099,2,39,1.0,3,0.7228834392496118,1,
26101,2,15,1.0,3,0.26803239860753814,0,
26103,2,15,1.0,3,0.09446779310261787,0,
26115,1,25,1.0,3,0.4266175973791219,0,
26121,3,20,1.0,3,0.6310436152028422,1,
26123,3,21,1.0,3,0.3614505332604009,0,
26127,3,12,1.0,3,0.43883404368892787,0,
26137,3,7,1.0,3,0.23809490732929067,0,
26139,1,22,1.0,3,0.4053439842740838,0,
26141,2,7,1.0,3,0.1447192334117536,0,
26145,3,28,1.0,3,0.6502332705982816,1,
26147,2,23,1.0,3,0.5690892111417698,1,
26149,3,13,1.0,3,0.49133437472061914,0,
26151,3,22,1.0,3,0.5049615469857776,1,
26155,2,19,1.0,3,0.37759872804993133,0,
26157,3,21,1.0,3,0.3390051862937909,0,
26159,3,22,1.0,3,0.4689811011949728,0,
26161,2,27,1.0,3,0.41737742046982157,0,
27001,2,12,1.0,3,0.0856164430186008,0,
27003,1,20,1.0,3,0.2088597620205755,0,
27005,2,16,1.0,3,0.0964905854917923,0,
27007,3,18,1.0,3,0.09332991960709201,0,
27009,1,9,1.0,3,0.0919828674892134,0,
27025,1,15,1.0,3,0.09321836008894939,0,
27027,2,15,1.0,3,0.13656273845445044,0,
27037,1,22,1.0,3,0.14861007262516535,0,
27041,1,17,1.0,3,0.13558340585478065,0,
27047,2,18,1.0,3,0.37076563950344416,0,
27049,1,17,1.0,3,0.12004826456506917,0,
27057,2,10,1.0,3,0.06441353960220836,0,
27061,2,30,1.0,3,0.07200235825678547,0,
27079,1,13,1.0,3,0.13493068908159023,0,
27083,3,14,1.0,3,0.13632258941356662,0,
27095,2,12,1.0,3,0.07841197313969045,0,
27097,2,20,1.0,3,0.1013915476862176,0,
27099,2,19,1.0,3,0.26228963835149705,0,
27109,1,19,1.0,3,0.1118483453019979,0,
27111,1,34,1.0,3,0.1489734964331011,0,
27115,2,16,1.0,3,0.0636207878576602,0,
27119,2,25,1.0,3,0.10513651602482481,0,
27123,2,26,1.0,3,0.44902771832527255,0,
27127,2,22,1.0,3,0.14875270184993716,0,
27129,2,16,1.0,3,0.14379173409734047,0,
27131,1,16,1.0,3,0.1606693873223114,0,
27135,1,11,1.0,3,0.06968341855337752,0,
27139,1,10,1.0,3,0.11009529575564855,0,
27141,1,9,1.0,3,0.10458428040797697,0,
27145,2,33,1.0,3,0.3026652552400053,0,
27151,3,11,1.0,3,0.1657101443599238,0,
27153,2,19,1.0,3,0.11468880105841292,0,
27163,1,19,1.0,3,0.148589056820278,0,
27169,2,14,1.0,3,0.07260021812461384,0,
27171,1,19,1.0,3,0.13585358071360465,0,
28001,4,2,1.0,3,0.15993473425182508,0,
28003,4,5,1.0,3,0.15608911908684647,0,
28007,4,11,1.0,3,0.09427679287581847,0,
28011,4,17,1.0,3,0.6922461275465367,1,
28013,4,11,1.0,3,0.10111607388184025,0,
28015,4,13,1.0,3,0.19257466722965383,0,
28019,4,9,1.0,3,0.07647379605125804,0,
28023,4,9,1.0,3,0.0916467552835295,0,
28025,4,8,1.0,3,0.177385745307595,0,
28027,4,11,1.0,3,0.6810800932163649,1,
28029,4,9,1.0,3,0.09708963164461434,0,
28031,4,8,1.0,3,0.13538023871458482,0,
28033,1,10,1.0,3,0.2511718397024289,0,
28035,1,8,1.0,3,0.5234852375900256,1,
28037,4,8,1.0,3,0.09153958856064215,0,
28039,4,3,1.0,3,0.06152257088994762,0,
28041,3,7,1.0,3,0.05417958071579887,0,
28043,4,7,1.0,3,0.13156539748814117,0,
28045,3,10,1.0,3,0.40367035380368854,0,
28051,4,9,1.0,3,0.14266498089663399,0,
28057,3,10,1.0,3,0.11349041143185375,0,
28061,4,14,1.0,3,0.09270593171573002,0,
28065,4,9,1.0,3,0.10999811714795657,0,
28069,4,11,1.0,3,0.08076447248110083,0,
28071,4,13,1.0,3,0.5419175862211159,1,
28073,3,6,1.0,3,0.07418530733539677,0,
28075,1,12,1.0,3,0.034002128013163,0,
28081,3,15,1.0,3,0.20883400004332892,0,
28083,4,11,1.0,3,0.48805232379623326,0,
28085,4,12,1.0,3,0.139020264876835,0,
28087,3,8,1.0,3,0.19379315896760885,0,
28089,1,12,1.0,3,0.08071005159545862,0,
28091,4,8,1.0,3,0.14705263660490409,0,
28093,3,8,1.0,3,0.16904528107000805,0,
28095,4,12,1.0,3,0.14116368214341,0,
28097,4,7,1.0,3,0.10064709180768744,0,
28099,4,8,1.0,3,0.1675693005394239,0,
28101,4,11,1.0,3,0.07328738823857273,0,
28103,4,6,1.0,3,0.15794950872495028,0,
28107,4,11,1.0,3,0.27896016180409283,0,
28109,3,5,1.0,3,0.0825558312355221,0,
28113,4,8,1.0,3,0.25786924179297166,0,
28115,4,11,1.0,3,0.18497886374859568,0,
28119,4,10,1.0,3,0.4128830768969879,0,
28121,1,12,1.0,3,0.13516806801299044,0,
28123,4,10,1.0,3,0.14020279322521761,0,
28127,3,10,1.0,3,0.09333756729951787,0,
28131,4,6,1.0,3,0.05867895347628296,0,
28133,4,16,1.0,3,0.6506282312028108,1,
28135,4,18,1.0,3,0.12774470106494656,0,
28137,3,5,1.0,3,0.3330937328245613,0,
28141,4,9,1.0,3,0.14084554126827428,0,
28145,3,11,1.0,3,0.10502909366041999,0,
28147,4,6,1.0,3,0.12148647652959177,0,
28153,4,7,1.0,3,0.11773759989055985,0,
28159,4,10,1.0,3,0.114248085767547,0,
28161,4,7,1.0,3,0.07848359117938296,0,
28163,4,8,1.0,3,0.13601809162927728,0,
29001,4,9,1.0,3,0.19236264257242525,0,
29009,4,17,1.0,3,0.2077483976534127,0,
29011,4,8,1.0,3,0.16757906380373067,0,
29013,3,13,1.0,3,0.14907863641112046,0,
29015,3,13,1.0,3,0.15400046099492187,0,
29017,4,13,1.0,3,0.10779894388141917,0,
29019,1,13,1.0,3,0.10198508444993074,0,
29021,3,15,1.0,3,0.5970944659665981,1,
29023,4,10,1.0,3,0.29097405929000353,0,
29025,3,10,1.0,3,0.2704774794616096,0,
29029,3,18,1.0,3,0.18642040063453308,0,
29031,3,19,1.0,3,0.31923422869989404,0,
29033,3,10,1.0,3,0.2520578344601654,0,
29035,3,5,1.0,3,0.06707003027067807,0,
29037,1,18,1.0,3,0.1763619221233311,0,
29039,4,9,1.0,3,0.15422918496845578,0,
29041,3,12,1.0,3,0.2101849097278071,0,
29043,1,21,1.0,3,0.05634364581344742,0,
29049,1,11,1.0,3,0.17911861808546403,0,
29051,1,9,1.0,3,0.1495635928361585,0,
29055,4,12,1.0,3,0.12630522880581413,0,
29057,3,13,1.0,3,0.15384992824247362,0,
29059,4,13,1.0,3,0.17956543823511234,0,
29063,2,10,1.0,3,0.19775814364178645,0,
29065,4,8,1.0,3,0.0971071519719458,0,
29067,4,16,1.0,3,0.13559301094824666,0,
29069,4,14,1.0,3,0.4818854385288633,0,
29071,1,23,1.0,3,0.18069549231911025,0,
29079,3,7,1.0,3,0.29051544890168757,0,
29083,4,11,1.0,3,0.21703990738832563,0,
29085,4,13,1.0,3,0.20878788622616906,0,
29091,4,12,1.0,3,0.1926046808272347,0,
29093,3,16,1.0,3,0.0935843275072348,0,
29099,1,24,1.0,3,0.25231941537341573,0,
29103,4,12,1.0,3,0.15919734805484845,0,
29105,4,12,1.0,3,0.15895347210060443,0,
29107,2,16,1.0,3,0.2675720555262401,0,
29109,3,21,1.0,3,0.2363533321010487,0,
29113,2,17,1.0,3,0.26256642412044406,0,
29115,3,15,1.0,3,0.18382198650956227,0,
29117,3,12,1.0,3,0.19845487899580458,0,
29119,1,14,1.0,3,0.08600663235647245,0,
29121,2,15,1.0,3,0.15777179816122677,0,
29123,3,7,1.0,3,0.078516921440978,0,
29127,3,10,1.0,3,0.21266435846011522,0,
29131,3,17,1.0,3,0.1275955592185272,0,
29133,4,6,1.0,3,0.5935422796950284,1,
29135,2,13,1.0,3,0.09815052846488224,0,
29139,3,11,1.0,3,0.17733467426646246,0,
29143,4,17,1.0,3,0.5422496518048233,1,
29145,3,15,1.0,3,0.16646781570801839,0,
29147,4,18,1.0,3,0.1489868696583585,0,
29153,4,18,1.0,3,0.13238893900611026,0,
29159,3,15,1.0,3,0.3113389368636571,0,
29161,4,11,1.0,3,0.10509522862725161,0,
29163,1,12,1.0,3,0.11079286065788883,0,
29165,1,18,1.0,3,0.16444246885004582,0,
29169,2,11,1.0,3,0.09204960190848814,0,
29175,3,12,1.0,3,0.2859992586621139,0,
29177,2,12,1.0,3,0.3291141113819154,0,
29181,4,9,1.0,3,0.11031203888283699,0,
29183,1,14,1.0,3,0.24514519833946882,0,
29185,4,16,1.0,3,0.14366070583673918,0,
29186,2,8,1.0,3,0.11583647276285344,0,
29187,3,15,1.0,3,0.1465671575835108,0,
29195,3,13,1.0,3,0.36931922462028094,0,
29197,3,6,1.0,3,0.13859711665301364,0,
29199,3,10,1.0,3,0.19073704283649667,0,
29201,4,14,1.0,3,0.6193066989235163,1,
29207,1,13,1.0,3,0.19223583275103662,0,
29209,1,17,1.0,3,0.10418720617125551,0,
29211,3,13,1.0,3,0.11450031207372137,0,
29213,3,20,1.0,3,0.2317172069682778,0,
29215,4,21,1.0,3,0.0668332585657961,0,
29217,4,13,1.0,3,0.22336507404179887,0,
29219,3,9,1.0,3,0.183677783509482,0,
29223,4,14,1.0,3,0.08899840080122776,0,
29225,3,9,1.0,3,0.17644578090504065,0,
29229,4,11,1.0,3,0.18659441006053096,0,
30003,4,18,1.0,3,0.3179845565049303,0,
30005,4,9,1.0,3,0.1328034714495285,0,
30013,3,18,1.0,3,0.2122118842694944,0,
30015,2,13,1.0,3,0.183241546962672,0,
30021,1,8,1.0,3,0.11399509449738279,0,
30029,2,16,1.0,3,0.08206116155834652,0,
30035,4,5,1.0,3,0.14961080779267094,0,
30047,3,15,1.0,3,0.10042554129215131,0,
30049,1,9,1.0,3,0.09341280017290661,0,
30053,4,6,1.0,3,0.09400378748761284,0,
30061,4,5,1.0,3,0.07700509608529485,0,
30073,3,6,1.0,3,0.12311207237083253,0,
30081,2,9,1.0,3,0.10639167397538149,0,
30087,3,8,1.0,3,0.10914569974532551,0,
30105,3,12,1.0,3,0.13776552792848828,0,
30111,2,16,1.0,3,0.25142352887272734,0,
31001,2,14,1.0,3,0.19941702121573868,0,
31003,2,11,1.0,3,0.1641919780134836,0,
31007,2,8,1.0,3,0.13690031678223855,0,
31011,2,8,1.0,3,0.13954250515015687,0,
31013,2,3,1.0,3,0.13455521361437472,0,
31023,1,14,1.0,3,0.11641091217659669,0,
31025,1,20,1.0,3,0.1034221265373666,0,
31029,2,7,1.0,3,0.017768799903740792,0,
31033,1,5,1.0,3,0.12228804779882499,0,
31041,1,21,1.0,3,0.0014695362666152952,0,
31045,2,6,1.0,3,0.10255860773510113,0,
31061,2,8,1.0,3,0.1644351260311073,0,
31067,2,18,1.0,3,0.16058336712615548,0,
31075,2,3,1.0,3,0.11841069327055051,0,
31079,2,11,1.0,3,0.18055039282851615,0,
31083,2,8,1.0,3,0.15990273623184484,0,
31093,1,11,1.0,3,0.13846312221610704,0,
31095,3,12,1.0,3,0.14544023802783446,0,
31109,2,42,1.0,3,0.16305337675803055,0,
31111,2,14,1.0,3,0.14910357919807596,0,
31119,2,8,1.0,3,0.15518861094995512,0,
31131,1,19,1.0,3,0.11907968191424374,0,
31135,1,10,1.0,3,0.12572305366463823,0,
31141,1,11,1.0,3,0.1617015203489487,0,
31153,1,13,1.0,3,0.10769894119608175,0,
31155,1,18,1.0,3,0.13045530826755472,0,
31157,3,8,1.0,3,0.18910458690234716,0,
31161,2,9,1.0,3,0.1594413046685011,0,
31173,4,10,1.0,3,0.15594298565949682,0,
31177,1,15,1.0,3,0.11664807995432355,0,
31179,2,11,1.0,3,0.1076930411652749,0,
31185,1,15,1.0,3,0.14485761507399803,0,
32001,2,2,1.0,3,0.5604174555164316,1,
32005,1,9,1.0,3,0.4054649216294548,0,
32007,1,14,1.0,3,0.15218085859830802,0,
32013,1,7,1.0,3,0.09379125709311852,0,
32017,1,5,1.0,3,0.020803492929060786,0,
32019,3,9,1.0,3,0.7315093356205177,1,
32021,3,5,1.0,3,0.3110858415606331,0,
32033,2,7,1.0,3,0.15494947269579065,0,
33005,1,27,1.0,3,0.08648408854942695,0,
33007,2,16,1.0,3,0.09443322756572342,0,
33009,1,37,1.0,3,0.07880771974857953,0,
33011,1,34,1.0,3,0.11551528136086553,0,
33013,1,31,1.0,3,0.08882282283437082,0,
33015,1,37,1.0,3,0.09501945172868215,0,
34009,1,15,1.0,3,0.4457803538783342,0,
34011,1,22,1.0,3,0.3284324033661546,0,
34015,1,30,1.0,3,0.3521809221269391,0,
34019,1,26,1.0,3,0.11022773607105976,0,
34021,1,25,1.0,3,0.5510115519395897,1,
34027,1,56,1.0,3,0.1127910045826187,0,
34031,2,33,1.0,3,0.6196804664615618,1,
34033,2,14,1.0,3,0.4539237373927526,0,
34035,1,32,1.0,3,0.17283876636617057,0,
34037,1,21,1.0,3,0.08549591536088723,0,
34041,1,19,1.0,3,0.1277201887193558,0,
35005,4,9,1.0,3,0.6054624048364293,1,
35007,4,9,1.0,3,0.2078890151960609,0,
35009,1,7,1.0,3,0.3744372755873449,0,
35015,3,8,1.0,3,0.27023902137533284,0,
35017,4,16,1.0,3,0.14583329426529495,0,
35019,2,5,1.0,3,0.03518207503594171,0,
35025,3,7,1.0,3,0.6503519341335504,1,
35029,4,3,1.0,3,0.3469944667594513,0,
35035,4,18,1.0,3,0.6843670612071677,1,
35037,4,10,1.0,3,0.26795273961092503,0,
35039,1,37,1.0,3,0.19315205509508973,0,
35041,4,9,1.0,3,0.3193870425111412,0,
35043,1,21,1.0,3,0.5278483132746885,1,
35049,2,15,1.0,3,0.38909715100594455,0,
35051,4,10,1.0,3,0.6421203704529675,1,
35053,4,14,1.0,3,0.659225085474988,1,
35055,4,21,1.0,3,0.15860329313855856,0,
35061,4,8,1.0,3,0.6255955034449158,1,
36001,2,46,1.0,3,0.3585692784097525,0,
36003,3,37,1.0,3,0.09192276057938298,0,
36007,3,31,1.0,3,0.21880471492021464,0,
36009,1,36,1.0,3,0.029482898189436293,0,
36011,1,26,1.0,3,0.023624509776057234,0,
36013,3,36,1.0,3,0.2699110119275313,0,
36015,2,22,1.0,3,0.19487930847522222,0,
36021,2,36,1.0,3,0.22288815460875783,0,
36023,3,17,1.0,3,0.17099884212401034,0,
36027,1,35,1.0,3,0.21511953675174114,0,
36031,2,34,1.0,3,0.08698622451146368,0,
36033,3,23,1.0,3,0.07825260347472039,0,
36037,2,18,1.0,3,0.1804429443106382,0,
36039,2,42,1.0,3,0.13223326884867015,0,
36041,2,13,1.0,3,0.08076372293147548,0,
36043,3,28,1.0,3,0.13691614579692435,0,
36045,3,39,1.0,3,0.2233206378516871,0,
36053,1,31,1.0,3,0.1861494328688958,0,
36055,1,50,1.0,3,0.5209768985713004,1,
36057,3,20,1.0,3,0.2819837399084012,0,
36063,1,22,1.0,3,0.47188261876174525,0,
36065,2,54,1.0,3,0.346037188786287,0,
36071,1,51,1.0,3,0.18591918790176357,0,
36073,3,15,1.0,3,0.3884210366664338,0,
36075,3,27,1.0,3,0.2142839901492302,0,
36077,3,43,1.0,3,0.0967881784238111,0,
36083,2,29,1.0,3,0.1881629018946992,0,
36089,3,49,1.0,3,0.11258350986068441,0,
36091,1,27,1.0,3,0.12096248262563399,0,
36093,1,19,1.0,3,0.26420561444031626,0,
36099,2,14,1.0,3,0.3461750034760107,0,
36101,3,39,1.0,3,0.11936520569106487,0,
36105,2,62,1.0,3,0.11984231215546337,0,
36107,2,15,1.0,3,0.10723723940298018,0,
36109,1,17,1.0,3,0.5107682091505176,1,
36111,2,63,1.0,3,0.1716255182258427,0,
36115,2,27,1.0,3,0.1552793698727793,0,
36117,2,20,1.0,3,0.19992207898676534,0,
37001,3,12,1.0,3,0.2709301785512759,0,
37003,2,8,1.0,3,0.14432223816915046,0,
37007,4,8,1.0,3,0.1297937860530091,0,
37013,4,15,1.0,3,0.146143173246873,0,
37015,4,10,1.0,3,0.12441906406110062,0,
37017,4,18,1.0,3,0.18003119710906726,0,
37019,2,14,1.0,3,0.15625987088925095,0,
37021,2,19,1.0,3,0.10283815672348653,0,
37023,4,16,1.0,3,0.17651653013951463,0,
37025,2,16,1.0,3,0.304838865338554,0,
37027,3,10,1.0,3,0.17276920052029576,0,
37031,2,19,1.0,3,0.16316131147812868,0,
37035,2,14,1.0,3,0.2334422797625385,0,
37037,1,18,1.0,3,0.07581492593442178,0,
37039,3,4,1.0,3,0.08573502353667398,0,
37041,3,4,1.0,3,0.17790941438963087,0,
37043,3,5,1.0,3,0.08419756789768144,0,
37045,1,13,1.0,3,0.3691033420699822,0,
37047,4,16,1.0,3,0.1618964734834718,0,
37049,2,11,1.0,3,0.13794650885432155,0,
37051,1,24,1.0,3,0.28197879320284186,0,
37053,1,15,1.0,3,0.08830504023141189,0,
37055,1,14,1.0,3,0.1965059272274271,0,
37057,3,12,1.0,3,0.23161651568297328,0,
37059,2,6,1.0,3,0.13118153211457612,0,
37061,4,19,1.0,3,0.2259732867554215,0,
37063,2,16,1.0,3,0.1903399327380183,0,
37065,4,15,1.0,3,0.3705357982511907,0,
37067,1,22,1.0,3,0.22446814786305833,0,
37069,3,13,1.0,3,0.11933677843542126,0,
37071,3,18,1.0,3,0.4065432680270591,0,
37077,3,12,1.0,3,0.08378290268567415,0,
37079,4,11,1.0,3,0.22362424140535433,0,
37083,4,9,1.0,3,0.23970036148771834,0,
37085,3,16,1.0,3,0.11602677588023215,0,
37089,2,15,1.0,3,0.12779204699191657,0,
37091,4,9,1.0,3,0.35765375331062976,0,
37093,3,9,1.0,3,0.2951081576642327,0,
37101,2,21,1.0,3,0.11720393603938484,0,
37105,3,4,1.0,3,0.142487045460326,0,
37107,4,10,1.0,3,0.3946468154269972,0,
37109,2,11,1.0,3,0.26495433004323043,0,
37111,3,9,1.0,3,0.09309201182207891,0,
37125,2,18,1.0,3,0.12309584633359116,0,
37127,3,15,1.0,3,0.241064948900568,0,
37129,3,10,1.0,3,0.22154068307626296,0,
37131,4,12,1.0,3,0.16570114308598283,0,
37133,3,16,1.0,3,0.21572653863008806,0,
37135,2,14,1.0,3,0.07818356995971686,0,
37141,3,13,1.0,3,0.09404386574430042,0,
37147,4,17,1.0,3,0.24323576039730843,0,
37151,3,24,1.0,3,0.19659551319347618,0,
37153,4,11,1.0,3,0.39175628982548755,0,
37157,3,11,1.0,3,0.19393188412563683,0,
37159,3,19,1.0,3,0.3494793727860082,0,
37161,1,16,1.0,3,0.06333153348250162,0,
37163,4,17,1.0,3,0.3048268428628924,0,
37165,4,7,1.0,3,0.49991944051138126,0,
37169,2,16,1.0,3,0.15128200066810688,0,
37171,4,12,1.0,3,0.1959365711025859,0,
37175,3,10,1.0,3,0.09842771190330635,0,
37179,1,12,1.0,3,0.20965986495504885,0,
37181,4,8,1.0,3,0.3785909059038126,0,
37185,4,8,1.0,3,0.12921950304004637,0,
37187,4,4,1.0,3,0.15497567228953074,0,
37189,4,10,1.0,3,0.0961532677012695,0,
37191,1,14,1.0,3,0.1641874234835576,0,
37193,4,23,1.0,3,0.13139317320116548,0,
37195,4,17,1.0,3,0.3539009818750913,0,
38015,1,12,1.0,3,0.15126161843806024,0,
38027,2,7,1.0,3,0.16223866481760407,0,
38035,1,22,1.0,3,0.2360964432286405,0,
38037,2,13,1.0,3,0.15920964596750126,0,
38067,1,13,1.0,3,0.12127109111385527,0,
38073,1,11,1.0,3,0.12390435212120164,0,
38085,4,9,1.0,3,0.21845295663030317,0,
38099,2,16,1.0,3,0.16938417085853485,0,
38101,1,24,1.0,3,0.008082368708911502,0,
39001,4,11,1.0,3,0.23157407959899565,0,
39007,4,19,1.0,3,0.5128159969353504,1,
39009,4,18,1.0,3,0.18459011969398348,0,
39013,2,27,1.0,3,0.22283159105930705,0,
39017,2,17,1.0,3,0.5832104033280019,1,
39019,2,20,1.0,3,0.18486801499161448,0,
39023,3,22,1.0,3,0.6971592546304884,1,
39025,1,23,1.0,3,0.3791704117217123,0,
39037,2,25,1.0,3,0.4727790882633885,0,
39041,1,24,1.0,3,0.16169080485050563,0,
39045,1,19,1.0,3,0.16178300514784327,0,
39055,1,20,1.0,3,0.18345364716507073,0,
39059,3,20,1.0,3,0.20883777116604096,0,
39063,1,24,1.0,3,0.20024032074338255,0,
39065,3,15,1.0,3,0.43322564226838134,0,
39071,4,15,1.0,3,0.3776495016845379,0,
39073,3,16,1.0,3,0.1051487865900296,0,
39075,1,18,1.0,3,0.11750820374852596,0,
39077,2,14,1.0,3,0.3172209339221158,0,
39079,4,11,1.0,3,0.22320287204941922,0,
39081,3,23,1.0,3,0.49026124680561617,0,
39085,1,11,1.0,3,0.5327472288214472,1,
39087,3,14,1.0,3,0.39416348394651035,0,
39089,2,28,1.0,3,0.21200607248566178,0,
39091,2,18,1.0,3,0.3607392849912763,0,
39093,2,24,1.0,3,0.4944758468102223,0,
39099,2,36,1.0,3,0.5581633050969227,1,
39101,3,14,1.0,3,0.4369609145580964,0,
39103,1,24,1.0,3,0.17147002540568132,0,
39107,1,18,1.0,3,0.36033108027973554,0,
39111,3,15,1.0,3,0.10418019783664254,0,
39117,2,16,1.0,3,0.21665611622842018,0,
39119,3,22,1.0,3,0.27450180603795854,0,
39121,2,15,1.0,3,0.12123919222524934,0,
39123,2,18,1.0,3,0.7010167736745447,1,
39125,1,15,1.0,3,0.41215415608545614,0,
39127,3,17,1.0,3,0.12065642826502593,0,
39129,2,17,1.0,3,0.19127053724625043,0,
39131,4,11,1.0,3,0.23625920610673803,0,
39133,1,24,1.0,3,0.5252706189554793,1,
39135,1,16,1.0,3,0.34956747194738025,0,
39137,1,17,1.0,3,0.3225554603818218,0,
39139,1,19,1.0,3,0.06864873226967509,0,
39141,3,16,1.0,3,0.2372983486355146,0,
39143,2,17,1.0,3,0.6073046347046147,1,
39145,4,20,1.0,3,0.4050321872947287,0,
39147,2,20,1.0,3,0.3978285221706008,0,
39151,1,42,1.0,3,0.45101704738000015,0,
39155,3,30,1.0,3,0.5505068006634727,1,
39159,1,20,1.0,3,0.29697641272362985,0,
39165,1,24,1.0,3,0.304937469335505,0,
39167,3,20,1.0,3,0.17262575686674542,0,
39169,2,25,1.0,3,0.2837104538452687,0,
39171,1,12,1.0,3,0.43038522165275483,0,
39173,2,32,1.0,3,0.5596695539844263,1,
40001,4,8,1.0,3,0.24167553063048133,0,
40003,1,13,1.0,3,0.25760988904465054,0,
40009,3,6,1.0,3,0.3726902778014545,0,
40011,3,13,1.0,3,0.3837858166825134,0,
40013,4,14,1.0,3,0.633402718359737,1,
40015,4,16,1.0,3,0.61079017531756,1,
40017,1,13,1.0,3,0.5553429335213755,1,
40019,3,13,1.0,3,0.6557188299072414,1,
40021,4,16,1.0,3,0.4613204850193391,0,
40023,4,12,1.0,3,0.36062111881276115,0,
40025,3,4,1.0,3,0.33648850192037405,0,
40035,4,10,1.0,3,0.5664415737819802,1,
40037,3,21,1.0,3,0.3639402573383462,0,
40039,4,13,1.0,3,0.6285179790307664,1,
40041,4,13,1.0,3,0.40129795916658767,0,
40043,3,12,1.0,3,0.271364238541289,0,
40045,3,7,1.0,3,0.22813825319103642,0,
40047,1,22,1.0,3,0.19414393166821042,0,
40049,3,13,1.0,3,0.49274454411998186,0,
40051,2,14,1.0,3,0.6315619551178303,1,
40053,1,10,1.0,3,0.15519869436077086,0,
40055,4,4,1.0,3,0.18569452527015662,0,
40059,2,7,1.0,3,0.24420899478224012,0,
40063,4,10,1.0,3,0.24042965491283785,0,
40065,3,9,1.0,3,0.6733857998285848,1,
40067,4,8,1.0,3,0.5260257815989827,1,
40069,4,13,1.0,3,0.4018014061563193,0,
40071,4,10,1.0,3,0.5482489150151995,1,
40073,2,12,1.0,3,0.43650486735707317,0,
40075,4,9,1.0,3,0.6535038706014292,1,
40077,4,7,1.0,3,0.1568610728406557,0,
40079,4,23,1.0,3,0.28957300748635123,0,
40081,3,16,1.0,3,0.2692593665468449,0,
40083,2,15,1.0,3,0.45478055145485596,0,
40085,3,8,1.0,3,0.5837830920419683,1,
40089,4,15,1.0,3,0.47473145068057754,0,
40091,4,11,1.0,3,0.38612631328617547,0,
40095,4,3,1.0,3,0.6463630155038258,1,
40097,4,17,1.0,3,0.5737554848180964,1,
40099,3,7,1.0,3,0.6001836258580544,1,
40101,4,15,1.0,3,0.6771397069772203,1,
40105,3,7,1.0,3,0.38389657103008573,0,
40107,4,11,1.0,3,0.2111476446222739,0,
40111,4,11,1.0,3,0.48052171287729933,0,
40113,3,22,1.0,3,0.5989669203887604,1,
40115,4,9,1.0,3,0.5964386908937366,1,
40117,3,12,1.0,3,0.3860993334435006,0,
40119,1,14,1.0,3,0.5358883298663455,1,
40121,3,19,1.0,3,0.37775912394292754,0,
40123,3,10,1.0,3,0.45828149548460484,0,
40127,4,16,1.0,3,0.16098165090156036,0,
40131,1,12,1.0,3,0.5287050586309359,1,
40133,4,10,1.0,3,0.3810784608625188,0,
40135,4,9,1.0,3,0.3597696359346887,0,
40137,3,10,1.0,3,0.648266646597377,1,
40139,4,9,1.0,3,0.33711127588641543,0,
40141,4,8,1.0,3,0.6889835383692904,1,
40145,2,15,1.0,3,0.5078051973303066,1,
40147,1,12,1.0,3,0.537104797368062,1,
40149,3,18,1.0,3,0.4963035577332387,0,
40153,2,11,1.0,3,0.210945880682762,0,
41001,3,12,1.0,3,0.13752740034628125,0,
41003,1,10,1.0,3,0.512047026450494,1,
41005,1,37,1.0,3,0.29242422403946416,0,
41009,2,9,1.0,3,0.13236148801340786,0,
41011,3,10,1.0,3,0.1879699049498263,0,
41013,2,6,1.0,3,0.17957376008238424,0,
41015,2,7,1.0,3,0.12722981432410851,0,
41017,1,7,1.0,3,0.23318504751956992,0,
41019,3,28,1.0,3,0.2081085042859947,0,
41023,3,11,1.0,3,0.16513130817543945,0,
41027,2,3,1.0,3,0.2095455699963789,0,
41029,3,18,1.0,3,0.5892637635301836,1,
41031,3,8,1.0,3,0.3244478727143083,0,
41033,4,11,1.0,3,0.5479878969143854,1,
41035,4,17,1.0,3,0.5048516437794077,1,
41039,3,39,1.0,3,0.28691837389773245,0,
41041,3,18,1.0,3,0.1766341801310119,0,
41043,2,20,1.0,3,0.3509888096177206,0,
41047,3,26,1.0,3,0.5604900594437374,1,
41049,3,7,1.0,3,0.6430300087207935,1,
41053,2,11,1.0,3,0.17217898717206973,0,
41059,3,14,1.0,3,0.5689395307313562,1,
41061,3,8,1.0,3,0.13235907948911002,0,
41065,3,8,1.0,3,0.3501160046263556,0,
41067,1,30,1.0,3,0.16822158071003596,0,
42001,1,17,1.0,3,0.14126111969837143,0,
42005,2,36,1.0,3,0.2325886009925008,0,
42009,2,28,1.0,3,0.09163188912721895,0,
42011,1,62,1.0,3,0.39000333697197787,0,
42013,3,19,1.0,3,0.15652777103247167,0,
42015,2,27,1.0,3,0.09068062312335742,0,
42021,1,51,1.0,3,0.03941023948284792,0,
42025,2,20,1.0,3,0.1395550104529351,0,
42027,2,33,1.0,3,0.08982643251594732,0,
42033,3,51,1.0,3,0.09972186573373432,0,
42037,2,19,1.0,3,0.09635882160477383,0,
42039,3,27,1.0,3,0.1346877596047175,0,
42041,1,21,1.0,3,0.12273710354341122,0,
42043,2,30,1.0,3,0.20038009728036602,0,
42047,2,14,1.0,3,0.06735523744991115,0,
42051,3,62,1.0,3,0.2647521071528824,0,
42053,4,11,1.0,3,0.0465830601090252,0,
42055,1,30,1.0,3,0.09570633028721307,0,
42059,2,26,1.0,3,0.0958531609587584,0,
42061,2,33,1.0,3,0.0655168032688811,0,
42065,3,30,1.0,3,0.15115253233577255,0,
42069,2,28,1.0,3,0.24977350677871293,0,
42073,2,22,1.0,3,0.2720016614106683,0,
42075,2,19,1.0,3,0.25743263263395694,0,
42079,3,50,1.0,3,0.208833285954586,0,
42081,2,25,1.0,3,0.08330311730796808,0,
42085,2,28,1.0,3,0.25342427062964423,0,
42087,3,13,1.0,3,0.1359253419716837,0,
42089,2,35,1.0,3,0.19157560640829108,0,
42095,1,26,1.0,3,0.31786303888252504,0,
42097,2,28,1.0,3,0.12856723096968542,0,
42099,2,16,1.0,3,0.07588313034074637,0,
42107,2,59,1.0,3,0.11214325329958627,0,
42109,2,15,1.0,3,0.10856499542929407,0,
42111,2,40,1.0,3,0.12626874462469906,0,
42115,2,29,1.0,3,0.07738200816406388,0,
42119,1,14,1.0,3,0.08968785332667073,0,
42123,2,19,1.0,3,0.0725308441647782,0,
42125,1,64,1.0,3,0.21993865292533338,0,
42127,2,30,1.0,3,0.08523842535115991,0,
42129,1,86,1.0,3,0.2530846435465891,0,
44003,1,9,1.0,3,0.537038127701309,1,
44005,1,8,1.0,3,0.4129533293614279,0,
44009,1,20,1.0,3,0.2910803591396561,0,
45001,4,13,1.0,3,0.2028723009793969,0,
45005,4,6,1.0,3,0.2878603328268408,0,
45009,4,8,1.0,3,0.255618167937782,0,
45011,4,7,1.0,3,0.29594147022735273,0,
45013,1,16,1.0,3,0.1213666316271926,0,
45015,2,17,1.0,3,0.24977661328851788,0,
45017,4,7,1.0,3,0.23893867343370617,0,
45021,4,8,1.0,3,0.44307931903171666,0,
45023,4,10,1.0,3,0.48248563422707197,0,
45025,4,11,1.0,3,0.34918781234490537,0,
45027,4,11,1.0,3,0.2693177541383647,0,
45029,4,14,1.0,3,0.23355235362183155,0,
45031,4,10,1.0,3,0.3482056511002497,0,
45033,4,11,1.0,3,0.42146193896921635,0,
45035,2,15,1.0,3,0.21017421951865944,0,
45037,3,10,1.0,3,0.10335896680996032,0,
45039,4,9,1.0,3,0.14481981693870086,0,
45041,3,12,1.0,3,0.3702217350755197,0,
45043,3,5,1.0,3,0.17335899295748564,0,
45047,4,9,1.0,3,0.34937597555428673,0,
45049,4,13,1.0,3,0.23462216421124193,0,
45051,3,16,1.0,3,0.4498790187517431,0,
45055,3,13,1.0,3,0.1930897292506013,0,
45057,3,5,1.0,3,0.38411742806551435,0,
45059,4,16,1.0,3,0.29195042089737017,0,
45067,4,7,1.0,3,0.37654218802696465,0,
45069,4,8,1.0,3,0.32399594018888483,0,
45073,3,13,1.0,3,0.3246682859911266,0,
45077,3,15,1.0,3,0.28134317211656934,0,
45081,4,12,1.0,3,0.21392943869833464,0,
45085,4,15,1.0,3,0.45526233372680325,0,
45087,4,9,1.0,3,0.22734493571776734,0,
45089,4,12,1.0,3,0.2192506482242512,0,
45091,1,15,1.0,3,0.4680489238672426,0,
46009,2,7,1.0,3,0.1345862854042022,0,
46013,1,20,1.0,3,0.1357183257278718,0,
46029,2,10,1.0,3,0.167104095878494,0,
46031,4,15,1.0,3,0.1684311759673276,0,
46033,3,9,1.0,3,0.1240313469574583,0,
46035,2,6,1.0,3,0.16082603658001793,0,
46037,2,11,1.0,3,0.1654816888452645,0,
46059,1,8,1.0,3,0.13613115786300073,0,
46065,1,3,1.0,3,0.1335113249569252,0,
46067,2,13,1.0,3,0.16934158895303109,0,
46077,1,9,1.0,3,0.1370631234076718,0,
46083,1,12,1.0,3,0.19355412047410842,0,
46091,1,10,1.0,3,0.12002848671600691,0,
46093,2,18,1.0,3,0.11984146682958668,0,
46099,1,23,1.0,3,0.15003799696986947,0,
46103,2,20,1.0,3,0.13596044237616112,0,
46109,4,16,1.0,3,0.1572016475249683,0,
46121,4,9,1.0,3,0.3050430066058136,0,
46129,1,7,1.0,3,0.15895073593683365,0,
46135,2,10,1.0,3,0.16242553736096277,0,
47001,3,11,1.0,3,0.32452065580375616,0,
47003,3,13,1.0,3,0.5677775699998842,1,
47005,4,7,1.0,3,0.25362927376789185,0,
47009,2,13,1.0,3,0.4406955354559249,0,
47011,3,8,1.0,3,0.376619131851785,0,
47013,4,11,1.0,3,0.35602105588038474,0,
47017,4,14,1.0,3,0.17690391791353213,0,
47019,4,8,1.0,3,0.41129509614346316,0,
47021,2,12,1.0,3,0.1514116695239096,0,
47025,1,10,1.0,3,0.20133261744788872,0,
47027,4,7,1.0,3,0.2982897250648029,0,
47031,3,9,1.0,3,0.4599862159321814,0,
47033,4,8,1.0,3,0.4784678602022092,0,
47035,3,11,1.0,3,0.2979554499807787,0,
47043,2,11,1.0,3,0.15010989486362114,0,
47045,4,11,1.0,3,0.5289438037118636,1,
47049,4,9,1.0,3,0.22662889678356649,0,
47053,4,11,1.0,3,0.37179001622616276,0,
47055,3,17,1.0,3,0.3941364798428898,0,
47059,4,10,1.0,3,0.30981556018792145,0,
47063,4,7,1.0,3,0.5628165482420431,1,
47067,4,5,1.0,3,0.2143736967976052,0,
47069,4,12,1.0,3,0.18053049519939285,0,
47071,4,13,1.0,3,0.3081132333935547,0,
47073,4,12,1.0,3,0.3541706419472139,0,
47075,4,6,1.0,3,0.40457434067736403,0,
47077,4,14,1.0,3,0.2167304268749719,0,
47079,4,9,1.0,3,0.28685214070058007,0,
47085,3,4,1.0,3,0.10700106779923294,0,
47089,3,10,1.0,3,0.34675722572886175,0,
47097,4,4,1.0,3,0.26267666768113934,0,
47099,4,11,1.0,3,0.2239793607572913,0,
47101,4,7,1.0,3,0.12458551713934421,0,
47107,4,12,1.0,3,0.5483958302910907,1,
47109,4,15,1.0,3,0.23792954810485895,0,
47111,4,8,1.0,3,0.3002070549977996,0,
47117,3,12,1.0,3,0.4711683623943966,0,
47119,1,10,1.0,3,0.42618811479892016,0,
47121,3,6,1.0,3,0.22171016336905597,0,
47123,4,9,1.0,3,0.4764693388120539,0,
47125,3,15,1.0,3,0.3179398224268632,0,
47129,4,12,1.0,3,0.2125040012427707,0,
47131,4,12,1.0,3,0.4305638055074294,0,
47135,4,4,1.0,3,0.10484727061153798,0,
47139,3,12,1.0,3,0.13536530206784125,0,
47141,1,10,1.0,3,0.5341961926154157,1,
47145,2,10,1.0,3,0.3371782526916941,0,
47147,2,12,1.0,3,0.3653037377877489,0,
47149,1,20,1.0,3,0.5195110723541378,1,
47155,3,10,1.0,3,0.270739539172417,0,
47159,3,15,1.0,3,0.2119733269889525,0,
47163,3,12,1.0,3,0.46888309074458145,0,
47165,1,10,1.0,3,0.33105121466727755,0,
47167,2,10,1.0,3,0.28096888036091655,0,
47175,4,7,1.0,3,0.2755954014402074,0,
47177,4,6,1.0,3,0.5526397217104148,1,
47179,1,13,1.0,3,0.4954546066286041,0,
47181,4,10,1.0,3,0.1340907462937187,0,
47183,4,12,1.0,3,0.30241836474313394,0,
47185,4,5,1.0,3,0.3285259260014157,0,
47187,1,16,1.0,3,0.12974548633762728,0,
47189,1,12,1.0,3,0.3993630916976,0,
48001,3,10,1.0,3,0.40241430424774344,0,
48003,2,1,1.0,3,0.36384831269802687,0,
48005,4,6,1.0,3,0.27773162609296304,0,
48007,4,5,1.0,3,0.5775077601184357,1,
48009,2,10,1.0,3,0.42878951940561694,0,
48013,3,15,1.0,3,0.5863677184747372,1,
48015,2,13,1.0,3,0.4295777747693455,0,
48017,1,6,1.0,3,0.12932230179022902,0,
48019,2,7,1.0,3,0.3845691929457959,0,
48021,2,15,1.0,3,0.45623207742497196,0,
48023,2,2,1.0,3,0.1810262309885659,0,
48025,4,11,1.0,3,0.38042514354147383,0,
48031,1,8,1.0,3,0.3360941643155776,0,
48035,3,11,1.0,3,0.25214146390701286,0,
48037,3,10,1.0,3,0.34246550546674903,0,
48043,3,4,1.0,3,0.12883989890076303,0,
48047,4,2,1.0,3,0.34706807785521937,0,
48049,3,10,1.0,3,0.24899773958049454,0,
48051,2,5,1.0,3,0.3857985086579728,0,
48053,2,13,1.0,3,0.3507695527319732,0,
48055,3,14,1.0,3,0.4298852700216249,0,
48057,3,6,1.0,3,0.3799983258736473,0,
48063,3,2,1.0,3,0.43192631512993385,0,
48067,4,14,1.0,3,0.19357701497014482,0,
48071,2,11,1.0,3,0.5823686483520506,1,
48073,4,12,1.0,3,0.5344631656880919,1,
48075,4,4,1.0,3,0.21910475709258337,0,
48077,2,9,1.0,3,0.4082305731488599,0,
48081,3,4,1.0,3,0.20517798500982365,0,
48083,2,15,1.0,3,0.18826337414233352,0,
48087,4,5,1.0,3,0.22084210554334893,0,
48089,2,18,1.0,3,0.27279084997571657,0,
48091,1,14,1.0,3,0.3926166716077892,0,
48093,2,14,1.0,3,0.1618872381014487,0,
48097,2,14,1.0,3,0.5002820523484053,1,
48099,1,17,1.0,3,0.022877655991816008,0,
48101,4,3,1.0,3,0.23470361848256363,0,
48109,4,2,1.0,3,0.3228795479036701,0,
48117,4,6,1.0,3,0.2999888055756958,0,
48119,3,7,1.0,3,0.3158304194488696,0,
48123,3,9,1.0,3,0.27615796024349304,0,
48125,4,7,1.0,3,0.24174363054225756,0,
48127,4,6,1.0,3,0.3789001170556308,0,
48131,4,8,1.0,3,0.17569500117116593,0,
48133,4,9,1.0,3,0.29284583552524723,0,
48135,2,8,1.0,3,0.7597632004046055,1,
48139,1,20,1.0,3,0.5299630013065636,1,
48143,1,13,1.0,3,0.5040129889819666,1,
48145,3,17,1.0,3,0.5112669951459045,1,
48147,2,19,1.0,3,0.3446535584222453,0,
48149,2,15,1.0,3,0.25463093558113303,0,
48151,3,9,1.0,3,0.31198904369350033,0,
48159,1,7,1.0,3,0.2551491467229384,0,
48161,4,9,1.0,3,0.615112622979022,1,
48169,4,4,1.0,3,0.3439759963028337,0,
48171,2,7,1.0,3,0.27124179186889025,0,
48177,3,14,1.0,3,0.1899029391765945,0,
48185,3,11,1.0,3,0.5320247893440119,1,
48193,3,10,1.0,3,0.22027689275514006,0,
48197,3,2,1.0,3,0.2493549396731094,0,
48199,2,12,1.0,3,0.18849196073156704,0,
48203,3,12,1.0,3,0.3272386750575054,0,
48207,4,11,1.0,3,0.36256829824410797,0,
48209,2,14,1.0,3,0.47559828250941183,0,
48217,2,19,1.0,3,0.5263544944149869,1,
48219,4,10,1.0,3,0.616834085885055,1,
48221,1,8,1.0,3,0.586786018371884,1,
48223,3,13,1.0,3,0.4237818049639669,0,
48225,4,7,1.0,3,0.42450882119274486,0,
48227,3,5,1.0,3,0.6337810148537534,1,
48233,3,7,1.0,3,0.7281470315601234,1,
48239,2,10,1.0,3,0.15776457784931763,0,
48241,4,9,1.0,3,0.20738273871365065,0,
48247,4,1,1.0,3,0.16524254432421248,0,
48249,4,8,1.0,3,0.27555061909743506,0,
48251,2,16,1.0,3,0.610381797892289,1,
48255,3,8,1.0,3,0.537603957589994,1,
48259,1,8,1.0,3,0.21598538892848415,0,
48261,4,2,1.0,3,0.5040274463243624,1,
48265,3,10,1.0,3,0.4629993048103771,0,
48269,4,2,1.0,3,0.1856926774719761,0,
48273,4,4,1.0,3,0.5545920863711337,1,
48275,4,6,1.0,3,0.23588587488995644,0,
48277,3,13,1.0,3,0.4994258233400727,0,
48281,2,6,1.0,3,0.2537391467077672,0,
48285,2,7,1.0,3,0.18036712146702938,0,
48287,2,9,1.0,3,0.21601961482820387,0,
48289,3,8,1.0,3,0.5579681263667917,1,
48291,3,14,1.0,3,0.440934393276468,0,
48293,4,14,1.0,3,0.583409481595533,1,
48299,1,10,1.0,3,0.1753611655194998,0,
48303,1,25,1.0,3,0.5408665256678107,1,
48307,3,6,1.0,3,0.18130863302259503,0,
48313,2,5,1.0,3,0.39997101374436345,0,
48315,4,7,1.0,3,0.15098129991531548,0,
48317,1,8,1.0,3,0.55953305090247,1,
48321,1,12,1.0,3,0.3056298264584959,0,
48323,4,3,1.0,3,0.5688911421745971,1,
48329,1,9,1.0,3,0.6684409984105297,1,
48331,3,13,1.0,3,0.41788033594603013,0,
48335,2,3,1.0,3,0.17787938089732908,0,
48337,3,10,1.0,3,0.5619860603408783,1,
48341,2,6,1.0,3,0.44873429576593027,0,
48343,4,7,1.0,3,0.49098819386143394,0,
48347,1,10,1.0,3,0.5392017269671295,1,
48349,4,17,1.0,3,0.5933943019506402,1,
48353,3,9,1.0,3,0.3618878201481759,0,
48361,2,4,1.0,3,0.5653281287007252,1,
48363,4,12,1.0,3,0.4405453028795841,0,
48365,3,13,1.0,3,0.2638202874325308,0,
48367,1,18,1.0,3,0.5036279537069394,1,
48371,3,6,1.0,3,0.3566100969894853,0,
48373,3,9,1.0,3,0.21131847778281151,0,
48375,4,16,1.0,3,0.7635096001200468,1,
48377,4,4,1.0,3,0.436221327109213,0,
48381,1,15,1.0,3,0.46715846562717245,0,
48387,4,9,1.0,3,0.2996983621539473,0,
48389,3,4,1.0,3,0.29308481855653146,0,
48391,3,5,1.0,3,0.13480623878204404,0,
48395,3,9,1.0,3,0.4390794440965463,0,
48397,1,9,1.0,3,0.38915539662193915,0,
48399,3,11,1.0,3,0.20982931988872425,0,
48401,3,16,1.0,3,0.3955171648927753,0,
48405,4,4,1.0,3,0.14384899373166501,0,
48407,4,8,1.0,3,0.49323404642485014,0,
48409,3,9,1.0,3,0.4106575995273024,0,
48411,3,7,1.0,3,0.13048484640211422,0,
48415,3,8,1.0,3,0.34583251643526514,0,
48419,4,7,1.0,3,0.1946996456016309,0,
48427,4,10,1.0,3,0.5641668608440631,1,
48429,4,8,1.0,3,0.25496992670125845,0,
48437,4,5,1.0,3,0.49639283081562124,0,
48441,1,17,1.0,3,0.5403238255870122,1,
48445,4,6,1.0,3,0.4827661028407538,0,
48449,4,6,1.0,3,0.5119817235881907,1,
48451,1,14,1.0,3,0.5304108071333388,1,
48455,4,7,1.0,3,0.3680579845984966,0,
48457,3,10,1.0,3,0.07817070457014305,0,
48459,3,12,1.0,3,0.3862883114816373,0,
48463,4,8,1.0,3,0.4616880386700371,0,
48465,4,5,1.0,3,0.3619296722453215,0,
48467,3,13,1.0,3,0.6258028649995694,1,
48469,3,12,1.0,3,0.593268069635592,1,
48471,4,9,1.0,3,0.4746715881781019,0,
48473,2,11,1.0,3,0.6425975279315479,1,
48475,3,6,1.0,3,0.7369493268030949,1,
48477,2,7,1.0,3,0.563645238982824,1,
48481,1,13,1.0,3,0.4459111766310176,0,
48487,4,6,1.0,3,0.578510225475936,1,
48493,2,12,1.0,3,0.3605118841710585,0,
48495,3,2,1.0,3,0.5834138797653396,1,
48497,2,17,1.0,3,0.5704891573136246,1,
48499,3,12,1.0,3,0.36761525360690195,0,
48501,2,4,1.0,3,0.18564038373487823,0,
48503,2,6,1.0,3,0.35985946105128924,0,
48505,4,5,1.0,3,0.42493971779189205,0,
48507,4,4,1.0,3,0.549856448015872,1,
49003,2,20,1.0,3,0.5274364567291656,1,
49005,3,16,1.0,3,0.47120963512521363,0,
49011,1,13,1.0,3,0.5799816783806182,1,
49019,1,2,1.0,3,0.13349726745213591,0,
49021,4,10,1.0,3,0.224437864200925,0,
49037,3,12,1.0,3,0.32438646568993035,0,
49039,3,15,1.0,3,0.36629757077991276,0,
49041,3,12,1.0,3,0.4736670227785263,0,
49043,1,9,1.0,3,0.09848188876717628,0,
49057,1,9,1.0,3,0.648349499698428,1,
50001,1,20,1.0,3,0.07849555937389768,0,
50005,2,22,1.0,3,0.08363110130358742,0,
50007,1,21,1.0,3,0.11103824533485372,0,
50013,1,5,1.0,3,0.10982700480105093,0,
50017,2,31,1.0,3,0.07968134566496862,0,
50019,2,24,1.0,3,0.10660838182004323,0,
50021,1,29,1.0,3,0.08209646455749908,0,
50023,1,26,1.0,3,0.06724834269271623,0,
50025,2,24,1.0,3,0.09777635422408075,0,
51003,2,24,1.0,3,0.08385818413287885,0,
51005,3,7,1.0,3,0.1379831939851534,0,
51007,1,5,1.0,3,0.07805887979772688,0,
51009,2,9,1.0,3,0.1583955840966581,0,
51013,1,11,1.0,3,0.17859414745638275,0,
51015,2,27,1.0,3,0.16571909008919433,0,
51019,1,18,1.0,3,0.11960057971325153,0,
51025,3,16,1.0,3,0.15197832075790518,0,
51027,4,16,1.0,3,0.210636842798041,0,
51031,3,14,1.0,3,0.33531405652785984,0,
51036,2,4,1.0,3,0.1170839624204014,0,
51037,4,14,1.0,3,0.043538485540372346,0,
51047,1,18,1.0,3,0.08333287784623881,0,
51051,4,12,1.0,3,0.19755221282397994,0,
51057,4,8,1.0,3,0.1695913921482697,0,
51061,1,24,1.0,3,0.0683551643061373,0,
51063,2,11,1.0,3,0.08955887832885256,0,
51069,1,12,1.0,3,0.10279592027094636,0,
51073,1,6,1.0,3,0.10844734671878405,0,
51075,1,15,1.0,3,0.08494481902064956,0,
51079,2,5,1.0,3,0.0909172710806008,0,
51081,4,4,1.0,3,0.1810922949457216,0,
51083,3,14,1.0,3,0.15312492881507217,0,
51085,1,12,1.0,3,0.08481978617912217,0,
51087,2,16,1.0,3,0.4026177979779327,0,
51093,1,8,1.0,3,0.13347371995004836,0,
51095,1,4,1.0,3,0.11620194121536376,0,
51103,2,6,1.0,3,0.17723052375011064,0,
51105,4,11,1.0,3,0.2060152044958762,0,
51107,1,21,1.0,3,0.09545609780415712,0,
51111,4,12,1.0,3,0.12855097809039356,0,
51113,2,21,1.0,3,0.07992737575591241,0,
51117,3,13,1.0,3,0.1550045070760645,0,
51119,1,12,1.0,3,0.15493054292470082,0,
51121,3,10,1.0,3,0.194724473377673,0,
51127,1,6,1.0,3,0.06148590877906766,0,
51131,3,11,1.0,3,0.3136739188462524,0,
51133,2,7,1.0,3,0.21969894133277795,0,
51135,4,7,1.0,3,0.24843065093258182,0,
51139,3,6,1.0,3,0.13851220761454647,0,
51141,3,14,1.0,3,0.11587562862892337,0,
51143,4,20,1.0,3,0.32015152646247713,0,
51145,1,5,1.0,3,0.6080581088436576,1,
51147,1,12,1.0,3,0.030621467127485712,0,
51149,3,7,1.0,3,0.3705472889558543,0,
51153,1,19,1.0,3,0.09477479248204883,0,
51159,3,5,1.0,3,0.200402164578168,0,
51161,1,14,1.0,3,0.129269267538499,0,
51171,2,14,1.0,3,0.13430176606871527,0,
51175,3,12,1.0,3,0.15907009615762566,0,
51177,1,13,1.0,3,0.07573313747342827,0,
51179,1,5,1.0,3,0.06142895987973958,0,
51185,1,18,1.0,3,0.08930279777286297,0,
51187,1,7,1.0,3,0.10534158107144548,0,
51191,2,10,1.0,3,0.1442312814613324,0,
51193,2,8,1.0,3,0.23026662803163456,0,
51199,1,9,1.0,3,0.10557656731656877,0,
51510,1,8,1.0,3,0.28879945960682774,0,
51520,4,2,1.0,3,0.6472664450144556,1,
51550,1,6,1.0,3,0.17356777243266386,0,
51570,2,1,1.0,3,0.2413418033834601,0,
51590,4,2,1.0,3,0.5316332454014506,1,
51595,4,1,1.0,3,0.18980674265897057,0,
51630,3,3,1.0,3,0.5179840342062608,1,
51650,2,9,1.0,3,0.5672092757587291,1,
51660,1,3,1.0,3,0.13797815771043861,0,
51678,3,1,1.0,3,0.13192556400944686,0,
51680,3,5,1.0,3,0.3957151675148008,0,
51683,1,1,1.0,3,0.2689198883352348,0,
51690,4,1,1.0,3,0.39493405671476894,0,
51700,3,8,1.0,3,0.4455687524787315,0,
51710,1,15,1.0,3,0.4367031745171424,0,
51730,3,2,1.0,3,0.5514859708838901,1,
51740,1,8,1.0,3,0.5671871579296501,1,
51750,1,2,1.0,3,0.5414057203446503,1,
51770,3,10,1.0,3,0.6148612094369572,1,
51800,1,8,1.0,3,0.15396126958863302,0,
51840,3,1,1.0,3,0.5043176084670761,1,
53003,3,3,1.0,3,0.41153696239224596,0,
53005,2,12,1.0,3,0.6074651465998635,1,
53007,2,14,1.0,3,0.1449741924992755,0,
53015,3,11,1.0,3,0.16434043934470988,0,
53017,2,13,1.0,3,0.3127937957469435,0,
53021,3,7,1.0,3,0.6095759548629316,1,
53023,3,2,1.0,3,0.23675044882747975,0,
53025,3,18,1.0,3,0.4666820060250302,0,
53029,1,8,1.0,3,0.1893679740036267,0,
53031,2,9,1.0,3,0.12673906282678882,0,
53035,1,20,1.0,3,0.1276731323994313,0,
53041,2,23,1.0,3,0.13612688421398397,0,
53045,2,15,1.0,3,0.172750274240055,0,
53047,4,22,1.0,3,0.3791665169302152,0,
53057,1,17,1.0,3,0.08712443479017878,0,
53059,1,8,1.0,3,0.12925655958001428,0,
53067,1,14,1.0,3,0.22094388544485782,0,
53071,2,8,1.0,3,0.4849870599306828,0,
53073,2,18,1.0,3,0.2226800236978971,0,
53077,4,22,1.0,3,0.5971309932407208,1,
54003,2,11,1.0,3,0.38981764683142306,0,
54005,4,31,1.0,3,0.15462701557860858,0,
54009,2,8,1.0,3,0.5938902883644247,1,
54011,3,13,1.0,3,0.360324417936645,0,
54029,3,5,1.0,3,0.6608449744174388,1,
54035,3,15,1.0,3,0.14594267176829948,0,
54037,1,9,1.0,3,0.3166585353876121,0,
54039,1,46,1.0,3,0.4369371845479376,0,
54041,4,11,1.0,3,0.2504818417021612,0,
54049,3,18,1.0,3,0.3034206998188551,0,
54053,3,19,1.0,3,0.2563115416931162,0,
54059,4,18,1.0,3,0.2744727539959431,0,
54061,3,16,1.0,3,0.2575507027082584,0,
54065,3,4,1.0,3,0.1267512911445474,0,
54067,3,25,1.0,3,0.12963740729002088,0,
54069,2,6,1.0,3,0.4347699245484594,0,
54079,2,17,1.0,3,0.22761775339865026,0,
54081,4,42,1.0,3,0.3254618875268814,0,
54083,4,22,1.0,3,0.05956343196773615,0,
54097,4,10,1.0,3,0.14087580243030456,0,
54099,4,17,1.0,3,0.46770320821750105,0,
54103,4,12,1.0,3,0.17080084172803106,0,
54107,3,13,1.0,3,0.48685898479320827,0,
55001,2,14,1.0,3,0.17710997260954722,0,
55005,2,19,1.0,3,0.1126861467672009,0,
55007,2,15,1.0,3,0.0578339048344854,0,
55009,1,19,1.0,3,0.08028915568630467,0,
55015,1,14,1.0,3,0.2249754025268375,0,
55017,2,14,1.0,3,0.11364116655926472,0,
55021,1,20,1.0,3,0.14667009775028045,0,
55023,2,13,1.0,3,0.11452515977607018,0,
55027,1,31,1.0,3,0.21904435583226556,0,
55029,1,13,1.0,3,0.18467417092701968,0,
55031,2,12,1.0,3,0.0704537878176955,0,
55039,1,24,1.0,3,0.24074922374769514,0,
55043,3,23,1.0,3,0.16997409570749258,0,
55045,1,12,1.0,3,0.15318357946292502,0,
55055,1,19,1.0,3,0.21094446108560466,0,
55057,3,14,1.0,3,0.1360593826455765,0,
55059,1,17,1.0,3,0.325191128376088,0,
55061,1,6,1.0,3,0.19093745696377484,0,
55063,2,15,1.0,3,0.09844468070151655,0,
55065,2,14,1.0,3,0.15860050706122078,0,
55069,1,7,1.0,3,0.05450988087444248,0,
55071,1,19,1.0,3,0.29279783905010304,0,
55073,1,28,1.0,3,0.0844496695122041,0,
55075,3,16,1.0,3,0.1308437973610942,0,
55077,2,14,1.0,3,0.16776282604697756,0,
55078,4,4,1.0,3,0.11404745398907137,0,
55081,2,12,1.0,3,0.08670307655560315,0,
55083,1,19,1.0,3,0.10008479484076416,0,
55085,1,14,1.0,3,0.06406025119819553,0,
55087,1,24,1.0,3,0.23301632330526836,0,
55089,1,13,1.0,3,0.21578322460631708,0,
55095,1,20,1.0,3,0.10368074511176183,0,
55097,2,21,1.0,3,0.10200831508997352,0,
55099,2,14,1.0,3,0.06513526507197548,0,
55103,3,14,1.0,3,0.11682094558017378,0,
55105,2,19,1.0,3,0.3752250498699822,0,
55111,1,17,1.0,3,0.12530855392671886,0,
55115,2,25,1.0,3,0.1362696399290667,0,
55117,1,17,1.0,3,0.2782498768407803,0,
55119,2,14,1.0,3,0.05976599597237398,0,
55121,1,14,1.0,3,0.08190039014708747,0,
55123,3,18,1.0,3,0.09337565273415759,0,
55125,2,12,1.0,3,0.07097503637123516,0,
55127,1,16,1.0,3,0.2566769465686895,0,
55131,1,18,1.0,3,0.1704009722233818,0,
55133,1,30,1.0,3,0.19340166616698423,0,
55135,1,16,1.0,3,0.03681223995780454,0,
55137,2,17,1.0,3,0.16505894957721096,0,
55139,1,18,1.0,3,0.09967166430112177,0,
55141,2,15,1.0,3,0.11790505779507254,0,
56001,1,10,1.0,3,0.11148000031930931,0,
56003,2,15,1.0,3,0.12171431998235188,0,
56007,2,12,1.0,3,0.12776884686852052,0,
56009,1,4,1.0,3,0.13384849859519937,0,
56013,2,11,1.0,3,0.15800528777903472,0,
56017,3,3,1.0,3,0.19613874955659305,0,
56021,1,12,1.0,3,0.08079266227597712,0,
56025,1,11,1.0,3,0.16438064692451007,0,
56029,1,8,1.0,3,0.11605351077630252,0,
56031,2,5,1.0,3,0.1957967275776588,0,
56033,1,9,1.0,3,0.14369119822236787,0,
56035,1,6,1.0,3,0.08368570384545082,0,
01001,3,10,1.0,4,0.48293456387175127,0,
01003,2,23,1.0,4,0.31892272778653613,0,
01009,3,17,1.0,4,0.43894486623695483,0,
01011,4,7,1.0,4,0.2527148583219983,0,
01015,3,14,1.0,4,0.5138370519278295,1,
01017,4,10,1.0,4,0.40424930606963216,0,
01019,4,11,1.0,4,0.3892450632385097,0,
01021,3,14,1.0,4,0.4926559788566126,0,
01025,4,10,1.0,4,0.17848714161159335,0,
01031,3,16,1.0,4,0.4663960513642458,0,
01033,3,9,1.0,4,0.5110355629295467,1,
01035,4,13,1.0,4,0.1602042687432602,0,
01037,3,11,1.0,4,0.1939412919695953,0,
01039,4,13,1.0,4,0.2814092905806518,0,
01043,3,19,1.0,4,0.519532962708312,1,
01045,3,14,1.0,4,0.5357366368106188,1,
01047,4,10,1.0,4,0.5350705732663577,1,
01051,2,13,1.0,4,0.3443696845125058,0,
01053,4,9,1.0,4,0.326533985324646,0,
01055,3,14,1.0,4,0.64263166688594,1,
01057,4,10,1.0,4,0.2582868668165524,0,
01059,4,10,1.0,4,0.40212886072405335,0,
01063,4,8,1.0,4,0.24773159323509072,0,
01065,4,9,1.0,4,0.26815899708962876,0,
01067,3,9,1.0,4,0.2740996078023443,0,
01069,4,14,1.0,4,0.6694762604490343,1,
01071,4,22,1.0,4,0.5124727330646845,1,
01075,4,9,1.0,4,0.22786718730047073,0,
01077,3,9,1.0,4,0.4694110819819958,0,
01079,3,10,1.0,4,0.3741051710612137,0,
01083,2,15,1.0,4,0.6241603705092501,1,
01085,4,8,1.0,4,0.2546734035515599,0,
01087,4,13,1.0,4,0.4085397076151124,0,
01089,1,25,1.0,4,0.5998350945903334,1,
01091,4,15,1.0,4,0.22837381667679693,0,
01093,4,12,1.0,4,0.34629939421992356,0,
01095,4,18,1.0,4,0.7716155435169348,1,
01099,4,17,1.0,4,0.21706578435478843,0,
01101,1,24,1.0,4,0.745981624219083,1,
01103,3,16,1.0,4,0.6525992885787023,1,
01105,4,9,1.0,4,0.40753240893897047,0,
01107,4,8,1.0,4,0.20470029885950103,0,
01109,1,9,1.0,4,0.7536338974153539,1,
01111,3,8,1.0,4,0.2944413743265424,0,
01113,3,12,1.0,4,0.6186234197810012,1,
01115,2,18,1.0,4,0.4136676245105402,0,
01119,4,11,1.0,4,0.26105127104605597,0,
01121,4,12,1.0,4,0.5421249869618731,1,
01123,4,12,1.0,4,0.2406900814021208,0,
01125,1,27,1.0,4,0.6347578512596065,1,
01127,3,18,1.0,4,0.6459264510562726,1,
01129,4,16,1.0,4,0.20904494633043158,0,
01131,4,13,1.0,4,0.1398834369946833,0,
01133,4,11,1.0,4,0.28279547275802147,0,
04009,4,10,1.0,4,0.48038573398734796,0,
04023,4,9,1.0,4,0.4982678997300014,0,
05001,4,13,1.0,4,0.5566066088016934,1,
05003,4,7,1.0,4,0.45149808041391,0,
05005,3,12,1.0,4,0.30817597709543587,0,
05009,3,9,1.0,4,0.31446185210244515,0,
05011,4,7,1.0,4,0.4522064793684626,0,
05015,3,9,1.0,4,0.2110316352886218,0,
05019,1,8,1.0,4,0.7867243578547081,1,
05021,4,13,1.0,4,0.3944591852007936,0,
05023,3,17,1.0,4,0.2504914420943842,0,
05025,4,7,1.0,4,0.2842370441808886,0,
05027,4,7,1.0,4,0.49544780489824347,0,
05029,4,15,1.0,4,0.656916168295505,1,
05031,1,16,1.0,4,0.5347200782886794,1,
05033,3,11,1.0,4,0.5867068534213661,1,
05035,4,11,1.0,4,0.8650725087624226,1,
05037,4,8,1.0,4,0.6923544878894147,1,
05039,4,6,1.0,4,0.2796319352699397,0,
05041,4,12,1.0,4,0.7033388492205729,1,
05043,4,9,1.0,4,0.39122388521912005,0,
05045,1,15,1.0,4,0.7748640559220747,1,
05047,4,13,1.0,4,0.4027902643199616,0,
05049,1,14,1.0,4,0.2098418482661488,0,
05051,3,10,1.0,4,0.4663161600642045,0,
05053,2,14,1.0,4,0.3792551759004791,0,
05055,4,9,1.0,4,0.5191080693238725,1,
05057,4,10,1.0,4,0.5152663759202374,1,
05059,4,12,1.0,4,0.5361937914827187,1,
05061,4,8,1.0,4,0.4430141372660812,0,
05063,4,20,1.0,4,0.4343070037887883,0,
05067,4,11,1.0,4,0.5402367571339021,1,
05069,4,17,1.0,4,0.7763962903073219,1,
05071,4,12,1.0,4,0.43002937010599007,0,
05073,4,6,1.0,4,0.2972456831224136,0,
05075,4,14,1.0,4,0.49883826539002585,0,
05077,3,11,1.0,4,0.5224094401626361,1,
05079,4,8,1.0,4,0.49583866519415887,0,
05081,4,7,1.0,4,0.2886310759700497,0,
05083,4,12,1.0,4,0.34356319381545997,0,
05085,2,11,1.0,4,0.5609341824089087,1,
05087,3,13,1.0,4,0.2587123349734542,0,
05091,4,6,1.0,4,0.6896190197605336,1,
05093,4,15,1.0,4,0.8541641740609993,1,
05095,4,9,1.0,4,0.678876418511781,1,
05097,4,9,1.0,4,0.22566700300497056,0,
05099,4,10,1.0,4,0.23782781275147613,0,
05101,3,20,1.0,4,0.12516707380100367,0,
05103,4,8,1.0,4,0.4845396554791913,0,
05105,4,8,1.0,4,0.30087775071921863,0,
05107,4,12,1.0,4,0.8160623913246221,1,
05111,4,10,1.0,4,0.49322914687502245,0,
05113,4,7,1.0,4,0.4603651720377364,0,
05115,4,13,1.0,4,0.6554225561500898,1,
05117,3,11,1.0,4,0.3849014806524613,0,
05121,4,11,1.0,4,0.3612356907621994,0,
05123,4,13,1.0,4,0.7952315715664408,1,
05125,1,14,1.0,4,0.5429281488294424,1,
05127,4,10,1.0,4,0.41935423352361884,0,
05129,4,10,1.0,4,0.19265759748203115,0,
05133,4,7,1.0,4,0.6455921052945027,1,
05135,4,13,1.0,4,0.24552121305747462,0,
05139,4,10,1.0,4,0.5265453451528463,1,
05141,4,12,1.0,4,0.24391729499216885,0,
05145,4,17,1.0,4,0.6967110351829455,1,
05147,4,9,1.0,4,0.382085135840165,0,
05149,4,13,1.0,4,0.5290045539291293,1,
06005,2,12,1.0,4,0.2734967042242012,0,
06007,4,18,1.0,4,0.7900117929452618,1,
06009,1,20,1.0,4,0.1733676735067776,0,
06011,3,9,1.0,4,0.5916279039104156,1,
06015,4,4,1.0,4,0.25981912999260426,0,
06017,1,23,1.0,4,0.24250932181100215,0,
06021,3,7,1.0,4,0.799573168174934,1,
06023,4,36,1.0,4,0.3334122765910693,0,
06027,2,11,1.0,4,0.2463367437582621,0,
06031,4,12,1.0,4,0.8688301410190475,1,
06033,3,15,1.0,4,0.6446762692171376,1,
06035,2,17,1.0,4,0.29919577281649135,0,
06041,1,29,1.0,4,0.17871104083083844,0,
06043,3,13,1.0,4,0.205040015239102,0,
06045,3,29,1.0,4,0.16921961012216089,0,
06055,1,12,1.0,4,0.2369259874023671,0,
06057,2,12,1.0,4,0.2345268477674366,0,
06063,2,17,1.0,4,0.2478206058573957,0,
06069,2,7,1.0,4,0.4925764484570816,0,
06079,2,26,1.0,4,0.22057698734057446,0,
06083,2,24,1.0,4,0.45096733139124123,0,
06087,2,17,1.0,4,0.3037734033574739,0,
06093,3,23,1.0,4,0.39189248632590445,0,
06097,1,37,1.0,4,0.20020178680844758,0,
06101,3,13,1.0,4,0.8476411657449929,1,
06103,4,15,1.0,4,0.7178734290018485,1,
06109,1,16,1.0,4,0.28837510673816685,0,
06113,3,19,1.0,4,0.767677295383934,1,
06115,3,17,1.0,4,0.7982304925952612,1,
08001,2,35,1.0,4,0.7664771996573284,1,
08005,1,33,1.0,4,0.5749858889466998,1,
08007,1,5,1.0,4,0.15979506800622703,0,
08009,4,8,1.0,4,0.20462738006142,0,
08013,1,22,1.0,4,0.6791173015970807,1,
08014,1,6,1.0,4,0.3620197242009578,0,
08035,1,18,1.0,4,0.23984457710134657,0,
08037,1,13,1.0,4,0.17597475627020576,0,
08043,3,11,1.0,4,0.20055334340085462,0,
08045,1,8,1.0,4,0.16217747291760642,0,
08055,2,4,1.0,4,0.17434750744876554,0,
08059,1,33,1.0,4,0.3032852653307696,0,
08067,1,6,1.0,4,0.151780058920028,0,
08069,1,24,1.0,4,0.5064623515431302,1,
08077,2,19,1.0,4,0.7181062335638316,1,
08081,2,5,1.0,4,0.19177574931218938,0,
08087,2,10,1.0,4,0.23520074369494093,0,
08099,3,6,1.0,4,0.21393810271794528,0,
08101,3,15,1.0,4,0.7806489463986094,1,
08107,1,9,1.0,4,0.1335706067271859,0,
08109,4,8,1.0,4,0.19073786762631506,0,
08113,1,7,1.0,4,0.15034845882833103,0,
08121,2,12,1.0,4,0.1918679126397754,0,
08123,1,41,1.0,4,0.6227723550708987,1,
09001,1,46,1.0,4,0.3281021152321876,0,
09003,1,58,1.0,4,0.6404458494387724,1,
09005,1,40,1.0,4,0.1563099077126627,0,
09007,1,24,1.0,4,0.21474358504449892,0,
09009,1,41,1.0,4,0.4120524402701178,0,
09011,1,31,1.0,4,0.3890252061053762,0,
09015,1,31,1.0,4,0.27679062688789385,0,
10001,1,18,1.0,4,0.5060964670330879,1,
10005,2,24,1.0,4,0.3548328975787227,0,
12001,3,23,1.0,4,0.2817703538794412,0,
12003,2,5,1.0,4,0.18154238748482035,0,
12005,2,16,1.0,4,0.50787998179658,1,
12015,2,17,1.0,4,0.2723388469101487,0,
12017,3,15,1.0,4,0.26313872579032493,0,
12019,2,12,1.0,4,0.3485804890967364,0,
12023,3,8,1.0,4,0.3016270258852125,0,
12033,1,18,1.0,4,0.3068994184041493,0,
12035,2,7,1.0,4,0.2569992291332869,0,
12039,4,7,1.0,4,0.36408362742666955,0,
12041,4,5,1.0,4,0.2311188811197185,0,
12043,4,5,1.0,4,0.3911066442968049,0,
12049,4,4,1.0,4,0.36936225555484914,0,
12051,4,6,1.0,4,0.5311299282358202,1,
12053,3,12,1.0,4,0.5930792835826166,1,
12055,3,9,1.0,4,0.27828553735949385,0,
12059,4,4,1.0,4,0.2050489021773239,0,
12061,2,9,1.0,4,0.27522907020063897,0,
12063,1,14,1.0,4,0.19430821848607052,0,
12065,4,4,1.0,4,0.14682974440573932,0,
12073,3,10,1.0,4,0.26220921709239814,0,
12075,4,13,1.0,4,0.25971344608179747,0,
12079,4,5,1.0,4,0.20405506823512767,0,
12083,3,31,1.0,4,0.28916592037709354,0,
12085,1,12,1.0,4,0.28748306141498836,0,
12087,2,11,1.0,4,0.24734044334321403,0,
12089,1,6,1.0,4,0.18297724870778428,0,
12091,2,14,1.0,4,0.24991148719501666,0,
12097,3,17,1.0,4,0.7371597586844905,1,
12101,2,31,1.0,4,0.6208083174201414,1,
12107,4,17,1.0,4,0.4130707691550889,0,
12109,1,12,1.0,4,0.19710828079484513,0,
12111,2,17,1.0,4,0.5026198728273669,1,
12113,1,9,1.0,4,0.24948801834595508,0,
12117,2,17,1.0,4,0.4357187197039348,0,
12119,1,11,1.0,4,0.2425444584183295,0,
12121,3,9,1.0,4,0.2451315994564897,0,
12129,2,4,1.0,4,0.16366944120289584,0,
12131,2,12,1.0,4,0.22524080709969646,0,
12133,4,10,1.0,4,0.3843610040737794,0,
13001,4,7,1.0,4,0.5350835895165093,1,
13003,4,5,1.0,4,0.4208651202689505,0,
13005,4,3,1.0,4,0.4999614038602475,0,
13009,4,6,1.0,4,0.7529171530301214,1,
13013,2,8,1.0,4,0.3392177670528869,0,
13015,2,14,1.0,4,0.5730688746654745,1,
13017,4,4,1.0,4,0.39440573974087606,0,
13019,4,6,1.0,4,0.30108709895620656,0,
13021,1,12,1.0,4,0.6981467554863028,1,
13023,4,6,1.0,4,0.34068750045685225,0,
13025,4,6,1.0,4,0.305902328396103,0,
13031,1,11,1.0,4,0.4756102289885589,0,
13033,4,9,1.0,4,0.4625437181972352,0,
13035,4,5,1.0,4,0.7201371586724838,1,
13039,3,8,1.0,4,0.2982545744417261,0,
13043,4,4,1.0,4,0.5035949410519571,1,
13045,1,11,1.0,4,0.7182155697278384,1,
13055,4,6,1.0,4,0.31626322965897247,0,
13057,1,15,1.0,4,0.24284071748731392,0,
13059,1,9,1.0,4,0.7693096127727118,1,
13063,1,16,1.0,4,0.7645922073809013,1,
13069,4,10,1.0,4,0.5034825218032988,1,
13071,4,13,1.0,4,0.5757170105741718,1,
13073,1,7,1.0,4,0.17461791287237655,0,
13075,4,5,1.0,4,0.4820545682064742,0,
13077,1,10,1.0,4,0.4301005367552942,0,
13083,3,5,1.0,4,0.2344837883504884,0,
13085,1,5,1.0,4,0.1726064554667064,0,
13087,4,8,1.0,4,0.40733305722385044,0,
13093,4,8,1.0,4,0.3198374569365369,0,
13095,4,6,1.0,4,0.6674484240748304,1,
13097,2,8,1.0,4,0.6773015562681713,1,
13101,3,6,1.0,4,0.23989109756905083,0,
13103,1,8,1.0,4,0.15794780102122727,0,
13107,4,13,1.0,4,0.4233138048002464,0,
13109,4,6,1.0,4,0.5678127753326396,1,
13111,3,8,1.0,4,0.16036636947647598,0,
13113,1,8,1.0,4,0.292091945954075,0,
13115,4,13,1.0,4,0.517686033099462,1,
13119,3,10,1.0,4,0.5509415336154028,1,
13127,3,8,1.0,4,0.34237726727240375,0,
13129,4,8,1.0,4,0.4624606218159353,0,
13137,3,7,1.0,4,0.5383217556754895,1,
13139,2,19,1.0,4,0.6298620220592606,1,
13149,3,6,1.0,4,0.23468500885885146,0,
13151,2,11,1.0,4,0.6541436274413298,1,
13153,2,12,1.0,4,0.628275437259849,1,
13155,4,7,1.0,4,0.29066479188107763,0,
13157,2,16,1.0,4,0.29326528759207404,0,
13163,4,9,1.0,4,0.37127000725301995,0,
13165,4,5,1.0,4,0.4261178937867778,0,
13167,4,5,1.0,4,0.21546828949169305,0,
13169,4,8,1.0,4,0.4127154886092813,0,
13175,4,15,1.0,4,0.41586718442990733,0,
13179,1,9,1.0,4,0.09618281500464777,0,
13189,4,4,1.0,4,0.3533045389836975,0,
13191,3,4,1.0,4,0.17334730989547917,0,
13193,4,10,1.0,4,0.2702592528084646,0,
13195,3,11,1.0,4,0.3779203434892775,0,
13197,4,4,1.0,4,0.20049585460833813,0,
13215,4,11,1.0,4,0.7821458624726989,1,
13217,3,11,1.0,4,0.7461256010736459,1,
13219,1,8,1.0,4,0.20029105362106192,0,
13223,1,11,1.0,4,0.5138189564247544,1,
13225,4,3,1.0,4,0.5921662165224807,1,
13227,2,9,1.0,4,0.18509068427388747,0,
13233,4,8,1.0,4,0.641401413931313,1,
13235,4,5,1.0,4,0.19568828104112745,0,
13237,4,5,1.0,4,0.23794139001278733,0,
13247,2,9,1.0,4,0.7430906971394148,1,
13253,4,4,1.0,4,0.31186084913580814,0,
13257,3,5,1.0,4,0.5519050013001413,1,
13261,4,8,1.0,4,0.4317532971488415,0,
13267,4,6,1.0,4,0.37082197400410954,0,
13273,4,7,1.0,4,0.3047494371053094,0,
13275,3,9,1.0,4,0.23698289044042942,0,
13277,4,9,1.0,4,0.573934848273053,1,
13279,4,3,1.0,4,0.4446954416703015,0,
13281,3,3,1.0,4,0.15713856770012308,0,
13285,4,7,1.0,4,0.5063432518718046,1,
13287,4,4,1.0,4,0.4353039206638235,0,
13291,3,4,1.0,4,0.17021559679290754,0,
13293,4,7,1.0,4,0.5567233403633575,1,
13295,3,14,1.0,4,0.3401793922617251,0,
13297,2,11,1.0,4,0.5985732052329299,1,
13299,4,7,1.0,4,0.5851916231788996,1,
13301,4,9,1.0,4,0.28444353376337983,0,
13303,4,10,1.0,4,0.22669960708310333,0,
13305,4,6,1.0,4,0.36028281099698417,0,
13309,4,4,1.0,4,0.17289414665039848,0,
13313,4,8,1.0,4,0.6386829016328208,1,
13315,4,8,1.0,4,0.2767241860833569,0,
13317,4,5,1.0,4,0.16024153245120348,0,
16001,1,17,1.0,4,0.3033411507670624,0,
16011,3,11,1.0,4,0.235714479837612,0,
16013,2,8,1.0,4,0.17227438769885658,0,
16017,2,18,1.0,4,0.16005315855026392,0,
16019,2,14,1.0,4,0.3293381933057943,0,
16025,4,2,1.0,4,0.18529832815337105,0,
16031,3,9,1.0,4,0.3505219779068694,0,
16035,3,7,1.0,4,0.1765960081791356,0,
16039,3,7,1.0,4,0.1930606033207194,0,
16041,1,7,1.0,4,0.16283776777041098,0,
16045,2,7,1.0,4,0.2148757490089852,0,
16047,3,6,1.0,4,0.30232771423803007,0,
16055,2,13,1.0,4,0.2438080482258107,0,
16059,3,10,1.0,4,0.17980315951611853,0,
16069,2,10,1.0,4,0.22852336047556998,0,
16073,3,12,1.0,4,0.28987183652958315,0,
16075,3,7,1.0,4,0.2277232828237922,0,
16079,4,15,1.0,4,0.15143089131851767,0,
16081,1,5,1.0,4,0.15309050429568333,0,
16083,3,10,1.0,4,0.4723430543717058,0,
16087,4,5,1.0,4,0.19325394523048617,0,
17001,2,23,1.0,4,0.31645716731547313,0,
17003,1,8,1.0,4,0.42429105603744355,0,
17007,1,15,1.0,4,0.4884426742347294,0,
17011,2,30,1.0,4,0.32277253557257035,0,
17013,2,7,1.0,4,0.16024355248424338,0,
17017,3,7,1.0,4,0.2852762512504235,0,
17019,3,35,1.0,4,0.7238683326241308,1,
17021,2,20,1.0,4,0.31023336538052715,0,
17025,3,13,1.0,4,0.40198648652234786,0,
17027,1,17,1.0,4,0.28742402488325786,0,
17033,2,10,1.0,4,0.2823735868878562,0,
17039,2,13,1.0,4,0.29780746026515303,0,
17041,2,13,1.0,4,0.32200781119647104,0,
17043,1,43,1.0,4,0.39930994538681047,0,
17045,2,15,1.0,4,0.21674966181880145,0,
17049,2,15,1.0,4,0.2901188398753564,0,
17053,2,21,1.0,4,0.35281052088059467,0,
17055,4,19,1.0,4,0.39652305137030325,0,
17057,3,24,1.0,4,0.2633656392951078,0,
17059,4,9,1.0,4,0.29433035965814464,0,
17063,1,16,1.0,4,0.34780767486662717,0,
17073,1,23,1.0,4,0.25229948530814883,0,
17075,2,25,1.0,4,0.3550557185679837,0,
17081,3,17,1.0,4,0.47130826244236923,0,
17087,2,10,1.0,4,0.21672848271437592,0,
17091,2,21,1.0,4,0.7135612777033936,1,
17093,1,19,1.0,4,0.4699247275675021,0,
17095,3,22,1.0,4,0.450207890650673,0,
17097,1,35,1.0,4,0.5996226976552961,1,
17099,2,28,1.0,4,0.5585917784639453,1,
17103,2,24,1.0,4,0.3760127700142312,0,
17105,3,29,1.0,4,0.48471177141890587,0,
17107,1,20,1.0,4,0.30922966064161067,0,
17109,4,17,1.0,4,0.5471997167944621,1,
17111,1,24,1.0,4,0.4054936040922429,0,
17113,2,33,1.0,4,0.6534586356414565,1,
17115,3,27,1.0,4,0.721300745107159,1,
17117,2,28,1.0,4,0.43027939822193345,0,
17121,3,15,1.0,4,0.4417341385296954,0,
17123,2,19,1.0,4,0.23526551965544146,0,
17125,3,11,1.0,4,0.24749863064479738,0,
17127,3,8,1.0,4,0.3711381841892782,0,
17133,1,9,1.0,4,0.1095623027071948,0,
17137,3,16,1.0,4,0.39114883099938436,0,
17141,2,27,1.0,4,0.37239036971935235,0,
17149,3,16,1.0,4,0.23677819374636672,0,
17157,2,18,1.0,4,0.30269047393583826,0,
17159,3,9,1.0,4,0.33116936307036143,0,
17161,2,20,1.0,4,0.5823381891853232,1,
17165,4,11,1.0,4,0.43172994093774647,0,
17167,2,29,1.0,4,0.4942697335350272,0,
17171,2,9,1.0,4,0.2469213815863361,0,
17173,2,22,1.0,4,0.23149017986873302,0,
17179,1,21,1.0,4,0.3112080443235694,0,
17181,3,13,1.0,4,0.1919596002613142,0,
17183,3,27,1.0,4,0.6452145824898132,1,
17187,3,14,1.0,4,0.40735439006468827,0,
17189,1,13,1.0,4,0.22335244992528197,0,
17193,3,11,1.0,4,0.21851590228386192,0,
17199,3,22,1.0,4,0.28591968336730805,0,
17201,2,26,1.0,4,0.7009746886150964,1,
17203,1,16,1.0,4,0.2295781610588561,0,
18001,3,8,1.0,4,0.7569223236581857,1,
18003,2,33,1.0,4,0.7375721365588189,1,
18005,2,14,1.0,4,0.21098286261913085,0,
18009,3,7,1.0,4,0.5446862194853408,1,
18011,1,12,1.0,4,0.24608803992543676,0,
18013,1,9,1.0,4,0.13869185526157585,0,
18017,3,12,1.0,4,0.6809972230863254,1,
18019,2,15,1.0,4,0.6164707972022392,1,
18021,2,17,1.0,4,0.3956631283534717,0,
18023,3,12,1.0,4,0.6613488153296739,1,
18029,1,9,1.0,4,0.24660451011053952,0,
18035,4,21,1.0,4,0.762283705491634,1,
18037,1,13,1.0,4,0.24551035385903056,0,
18039,2,17,1.0,4,0.7682796572635581,1,
18043,2,10,1.0,4,0.44878131255657533,0,
18047,1,15,1.0,4,0.1930736228940016,0,
18051,2,16,1.0,4,0.398905925131818,0,
18053,3,15,1.0,4,0.7467280077919258,1,
18055,2,16,1.0,4,0.29707560191879173,0,
18059,1,15,1.0,4,0.42179539977724156,0,
18061,2,16,1.0,4,0.16548290260955972,0,
18063,1,19,1.0,4,0.29609501351771306,0,
18067,2,10,1.0,4,0.7072163376895868,1,
18069,2,9,1.0,4,0.4987791557641644,0,
18071,3,8,1.0,4,0.20265447023057173,0,
18073,1,13,1.0,4,0.47754797263617216,0,
18079,2,13,1.0,4,0.21004506073593382,0,
18081,1,12,1.0,4,0.40005607551450323,0,
18083,3,11,1.0,4,0.640944293182855,1,
18085,1,21,1.0,4,0.45911603469858514,0,
18087,1,12,1.0,4,0.679132939825917,1,
18091,3,15,1.0,4,0.709567600569376,1,
18093,2,12,1.0,4,0.23976817024800837,0,
18095,3,18,1.0,4,0.6994302452981972,1,
18101,2,7,1.0,4,0.19561030505249785,0,
18105,1,18,1.0,4,0.7393266638824119,1,
18107,2,16,1.0,4,0.3668950584655224,0,
18109,1,14,1.0,4,0.3138027322584171,0,
18117,3,11,1.0,4,0.1899435378838752,0,
18123,2,14,1.0,4,0.15467348941071546,0,
18127,1,15,1.0,4,0.599979531781299,1,
18129,1,7,1.0,4,0.23297848316558856,0,
18133,1,15,1.0,4,0.3457696723924818,0,
18139,2,16,1.0,4,0.39368556635281965,0,
18141,3,24,1.0,4,0.8203180641101273,1,
18143,3,6,1.0,4,0.23038876255120427,0,
18145,2,17,1.0,4,0.4551061156318149,0,
18147,1,16,1.0,4,0.2340381040668083,0,
18149,3,11,1.0,4,0.6496066793703231,1,
18153,3,13,1.0,4,0.40198653064661105,0,
18157,3,18,1.0,4,0.7529430917791723,1,
18163,3,11,1.0,4,0.7767733918510931,1,
18167,1,18,1.0,4,0.7511971815676278,1,
18169,2,14,1.0,4,0.46316358877603864,0,
18173,1,12,1.0,4,0.2742204724038328,0,
18175,2,12,1.0,4,0.1690544791783256,0,
18177,3,17,1.0,4,0.7200877708426213,1,
19003,2,9,1.0,4,0.19315116865729162,0,
19007,3,11,1.0,4,0.19402889585605898,0,
19009,2,11,1.0,4,0.19821043882233264,0,
19011,1,24,1.0,4,0.17709488466928316,0,
19013,3,17,1.0,4,0.6594453814913603,1,
19015,3,18,1.0,4,0.31063043029295306,0,
19021,2,13,1.0,4,0.2674319334084346,0,
19023,1,16,1.0,4,0.1874954802371675,0,
19027,1,16,1.0,4,0.19263157052809793,0,
19031,1,18,1.0,4,0.16614730063155708,0,
19037,1,9,1.0,4,0.18718217094186768,0,
19039,3,9,1.0,4,0.1822520382854191,0,
19041,2,15,1.0,4,0.21030918133133097,0,
19045,2,20,1.0,4,0.26735892601373856,0,
19049,1,25,1.0,4,0.189224080669687,0,
19057,3,12,1.0,4,0.321702819020528,0,
19061,2,19,1.0,4,0.28071441003176406,0,
19067,3,13,1.0,4,0.21015150228420643,0,
19071,2,11,1.0,4,0.18807633301923882,0,
19077,1,18,1.0,4,0.1823817086359938,0,
19079,1,15,1.0,4,0.1800786836686447,0,
19087,2,11,1.0,4,0.1915409026796991,0,
19095,1,21,1.0,4,0.17633018026987024,0,
19097,2,14,1.0,4,0.18486092970957568,0,
19099,1,19,1.0,4,0.18319310804881914,0,
19103,1,24,1.0,4,0.6759634836543146,1,
19105,2,16,1.0,4,0.17302896902829307,0,
19109,2,21,1.0,4,0.20130388847407793,0,
19111,3,12,1.0,4,0.23110421957765703,0,
19113,1,29,1.0,4,0.278009908026815,0,
19121,1,14,1.0,4,0.1569046030188798,0,
19123,2,20,1.0,4,0.1939448227396359,0,
19127,2,21,1.0,4,0.2462715938129798,0,
19129,1,11,1.0,4,0.1737587086337715,0,
19133,2,15,1.0,4,0.18773672955910986,0,
19145,2,12,1.0,4,0.18021670162075565,0,
19149,1,14,1.0,4,0.19639075290309907,0,
19151,2,16,1.0,4,0.21642604317296538,0,
19155,2,24,1.0,4,0.230592708852685,0,
19157,2,17,1.0,4,0.1850157189871674,0,
19161,2,16,1.0,4,0.19454463331511457,0,
19163,2,22,1.0,4,0.34565636183144227,0,
19169,3,22,1.0,4,0.36669949697350157,0,
19179,3,12,1.0,4,0.22498266163706718,0,
19181,1,19,1.0,4,0.15808207821316728,0,
19187,3,22,1.0,4,0.33604028591931695,0,
19193,2,25,1.0,4,0.3227229585969835,0,
19197,2,16,1.0,4,0.20676849434868202,0,
20001,3,11,1.0,4,0.3355466832434431,0,
20005,2,10,1.0,4,0.20854785761579658,0,
20009,3,10,1.0,4,0.2678999481879099,0,
20011,4,13,1.0,4,0.2470317617462563,0,
20015,2,20,1.0,4,0.2571825324946238,0,
20019,4,10,1.0,4,0.18380865118077694,0,
20021,1,13,1.0,4,0.15218472052720608,0,
20027,1,10,1.0,4,0.19624929706575092,0,
20029,3,8,1.0,4,0.235155232411545,0,
20035,3,14,1.0,4,0.4547514421978827,0,
20037,1,15,1.0,4,0.39934182901818466,0,
20039,2,8,1.0,4,0.20287180766817464,0,
20041,2,12,1.0,4,0.2242813211044807,0,
20045,1,12,1.0,4,0.6201505756166407,1,
20047,3,7,1.0,4,0.19787321739011654,0,
20051,3,11,1.0,4,0.2653960734757782,0,
20055,3,7,1.0,4,0.22354868200002873,0,
20057,4,10,1.0,4,0.27467543437733777,0,
20059,2,13,1.0,4,0.2086969826627748,0,
20061,3,8,1.0,4,0.7402484681199739,1,
20067,2,3,1.0,4,0.20195990908264452,0,
20073,3,11,1.0,4,0.19555023012622114,0,
20079,1,13,1.0,4,0.24119815786948146,0,
20083,2,8,1.0,4,0.19007527773543959,0,
20085,2,18,1.0,4,0.17361357230229213,0,
20087,2,15,1.0,4,0.201000685391759,0,
20095,1,12,1.0,4,0.1911092325000579,0,
20097,2,7,1.0,4,0.19906072482819773,0,
20099,4,13,1.0,4,0.37676681402614115,0,
20103,1,13,1.0,4,0.2814556049483316,0,
20111,3,12,1.0,4,0.6191510069181901,1,
20113,1,12,1.0,4,0.21581373262538603,0,
20121,1,11,1.0,4,0.16355381440853667,0,
20125,3,13,1.0,4,0.5456474807804901,1,
20127,2,9,1.0,4,0.22383510127820963,0,
20129,2,5,1.0,4,0.20096338565857677,0,
20133,4,11,1.0,4,0.39598942811871163,0,
20135,3,9,1.0,4,0.20710585755442967,0,
20139,2,15,1.0,4,0.20457912567565853,0,
20147,2,9,1.0,4,0.22428681975437226,0,
20149,2,12,1.0,4,0.36526138784694834,0,
20155,2,22,1.0,4,0.29773762750489535,0,
20159,2,13,1.0,4,0.20635399201895865,0,
20161,3,14,1.0,4,0.8046159697357238,1,
20163,2,10,1.0,4,0.2218780807238105,0,
20167,2,11,1.0,4,0.20402285681507085,0,
20169,2,9,1.0,4,0.41487144766520967,0,
20175,4,6,1.0,4,0.41130684598982387,0,
20179,1,11,1.0,4,0.19401112550827798,0,
20201,2,15,1.0,4,0.2142547870806238,0,
20205,4,10,1.0,4,0.36570728657151214,0,
21001,4,10,1.0,4,0.2539823829841236,0,
21003,4,6,1.0,4,0.2526831726720064,0,
21009,4,11,1.0,4,0.47101160786058477,0,
21011,4,8,1.0,4,0.3177996639824167,0,
21013,4,11,1.0,4,0.5185266651995292,1,
21015,1,9,1.0,4,0.5074764839483693,1,
21019,3,4,1.0,4,0.6930631304144474,1,
21021,3,5,1.0,4,0.3459377563101782,0,
21023,3,7,1.0,4,0.21000090001714788,0,
21027,3,18,1.0,4,0.1954876554814938,0,
21029,1,11,1.0,4,0.5911076803490147,1,
21033,3,6,1.0,4,0.188697607239016,0,
21037,2,10,1.0,4,0.5782179653609945,1,
21041,4,8,1.0,4,0.6613551547176132,1,
21047,4,15,1.0,4,0.5831416171697936,1,
21049,3,4,1.0,4,0.3675939502744631,0,
21051,4,10,1.0,4,0.3752365076939831,0,
21057,4,3,1.0,4,0.1899433023727653,0,
21059,3,10,1.0,4,0.7086392304207633,1,
21061,4,12,1.0,4,0.2144151098038373,0,
21063,4,6,1.0,4,0.29974988578874967,0,
21067,2,17,1.0,4,0.4613990749777687,0,
21069,4,7,1.0,4,0.38110632900303254,0,
21071,4,33,1.0,4,0.5581790723308332,1,
21073,2,5,1.0,4,0.23887416009040258,0,
21075,4,3,1.0,4,0.3584192242532204,0,
21077,3,6,1.0,4,0.47085495546673584,0,
21079,3,5,1.0,4,0.2529777780291258,0,
21081,3,8,1.0,4,0.31647180354882026,0,
21083,4,18,1.0,4,0.46984965964020214,0,
21085,4,9,1.0,4,0.3039425059392637,0,
21093,2,17,1.0,4,0.4829621171372091,0,
21097,3,6,1.0,4,0.25148552218943604,0,
21099,4,10,1.0,4,0.32271607473174097,0,
21101,3,8,1.0,4,0.7384667355496806,1,
21103,3,13,1.0,4,0.24577187885612,0,
21105,4,7,1.0,4,0.27226954127887226,0,
21107,4,13,1.0,4,0.38956021177797984,0,
21113,3,4,1.0,4,0.33241163233526405,0,
21115,4,19,1.0,4,0.39305230996383766,0,
21117,2,12,1.0,4,0.6462815156594801,1,
21119,4,24,1.0,4,0.41283754224855945,0,
21121,4,19,1.0,4,0.3008016041106972,0,
21125,4,8,1.0,4,0.45822451860026514,0,
21127,4,10,1.0,4,0.42855025342753256,0,
21133,1,26,1.0,4,0.47594824231300104,0,
21137,4,11,1.0,4,0.295198160679528,0,
21141,4,7,1.0,4,0.2893702539922037,0,
21145,3,7,1.0,4,0.7530825858979955,1,
21149,2,7,1.0,4,0.3287036585345007,0,
21151,1,5,1.0,4,0.4058616731998121,0,
21153,4,4,1.0,4,0.29692603968035175,0,
21159,4,9,1.0,4,0.23177647850580801,0,
21161,4,5,1.0,4,0.3940580034413932,0,
21163,2,12,1.0,4,0.26940769508189794,0,
21167,2,5,1.0,4,0.22012607208456356,0,
21171,4,6,1.0,4,0.09867288523961185,0,
21173,4,5,1.0,4,0.45884283062823866,0,
21175,4,8,1.0,4,0.2278130200304273,0,
21179,1,9,1.0,4,0.21322112857992886,0,
21183,3,16,1.0,4,0.2075231375559999,0,
21185,1,11,1.0,4,0.1879902590401742,0,
21191,3,10,1.0,4,0.2057382138253052,0,
21195,4,39,1.0,4,0.34738186976291685,0,
21197,4,4,1.0,4,0.3432445099931371,0,
21199,4,11,1.0,4,0.5252320025765653,1,
21201,4,7,1.0,4,0.19500699099808266,0,
21203,4,7,1.0,4,0.3503103222197231,0,
21205,4,4,1.0,4,0.26176524145947366,0,
21207,4,7,1.0,4,0.36742656009408886,0,
21209,2,6,1.0,4,0.2676264798178225,0,
21211,2,14,1.0,4,0.40363489254262813,0,
21217,4,6,1.0,4,0.32696146446743707,0,
21221,2,5,1.0,4,0.1610810124331413,0,
21225,4,5,1.0,4,0.357637733599461,0,
21227,3,9,1.0,4,0.2943508335718515,0,
21231,4,5,1.0,4,0.39343711838458406,0,
21235,4,7,1.0,4,0.48344127146561666,0,
21237,4,5,1.0,4,0.41659686441840954,0,
21239,2,3,1.0,4,0.19976162869276165,0,
22001,4,15,1.0,4,0.7793110191999241,1,
22003,3,13,1.0,4,0.3352783312876964,0,
22005,1,8,1.0,4,0.6939244831168587,1,
22009,4,15,1.0,4,0.5176892855845028,1,
22011,3,9,1.0,4,0.2741451934714596,0,
22013,4,13,1.0,4,0.3401799980872121,0,
22019,3,16,1.0,4,0.8213920771772028,1,
22021,4,4,1.0,4,0.256245595087738,0,
22023,4,8,1.0,4,0.8218692407215464,1,
22027,4,11,1.0,4,0.43459335646145736,0,
22031,4,10,1.0,4,0.44853208917932536,0,
22039,4,12,1.0,4,0.7081193517132093,1,
22041,4,7,1.0,4,0.5405008067775723,1,
22043,3,8,1.0,4,0.19341604767705406,0,
22045,4,10,1.0,4,0.7827089934872595,1,
22047,3,8,1.0,4,0.7682771997485478,1,
22049,4,7,1.0,4,0.39416903838395095,0,
22053,3,10,1.0,4,0.6980752460936577,1,
22055,1,16,1.0,4,0.7017483636737214,1,
22057,3,14,1.0,4,0.6831113473992768,1,
22063,2,17,1.0,4,0.6472859830659512,1,
22065,4,4,1.0,4,0.5859549097297045,1,
22069,4,16,1.0,4,0.4702733495384883,0,
22077,3,17,1.0,4,0.5288445357798637,1,
22079,4,27,1.0,4,0.6696470109453022,1,
22083,4,6,1.0,4,0.5508773435717002,1,
22087,4,6,1.0,4,0.865635305242853,1,
22089,1,10,1.0,4,0.6228949085323904,1,
22093,3,7,1.0,4,0.7807502016370471,1,
22095,3,6,1.0,4,0.8133275991077705,1,
22099,4,8,1.0,4,0.644066296465781,1,
22101,4,8,1.0,4,0.7094430774973772,1,
22103,2,17,1.0,4,0.44008590325514063,0,
22105,1,20,1.0,4,0.7148344544019031,1,
22107,4,4,1.0,4,0.3936285815421901,0,
22109,3,13,1.0,4,0.7891221616033461,1,
22111,3,10,1.0,4,0.22925737404975105,0,
22113,3,12,1.0,4,0.6127813301270517,1,
22115,3,13,1.0,4,0.4435543689174009,0,
22117,4,6,1.0,4,0.44610854209589174,0,
22119,4,12,1.0,4,0.5950843140128215,1,
22121,2,5,1.0,4,0.761028835097958,1,
22123,4,4,1.0,4,0.3899240902009027,0,
22127,4,12,1.0,4,0.23596398295732673,0,
23001,2,14,1.0,4,0.21502089673063407,0,
23005,1,38,1.0,4,0.17791750600311396,0,
23007,1,18,1.0,4,0.0374649390746136,0,
23009,2,40,1.0,4,0.1568941320884217,0,
23011,2,27,1.0,4,0.17143890797986144,0,
23013,1,19,1.0,4,0.16862923779440708,0,
23017,1,33,1.0,4,0.0990108080578887,0,
23019,1,47,1.0,4,0.13799634490880527,0,
23021,3,16,1.0,4,0.15021950854597754,0,
23025,4,24,1.0,4,0.1925303867549741,0,
23027,2,18,1.0,4,0.15220895709635085,0,
23031,1,36,1.0,4,0.1715768556372878,0,
24001,3,15,1.0,4,0.25055175690373854,0,
24011,3,10,1.0,4,0.5197795449700657,1,
24013,1,15,1.0,4,0.16457476685056247,0,
24017,1,24,1.0,4,0.16243408689417388,0,
24019,3,18,1.0,4,0.40211312381478426,0,
24021,1,34,1.0,4,0.17481465958304765,0,
24027,1,24,1.0,4,0.19257383724119578,0,
24029,2,9,1.0,4,0.24070919488014775,0,
24035,1,16,1.0,4,0.20361238902234444,0,
24037,1,26,1.0,4,0.2745278847453022,0,
24039,1,11,1.0,4,0.00012591107775839776,0,
24041,1,16,1.0,4,0.21372700495095276,0,
24043,1,20,1.0,4,0.080176213507359,0,
24047,2,12,1.0,4,0.31353512699043423,0,
25001,1,47,1.0,4,0.2685840777434853,0,
25005,2,36,1.0,4,0.5886667565417364,1,
25011,2,32,1.0,4,0.16660549677161957,0,
25013,2,41,1.0,4,0.7662854036034036,1,
25015,1,28,1.0,4,0.20151122385417947,0,
25023,1,34,1.0,4,0.260007749069995,0,
25025,3,36,1.0,4,0.8500811582748328,1,
25027,1,87,1.0,4,0.38951316248275736,0,
26005,2,24,1.0,4,0.4626372190364386,0,
26009,2,16,1.0,4,0.19805242221835145,0,
26011,3,10,1.0,4,0.49709693431706103,0,
26013,3,7,1.0,4,0.14585537144910218,0,
26015,1,15,1.0,4,0.22486054391440746,0,
26017,2,16,1.0,4,0.720055807255927,1,
26021,1,23,1.0,4,0.7456679894373169,1,
26023,3,13,1.0,4,0.5959588871080833,1,
26025,3,22,1.0,4,0.6483395078145561,1,
26027,2,14,1.0,4,0.5005714666011496,1,
26041,3,13,1.0,4,0.31939281486575105,0,
26045,1,19,1.0,4,0.46553936657808537,0,
26049,3,34,1.0,4,0.7394074333777927,1,
26055,1,9,1.0,4,0.261197348657098,0,
26059,3,18,1.0,4,0.4963654335153948,0,
26061,4,20,1.0,4,0.22766693360911477,0,
26063,2,18,1.0,4,0.4157196480246242,0,
26065,1,22,1.0,4,0.7567542157528304,1,
26067,2,21,1.0,4,0.3549568200845856,0,
26073,4,15,1.0,4,0.664269130326109,1,
26075,2,29,1.0,4,0.6998896987321683,1,
26077,2,25,1.0,4,0.5942718632798623,1,
26081,2,39,1.0,4,0.7545245831715549,1,
26087,2,22,1.0,4,0.3133550514657401,0,
26091,2,23,1.0,4,0.37975049489485335,0,
26093,1,20,1.0,4,0.20909222830018726,0,
26099,2,39,1.0,4,0.8059727655833291,1,
26101,2,15,1.0,4,0.23565002218520803,0,
26103,2,15,1.0,4,0.17027723240971773,0,
26115,1,25,1.0,4,0.5001569290720257,1,
26121,3,20,1.0,4,0.7376056856521254,1,
26123,3,21,1.0,4,0.4631335338823229,0,
26127,3,12,1.0,4,0.5288843442968397,1,
26137,3,7,1.0,4,0.25210152275320874,0,
26139,1,22,1.0,4,0.5021530086422797,1,
26141,2,7,1.0,4,0.1717581418717983,0,
26145,3,28,1.0,4,0.7438768186905099,1,
26147,2,23,1.0,4,0.6335534565643165,1,
26149,3,13,1.0,4,0.618198913186676,1,
26151,3,22,1.0,4,0.5116788362323311,1,
26155,2,19,1.0,4,0.3983447537773263,0,
26157,3,21,1.0,4,0.33913981937222154,0,
26159,3,22,1.0,4,0.5351710964984545,1,
26161,2,27,1.0,4,0.5281398642646578,1,
27001,2,12,1.0,4,0.1649799723719166,0,
27003,1,20,1.0,4,0.24158118033318066,0,
27005,2,16,1.0,4,0.1621248685222555,0,
27007,3,18,1.0,4,0.19645564032761115,0,
27009,1,9,1.0,4,0.17949198069829758,0,
27025,1,15,1.0,4,0.1554242002485434,0,
27027,2,15,1.0,4,0.2576993858886892,0,
27037,1,22,1.0,4,0.20392926253327698,0,
27041,1,17,1.0,4,0.18494966128338186,0,
27047,2,18,1.0,4,0.37031663181979846,0,
27049,1,17,1.0,4,0.16470996593923162,0,
27057,2,10,1.0,4,0.15952890829925115,0,
27061,2,30,1.0,4,0.1513596292738419,0,
27079,1,13,1.0,4,0.17724011967000497,0,
27083,3,14,1.0,4,0.22740318525477937,0,
27095,2,12,1.0,4,0.16800386066879225,0,
27097,2,20,1.0,4,0.17753493012468163,0,
27099,2,19,1.0,4,0.31325088704686516,0,
27109,1,19,1.0,4,0.19282408004429274,0,
27111,1,34,1.0,4,0.1825497459652158,0,
27115,2,16,1.0,4,0.14979175655847682,0,
27119,2,25,1.0,4,0.19153119901290994,0,
27123,2,26,1.0,4,0.6103726243583265,1,
27127,2,22,1.0,4,0.19700474960194736,0,
27129,2,16,1.0,4,0.19479936207338766,0,
27131,1,16,1.0,4,0.20622299637733046,0,
27135,1,11,1.0,4,0.15388098551246865,0,
27139,1,10,1.0,4,0.17685082118650589,0,
27141,1,9,1.0,4,0.17428272416491078,0,
27145,2,33,1.0,4,0.3823965875783352,0,
27151,3,11,1.0,4,0.2037351044229127,0,
27153,2,19,1.0,4,0.18286617780250808,0,
27163,1,19,1.0,4,0.2003265332371931,0,
27169,2,14,1.0,4,0.16854407777049057,0,
27171,1,19,1.0,4,0.19520600630157883,0,
28001,4,2,1.0,4,0.2525375894359505,0,
28003,4,5,1.0,4,0.2604181203107551,0,
28007,4,11,1.0,4,0.1859329009226084,0,
28011,4,17,1.0,4,0.8095683048987583,1,
28013,4,11,1.0,4,0.19532397773255566,0,
28015,4,13,1.0,4,0.27707241041014785,0,
28019,4,9,1.0,4,0.15984265720605897,0,
28023,4,9,1.0,4,0.18333088628363892,0,
28025,4,8,1.0,4,0.23306827401055985,0,
28027,4,11,1.0,4,0.8089715393337807,1,
28029,4,9,1.0,4,0.2032958635721348,0,
28031,4,8,1.0,4,0.27846971594842096,0,
28033,1,10,1.0,4,0.396952153569588,0,
28035,1,8,1.0,4,0.7212636723948083,1,
28037,4,8,1.0,4,0.18055667335773068,0,
28039,4,3,1.0,4,0.15113476309487395,0,
28041,3,7,1.0,4,0.14655743182209935,0,
28043,4,7,1.0,4,0.21959297583009574,0,
28045,3,10,1.0,4,0.4670111962692364,0,
28051,4,9,1.0,4,0.2636196775939885,0,
28057,3,10,1.0,4,0.20156816894024915,0,
28061,4,14,1.0,4,0.19394839904820185,0,
28065,4,9,1.0,4,0.1831409218602801,0,
28069,4,11,1.0,4,0.16816545049008755,0,
28071,4,13,1.0,4,0.7557279229746766,1,
28073,3,6,1.0,4,0.17391098643507763,0,
28075,1,12,1.0,4,0.08070611159609806,0,
28081,3,15,1.0,4,0.3049392121342207,0,
28083,4,11,1.0,4,0.6283537715562008,1,
28085,4,12,1.0,4,0.26470850359442233,0,
28087,3,8,1.0,4,0.27000511505894054,0,
28089,1,12,1.0,4,0.17335079498807862,0,
28091,4,8,1.0,4,0.26403464825675016,0,
28093,3,8,1.0,4,0.3080312840654653,0,
28095,4,12,1.0,4,0.23003469025261802,0,
28097,4,7,1.0,4,0.1715501460967778,0,
28099,4,8,1.0,4,0.33202674650815667,0,
28101,4,11,1.0,4,0.17803505087001173,0,
28103,4,6,1.0,4,0.24804048066954676,0,
28107,4,11,1.0,4,0.39924951838220474,0,
28109,3,5,1.0,4,0.1640653927702903,0,
28113,4,8,1.0,4,0.5015687018011286,1,
28115,4,11,1.0,4,0.2988051294498886,0,
28119,4,10,1.0,4,0.5083817896122078,1,
28121,1,12,1.0,4,0.16222474717522403,0,
28123,4,10,1.0,4,0.25561655580084125,0,
28127,3,10,1.0,4,0.1795471909722467,0,
28131,4,6,1.0,4,0.1506908697023953,0,
28133,4,16,1.0,4,0.7600405174139427,1,
28135,4,18,1.0,4,0.25505257419910665,0,
28137,3,5,1.0,4,0.44217997587643193,0,
28141,4,9,1.0,4,0.2217070660701232,0,
28145,3,11,1.0,4,0.20959442312124005,0,
28147,4,6,1.0,4,0.21265996940334375,0,
28153,4,7,1.0,4,0.201157198017635,0,
28159,4,10,1.0,4,0.17629677774463057,0,
28161,4,7,1.0,4,0.16109396658737948,0,
28163,4,8,1.0,4,0.24454056805271207,0,
29001,4,9,1.0,4,0.31650420327088363,0,
29009,4,17,1.0,4,0.3491271798706963,0,
29011,4,8,1.0,4,0.2735944146175297,0,
29013,3,13,1.0,4,0.20766321015030081,0,
29015,3,13,1.0,4,0.182178862050027,0,
29017,4,13,1.0,4,0.19724342094155972,0,
29019,1,13,1.0,4,0.34527402237193766,0,
29021,3,15,1.0,4,0.7891462460371688,1,
29023,4,10,1.0,4,0.48346542035699974,0,
29025,3,10,1.0,4,0.4258615484029825,0,
29029,3,18,1.0,4,0.2047119583788464,0,
29031,3,19,1.0,4,0.5351051377907659,1,
29033,3,10,1.0,4,0.3038012646954902,0,
29035,3,5,1.0,4,0.13852836574899596,0,
29037,1,18,1.0,4,0.2815721156803339,0,
29039,4,9,1.0,4,0.21248017906312677,0,
29041,3,12,1.0,4,0.26995167506841933,0,
29043,1,21,1.0,4,0.19204127921694095,0,
29049,1,11,1.0,4,0.21870284667000162,0,
29051,1,9,1.0,4,0.27296713798812877,0,
29055,4,12,1.0,4,0.22229444941451096,0,
29057,3,13,1.0,4,0.23077994902282206,0,
29059,4,13,1.0,4,0.2705364060526654,0,
29063,2,10,1.0,4,0.30102469203774307,0,
29065,4,8,1.0,4,0.1848803958895379,0,
29067,4,16,1.0,4,0.2467341832214151,0,
29069,4,14,1.0,4,0.6847965831705967,1,
29071,1,23,1.0,4,0.29815382374379845,0,
29079,3,7,1.0,4,0.3957390449880976,0,
29083,4,11,1.0,4,0.2678431371738456,0,
29085,4,13,1.0,4,0.2121122262586768,0,
29091,4,12,1.0,4,0.2922893300383771,0,
29093,3,16,1.0,4,0.17406885651754628,0,
29099,1,24,1.0,4,0.4752226772037777,0,
29103,4,12,1.0,4,0.2148146602245319,0,
29105,4,12,1.0,4,0.2817750796871027,0,
29107,2,16,1.0,4,0.33933193731542416,0,
29109,3,21,1.0,4,0.3684511481752629,0,
29113,2,17,1.0,4,0.4982396826661729,0,
29115,3,15,1.0,4,0.2375787960604302,0,
29117,3,12,1.0,4,0.2788077976690287,0,
29119,1,14,1.0,4,0.29638044489962917,0,
29121,2,15,1.0,4,0.20128823201554596,0,
29123,3,7,1.0,4,0.16074845111366673,0,
29127,3,10,1.0,4,0.33353057962368854,0,
29131,3,17,1.0,4,0.229059205347405,0,
29133,4,6,1.0,4,0.6924326121388167,1,
29135,2,13,1.0,4,0.1739499369431738,0,
29139,3,11,1.0,4,0.2860832431035851,0,
29143,4,17,1.0,4,0.6596181084089785,1,
29145,3,15,1.0,4,0.33699775818564237,0,
29147,4,18,1.0,4,0.2852920528306412,0,
29153,4,18,1.0,4,0.20146000007569628,0,
29159,3,15,1.0,4,0.5498817402146355,1,
29161,4,11,1.0,4,0.21716555036633473,0,
29163,1,12,1.0,4,0.41030253817416446,0,
29165,1,18,1.0,4,0.24450325924404084,0,
29169,2,11,1.0,4,0.30174893642023476,0,
29175,3,12,1.0,4,0.6098916058218897,1,
29177,2,12,1.0,4,0.44947094503057544,0,
29181,4,9,1.0,4,0.21144868232032732,0,
29183,1,14,1.0,4,0.38940282168210183,0,
29185,4,16,1.0,4,0.19411248828998226,0,
29186,2,8,1.0,4,0.19930143971007758,0,
29187,3,15,1.0,4,0.27988649738955573,0,
29195,3,13,1.0,4,0.5313978125180817,1,
29197,3,6,1.0,4,0.21023591992846785,0,
29199,3,10,1.0,4,0.2918045788513085,0,
29201,4,14,1.0,4,0.7421203449757089,1,
29207,1,13,1.0,4,0.39352729973156814,0,
29209,1,17,1.0,4,0.17588876497053435,0,
29211,3,13,1.0,4,0.18204389159929335,0,
29213,3,20,1.0,4,0.3467468948532638,0,
29215,4,21,1.0,4,0.1423986666106002,0,
29217,4,13,1.0,4,0.4119818030030912,0,
29219,3,9,1.0,4,0.2964660069947769,0,
29223,4,14,1.0,4,0.16306350814663229,0,
29225,3,9,1.0,4,0.3322178853197157,0,
29229,4,11,1.0,4,0.3152451034380351,0,
30003,4,18,1.0,4,0.44256591407761925,0,
30005,4,9,1.0,4,0.21649675989131256,0,
30013,3,18,1.0,4,0.24881535317084985,0,
30015,2,13,1.0,4,0.19852608028111124,0,
30021,1,8,1.0,4,0.19441441965118017,0,
30029,2,16,1.0,4,0.16368766696538345,0,
30035,4,5,1.0,4,0.262373336423902,0,
30047,3,15,1.0,4,0.17598436311883703,0,
30049,1,9,1.0,4,0.17216588071839997,0,
30053,4,6,1.0,4,0.15718383619474569,0,
30061,4,5,1.0,4,0.15402352344641723,0,
30073,3,6,1.0,4,0.1943299451558707,0,
30081,2,9,1.0,4,0.17638637152696482,0,
30087,3,8,1.0,4,0.18638432175256128,0,
30105,3,12,1.0,4,0.19710235334906023,0,
30111,2,16,1.0,4,0.29734156633429804,0,
31001,2,14,1.0,4,0.21400614816191477,0,
31003,2,11,1.0,4,0.1984571299131258,0,
31007,2,8,1.0,4,0.1910799965796552,0,
31011,2,8,1.0,4,0.191969240232357,0,
31013,2,3,1.0,4,0.17782558668105253,0,
31023,1,14,1.0,4,0.1840803493922406,0,
31025,1,20,1.0,4,0.17144596811931045,0,
31029,2,7,1.0,4,0.11711855396113643,0,
31033,1,5,1.0,4,0.1937099335159179,0,
31041,1,21,1.0,4,0.022978530612157613,0,
31045,2,6,1.0,4,0.16451604044366755,0,
31061,2,8,1.0,4,0.19457989711811707,0,
31067,2,18,1.0,4,0.18041107677464852,0,
31075,2,3,1.0,4,0.1943562976813034,0,
31079,2,11,1.0,4,0.22177534465215804,0,
31083,2,8,1.0,4,0.19864093107513184,0,
31093,1,11,1.0,4,0.18718892330714554,0,
31095,3,12,1.0,4,0.19073095326719752,0,
31109,2,42,1.0,4,0.2485314526089888,0,
31111,2,14,1.0,4,0.19133706800886946,0,
31119,2,8,1.0,4,0.2049403465011368,0,
31131,1,19,1.0,4,0.18688593806552264,0,
31135,1,10,1.0,4,0.19316745811017733,0,
31141,1,11,1.0,4,0.19801968310465576,0,
31153,1,13,1.0,4,0.1839298682605788,0,
31155,1,18,1.0,4,0.18893853923401918,0,
31157,3,8,1.0,4,0.21311749693728504,0,
31161,2,9,1.0,4,0.18240914862975954,0,
31173,4,10,1.0,4,0.25018784739635647,0,
31177,1,15,1.0,4,0.18282993410475823,0,
31179,2,11,1.0,4,0.1852842016210574,0,
31185,1,15,1.0,4,0.18961436628762404,0,
32001,2,2,1.0,4,0.6669455661826523,1,
32005,1,9,1.0,4,0.46252356504593256,0,
32007,1,14,1.0,4,0.3122447650701483,0,
32013,1,7,1.0,4,0.22878529203399647,0,
32017,1,5,1.0,4,0.07436932263771753,0,
32019,3,9,1.0,4,0.7949081067200544,1,
32021,3,5,1.0,4,0.2813467311889667,0,
32033,2,7,1.0,4,0.2446103092541559,0,
33005,1,27,1.0,4,0.15044115798272148,0,
33007,2,16,1.0,4,0.15381226126271313,0,
33009,1,37,1.0,4,0.15180936086073568,0,
33011,1,34,1.0,4,0.1705198975651974,0,
33013,1,31,1.0,4,0.15623829535601597,0,
33015,1,37,1.0,4,0.15531337095228637,0,
34009,1,15,1.0,4,0.5209144573624145,1,
34011,1,22,1.0,4,0.5350005102083597,1,
34015,1,30,1.0,4,0.5192404955967314,1,
34019,1,26,1.0,4,0.14493668211623847,0,
34021,1,25,1.0,4,0.6724681407225487,1,
34027,1,56,1.0,4,0.17249848413241894,0,
34031,2,33,1.0,4,0.792648626363924,1,
34033,2,14,1.0,4,0.5907598137565717,1,
34035,1,32,1.0,4,0.23272726578141006,0,
34037,1,21,1.0,4,0.1495845905708898,0,
34041,1,19,1.0,4,0.19409088707122568,0,
35005,4,9,1.0,4,0.6382068103558606,1,
35007,4,9,1.0,4,0.20454322566727995,0,
35009,1,7,1.0,4,0.4818849108298444,0,
35015,3,8,1.0,4,0.32735459710746023,0,
35017,4,16,1.0,4,0.15601008869726163,0,
35019,2,5,1.0,4,0.14277788980660847,0,
35025,3,7,1.0,4,0.7393412387802492,1,
35029,4,3,1.0,4,0.3108324386508188,0,
35035,4,18,1.0,4,0.6738042954037765,1,
35037,4,10,1.0,4,0.2426723063695878,0,
35039,1,37,1.0,4,0.2768102114667978,0,
35041,4,9,1.0,4,0.32600230192326457,0,
35043,1,21,1.0,4,0.4457447335461858,0,
35049,2,15,1.0,4,0.2944442309754684,0,
35051,4,10,1.0,4,0.35166210211648563,0,
35053,4,14,1.0,4,0.6954397815570497,1,
35055,4,21,1.0,4,0.16652025316634939,0,
35061,4,8,1.0,4,0.5358458154970965,1,
36001,2,46,1.0,4,0.3572099972972825,0,
36003,3,37,1.0,4,0.1625918332318134,0,
36007,3,31,1.0,4,0.22911142234533566,0,
36009,1,36,1.0,4,0.6657661800924316,1,
36011,1,26,1.0,4,0.035272357394594424,0,
36013,3,36,1.0,4,0.26182229718509925,0,
36015,2,22,1.0,4,0.22073808726299546,0,
36021,2,36,1.0,4,0.19262948633826066,0,
36023,3,17,1.0,4,0.19401395791335127,0,
36027,1,35,1.0,4,0.20347475391195277,0,
36031,2,34,1.0,4,0.154826118397483,0,
36033,3,23,1.0,4,0.15382610151073903,0,
36037,2,18,1.0,4,0.17952999883742526,0,
36039,2,42,1.0,4,0.1608392828935089,0,
36041,2,13,1.0,4,0.14853770362269217,0,
36043,3,28,1.0,4,0.16148458244469155,0,
36045,3,39,1.0,4,0.22388534482511083,0,
36053,1,31,1.0,4,0.17846424260317142,0,
36055,1,50,1.0,4,0.5700860789956006,1,
36057,3,20,1.0,4,0.28072937634771045,0,
36063,1,22,1.0,4,0.4668782288518243,0,
36065,2,54,1.0,4,0.3109288655701874,0,
36071,1,51,1.0,4,0.19851862021720618,0,
36073,3,15,1.0,4,0.34169155831805836,0,
36075,3,27,1.0,4,0.21756229862327367,0,
36077,3,43,1.0,4,0.15919209097895518,0,
36083,2,29,1.0,4,0.20420859580024597,0,
36089,3,49,1.0,4,0.16793085620991532,0,
36091,1,27,1.0,4,0.15916837467111533,0,
36093,1,19,1.0,4,0.25246718573872723,0,
36099,2,14,1.0,4,0.30892570986912227,0,
36101,3,39,1.0,4,0.17194821092706894,0,
36105,2,62,1.0,4,0.16770511835768814,0,
36107,2,15,1.0,4,0.16471151522041838,0,
36109,1,17,1.0,4,0.5527386384531017,1,
36111,2,63,1.0,4,0.18270735065547902,0,
36115,2,27,1.0,4,0.1738069188907077,0,
36117,2,20,1.0,4,0.18939522133612735,0,
37001,3,12,1.0,4,0.3770959813165799,0,
37003,2,8,1.0,4,0.21525617220437787,0,
37007,4,8,1.0,4,0.19036146644420546,0,
37013,4,15,1.0,4,0.2053874732128132,0,
37015,4,10,1.0,4,0.17185719182455103,0,
37017,4,18,1.0,4,0.2250662702368163,0,
37019,2,14,1.0,4,0.18889028728386228,0,
37021,2,19,1.0,4,0.18556571523894164,0,
37023,4,16,1.0,4,0.2514720923807538,0,
37025,2,16,1.0,4,0.4209740709198214,0,
37027,3,10,1.0,4,0.26369925512374015,0,
37031,2,19,1.0,4,0.18935621562589078,0,
37035,2,14,1.0,4,0.37274870148336386,0,
37037,1,18,1.0,4,0.16011421450905317,0,
37039,3,4,1.0,4,0.14503280125467372,0,
37041,3,4,1.0,4,0.1950364515996259,0,
37043,3,5,1.0,4,0.15469235698361608,0,
37045,1,13,1.0,4,0.46244577138849485,0,
37047,4,16,1.0,4,0.24401265198053412,0,
37049,2,11,1.0,4,0.22406627322257022,0,
37051,1,24,1.0,4,0.4052858275624292,0,
37053,1,15,1.0,4,0.1662503824847625,0,
37055,1,14,1.0,4,0.20169013784257764,0,
37057,3,12,1.0,4,0.35247374529451103,0,
37059,2,6,1.0,4,0.1813718390599524,0,
37061,4,19,1.0,4,0.28125276692654494,0,
37063,2,16,1.0,4,0.27640859976088467,0,
37065,4,15,1.0,4,0.39051517407907294,0,
37067,1,22,1.0,4,0.714725442903851,1,
37069,3,13,1.0,4,0.1915834030205182,0,
37071,3,18,1.0,4,0.5031389350203529,1,
37077,3,12,1.0,4,0.16185421360591312,0,
37079,4,11,1.0,4,0.28054103321238205,0,
37083,4,9,1.0,4,0.32037784539861486,0,
37085,3,16,1.0,4,0.23969850749999283,0,
37089,2,15,1.0,4,0.18350663141309778,0,
37091,4,9,1.0,4,0.2917379617091904,0,
37093,3,9,1.0,4,0.4624270569906751,0,
37101,2,21,1.0,4,0.2098184946648151,0,
37105,3,4,1.0,4,0.29546002773487245,0,
37107,4,10,1.0,4,0.4089213119945959,0,
37109,2,11,1.0,4,0.32720763577188583,0,
37111,3,9,1.0,4,0.16446661734069593,0,
37125,2,18,1.0,4,0.19954765167172195,0,
37127,3,15,1.0,4,0.26253008160010605,0,
37129,3,10,1.0,4,0.34443169890162034,0,
37131,4,12,1.0,4,0.19743264195873103,0,
37133,3,16,1.0,4,0.515180768146179,1,
37135,2,14,1.0,4,0.17151215051492585,0,
37141,3,13,1.0,4,0.17315681012700168,0,
37147,4,17,1.0,4,0.41639478482251086,0,
37151,3,24,1.0,4,0.29390260702331295,0,
37153,4,11,1.0,4,0.5271256535536375,1,
37157,3,11,1.0,4,0.2450634035067268,0,
37159,3,19,1.0,4,0.4276046193521447,0,
37161,1,16,1.0,4,0.14431336107553486,0,
37163,4,17,1.0,4,0.3881664746130581,0,
37165,4,7,1.0,4,0.6416905469252958,1,
37169,2,16,1.0,4,0.1906058422904262,0,
37171,4,12,1.0,4,0.24732263950653344,0,
37175,3,10,1.0,4,0.1592982523380414,0,
37179,1,12,1.0,4,0.29788588184018255,0,
37181,4,8,1.0,4,0.5029995967686859,1,
37185,4,8,1.0,4,0.17358928699202875,0,
37187,4,4,1.0,4,0.19008764579116083,0,
37189,4,10,1.0,4,0.21395333586442722,0,
37191,1,14,1.0,4,0.2681959074150325,0,
37193,4,23,1.0,4,0.19657094830614852,0,
37195,4,17,1.0,4,0.46443252299487964,0,
38015,1,12,1.0,4,0.20480744435659562,0,
38027,2,7,1.0,4,0.2001510643015379,0,
38035,1,22,1.0,4,0.3967536150987746,0,
38037,2,13,1.0,4,0.19929216424785207,0,
38067,1,13,1.0,4,0.18892671327779434,0,
38073,1,11,1.0,4,0.19433304991284894,0,
38085,4,9,1.0,4,0.32722476680228474,0,
38099,2,16,1.0,4,0.206228220131928,0,
38101,1,24,1.0,4,0.04593060503804559,0,
39001,4,11,1.0,4,0.34377537273683234,0,
39007,4,19,1.0,4,0.7182589900373914,1,
39009,4,18,1.0,4,0.2791288877125326,0,
39013,2,27,1.0,4,0.3002533307829109,0,
39017,2,17,1.0,4,0.7231257221274034,1,
39019,2,20,1.0,4,0.25160481793199324,0,
39023,3,22,1.0,4,0.7931331544885816,1,
39025,1,23,1.0,4,0.4836247096126194,0,
39037,2,25,1.0,4,0.5543809467746297,1,
39041,1,24,1.0,4,0.21823099780048302,0,
39045,1,19,1.0,4,0.25143340612712956,0,
39055,1,20,1.0,4,0.22828460743365667,0,
39059,3,20,1.0,4,0.3548003481448335,0,
39063,1,24,1.0,4,0.42098895089849137,0,
39065,3,15,1.0,4,0.6288241443548483,1,
39071,4,15,1.0,4,0.5413791034608231,1,
39073,3,16,1.0,4,0.1861275616673198,0,
39075,1,18,1.0,4,0.2243499138526071,0,
39077,2,14,1.0,4,0.4408678763373385,0,
39079,4,11,1.0,4,0.3330703365691805,0,
39081,3,23,1.0,4,0.628389805977329,1,
39085,1,11,1.0,4,0.6292096040128241,1,
39087,3,14,1.0,4,0.5108906652667699,1,
39089,2,28,1.0,4,0.32374437605460965,0,
39091,2,18,1.0,4,0.49490704116503764,0,
39093,2,24,1.0,4,0.6243852022771125,1,
39099,2,36,1.0,4,0.7016301389561597,1,
39101,3,14,1.0,4,0.5189242624424361,1,
39103,1,24,1.0,4,0.2324931641671647,0,
39107,1,18,1.0,4,0.4734623791813351,0,
39111,3,15,1.0,4,0.17251507799784202,0,
39117,2,16,1.0,4,0.28811556086148304,0,
39119,3,22,1.0,4,0.3950532430121586,0,
39121,2,15,1.0,4,0.1767709444147411,0,
39123,2,18,1.0,4,0.6780777960509144,1,
39125,1,15,1.0,4,0.5283419891809576,1,
39127,3,17,1.0,4,0.206028986658302,0,
39129,2,17,1.0,4,0.264938095025214,0,
39131,4,11,1.0,4,0.42015639273899236,0,
39133,1,24,1.0,4,0.7243181809357464,1,
39135,1,16,1.0,4,0.42829887157371993,0,
39137,1,17,1.0,4,0.435389960849827,0,
39139,1,19,1.0,4,0.1307467760261106,0,
39141,3,16,1.0,4,0.3685281356507743,0,
39143,2,17,1.0,4,0.6475088852052827,1,
39145,4,20,1.0,4,0.5896049271580097,1,
39147,2,20,1.0,4,0.5093609476183238,1,
39151,1,42,1.0,4,0.551809598666028,1,
39155,3,30,1.0,4,0.6727133296130814,1,
39159,1,20,1.0,4,0.4300518947462683,0,
39165,1,24,1.0,4,0.4139521917178826,0,
39167,3,20,1.0,4,0.2710309114339905,0,
39169,2,25,1.0,4,0.35860789051941044,0,
39171,1,12,1.0,4,0.5478313406867008,1,
39173,2,32,1.0,4,0.6973458434830034,1,
40001,4,8,1.0,4,0.4174864474101789,0,
40003,1,13,1.0,4,0.23263078679741508,0,
40009,3,6,1.0,4,0.45872083444811623,0,
40011,3,13,1.0,4,0.45794619106443296,0,
40013,4,14,1.0,4,0.7451153182737758,1,
40015,4,16,1.0,4,0.7130258012574056,1,
40017,1,13,1.0,4,0.6850704929647697,1,
40019,3,13,1.0,4,0.7731680707613063,1,
40021,4,16,1.0,4,0.5830046610759545,1,
40023,4,12,1.0,4,0.4115463831976661,0,
40025,3,4,1.0,4,0.2483441885504011,0,
40035,4,10,1.0,4,0.599790159316574,1,
40037,3,21,1.0,4,0.5517118294503253,1,
40039,4,13,1.0,4,0.7629110241260588,1,
40041,4,13,1.0,4,0.37793208651533206,0,
40043,3,12,1.0,4,0.2922735782926027,0,
40045,3,7,1.0,4,0.24358281297911,0,
40047,1,22,1.0,4,0.29527537098445694,0,
40049,3,13,1.0,4,0.6429394775435763,1,
40051,2,14,1.0,4,0.6535826084023422,1,
40053,1,10,1.0,4,0.1981649899053229,0,
40055,4,4,1.0,4,0.2243621243832894,0,
40059,2,7,1.0,4,0.2557742887020599,0,
40063,4,10,1.0,4,0.29520913862881293,0,
40065,3,9,1.0,4,0.7652717007464873,1,
40067,4,8,1.0,4,0.5554118733976333,1,
40069,4,13,1.0,4,0.44806634080632557,0,
40071,4,10,1.0,4,0.6199456178171758,1,
40073,2,12,1.0,4,0.43697177825906347,0,
40075,4,9,1.0,4,0.6742027049951586,1,
40077,4,7,1.0,4,0.21066493229661104,0,
40079,4,23,1.0,4,0.38728559152323777,0,
40081,3,16,1.0,4,0.3438163543466658,0,
40083,2,15,1.0,4,0.555343574571153,1,
40085,3,8,1.0,4,0.6651302536584167,1,
40089,4,15,1.0,4,0.6159459072167626,1,
40091,4,11,1.0,4,0.36566907416456024,0,
40095,4,3,1.0,4,0.6586414281978629,1,
40097,4,17,1.0,4,0.6805290151069373,1,
40099,3,7,1.0,4,0.6717102622574505,1,
40101,4,15,1.0,4,0.8095581372152995,1,
40105,3,7,1.0,4,0.47444976846378356,0,
40107,4,11,1.0,4,0.2794351609100142,0,
40111,4,11,1.0,4,0.6291472727118498,1,
40113,3,22,1.0,4,0.7298184047748766,1,
40115,4,9,1.0,4,0.7033176078773022,1,
40117,3,12,1.0,4,0.4740799031435894,0,
40119,1,14,1.0,4,0.7287462773382987,1,
40121,3,19,1.0,4,0.43837088209935743,0,
40123,3,10,1.0,4,0.5559143829162619,1,
40127,4,16,1.0,4,0.22494191152160978,0,
40131,1,12,1.0,4,0.6703021515504897,1,
40133,4,10,1.0,4,0.48237286000709556,0,
40135,4,9,1.0,4,0.4631449693318662,0,
40137,3,10,1.0,4,0.7112071752560303,1,
40139,4,9,1.0,4,0.40735735209356816,0,
40141,4,8,1.0,4,0.6747768990541639,1,
40145,2,15,1.0,4,0.622568595891359,1,
40147,1,12,1.0,4,0.512930554700247,1,
40149,3,18,1.0,4,0.559352383989002,1,
40153,2,11,1.0,4,0.2595952100389103,0,
41001,3,12,1.0,4,0.19094448275309106,0,
41003,1,10,1.0,4,0.6299185114653063,1,
41005,1,37,1.0,4,0.3298300071031873,0,
41009,2,9,1.0,4,0.21062516741224624,0,
41011,3,10,1.0,4,0.2525478547649871,0,
41013,2,6,1.0,4,0.21097876269509783,0,
41015,2,7,1.0,4,0.17938025101250205,0,
41017,1,7,1.0,4,0.26928701893938617,0,
41019,3,28,1.0,4,0.25917996273228666,0,
41023,3,11,1.0,4,0.20154535356772194,0,
41027,2,3,1.0,4,0.27117185772888364,0,
41029,3,18,1.0,4,0.6865523115846806,1,
41031,3,8,1.0,4,0.3277722791270939,0,
41033,4,11,1.0,4,0.5887113032722717,1,
41035,4,17,1.0,4,0.62836814650604,1,
41039,3,39,1.0,4,0.36645400575929815,0,
41041,3,18,1.0,4,0.23736011553499428,0,
41043,2,20,1.0,4,0.46420543326443653,0,
41047,3,26,1.0,4,0.6932921646397673,1,
41049,3,7,1.0,4,0.7633923900100147,1,
41053,2,11,1.0,4,0.2520086476631436,0,
41059,3,14,1.0,4,0.7107632956778966,1,
41061,3,8,1.0,4,0.21983729524458512,0,
41065,3,8,1.0,4,0.3758710295136083,0,
41067,1,30,1.0,4,0.2702671321548521,0,
42001,1,17,1.0,4,0.18876370438344353,0,
42005,2,36,1.0,4,0.29049949879700127,0,
42009,2,28,1.0,4,0.16324796091904814,0,
42011,1,62,1.0,4,0.46081933879909365,0,
42013,3,19,1.0,4,0.25899138535368715,0,
42015,2,27,1.0,4,0.159028112255546,0,
42021,1,51,1.0,4,0.10359113891959115,0,
42025,2,20,1.0,4,0.1827044133599696,0,
42027,2,33,1.0,4,0.19268346779386158,0,
42033,3,51,1.0,4,0.1762412130720817,0,
42037,2,19,1.0,4,0.17434344016717865,0,
42039,3,27,1.0,4,0.1949100184843414,0,
42041,1,21,1.0,4,0.189298668172607,0,
42043,2,30,1.0,4,0.2645999608642299,0,
42047,2,14,1.0,4,0.15276024993222467,0,
42051,3,62,1.0,4,0.3942367826423065,0,
42053,4,11,1.0,4,0.13331466347612242,0,
42055,1,30,1.0,4,0.16943708718120787,0,
42059,2,26,1.0,4,0.17423005202876107,0,
42061,2,33,1.0,4,0.14543309633518414,0,
42065,3,30,1.0,4,0.22067858756044864,0,
42069,2,28,1.0,4,0.33812762783737244,0,
42073,2,22,1.0,4,0.3282124388903319,0,
42075,2,19,1.0,4,0.3151597873603247,0,
42079,3,50,1.0,4,0.3029931334492563,0,
42081,2,25,1.0,4,0.16743205091565105,0,
42085,2,28,1.0,4,0.33769892857523814,0,
42087,3,13,1.0,4,0.20994958736886332,0,
42089,2,35,1.0,4,0.23120527318924933,0,
42095,1,26,1.0,4,0.36709608153938894,0,
42097,2,28,1.0,4,0.20818922783382254,0,
42099,2,16,1.0,4,0.15383333635343305,0,
42107,2,59,1.0,4,0.1780790816698032,0,
42109,2,15,1.0,4,0.1891435504078426,0,
42111,2,40,1.0,4,0.17422115780229863,0,
42115,2,29,1.0,4,0.14439405550104994,0,
42119,1,14,1.0,4,0.17081129848047205,0,
42123,2,19,1.0,4,0.14892068038845185,0,
42125,1,64,1.0,4,0.2553382838804878,0,
42127,2,30,1.0,4,0.15779220554635437,0,
42129,1,86,1.0,4,0.2960098258376982,0,
44003,1,9,1.0,4,0.4994621961194269,0,
44005,1,8,1.0,4,0.35573802656833575,0,
44009,1,20,1.0,4,0.20474919439553094,0,
45001,4,13,1.0,4,0.30702113543995607,0,
45005,4,6,1.0,4,0.3386793828158631,0,
45009,4,8,1.0,4,0.3025289562057976,0,
45011,4,7,1.0,4,0.4022178921458872,0,
45013,1,16,1.0,4,0.1953011280266739,0,
45015,2,17,1.0,4,0.473201552677023,0,
45017,4,7,1.0,4,0.3128129837443976,0,
45021,4,8,1.0,4,0.6340446190925781,1,
45023,4,10,1.0,4,0.6426413804120242,1,
45025,4,11,1.0,4,0.4500912292484165,0,
45027,4,11,1.0,4,0.3453765555348226,0,
45029,4,14,1.0,4,0.322440089589498,0,
45031,4,10,1.0,4,0.5106540274016215,1,
45033,4,11,1.0,4,0.6378316915258819,1,
45035,2,15,1.0,4,0.48110831877295224,0,
45037,3,10,1.0,4,0.2016603592063389,0,
45039,4,9,1.0,4,0.21074845693564861,0,
45041,3,12,1.0,4,0.5549526302714165,1,
45043,3,5,1.0,4,0.2387487520147321,0,
45047,4,9,1.0,4,0.5409207898433176,1,
45049,4,13,1.0,4,0.3503675458914302,0,
45051,3,16,1.0,4,0.6048718965735516,1,
45055,3,13,1.0,4,0.3205785445566842,0,
45057,3,5,1.0,4,0.48396670881908727,0,
45059,4,16,1.0,4,0.4234932423581408,0,
45067,4,7,1.0,4,0.485160358104454,0,
45069,4,8,1.0,4,0.524731108883314,1,
45073,3,13,1.0,4,0.4185154035656501,0,
45077,3,15,1.0,4,0.47381856196402977,0,
45081,4,12,1.0,4,0.37671602657284514,0,
45085,4,15,1.0,4,0.6191200210539616,1,
45087,4,9,1.0,4,0.3525056605843651,0,
45089,4,12,1.0,4,0.34054111465720294,0,
45091,1,15,1.0,4,0.6527220665169153,1,
46009,2,7,1.0,4,0.19650786983234914,0,
46013,1,20,1.0,4,0.19655513777848876,0,
46029,2,10,1.0,4,0.20300494263949576,0,
46031,4,15,1.0,4,0.22917961854722113,0,
46033,3,9,1.0,4,0.1649138583186525,0,
46035,2,6,1.0,4,0.1989766134640207,0,
46037,2,11,1.0,4,0.20105957659719143,0,
46059,1,8,1.0,4,0.20008253762196201,0,
46065,1,3,1.0,4,0.1934707646715921,0,
46067,2,13,1.0,4,0.20047670729307368,0,
46077,1,9,1.0,4,0.19787768868982794,0,
46083,1,12,1.0,4,0.20052979860451775,0,
46091,1,10,1.0,4,0.1930441805443372,0,
46093,2,18,1.0,4,0.19266042331347688,0,
46099,1,23,1.0,4,0.2628604568504115,0,
46103,2,20,1.0,4,0.18685566275044296,0,
46109,4,16,1.0,4,0.1975652277400937,0,
46121,4,9,1.0,4,0.4069914429760973,0,
46129,1,7,1.0,4,0.20095472761263306,0,
46135,2,10,1.0,4,0.1967547290786933,0,
47001,3,11,1.0,4,0.5108780595221902,1,
47003,3,13,1.0,4,0.722808487098966,1,
47005,4,7,1.0,4,0.31837255629539885,0,
47009,2,13,1.0,4,0.5071868324551738,1,
47011,3,8,1.0,4,0.44085187253436026,0,
47013,4,11,1.0,4,0.4894030076617445,0,
47017,4,14,1.0,4,0.2839317301166369,0,
47019,4,8,1.0,4,0.5494807823864027,1,
47021,2,12,1.0,4,0.24120920457038492,0,
47025,1,10,1.0,4,0.40369530734875847,0,
47027,4,7,1.0,4,0.38288921075337395,0,
47031,3,9,1.0,4,0.6063029105558809,1,
47033,4,8,1.0,4,0.5890102155846273,1,
47035,3,11,1.0,4,0.3644744612139624,0,
47043,2,11,1.0,4,0.25297458339464857,0,
47045,4,11,1.0,4,0.6305343069863919,1,
47049,4,9,1.0,4,0.3960518791363407,0,
47053,4,11,1.0,4,0.4698595888396776,0,
47055,3,17,1.0,4,0.48035496507423486,0,
47059,4,10,1.0,4,0.4161781453499919,0,
47063,4,7,1.0,4,0.7213558833143646,1,
47067,4,5,1.0,4,0.34982741097900183,0,
47069,4,12,1.0,4,0.2667212660635948,0,
47071,4,13,1.0,4,0.3834613296465273,0,
47073,4,12,1.0,4,0.4799655528614767,0,
47075,4,6,1.0,4,0.43644904462022976,0,
47077,4,14,1.0,4,0.31519350924627815,0,
47079,4,9,1.0,4,0.3409649298396972,0,
47085,3,4,1.0,4,0.18491615433831698,0,
47089,3,10,1.0,4,0.4664156803464462,0,
47097,4,4,1.0,4,0.3503920439362317,0,
47099,4,11,1.0,4,0.35561618271169004,0,
47101,4,7,1.0,4,0.23122677617744455,0,
47107,4,12,1.0,4,0.6735566361137244,1,
47109,4,15,1.0,4,0.338969833120699,0,
47111,4,8,1.0,4,0.48498501648454495,0,
47117,3,12,1.0,4,0.6142037742972619,1,
47119,1,10,1.0,4,0.6149920170704316,1,
47121,3,6,1.0,4,0.2813518061998612,0,
47123,4,9,1.0,4,0.6094783713221398,1,
47125,3,15,1.0,4,0.5546823921092039,1,
47129,4,12,1.0,4,0.36613340275286144,0,
47131,4,12,1.0,4,0.5342756539525157,1,
47135,4,4,1.0,4,0.1983520684325616,0,
47139,3,12,1.0,4,0.21846916193006968,0,
47141,1,10,1.0,4,0.7303257866948824,1,
47145,2,10,1.0,4,0.4408361205611501,0,
47147,2,12,1.0,4,0.507038341323437,1,
47149,1,20,1.0,4,0.7274967474319922,1,
47155,3,10,1.0,4,0.36016726835848867,0,
47159,3,15,1.0,4,0.33901914596376764,0,
47163,3,12,1.0,4,0.5856639877658125,1,
47165,1,10,1.0,4,0.4423470825693848,0,
47167,2,10,1.0,4,0.491146445038511,0,
47175,4,7,1.0,4,0.3752770928636512,0,
47177,4,6,1.0,4,0.7317016974455134,1,
47179,1,13,1.0,4,0.6270200409437806,1,
47181,4,10,1.0,4,0.2234921064634046,0,
47183,4,12,1.0,4,0.40812077544118097,0,
47185,4,5,1.0,4,0.4651284410279872,0,
47187,1,16,1.0,4,0.18960771886610644,0,
47189,1,12,1.0,4,0.5157146247109742,1,
48001,3,10,1.0,4,0.5825773340773645,1,
48003,2,1,1.0,4,0.6494067101206066,1,
48005,4,6,1.0,4,0.5701034983127644,1,
48007,4,5,1.0,4,0.5902591239244653,1,
48009,2,10,1.0,4,0.5466776444858745,1,
48013,3,15,1.0,4,0.7517880229628865,1,
48015,2,13,1.0,4,0.47619272833588505,0,
48017,1,6,1.0,4,0.2234558649003786,0,
48019,2,7,1.0,4,0.3264686691763446,0,
48021,2,15,1.0,4,0.556968781539193,1,
48023,2,2,1.0,4,0.1954679274112061,0,
48025,4,11,1.0,4,0.6277610880628955,1,
48031,1,8,1.0,4,0.2325270496593454,0,
48035,3,11,1.0,4,0.30045044079993977,0,
48037,3,10,1.0,4,0.47117970541646004,0,
48043,3,4,1.0,4,0.1924068471649233,0,
48047,4,2,1.0,4,0.5725550392841962,1,
48049,3,10,1.0,4,0.2962517696827051,0,
48051,2,5,1.0,4,0.41935738848181686,0,
48053,2,13,1.0,4,0.3865843175838549,0,
48055,3,14,1.0,4,0.6661137061713145,1,
48057,3,6,1.0,4,0.48383545832181146,0,
48063,3,2,1.0,4,0.6075112016354449,1,
48067,4,14,1.0,4,0.274154909281216,0,
48071,2,11,1.0,4,0.7728964286360274,1,
48073,4,12,1.0,4,0.6985758562448551,1,
48075,4,4,1.0,4,0.2724389004567049,0,
48077,2,9,1.0,4,0.4268226633637412,0,
48081,3,4,1.0,4,0.1934782306454551,0,
48083,2,15,1.0,4,0.2084975892578229,0,
48087,4,5,1.0,4,0.27929778412629613,0,
48089,2,18,1.0,4,0.30400509957689975,0,
48091,1,14,1.0,4,0.4481675888526966,0,
48093,2,14,1.0,4,0.19474881693521362,0,
48097,2,14,1.0,4,0.6165530367824679,1,
48099,1,17,1.0,4,0.006234937840337063,0,
48101,4,3,1.0,4,0.27642004849531043,0,
48109,4,2,1.0,4,0.6681968402669901,1,
48117,4,6,1.0,4,0.5076169040562069,1,
48119,3,7,1.0,4,0.4278068819819442,0,
48123,3,9,1.0,4,0.3718098149229139,0,
48125,4,7,1.0,4,0.22872494676211907,0,
48127,4,6,1.0,4,0.6851802117689362,1,
48131,4,8,1.0,4,0.40172467213034335,0,
48133,4,9,1.0,4,0.3151990060384772,0,
48135,2,8,1.0,4,0.8869668466029559,1,
48139,1,20,1.0,4,0.7167126095926449,1,
48143,1,13,1.0,4,0.7074916986155046,1,
48145,3,17,1.0,4,0.610043911905914,1,
48147,2,19,1.0,4,0.5522075199484086,1,
48149,2,15,1.0,4,0.265961402390967,0,
48151,3,9,1.0,4,0.3915371761363856,0,
48159,1,7,1.0,4,0.3409371458891882,0,
48161,4,9,1.0,4,0.7561907132426507,1,
48169,4,4,1.0,4,0.47830390742104234,0,
48171,2,7,1.0,4,0.2177968742339901,0,
48177,3,14,1.0,4,0.3653852068157329,0,
48185,3,11,1.0,4,0.6458227130874181,1,
48193,3,10,1.0,4,0.2208482763383821,0,
48197,3,2,1.0,4,0.23669820572429406,0,
48199,2,12,1.0,4,0.34732584286721635,0,
48203,3,12,1.0,4,0.46256215471207063,0,
48207,4,11,1.0,4,0.3640039958043168,0,
48209,2,14,1.0,4,0.6655427966284323,1,
48217,2,19,1.0,4,0.5902477918472772,1,
48219,4,10,1.0,4,0.8016027430546303,1,
48221,1,8,1.0,4,0.5681106629245917,1,
48223,3,13,1.0,4,0.6075267612747124,1,
48225,4,7,1.0,4,0.4901736398866124,0,
48227,3,5,1.0,4,0.7916271843386041,1,
48233,3,7,1.0,4,0.8492589696246943,1,
48239,2,10,1.0,4,0.24364894436546852,0,
48241,4,9,1.0,4,0.36090265649471964,0,
48247,4,1,1.0,4,0.38490047090394525,0,
48249,4,8,1.0,4,0.5222235133735224,1,
48251,2,16,1.0,4,0.7637809743868539,1,
48255,3,8,1.0,4,0.6853224023666105,1,
48259,1,8,1.0,4,0.22341045005212856,0,
48261,4,2,1.0,4,0.7671199870972665,1,
48265,3,10,1.0,4,0.49711001359404416,0,
48269,4,2,1.0,4,0.2409253736728036,0,
48273,4,4,1.0,4,0.7773660544726713,1,
48275,4,6,1.0,4,0.25213032227521115,0,
48277,3,13,1.0,4,0.6508491193230155,1,
48281,2,6,1.0,4,0.3870743792253287,0,
48285,2,7,1.0,4,0.21060624089522295,0,
48287,2,9,1.0,4,0.33108808259448785,0,
48289,3,8,1.0,4,0.6171686342114201,1,
48291,3,14,1.0,4,0.6748459499168766,1,
48293,4,14,1.0,4,0.7428952986540818,1,
48299,1,10,1.0,4,0.21423202576334585,0,
48303,1,25,1.0,4,0.7607593571919502,1,
48307,3,6,1.0,4,0.22234601537668486,0,
48313,2,5,1.0,4,0.5104078535073306,1,
48315,4,7,1.0,4,0.19275330982153482,0,
48317,1,8,1.0,4,0.7012859430413665,1,
48321,1,12,1.0,4,0.5445467355418329,1,
48323,4,3,1.0,4,0.8396007344844136,1,
48329,1,9,1.0,4,0.836349056409955,1,
48331,3,13,1.0,4,0.46007695369823376,0,
48335,2,3,1.0,4,0.2948652128666568,0,
48337,3,10,1.0,4,0.6358748305264565,1,
48341,2,6,1.0,4,0.6416735437276271,1,
48343,4,7,1.0,4,0.5928060100345225,1,
48347,1,10,1.0,4,0.7457239836938097,1,
48349,4,17,1.0,4,0.7366915849113993,1,
48353,3,9,1.0,4,0.48767179231002766,0,
48361,2,4,1.0,4,0.7808210469729269,1,
48363,4,12,1.0,4,0.6077145150344598,1,
48365,3,13,1.0,4,0.4469753195512918,0,
48367,1,18,1.0,4,0.6326934285101382,1,
48371,3,6,1.0,4,0.5036247916513245,1,
48373,3,9,1.0,4,0.40747500318138413,0,
48375,4,16,1.0,4,0.880882845350836,1,
48377,4,4,1.0,4,0.4204440264303262,0,
48381,1,15,1.0,4,0.688705280802568,1,
48387,4,9,1.0,4,0.3358840933449533,0,
48389,3,4,1.0,4,0.7204695734508545,1,
48391,3,5,1.0,4,0.20239561216530372,0,
48395,3,9,1.0,4,0.5128915132299872,1,
48397,1,9,1.0,4,0.5070751515504435,1,
48399,3,11,1.0,4,0.23322448202161014,0,
48401,3,16,1.0,4,0.5785425945263598,1,
48405,4,4,1.0,4,0.21019836066951353,0,
48407,4,8,1.0,4,0.6488682732149201,1,
48409,3,9,1.0,4,0.649639036713662,1,
48411,3,7,1.0,4,0.187570548713596,0,
48415,3,8,1.0,4,0.5223823321569039,1,
48419,4,7,1.0,4,0.3520181326406122,0,
48427,4,10,1.0,4,0.8508481833861314,1,
48429,4,8,1.0,4,0.29707240555978165,0,
48437,4,5,1.0,4,0.6272984578245742,1,
48441,1,17,1.0,4,0.7850836114269284,1,
48445,4,6,1.0,4,0.7408777990586495,1,
48449,4,6,1.0,4,0.772335534340135,1,
48451,1,14,1.0,4,0.7626237135559376,1,
48455,4,7,1.0,4,0.5261226042083674,1,
48457,3,10,1.0,4,0.15636862869436552,0,
48459,3,12,1.0,4,0.546031896513283,1,
48463,4,8,1.0,4,0.6547170953941287,1,
48465,4,5,1.0,4,0.641994658865398,1,
48467,3,13,1.0,4,0.7026371371901879,1,
48469,3,12,1.0,4,0.7910325941990315,1,
48471,4,9,1.0,4,0.6607990314745086,1,
48473,2,11,1.0,4,0.7991035065375429,1,
48475,3,6,1.0,4,0.8661266732426607,1,
48477,2,7,1.0,4,0.6292354906914556,1,
48481,1,13,1.0,4,0.666669299539,1,
48487,4,6,1.0,4,0.6222218182890876,1,
48493,2,12,1.0,4,0.5010121326915382,1,
48495,3,2,1.0,4,0.7468705364761538,1,
48497,2,17,1.0,4,0.7187347045060501,1,
48499,3,12,1.0,4,0.4018354975337734,0,
48501,2,4,1.0,4,0.4044131231521542,0,
48503,2,6,1.0,4,0.3805390425275211,0,
48505,4,5,1.0,4,0.787823260368543,1,
48507,4,4,1.0,4,0.833345829000842,1,
49003,2,20,1.0,4,0.7503726942235533,1,
49005,3,16,1.0,4,0.7564958010108154,1,
49011,1,13,1.0,4,0.8040536805842323,1,
49019,1,2,1.0,4,0.17049505718121494,0,
49021,4,10,1.0,4,0.4246307200973862,0,
49037,3,12,1.0,4,0.366996609420717,0,
49039,3,15,1.0,4,0.5709497501777967,1,
49041,3,12,1.0,4,0.6170682482332563,1,
49043,1,9,1.0,4,0.15501836085178355,0,
49057,1,9,1.0,4,0.8278823877974347,1,
50001,1,20,1.0,4,0.15726716777495775,0,
50005,2,22,1.0,4,0.16132374563656338,0,
50007,1,21,1.0,4,0.7909744311783212,1,
50013,1,5,1.0,4,0.16686391953872276,0,
50017,2,31,1.0,4,0.15819881997274807,0,
50019,2,24,1.0,4,0.16906738212204453,0,
50021,1,29,1.0,4,0.15691200491818486,0,
50023,1,26,1.0,4,0.1531527779162028,0,
50025,2,24,1.0,4,0.15314197241365723,0,
51003,2,24,1.0,4,0.16647125125344048,0,
51005,3,7,1.0,4,0.18542416413143067,0,
51007,1,5,1.0,4,0.14319868798213067,0,
51009,2,9,1.0,4,0.18500891806350692,0,
51013,1,11,1.0,4,0.2327394458334638,0,
51015,2,27,1.0,4,0.19796488150063496,0,
51019,1,18,1.0,4,0.16413333194696877,0,
51025,3,16,1.0,4,0.18069239537534348,0,
51027,4,16,1.0,4,0.2892104521469425,0,
51031,3,14,1.0,4,0.39280496782341096,0,
51036,2,4,1.0,4,0.1524709575808834,0,
51037,4,14,1.0,4,0.11766897120585507,0,
51047,1,18,1.0,4,0.15784084274554144,0,
51051,4,12,1.0,4,0.3029937040603496,0,
51057,4,8,1.0,4,0.1889850094407896,0,
51061,1,24,1.0,4,0.14965184784987853,0,
51063,2,11,1.0,4,0.15500426540947917,0,
51069,1,12,1.0,4,0.17171461817614583,0,
51073,1,6,1.0,4,0.15830345631050763,0,
51075,1,15,1.0,4,0.15608637775352713,0,
51079,2,5,1.0,4,0.15423265671076497,0,
51081,4,4,1.0,4,0.22015459980607405,0,
51083,3,14,1.0,4,0.17505789420530102,0,
51085,1,12,1.0,4,0.14814394279688542,0,
51087,2,16,1.0,4,0.4645953081937998,0,
51093,1,8,1.0,4,0.17147021186813674,0,
51095,1,4,1.0,4,0.163483179263663,0,
51103,2,6,1.0,4,0.17214009333465943,0,
51105,4,11,1.0,4,0.28941210513833493,0,
51107,1,21,1.0,4,0.175241212319136,0,
51111,4,12,1.0,4,0.1779797051055942,0,
51113,2,21,1.0,4,0.12924009365648886,0,
51117,3,13,1.0,4,0.17676377677137214,0,
51119,1,12,1.0,4,0.17883733478788472,0,
51121,3,10,1.0,4,0.32965565320351287,0,
51127,1,6,1.0,4,0.1317709889506613,0,
51131,3,11,1.0,4,0.3017687677126689,0,
51133,2,7,1.0,4,0.1709935661536554,0,
51135,4,7,1.0,4,0.23378146870430738,0,
51139,3,6,1.0,4,0.17467142269250513,0,
51141,3,14,1.0,4,0.15876388615210513,0,
51143,4,20,1.0,4,0.2696304542800605,0,
51145,1,5,1.0,4,0.7655464210912118,1,
51147,1,12,1.0,4,0.7940217808529745,1,
51149,3,7,1.0,4,0.379308818801788,0,
51153,1,19,1.0,4,0.18448193162417423,0,
51159,3,5,1.0,4,0.18259465531813207,0,
51161,1,14,1.0,4,0.17108588441443398,0,
51171,2,14,1.0,4,0.17444467550788503,0,
51175,3,12,1.0,4,0.18388711793194257,0,
51177,1,13,1.0,4,0.1567846841732141,0,
51179,1,5,1.0,4,0.14981542408759316,0,
51185,1,18,1.0,4,0.16563832243066062,0,
51187,1,7,1.0,4,0.17193687753357806,0,
51191,2,10,1.0,4,0.1787281656424063,0,
51193,2,8,1.0,4,0.19323887745288618,0,
51199,1,9,1.0,4,0.1624792362922594,0,
51510,1,8,1.0,4,0.3383272520775484,0,
51520,4,2,1.0,4,0.7193989455506025,1,
51550,1,6,1.0,4,0.24157944588598068,0,
51570,2,1,1.0,4,0.24994249442477168,0,
51590,4,2,1.0,4,0.4981313343536298,0,
51595,4,1,1.0,4,0.2277456249391648,0,
51630,3,3,1.0,4,0.7304830664024764,1,
51650,2,9,1.0,4,0.619099461707467,1,
51660,1,3,1.0,4,0.8025125956875262,1,
51678,3,1,1.0,4,0.18705207747150415,0,
51680,3,5,1.0,4,0.5086385238785509,1,
51683,1,1,1.0,4,0.38625066651207224,0,
51690,4,1,1.0,4,0.3687437165918363,0,
51700,3,8,1.0,4,0.5240292692898221,1,
51710,1,15,1.0,4,0.5972847135167547,1,
51730,3,2,1.0,4,0.5746212395840153,1,
51740,1,8,1.0,4,0.6092636214366656,1,
51750,1,2,1.0,4,0.7659941511026293,1,
51770,3,10,1.0,4,0.7209448017577529,1,
51800,1,8,1.0,4,0.21758254471891408,0,
51840,3,1,1.0,4,0.5734015592362001,1,
53003,3,3,1.0,4,0.3599552955470278,0,
53005,2,12,1.0,4,0.7080557597275889,1,
53007,2,14,1.0,4,0.20731030972050027,0,
53015,3,11,1.0,4,0.23207114563264472,0,
53017,2,13,1.0,4,0.33221573771316637,0,
53021,3,7,1.0,4,0.8079715946658071,1,
53023,3,2,1.0,4,0.23264302969422046,0,
53025,3,18,1.0,4,0.517499611339383,1,
53029,1,8,1.0,4,0.17622787312135924,0,
53031,2,9,1.0,4,0.1742285739702636,0,
53035,1,20,1.0,4,0.19089754293563943,0,
53041,2,23,1.0,4,0.199442277276857,0,
53045,2,15,1.0,4,0.21569307031785387,0,
53047,4,22,1.0,4,0.41714609258154506,0,
53057,1,17,1.0,4,0.1683856197789411,0,
53059,1,8,1.0,4,0.18195391989410808,0,
53067,1,14,1.0,4,0.31554305542440353,0,
53071,2,8,1.0,4,0.4837024648461852,0,
53073,2,18,1.0,4,0.3128866511263822,0,
53077,4,22,1.0,4,0.7062270297270077,1,
54003,2,11,1.0,4,0.5269158929186888,1,
54005,4,31,1.0,4,0.3088140999528846,0,
54009,2,8,1.0,4,0.7124033037500863,1,
54011,3,13,1.0,4,0.5604018677775505,1,
54029,3,5,1.0,4,0.791459033131949,1,
54035,3,15,1.0,4,0.2644194539793855,0,
54037,1,9,1.0,4,0.3785361265163401,0,
54039,1,46,1.0,4,0.6331197626620539,1,
54041,4,11,1.0,4,0.3802376650022037,0,
54049,3,18,1.0,4,0.49793704722726406,0,
54053,3,19,1.0,4,0.413252693472622,0,
54059,4,18,1.0,4,0.4978722118833237,0,
54061,3,16,1.0,4,0.4749111637221271,0,
54065,3,4,1.0,4,0.17554804276437574,0,
54067,3,25,1.0,4,0.23441478898210272,0,
54069,2,6,1.0,4,0.6072935283234392,1,
54079,2,17,1.0,4,0.408935560187297,0,
54081,4,42,1.0,4,0.5284043389293221,1,
54083,4,22,1.0,4,0.1465920715151116,0,
54097,4,10,1.0,4,0.23764959101299643,0,
54099,4,17,1.0,4,0.6532247484846979,1,
54103,4,12,1.0,4,0.2773233893243677,0,
54107,3,13,1.0,4,0.5717179625647051,1,
55001,2,14,1.0,4,0.17430309574063743,0,
55005,2,19,1.0,4,0.17732018356911727,0,
55007,2,15,1.0,4,0.15027417034857316,0,
55009,1,19,1.0,4,0.1398478546643581,0,
55015,1,14,1.0,4,0.23085410101090073,0,
55017,2,14,1.0,4,0.17217651153481695,0,
55021,1,20,1.0,4,0.16805382926862478,0,
55023,2,13,1.0,4,0.15794941830428325,0,
55027,1,31,1.0,4,0.205255499566177,0,
55029,1,13,1.0,4,0.1661224303182602,0,
55031,2,12,1.0,4,0.15636687624871926,0,
55039,1,24,1.0,4,0.23130654612198093,0,
55043,3,23,1.0,4,0.20605299802160892,0,
55045,1,12,1.0,4,0.17285254579030876,0,
55055,1,19,1.0,4,0.20794812199987855,0,
55057,3,14,1.0,4,0.16983041201161614,0,
55059,1,17,1.0,4,0.4871944675627777,0,
55061,1,6,1.0,4,0.17742970786613227,0,
55063,2,15,1.0,4,0.17676780961289296,0,
55065,2,14,1.0,4,0.1897373955624954,0,
55069,1,7,1.0,4,0.14912738473033577,0,
55071,1,19,1.0,4,0.2261519326455573,0,
55073,1,28,1.0,4,0.16924217439283773,0,
55075,3,16,1.0,4,0.1587264277251621,0,
55077,2,14,1.0,4,0.16615542607548606,0,
55078,4,4,1.0,4,0.2081043861590233,0,
55081,2,12,1.0,4,0.17184072912011186,0,
55083,1,19,1.0,4,0.1470190444077702,0,
55085,1,14,1.0,4,0.1577061308039387,0,
55087,1,24,1.0,4,0.24887137463723447,0,
55089,1,13,1.0,4,0.1959104276664974,0,
55095,1,20,1.0,4,0.160033525785084,0,
55097,2,21,1.0,4,0.17841314574182365,0,
55099,2,14,1.0,4,0.1611658043479467,0,
55103,3,14,1.0,4,0.15110191636346576,0,
55105,2,19,1.0,4,0.3347187627757481,0,
55111,1,17,1.0,4,0.16408305397578757,0,
55115,2,25,1.0,4,0.17382252721540514,0,
55117,1,17,1.0,4,0.24639679197945308,0,
55119,2,14,1.0,4,0.15154281259587316,0,
55121,1,14,1.0,4,0.1603267345859558,0,
55123,3,18,1.0,4,0.1648792160060103,0,
55125,2,12,1.0,4,0.16110474310677075,0,
55127,1,16,1.0,4,0.22789160609660492,0,
55131,1,18,1.0,4,0.1732803927360097,0,
55133,1,30,1.0,4,0.18270790723733116,0,
55135,1,16,1.0,4,0.08390878598495784,0,
55137,2,17,1.0,4,0.17166483194035737,0,
55139,1,18,1.0,4,0.1354112678606746,0,
55141,2,15,1.0,4,0.1800908006759433,0,
56001,1,10,1.0,4,0.3800269221581833,0,
56003,2,15,1.0,4,0.16354990861920177,0,
56007,2,12,1.0,4,0.16953942480776907,0,
56009,1,4,1.0,4,0.16724178651213978,0,
56013,2,11,1.0,4,0.18703658145807,0,
56017,3,3,1.0,4,0.18896606278735553,0,
56021,1,12,1.0,4,0.13827393086518297,0,
56025,1,11,1.0,4,0.2169914462274682,0,
56029,1,8,1.0,4,0.16357208967259426,0,
56031,2,5,1.0,4,0.17373667631580147,0,
56033,1,9,1.0,4,0.17271684432124337,0,
56035,1,6,1.0,4,0.1505346838854382,0,
