county_fips,poverty_quartile,n_zctas_in_county,suppression_flag,label,OVERALL_RANK,prob_high_risk,pred_high_risk,true_label
01005,4,9,0.0,0.0,0.8476372705789669,0.8476372705789669,1,0.0
01007,3,11,0.0,0.0,0.6832487635216283,0.6832487635216283,0,0.0
01013,4,8,0.0,0.0,0.7730032582349816,0.7730032582349816,1,0.0
01023,4,10,0.0,0.0,0.602931794978573,0.602931794978573,0,0.0
01027,4,10,0.0,0.0,0.6151470343458307,0.6151470343458307,0,0.0
01029,3,7,0.0,0.0,0.5702590634903343,0.5702590634903343,0,0.0
01041,3,11,0.0,0.0,0.6125598319900623,0.6125598319900623,0,0.0
01049,4,24,0.0,0.0,0.7492413809846992,0.7492413809846992,0,0.0
01061,4,14,0.0,0.0,0.637355428480654,0.637355428480654,0,0.0
01073,1,62,0.0,0.0,0.5638610416384197,0.5638610416384197,0,0.0
01081,1,14,0.0,1.0,0.4127390000667836,0.4127390000667836,0,1.0
01097,1,36,0.0,0.0,0.556326666255218,0.556326666255218,0,0.0
01117,1,22,0.0,0.0,0.2345680658510629,0.2345680658510629,0,0.0
04001,4,33,0.0,1.0,0.9115473217303032,0.9115473217303032,1,1.0
04003,3,23,0.0,1.0,0.6701571539023917,0.6701571539023917,0,1.0
04005,1,28,0.0,1.0,0.6896037971715842,0.6896037971715842,0,1.0
04007,4,13,0.0,1.0,0.887978577188028,0.887978577188028,1,1.0
04011,2,3,0.0,0.0,0.6368399564578269,0.6368399564578269,0,0.0
04012,4,8,0.0,1.0,0.9464475572258284,0.9464475572258284,1,1.0
04013,1,136,0.0,1.0,0.7613305594525775,0.7613305594525775,1,1.0
04015,1,25,0.0,1.0,0.9280282066357712,0.9280282066357712,1,1.0
04017,4,33,0.0,1.0,0.9257107695407484,0.9257107695407484,1,1.0
04019,1,48,0.0,1.0,0.7967727905252453,0.7967727905252453,1,1.0
04021,2,34,0.0,1.0,0.7979397468726719,0.7979397468726719,1,1.0
04025,2,31,0.0,1.0,0.8378866409675098,0.8378866409675098,1,1.0
04027,4,10,0.0,1.0,0.9407344624497262,0.9407344624497262,1,1.0
05007,2,21,0.0,0.0,0.4012296793102802,0.4012296793102802,0,0.0
05013,4,6,0.0,0.0,0.7875978152867544,0.7875978152867544,1,0.0
05017,4,6,0.0,0.0,0.8263133937420432,0.8263133937420432,1,0.0
05065,1,20,0.0,0.0,0.5268379630947035,0.5268379630947035,0,0.0
05089,3,17,0.0,0.0,0.5691600738642546,0.5691600738642546,0,0.0
05109,4,10,0.0,0.0,0.6833887309739906,0.6833887309739906,0,0.0
05119,1,31,0.0,0.0,0.5812354741293686,0.5812354741293686,0,0.0
05131,3,16,0.0,1.0,0.5961478728950212,0.5961478728950212,0,1.0
05137,4,16,0.0,0.0,0.6337039646077365,0.6337039646077365,0,0.0
05143,3,20,0.0,0.0,0.5454160355155134,0.5454160355155134,0,0.0
06001,1,53,0.0,0.0,0.391468335765989,0.391468335765989,0,0.0
06003,1,3,0.0,0.0,0.7672445449089322,0.7672445449089322,1,0.0
06013,1,49,0.0,0.0,0.4410188284845483,0.4410188284845483,0,0.0
06019,4,56,0.0,0.0,0.8749912259182385,0.8749912259182385,1,0.0
06025,4,17,0.0,1.0,0.9417624279709352,0.9417624279709352,1,1.0
06029,1,52,0.0,1.0,0.880570273829,0.880570273829,1,1.0
06037,1,292,0.0,0.0,0.7576783674961,0.7576783674961,1,0.0
06039,4,18,0.0,0.0,0.8907310962361513,0.8907310962361513,1,0.0
06047,4,24,0.0,1.0,0.9164239466936008,0.9164239466936008,1,1.0
06049,3,13,0.0,0.0,0.9398079553822744,0.9398079553822744,1,0.0
06051,1,9,0.0,0.0,0.7110089556106292,0.7110089556106292,0,0.0
06053,3,31,0.0,0.0,0.6278495550342298,0.6278495550342298,0,0.0
06059,1,91,0.0,0.0,0.6244249659774133,0.6244249659774133,0,0.0
06061,1,34,0.0,0.0,0.6002144832030334,0.6002144832030334,0,0.0
06065,2,75,0.0,1.0,0.7332423848539346,0.7332423848539346,0,1.0
06067,2,57,0.0,0.0,0.7422074316397774,0.7422074316397774,0,0.0
06071,3,93,0.0,0.0,0.7867595000916349,0.7867595000916349,1,0.0
06073,1,108,0.0,0.0,0.6230839466803482,0.6230839466803482,0,0.0
06075,1,29,0.0,0.0,0.3219212914135784,0.3219212914135784,0,0.0
06077,1,36,0.0,0.0,0.7921405257088778,0.7921405257088778,1,0.0
06081,1,30,0.0,0.0,0.3204070686127461,0.3204070686127461,0,0.0
06085,1,63,0.0,0.0,0.4049495390137362,0.4049495390137362,0,0.0
06089,3,30,0.0,1.0,0.8836014914838589,0.8836014914838589,1,1.0
06091,2,10,0.0,0.0,0.7133193020447992,0.7133193020447992,0,0.0
06095,1,21,0.0,0.0,0.5555352122519592,0.5555352122519592,0,0.0
06099,3,28,0.0,0.0,0.8500380450408032,0.8500380450408032,1,0.0
06105,4,14,0.0,0.0,0.8647306159234904,0.8647306159234904,1,0.0
06107,4,41,0.0,0.0,0.9165474160584006,0.9165474160584006,1,0.0
06111,1,33,0.0,0.0,0.4761460483461216,0.4761460483461216,0,0.0
08003,4,5,0.0,0.0,0.9338321745606438,0.9338321745606438,1,0.0
08011,4,6,0.0,0.0,0.8489519044371016,0.8489519044371016,1,0.0
08015,2,5,0.0,0.0,0.5888371517925856,0.5888371517925856,0,0.0
08017,2,4,0.0,0.0,0.5638996137932596,0.5638996137932596,0,0.0
08019,1,6,0.0,0.0,0.3519664778973231,0.3519664778973231,0,0.0
08021,4,8,0.0,0.0,0.8317358012238999,0.8317358012238999,1,0.0
08023,4,7,0.0,0.0,0.8460260176581275,0.8460260176581275,1,0.0
08025,4,6,0.0,0.0,0.6964318592778432,0.6964318592778432,0,0.0
08027,2,4,0.0,0.0,0.4724212165243754,0.4724212165243754,0,0.0
08029,4,8,0.0,0.0,0.8318308367395236,0.8318308367395236,1,0.0
08031,2,36,0.0,0.0,0.711508183701579,0.711508183701579,0,0.0
08033,1,5,0.0,0.0,0.4428298475380413,0.4428298475380413,0,0.0
08039,1,14,0.0,0.0,0.4035791333529558,0.4035791333529558,0,0.0
08041,1,45,0.0,0.0,0.608217628466152,0.608217628466152,0,0.0
08047,1,4,0.0,0.0,0.2991916389236481,0.2991916389236481,0,0.0
08049,1,10,0.0,0.0,0.477625340408611,0.477625340408611,0,0.0
08051,2,11,0.0,0.0,0.4188958757198156,0.4188958757198156,0,0.0
08053,1,3,0.0,0.0,0.4564649524347183,0.4564649524347183,0,0.0
08057,1,2,0.0,0.0,0.6570161361954109,0.6570161361954109,0,0.0
08061,3,5,0.0,0.0,0.7213662718493498,0.7213662718493498,0,0.0
08063,2,6,0.0,0.0,0.7094779244097791,0.7094779244097791,0,0.0
08065,3,2,0.0,0.0,0.6395839945280437,0.6395839945280437,0,0.0
08071,4,11,0.0,0.0,0.7685681283071755,0.7685681283071755,1,0.0
08073,2,9,0.0,0.0,0.7023070293786988,0.7023070293786988,0,0.0
08075,3,9,0.0,0.0,0.7997556591427695,0.7997556591427695,1,0.0
08079,1,3,0.0,0.0,0.4134450254465217,0.4134450254465217,0,0.0
08083,3,7,0.0,0.0,0.8431130735176885,0.8431130735176885,1,0.0
08085,3,12,0.0,0.0,0.8080178927841717,0.8080178927841717,1,0.0
08089,4,7,0.0,0.0,0.9204234112528974,0.9204234112528974,1,0.0
08091,1,3,0.0,0.0,0.4355185348571081,0.4355185348571081,0,0.0
08093,1,12,0.0,0.0,0.2447046957046555,0.2447046957046555,0,0.0
08095,2,3,0.0,0.0,0.655077261035729,0.655077261035729,0,0.0
08097,1,7,0.0,0.0,0.4887999851406281,0.4887999851406281,0,0.0
08103,2,4,0.0,0.0,0.8339564626078448,0.8339564626078448,1,0.0
08105,4,4,0.0,0.0,0.7857447907163423,0.7857447907163423,1,0.0
08111,1,2,0.0,0.0,0.5160670084054616,0.5160670084054616,0,0.0
08115,4,5,0.0,0.0,0.9332196344507836,0.9332196344507836,1,0.0
08117,1,4,0.0,0.0,0.1983601226523085,0.1983601226523085,0,0.0
08119,1,7,0.0,0.0,0.318448416878564,0.318448416878564,0,0.0
08125,3,13,0.0,0.0,0.7025106907770063,0.7025106907770063,0,0.0
09013,1,17,0.0,0.0,0.2788997216622072,0.2788997216622072,0,0.0
10003,1,28,0.0,0.0,0.2895074396691753,0.2895074396691753,0,0.0
11001,1,29,0.0,1.0,0.5554492196048304,0.5554492196048304,0,1.0
12007,1,9,0.0,0.0,0.784344954532017,0.784344954532017,1,0.0
12009,2,28,0.0,0.0,0.452883878354901,0.452883878354901,0,0.0
12011,2,53,0.0,0.0,0.6403731164612777,0.6403731164612777,0,0.0
12013,3,8,0.0,0.0,0.6427754702773385,0.6427754702773385,0,0.0
12021,1,23,0.0,0.0,0.5969088893306456,0.5969088893306456,0,0.0
12027,4,4,0.0,0.0,0.8998398618296707,0.8998398618296707,1,0.0
12029,4,6,0.0,0.0,0.789201803496394,0.789201803496394,1,0.0
12031,1,36,0.0,0.0,0.3763991850698371,0.3763991850698371,0,0.0
12037,4,8,0.0,0.0,0.8002265984254758,0.8002265984254758,1,0.0
12045,2,2,0.0,0.0,0.6296210567333648,0.6296210567333648,0,0.0
12047,4,3,0.0,0.0,0.8909893976888605,0.8909893976888605,1,0.0
12057,2,56,0.0,0.0,0.4761250817498878,0.4761250817498878,0,0.0
12067,4,2,0.0,0.0,0.5179549655458374,0.5179549655458374,0,0.0
12069,2,28,0.0,0.0,0.6202807779775814,0.6202807779775814,0,0.0
12071,1,38,0.0,0.0,0.6757942185798814,0.6757942185798814,0,0.0
12077,4,2,0.0,0.0,0.5489386728135663,0.5489386728135663,0,0.0
12081,2,21,0.0,0.0,0.7539737958019372,0.7539737958019372,1,0.0
12086,3,79,0.0,0.0,0.7426888944733664,0.7426888944733664,0,0.0
12093,4,2,0.0,0.0,0.7800667704745038,0.7800667704745038,1,0.0
12095,3,46,0.0,0.0,0.4042386184025413,0.4042386184025413,0,0.0
12099,2,53,0.0,0.0,0.5600406543381264,0.5600406543381264,0,0.0
12103,2,48,0.0,0.0,0.8051536274387862,0.8051536274387862,1,0.0
12105,3,41,0.0,0.0,0.7124844848696257,0.7124844848696257,0,0.0
12115,1,28,0.0,0.0,0.6655927736628375,0.6655927736628375,0,0.0
12123,1,6,0.0,0.0,0.5966649999134795,0.5966649999134795,0,0.0
12125,1,5,0.0,0.0,0.6198205461125631,0.6198205461125631,0,0.0
12127,3,29,0.0,0.0,0.5417992255431717,0.5417992255431717,0,0.0
13007,3,6,0.0,0.0,0.5579577310665217,0.5579577310665217,0,0.0
13011,3,11,0.0,0.0,0.5580167987610547,0.5580167987610547,0,0.0
13027,4,10,0.0,0.0,0.7370181065475753,0.7370181065475753,0,0.0
13029,1,3,0.0,0.0,0.3969275375561449,0.3969275375561449,0,0.0
13037,4,6,0.0,0.0,0.8778420624570519,0.8778420624570519,1,0.0
13047,1,8,0.0,0.0,0.2554124700888045,0.2554124700888045,0,0.0
13049,4,4,0.0,0.0,0.8133139633116625,0.8133139633116625,1,0.0
13051,3,14,0.0,1.0,0.6151744303779197,0.6151744303779197,0,1.0
13053,3,2,0.0,0.0,0.1809987088230727,0.1809987088230727,0,0.0
13061,4,6,0.0,0.0,0.8785887811826842,0.8785887811826842,1,0.0
13065,4,7,0.0,0.0,0.8561488571981067,0.8561488571981067,1,0.0
13067,1,23,0.0,0.0,0.2254134788819201,0.2254134788819201,0,0.0
13079,3,7,0.0,0.0,0.6183927765855433,0.6183927765855433,0,0.0
13081,4,5,0.0,0.0,0.9502249268207822,0.9502249268207822,1,0.0
13089,1,36,0.0,0.0,0.4654463482929522,0.4654463482929522,0,0.0
13091,4,8,0.0,0.0,0.7888610016088934,0.7888610016088934,1,0.0
13099,4,7,0.0,0.0,0.9397948266941908,0.9397948266941908,1,0.0
13105,4,4,0.0,0.0,0.8854404478655918,0.8854404478655918,1,0.0
13117,1,10,0.0,0.0,0.051764921409001,0.051764921409001,0,0.0
13121,1,46,0.0,0.0,0.4174624789470442,0.4174624789470442,0,0.0
13123,3,5,0.0,0.0,0.5514957305696797,0.5514957305696797,0,0.0
13125,4,5,0.0,0.0,0.749122551798738,0.749122551798738,0,0.0
13131,4,6,0.0,0.0,0.8588654940864753,0.8588654940864753,1,0.0
13133,3,7,0.0,0.0,0.7020581282470477,0.7020581282470477,0,0.0
13135,2,26,0.0,0.0,0.1934576536437553,0.1934576536437553,0,0.0
13141,4,5,0.0,0.0,0.930268426227864,0.930268426227864,1,0.0
13143,3,7,0.0,0.0,0.5764787849098365,0.5764787849098365,0,0.0
13145,1,12,0.0,0.0,0.163368578086702,0.163368578086702,0,0.0
13147,4,8,0.0,0.0,0.7012102686781737,0.7012102686781737,0,0.0
13159,3,6,0.0,0.0,0.6313265740123152,0.6313265740123152,0,0.0
13161,4,4,0.0,0.0,0.9520298975097532,0.9520298975097532,1,0.0
13171,3,9,0.0,0.0,0.5838302711106744,0.5838302711106744,0,0.0
13173,4,5,0.0,0.0,0.8073964346763768,0.8073964346763768,1,0.0
13177,2,7,0.0,0.0,0.3630025839982337,0.3630025839982337,0,0.0
13181,4,2,0.0,0.0,0.8352227420959841,0.8352227420959841,1,0.0
13183,4,5,0.0,0.0,0.6896997124912154,0.6896997124912154,0,0.0
13185,1,11,0.0,1.0,0.6197191514952329,0.6197191514952329,0,1.0
13187,3,4,0.0,0.0,0.3340830306945695,0.3340830306945695,0,0.0
13199,4,10,0.0,0.0,0.7165017131350255,0.7165017131350255,0,0.0
13201,4,5,0.0,0.0,0.9181295605916192,0.9181295605916192,1,0.0
13205,4,7,0.0,0.0,0.912215842876972,0.912215842876972,1,0.0
13207,2,9,0.0,0.0,0.5008262497799162,0.5008262497799162,0,0.0
13209,4,7,0.0,0.0,0.8668419448075356,0.8668419448075356,1,0.0
13211,1,9,0.0,0.0,0.2698981111001399,0.2698981111001399,0,0.0
13213,3,6,0.0,0.0,0.5654422856204542,0.5654422856204542,0,0.0
13221,3,10,0.0,0.0,0.5106446897755923,0.5106446897755923,0,0.0
13229,4,7,0.0,0.0,0.8587678436077015,0.8587678436077015,1,0.0
13231,2,8,0.0,0.0,0.2583482966534257,0.2583482966534257,0,0.0
13239,4,2,0.0,0.0,0.8874998623367446,0.8874998623367446,1,0.0
13241,4,9,0.0,0.0,0.5622661735200942,0.5622661735200942,0,0.0
13243,4,8,0.0,0.0,0.8660872397280607,0.8660872397280607,1,0.0
13245,1,11,0.0,1.0,0.7113916198641594,0.7113916198641594,0,1.0
13249,3,7,0.0,0.0,0.519231200894972,0.519231200894972,0,0.0
13251,4,6,0.0,0.0,0.9050255345842936,0.9050255345842936,1,0.0
13255,4,7,0.0,0.0,0.6859412666761588,0.6859412666761588,0,0.0
13259,4,6,0.0,0.0,0.7356235357961329,0.7356235357961329,0,0.0
13263,4,8,0.0,0.0,0.5835316113874701,0.5835316113874701,0,0.0
13265,4,4,0.0,0.0,0.8075741187108019,0.8075741187108019,1,0.0
13269,1,6,0.0,0.0,0.7657337160610318,0.7657337160610318,1,0.0
13271,4,7,0.0,0.0,0.8844320459978209,0.8844320459978209,1,0.0
13283,4,6,0.0,0.0,0.9389640231471912,0.9389640231471912,1,0.0
13289,4,6,0.0,0.0,0.905255963934893,0.905255963934893,1,0.0
13307,4,6,0.0,0.0,0.6707036984798492,0.6707036984798492,0,0.0
13311,2,7,0.0,0.0,0.2047505959425417,0.2047505959425417,0,0.0
13319,4,9,0.0,0.0,0.8493912722836352,0.8493912722836352,1,0.0
13321,4,12,0.0,0.0,0.8243476431116145,0.8243476431116145,1,0.0
16003,2,6,0.0,0.0,0.6411675398995655,0.6411675398995655,0,0.0
16005,3,10,0.0,0.0,0.8645891886407677,0.8645891886407677,1,0.0
16007,3,10,0.0,0.0,0.7506651153029055,0.7506651153029055,1,0.0
16009,3,9,0.0,0.0,0.817795265710914,0.817795265710914,1,0.0
16015,1,8,0.0,0.0,0.315374076026095,0.315374076026095,0,0.0
16021,3,4,0.0,0.0,0.5372333248468899,0.5372333248468899,0,0.0
16023,3,3,0.0,0.0,0.8069572955126068,0.8069572955126068,1,0.0
16027,3,13,0.0,0.0,0.7764778847151077,0.7764778847151077,1,0.0
16029,2,7,0.0,0.0,0.6395808931160016,0.6395808931160016,0,0.0
16033,4,3,0.0,0.0,0.7838754684090702,0.7838754684090702,1,0.0
16037,4,7,0.0,0.0,0.7777922696478071,0.7777922696478071,1,0.0
16043,3,9,0.0,0.0,0.6798764023524089,0.6798764023524089,0,0.0
16049,3,16,0.0,0.0,0.7699157947063218,0.7699157947063218,1,0.0
16051,1,10,0.0,0.0,0.5177150919376247,0.5177150919376247,0,0.0
16053,4,5,0.0,0.0,0.8896056638676882,0.8896056638676882,1,0.0
16057,1,14,0.0,0.0,0.5525900082050016,0.5525900082050016,0,0.0
16061,2,7,0.0,0.0,0.8544728703522508,0.8544728703522508,1,0.0
16063,3,6,0.0,0.0,0.8058999711818979,0.8058999711818979,1,0.0
16065,1,8,0.0,0.0,0.6979822663191217,0.6979822663191217,0,0.0
16067,3,5,0.0,0.0,0.8478188214062367,0.8478188214062367,1,0.0
16071,2,4,0.0,0.0,0.6127223630599937,0.6127223630599937,0,0.0
16077,4,4,0.0,0.0,0.9307340365567336,0.9307340365567336,1,0.0
16085,1,4,0.0,0.0,0.4366043686962572,0.4366043686962572,0,0.0
17005,3,12,0.0,0.0,0.3640893728972986,0.3640893728972986,0,0.0
17009,2,5,0.0,0.0,0.3784241227673531,0.3784241227673531,0,0.0
17015,1,11,0.0,0.0,0.4216458399956734,0.4216458399956734,0,0.0
17023,2,11,0.0,0.0,0.3230226506517274,0.3230226506517274,0,0.0
17029,4,16,0.0,0.0,0.4466740617086804,0.4466740617086804,0,0.0
17031,2,176,0.0,0.0,0.540037915863893,0.540037915863893,0,0.0
17035,3,12,0.0,0.0,0.3651856876566711,0.3651856876566711,0,0.0
17037,2,22,0.0,0.0,0.5607288564484769,0.5607288564484769,0,0.0
17047,2,6,0.0,0.0,0.3917863558759973,0.3917863558759973,0,0.0
17051,3,20,0.0,0.0,0.5863551616543901,0.5863551616543901,0,0.0
17061,2,13,0.0,0.0,0.2464258945804993,0.2464258945804993,0,0.0
17065,2,13,0.0,0.0,0.491672817104995,0.491672817104995,0,0.0
17067,2,19,0.0,0.0,0.3761065784911062,0.3761065784911062,0,0.0
17069,3,5,0.0,0.0,0.6544697402054215,0.6544697402054215,0,0.0
17071,2,17,0.0,0.0,0.4672404434013353,0.4672404434013353,0,0.0
17077,4,22,0.0,0.0,0.5555174747784415,0.5555174747784415,0,0.0
17079,2,15,0.0,0.0,0.4533614007798188,0.4533614007798188,0,0.0
17083,1,11,0.0,0.0,0.1347886775493966,0.1347886775493966,0,0.0
17085,1,15,0.0,0.0,0.3510239082635196,0.3510239082635196,0,0.0
17089,1,33,0.0,0.0,0.4156560177788861,0.4156560177788861,0,0.0
17101,3,7,0.0,0.0,0.6684478429203546,0.6684478429203546,0,0.0
17119,2,35,0.0,1.0,0.4097086821826755,0.4097086821826755,0,1.0
17129,1,8,0.0,0.0,0.1623653240377124,0.1623653240377124,0,0.0
17131,1,18,0.0,0.0,0.4322946411791408,0.4322946411791408,0,0.0
17135,3,28,0.0,0.0,0.4065877884371583,0.4065877884371583,0,0.0
17139,2,11,0.0,0.0,0.3792707337824221,0.3792707337824221,0,0.0
17143,1,27,0.0,0.0,0.5061773343955782,0.5061773343955782,0,0.0
17145,3,12,0.0,0.0,0.6253346685975179,0.6253346685975179,0,0.0
17147,1,16,0.0,0.0,0.202813364761598,0.202813364761598,0,0.0
17151,3,10,0.0,0.0,0.5829159033510294,0.5829159033510294,0,0.0
17153,4,10,0.0,0.0,0.7923950652574979,0.7923950652574979,1,0.0
17155,1,8,0.0,0.0,0.2255268307296244,0.2255268307296244,0,0.0
17163,2,34,0.0,1.0,0.5423036785182803,0.5423036785182803,0,1.0
17169,3,12,0.0,0.0,0.4477269315655225,0.4477269315655225,0,0.0
17175,3,10,0.0,0.0,0.5108933341081068,0.5108933341081068,0,0.0
17177,3,19,0.0,0.0,0.6818138556508991,0.6818138556508991,0,0.0
17185,2,7,0.0,0.0,0.3136137515965079,0.3136137515965079,0,0.0
17191,3,20,0.0,0.0,0.6079020957137261,0.6079020957137261,0,0.0
17195,2,15,0.0,0.0,0.4116370483899851,0.4116370483899851,0,0.0
17197,1,45,0.0,0.0,0.4238926479988059,0.4238926479988059,0,0.0
18007,3,10,0.0,0.0,0.6408186258028328,0.6408186258028328,0,0.0
18015,2,17,0.0,0.0,0.736259569553416,0.736259569553416,0,0.0
18025,3,9,0.0,0.0,0.5455137821949891,0.5455137821949891,0,0.0
18027,3,7,0.0,0.0,0.7102495819048282,0.7102495819048282,0,0.0
18031,2,10,0.0,0.0,0.675698969641373,0.675698969641373,0,0.0
18033,1,14,0.0,0.0,0.2376340356118918,0.2376340356118918,0,0.0
18041,4,8,0.0,0.0,0.8383291009624434,0.8383291009624434,1,0.0
18045,2,10,0.0,0.0,0.5832421750211579,0.5832421750211579,0,0.0
18049,2,16,0.0,0.0,0.6849378442132111,0.6849378442132111,0,0.0
18057,1,23,0.0,0.0,0.2982623776936326,0.2982623776936326,0,0.0
18065,3,22,0.0,0.0,0.7758765727551494,0.7758765727551494,1,0.0
18075,3,9,0.0,0.0,0.8863598474418677,0.8863598474418677,1,0.0
18077,2,11,0.0,0.0,0.6603868125262846,0.6603868125262846,0,0.0
18089,2,28,0.0,0.0,0.6031968984981829,0.6031968984981829,0,0.0
18097,3,40,0.0,0.0,0.7868618784574178,0.7868618784574178,1,0.0
18099,3,13,0.0,0.0,0.7144538727162509,0.7144538727162509,0,0.0
18103,3,13,0.0,0.0,0.7337170988549448,0.7337170988549448,0,0.0
18111,2,12,0.0,0.0,0.508007964911691,0.508007964911691,0,0.0
18113,1,17,0.0,0.0,0.4380690470190787,0.4380690470190787,0,0.0
18115,2,5,0.0,0.0,0.4049902495259019,0.4049902495259019,0,0.0
18119,3,14,0.0,0.0,0.7208904021150346,0.7208904021150346,0,0.0
18121,3,12,0.0,0.0,0.7411341912682831,0.7411341912682831,0,0.0
18125,2,11,0.0,0.0,0.5449031641307789,0.5449031641307789,0,0.0
18131,3,13,0.0,0.0,0.741396552510025,0.741396552510025,0,0.0
18135,3,14,0.0,0.0,0.7945040236788713,0.7945040236788713,1,0.0
18137,2,12,0.0,0.0,0.5076751155498086,0.5076751155498086,0,0.0
18151,1,9,0.0,0.0,0.4164444902506038,0.4164444902506038,0,0.0
18155,3,9,0.0,0.0,0.6986736480246794,0.6986736480246794,0,0.0
18159,2,10,0.0,0.0,0.6279553891317383,0.6279553891317383,0,0.0
18161,2,6,0.0,0.0,0.6350117022688473,0.6350117022688473,0,0.0
18165,2,8,0.0,0.0,0.6489662308577665,0.6489662308577665,0,0.0
18171,2,11,0.0,0.0,0.5311345303160763,0.5311345303160763,0,0.0
18179,2,16,0.0,0.0,0.4110607451468596,0.4110607451468596,0,0.0
18181,2,18,0.0,0.0,0.6591199942161263,0.6591199942161263,0,0.0
18183,1,10,0.0,0.0,0.124291182999023,0.124291182999023,0,0.0
19001,2,14,0.0,0.0,0.5889884052786888,0.5889884052786888,0,0.0
19005,2,10,0.0,0.0,0.2927552209404216,0.2927552209404216,0,0.0
19017,1,12,0.0,0.0,0.1938067635227341,0.1938067635227341,0,0.0
19019,1,16,0.0,0.0,0.3001986435256337,0.3001986435256337,0,0.0
19025,2,14,0.0,0.0,0.6809113712317237,0.6809113712317237,0,0.0
19029,2,13,0.0,0.0,0.7655352362552926,0.7655352362552926,1,0.0
19033,2,17,0.0,0.0,0.5308768511075175,0.5308768511075175,0,0.0
19035,2,15,0.0,0.0,0.7278578509481493,0.7278578509481493,0,0.0
19043,2,24,0.0,0.0,0.447962874567069,0.447962874567069,0,0.0
19047,3,19,0.0,0.0,0.576227398103142,0.576227398103142,0,0.0
19051,2,10,0.0,0.0,0.5008398178755555,0.5008398178755555,0,0.0
19053,3,11,0.0,0.0,0.6889977644467353,0.6889977644467353,0,0.0
19055,1,16,0.0,0.0,0.2313616697108385,0.2313616697108385,0,0.0
19059,1,10,0.0,0.0,0.4603276043245144,0.4603276043245144,0,0.0
19063,2,7,0.0,0.0,0.5853516951026437,0.5853516951026437,0,0.0
19065,2,24,0.0,0.0,0.5356358265399375,0.5356358265399375,0,0.0
19069,2,17,0.0,0.0,0.4913940784212399,0.4913940784212399,0,0.0
19073,2,13,0.0,0.0,0.5878827819983594,0.5878827819983594,0,0.0
19075,1,16,0.0,0.0,0.3955096411653607,0.3955096411653607,0,0.0
19081,2,13,0.0,0.0,0.4366978681271661,0.4366978681271661,0,0.0
19083,2,12,0.0,0.0,0.521278713418364,0.521278713418364,0,0.0
19085,2,15,0.0,0.0,0.3644553534563348,0.3644553534563348,0,0.0
19089,2,9,0.0,0.0,0.3364011164688274,0.3364011164688274,0,0.0
19091,2,17,0.0,0.0,0.6356091404866521,0.6356091404866521,0,0.0
19093,1,12,0.0,0.0,0.334410128590168,0.334410128590168,0,0.0
19101,1,16,0.0,0.0,0.538534277133151,0.538534277133151,0,0.0
19107,2,19,0.0,0.0,0.4741740074260567,0.4741740074260567,0,0.0
19115,2,13,0.0,0.0,0.6996523781748774,0.6996523781748774,0,0.0
19117,2,9,0.0,0.0,0.6554508409260894,0.6554508409260894,0,0.0
19119,1,12,0.0,0.0,0.2268039750357549,0.2268039750357549,0,0.0
19125,1,19,0.0,0.0,0.3905149515181371,0.3905149515181371,0,0.0
19131,1,12,0.0,0.0,0.4153992895353914,0.4153992895353914,0,0.0
19135,2,7,0.0,0.0,0.5125075582461056,0.5125075582461056,0,0.0
19137,3,10,0.0,0.0,0.6911259379759178,0.6911259379759178,0,0.0
19139,2,13,0.0,0.0,0.6312095284450355,0.6312095284450355,0,0.0
19141,2,14,0.0,0.0,0.5794149834615584,0.5794149834615584,0,0.0
19143,2,8,0.0,0.0,0.6355907675451155,0.6355907675451155,0,0.0
19147,1,14,0.0,0.0,0.5162396709861155,0.5162396709861155,0,0.0
19153,2,41,0.0,0.0,0.6184636219975429,0.6184636219975429,0,0.0
19159,2,12,0.0,0.0,0.4913396198138514,0.4913396198138514,0,0.0
19165,1,19,0.0,0.0,0.4223324354083707,0.4223324354083707,0,0.0
19167,1,19,0.0,0.0,0.4393715193499033,0.4393715193499033,0,0.0
19171,2,19,0.0,0.0,0.6254847125912232,0.6254847125912232,0,0.0
19173,2,11,0.0,0.0,0.6072758277808185,0.6072758277808185,0,0.0
19175,2,10,0.0,0.0,0.542747511378619,0.542747511378619,0,0.0
19177,2,13,0.0,0.0,0.5647973630097701,0.5647973630097701,0,0.0
19183,2,13,0.0,0.0,0.6497282332520316,0.6497282332520316,0,0.0
19185,3,12,0.0,0.0,0.7195947114537659,0.7195947114537659,0,0.0
19189,1,11,0.0,0.0,0.4874693559570393,0.4874693559570393,0,0.0
19191,1,12,0.0,0.0,0.0869822219414864,0.0869822219414864,0,0.0
19195,1,10,0.0,0.0,0.4118127165835414,0.4118127165835414,0,0.0
20003,3,10,0.0,0.0,0.7417999907275348,0.7417999907275348,0,0.0
20007,3,11,0.0,0.0,0.6903277458849656,0.6903277458849656,0,0.0
20013,2,13,0.0,0.0,0.4618143533079475,0.4618143533079475,0,0.0
20017,3,11,0.0,0.0,0.7107133410103685,0.7107133410103685,0,0.0
20023,3,5,0.0,0.0,0.8600292416582271,0.8600292416582271,1,0.0
20025,2,6,0.0,0.0,0.4808173766805322,0.4808173766805322,0,0.0
20031,2,10,0.0,0.0,0.6286941547447726,0.6286941547447726,0,0.0
20033,1,3,0.0,0.0,0.2857094760280998,0.2857094760280998,0,0.0
20043,2,10,0.0,0.0,0.5634548651306732,0.5634548651306732,0,0.0
20049,3,10,0.0,0.0,0.7292669916017931,0.7292669916017931,0,0.0
20053,2,9,0.0,0.0,0.3109521164077109,0.3109521164077109,0,0.0
20063,2,10,0.0,0.0,0.6309784229605292,0.6309784229605292,0,0.0
20065,2,13,0.0,0.0,0.4468817333526529,0.4468817333526529,0,0.0
20069,1,7,0.0,0.0,0.3790398226197125,0.3790398226197125,0,0.0
20071,1,2,0.0,0.0,0.7555420621195434,0.7555420621195434,1,0.0
20075,2,4,0.0,0.0,0.7489959299529906,0.7489959299529906,0,0.0
20077,3,10,0.0,0.0,0.6684270203999675,0.6684270203999675,0,0.0
20081,3,3,0.0,0.0,0.776792993418282,0.776792993418282,1,0.0
20089,3,14,0.0,0.0,0.5162980892512342,0.5162980892512342,0,0.0
20091,1,34,0.0,0.0,0.2624142745998961,0.2624142745998961,0,0.0
20093,3,4,0.0,0.0,0.7363165504929249,0.7363165504929249,0,0.0
20101,3,5,0.0,0.0,0.7163123126833154,0.7163123126833154,0,0.0
20105,2,10,0.0,0.0,0.2623107154281104,0.2623107154281104,0,0.0
20107,3,11,0.0,0.0,0.6962931717731041,0.6962931717731041,0,0.0
20109,2,7,0.0,0.0,0.6290912562793536,0.6290912562793536,0,0.0
20115,1,19,0.0,0.0,0.4019179905552514,0.4019179905552514,0,0.0
20117,2,13,0.0,0.0,0.5753505011563671,0.5753505011563671,0,0.0
20119,1,5,0.0,0.0,0.7153498693392949,0.7153498693392949,0,0.0
20123,2,7,0.0,0.0,0.3149267115664739,0.3149267115664739,0,0.0
20131,1,15,0.0,0.0,0.3083962654190492,0.3083962654190492,0,0.0
20137,1,7,0.0,0.0,0.2608409470298731,0.2608409470298731,0,0.0
20141,2,12,0.0,0.0,0.4397834686316709,0.4397834686316709,0,0.0
20143,2,11,0.0,0.0,0.2848339494242652,0.2848339494242652,0,0.0
20145,2,9,0.0,0.0,0.303478764095991,0.303478764095991,0,0.0
20151,2,11,0.0,0.0,0.3232679136586909,0.3232679136586909,0,0.0
20153,3,10,0.0,0.0,0.6801983827814794,0.6801983827814794,0,0.0
20157,2,15,0.0,0.0,0.3565864963787484,0.3565864963787484,0,0.0
20165,2,10,0.0,0.0,0.3041401481833374,0.3041401481833374,0,0.0
20171,1,4,0.0,0.0,0.4698911094322414,0.4698911094322414,0,0.0
20173,2,50,0.0,1.0,0.4940414292666245,0.4940414292666245,0,1.0
20177,1,29,0.0,0.0,0.6303989301422172,0.6303989301422172,0,0.0
20181,2,4,0.0,0.0,0.5571059757766679,0.5571059757766679,0,0.0
20183,2,10,0.0,0.0,0.3870964985154443,0.3870964985154443,0,0.0
20185,3,9,0.0,0.0,0.4915401909753353,0.4915401909753353,0,0.0
20187,3,3,0.0,0.0,0.8359654811915782,0.8359654811915782,1,0.0
20189,4,4,0.0,0.0,0.8678130341508464,0.8678130341508464,1,0.0
20191,2,18,0.0,0.0,0.3777853422201085,0.3777853422201085,0,0.0
20193,3,8,0.0,0.0,0.4970417079716192,0.4970417079716192,0,0.0
20195,1,8,0.0,0.0,0.2711734606057628,0.2711734606057628,0,0.0
20197,1,16,0.0,0.0,0.4133576946785105,0.4133576946785105,0,0.0
20199,2,4,0.0,0.0,0.6215175862872752,0.6215175862872752,0,0.0
20203,1,3,0.0,0.0,0.7085902073940288,0.7085902073940288,0,0.0
20207,3,10,0.0,0.0,0.8059893107511517,0.8059893107511517,1,0.0
20209,4,11,0.0,0.0,0.8268288750260631,0.8268288750260631,1,0.0
21005,2,5,0.0,0.0,0.4510102897571038,0.4510102897571038,0,0.0
21007,1,6,0.0,0.0,0.7716000380187792,0.7716000380187792,1,0.0
21017,3,9,0.0,0.0,0.8779538870927933,0.8779538870927933,1,0.0
21025,4,10,0.0,0.0,0.7355368651796395,0.7355368651796395,0,0.0
21031,4,10,0.0,0.0,0.8369668156909501,0.8369668156909501,1,0.0
21035,4,10,0.0,0.0,0.5665376447355351,0.5665376447355351,0,0.0
21039,4,4,0.0,0.0,0.7655669080426303,0.7655669080426303,1,0.0
21043,4,10,0.0,0.0,0.8692779526551412,0.8692779526551412,1,0.0
21045,4,15,0.0,0.0,0.7507132700261713,0.7507132700261713,1,0.0
21053,4,4,0.0,0.0,0.7876639773899395,0.7876639773899395,1,0.0
21055,4,5,0.0,0.0,0.733567416274155,0.733567416274155,0,0.0
21065,4,5,0.0,0.0,0.887283495191162,0.887283495191162,1,0.0
21087,4,8,0.0,0.0,0.8335120161173187,0.8335120161173187,1,0.0
21089,3,11,0.0,0.0,0.7268637544161312,0.7268637544161312,0,0.0
21091,2,5,0.0,0.0,0.5182496132599529,0.5182496132599529,0,0.0
21095,4,27,0.0,0.0,0.8334867168129251,0.8334867168129251,1,0.0
21109,4,5,0.0,0.0,0.6704297721572108,0.6704297721572108,0,0.0
21111,2,41,0.0,0.0,0.6573404096999175,0.6573404096999175,0,0.0
21123,3,9,0.0,0.0,0.7022299376996416,0.7022299376996416,0,0.0
21129,4,6,0.0,0.0,0.8371073613276105,0.8371073613276105,1,0.0
21131,1,22,0.0,0.0,0.529106689958495,0.529106689958495,0,0.0
21135,4,9,0.0,0.0,0.7403838294150101,0.7403838294150101,0,0.0
21139,3,7,0.0,0.0,0.672568423287578,0.672568423287578,0,0.0
21143,3,4,0.0,0.0,0.7443965835451855,0.7443965835451855,0,0.0
21147,4,8,0.0,0.0,0.7379602756744488,0.7379602756744488,0,0.0
21155,1,11,0.0,0.0,0.7579077311051704,0.7579077311051704,1,0.0
21157,2,8,0.0,0.0,0.4966194378791013,0.4966194378791013,0,0.0
21165,4,5,0.0,0.0,0.5623551334598922,0.5623551334598922,0,0.0
21169,4,10,0.0,0.0,0.7350592143519797,0.7350592143519797,0,0.0
21177,3,17,0.0,0.0,0.7272229840023305,0.7272229840023305,0,0.0
21181,4,6,0.0,0.0,0.8708023608815566,0.8708023608815566,1,0.0
21187,3,9,0.0,0.0,0.6492088445939576,0.6492088445939576,0,0.0
21189,4,6,0.0,0.0,0.6989427898263862,0.6989427898263862,0,0.0
21193,1,21,0.0,0.0,0.8675305508924613,0.8675305508924613,1,0.0
21213,2,5,0.0,0.0,0.6992525863625093,0.6992525863625093,0,0.0
21215,1,8,0.0,0.0,0.2879222605906945,0.2879222605906945,0,0.0
21219,3,9,0.0,0.0,0.7718374404197249,0.7718374404197249,1,0.0
21223,3,5,0.0,0.0,0.860767123318644,0.860767123318644,1,0.0
21229,3,7,0.0,0.0,0.7804772912143911,0.7804772912143911,1,0.0
21233,4,10,0.0,0.0,0.721566739643851,0.721566739643851,0,0.0
22007,4,9,0.0,0.0,0.696520386467181,0.696520386467181,0,0.0
22015,3,15,0.0,1.0,0.5864364242470981,0.5864364242470981,0,1.0
22017,4,25,0.0,1.0,0.7066622437140622,0.7066622437140622,0,1.0
22025,4,9,0.0,0.0,0.7260649132465631,0.7260649132465631,0,0.0
22029,4,5,0.0,0.0,0.7414627538653494,0.7414627538653494,0,0.0
22033,1,24,0.0,0.0,0.5795151090371511,0.5795151090371511,0,0.0
22035,4,4,0.0,0.0,0.7414022122413533,0.7414022122413533,0,0.0
22037,3,8,0.0,0.0,0.4786169342194518,0.4786169342194518,0,0.0
22051,3,17,0.0,0.0,0.6071693681321857,0.6071693681321857,0,0.0
22059,4,8,0.0,0.0,0.7120531503734351,0.7120531503734351,0,0.0
22061,1,8,0.0,1.0,0.6540466574412385,0.6540466574412385,0,1.0
22067,4,7,0.0,0.0,0.7799847949631576,0.7799847949631576,1,0.0
22071,4,17,0.0,0.0,0.7328210060815115,0.7328210060815115,0,0.0
22073,1,14,0.0,1.0,0.5788095861854684,0.5788095861854684,0,1.0
22075,2,9,0.0,0.0,0.6302808488581446,0.6302808488581446,0,0.0
22081,3,5,0.0,0.0,0.5850086380230425,0.5850086380230425,0,0.0
22085,4,12,0.0,0.0,0.7979592319252106,0.7979592319252106,1,0.0
22091,3,7,0.0,0.0,0.5447605932063759,0.5447605932063759,0,0.0
22097,1,18,0.0,1.0,0.739215743738909,0.739215743738909,0,1.0
22125,2,4,0.0,0.0,0.4292801742167846,0.4292801742167846,0,0.0
23003,4,41,0.0,0.0,0.7952474176175374,0.7952474176175374,1,0.0
23015,2,25,0.0,0.0,0.5423420055144391,0.5423420055144391,0,0.0
23023,1,8,0.0,0.0,0.4001305178424648,0.4001305178424648,0,0.0
23029,4,31,0.0,0.0,0.7726517163993364,0.7726517163993364,1,0.0
24003,1,40,0.0,0.0,0.2690685749194229,0.2690685749194229,0,0.0
24005,1,54,0.0,1.0,0.4435405439035096,0.4435405439035096,0,1.0
24009,1,14,0.0,0.0,0.133579086686672,0.133579086686672,0,0.0
24015,1,15,0.0,1.0,0.411992396557743,0.411992396557743,0,1.0
24023,2,12,0.0,0.0,0.5182776265578938,0.5182776265578938,0,0.0
24025,1,24,0.0,1.0,0.2338404409515854,0.2338404409515854,0,1.0
24031,1,50,0.0,0.0,0.1716083366029537,0.1716083366029537,0,0.0
24033,1,39,0.0,1.0,0.4544393929819627,0.4544393929819627,0,1.0
24045,3,16,0.0,1.0,0.6526609127335845,0.6526609127335845,0,1.0
24510,1,31,0.0,1.0,0.7813529606590633,0.7813529606590633,1,1.0
25003,2,36,0.0,0.0,0.5923478579830089,0.5923478579830089,0,0.0
25007,1,7,0.0,0.0,0.5355048994930487,0.5355048994930487,0,0.0
25009,1,45,0.0,0.0,0.479641886151782,0.479641886151782,0,0.0
25017,1,83,0.0,0.0,0.3057980456656468,0.3057980456656468,0,0.0
25019,1,2,0.0,0.0,0.4568243849635898,0.4568243849635898,0,0.0
25021,1,41,0.0,0.0,0.2997084779807017,0.2997084779807017,0,0.0
26001,3,13,0.0,0.0,0.5321297381296578,0.5321297381296578,0,0.0
26003,2,13,0.0,0.0,0.3016078964179161,0.3016078964179161,0,0.0
26007,3,8,0.0,0.0,0.5824221668077072,0.5824221668077072,0,0.0
26019,1,11,0.0,0.0,0.2180162022272704,0.2180162022272704,0,0.0
26029,2,10,0.0,0.0,0.4296737787902225,0.4296737787902225,0,0.0
26031,3,15,0.0,0.0,0.6517619249178622,0.6517619249178622,0,0.0
26033,3,17,0.0,0.0,0.6736704970426689,0.6736704970426689,0,0.0
26035,4,8,0.0,0.0,0.852745534524803,0.852745534524803,1,0.0
26037,2,17,0.0,0.0,0.422506907824859,0.422506907824859,0,0.0
26039,3,4,0.0,0.0,0.7724450797765078,0.7724450797765078,1,0.0
26043,2,11,0.0,0.0,0.1970769449927518,0.1970769449927518,0,0.0
26047,2,11,0.0,0.0,0.3737322232208495,0.3737322232208495,0,0.0
26051,4,7,0.0,0.0,0.8473329284884713,0.8473329284884713,1,0.0
26053,4,7,0.0,0.0,0.5222108010658038,0.5222108010658038,0,0.0
26057,3,20,0.0,0.0,0.4489322579926489,0.4489322579926489,0,0.0
26069,3,12,0.0,0.0,0.6911013756752353,0.6911013756752353,0,0.0
26071,3,8,0.0,0.0,0.6192357271602585,0.6192357271602585,0,0.0
26079,3,8,0.0,0.0,0.614678024959782,0.614678024959782,0,0.0
26083,3,6,0.0,0.0,0.2174424819401239,0.2174424819401239,0,0.0
26085,4,11,0.0,0.0,0.713822685166719,0.713822685166719,0,0.0
26089,1,11,0.0,0.0,0.2611823690166711,0.2611823690166711,0,0.0
26095,3,3,0.0,0.0,0.6921363295010393,0.6921363295010393,0,0.0
26097,3,15,0.0,0.0,0.7538744212061868,0.7538744212061868,1,0.0
26105,3,10,0.0,0.0,0.5770957834387823,0.5770957834387823,0,0.0
26107,3,16,0.0,0.0,0.5798828436354577,0.5798828436354577,0,0.0
26109,3,14,0.0,0.0,0.5909193054612264,0.5909193054612264,0,0.0
26111,2,15,0.0,0.0,0.380537556856697,0.380537556856697,0,0.0
26113,3,9,0.0,0.0,0.6057915234215081,0.6057915234215081,0,0.0
26117,3,25,0.0,0.0,0.6325135356150132,0.6325135356150132,0,0.0
26119,3,5,0.0,0.0,0.5900255870462215,0.5900255870462215,0,0.0
26125,1,71,0.0,0.0,0.3619541712562143,0.3619541712562143,0,0.0
26129,4,9,0.0,0.0,0.7357676634981225,0.7357676634981225,0,0.0
26131,3,12,0.0,0.0,0.5547546646175349,0.5547546646175349,0,0.0
26133,4,9,0.0,0.0,0.7105504878161006,0.7105504878161006,0,0.0
26135,3,8,0.0,0.0,0.7305524044133085,0.7305524044133085,0,0.0
26143,4,7,0.0,0.0,0.6748262669364454,0.6748262669364454,0,0.0
26153,3,7,0.0,0.0,0.7230604587138986,0.7230604587138986,0,0.0
26163,3,68,0.0,0.0,0.7150497331954652,0.7150497331954652,0,0.0
26165,3,13,0.0,0.0,0.5946737432143526,0.5946737432143526,0,0.0
27011,2,10,0.0,0.0,0.3842727987210487,0.3842727987210487,0,0.0
27013,3,20,0.0,0.0,0.598540132501354,0.598540132501354,0,0.0
27015,1,10,0.0,0.0,0.3500787206472189,0.3500787206472189,0,0.0
27017,2,15,0.0,0.0,0.3347801216551018,0.3347801216551018,0,0.0
27019,1,18,0.0,0.0,0.3258276724499568,0.3258276724499568,0,0.0
27021,2,24,0.0,0.0,0.4787795985954249,0.4787795985954249,0,0.0
27023,2,10,0.0,0.0,0.4800965038546257,0.4800965038546257,0,0.0
27029,3,11,0.0,0.0,0.7663612568305345,0.7663612568305345,1,0.0
27031,2,6,0.0,0.0,0.1106519513137558,0.1106519513137558,0,0.0
27033,2,13,0.0,0.0,0.6101298892829562,0.6101298892829562,0,0.0
27035,2,18,0.0,0.0,0.332839349998518,0.332839349998518,0,0.0
27039,1,10,0.0,0.0,0.3222156880999456,0.3222156880999456,0,0.0
27043,2,14,0.0,0.0,0.6265815887407946,0.6265815887407946,0,0.0
27045,1,16,0.0,0.0,0.3091176600037182,0.3091176600037182,0,0.0
27051,2,11,0.0,0.0,0.3375412732491171,0.3375412732491171,0,0.0
27053,1,72,0.0,0.0,0.5622462501692274,0.5622462501692274,0,0.0
27055,1,9,0.0,0.0,0.1168537112222451,0.1168537112222451,0,0.0
27059,1,12,0.0,0.0,0.3091116555380637,0.3091116555380637,0,0.0
27063,2,14,0.0,0.0,0.5135114544746042,0.5135114544746042,0,0.0
27065,2,9,0.0,0.0,0.5091446456261735,0.5091446456261735,0,0.0
27067,2,16,0.0,0.0,0.4742545334354289,0.4742545334354289,0,0.0
27069,1,11,0.0,0.0,0.3276713131323475,0.3276713131323475,0,0.0
27071,2,13,0.0,0.0,0.5237766973865772,0.5237766973865772,0,0.0
27073,1,10,0.0,0.0,0.4029948396330355,0.4029948396330355,0,0.0
27075,1,8,0.0,0.0,0.2296141310159306,0.2296141310159306,0,0.0
27077,1,4,0.0,0.0,0.561839184793661,0.561839184793661,0,0.0
27081,2,12,0.0,0.0,0.4627443332928421,0.4627443332928421,0,0.0
27085,1,12,0.0,0.0,0.4712782851929536,0.4712782851929536,0,0.0
27087,4,8,0.0,0.0,0.9099318868210868,0.9099318868210868,1,0.0
27089,1,15,0.0,0.0,0.4586490236179499,0.4586490236179499,0,0.0
27091,2,15,0.0,0.0,0.6904144147192373,0.6904144147192373,0,0.0
27093,1,13,0.0,0.0,0.3373009788233269,0.3373009788233269,0,0.0
27101,1,16,0.0,0.0,0.4191698615177807,0.4191698615177807,0,0.0
27103,1,10,0.0,0.0,0.4442632291226054,0.4442632291226054,0,0.0
27105,3,17,0.0,0.0,0.5160891303809667,0.5160891303809667,0,0.0
27107,2,14,0.0,0.0,0.5398808968660741,0.5398808968660741,0,0.0
27113,1,7,0.0,0.0,0.4864836977417983,0.4864836977417983,0,0.0
27117,2,9,0.0,0.0,0.6686255285029726,0.6686255285029726,0,0.0
27121,1,12,0.0,0.0,0.3262711154274981,0.3262711154274981,0,0.0
27125,2,9,0.0,0.0,0.4011288662624699,0.4011288662624699,0,0.0
27133,1,12,0.0,0.0,0.3276411052258859,0.3276411052258859,0,0.0
27137,1,51,0.0,0.0,0.4620423318923682,0.4620423318923682,0,0.0
27143,1,16,0.0,0.0,0.4471788940604503,0.4471788940604503,0,0.0
27147,1,11,0.0,0.0,0.668627215076956,0.668627215076956,0,0.0
27149,2,8,0.0,0.0,0.3501322742391611,0.3501322742391611,0,0.0
27155,1,9,0.0,0.0,0.2725263425819901,0.2725263425819901,0,0.0
27157,1,13,0.0,0.0,0.3566933378917056,0.3566933378917056,0,0.0
27159,3,7,0.0,0.0,0.6925787691176541,0.6925787691176541,0,0.0
27161,2,13,0.0,0.0,0.5038804791406588,0.5038804791406588,0,0.0
27165,2,10,0.0,0.0,0.7063873264462758,0.7063873264462758,0,0.0
27167,1,12,0.0,0.0,0.3938192261416985,0.3938192261416985,0,0.0
27173,2,14,0.0,0.0,0.4023043890358043,0.4023043890358043,0,0.0
28005,4,9,0.0,0.0,0.5075764751989091,0.5075764751989091,0,0.0
28009,3,11,0.0,0.0,0.4118049092358827,0.4118049092358827,0,0.0
28017,4,8,0.0,0.0,0.6125562546986134,0.6125562546986134,0,0.0
28021,4,5,0.0,0.0,0.5744393699808771,0.5744393699808771,0,0.0
28047,1,13,0.0,1.0,0.60924872425731,0.60924872425731,0,1.0
28049,1,21,0.0,0.0,0.4913865172403933,0.4913865172403933,0,0.0
28053,4,8,0.0,0.0,0.7803187647266218,0.7803187647266218,1,0.0
28055,4,6,0.0,0.0,0.5784920517469652,0.5784920517469652,0,0.0
28059,3,10,0.0,1.0,0.3163358761932899,0.3163358761932899,0,1.0
28063,4,7,0.0,0.0,0.5956303692695772,0.5956303692695772,0,0.0
28067,4,13,0.0,1.0,0.4956914823394467,0.4956914823394467,0,1.0
28077,4,8,0.0,0.0,0.4744442670715224,0.4744442670715224,0,0.0
28079,4,7,0.0,0.0,0.7014036090464374,0.7014036090464374,0,0.0
28105,4,6,0.0,0.0,0.4074294948282529,0.4074294948282529,0,0.0
28111,4,8,0.0,0.0,0.3919435757771317,0.3919435757771317,0,0.0
28117,4,8,0.0,0.0,0.6171949828583284,0.6171949828583284,0,0.0
28125,1,7,0.0,0.0,0.6547398129819566,0.6547398129819566,0,0.0
28129,4,15,0.0,0.0,0.5151388750234771,0.5151388750234771,0,0.0
28139,4,9,0.0,0.0,0.603178193236852,0.603178193236852,0,0.0
28143,4,5,0.0,0.0,0.7907926854619268,0.7907926854619268,1,0.0
28149,4,3,0.0,0.0,0.6151532849684533,0.6151532849684533,0,0.0
28151,4,8,0.0,1.0,0.8961873282079744,0.8961873282079744,1,1.0
28155,4,10,0.0,0.0,0.4232335655535628,0.4232335655535628,0,0.0
28157,4,4,0.0,0.0,0.5978802913322802,0.5978802913322802,0,0.0
29003,2,17,0.0,0.0,0.6165225440832781,0.6165225440832781,0,0.0
29005,2,9,0.0,0.0,0.7997179507972055,0.7997179507972055,1,0.0
29007,3,14,0.0,0.0,0.6850369811935971,0.6850369811935971,0,0.0
29027,2,19,0.0,0.0,0.3141144554464258,0.3141144554464258,0,0.0
29045,3,11,0.0,0.0,0.7180883634686693,0.7180883634686693,0,0.0
29047,1,23,0.0,0.0,0.5582531407212824,0.5582531407212824,0,0.0
29053,2,14,0.0,0.0,0.4397434086101996,0.4397434086101996,0,0.0
29061,3,16,0.0,0.0,0.7318464181262518,0.7318464181262518,0,0.0
29073,2,11,0.0,0.0,0.5277248880181055,0.5277248880181055,0,0.0
29075,3,13,0.0,0.0,0.7112399143358341,0.7112399143358341,0,0.0
29077,3,21,0.0,0.0,0.588321393992577,0.588321393992577,0,0.0
29081,4,13,0.0,0.0,0.8575848020799914,0.8575848020799914,1,0.0
29087,3,6,0.0,0.0,0.7769469303693378,0.7769469303693378,1,0.0
29089,3,10,0.0,0.0,0.5453082434640288,0.5453082434640288,0,0.0
29095,2,55,0.0,1.0,0.6475517782547686,0.6475517782547686,0,1.0
29097,3,19,0.0,1.0,0.7121826875588947,0.7121826875588947,0,1.0
29101,2,19,0.0,0.0,0.4441945193219385,0.4441945193219385,0,0.0
29111,3,12,0.0,0.0,0.5913905443749417,0.5913905443749417,0,0.0
29125,3,10,0.0,0.0,0.5384040429567128,0.5384040429567128,0,0.0
29129,2,7,0.0,0.0,0.6370882050514493,0.6370882050514493,0,0.0
29137,3,16,0.0,0.0,0.6571277119362564,0.6571277119362564,0,0.0
29141,4,15,0.0,0.0,0.7931621009685882,0.7931621009685882,1,0.0
29149,4,12,0.0,0.0,0.6902034244973305,0.6902034244973305,0,0.0
29151,1,15,0.0,0.0,0.2326285605174937,0.2326285605174937,0,0.0
29155,4,13,0.0,0.0,0.8580110289632475,0.8580110289632475,1,0.0
29157,2,8,0.0,0.0,0.6627966142282378,0.6627966142282378,0,0.0
29167,3,18,0.0,0.0,0.7430627694146571,0.7430627694146571,0,0.0
29171,3,10,0.0,0.0,0.7548758870244644,0.7548758870244644,1,0.0
29173,3,9,0.0,0.0,0.6400768321201489,0.6400768321201489,0,0.0
29179,3,11,0.0,0.0,0.5476596847359947,0.5476596847359947,0,0.0
29189,1,46,0.0,0.0,0.4075560733488985,0.4075560733488985,0,0.0
29203,4,9,0.0,0.0,0.682014228981691,0.682014228981691,0,0.0
29205,3,9,0.0,0.0,0.6261807089722744,0.6261807089722744,0,0.0
29221,1,16,0.0,0.0,0.725308423098556,0.725308423098556,0,0.0
29227,3,7,0.0,0.0,0.6876457334829483,0.6876457334829483,0,0.0
29510,4,29,0.0,1.0,0.7531889178293065,0.7531889178293065,1,1.0
30001,3,10,0.0,0.0,0.6987001292710613,0.6987001292710613,0,0.0
30007,2,6,0.0,0.0,0.4660806356275151,0.4660806356275151,0,0.0
30009,1,13,0.0,0.0,0.5284724472276197,0.5284724472276197,0,0.0
30011,2,8,0.0,0.0,0.6508926684432759,0.6508926684432759,0,0.0
30017,2,6,0.0,0.0,0.5927949362838265,0.5927949362838265,0,0.0
30019,1,4,0.0,0.0,0.5000005597834636,0.5000005597834636,0,0.0
30023,4,5,0.0,0.0,0.7504904259743757,0.7504904259743757,1,0.0
30025,1,4,0.0,0.0,0.4961595122284105,0.4961595122284105,0,0.0
30027,3,11,0.0,0.0,0.6831840522921857,0.6831840522921857,0,0.0
30031,2,10,0.0,0.0,0.468164572162761,0.468164572162761,0,0.0
30033,2,8,0.0,0.0,0.4890921174602382,0.4890921174602382,0,0.0
30037,3,3,0.0,0.0,0.7332097726991621,0.7332097726991621,0,0.0
30039,2,5,0.0,0.0,0.5331940100072019,0.5331940100072019,0,0.0
30041,3,10,0.0,0.0,0.7968842590166761,0.7968842590166761,1,0.0
30043,2,9,0.0,0.0,0.5224001351360033,0.5224001351360033,0,0.0
30045,2,12,0.0,0.0,0.5011604348183034,0.5011604348183034,0,0.0
30051,4,5,0.0,0.0,0.890837344074671,0.890837344074671,1,0.0
30055,3,6,0.0,0.0,0.739687628081564,0.739687628081564,0,0.0
30057,1,18,0.0,0.0,0.4588258661986913,0.4588258661986913,0,0.0
30059,3,4,0.0,0.0,0.6784338245394966,0.6784338245394966,0,0.0
30063,2,16,0.0,0.0,0.5201606363588283,0.5201606363588283,0,0.0
30065,3,5,0.0,0.0,0.8703601522517941,0.8703601522517941,1,0.0
30067,2,9,0.0,0.0,0.6000788862157961,0.6000788862157961,0,0.0
30069,2,4,0.0,0.0,0.5647404874675751,0.5647404874675751,0,0.0
30071,3,8,0.0,0.0,0.8579192315447454,0.8579192315447454,1,0.0
30075,3,6,0.0,0.0,0.6775420948615912,0.6775420948615912,0,0.0
30077,2,8,0.0,0.0,0.4333372463170225,0.4333372463170225,0,0.0
30079,3,7,0.0,0.0,0.7410876741059645,0.7410876741059645,0,0.0
30083,1,9,0.0,0.0,0.6037198673716095,0.6037198673716095,0,0.0
30085,4,10,0.0,0.0,0.8866372294794331,0.8866372294794331,1,0.0
30089,4,11,0.0,0.0,0.8369316774324438,0.8369316774324438,1,0.0
30091,1,11,0.0,0.0,0.5800270462680437,0.5800270462680437,0,0.0
30093,3,7,0.0,0.0,0.6541124222829917,0.6541124222829917,0,0.0
30095,1,10,0.0,0.0,0.3338284066197418,0.3338284066197418,0,0.0
30097,1,6,0.0,0.0,0.3914877322572136,0.3914877322572136,0,0.0
30099,2,12,0.0,0.0,0.585825239938772,0.585825239938772,0,0.0
30101,2,8,0.0,0.0,0.6978771716951893,0.6978771716951893,0,0.0
30103,3,2,0.0,0.0,0.6970496367441611,0.6970496367441611,0,0.0
30107,2,6,0.0,0.0,0.6979326419026058,0.6979326419026058,0,0.0
30109,2,2,0.0,0.0,0.7750571020595779,0.7750571020595779,1,0.0
31005,2,8,0.0,0.0,0.5072341740950409,0.5072341740950409,0,0.0
31009,2,4,0.0,0.0,0.2348848639625738,0.2348848639625738,0,0.0
31015,2,5,0.0,0.0,0.2656214540505407,0.2656214540505407,0,0.0
31017,3,4,0.0,0.0,0.5124382500187803,0.5124382500187803,0,0.0
31019,1,14,0.0,0.0,0.4453113077607262,0.4453113077607262,0,0.0
31021,2,8,0.0,0.0,0.6921455388925348,0.6921455388925348,0,0.0
31027,1,13,0.0,0.0,0.2558429569958045,0.2558429569958045,0,0.0
31031,3,18,0.0,0.0,0.5654375724424907,0.5654375724424907,0,0.0
31035,2,15,0.0,0.0,0.5131027194675027,0.5131027194675027,0,0.0
31037,3,7,0.0,0.0,0.5941291136002044,0.5941291136002044,0,0.0
31039,2,11,0.0,0.0,0.614383118298422,0.614383118298422,0,0.0
31043,3,8,0.0,0.0,0.8081437367672122,0.8081437367672122,1,0.0
31047,3,11,0.0,0.0,0.7362642080691724,0.7362642080691724,0,0.0
31049,2,4,0.0,0.0,0.8312012490169564,0.8312012490169564,1,0.0
31051,1,12,0.0,0.0,0.4264055869086336,0.4264055869086336,0,0.0
31053,2,14,0.0,0.0,0.7899806893938366,0.7899806893938366,1,0.0
31055,2,35,0.0,0.0,0.5786676904189016,0.5786676904189016,0,0.0
31057,4,7,0.0,0.0,0.851468402028915,0.851468402028915,1,0.0
31059,1,14,0.0,0.0,0.3999321861411782,0.3999321861411782,0,0.0
31063,2,12,0.0,0.0,0.5715929211749766,0.5715929211749766,0,0.0
31065,3,9,0.0,0.0,0.6320616184862994,0.6320616184862994,0,0.0
31069,1,9,0.0,0.0,0.5792341724042591,0.5792341724042591,0,0.0
31071,2,3,0.0,0.0,0.5084364612729722,0.5084364612729722,0,0.0
31073,2,9,0.0,0.0,0.5851298387645395,0.5851298387645395,0,0.0
31077,1,8,0.0,0.0,0.3407779897919997,0.3407779897919997,0,0.0
31081,1,14,0.0,0.0,0.3237395530548677,0.3237395530548677,0,0.0
31085,2,8,0.0,0.0,0.5596521683846822,0.5596521683846822,0,0.0
31087,2,6,0.0,0.0,0.6651393395663042,0.6651393395663042,0,0.0
31089,1,14,0.0,0.0,0.3318790962794442,0.3318790962794442,0,0.0
31091,1,1,0.0,0.0,0.7138,0.7138,0,0.0
31097,2,12,0.0,0.0,0.5417812912651958,0.5417812912651958,0,0.0
31099,2,11,0.0,0.0,0.3233806194224957,0.3233806194224957,0,0.0
31101,2,7,0.0,0.0,0.637981282990786,0.637981282990786,0,0.0
31103,2,4,0.0,0.0,0.2843474269497958,0.2843474269497958,0,0.0
31105,3,5,0.0,0.0,0.8678567714142514,0.8678567714142514,1,0.0
31107,2,11,0.0,0.0,0.4600062493023795,0.4600062493023795,0,0.0
31113,2,3,0.0,0.0,0.3940684576221833,0.3940684576221833,0,0.0
31115,2,5,0.0,0.0,0.3720038933382641,0.3720038933382641,0,0.0
31117,2,5,0.0,0.0,0.6119937497599076,0.6119937497599076,0,0.0
31121,3,9,0.0,0.0,0.7077404188054544,0.7077404188054544,0,0.0
31123,2,7,0.0,0.0,0.8125878726137955,0.8125878726137955,1,0.0
31125,2,8,0.0,0.0,0.4320299859215205,0.4320299859215205,0,0.0
31127,2,13,0.0,0.0,0.6240768012159494,0.6240768012159494,0,0.0
31129,2,10,0.0,0.0,0.4331006679425039,0.4331006679425039,0,0.0
31133,3,11,0.0,0.0,0.5984474423294031,0.5984474423294031,0,0.0
31137,2,10,0.0,0.0,0.4227747063980244,0.4227747063980244,0,0.0
31139,1,9,0.0,0.0,0.3208031708894763,0.3208031708894763,0,0.0
31143,1,10,0.0,0.0,0.4086475918665147,0.4086475918665147,0,0.0
31145,2,8,0.0,0.0,0.564375585107635,0.564375585107635,0,0.0
31147,2,9,0.0,0.0,0.7227465828530663,0.7227465828530663,0,0.0
31149,1,4,0.0,0.0,0.2955986547376409,0.2955986547376409,0,0.0
31151,3,12,0.0,0.0,0.5610908775801963,0.5610908775801963,0,0.0
31159,1,18,0.0,0.0,0.307613113085404,0.307613113085404,0,0.0
31163,2,8,0.0,0.0,0.5535906757426796,0.5535906757426796,0,0.0
31165,3,8,0.0,0.0,0.9030245477184378,0.9030245477184378,1,0.0
31167,2,10,0.0,0.0,0.4513290331996668,0.4513290331996668,0,0.0
31169,1,15,0.0,0.0,0.3166258954455097,0.3166258954455097,0,0.0
31171,1,4,0.0,0.0,0.1796596710387173,0.1796596710387173,0,0.0
31175,2,6,0.0,0.0,0.5672620288277104,0.5672620288277104,0,0.0
31181,2,8,0.0,0.0,0.4231096585567648,0.4231096585567648,0,0.0
31183,2,6,0.0,0.0,0.5416154944529895,0.5416154944529895,0,0.0
32003,1,73,0.0,1.0,0.8247684764774412,0.8247684764774412,1,1.0
32009,4,4,0.0,0.0,0.9677976116159798,0.9677976116159798,1,0.0
32011,1,4,0.0,0.0,0.7627361479865994,0.7627361479865994,1,0.0
32015,3,2,0.0,0.0,0.8945692842196784,0.8945692842196784,1,0.0
32023,1,11,0.0,1.0,0.9718682284372367,0.9718682284372367,1,1.0
32027,2,3,0.0,0.0,0.8971131451621668,0.8971131451621668,1,0.0
32029,1,5,0.0,0.0,0.7615300966706828,0.7615300966706828,1,0.0
32031,2,27,0.0,0.0,0.7568295610328523,0.7568295610328523,1,0.0
32510,2,4,0.0,0.0,0.8654049198113636,0.8654049198113636,1,0.0
33001,1,15,0.0,0.0,0.4492424910324654,0.4492424910324654,0,0.0
33003,1,30,0.0,0.0,0.3714432911988777,0.3714432911988777,0,0.0
33017,1,17,0.0,0.0,0.4476559188884337,0.4476559188884337,0,0.0
33019,2,19,0.0,0.0,0.5021494594704217,0.5021494594704217,0,0.0
34001,1,30,0.0,0.0,0.3368957734063417,0.3368957734063417,0,0.0
34003,1,66,0.0,0.0,0.2243777216175505,0.2243777216175505,0,0.0
34005,1,38,0.0,0.0,0.1328199655043519,0.1328199655043519,0,0.0
34007,1,35,0.0,0.0,0.3228721543826631,0.3228721543826631,0,0.0
34013,2,31,0.0,0.0,0.5527261389309291,0.5527261389309291,0,0.0
34017,3,16,0.0,0.0,0.5437523661996702,0.5437523661996702,0,0.0
34023,1,44,0.0,0.0,0.2220178897596667,0.2220178897596667,0,0.0
34025,1,52,0.0,0.0,0.2118734605201855,0.2118734605201855,0,0.0
34029,1,30,0.0,0.0,0.226896475977303,0.226896475977303,0,0.0
34039,1,27,0.0,0.0,0.3895270300464681,0.3895270300464681,0,0.0
35001,1,27,0.0,0.0,0.7494312412645052,0.7494312412645052,0,0.0
35003,3,9,0.0,0.0,0.6969696436630258,0.6969696436630258,0,0.0
35006,4,17,0.0,0.0,0.8556092985846789,0.8556092985846789,1,0.0
35011,4,1,0.0,0.0,0.9358,0.9358,1,0.0
35013,1,26,0.0,0.0,0.8301497944553224,0.8301497944553224,1,0.0
35021,3,6,0.0,0.0,0.7790944363057598,0.7790944363057598,1,0.0
35023,4,5,0.0,0.0,0.8650943379693377,0.8650943379693377,1,0.0
35027,3,14,0.0,0.0,0.7598780338061999,0.7598780338061999,1,0.0
35028,1,1,0.0,0.0,0.3593,0.3593,0,0.0
35031,4,24,0.0,1.0,0.9655141306687716,0.9655141306687716,1,1.0
35033,3,13,0.0,0.0,0.5227155543799935,0.5227155543799935,0,0.0
35045,4,22,0.0,1.0,0.9644379481802104,0.9644379481802104,1,1.0
35047,4,19,0.0,0.0,0.823079274973097,0.823079274973097,1,0.0
35057,4,9,0.0,0.0,0.8050411847692323,0.8050411847692323,1,0.0
35059,3,8,0.0,0.0,0.8257697642403983,0.8257697642403983,1,0.0
36005,4,28,0.0,0.0,0.8329808317562942,0.8329808317562942,1,0.0
36017,3,26,0.0,0.0,0.5921861477261767,0.5921861477261767,0,0.0
36019,2,25,0.0,0.0,0.5767761739127095,0.5767761739127095,0,0.0
36025,3,47,0.0,0.0,0.493495964041131,0.493495964041131,0,0.0
36029,2,70,0.0,0.0,0.6129139107525939,0.6129139107525939,0,0.0
36035,3,14,0.0,0.0,0.6559650635907917,0.6559650635907917,0,0.0
36047,3,39,0.0,0.0,0.6308521425228083,0.6308521425228083,0,0.0
36049,3,23,0.0,0.0,0.4965881404462629,0.4965881404462629,0,0.0
36051,2,30,0.0,0.0,0.415214148238439,0.415214148238439,0,0.0
36059,1,69,0.0,0.0,0.271646835061745,0.271646835061745,0,0.0
36061,2,47,0.0,0.0,0.482526465035106,0.482526465035106,0,0.0
36067,2,55,0.0,0.0,0.560772392549745,0.560772392549745,0,0.0
36069,1,25,0.0,0.0,0.3863340475453463,0.3863340475453463,0,0.0
36079,1,12,0.0,0.0,0.2546476588331882,0.2546476588331882,0,0.0
36081,2,63,0.0,0.0,0.5385566352950129,0.5385566352950129,0,0.0
36085,1,12,0.0,0.0,0.3485287391462036,0.3485287391462036,0,0.0
36087,2,25,0.0,0.0,0.4516167111425135,0.4516167111425135,0,0.0
36095,2,24,0.0,0.0,0.3964933704205197,0.3964933704205197,0,0.0
36097,2,18,0.0,0.0,0.4575664116109215,0.4575664116109215,0,0.0
36103,1,108,0.0,0.0,0.3116051807628124,0.3116051807628124,0,0.0
36113,1,25,0.0,0.0,0.5487521697074141,0.5487521697074141,0,0.0
36119,1,77,0.0,0.0,0.4701480089526376,0.4701480089526376,0,0.0
36121,2,24,0.0,0.0,0.4128549473687661,0.4128549473687661,0,0.0
36123,2,13,0.0,0.0,0.4703736844795083,0.4703736844795083,0,0.0
37005,4,7,0.0,0.0,0.4983552952482571,0.4983552952482571,0,0.0
37009,1,12,0.0,0.0,0.5256416588155057,0.5256416588155057,0,0.0
37011,3,10,0.0,0.0,0.386165345846547,0.386165345846547,0,0.0
37029,2,5,0.0,0.0,0.2056507528961818,0.2056507528961818,0,0.0
37033,3,16,0.0,0.0,0.5023538702626363,0.5023538702626363,0,0.0
37073,2,6,0.0,0.0,0.4294517123157961,0.4294517123157961,0,0.0
37075,4,2,0.0,0.0,0.505052940785834,0.505052940785834,0,0.0
37081,3,31,0.0,0.0,0.3854944936584665,0.3854944936584665,0,0.0
37087,2,7,0.0,0.0,0.4987371001048386,0.4987371001048386,0,0.0
37095,4,7,0.0,0.0,0.5298979092698218,0.5298979092698218,0,0.0
37097,2,16,0.0,1.0,0.3197345426782446,0.3197345426782446,0,1.0
37099,4,11,0.0,0.0,0.3099254604128877,0.3099254604128877,0,0.0
37103,4,9,0.0,0.0,0.699617495049621,0.699617495049621,0,0.0
37113,3,6,0.0,0.0,0.5143446015293868,0.5143446015293868,0,0.0
37115,3,6,0.0,0.0,0.2176920535340632,0.2176920535340632,0,0.0
37117,4,11,0.0,0.0,0.7900106096990026,0.7900106096990026,1,0.0
37119,2,32,0.0,0.0,0.2897725238196796,0.2897725238196796,0,0.0
37121,3,4,0.0,0.0,0.3916206529036258,0.3916206529036258,0,0.0
37123,3,8,0.0,0.0,0.4180443325510771,0.4180443325510771,0,0.0
37137,3,9,0.0,0.0,0.712395556795191,0.712395556795191,0,0.0
37139,3,1,0.0,0.0,0.5986,0.5986,0,0.0
37143,3,6,0.0,0.0,0.7309049169169,0.7309049169169,0,0.0
37145,2,10,0.0,0.0,0.4201086573408548,0.4201086573408548,0,0.0
37149,2,7,0.0,0.0,0.4124100093753266,0.4124100093753266,0,0.0
37155,4,13,0.0,1.0,0.7674735291941248,0.7674735291941248,1,1.0
37167,2,12,0.0,0.0,0.4161517949399738,0.4161517949399738,0,0.0
37173,4,5,0.0,0.0,0.7294366839207778,0.7294366839207778,0,0.0
37177,4,3,0.0,0.0,0.6408371733029522,0.6408371733029522,0,0.0
37183,1,39,0.0,0.0,0.1457485648839242,0.1457485648839242,0,0.0
37197,3,7,0.0,0.0,0.4883269722744026,0.4883269722744026,0,0.0
37199,3,5,0.0,0.0,0.6141575592689268,0.6141575592689268,0,0.0
38001,1,6,0.0,0.0,0.6544813447704877,0.6544813447704877,0,0.0
38003,1,19,0.0,0.0,0.5293847157757147,0.5293847157757147,0,0.0
38005,3,18,0.0,0.0,0.7325374854181396,0.7325374854181396,0,0.0
38007,2,8,0.0,0.0,0.5078676431064963,0.5078676431064963,0,0.0
38009,1,14,0.0,0.0,0.4457626365585322,0.4457626365585322,0,0.0
38011,1,5,0.0,0.0,0.4415510822740965,0.4415510822740965,0,0.0
38013,1,9,0.0,0.0,0.3490467685891182,0.3490467685891182,0,0.0
38017,1,29,0.0,0.0,0.5481706539320902,0.5481706539320902,0,0.0
38019,1,16,0.0,0.0,0.5868048463519102,0.5868048463519102,0,0.0
38021,1,8,0.0,0.0,0.3007833325078616,0.3007833325078616,0,0.0
38023,2,10,0.0,0.0,0.5473394052878449,0.5473394052878449,0,0.0
38025,1,12,0.0,0.0,0.3992309402353812,0.3992309402353812,0,0.0
38029,2,8,0.0,0.0,0.4848074942980354,0.4848074942980354,0,0.0
38031,1,8,0.0,0.0,0.2925852939586121,0.2925852939586121,0,0.0
38033,1,4,0.0,0.0,0.4084411430519415,0.4084411430519415,0,0.0
38039,2,9,0.0,0.0,0.6328103562591562,0.6328103562591562,0,0.0
38041,2,5,0.0,0.0,0.4133220809456441,0.4133220809456441,0,0.0
38043,2,13,0.0,0.0,0.2775781321599291,0.2775781321599291,0,0.0
38045,2,12,0.0,0.0,0.3578335383658766,0.3578335383658766,0,0.0
38047,1,7,0.0,0.0,0.4672545414572552,0.4672545414572552,0,0.0
38049,1,18,0.0,0.0,0.4897682967170697,0.4897682967170697,0,0.0
38051,2,6,0.0,0.0,0.5941641545582483,0.5941641545582483,0,0.0
38053,1,12,0.0,0.0,0.521769063175653,0.521769063175653,0,0.0
38055,1,18,0.0,0.0,0.5517963362683054,0.5517963362683054,0,0.0
38057,1,10,0.0,0.0,0.5071911183167225,0.5071911183167225,0,0.0
38059,1,8,0.0,0.0,0.5438767070368778,0.5438767070368778,0,0.0
38061,2,12,0.0,0.0,0.7249668204588584,0.7249668204588584,0,0.0
38063,1,9,0.0,0.0,0.5745102803484511,0.5745102803484511,0,0.0
38065,1,6,0.0,0.0,0.5703046929021496,0.5703046929021496,0,0.0
38069,3,11,0.0,0.0,0.6707588385735087,0.6707588385735087,0,0.0
38071,1,12,0.0,0.0,0.5129731324023027,0.5129731324023027,0,0.0
38075,1,9,0.0,0.0,0.3158626051182668,0.3158626051182668,0,0.0
38077,1,19,0.0,0.0,0.4073916760617116,0.4073916760617116,0,0.0
38079,4,10,0.0,0.0,0.8977331709131845,0.8977331709131845,1,0.0
38081,1,12,0.0,0.0,0.2995230966322114,0.2995230966322114,0,0.0
38083,2,9,0.0,0.0,0.5609978540479404,0.5609978540479404,0,0.0
38087,1,9,0.0,0.0,0.3500160520773483,0.3500160520773483,0,0.0
38089,1,10,0.0,0.0,0.3441981159052333,0.3441981159052333,0,0.0
38091,1,12,0.0,0.0,0.2090525705928898,0.2090525705928898,0,0.0
38093,1,21,0.0,0.0,0.6465623727187729,0.6465623727187729,0,0.0
38095,3,10,0.0,0.0,0.722079845791436,0.722079845791436,0,0.0
38097,1,12,0.0,0.0,0.3172756372486121,0.3172756372486121,0,0.0
38103,1,12,0.0,0.0,0.4760299488597114,0.4760299488597114,0,0.0
38105,1,10,0.0,0.0,0.563431111303688,0.563431111303688,0,0.0
39003,2,20,0.0,0.0,0.6480648223021048,0.6480648223021048,0,0.0
39005,2,19,0.0,0.0,0.5974905239443913,0.5974905239443913,0,0.0
39011,1,18,0.0,0.0,0.3110808488275275,0.3110808488275275,0,0.0
39015,3,19,0.0,0.0,0.7070583978506008,0.7070583978506008,0,0.0
39021,1,17,0.0,0.0,0.5775007891241019,0.5775007891241019,0,0.0
39027,3,13,0.0,0.0,0.7467499971097722,0.7467499971097722,0,0.0
39029,3,24,0.0,0.0,0.8189009124690718,0.8189009124690718,1,0.0
39031,3,18,0.0,0.0,0.7949769852348746,0.7949769852348746,1,0.0
39033,3,15,0.0,0.0,0.6832362680810911,0.6832362680810911,0,0.0
39035,1,52,0.0,0.0,0.6218719097589182,0.6218719097589182,0,0.0
39039,1,14,0.0,0.0,0.5508253691812978,0.5508253691812978,0,0.0
39043,2,13,0.0,0.0,0.5841680279362207,0.5841680279362207,0,0.0
39047,3,11,0.0,0.0,0.8738011117671086,0.8738011117671086,1,0.0
39049,2,49,0.0,0.0,0.5282555655966976,0.5282555655966976,0,0.0
39051,1,12,0.0,0.0,0.6037448247673981,0.6037448247673981,0,0.0
39053,3,12,0.0,0.0,0.8546565720247553,0.8546565720247553,1,0.0
39057,2,24,0.0,0.0,0.4637766442255792,0.4637766442255792,0,0.0
39061,1,57,0.0,1.0,0.4820283829529575,0.4820283829529575,0,1.0
39067,3,16,0.0,0.0,0.8099727715183348,0.8099727715183348,1,0.0
39069,1,17,0.0,0.0,0.4722896819654344,0.4722896819654344,0,0.0
39083,2,16,0.0,0.0,0.6325880809004149,0.6325880809004149,0,0.0
39095,3,30,0.0,0.0,0.7052609891941966,0.7052609891941966,0,0.0
39097,1,12,0.0,0.0,0.5082598335428655,0.5082598335428655,0,0.0
39105,4,15,0.0,0.0,0.8067650528393316,0.8067650528393316,1,0.0
39109,1,18,0.0,0.0,0.5596406771894914,0.5596406771894914,0,0.0
39113,2,40,0.0,0.0,0.6573277835955417,0.6573277835955417,0,0.0
39115,4,11,0.0,0.0,0.813451914424036,0.813451914424036,1,0.0
39149,2,18,0.0,0.0,0.6152829197097535,0.6152829197097535,0,0.0
39153,2,41,0.0,0.0,0.620773131600694,0.620773131600694,0,0.0
39157,2,27,0.0,0.0,0.5839722908814409,0.5839722908814409,0,0.0
39161,2,14,0.0,0.0,0.5972856516121959,0.5972856516121959,0,0.0
39163,4,15,0.0,0.0,0.7583311114243867,0.7583311114243867,1,0.0
39175,2,13,0.0,0.0,0.4510182774052297,0.4510182774052297,0,0.0
40005,4,15,0.0,0.0,0.9243139894642184,0.9243139894642184,1,0.0
40007,3,7,0.0,0.0,0.7997017117476565,0.7997017117476565,1,0.0
40027,2,21,0.0,0.0,0.5689358209535782,0.5689358209535782,0,0.0
40029,4,10,0.0,0.0,0.91568994524838,0.91568994524838,1,0.0
40031,3,19,0.0,1.0,0.8901140292363584,0.8901140292363584,1,1.0
40033,3,11,0.0,0.0,0.8503230821631128,0.8503230821631128,1,0.0
40057,4,6,0.0,0.0,0.8914480141018639,0.8914480141018639,1,0.0
40061,4,7,0.0,0.0,0.8746190429561401,0.8746190429561401,1,0.0
40087,1,12,0.0,0.0,0.639943475641218,0.639943475641218,0,0.0
40093,2,15,0.0,0.0,0.7486214564669822,0.7486214564669822,0,0.0
40103,2,11,0.0,0.0,0.4828046894882352,0.4828046894882352,0,0.0
40109,3,55,0.0,1.0,0.6170022556644008,0.6170022556644008,0,1.0
40125,3,16,0.0,1.0,0.7819366451435285,0.7819366451435285,1,1.0
40129,3,9,0.0,0.0,0.7875281962000142,0.7875281962000142,1,0.0
40143,2,42,0.0,1.0,0.5558443295323787,0.5558443295323787,0,1.0
40151,2,7,0.0,0.0,0.6638263889177624,0.6638263889177624,0,0.0
41007,2,9,0.0,0.0,0.793393949873645,0.793393949873645,1,0.0
41021,2,4,0.0,0.0,0.9258986423890792,0.9258986423890792,1,0.0
41025,2,10,0.0,0.0,0.8048365238416645,0.8048365238416645,1,0.0
41037,4,10,0.0,0.0,0.9807599981151972,0.9807599981151972,1,0.0
41045,4,13,0.0,0.0,0.959948114942796,0.959948114942796,1,0.0
41051,2,42,0.0,0.0,0.7209256573971367,0.7209256573971367,0,0.0
41055,2,5,0.0,0.0,0.9242771104815865,0.9242771104815865,1,0.0
41057,2,16,0.0,0.0,0.740693158938426,0.740693158938426,0,0.0
41063,2,5,0.0,0.0,0.7300988727168949,0.7300988727168949,0,0.0
41069,4,5,0.0,0.0,0.8956316974083137,0.8956316974083137,1,0.0
41071,2,15,0.0,0.0,0.7670231601010976,0.7670231601010976,1,0.0
42003,1,114,0.0,0.0,0.4570105679139007,0.4570105679139007,0,0.0
42007,2,28,0.0,0.0,0.5829134734342847,0.5829134734342847,0,0.0
42017,1,55,0.0,0.0,0.3805166805478209,0.3805166805478209,0,0.0
42019,1,37,0.0,0.0,0.2841577638347127,0.2841577638347127,0,0.0
42023,3,4,0.0,0.0,0.4305134403876611,0.4305134403876611,0,0.0
42029,1,44,0.0,0.0,0.2149234597608965,0.2149234597608965,0,0.0
42031,3,31,0.0,0.0,0.5951252888121744,0.5951252888121744,0,0.0
42035,3,15,0.0,0.0,0.4103959783483085,0.4103959783483085,0,0.0
42045,1,44,0.0,0.0,0.3202713436630421,0.3202713436630421,0,0.0
42049,1,32,0.0,0.0,0.5071850947299964,0.5071850947299964,0,0.0
42057,2,17,0.0,0.0,0.4460421481154519,0.4460421481154519,0,0.0
42063,3,49,0.0,0.0,0.5863607374912505,0.5863607374912505,0,0.0
42067,2,13,0.0,0.0,0.5136448807695732,0.5136448807695732,0,0.0
42071,1,57,0.0,0.0,0.5486545825983128,0.5486545825983128,0,0.0
42077,1,34,0.0,0.0,0.5189190311107302,0.5189190311107302,0,0.0
42083,3,22,0.0,0.0,0.336401590443422,0.336401590443422,0,0.0
42091,1,69,0.0,0.0,0.3069511224472261,0.3069511224472261,0,0.0
42093,2,9,0.0,0.0,0.3736091675277802,0.3736091675277802,0,0.0
42101,4,46,0.0,1.0,0.7611353723176201,0.7611353723176201,1,1.0
42103,1,19,0.0,0.0,0.3202393282810879,0.3202393282810879,0,0.0
42105,3,15,0.0,0.0,0.5513869240491556,0.5513869240491556,0,0.0
42113,3,13,0.0,0.0,0.4727191230537666,0.4727191230537666,0,0.0
42117,3,25,0.0,0.0,0.3539753508072625,0.3539753508072625,0,0.0
42121,3,23,0.0,0.0,0.4722360235627281,0.4722360235627281,0,0.0
42131,1,15,0.0,0.0,0.1646041732692538,0.1646041732692538,0,0.0
42133,1,45,0.0,0.0,0.446883328565269,0.446883328565269,0,0.0
44001,1,3,0.0,0.0,0.4408906426065163,0.4408906426065163,0,0.0
44007,1,39,0.0,0.0,0.7222426595632089,0.7222426595632089,0,0.0
45003,3,23,0.0,1.0,0.6964434455862423,0.6964434455862423,0,1.0
45007,3,19,0.0,0.0,0.4910149266949404,0.4910149266949404,0,0.0
45019,1,30,0.0,0.0,0.5810012087578305,0.5810012087578305,0,0.0
45045,1,27,0.0,0.0,0.3685865734420914,0.3685865734420914,0,0.0
45053,4,9,0.0,0.0,0.8440823467995155,0.8440823467995155,1,0.0
45061,4,12,0.0,0.0,0.8233890194741151,0.8233890194741151,1,0.0
45063,2,18,0.0,0.0,0.5673910519773725,0.5673910519773725,0,0.0
45065,1,11,0.0,0.0,0.6280855861201325,0.6280855861201325,0,0.0
45071,3,11,0.0,0.0,0.6848604201611604,0.6848604201611604,0,0.0
45075,1,24,0.0,1.0,0.7932581981717398,0.7932581981717398,1,1.0
45079,1,24,0.0,0.0,0.3912049373878457,0.3912049373878457,0,0.0
45083,2,34,0.0,0.0,0.3675972691263206,0.3675972691263206,0,0.0
46003,1,9,0.0,0.0,0.4268615760159553,0.4268615760159553,0,0.0
46005,3,11,0.0,0.0,0.6172770952448,0.6172770952448,0,0.0
46007,4,7,0.0,0.0,0.879301117205785,0.879301117205785,1,0.0
46011,2,12,0.0,0.0,0.2077604291225666,0.2077604291225666,0,0.0
46015,2,6,0.0,0.0,0.3736612582199201,0.3736612582199201,0,0.0
46017,4,6,0.0,0.0,0.6797303539321922,0.6797303539321922,0,0.0
46019,3,8,0.0,0.0,0.7149802164533505,0.7149802164533505,0,0.0
46021,1,7,0.0,0.0,0.3609815127108277,0.3609815127108277,0,0.0
46023,4,10,0.0,0.0,0.6135294052485477,0.6135294052485477,0,0.0
46025,2,13,0.0,0.0,0.2877844746460118,0.2877844746460118,0,0.0
46027,3,8,0.0,0.0,0.564813651807057,0.564813651807057,0,0.0
46039,1,12,0.0,0.0,0.2227428933276662,0.2227428933276662,0,0.0
46041,3,9,0.0,0.0,0.666274481035063,0.666274481035063,0,0.0
46043,1,8,0.0,0.0,0.2878672840604515,0.2878672840604515,0,0.0
46045,1,10,0.0,0.0,0.3326007115727612,0.3326007115727612,0,0.0
46047,3,7,0.0,0.0,0.7800871051443643,0.7800871051443643,1,0.0
46049,2,10,0.0,0.0,0.4195932876671369,0.4195932876671369,0,0.0
46051,1,12,0.0,0.0,0.1077917759538324,0.1077917759538324,0,0.0
46053,3,8,0.0,0.0,0.4469522114969089,0.4469522114969089,0,0.0
46055,3,5,0.0,0.0,0.4646631576010401,0.4646631576010401,0,0.0
46057,1,12,0.0,0.0,0.2173640313296727,0.2173640313296727,0,0.0
46061,2,7,0.0,0.0,0.398432649460229,0.398432649460229,0,0.0
46063,1,10,0.0,0.0,0.322839688204895,0.322839688204895,0,0.0
46069,1,5,0.0,0.0,0.1510159178176932,0.1510159178176932,0,0.0
46071,4,12,0.0,0.0,0.8342218375430687,0.8342218375430687,1,0.0
46073,1,4,0.0,0.0,0.2537922873590913,0.2537922873590913,0,0.0
46075,1,5,0.0,0.0,0.2965379410140038,0.2965379410140038,0,0.0
46079,2,14,0.0,0.0,0.3429853555531068,0.3429853555531068,0,0.0
46081,1,9,0.0,0.0,0.5607004923551664,0.5607004923551664,0,0.0
46085,2,9,0.0,0.0,0.4974199163649317,0.4974199163649317,0,0.0
46087,2,12,0.0,0.0,0.2442614503385076,0.2442614503385076,0,0.0
46089,2,8,0.0,0.0,0.4568243092495814,0.4568243092495814,0,0.0
46095,4,7,0.0,0.0,0.75571061688656,0.75571061688656,1,0.0
46097,1,9,0.0,0.0,0.1610903246209271,0.1610903246209271,0,0.0
46101,2,13,0.0,0.0,0.3580988673078077,0.3580988673078077,0,0.0
46105,2,9,0.0,0.0,0.4870778919078348,0.4870778919078348,0,0.0
46107,1,5,0.0,0.0,0.2180441101840749,0.2180441101840749,0,0.0
46111,1,8,0.0,0.0,0.2563599201830348,0.2563599201830348,0,0.0
46115,1,15,0.0,0.0,0.2008230374426106,0.2008230374426106,0,0.0
46117,1,4,0.0,0.0,0.1411192537488414,0.1411192537488414,0,0.0
46119,1,6,0.0,0.0,0.3928689414345622,0.3928689414345622,0,0.0
46123,4,8,0.0,0.0,0.398102249679952,0.398102249679952,0,0.0
46125,1,15,0.0,0.0,0.2998080535623366,0.2998080535623366,0,0.0
46127,1,9,0.0,0.0,0.6398295209399868,0.6398295209399868,0,0.0
46137,4,7,0.0,0.0,0.7764229737586976,0.7764229737586976,1,0.0
47007,3,9,0.0,0.0,0.62978209743297,0.62978209743297,0,0.0
47015,2,9,0.0,0.0,0.7211399061066667,0.7211399061066667,0,0.0
47023,3,12,0.0,0.0,0.5629332385448721,0.5629332385448721,0,0.0
47029,4,8,0.0,0.0,0.818175564066379,0.818175564066379,1,0.0
47037,2,35,0.0,1.0,0.5471645497477646,0.5471645497477646,0,1.0
47039,4,9,0.0,0.0,0.5212214189574431,0.5212214189574431,0,0.0
47041,4,11,0.0,0.0,0.8088176817860057,0.8088176817860057,1,0.0
47047,1,15,0.0,0.0,0.3333175727769337,0.3333175727769337,0,0.0
47051,3,15,0.0,0.0,0.6500668606631365,0.6500668606631365,0,0.0
47057,4,9,0.0,0.0,0.8295230433322274,0.8295230433322274,1,0.0
47061,4,10,0.0,0.0,0.6457262695179797,0.6457262695179797,0,0.0
47065,1,31,0.0,0.0,0.3421835503034985,0.3421835503034985,0,0.0
47081,3,13,0.0,0.0,0.4821553624906032,0.4821553624906032,0,0.0
47083,3,8,0.0,0.0,0.640352587109262,0.640352587109262,0,0.0
47087,4,11,0.0,0.0,0.7661960432369099,0.7661960432369099,1,0.0
47091,4,5,0.0,0.0,0.8528691367910701,0.8528691367910701,1,0.0
47093,2,30,0.0,0.0,0.4952035249508225,0.4952035249508225,0,0.0
47095,4,2,0.0,0.0,0.8982630138013972,0.8982630138013972,1,0.0
47103,3,12,0.0,0.0,0.7066947543375695,0.7066947543375695,0,0.0
47105,2,9,0.0,0.0,0.5403514512426701,0.5403514512426701,0,0.0
47113,3,13,0.0,1.0,0.5910956633303949,0.5910956633303949,0,1.0
47115,3,12,0.0,0.0,0.466135202260913,0.466135202260913,0,0.0
47127,3,10,0.0,0.0,0.7117601495137471,0.7117601495137471,0,0.0
47133,3,11,0.0,0.0,0.6500690314038531,0.6500690314038531,0,0.0
47137,4,6,0.0,0.0,0.4862434069577604,0.4862434069577604,0,0.0
47143,4,6,0.0,0.0,0.7283178621646275,0.7283178621646275,0,0.0
47151,4,9,0.0,0.0,0.6520614302992749,0.6520614302992749,0,0.0
47153,2,8,0.0,0.0,0.4100432039120798,0.4100432039120798,0,0.0
47157,1,38,0.0,1.0,0.5915072647669958,0.5915072647669958,0,1.0
47161,2,8,0.0,0.0,0.6257537112543888,0.6257537112543888,0,0.0
47169,2,5,0.0,0.0,0.5478433067045169,0.5478433067045169,0,0.0
47171,4,6,0.0,0.0,0.6924596681284334,0.6924596681284334,0,0.0
47173,4,11,0.0,0.0,0.7171692950772325,0.7171692950772325,0,0.0
48011,1,6,0.0,0.0,0.4851984862682598,0.4851984862682598,0,0.0
48027,3,23,0.0,0.0,0.8789458525206871,0.8789458525206871,1,0.0
48029,2,77,0.0,0.0,0.7977310888674605,0.7977310888674605,1,0.0
48033,3,9,0.0,0.0,0.8687591456567437,0.8687591456567437,1,0.0
48039,1,20,0.0,0.0,0.7414977966734396,0.7414977966734396,0,0.0
48041,3,9,0.0,0.0,0.7636187091546772,0.7636187091546772,1,0.0
48045,4,4,0.0,0.0,0.9584190179600212,0.9584190179600212,1,0.0
48059,2,9,0.0,0.0,0.7958516141274659,0.7958516141274659,1,0.0
48061,4,17,0.0,0.0,0.9078177000344382,0.9078177000344382,1,0.0
48065,1,6,0.0,0.0,0.5613664157470136,0.5613664157470136,0,0.0
48069,3,10,0.0,0.0,0.8240717023890629,0.8240717023890629,1,0.0
48079,4,4,0.0,0.0,0.9504593444183924,0.9504593444183924,1,0.0
48085,1,38,0.0,0.0,0.5238370623614604,0.5238370623614604,0,0.0
48095,3,6,0.0,0.0,0.8583767442238923,0.8583767442238923,1,0.0
48103,2,2,0.0,0.0,0.728035513037607,0.728035513037607,0,0.0
48105,2,6,0.0,0.0,0.7967593766580393,0.7967593766580393,1,0.0
48107,4,9,0.0,0.0,0.9269784365453289,0.9269784365453289,1,0.0
48111,1,3,0.0,0.0,0.4201846102387545,0.4201846102387545,0,0.0
48113,3,93,0.0,1.0,0.7971323593556493,0.7971323593556493,1,1.0
48115,4,4,0.0,0.0,0.9668464600193684,0.9668464600193684,1,0.0
48121,1,37,0.0,0.0,0.5428553512544596,0.5428553512544596,0,0.0
48129,3,6,0.0,0.0,0.8605550742643407,0.8605550742643407,1,0.0
48137,4,4,0.0,0.0,0.9328430314301004,0.9328430314301004,1,0.0
48141,1,30,0.0,1.0,0.8093389119797018,0.8093389119797018,1,1.0
48153,3,6,0.0,0.0,0.8928157282706556,0.8928157282706556,1,0.0
48155,4,3,0.0,0.0,0.8854417638512214,0.8854417638512214,1,0.0
48157,1,34,0.0,0.0,0.5759241931653868,0.5759241931653868,0,0.0
48163,4,5,0.0,0.0,0.8040443705754418,0.8040443705754418,1,0.0
48165,3,5,0.0,0.0,0.89342128674081,0.89342128674081,1,0.0
48167,2,18,0.0,1.0,0.7958097884327353,0.7958097884327353,1,1.0
48173,3,4,0.0,0.0,0.9362087247539084,0.9362087247539084,1,0.0
48175,3,6,0.0,0.0,0.8597339358857352,0.8597339358857352,1,0.0
48179,4,7,0.0,0.0,0.9267957766685172,0.9267957766685172,1,0.0
48181,2,21,0.0,1.0,0.7882751850078832,0.7882751850078832,1,1.0
48183,3,10,0.0,1.0,0.7581712351728703,0.7581712351728703,1,1.0
48187,2,14,0.0,1.0,0.773202508889849,0.773202508889849,1,1.0
48189,3,9,0.0,0.0,0.9367158140076352,0.9367158140076352,1,0.0
48191,4,6,0.0,0.0,0.8542366299798746,0.8542366299798746,1,0.0
48195,4,3,0.0,0.0,0.8868385717357125,0.8868385717357125,1,0.0
48201,3,141,0.0,0.0,0.7780823739765612,0.7780823739765612,1,0.0
48205,1,4,0.0,0.0,0.4840803161154305,0.4840803161154305,0,0.0
48211,1,4,0.0,0.0,0.6184087371638118,0.6184087371638118,0,0.0
48213,3,15,0.0,1.0,0.8766183652750724,0.8766183652750724,1,1.0
48215,4,28,0.0,0.0,0.8386135653764073,0.8386135653764073,1,0.0
48229,3,6,0.0,0.0,0.7382310746121297,0.7382310746121297,0,0.0
48231,3,17,0.0,1.0,0.8665820158103726,0.8665820158103726,1,1.0
48235,2,4,0.0,0.0,0.7120548141851778,0.7120548141851778,0,0.0
48237,3,11,0.0,0.0,0.9069860652058236,0.9069860652058236,1,0.0
48243,2,2,0.0,0.0,0.7653851657461823,0.7653851657461823,1,0.0
48245,3,18,0.0,0.0,0.7900884502075428,0.7900884502075428,1,0.0
48253,4,10,0.0,0.0,0.836697179314799,0.836697179314799,1,0.0
48257,2,13,0.0,1.0,0.8132452976431691,0.8132452976431691,1,1.0
48263,3,4,0.0,0.0,0.8713181488141654,0.8713181488141654,1,0.0
48267,1,6,0.0,0.0,0.9037945849128264,0.9037945849128264,1,0.0
48271,4,1,0.0,0.0,0.9758,0.9758,1,0.0
48279,4,13,0.0,0.0,0.8846327550201252,0.8846327550201252,1,0.0
48283,3,4,0.0,0.0,0.9196696463425164,0.9196696463425164,1,0.0
48295,2,7,0.0,0.0,0.7014123801369686,0.7014123801369686,0,0.0
48297,3,10,0.0,0.0,0.9208932556968852,0.9208932556968852,1,0.0
48301,1,1,0.0,0.0,0.912,0.912,1,0.0
48305,3,7,0.0,0.0,0.7236209415692352,0.7236209415692352,0,0.0
48309,1,29,0.0,0.0,0.8276201844617488,0.8276201844617488,1,0.0
48311,3,7,0.0,0.0,0.8883876241150935,0.8883876241150935,1,0.0
48319,2,6,0.0,0.0,0.8596593810731264,0.8596593810731264,1,0.0
48325,1,15,0.0,0.0,0.7064264463067544,0.7064264463067544,0,0.0
48327,3,4,0.0,0.0,0.923436281837368,0.923436281837368,1,0.0
48333,2,8,0.0,0.0,0.8686678176529176,0.8686678176529176,1,0.0
48339,1,27,0.0,0.0,0.6444494948263998,0.6444494948263998,0,0.0
48345,3,6,0.0,0.0,0.8085873958574529,0.8085873958574529,1,0.0
48351,3,11,0.0,0.0,0.6512333171695989,0.6512333171695989,0,0.0
48355,3,26,0.0,0.0,0.7585324442244205,0.7585324442244205,1,0.0
48357,4,5,0.0,0.0,0.7928793327268168,0.7928793327268168,1,0.0
48359,1,6,0.0,0.0,0.4523084477384946,0.4523084477384946,0,0.0
48369,3,5,0.0,0.0,0.7922478088535723,0.7922478088535723,1,0.0
48379,2,6,0.0,0.0,0.8404100656964095,0.8404100656964095,1,0.0
48383,2,2,0.0,0.0,0.8917147948593803,0.8917147948593803,1,0.0
48385,4,8,0.0,0.0,0.9275447611586036,0.9275447611586036,1,0.0
48393,4,5,0.0,0.0,0.8276267022533808,0.8276267022533808,1,0.0
48403,4,6,0.0,0.0,0.7324144474130783,0.7324144474130783,0,0.0
48413,2,3,0.0,0.0,0.6760379850525127,0.6760379850525127,0,0.0
48417,4,5,0.0,0.0,0.8227444062917221,0.8227444062917221,1,0.0
48421,3,4,0.0,0.0,0.5605651370253633,0.5605651370253633,0,0.0
48423,3,22,0.0,1.0,0.5680999522835188,0.5680999522835188,0,1.0
48425,3,7,0.0,0.0,0.7985607196609327,0.7985607196609327,1,0.0
48431,2,2,0.0,0.0,0.6510750528599998,0.6510750528599998,0,0.0
48433,3,7,0.0,0.0,0.8628398461738526,0.8628398461738526,1,0.0
48435,1,2,0.0,0.0,0.8503938468962129,0.8503938468962129,1,0.0
48439,1,74,0.0,0.0,0.7283231446047161,0.7283231446047161,0,0.0
48443,3,2,0.0,0.0,0.654123139818936,0.654123139818936,0,0.0
48447,4,7,0.0,0.0,0.8266587928286012,0.8266587928286012,1,0.0
48453,1,63,0.0,0.0,0.6701974435644102,0.6701974435644102,0,0.0
48461,2,4,0.0,0.0,0.8613674148112326,0.8613674148112326,1,0.0
48479,4,10,0.0,1.0,0.8877763521173504,0.8877763521173504,1,1.0
48483,3,6,0.0,0.0,0.7680294111010876,0.7680294111010876,1,0.0
48485,3,11,0.0,1.0,0.8318581415384747,0.8318581415384747,1,1.0
48489,4,6,0.0,0.0,0.9341208938422384,0.9341208938422384,1,0.0
48491,1,25,0.0,0.0,0.6004627290883578,0.6004627290883578,0,0.0
49001,2,4,0.0,0.0,0.6447865475177166,0.6447865475177166,0,0.0
49007,3,6,0.0,0.0,0.8762078363610891,0.8762078363610891,1,0.0
49009,1,2,0.0,0.0,0.3336534466477809,0.3336534466477809,0,0.0
49013,2,12,0.0,0.0,0.9135184398103016,0.9135184398103016,1,0.0
49015,2,9,0.0,0.0,0.5745154977307274,0.5745154977307274,0,0.0
49017,3,11,0.0,0.0,0.4619761687804674,0.4619761687804674,0,0.0
49023,2,6,0.0,0.0,0.6916828082824823,0.6916828082824823,0,0.0
49025,2,7,0.0,0.0,0.4770087006027685,0.4770087006027685,0,0.0
49027,3,11,0.0,0.0,0.6353611281355349,0.6353611281355349,0,0.0
49029,1,2,0.0,0.0,0.3122224838948146,0.3122224838948146,0,0.0
49031,3,6,0.0,0.0,0.6652635004410946,0.6652635004410946,0,0.0
49033,2,4,0.0,0.0,0.585884761484099,0.585884761484099,0,0.0
49035,1,36,0.0,0.0,0.7261823128822172,0.7261823128822172,0,0.0
49045,1,8,0.0,0.0,0.7886635541565112,0.7886635541565112,1,0.0
49047,3,10,0.0,0.0,0.8943435096472883,0.8943435096472883,1,0.0
49049,2,24,0.0,0.0,0.5873215673524017,0.5873215673524017,0,0.0
49051,1,6,0.0,0.0,0.4648079562038101,0.4648079562038101,0,0.0
49053,2,21,0.0,1.0,0.6025096814349336,0.6025096814349336,0,1.0
49055,2,6,0.0,0.0,0.536984726209417,0.536984726209417,0,0.0
50003,2,21,0.0,0.0,0.497401467537514,0.497401467537514,0,0.0
50009,3,10,0.0,0.0,0.4156964534655659,0.4156964534655659,0,0.0
50011,1,17,0.0,0.0,0.4304046863895497,0.4304046863895497,0,0.0
50015,2,11,0.0,0.0,0.2462504471157478,0.2462504471157478,0,0.0
50027,1,34,0.0,0.0,0.3708657104908828,0.3708657104908828,0,0.0
51001,3,33,0.0,0.0,0.7975574745921168,0.7975574745921168,1,0.0
51011,3,8,0.0,0.0,0.6023928249452265,0.6023928249452265,0,0.0
51017,4,7,0.0,0.0,0.5301637510180097,0.5301637510180097,0,0.0
51021,2,6,0.0,0.0,0.2837187386908676,0.2837187386908676,0,0.0
51023,1,12,0.0,0.0,0.3211199849317,0.3211199849317,0,0.0
51029,3,11,0.0,0.0,0.688987227843186,0.688987227843186,0,0.0
51033,1,11,0.0,0.0,0.2972376995858909,0.2972376995858909,0,0.0
51035,3,17,0.0,0.0,0.6946223099429395,0.6946223099429395,0,0.0
51041,1,16,0.0,0.0,0.2370494408127068,0.2370494408127068,0,0.0
51043,1,7,0.0,0.0,0.3082980096525062,0.3082980096525062,0,0.0
51045,1,5,0.0,0.0,0.2172581041217868,0.2172581041217868,0,0.0
51049,3,7,0.0,0.0,0.7018513137572422,0.7018513137572422,0,0.0
51053,3,12,0.0,0.0,0.7183238040417516,0.7183238040417516,0,0.0
51059,1,48,0.0,0.0,0.1585612156436463,0.1585612156436463,0,0.0
51065,1,10,0.0,0.0,0.1380053553612458,0.1380053553612458,0,0.0
51067,3,16,0.0,0.0,0.4068137038376024,0.4068137038376024,0,0.0
51071,2,10,0.0,0.0,0.4717819441429816,0.4717819441429816,0,0.0
51077,4,9,0.0,0.0,0.7611627138519407,0.7611627138519407,1,0.0
51089,4,12,0.0,0.0,0.8282750864251742,0.8282750864251742,1,0.0
51091,2,7,0.0,0.0,0.3866307295323357,0.3866307295323357,0,0.0
51097,2,14,0.0,0.0,0.2576668872150182,0.2576668872150182,0,0.0
51099,1,3,0.0,0.0,0.0336983391458182,0.0336983391458182,0,0.0
51101,1,6,0.0,0.0,0.2048835525927198,0.2048835525927198,0,0.0
51109,2,12,0.0,0.0,0.4611207599014339,0.4611207599014339,0,0.0
51115,2,15,0.0,0.0,0.3974872472916863,0.3974872472916863,0,0.0
51125,2,17,0.0,0.0,0.5092815904468003,0.5092815904468003,0,0.0
51137,1,12,0.0,0.0,0.4166851627001317,0.4166851627001317,0,0.0
51155,3,8,0.0,0.0,0.6953963596513623,0.6953963596513623,0,0.0
51157,1,10,0.0,0.0,0.2880947766585155,0.2880947766585155,0,0.0
51163,3,12,0.0,0.0,0.5788286376506903,0.5788286376506903,0,0.0
51165,2,22,0.0,0.0,0.6566905631429955,0.6566905631429955,0,0.0
51167,4,11,0.0,0.0,0.8844622310817267,0.8844622310817267,1,0.0
51169,3,12,0.0,0.0,0.8105899466701023,0.8105899466701023,1,0.0
51173,3,10,0.0,0.0,0.8629297416578586,0.8629297416578586,1,0.0
51181,3,10,0.0,0.0,0.5450262651058153,0.5450262651058153,0,0.0
51183,1,11,0.0,0.0,0.4730426786748931,0.4730426786748931,0,0.0
51195,4,8,0.0,0.0,0.9143181170221156,0.9143181170221156,1,0.0
51197,3,11,0.0,0.0,0.7107769150258756,0.7107769150258756,0,0.0
51530,4,1,0.0,0.0,0.6772,0.6772,0,0.0
51540,3,4,0.0,0.0,0.4424799378751031,0.4424799378751031,0,0.0
51580,3,1,0.0,0.0,0.6588,0.6588,0,0.0
51600,1,3,0.0,0.0,0.1811041977546456,0.1811041977546456,0,0.0
51610,1,4,0.0,0.0,0.1251132658462617,0.1251132658462617,0,0.0
51620,3,1,0.0,0.0,0.8116,0.8116,1,0.0
51640,4,1,0.0,0.0,0.8988,0.8988,1,0.0
51670,4,1,0.0,0.0,0.8443,0.8443,1,0.0
51685,1,1,0.0,0.0,0.139,0.139,0,0.0
51720,4,1,0.0,0.0,0.9787,0.9787,1,0.0
51735,1,1,0.0,0.0,0.0681,0.0681,0,0.0
51760,1,15,0.0,0.0,0.6992833411785622,0.6992833411785622,0,0.0
51775,1,1,0.0,0.0,0.2619,0.2619,0,0.0
51790,1,2,0.0,0.0,0.5545413306425317,0.5545413306425317,0,0.0
51810,1,12,0.0,0.0,0.2959920451289571,0.2959920451289571,0,0.0
51820,3,1,0.0,0.0,0.8069,0.8069,1,0.0
51830,1,2,0.0,0.0,0.209085304573255,0.209085304573255,0,0.0
53001,4,11,0.0,0.0,0.9506144212447764,0.9506144212447764,1,0.0
53009,2,9,0.0,0.0,0.7887998661851093,0.7887998661851093,1,0.0
53011,1,20,0.0,0.0,0.6440419043766089,0.6440419043766089,0,0.0
53013,3,5,0.0,0.0,0.8652893183096716,0.8652893183096716,1,0.0
53019,4,9,0.0,0.0,0.8539347597749509,0.8539347597749509,1,0.0
53027,1,21,0.0,0.0,0.7738045809173005,0.7738045809173005,1,0.0
53033,1,84,0.0,0.0,0.4752677812057751,0.4752677812057751,0,0.0
53037,3,12,0.0,0.0,0.7216213215759064,0.7216213215759064,0,0.0
53039,3,15,0.0,0.0,0.8129213977296883,0.8129213977296883,1,0.0
53043,2,14,0.0,0.0,0.6674882134983842,0.6674882134983842,0,0.0
53049,3,13,0.0,0.0,0.7668836026771512,0.7668836026771512,1,0.0
53051,3,9,0.0,0.0,0.7771287734627328,0.7771287734627328,1,0.0
53053,1,59,0.0,0.0,0.6860467606949594,0.6860467606949594,0,0.0
53055,1,9,0.0,0.0,0.3161107119389424,0.3161107119389424,0,0.0
53061,1,30,0.0,0.0,0.5292022879046839,0.5292022879046839,0,0.0
53063,1,45,0.0,0.0,0.7750880235962022,0.7750880235962022,1,0.0
53065,3,21,0.0,0.0,0.8265219420244417,0.8265219420244417,1,0.0
53069,1,6,0.0,0.0,0.6136781313012497,0.6136781313012497,0,0.0
53075,4,20,0.0,0.0,0.759497302867225,0.759497302867225,1,0.0
54001,4,12,0.0,0.0,0.752301106611789,0.752301106611789,1,0.0
54007,4,18,0.0,0.0,0.6656415640954547,0.6656415640954547,0,0.0
54013,4,16,0.0,0.0,0.6256092895605226,0.6256092895605226,0,0.0
54015,4,16,0.0,0.0,0.6702737851394903,0.6702737851394903,0,0.0
54017,3,10,0.0,0.0,0.6160907874709383,0.6160907874709383,0,0.0
54019,1,42,0.0,0.0,0.7793726230875414,0.7793726230875414,1,0.0
54021,4,16,0.0,0.0,0.5980063952189506,0.5980063952189506,0,0.0
54023,3,12,0.0,0.0,0.7294787118174335,0.7294787118174335,0,0.0
54025,4,21,0.0,0.0,0.8011320700228628,0.8011320700228628,1,0.0
54027,3,20,0.0,0.0,0.6602708304293935,0.6602708304293935,0,0.0
54031,3,10,0.0,0.0,0.7328707849806569,0.7328707849806569,0,0.0
54033,3,21,0.0,0.0,0.633535114178564,0.633535114178564,0,0.0
54043,4,19,0.0,0.0,0.621790267887604,0.621790267887604,0,0.0
54045,4,33,0.0,0.0,0.7897101274305337,0.7897101274305337,1,0.0
54047,4,36,0.0,0.0,0.7992568585390762,0.7992568585390762,1,0.0
54051,3,10,0.0,0.0,0.6853967137995779,0.6853967137995779,0,0.0
54055,4,19,0.0,0.0,0.8692107464425648,0.8692107464425648,1,0.0
54057,2,10,0.0,0.0,0.7485246890701255,0.7485246890701255,0,0.0
54063,3,13,0.0,0.0,0.7648673189609118,0.7648673189609118,1,0.0
54071,3,9,0.0,0.0,0.587033931082013,0.587033931082013,0,0.0
54073,3,5,0.0,0.0,0.751143022997166,0.751143022997166,1,0.0
54075,3,13,0.0,0.0,0.6252438251003234,0.6252438251003234,0,0.0
54077,3,16,0.0,0.0,0.593362752632962,0.593362752632962,0,0.0
54085,4,14,0.0,0.0,0.6672150217268722,0.6672150217268722,0,0.0
54087,4,13,0.0,0.0,0.6660834024241696,0.6660834024241696,0,0.0
54089,4,15,0.0,0.0,0.78674171139416,0.78674171139416,1,0.0
54091,3,10,0.0,0.0,0.6728597811197569,0.6728597811197569,0,0.0
54093,2,10,0.0,0.0,0.454753734732516,0.454753734732516,0,0.0
54095,3,11,0.0,0.0,0.7089827334283287,0.7089827334283287,0,0.0
54101,4,11,0.0,0.0,0.7457554542796606,0.7457554542796606,0,0.0
54105,4,8,0.0,0.0,0.6894866544819689,0.6894866544819689,0,0.0
54109,4,39,0.0,0.0,0.7599696797256451,0.7599696797256451,1,0.0
55003,3,11,0.0,0.0,0.4861020182092566,0.4861020182092566,0,0.0
55011,1,9,0.0,0.0,0.2531567535189116,0.2531567535189116,0,0.0
55013,3,11,0.0,0.0,0.4601154598382994,0.4601154598382994,0,0.0
55019,3,21,0.0,0.0,0.3874274176129336,0.3874274176129336,0,0.0
55025,1,45,0.0,0.0,0.2698863878750435,0.2698863878750435,0,0.0
55033,2,22,0.0,0.0,0.3828675604885435,0.3828675604885435,0,0.0
55035,2,15,0.0,0.0,0.2813604110689177,0.2813604110689177,0,0.0
55037,2,4,0.0,0.0,0.1983073395921468,0.1983073395921468,0,0.0
55041,3,11,0.0,0.0,0.5853087549750751,0.5853087549750751,0,0.0
55047,2,12,0.0,0.0,0.3624094369800899,0.3624094369800899,0,0.0
55049,1,19,0.0,0.0,0.2043686697296524,0.2043686697296524,0,0.0
55051,3,12,0.0,0.0,0.4830255906640249,0.4830255906640249,0,0.0
55053,2,14,0.0,0.0,0.3486896214146593,0.3486896214146593,0,0.0
55067,2,15,0.0,0.0,0.4909393764021542,0.4909393764021542,0,0.0
55079,3,37,0.0,0.0,0.6322143554055863,0.6322143554055863,0,0.0
55091,1,6,0.0,0.0,0.1334601904391754,0.1334601904391754,0,0.0
55093,1,13,0.0,0.0,0.2805548068372304,0.2805548068372304,0,0.0
55101,2,16,0.0,0.0,0.5130281669433455,0.5130281669433455,0,0.0
55107,3,14,0.0,0.0,0.2489074523531221,0.2489074523531221,0,0.0
55109,1,18,0.0,0.0,0.2713941044566101,0.2713941044566101,0,0.0
55113,3,12,0.0,0.0,0.4165572816624471,0.4165572816624471,0,0.0
55129,2,12,0.0,0.0,0.3502032600350799,0.3502032600350799,0,0.0
56005,1,8,0.0,0.0,0.3787388328009586,0.3787388328009586,0,0.0
56011,1,10,0.0,0.0,0.4173195669803612,0.4173195669803612,0,0.0
56015,2,9,0.0,0.0,0.6776447060789441,0.6776447060789441,0,0.0
56019,2,4,0.0,0.0,0.4186575569710947,0.4186575569710947,0,0.0
56023,1,15,0.0,0.0,0.5106982874997291,0.5106982874997291,0,0.0
56027,3,5,0.0,0.0,0.7753738847318131,0.7753738847318131,1,0.0
56037,1,12,0.0,0.0,0.7158144539123045,0.7158144539123045,0,0.0
56039,1,9,0.0,0.0,0.3385836775778387,0.3385836775778387,0,0.0
56041,1,5,0.0,0.0,0.5772891649074783,0.5772891649074783,0,0.0
56043,2,2,0.0,0.0,0.7123511071290562,0.7123511071290562,0,0.0
56045,2,4,0.0,0.0,0.3718472537154232,0.3718472537154232,0,0.0
01001,3,10,1.0,1.0,0.4868798686988589,0.4868798686988589,0,1.0
01003,2,23,1.0,0.0,0.438444155964409,0.438444155964409,0,0.0
01009,3,17,1.0,0.0,0.5526370037510455,0.5526370037510455,0,0.0
01011,4,7,1.0,1.0,0.6683992449238627,0.6683992449238627,0,1.0
01015,3,14,1.0,0.0,0.4599661182158777,0.4599661182158777,0,0.0
01017,4,10,1.0,1.0,0.6712677767496834,0.6712677767496834,0,1.0
01019,4,11,1.0,0.0,0.6982838187067605,0.6982838187067605,0,0.0
01021,3,14,1.0,0.0,0.7149820890957888,0.7149820890957888,0,0.0
01025,4,10,1.0,0.0,0.648816728507808,0.648816728507808,0,0.0
01031,3,16,1.0,1.0,0.6768566107285431,0.6768566107285431,0,1.0
01033,3,9,1.0,0.0,0.4795155338454825,0.4795155338454825,0,0.0
01035,4,13,1.0,1.0,0.6623469085025252,0.6623469085025252,0,1.0
01037,3,11,1.0,1.0,0.5142817009882434,0.5142817009882434,0,1.0
01039,4,13,1.0,1.0,0.6996601191801964,0.6996601191801964,0,1.0
01043,3,19,1.0,0.0,0.5935948404522081,0.5935948404522081,0,0.0
01045,3,14,1.0,1.0,0.7391455903432351,0.7391455903432351,0,1.0
01047,4,10,1.0,0.0,0.724456630794815,0.724456630794815,0,0.0
01051,2,13,1.0,0.0,0.4434806505905255,0.4434806505905255,0,0.0
01053,4,9,1.0,1.0,0.7939833081617634,0.7939833081617634,1,1.0
01055,3,14,1.0,1.0,0.6263446606191022,0.6263446606191022,0,1.0
01057,4,10,1.0,0.0,0.4846187103547045,0.4846187103547045,0,0.0
01059,4,10,1.0,0.0,0.5336661240321463,0.5336661240321463,0,0.0
01063,4,8,1.0,1.0,0.7097142958017095,0.7097142958017095,0,1.0
01065,4,9,1.0,0.0,0.6617250962207221,0.6617250962207221,0,0.0
01067,3,9,1.0,0.0,0.660542955640939,0.660542955640939,0,0.0
01069,4,14,1.0,1.0,0.7584524352140819,0.7584524352140819,1,1.0
01071,4,22,1.0,1.0,0.6111909239850714,0.6111909239850714,0,1.0
01075,4,9,1.0,0.0,0.6466256681726553,0.6466256681726553,0,0.0
01077,3,9,1.0,0.0,0.3783563230864785,0.3783563230864785,0,0.0
01079,3,10,1.0,1.0,0.6213751578535177,0.6213751578535177,0,1.0
01083,2,15,1.0,0.0,0.4104991283629033,0.4104991283629033,0,0.0
01085,4,8,1.0,1.0,0.6949637263350578,0.6949637263350578,0,1.0
01087,4,13,1.0,0.0,0.4551940344283909,0.4551940344283909,0,0.0
01089,1,25,1.0,0.0,0.3579700297690356,0.3579700297690356,0,0.0
01091,4,15,1.0,0.0,0.6624086036776325,0.6624086036776325,0,0.0
01093,4,12,1.0,1.0,0.6131298250956909,0.6131298250956909,0,1.0
01095,4,18,1.0,0.0,0.6208680879739152,0.6208680879739152,0,0.0
01099,4,17,1.0,0.0,0.6818734332847806,0.6818734332847806,0,0.0
01101,1,24,1.0,0.0,0.6112202497212371,0.6112202497212371,0,0.0
01103,3,16,1.0,0.0,0.5478503258924998,0.5478503258924998,0,0.0
01105,4,9,1.0,1.0,0.713193953040109,0.713193953040109,0,1.0
01107,4,8,1.0,0.0,0.655652142816173,0.655652142816173,0,0.0
01109,1,9,1.0,1.0,0.5897908926544657,0.5897908926544657,0,1.0
01111,3,8,1.0,0.0,0.5666301722238033,0.5666301722238033,0,0.0
01113,3,12,1.0,0.0,0.6428891625527058,0.6428891625527058,0,0.0
01115,2,18,1.0,1.0,0.5068546720880576,0.5068546720880576,0,1.0
01119,4,11,1.0,0.0,0.6426505669702062,0.6426505669702062,0,0.0
01121,4,12,1.0,0.0,0.6937024664379589,0.6937024664379589,0,0.0
01123,4,12,1.0,1.0,0.6675002009474197,0.6675002009474197,0,1.0
01125,1,27,1.0,0.0,0.4530225148519067,0.4530225148519067,0,0.0
01127,3,18,1.0,0.0,0.6480715110685387,0.6480715110685387,0,0.0
01129,4,16,1.0,0.0,0.5143468182840107,0.5143468182840107,0,0.0
01131,4,13,1.0,1.0,0.7597660146201293,0.7597660146201293,1,1.0
01133,4,11,1.0,0.0,0.6382813594351809,0.6382813594351809,0,0.0
04009,4,10,1.0,1.0,0.7711545636684122,0.7711545636684122,1,1.0
04023,4,9,1.0,1.0,0.6883317987176522,0.6883317987176522,0,1.0
05001,4,13,1.0,0.0,0.7582888707776373,0.7582888707776373,1,0.0
05003,4,7,1.0,0.0,0.719319255998436,0.719319255998436,0,0.0
05005,3,12,1.0,0.0,0.6025076003590449,0.6025076003590449,0,0.0
05009,3,9,1.0,1.0,0.6719397955079266,0.6719397955079266,0,1.0
05011,4,7,1.0,1.0,0.7984310371679769,0.7984310371679769,1,1.0
05015,3,9,1.0,0.0,0.7245694592923665,0.7245694592923665,0,0.0
05019,1,8,1.0,0.0,0.6293721491804185,0.6293721491804185,0,0.0
05021,4,13,1.0,0.0,0.7952302909477035,0.7952302909477035,1,0.0
05023,3,17,1.0,0.0,0.5328563469549791,0.5328563469549791,0,0.0
05025,4,7,1.0,1.0,0.7095488122912968,0.7095488122912968,0,1.0
05027,4,7,1.0,0.0,0.7169521576719636,0.7169521576719636,0,0.0
05029,4,15,1.0,0.0,0.784794138405333,0.784794138405333,1,0.0
05031,1,16,1.0,0.0,0.6289000247863739,0.6289000247863739,0,0.0
05033,3,11,1.0,1.0,0.7193479855745277,0.7193479855745277,0,1.0
05035,4,11,1.0,0.0,0.8753386678293781,0.8753386678293781,1,0.0
05037,4,8,1.0,0.0,0.7693719995598827,0.7693719995598827,1,0.0
05039,4,6,1.0,1.0,0.7810341042797949,0.7810341042797949,1,1.0
05041,4,12,1.0,1.0,0.8588573656217912,0.8588573656217912,1,1.0
05043,4,9,1.0,0.0,0.5178217425317794,0.5178217425317794,0,0.0
05045,1,15,1.0,0.0,0.4071155260450106,0.4071155260450106,0,0.0
05047,4,13,1.0,0.0,0.7115407879448061,0.7115407879448061,0,0.0
05049,1,14,1.0,1.0,0.6837930743298851,0.6837930743298851,0,1.0
05051,3,10,1.0,0.0,0.7392306096317781,0.7392306096317781,0,0.0
05053,2,14,1.0,0.0,0.5622065368824334,0.5622065368824334,0,0.0
05055,4,9,1.0,1.0,0.6627720516417127,0.6627720516417127,0,1.0
05057,4,10,1.0,0.0,0.8353748598167553,0.8353748598167553,1,0.0
05059,4,12,1.0,1.0,0.7695468340078851,0.7695468340078851,1,1.0
05061,4,8,1.0,0.0,0.8096432463834519,0.8096432463834519,1,0.0
05063,4,20,1.0,1.0,0.6345717670902277,0.6345717670902277,0,1.0
05067,4,11,1.0,0.0,0.8373021372822285,0.8373021372822285,1,0.0
05069,4,17,1.0,0.0,0.8214061494212518,0.8214061494212518,1,0.0
05071,4,12,1.0,0.0,0.7612168608846255,0.7612168608846255,1,0.0
05073,4,6,1.0,1.0,0.7124394526156848,0.7124394526156848,0,1.0
05075,4,14,1.0,0.0,0.6190402345997553,0.6190402345997553,0,0.0
05077,3,11,1.0,1.0,0.7445715887754131,0.7445715887754131,0,1.0
05079,4,8,1.0,0.0,0.7164099007512627,0.7164099007512627,0,0.0
05081,4,7,1.0,1.0,0.7363152321131443,0.7363152321131443,0,1.0
05083,4,12,1.0,0.0,0.738126931566528,0.738126931566528,0,0.0
05085,2,11,1.0,0.0,0.5692866035832843,0.5692866035832843,0,0.0
05087,3,13,1.0,0.0,0.672292328174062,0.672292328174062,0,0.0
05091,4,6,1.0,0.0,0.8396338595794379,0.8396338595794379,1,0.0
05093,4,15,1.0,0.0,0.9055031635293952,0.9055031635293952,1,0.0
05095,4,9,1.0,1.0,0.8313458801786842,0.8313458801786842,1,1.0
05097,4,9,1.0,1.0,0.7153762784958906,0.7153762784958906,0,1.0
05099,4,10,1.0,1.0,0.6743790546411759,0.6743790546411759,0,1.0
05101,3,20,1.0,1.0,0.5036209341510147,0.5036209341510147,0,1.0
05103,4,8,1.0,0.0,0.7906098779790572,0.7906098779790572,1,0.0
05105,4,8,1.0,1.0,0.5627086345362153,0.5627086345362153,0,1.0
05107,4,12,1.0,0.0,0.8897427546694245,0.8897427546694245,1,0.0
05111,4,10,1.0,0.0,0.7229287807667019,0.7229287807667019,0,0.0
05113,4,7,1.0,0.0,0.7793976704666362,0.7793976704666362,1,0.0
05115,4,13,1.0,1.0,0.6101338434687988,0.6101338434687988,0,1.0
05117,3,11,1.0,1.0,0.7323909233296013,0.7323909233296013,0,1.0
05121,4,11,1.0,0.0,0.7565086165590911,0.7565086165590911,1,0.0
05123,4,13,1.0,0.0,0.8589335157375003,0.8589335157375003,1,0.0
05125,1,14,1.0,0.0,0.4635416788179721,0.4635416788179721,0,0.0
05127,4,10,1.0,1.0,0.8125510388869874,0.8125510388869874,1,1.0
05129,4,10,1.0,1.0,0.6971194013221309,0.6971194013221309,0,1.0
05133,4,7,1.0,0.0,0.7533539244751445,0.7533539244751445,1,0.0
05135,4,13,1.0,0.0,0.6361552928500861,0.6361552928500861,0,0.0
05139,4,10,1.0,1.0,0.7701339956590615,0.7701339956590615,1,1.0
05141,4,12,1.0,0.0,0.6267943056659513,0.6267943056659513,0,0.0
05145,4,17,1.0,0.0,0.7508446843272231,0.7508446843272231,1,0.0
05147,4,9,1.0,1.0,0.8223676044573903,0.8223676044573903,1,1.0
05149,4,13,1.0,0.0,0.7656012592205491,0.7656012592205491,1,0.0
06005,2,12,1.0,1.0,0.782830873650925,0.782830873650925,1,1.0
06007,4,18,1.0,0.0,0.8988803450313535,0.8988803450313535,1,0.0
06009,1,20,1.0,1.0,0.7175590308442732,0.7175590308442732,0,1.0
06011,3,9,1.0,0.0,0.8908354519921794,0.8908354519921794,1,0.0
06015,4,4,1.0,0.0,0.8474071793257798,0.8474071793257798,1,0.0
06017,1,23,1.0,0.0,0.5784134547058144,0.5784134547058144,0,0.0
06021,3,7,1.0,0.0,0.9512745928352654,0.9512745928352654,1,0.0
06023,4,36,1.0,0.0,0.5901473897494642,0.5901473897494642,0,0.0
06027,2,11,1.0,0.0,0.8254371293895769,0.8254371293895769,1,0.0
06031,4,12,1.0,0.0,0.9023871829617508,0.9023871829617508,1,0.0
06033,3,15,1.0,1.0,0.876195361926172,0.876195361926172,1,1.0
06035,2,17,1.0,1.0,0.8494386639043282,0.8494386639043282,1,1.0
06041,1,29,1.0,0.0,0.299945252136842,0.299945252136842,0,0.0
06043,3,13,1.0,0.0,0.8992459517653706,0.8992459517653706,1,0.0
06045,3,29,1.0,1.0,0.6855751207077806,0.6855751207077806,0,1.0
06055,1,12,1.0,0.0,0.6508457698445538,0.6508457698445538,0,0.0
06057,2,12,1.0,0.0,0.6635424034121522,0.6635424034121522,0,0.0
06063,2,17,1.0,0.0,0.6752923357511174,0.6752923357511174,0,0.0
06069,2,7,1.0,0.0,0.6327707455384624,0.6327707455384624,0,0.0
06079,2,26,1.0,0.0,0.5288895247398472,0.5288895247398472,0,0.0
06083,2,24,1.0,0.0,0.652752605958628,0.652752605958628,0,0.0
06087,2,17,1.0,0.0,0.5293243920709318,0.5293243920709318,0,0.0
06093,3,23,1.0,1.0,0.8589449177605695,0.8589449177605695,1,1.0
06097,1,37,1.0,0.0,0.5288576007298293,0.5288576007298293,0,0.0
06101,3,13,1.0,0.0,0.8830579395360404,0.8830579395360404,1,0.0
06103,4,15,1.0,0.0,0.9372741257385936,0.9372741257385936,1,0.0
06109,1,16,1.0,1.0,0.7661462824171054,0.7661462824171054,1,1.0
06113,3,19,1.0,0.0,0.7295768384929332,0.7295768384929332,0,0.0
06115,3,17,1.0,1.0,0.8872201575795349,0.8872201575795349,1,1.0
08001,2,35,1.0,0.0,0.7679590364298129,0.7679590364298129,1,0.0
08005,1,33,1.0,0.0,0.6370325985552607,0.6370325985552607,0,0.0
08007,1,5,1.0,1.0,0.440319882417122,0.440319882417122,0,1.0
08009,4,8,1.0,1.0,0.9062856843654036,0.9062856843654036,1,1.0
08013,1,22,1.0,0.0,0.5543671114500486,0.5543671114500486,0,0.0
08014,1,6,1.0,1.0,0.4900083527593957,0.4900083527593957,0,1.0
08035,1,18,1.0,0.0,0.349923813477972,0.349923813477972,0,0.0
08037,1,13,1.0,0.0,0.4042257964590102,0.4042257964590102,0,0.0
08043,3,11,1.0,1.0,0.7442983561215123,0.7442983561215123,0,1.0
08045,1,8,1.0,1.0,0.6144130540374424,0.6144130540374424,0,1.0
08055,2,4,1.0,1.0,0.7804674138430175,0.7804674138430175,1,1.0
08059,1,33,1.0,0.0,0.5209250050403845,0.5209250050403845,0,0.0
08067,1,6,1.0,1.0,0.5500958696872746,0.5500958696872746,0,1.0
08069,1,24,1.0,0.0,0.563100210235498,0.563100210235498,0,0.0
08077,2,19,1.0,0.0,0.848565671655304,0.848565671655304,1,0.0
08081,2,5,1.0,1.0,0.9177738771665472,0.9177738771665472,1,1.0
08087,2,10,1.0,0.0,0.8918396154405854,0.8918396154405854,1,0.0
08099,3,6,1.0,1.0,0.8392933056986366,0.8392933056986366,1,1.0
08101,3,15,1.0,0.0,0.822435681393297,0.822435681393297,1,0.0
08107,1,9,1.0,0.0,0.4590978509838829,0.4590978509838829,0,0.0
08109,4,8,1.0,1.0,0.6908347373840287,0.6908347373840287,0,1.0
08113,1,7,1.0,1.0,0.2944908972800912,0.2944908972800912,0,1.0
08121,2,12,1.0,1.0,0.657245603196494,0.657245603196494,0,1.0
08123,1,41,1.0,0.0,0.7282050805149497,0.7282050805149497,0,0.0
09001,1,46,1.0,0.0,0.3924392693215732,0.3924392693215732,0,0.0
09003,1,58,1.0,0.0,0.6279464955745455,0.6279464955745455,0,0.0
09005,1,40,1.0,0.0,0.2955625140627056,0.2955625140627056,0,0.0
09007,1,24,1.0,0.0,0.4286657122324551,0.4286657122324551,0,0.0
09009,1,41,1.0,0.0,0.609770054024167,0.609770054024167,0,0.0
09011,1,31,1.0,0.0,0.5444612460343314,0.5444612460343314,0,0.0
09015,1,31,1.0,0.0,0.4626004734824788,0.4626004734824788,0,0.0
10001,1,18,1.0,0.0,0.6585239057584406,0.6585239057584406,0,0.0
10005,2,24,1.0,0.0,0.5533111058322625,0.5533111058322625,0,0.0
12001,3,23,1.0,0.0,0.4228876068055867,0.4228876068055867,0,0.0
12003,2,5,1.0,0.0,0.2603358618347246,0.2603358618347246,0,0.0
12005,2,16,1.0,0.0,0.5347527313197017,0.5347527313197017,0,0.0
12015,2,17,1.0,0.0,0.7437812396896938,0.7437812396896938,0,0.0
12017,3,15,1.0,0.0,0.6166784079857327,0.6166784079857327,0,0.0
12019,2,12,1.0,0.0,0.2480703639913704,0.2480703639913704,0,0.0
12023,3,8,1.0,0.0,0.6475121657851964,0.6475121657851964,0,0.0
12033,1,18,1.0,0.0,0.4936635074943926,0.4936635074943926,0,0.0
12035,2,7,1.0,0.0,0.5901991704438364,0.5901991704438364,0,0.0
12039,4,7,1.0,1.0,0.8871280238849726,0.8871280238849726,1,1.0
12041,4,5,1.0,0.0,0.63732714707813,0.63732714707813,0,0.0
12043,4,5,1.0,1.0,0.9236949956394452,0.9236949956394452,1,1.0
12049,4,4,1.0,0.0,0.8287827617522385,0.8287827617522385,1,0.0
12051,4,6,1.0,1.0,0.9142447090707652,0.9142447090707652,1,1.0
12053,3,12,1.0,0.0,0.8360671678505646,0.8360671678505646,1,0.0
12055,3,9,1.0,1.0,0.8073969292746805,0.8073969292746805,1,1.0
12059,4,4,1.0,0.0,0.7332059257757764,0.7332059257757764,0,0.0
12061,2,9,1.0,0.0,0.5304067271480037,0.5304067271480037,0,0.0
12063,1,14,1.0,1.0,0.7292520394934919,0.7292520394934919,0,1.0
12065,4,4,1.0,0.0,0.8213209457531935,0.8213209457531935,1,0.0
12073,3,10,1.0,0.0,0.4431267680434451,0.4431267680434451,0,0.0
12075,4,13,1.0,0.0,0.7297028739670446,0.7297028739670446,0,0.0
12079,4,5,1.0,0.0,0.8338555515871358,0.8338555515871358,1,0.0
12083,3,31,1.0,0.0,0.7552557691353877,0.7552557691353877,1,0.0
12085,1,12,1.0,0.0,0.6219624607346723,0.6219624607346723,0,0.0
12087,2,11,1.0,0.0,0.7169315491624206,0.7169315491624206,0,0.0
12089,1,6,1.0,0.0,0.2290755082698628,0.2290755082698628,0,0.0
12091,2,14,1.0,0.0,0.310717956462291,0.310717956462291,0,0.0
12097,3,17,1.0,0.0,0.6050558702433164,0.6050558702433164,0,0.0
12101,2,31,1.0,0.0,0.6630230233514285,0.6630230233514285,0,0.0
12107,4,17,1.0,0.0,0.7867721557235243,0.7867721557235243,1,0.0
12109,1,12,1.0,0.0,0.2494780730058239,0.2494780730058239,0,0.0
12111,2,17,1.0,0.0,0.6336535068006699,0.6336535068006699,0,0.0
12113,1,9,1.0,0.0,0.2699938642643362,0.2699938642643362,0,0.0
12117,2,17,1.0,0.0,0.3227467366555055,0.3227467366555055,0,0.0
12119,1,11,1.0,0.0,0.57179710513156,0.57179710513156,0,0.0
12121,3,9,1.0,1.0,0.7383836783889953,0.7383836783889953,0,1.0
12129,2,4,1.0,0.0,0.312879096394546,0.312879096394546,0,0.0
12131,2,12,1.0,0.0,0.4918874736866188,0.4918874736866188,0,0.0
12133,4,10,1.0,0.0,0.7038570029845113,0.7038570029845113,0,0.0
13001,4,7,1.0,0.0,0.9326009561596212,0.9326009561596212,1,0.0
13003,4,5,1.0,1.0,0.8261722074599865,0.8261722074599865,1,1.0
13005,4,3,1.0,1.0,0.9216956928014184,0.9216956928014184,1,1.0
13009,4,6,1.0,1.0,0.9312506043399468,0.9312506043399468,1,1.0
13013,2,8,1.0,0.0,0.371988734258487,0.371988734258487,0,0.0
13015,2,14,1.0,1.0,0.467769317704284,0.467769317704284,0,1.0
13017,4,4,1.0,0.0,0.967148672183881,0.967148672183881,1,0.0
13019,4,6,1.0,0.0,0.8754985983822909,0.8754985983822909,1,0.0
13021,1,12,1.0,0.0,0.7378531904843838,0.7378531904843838,0,0.0
13023,4,6,1.0,1.0,0.8228111664108533,0.8228111664108533,1,1.0
13025,4,6,1.0,0.0,0.7903058891350168,0.7903058891350168,1,0.0
13031,1,11,1.0,0.0,0.7340114176590331,0.7340114176590331,0,0.0
13033,4,9,1.0,0.0,0.8162018698382133,0.8162018698382133,1,0.0
13035,4,5,1.0,0.0,0.7751930992158628,0.7751930992158628,1,0.0
13039,3,8,1.0,1.0,0.4644323934377172,0.4644323934377172,0,1.0
13043,4,4,1.0,1.0,0.9505896450351984,0.9505896450351984,1,1.0
13045,1,11,1.0,0.0,0.343038045887342,0.343038045887342,0,0.0
13055,4,6,1.0,0.0,0.6955810384291449,0.6955810384291449,0,0.0
13057,1,15,1.0,0.0,0.1719262406337383,0.1719262406337383,0,0.0
13059,1,9,1.0,0.0,0.545603437857663,0.545603437857663,0,0.0
13063,1,16,1.0,0.0,0.7034860932724599,0.7034860932724599,0,0.0
13069,4,10,1.0,1.0,0.9232027726416814,0.9232027726416814,1,1.0
13071,4,13,1.0,0.0,0.8710542939295127,0.8710542939295127,1,0.0
13073,1,7,1.0,0.0,0.1419493706752365,0.1419493706752365,0,0.0
13075,4,5,1.0,0.0,0.8306353267573957,0.8306353267573957,1,0.0
13077,1,10,1.0,0.0,0.1733251385168468,0.1733251385168468,0,0.0
13083,3,5,1.0,0.0,0.4489718409131916,0.4489718409131916,0,0.0
13085,1,5,1.0,0.0,0.2263608414999447,0.2263608414999447,0,0.0
13087,4,8,1.0,0.0,0.8101821644764473,0.8101821644764473,1,0.0
13093,4,8,1.0,0.0,0.8466568886523324,0.8466568886523324,1,0.0
13095,4,6,1.0,0.0,0.7821540467949909,0.7821540467949909,1,0.0
13097,2,8,1.0,0.0,0.2522904033988967,0.2522904033988967,0,0.0
13101,3,6,1.0,1.0,0.7095259712317512,0.7095259712317512,0,1.0
13103,1,8,1.0,1.0,0.376137589111104,0.376137589111104,0,1.0
13107,4,13,1.0,0.0,0.9414557898474524,0.9414557898474524,1,0.0
13109,4,6,1.0,1.0,0.9578990785010206,0.9578990785010206,1,1.0
13111,3,8,1.0,0.0,0.4876867287649621,0.4876867287649621,0,0.0
13113,1,8,1.0,0.0,0.183282785744625,0.183282785744625,0,0.0
13115,4,13,1.0,0.0,0.6476555019800989,0.6476555019800989,0,0.0
13119,3,10,1.0,0.0,0.5137549597451925,0.5137549597451925,0,0.0
13127,3,8,1.0,0.0,0.5830411607926762,0.5830411607926762,0,0.0
13129,4,8,1.0,1.0,0.5756257339671412,0.5756257339671412,0,1.0
13137,3,7,1.0,1.0,0.4859506730613194,0.4859506730613194,0,1.0
13139,2,19,1.0,0.0,0.409315176163437,0.409315176163437,0,0.0
13149,3,6,1.0,1.0,0.5912067379988597,0.5912067379988597,0,1.0
13151,2,11,1.0,0.0,0.2277407576853641,0.2277407576853641,0,0.0
13153,2,12,1.0,0.0,0.5774677608782715,0.5774677608782715,0,0.0
13155,4,7,1.0,1.0,0.904790545578864,0.904790545578864,1,1.0
13157,2,16,1.0,0.0,0.3019599974998472,0.3019599974998472,0,0.0
13163,4,9,1.0,0.0,0.8800366153652907,0.8800366153652907,1,0.0
13165,4,5,1.0,1.0,0.8571985251771387,0.8571985251771387,1,1.0
13167,4,5,1.0,1.0,0.91159431400708,0.91159431400708,1,1.0
13169,4,8,1.0,0.0,0.6328506842937465,0.6328506842937465,0,0.0
13175,4,15,1.0,1.0,0.8594857978764887,0.8594857978764887,1,1.0
13179,1,9,1.0,1.0,0.6977621724281217,0.6977621724281217,0,1.0
13189,4,4,1.0,0.0,0.8445704384961086,0.8445704384961086,1,0.0
13191,3,4,1.0,0.0,0.750747201876686,0.750747201876686,1,0.0
13193,4,10,1.0,0.0,0.8074767271341702,0.8074767271341702,1,0.0
13195,3,11,1.0,0.0,0.4284139856817831,0.4284139856817831,0,0.0
13197,4,4,1.0,1.0,0.6376628407778971,0.6376628407778971,0,1.0
13215,4,11,1.0,0.0,0.6118867740178293,0.6118867740178293,0,0.0
13217,3,11,1.0,0.0,0.5744916435658438,0.5744916435658438,0,0.0
13219,1,8,1.0,1.0,0.2010614653026232,0.2010614653026232,0,1.0
13223,1,11,1.0,0.0,0.2382720071705359,0.2382720071705359,0,0.0
13225,4,3,1.0,0.0,0.6715570110802694,0.6715570110802694,0,0.0
13227,2,9,1.0,0.0,0.1824102764760665,0.1824102764760665,0,0.0
13233,4,8,1.0,1.0,0.6592538037044064,0.6592538037044064,0,1.0
13235,4,5,1.0,1.0,0.8917293937576828,0.8917293937576828,1,1.0
13237,4,5,1.0,0.0,0.708940509124773,0.708940509124773,0,0.0
13247,2,9,1.0,1.0,0.441708800209843,0.441708800209843,0,1.0
13253,4,4,1.0,1.0,0.869372499981652,0.869372499981652,1,1.0
13257,3,5,1.0,0.0,0.5398350307177842,0.5398350307177842,0,0.0
13261,4,8,1.0,0.0,0.7494468790942269,0.7494468790942269,0,0.0
13267,4,6,1.0,0.0,0.8647313709778606,0.8647313709778606,1,0.0
13273,4,7,1.0,1.0,0.8840908319359497,0.8840908319359497,1,1.0
13275,3,9,1.0,1.0,0.6612330477282061,0.6612330477282061,0,1.0
13277,4,9,1.0,1.0,0.7386629842706904,0.7386629842706904,0,1.0
13279,4,3,1.0,0.0,0.9278672186559372,0.9278672186559372,1,0.0
13281,3,3,1.0,1.0,0.3091905902707427,0.3091905902707427,0,1.0
13285,4,7,1.0,1.0,0.6882472370734082,0.6882472370734082,0,1.0
13287,4,4,1.0,1.0,0.9087679310989788,0.9087679310989788,1,1.0
13291,3,4,1.0,0.0,0.5312501114008895,0.5312501114008895,0,0.0
13293,4,7,1.0,0.0,0.7957594743000499,0.7957594743000499,1,0.0
13295,3,14,1.0,0.0,0.523272947648842,0.523272947648842,0,0.0
13297,2,11,1.0,1.0,0.3265858413621312,0.3265858413621312,0,1.0
13299,4,7,1.0,1.0,0.91197963724565,0.91197963724565,1,1.0
13301,4,9,1.0,1.0,0.8766368280630903,0.8766368280630903,1,1.0
13303,4,10,1.0,0.0,0.8567990151007777,0.8567990151007777,1,0.0
13305,4,6,1.0,0.0,0.8269828728807914,0.8269828728807914,1,0.0
13309,4,4,1.0,1.0,0.7584453287297848,0.7584453287297848,1,1.0
13313,4,8,1.0,0.0,0.497971471674778,0.497971471674778,0,0.0
13315,4,8,1.0,1.0,0.8070608434717947,0.8070608434717947,1,1.0
13317,4,5,1.0,1.0,0.8382641189921638,0.8382641189921638,1,1.0
16001,1,17,1.0,0.0,0.3345562604361254,0.3345562604361254,0,0.0
16011,3,11,1.0,0.0,0.790281269801422,0.790281269801422,1,0.0
16013,2,8,1.0,0.0,0.4666532271345213,0.4666532271345213,0,0.0
16017,2,18,1.0,0.0,0.6417135329079195,0.6417135329079195,0,0.0
16019,2,14,1.0,0.0,0.7001550541359527,0.7001550541359527,0,0.0
16025,4,2,1.0,1.0,0.7139069924469212,0.7139069924469212,0,1.0
16031,3,9,1.0,0.0,0.8036709111074973,0.8036709111074973,1,0.0
16035,3,7,1.0,1.0,0.8193356194867323,0.8193356194867323,1,1.0
16039,3,7,1.0,0.0,0.6680157727501798,0.6680157727501798,0,0.0
16041,1,7,1.0,1.0,0.5157084711569614,0.5157084711569614,0,1.0
16045,2,7,1.0,0.0,0.5773953444435459,0.5773953444435459,0,0.0
16047,3,6,1.0,0.0,0.8363555884476046,0.8363555884476046,1,0.0
16055,2,13,1.0,0.0,0.5237634911215091,0.5237634911215091,0,0.0
16059,3,10,1.0,1.0,0.8628633083218205,0.8628633083218205,1,1.0
16069,2,10,1.0,1.0,0.585521275915722,0.585521275915722,0,1.0
16073,3,12,1.0,1.0,0.8422590366712139,0.8422590366712139,1,1.0
16075,3,7,1.0,0.0,0.82245213497647,0.82245213497647,1,0.0
16079,4,15,1.0,1.0,0.910250348351878,0.910250348351878,1,1.0
16081,1,5,1.0,1.0,0.207024332149144,0.207024332149144,0,1.0
16083,3,10,1.0,1.0,0.7250356587749721,0.7250356587749721,0,1.0
16087,4,5,1.0,1.0,0.9245512209926552,0.9245512209926552,1,1.0
17001,2,23,1.0,0.0,0.3635972287455005,0.3635972287455005,0,0.0
17003,1,8,1.0,1.0,0.7463158780627724,0.7463158780627724,0,1.0
17007,1,15,1.0,1.0,0.4571847643008252,0.4571847643008252,0,1.0
17011,2,30,1.0,1.0,0.3996759190003304,0.3996759190003304,0,1.0
17013,2,7,1.0,1.0,0.2310731054243099,0.2310731054243099,0,1.0
17017,3,7,1.0,0.0,0.4700808854956851,0.4700808854956851,0,0.0
17019,3,35,1.0,0.0,0.4666804743407526,0.4666804743407526,0,0.0
17021,2,20,1.0,1.0,0.3646373601185155,0.3646373601185155,0,1.0
17025,3,13,1.0,0.0,0.5279675291582558,0.5279675291582558,0,0.0
17027,1,17,1.0,0.0,0.2679393951654322,0.2679393951654322,0,0.0
17033,2,10,1.0,0.0,0.4655927886711833,0.4655927886711833,0,0.0
17039,2,13,1.0,0.0,0.417580327084549,0.417580327084549,0,0.0
17041,2,13,1.0,0.0,0.4980397329996487,0.4980397329996487,0,0.0
17043,1,43,1.0,0.0,0.3126524778840323,0.3126524778840323,0,0.0
17045,2,15,1.0,0.0,0.3067741547854877,0.3067741547854877,0,0.0
17049,2,15,1.0,1.0,0.2555160763292111,0.2555160763292111,0,1.0
17053,2,21,1.0,0.0,0.4818741938291807,0.4818741938291807,0,0.0
17055,4,19,1.0,1.0,0.7902070853311091,0.7902070853311091,1,1.0
17057,3,24,1.0,1.0,0.4011289217705178,0.4011289217705178,0,1.0
17059,4,9,1.0,1.0,0.7820397795637184,0.7820397795637184,1,1.0
17063,1,16,1.0,0.0,0.4375270218970412,0.4375270218970412,0,0.0
17073,1,23,1.0,1.0,0.4347695360225041,0.4347695360225041,0,1.0
17075,2,25,1.0,0.0,0.5247425845323664,0.5247425845323664,0,0.0
17081,3,17,1.0,1.0,0.6189260108502456,0.6189260108502456,0,1.0
17087,2,10,1.0,1.0,0.4530234991265661,0.4530234991265661,0,1.0
17091,2,21,1.0,0.0,0.5849338207876376,0.5849338207876376,0,0.0
17093,1,19,1.0,0.0,0.3542470253474991,0.3542470253474991,0,0.0
17095,3,22,1.0,1.0,0.710610960086634,0.710610960086634,0,1.0
17097,1,35,1.0,0.0,0.3601314457053162,0.3601314457053162,0,0.0
17099,2,28,1.0,0.0,0.5877786018182068,0.5877786018182068,0,0.0
17103,2,24,1.0,1.0,0.405340619344455,0.405340619344455,0,1.0
17105,3,29,1.0,1.0,0.545953014000596,0.545953014000596,0,1.0
17107,1,20,1.0,0.0,0.3581321142388595,0.3581321142388595,0,0.0
17109,4,17,1.0,1.0,0.6260427851003357,0.6260427851003357,0,1.0
17111,1,24,1.0,0.0,0.2417839029682109,0.2417839029682109,0,0.0
17113,2,33,1.0,0.0,0.3838931444808094,0.3838931444808094,0,0.0
17115,3,27,1.0,0.0,0.5689457949778581,0.5689457949778581,0,0.0
17117,2,28,1.0,0.0,0.3255464030680295,0.3255464030680295,0,0.0
17121,3,15,1.0,1.0,0.7083569519473663,0.7083569519473663,0,1.0
17123,2,19,1.0,1.0,0.4004673657046124,0.4004673657046124,0,1.0
17125,3,11,1.0,0.0,0.5092496358345223,0.5092496358345223,0,0.0
17127,3,8,1.0,0.0,0.7289332938098828,0.7289332938098828,0,0.0
17133,1,9,1.0,1.0,0.1811666005320368,0.1811666005320368,0,1.0
17137,3,16,1.0,1.0,0.3256447335696355,0.3256447335696355,0,1.0
17141,2,27,1.0,1.0,0.4272748895241691,0.4272748895241691,0,1.0
17149,3,16,1.0,0.0,0.5072146622761843,0.5072146622761843,0,0.0
17157,2,18,1.0,1.0,0.5219870088692932,0.5219870088692932,0,1.0
17159,3,9,1.0,0.0,0.6687832219519132,0.6687832219519132,0,0.0
17161,2,20,1.0,0.0,0.6982002808809747,0.6982002808809747,0,0.0
17165,4,11,1.0,0.0,0.8534232406269396,0.8534232406269396,1,0.0
17167,2,29,1.0,0.0,0.4171418438870355,0.4171418438870355,0,0.0
17171,2,9,1.0,1.0,0.2153231834426327,0.2153231834426327,0,1.0
17173,2,22,1.0,0.0,0.2886223083082787,0.2886223083082787,0,0.0
17179,1,21,1.0,0.0,0.3313039661356138,0.3313039661356138,0,0.0
17181,3,13,1.0,0.0,0.5403916793904622,0.5403916793904622,0,0.0
17183,3,27,1.0,0.0,0.6341398900257788,0.6341398900257788,0,0.0
17187,3,14,1.0,0.0,0.6496534449826588,0.6496534449826588,0,0.0
17189,1,13,1.0,0.0,0.4212983921135969,0.4212983921135969,0,0.0
17193,3,11,1.0,0.0,0.5803048652040073,0.5803048652040073,0,0.0
17199,3,22,1.0,0.0,0.5073829021927065,0.5073829021927065,0,0.0
17201,2,26,1.0,0.0,0.6770615821623491,0.6770615821623491,0,0.0
17203,1,16,1.0,1.0,0.2303577499975876,0.2303577499975876,0,1.0
18001,3,8,1.0,1.0,0.6561887865542206,0.6561887865542206,0,1.0
18003,2,33,1.0,0.0,0.5185677986856767,0.5185677986856767,0,0.0
18005,2,14,1.0,1.0,0.4844756945874763,0.4844756945874763,0,1.0
18009,3,7,1.0,1.0,0.8927312743155531,0.8927312743155531,1,1.0
18011,1,12,1.0,1.0,0.2939014528656288,0.2939014528656288,0,1.0
18013,1,9,1.0,0.0,0.4653361998149595,0.4653361998149595,0,0.0
18017,3,12,1.0,1.0,0.8098321139716889,0.8098321139716889,1,1.0
18019,2,15,1.0,0.0,0.4873502836821546,0.4873502836821546,0,0.0
18021,2,17,1.0,0.0,0.5582804816104396,0.5582804816104396,0,0.0
18023,3,12,1.0,1.0,0.7547639990112986,0.7547639990112986,1,1.0
18029,1,9,1.0,0.0,0.2483997951025043,0.2483997951025043,0,0.0
18035,4,21,1.0,0.0,0.7677932135181115,0.7677932135181115,1,0.0
18037,1,13,1.0,1.0,0.2072140339563734,0.2072140339563734,0,1.0
18039,2,17,1.0,0.0,0.7286339519710657,0.7286339519710657,0,0.0
18043,2,10,1.0,1.0,0.5527722231844505,0.5527722231844505,0,1.0
18047,1,15,1.0,0.0,0.403406644339047,0.403406644339047,0,0.0
18051,2,16,1.0,1.0,0.4701994900447572,0.4701994900447572,0,1.0
18053,3,15,1.0,0.0,0.8653891789262518,0.8653891789262518,1,0.0
18055,2,16,1.0,1.0,0.571909097657181,0.571909097657181,0,1.0
18059,1,15,1.0,1.0,0.4657017103302488,0.4657017103302488,0,1.0
18061,2,16,1.0,1.0,0.3310041794954501,0.3310041794954501,0,1.0
18063,1,19,1.0,0.0,0.3885877418168112,0.3885877418168112,0,0.0
18067,2,10,1.0,0.0,0.8568040118676582,0.8568040118676582,1,0.0
18069,2,9,1.0,1.0,0.3377504298147387,0.3377504298147387,0,1.0
18071,3,8,1.0,0.0,0.5496729764248826,0.5496729764248826,0,0.0
18073,1,13,1.0,1.0,0.4147093044053979,0.4147093044053979,0,1.0
18079,2,13,1.0,0.0,0.6734073670698946,0.6734073670698946,0,0.0
18081,1,12,1.0,0.0,0.5903830628457079,0.5903830628457079,0,0.0
18083,3,11,1.0,1.0,0.7265866898657398,0.7265866898657398,0,1.0
18085,1,21,1.0,0.0,0.5047223696690312,0.5047223696690312,0,0.0
18087,1,12,1.0,1.0,0.66824615212111,0.66824615212111,0,1.0
18091,3,15,1.0,0.0,0.7315253117924799,0.7315253117924799,0,0.0
18093,2,12,1.0,1.0,0.7042556779115389,0.7042556779115389,0,1.0
18095,3,18,1.0,0.0,0.8546034703257234,0.8546034703257234,1,0.0
18101,2,7,1.0,1.0,0.6329514025753751,0.6329514025753751,0,1.0
18105,1,18,1.0,0.0,0.579937252671985,0.579937252671985,0,0.0
18107,2,16,1.0,0.0,0.6375338635825207,0.6375338635825207,0,0.0
18109,1,14,1.0,0.0,0.6476665733942862,0.6476665733942862,0,0.0
18117,3,11,1.0,0.0,0.7024093153227737,0.7024093153227737,0,0.0
18123,2,14,1.0,0.0,0.2950741617349086,0.2950741617349086,0,0.0
18127,1,15,1.0,0.0,0.4485500958214533,0.4485500958214533,0,0.0
18129,1,7,1.0,0.0,0.3762781317957792,0.3762781317957792,0,0.0
18133,1,15,1.0,1.0,0.6060224983769127,0.6060224983769127,0,1.0
18139,2,16,1.0,0.0,0.7912127062085957,0.7912127062085957,1,0.0
18141,3,24,1.0,0.0,0.6016578958269777,0.6016578958269777,0,0.0
18143,3,6,1.0,0.0,0.6694124145079428,0.6694124145079428,0,0.0
18145,2,17,1.0,1.0,0.6823178791128044,0.6823178791128044,0,1.0
18147,1,16,1.0,0.0,0.4364863085279739,0.4364863085279739,0,0.0
18149,3,11,1.0,0.0,0.6822717050862647,0.6822717050862647,0,0.0
18153,3,13,1.0,0.0,0.641526738387461,0.641526738387461,0,0.0
18157,3,18,1.0,0.0,0.6164089561290136,0.6164089561290136,0,0.0
18163,3,11,1.0,0.0,0.6696536510205501,0.6696536510205501,0,0.0
18167,1,18,1.0,0.0,0.5498755738479619,0.5498755738479619,0,0.0
18169,2,14,1.0,1.0,0.6132259304048003,0.6132259304048003,0,1.0
18173,1,12,1.0,1.0,0.0762950242081074,0.0762950242081074,0,1.0
18175,2,12,1.0,0.0,0.6674592335168902,0.6674592335168902,0,0.0
18177,3,17,1.0,1.0,0.8222769283752696,0.8222769283752696,1,1.0
19003,2,9,1.0,1.0,0.6295367502093107,0.6295367502093107,0,1.0
19007,3,11,1.0,1.0,0.7290055595437362,0.7290055595437362,0,1.0
19009,2,11,1.0,1.0,0.6602120585277049,0.6602120585277049,0,1.0
19011,1,24,1.0,0.0,0.4242641799060921,0.4242641799060921,0,0.0
19013,3,17,1.0,0.0,0.6174306617398094,0.6174306617398094,0,0.0
19015,3,18,1.0,0.0,0.6384129154794662,0.6384129154794662,0,0.0
19021,2,13,1.0,0.0,0.6173744557428922,0.6173744557428922,0,0.0
19023,1,16,1.0,0.0,0.3121713445845098,0.3121713445845098,0,0.0
19027,1,16,1.0,0.0,0.4553182605739729,0.4553182605739729,0,0.0
19031,1,18,1.0,0.0,0.4342478995661674,0.4342478995661674,0,0.0
19037,1,9,1.0,1.0,0.4638353107463777,0.4638353107463777,0,1.0
19039,3,9,1.0,1.0,0.7680783250473575,0.7680783250473575,1,1.0
19041,2,15,1.0,0.0,0.6061629284655327,0.6061629284655327,0,0.0
19045,2,20,1.0,0.0,0.6072061116996509,0.6072061116996509,0,0.0
19049,1,25,1.0,0.0,0.4779043300401194,0.4779043300401194,0,0.0
19057,3,12,1.0,1.0,0.7102610478286657,0.7102610478286657,0,1.0
19061,2,19,1.0,0.0,0.3770284415556742,0.3770284415556742,0,0.0
19067,3,13,1.0,0.0,0.6260846652671824,0.6260846652671824,0,0.0
19071,2,11,1.0,1.0,0.657605009267971,0.657605009267971,0,1.0
19077,1,18,1.0,1.0,0.4694803060387876,0.4694803060387876,0,1.0
19079,1,15,1.0,0.0,0.6529587915046273,0.6529587915046273,0,0.0
19087,2,11,1.0,0.0,0.5884602327346988,0.5884602327346988,0,0.0
19095,1,21,1.0,0.0,0.3414221840921062,0.3414221840921062,0,0.0
19097,2,14,1.0,0.0,0.4155661925887861,0.4155661925887861,0,0.0
19099,1,19,1.0,1.0,0.5055728389775024,0.5055728389775024,0,1.0
19103,1,24,1.0,0.0,0.5449992893001772,0.5449992893001772,0,0.0
19105,2,16,1.0,0.0,0.5474188670419526,0.5474188670419526,0,0.0
19109,2,21,1.0,0.0,0.653770147761103,0.653770147761103,0,0.0
19111,3,12,1.0,0.0,0.690674746579405,0.690674746579405,0,0.0
19113,1,29,1.0,0.0,0.4649608348339784,0.4649608348339784,0,0.0
19121,1,14,1.0,0.0,0.5101722355974403,0.5101722355974403,0,0.0
19123,2,20,1.0,0.0,0.6281648889965961,0.6281648889965961,0,0.0
19127,2,21,1.0,1.0,0.6750240832039397,0.6750240832039397,0,1.0
19129,1,11,1.0,0.0,0.4565949601332827,0.4565949601332827,0,0.0
19133,2,15,1.0,1.0,0.586550014164949,0.586550014164949,0,1.0
19145,2,12,1.0,0.0,0.738995259587333,0.738995259587333,0,0.0
19149,1,14,1.0,0.0,0.5606138708607337,0.5606138708607337,0,0.0
19151,2,16,1.0,1.0,0.7235200647899694,0.7235200647899694,0,1.0
19155,2,24,1.0,0.0,0.6424283255115292,0.6424283255115292,0,0.0
19157,2,17,1.0,0.0,0.403885729807945,0.403885729807945,0,0.0
19161,2,16,1.0,1.0,0.447027638521961,0.447027638521961,0,1.0
19163,2,22,1.0,0.0,0.621811469699161,0.621811469699161,0,0.0
19169,3,22,1.0,0.0,0.5863671327461699,0.5863671327461699,0,0.0
19179,3,12,1.0,1.0,0.7785862437059087,0.7785862437059087,1,1.0
19181,1,19,1.0,1.0,0.4509847345253331,0.4509847345253331,0,1.0
19187,3,22,1.0,0.0,0.7303072318225338,0.7303072318225338,0,0.0
19193,2,25,1.0,0.0,0.6745208558898678,0.6745208558898678,0,0.0
19197,2,16,1.0,0.0,0.7165013430855948,0.7165013430855948,0,0.0
20001,3,11,1.0,0.0,0.7427226727325367,0.7427226727325367,0,0.0
20005,2,10,1.0,0.0,0.6301858985869988,0.6301858985869988,0,0.0
20009,3,10,1.0,0.0,0.6310120250274499,0.6310120250274499,0,0.0
20011,4,13,1.0,0.0,0.6904034038234194,0.6904034038234194,0,0.0
20015,2,20,1.0,1.0,0.5295792827318186,0.5295792827318186,0,1.0
20019,4,10,1.0,1.0,0.7843449071277223,0.7843449071277223,1,1.0
20021,1,13,1.0,0.0,0.708661588775429,0.708661588775429,0,0.0
20027,1,10,1.0,1.0,0.4107826262451692,0.4107826262451692,0,1.0
20029,3,8,1.0,1.0,0.5842393296240285,0.5842393296240285,0,1.0
20035,3,14,1.0,1.0,0.7285927941846304,0.7285927941846304,0,1.0
20037,1,15,1.0,1.0,0.6853498762799535,0.6853498762799535,0,1.0
20039,2,8,1.0,1.0,0.7010884892230325,0.7010884892230325,0,1.0
20041,2,12,1.0,0.0,0.4422088268068306,0.4422088268068306,0,0.0
20045,1,12,1.0,0.0,0.4467217640691928,0.4467217640691928,0,0.0
20047,3,7,1.0,1.0,0.5272220345615696,0.5272220345615696,0,1.0
20051,3,11,1.0,0.0,0.2595382764771203,0.2595382764771203,0,0.0
20055,3,7,1.0,1.0,0.6657306456022496,0.6657306456022496,0,1.0
20057,4,10,1.0,1.0,0.8208436113673805,0.8208436113673805,1,1.0
20059,2,13,1.0,0.0,0.5917620399730544,0.5917620399730544,0,0.0
20061,3,8,1.0,1.0,0.779897876200294,0.779897876200294,1,1.0
20067,2,3,1.0,1.0,0.5374396674802918,0.5374396674802918,0,1.0
20073,3,11,1.0,1.0,0.6838837010416181,0.6838837010416181,0,1.0
20079,1,13,1.0,1.0,0.6127418692845881,0.6127418692845881,0,1.0
20083,2,8,1.0,1.0,0.4491109198299838,0.4491109198299838,0,1.0
20085,2,18,1.0,1.0,0.5051931635999627,0.5051931635999627,0,1.0
20087,2,15,1.0,0.0,0.4209753145229155,0.4209753145229155,0,0.0
20095,1,12,1.0,1.0,0.247613250113401,0.247613250113401,0,1.0
20097,2,7,1.0,1.0,0.4536276674711311,0.4536276674711311,0,1.0
20099,4,13,1.0,0.0,0.7325165384147251,0.7325165384147251,0,0.0
20103,1,13,1.0,0.0,0.5529389577214497,0.5529389577214497,0,0.0
20111,3,12,1.0,0.0,0.7339193120753225,0.7339193120753225,0,0.0
20113,1,12,1.0,0.0,0.313526243233381,0.313526243233381,0,0.0
20121,1,11,1.0,1.0,0.382376840604396,0.382376840604396,0,1.0
20125,3,13,1.0,1.0,0.8302337899405906,0.8302337899405906,1,1.0
20127,2,9,1.0,1.0,0.5792433436537511,0.5792433436537511,0,1.0
20129,2,5,1.0,1.0,0.7687926220666077,0.7687926220666077,1,1.0
20133,4,11,1.0,0.0,0.7749810620175782,0.7749810620175782,1,0.0
20135,3,9,1.0,1.0,0.4273605858445352,0.4273605858445352,0,1.0
20139,2,15,1.0,0.0,0.692444559954562,0.692444559954562,0,0.0
20147,2,9,1.0,1.0,0.4927001687466422,0.4927001687466422,0,1.0
20149,2,12,1.0,0.0,0.4890418349075955,0.4890418349075955,0,0.0
20155,2,22,1.0,0.0,0.686841380872141,0.686841380872141,0,0.0
20159,2,13,1.0,1.0,0.4167120221981437,0.4167120221981437,0,1.0
20161,3,14,1.0,0.0,0.5396705681598811,0.5396705681598811,0,0.0
20163,2,10,1.0,1.0,0.3442330406561491,0.3442330406561491,0,1.0
20167,2,11,1.0,1.0,0.6486595652239431,0.6486595652239431,0,1.0
20169,2,9,1.0,1.0,0.5272036983060637,0.5272036983060637,0,1.0
20175,4,6,1.0,0.0,0.8649914395292215,0.8649914395292215,1,0.0
20179,1,11,1.0,1.0,0.4198739722032451,0.4198739722032451,0,1.0
20201,2,15,1.0,1.0,0.3952750767719063,0.3952750767719063,0,1.0
20205,4,10,1.0,1.0,0.7867033498940955,0.7867033498940955,1,1.0
21001,4,10,1.0,0.0,0.7682242948722203,0.7682242948722203,1,0.0
21003,4,6,1.0,0.0,0.8473568701047575,0.8473568701047575,1,0.0
21009,4,11,1.0,0.0,0.8678087530807947,0.8678087530807947,1,0.0
21011,4,8,1.0,1.0,0.7485500183191115,0.7485500183191115,0,1.0
21013,4,11,1.0,0.0,0.7772795099086802,0.7772795099086802,1,0.0
21015,1,9,1.0,0.0,0.3105587684815892,0.3105587684815892,0,0.0
21019,3,4,1.0,1.0,0.9209224518295712,0.9209224518295712,1,1.0
21021,3,5,1.0,0.0,0.7718106739146702,0.7718106739146702,1,0.0
21023,3,7,1.0,1.0,0.7356170446935879,0.7356170446935879,0,1.0
21027,3,18,1.0,0.0,0.6739435699533172,0.6739435699533172,0,0.0
21029,1,11,1.0,0.0,0.6270612956262966,0.6270612956262966,0,0.0
21033,3,6,1.0,1.0,0.7532387551602578,0.7532387551602578,1,1.0
21037,2,10,1.0,1.0,0.3065849911919963,0.3065849911919963,0,1.0
21041,4,8,1.0,1.0,0.8709587164226859,0.8709587164226859,1,1.0
21047,4,15,1.0,0.0,0.7972206806053551,0.7972206806053551,1,0.0
21049,3,4,1.0,1.0,0.7102715050436823,0.7102715050436823,0,1.0
21051,4,10,1.0,0.0,0.8859686229077479,0.8859686229077479,1,0.0
21057,4,3,1.0,1.0,0.8519623297224918,0.8519623297224918,1,1.0
21059,3,10,1.0,0.0,0.7463892853618779,0.7463892853618779,0,0.0
21061,4,12,1.0,1.0,0.6538734594318246,0.6538734594318246,0,1.0
21063,4,6,1.0,1.0,0.7772634180254627,0.7772634180254627,1,1.0
21067,2,17,1.0,0.0,0.531638169920641,0.531638169920641,0,0.0
21069,4,7,1.0,0.0,0.843225364789583,0.843225364789583,1,0.0
21071,4,33,1.0,1.0,0.8093634522004964,0.8093634522004964,1,1.0
21073,2,5,1.0,1.0,0.679813799006615,0.679813799006615,0,1.0
21075,4,3,1.0,1.0,0.8923460358704968,0.8923460358704968,1,1.0
21077,3,6,1.0,1.0,0.6546610191484461,0.6546610191484461,0,1.0
21079,3,5,1.0,0.0,0.7836349489697965,0.7836349489697965,1,0.0
21081,3,8,1.0,0.0,0.7649273177734319,0.7649273177734319,1,0.0
21083,4,18,1.0,1.0,0.7890480652733926,0.7890480652733926,1,1.0
21085,4,9,1.0,0.0,0.6620908960833148,0.6620908960833148,0,0.0
21093,2,17,1.0,0.0,0.7293979510419689,0.7293979510419689,0,0.0
21097,3,6,1.0,0.0,0.6944692226407846,0.6944692226407846,0,0.0
21099,4,10,1.0,0.0,0.8397761079485241,0.8397761079485241,1,0.0
21101,3,8,1.0,0.0,0.8154353509195751,0.8154353509195751,1,0.0
21103,3,13,1.0,0.0,0.6077142108586605,0.6077142108586605,0,0.0
21105,4,7,1.0,1.0,0.7051516164196883,0.7051516164196883,0,1.0
21107,4,13,1.0,0.0,0.7941145287265287,0.7941145287265287,1,0.0
21113,3,4,1.0,1.0,0.7119183706950005,0.7119183706950005,0,1.0
21115,4,19,1.0,0.0,0.704326438121204,0.704326438121204,0,0.0
21117,2,12,1.0,0.0,0.4338094993305534,0.4338094993305534,0,0.0
21119,4,24,1.0,0.0,0.7579997583307163,0.7579997583307163,1,0.0
21121,4,19,1.0,1.0,0.7431216140678606,0.7431216140678606,0,1.0
21125,4,8,1.0,1.0,0.807645440101722,0.807645440101722,1,1.0
21127,4,10,1.0,0.0,0.8677325609067545,0.8677325609067545,1,0.0
21133,1,26,1.0,0.0,0.785207637794251,0.785207637794251,1,0.0
21137,4,11,1.0,0.0,0.793045880629578,0.793045880629578,1,0.0
21141,4,7,1.0,0.0,0.7737299474311519,0.7737299474311519,1,0.0
21145,3,7,1.0,1.0,0.8236570104622397,0.8236570104622397,1,1.0
21149,2,7,1.0,1.0,0.5526122984050309,0.5526122984050309,0,1.0
21151,1,5,1.0,0.0,0.7715013802241808,0.7715013802241808,1,0.0
21153,4,4,1.0,1.0,0.8821556214387036,0.8821556214387036,1,1.0
21159,4,9,1.0,1.0,0.7613366919648593,0.7613366919648593,1,1.0
21161,4,5,1.0,0.0,0.8203545321180269,0.8203545321180269,1,0.0
21163,2,12,1.0,0.0,0.5401600112693963,0.5401600112693963,0,0.0
21167,2,5,1.0,0.0,0.7890772736236912,0.7890772736236912,1,0.0
21171,4,6,1.0,1.0,0.7529779224085132,0.7529779224085132,1,1.0
21173,4,5,1.0,0.0,0.7879379043798154,0.7879379043798154,1,0.0
21175,4,8,1.0,0.0,0.794099532186283,0.794099532186283,1,0.0
21179,1,9,1.0,1.0,0.6160093772106124,0.6160093772106124,0,1.0
21183,3,16,1.0,0.0,0.6655527651545797,0.6655527651545797,0,0.0
21185,1,11,1.0,0.0,0.1255476746940481,0.1255476746940481,0,0.0
21191,3,10,1.0,0.0,0.6062980472617521,0.6062980472617521,0,0.0
21195,4,39,1.0,0.0,0.8622620084030623,0.8622620084030623,1,0.0
21197,4,4,1.0,1.0,0.8826234277649558,0.8826234277649558,1,1.0
21199,4,11,1.0,0.0,0.8394644013609588,0.8394644013609588,1,0.0
21201,4,7,1.0,1.0,0.8233945102827656,0.8233945102827656,1,1.0
21203,4,7,1.0,0.0,0.7478706111414344,0.7478706111414344,0,0.0
21205,4,4,1.0,0.0,0.5841925296791537,0.5841925296791537,0,0.0
21207,4,7,1.0,0.0,0.8048847797452231,0.8048847797452231,1,0.0
21209,2,6,1.0,1.0,0.6147948400198501,0.6147948400198501,0,1.0
21211,2,14,1.0,1.0,0.5587620314693468,0.5587620314693468,0,1.0
21217,4,6,1.0,0.0,0.8484283476579675,0.8484283476579675,1,0.0
21221,2,5,1.0,0.0,0.819057969271105,0.819057969271105,1,0.0
21225,4,5,1.0,0.0,0.7234780468893908,0.7234780468893908,0,0.0
21227,3,9,1.0,0.0,0.6225778093990177,0.6225778093990177,0,0.0
21231,4,5,1.0,0.0,0.890181397801917,0.890181397801917,1,0.0
21235,4,7,1.0,0.0,0.719469706027127,0.719469706027127,0,0.0
21237,4,5,1.0,1.0,0.8228702094136455,0.8228702094136455,1,1.0
21239,2,3,1.0,0.0,0.3726872305957395,0.3726872305957395,0,0.0
22001,4,15,1.0,1.0,0.7258472324392604,0.7258472324392604,0,1.0
22003,3,13,1.0,0.0,0.5091745174683235,0.5091745174683235,0,0.0
22005,1,8,1.0,0.0,0.3509276833539778,0.3509276833539778,0,0.0
22009,4,15,1.0,1.0,0.6524324020303923,0.6524324020303923,0,1.0
22011,3,9,1.0,1.0,0.6245901257812102,0.6245901257812102,0,1.0
22013,4,13,1.0,0.0,0.7620389924141683,0.7620389924141683,1,0.0
22019,3,16,1.0,0.0,0.614338420236574,0.614338420236574,0,0.0
22021,4,4,1.0,1.0,0.7376600762194094,0.7376600762194094,0,1.0
22023,4,8,1.0,1.0,0.7928677620483388,0.7928677620483388,1,1.0
22027,4,11,1.0,0.0,0.8913951730857415,0.8913951730857415,1,0.0
22031,4,10,1.0,0.0,0.7078300700098421,0.7078300700098421,0,0.0
22039,4,12,1.0,1.0,0.7414549789983158,0.7414549789983158,0,1.0
22041,4,7,1.0,0.0,0.8656280410250184,0.8656280410250184,1,0.0
22043,3,8,1.0,0.0,0.5227269144898631,0.5227269144898631,0,0.0
22045,4,10,1.0,0.0,0.7039641996980741,0.7039641996980741,0,0.0
22047,3,8,1.0,1.0,0.7129351503523944,0.7129351503523944,0,1.0
22049,4,7,1.0,0.0,0.7357123534034721,0.7357123534034721,0,0.0
22053,3,10,1.0,1.0,0.6869595668010213,0.6869595668010213,0,1.0
22055,1,16,1.0,0.0,0.4330363141324684,0.4330363141324684,0,0.0
22057,3,14,1.0,0.0,0.5308915493255197,0.5308915493255197,0,0.0
22063,2,17,1.0,0.0,0.3965194140475068,0.3965194140475068,0,0.0
22065,4,4,1.0,1.0,0.8776552677814767,0.8776552677814767,1,1.0
22069,4,16,1.0,1.0,0.7507214131330096,0.7507214131330096,1,1.0
22077,3,17,1.0,0.0,0.6480728612353346,0.6480728612353346,0,0.0
22079,4,27,1.0,0.0,0.5776744316705001,0.5776744316705001,0,0.0
22083,4,6,1.0,0.0,0.8734117735298795,0.8734117735298795,1,0.0
22087,4,6,1.0,1.0,0.7884458349157236,0.7884458349157236,1,1.0
22089,1,10,1.0,1.0,0.3199666809352932,0.3199666809352932,0,1.0
22093,3,7,1.0,0.0,0.578966326588999,0.578966326588999,0,0.0
22095,3,6,1.0,1.0,0.5348206131975916,0.5348206131975916,0,1.0
22099,4,8,1.0,1.0,0.6472570857152061,0.6472570857152061,0,1.0
22101,4,8,1.0,0.0,0.741796441073803,0.741796441073803,0,0.0
22103,2,17,1.0,0.0,0.2479960871213378,0.2479960871213378,0,0.0
22105,1,20,1.0,0.0,0.5920697023777985,0.5920697023777985,0,0.0
22107,4,4,1.0,1.0,0.8310777945754447,0.8310777945754447,1,1.0
22109,3,13,1.0,0.0,0.5666995549348338,0.5666995549348338,0,0.0
22111,3,10,1.0,0.0,0.6748044909227577,0.6748044909227577,0,0.0
22113,3,12,1.0,1.0,0.6458198649573688,0.6458198649573688,0,1.0
22115,3,13,1.0,1.0,0.5793239797730676,0.5793239797730676,0,1.0
22117,4,6,1.0,0.0,0.7289422985468499,0.7289422985468499,0,0.0
22119,4,12,1.0,1.0,0.8549383841563735,0.8549383841563735,1,1.0
22121,2,5,1.0,0.0,0.5989289213993998,0.5989289213993998,0,0.0
22123,4,4,1.0,1.0,0.5879515380518343,0.5879515380518343,0,1.0
22127,4,12,1.0,0.0,0.7595417167273578,0.7595417167273578,1,0.0
23001,2,14,1.0,0.0,0.6145109196256128,0.6145109196256128,0,0.0
23005,1,38,1.0,0.0,0.3892776993229351,0.3892776993229351,0,0.0
23007,1,18,1.0,1.0,0.5671034351099814,0.5671034351099814,0,1.0
23009,2,40,1.0,1.0,0.4452727949047323,0.4452727949047323,0,1.0
23011,2,27,1.0,0.0,0.5979510177632259,0.5979510177632259,0,0.0
23013,1,19,1.0,1.0,0.5015906180793236,0.5015906180793236,0,1.0
23017,1,33,1.0,0.0,0.6096812206092272,0.6096812206092272,0,0.0
23019,1,47,1.0,0.0,0.5902535072302568,0.5902535072302568,0,0.0
23021,3,16,1.0,0.0,0.7480955052900969,0.7480955052900969,0,0.0
23025,4,24,1.0,0.0,0.7942458642733508,0.7942458642733508,1,0.0
23027,2,18,1.0,1.0,0.5054515594786034,0.5054515594786034,0,1.0
23031,1,36,1.0,0.0,0.4921192516651363,0.4921192516651363,0,0.0
24001,3,15,1.0,1.0,0.6019759879596472,0.6019759879596472,0,1.0
24011,3,10,1.0,1.0,0.6744389613074017,0.6744389613074017,0,1.0
24013,1,15,1.0,0.0,0.0594394834916185,0.0594394834916185,0,0.0
24017,1,24,1.0,0.0,0.2051223712506455,0.2051223712506455,0,0.0
24019,3,18,1.0,1.0,0.7317382321460246,0.7317382321460246,0,1.0
24021,1,34,1.0,0.0,0.162031895054292,0.162031895054292,0,0.0
24027,1,24,1.0,0.0,0.1001466623894035,0.1001466623894035,0,0.0
24029,2,9,1.0,0.0,0.445794568479848,0.445794568479848,0,0.0
24035,1,16,1.0,1.0,0.2296122771227365,0.2296122771227365,0,1.0
24037,1,26,1.0,0.0,0.3643575796680349,0.3643575796680349,0,0.0
24039,1,11,1.0,0.0,0.7973663065353741,0.7973663065353741,1,0.0
24041,1,16,1.0,0.0,0.4562284088436425,0.4562284088436425,0,0.0
24043,1,20,1.0,0.0,0.5601968256519357,0.5601968256519357,0,0.0
24047,2,12,1.0,1.0,0.5998413147365866,0.5998413147365866,0,1.0
25001,1,47,1.0,0.0,0.4257696453092901,0.4257696453092901,0,0.0
25005,2,36,1.0,0.0,0.676605275066872,0.676605275066872,0,0.0
25011,2,32,1.0,0.0,0.4556462579864593,0.4556462579864593,0,0.0
25013,2,41,1.0,0.0,0.7120868289376082,0.7120868289376082,0,0.0
25015,1,28,1.0,0.0,0.3712495583377488,0.3712495583377488,0,0.0
25023,1,34,1.0,0.0,0.4584209392616469,0.4584209392616469,0,0.0
25025,3,36,1.0,0.0,0.6746081007236868,0.6746081007236868,0,0.0
25027,1,87,1.0,0.0,0.4927865372956232,0.4927865372956232,0,0.0
26005,2,24,1.0,0.0,0.4861904402807506,0.4861904402807506,0,0.0
26009,2,16,1.0,0.0,0.427238228497406,0.427238228497406,0,0.0
26011,3,10,1.0,0.0,0.7593602861483122,0.7593602861483122,1,0.0
26013,3,7,1.0,1.0,0.3795431520489534,0.3795431520489534,0,1.0
26015,1,15,1.0,1.0,0.3823676119319572,0.3823676119319572,0,1.0
26017,2,16,1.0,0.0,0.694225384329412,0.694225384329412,0,0.0
26021,1,23,1.0,0.0,0.5727231818782794,0.5727231818782794,0,0.0
26023,3,13,1.0,0.0,0.7250313076955621,0.7250313076955621,0,0.0
26025,3,22,1.0,0.0,0.6540599728331684,0.6540599728331684,0,0.0
26027,2,14,1.0,1.0,0.6763790007145398,0.6763790007145398,0,1.0
26041,3,13,1.0,1.0,0.4416589915970711,0.4416589915970711,0,1.0
26045,1,19,1.0,0.0,0.5216253739356208,0.5216253739356208,0,0.0
26049,3,34,1.0,0.0,0.6647701854807776,0.6647701854807776,0,0.0
26055,1,9,1.0,1.0,0.1833870460424642,0.1833870460424642,0,1.0
26059,3,18,1.0,0.0,0.7092256617773989,0.7092256617773989,0,0.0
26061,4,20,1.0,0.0,0.349438428536088,0.349438428536088,0,0.0
26063,2,18,1.0,1.0,0.7201877067674809,0.7201877067674809,0,1.0
26065,1,22,1.0,0.0,0.6115066905169143,0.6115066905169143,0,0.0
26067,2,21,1.0,0.0,0.4854058904098161,0.4854058904098161,0,0.0
26073,4,15,1.0,1.0,0.6539239709321754,0.6539239709321754,0,1.0
26075,2,29,1.0,0.0,0.5829789177761217,0.5829789177761217,0,0.0
26077,2,25,1.0,0.0,0.5256736323247139,0.5256736323247139,0,0.0
26081,2,39,1.0,0.0,0.5213090703889346,0.5213090703889346,0,0.0
26087,2,22,1.0,0.0,0.5149129355456137,0.5149129355456137,0,0.0
26091,2,23,1.0,0.0,0.5507823206804847,0.5507823206804847,0,0.0
26093,1,20,1.0,0.0,0.1631874002063653,0.1631874002063653,0,0.0
26099,2,39,1.0,0.0,0.6025932087287907,0.6025932087287907,0,0.0
26101,2,15,1.0,0.0,0.3973832959955939,0.3973832959955939,0,0.0
26103,2,15,1.0,1.0,0.3131199226466382,0.3131199226466382,0,1.0
26115,1,25,1.0,0.0,0.5633710361735356,0.5633710361735356,0,0.0
26121,3,20,1.0,0.0,0.6917265564291297,0.6917265564291297,0,0.0
26123,3,21,1.0,1.0,0.6585114071286177,0.6585114071286177,0,1.0
26127,3,12,1.0,0.0,0.6624039117058277,0.6624039117058277,0,0.0
26137,3,7,1.0,0.0,0.5217477972133427,0.5217477972133427,0,0.0
26139,1,22,1.0,0.0,0.320684909201738,0.320684909201738,0,0.0
26141,2,7,1.0,0.0,0.5662082058213015,0.5662082058213015,0,0.0
26145,3,28,1.0,0.0,0.5503212908718053,0.5503212908718053,0,0.0
26147,2,23,1.0,0.0,0.5093155447950486,0.5093155447950486,0,0.0
26149,3,13,1.0,1.0,0.7290790078536251,0.7290790078536251,0,1.0
26151,3,22,1.0,0.0,0.7257654591610413,0.7257654591610413,0,0.0
26155,2,19,1.0,1.0,0.4415542166776149,0.4415542166776149,0,1.0
26157,3,21,1.0,0.0,0.7237904846190955,0.7237904846190955,0,0.0
26159,3,22,1.0,0.0,0.7115482298621184,0.7115482298621184,0,0.0
26161,2,27,1.0,0.0,0.3874232375389377,0.3874232375389377,0,0.0
27001,2,12,1.0,0.0,0.6069549226807323,0.6069549226807323,0,0.0
27003,1,20,1.0,0.0,0.425223501580684,0.425223501580684,0,0.0
27005,2,16,1.0,1.0,0.6914120775935603,0.6914120775935603,0,1.0
27007,3,18,1.0,0.0,0.5677041307909738,0.5677041307909738,0,0.0
27009,1,9,1.0,1.0,0.412904489628871,0.412904489628871,0,1.0
27025,1,15,1.0,1.0,0.2502060083903558,0.2502060083903558,0,1.0
27027,2,15,1.0,0.0,0.4747080371915736,0.4747080371915736,0,0.0
27037,1,22,1.0,0.0,0.4737870425002538,0.4737870425002538,0,0.0
27041,1,17,1.0,1.0,0.3206366420418708,0.3206366420418708,0,1.0
27047,2,18,1.0,1.0,0.6619662674464536,0.6619662674464536,0,1.0
27049,1,17,1.0,1.0,0.4112786862970713,0.4112786862970713,0,1.0
27057,2,10,1.0,0.0,0.523388445243401,0.523388445243401,0,0.0
27061,2,30,1.0,1.0,0.5926477974928404,0.5926477974928404,0,1.0
27079,1,13,1.0,0.0,0.4243284087271191,0.4243284087271191,0,0.0
27083,3,14,1.0,0.0,0.3894443510436965,0.3894443510436965,0,0.0
27095,2,12,1.0,0.0,0.5341994374376072,0.5341994374376072,0,0.0
27097,2,20,1.0,1.0,0.3357299577905287,0.3357299577905287,0,1.0
27099,2,19,1.0,1.0,0.4937749295604822,0.4937749295604822,0,1.0
27109,1,19,1.0,0.0,0.4342697475182008,0.4342697475182008,0,0.0
27111,1,34,1.0,0.0,0.5186899705611848,0.5186899705611848,0,0.0
27115,2,16,1.0,0.0,0.5671084741012441,0.5671084741012441,0,0.0
27119,2,25,1.0,1.0,0.6951403319174674,0.6951403319174674,0,1.0
27123,2,26,1.0,0.0,0.6708831813496718,0.6708831813496718,0,0.0
27127,2,22,1.0,0.0,0.3238695045116227,0.3238695045116227,0,0.0
27129,2,16,1.0,0.0,0.4660201635798137,0.4660201635798137,0,0.0
27131,1,16,1.0,1.0,0.6355295226614838,0.6355295226614838,0,1.0
27135,1,11,1.0,0.0,0.4161224600858684,0.4161224600858684,0,0.0
27139,1,10,1.0,0.0,0.3570675499386265,0.3570675499386265,0,0.0
27141,1,9,1.0,1.0,0.2702179411846007,0.2702179411846007,0,1.0
27145,2,33,1.0,0.0,0.5143036918220206,0.5143036918220206,0,0.0
27151,3,11,1.0,1.0,0.415634538718315,0.415634538718315,0,1.0
27153,2,19,1.0,0.0,0.5630951692190534,0.5630951692190534,0,0.0
27163,1,19,1.0,0.0,0.3280929518764829,0.3280929518764829,0,0.0
27169,2,14,1.0,1.0,0.2634229183164975,0.2634229183164975,0,1.0
27171,1,19,1.0,0.0,0.3355581784799955,0.3355581784799955,0,0.0
28001,4,2,1.0,1.0,0.6753773886841502,0.6753773886841502,0,1.0
28003,4,5,1.0,1.0,0.5713797118354442,0.5713797118354442,0,1.0
28007,4,11,1.0,0.0,0.6063370300145198,0.6063370300145198,0,0.0
28011,4,17,1.0,1.0,0.8337157357423217,0.8337157357423217,1,1.0
28013,4,11,1.0,0.0,0.5643277703928401,0.5643277703928401,0,0.0
28015,4,13,1.0,1.0,0.6089243705243226,0.6089243705243226,0,1.0
28019,4,9,1.0,1.0,0.4280353283796216,0.4280353283796216,0,1.0
28023,4,9,1.0,0.0,0.564533985889537,0.564533985889537,0,0.0
28025,4,8,1.0,0.0,0.6010376720955595,0.6010376720955595,0,0.0
28027,4,11,1.0,0.0,0.8391737095285798,0.8391737095285798,1,0.0
28029,4,9,1.0,0.0,0.4564117323826044,0.4564117323826044,0,0.0
28031,4,8,1.0,0.0,0.5002954459231267,0.5002954459231267,0,0.0
28033,1,10,1.0,0.0,0.3485639260707159,0.3485639260707159,0,0.0
28035,1,8,1.0,1.0,0.4308497067463301,0.4308497067463301,0,1.0
28037,4,8,1.0,1.0,0.4487538014233765,0.4487538014233765,0,1.0
28039,4,3,1.0,0.0,0.1612515471443121,0.1612515471443121,0,0.0
28041,3,7,1.0,0.0,0.3224417627722567,0.3224417627722567,0,0.0
28043,4,7,1.0,0.0,0.5386010208252665,0.5386010208252665,0,0.0
28045,3,10,1.0,1.0,0.6743317292667614,0.6743317292667614,0,1.0
28051,4,9,1.0,0.0,0.7127605166926809,0.7127605166926809,0,0.0
28057,3,10,1.0,0.0,0.3687768866341799,0.3687768866341799,0,0.0
28061,4,14,1.0,0.0,0.426077724173066,0.426077724173066,0,0.0
28065,4,9,1.0,1.0,0.5130521001907546,0.5130521001907546,0,1.0
28069,4,11,1.0,1.0,0.4523684005331066,0.4523684005331066,0,1.0
28071,4,13,1.0,0.0,0.1021193116159494,0.1021193116159494,0,0.0
28073,3,6,1.0,0.0,0.1530099911053033,0.1530099911053033,0,0.0
28075,1,12,1.0,1.0,0.4290138368377869,0.4290138368377869,0,1.0
28081,3,15,1.0,0.0,0.3405986270723343,0.3405986270723343,0,0.0
28083,4,11,1.0,0.0,0.7203231267195429,0.7203231267195429,0,0.0
28085,4,12,1.0,1.0,0.488091525532379,0.488091525532379,0,1.0
28087,3,8,1.0,0.0,0.4842304128803554,0.4842304128803554,0,0.0
28089,1,12,1.0,0.0,0.2260333995710982,0.2260333995710982,0,0.0
28091,4,8,1.0,0.0,0.6173920321891174,0.6173920321891174,0,0.0
28093,3,8,1.0,1.0,0.4978496167894896,0.4978496167894896,0,1.0
28095,4,12,1.0,0.0,0.4535531700461929,0.4535531700461929,0,0.0
28097,4,7,1.0,1.0,0.618529648679711,0.618529648679711,0,1.0
28099,4,8,1.0,0.0,0.6646668639002092,0.6646668639002092,0,0.0
28101,4,11,1.0,0.0,0.4008809042866165,0.4008809042866165,0,0.0
28103,4,6,1.0,1.0,0.7551322324663658,0.7551322324663658,1,1.0
28107,4,11,1.0,1.0,0.604513370282316,0.604513370282316,0,1.0
28109,3,5,1.0,1.0,0.4443274349054429,0.4443274349054429,0,1.0
28113,4,8,1.0,1.0,0.610486715135193,0.610486715135193,0,1.0
28115,4,11,1.0,0.0,0.5391540632133653,0.5391540632133653,0,0.0
28119,4,10,1.0,1.0,0.7792582990457516,0.7792582990457516,1,1.0
28121,1,12,1.0,0.0,0.2029693542605825,0.2029693542605825,0,0.0
28123,4,10,1.0,0.0,0.7007423218560523,0.7007423218560523,0,0.0
28127,3,10,1.0,0.0,0.3985727032342133,0.3985727032342133,0,0.0
28131,4,6,1.0,0.0,0.4081991860525154,0.4081991860525154,0,0.0
28133,4,16,1.0,1.0,0.7598474371762314,0.7598474371762314,1,1.0
28135,4,18,1.0,0.0,0.6101128507767629,0.6101128507767629,0,0.0
28137,3,5,1.0,0.0,0.5773430389202925,0.5773430389202925,0,0.0
28141,4,9,1.0,0.0,0.6262533491587869,0.6262533491587869,0,0.0
28145,3,11,1.0,0.0,0.3550384334065806,0.3550384334065806,0,0.0
28147,4,6,1.0,0.0,0.549630269880759,0.549630269880759,0,0.0
28153,4,7,1.0,0.0,0.6205794658803793,0.6205794658803793,0,0.0
28159,4,10,1.0,0.0,0.6563328847504818,0.6563328847504818,0,0.0
28161,4,7,1.0,1.0,0.5300153230656373,0.5300153230656373,0,1.0
28163,4,8,1.0,0.0,0.6487610080328986,0.6487610080328986,0,0.0
29001,4,9,1.0,0.0,0.5169677229764347,0.5169677229764347,0,0.0
29009,4,17,1.0,0.0,0.7703238606887313,0.7703238606887313,1,0.0
29011,4,8,1.0,1.0,0.7984803375277997,0.7984803375277997,1,1.0
29013,3,13,1.0,0.0,0.501029206212919,0.501029206212919,0,0.0
29015,3,13,1.0,0.0,0.7197627524333383,0.7197627524333383,0,0.0
29017,4,13,1.0,1.0,0.6357279342669513,0.6357279342669513,0,1.0
29019,1,13,1.0,0.0,0.3129649503090298,0.3129649503090298,0,0.0
29021,3,15,1.0,0.0,0.7771870324711768,0.7771870324711768,1,0.0
29023,4,10,1.0,0.0,0.9022166996848162,0.9022166996848162,1,0.0
29025,3,10,1.0,1.0,0.6534050388655587,0.6534050388655587,0,1.0
29029,3,18,1.0,1.0,0.6232072530387054,0.6232072530387054,0,1.0
29031,3,19,1.0,1.0,0.4804533329101365,0.4804533329101365,0,1.0
29033,3,10,1.0,1.0,0.7589030058136557,0.7589030058136557,1,1.0
29035,3,5,1.0,1.0,0.5745722208735724,0.5745722208735724,0,1.0
29037,1,18,1.0,0.0,0.3297213846780809,0.3297213846780809,0,0.0
29039,4,9,1.0,0.0,0.8170957348612542,0.8170957348612542,1,0.0
29041,3,12,1.0,1.0,0.6243624208594187,0.6243624208594187,0,1.0
29043,1,21,1.0,1.0,0.1877553241595931,0.1877553241595931,0,1.0
29049,1,11,1.0,0.0,0.4195428389109733,0.4195428389109733,0,0.0
29051,1,9,1.0,1.0,0.423668270857817,0.423668270857817,0,1.0
29055,4,12,1.0,0.0,0.646793560879849,0.646793560879849,0,0.0
29057,3,13,1.0,1.0,0.6908767026382657,0.6908767026382657,0,1.0
29059,4,13,1.0,0.0,0.7294368029175397,0.7294368029175397,0,0.0
29063,2,10,1.0,1.0,0.5215944614803285,0.5215944614803285,0,1.0
29065,4,8,1.0,0.0,0.6598094264635886,0.6598094264635886,0,0.0
29067,4,16,1.0,0.0,0.6296390973935738,0.6296390973935738,0,0.0
29069,4,14,1.0,1.0,0.8655598963742743,0.8655598963742743,1,1.0
29071,1,23,1.0,0.0,0.5036875163169635,0.5036875163169635,0,0.0
29079,3,7,1.0,1.0,0.8247431573811814,0.8247431573811814,1,1.0
29083,4,11,1.0,0.0,0.6841561462851427,0.6841561462851427,0,0.0
29085,4,13,1.0,1.0,0.7196924400466052,0.7196924400466052,0,1.0
29091,4,12,1.0,0.0,0.7934114408683203,0.7934114408683203,1,0.0
29093,3,16,1.0,1.0,0.6006289985553427,0.6006289985553427,0,1.0
29099,1,24,1.0,0.0,0.3954240538403125,0.3954240538403125,0,0.0
29103,4,12,1.0,1.0,0.6882878593586316,0.6882878593586316,0,1.0
29105,4,12,1.0,1.0,0.6937762551448281,0.6937762551448281,0,1.0
29107,2,16,1.0,1.0,0.5720333289614069,0.5720333289614069,0,1.0
29109,3,21,1.0,1.0,0.7328729185727577,0.7328729185727577,0,1.0
29113,2,17,1.0,1.0,0.5395177506138054,0.5395177506138054,0,1.0
29115,3,15,1.0,1.0,0.6223045827863161,0.6223045827863161,0,1.0
29117,3,12,1.0,0.0,0.6556154721327714,0.6556154721327714,0,0.0
29119,1,14,1.0,0.0,0.7906209841039866,0.7906209841039866,1,0.0
29121,2,15,1.0,0.0,0.6627329024672924,0.6627329024672924,0,0.0
29123,3,7,1.0,1.0,0.6129071609488356,0.6129071609488356,0,1.0
29127,3,10,1.0,0.0,0.6896582246906059,0.6896582246906059,0,0.0
29131,3,17,1.0,0.0,0.5164168040422058,0.5164168040422058,0,0.0
29133,4,6,1.0,0.0,0.9139750783285284,0.9139750783285284,1,0.0
29135,2,13,1.0,0.0,0.456409588548928,0.456409588548928,0,0.0
29139,3,11,1.0,1.0,0.7108064035345959,0.7108064035345959,0,1.0
29143,4,17,1.0,0.0,0.9167337807936394,0.9167337807936394,1,0.0
29145,3,15,1.0,0.0,0.6563401119647125,0.6563401119647125,0,0.0
29147,4,18,1.0,0.0,0.6177903106559482,0.6177903106559482,0,0.0
29153,4,18,1.0,1.0,0.5460527446122528,0.5460527446122528,0,1.0
29159,3,15,1.0,1.0,0.7176535409011185,0.7176535409011185,0,1.0
29161,4,11,1.0,1.0,0.5411935694342606,0.5411935694342606,0,1.0
29163,1,12,1.0,0.0,0.6597143409368182,0.6597143409368182,0,0.0
29165,1,18,1.0,1.0,0.3116822136272141,0.3116822136272141,0,1.0
29169,2,11,1.0,1.0,0.4396081717587308,0.4396081717587308,0,1.0
29175,3,12,1.0,0.0,0.6659678273072617,0.6659678273072617,0,0.0
29177,2,12,1.0,0.0,0.6248116416142667,0.6248116416142667,0,0.0
29181,4,9,1.0,0.0,0.7118375904647267,0.7118375904647267,0,0.0
29183,1,14,1.0,0.0,0.2387820790265171,0.2387820790265171,0,0.0
29185,4,16,1.0,1.0,0.6658526913642262,0.6658526913642262,0,1.0
29186,2,8,1.0,0.0,0.503721531545616,0.503721531545616,0,0.0
29187,3,15,1.0,1.0,0.6732716982688713,0.6732716982688713,0,1.0
29195,3,13,1.0,0.0,0.7287588250641839,0.7287588250641839,0,0.0
29197,3,6,1.0,1.0,0.7982059111444904,0.7982059111444904,1,1.0
29199,3,10,1.0,1.0,0.7690412896041131,0.7690412896041131,1,1.0
29201,4,14,1.0,1.0,0.8212214133958592,0.8212214133958592,1,1.0
29207,1,13,1.0,1.0,0.8388302594062992,0.8388302594062992,1,1.0
29209,1,17,1.0,1.0,0.6907395838016036,0.6907395838016036,0,1.0
29211,3,13,1.0,1.0,0.6748324775299094,0.6748324775299094,0,1.0
29213,3,20,1.0,1.0,0.7210146179177526,0.7210146179177526,0,1.0
29215,4,21,1.0,0.0,0.70705722394248,0.70705722394248,0,0.0
29217,4,13,1.0,0.0,0.6923487193236142,0.6923487193236142,0,0.0
29219,3,9,1.0,1.0,0.6054410875512094,0.6054410875512094,0,1.0
29223,4,14,1.0,0.0,0.6832293786443648,0.6832293786443648,0,0.0
29225,3,9,1.0,1.0,0.58346948359999,0.58346948359999,0,1.0
29229,4,11,1.0,0.0,0.7197545459715811,0.7197545459715811,0,0.0
30003,4,18,1.0,1.0,0.8526253508913085,0.8526253508913085,1,1.0
30005,4,9,1.0,1.0,0.9100491791956212,0.9100491791956212,1,1.0
30013,3,18,1.0,1.0,0.7295078618715076,0.7295078618715076,0,1.0
30015,2,13,1.0,1.0,0.5997812142967386,0.5997812142967386,0,1.0
30021,1,8,1.0,1.0,0.5487395059742741,0.5487395059742741,0,1.0
30029,2,16,1.0,0.0,0.4643168238640698,0.4643168238640698,0,0.0
30035,4,5,1.0,0.0,0.9449546053475458,0.9449546053475458,1,0.0
30047,3,15,1.0,0.0,0.6946679981911467,0.6946679981911467,0,0.0
30049,1,9,1.0,0.0,0.4279370575286562,0.4279370575286562,0,0.0
30053,4,6,1.0,0.0,0.7633663306862146,0.7633663306862146,1,0.0
30061,4,5,1.0,1.0,0.8247518536487963,0.8247518536487963,1,1.0
30073,3,6,1.0,1.0,0.6669015681810813,0.6669015681810813,0,1.0
30081,2,9,1.0,1.0,0.6171260996457156,0.6171260996457156,0,1.0
30087,3,8,1.0,1.0,0.6511245582656819,0.6511245582656819,0,1.0
30105,3,12,1.0,1.0,0.6690950604504252,0.6690950604504252,0,1.0
30111,2,16,1.0,0.0,0.5732973564858143,0.5732973564858143,0,0.0
31001,2,14,1.0,1.0,0.5691419722113528,0.5691419722113528,0,1.0
31003,2,11,1.0,1.0,0.3899958591756409,0.3899958591756409,0,1.0
31007,2,8,1.0,1.0,0.7075731209162301,0.7075731209162301,0,1.0
31011,2,8,1.0,1.0,0.3877747263310216,0.3877747263310216,0,1.0
31013,2,3,1.0,1.0,0.8722704800579993,0.8722704800579993,1,1.0
31023,1,14,1.0,1.0,0.5255334477332329,0.5255334477332329,0,1.0
31025,1,20,1.0,0.0,0.5232058602217894,0.5232058602217894,0,0.0
31029,2,7,1.0,1.0,0.5758508405437055,0.5758508405437055,0,1.0
31033,1,5,1.0,1.0,0.6302227502262282,0.6302227502262282,0,1.0
31041,1,21,1.0,1.0,0.4582571568469486,0.4582571568469486,0,1.0
31045,2,6,1.0,1.0,0.6288736255733218,0.6288736255733218,0,1.0
31061,2,8,1.0,1.0,0.3856305958969768,0.3856305958969768,0,1.0
31067,2,18,1.0,0.0,0.6629837468175914,0.6629837468175914,0,0.0
31075,2,3,1.0,1.0,0.4954869961655372,0.4954869961655372,0,1.0
31079,2,11,1.0,1.0,0.6853053871688134,0.6853053871688134,0,1.0
31083,2,8,1.0,1.0,0.4166027248676774,0.4166027248676774,0,1.0
31093,1,11,1.0,1.0,0.2662389956008898,0.2662389956008898,0,1.0
31095,3,12,1.0,1.0,0.7140232540709619,0.7140232540709619,0,1.0
31109,2,42,1.0,0.0,0.5266833497455727,0.5266833497455727,0,0.0
31111,2,14,1.0,0.0,0.6977216851237834,0.6977216851237834,0,0.0
31119,2,8,1.0,1.0,0.4993463902361932,0.4993463902361932,0,1.0
31131,1,19,1.0,0.0,0.6027951641703284,0.6027951641703284,0,0.0
31135,1,10,1.0,1.0,0.6263421093832451,0.6263421093832451,0,1.0
31141,1,11,1.0,1.0,0.453289144395289,0.453289144395289,0,1.0
31153,1,13,1.0,0.0,0.4307855862334956,0.4307855862334956,0,0.0
31155,1,18,1.0,0.0,0.5124120038775024,0.5124120038775024,0,0.0
31157,3,8,1.0,1.0,0.8255312514231226,0.8255312514231226,1,1.0
31161,2,9,1.0,1.0,0.8306129725517781,0.8306129725517781,1,1.0
31173,4,10,1.0,1.0,0.8680624767148705,0.8680624767148705,1,1.0
31177,1,15,1.0,0.0,0.500553492561935,0.500553492561935,0,0.0
31179,2,11,1.0,1.0,0.2996879384160978,0.2996879384160978,0,1.0
31185,1,15,1.0,0.0,0.5237177172740098,0.5237177172740098,0,0.0
32001,2,2,1.0,0.0,0.9302988202630326,0.9302988202630326,1,0.0
32005,1,9,1.0,0.0,0.6299252797005045,0.6299252797005045,0,0.0
32007,1,14,1.0,1.0,0.7832843649553598,0.7832843649553598,1,1.0
32013,1,7,1.0,0.0,0.922994166967848,0.922994166967848,1,0.0
32017,1,5,1.0,1.0,0.6402195997755752,0.6402195997755752,0,1.0
32019,3,9,1.0,0.0,0.9462193567573732,0.9462193567573732,1,0.0
32021,3,5,1.0,1.0,0.971596274479464,0.971596274479464,1,1.0
32033,2,7,1.0,1.0,0.7367471510069572,0.7367471510069572,0,1.0
33005,1,27,1.0,1.0,0.4340376830646749,0.4340376830646749,0,1.0
33007,2,16,1.0,1.0,0.6126172449286315,0.6126172449286315,0,1.0
33009,1,37,1.0,0.0,0.3657787143774169,0.3657787143774169,0,0.0
33011,1,34,1.0,0.0,0.4562851443469377,0.4562851443469377,0,0.0
33013,1,31,1.0,0.0,0.4216642282748114,0.4216642282748114,0,0.0
33015,1,37,1.0,0.0,0.2032650207413594,0.2032650207413594,0,0.0
34009,1,15,1.0,0.0,0.3396769553212817,0.3396769553212817,0,0.0
34011,1,22,1.0,0.0,0.5805150748244549,0.5805150748244549,0,0.0
34015,1,30,1.0,0.0,0.1480504778950974,0.1480504778950974,0,0.0
34019,1,26,1.0,0.0,0.0407992611407662,0.0407992611407662,0,0.0
34021,1,25,1.0,0.0,0.3434367527684542,0.3434367527684542,0,0.0
34027,1,56,1.0,0.0,0.1060050418658203,0.1060050418658203,0,0.0
34031,2,33,1.0,0.0,0.4643173568690337,0.4643173568690337,0,0.0
34033,2,14,1.0,1.0,0.4025019125452573,0.4025019125452573,0,1.0
34035,1,32,1.0,0.0,0.1050137072013445,0.1050137072013445,0,0.0
34037,1,21,1.0,0.0,0.0524255611391539,0.0524255611391539,0,0.0
34041,1,19,1.0,0.0,0.2502849070179575,0.2502849070179575,0,0.0
35005,4,9,1.0,1.0,0.958962380026404,0.958962380026404,1,1.0
35007,4,9,1.0,0.0,0.8359246884372951,0.8359246884372951,1,0.0
35009,1,7,1.0,1.0,0.8418885963519059,0.8418885963519059,1,1.0
35015,3,8,1.0,1.0,0.8164290156219234,0.8164290156219234,1,1.0
35017,4,16,1.0,0.0,0.8803990449483475,0.8803990449483475,1,0.0
35019,2,5,1.0,1.0,0.8318521414343946,0.8318521414343946,1,1.0
35025,3,7,1.0,0.0,0.929548176345883,0.929548176345883,1,0.0
35029,4,3,1.0,0.0,0.9792848643859204,0.9792848643859204,1,0.0
35035,4,18,1.0,0.0,0.8998476902824357,0.8998476902824357,1,0.0
35037,4,10,1.0,1.0,0.8543748505911867,0.8543748505911867,1,1.0
35039,1,37,1.0,0.0,0.7725743163965897,0.7725743163965897,1,0.0
35041,4,9,1.0,0.0,0.9160639995827502,0.9160639995827502,1,0.0
35043,1,21,1.0,0.0,0.5491331663196316,0.5491331663196316,0,0.0
35049,2,15,1.0,0.0,0.551608654251337,0.551608654251337,0,0.0
35051,4,10,1.0,1.0,0.930989976637426,0.930989976637426,1,1.0
35053,4,14,1.0,0.0,0.8585731111676462,0.8585731111676462,1,0.0
35055,4,21,1.0,1.0,0.7026292441609616,0.7026292441609616,0,1.0
35061,4,8,1.0,1.0,0.9180774541641572,0.9180774541641572,1,1.0
36001,2,46,1.0,0.0,0.5070590005101863,0.5070590005101863,0,0.0
36003,3,37,1.0,0.0,0.4480354846028654,0.4480354846028654,0,0.0
36007,3,31,1.0,0.0,0.5756217732031443,0.5756217732031443,0,0.0
36009,1,36,1.0,0.0,0.6155269877092033,0.6155269877092033,0,0.0
36011,1,26,1.0,0.0,0.7098998661969463,0.7098998661969463,0,0.0
36013,3,36,1.0,0.0,0.6200901251487754,0.6200901251487754,0,0.0
36015,2,22,1.0,0.0,0.4840455715382565,0.4840455715382565,0,0.0
36021,2,36,1.0,1.0,0.5111211918943286,0.5111211918943286,0,1.0
36023,3,17,1.0,0.0,0.5661679459917229,0.5661679459917229,0,0.0
36027,1,35,1.0,0.0,0.5467034437804994,0.5467034437804994,0,0.0
36031,2,34,1.0,1.0,0.486414907525782,0.486414907525782,0,1.0
36033,3,23,1.0,1.0,0.5466357177736592,0.5466357177736592,0,1.0
36037,2,18,1.0,1.0,0.4823775852342635,0.4823775852342635,0,1.0
36039,2,42,1.0,1.0,0.500945867484621,0.500945867484621,0,1.0
36041,2,13,1.0,1.0,0.4193388262002639,0.4193388262002639,0,1.0
36043,3,28,1.0,1.0,0.6218858187266884,0.6218858187266884,0,1.0
36045,3,39,1.0,0.0,0.6983123498393791,0.6983123498393791,0,0.0
36053,1,31,1.0,1.0,0.4987283977116274,0.4987283977116274,0,1.0
36055,1,50,1.0,0.0,0.600999576607047,0.600999576607047,0,0.0
36057,3,20,1.0,1.0,0.6955832167678679,0.6955832167678679,0,1.0
36063,1,22,1.0,0.0,0.6952421861144933,0.6952421861144933,0,0.0
36065,2,54,1.0,0.0,0.6395944114122223,0.6395944114122223,0,0.0
36071,1,51,1.0,0.0,0.501798351658081,0.501798351658081,0,0.0
36073,3,15,1.0,0.0,0.7345872290673974,0.7345872290673974,0,0.0
36075,3,27,1.0,0.0,0.7568678714643838,0.7568678714643838,1,0.0
36077,3,43,1.0,0.0,0.4443034540017089,0.4443034540017089,0,0.0
36083,2,29,1.0,0.0,0.506823935743308,0.506823935743308,0,0.0
36089,3,49,1.0,0.0,0.7238578507528862,0.7238578507528862,0,0.0
36091,1,27,1.0,0.0,0.3170181658798583,0.3170181658798583,0,0.0
36093,1,19,1.0,0.0,0.5178727632425919,0.5178727632425919,0,0.0
36099,2,14,1.0,1.0,0.6625237974256873,0.6625237974256873,0,1.0
36101,3,39,1.0,0.0,0.5084141729157918,0.5084141729157918,0,0.0
36105,2,62,1.0,0.0,0.5778449620225591,0.5778449620225591,0,0.0
36107,2,15,1.0,0.0,0.4317453445525137,0.4317453445525137,0,0.0
36109,1,17,1.0,0.0,0.5914567956380464,0.5914567956380464,0,0.0
36111,2,63,1.0,0.0,0.5696403797305075,0.5696403797305075,0,0.0
36115,2,27,1.0,0.0,0.5088272735287248,0.5088272735287248,0,0.0
36117,2,20,1.0,0.0,0.4773015104523868,0.4773015104523868,0,0.0
37001,3,12,1.0,0.0,0.4060058721202781,0.4060058721202781,0,0.0
37003,2,8,1.0,1.0,0.2128411409559367,0.2128411409559367,0,1.0
37007,4,8,1.0,0.0,0.6510253849406888,0.6510253849406888,0,0.0
37013,4,15,1.0,1.0,0.5816138075859697,0.5816138075859697,0,1.0
37015,4,10,1.0,0.0,0.772976194216231,0.772976194216231,1,0.0
37017,4,18,1.0,0.0,0.8008083554837729,0.8008083554837729,1,0.0
37019,2,14,1.0,0.0,0.2201129157132685,0.2201129157132685,0,0.0
37021,2,19,1.0,0.0,0.2215140017438872,0.2215140017438872,0,0.0
37023,4,16,1.0,0.0,0.5380515141604526,0.5380515141604526,0,0.0
37025,2,16,1.0,0.0,0.2916529928963804,0.2916529928963804,0,0.0
37027,3,10,1.0,1.0,0.441979778821453,0.441979778821453,0,1.0
37031,2,19,1.0,0.0,0.526214083652516,0.526214083652516,0,0.0
37035,2,14,1.0,0.0,0.2292763496819538,0.2292763496819538,0,0.0
37037,1,18,1.0,1.0,0.2073253460458794,0.2073253460458794,0,1.0
37039,3,4,1.0,0.0,0.5465929938504066,0.5465929938504066,0,0.0
37041,3,4,1.0,0.0,0.7011702127676138,0.7011702127676138,0,0.0
37043,3,5,1.0,1.0,0.3645279739101103,0.3645279739101103,0,1.0
37045,1,13,1.0,0.0,0.5980435500075724,0.5980435500075724,0,0.0
37047,4,16,1.0,0.0,0.6794917598255878,0.6794917598255878,0,0.0
37049,2,11,1.0,0.0,0.4303587761392742,0.4303587761392742,0,0.0
37051,1,24,1.0,0.0,0.6739598076471066,0.6739598076471066,0,0.0
37053,1,15,1.0,0.0,0.2194774821457935,0.2194774821457935,0,0.0
37055,1,14,1.0,1.0,0.4416112588443396,0.4416112588443396,0,1.0
37057,3,12,1.0,0.0,0.4346686742687454,0.4346686742687454,0,0.0
37059,2,6,1.0,1.0,0.2686711286000394,0.2686711286000394,0,1.0
37061,4,19,1.0,0.0,0.7810473865372536,0.7810473865372536,1,0.0
37063,2,16,1.0,0.0,0.3381034371114824,0.3381034371114824,0,0.0
37065,4,15,1.0,1.0,0.8137005774554268,0.8137005774554268,1,1.0
37067,1,22,1.0,0.0,0.3463575996979199,0.3463575996979199,0,0.0
37069,3,13,1.0,0.0,0.4349074352986791,0.4349074352986791,0,0.0
37071,3,18,1.0,0.0,0.5245064451084062,0.5245064451084062,0,0.0
37077,3,12,1.0,0.0,0.3329300041211936,0.3329300041211936,0,0.0
37079,4,11,1.0,0.0,0.7057612026765538,0.7057612026765538,0,0.0
37083,4,9,1.0,0.0,0.7076645745420029,0.7076645745420029,0,0.0
37085,3,16,1.0,0.0,0.4040378258537018,0.4040378258537018,0,0.0
37089,2,15,1.0,0.0,0.2837515611631375,0.2837515611631375,0,0.0
37091,4,9,1.0,0.0,0.8527676424457203,0.8527676424457203,1,0.0
37093,3,9,1.0,1.0,0.6995089973001621,0.6995089973001621,0,1.0
37101,2,21,1.0,0.0,0.4650699974859939,0.4650699974859939,0,0.0
37105,3,4,1.0,1.0,0.4337334136932826,0.4337334136932826,0,1.0
37107,4,10,1.0,0.0,0.8127833229149728,0.8127833229149728,1,0.0
37109,2,11,1.0,1.0,0.3834146026692059,0.3834146026692059,0,1.0
37111,3,9,1.0,0.0,0.4305541427816882,0.4305541427816882,0,0.0
37125,2,18,1.0,0.0,0.2958978202592782,0.2958978202592782,0,0.0
37127,3,15,1.0,0.0,0.6440052251552768,0.6440052251552768,0,0.0
37129,3,10,1.0,0.0,0.2159172073242405,0.2159172073242405,0,0.0
37131,4,12,1.0,0.0,0.6302886188113788,0.6302886188113788,0,0.0
37133,3,16,1.0,0.0,0.4706236809276384,0.4706236809276384,0,0.0
37135,2,14,1.0,0.0,0.1073731697213353,0.1073731697213353,0,0.0
37141,3,13,1.0,1.0,0.4293904060097527,0.4293904060097527,0,1.0
37147,4,17,1.0,0.0,0.4784379288543022,0.4784379288543022,0,0.0
37151,3,24,1.0,0.0,0.4603077731360473,0.4603077731360473,0,0.0
37153,4,11,1.0,1.0,0.7770235062207304,0.7770235062207304,1,1.0
37157,3,11,1.0,0.0,0.6127371402176977,0.6127371402176977,0,0.0
37159,3,19,1.0,0.0,0.4539740210506703,0.4539740210506703,0,0.0
37161,1,16,1.0,1.0,0.5918737088430561,0.5918737088430561,0,1.0
37163,4,17,1.0,1.0,0.797228859280786,0.797228859280786,1,1.0
37165,4,7,1.0,1.0,0.8417499476288374,0.8417499476288374,1,1.0
37169,2,16,1.0,1.0,0.3969146392066821,0.3969146392066821,0,1.0
37171,4,12,1.0,0.0,0.6796402712774359,0.6796402712774359,0,0.0
37175,3,10,1.0,0.0,0.4404270836307785,0.4404270836307785,0,0.0
37179,1,12,1.0,0.0,0.171418770899839,0.171418770899839,0,0.0
37181,4,8,1.0,1.0,0.6993425325487788,0.6993425325487788,0,1.0
37185,4,8,1.0,0.0,0.7416609784906415,0.7416609784906415,0,0.0
37187,4,4,1.0,1.0,0.7615663198359321,0.7615663198359321,1,1.0
37189,4,10,1.0,1.0,0.2864779070934179,0.2864779070934179,0,1.0
37191,1,14,1.0,0.0,0.6488267796072674,0.6488267796072674,0,0.0
37193,4,23,1.0,0.0,0.4902348235151144,0.4902348235151144,0,0.0
37195,4,17,1.0,0.0,0.5884729002974257,0.5884729002974257,0,0.0
38015,1,12,1.0,0.0,0.4248890142648753,0.4248890142648753,0,0.0
38027,2,7,1.0,1.0,0.6610723774790039,0.6610723774790039,0,1.0
38035,1,22,1.0,1.0,0.4626939691656523,0.4626939691656523,0,1.0
38037,2,13,1.0,1.0,0.5491565441636296,0.5491565441636296,0,1.0
38067,1,13,1.0,1.0,0.3863158658479584,0.3863158658479584,0,1.0
38073,1,11,1.0,1.0,0.4085509430153292,0.4085509430153292,0,1.0
38085,4,9,1.0,1.0,0.8592354625164418,0.8592354625164418,1,1.0
38099,2,16,1.0,1.0,0.6482459828037683,0.6482459828037683,0,1.0
38101,1,24,1.0,0.0,0.5215329527893787,0.5215329527893787,0,0.0
39001,4,11,1.0,0.0,0.8629575061941043,0.8629575061941043,1,0.0
39007,4,19,1.0,1.0,0.7750065401685812,0.7750065401685812,1,1.0
39009,4,18,1.0,1.0,0.6112838779552126,0.6112838779552126,0,1.0
39013,2,27,1.0,0.0,0.6301715652602463,0.6301715652602463,0,0.0
39017,2,17,1.0,0.0,0.5444272233740722,0.5444272233740722,0,0.0
39019,2,20,1.0,0.0,0.6316106982028327,0.6316106982028327,0,0.0
39023,3,22,1.0,0.0,0.7700298616432911,0.7700298616432911,1,0.0
39025,1,23,1.0,0.0,0.4025147584683955,0.4025147584683955,0,0.0
39037,2,25,1.0,0.0,0.6748986071558986,0.6748986071558986,0,0.0
39041,1,24,1.0,0.0,0.193916367731794,0.193916367731794,0,0.0
39045,1,19,1.0,0.0,0.4203370357675087,0.4203370357675087,0,0.0
39055,1,20,1.0,0.0,0.2138713329027609,0.2138713329027609,0,0.0
39059,3,20,1.0,0.0,0.7252726246180232,0.7252726246180232,0,0.0
39063,1,24,1.0,0.0,0.4107618729072453,0.4107618729072453,0,0.0
39065,3,15,1.0,1.0,0.5881368304278242,0.5881368304278242,0,1.0
39071,4,15,1.0,1.0,0.8151495277427594,0.8151495277427594,1,1.0
39073,3,16,1.0,0.0,0.7321764007055019,0.7321764007055019,0,0.0
39075,1,18,1.0,0.0,0.6879589155511199,0.6879589155511199,0,0.0
39077,2,14,1.0,1.0,0.5644534173927235,0.5644534173927235,0,1.0
39079,4,11,1.0,0.0,0.8762886997449815,0.8762886997449815,1,0.0
39081,3,23,1.0,0.0,0.804271716437313,0.804271716437313,1,0.0
39085,1,11,1.0,0.0,0.3672937637251132,0.3672937637251132,0,0.0
39087,3,14,1.0,0.0,0.8455311793088661,0.8455311793088661,1,0.0
39089,2,28,1.0,0.0,0.5043723253925702,0.5043723253925702,0,0.0
39091,2,18,1.0,0.0,0.53387228956316,0.53387228956316,0,0.0
39093,2,24,1.0,0.0,0.4984838135923942,0.4984838135923942,0,0.0
39099,2,36,1.0,0.0,0.6973868818139742,0.6973868818139742,0,0.0
39101,3,14,1.0,0.0,0.7352510446492202,0.7352510446492202,0,0.0
39103,1,24,1.0,0.0,0.25035070580809,0.25035070580809,0,0.0
39107,1,18,1.0,1.0,0.3864131874632452,0.3864131874632452,0,1.0
39111,3,15,1.0,0.0,0.6903221530475717,0.6903221530475717,0,0.0
39117,2,16,1.0,1.0,0.3592720701472167,0.3592720701472167,0,1.0
39119,3,22,1.0,0.0,0.7259115840496367,0.7259115840496367,0,0.0
39121,2,15,1.0,0.0,0.5549679500194398,0.5549679500194398,0,0.0
39123,2,18,1.0,0.0,0.7064323562330271,0.7064323562330271,0,0.0
39125,1,15,1.0,0.0,0.5055661869013818,0.5055661869013818,0,0.0
39127,3,17,1.0,1.0,0.6006505012048843,0.6006505012048843,0,1.0
39129,2,17,1.0,1.0,0.5528393097624448,0.5528393097624448,0,1.0
39131,4,11,1.0,0.0,0.7622672186263274,0.7622672186263274,1,0.0
39133,1,24,1.0,0.0,0.4783357664831426,0.4783357664831426,0,0.0
39135,1,16,1.0,0.0,0.5970106669179281,0.5970106669179281,0,0.0
39137,1,17,1.0,0.0,0.1686064650528045,0.1686064650528045,0,0.0
39139,1,19,1.0,0.0,0.6969642118565662,0.6969642118565662,0,0.0
39141,3,16,1.0,0.0,0.7522118507887264,0.7522118507887264,1,0.0
39143,2,17,1.0,0.0,0.7342280071539424,0.7342280071539424,0,0.0
39145,4,20,1.0,0.0,0.8142878740264657,0.8142878740264657,1,0.0
39147,2,20,1.0,0.0,0.5622582925314783,0.5622582925314783,0,0.0
39151,1,42,1.0,0.0,0.6965156969187682,0.6965156969187682,0,0.0
39155,3,30,1.0,0.0,0.7511296303867453,0.7511296303867453,1,0.0
39159,1,20,1.0,1.0,0.2501046574012999,0.2501046574012999,0,1.0
39165,1,24,1.0,0.0,0.2409113578934736,0.2409113578934736,0,0.0
39167,3,20,1.0,0.0,0.7281918104126965,0.7281918104126965,0,0.0
39169,2,25,1.0,1.0,0.5342045850942332,0.5342045850942332,0,1.0
39171,1,12,1.0,1.0,0.5064136951719596,0.5064136951719596,0,1.0
39173,2,32,1.0,0.0,0.5269265549710828,0.5269265549710828,0,0.0
40001,4,8,1.0,0.0,0.815168721184535,0.815168721184535,1,0.0
40003,1,13,1.0,1.0,0.6086360291576701,0.6086360291576701,0,1.0
40009,3,6,1.0,0.0,0.8403320197428834,0.8403320197428834,1,0.0
40011,3,13,1.0,1.0,0.8727901360011209,0.8727901360011209,1,1.0
40013,4,14,1.0,1.0,0.9532245930998572,0.9532245930998572,1,1.0
40015,4,16,1.0,0.0,0.9420317649603268,0.9420317649603268,1,0.0
40017,1,13,1.0,0.0,0.5458146328216329,0.5458146328216329,0,0.0
40019,3,13,1.0,1.0,0.9613903982163392,0.9613903982163392,1,1.0
40021,4,16,1.0,1.0,0.8623003160887552,0.8623003160887552,1,1.0
40023,4,12,1.0,0.0,0.9201267493755004,0.9201267493755004,1,0.0
40025,3,4,1.0,1.0,0.9009005093638924,0.9009005093638924,1,1.0
40035,4,10,1.0,0.0,0.903884592065967,0.903884592065967,1,0.0
40037,3,21,1.0,0.0,0.6609306898772812,0.6609306898772812,0,0.0
40039,4,13,1.0,0.0,0.8439453111739458,0.8439453111739458,1,0.0
40041,4,13,1.0,1.0,0.912881147870285,0.912881147870285,1,1.0
40043,3,12,1.0,1.0,0.7530112371484056,0.7530112371484056,1,1.0
40045,3,7,1.0,1.0,0.7209178749297924,0.7209178749297924,0,1.0
40047,1,22,1.0,1.0,0.6546019812616877,0.6546019812616877,0,1.0
40049,3,13,1.0,0.0,0.8377433090655851,0.8377433090655851,1,0.0
40051,2,14,1.0,1.0,0.7879674277964386,0.7879674277964386,1,1.0
40053,1,10,1.0,1.0,0.5009271245799046,0.5009271245799046,0,1.0
40055,4,4,1.0,1.0,0.8371121956370691,0.8371121956370691,1,1.0
40059,2,7,1.0,1.0,0.8458068335554864,0.8458068335554864,1,1.0
40063,4,10,1.0,0.0,0.8874058004094787,0.8874058004094787,1,0.0
40065,3,9,1.0,0.0,0.92923012644941,0.92923012644941,1,0.0
40067,4,8,1.0,1.0,0.9550780066671316,0.9550780066671316,1,1.0
40069,4,13,1.0,1.0,0.916671312896101,0.916671312896101,1,1.0
40071,4,10,1.0,1.0,0.9036484008656218,0.9036484008656218,1,1.0
40073,2,12,1.0,0.0,0.7863616740614798,0.7863616740614798,1,0.0
40075,4,9,1.0,1.0,0.9135822229758664,0.9135822229758664,1,1.0
40077,4,7,1.0,1.0,0.8761343690326135,0.8761343690326135,1,1.0
40079,4,23,1.0,0.0,0.8571422319027857,0.8571422319027857,1,0.0
40081,3,16,1.0,1.0,0.7524388450430378,0.7524388450430378,1,1.0
40083,2,15,1.0,1.0,0.5514996280658592,0.5514996280658592,0,1.0
40085,3,8,1.0,1.0,0.9601792293450704,0.9601792293450704,1,1.0
40089,4,15,1.0,1.0,0.9141269189314728,0.9141269189314728,1,1.0
40091,4,11,1.0,0.0,0.8830995001852776,0.8830995001852776,1,0.0
40095,4,3,1.0,0.0,0.96975400958938,0.96975400958938,1,0.0
40097,4,17,1.0,1.0,0.8967906575844261,0.8967906575844261,1,1.0
40099,3,7,1.0,0.0,0.9560018454206016,0.9560018454206016,1,0.0
40101,4,15,1.0,0.0,0.91883333275536,0.91883333275536,1,0.0
40105,3,7,1.0,1.0,0.8525135370579676,0.8525135370579676,1,1.0
40107,4,11,1.0,1.0,0.8527691195210433,0.8527691195210433,1,1.0
40111,4,11,1.0,1.0,0.8191766061875948,0.8191766061875948,1,1.0
40113,3,22,1.0,1.0,0.8193339454622957,0.8193339454622957,1,1.0
40115,4,9,1.0,1.0,0.9327692851971704,0.9327692851971704,1,1.0
40117,3,12,1.0,0.0,0.8104814683897986,0.8104814683897986,1,0.0
40119,1,14,1.0,0.0,0.7130998850588955,0.7130998850588955,0,0.0
40121,3,19,1.0,1.0,0.8974238954032071,0.8974238954032071,1,1.0
40123,3,10,1.0,1.0,0.8097165174548908,0.8097165174548908,1,1.0
40127,4,16,1.0,1.0,0.8355607595101112,0.8355607595101112,1,1.0
40131,1,12,1.0,0.0,0.6544777201443492,0.6544777201443492,0,0.0
40133,4,10,1.0,0.0,0.90532346070555,0.90532346070555,1,0.0
40135,4,9,1.0,0.0,0.8445451711951811,0.8445451711951811,1,0.0
40137,3,10,1.0,1.0,0.9602451594734256,0.9602451594734256,1,1.0
40139,4,9,1.0,0.0,0.8836029361568543,0.8836029361568543,1,0.0
40141,4,8,1.0,1.0,0.9501851367450168,0.9501851367450168,1,1.0
40145,2,15,1.0,1.0,0.7072163821715434,0.7072163821715434,0,1.0
40147,1,12,1.0,1.0,0.6068479288042357,0.6068479288042357,0,1.0
40149,3,18,1.0,1.0,0.7504026743017908,0.7504026743017908,1,1.0
40153,2,11,1.0,0.0,0.7828115616800877,0.7828115616800877,1,0.0
41001,3,12,1.0,0.0,0.8385275987880546,0.8385275987880546,1,0.0
41003,1,10,1.0,1.0,0.6514362053546311,0.6514362053546311,0,1.0
41005,1,37,1.0,0.0,0.6352038370057559,0.6352038370057559,0,0.0
41009,2,9,1.0,1.0,0.6810503248396051,0.6810503248396051,0,1.0
41011,3,10,1.0,0.0,0.8543068115533898,0.8543068115533898,1,0.0
41013,2,6,1.0,0.0,0.8262908027527662,0.8262908027527662,1,0.0
41015,2,7,1.0,0.0,0.7766451069164247,0.7766451069164247,1,0.0
41017,1,7,1.0,0.0,0.6720862110975507,0.6720862110975507,0,0.0
41019,3,28,1.0,0.0,0.9182460088276444,0.9182460088276444,1,0.0
41023,3,11,1.0,1.0,0.8616946580683061,0.8616946580683061,1,1.0
41027,2,3,1.0,0.0,0.7466534100218947,0.7466534100218947,0,0.0
41029,3,18,1.0,0.0,0.9118671308316034,0.9118671308316034,1,0.0
41031,3,8,1.0,0.0,0.8796205491051741,0.8796205491051741,1,0.0
41033,4,11,1.0,0.0,0.970001785383638,0.970001785383638,1,0.0
41035,4,17,1.0,1.0,0.949721140888447,0.949721140888447,1,1.0
41039,3,39,1.0,0.0,0.8078659791041273,0.8078659791041273,1,0.0
41041,3,18,1.0,1.0,0.802423223332086,0.802423223332086,1,1.0
41043,2,20,1.0,0.0,0.8283386665609652,0.8283386665609652,1,0.0
41047,3,26,1.0,0.0,0.861563590114598,0.861563590114598,1,0.0
41049,3,7,1.0,1.0,0.9341575899156692,0.9341575899156692,1,1.0
41053,2,11,1.0,0.0,0.6488091404703805,0.6488091404703805,0,0.0
41059,3,14,1.0,0.0,0.9428885786159732,0.9428885786159732,1,0.0
41061,3,8,1.0,0.0,0.8555339259056088,0.8555339259056088,1,0.0
41065,3,8,1.0,0.0,0.9187808702421556,0.9187808702421556,1,0.0
41067,1,30,1.0,0.0,0.4990071462825753,0.4990071462825753,0,0.0
42001,1,17,1.0,0.0,0.3969279767135764,0.3969279767135764,0,0.0
42005,2,36,1.0,0.0,0.4856250647707559,0.4856250647707559,0,0.0
42009,2,28,1.0,0.0,0.454892426301185,0.454892426301185,0,0.0
42011,1,62,1.0,0.0,0.4925571190953976,0.4925571190953976,0,0.0
42013,3,19,1.0,0.0,0.500915661613968,0.500915661613968,0,0.0
42015,2,27,1.0,0.0,0.4846330864862567,0.4846330864862567,0,0.0
42021,1,51,1.0,0.0,0.457879996540295,0.457879996540295,0,0.0
42025,2,20,1.0,0.0,0.435017116680742,0.435017116680742,0,0.0
42027,2,33,1.0,0.0,0.2786398144904623,0.2786398144904623,0,0.0
42033,3,51,1.0,0.0,0.4407722046090243,0.4407722046090243,0,0.0
42037,2,19,1.0,0.0,0.4748306333022078,0.4748306333022078,0,0.0
42039,3,27,1.0,1.0,0.5538359766921184,0.5538359766921184,0,1.0
42041,1,21,1.0,0.0,0.3458528532917782,0.3458528532917782,0,0.0
42043,2,30,1.0,0.0,0.5281400955106611,0.5281400955106611,0,0.0
42047,2,14,1.0,1.0,0.1940551206209708,0.1940551206209708,0,1.0
42051,3,62,1.0,0.0,0.6515886485555457,0.6515886485555457,0,0.0
42053,4,11,1.0,1.0,0.4252448400959736,0.4252448400959736,0,1.0
42055,1,30,1.0,0.0,0.4099742095379848,0.4099742095379848,0,0.0
42059,2,26,1.0,0.0,0.3625129197034351,0.3625129197034351,0,0.0
42061,2,33,1.0,1.0,0.3903437437017722,0.3903437437017722,0,1.0
42065,3,30,1.0,0.0,0.6230847840645122,0.6230847840645122,0,0.0
42069,2,28,1.0,0.0,0.4353692138659569,0.4353692138659569,0,0.0
42073,2,22,1.0,1.0,0.5745897232465547,0.5745897232465547,0,1.0
42075,2,19,1.0,0.0,0.459195089810376,0.459195089810376,0,0.0
42079,3,50,1.0,0.0,0.4800448701828985,0.4800448701828985,0,0.0
42081,2,25,1.0,0.0,0.3285389772918194,0.3285389772918194,0,0.0
42085,2,28,1.0,0.0,0.5834243806783627,0.5834243806783627,0,0.0
42087,3,13,1.0,1.0,0.6038278064270023,0.6038278064270023,0,1.0
42089,2,35,1.0,0.0,0.405422005806037,0.405422005806037,0,0.0
42095,1,26,1.0,0.0,0.4300889699067571,0.4300889699067571,0,0.0
42097,2,28,1.0,0.0,0.5166019056539565,0.5166019056539565,0,0.0
42099,2,16,1.0,1.0,0.3856611366934877,0.3856611366934877,0,1.0
42107,2,59,1.0,0.0,0.551788084737415,0.551788084737415,0,0.0
42109,2,15,1.0,0.0,0.410155517451354,0.410155517451354,0,0.0
42111,2,40,1.0,0.0,0.489114457222382,0.489114457222382,0,0.0
42115,2,29,1.0,1.0,0.5045588611934744,0.5045588611934744,0,1.0
42119,1,14,1.0,1.0,0.2656938150649314,0.2656938150649314,0,1.0
42123,2,19,1.0,0.0,0.3374888243289027,0.3374888243289027,0,0.0
42125,1,64,1.0,0.0,0.3925437909286153,0.3925437909286153,0,0.0
42127,2,30,1.0,1.0,0.3446734496793277,0.3446734496793277,0,1.0
42129,1,86,1.0,0.0,0.3485157036193209,0.3485157036193209,0,0.0
44003,1,9,1.0,0.0,0.6043108669908609,0.6043108669908609,0,0.0
44005,1,8,1.0,0.0,0.525826746935624,0.525826746935624,0,0.0
44009,1,20,1.0,0.0,0.5212867552902448,0.5212867552902448,0,0.0
45001,4,13,1.0,0.0,0.7305547914410222,0.7305547914410222,0,0.0
45005,4,6,1.0,1.0,0.918967104857166,0.918967104857166,1,1.0
45009,4,8,1.0,0.0,0.819993256710356,0.819993256710356,1,0.0
45011,4,7,1.0,0.0,0.8899342996094454,0.8899342996094454,1,0.0
45013,1,16,1.0,0.0,0.4977079712878813,0.4977079712878813,0,0.0
45015,2,17,1.0,0.0,0.7038749689793962,0.7038749689793962,0,0.0
45017,4,7,1.0,0.0,0.8104646216834946,0.8104646216834946,1,0.0
45021,4,8,1.0,0.0,0.7269602324808777,0.7269602324808777,0,0.0
45023,4,10,1.0,1.0,0.7896719990396607,0.7896719990396607,1,1.0
45025,4,11,1.0,0.0,0.732657332355367,0.732657332355367,0,0.0
45027,4,11,1.0,1.0,0.89030490576174,0.89030490576174,1,1.0
45029,4,14,1.0,1.0,0.8472423670651538,0.8472423670651538,1,1.0
45031,4,10,1.0,0.0,0.7486778707085658,0.7486778707085658,0,0.0
45033,4,11,1.0,1.0,0.7712213175284165,0.7712213175284165,1,1.0
45035,2,15,1.0,0.0,0.5094602843486817,0.5094602843486817,0,0.0
45037,3,10,1.0,0.0,0.3697325535645049,0.3697325535645049,0,0.0
45039,4,9,1.0,0.0,0.6910323578263682,0.6910323578263682,0,0.0
45041,3,12,1.0,0.0,0.5840251510483115,0.5840251510483115,0,0.0
45043,3,5,1.0,1.0,0.5214098284038603,0.5214098284038603,0,1.0
45047,4,9,1.0,0.0,0.7452306757118392,0.7452306757118392,0,0.0
45049,4,13,1.0,0.0,0.7978831016985992,0.7978831016985992,1,0.0
45051,3,16,1.0,0.0,0.6377639626088538,0.6377639626088538,0,0.0
45055,3,13,1.0,1.0,0.4853115432612507,0.4853115432612507,0,1.0
45057,3,5,1.0,1.0,0.6058183111902593,0.6058183111902593,0,1.0
45059,4,16,1.0,0.0,0.7286921941898312,0.7286921941898312,0,0.0
45067,4,7,1.0,1.0,0.8174655005514991,0.8174655005514991,1,1.0
45069,4,8,1.0,0.0,0.7238319546942235,0.7238319546942235,0,0.0
45073,3,13,1.0,1.0,0.6353880323361266,0.6353880323361266,0,1.0
45077,3,15,1.0,0.0,0.4530387680014016,0.4530387680014016,0,0.0
45081,4,12,1.0,0.0,0.821968779791378,0.821968779791378,1,0.0
45085,4,15,1.0,1.0,0.8499253235407489,0.8499253235407489,1,1.0
45087,4,9,1.0,0.0,0.7235996194585834,0.7235996194585834,0,0.0
45089,4,12,1.0,0.0,0.7820388297316407,0.7820388297316407,1,0.0
45091,1,15,1.0,0.0,0.3588542164942324,0.3588542164942324,0,0.0
46009,2,7,1.0,1.0,0.16506625093638,0.16506625093638,0,1.0
46013,1,20,1.0,1.0,0.5242130092157059,0.5242130092157059,0,1.0
46029,2,10,1.0,0.0,0.410053158321955,0.410053158321955,0,0.0
46031,4,15,1.0,1.0,0.7421174657479996,0.7421174657479996,0,1.0
46033,3,9,1.0,1.0,0.5599004620949002,0.5599004620949002,0,1.0
46035,2,6,1.0,0.0,0.5623215528124681,0.5623215528124681,0,0.0
46037,2,11,1.0,1.0,0.444147857906796,0.444147857906796,0,1.0
46059,1,8,1.0,1.0,0.3482097801950866,0.3482097801950866,0,1.0
46065,1,3,1.0,0.0,0.4118390052183539,0.4118390052183539,0,0.0
46067,2,13,1.0,1.0,0.410445206079809,0.410445206079809,0,1.0
46077,1,9,1.0,1.0,0.2073065333143744,0.2073065333143744,0,1.0
46083,1,12,1.0,1.0,0.3411197801022232,0.3411197801022232,0,1.0
46091,1,10,1.0,1.0,0.3854503923888068,0.3854503923888068,0,1.0
46093,2,18,1.0,0.0,0.4366673638236291,0.4366673638236291,0,0.0
46099,1,23,1.0,0.0,0.529635880247292,0.529635880247292,0,0.0
46103,2,20,1.0,0.0,0.3581781053246921,0.3581781053246921,0,0.0
46109,4,16,1.0,1.0,0.6664076116907268,0.6664076116907268,0,1.0
46121,4,9,1.0,1.0,0.8607818989901472,0.8607818989901472,1,1.0
46129,1,7,1.0,1.0,0.177604832877628,0.177604832877628,0,1.0
46135,2,10,1.0,0.0,0.5374525283223442,0.5374525283223442,0,0.0
47001,3,11,1.0,1.0,0.5540911506546263,0.5540911506546263,0,1.0
47003,3,13,1.0,1.0,0.7111405438124186,0.7111405438124186,0,1.0
47005,4,7,1.0,0.0,0.7936485612398652,0.7936485612398652,1,0.0
47009,2,13,1.0,0.0,0.5252788777191986,0.5252788777191986,0,0.0
47011,3,8,1.0,0.0,0.6397914284165894,0.6397914284165894,0,0.0
47013,4,11,1.0,0.0,0.7798802241767814,0.7798802241767814,1,0.0
47017,4,14,1.0,0.0,0.6821422096069654,0.6821422096069654,0,0.0
47019,4,8,1.0,0.0,0.8613360827062884,0.8613360827062884,1,0.0
47021,2,12,1.0,1.0,0.4090146770655553,0.4090146770655553,0,1.0
47025,1,10,1.0,0.0,0.7321319604637522,0.7321319604637522,0,0.0
47027,4,7,1.0,1.0,0.8156054074261491,0.8156054074261491,1,1.0
47031,3,9,1.0,0.0,0.6759630949776024,0.6759630949776024,0,0.0
47033,4,8,1.0,0.0,0.8474097589457317,0.8474097589457317,1,0.0
47035,3,11,1.0,0.0,0.6492854352001557,0.6492854352001557,0,0.0
47043,2,11,1.0,1.0,0.578928102187465,0.578928102187465,0,1.0
47045,4,11,1.0,1.0,0.8385451540508603,0.8385451540508603,1,1.0
47049,4,9,1.0,0.0,0.5744399749982296,0.5744399749982296,0,0.0
47053,4,11,1.0,0.0,0.7486792222786385,0.7486792222786385,0,0.0
47055,3,17,1.0,0.0,0.665902758657922,0.665902758657922,0,0.0
47059,4,10,1.0,0.0,0.7418550649314088,0.7418550649314088,0,0.0
47063,4,7,1.0,1.0,0.8673358732436266,0.8673358732436266,1,1.0
47067,4,5,1.0,1.0,0.8101524336087323,0.8101524336087323,1,1.0
47069,4,12,1.0,0.0,0.580869090702078,0.580869090702078,0,0.0
47071,4,13,1.0,0.0,0.6782066874559829,0.6782066874559829,0,0.0
47073,4,12,1.0,0.0,0.8674089811206538,0.8674089811206538,1,0.0
47075,4,6,1.0,0.0,0.8825502802388053,0.8825502802388053,1,0.0
47077,4,14,1.0,0.0,0.7181984182584111,0.7181984182584111,0,0.0
47079,4,9,1.0,1.0,0.8136959096023852,0.8136959096023852,1,1.0
47085,3,4,1.0,0.0,0.617167256386532,0.617167256386532,0,0.0
47089,3,10,1.0,1.0,0.6331061745759681,0.6331061745759681,0,1.0
47097,4,4,1.0,0.0,0.8866963555394123,0.8866963555394123,1,0.0
47099,4,11,1.0,1.0,0.6188429606887562,0.6188429606887562,0,1.0
47101,4,7,1.0,1.0,0.4405048129088684,0.4405048129088684,0,1.0
47107,4,12,1.0,0.0,0.8087132805883479,0.8087132805883479,1,0.0
47109,4,15,1.0,0.0,0.573971652086253,0.573971652086253,0,0.0
47111,4,8,1.0,0.0,0.7951741081446821,0.7951741081446821,1,0.0
47117,3,12,1.0,1.0,0.5620979808046213,0.5620979808046213,0,1.0
47119,1,10,1.0,1.0,0.3227535284026097,0.3227535284026097,0,1.0
47121,3,6,1.0,1.0,0.6458831437217074,0.6458831437217074,0,1.0
47123,4,9,1.0,1.0,0.6928095409968205,0.6928095409968205,0,1.0
47125,3,15,1.0,0.0,0.578130484671467,0.578130484671467,0,0.0
47129,4,12,1.0,0.0,0.5459424801920885,0.5459424801920885,0,0.0
47131,4,12,1.0,1.0,0.8225711241105652,0.8225711241105652,1,1.0
47135,4,4,1.0,1.0,0.5733604932234702,0.5733604932234702,0,1.0
47139,3,12,1.0,0.0,0.5011101769626221,0.5011101769626221,0,0.0
47141,1,10,1.0,0.0,0.6504595914472007,0.6504595914472007,0,0.0
47145,2,10,1.0,0.0,0.5078233748607381,0.5078233748607381,0,0.0
47147,2,12,1.0,1.0,0.5492498546291006,0.5492498546291006,0,1.0
47149,1,20,1.0,0.0,0.5025756261671008,0.5025756261671008,0,0.0
47155,3,10,1.0,0.0,0.7760018794085605,0.7760018794085605,1,0.0
47159,3,15,1.0,0.0,0.5871343723066261,0.5871343723066261,0,0.0
47163,3,12,1.0,0.0,0.8269098366718977,0.8269098366718977,1,0.0
47165,1,10,1.0,0.0,0.45247872637993,0.45247872637993,0,0.0
47167,2,10,1.0,0.0,0.5185419851803592,0.5185419851803592,0,0.0
47175,4,7,1.0,1.0,0.7614682714466955,0.7614682714466955,1,1.0
47177,4,6,1.0,1.0,0.8765702571006221,0.8765702571006221,1,1.0
47179,1,13,1.0,0.0,0.5293547001118457,0.5293547001118457,0,0.0
47181,4,10,1.0,0.0,0.5919049727457031,0.5919049727457031,0,0.0
47183,4,12,1.0,1.0,0.6873113063738936,0.6873113063738936,0,1.0
47185,4,5,1.0,0.0,0.7410650384179647,0.7410650384179647,0,0.0
47187,1,16,1.0,0.0,0.0911556848734221,0.0911556848734221,0,0.0
47189,1,12,1.0,0.0,0.4020328367756116,0.4020328367756116,0,0.0
48001,3,10,1.0,0.0,0.8399002599751098,0.8399002599751098,1,0.0
48003,2,1,1.0,0.0,0.8131,0.8131,1,0.0
48005,4,6,1.0,0.0,0.7896008850484109,0.7896008850484109,1,0.0
48007,4,5,1.0,0.0,0.9573686061818762,0.9573686061818762,1,0.0
48009,2,10,1.0,1.0,0.6716932338524061,0.6716932338524061,0,1.0
48013,3,15,1.0,0.0,0.9310399596093176,0.9310399596093176,1,0.0
48015,2,13,1.0,0.0,0.8543783413727374,0.8543783413727374,1,0.0
48017,1,6,1.0,1.0,0.5295843377047806,0.5295843377047806,0,1.0
48019,2,7,1.0,0.0,0.9029761637910728,0.9029761637910728,1,0.0
48021,2,15,1.0,1.0,0.7399207518441234,0.7399207518441234,0,1.0
48023,2,2,1.0,1.0,0.795692219671125,0.795692219671125,1,1.0
48025,4,11,1.0,1.0,0.8823805009416452,0.8823805009416452,1,1.0
48031,1,8,1.0,1.0,0.7277799161035071,0.7277799161035071,0,1.0
48035,3,11,1.0,0.0,0.8364024942876078,0.8364024942876078,1,0.0
48037,3,10,1.0,1.0,0.7188387131878343,0.7188387131878343,0,1.0
48043,3,4,1.0,1.0,0.7585704978755856,0.7585704978755856,1,1.0
48047,4,2,1.0,1.0,0.9661050665682543,0.9661050665682543,1,1.0
48049,3,10,1.0,1.0,0.8276120467869292,0.8276120467869292,1,1.0
48051,2,5,1.0,0.0,0.8502321925931194,0.8502321925931194,1,0.0
48053,2,13,1.0,1.0,0.7982761658691298,0.7982761658691298,1,1.0
48055,3,14,1.0,0.0,0.8819104824688686,0.8819104824688686,1,0.0
48057,3,6,1.0,0.0,0.9091394672787452,0.9091394672787452,1,0.0
48063,3,2,1.0,1.0,0.8810821798330739,0.8810821798330739,1,1.0
48067,4,14,1.0,1.0,0.8464825251766331,0.8464825251766331,1,1.0
48071,2,11,1.0,0.0,0.8091357240656535,0.8091357240656535,1,0.0
48073,4,12,1.0,1.0,0.8339937761783147,0.8339937761783147,1,1.0
48075,4,4,1.0,1.0,0.7528344696945595,0.7528344696945595,1,1.0
48077,2,9,1.0,1.0,0.765237016734604,0.765237016734604,1,1.0
48081,3,4,1.0,1.0,0.86066773952815,0.86066773952815,1,1.0
48083,2,15,1.0,1.0,0.8426936767115661,0.8426936767115661,1,1.0
48087,4,5,1.0,1.0,0.8287610847901469,0.8287610847901469,1,1.0
48089,2,18,1.0,0.0,0.9016677391451826,0.9016677391451826,1,0.0
48091,1,14,1.0,0.0,0.6446374473706388,0.6446374473706388,0,0.0
48093,2,14,1.0,0.0,0.8593394404525487,0.8593394404525487,1,0.0
48097,2,14,1.0,1.0,0.8435394282988399,0.8435394282988399,1,1.0
48099,1,17,1.0,1.0,0.8674078791616082,0.8674078791616082,1,1.0
48101,4,3,1.0,1.0,0.8225566030345985,0.8225566030345985,1,1.0
48109,4,2,1.0,1.0,0.9757746590251736,0.9757746590251736,1,1.0
48117,4,6,1.0,0.0,0.9120293847900124,0.9120293847900124,1,0.0
48119,3,7,1.0,1.0,0.7624710483310322,0.7624710483310322,1,1.0
48123,3,9,1.0,0.0,0.9435663040547042,0.9435663040547042,1,0.0
48125,4,7,1.0,1.0,0.8982792835846279,0.8982792835846279,1,1.0
48127,4,6,1.0,1.0,0.9671691562283656,0.9671691562283656,1,1.0
48131,4,8,1.0,1.0,0.8486871393427938,0.8486871393427938,1,1.0
48133,4,9,1.0,0.0,0.8833751154863313,0.8833751154863313,1,0.0
48135,2,8,1.0,0.0,0.8861264622692147,0.8861264622692147,1,0.0
48139,1,20,1.0,0.0,0.7289506407590947,0.7289506407590947,0,0.0
48143,1,13,1.0,1.0,0.8159678729108439,0.8159678729108439,1,1.0
48145,3,17,1.0,0.0,0.872956192619946,0.872956192619946,1,0.0
48147,2,19,1.0,1.0,0.7311328524247,0.7311328524247,0,1.0
48149,2,15,1.0,0.0,0.8517083917503441,0.8517083917503441,1,0.0
48151,3,9,1.0,1.0,0.9063842096565736,0.9063842096565736,1,1.0
48159,1,7,1.0,1.0,0.5965563285274961,0.5965563285274961,0,1.0
48161,4,9,1.0,0.0,0.9537263956415531,0.9537263956415531,1,0.0
48169,4,4,1.0,1.0,0.8411456331368344,0.8411456331368344,1,1.0
48171,2,7,1.0,0.0,0.9397060004444056,0.9397060004444056,1,0.0
48177,3,14,1.0,0.0,0.8981344675837089,0.8981344675837089,1,0.0
48185,3,11,1.0,0.0,0.8716978140610826,0.8716978140610826,1,0.0
48193,3,10,1.0,1.0,0.8572407202060669,0.8572407202060669,1,1.0
48197,3,2,1.0,1.0,0.9304042372206802,0.9304042372206802,1,1.0
48199,2,12,1.0,0.0,0.6124357404332457,0.6124357404332457,0,0.0
48203,3,12,1.0,1.0,0.6899584984615159,0.6899584984615159,0,1.0
48207,4,11,1.0,1.0,0.9315911081386185,0.9315911081386185,1,1.0
48209,2,14,1.0,0.0,0.6885096470057805,0.6885096470057805,0,0.0
48217,2,19,1.0,1.0,0.8930893949654083,0.8930893949654083,1,1.0
48219,4,10,1.0,0.0,0.9046517608900936,0.9046517608900936,1,0.0
48221,1,8,1.0,0.0,0.7920339470451992,0.7920339470451992,1,0.0
48223,3,13,1.0,1.0,0.7830032181982787,0.7830032181982787,1,1.0
48225,4,7,1.0,0.0,0.8376299734956927,0.8376299734956927,1,0.0
48227,3,5,1.0,0.0,0.956453275478312,0.956453275478312,1,0.0
48233,3,7,1.0,0.0,0.89957226307887,0.89957226307887,1,0.0
48239,2,10,1.0,0.0,0.8260903002956634,0.8260903002956634,1,0.0
48241,4,9,1.0,1.0,0.7425522392238784,0.7425522392238784,0,1.0
48247,4,1,1.0,1.0,0.923,0.923,1,1.0
48249,4,8,1.0,1.0,0.7882929443852947,0.7882929443852947,1,1.0
48251,2,16,1.0,0.0,0.7574102136627009,0.7574102136627009,1,0.0
48255,3,8,1.0,0.0,0.8985498918743231,0.8985498918743231,1,0.0
48259,1,8,1.0,1.0,0.5757579484458839,0.5757579484458839,0,1.0
48261,4,2,1.0,1.0,0.9540348090486772,0.9540348090486772,1,1.0
48265,3,10,1.0,1.0,0.9520358437777796,0.9520358437777796,1,1.0
48269,4,2,1.0,1.0,0.8523834477876335,0.8523834477876335,1,1.0
48273,4,4,1.0,0.0,0.8206075435685849,0.8206075435685849,1,0.0
48275,4,6,1.0,1.0,0.8620143833706744,0.8620143833706744,1,1.0
48277,3,13,1.0,1.0,0.7085096294238158,0.7085096294238158,0,1.0
48281,2,6,1.0,0.0,0.8060166195018152,0.8060166195018152,1,0.0
48285,2,7,1.0,0.0,0.8987054237182794,0.8987054237182794,1,0.0
48287,2,9,1.0,0.0,0.7316229696542179,0.7316229696542179,0,0.0
48289,3,8,1.0,0.0,0.904307970731014,0.904307970731014,1,0.0
48291,3,14,1.0,0.0,0.9259877109231324,0.9259877109231324,1,0.0
48293,4,14,1.0,0.0,0.9655254471658862,0.9655254471658862,1,0.0
48299,1,10,1.0,0.0,0.93056649480201,0.93056649480201,1,0.0
48303,1,25,1.0,0.0,0.7609151824880176,0.7609151824880176,1,0.0
48307,3,6,1.0,1.0,0.9158355886735168,0.9158355886735168,1,1.0
48313,2,5,1.0,0.0,0.8416272810349065,0.8416272810349065,1,0.0
48315,4,7,1.0,1.0,0.8650113442996895,0.8650113442996895,1,1.0
48317,1,8,1.0,1.0,0.7435106122648579,0.7435106122648579,0,1.0
48321,1,12,1.0,0.0,0.9358544803762624,0.9358544803762624,1,0.0
48323,4,3,1.0,1.0,0.9738735615024512,0.9738735615024512,1,1.0
48329,1,9,1.0,0.0,0.7161627826158811,0.7161627826158811,0,0.0
48331,3,13,1.0,0.0,0.9268347342805,0.9268347342805,1,0.0
48335,2,3,1.0,1.0,0.7614346791752143,0.7614346791752143,1,1.0
48337,3,10,1.0,0.0,0.95365350472499,0.95365350472499,1,0.0
48341,2,6,1.0,0.0,0.7520168699644074,0.7520168699644074,1,0.0
48343,4,7,1.0,1.0,0.8892685918982964,0.8892685918982964,1,1.0
48347,1,10,1.0,1.0,0.8021872419884671,0.8021872419884671,1,1.0
48349,4,17,1.0,1.0,0.9576911380690408,0.9576911380690408,1,1.0
48353,3,9,1.0,0.0,0.9011354368935576,0.9011354368935576,1,0.0
48361,2,4,1.0,0.0,0.7636125950687438,0.7636125950687438,1,0.0
48363,4,12,1.0,0.0,0.9068828334441156,0.9068828334441156,1,0.0
48365,3,13,1.0,0.0,0.7777473465974623,0.7777473465974623,1,0.0
48367,1,18,1.0,0.0,0.7269462451611104,0.7269462451611104,0,0.0
48371,3,6,1.0,0.0,0.8767865023360795,0.8767865023360795,1,0.0
48373,3,9,1.0,1.0,0.9000586544621326,0.9000586544621326,1,1.0
48375,4,16,1.0,0.0,0.9128307302365704,0.9128307302365704,1,0.0
48377,4,4,1.0,1.0,0.969607911811552,0.969607911811552,1,1.0
48381,1,15,1.0,0.0,0.7714943980398521,0.7714943980398521,1,0.0
48387,4,9,1.0,1.0,0.8153270140450762,0.8153270140450762,1,1.0
48389,3,4,1.0,0.0,0.9326613080093136,0.9326613080093136,1,0.0
48391,3,5,1.0,1.0,0.8721530943047612,0.8721530943047612,1,1.0
48395,3,9,1.0,0.0,0.846145389133559,0.846145389133559,1,0.0
48397,1,9,1.0,1.0,0.5201632954843284,0.5201632954843284,0,1.0
48399,3,11,1.0,1.0,0.8063365571093893,0.8063365571093893,1,1.0
48401,3,16,1.0,1.0,0.8349831864612046,0.8349831864612046,1,1.0
48405,4,4,1.0,1.0,0.7972084801369108,0.7972084801369108,1,1.0
48407,4,8,1.0,0.0,0.9122265684098428,0.9122265684098428,1,0.0
48409,3,9,1.0,0.0,0.746244253923969,0.746244253923969,0,0.0
48411,3,7,1.0,1.0,0.9445198738524236,0.9445198738524236,1,1.0
48415,3,8,1.0,0.0,0.8554476963456619,0.8554476963456619,1,0.0
48419,4,7,1.0,0.0,0.8456149462482622,0.8456149462482622,1,0.0
48427,4,10,1.0,1.0,0.8456390198742534,0.8456390198742534,1,1.0
48429,4,8,1.0,1.0,0.9002647747899448,0.9002647747899448,1,1.0
48437,4,5,1.0,1.0,0.9479308863847268,0.9479308863847268,1,1.0
48441,1,17,1.0,0.0,0.7684797080256381,0.7684797080256381,1,0.0
48445,4,6,1.0,1.0,0.9735098262978756,0.9735098262978756,1,1.0
48449,4,6,1.0,1.0,0.7619513489988546,0.7619513489988546,1,1.0
48451,1,14,1.0,0.0,0.7274244620732488,0.7274244620732488,0,0.0
48455,4,7,1.0,0.0,0.8667931896432721,0.8667931896432721,1,0.0
48457,3,10,1.0,0.0,0.6154463117170422,0.6154463117170422,0,0.0
48459,3,12,1.0,1.0,0.8219849671368535,0.8219849671368535,1,1.0
48463,4,8,1.0,0.0,0.963294675577872,0.963294675577872,1,0.0
48465,4,5,1.0,1.0,0.9545680060647296,0.9545680060647296,1,1.0
48467,3,13,1.0,0.0,0.864847277402467,0.864847277402467,1,0.0
48469,3,12,1.0,0.0,0.8163315145770081,0.8163315145770081,1,0.0
48471,4,9,1.0,0.0,0.8093829510503383,0.8093829510503383,1,0.0
48473,2,11,1.0,1.0,0.8137259130266041,0.8137259130266041,1,1.0
48475,3,6,1.0,1.0,0.945775959142676,0.945775959142676,1,1.0
48477,2,7,1.0,1.0,0.8674298018297601,0.8674298018297601,1,1.0
48481,1,13,1.0,0.0,0.9629452235991306,0.9629452235991306,1,0.0
48487,4,6,1.0,0.0,0.949918693916312,0.949918693916312,1,0.0
48493,2,12,1.0,1.0,0.737684926851402,0.737684926851402,0,1.0
48495,3,2,1.0,1.0,0.9265167770108466,0.9265167770108466,1,1.0
48497,2,17,1.0,1.0,0.8082396994814839,0.8082396994814839,1,1.0
48499,3,12,1.0,0.0,0.8543845740670114,0.8543845740670114,1,0.0
48501,2,4,1.0,1.0,0.9316761896060752,0.9316761896060752,1,1.0
48503,2,6,1.0,0.0,0.92546213771246,0.92546213771246,1,0.0
48505,4,5,1.0,0.0,0.8179061943132551,0.8179061943132551,1,0.0
48507,4,4,1.0,1.0,0.9833601105940196,0.9833601105940196,1,1.0
49003,2,20,1.0,1.0,0.6697400595515446,0.6697400595515446,0,1.0
49005,3,16,1.0,0.0,0.6648808277687007,0.6648808277687007,0,0.0
49011,1,13,1.0,0.0,0.5808903716165865,0.5808903716165865,0,0.0
49019,1,2,1.0,1.0,0.6781725412063362,0.6781725412063362,0,1.0
49021,4,10,1.0,1.0,0.6597826708708892,0.6597826708708892,0,1.0
49037,3,12,1.0,0.0,0.7714904287471334,0.7714904287471334,1,0.0
49039,3,15,1.0,0.0,0.6444801183764978,0.6444801183764978,0,0.0
49041,3,12,1.0,0.0,0.731146145441866,0.731146145441866,0,0.0
49043,1,9,1.0,1.0,0.5097734717301617,0.5097734717301617,0,1.0
49057,1,9,1.0,0.0,0.7365445617636045,0.7365445617636045,0,0.0
50001,1,20,1.0,1.0,0.2899674680236085,0.2899674680236085,0,1.0
50005,2,22,1.0,1.0,0.4003885237960404,0.4003885237960404,0,1.0
50007,1,21,1.0,0.0,0.4079015333679016,0.4079015333679016,0,0.0
50013,1,5,1.0,1.0,0.3257985509325681,0.3257985509325681,0,1.0
50017,2,31,1.0,0.0,0.3859802454824007,0.3859802454824007,0,0.0
50019,2,24,1.0,0.0,0.4756677301090838,0.4756677301090838,0,0.0
50021,1,29,1.0,0.0,0.4693898833215668,0.4693898833215668,0,0.0
50023,1,26,1.0,1.0,0.3298622534468088,0.3298622534468088,0,1.0
50025,2,24,1.0,1.0,0.4916941361512875,0.4916941361512875,0,1.0
51003,2,24,1.0,0.0,0.3635585758499818,0.3635585758499818,0,0.0
51005,3,7,1.0,0.0,0.7229087724592891,0.7229087724592891,0,0.0
51007,1,5,1.0,1.0,0.6165489142361663,0.6165489142361663,0,1.0
51009,2,9,1.0,1.0,0.6286273096441114,0.6286273096441114,0,1.0
51013,1,11,1.0,0.0,0.1631952703350411,0.1631952703350411,0,0.0
51015,2,27,1.0,1.0,0.5418653559268439,0.5418653559268439,0,1.0
51019,1,18,1.0,1.0,0.2663973140767769,0.2663973140767769,0,1.0
51025,3,16,1.0,0.0,0.6787038644251985,0.6787038644251985,0,0.0
51027,4,16,1.0,0.0,0.8787537047456911,0.8787537047456911,1,0.0
51031,3,14,1.0,1.0,0.5713974535469598,0.5713974535469598,0,1.0
51036,2,4,1.0,1.0,0.5528472280529342,0.5528472280529342,0,1.0
51037,4,14,1.0,1.0,0.6131890815179043,0.6131890815179043,0,1.0
51047,1,18,1.0,1.0,0.5111294187722629,0.5111294187722629,0,1.0
51051,4,12,1.0,0.0,0.8454062609505719,0.8454062609505719,1,0.0
51057,4,8,1.0,1.0,0.6919600809960562,0.6919600809960562,0,1.0
51061,1,24,1.0,1.0,0.2397289229989128,0.2397289229989128,0,1.0
51063,2,11,1.0,0.0,0.234181801342645,0.234181801342645,0,0.0
51069,1,12,1.0,1.0,0.2473719884519759,0.2473719884519759,0,1.0
51073,1,6,1.0,1.0,0.2013319576647721,0.2013319576647721,0,1.0
51075,1,15,1.0,0.0,0.118593352809342,0.118593352809342,0,0.0
51079,2,5,1.0,0.0,0.4726717746039552,0.4726717746039552,0,0.0
51081,4,4,1.0,1.0,0.7405473318031918,0.7405473318031918,0,1.0
51083,3,14,1.0,1.0,0.6807527780200721,0.6807527780200721,0,1.0
51085,1,12,1.0,0.0,0.0823665569585067,0.0823665569585067,0,0.0
51087,2,16,1.0,0.0,0.4504660205216728,0.4504660205216728,0,0.0
51093,1,8,1.0,1.0,0.4910797325273388,0.4910797325273388,0,1.0
51095,1,4,1.0,0.0,0.1549337924836022,0.1549337924836022,0,0.0
51103,2,6,1.0,1.0,0.7050440358581961,0.7050440358581961,0,1.0
51105,4,11,1.0,0.0,0.8237146161868353,0.8237146161868353,1,0.0
51107,1,21,1.0,0.0,0.098833685834371,0.098833685834371,0,0.0
51111,4,12,1.0,1.0,0.7532263478594527,0.7532263478594527,1,1.0
51113,2,21,1.0,1.0,0.4299638987830762,0.4299638987830762,0,1.0
51117,3,13,1.0,1.0,0.6873051169286607,0.6873051169286607,0,1.0
51119,1,12,1.0,1.0,0.5087128011542738,0.5087128011542738,0,1.0
51121,3,10,1.0,1.0,0.3149875241297901,0.3149875241297901,0,1.0
51127,1,6,1.0,0.0,0.1302306927297289,0.1302306927297289,0,0.0
51131,3,11,1.0,1.0,0.8560064901307775,0.8560064901307775,1,1.0
51133,2,7,1.0,1.0,0.7395261710176716,0.7395261710176716,0,1.0
51135,4,7,1.0,0.0,0.8452288961197307,0.8452288961197307,1,0.0
51139,3,6,1.0,0.0,0.8360332815572914,0.8360332815572914,1,0.0
51141,3,14,1.0,0.0,0.6222981941284444,0.6222981941284444,0,0.0
51143,4,20,1.0,0.0,0.787530575568005,0.787530575568005,1,0.0
51145,1,5,1.0,0.0,0.0218589894391867,0.0218589894391867,0,0.0
51147,1,12,1.0,0.0,0.6033420724539464,0.6033420724539464,0,0.0
51149,3,7,1.0,1.0,0.6562790111721309,0.6562790111721309,0,1.0
51153,1,19,1.0,0.0,0.2127572207646445,0.2127572207646445,0,0.0
51159,3,5,1.0,1.0,0.729704032553054,0.729704032553054,0,1.0
51161,1,14,1.0,1.0,0.20056297303093,0.20056297303093,0,1.0
51171,2,14,1.0,1.0,0.638593635040616,0.638593635040616,0,1.0
51175,3,12,1.0,0.0,0.6257781374131649,0.6257781374131649,0,0.0
51177,1,13,1.0,0.0,0.1885323672918923,0.1885323672918923,0,0.0
51179,1,5,1.0,0.0,0.1288955907380739,0.1288955907380739,0,0.0
51185,1,18,1.0,0.0,0.7963781603137738,0.7963781603137738,1,0.0
51187,1,7,1.0,1.0,0.4418648299134242,0.4418648299134242,0,1.0
51191,2,10,1.0,0.0,0.6552105764651524,0.6552105764651524,0,0.0
51193,2,8,1.0,0.0,0.7190931190429188,0.7190931190429188,0,0.0
51199,1,9,1.0,0.0,0.121641552426351,0.121641552426351,0,0.0
51510,1,8,1.0,0.0,0.3110802724117952,0.3110802724117952,0,0.0
51520,4,2,1.0,0.0,0.9865333866773968,0.9865333866773968,1,0.0
51550,1,6,1.0,0.0,0.1782782769733778,0.1782782769733778,0,0.0
51570,2,1,1.0,0.0,0.1987,0.1987,0,0.0
51590,4,2,1.0,1.0,0.907928204973635,0.907928204973635,1,1.0
51595,4,1,1.0,1.0,0.7781,0.7781,1,1.0
51630,3,3,1.0,0.0,0.7839832876461137,0.7839832876461137,1,0.0
51650,2,9,1.0,0.0,0.6831901448582576,0.6831901448582576,0,0.0
51660,1,3,1.0,1.0,0.6940691323774195,0.6940691323774195,0,1.0
51678,3,1,1.0,1.0,0.4899,0.4899,0,1.0
51680,3,5,1.0,0.0,0.5792892516302018,0.5792892516302018,0,0.0
51683,1,1,1.0,0.0,0.412,0.412,0,0.0
51690,4,1,1.0,0.0,0.8906000000000001,0.8906000000000001,1,0.0
51700,3,8,1.0,0.0,0.6711500455968542,0.6711500455968542,0,0.0
51710,1,15,1.0,0.0,0.6062243751902753,0.6062243751902753,0,0.0
51730,3,2,1.0,1.0,0.8366250612867709,0.8366250612867709,1,1.0
51740,1,8,1.0,0.0,0.6747541247061086,0.6747541247061086,0,0.0
51750,1,2,1.0,0.0,0.4553772102810519,0.4553772102810519,0,0.0
51770,3,10,1.0,0.0,0.7219057696060244,0.7219057696060244,0,0.0
51800,1,8,1.0,1.0,0.3759594052713109,0.3759594052713109,0,1.0
51840,3,1,1.0,0.0,0.6384,0.6384,0,0.0
53003,3,3,1.0,0.0,0.8383595310011118,0.8383595310011118,1,0.0
53005,2,12,1.0,0.0,0.7549609409369199,0.7549609409369199,1,0.0
53007,2,14,1.0,0.0,0.7026381320218364,0.7026381320218364,0,0.0
53015,3,11,1.0,1.0,0.7920315598400689,0.7920315598400689,1,1.0
53017,2,13,1.0,0.0,0.7492999846042665,0.7492999846042665,0,0.0
53021,3,7,1.0,0.0,0.9034887512956497,0.9034887512956497,1,0.0
53023,3,2,1.0,1.0,0.8697782294346774,0.8697782294346774,1,1.0
53025,3,18,1.0,0.0,0.9358269605920908,0.9358269605920908,1,0.0
53029,1,8,1.0,1.0,0.4646238717053347,0.4646238717053347,0,1.0
53031,2,9,1.0,0.0,0.6605952430583824,0.6605952430583824,0,0.0
53035,1,20,1.0,0.0,0.5398463862683877,0.5398463862683877,0,0.0
53041,2,23,1.0,1.0,0.8178948196722629,0.8178948196722629,1,1.0
53045,2,15,1.0,1.0,0.803223312026152,0.803223312026152,1,1.0
53047,4,22,1.0,1.0,0.8960276149900702,0.8960276149900702,1,1.0
53057,1,17,1.0,0.0,0.7151638366145008,0.7151638366145008,0,0.0
53059,1,8,1.0,1.0,0.6204272662644399,0.6204272662644399,0,1.0
53067,1,14,1.0,0.0,0.5682925767238577,0.5682925767238577,0,0.0
53071,2,8,1.0,0.0,0.8917202200668413,0.8917202200668413,1,0.0
53073,2,18,1.0,0.0,0.6079975137106225,0.6079975137106225,0,0.0
53077,4,22,1.0,0.0,0.9099231892605488,0.9099231892605488,1,0.0
54003,2,11,1.0,0.0,0.6351306100272223,0.6351306100272223,0,0.0
54005,4,31,1.0,0.0,0.8126514567465198,0.8126514567465198,1,0.0
54009,2,8,1.0,0.0,0.803079768298797,0.803079768298797,1,0.0
54011,3,13,1.0,0.0,0.6987138628502064,0.6987138628502064,0,0.0
54029,3,5,1.0,1.0,0.8533379683303214,0.8533379683303214,1,1.0
54035,3,15,1.0,0.0,0.5733308490320385,0.5733308490320385,0,0.0
54037,1,9,1.0,0.0,0.537719790708182,0.537719790708182,0,0.0
54039,1,46,1.0,0.0,0.7573110268923866,0.7573110268923866,1,0.0
54041,4,11,1.0,0.0,0.8147590154163733,0.8147590154163733,1,0.0
54049,3,18,1.0,1.0,0.6572515734770724,0.6572515734770724,0,1.0
54053,3,19,1.0,0.0,0.629609664556129,0.629609664556129,0,0.0
54059,4,18,1.0,0.0,0.8709477776103595,0.8709477776103595,1,0.0
54061,3,16,1.0,0.0,0.4696936343207302,0.4696936343207302,0,0.0
54065,3,4,1.0,0.0,0.7369393451176652,0.7369393451176652,0,0.0
54067,3,25,1.0,0.0,0.7405257928467367,0.7405257928467367,0,0.0
54069,2,6,1.0,1.0,0.7118824308575988,0.7118824308575988,0,1.0
54079,2,17,1.0,0.0,0.3875133760570878,0.3875133760570878,0,0.0
54081,4,42,1.0,0.0,0.8083932142011981,0.8083932142011981,1,0.0
54083,4,22,1.0,0.0,0.626273681156322,0.626273681156322,0,0.0
54097,4,10,1.0,0.0,0.8804667220401609,0.8804667220401609,1,0.0
54099,4,17,1.0,1.0,0.8318738483244978,0.8318738483244978,1,1.0
54103,4,12,1.0,0.0,0.6902761354098097,0.6902761354098097,0,0.0
54107,3,13,1.0,0.0,0.7627468939110668,0.7627468939110668,1,0.0
55001,2,14,1.0,0.0,0.5707630970747724,0.5707630970747724,0,0.0
55005,2,19,1.0,1.0,0.3332116136541331,0.3332116136541331,0,1.0
55007,2,15,1.0,0.0,0.4423984715898948,0.4423984715898948,0,0.0
55009,1,19,1.0,0.0,0.2918946623820346,0.2918946623820346,0,0.0
55015,1,14,1.0,1.0,0.2324965065416107,0.2324965065416107,0,1.0
55017,2,14,1.0,0.0,0.2463886809840274,0.2463886809840274,0,0.0
55021,1,20,1.0,1.0,0.2662138925933479,0.2662138925933479,0,1.0
55023,2,13,1.0,0.0,0.2267210865459962,0.2267210865459962,0,0.0
55027,1,31,1.0,0.0,0.2950908161438336,0.2950908161438336,0,0.0
55029,1,13,1.0,0.0,0.3201519060118514,0.3201519060118514,0,0.0
55031,2,12,1.0,1.0,0.532913216309195,0.532913216309195,0,1.0
55039,1,24,1.0,0.0,0.3476872219294832,0.3476872219294832,0,0.0
55043,3,23,1.0,1.0,0.3640936396537115,0.3640936396537115,0,1.0
55045,1,12,1.0,1.0,0.1566463054442066,0.1566463054442066,0,1.0
55055,1,19,1.0,0.0,0.3453430658273912,0.3453430658273912,0,0.0
55057,3,14,1.0,0.0,0.4395617483572357,0.4395617483572357,0,0.0
55059,1,17,1.0,0.0,0.5004558238081627,0.5004558238081627,0,0.0
55061,1,6,1.0,0.0,0.2662826965738863,0.2662826965738863,0,0.0
55063,2,15,1.0,0.0,0.3415431147944005,0.3415431147944005,0,0.0
55065,2,14,1.0,0.0,0.2307034586039021,0.2307034586039021,0,0.0
55069,1,7,1.0,0.0,0.1279642341821273,0.1279642341821273,0,0.0
55071,1,19,1.0,0.0,0.3221731419359963,0.3221731419359963,0,0.0
55073,1,28,1.0,0.0,0.1087751217874989,0.1087751217874989,0,0.0
55075,3,16,1.0,0.0,0.4062084323905489,0.4062084323905489,0,0.0
55077,2,14,1.0,0.0,0.4685555166316686,0.4685555166316686,0,0.0
55078,4,4,1.0,1.0,0.6663856711964281,0.6663856711964281,0,1.0
55081,2,12,1.0,0.0,0.3734295273863277,0.3734295273863277,0,0.0
55083,1,19,1.0,1.0,0.3470149679295177,0.3470149679295177,0,1.0
55085,1,14,1.0,1.0,0.2002945499764839,0.2002945499764839,0,1.0
55087,1,24,1.0,0.0,0.249762570013043,0.249762570013043,0,0.0
55089,1,13,1.0,1.0,0.2008486127501028,0.2008486127501028,0,1.0
55095,1,20,1.0,1.0,0.315026242770286,0.315026242770286,0,1.0
55097,2,21,1.0,0.0,0.2056931278018264,0.2056931278018264,0,0.0
55099,2,14,1.0,0.0,0.2953005331287249,0.2953005331287249,0,0.0
55103,3,14,1.0,0.0,0.5527676239405084,0.5527676239405084,0,0.0
55105,2,19,1.0,0.0,0.512382238460304,0.512382238460304,0,0.0
55111,1,17,1.0,1.0,0.271070878925085,0.271070878925085,0,1.0
55115,2,25,1.0,1.0,0.2602489372080062,0.2602489372080062,0,1.0
55117,1,17,1.0,0.0,0.2562860051650884,0.2562860051650884,0,0.0
55119,2,14,1.0,0.0,0.3703245686667557,0.3703245686667557,0,0.0
55121,1,14,1.0,0.0,0.2210306803978131,0.2210306803978131,0,0.0
55123,3,18,1.0,0.0,0.3759532586895198,0.3759532586895198,0,0.0
55125,2,12,1.0,0.0,0.3777049435235248,0.3777049435235248,0,0.0
55127,1,16,1.0,0.0,0.4470146048189001,0.4470146048189001,0,0.0
55131,1,18,1.0,0.0,0.1897001406701401,0.1897001406701401,0,0.0
55133,1,30,1.0,0.0,0.2371267313077302,0.2371267313077302,0,0.0
55135,1,16,1.0,1.0,0.2945019848132862,0.2945019848132862,0,1.0
55137,2,17,1.0,0.0,0.3342693722968655,0.3342693722968655,0,0.0
55139,1,18,1.0,0.0,0.3050438498455268,0.3050438498455268,0,0.0
55141,2,15,1.0,1.0,0.1405813847822806,0.1405813847822806,0,1.0
56001,1,10,1.0,0.0,0.7058748595350155,0.7058748595350155,0,0.0
56003,2,15,1.0,1.0,0.6780315595054207,0.6780315595054207,0,1.0
56007,2,12,1.0,0.0,0.6965643042878144,0.6965643042878144,0,0.0
56009,1,4,1.0,0.0,0.672835025763872,0.672835025763872,0,0.0
56013,2,11,1.0,1.0,0.7536819360169674,0.7536819360169674,1,1.0
56017,3,3,1.0,1.0,0.8446389713424783,0.8446389713424783,1,1.0
56021,1,12,1.0,0.0,0.6525987768053778,0.6525987768053778,0,0.0
56025,1,11,1.0,1.0,0.5882668394907353,0.5882668394907353,0,1.0
56029,1,8,1.0,0.0,0.5302812714617072,0.5302812714617072,0,0.0
56031,2,5,1.0,1.0,0.732159213324703,0.732159213324703,0,1.0
56033,1,9,1.0,0.0,0.4719994429323177,0.4719994429323177,0,0.0
56035,1,6,1.0,1.0,0.4740644581168287,0.4740644581168287,0,1.0
