county_fips,poverty_quartile,n_zctas_in_county,suppression_flag,fold,prob_high_risk,pred_high_risk,true_label
01009,3,17,1,0,0.21579624596826208,0,0
01011,4,7,1,0,0.2649356734769486,0,1
01013,4,8,0,0,0.25938523124704294,0,0
01037,3,11,1,0,0.2382785481908524,0,0
01041,3,11,0,0,0.2427756689254933,0,0
01047,4,10,1,0,0.272443078650564,0,0
01061,4,14,0,0,0.2533038998571532,0,0
01073,1,62,0,0,0.1927926131772208,0,0
01089,1,25,1,0,0.12238521810412703,0,0
01097,1,36,0,0,0.17306499205761797,0,0
01099,4,17,1,0,0.23976565315906603,0,0
01109,1,9,1,0,0.39747384517848977,0,1
01111,3,8,1,0,0.23636423271334783,0,0
01121,4,12,1,0,0.25527928082611223,0,0
01129,4,16,1,0,0.25807554215675416,0,0
04011,2,3,0,0,0.2500267346233741,0,0
04012,4,8,0,0,0.300514241413224,0,1
04013,1,136,0,0,0.2296561744272893,0,1
04017,4,33,0,0,0.2392380596492255,0,1
04025,2,31,0,0,0.2234698924245974,0,1
05009,3,9,1,0,0.2213752639191882,0,0
05011,4,7,1,0,0.2814087106349591,0,0
05021,4,13,1,0,0.3416100189491299,0,0
05025,4,7,1,0,0.2533529620167754,0,1
05029,4,15,1,0,0.32862197090477935,0,0
05031,1,16,1,0,0.24473074169038128,0,0
05043,4,9,1,0,0.2467866264830991,0,0
05051,3,10,1,0,0.2196263065403894,0,0
05061,4,8,1,0,0.29736844670351903,0,0
05083,4,12,1,0,0.3007569715838114,0,0
05127,4,10,1,0,0.29512714550788033,0,1
05133,4,7,1,0,0.2800293765029933,0,0
05145,4,17,1,0,0.2845344738330883,0,0
05149,4,13,1,0,0.3080244876726341,0,0
06003,1,3,0,0,0.2174108809805153,0,0
06009,1,20,1,0,0.254866115220416,0,1
06015,4,4,1,0,0.18995470848059257,0,0
06021,3,7,1,0,0.3623023471578176,0,0
06023,4,36,1,0,0.18783398609985508,0,0
06037,1,292,0,0,0.03517263693696863,0,0
06041,1,29,1,0,0.08936973827800904,0,0
06043,3,13,1,0,0.2570236348641327,0,0
06047,4,24,0,0,0.3683397554055673,0,0
06049,3,13,0,0,0.3165741663058436,0,0
06051,1,9,0,0,0.2029465654212773,0,0
06055,1,12,1,0,0.1684359232853407,0,0
06059,1,91,0,0,0.1481838046096262,0,0
06061,1,34,0,0,0.14993612775301518,0,0
06063,2,17,1,0,0.2014219115626011,0,0
06069,2,7,1,0,0.22226820478914072,0,0
06071,3,93,0,0,0.29558692186993607,0,0
06077,1,36,0,0,0.2963444436312083,0,0
06087,2,17,1,0,0.14528037934064514,0,0
06115,3,17,1,0,0.28481299379687147,0,1
08011,4,6,0,0,0.28168010732184534,0,0
08041,1,45,0,0,0.14880673575446335,0,0
08043,3,11,1,0,0.14625780166188576,0,1
08059,1,33,1,0,0.10092000837416437,0,0
08061,3,5,0,0,0.177715706023725,0,0
08067,1,6,1,0,0.11693280365582097,0,1
08093,1,12,0,0,0.04112272130013604,0,0
08123,1,41,1,0,0.17973152523270833,0,0
09001,1,46,1,0,0.08492137469378784,0,0
09003,1,58,1,0,0.14975686679312797,0,0
09011,1,31,1,0,0.11403828179541925,0,0
09013,1,17,0,0,0.08882296073883551,0,0
10001,1,18,1,0,0.2072720899507828,0,0
12013,3,8,0,0,0.16755437945867546,0,0
12021,1,23,0,0,0.1242462962015678,0,0
12027,4,4,0,0,0.18898885979620872,0,0
12031,1,36,0,0,0.12273880399670502,0,0
12033,1,18,1,0,0.1285458941873707,0,0
12061,2,9,1,0,0.133772496337014,0,0
12071,1,38,0,0,0.13016576944273872,0,0
12089,1,6,1,0,0.095681390464733,0,0
12093,4,2,0,0,0.203181471413932,0,0
12109,1,12,1,0,0.087014549972732,0,0
12119,1,11,1,0,0.14567772439774146,0,0
12123,1,6,0,0,0.10703335732815951,0,0
12125,1,5,0,0,0.1360170707579763,0,0
13003,4,5,1,0,0.2527337147777971,0,1
13007,3,6,0,0,0.2437071498284327,0,0
13011,3,11,0,0,0.17574373041990646,0,0
13021,1,12,1,0,0.2658571740064312,0,0
13031,1,11,1,0,0.23378823709403881,0,0
13037,4,6,0,0,0.337254869027862,0,0
13039,3,8,1,0,0.13905071616905929,0,1
13049,4,4,0,0,0.22550735724867588,0,0
13055,4,6,1,0,0.2222002589614714,0,0
13069,4,10,1,0,0.26151178730406993,0,1
13071,4,13,1,0,0.2672312984160521,0,0
13073,1,7,1,0,0.09550285330569445,0,0
13079,3,7,0,0,0.2539917519228611,0,0
13103,1,8,1,0,0.13077225288686656,0,1
13105,4,4,0,0,0.25329823311157523,0,0
13115,4,13,1,0,0.19290105979550873,0,0
13119,3,10,1,0,0.22399635200800758,0,0
13121,1,46,0,0,0.12367964824534804,0,0
13137,3,7,1,0,0.15806897491661603,0,1
13143,3,7,0,0,0.17359198994037517,0,0
13151,2,11,1,0,0.1382327419469935,0,0
13169,4,8,1,0,0.24254777456787513,0,0
13173,4,5,0,0,0.24078951169864288,0,0
13175,4,15,1,0,0.2649018824566312,0,1
13187,3,4,0,0,0.1584331444175481,0,0
13191,3,4,1,0,0.24693103668799532,0,0
13193,4,10,1,0,0.2770497480749811,0,0
13227,2,9,1,0,0.12296873312421659,0,0
13253,4,4,1,0,0.28819829775060046,0,1
13255,4,7,0,0,0.22798805274609077,0,0
13261,4,8,1,0,0.256871283930245,0,0
13263,4,8,0,0,0.21214028551471217,0,0
13283,4,6,0,0,0.28369486357288803,0,0
13307,4,6,0,0,0.252499387602696,0,0
13309,4,4,1,0,0.25760088040090523,0,1
13315,4,8,1,0,0.28197679020608707,0,1
13317,4,5,1,0,0.2657289450421405,0,1
13321,4,12,0,0,0.28288402904919446,0,0
16033,4,3,0,0,0.22380469361795274,0,0
16055,2,13,1,0,0.1328215495317377,0,0
16059,3,10,1,0,0.21394332499101948,0,1
16065,1,8,0,0,0.004029421444077057,0,0
16067,3,5,0,0,0.2843088268343084,0,0
16077,4,4,0,0,0.2585839273132564,0,0
17009,2,5,0,0,0.1395617077527409,0,0
17011,2,30,1,0,0.1892830525934283,0,1
17029,4,16,0,0,0.19409840377974727,0,0
17049,2,15,1,0,0.13192188910797242,0,0
17059,4,9,1,0,0.27668142332525275,0,1
17065,2,13,0,0,0.19140030952268028,0,0
17083,1,11,0,0,0.13775343971330536,0,0
17095,3,22,1,0,0.24468966843739193,0,1
17099,2,28,1,0,0.20157473687717778,0,0
17103,2,24,1,0,0.1849585082516136,0,0
17109,4,17,1,0,0.19750380018818253,0,1
17135,3,28,0,0,0.19559371697595382,0,0
17143,1,27,0,0,0.15241595642861913,0,0
17147,1,16,0,0,0.128248739045498,0,0
17157,2,18,1,0,0.1954862191212686,0,0
17159,3,9,1,0,0.1936687745865366,0,0
17163,2,34,0,0,0.17196100221580118,0,1
17169,3,12,0,0,0.15708905729277914,0,0
17171,2,9,1,0,0.15622412594456775,0,1
17183,3,27,1,0,0.20033354228208364,0,0
17203,1,16,1,0,0.11305458640799884,0,0
18001,3,8,1,0,0.21728596926307397,0,1
18003,2,33,1,0,0.1635247248960711,0,0
18019,2,15,1,0,0.1413654128798203,0,0
18023,3,12,1,0,0.20860000337602036,0,0
18025,3,9,0,0,0.2021815253716441,0,0
18027,3,7,0,0,0.1772146819486062,0,0
18035,4,21,1,0,0.23954697798509378,0,0
18041,4,8,0,0,0.2748396481120211,0,0
18045,2,10,0,0,0.17874022583397675,0,0
18047,1,15,1,0,0.14681172894946573,0,0
18057,1,23,0,0,0.09037605042023689,0,0
18061,2,16,1,0,0.12714533439335607,0,1
18081,1,12,1,0,0.1568727104559084,0,0
18101,2,7,1,0,0.15775216327856967,0,1
18115,2,5,0,0,0.1567543810149164,0,0
18141,3,24,1,0,0.2159567434695294,0,0
18153,3,13,1,0,0.20446854549435772,0,0
18163,3,11,1,0,0.19936767492333338,0,0
18177,3,17,1,0,0.2377509315211799,0,0
19015,3,18,1,0,0.1820796978478881,0,0
19017,1,12,0,0,0.11197827237165377,0,0
19027,1,16,1,0,0.13801966891194029,0,0
19043,2,24,0,0,0.1522181751030448,0,0
19047,3,19,0,0,0.1572652941590958,0,0
19053,3,11,0,0,0.16559469306389898,0,0
19055,1,16,0,0,0.12170583813709526,0,0
19057,3,12,1,0,0.1687667373474309,0,1
19061,2,19,1,0,0.09687274288291454,0,0
19069,2,17,0,0,0.15649657622515428,0,0
19071,2,11,1,0,0.17515423540652386,0,1
19089,2,9,0,0,0.1288837396754606,0,0
19097,2,14,1,0,0.13069136085389993,0,0
19099,1,19,1,0,0.13949185140561157,0,1
19109,2,21,1,0,0.17125779510058536,0,0
19111,3,12,1,0,0.1706876661617186,0,0
19113,1,29,1,0,0.10877349682594027,0,0
19119,1,12,0,0,0.1255851296675406,0,0
19127,2,21,1,0,0.17931297669437601,0,1
19137,3,10,0,0,0.17907452415448002,0,0
19139,2,13,0,0,0.14634208349785865,0,0
19145,2,12,1,0,0.15849107667416099,0,0
19161,2,16,1,0,0.14896208040349956,0,1
19165,1,19,0,0,0.14948567160927817,0,0
19181,1,19,1,0,0.11729074318563441,0,1
19191,1,12,0,0,0.11112642785559407,0,0
20011,4,13,1,0,0.25479361406486317,0,0
20013,2,13,0,0,0.21604290885226296,0,0
20015,2,20,1,0,0.22384840398314973,0,0
20017,3,11,0,0,0.2833641216394982,0,0
20029,3,8,1,0,0.21706986043695078,0,1
20033,1,3,0,0,0.19926184652127601,0,0
20035,3,14,1,0,0.31318247294469775,0,1
20067,2,3,1,0,0.23381213018771627,0,1
20071,1,2,0,0,0.30046780187370004,0,0
20079,1,13,1,0,0.21276169607556614,0,1
20083,2,8,1,0,0.2129561100591209,0,1
20103,1,13,1,0,0.1940712741781223,0,0
20107,3,11,0,0,0.22322073446242996,0,0
20109,2,7,0,0,0.16290705279255566,0,0
20111,3,12,1,0,0.2942459458917502,0,0
20119,1,5,0,0,0.27304388498556237,0,0
20121,1,11,1,0,0.12735211344889544,0,1
20151,2,11,0,0,0.21785265376901153,0,0
20155,2,22,1,0,0.25218817503086904,0,0
20157,2,15,0,0,0.17024600760395336,0,0
20173,2,50,0,0,0.2426869265209328,0,0
21019,3,4,1,0,0.19206936996017152,0,1
21027,3,18,1,0,0.2400020664983408,0,0
21039,4,4,0,0,0.30311045332097225,0,0
21041,4,8,1,0,0.21268847235781024,0,1
21045,4,15,0,0,0.25919704652072734,0,0
21049,3,4,1,0,0.17393434223664003,0,1
21051,4,10,1,0,0.2521036966848868,0,0
21059,3,10,1,0,0.21836268240597903,0,0
21061,4,12,1,0,0.231745919598546,0,0
21063,4,6,1,0,0.2629528733146692,0,1
21065,4,5,0,0,0.2678502908501352,0,0
21111,2,41,0,0,0.1770919599027398,0,0
21119,4,24,1,0,0.23771710707432042,0,0
21137,4,11,1,0,0.23358239638394926,0,0
21143,3,4,0,0,0.3331596321079013,0,0
21147,4,8,0,0,0.2358474447523771,0,0
21151,1,5,1,0,0.19697192391145651,0,0
21161,4,5,1,0,0.19690553902610664,0,0
21167,2,5,1,0,0.1850056034597811,0,0
21175,4,8,1,0,0.23212264544556024,0,0
21189,4,6,0,0,0.25578515927946416,0,0
21203,4,7,1,0,0.2244075757985666,0,0
21209,2,6,1,0,0.15023773883460223,0,1
21225,4,5,1,0,0.24405646963355682,0,0
22019,3,16,1,0,0.2147055218472359,0,0
22031,4,10,1,0,0.23168948319228502,0,0
22035,4,4,0,0,0.29063232325112287,0,0
22037,3,8,0,0,0.2321728543462073,0,0
22055,1,16,1,0,0.18391327942249938,0,0
22069,4,16,1,0,0.24250772600189727,0,0
22091,3,7,0,0,0.24711203830880243,0,0
22095,3,6,1,0,0.2393577399095587,0,1
22109,3,13,1,0,0.22609575140431734,0,0
22119,4,12,1,0,0.3266508706870418,0,1
22123,4,4,1,0,0.2810512339156587,0,0
22127,4,12,1,0,0.2576332963134279,0,0
23023,1,8,0,0,0.07464193179929346,0,0
23027,2,18,1,0,0.09109643260050033,0,1
24005,1,54,0,0,0.09615720715089646,0,1
24013,1,15,1,0,0.08259677772155298,0,0
24019,3,18,1,0,0.2298081049932739,0,1
24041,1,16,1,0,0.1627365296539574,0,0
24043,1,20,1,0,0.1499790228928678,0,0
26009,2,16,1,0,0.13900708599446285,0,0
26015,1,15,1,0,0.14300624697299144,0,0
26039,3,4,0,0,0.16155713436802419,0,0
26041,3,13,1,0,0.1576227294279287,0,1
26051,4,7,0,0,0.20698512065495397,0,0
26053,4,7,0,0,0.13926142589991503,0,0
26059,3,18,1,0,0.18985893886378938,0,0
26063,2,18,1,0,0.2121481145797321,0,1
26097,3,15,0,0,0.18858840976737548,0,0
26109,3,14,0,0,0.16079056383496293,0,0
26125,1,71,0,0,0.10715216592812392,0,0
26127,3,12,1,0,0.1738410591756962,0,0
26135,3,8,0,0,0.165667274297387,0,0
26145,3,28,1,0,0.214211461461115,0,0
27013,3,20,0,0,0.1550048690281284,0,0
27017,2,15,0,0,0.11608137732589678,0,0
27029,3,11,0,0,0.23708396512516589,0,0
27049,1,17,1,0,0.1157526799381669,0,1
27065,2,9,0,0,0.14323891171205513,0,0
27067,2,16,0,0,0.15275171066223758,0,0
27087,4,8,0,0,0.30366452954662365,0,0
27103,1,10,0,0,0.10975427352561656,0,0
27105,3,17,0,0,0.19669292278840472,0,0
27115,2,16,1,0,0.16091018942952925,0,0
27131,1,16,1,0,0.1364806003119951,0,0
27153,2,19,1,0,0.15717341296172008,0,0
27169,2,14,1,0,0.13469376992063964,0,1
28003,4,5,1,0,0.17429687961697019,0,1
28019,4,9,1,0,0.17976227037319828,0,1
28023,4,9,1,0,0.14045888384166488,0,0
28055,4,6,0,0,0.17780495413298072,0,0
28073,3,6,1,0,0.09825411171391442,0,0
28091,4,8,1,0,0.20063623024556945,0,0
28097,4,7,1,0,0.23289746409043,0,1
28101,4,11,1,0,0.18946058898038523,0,0
28115,4,11,1,0,0.15585557506475128,0,0
28117,4,8,0,0,0.19336741917586583,0,0
28125,1,7,0,0,0.08505726291513843,0,0
28127,3,10,1,0,0.16687638056651333,0,0
28141,4,9,1,0,0.17798475534924546,0,0
28143,4,5,0,0,0.34336427530149727,0,0
28151,4,8,0,0,0.3237314128044368,0,1
28163,4,8,1,0,0.2325859597079244,0,0
29005,2,9,0,0,0.21270787089193602,0,0
29021,3,15,1,0,0.2103563120266306,0,0
29025,3,10,1,0,0.226713659503781,0,1
29035,3,5,1,0,0.1555660303941006,0,1
29041,3,12,1,0,0.2070880272377947,0,1
29065,4,8,1,0,0.19552844258576266,0,0
29069,4,14,1,0,0.3693334095594077,0,1
29073,2,11,0,0,0.17865325708219254,0,0
29077,3,21,0,0,0.17233337868127221,0,0
29089,3,10,0,0,0.19359221687572528,0,0
29107,2,16,1,0,0.19404686736915608,0,1
29115,3,15,1,0,0.20070036046160988,0,0
29133,4,6,1,0,0.38595918783444266,0,0
29147,4,18,1,0,0.20835867708735287,0,0
29159,3,15,1,0,0.20689134533391645,0,1
29167,3,18,0,0,0.4098019302041406,0,0
29185,4,16,1,0,0.2342046770702569,0,1
29195,3,13,1,0,0.21476530869035046,0,0
29223,4,14,1,0,0.2437683952834494,0,0
29227,3,7,0,0,0.21185229327363325,0,0
30001,3,10,0,0,0.17072053268796936,0,0
30005,4,9,1,0,0.323248684420918,0,1
30019,1,4,0,0,0.16383890690577546,0,0
30023,4,5,0,0,0.19360193797741132,0,0
30033,2,8,0,0,0.18924349541838498,0,0
30041,3,10,0,0,0.2517930283897596,0,0
30043,2,9,0,0,0.13482401724218862,0,0
30047,3,15,1,0,0.19338594356526165,0,0
30075,3,6,0,0,0.22338854576553083,0,0
30091,1,11,0,0,0.15594713383324693,0,0
30107,2,6,0,0,0.21790215301278523,0,0
31011,2,8,1,0,0.15679766316452812,0,1
31017,3,4,0,0,0.1716183197517508,0,0
31025,1,20,1,0,0.10914721745117584,0,0
31029,2,7,1,0,0.07392903090445396,0,1
31031,3,18,0,0,0.19445824751750795,0,0
31035,2,15,0,0,0.1174659015316816,0,0
31039,2,11,0,0,0.16728423739827977,0,0
31043,3,8,0,0,0.13383470875548814,0,0
31047,3,11,0,0,0.1395111340336224,0,0
31061,2,8,1,0,0.18523667702938754,0,1
31063,2,12,0,0,0.14840379381767038,0,0
31071,2,3,0,0,0.216789860301892,0,0
31073,2,9,0,0,0.17089941925217972,0,0
31105,3,5,0,0,0.20761836882524573,0,0
31125,2,8,0,0,0.15558604062236853,0,0
31129,2,10,0,0,0.15347485258014448,0,0
31131,1,19,1,0,0.13688831169790566,0,0
31139,1,9,0,0,0.11593895622505335,0,0
31169,1,15,0,0,0.1736028519413818,0,0
31173,4,10,1,0,0.27832399669520574,0,1
31185,1,15,1,0,0.11863089344096568,0,0
32003,1,73,0,0,0.2642215647377957,0,1
32011,1,4,0,0,0.31128424193139004,0,0
32013,1,7,1,0,0.2865487047661,0,0
32033,2,7,1,0,0.27234470040402214,0,1
32510,2,4,0,0,0.2715677357490635,0,0
33003,1,30,0,0,0.10320383510023216,0,0
33005,1,27,1,0,0.09247393789479978,0,1
33009,1,37,1,0,0.07269648273287717,0,0
34009,1,15,1,0,0.13609081363465944,0,0
34015,1,30,1,0,0.10567908443489524,0,0
34037,1,21,1,0,0.06999119544086048,0,0
35006,4,17,0,0,0.39314933287767234,0,0
35023,4,5,0,0,0.36541368364596255,0,0
35027,3,14,0,0,0.20740448101998027,0,0
35041,4,9,1,0,0.29839305619852413,0,0
35043,1,21,1,0,0.17245646278850532,0,0
35061,4,8,1,0,0.33347451428020025,0,1
36005,4,28,0,0,0.29543770094507854,0,0
36007,3,31,1,0,0.12191928108547218,0,0
36013,3,36,1,0,0.1464024929724487,0,0
36029,2,70,0,0,0.15058496871434462,0,0
36047,3,39,0,0,0.1890499913358922,0,0
36055,1,50,1,0,0.14459025813981083,0,0
36081,2,63,0,0,0.14572223465246997,0,0
36093,1,19,1,0,0.09399901955985801,0,0
36105,2,62,1,0,0.12856615742984903,0,0
36115,2,27,1,0,0.09561628902497869,0,0
37009,1,12,0,0,0.15285942673695974,0,0
37023,4,16,1,0,0.14163315418174988,0,0
37029,2,5,0,0,0.12718099337755226,0,0
37031,2,19,1,0,0.12729311946753433,0,0
37051,1,24,1,0,0.19287031580491254,0,0
37053,1,15,1,0,0.11884538367198534,0,0
37057,3,12,1,0,0.1374418247100269,0,0
37079,4,11,1,0,0.21844720696909956,0,0
37081,3,31,0,0,0.12059172665272175,0,0
37107,4,10,1,0,0.22225882834741667,0,0
37109,2,11,1,0,0.12015766639023524,0,0
37119,2,32,0,0,0.10513547320158892,0,0
37135,2,14,1,0,0.07980574963600906,0,0
37141,3,13,1,0,0.12541765661355855,0,1
37143,3,6,0,0,0.1846136396983662,0,0
37169,2,16,1,0,0.13770263360160834,0,0
37179,1,12,1,0,0.09411228979782443,0,0
37187,4,4,1,0,0.2434524249334755,0,0
37195,4,17,1,0,0.1861847224577614,0,0
38011,1,5,0,0,0.16711884147115597,0,0
38015,1,12,1,0,0.10236090629064391,0,0
38023,2,10,0,0,0.18736205523274307,0,0
38035,1,22,1,0,0.16510896190908855,0,1
38059,1,8,0,0,0.13809997162860022,0,0
38099,2,16,1,0,0.19869906364196174,0,0
39001,4,11,1,0,0.26364468902803073,0,0
39003,2,20,0,0,0.24664401315072354,0,0
39005,2,19,0,0,0.17174053209501297,0,0
39007,4,19,1,0,0.22043549389671496,0,0
39015,3,19,0,0,0.22397615577412824,0,0
39021,1,17,0,0,0.20717040106622295,0,0
39029,3,24,0,0,0.22388925642735463,0,0
39031,3,18,0,0,0.1916510220365999,0,0
39037,2,25,1,0,0.25481974026352977,0,0
39043,2,13,0,0,0.21513588297967695,0,0
39045,1,19,1,0,0.14500693153901156,0,0
39047,3,11,0,0,0.2681931052934114,0,0
39065,3,15,1,0,0.22431396521254102,0,1
39073,3,16,1,0,0.1833805486509269,0,0
39075,1,18,1,0,0.12078258282963925,0,0
39085,1,11,1,0,0.13565623913984368,0,0
39095,3,30,0,0,0.24387786873692832,0,0
39097,1,12,0,0,0.19035482044057994,0,0
39115,4,11,0,0,0.2519808638320851,0,0
39123,2,18,1,0,0.22979893764542478,0,0
39131,4,11,1,0,0.22232437664780422,0,0
39145,4,20,1,0,0.24702562562491365,0,0
39167,3,20,1,0,0.1897835499286881,0,0
39175,2,13,0,0,0.18959797104463158,0,0
40029,4,10,0,0,0.36734064913038056,0,0
40037,3,21,1,0,0.26512592550844566,0,0
40039,4,13,1,0,0.34491656157837275,0,0
40043,3,12,1,0,0.33047576191615174,0,1
40061,4,7,0,0,0.34494258056475835,0,0
40081,3,16,1,0,0.28279147701261853,0,0
40089,4,15,1,0,0.3484250858672151,0,0
40101,4,15,1,0,0.36701399049164946,0,0
40111,4,11,1,0,0.3474936347296992,0,1
40135,4,9,1,0,0.3295524060181524,0,0
40139,4,9,1,0,0.31588696671440425,0,0
40151,2,7,0,0,0.28598529442771675,0,0
41019,3,28,1,0,0.2571100329063375,0,0
41027,2,3,1,0,0.17722925142056395,0,0
41033,4,11,1,0,0.2821814284421408,0,0
41037,4,10,0,0,0.397797500295877,0,0
41045,4,13,0,0,0.38976554532754376,0,0
41065,3,8,1,0,0.3005778044736538,0,0
41069,4,5,0,0,0.30002004924874026,0,0
42003,1,114,0,0,0.10369799873902184,0,0
42005,2,36,1,0,0.13987359005000782,0,0
42007,2,28,0,0,0.1303557176179011,0,0
42037,2,19,1,0,0.1663194675164677,0,0
42051,3,62,1,0,0.1671314252529437,0,0
42065,3,30,1,0,0.1560403971723851,0,0
42081,2,25,1,0,0.12818503562935182,0,0
42087,3,13,1,0,0.15958420678800644,0,1
42099,2,16,1,0,0.13760470531741695,0,1
44001,1,3,0,0,0.10765312017809912,0,0
45001,4,13,1,0,0.23994521496260393,0,0
45011,4,7,1,0,0.3119929973374991,0,0
45039,4,9,1,0,0.25520354733427275,0,0
45047,4,9,1,0,0.2340460883243115,0,0
45067,4,7,1,0,0.25603452040295377,0,0
45069,4,8,1,0,0.24887485408159749,0,0
45079,1,24,0,0,0.10941469202325523,0,0
46003,1,9,0,0,0.16346687410156932,0,0
46009,2,7,1,0,0.1435402334563383,0,1
46013,1,20,1,0,0.11891426159614334,0,1
46023,4,10,0,0,0.21361045211214072,0,0
46027,3,8,0,0,0.1709803219620807,0,0
46077,1,9,1,0,0.1651287635034751,0,1
46081,1,9,0,0,0.17302932294066048,0,0
46091,1,10,1,0,0.16090403904576886,0,1
46107,1,5,0,0,0.19057585039629432,0,0
46121,4,9,1,0,0.3261331766011898,0,1
46127,1,9,0,0,0.16084060203174036,0,0
46137,4,7,0,0,0.325134737166637,0,0
47007,3,9,0,0,0.20808837770815997,0,0
47009,2,13,1,0,0.17364560591233483,0,0
47019,4,8,1,0,0.25110522501311394,0,0
47023,3,12,0,0,0.1795977665941714,0,0
47025,1,10,1,0,0.23174243975801623,0,0
47031,3,9,1,0,0.22462054507817925,0,0
47035,3,11,1,0,0.20308586976017834,0,0
47043,2,11,1,0,0.18906989473915284,0,1
47045,4,11,1,0,0.281644058803488,0,1
47051,3,15,0,0,0.23649689507482513,0,0
47063,4,7,1,0,0.27139637343596323,0,1
47083,3,8,0,0,0.25673994265549893,0,0
47087,4,11,0,0,0.2203428829212483,0,0
47095,4,2,0,0,0.334881706830138,0,0
47119,1,10,1,0,0.16634980621586193,0,0
47125,3,15,1,0,0.19427868711508234,0,0
47131,4,12,1,0,0.305683426303476,0,1
47135,4,4,1,0,0.24305603197296197,0,1
47143,4,6,0,0,0.21067921721937927,0,0
47163,3,12,1,0,0.23607685045671284,0,0
47189,1,12,1,0,0.15384008672291047,0,0
48007,4,5,1,0,0.2953106773475691,0,0
48013,3,15,1,0,0.3317538773295823,0,0
48025,4,11,1,0,0.33480318582129853,0,1
48027,3,23,0,0,0.2652225831761874,0,0
48041,3,9,0,0,0.21077632276306324,0,0
48057,3,6,1,0,0.35352775148641313,0,0
48071,2,11,1,0,0.21920516523668931,0,0
48083,2,15,1,0,0.2342404364927553,0,1
48085,1,38,0,0,0.12396001804738736,0,0
48109,4,2,1,0,0.09642117603066126,0,1
48115,4,4,0,0,0.394971228598692,0,0
48131,4,8,1,0,0.4155388735690161,0,0
48149,2,15,1,0,0.2504244664527507,0,0
48151,3,9,1,0,0.2741928983482959,0,1
48171,2,7,1,0,0.21824396255826664,0,0
48173,3,4,0,0,0.3176854123646803,0,0
48175,3,6,0,0,0.2885027465784068,0,0
48181,2,21,0,0,0.23424389198923018,0,1
48189,3,9,0,0,0.32628608399248465,0,0
48191,4,6,0,0,0.3326558557816003,0,0
48197,3,2,1,0,0.3115111611097309,0,1
48207,4,11,1,0,0.3491393570828821,0,1
48231,3,17,0,0,0.2525377060540501,0,1
48233,3,7,1,0,0.2731070203284398,0,0
48239,2,10,1,0,0.27297936095911696,0,0
48253,4,10,0,0,0.2691375013833071,0,0
48255,3,8,1,0,0.3348726410896123,0,0
48277,3,13,1,0,0.25642499615695075,0,1
48279,4,13,0,0,0.34046547915485875,0,0
48289,3,8,1,0,0.285936531105712,0,0
48291,3,14,1,0,0.2249688353023495,0,0
48327,3,4,0,0,0.26040204777725273,0,0
48333,2,8,0,0,0.26212876249738226,0,0
48335,2,3,1,0,0.2518939533055611,0,1
48347,1,10,1,0,0.30915078947947916,0,1
48355,3,26,0,0,0.3259944896840936,0,0
48373,3,9,1,0,0.23440336805685485,0,1
48395,3,9,1,0,0.24843237966975174,0,0
48401,3,16,1,0,0.21182334753760942,0,1
48403,4,6,0,0,0.21542636342579594,0,0
48439,1,74,0,0,0.2153817894934256,0,0
48443,3,2,0,0,0.34482733518563513,0,0
48465,4,5,1,0,0.43263991789398715,0,0
48485,3,11,0,0,0.30792980369028117,0,1
48487,4,6,1,0,0.36735940086167074,0,0
48495,3,2,1,0,0.3277675302441293,0,1
48501,2,4,1,0,0.25399235256782954,0,1
48507,4,4,1,0,0.5103166645835446,1,0
49009,1,2,0,0,0.14220245304929752,0,0
49019,1,2,1,0,0.17516500248463143,0,1
49023,2,6,0,0,0.2123394746875782,0,0
49027,3,11,0,0,0.22822051688208228,0,0
49047,3,10,0,0,0.2230700012847462,0,0
50001,1,20,1,0,0.081364235560478,0,0
50009,3,10,0,0,0.13092700062944895,0,0
50011,1,17,0,0,0.09079500102502748,0,0
50017,2,31,1,0,0.09700975924408636,0,0
50019,2,24,1,0,0.09694004238462281,0,0
50023,1,26,1,0,0.08074862991328834,0,1
51001,3,33,0,0,0.19766351169624405,0,0
51005,3,7,1,0,0.16446797196267116,0,0
51036,2,4,1,0,0.18839878762383733,0,1
51051,4,12,1,0,0.20070091330262896,0,0
51063,2,11,1,0,0.12585449501206436,0,0
51065,1,10,0,0,0.09810669749166757,0,0
51079,2,5,1,0,0.10649319120434748,0,0
51099,1,3,0,0,0.08084962349211823,0,0
51133,2,7,1,0,0.1670116815443285,0,0
51137,1,12,0,0,0.11464188985124502,0,0
51139,3,6,1,0,0.15017721138174137,0,0
51145,1,5,1,0,0.2592089479854464,0,0
51153,1,19,1,0,0.07261618246805092,0,0
51173,3,10,0,0,0.17225667686394663,0,0
51175,3,12,1,0,0.20220990573350134,0,0
51177,1,13,1,0,0.08218711408492245,0,0
51600,1,3,0,0,0.05406681202204957,0,0
51630,3,3,1,0,0.148056738571899,0,0
51660,1,3,1,0,6.201851235710592e-18,0,1
51670,4,1,0,0,0.20416891495541653,0,0
51683,1,1,1,0,0.09522415776179942,0,0
51750,1,2,1,0,0.9912468653233711,1,0
51770,3,10,1,0,0.1746509797976551,0,0
51800,1,8,1,0,0.14749636738350894,0,0
51840,3,1,1,0,0.1473705115445795,0,0
53015,3,11,1,0,0.1859236839464281,0,0
53017,2,13,1,0,0.25388965241946304,0,0
53025,3,18,1,0,0.32348402821608535,0,0
53029,1,8,1,0,0.18627328145492222,0,1
53039,3,15,0,0,0.22812123142528876,0,0
53061,1,30,0,0,0.13432411291417,0,0
53063,1,45,0,0,0.20820319607690113,0,0
53069,1,6,0,0,0.18143053801836737,0,0
53075,4,20,0,0,0.2853515920691372,0,0
54001,4,12,0,0,0.23280403113477793,0,0
54013,4,16,0,0,0.27581812759832675,0,0
54017,3,10,0,0,0.2181113790737744,0,0
54025,4,21,0,0,0.29263334583415107,0,0
54035,3,15,1,0,0.2154652970873805,0,0
54047,4,36,0,0,0.2201596130157737,0,0
54053,3,19,1,0,0.24620053047299328,0,0
54055,4,19,0,0,0.2621289706795554,0,0
54071,3,9,0,0,0.2361385978146532,0,0
54081,4,42,1,0,0.22055087520954364,0,0
54085,4,14,0,0,0.24383751381809432,0,0
54097,4,10,1,0,0.20476101563253873,0,0
54107,3,13,1,0,0.23292297651488675,0,0
55001,2,14,1,0,0.14463383640550487,0,0
55019,3,21,0,0,0.12003363261409433,0,0
55027,1,31,1,0,0.14052712870509163,0,0
55037,2,4,0,0,0.10338058414379764,0,0
55041,3,11,0,0,0.15801611722144115,0,0
55043,3,23,1,0,0.14394539851599242,0,1
55053,2,14,0,0,0.12690101953579036,0,0
55075,3,16,1,0,0.1384846610047258,0,0
55077,2,14,1,0,0.1487537505543675,0,0
55078,4,4,1,0,0.25677710652013486,0,1
55099,2,14,1,0,0.11521724312176508,0,0
55111,1,17,1,0,0.10651827486614293,0,1
55115,2,25,1,0,0.13679767343611052,0,1
55119,2,14,1,0,0.12179175221188422,0,0
55135,1,16,1,0,0.12798810080812173,0,1
55137,2,17,1,0,0.13990672255015318,0,0
55141,2,15,1,0,0.09665217403027931,0,1
56009,1,4,1,0,0.15591751603539414,0,0
56011,1,10,0,0,0.1282973641777256,0,0
56019,2,4,0,0,0.136597660729339,0,0
56035,1,6,1,0,0.124354072910455,0,1
56037,1,12,0,0,0.18627561750362978,0,0
01003,2,23,1,1,0.16005508304862154,0,0
01007,3,11,0,1,0.22509600598748478,0,0
01017,4,10,1,1,0.22057345690650687,0,1
01027,4,10,0,1,0.24992743195261996,0,0
01029,3,7,0,1,0.19374329049399605,0,0
01033,3,9,1,1,0.2111803909546891,0,0
01045,3,14,1,1,0.1987695640131951,0,1
01063,4,8,1,1,0.27287589425318926,0,1
01067,3,9,1,1,0.24026787607348868,0,0
01071,4,22,1,1,0.2433074734886612,0,1
01075,4,9,1,1,0.21769890116185686,0,0
01081,1,14,0,1,0.16068574356264945,0,1
01085,4,8,1,1,0.2855824103939529,0,0
01105,4,9,1,1,0.26133284570314735,0,1
01115,2,18,1,1,0.1830741580012603,0,1
01117,1,22,0,1,0.10273753412862939,0,0
04001,4,33,0,1,0.3080693628885353,0,1
04005,1,28,0,1,0.15232708861718805,0,1
05001,4,13,1,1,0.2716682896610897,0,0
05019,1,8,1,1,0.36846598351685045,0,0
05023,3,17,1,1,0.1885697150658163,0,0
05041,4,12,1,1,0.3664769373360376,0,0
05053,2,14,1,1,0.17359548720129495,0,0
05063,4,20,1,1,0.20198803049522754,0,1
05065,1,20,0,1,0.12592376265407676,0,0
05071,4,12,1,1,0.2556268223083063,0,0
05077,3,11,1,1,0.36448402238765726,0,1
05079,4,8,1,1,0.2742551761740383,0,0
05081,4,7,1,1,0.2625947177698011,0,0
05091,4,6,1,1,0.24980205357528973,0,0
05093,4,15,1,1,0.33875640393657924,0,0
05099,4,10,1,1,0.24543324840309783,0,1
05107,4,12,1,1,0.31851595811015937,0,0
05113,4,7,1,1,0.23193890448910442,0,0
05119,1,31,0,1,0.15802780021084611,0,0
05125,1,14,1,1,0.14502176070419648,0,0
05139,4,10,1,1,0.19069017216076778,0,1
05143,3,20,0,1,0.16432432848948178,0,0
06001,1,53,0,1,0.12047186220566004,0,0
06027,2,11,1,1,0.26368351567905246,0,0
06039,4,18,0,1,0.30070916382379376,0,0
06065,2,75,0,1,0.21216989099889091,0,1
06075,1,29,0,1,0.10477194354264174,0,0
06091,2,10,0,1,0.21659906450308808,0,0
06095,1,21,0,1,0.17332386459161456,0,0
06097,1,37,1,1,0.13780917686897887,0,0
06101,3,13,1,1,0.23854923039465945,0,0
06105,4,14,0,1,0.24624697585613145,0,0
08014,1,6,1,1,0.09989989818919055,0,1
08025,4,6,0,1,0.2923655327441905,0,0
08033,1,5,0,1,0.14300382403675702,0,0
08045,1,8,1,1,0.13654502220132966,0,1
08047,1,4,0,1,0.09748658050220708,0,0
08049,1,10,0,1,0.1561586882143006,0,0
08073,2,9,0,1,0.255843019928251,0,0
08075,3,9,0,1,0.22350054984389542,0,0
08087,2,10,1,1,0.2404111851177667,0,0
08115,4,5,0,1,0.2371156613160227,0,0
08119,1,7,0,1,0.1172886181482539,0,0
08121,2,12,1,1,0.23774845523755833,0,1
09005,1,40,1,1,0.06893142420913322,0,0
09015,1,31,1,1,0.1040896162937188,0,0
10003,1,28,0,1,0.1050717700827049,0,0
12009,2,28,0,1,0.12410265995207259,0,0
12037,4,8,0,1,0.1738303918577745,0,0
12041,4,5,1,1,0.15668037252644904,0,0
12055,3,9,1,1,0.14994455745182028,0,0
12057,2,56,0,1,0.09661748750225793,0,0
12059,4,4,1,1,0.17603222601742466,0,0
12079,4,5,1,1,0.222260081210824,0,0
12095,3,46,0,1,0.09847016905041614,0,0
12107,4,17,1,1,0.15736391134014246,0,0
12113,1,9,1,1,0.09393880184452386,0,0
12117,2,17,1,1,0.08382193791225066,0,0
12121,3,9,1,1,0.1599360647077963,0,1
13015,2,14,1,1,0.1213132264579446,0,1
13019,4,6,1,1,0.23244741846948336,0,0
13025,4,6,1,1,0.2310400308549952,0,0
13081,4,5,0,1,0.29094331081882774,0,0
13087,4,8,1,1,0.22867460935561537,0,0
13091,4,8,0,1,0.2366976786367686,0,0
13099,4,7,0,1,0.3208927042186437,0,0
13107,4,13,1,1,0.22340860131954385,0,0
13111,3,8,1,1,0.12355391609797663,0,0
13117,1,10,0,1,0.05479367963712514,0,0
13123,3,5,0,1,0.13754039687177044,0,0
13125,4,5,0,1,0.22557509601356665,0,0
13149,3,6,1,1,0.15723366416356102,0,0
13157,2,16,1,1,0.11367514913400685,0,0
13205,4,7,0,1,0.2960740207687579,0,0
13221,3,10,0,1,0.17526823031284058,0,0
13223,1,11,1,1,0.10816951086044184,0,0
13225,4,3,1,1,0.22996946879144992,0,0
13259,4,6,0,1,0.2707750486297645,0,0
13273,4,7,1,1,0.3078536694932677,0,1
13293,4,7,1,1,0.17815493355338227,0,0
13297,2,11,1,1,0.12711200411239262,0,1
13299,4,7,1,1,0.2369048261901229,0,1
16009,3,9,0,1,0.19121871663118542,0,0
16017,2,18,1,1,0.18276950281300108,0,0
16027,3,13,0,1,0.23130671694382351,0,0
16035,3,7,1,1,0.16911742043683772,0,1
16041,1,7,1,1,0.2087738024157306,0,0
16047,3,6,1,1,0.2931564999339105,0,0
16049,3,16,0,1,0.1529683620617743,0,0
16051,1,10,0,1,0.16915666304751922,0,0
16057,1,14,0,1,0.14797728111181868,0,0
16071,2,4,0,1,0.2312574186852448,0,0
16081,1,5,1,1,0.14668751499390176,0,1
17025,3,13,1,1,0.18070181486909428,0,0
17039,2,13,1,1,0.1852619188047026,0,0
17045,2,15,1,1,0.17530568955963127,0,0
17051,3,20,0,1,0.21333415686824383,0,0
17057,3,24,1,1,0.18691738316369602,0,1
17087,2,10,1,1,0.18692368840152288,0,0
17093,1,19,1,1,0.11863434933494545,0,0
17105,3,29,1,1,0.22502757715934907,0,0
17107,1,20,1,1,0.17075078651075182,0,0
17115,3,27,1,1,0.19138450272199928,0,0
17117,2,28,1,1,0.15703765650508364,0,0
17123,2,19,1,1,0.1747137576895176,0,0
17125,3,11,1,1,0.21198720874800955,0,0
17133,1,9,1,1,0.09287259078257873,0,1
17153,4,10,0,1,0.26080352420312536,0,0
17161,2,20,1,1,0.15211735226550088,0,0
17193,3,11,1,1,0.20016408236034625,0,0
18005,2,14,1,1,0.14518740093178947,0,1
18013,1,9,1,1,0.14217673918898507,0,0
18017,3,12,1,1,0.22201949148014974,0,1
18033,1,14,0,1,0.1580750836202872,0,0
18049,2,16,0,1,0.18685369845202218,0,0
18055,2,16,1,1,0.1844492421516923,0,1
18059,1,15,1,1,0.15737630117767212,0,1
18071,3,8,1,1,0.18021239300437858,0,0
18077,2,11,0,1,0.1645485111096313,0,0
18095,3,18,1,1,0.24929400175137245,0,0
18103,3,13,0,1,0.22949640640698163,0,0
18105,1,18,1,1,0.16453324949811993,0,0
18117,3,11,1,1,0.19446313628538886,0,0
18123,2,14,1,1,0.1359957898753157,0,0
18135,3,14,0,1,0.2690942586099745,0,0
18143,3,6,1,1,0.17664936418666283,0,0
18147,1,16,1,1,0.19890603724508862,0,0
18149,3,11,1,1,0.24137627103827602,0,0
18151,1,9,0,1,0.1707115743452055,0,0
18155,3,9,0,1,0.21091895208858774,0,0
18165,2,8,0,1,0.19080436964082956,0,0
18173,1,12,1,1,0.10983921222758658,0,1
18181,2,18,0,1,0.20535259133214903,0,0
19005,2,10,0,1,0.12830158521660426,0,0
19009,2,11,1,1,0.21154141345630673,0,1
19019,1,16,0,1,0.1365760143172236,0,0
19033,2,17,0,1,0.1474944879843818,0,0
19037,1,9,1,1,0.17553145881512747,0,0
19049,1,25,1,1,0.10326640899627386,0,0
19051,2,10,0,1,0.15220083040189292,0,0
19059,1,10,0,1,0.16993255435979338,0,0
19065,2,24,0,1,0.189290807056301,0,0
19081,2,13,0,1,0.16988485534452188,0,0
19083,2,12,0,1,0.1841682016758633,0,0
19095,1,21,1,1,0.15386845999887702,0,0
19107,2,19,0,1,0.17652182229160085,0,0
19115,2,13,0,1,0.18291678045973433,0,0
19123,2,20,1,1,0.1646878912150186,0,0
19129,1,11,1,1,0.1490829461398334,0,0
19133,2,15,1,1,0.2137304581158714,0,1
19159,2,12,0,1,0.1774892825363913,0,0
19195,1,10,0,1,0.16335108025224054,0,0
20005,2,10,1,1,0.24942457208359053,0,0
20051,3,11,1,1,0.20164926146695555,0,0
20053,2,9,0,1,0.22474112565195437,0,0
20059,2,13,1,1,0.2250208589855722,0,0
20075,2,4,0,1,0.3329283760201604,0,0
20077,3,10,0,1,0.2740490069563123,0,0
20081,3,3,0,1,0.33511965118150355,0,0
20085,2,18,1,1,0.2274484158046861,0,0
20087,2,15,1,1,0.18771916635408678,0,0
20095,1,12,1,1,0.21081979294457545,0,1
20113,1,12,1,1,0.18476880556419442,0,0
20123,2,7,0,1,0.20841747621497056,0,0
20129,2,5,1,1,0.31807410307722467,0,1
20131,1,15,0,1,0.1795850395295273,0,0
20149,2,12,1,1,0.20415922134545453,0,0
20181,2,4,0,1,0.28704690821335704,0,0
20185,3,9,0,1,0.24018660085332297,0,0
20193,3,8,0,1,0.294095543592291,0,0
20205,4,10,1,1,0.24594663846860484,0,1
21003,4,6,1,1,0.25644254497241065,0,0
21005,2,5,0,1,0.1315905388136856,0,0
21025,4,10,0,1,0.20480371268114153,0,0
21053,4,4,0,1,0.24697333234644314,0,0
21073,2,5,1,1,0.14454598795107473,0,1
21081,3,8,1,1,0.19348626971579358,0,0
21083,4,18,1,1,0.28754222105091953,0,0
21099,4,10,1,1,0.24726505905280843,0,0
21123,3,9,0,1,0.23930827835395385,0,0
21131,1,22,0,1,0.0316648130476823,0,0
21135,4,9,0,1,0.2451811660581605,0,0
21139,3,7,0,1,0.26862324438069013,0,0
21157,2,8,0,1,0.18249541699892155,0,0
21163,2,12,1,1,0.1854046217124704,0,0
21181,4,6,0,1,0.2845235839436219,0,0
21195,4,39,1,1,0.17864450930320103,0,0
21199,4,11,1,1,0.211582803159019,0,0
21205,4,4,1,1,0.12277029619490475,0,0
21213,2,5,0,1,0.24176570010422763,0,0
21219,3,9,0,1,0.255960626681685,0,0
21223,3,5,0,1,0.21724129929357897,0,0
21229,3,7,0,1,0.23531692201205318,0,0
21239,2,3,1,1,0.16565706284423617,0,0
22011,3,9,1,1,0.1905595222171587,0,1
22017,4,25,0,1,0.21672024340670043,0,1
22021,4,4,1,1,0.2494007344704802,0,1
22025,4,9,0,1,0.2872864470891728,0,0
22033,1,24,0,1,0.17957096576632983,0,0
22045,4,10,1,1,0.25329530184986015,0,0
22047,3,8,1,1,0.2236136049585065,0,1
22057,3,14,1,1,0.21387457006540575,0,0
22065,4,4,1,1,0.3002080934492919,0,0
22071,4,17,0,1,0.21169319728551483,0,0
22085,4,12,0,1,0.23289401917344993,0,0
22089,1,10,1,1,0.1637471444444284,0,1
22093,3,7,1,1,0.21649614741069553,0,0
22105,1,20,1,1,0.1716360897231545,0,0
23001,2,14,1,1,0.10950001921062169,0,0
23007,1,18,1,1,0.08186258948069781,0,1
23009,2,40,1,1,0.09638565508181292,0,1
23029,4,31,0,1,0.19640882922304573,0,0
24003,1,40,0,1,0.0961757895163482,0,0
24011,3,10,1,1,0.2455085370670928,0,1
24017,1,24,1,1,0.10745281311722306,0,0
24025,1,24,0,1,0.10488415450814739,0,0
24031,1,50,0,1,0.05564644540806385,0,0
24039,1,11,1,1,0.31712053180374,0,0
25005,2,36,1,1,0.09516944650650846,0,0
25015,1,28,1,1,0.09795538436347784,0,0
25021,1,41,0,1,0.05984513432737842,0,0
25023,1,34,1,1,0.07796994616707276,0,0
26031,3,15,0,1,0.1486202378342425,0,0
26033,3,17,0,1,0.19111565079842938,0,0
26035,4,8,0,1,0.2196721863339697,0,0
26037,2,17,0,1,0.15900130994396772,0,0
26043,2,11,0,1,0.11384115101001853,0,0
26047,2,11,0,1,0.11069031222446303,0,0
26057,3,20,0,1,0.19694122156347896,0,0
26067,2,21,1,1,0.1761269328594725,0,0
26069,3,12,0,1,0.14032815089127795,0,0
26077,2,25,1,1,0.13106466818756132,0,0
26085,4,11,0,1,0.20769461146152704,0,0
26089,1,11,0,1,0.11120671111638869,0,0
26105,3,10,0,1,0.167092572740603,0,0
26113,3,9,0,1,0.18378789247688135,0,0
26121,3,20,1,1,0.1801658733734122,0,0
26129,4,9,0,1,0.2044895057730428,0,0
26131,3,12,0,1,0.1624239110012132,0,0
26141,2,7,1,1,0.1566976799674308,0,0
26147,2,23,1,1,0.15552407509870855,0,0
27005,2,16,1,1,0.19179018106825374,0,1
27023,2,10,0,1,0.19606150002945355,0,0
27033,2,13,0,1,0.20383398650837595,0,0
27047,2,18,1,1,0.18647650874166866,0,1
27063,2,14,0,1,0.18906013973673408,0,0
27069,1,11,0,1,0.17646800414629812,0,0
27075,1,8,0,1,0.11659481528724039,0,0
27085,1,12,0,1,0.16714536727438378,0,0
27111,1,34,1,1,0.1740316338459842,0,0
27119,2,25,1,1,0.21384637695969783,0,1
27121,1,12,0,1,0.1604753861830752,0,0
27135,1,11,1,1,0.15716007114429315,0,0
27137,1,51,0,1,0.13519158314622615,0,0
27139,1,10,1,1,0.07782653014453002,0,0
27141,1,9,1,1,0.11144993926108868,0,1
27159,3,7,0,1,0.1956604780240693,0,0
27163,1,19,1,1,0.07980510542453775,0,0
28001,4,2,1,1,0.19133544044888218,0,1
28009,3,11,0,1,0.19593738305594874,0,0
28013,4,11,1,1,0.15737817518734346,0,0
28015,4,13,1,1,0.20553226758824267,0,1
28059,3,10,0,1,0.12473268859497001,0,1
28075,1,12,1,1,0.14778188596427078,0,0
28095,4,12,1,1,0.15974215912742848,0,0
28107,4,11,1,1,0.19277364096331395,0,1
28111,4,8,0,1,0.14252239118820664,0,0
28147,4,6,1,1,0.2143782363834679,0,0
29011,4,8,1,1,0.28583967542803324,0,0
29047,1,23,0,1,0.1541920127081385,0,0
29051,1,9,1,1,0.13927754283516391,0,0
29053,2,14,0,1,0.18809373764841736,0,0
29061,3,16,0,1,0.2493557792705213,0,0
29067,4,16,1,1,0.26538353149319527,0,0
29097,3,19,0,1,0.22523799961060814,0,0
29105,4,12,1,1,0.18188759892441397,0,1
29117,3,12,1,1,0.24210122144709192,0,0
29129,2,7,0,1,0.21604929464630115,0,0
29145,3,15,1,1,0.19472977228220528,0,0
29151,1,15,0,1,0.134193621412788,0,0
29155,4,13,0,1,0.34853209092777554,0,0
29161,4,11,1,1,0.1528398339020778,0,1
29163,1,12,1,1,0.1664323436132621,0,0
29165,1,18,1,1,0.11439797411743893,0,0
29173,3,9,0,1,0.20226175102973618,0,0
29186,2,8,1,1,0.17604355223327256,0,0
29187,3,15,1,1,0.18863686578872776,0,1
29197,3,6,1,1,0.2665628127517208,0,1
29201,4,14,1,1,0.27279025199006346,0,1
29211,3,13,1,1,0.2657029865096046,0,1
29215,4,21,1,1,0.2933056946555482,0,0
30003,4,18,1,1,0.3735045423149489,0,0
30007,2,6,0,1,0.17192741915351434,0,0
30015,2,13,1,1,0.22004598298499542,0,1
30025,1,4,0,1,0.20872470415181657,0,0
30027,3,11,0,1,0.18975276860301932,0,0
30035,4,5,1,1,0.39777768273772307,0,0
30045,2,12,0,1,0.12559611163020884,0,0
30051,4,5,0,1,0.386530428208105,0,0
30059,3,4,0,1,0.18325654752064233,0,0
30061,4,5,1,1,0.20328318298996506,0,1
30069,2,4,0,1,0.22034818857505523,0,0
30071,3,8,0,1,0.2962194218817581,0,0
30077,2,8,0,1,0.19175419239412297,0,0
30079,3,7,0,1,0.2513242638813313,0,0
30081,2,9,1,1,0.15637608486145485,0,1
30085,4,10,0,1,0.38600871058783415,0,0
30087,3,8,1,1,0.28745493031876224,0,1
31015,2,5,0,1,0.20132078976439946,0,0
31021,2,8,0,1,0.20782742662452394,0,0
31051,1,12,0,1,0.16165640398405082,0,0
31081,1,14,0,1,0.16450816527916878,0,0
31089,1,14,0,1,0.1866136352958061,0,0
31095,3,12,1,1,0.22135385562804535,0,1
31097,2,12,0,1,0.1866952339694173,0,0
31107,2,11,0,1,0.19137441842780487,0,0
31111,2,14,1,1,0.18384041364480164,0,0
31113,2,3,0,1,0.2055600303208256,0,0
31123,2,7,0,1,0.2435631758437219,0,0
31143,1,10,0,1,0.15117481708029673,0,0
31149,1,4,0,1,0.21098552674406032,0,0
31155,1,18,1,1,0.14955456939413883,0,0
31171,1,4,0,1,0.19119515603870654,0,0
31177,1,15,1,1,0.1240632644427575,0,0
31183,2,6,0,1,0.22019796402863423,0,0
32005,1,9,1,1,0.19541545139364078,0,0
32007,1,14,1,1,0.3052477032100048,0,1
32019,3,9,1,1,0.3581393141573689,0,0
32027,2,3,0,1,0.32747806529339335,0,0
33013,1,31,1,1,0.06757556856449876,0,0
33015,1,37,1,1,0.06318877066919136,0,0
34027,1,56,1,1,0.05607459462476035,0,0
34031,2,33,1,1,0.11461192135798115,0,0
34041,1,19,1,1,0.09467438438745092,0,0
35011,4,1,0,1,0.29881152787382054,0,0
35021,3,6,0,1,0.2903250721685425,0,0
35028,1,1,0,1,0.07683504869961025,0,0
35031,4,24,0,1,0.4037045627602779,0,1
35033,3,13,0,1,0.06256470039527286,0,0
35047,4,19,0,1,0.337455810981892,0,0
35053,4,14,1,1,0.33192348572793645,0,0
35059,3,8,0,1,0.2999473948096022,0,0
36001,2,46,1,1,0.1025230229271752,0,0
36017,3,26,0,1,0.11746060681401281,0,0
36023,3,17,1,1,0.13638428292025187,0,0
36037,2,18,1,1,0.14069864052778217,0,1
36043,3,28,1,1,0.10587726399696257,0,1
36049,3,23,0,1,0.12953849246221888,0,0
36059,1,69,0,1,0.08037248518552086,0,0
36067,2,55,0,1,0.12732144862646944,0,0
36071,1,51,1,1,0.08090242246777536,0,0
36077,3,43,1,1,0.0858581293332148,0,0
36087,2,25,0,1,0.06604998878724934,0,0
36091,1,27,1,1,0.06759945245482152,0,0
36099,2,14,1,1,0.16630782837723868,0,1
36117,2,20,1,1,0.12169566595113604,0,0
37011,3,10,0,1,0.12519295832969357,0,0
37019,2,14,1,1,0.10013670286832328,0,0
37039,3,4,1,1,0.1499520344986288,0,0
37047,4,16,1,1,0.21540423653668667,0,0
37049,2,11,1,1,0.12812271720726762,0,0
37077,3,12,1,1,0.12405871286421312,0,0
37093,3,9,1,1,0.15913658791399746,0,1
37099,4,11,0,1,0.11872942744652754,0,0
37101,2,21,1,1,0.1273570354445308,0,0
37111,3,9,1,1,0.10961047676061375,0,0
37121,3,4,0,1,0.11830275132280156,0,0
37125,2,18,1,1,0.09961092799186383,0,0
37147,4,17,1,1,0.16153148425683958,0,0
37155,4,13,0,1,0.23352495775197601,0,0
37163,4,17,1,1,0.22013454780551295,0,1
37167,2,12,0,1,0.1274072037612628,0,0
37173,4,5,0,1,0.18599810701298453,0,0
37177,4,3,0,1,0.2587707883734789,0,0
37189,4,10,1,1,0.11303854966323515,0,1
37191,1,14,1,1,0.17721242807256862,0,0
38017,1,29,0,1,0.10735981995480333,0,0
38019,1,16,0,1,0.19816786962540991,0,0
38025,1,12,0,1,0.16579705558527888,0,0
38045,2,12,0,1,0.21633033700409995,0,0
38053,1,12,0,1,0.18008259315886938,0,0
38055,1,18,0,1,0.2556308147436371,0,0
38093,1,21,0,1,0.1930233600377078,0,0
38101,1,24,1,1,0.14863404133278232,0,0
38103,1,12,0,1,0.20948252168909298,0,0
38105,1,10,0,1,0.132223499898482,0,0
39017,2,17,1,1,0.17874781263688938,0,0
39027,3,13,0,1,0.24982060170198736,0,0
39039,1,14,0,1,0.21337909446485345,0,0
39041,1,24,1,1,0.09512218543292958,0,0
39071,4,15,1,1,0.2535789464774255,0,1
39077,2,14,1,1,0.21995386890800112,0,1
39079,4,11,1,1,0.19904159550686082,0,0
39083,2,16,0,1,0.19983332488054747,0,0
39089,2,28,1,1,0.15906531289194945,0,0
39101,3,14,1,1,0.24568349820597757,0,0
39105,4,15,0,1,0.2036085436083549,0,0
39109,1,18,0,1,0.19176989141731693,0,0
39125,1,15,1,1,0.2377502298662379,0,0
39133,1,24,1,1,0.1451351334960374,0,0
39147,2,20,1,1,0.23190046104656778,0,0
39161,2,14,0,1,0.2628625999285427,0,0
39169,2,25,1,1,0.17078857857998986,0,0
39173,2,32,1,1,0.2114421667456726,0,0
40007,3,7,0,1,0.3625385580623874,0,0
40013,4,14,1,1,0.3240557081185086,0,1
40015,4,16,1,1,0.3927778156900101,0,0
40017,1,13,1,1,0.21394237378029896,0,0
40023,4,12,1,1,0.3644837280741807,0,0
40031,3,19,0,1,0.33683009852906504,0,1
40035,4,10,1,1,0.3927558884791553,0,0
40045,3,7,1,1,0.29734656699866896,0,1
40047,1,22,1,1,0.2590152907697553,0,1
40063,4,10,1,1,0.33759805298355156,0,0
40113,3,22,1,1,0.29534259062566937,0,1
40119,1,14,1,1,0.284684322924511,0,0
40133,4,10,1,1,0.325314761074993,0,0
40141,4,8,1,1,0.41699376142824807,0,1
40147,1,12,1,1,0.24306596317412785,0,1
41011,3,10,1,1,0.2013875994044286,0,0
41013,2,6,1,1,0.24314033920977657,0,0
41023,3,11,1,1,0.281513867814052,0,1
41025,2,10,0,1,0.3029806940912775,0,0
41041,3,18,1,1,0.19021572168801143,0,1
41067,1,30,1,1,0.11087390454193727,0,0
42013,3,19,1,1,0.1274633506561825,0,0
42025,2,20,1,1,0.12864553415714586,0,0
42041,1,21,1,1,0.09923592692626487,0,0
42047,2,14,1,1,0.10042814605593037,0,1
42059,2,26,1,1,0.12686143695435528,0,0
42063,3,49,0,1,0.16229471732719422,0,0
42069,2,28,1,1,0.10676456454929298,0,0
42073,2,22,1,1,0.13706609420253318,0,1
42093,2,9,0,1,0.1453947237865244,0,0
42095,1,26,1,1,0.1242648922281718,0,0
42113,3,13,0,1,0.15530877948946298,0,0
42117,3,25,0,1,0.15643510120314835,0,0
42123,2,19,1,1,0.1285877968472173,0,0
42125,1,64,1,1,0.1001989438491823,0,0
42127,2,30,1,1,0.1125759587376925,0,1
42133,1,45,0,1,0.14876490930015335,0,0
45003,3,23,0,1,0.19386614231121485,0,0
45019,1,30,0,1,0.150865284643958,0,0
45025,4,11,1,1,0.21172349798143228,0,0
45029,4,14,1,1,0.24180077853210108,0,1
45053,4,9,0,1,0.2516277513818674,0,0
45063,2,18,0,1,0.17632512595007394,0,0
46005,3,11,0,1,0.16189777408361214,0,0
46007,4,7,0,1,0.35297360001546185,0,0
46019,3,8,0,1,0.22417167732982568,0,0
46021,1,7,0,1,0.18948722987343333,0,0
46029,2,10,1,1,0.1394725340856129,0,0
46037,2,11,1,1,0.22731438604216714,0,1
46041,3,9,0,1,0.27584470375300113,0,0
46047,3,7,0,1,0.2222106218058313,0,0
46055,3,5,0,1,0.21683818494185061,0,0
46063,1,10,0,1,0.18933354003269362,0,0
46073,1,4,0,1,0.1793198517638418,0,0
46083,1,12,1,1,0.0999064937818005,0,1
46089,2,8,0,1,0.19468590940215538,0,0
46097,1,9,0,1,0.18319719692187483,0,0
46105,2,9,0,1,0.23084343529181084,0,0
46111,1,8,0,1,0.17175371801976788,0,0
46119,1,6,0,1,0.1578819831693994,0,0
46129,1,7,1,1,0.1955142679547677,0,1
47001,3,11,1,1,0.15781725945303862,0,1
47005,4,7,1,1,0.2437935307939473,0,0
47011,3,8,1,1,0.17723096241366285,0,0
47013,4,11,1,1,0.21044384718045367,0,0
47015,2,9,0,1,0.2077631015219185,0,0
47017,4,14,1,1,0.24270068596838348,0,0
47027,4,7,1,1,0.271089032175131,0,1
47037,2,35,0,1,0.15247613982283686,0,0
47067,4,5,1,1,0.24479156067087737,0,1
47071,4,13,1,1,0.22019987756831136,0,0
47079,4,9,1,1,0.2808753716241928,0,1
47089,3,10,1,1,0.19478480512473753,0,1
47097,4,4,1,1,0.3048664723277411,0,0
47117,3,12,1,1,0.17514261266545886,0,1
47133,3,11,0,1,0.2157117238833361,0,0
47137,4,6,0,1,0.2201538499500001,0,0
47153,2,8,0,1,0.1274786216424256,0,0
47157,1,38,0,1,0.17713966617093918,0,1
47167,2,10,1,1,0.2447375622416015,0,0
47169,2,5,0,1,0.18183085874950716,0,0
47185,4,5,1,1,0.21166548696536266,0,0
47187,1,16,1,1,0.07682281069223859,0,0
48009,2,10,1,1,0.24720598534931607,0,1
48021,2,15,1,1,0.25413363021973917,0,0
48033,3,9,0,1,0.3101637266854101,0,0
48035,3,11,1,1,0.24659745692260668,0,0
48045,4,4,0,1,0.3986069039072537,0,0
48047,4,2,1,1,0.44016796628784255,0,1
48059,2,9,0,1,0.2420303877352144,0,0
48081,3,4,1,1,0.2699388821063272,0,1
48095,3,6,0,1,0.1400643750080522,0,0
48103,2,2,0,1,0.30787886278118204,0,0
48113,3,93,0,1,0.18887399034518956,0,1
48117,4,6,1,1,0.37633450478430247,0,0
48121,1,37,0,1,0.13412479817649103,0,0
48137,4,4,0,1,0.3516294832838613,0,0
48141,1,30,0,1,0.25966800571566534,0,1
48147,2,19,1,1,0.27500479218383356,0,1
48153,3,6,0,1,0.3556566452043735,0,0
48163,4,5,0,1,0.38991950721820356,0,0
48165,3,5,0,1,0.29982296856070595,0,0
48167,2,18,0,1,0.17694222396382636,0,0
48169,4,4,1,1,0.38376517388157944,0,1
48187,2,14,0,1,0.21407222157560532,0,0
48201,3,141,0,1,0.17956497581686834,0,0
48203,3,12,1,1,0.18855026341361955,0,0
48213,3,15,0,1,0.2292447715956212,0,1
48217,2,19,1,1,0.27190181399474406,0,1
48243,2,2,0,1,0.2596766828542351,0,0
48247,4,1,1,1,0.4228441520242415,0,1
48251,2,16,1,1,0.1952043989510654,0,0
48271,4,1,0,1,0.3611995215090154,0,0
48275,4,6,1,1,0.3295901421892664,0,1
48285,2,7,1,1,0.2671551312110476,0,0
48311,3,7,0,1,0.28746496233566,0,0
48315,4,7,1,1,0.21833687832223816,0,1
48321,1,12,1,1,0.28485544849977484,0,0
48329,1,9,1,1,0.1794302274520334,0,0
48349,4,17,1,1,0.2729543680919154,0,1
48359,1,6,0,1,0.2802890206650035,0,0
48363,4,12,1,1,0.25517304541932073,0,0
48367,1,18,1,1,0.18717610864032289,0,0
48369,3,5,0,1,0.33946001328998826,0,0
48379,2,6,0,1,0.2276267701496023,0,0
48393,4,5,0,1,0.3205357396376476,0,0
48397,1,9,1,1,0.1277525391592057,0,1
48399,3,11,1,1,0.30982418822646396,0,1
48409,3,9,1,1,0.29644835393949315,0,0
48419,4,7,1,1,0.23064661299284883,0,0
48473,2,11,1,1,0.2437727679572044,0,1
48475,3,6,1,1,0.2929873332733107,0,1
48499,3,12,1,1,0.18460786713795102,0,0
48503,2,6,1,1,0.28158811304175285,0,0
49003,2,20,1,1,0.23356948170626962,0,1
49011,1,13,1,1,0.1533732799759852,0,0
49017,3,11,0,1,0.21350624157144404,0,0
49025,2,7,0,1,0.23622842526989726,0,0
49029,1,2,0,1,0.13778166584509238,0,0
49045,1,8,0,1,0.2502931354689714,0,0
49051,1,6,0,1,0.13522602180682056,0,0
50003,2,21,0,1,0.09606222649724148,0,0
50027,1,34,0,1,0.08201950722613519,0,0
51031,3,14,1,1,0.14840701351678467,0,1
51043,1,7,0,1,0.12218938477626574,0,0
51073,1,6,1,1,0.12980494431427414,0,1
51077,4,9,0,1,0.18573190425776173,0,0
51111,4,12,1,1,0.21489138403036212,0,0
51125,2,17,0,1,0.14860562410532183,0,0
51141,3,14,1,1,0.1656123584107695,0,0
51143,4,20,1,1,0.20945663169781675,0,0
51147,1,12,1,1,0.5913721395317755,1,0
51149,3,7,1,1,0.17394993322280128,0,1
51163,3,12,0,1,0.1495214632315218,0,0
51187,1,7,1,1,0.10838369564399246,0,1
51510,1,8,1,1,0.06943479393551112,0,0
51540,3,4,0,1,0.09466332480376297,0,0
51550,1,6,1,1,0.10251151201736818,0,0
51620,3,1,0,1,0.19474540176612995,0,0
51640,4,1,0,1,0.1921341285938881,0,0
51685,1,1,0,1,0.08485180099806885,0,0
51720,4,1,0,1,0.1606790567094419,0,0
53001,4,11,0,1,0.3371513185514156,0,0
53007,2,14,1,1,0.16041964075494297,0,0
53009,2,9,0,1,0.1309104009586164,0,0
53035,1,20,1,1,0.11204923594101808,0,0
53047,4,22,1,1,0.265849450594744,0,1
53049,3,13,0,1,0.20117972508983864,0,0
53053,1,59,0,1,0.17704797590019056,0,0
53057,1,17,1,1,0.13188696222150698,0,0
53071,2,8,1,1,0.23360164200059913,0,0
53077,4,22,1,1,0.2870100173584814,0,0
54015,4,16,0,1,0.27173816272747797,0,0
54021,4,16,0,1,0.2011216551247896,0,0
54029,3,5,1,1,0.21945185818877322,0,1
54051,3,10,0,1,0.19220006873287704,0,0
54065,3,4,1,1,0.2200423892719506,0,0
54073,3,5,0,1,0.217121708639539,0,0
54093,2,10,0,1,0.19714782543731488,0,0
54095,3,11,0,1,0.23264227019589587,0,0
54105,4,8,0,1,0.260653711849108,0,0
55007,2,15,1,1,0.1218472516045719,0,0
55017,2,14,1,1,0.11633946392786823,0,0
55023,2,13,1,1,0.12359299845881476,0,0
55025,1,45,0,1,0.09923205373917174,0,0
55031,2,12,1,1,0.10096521196337502,0,1
55039,1,24,1,1,0.15124131177483388,0,0
55047,2,12,0,1,0.1656946330408144,0,0
55081,2,12,1,1,0.10669533514687818,0,0
55089,1,13,1,1,0.09066962037110718,0,1
55093,1,13,0,1,0.1118019005096451,0,0
55103,3,14,1,1,0.14427918642698698,0,0
55105,2,19,1,1,0.1359386256552339,0,0
55107,3,14,0,1,0.12515365549735394,0,0
55117,1,17,1,1,0.094913385453755,0,0
55131,1,18,1,1,0.09982367017079846,0,0
55133,1,30,1,1,0.09262397958609085,0,0
56005,1,8,0,1,0.23008168611484447,0,0
56007,2,12,1,1,0.22629075582492914,0,0
56015,2,9,0,1,0.21263097834681707,0,0
56039,1,9,0,1,0.10235526167719537,0,0
56043,2,2,0,1,0.21819269798791535,0,0
01015,3,14,1,2,0.18960070758332387,0,0
01043,3,19,1,2,0.21493583418875323,0,0
01055,3,14,1,2,0.21900404796504935,0,0
01059,4,10,1,2,0.22526806574877434,0,0
01069,4,14,1,2,0.2474521920930038,0,0
01079,3,10,1,2,0.2484577504607635,0,1
01091,4,15,1,2,0.2688076478860822,0,0
01095,4,18,1,2,0.22991745835852204,0,0
01107,4,8,1,2,0.24065469580613058,0,0
01113,3,12,1,2,0.2194871462220977,0,0
01127,3,18,1,2,0.2395980796272736,0,0
01131,4,13,1,2,0.2688421190414377,0,0
04015,1,25,0,2,0.22882384867451272,0,1
04021,2,34,0,2,0.2448046087382953,0,1
05005,3,12,1,2,0.16946239077014028,0,0
05017,4,6,0,2,0.3489800233110258,0,0
05037,4,8,1,2,0.3420079109005696,0,0
05045,1,15,1,2,0.20957735348424752,0,0
05049,1,14,1,2,0.1986608809413436,0,0
05057,4,10,1,2,0.3049732719757586,0,0
05059,4,12,1,2,0.21560129168520828,0,1
05095,4,9,1,2,0.35975300469075167,0,1
05115,4,13,1,2,0.22584706099812207,0,1
05117,3,11,1,2,0.27492403753275224,0,1
05121,4,11,1,2,0.28964907571839327,0,0
05141,4,12,1,2,0.238977214358895,0,0
05147,4,9,1,2,0.33673011197488434,0,1
06007,4,18,1,2,0.22362464972016152,0,0
06011,3,9,1,2,0.283655300261648,0,0
06013,1,49,0,2,0.12227351189304846,0,0
06029,1,52,0,2,0.3160153452165339,0,1
06067,2,57,0,2,0.20814762127341924,0,0
06081,1,30,0,2,0.08815824429552115,0,0
06083,2,24,1,2,0.16679015876843425,0,0
06089,3,30,0,2,0.2143689571084955,0,1
06093,3,23,1,2,0.23174645425321938,0,1
06099,3,28,0,2,0.26627499160144996,0,0
06107,4,41,0,2,0.36016655384163343,0,0
06113,3,19,1,2,0.19708353698357844,0,0
08001,2,35,1,2,0.1605109815461229,0,0
08003,4,5,0,2,0.19465278947766385,0,0
08009,4,8,1,2,0.20713576859253743,0,1
08021,4,8,0,2,0.00274381160217212,0,0
08023,4,7,0,2,0.21517806874311188,0,0
08027,2,4,0,2,0.11629229952298037,0,0
08029,4,8,0,2,0.1434345001198059,0,0
08031,2,36,0,2,0.14826338543013248,0,0
08035,1,18,1,2,0.08040952912590457,0,0
08037,1,13,1,2,0.1036858893450121,0,0
08039,1,14,0,2,0.11290662423272813,0,0
08055,2,4,1,2,0.19471369391226656,0,1
08077,2,19,1,2,0.16296438578267822,0,0
08079,1,3,0,2,0.09816372173595983,0,0
08083,3,7,0,2,0.16564843527679138,0,0
08085,3,12,0,2,0.13551310686941506,0,0
08099,3,6,1,2,0.1780659509677497,0,0
08105,4,4,0,2,0.14378875567651137,0,0
08125,3,13,0,2,0.1636454694535403,0,0
09009,1,41,1,2,0.09881969442379678,0,0
10005,2,24,1,2,0.1351503657072678,0,0
12001,3,23,1,2,0.12251167719986335,0,0
12011,2,53,0,2,0.13020589594128093,0,0
12017,3,15,1,2,0.11557461513298128,0,0
12019,2,12,1,2,0.12228500930608287,0,0
12029,4,6,0,2,0.19538035108043755,0,0
12035,2,7,1,2,0.12534578289741288,0,0
12045,2,2,0,2,0.13003031318340375,0,0
12069,2,28,0,2,0.14530559441864463,0,0
12073,3,10,1,2,0.11836589414968962,0,0
12083,3,31,1,2,0.14615833789156407,0,0
12086,3,79,0,2,0.20159792505300242,0,0
12087,2,11,1,2,0.14702564074763116,0,0
12091,2,14,1,2,0.09368461300019888,0,0
12127,3,29,0,2,0.14467726170515335,0,0
12131,2,12,1,2,0.11700847523323693,0,0
13001,4,7,1,2,0.28176113500600175,0,0
13023,4,6,1,2,0.23832309098351495,0,0
13033,4,9,1,2,0.28739462783880154,0,0
13035,4,5,1,2,0.2509743752638017,0,0
13051,3,14,0,2,0.16654633311948505,0,0
13057,1,15,1,2,0.0743302339427649,0,0
13061,4,6,0,2,0.33558656915289536,0,0
13065,4,7,0,2,0.3037501208475706,0,0
13075,4,5,1,2,0.2499586745002451,0,0
13077,1,10,1,2,0.12961621042694074,0,0
13083,3,5,1,2,0.14955728916574879,0,0
13093,4,8,1,2,0.29054923128024707,0,0
13097,2,8,1,2,0.15753038744449926,0,0
13129,4,8,1,2,0.18252406286242082,0,1
13131,4,6,0,2,0.2691220415364957,0,0
13167,4,5,1,2,0.29184290281627184,0,1
13171,3,9,0,2,0.24051182251212308,0,0
13195,3,11,1,2,0.17472881661314732,0,0
13197,4,4,1,2,0.25982079386751633,0,1
13199,4,10,0,2,0.2321360969831433,0,0
13201,4,5,0,2,0.30612766885391635,0,0
13207,2,9,0,2,0.17125549987317087,0,0
13213,3,6,0,2,0.15827279479275874,0,0
13217,3,11,1,2,0.23316018683486825,0,0
13229,4,7,0,2,0.2514062281711404,0,0
13235,4,5,1,2,0.2674173427426728,0,0
13239,4,2,0,2,0.26305492009893866,0,0
13241,4,9,0,2,0.17086981140312957,0,0
13245,1,11,0,2,0.2610815130978195,0,0
13249,3,7,0,2,0.2013108593366417,0,0
13269,1,6,0,2,0.1425606798965022,0,0
13271,4,7,0,2,0.31470930149913434,0,0
13275,3,9,1,2,0.21591705861902083,0,1
13277,4,9,1,2,0.27295474386723056,0,1
13281,3,3,1,2,0.12592489726874764,0,1
13285,4,7,1,2,0.2287059967185323,0,0
13287,4,4,1,2,0.3012032836307891,0,1
13289,4,6,0,2,0.28997753302972673,0,0
16007,3,10,0,2,0.06238636572908728,0,0
16029,2,7,0,2,0.16055065241306893,0,0
16031,3,9,1,2,0.24230287315144186,0,0
16045,2,7,1,2,0.17296332624980051,0,0
16053,4,5,0,2,0.2735043444825934,0,0
16069,2,10,1,2,0.1675580343518934,0,0
16073,3,12,1,2,0.266099413779157,0,0
16079,4,15,1,2,0.18155825128519135,0,0
16085,1,4,0,2,0.1277703306326395,0,0
17003,1,8,1,2,0.12063927326791865,0,1
17007,1,15,1,2,0.15476446450242784,0,0
17013,2,7,1,2,0.13188262127180922,0,1
17015,1,11,0,2,0.1531048983699865,0,0
17023,2,11,0,2,0.1394716420502964,0,0
17031,2,176,0,2,0.14070642378313442,0,0
17033,2,10,1,2,0.1548689636116488,0,0
17035,3,12,0,2,0.17013581248255227,0,0
17037,2,22,0,2,0.18697444614436562,0,0
17043,1,43,1,2,0.08406854216656658,0,0
17055,4,19,1,2,0.21659346387218628,0,1
17073,1,23,1,2,0.16117313769566552,0,1
17077,4,22,0,2,0.1763769283818128,0,0
17089,1,33,0,2,0.1399882552487206,0,0
17091,2,21,1,2,0.20335791741663004,0,0
17097,1,35,1,2,0.11567513869785587,0,0
17113,2,33,1,2,0.15032718059025665,0,0
17141,2,27,1,2,0.15811927572352882,0,1
17149,3,16,1,2,0.16903287369813766,0,0
17165,4,11,1,2,0.21708550636190285,0,0
17167,2,29,1,2,0.12720432798834488,0,0
17191,3,20,0,2,0.18735828489515674,0,0
18007,3,10,0,2,0.25972014820969047,0,0
18011,1,12,1,2,0.11657427165034283,0,1
18037,1,13,1,2,0.15170882929005156,0,1
18039,2,17,1,2,0.21502339386099834,0,0
18053,3,15,1,2,0.26847291841407084,0,0
18083,3,11,1,2,0.23269153802959872,0,1
18093,2,12,1,2,0.20422833846668897,0,1
18097,3,40,0,2,0.21197653899390265,0,0
18099,3,13,0,2,0.23481239011881494,0,0
18107,2,16,1,2,0.17296276933055216,0,0
18111,2,12,0,2,0.20657143934739627,0,0
18113,1,17,0,2,0.19272012515530731,0,0
18119,3,14,0,2,0.21103532169903025,0,0
18125,2,11,0,2,0.18752241620171556,0,0
18127,1,15,1,2,0.17150853936361057,0,0
18129,1,7,1,2,0.16447000469956802,0,0
18131,3,13,0,2,0.24546637640590338,0,0
18133,1,15,1,2,0.17587906227170508,0,1
18137,2,12,0,2,0.1747803888113974,0,0
18157,3,18,1,2,0.16353113002462305,0,0
18171,2,11,0,2,0.1920037217523421,0,0
18175,2,12,1,2,0.16829463501339534,0,0
19007,3,11,1,2,0.16895035445084625,0,0
19031,1,18,1,2,0.13645706080889553,0,0
19075,1,16,0,2,0.14416255970932382,0,0
19087,2,11,1,2,0.14708253141966424,0,0
19091,2,17,0,2,0.15161317122262832,0,0
19093,1,12,0,2,0.14178291696813639,0,0
19101,1,16,0,2,0.1173595954462705,0,0
19105,2,16,1,2,0.15730428556989684,0,0
19121,1,14,1,2,0.1055884116864469,0,0
19125,1,19,0,2,0.11379632389828051,0,0
19135,2,7,0,2,0.12616229124427733,0,0
19141,2,14,0,2,0.14718997779157816,0,0
19149,1,14,1,2,0.1534172051073097,0,0
19151,2,16,1,2,0.18010769920503888,0,1
19163,2,22,1,2,0.14016359431826972,0,0
20001,3,11,1,2,0.2653566948843705,0,0
20003,3,10,0,2,0.2724154748214451,0,0
20023,3,5,0,2,0.22783388417914188,0,0
20039,2,8,1,2,0.18737093966073592,0,1
20047,3,7,1,2,0.22184192211953432,0,1
20055,3,7,1,2,0.24282432884797084,0,1
20061,3,8,1,2,0.24927086628027442,0,1
20093,3,4,0,2,0.31347176872071053,0,0
20097,2,7,1,2,0.19926961462959336,0,1
20099,4,13,1,2,0.295939956888889,0,0
20127,2,9,1,2,0.2645088451957867,0,1
20135,3,9,1,2,0.1691148992075624,0,1
20139,2,15,1,2,0.2611686935360625,0,0
20143,2,11,0,2,0.18040155289858378,0,0
20147,2,9,1,2,0.1511385840578317,0,1
20167,2,11,1,2,0.18357087276484446,0,1
20179,1,11,1,2,0.14388711657731823,0,1
20187,3,3,0,2,0.2747190791234872,0,0
20191,2,18,0,2,0.19557066396062048,0,0
20199,2,4,0,2,0.19077019055913216,0,0
20209,4,11,0,2,0.30360361646073225,0,0
21001,4,10,1,2,0.23391259754177063,0,0
21007,1,6,0,2,0.08201077508239703,0,0
21009,4,11,1,2,0.2768165559855187,0,0
21021,3,5,1,2,0.19705451217192144,0,0
21031,4,10,0,2,0.22270376009636783,0,0
21037,2,10,1,2,0.12928978358384863,0,0
21057,4,3,1,2,0.2805051952182212,0,1
21085,4,9,1,2,0.25265751538937276,0,0
21087,4,8,0,2,0.2478296525511216,0,0
21089,3,11,0,2,0.19901404280092205,0,0
21097,3,6,1,2,0.22277896863809152,0,0
21101,3,8,1,2,0.24027488944268016,0,0
21103,3,13,1,2,0.21181374820258636,0,0
21141,4,7,1,2,0.26922541161423225,0,0
21149,2,7,1,2,0.24151093206562693,0,1
21155,1,11,0,2,0.22396340434935724,0,0
21171,4,6,1,2,0.19128655697706787,0,0
21177,3,17,0,2,0.23303322834934584,0,0
21179,1,9,1,2,0.1297928824981423,0,1
21185,1,11,1,2,0.08907298809324149,0,0
21187,3,9,0,2,0.21731528572699294,0,0
21191,3,10,1,2,0.17827744189302053,0,0
21193,1,21,0,2,0.12764602863162783,0,0
21197,4,4,1,2,0.167969154919848,0,0
21211,2,14,1,2,0.15953056212366826,0,1
22009,4,15,1,2,0.26012644338407026,0,1
22013,4,13,1,2,0.2959306011826678,0,0
22015,3,15,0,2,0.21971803221136726,0,1
22027,4,11,1,2,0.3227259020023148,0,0
22049,4,7,1,2,0.2518798005016109,0,0
22061,1,8,0,2,0.2262957646892007,0,1
22067,4,7,0,2,0.32306889097571606,0,0
22075,2,9,0,2,0.24720619121364246,0,0
22079,4,27,1,2,0.23908339075713053,0,0
22081,3,5,0,2,0.2235281601413254,0,0
22103,2,17,1,2,0.13385512839496097,0,0
22111,3,10,1,2,0.24383943669142666,0,0
22125,2,4,0,2,0.08504229117609663,0,0
23013,1,19,1,2,0.06707602471201532,0,1
23015,2,25,0,2,0.06939494024563515,0,0
23017,1,33,1,2,0.11232520198570947,0,0
23025,4,24,1,2,0.1336981951278672,0,0
24027,1,24,1,2,0.06302619464549408,0,0
24029,2,9,1,2,0.18669387686906364,0,0
24033,1,39,0,2,0.11283014858323352,0,0
24035,1,16,1,2,0.13168413614771055,0,0
25001,1,47,1,2,0.09510430008768657,0,0
25013,2,41,1,2,0.16137911322224904,0,0
25017,1,83,0,2,0.06122546933427654,0,0
25025,3,36,1,2,0.12722213139977892,0,0
26001,3,13,0,2,0.14471917109630744,0,0
26005,2,24,1,2,0.17111446201833483,0,0
26007,3,8,0,2,0.14940004221253766,0,0
26011,3,10,1,2,0.20623045858263753,0,0
26013,3,7,1,2,0.15350611597247443,0,1
26023,3,13,1,2,0.2536210968134431,0,0
26025,3,22,1,2,0.20841101085927155,0,0
26027,2,14,1,2,0.19884786225193557,0,1
26065,1,22,1,2,0.1692640067627854,0,0
26073,4,15,1,2,0.17904830692939713,0,0
26107,3,16,0,2,0.15724907317619308,0,0
26139,1,22,1,2,0.11878243613148555,0,0
26153,3,7,0,2,0.2084320181327658,0,0
26163,3,68,0,2,0.21779699426031532,0,0
26165,3,13,0,2,0.15366379446677497,0,0
27009,1,9,1,2,0.10519988783100948,0,1
27021,2,24,0,2,0.14243328007668501,0,0
27035,2,18,0,2,0.09842243419748305,0,0
27037,1,22,1,2,0.07840257244096442,0,0
27041,1,17,1,2,0.10856062357617473,0,1
27053,1,72,0,2,0.09439492157919088,0,0
27057,2,10,1,2,0.13403071717255347,0,0
27089,1,15,0,2,0.15410610876768457,0,0
27095,2,12,1,2,0.12136070479611934,0,0
27097,2,20,1,2,0.12090076124166683,0,1
27143,1,16,0,2,0.14395010483546491,0,0
27147,1,11,0,2,0.1537243734999684,0,0
27149,2,8,0,2,0.12672533476451273,0,0
27151,3,11,1,2,0.15985051854760873,0,1
27157,1,13,0,2,0.10780618278389367,0,0
27165,2,10,0,2,0.20271441836993348,0,0
27171,1,19,1,2,0.09119965439285499,0,0
27173,2,14,0,2,0.16060852864150152,0,0
28017,4,8,0,2,0.23766058962047223,0,0
28027,4,11,1,2,0.3766603401384535,0,0
28031,4,8,1,2,0.20009687989574754,0,0
28037,4,8,1,2,0.17414832631655125,0,1
28051,4,9,1,2,0.29524824956642126,0,0
28057,3,10,1,2,0.16394705483620514,0,0
28065,4,9,1,2,0.2162137693814255,0,0
28067,4,13,0,2,0.1781617904563376,0,1
28081,3,15,1,2,0.14164090269622787,0,0
28085,4,12,1,2,0.17822011907924368,0,1
28087,3,8,1,2,0.16934724694769823,0,0
28099,4,8,1,2,0.22737014789617888,0,0
28109,3,5,1,2,0.15512998845468368,0,1
28119,4,10,1,2,0.3577700880188722,0,1
28123,4,10,1,2,0.2229279235678477,0,0
28133,4,16,1,2,0.372500571999682,0,1
28137,3,5,1,2,0.24486283896453379,0,0
28139,4,9,0,2,0.19722856644839115,0,0
28149,4,3,0,2,0.18761572072506086,0,0
28153,4,7,1,2,0.1837514440657155,0,0
28161,4,7,1,2,0.19862105102483904,0,0
29001,4,9,1,2,0.15899040147010673,0,0
29003,2,17,0,2,0.21009246527804165,0,0
29013,3,13,1,2,0.23771445587876772,0,0
29015,3,13,1,2,0.2067275563720589,0,0
29027,2,19,0,2,0.13981394461148797,0,0
29029,3,18,1,2,0.15373356225193463,0,1
29045,3,11,0,2,0.22356964779313726,0,0
29059,4,13,1,2,0.2401296255835721,0,0
29063,2,10,1,2,0.24728792498380617,0,0
29071,1,23,1,2,0.17836278961329427,0,0
29079,3,7,1,2,0.2620951275698651,0,1
29087,3,6,0,2,0.24284969067918943,0,0
29103,4,12,1,2,0.26647516138580357,0,1
29113,2,17,1,2,0.204475631412409,0,0
29119,1,14,1,2,0.15103714409564672,0,0
29121,2,15,1,2,0.19541423304536465,0,0
29125,3,10,0,2,0.1820163902907339,0,0
29127,3,10,1,2,0.21542024580045616,0,0
29153,4,18,1,2,0.2907124907381326,0,1
29157,2,8,0,2,0.19471971859383563,0,0
29169,2,11,1,2,0.14532393463271048,0,0
29179,3,11,0,2,0.23030928613703378,0,0
29189,1,46,0,2,0.1410865868166839,0,0
29203,4,9,0,2,0.2694930918404698,0,0
29217,4,13,1,2,0.2559534019085335,0,0
29219,3,9,1,2,0.1805123729405287,0,1
30011,2,8,0,2,0.16805891286830063,0,0
30013,3,18,1,2,0.1798122156016855,0,1
30021,1,8,1,2,0.15220438820065826,0,1
30029,2,16,1,2,0.10052093341633449,0,0
30073,3,6,1,2,0.22098845103974205,0,1
30083,1,9,0,2,0.15716403213396007,0,0
30093,3,7,0,2,0.12271245875778243,0,0
30097,1,6,0,2,0.14634325633986892,0,0
30099,2,12,0,2,0.1694743915147884,0,0
30105,3,12,1,2,0.20498743173787945,0,1
31001,2,14,1,2,0.12681870122682953,0,1
31019,1,14,0,2,0.11743308827221213,0,0
31037,3,7,0,2,0.1540760222691137,0,0
31053,2,14,0,2,0.15695877462081967,0,0
31057,4,7,0,2,0.2114489244108726,0,0
31059,1,14,0,2,0.1272330009135899,0,0
31065,3,9,0,2,0.16535588945125568,0,0
31091,1,1,0,2,0.17814373637588535,0,0
31101,2,7,0,2,0.1592141327450974,0,0
31127,2,13,0,2,0.1488239401742851,0,0
31135,1,10,1,2,0.15465126411174515,0,1
31137,2,10,0,2,0.13900082828879384,0,0
31141,1,11,1,2,0.10837723756404676,0,1
31157,3,8,1,2,0.20449779184293623,0,0
31163,2,8,0,2,0.1651205790015748,0,0
31181,2,8,0,2,0.16197086051557805,0,0
32015,3,2,0,2,0.29942831988485713,0,0
32017,1,5,1,2,0.12418056937427353,0,1
32021,3,5,1,2,0.3352332407416077,0,1
33001,1,15,0,2,0.06210237314948756,0,0
33007,2,16,1,2,0.09499950413777118,0,1
33011,1,34,1,2,0.062083453104981874,0,0
33017,1,17,0,2,0.07933617886591887,0,0
33019,2,19,0,2,0.07539608694348478,0,0
34001,1,30,0,2,0.1477969912913415,0,0
34005,1,38,0,2,0.09138974408358501,0,0
34017,3,16,0,2,0.14697209489106275,0,0
34023,1,44,0,2,0.0977428647562797,0,0
34029,1,30,0,2,0.1058489950948598,0,0
34035,1,32,1,2,0.07111641795289414,0,0
35001,1,27,0,2,0.2136827442031304,0,0
35005,4,9,1,2,0.3996914869379307,0,1
35009,1,7,1,2,0.22859767144981483,0,1
35019,2,5,1,2,0.1797320232604609,0,1
35029,4,3,1,2,0.33774599727255833,0,0
35037,4,10,1,2,0.2814700683080505,0,1
36003,3,37,1,2,0.1010237014607821,0,0
36031,2,34,1,2,0.06525630470212665,0,1
36045,3,39,1,2,0.1047947774471283,0,0
36051,2,30,0,2,0.11293444317666398,0,0
36069,1,25,0,2,0.09614324371523077,0,0
36073,3,15,1,2,0.1946637324680701,0,0
36075,3,27,1,2,0.12644131708628614,0,0
36083,2,29,1,2,0.09194746526910551,0,0
36085,1,12,0,2,0.121440118990005,0,0
36111,2,63,1,2,0.09222703569255154,0,0
36113,1,25,0,2,0.08448477595470047,0,0
36119,1,77,0,2,0.09021485377470681,0,0
37007,4,8,1,2,0.2057074302292113,0,0
37015,4,10,1,2,0.2398373237293349,0,0
37037,1,18,1,2,0.08085653821321626,0,0
37043,3,5,1,2,0.11269873871917263,0,1
37059,2,6,1,2,0.11696114961297012,0,1
37061,4,19,1,2,0.23080347128763792,0,0
37067,1,22,1,2,0.13380938966978315,0,0
37091,4,9,1,2,0.18747353249867102,0,0
37103,4,9,0,2,0.2119941817384308,0,0
37113,3,6,0,2,0.1274999883455938,0,0
37115,3,6,0,2,0.11979687907194464,0,0
37123,3,8,0,2,0.14939455242578412,0,0
37131,4,12,1,2,0.2070445279226833,0,0
37133,3,16,1,2,0.12788537700838978,0,0
37137,3,9,0,2,0.17061142214264102,0,0
37145,2,10,0,2,0.1535930467932214,0,0
37151,3,24,1,2,0.16427317177050565,0,0
37157,3,11,1,2,0.17235451009527958,0,0
37161,1,16,1,2,0.14149758731272982,0,0
37165,4,7,1,2,0.24292245683211228,0,0
37199,3,5,0,2,0.14402322509748977,0,0
38001,1,6,0,2,0.21892659290265495,0,0
38009,1,14,0,2,0.16351160288983937,0,0
38031,1,8,0,2,0.14671432655606761,0,0
38039,2,9,0,2,0.17388348087690736,0,0
38043,2,13,0,2,0.18706745150956297,0,0
38061,2,12,0,2,0.2084737566777295,0,0
38067,1,13,1,2,0.1343157453704902,0,1
38069,3,11,0,2,0.1911761552530252,0,0
38073,1,11,1,2,0.13895782538113158,0,1
38085,4,9,1,2,0.40289097538389423,0,1
38091,1,12,0,2,0.1513125711178768,0,0
38095,3,10,0,2,0.20709565913521086,0,0
39011,1,18,0,2,0.22549138154318715,0,0
39013,2,27,1,2,0.175719226902432,0,0
39035,1,52,0,2,0.1711652450936844,0,0
39059,3,20,1,2,0.22003154443584486,0,0
39063,1,24,1,2,0.1554781460193154,0,0
39081,3,23,1,2,0.2288775716470497,0,0
39091,2,18,1,2,0.22374267905098064,0,0
39093,2,24,1,2,0.18062722487909794,0,0
39103,1,24,1,2,0.12406080748998105,0,0
39107,1,18,1,2,0.21049378331626944,0,1
39117,2,16,1,2,0.19123776018234082,0,1
39137,1,17,1,2,0.17203516063096563,0,0
39143,2,17,1,2,0.24408283374443024,0,0
39151,1,42,1,2,0.18880518868300392,0,0
39153,2,41,0,2,0.18058988553241306,0,0
39165,1,24,1,2,0.12271702445946635,0,0
40041,4,13,1,2,0.30729577879823494,0,1
40051,2,14,1,2,0.2653279366578989,0,0
40065,3,9,1,2,0.31749685633403363,0,0
40085,3,8,1,2,0.37453804356640913,0,1
40095,4,3,1,2,0.3384742544595131,0,0
40097,4,17,1,2,0.35101011856552633,0,1
40099,3,7,1,2,0.3538286439172412,0,0
40107,4,11,1,2,0.38071188675250756,0,0
40131,1,12,1,2,0.27195446156840675,0,0
40137,3,10,1,2,0.3505074259623893,0,1
41003,1,10,1,2,0.13833622713854551,0,1
41015,2,7,1,2,0.12513166514548446,0,0
41035,4,17,1,2,0.2646185614873128,0,1
42017,1,55,0,2,0.09858727013551655,0,0
42021,1,51,1,2,0.07949073899661895,0,0
42023,3,4,0,2,0.1318870649262552,0,0
42055,1,30,1,2,0.13271855279551054,0,0
42061,2,33,1,2,0.1360842052380282,0,1
42091,1,69,0,2,0.09234358240855865,0,0
42103,1,19,0,2,0.10786708597571372,0,0
42129,1,86,1,2,0.10430453803702261,0,0
45009,4,8,1,2,0.32119909573251315,0,0
45021,4,8,1,2,0.2329072378110001,0,0
45027,4,11,1,2,0.28666497203556235,0,1
45031,4,10,1,2,0.24423108279573374,0,0
45037,3,10,1,2,0.1846295702106134,0,0
45045,1,27,0,2,0.12977490633856967,0,0
45065,1,11,0,2,0.1667900980230327,0,0
45073,3,13,1,2,0.17763772183477738,0,1
45081,4,12,1,2,0.29324271224060783,0,0
45083,2,34,0,2,0.16087739830092385,0,0
45089,4,12,1,2,0.2954003799208696,0,0
45091,1,15,1,2,0.1607733181476543,0,0
46015,2,6,0,2,0.1512627611177191,0,0
46017,4,6,0,2,0.26337202303125656,0,0
46035,2,6,1,2,0.13070054933347372,0,0
46043,1,8,0,2,0.05475172438839426,0,0
46045,1,10,0,2,0.13623261059504974,0,0
46057,1,12,0,2,0.11537412436583996,0,0
46061,2,7,0,2,0.12112029520783493,0,0
46069,1,5,0,2,0.13517597321370972,0,0
46085,2,9,0,2,0.21121614647288395,0,0
46093,2,18,1,2,0.12661173571569018,0,0
46095,4,7,0,2,0.36535208619959963,0,0
46109,4,16,1,2,0.25873303268164044,0,1
46115,1,15,0,2,0.1374572951499409,0,0
46123,4,8,0,2,0.18946171189780084,0,0
46135,2,10,1,2,0.10652770845355254,0,0
47021,2,12,1,2,0.16468164354529327,0,1
47039,4,9,0,2,0.24302233776296162,0,0
47041,4,11,0,2,0.2519328921346263,0,0
47049,4,9,1,2,0.22133494049390187,0,0
47055,3,17,1,2,0.23153280181192135,0,0
47059,4,10,1,2,0.23310526912289647,0,0
47069,4,12,1,2,0.25367344544391435,0,0
47105,2,9,0,2,0.16941746463406998,0,0
47107,4,12,1,2,0.22133356293338374,0,0
47121,3,6,1,2,0.1965228537935927,0,0
47129,4,12,1,2,0.19427435301489782,0,0
47147,2,12,1,2,0.1891376824477164,0,0
47161,2,8,0,2,0.1832632435431829,0,0
47165,1,10,1,2,0.1654317615142683,0,0
47173,4,11,0,2,0.2220286130175968,0,0
47177,4,6,1,2,0.28047244969758933,0,1
47179,1,13,1,2,0.15790287364025377,0,0
47181,4,10,1,2,0.21190965891416716,0,0
48001,3,10,1,2,0.26700616991393,0,0
48003,2,1,1,2,0.3384980214696913,0,0
48005,4,6,1,2,0.25315976829274545,0,0
48015,2,13,1,2,0.2610354344196067,0,0
48029,2,77,0,2,0.3029633029811033,0,0
48049,3,10,1,2,0.2549250136470905,0,0
48061,4,17,0,2,0.4285207395100491,0,0
48065,1,6,0,2,0.23525992554545128,0,0
48067,4,14,1,2,0.24610625615218187,0,1
48073,4,12,1,2,0.25556865146890734,0,1
48077,2,9,1,2,0.26691194436937254,0,1
48087,4,5,1,2,0.3160440758395648,0,1
48093,2,14,1,2,0.2439097537506626,0,0
48105,2,6,0,2,0.34912741008154,0,0
48107,4,9,0,2,0.39414705637318326,0,0
48123,3,9,1,2,0.3095537374813775,0,0
48133,4,9,1,2,0.2736655265846633,0,0
48139,1,20,1,2,0.2444479222366627,0,0
48143,1,13,1,2,0.2532052023258658,0,1
48159,1,7,1,2,0.1794681786081383,0,1
48195,4,3,0,2,0.4021749574241769,0,0
48221,1,8,1,2,0.22340510235355512,0,0
48225,4,7,1,2,0.295809596892466,0,0
48237,3,11,0,2,0.28988269312585435,0,0
48259,1,8,1,2,0.15037610444076713,0,1
48319,2,6,0,2,0.22231451234025368,0,0
48325,1,15,0,2,0.23323443779677225,0,0
48345,3,6,0,2,0.2667136812098215,0,0
48351,3,11,0,2,0.24505021464959134,0,0
48365,3,13,1,2,0.25891205148594476,0,0
48371,3,6,1,2,0.3979037170187366,0,0
48381,1,15,1,2,0.23960717377859114,0,0
48387,4,9,1,2,0.32215332721848844,0,0
48405,4,4,1,2,0.25574091138715355,0,1
48411,3,7,1,2,0.311750816352499,0,1
48413,2,3,0,2,0.07948672424962232,0,0
48421,3,4,0,2,0.2936648513485067,0,0
48423,3,22,0,2,0.2018629135374448,0,1
48431,2,2,0,2,0.33002830789207993,0,0
48449,4,6,1,2,0.2833196134023548,0,1
48453,1,63,0,2,0.14067878582755916,0,0
48463,4,8,1,2,0.39587820247322225,0,0
48469,3,12,1,2,0.31764778329718124,0,0
49033,2,4,0,2,0.22246766134120388,0,0
49035,1,36,0,2,0.24142343524157914,0,0
49039,3,15,1,2,0.2288112423111932,0,0
49041,3,12,1,2,0.2543234620274518,0,0
49049,2,24,0,2,0.15618223771626186,0,0
50013,1,5,1,2,0.06597229057667349,0,1
50021,1,29,1,2,0.07100502069820035,0,0
50025,2,24,1,2,0.08314280586582033,0,1
51003,2,24,1,2,0.08584803582087655,0,0
51011,3,8,0,2,0.16974056601355408,0,0
51019,1,18,1,2,0.10397447383551699,0,1
51025,3,16,1,2,0.20650100394190538,0,0
51037,4,14,1,2,0.03279378696680833,0,0
51047,1,18,1,2,0.13794315103832425,0,1
51049,3,7,0,2,0.18106377034454627,0,0
51059,1,48,0,2,0.05711793463227008,0,0
51069,1,12,1,2,0.08951573342968747,0,1
51085,1,12,1,2,0.07246065877121398,0,0
51087,2,16,1,2,0.1420939433086125,0,0
51091,2,7,0,2,0.12110725468372366,0,0
51103,2,6,1,2,0.15643334069879983,0,0
51115,2,15,0,2,0.10911877960843229,0,0
51121,3,10,1,2,0.11021503054588866,0,0
51127,1,6,1,2,0.09830443078861593,0,0
51157,1,10,0,2,0.10040762722268504,0,0
51167,4,11,0,2,0.19981974138221836,0,0
51169,3,12,0,2,0.18097714113482033,0,0
51179,1,5,1,2,0.08778975393075882,0,0
51185,1,18,1,2,0.12487655024014438,0,0
51197,3,11,0,2,0.15465486641842444,0,0
51530,4,1,0,2,0.20888481593927652,0,0
51570,2,1,1,2,0.11560652980974075,0,0
51775,1,1,0,2,0.08701011459915872,0,0
53011,1,20,0,2,0.11669983823491839,0,0
53019,4,9,0,2,0.2244821946492456,0,0
53023,3,2,1,2,0.2266218155983553,0,1
53027,1,21,0,2,0.15313446225878685,0,0
53033,1,84,0,2,0.0914208961299957,0,0
53041,2,23,1,2,0.1480008736887438,0,1
53059,1,8,1,2,0.12227888232253838,0,1
53065,3,21,0,2,0.1781969720852429,0,0
54019,1,42,0,2,0.089136359752017,0,0
54033,3,21,0,2,0.18360726700402674,0,0
54039,1,46,1,2,0.22837949132729912,0,0
54063,3,13,0,2,0.24180722995026332,0,0
54067,3,25,1,2,0.24967008251768685,0,0
54079,2,17,1,2,0.19735332383353824,0,0
54089,4,15,0,2,0.23149727415866525,0,0
54091,3,10,0,2,0.20134336831914404,0,0
55005,2,19,1,2,0.10584830894076945,0,1
55013,3,11,0,2,0.10965047781971689,0,0
55021,1,20,1,2,0.1072061587678435,0,1
55029,1,13,1,2,0.10368044487334596,0,0
55033,2,22,0,2,0.11235730705517505,0,0
55035,2,15,0,2,0.10349224371359167,0,0
55049,1,19,0,2,0.09388679536091081,0,0
55051,3,12,0,2,0.11887644315227348,0,0
55055,1,19,1,2,0.1153981002066592,0,0
55057,3,14,1,2,0.12842116851940477,0,0
55061,1,6,1,2,0.11054212790920509,0,0
55069,1,7,1,2,0.08293565374102436,0,0
55073,1,28,1,2,0.07894550354210476,0,0
55079,3,37,0,2,0.18049049851751522,0,0
55085,1,14,1,2,0.09004299055485086,0,1
55101,2,16,0,2,0.1350046308081686,0,0
55113,3,12,0,2,0.11229503082444804,0,0
55129,2,12,0,2,0.09464640121413942,0,0
56001,1,10,1,2,0.23873619909693053,0,0
56003,2,15,1,2,0.1665107850432639,0,0
56017,3,3,1,2,0.1909256402359915,0,1
56023,1,15,0,2,0.1265816405184643,0,0
56029,1,8,1,2,0.12021599043629658,0,0
56033,1,9,1,2,0.14330369035591692,0,0
56045,2,4,0,2,0.18506615045567168,0,0
01001,3,10,1,3,0.18265376370517067,0,1
01005,4,9,0,3,0.22608003676728244,0,0
01023,4,10,0,3,0.2417501098723686,0,0
01025,4,10,1,3,0.244655186120922,0,0
01031,3,16,1,3,0.18684719798773225,0,1
01049,4,24,0,3,0.24317198883749114,0,0
01057,4,10,1,3,0.20444787188245034,0,0
01077,3,9,1,3,0.20767014276109033,0,0
01103,3,16,1,3,0.20543213908096325,0,0
01119,4,11,1,3,0.2501611468561276,0,0
01123,4,12,1,3,0.1947266186174784,0,1
01133,4,11,1,3,0.2115732722708546,0,0
04023,4,9,1,3,0.2988929686504239,0,1
04027,4,10,0,3,0.29363850000256947,0,1
05003,4,7,1,3,0.19386342646073912,0,0
05007,2,21,0,3,0.15957915863482483,0,0
05013,4,6,0,3,0.1947761602265107,0,0
05015,3,9,1,3,0.18656713075277662,0,0
05035,4,11,1,3,0.3009309769104931,0,0
05039,4,6,1,3,0.1945691337510482,0,1
05055,4,9,1,3,0.18724362838489647,0,1
05069,4,17,1,3,0.23103735340360088,0,0
05073,4,6,1,3,0.23892153543284625,0,1
05087,3,13,1,3,0.2009060327334734,0,0
05101,3,20,1,3,0.19228482458196539,0,1
05105,4,8,1,3,0.22087996884435038,0,1
05109,4,10,0,3,0.18934146540501282,0,0
05131,3,16,0,3,0.18106717126273916,0,1
06019,4,56,0,3,0.2651599949034177,0,0
06033,3,15,1,3,0.233778483137878,0,0
06073,1,108,0,3,0.16201782966658074,0,0
06079,2,26,1,3,0.1570434834243566,0,0
06111,1,33,0,3,0.14767948110302126,0,0
08005,1,33,1,3,0.14367231491994925,0,0
08007,1,5,1,3,0.1531876218717397,0,0
08015,2,5,0,3,0.1492352874838946,0,0
08017,2,4,0,3,0.21450355938605684,0,0
08019,1,6,0,3,0.12325513241135522,0,0
08051,2,11,0,3,0.18749784290393934,0,0
08053,1,3,0,3,0.15906489655833664,0,0
08057,1,2,0,3,0.16115947359631388,0,0
08081,2,5,1,3,0.27884064389844787,0,0
08089,4,7,0,3,0.29628750368049916,0,0
08095,2,3,0,3,0.2344131527969017,0,0
08097,1,7,0,3,0.14410757604424185,0,0
08103,2,4,0,3,0.24893760264542802,0,0
08107,1,9,1,3,0.16424180433186353,0,0
08113,1,7,1,3,0.13316859757680757,0,1
08117,1,4,0,3,0.19454339381485952,0,0
09007,1,24,1,3,0.10887416629559173,0,0
12015,2,17,1,3,0.10058531276912602,0,0
12023,3,8,1,3,0.1453410830855364,0,0
12039,4,7,1,3,0.19388425923887176,0,1
12051,4,6,1,3,0.20278578512255804,0,0
12053,3,12,1,3,0.13922894177748257,0,0
12063,1,14,1,3,0.1743640556445111,0,1
12065,4,4,1,3,0.18034150398679444,0,0
12067,4,2,0,3,0.13326137452859263,0,0
12075,4,13,1,3,0.1668122291448871,0,0
12077,4,2,0,3,0.1461377485045013,0,0
12085,1,12,1,3,0.12135577225938451,0,0
12097,3,17,1,3,0.15303587198714544,0,0
12101,2,31,1,3,0.1321248909101815,0,0
12111,2,17,1,3,0.14609566135449412,0,0
12133,4,10,1,3,0.17152459055998845,0,0
13005,4,3,1,3,0.21971867937966985,0,1
13017,4,4,1,3,0.25217573813137145,0,0
13027,4,10,0,3,0.2316320183542096,0,0
13045,1,11,1,3,0.1772389950307421,0,0
13047,1,8,0,3,0.12639858519094882,0,0
13059,1,9,1,3,0.22216167112059973,0,0
13063,1,16,1,3,0.21608679047100657,0,0
13085,1,5,1,3,0.1243143610852483,0,0
13101,3,6,1,3,0.20125681930401956,0,1
13135,2,26,0,3,0.11358758588141558,0,0
13141,4,5,0,3,0.2706626041990668,0,0
13147,4,8,0,3,0.18367917066311173,0,0
13155,4,7,1,3,0.24432655089825278,0,1
13179,1,9,1,3,0.18013761761734357,0,1
13183,4,5,0,3,0.19062354357138964,0,0
13189,4,4,1,3,0.22283031211946533,0,0
13209,4,7,0,3,0.211950070181543,0,0
13231,2,8,0,3,0.21349587267192216,0,0
13233,4,8,1,3,0.1992948048468136,0,1
13237,4,5,1,3,0.21001223854098422,0,0
13243,4,8,0,3,0.33217495783114265,0,0
13247,2,9,1,3,0.188449634241148,0,1
13251,4,6,0,3,0.24561849923744322,0,0
13257,3,5,1,3,0.16380684269599746,0,0
13267,4,6,1,3,0.22128521621956793,0,0
13291,3,4,1,3,0.1404099064173694,0,0
13295,3,14,1,3,0.17266028674769093,0,0
13301,4,9,1,3,0.27725087739127585,0,1
13303,4,10,1,3,0.23391204668557364,0,0
13313,4,8,1,3,0.168259234855057,0,0
13319,4,9,0,3,0.232794684279107,0,0
16003,2,6,0,3,0.18874758916441187,0,0
16021,3,4,0,3,0.1965039540961281,0,0
16025,4,2,1,3,0.2907633083557764,0,1
16039,3,7,1,3,0.20648142180540222,0,0
16063,3,6,0,3,0.2971473729954697,0,0
16087,4,5,1,3,0.2610479528103645,0,1
17005,3,12,0,3,0.19697395797871992,0,0
17017,3,7,1,3,0.16419843238865794,0,0
17019,3,35,1,3,0.17710138380012894,0,0
17027,1,17,1,3,0.16076479122070805,0,0
17041,2,13,1,3,0.22479555201566837,0,0
17047,2,6,0,3,0.18307169500876008,0,0
17053,2,21,1,3,0.21252618421166028,0,0
17063,1,16,1,3,0.16368792855669329,0,0
17067,2,19,0,3,0.1594289481674677,0,0
17081,3,17,1,3,0.17329283968393705,0,0
17085,1,15,0,3,0.14792251990937588,0,0
17101,3,7,0,3,0.18412136630572848,0,0
17137,3,16,1,3,0.17290690988316415,0,1
17139,2,11,0,3,0.221221216397132,0,0
17151,3,10,0,3,0.18470868185826606,0,0
17155,1,8,0,3,0.16295659398732196,0,0
17175,3,10,0,3,0.2437101301194988,0,0
17177,3,19,0,3,0.19534629720217847,0,0
17179,1,21,1,3,0.14732227694331704,0,0
17181,3,13,1,3,0.1570576141273776,0,0
17187,3,14,1,3,0.19636977213592308,0,0
17197,1,45,0,3,0.13131659226707196,0,0
17201,2,26,1,3,0.16665435701796807,0,0
18031,2,10,0,3,0.213741989735394,0,0
18043,2,10,1,3,0.14688653990299225,0,1
18063,1,19,1,3,0.13082643905707908,0,0
18065,3,22,0,3,0.24424542594480642,0,0
18067,2,10,1,3,0.22932903107072608,0,0
18075,3,9,0,3,0.2757605328868535,0,0
18079,2,13,1,3,0.18206988776759592,0,0
18139,2,16,1,3,0.2665155328190152,0,0
18145,2,17,1,3,0.22560190201462268,0,0
18161,2,6,0,3,0.23480328155923838,0,0
18169,2,14,1,3,0.23270149933717238,0,1
18179,2,16,0,3,0.22836334884158194,0,0
18183,1,10,0,3,0.1734521555060758,0,0
19001,2,14,0,3,0.16523258979866737,0,0
19003,2,9,1,3,0.1620092594210062,0,1
19011,1,24,1,3,0.15430186144728705,0,0
19025,2,14,0,3,0.20817630423784736,0,0
19039,3,9,1,3,0.15498341689916842,0,1
19045,2,20,1,3,0.17664061736380243,0,0
19077,1,18,1,3,0.14763824605304027,0,1
19103,1,24,1,3,0.16908420872806856,0,0
19131,1,12,0,3,0.19289908652107463,0,0
19153,2,41,0,3,0.12064111529172211,0,0
19155,2,24,1,3,0.14000810712582995,0,0
19157,2,17,1,3,0.15997453409662107,0,0
19167,1,19,0,3,0.15054732799849654,0,0
19173,2,11,0,3,0.17939955395538762,0,0
19183,2,13,0,3,0.17021050581223365,0,0
19187,3,22,1,3,0.18172722629656002,0,0
19189,1,11,0,3,0.16234432767728824,0,0
19193,2,25,1,3,0.14260059003091982,0,0
19197,2,16,1,3,0.17440596704284594,0,0
20007,3,11,0,3,0.24027407943125942,0,0
20019,4,10,1,3,0.27872044225942727,0,1
20021,1,13,1,3,0.20872101677085902,0,0
20025,2,6,0,3,0.22029870117588624,0,0
20041,2,12,1,3,0.25315827864519597,0,0
20045,1,12,1,3,0.18152122472214496,0,0
20049,3,10,0,3,0.2654066599337321,0,0
20057,4,10,1,3,0.25294215891688937,0,1
20065,2,13,0,3,0.1936912869341378,0,0
20069,1,7,0,3,0.2512088489766876,0,0
20101,3,5,0,3,0.2628271200001424,0,0
20105,2,10,0,3,0.2223370365637958,0,0
20115,1,19,0,3,0.22555460624027973,0,0
20117,2,13,0,3,0.23147037527059072,0,0
20137,1,7,0,3,0.20716535874633962,0,0
20145,2,9,0,3,0.21983974294334446,0,0
20171,1,4,0,3,0.25574523341961364,0,0
20175,4,6,1,3,0.32825758841057084,0,0
20177,1,29,0,3,0.23038762814821132,0,0
20189,4,4,0,3,0.31151188626469006,0,0
20195,1,8,0,3,0.22883888048543088,0,0
20197,1,16,0,3,0.20038273905353118,0,0
21011,4,8,1,3,0.18669056828041727,0,0
21013,4,11,1,3,0.20734957248359454,0,0
21017,3,9,0,3,0.21651203438122443,0,0
21029,1,11,1,3,0.16100783591844775,0,0
21035,4,10,0,3,0.20419883047713988,0,0
21067,2,17,1,3,0.13849142819219695,0,0
21071,4,33,1,3,0.19010456140450904,0,1
21079,3,5,1,3,0.1908752826556403,0,0
21105,4,7,1,3,0.26186983481557274,0,1
21113,3,4,1,3,0.1532537187901425,0,1
21115,4,19,1,3,0.1571302473997046,0,0
21117,2,12,1,3,0.1414411862861546,0,0
21121,4,19,1,3,0.195717548277401,0,1
21125,4,8,1,3,0.171503362231756,0,1
21129,4,6,0,3,0.0696346658475553,0,0
21133,1,26,1,3,0.19575350231024657,0,0
21145,3,7,1,3,0.22446284949087206,0,1
21159,4,9,1,3,0.14126823781520323,0,0
21165,4,5,0,3,0.2028861498086715,0,0
21173,4,5,1,3,0.1798387513933936,0,0
21201,4,7,1,3,0.25119171410916574,0,1
21215,1,8,0,3,0.16008827409024048,0,0
21221,2,5,1,3,0.18490335295098756,0,0
21227,3,9,1,3,0.157650585356801,0,0
21233,4,10,0,3,0.24947318918797218,0,0
21237,4,5,1,3,0.20805524796633595,0,1
22023,4,8,1,3,0.30705207647039207,0,1
22029,4,5,0,3,0.3214609750030135,0,0
22039,4,12,1,3,0.21226958876432606,0,1
22051,3,17,0,3,0.20655485734936763,0,0
22063,2,17,1,3,0.1726982895789871,0,0
22073,1,14,0,3,0.1919707217128554,0,1
22077,3,17,1,3,0.24880756820672928,0,0
22083,4,6,1,3,0.3247928426320355,0,0
22099,4,8,1,3,0.20323214118995864,0,1
22101,4,8,1,3,0.19966891246967183,0,0
22113,3,12,1,3,0.23432692721034,0,1
22121,2,5,1,3,0.23172946201334113,0,0
23003,4,41,0,3,0.16654670110840367,0,0
23005,1,38,1,3,0.09564370309202344,0,0
23011,2,27,1,3,0.1109854385362488,0,0
23019,1,47,1,3,0.13143144680217517,0,0
23021,3,16,1,3,0.16812874948450998,0,0
24021,1,34,1,3,0.09355688309355206,0,0
24023,2,12,0,3,0.15601016326194278,0,0
24047,2,12,1,3,0.1615141991507312,0,1
24510,1,31,0,3,0.22282027885509129,0,1
25007,1,7,0,3,0.14204057368686268,0,0
25011,2,32,1,3,0.09587178570352083,0,0
26003,2,13,0,3,0.15352252481162754,0,0
26017,2,16,1,3,0.21405401395704812,0,0
26019,1,11,0,3,0.15242451489892614,0,0
26021,1,23,1,3,0.19157176372207405,0,0
26029,2,10,0,3,0.14867946324356887,0,0
26049,3,34,1,3,0.17753163097290264,0,0
26075,2,29,1,3,0.19990822933717334,0,0
26081,2,39,1,3,0.15790257500897006,0,0
26087,2,22,1,3,0.1782726947951747,0,0
26093,1,20,1,3,0.1171555266245856,0,0
26095,3,3,0,3,0.1712071111285462,0,0
26101,2,15,1,3,0.15045375538856715,0,0
26117,3,25,0,3,0.19900113721226328,0,0
26133,4,9,0,3,0.2012937163617993,0,0
26137,3,7,1,3,0.15821455883528926,0,0
26149,3,13,1,3,0.20984913942080777,0,1
26157,3,21,1,3,0.20663177325169466,0,0
26159,3,22,1,3,0.19022866407295053,0,0
27001,2,12,1,3,0.1400872587368633,0,0
27015,1,10,0,3,0.16654069374921782,0,0
27019,1,18,0,3,0.09215683513954019,0,0
27025,1,15,1,3,0.12410629058275524,0,0
27031,2,6,0,3,0.1281116820941994,0,0
27043,2,14,0,3,0.2188277849233894,0,0
27045,1,16,0,3,0.1514415860770534,0,0
27059,1,12,0,3,0.12490226563715891,0,0
27061,2,30,1,3,0.13494180444217815,0,1
27077,1,4,0,3,0.03497096675633743,0,0
27079,1,13,1,3,0.14928345295280837,0,0
27081,2,12,0,3,0.20450245313225907,0,0
27093,1,13,0,3,0.14365451166543916,0,0
27099,2,19,1,3,0.17458693128215164,0,1
27107,2,14,0,3,0.19743547484038657,0,0
27113,1,7,0,3,0.17427807726045072,0,0
27117,2,9,0,3,0.20569544383830515,0,0
27123,2,26,1,3,0.12232733444291226,0,0
27125,2,9,0,3,0.17824373640007704,0,0
27127,2,22,1,3,0.20421368689422098,0,0
27155,1,9,0,3,0.19156076368380642,0,0
27167,1,12,0,3,0.16185487835036053,0,0
28011,4,17,1,3,0.3284824800693549,0,1
28021,4,5,0,3,0.19310167443837445,0,0
28025,4,8,1,3,0.25288313046617883,0,0
28029,4,9,1,3,0.13289596784731936,0,0
28033,1,10,1,3,0.13954678643569687,0,0
28035,1,8,1,3,0.05810396962762049,0,1
28039,4,3,1,3,0.15053612465552915,0,0
28041,3,7,1,3,0.1460531611120666,0,0
28043,4,7,1,3,0.16383682168478417,0,0
28061,4,14,1,3,0.18340704904740973,0,0
28063,4,7,0,3,0.20200077844699574,0,0
28077,4,8,0,3,0.1770858782447509,0,0
28079,4,7,0,3,0.18720817951688937,0,0
28089,1,12,1,3,0.10485375939882385,0,0
28103,4,6,1,3,0.2627241138822992,0,0
28105,4,6,0,3,0.17035841589593453,0,0
28113,4,8,1,3,0.20086284513355324,0,0
28121,1,12,1,3,0.12120640516796163,0,0
28155,4,10,0,3,0.18193662213679251,0,0
29007,3,14,0,3,0.23867046822966273,0,0
29031,3,19,1,3,0.1892859527831264,0,1
29037,1,18,1,3,0.1737290375537662,0,0
29055,4,12,1,3,0.1997712146123082,0,0
29085,4,13,1,3,0.20502015117083955,0,1
29093,3,16,1,3,0.21973772055691868,0,1
29095,2,55,0,3,0.21211628464129573,0,1
29101,2,19,0,3,0.22152272059849093,0,0
29109,3,21,1,3,0.23036332381154706,0,1
29111,3,12,0,3,0.2452656019062907,0,0
29131,3,17,1,3,0.20296866488121862,0,0
29135,2,13,1,3,0.18546650814502352,0,0
29139,3,11,1,3,0.2555988583011738,0,0
29149,4,12,0,3,0.2837843472479411,0,0
29209,1,17,1,3,0.18150511901157176,0,1
29221,1,16,0,3,0.16774801762596664,0,0
29229,4,11,1,3,0.2670598209479205,0,0
30009,1,13,0,3,0.18521992773549337,0,0
30039,2,5,0,3,0.19425196045322296,0,0
30053,4,6,1,3,0.18812871373010767,0,0
30057,1,18,0,3,0.17167365044958877,0,0
30063,2,16,0,3,0.15670211202541298,0,0
30101,2,8,0,3,0.24815311022477127,0,0
30109,2,2,0,3,0.2252100886101156,0,0
31005,2,8,0,3,0.2312349925992031,0,0
31007,2,8,1,3,0.1737672147524076,0,1
31023,1,14,1,3,0.1574972266477433,0,1
31027,1,13,0,3,0.17367909526836645,0,0
31041,1,21,1,3,0.1554689135351608,0,0
31067,2,18,1,3,0.15007657422920498,0,0
31075,2,3,1,3,0.24561260163147583,0,1
31077,1,8,0,3,0.20042999151541155,0,0
31079,2,11,1,3,0.13252616901856423,0,0
31083,2,8,1,3,0.1850494888284176,0,1
31085,2,8,0,3,0.19494521436187495,0,0
31087,2,6,0,3,0.20060511567713948,0,0
31099,2,11,0,3,0.14763809198242184,0,0
31103,2,4,0,3,0.1790985073536346,0,0
31115,2,5,0,3,0.21144367072762932,0,0
31117,2,5,0,3,0.17314287722395394,0,0
31133,3,11,0,3,0.17938955999091158,0,0
31159,1,18,0,3,0.13361865811966478,0,0
31161,2,9,1,3,0.22197588045892402,0,1
31165,3,8,0,3,0.2236952476226966,0,0
32001,2,2,1,3,0.3049216224199613,0,0
32009,4,4,0,3,0.22132375168676532,0,0
32023,1,11,0,3,0.31163466943228263,0,1
34003,1,66,0,3,0.09126667641490764,0,0
34033,2,14,1,3,0.16891416979271606,0,1
35003,3,9,0,3,0.3490760583942373,0,0
35007,4,9,1,3,0.2778710092141789,0,0
35013,1,26,0,3,0.2092383396797419,0,0
35017,4,16,1,3,0.22017381441004827,0,0
35035,4,18,1,3,0.3007435843432775,0,0
35049,2,15,1,3,0.17861534498130271,0,0
36009,1,36,1,3,0.14366015088619613,0,0
36015,2,22,1,3,0.12287946804561332,0,0
36019,2,25,0,3,0.1310336734831938,0,0
36021,2,36,1,3,0.11238537134929652,0,1
36025,3,47,0,3,0.12308429584586503,0,0
36027,1,35,1,3,0.09925580761948487,0,0
36033,3,23,1,3,0.13214921940970895,0,0
36039,2,42,1,3,0.12192813454924215,0,1
36053,1,31,1,3,0.1581949101721301,0,1
36061,2,47,0,3,0.14249842351310124,0,0
36065,2,54,1,3,0.14034875643068612,0,0
36079,1,12,0,3,0.07605896640062498,0,0
36089,3,49,1,3,0.14518207511156447,0,0
36095,2,24,0,3,0.12295663106579793,0,0
36097,2,18,0,3,0.130709141492605,0,0
36101,3,39,1,3,0.12346223434209443,0,0
36109,1,17,1,3,0.1436056958800495,0,0
36121,2,24,0,3,0.13753279997350543,0,0
36123,2,13,0,3,0.15608638385725845,0,0
37003,2,8,1,3,0.11763255125778674,0,0
37013,4,15,1,3,0.17722792897644138,0,1
37017,4,18,1,3,0.20497329079953158,0,0
37021,2,19,1,3,0.10288018165974067,0,0
37025,2,16,1,3,0.11911510357741265,0,0
37027,3,10,1,3,0.1253917796810933,0,0
37035,2,14,1,3,0.12620197724612356,0,0
37045,1,13,1,3,0.1694709307923085,0,0
37063,2,16,1,3,0.10967990259139998,0,0
37065,4,15,1,3,0.20216336925488168,0,1
37069,3,13,1,3,0.13564754158112163,0,0
37073,2,6,0,3,0.1643530052362146,0,0
37075,4,2,0,3,0.16505236184120814,0,0
37083,4,9,1,3,0.201601150592994,0,0
37097,2,16,0,3,0.12671576481253166,0,0
37117,4,11,0,3,0.1766595747500639,0,0
37127,3,15,1,3,0.14876607035636313,0,0
37149,2,7,0,3,0.10149312805000715,0,0
37175,3,10,1,3,0.10922693928518479,0,0
37181,4,8,1,3,0.1773234023416203,0,0
37183,1,39,0,3,0.07633145122237422,0,0
38003,1,19,0,3,0.18993265730018732,0,0
38007,2,8,0,3,0.17237471636015397,0,0
38013,1,9,0,3,0.19819764919165936,0,0
38027,2,7,1,3,0.2156094909322175,0,1
38029,2,8,0,3,0.20339661693848524,0,0
38037,2,13,1,3,0.21099004048211029,0,1
38041,2,5,0,3,0.24521490922842318,0,0
38047,1,7,0,3,0.21025430823786387,0,0
38049,1,18,0,3,0.19297373113118488,0,0
38051,2,6,0,3,0.20739112044054422,0,0
38063,1,9,0,3,0.21625886991157028,0,0
38065,1,6,0,3,0.17915836369724236,0,0
38075,1,9,0,3,0.17859115878456744,0,0
38077,1,19,0,3,0.1519481144041627,0,0
38079,4,10,0,3,0.3626738722974078,0,0
38081,1,12,0,3,0.15951365033109605,0,0
38083,2,9,0,3,0.21287641951267144,0,0
38089,1,10,0,3,0.1617540473136701,0,0
39023,3,22,1,3,0.21523633841335044,0,0
39025,1,23,1,3,0.14796363225898343,0,0
39033,3,15,0,3,0.2007501990205058,0,0
39049,2,49,0,3,0.16862506738341615,0,0
39051,1,12,0,3,0.2120053270348519,0,0
39053,3,12,0,3,0.18598378199162396,0,0
39055,1,20,1,3,0.12848441197588106,0,0
39057,2,24,0,3,0.17563171511455353,0,0
39087,3,14,1,3,0.17545277025755765,0,0
39111,3,15,1,3,0.18698584675947746,0,0
39113,2,40,0,3,0.21181619364852317,0,0
39119,3,22,1,3,0.17848205553954155,0,0
39127,3,17,1,3,0.19112535538611336,0,1
39129,2,17,1,3,0.14941870285326156,0,1
39139,1,19,1,3,0.17298195425059498,0,0
39141,3,16,1,3,0.17608331241140873,0,0
39149,2,18,0,3,0.21420382282679118,0,0
39163,4,15,0,3,0.20457793227913815,0,0
39171,1,12,1,3,0.2075937356160491,0,1
40019,3,13,1,3,0.29164162464896326,0,0
40021,4,16,1,3,0.29279514437958004,0,1
40025,3,4,1,3,0.3583116707635064,0,1
40033,3,11,0,3,0.37244616764278415,0,0
40055,4,4,1,3,0.3290691881644469,0,1
40057,4,6,0,3,0.3331053181364427,0,0
40059,2,7,1,3,0.25815667369103756,0,1
40069,4,13,1,3,0.341206912253058,0,1
40075,4,9,1,3,0.3911894128603451,0,1
40077,4,7,1,3,0.2793229864251081,0,1
40079,4,23,1,3,0.2632262574972473,0,0
40087,1,12,0,3,0.2814348394531378,0,0
40091,4,11,1,3,0.2938842624176692,0,0
40093,2,15,0,3,0.2770667440613627,0,0
40103,2,11,0,3,0.2424756920644087,0,0
40109,3,55,0,3,0.265976977199263,0,1
40115,4,9,1,3,0.2977095682674297,0,1
40123,3,10,1,3,0.27170131969872324,0,1
40125,3,16,0,3,0.26727331127586024,0,1
40129,3,9,0,3,0.32850215324180104,0,0
40143,2,42,0,3,0.2200133280834765,0,0
40153,2,11,1,3,0.23931262377627968,0,0
41001,3,12,1,3,0.21683203588497835,0,0
41007,2,9,0,3,0.14704116686754404,0,0
41029,3,18,1,3,0.21563760354146622,0,0
41039,3,39,1,3,0.1595103458966117,0,0
41043,2,20,1,3,0.19986037983528604,0,0
41051,2,42,0,3,0.1547419011958339,0,0
41061,3,8,1,3,0.2235720696130779,0,0
41071,2,15,0,3,0.1603466743651503,0,0
42011,1,62,1,3,0.14476016793709345,0,0
42015,2,27,1,3,0.15446242708939234,0,0
42019,1,37,0,3,0.10173017830763686,0,0
42027,2,33,1,3,0.12799757592941216,0,0
42029,1,44,0,3,0.10050864197425172,0,0
42039,3,27,1,3,0.15362482779401235,0,1
42049,1,32,0,3,0.15120659611854442,0,0
42053,4,11,1,3,0.13781466486168298,0,1
42071,1,57,0,3,0.16185424318612887,0,0
42083,3,22,0,3,0.12516733553372972,0,0
42097,2,28,1,3,0.1381043692488822,0,0
42109,2,15,1,3,0.1646522371796303,0,0
42115,2,29,1,3,0.14277733755879415,0,1
42119,1,14,1,3,0.12965226773837507,0,1
42121,3,23,0,3,0.1250953499981315,0,0
42131,1,15,0,3,0.1210764773068528,0,0
44009,1,20,1,3,0.101751609639096,0,0
45015,2,17,1,3,0.17057103079366973,0,0
45017,4,7,1,3,0.21301630167593436,0,0
45035,2,15,1,3,0.15858198553328534,0,0
45055,3,13,1,3,0.1651458510546041,0,1
45059,4,16,1,3,0.17888666101395692,0,0
45085,4,15,1,3,0.2166276258799809,0,0
46025,2,13,0,3,0.17956605689394878,0,0
46049,2,10,0,3,0.23097077251551348,0,0
46059,1,8,1,3,0.20801384175508794,0,1
46065,1,3,1,3,0.14641106976756496,0,0
46099,1,23,1,3,0.14318210185641023,0,0
46103,2,20,1,3,0.13467147074660318,0,0
46117,1,4,0,3,0.17398487529902804,0,0
46125,1,15,0,3,0.17399933188031125,0,0
47003,3,13,1,3,0.2208752951211523,0,0
47029,4,8,0,3,0.21816844275251412,0,0
47053,4,11,1,3,0.23777914018229537,0,0
47061,4,10,0,3,0.2293860096366546,0,0
47065,1,31,0,3,0.1474286308166363,0,0
47085,3,4,1,3,0.21030526748018616,0,0
47091,4,5,0,3,0.23728800841385173,0,0
47099,4,11,1,3,0.21392907551378776,0,1
47111,4,8,1,3,0.21339876435323699,0,0
47115,3,12,0,3,0.1615626810448252,0,0
47139,3,12,1,3,0.21473140940122695,0,0
47141,1,10,1,3,0.1931549798110466,0,0
47149,1,20,1,3,0.189680741623046,0,0
47151,4,9,0,3,0.19197828347315823,0,0
47159,3,15,1,3,0.20989273288208996,0,0
48011,1,6,0,3,0.28375772441357555,0,0
48017,1,6,1,3,0.28152480462442536,0,1
48037,3,10,1,3,0.20099536847081248,0,0
48051,2,5,1,3,0.2507839503118783,0,0
48053,2,13,1,3,0.2229174020669062,0,1
48063,3,2,1,3,0.20872004891360144,0,0
48075,4,4,1,3,0.27372433635966403,0,1
48079,4,4,0,3,0.4077547159680741,0,0
48101,4,3,1,3,0.2955712190107238,0,1
48111,1,3,0,3,0.28915250942910925,0,0
48119,3,7,1,3,0.2709384292480405,0,1
48135,2,8,1,3,0.278198471003865,0,0
48145,3,17,1,3,0.2857959802129616,0,0
48177,3,14,1,3,0.27004589670705365,0,0
48183,3,10,0,3,0.1851948960310559,0,1
48199,2,12,1,3,0.1787396110700017,0,0
48205,1,4,0,3,0.28580149606215266,0,0
48211,1,4,0,3,0.22962901024140522,0,0
48219,4,10,1,3,0.32814977123084954,0,0
48227,3,5,1,3,0.3050891367696866,0,0
48245,3,18,0,3,0.23987626709169366,0,0
48249,4,8,1,3,0.2990406559504509,0,1
48257,2,13,0,3,0.2323891663531014,0,1
48261,4,2,1,3,0.3810402957992309,0,1
48265,3,10,1,3,0.21052448145390185,0,1
48283,3,4,0,3,0.29740251866187667,0,0
48287,2,9,1,3,0.26333150139525824,0,0
48297,3,10,0,3,0.2809920574864772,0,0
48301,1,1,0,3,0.29946087482063893,0,0
48305,3,7,0,3,0.30334517592758237,0,0
48307,3,6,1,3,0.2964261396047966,0,1
48309,1,29,0,3,0.2451838899899777,0,0
48313,2,5,1,3,0.2311429762731132,0,0
48341,2,6,1,3,0.29758520336458655,0,0
48353,3,9,1,3,0.2420790691335742,0,0
48357,4,5,0,3,0.3479787614478807,0,0
48375,4,16,1,3,0.29582772461075846,0,0
48383,2,2,0,3,0.3070730642520357,0,0
48389,3,4,1,3,0.16901567702980047,0,0
48391,3,5,1,3,0.2591489915307894,0,1
48415,3,8,1,3,0.3356923326943344,0,0
48425,3,7,0,3,0.2472781976097169,0,0
48427,4,10,1,3,0.3610795590619654,0,1
48429,4,8,1,3,0.2785469452472042,0,1
48433,3,7,0,3,0.292066136617339,0,0
48441,1,17,1,3,0.21077999761867122,0,0
48451,1,14,1,3,0.12186636843727694,0,0
48457,3,10,1,3,0.16716176926666887,0,0
48461,2,4,0,3,0.3156481914604157,0,0
48467,3,13,1,3,0.25254720881041093,0,0
48477,2,7,1,3,0.2636047289724182,0,1
48479,4,10,0,3,0.28611376832355306,0,1
48481,1,13,1,3,0.31166388109788606,0,0
48483,3,6,0,3,0.27620157401530837,0,0
48493,2,12,1,3,0.24420677816419556,0,1
49001,2,4,0,3,0.23712103103356047,0,0
49005,3,16,1,3,0.23835238726080257,0,0
49007,3,6,0,3,0.31712810890644966,0,0
49053,2,21,0,3,0.21880727016064325,0,1
49057,1,9,1,3,0.227429954149502,0,0
50005,2,22,1,3,0.11230984941240661,0,1
50007,1,21,1,3,0.1210893814647816,0,0
50015,2,11,0,3,0.1207188081272624,0,0
51013,1,11,1,3,0.07560777175232915,0,0
51015,2,27,1,3,0.1514980986919636,0,0
51017,4,7,0,3,0.1551921028744783,0,0
51021,2,6,0,3,0.1311395693484246,0,0
51027,4,16,1,3,0.2086856914973194,0,0
51033,1,11,0,3,0.141277554771695,0,0
51035,3,17,0,3,0.2000840241527156,0,0
51041,1,16,0,3,0.10386058408056828,0,0
51057,4,8,1,3,0.23139378465461796,0,1
51067,3,16,0,3,0.15875220558682568,0,0
51089,4,12,0,3,0.17414219138124923,0,0
51093,1,8,1,3,0.1462767841305872,0,1
51101,1,6,0,3,0.1645736739144918,0,0
51109,2,12,0,3,0.14511026162027624,0,0
51113,2,21,1,3,0.22563955404960043,0,0
51155,3,8,0,3,0.1452229577941896,0,0
51161,1,14,1,3,0.09598372047045264,0,0
51193,2,8,1,3,0.18819126866537667,0,0
51195,4,8,0,3,0.1629274266300659,0,0
51199,1,9,1,3,0.07959547688772697,0,0
51590,4,2,1,3,0.1718745152892126,0,1
51610,1,4,0,3,0.06620307592192373,0,0
51650,2,9,1,3,0.1847573535580625,0,0
51678,3,1,1,3,0.15515776195738634,0,1
51680,3,5,1,3,0.14631436885318663,0,0
51690,4,1,1,3,0.16853957327272498,0,0
51700,3,8,1,3,0.1671270743190165,0,0
51740,1,8,1,3,0.20083419655997967,0,0
51810,1,12,0,3,0.1258792302402644,0,0
53045,2,15,1,3,0.15349518074866522,0,1
53055,1,9,0,3,0.13300638093503997,0,0
53067,1,14,1,3,0.14061786350847125,0,0
54005,4,31,1,3,0.20365645295014795,0,0
54011,3,13,1,3,0.17445664543598524,0,0
54031,3,10,0,3,0.23628669036848207,0,0
54041,4,11,1,3,0.21912683880954897,0,0
54043,4,19,0,3,0.2125487678076259,0,0
54049,3,18,1,3,0.18193818400247846,0,1
54061,3,16,1,3,0.14203171417702956,0,0
54069,2,6,1,3,0.1751311186048266,0,1
54075,3,13,0,3,0.2435490772499981,0,0
54087,4,13,0,3,0.2278258811057622,0,0
54101,4,11,0,3,0.260776439384499,0,0
54103,4,12,1,3,0.22209022077757934,0,0
54109,4,39,0,3,0.008297700413801202,0,0
55003,3,11,0,3,0.13435897345570022,0,0
55015,1,14,1,3,0.12390822200468063,0,0
55045,1,12,1,3,0.1270334962390938,0,1
55059,1,17,1,3,0.1374898386404208,0,0
55065,2,14,1,3,0.17247357886599665,0,0
55067,2,15,0,3,0.1350187907351758,0,0
55071,1,19,1,3,0.13517852497811786,0,0
55083,1,19,1,3,0.1345990740119084,0,1
55087,1,24,1,3,0.12354120717073744,0,0
55095,1,20,1,3,0.12737546190691917,0,1
55109,1,18,0,3,0.11134216210894816,0,0
55127,1,16,1,3,0.14154434475060174,0,0
55139,1,18,1,3,0.13867412640683055,0,0
56013,2,11,1,3,0.27889813100182287,0,0
56025,1,11,1,3,0.22640252921161597,0,0
56027,3,5,0,3,0.2818305833332205,0,0
56031,2,5,1,3,0.2501871509084507,0,1
56041,1,5,0,3,0.2172491961359378,0,0
01019,4,11,1,4,0.255139672105918,0,0
01021,3,14,1,4,0.22993419882099222,0,0
01035,4,13,1,4,0.26637237310719447,0,0
01039,4,13,1,4,0.23763077298184893,0,1
01051,2,13,1,4,0.16793816403151507,0,0
01053,4,9,1,4,0.26102711549459234,0,0
01065,4,9,1,4,0.2549216665805242,0,0
01083,2,15,1,4,0.2085444975827478,0,0
01087,4,13,1,4,0.22448361371000625,0,0
01093,4,12,1,4,0.21480945946274935,0,1
01101,1,24,1,4,0.19169460533494995,0,0
01125,1,27,1,4,0.1746976438862446,0,0
04003,3,23,0,4,0.013826457376636566,0,1
04007,4,13,0,4,0.23212709435831125,0,1
04009,4,10,1,4,0.2351896488066676,0,1
04019,1,48,0,4,0.23834105250947926,0,1
05027,4,7,1,4,0.2406930999136348,0,0
05033,3,11,1,4,0.2664360274349708,0,1
05047,4,13,1,4,0.29828358227800533,0,0
05067,4,11,1,4,0.3410037360239966,0,0
05075,4,14,1,4,0.2598859049735287,0,0
05085,2,11,1,4,0.22553413246708287,0,0
05089,3,17,0,4,0.2254592370454616,0,0
05097,4,9,1,4,0.25685384545166245,0,1
05103,4,8,1,4,0.2593548370358311,0,0
05111,4,10,1,4,0.31349665177880137,0,0
05123,4,13,1,4,0.3125794929802644,0,0
05129,4,10,1,4,0.26647233083589783,0,1
05135,4,13,1,4,0.24173965058075847,0,0
05137,4,16,0,4,0.2694905071749911,0,0
06005,2,12,1,4,0.18373404763679832,0,1
06017,1,23,1,4,0.1461444988196704,0,0
06025,4,17,0,4,0.2972182444452594,0,1
06031,4,12,1,4,0.2758928313214295,0,0
06035,2,17,1,4,0.221012930773814,0,1
06045,3,29,1,4,0.17809186243074335,0,0
06053,3,31,0,4,0.19105441816275212,0,0
06057,2,12,1,4,0.1811504871368467,0,0
06085,1,63,0,4,0.09641258695301103,0,0
06103,4,15,1,4,0.2630757900718763,0,0
06109,1,16,1,4,0.13304618362559234,0,1
08013,1,22,1,4,0.1464160904885613,0,0
08063,2,6,0,4,0.23510143606242626,0,0
08065,3,2,0,4,0.14354364168260678,0,0
08069,1,24,1,4,0.16901448294862903,0,0
08071,4,11,0,4,0.18899277041729234,0,0
08091,1,3,0,4,0.12563778870056333,0,0
08101,3,15,1,4,0.2254391350578577,0,0
08109,4,8,1,4,0.1730104243974368,0,1
08111,1,2,0,4,0.1486154147504873,0,0
11001,1,29,0,4,0.020812821633436385,0,1
12003,2,5,1,4,0.1262553360873094,0,0
12005,2,16,1,4,0.13102339878968586,0,0
12007,1,9,0,4,0.11302102599382156,0,0
12043,4,5,1,4,0.21466955639433039,0,0
12047,4,3,0,4,0.19256529805602265,0,0
12049,4,4,1,4,0.22046398049259103,0,0
12081,2,21,0,4,0.1336779868900928,0,0
12099,2,53,0,4,0.11792405269917301,0,0
12103,2,48,0,4,0.1296600608888269,0,0
12105,3,41,0,4,0.14532983758804444,0,0
12115,1,28,0,4,0.12640654205178653,0,0
12129,2,4,1,4,0.14307366074880384,0,0
13009,4,6,1,4,0.059910136145968386,0,0
13013,2,8,1,4,0.15725354907500363,0,0
13029,1,3,0,4,0.12222929877125074,0,0
13043,4,4,1,4,0.3088581538947486,0,1
13053,3,2,0,4,0.12492501944635284,0,0
13067,1,23,0,4,0.09150209135262166,0,0
13089,1,36,0,4,0.12224793884313052,0,0
13095,4,6,1,4,0.241772641417146,0,0
13109,4,6,1,4,0.2682630858651558,0,1
13113,1,8,1,4,0.09075752349100621,0,0
13127,3,8,1,4,0.18901368130331708,0,0
13133,3,7,0,4,0.21245747220146688,0,0
13139,2,19,1,4,0.15911575533263636,0,0
13145,1,12,0,4,0.09733094437780757,0,0
13153,2,12,1,4,0.2012143310881838,0,0
13159,3,6,0,4,0.2074798135885389,0,0
13161,4,4,0,4,0.24892101740009276,0,0
13163,4,9,1,4,0.30542661665284143,0,0
13165,4,5,1,4,0.32969153513481547,0,1
13177,2,7,0,4,0.1952288505604652,0,0
13181,4,2,0,4,0.25886266375750683,0,0
13185,1,11,0,4,0.2008241075520386,0,1
13211,1,9,0,4,0.14662849475567716,0,0
13215,4,11,1,4,0.16902832587405475,0,0
13219,1,8,1,4,0.11466668612601498,0,1
13265,4,4,0,4,0.29118366890476594,0,0
13279,4,3,1,4,0.24124848586652173,0,0
13305,4,6,1,4,0.2249573895150731,0,0
13311,2,7,0,4,0.12562286307127973,0,0
16001,1,17,1,4,0.15403796855076876,0,0
16005,3,10,0,4,0.23347024607673927,0,0
16011,3,11,1,4,0.12869288887670158,0,0
16013,2,8,1,4,0.24895059317881937,0,0
16015,1,8,0,4,0.15139213173446053,0,0
16019,2,14,1,4,0.13514366371375883,0,0
16023,3,3,0,4,0.10466470520375527,0,0
16037,4,7,0,4,0.2080846292634875,0,0
16043,3,9,0,4,0.22465678143270595,0,0
16061,2,7,0,4,0.12467636341255495,0,0
16075,3,7,1,4,0.26778548325272095,0,0
16083,3,10,1,4,0.2396231287711632,0,1
17001,2,23,1,4,0.14037683940028628,0,0
17021,2,20,1,4,0.1792979766597164,0,1
17061,2,13,0,4,0.16765487384108843,0,0
17069,3,5,0,4,0.19389643644628837,0,0
17071,2,17,0,4,0.16463593667014018,0,0
17075,2,25,1,4,0.19635811944338707,0,0
17079,2,15,0,4,0.16842322195950066,0,0
17111,1,24,1,4,0.09498418328605454,0,0
17119,2,35,0,4,0.15216333637112883,0,0
17121,3,15,1,4,0.18071352180146105,0,1
17127,3,8,1,4,0.21070472213524077,0,0
17129,1,8,0,4,0.12599650535652412,0,0
17131,1,18,0,4,0.17372809889416266,0,0
17145,3,12,0,4,0.19123169425951786,0,0
17173,2,22,1,4,0.17226326101698544,0,0
17185,2,7,0,4,0.17114455955294247,0,0
17189,1,13,1,4,0.16699364783421114,0,0
17195,2,15,0,4,0.1739332121202986,0,0
17199,3,22,1,4,0.14457196355612068,0,0
18009,3,7,1,4,0.24441997677225322,0,0
18015,2,17,0,4,0.20158453171972981,0,0
18021,2,17,1,4,0.16812703012726588,0,0
18029,1,9,1,4,0.13039497888877605,0,0
18051,2,16,1,4,0.16372882021519017,0,1
18069,2,9,1,4,0.1727134335650039,0,1
18073,1,13,1,4,0.14809986744677012,0,1
18085,1,21,1,4,0.15350333578391312,0,0
18087,1,12,1,4,0.18412227499304243,0,1
18089,2,28,0,4,0.15451693367669472,0,0
18091,3,15,1,4,0.1624282073029447,0,0
18109,1,14,1,4,0.15638709310793925,0,0
18121,3,12,0,4,0.1961871977884183,0,0
18159,2,10,0,4,0.1912141685968051,0,0
18167,1,18,1,4,0.08949045857660491,0,0
19013,3,17,1,4,0.16402917013593987,0,0
19021,2,13,1,4,0.13480095144296336,0,0
19023,1,16,1,4,0.16454944658832527,0,0
19029,2,13,0,4,0.2345721926963168,0,0
19035,2,15,0,4,0.22423578621617332,0,0
19041,2,15,1,4,0.1372991306727701,0,0
19063,2,7,0,4,0.19013085970710414,0,0
19067,3,13,1,4,0.16990184085305257,0,0
19073,2,13,0,4,0.1671059860330882,0,0
19079,1,15,1,4,0.1750241732860886,0,0
19085,2,15,0,4,0.16700493740266353,0,0
19117,2,9,0,4,0.15800870410469584,0,0
19143,2,8,0,4,0.18977035290519176,0,0
19147,1,14,0,4,0.15667754929936398,0,0
19169,3,22,1,4,0.17407843599434725,0,0
19171,2,19,0,4,0.2275385719912507,0,0
19175,2,10,0,4,0.1872469058638943,0,0
19177,2,13,0,4,0.1763619078527543,0,0
19179,3,12,1,4,0.1738725760543011,0,1
19185,3,12,0,4,0.2385871865825713,0,0
20009,3,10,1,4,0.23739805843092435,0,0
20027,1,10,1,4,0.19810790747814647,0,1
20031,2,10,0,4,0.24181237645476342,0,0
20037,1,15,1,4,0.2432429350609649,0,1
20043,2,10,0,4,0.21582894977410944,0,0
20063,2,10,0,4,0.28521587549685273,0,0
20073,3,11,1,4,0.30029763292216405,0,1
20089,3,14,0,4,0.31065772337796893,0,0
20091,1,34,0,4,0.09142580249613279,0,0
20125,3,13,1,4,0.3154082862861253,0,1
20133,4,11,1,4,0.2896155846191883,0,0
20141,2,12,0,4,0.21188374406482027,0,0
20153,3,10,0,4,0.22063210003556322,0,0
20159,2,13,1,4,0.24430138792203135,0,1
20161,3,14,1,4,0.27704444159678276,0,0
20163,2,10,1,4,0.16082093464093758,0,1
20165,2,10,0,4,0.15376827225679657,0,0
20169,2,9,1,4,0.1813113741598963,0,1
20183,2,10,0,4,0.1942309814077042,0,0
20201,2,15,1,4,0.13138113858935524,0,1
20203,1,3,0,4,0.24139995052059401,0,0
20207,3,10,0,4,0.2824649029595942,0,0
21015,1,9,1,4,0.110624061993116,0,0
21023,3,7,1,4,0.18519514815294283,0,1
21033,3,6,1,4,0.23988174606275608,0,0
21043,4,10,0,4,0.22131195226382513,0,0
21047,4,15,1,4,0.22522560885478682,0,0
21055,4,5,0,4,0.29427660446555887,0,0
21069,4,7,1,4,0.21578384758983551,0,0
21075,4,3,1,4,0.327564480990169,0,1
21077,3,6,1,4,0.16056999420506918,0,1
21091,2,5,0,4,0.15318726366322177,0,0
21093,2,17,1,4,0.17124189137610935,0,0
21095,4,27,0,4,0.14224306732182923,0,0
21107,4,13,1,4,0.210189616423666,0,0
21109,4,5,0,4,0.1965645015985668,0,0
21127,4,10,1,4,0.2021294963285121,0,0
21153,4,4,1,4,0.2105823111450562,0,0
21169,4,10,0,4,0.24974307175649071,0,0
21183,3,16,1,4,0.2056176094859098,0,0
21207,4,7,1,4,0.24458248955667192,0,0
21217,4,6,1,4,0.2027581757744837,0,0
21231,4,5,1,4,0.25997048599303024,0,0
21235,4,7,1,4,0.17298096838432805,0,0
22001,4,15,1,4,0.22823466273237272,0,1
22003,3,13,1,4,0.1781586029872928,0,0
22005,1,8,1,4,0.14628466330407922,0,0
22007,4,9,0,4,0.20048840171919285,0,0
22041,4,7,1,4,0.33183003284779616,0,0
22043,3,8,1,4,0.19825025545703223,0,0
22053,3,10,1,4,0.22818642666279446,0,1
22059,4,8,0,4,0.24834890403677573,0,0
22087,4,6,1,4,0.19571213093134993,0,1
22097,1,18,0,4,0.2248813805165585,0,1
22107,4,4,1,4,0.2973270691343655,0,1
22115,3,13,1,4,0.18771269814467476,0,1
22117,4,6,1,4,0.22987837340677675,0,0
23031,1,36,1,4,0.11787706357032889,0,0
24001,3,15,1,4,0.18366811678425748,0,1
24009,1,14,0,4,0.11159701555161373,0,0
24015,1,15,0,4,0.16873496817425168,0,1
24037,1,26,1,4,0.1315660688744343,0,0
24045,3,16,0,4,0.18540606527050002,0,1
25003,2,36,0,4,0.1118235999447419,0,0
25009,1,45,0,4,0.10350222977129035,0,0
25019,1,2,0,4,0.08672104073926103,0,0
25027,1,87,1,4,0.1027037175119115,0,0
26045,1,19,1,4,0.16925531413249073,0,0
26055,1,9,1,4,0.12637788195612054,0,1
26061,4,20,1,4,0.15101489046852914,0,0
26071,3,8,0,4,0.14717745539712043,0,0
26079,3,8,0,4,0.1843325873459912,0,0
26083,3,6,0,4,0.12118259613406546,0,0
26091,2,23,1,4,0.17324125326227674,0,0
26099,2,39,1,4,0.192487308513612,0,0
26103,2,15,1,4,0.1281262987979555,0,1
26111,2,15,0,4,0.12170439889862215,0,0
26115,1,25,1,4,0.2025176964498606,0,0
26119,3,5,0,4,0.15693885211275907,0,0
26123,3,21,1,4,0.18137277432384707,0,0
26143,4,7,0,4,0.16299048765828908,0,0
26151,3,22,1,4,0.19078467510081973,0,0
26155,2,19,1,4,0.16481554926256145,0,0
26161,2,27,1,4,0.13453363548487474,0,0
27003,1,20,1,4,0.09519798143466057,0,0
27007,3,18,1,4,0.18091512650795327,0,0
27011,2,10,0,4,0.20403070595743397,0,0
27027,2,15,1,4,0.1907160095913741,0,0
27039,1,10,0,4,0.1381156778021243,0,0
27051,2,11,0,4,0.19977938392653194,0,0
27055,1,9,0,4,0.1318897964319564,0,0
27071,2,13,0,4,0.17438114109218697,0,0
27073,1,10,0,4,0.2066807487654967,0,0
27083,3,14,1,4,0.1847591789218531,0,0
27091,2,15,0,4,0.20133142112486996,0,0
27101,1,16,0,4,0.1922116012882434,0,0
27109,1,19,1,4,0.09583752952479263,0,0
27129,2,16,1,4,0.20063740013192372,0,0
27133,1,12,0,4,0.17818354408791254,0,0
27145,2,33,1,4,0.03782663274174368,0,0
27161,2,13,0,4,0.1842276283699145,0,0
28005,4,9,0,4,0.1380420435867422,0,0
28007,4,11,1,4,0.19130985401854023,0,0
28045,3,10,1,4,0.18474632524942508,0,1
28047,1,13,0,4,0.14010047868663855,0,1
28049,1,21,0,4,0.1812377462008022,0,0
28053,4,8,0,4,0.2895281371640778,0,0
28069,4,11,1,4,0.19977929542517534,0,1
28071,4,13,1,4,1.1045266763678842e-06,0,0
28083,4,11,1,4,0.26767524437880674,0,0
28093,3,8,1,4,0.17444006201843743,0,0
28129,4,15,0,4,0.17709653045809787,0,0
28131,4,6,1,4,0.16250421460190126,0,0
28135,4,18,1,4,0.11294744455691445,0,0
28145,3,11,1,4,0.14109044317333974,0,0
28157,4,4,0,4,0.17363896569264442,0,0
28159,4,10,1,4,0.2054371687811622,0,0
29009,4,17,1,4,0.25717425844104197,0,0
29017,4,13,1,4,0.27229878063252694,0,0
29019,1,13,1,4,0.10773988221908651,0,0
29023,4,10,1,4,0.2826555571884558,0,0
29033,3,10,1,4,0.25418316179389017,0,1
29039,4,9,1,4,0.2804167768509369,0,0
29043,1,21,1,4,0.1364336931228204,0,1
29049,1,11,1,4,0.19389280702682513,0,0
29057,3,13,1,4,0.300172087422779,0,1
29075,3,13,0,4,0.2197504977321573,0,0
29081,4,13,0,4,0.30086288583458504,0,0
29083,4,11,1,4,0.23801776295578625,0,0
29091,4,12,1,4,0.2651212274413978,0,0
29099,1,24,1,4,0.1653551391675541,0,0
29123,3,7,1,4,0.20138113257898052,0,0
29137,3,16,0,4,0.24478127916088302,0,0
29141,4,15,0,4,0.26503458592930645,0,0
29143,4,17,1,4,0.3393071003507963,0,0
29171,3,10,0,4,0.24718739238061208,0,0
29175,3,12,1,4,0.20938122888774757,0,0
29177,2,12,1,4,0.2143108078997062,0,0
29181,4,9,1,4,0.2892944689754178,0,0
29183,1,14,1,4,0.15044910525538083,0,0
29199,3,10,1,4,0.28710569436460653,0,1
29205,3,9,0,4,0.2429831575720011,0,0
29207,1,13,1,4,0.24695616468372897,0,1
29213,3,20,1,4,0.2189714371895179,0,1
29225,3,9,1,4,0.18252494314639514,0,1
29510,4,29,0,4,0.2374139997244642,0,1
30017,2,6,0,4,0.21864900206866444,0,0
30031,2,10,0,4,0.14173067331075315,0,0
30037,3,3,0,4,0.2667108953281509,0,0
30049,1,9,1,4,0.12402135376985454,0,0
30055,3,6,0,4,0.3091026801997419,0,0
30065,3,5,0,4,0.26467672234543294,0,0
30067,2,9,0,4,0.18947713275172154,0,0
30089,4,11,0,4,0.22993361331949727,0,0
30095,1,10,0,4,0.17426016287182866,0,0
30103,3,2,0,4,0.2784322478909429,0,0
30111,2,16,1,4,0.19827159516725276,0,0
31003,2,11,1,4,0.16155771392363455,0,1
31009,2,4,0,4,0.12100285470553444,0,0
31013,2,3,1,4,0.24045123012668945,0,0
31033,1,5,1,4,0.17315634854402837,0,1
31045,2,6,1,4,0.20972638426336587,0,1
31049,2,4,0,4,0.2512776005539631,0,0
31055,2,35,0,4,0.07674880403165912,0,0
31069,1,9,0,4,0.2540873310601572,0,0
31093,1,11,1,4,0.14500616988537254,0,1
31109,2,42,1,4,0.13109675412159194,0,0
31119,2,8,1,4,0.13253232339388604,0,1
31121,3,9,0,4,0.15985040083330537,0,0
31145,2,8,0,4,0.1786658538853521,0,0
31147,2,9,0,4,0.2218367206083161,0,0
31151,3,12,0,4,0.20523297069920346,0,0
31153,1,13,1,4,0.10610092460327852,0,0
31167,2,10,0,4,0.1404515654621826,0,0
31175,2,6,0,4,0.18393067316743913,0,0
31179,2,11,1,4,0.157503519048959,0,1
32029,1,5,0,4,0.21146572058499388,0,0
32031,2,27,0,4,0.2175905857186402,0,0
34007,1,35,0,4,0.11357953410058987,0,0
34011,1,22,1,4,0.1528703807739289,0,0
34013,2,31,0,4,0.12963871763914336,0,0
34019,1,26,1,4,0.07496127722391496,0,0
34021,1,25,1,4,0.09457895655570212,0,0
34025,1,52,0,4,0.09033376480429677,0,0
34039,1,27,0,4,0.11694158929583524,0,0
35015,3,8,1,4,0.07755673895475607,0,1
35025,3,7,1,4,0.2870604944222379,0,0
35039,1,37,1,4,0.17393611508342618,0,0
35045,4,22,0,4,0.29391531935004234,0,1
35051,4,10,1,4,0.2192174059758227,0,0
35055,4,21,1,4,0.19013196443549618,0,1
35057,4,9,0,4,0.31214042801605824,0,0
36011,1,26,1,4,0.12762728448093721,0,0
36035,3,14,0,4,0.10668220559125341,0,0
36041,2,13,1,4,0.09232166709043105,0,1
36057,3,20,1,4,0.10833077256466697,0,1
36063,1,22,1,4,0.14378826142649928,0,0
36103,1,108,0,4,0.09059133718420072,0,0
36107,2,15,1,4,0.09822025512411664,0,0
37001,3,12,1,4,0.15589594739767082,0,0
37005,4,7,0,4,0.18729816729062745,0,0
37033,3,16,0,4,0.1641229632308657,0,0
37041,3,4,1,4,0.1770964515053574,0,0
37055,1,14,1,4,0.1404697777247411,0,0
37071,3,18,1,4,0.1353061729184425,0,0
37085,3,16,1,4,0.13275962619836928,0,0
37087,2,7,0,4,0.1396225334867298,0,0
37089,2,15,1,4,0.11305671393569648,0,0
37095,4,7,0,4,0.2534309050932713,0,0
37105,3,4,1,4,0.13353667929978275,0,1
37129,3,10,1,4,0.12154250503727575,0,0
37139,3,1,0,4,0.1755300797747034,0,0
37153,4,11,1,4,0.19363442852553225,0,0
37159,3,19,1,4,0.15004639128859648,0,0
37171,4,12,1,4,0.16684507008734117,0,0
37185,4,8,1,4,0.2281757847137644,0,0
37193,4,23,1,4,0.15683900742526183,0,0
37197,3,7,0,4,0.17019679065651797,0,0
38005,3,18,0,4,0.24721580297448675,0,0
38021,1,8,0,4,0.19946699533814338,0,0
38033,1,4,0,4,0.2161601748695148,0,0
38057,1,10,0,4,0.23222521292742537,0,0
38071,1,12,0,4,0.07911943056484641,0,0
38087,1,9,0,4,0.182253208892072,0,0
38097,1,12,0,4,0.1621064787030535,0,0
39009,4,18,1,4,0.1611080729731304,0,0
39019,2,20,1,4,0.1826725316854636,0,0
39061,1,57,0,4,0.13328679320936773,0,1
39067,3,16,0,4,0.21433352859691188,0,0
39069,1,17,0,4,0.20377752625163947,0,0
39099,2,36,1,4,0.21318352364617937,0,0
39121,2,15,1,4,0.13507971122830575,0,0
39135,1,16,1,4,0.2464512180756981,0,0
39155,3,30,1,4,0.21433797086088324,0,0
39157,2,27,0,4,0.17302458673878507,0,0
39159,1,20,1,4,0.16129170976354676,0,1
40001,4,8,1,4,0.3375457130630298,0,0
40003,1,13,1,4,0.2565183048635111,0,1
40005,4,15,0,4,0.35916734021821645,0,0
40009,3,6,1,4,0.2973535328842633,0,0
40011,3,13,1,4,0.33765864405297524,0,1
40027,2,21,0,4,0.22319826288197225,0,0
40049,3,13,1,4,0.33363794733840085,0,0
40053,1,10,1,4,0.278182434947546,0,1
40067,4,8,1,4,0.4176410648006777,0,1
40071,4,10,1,4,0.3374949995653537,0,1
40073,2,12,1,4,0.3179759448678867,0,0
40083,2,15,1,4,0.2763444925245703,0,1
40105,3,7,1,4,0.3968668934775805,0,1
40117,3,12,1,4,0.33605413519659993,0,0
40121,3,19,1,4,0.330128388358417,0,1
40127,4,16,1,4,0.32355042254286664,0,0
40145,2,15,1,4,0.27354371656185855,0,1
40149,3,18,1,4,0.30714069936774163,0,0
41005,1,37,1,4,0.16209340053107124,0,0
41009,2,9,1,4,0.18219185615199676,0,1
41017,1,7,1,4,0.18857533639509086,0,0
41021,2,4,0,4,0.27387728975546305,0,0
41031,3,8,1,4,0.2716571518091555,0,0
41047,3,26,1,4,0.2309126201492589,0,0
41049,3,7,1,4,0.33107337155077754,0,0
41053,2,11,1,4,0.20168423514925016,0,0
41055,2,5,0,4,0.35786931289498863,0,0
41057,2,16,0,4,0.17845082334549586,0,0
41059,3,14,1,4,0.3310991313330633,0,0
41063,2,5,0,4,0.22067066049432676,0,0
42001,1,17,1,4,0.17244217433216244,0,0
42009,2,28,1,4,0.17331746237712542,0,0
42031,3,31,0,4,0.16608001296306854,0,0
42033,3,51,1,4,0.14549475379445062,0,0
42035,3,15,0,4,0.15429615543132694,0,0
42043,2,30,1,4,0.17488810812461097,0,0
42045,1,44,0,4,0.11342721120323239,0,0
42057,2,17,0,4,0.18570042328265818,0,0
42067,2,13,0,4,0.20767651335735726,0,0
42075,2,19,1,4,0.19123985107126457,0,0
42077,1,34,0,4,0.147703807525807,0,0
42079,3,50,1,4,0.1402745733775774,0,0
42085,2,28,1,4,0.1985057541754528,0,0
42089,2,35,1,4,0.11635808568961035,0,0
42101,4,46,0,4,0.17346508761534943,0,1
42105,3,15,0,4,0.18602079116028566,0,0
42107,2,59,1,4,0.18458687046070363,0,0
42111,2,40,1,4,0.16184813496868997,0,0
44003,1,9,1,4,0.1107776497604056,0,0
44005,1,8,1,4,0.08336993355047068,0,0
44007,1,39,0,4,0.13630263933819148,0,0
45005,4,6,1,4,0.31572618624580095,0,1
45007,3,19,0,4,0.16925965649286284,0,0
45013,1,16,1,4,0.17598663419616503,0,0
45023,4,10,1,4,0.2384677616311587,0,1
45033,4,11,1,4,0.2310113561515449,0,1
45041,3,12,1,4,0.1886989791921058,0,0
45043,3,5,1,4,0.1877238476646702,0,0
45049,4,13,1,4,0.26806547399724995,0,0
45051,3,16,1,4,0.20732471028282895,0,0
45057,3,5,1,4,0.1400164603161827,0,0
45061,4,12,0,4,0.2682302025470741,0,0
45071,3,11,0,4,0.23575135191702637,0,0
45075,1,24,0,4,0.2884341287973085,0,1
45077,3,15,1,4,0.15063963947941925,0,0
45087,4,9,1,4,0.22932721928732566,0,0
46011,2,12,0,4,0.1205994743843967,0,0
46031,4,15,1,4,0.30608591416564446,0,1
46033,3,9,1,4,0.20018194699476255,0,1
46039,1,12,0,4,0.19250222259373997,0,0
46051,1,12,0,4,0.14776732655057506,0,0
46053,3,8,0,4,0.1878650039335719,0,0
46067,2,13,1,4,0.1549429691905527,0,1
46071,4,12,0,4,0.2747329752782447,0,0
46075,1,5,0,4,0.21955027551210277,0,0
46079,2,14,0,4,0.13667242703923785,0,0
46087,2,12,0,4,0.14357876245645954,0,0
46101,2,13,0,4,0.14021206428214794,0,0
46102,4,11,0,4,0.0055184183933183716,0,0
47033,4,8,1,4,0.29011217806358264,0,0
47047,1,15,0,4,0.13778084832488102,0,0
47057,4,9,0,4,0.26059951724994046,0,0
47073,4,12,1,4,0.24841720233976702,0,0
47075,4,6,1,4,0.29685915894455867,0,0
47077,4,14,1,4,0.24321710860785692,0,0
47081,3,13,0,4,0.1871542504655135,0,0
47093,2,30,0,4,0.16538630999323034,0,0
47101,4,7,1,4,0.20148967474299573,0,0
47103,3,12,0,4,0.22690489287552018,0,0
47109,4,15,1,4,0.2193249380805551,0,0
47113,3,13,0,4,0.23036038830383992,0,1
47123,4,9,1,4,0.19654872768263806,0,1
47127,3,10,0,4,0.19350345611771827,0,0
47145,2,10,1,4,0.17252964094255507,0,0
47155,3,10,1,4,0.23823708815412312,0,0
47171,4,6,0,4,0.23052781116276203,0,0
47175,4,7,1,4,0.2430394348636556,0,1
47183,4,12,1,4,0.2483159648787488,0,1
48019,2,7,1,4,0.23525842539291797,0,0
48023,2,2,1,4,0.2619705267532227,0,1
48031,1,8,1,4,0.26978490254679444,0,1
48039,1,20,0,4,0.20214419371553277,0,0
48043,3,4,1,4,0.23965816289151257,0,1
48055,3,14,1,4,0.30340530189923715,0,0
48069,3,10,0,4,0.3064226032382882,0,0
48089,2,18,1,4,0.26854440604112845,0,0
48091,1,14,1,4,0.15735495868764926,0,0
48097,2,14,1,4,0.24589946778292782,0,1
48099,1,17,1,4,0.14272318880355972,0,1
48125,4,7,1,4,0.3193683700239214,0,1
48127,4,6,1,4,0.37670192215519843,0,1
48129,3,6,0,4,0.3303041930315524,0,0
48155,4,3,0,4,0.29421963399784246,0,0
48157,1,34,0,4,0.13775526864160195,0,0
48161,4,9,1,4,0.2416229699518853,0,0
48179,4,7,0,4,0.28669305073239065,0,0
48185,3,11,1,4,0.2906787072381791,0,0
48193,3,10,1,4,0.27818918167818935,0,1
48209,2,14,1,4,0.19366528993986165,0,0
48215,4,28,0,4,0.3468572751791687,0,0
48223,3,13,1,4,0.2469817249141447,0,0
48229,3,6,0,4,0.24314970419717305,0,0
48235,2,4,0,4,0.18523382990369175,0,0
48241,4,9,1,4,0.22740159012999295,0,1
48263,3,4,0,4,0.25521722201140207,0,0
48267,1,6,0,4,0.1722912454321377,0,0
48269,4,2,1,4,0.25575774165194215,0,1
48273,4,4,1,4,0.32401409042233026,0,0
48281,2,6,1,4,0.2450414483324763,0,0
48293,4,14,1,4,0.2905420679645963,0,0
48295,2,7,0,4,0.245261288995568,0,0
48299,1,10,1,4,0.19889906866226228,0,0
48303,1,25,1,4,0.2674259817924748,0,0
48317,1,8,1,4,0.17759093282123026,0,1
48323,4,3,1,4,0.40117806619922597,0,1
48331,3,13,1,4,0.31249383336376957,0,0
48337,3,10,1,4,0.3063050087467028,0,0
48339,1,27,0,4,0.1557366936208183,0,0
48343,4,7,1,4,0.2637920695680096,0,0
48361,2,4,1,4,0.21150400957724222,0,0
48377,4,4,1,4,0.4184539477375227,0,1
48385,4,8,0,4,0.327222730679545,0,0
48407,4,8,1,4,0.252000289618944,0,0
48417,4,5,0,4,0.22644150436646207,0,0
48435,1,2,0,4,0.13248011722294462,0,0
48437,4,5,1,4,0.36678494924988175,0,1
48445,4,6,1,4,0.33216760532678696,0,0
48447,4,7,0,4,0.235618197392491,0,0
48455,4,7,1,4,0.2227275584436853,0,0
48459,3,12,1,4,0.20520583107879267,0,0
48471,4,9,1,4,0.24655524560743314,0,0
48489,4,6,0,4,0.44288129104333934,0,0
48491,1,25,0,4,0.15870633799092462,0,0
48497,2,17,1,4,0.23068949612850878,0,1
48505,4,5,1,4,0.40794868423816866,0,0
49013,2,12,0,4,0.2819585971026488,0,0
49015,2,9,0,4,0.2508493969713615,0,0
49021,4,10,1,4,0.23384746362534278,0,0
49031,3,6,0,4,0.2014957784737725,0,0
49037,3,12,1,4,0.271935751994409,0,0
49043,1,9,1,4,0.12151031188550274,0,1
49055,2,6,0,4,0.2254913331439079,0,0
51007,1,5,1,4,0.17508679839562463,0,0
51009,2,9,1,4,0.15025105420630389,0,1
51023,1,12,0,4,0.11357891136127907,0,0
51029,3,11,0,4,0.18835363048354145,0,0
51045,1,5,0,4,0.10588264854612972,0,0
51053,3,12,0,4,0.1895321648924886,0,0
51061,1,24,1,4,0.10384337751609747,0,0
51071,2,10,0,4,0.12399910697634361,0,0
51075,1,15,1,4,0.08997356960755581,0,0
51081,4,4,1,4,0.2042069619662725,0,0
51083,3,14,1,4,0.21630377331242753,0,1
51095,1,4,1,4,0.099414008300468,0,0
51097,2,14,0,4,0.15936442620319607,0,0
51105,4,11,1,4,0.21191993547061777,0,0
51107,1,21,1,4,0.06380181176486957,0,0
51117,3,13,1,4,0.192024440235762,0,1
51119,1,12,1,4,0.14823313935372195,0,1
51131,3,11,1,4,0.06440813827515225,0,0
51135,4,7,1,4,0.1955953714756711,0,0
51159,3,5,1,4,0.2084376875852711,0,1
51165,2,22,0,4,0.16460606897118277,0,0
51171,2,14,1,4,0.14084010884141693,0,1
51181,3,10,0,4,0.193490666603083,0,0
51183,1,11,0,4,0.039406914807089244,0,0
51191,2,10,1,4,0.156281561672691,0,0
51520,4,2,1,4,0.23886827736072055,0,0
51580,3,1,0,4,0.16173373731039392,0,0
51595,4,1,1,4,0.20316163864209746,0,1
51710,1,15,1,4,0.18271254949177426,0,0
51730,3,2,1,4,0.1806343576994096,0,1
51735,1,1,0,4,0.09821322166499034,0,0
51760,1,15,0,4,0.18010049465875755,0,0
51790,1,2,0,4,0.14433848489907647,0,0
51820,3,1,0,4,0.17225162821900628,0,0
51830,1,2,0,4,0.11795832833304437,0,0
53003,3,3,1,4,0.30319394622686274,0,0
53005,2,12,1,4,0.20910655237215398,0,0
53013,3,5,0,4,0.22904408848743726,0,0
53021,3,7,1,4,0.28294053147181164,0,0
53031,2,9,1,4,0.1647115045150179,0,0
53037,3,12,0,4,0.26985176200823613,0,0
53043,2,14,0,4,0.22726275730485254,0,0
53051,3,9,0,4,0.20729843211639457,0,0
53073,2,18,1,4,0.16783444510107404,0,0
54003,2,11,1,4,0.1879921835341306,0,0
54007,4,18,0,4,0.23086622184941671,0,0
54009,2,8,1,4,0.22845591213761507,0,0
54023,3,12,0,4,0.2445433513157512,0,0
54027,3,20,0,4,0.23886740925647415,0,0
54037,1,9,1,4,0.16801293287571942,0,0
54045,4,33,0,4,0.2343021408253243,0,0
54057,2,10,0,4,0.1858753934141538,0,0
54059,4,18,1,4,0.2097697685372499,0,0
54077,3,16,0,4,0.23339618686012406,0,0
54083,4,22,1,4,0.21497940187680323,0,0
54099,4,17,1,4,0.24432190951624289,0,1
55009,1,19,1,4,0.10646362169432991,0,0
55011,1,9,0,4,0.16544918215107737,0,0
55063,2,15,1,4,0.13075096592248475,0,0
55091,1,6,0,4,0.14924391272333132,0,0
55097,2,21,1,4,0.11219027705225465,0,0
55121,1,14,1,4,0.1301553501741347,0,0
55123,3,18,1,4,0.16345758686098058,0,0
55125,2,12,1,4,0.1585144866761257,0,0
56021,1,12,1,4,0.14472324461489822,0,0
