county_fips,poverty_quartile,n_zctas_in_county,suppression_flag,fold,prob_high_risk,pred_high_risk,true_label
01009,3,17,1,0,0.21469257614749257,0,0
01011,4,7,1,0,0.2787298144439746,0,1
01013,4,8,0,0,0.2624941599874343,0,0
01037,3,11,1,0,0.23279396602533958,0,0
01041,3,11,0,0,0.23787659559015364,0,0
01047,4,10,1,0,0.2754201721325033,0,0
01061,4,14,0,0,0.2457081732284561,0,0
01073,1,62,0,0,0.1967742442974559,0,0
01089,1,25,1,0,0.13037165438313886,0,0
01097,1,36,0,0,0.18454051584563166,0,0
01099,4,17,1,0,0.24872757048029,0,0
01109,1,9,1,0,0.3844601137019094,0,1
01111,3,8,1,0,0.23439652019787674,0,0
01121,4,12,1,0,0.24943134239009615,0,0
01129,4,16,1,0,0.2466827476398704,0,0
04011,2,3,0,0,0.22041091542294405,0,0
04012,4,8,0,0,0.29834332569195027,0,1
04013,1,136,0,0,0.23608033113831517,0,1
04017,4,33,0,0,0.24483271524996544,0,1
04025,2,31,0,0,0.2234802871200869,0,1
05009,3,9,1,0,0.21591577424108652,0,0
05011,4,7,1,0,0.2653364832309828,0,0
05021,4,13,1,0,0.32918691397341415,0,0
05025,4,7,1,0,0.24064689306441525,0,1
05029,4,15,1,0,0.3069487660164206,0,0
05031,1,16,1,0,0.23825489151186494,0,0
05043,4,9,1,0,0.23067438070578586,0,0
05051,3,10,1,0,0.21322622975577124,0,0
05061,4,8,1,0,0.2883171853841088,0,0
05083,4,12,1,0,0.28103017154804666,0,0
05127,4,10,1,0,0.2870879085911836,0,1
05133,4,7,1,0,0.27173843920974683,0,0
05145,4,17,1,0,0.2789957159728381,0,0
05149,4,13,1,0,0.2898237409133766,0,0
06003,1,3,0,0,0.20111982063610195,0,0
06009,1,20,1,0,0.2312126576659516,0,1
06015,4,4,1,0,0.18091597543698115,0,0
06021,3,7,1,0,0.3360279701213935,0,0
06023,4,36,1,0,0.1854887158019966,0,0
06037,1,292,0,0,0.035958382521798164,0,0
06041,1,29,1,0,0.088325056499354,0,0
06043,3,13,1,0,0.24474089713484257,0,0
06047,4,24,0,0,0.35331276565882297,0,0
06049,3,13,0,0,0.3172390070717929,0,0
06051,1,9,0,0,0.2028499426578822,0,0
06055,1,12,1,0,0.16374250994579612,0,0
06059,1,91,0,0,0.1460302731420106,0,0
06061,1,34,0,0,0.14945994260424955,0,0
06063,2,17,1,0,0.1883871202835587,0,0
06069,2,7,1,0,0.20936442960859322,0,0
06071,3,93,0,0,0.28783535437577085,0,0
06077,1,36,0,0,0.27945324651601244,0,0
06087,2,17,1,0,0.14033624664462951,0,0
06115,3,17,1,0,0.27491469378739203,0,1
08011,4,6,0,0,0.27300855626900866,0,0
08041,1,45,0,0,0.14622471914312707,0,0
08043,3,11,1,0,0.14700803676954022,0,1
08059,1,33,1,0,0.10124109314253031,0,0
08061,3,5,0,0,0.18167955572917133,0,0
08067,1,6,1,0,0.1194192650825951,0,1
08093,1,12,0,0,0.04362127339392967,0,0
08123,1,41,1,0,0.1823236600464704,0,0
09001,1,46,1,0,0.08929396537853385,0,0
09003,1,58,1,0,0.14776400630690106,0,0
09011,1,31,1,0,0.10956887943051234,0,0
09013,1,17,0,0,0.08700036746973693,0,0
10001,1,18,1,0,0.20460692227184746,0,0
12013,3,8,0,0,0.17459958650560162,0,0
12021,1,23,0,0,0.12971012295865023,0,0
12027,4,4,0,0,0.19526207339046758,0,0
12031,1,36,0,0,0.12354192921931753,0,0
12033,1,18,1,0,0.12827129629139497,0,0
12061,2,9,1,0,0.14141643975221266,0,0
12071,1,38,0,0,0.1337781925628532,0,0
12089,1,6,1,0,0.10001569352231512,0,0
12093,4,2,0,0,0.19835183881160157,0,0
12109,1,12,1,0,0.09048694370307668,0,0
12119,1,11,1,0,0.14263958912275465,0,0
12123,1,6,0,0,0.10717637374126758,0,0
12125,1,5,0,0,0.13268396288949585,0,0
13003,4,5,1,0,0.2580595017690311,0,1
13007,3,6,0,0,0.2435325069329884,0,0
13011,3,11,0,0,0.17734988586065925,0,0
13021,1,12,1,0,0.26247959860028797,0,0
13031,1,11,1,0,0.23366503325974686,0,0
13037,4,6,0,0,0.34095225157191955,0,0
13039,3,8,1,0,0.13994020698107354,0,1
13049,4,4,0,0,0.2286140848999792,0,0
13055,4,6,1,0,0.22075435466201893,0,0
13069,4,10,1,0,0.25618244664935885,0,1
13071,4,13,1,0,0.2736872703299362,0,0
13073,1,7,1,0,0.09538005986674736,0,0
13079,3,7,0,0,0.2502224388510431,0,0
13103,1,8,1,0,0.12759914827556468,0,1
13105,4,4,0,0,0.26142831041750203,0,0
13115,4,13,1,0,0.1915980006173705,0,0
13119,3,10,1,0,0.21616087510941648,0,0
13121,1,46,0,0,0.1240717183736547,0,0
13137,3,7,1,0,0.15993671652764205,0,1
13143,3,7,0,0,0.16514173085592035,0,0
13151,2,11,1,0,0.13640078791952562,0,0
13169,4,8,1,0,0.24524886525831668,0,0
13173,4,5,0,0,0.24214908556666337,0,0
13175,4,15,1,0,0.26594317089098346,0,1
13187,3,4,0,0,0.1514738990541604,0,0
13191,3,4,1,0,0.2553471352145592,0,0
13193,4,10,1,0,0.286219946348087,0,0
13227,2,9,1,0,0.12004789887735841,0,0
13253,4,4,1,0,0.30133254322880254,0,1
13255,4,7,0,0,0.23038659003766454,0,0
13261,4,8,1,0,0.2616498247696678,0,0
13263,4,8,0,0,0.22344587995396034,0,0
13283,4,6,0,0,0.2866230696927018,0,0
13307,4,6,0,0,0.2657942777894353,0,0
13309,4,4,1,0,0.2757653766518493,0,1
13315,4,8,1,0,0.2831008093114506,0,1
13317,4,5,1,0,0.27382552153174955,0,1
13321,4,12,0,0,0.294318605123104,0,0
16033,4,3,0,0,0.21304743559195694,0,0
16055,2,13,1,0,0.13415450121676264,0,0
16059,3,10,1,0,0.216067568957269,0,1
16065,1,8,0,0,0.012586812925429009,0,0
16067,3,5,0,0,0.2702419727449217,0,0
16077,4,4,0,0,0.2573770559164306,0,0
17009,2,5,0,0,0.13474265405222274,0,0
17011,2,30,1,0,0.19091098655480765,0,1
17029,4,16,0,0,0.19799643199147587,0,0
17049,2,15,1,0,0.13168715121652463,0,0
17059,4,9,1,0,0.2655918242199037,0,1
17065,2,13,0,0,0.18207428494292535,0,0
17083,1,11,0,0,0.1368871713835437,0,0
17095,3,22,1,0,0.24168950602591827,0,1
17099,2,28,1,0,0.19780949752250138,0,0
17103,2,24,1,0,0.17807032841197168,0,0
17109,4,17,1,0,0.20460586639041708,0,1
17135,3,28,0,0,0.19265395183259038,0,0
17143,1,27,0,0,0.1537072672521628,0,0
17147,1,16,0,0,0.128248656521158,0,0
17157,2,18,1,0,0.19025464695816827,0,0
17159,3,9,1,0,0.1877379422690669,0,0
17163,2,34,0,0,0.17004133122425721,0,1
17169,3,12,0,0,0.150712475892734,0,0
17171,2,9,1,0,0.15685437234909,0,1
17183,3,27,1,0,0.20080868846460492,0,0
17203,1,16,1,0,0.11975442040131394,0,0
18001,3,8,1,0,0.22843824118623784,0,1
18003,2,33,1,0,0.16253939924787172,0,0
18019,2,15,1,0,0.14184371260699993,0,0
18023,3,12,1,0,0.2134352439072858,0,0
18025,3,9,0,0,0.20117207240526533,0,0
18027,3,7,0,0,0.19148958396161223,0,0
18035,4,21,1,0,0.23924763294021947,0,0
18041,4,8,0,0,0.275612752948938,0,0
18045,2,10,0,0,0.17898969636910617,0,0
18047,1,15,1,0,0.15092840582943068,0,0
18057,1,23,0,0,0.08948050796372065,0,0
18061,2,16,1,0,0.1280947455914824,0,1
18081,1,12,1,0,0.15724310433198632,0,0
18101,2,7,1,0,0.1673221958966668,0,1
18115,2,5,0,0,0.1546772502506808,0,0
18141,3,24,1,0,0.2179501424389262,0,0
18153,3,13,1,0,0.20201794264650688,0,0
18163,3,11,1,0,0.2000714207437711,0,0
18177,3,17,1,0,0.24411530276624696,0,0
19015,3,18,1,0,0.17932421744545465,0,0
19017,1,12,0,0,0.11288693617230738,0,0
19027,1,16,1,0,0.140806325661319,0,0
19043,2,24,0,0,0.14970418116952722,0,0
19047,3,19,0,0,0.16137051369305933,0,0
19053,3,11,0,0,0.1701732220955285,0,0
19055,1,16,0,0,0.1258279430198756,0,0
19057,3,12,1,0,0.16943281240674732,0,1
19061,2,19,1,0,0.09818179012138159,0,0
19069,2,17,0,0,0.15603999996635523,0,0
19071,2,11,1,0,0.17602170914223728,0,1
19089,2,9,0,0,0.1381126385926637,0,0
19097,2,14,1,0,0.1358496125284619,0,0
19099,1,19,1,0,0.14131142445484193,0,1
19109,2,21,1,0,0.16658131387611697,0,0
19111,3,12,1,0,0.169397008236267,0,0
19113,1,29,1,0,0.10955805814081443,0,0
19119,1,12,0,0,0.12830911795876077,0,0
19127,2,21,1,0,0.18626835962809554,0,1
19137,3,10,0,0,0.1715929761720736,0,0
19139,2,13,0,0,0.1476299257533015,0,0
19145,2,12,1,0,0.15743127511839872,0,0
19161,2,16,1,0,0.151682661093166,0,1
19165,1,19,0,0,0.15275539496687401,0,0
19181,1,19,1,0,0.11624527375852556,0,1
19191,1,12,0,0,0.10905975027020427,0,0
20011,4,13,1,0,0.25067481091746885,0,0
20013,2,13,0,0,0.21381358566371875,0,0
20015,2,20,1,0,0.23047288412100161,0,0
20017,3,11,0,0,0.2878604578667252,0,0
20029,3,8,1,0,0.22304831445710568,0,1
20033,1,3,0,0,0.1885716050400568,0,0
20035,3,14,1,0,0.30537304366945955,0,1
20067,2,3,1,0,0.23271956603886212,0,1
20071,1,2,0,0,0.25214575462646766,0,0
20079,1,13,1,0,0.21734758443453886,0,1
20083,2,8,1,0,0.2078044192315079,0,1
20103,1,13,1,0,0.185489962465586,0,0
20107,3,11,0,0,0.2197801470009113,0,0
20109,2,7,0,0,0.1537515370498378,0,0
20111,3,12,1,0,0.29187596390053244,0,0
20119,1,5,0,0,0.2671175469389776,0,0
20121,1,11,1,0,0.13019664251367258,0,1
20151,2,11,0,0,0.21012734738577662,0,0
20155,2,22,1,0,0.2539838834136552,0,0
20157,2,15,0,0,0.17143765873001018,0,0
20173,2,50,0,0,0.23938447078881744,0,0
21019,3,4,1,0,0.18865700300854663,0,1
21027,3,18,1,0,0.23543549895454796,0,0
21039,4,4,0,0,0.31104258841941207,0,0
21041,4,8,1,0,0.20978645145834632,0,1
21045,4,15,0,0,0.25529812539531943,0,0
21049,3,4,1,0,0.16599414104121613,0,1
21051,4,10,1,0,0.2422865147611375,0,0
21059,3,10,1,0,0.21302778315021842,0,0
21061,4,12,1,0,0.2225319535709053,0,0
21063,4,6,1,0,0.24268569807438717,0,1
21065,4,5,0,0,0.2592823134232512,0,0
21111,2,41,0,0,0.17063985077072347,0,0
21119,4,24,1,0,0.22681650611039328,0,0
21137,4,11,1,0,0.23660617245495827,0,0
21143,3,4,0,0,0.29993520983533484,0,0
21147,4,8,0,0,0.21902643789712697,0,0
21151,1,5,1,0,0.18344047324547028,0,0
21161,4,5,1,0,0.19798413748161822,0,0
21167,2,5,1,0,0.18618488169965147,0,0
21175,4,8,1,0,0.21672280441275457,0,0
21189,4,6,0,0,0.241764485769421,0,0
21203,4,7,1,0,0.21677527707196184,0,0
21209,2,6,1,0,0.1467504947121774,0,1
21225,4,5,1,0,0.23045127027915943,0,0
22019,3,16,1,0,0.21120740601631782,0,0
22031,4,10,1,0,0.23041422561957894,0,0
22035,4,4,0,0,0.2870756386499682,0,0
22037,3,8,0,0,0.23695764860191865,0,0
22055,1,16,1,0,0.18456988596767232,0,0
22069,4,16,1,0,0.24652097687736618,0,0
22091,3,7,0,0,0.2510806631332062,0,0
22095,3,6,1,0,0.24904343570308116,0,1
22109,3,13,1,0,0.23387928309163195,0,0
22119,4,12,1,0,0.3183717976402061,0,1
22123,4,4,1,0,0.2849931709109185,0,0
22127,4,12,1,0,0.247034037214066,0,0
23023,1,8,0,0,0.07823444235996213,0,0
23027,2,18,1,0,0.09914932823336463,0,1
24005,1,54,0,0,0.11067630910467903,0,1
24013,1,15,1,0,0.08366885914413856,0,0
24019,3,18,1,0,0.22486362444100477,0,1
24041,1,16,1,0,0.15284746883376463,0,0
24043,1,20,1,0,0.14774129806794828,0,0
26009,2,16,1,0,0.1469975716137077,0,0
26015,1,15,1,0,0.146429207218148,0,0
26039,3,4,0,0,0.16796593343998187,0,0
26041,3,13,1,0,0.16139163175975524,0,1
26051,4,7,0,0,0.2193029453894938,0,0
26053,4,7,0,0,0.15076824178881224,0,0
26059,3,18,1,0,0.19837141001619996,0,0
26063,2,18,1,0,0.21608574624242027,0,1
26097,3,15,0,0,0.1990581572086332,0,0
26109,3,14,0,0,0.16077565339605104,0,0
26125,1,71,0,0,0.10711850154134665,0,0
26127,3,12,1,0,0.1770183985809036,0,0
26135,3,8,0,0,0.1759433630792131,0,0
26145,3,28,1,0,0.21165192093277835,0,0
27013,3,20,0,0,0.15721634783447774,0,0
27017,2,15,0,0,0.11528506010315942,0,0
27029,3,11,0,0,0.24854997551435742,0,0
27049,1,17,1,0,0.1192460043485705,0,1
27065,2,9,0,0,0.145660914793789,0,0
27067,2,16,0,0,0.15451264343981005,0,0
27087,4,8,0,0,0.3150187006347657,0,0
27103,1,10,0,0,0.11122050338469232,0,0
27105,3,17,0,0,0.19913043375200212,0,0
27115,2,16,1,0,0.158104044562494,0,0
27131,1,16,1,0,0.1402564832617083,0,0
27153,2,19,1,0,0.16404618097605025,0,0
27169,2,14,1,0,0.1404954217600968,0,1
28003,4,5,1,0,0.1660236822806598,0,1
28019,4,9,1,0,0.17443093012469083,0,1
28023,4,9,1,0,0.1415064762357168,0,0
28055,4,6,0,0,0.1793082922933026,0,0
28073,3,6,1,0,0.09766860731341853,0,0
28091,4,8,1,0,0.2059515191793356,0,0
28097,4,7,1,0,0.22361192940893512,0,1
28101,4,11,1,0,0.18721443820831377,0,0
28115,4,11,1,0,0.15217514976556631,0,0
28117,4,8,0,0,0.19868105088036903,0,0
28125,1,7,0,0,0.08288257955049813,0,0
28127,3,10,1,0,0.1737616197806985,0,0
28141,4,9,1,0,0.17575601712946218,0,0
28143,4,5,0,0,0.34972609045230274,0,0
28151,4,8,0,0,0.3197556229158163,0,1
28163,4,8,1,0,0.22273804854902526,0,0
29005,2,9,0,0,0.21403312115657885,0,0
29021,3,15,1,0,0.21373373504306709,0,0
29025,3,10,1,0,0.23185584739340298,0,1
29035,3,5,1,0,0.1623167840128074,0,1
29041,3,12,1,0,0.20410503425326346,0,1
29065,4,8,1,0,0.19550398112991207,0,0
29069,4,14,1,0,0.37311920219062733,0,1
29073,2,11,0,0,0.1766678927757206,0,0
29077,3,21,0,0,0.1749878953143973,0,0
29089,3,10,0,0,0.19415745431337408,0,0
29107,2,16,1,0,0.19760887108950495,0,1
29115,3,15,1,0,0.2036586884881743,0,0
29133,4,6,1,0,0.39672864099722616,0,0
29147,4,18,1,0,0.2157817144634228,0,0
29159,3,15,1,0,0.2146116248344544,0,1
29167,3,18,0,0,0.4243411698834113,0,0
29185,4,16,1,0,0.24112145439239355,0,1
29195,3,13,1,0,0.2100149519869003,0,0
29223,4,14,1,0,0.24806393021531636,0,0
29227,3,7,0,0,0.21510684873278402,0,0
30001,3,10,0,0,0.1668425156942863,0,0
30005,4,9,1,0,0.32655905345983793,0,1
30019,1,4,0,0,0.17547411251240969,0,0
30023,4,5,0,0,0.18855337879870296,0,0
30033,2,8,0,0,0.19072154996354937,0,0
30041,3,10,0,0,0.24535050331436817,0,0
30043,2,9,0,0,0.13614762223995833,0,0
30047,3,15,1,0,0.19877220557765338,0,0
30075,3,6,0,0,0.21835024082810392,0,0
30091,1,11,0,0,0.15998460963567399,0,0
30107,2,6,0,0,0.23565235289583067,0,0
31011,2,8,1,0,0.15785855115254294,0,1
31017,3,4,0,0,0.17488325795148169,0,0
31025,1,20,1,0,0.11515544298116781,0,0
31029,2,7,1,0,0.07145758337597755,0,1
31031,3,18,0,0,0.18718937680826947,0,0
31035,2,15,0,0,0.11374535717826872,0,0
31039,2,11,0,0,0.1668234016771709,0,0
31043,3,8,0,0,0.13531963293665247,0,0
31047,3,11,0,0,0.141119091021122,0,0
31061,2,8,1,0,0.17130629712692313,0,1
31063,2,12,0,0,0.15005822048389122,0,0
31071,2,3,0,0,0.20338189794640615,0,0
31073,2,9,0,0,0.16117996075543187,0,0
31105,3,5,0,0,0.21918109627022422,0,0
31125,2,8,0,0,0.15210242366761845,0,0
31129,2,10,0,0,0.15358579495262767,0,0
31131,1,19,1,0,0.13641628792024918,0,0
31139,1,9,0,0,0.1181899206092173,0,0
31169,1,15,0,0,0.17116809732471455,0,0
31173,4,10,1,0,0.29182250713688246,0,1
31185,1,15,1,0,0.11668191414871354,0,0
32003,1,73,0,0,0.2658611796379936,0,1
32011,1,4,0,0,0.2871159045005143,0,0
32013,1,7,1,0,0.2865211030009107,0,0
32033,2,7,1,0,0.2541189961178387,0,1
32510,2,4,0,0,0.25512618895547334,0,0
33003,1,30,0,0,0.10743080196246355,0,0
33005,1,27,1,0,0.09287055365305126,0,1
33009,1,37,1,0,0.0749193922818767,0,0
34009,1,15,1,0,0.14309565426197154,0,0
34015,1,30,1,0,0.10743878541134001,0,0
34037,1,21,1,0,0.0719418500497422,0,0
35006,4,17,0,0,0.3851703927298511,0,0
35023,4,5,0,0,0.33594225803536343,0,0
35027,3,14,0,0,0.2065868555284528,0,0
35041,4,9,1,0,0.2809531803245547,0,0
35043,1,21,1,0,0.1716404041601478,0,0
35061,4,8,1,0,0.32038994632387496,0,1
36005,4,28,0,0,0.287454681998455,0,0
36007,3,31,1,0,0.12116981265402273,0,0
36013,3,36,1,0,0.14718978797802953,0,0
36029,2,70,0,0,0.15003155898535317,0,0
36047,3,39,0,0,0.19539502946243809,0,0
36055,1,50,1,0,0.14079744328131977,0,0
36081,2,63,0,0,0.15311066965290204,0,0
36093,1,19,1,0,0.09465190437803833,0,0
36105,2,62,1,0,0.12299773321194028,0,0
36115,2,27,1,0,0.09794505259067401,0,0
37009,1,12,0,0,0.15568729046270038,0,0
37023,4,16,1,0,0.13973434249214797,0,0
37029,2,5,0,0,0.1311524728476934,0,0
37031,2,19,1,0,0.12552805319895213,0,0
37051,1,24,1,0,0.1819651548144147,0,0
37053,1,15,1,0,0.12205026514288478,0,0
37057,3,12,1,0,0.13763973384237327,0,0
37079,4,11,1,0,0.21555774673550276,0,0
37081,3,31,0,0,0.12038985736693861,0,0
37107,4,10,1,0,0.2178240892889018,0,0
37109,2,11,1,0,0.12113883736013939,0,0
37119,2,32,0,0,0.1045622236176153,0,0
37135,2,14,1,0,0.0806489749838969,0,0
37141,3,13,1,0,0.12529772639709297,0,1
37143,3,6,0,0,0.19144758613230947,0,0
37169,2,16,1,0,0.1371184995768792,0,0
37179,1,12,1,0,0.0972459825489872,0,0
37187,4,4,1,0,0.25033365989667905,0,0
37195,4,17,1,0,0.18537919532609687,0,0
38011,1,5,0,0,0.16519420230680215,0,0
38015,1,12,1,0,0.10373635288409765,0,0
38023,2,10,0,0,0.18732766417088856,0,0
38035,1,22,1,0,0.1640427615434614,0,1
38059,1,8,0,0,0.13779868319789138,0,0
38099,2,16,1,0,0.19022190011527854,0,0
39001,4,11,1,0,0.25959457187367924,0,0
39003,2,20,0,0,0.24203663330005698,0,0
39005,2,19,0,0,0.18099581258384884,0,0
39007,4,19,1,0,0.22426238228422893,0,0
39015,3,19,0,0,0.22057297769253567,0,0
39021,1,17,0,0,0.20576377566329035,0,0
39029,3,24,0,0,0.2263441529735555,0,0
39031,3,18,0,0,0.19580202906925884,0,0
39037,2,25,1,0,0.25549130958323785,0,0
39043,2,13,0,0,0.2107943979701118,0,0
39045,1,19,1,0,0.14494263555154072,0,0
39047,3,11,0,0,0.26482079457552465,0,0
39065,3,15,1,0,0.23558143960354952,0,1
39073,3,16,1,0,0.17624406296553258,0,0
39075,1,18,1,0,0.14558733382394823,0,0
39085,1,11,1,0,0.13246798886441782,0,0
39095,3,30,0,0,0.23777788300082794,0,0
39097,1,12,0,0,0.18520861317849524,0,0
39115,4,11,0,0,0.24473837157799788,0,0
39123,2,18,1,0,0.22393532728149676,0,0
39131,4,11,1,0,0.21276647400552282,0,0
39145,4,20,1,0,0.2343176780221994,0,0
39167,3,20,1,0,0.18481655798932664,0,0
39175,2,13,0,0,0.18485613924022257,0,0
40029,4,10,0,0,0.3728354753750406,0,0
40037,3,21,1,0,0.2658531338623561,0,0
40039,4,13,1,0,0.3398824057819233,0,0
40043,3,12,1,0,0.3278585860501202,0,1
40061,4,7,0,0,0.3483673943393716,0,0
40081,3,16,1,0,0.28339928772254175,0,0
40089,4,15,1,0,0.35404885431494426,0,0
40101,4,15,1,0,0.37359933872128354,0,0
40111,4,11,1,0,0.3517019234107311,0,1
40135,4,9,1,0,0.33261391018932623,0,0
40139,4,9,1,0,0.32377969839888876,0,0
40151,2,7,0,0,0.29418978152116576,0,0
41019,3,28,1,0,0.2479532310372765,0,0
41027,2,3,1,0,0.17010925125817247,0,0
41033,4,11,1,0,0.275106291843134,0,0
41037,4,10,0,0,0.3881118532303803,0,0
41045,4,13,0,0,0.38248328874825915,0,0
41065,3,8,1,0,0.287687109633373,0,0
41069,4,5,0,0,0.2894406762102871,0,0
42003,1,114,0,0,0.10409086209662463,0,0
42005,2,36,1,0,0.137875093247862,0,0
42007,2,28,0,0,0.12784496342828872,0,0
42037,2,19,1,0,0.16757157356255029,0,0
42051,3,62,1,0,0.1648373872026883,0,0
42065,3,30,1,0,0.1583854188261201,0,0
42081,2,25,1,0,0.12818752187513435,0,0
42087,3,13,1,0,0.16675263003394256,0,1
42099,2,16,1,0,0.14114171298633887,0,1
44001,1,3,0,0,0.10773696965668297,0,0
45001,4,13,1,0,0.24718527955657904,0,0
45011,4,7,1,0,0.3138057441358839,0,0
45039,4,9,1,0,0.25948263882410216,0,0
45047,4,9,1,0,0.23588977334471062,0,0
45067,4,7,1,0,0.26707584649678084,0,0
45069,4,8,1,0,0.25270349256001284,0,0
45079,1,24,0,0,0.12356440710040784,0,0
46003,1,9,0,0,0.1550939227782647,0,0
46009,2,7,1,0,0.14097913203535714,0,1
46013,1,20,1,0,0.12438206355253992,0,1
46023,4,10,0,0,0.22877886653259097,0,0
46027,3,8,0,0,0.16629516032774835,0,0
46077,1,9,1,0,0.1604331381251737,0,1
46081,1,9,0,0,0.17337940838585736,0,0
46091,1,10,1,0,0.15747557894658548,0,1
46107,1,5,0,0,0.18572003878910937,0,0
46121,4,9,1,0,0.3636012607631775,0,1
46127,1,9,0,0,0.15272418788988357,0,0
46137,4,7,0,0,0.35817901440220323,0,0
47007,3,9,0,0,0.2031354621915149,0,0
47009,2,13,1,0,0.17602372864873086,0,0
47019,4,8,1,0,0.25245937089022774,0,0
47023,3,12,0,0,0.18900783378887884,0,0
47025,1,10,1,0,0.21787432028198223,0,0
47031,3,9,1,0,0.21255206322818118,0,0
47035,3,11,1,0,0.20037032778503042,0,0
47043,2,11,1,0,0.18643670138830287,0,1
47045,4,11,1,0,0.2715471891683549,0,1
47051,3,15,0,0,0.22581474256892622,0,0
47063,4,7,1,0,0.2617108533547082,0,1
47083,3,8,0,0,0.26022488104359415,0,0
47087,4,11,0,0,0.22084221216460256,0,0
47095,4,2,0,0,0.3296579959205402,0,0
47119,1,10,1,0,0.15941718304554914,0,0
47125,3,15,1,0,0.18387840708328596,0,0
47131,4,12,1,0,0.3012032088066397,0,1
47135,4,4,1,0,0.2518615439707305,0,1
47143,4,6,0,0,0.20628960153135315,0,0
47163,3,12,1,0,0.23338287292665286,0,0
47189,1,12,1,0,0.15132495975742025,0,0
48007,4,5,1,0,0.3087497101510053,0,0
48013,3,15,1,0,0.3427612851242459,0,0
48025,4,11,1,0,0.3382938103666854,0,1
48027,3,23,0,0,0.26025689160223936,0,0
48041,3,9,0,0,0.21197622539234987,0,0
48057,3,6,1,0,0.3423718993031079,0,0
48071,2,11,1,0,0.22758652433159748,0,0
48083,2,15,1,0,0.24452358387544346,0,1
48085,1,38,0,0,0.12660795138898298,0,0
48109,4,2,1,0,0.09631481431973524,0,1
48115,4,4,0,0,0.39297443504353446,0,0
48131,4,8,1,0,0.4118353663279036,0,0
48149,2,15,1,0,0.2623783988219936,0,0
48151,3,9,1,0,0.27352057839376226,0,1
48171,2,7,1,0,0.22405274527853364,0,0
48173,3,4,0,0,0.3133027673749779,0,0
48175,3,6,0,0,0.3018291743375042,0,0
48181,2,21,0,0,0.23505842251718162,0,1
48189,3,9,0,0,0.33228291206545246,0,0
48191,4,6,0,0,0.33231480160169613,0,0
48197,3,2,1,0,0.3093535547802075,0,1
48207,4,11,1,0,0.3613319601918293,0,1
48231,3,17,0,0,0.2595543207627384,0,1
48233,3,7,1,0,0.2785281081754375,0,0
48239,2,10,1,0,0.26757222078213166,0,0
48253,4,10,0,0,0.2691345789351137,0,0
48255,3,8,1,0,0.33671813620226493,0,0
48277,3,13,1,0,0.2585118124642426,0,1
48279,4,13,0,0,0.3456230854513235,0,0
48289,3,8,1,0,0.2808356484413453,0,0
48291,3,14,1,0,0.22778012378981935,0,0
48327,3,4,0,0,0.2588878349886459,0,0
48333,2,8,0,0,0.27704913461890374,0,0
48335,2,3,1,0,0.25238656386409397,0,1
48347,1,10,1,0,0.3021867368258688,0,1
48355,3,26,0,0,0.32837173634079875,0,0
48373,3,9,1,0,0.2324705387351813,0,1
48395,3,9,1,0,0.2640578294376975,0,0
48401,3,16,1,0,0.21436546870003068,0,1
48403,4,6,0,0,0.2264545917077228,0,0
48439,1,74,0,0,0.21693974984248837,0,0
48443,3,2,0,0,0.3342970807830686,0,0
48465,4,5,1,0,0.4273176260125408,0,0
48485,3,11,0,0,0.3020367113069717,0,1
48487,4,6,1,0,0.3573706045208015,0,0
48495,3,2,1,0,0.3443931061349154,0,1
48501,2,4,1,0,0.25542059904522463,0,1
48507,4,4,1,0,0.5138228195400442,1,0
49009,1,2,0,0,0.161536444527623,0,0
49019,1,2,1,0,0.1870962674077127,0,1
49023,2,6,0,0,0.21881315077674646,0,0
49027,3,11,0,0,0.2342434532674608,0,0
49047,3,10,0,0,0.23187996499154742,0,0
50001,1,20,1,0,0.08033672991516543,0,0
50009,3,10,0,0,0.12557046681557726,0,0
50011,1,17,0,0,0.09077936647423068,0,0
50017,2,31,1,0,0.09424843940495548,0,0
50019,2,24,1,0,0.09670089110619204,0,0
50023,1,26,1,0,0.08058760809558867,0,1
51001,3,33,0,0,0.19691322385753798,0,0
51005,3,7,1,0,0.16697912282098096,0,0
51036,2,4,1,0,0.1940744301392714,0,1
51051,4,12,1,0,0.20082965475743098,0,0
51063,2,11,1,0,0.1262062233047648,0,0
51065,1,10,0,0,0.10068255462581752,0,0
51079,2,5,1,0,0.10699599712182041,0,0
51099,1,3,0,0,0.08229891471812843,0,0
51133,2,7,1,0,0.1792109202661978,0,0
51137,1,12,0,0,0.11439477497020739,0,0
51139,3,6,1,0,0.14997664517829576,0,0
51145,1,5,1,0,0.2233910806771999,0,0
51153,1,19,1,0,0.0742700569680243,0,0
51173,3,10,0,0,0.17433600822383474,0,0
51175,3,12,1,0,0.19967806304840593,0,0
51177,1,13,1,0,0.08416003789513804,0,0
51600,1,3,0,0,0.05443848497039565,0,0
51630,3,3,1,0,0.15137078020329162,0,0
51660,1,3,1,0,1.0217495406275077e-13,0,1
51670,4,1,0,0,0.1954308291756989,0,0
51683,1,1,1,0,0.10135278207113332,0,0
51750,1,2,1,0,0.9891138769838361,1,0
51770,3,10,1,0,0.18005593904251677,0,0
51800,1,8,1,0,0.14704218079987372,0,0
51840,3,1,1,0,0.1457385330872463,0,0
53015,3,11,1,0,0.17668986613470278,0,0
53017,2,13,1,0,0.23992987201709376,0,0
53025,3,18,1,0,0.3187431013255433,0,0
53029,1,8,1,0,0.1831565443659334,0,1
53039,3,15,0,0,0.2210322130118836,0,0
53061,1,30,0,0,0.13144977792259901,0,0
53063,1,45,0,0,0.20515340409667263,0,0
53069,1,6,0,0,0.1721119563124959,0,0
53075,4,20,0,0,0.29007385184696655,0,0
54001,4,12,0,0,0.23283048604985407,0,0
54013,4,16,0,0,0.266491511530563,0,0
54017,3,10,0,0,0.21821807085150086,0,0
54025,4,21,0,0,0.2861016121714757,0,0
54035,3,15,1,0,0.21421709844685666,0,0
54047,4,36,0,0,0.20892507161676332,0,0
54053,3,19,1,0,0.24729924352345561,0,0
54055,4,19,0,0,0.2510535577022036,0,0
54071,3,9,0,0,0.23390864214728307,0,0
54081,4,42,1,0,0.2136783856162217,0,0
54085,4,14,0,0,0.2407979783392674,0,0
54097,4,10,1,0,0.21490046549665603,0,0
54107,3,13,1,0,0.22738250270320248,0,0
55001,2,14,1,0,0.14319867417800103,0,0
55019,3,21,0,0,0.13306541331337837,0,0
55027,1,31,1,0,0.13866631301799556,0,0
55037,2,4,0,0,0.10796546135918773,0,0
55041,3,11,0,0,0.15388434885594263,0,0
55043,3,23,1,0,0.14736114686748755,0,1
55053,2,14,0,0,0.1282838712024283,0,0
55075,3,16,1,0,0.13267252253335035,0,0
55077,2,14,1,0,0.14726146301405402,0,0
55078,4,4,1,0,0.26661094438035265,0,1
55099,2,14,1,0,0.11432688630813498,0,0
55111,1,17,1,0,0.10404452565378072,0,1
55115,2,25,1,0,0.13717853691102383,0,1
55119,2,14,1,0,0.12896586415489858,0,0
55135,1,16,1,0,0.12406825796675852,0,1
55137,2,17,1,0,0.1401661078855179,0,0
55141,2,15,1,0,0.09353402804637515,0,1
56009,1,4,1,0,0.15195448533154415,0,0
56011,1,10,0,0,0.1366085473829909,0,0
56019,2,4,0,0,0.14670886309500605,0,0
56035,1,6,1,0,0.12340556912134067,0,1
56037,1,12,0,0,0.18465587923214638,0,0
01003,2,23,1,1,0.15806893267448524,0,0
01007,3,11,0,1,0.22236981488791227,0,0
01017,4,10,1,1,0.21708934564655297,0,1
01027,4,10,0,1,0.24815341877375363,0,0
01029,3,7,0,1,0.19321750780246022,0,0
01033,3,9,1,1,0.20635279165701922,0,0
01045,3,14,1,1,0.19620117303955528,0,1
01063,4,8,1,1,0.2763496771602687,0,1
01067,3,9,1,1,0.23583933313065875,0,0
01071,4,22,1,1,0.24067946037227647,0,1
01075,4,9,1,1,0.21785919530909686,0,0
01081,1,14,0,1,0.15869581351833628,0,1
01085,4,8,1,1,0.28428860494051633,0,0
01105,4,9,1,1,0.2620297562195908,0,1
01115,2,18,1,1,0.18246796921404812,0,1
01117,1,22,0,1,0.10381362698845321,0,0
04001,4,33,0,1,0.3157939673215768,0,1
04005,1,28,0,1,0.15341356269862225,0,1
05001,4,13,1,1,0.27203303067970364,0,0
05019,1,8,1,1,0.3617105567048003,0,0
05023,3,17,1,1,0.18592433770454733,0,0
05041,4,12,1,1,0.35957758041412835,0,0
05053,2,14,1,1,0.17194288712178493,0,0
05063,4,20,1,1,0.20427236515327685,0,1
05065,1,20,0,1,0.126380673989369,0,0
05071,4,12,1,1,0.2547435100933635,0,0
05077,3,11,1,1,0.3585196593132336,0,1
05079,4,8,1,1,0.27040826709648164,0,0
05081,4,7,1,1,0.2609505358815579,0,0
05091,4,6,1,1,0.2515704192348201,0,0
05093,4,15,1,1,0.3421137398422586,0,0
05099,4,10,1,1,0.24164438614935124,0,1
05107,4,12,1,1,0.3210242282629388,0,0
05113,4,7,1,1,0.23484322894587137,0,0
05119,1,31,0,1,0.1593628658967425,0,0
05125,1,14,1,1,0.1454201144496597,0,0
05139,4,10,1,1,0.1925528165212655,0,1
05143,3,20,0,1,0.16453374000656437,0,0
06001,1,53,0,1,0.1212533601830875,0,0
06027,2,11,1,1,0.2633639341215753,0,0
06039,4,18,0,1,0.3003590977077026,0,0
06065,2,75,0,1,0.2126452330234398,0,1
06075,1,29,0,1,0.1041048524357775,0,0
06091,2,10,0,1,0.21603420227755313,0,0
06095,1,21,0,1,0.1725016169721585,0,0
06097,1,37,1,1,0.1354034356628505,0,0
06101,3,13,1,1,0.23906946834454837,0,0
06105,4,14,0,1,0.24557839877246743,0,0
08014,1,6,1,1,0.10275743203655727,0,1
08025,4,6,0,1,0.29306911121627494,0,0
08033,1,5,0,1,0.1438368244846421,0,0
08045,1,8,1,1,0.1405951496862738,0,1
08047,1,4,0,1,0.09881491771466328,0,0
08049,1,10,0,1,0.15615403125682398,0,0
08073,2,9,0,1,0.2590068914296528,0,0
08075,3,9,0,1,0.22675392038302847,0,0
08087,2,10,1,1,0.24582330319654272,0,0
08115,4,5,0,1,0.2480656262350534,0,0
08119,1,7,0,1,0.11701570572388663,0,0
08121,2,12,1,1,0.24103783230888162,0,1
09005,1,40,1,1,0.06914958029346813,0,0
09015,1,31,1,1,0.10424183217625879,0,0
10003,1,28,0,1,0.1061458281526311,0,0
12009,2,28,0,1,0.12478142220203041,0,0
12037,4,8,0,1,0.17364703838663467,0,0
12041,4,5,1,1,0.15919460059186305,0,0
12055,3,9,1,1,0.1522693811254025,0,0
12057,2,56,0,1,0.09968419451229693,0,0
12059,4,4,1,1,0.17925408923727226,0,0
12079,4,5,1,1,0.2242161190536718,0,0
12095,3,46,0,1,0.10106971939329462,0,0
12107,4,17,1,1,0.16031016290843916,0,0
12113,1,9,1,1,0.09598289036654678,0,0
12117,2,17,1,1,0.08564377554426535,0,0
12121,3,9,1,1,0.16346948066282144,0,1
13015,2,14,1,1,0.12275348810041285,0,1
13019,4,6,1,1,0.23451128524892556,0,0
13025,4,6,1,1,0.2315314420908071,0,0
13081,4,5,0,1,0.2926931703746318,0,0
13087,4,8,1,1,0.23089083745700864,0,0
13091,4,8,0,1,0.23469786341319257,0,0
13099,4,7,0,1,0.32063625709054955,0,0
13107,4,13,1,1,0.22846982338464722,0,0
13111,3,8,1,1,0.12355502199819068,0,0
13117,1,10,0,1,0.05780581885248832,0,0
13123,3,5,0,1,0.13783451302297595,0,0
13125,4,5,0,1,0.22393722403127053,0,0
13149,3,6,1,1,0.15851912180229685,0,0
13157,2,16,1,1,0.11535122746424753,0,0
13205,4,7,0,1,0.2967047026089321,0,0
13221,3,10,0,1,0.17524079717192845,0,0
13223,1,11,1,1,0.10910529177330633,0,0
13225,4,3,1,1,0.22645084684965347,0,0
13259,4,6,0,1,0.2684123908767629,0,0
13273,4,7,1,1,0.3104850424878428,0,1
13293,4,7,1,1,0.18139745457629317,0,0
13297,2,11,1,1,0.12856725103421326,0,1
13299,4,7,1,1,0.2357770665627131,0,1
16009,3,9,0,1,0.19190162330158586,0,0
16017,2,18,1,1,0.18428129967329523,0,0
16027,3,13,0,1,0.23204191575044356,0,0
16035,3,7,1,1,0.16977426251168382,0,1
16041,1,7,1,1,0.21206065612767033,0,0
16047,3,6,1,1,0.2962240361287868,0,0
16049,3,16,0,1,0.15671360124724323,0,0
16051,1,10,0,1,0.17232250303892502,0,0
16057,1,14,0,1,0.1458074559559063,0,0
16071,2,4,0,1,0.2336807663043615,0,0
16081,1,5,1,1,0.15233540017085093,0,1
17025,3,13,1,1,0.18316116102355898,0,0
17039,2,13,1,1,0.18462828616052251,0,0
17045,2,15,1,1,0.1752017097137999,0,0
17051,3,20,0,1,0.21415980354703493,0,0
17057,3,24,1,1,0.18665607639893886,0,1
17087,2,10,1,1,0.18817939308185658,0,0
17093,1,19,1,1,0.12251877672053908,0,0
17105,3,29,1,1,0.223807213448212,0,0
17107,1,20,1,1,0.1686924469924635,0,0
17115,3,27,1,1,0.19129039134049441,0,0
17117,2,28,1,1,0.15799000063326826,0,0
17123,2,19,1,1,0.1759116551568844,0,0
17125,3,11,1,1,0.21034992693444887,0,0
17133,1,9,1,1,0.09403582044440746,0,1
17153,4,10,0,1,0.26117456197627026,0,0
17161,2,20,1,1,0.15315774549573014,0,0
17193,3,11,1,1,0.20073751952029664,0,0
18005,2,14,1,1,0.1495937880090091,0,1
18013,1,9,1,1,0.1437713221841237,0,0
18017,3,12,1,1,0.22427292920868067,0,1
18033,1,14,0,1,0.1595189064693405,0,0
18049,2,16,0,1,0.18839172470817012,0,0
18055,2,16,1,1,0.18552460903223117,0,1
18059,1,15,1,1,0.16015125240929395,0,1
18071,3,8,1,1,0.1842979843953507,0,0
18077,2,11,0,1,0.166233458157423,0,0
18095,3,18,1,1,0.24953138465251493,0,0
18103,3,13,0,1,0.2277400027235603,0,0
18105,1,18,1,1,0.1616630479741606,0,0
18117,3,11,1,1,0.19562004294631685,0,0
18123,2,14,1,1,0.13746394144355642,0,0
18135,3,14,0,1,0.27002363861296724,0,0
18143,3,6,1,1,0.17924315420049108,0,0
18147,1,16,1,1,0.1981019841477387,0,0
18149,3,11,1,1,0.2417300616514575,0,0
18151,1,9,0,1,0.16875831890942933,0,0
18155,3,9,0,1,0.2111831337834751,0,0
18165,2,8,0,1,0.19198022841523701,0,0
18173,1,12,1,1,0.11080867585195116,0,1
18181,2,18,0,1,0.20480650703192227,0,0
19005,2,10,0,1,0.12986395530947023,0,0
19009,2,11,1,1,0.21095823251113177,0,1
19019,1,16,0,1,0.13813310450405494,0,0
19033,2,17,0,1,0.14593475912269854,0,0
19037,1,9,1,1,0.17469797877325735,0,0
19049,1,25,1,1,0.10758771582670588,0,0
19051,2,10,0,1,0.15838674796864105,0,0
19059,1,10,0,1,0.16515146478132267,0,0
19065,2,24,0,1,0.18652941765091943,0,0
19081,2,13,0,1,0.17017700747690068,0,0
19083,2,12,0,1,0.18169058678345387,0,0
19095,1,21,1,1,0.15279246121643766,0,0
19107,2,19,0,1,0.17695057171090683,0,0
19115,2,13,0,1,0.18359812920438076,0,0
19123,2,20,1,1,0.1659424985411497,0,0
19129,1,11,1,1,0.14838285572369445,0,0
19133,2,15,1,1,0.21289305489599808,0,1
19159,2,12,0,1,0.17952382615196302,0,0
19195,1,10,0,1,0.1641988859303993,0,0
20005,2,10,1,1,0.2448651909710257,0,0
20051,3,11,1,1,0.1964729494794026,0,0
20053,2,9,0,1,0.22135300808659367,0,0
20059,2,13,1,1,0.22251259601840084,0,0
20075,2,4,0,1,0.3263366942383712,0,0
20077,3,10,0,1,0.275676410524027,0,0
20081,3,3,0,1,0.33698415759366573,0,0
20085,2,18,1,1,0.22639256704327726,0,0
20087,2,15,1,1,0.18499328585997118,0,0
20095,1,12,1,1,0.20942863624965333,0,1
20113,1,12,1,1,0.18538538726575765,0,0
20123,2,7,0,1,0.20885299412956956,0,0
20129,2,5,1,1,0.30991993082689745,0,1
20131,1,15,0,1,0.18376252252277991,0,0
20149,2,12,1,1,0.20456834312976815,0,0
20181,2,4,0,1,0.2851477433445696,0,0
20185,3,9,0,1,0.23959585621352486,0,0
20193,3,8,0,1,0.2917385864542187,0,0
20205,4,10,1,1,0.24947400631382632,0,1
21003,4,6,1,1,0.25836832727131587,0,0
21005,2,5,0,1,0.13549089211813972,0,0
21025,4,10,0,1,0.21004275696227195,0,0
21053,4,4,0,1,0.24918026979263838,0,0
21073,2,5,1,1,0.14428121177108158,0,1
21081,3,8,1,1,0.19609817515793526,0,0
21083,4,18,1,1,0.288648438481699,0,0
21099,4,10,1,1,0.25311884008502955,0,0
21123,3,9,0,1,0.23945569289546031,0,0
21131,1,22,0,1,0.04765048579725531,0,0
21135,4,9,0,1,0.2436315247384724,0,0
21139,3,7,0,1,0.2674525420812307,0,0
21157,2,8,0,1,0.18336280431758564,0,0
21163,2,12,1,1,0.1848935456722214,0,0
21181,4,6,0,1,0.28614134828554105,0,0
21195,4,39,1,1,0.178290171903979,0,0
21199,4,11,1,1,0.21226177360054102,0,0
21205,4,4,1,1,0.124200555278025,0,0
21213,2,5,0,1,0.24373606122885055,0,0
21219,3,9,0,1,0.262010611636219,0,0
21223,3,5,0,1,0.21988460034240942,0,0
21229,3,7,0,1,0.236076858663041,0,0
21239,2,3,1,1,0.1657130610868902,0,0
22011,3,9,1,1,0.19183523280175033,0,1
22017,4,25,0,1,0.21664512006104447,0,1
22021,4,4,1,1,0.25121006677970636,0,1
22025,4,9,0,1,0.2845099806021295,0,0
22033,1,24,0,1,0.17797043015572053,0,0
22045,4,10,1,1,0.2525662401133005,0,0
22047,3,8,1,1,0.22069676649099162,0,1
22057,3,14,1,1,0.21260755003491424,0,0
22065,4,4,1,1,0.30382973149877873,0,0
22071,4,17,0,1,0.20762053848334924,0,0
22085,4,12,0,1,0.23165484144458925,0,0
22089,1,10,1,1,0.1612232237716941,0,1
22093,3,7,1,1,0.2123124540978825,0,0
22105,1,20,1,1,0.17274257784830732,0,0
23001,2,14,1,1,0.11012662851278619,0,0
23007,1,18,1,1,0.08171098877159252,0,1
23009,2,40,1,1,0.09654912784954335,0,1
23029,4,31,0,1,0.19501098666601682,0,0
24003,1,40,0,1,0.09775709462000085,0,0
24011,3,10,1,1,0.24088840629021463,0,1
24017,1,24,1,1,0.10815674130330309,0,0
24025,1,24,0,1,0.10519540811756746,0,0
24031,1,50,0,1,0.05772323864362853,0,0
24039,1,11,1,1,0.30809191772419453,0,0
25005,2,36,1,1,0.09651462941558167,0,0
25015,1,28,1,1,0.0955175468994448,0,0
25021,1,41,0,1,0.061080252927970494,0,0
25023,1,34,1,1,0.07857030048790349,0,0
26031,3,15,0,1,0.1479096870984309,0,0
26033,3,17,0,1,0.1904948830504631,0,0
26035,4,8,0,1,0.21814123951132738,0,0
26037,2,17,0,1,0.1562370170928414,0,0
26043,2,11,0,1,0.11313241242892645,0,0
26047,2,11,0,1,0.11018798338730995,0,0
26057,3,20,0,1,0.1941527180205727,0,0
26067,2,21,1,1,0.1760307025911314,0,0
26069,3,12,0,1,0.1497051126672528,0,0
26077,2,25,1,1,0.13242938300813772,0,0
26085,4,11,0,1,0.20733932330626467,0,0
26089,1,11,0,1,0.11051120052757454,0,0
26105,3,10,0,1,0.16558684486202158,0,0
26113,3,9,0,1,0.18582377998364547,0,0
26121,3,20,1,1,0.18001828449410687,0,0
26129,4,9,0,1,0.20296094457428315,0,0
26131,3,12,0,1,0.1620255636782207,0,0
26141,2,7,1,1,0.15575346675422325,0,0
26147,2,23,1,1,0.15412296874180503,0,0
27005,2,16,1,1,0.1907203275759258,0,1
27023,2,10,0,1,0.1962755397911869,0,0
27033,2,13,0,1,0.20455927249647987,0,0
27047,2,18,1,1,0.18489153293284724,0,1
27063,2,14,0,1,0.1870586746734694,0,0
27069,1,11,0,1,0.17706185556044185,0,0
27075,1,8,0,1,0.1151959316184564,0,0
27085,1,12,0,1,0.16288574383181287,0,0
27111,1,34,1,1,0.17259489609437717,0,0
27119,2,25,1,1,0.2131117279192339,0,1
27121,1,12,0,1,0.15829072971812833,0,0
27135,1,11,1,1,0.15954663439959704,0,0
27137,1,51,0,1,0.13322729015262408,0,0
27139,1,10,1,1,0.08183954820286836,0,0
27141,1,9,1,1,0.11204337866393867,0,1
27159,3,7,0,1,0.19640038520192568,0,0
27163,1,19,1,1,0.08143418745233448,0,0
28001,4,2,1,1,0.19433127497086455,0,1
28009,3,11,0,1,0.19651133839474874,0,0
28013,4,11,1,1,0.1593045803788237,0,0
28015,4,13,1,1,0.20864235130371186,0,1
28059,3,10,0,1,0.12652525758765387,0,1
28075,1,12,1,1,0.1496261797459217,0,0
28095,4,12,1,1,0.161396240517769,0,0
28107,4,11,1,1,0.19730960076034335,0,1
28111,4,8,0,1,0.14553299176128284,0,0
28147,4,6,1,1,0.21142835978354182,0,0
29011,4,8,1,1,0.2893562336865208,0,0
29047,1,23,0,1,0.15531098126331083,0,0
29051,1,9,1,1,0.1379488492807866,0,0
29053,2,14,0,1,0.18639242336303788,0,0
29061,3,16,0,1,0.25165933272445495,0,0
29067,4,16,1,1,0.26573431062560715,0,0
29097,3,19,0,1,0.22617966719181104,0,0
29105,4,12,1,1,0.18709146312011188,0,1
29117,3,12,1,1,0.23940696606770734,0,0
29129,2,7,0,1,0.21843399803019564,0,0
29145,3,15,1,1,0.1979523284957805,0,0
29151,1,15,0,1,0.13463516557867838,0,0
29155,4,13,0,1,0.35098055655918303,0,0
29161,4,11,1,1,0.15388097316230154,0,1
29163,1,12,1,1,0.16731853347866762,0,0
29165,1,18,1,1,0.11712781533390824,0,0
29173,3,9,0,1,0.20180930912766026,0,0
29186,2,8,1,1,0.17307116830388591,0,0
29187,3,15,1,1,0.18872272706957247,0,1
29197,3,6,1,1,0.27203891639611166,0,1
29201,4,14,1,1,0.2733546056748388,0,1
29211,3,13,1,1,0.26403680326293744,0,1
29215,4,21,1,1,0.2897755682608557,0,0
30003,4,18,1,1,0.38066094397891653,0,0
30007,2,6,0,1,0.17383688775640954,0,0
30015,2,13,1,1,0.22227716692159716,0,1
30025,1,4,0,1,0.20701317415883108,0,0
30027,3,11,0,1,0.1940652140152332,0,0
30035,4,5,1,1,0.40953560813927914,0,0
30045,2,12,0,1,0.1263644985373791,0,0
30051,4,5,0,1,0.3764385449906146,0,0
30059,3,4,0,1,0.188837901049428,0,0
30061,4,5,1,1,0.20384908514048,0,1
30069,2,4,0,1,0.22235905775147927,0,0
30071,3,8,0,1,0.2999120824157896,0,0
30077,2,8,0,1,0.1898293636842695,0,0
30079,3,7,0,1,0.25286316615501964,0,0
30081,2,9,1,1,0.15740796915933783,0,1
30085,4,10,0,1,0.3964526335494546,0,0
30087,3,8,1,1,0.2872645575190599,0,1
31015,2,5,0,1,0.19757166773234086,0,0
31021,2,8,0,1,0.20809714504769455,0,0
31051,1,12,0,1,0.16286565203784,0,0
31081,1,14,0,1,0.16422305860522485,0,0
31089,1,14,0,1,0.18761423872237562,0,0
31095,3,12,1,1,0.22065215996468618,0,1
31097,2,12,0,1,0.1852793034451335,0,0
31107,2,11,0,1,0.19250341786964556,0,0
31111,2,14,1,1,0.1817749438827253,0,0
31113,2,3,0,1,0.20663152141795288,0,0
31123,2,7,0,1,0.2457702251065605,0,0
31143,1,10,0,1,0.15253444361755658,0,0
31149,1,4,0,1,0.20893297943912212,0,0
31155,1,18,1,1,0.1512693036985007,0,0
31171,1,4,0,1,0.1929564410164206,0,0
31177,1,15,1,1,0.12590920549732965,0,0
31183,2,6,0,1,0.21919076150876496,0,0
32005,1,9,1,1,0.18988606092957763,0,0
32007,1,14,1,1,0.3074053916228408,0,1
32019,3,9,1,1,0.35212793965935274,0,0
32027,2,3,0,1,0.32763888360255683,0,0
33013,1,31,1,1,0.06821933907711568,0,0
33015,1,37,1,1,0.06336415307367588,0,0
34027,1,56,1,1,0.057745535413855326,0,0
34031,2,33,1,1,0.1156978974826957,0,0
34041,1,19,1,1,0.09540313356765315,0,0
35011,4,1,0,1,0.3067317057621534,0,0
35021,3,6,0,1,0.28548939630837367,0,0
35028,1,1,0,1,0.07837780973613595,0,0
35031,4,24,0,1,0.4085496431335153,0,1
35033,3,13,0,1,0.10389326202928796,0,0
35047,4,19,0,1,0.3296799254038192,0,0
35053,4,14,1,1,0.3240034371652622,0,0
35059,3,8,0,1,0.2964427450162723,0,0
36001,2,46,1,1,0.10190072024332572,0,0
36017,3,26,0,1,0.12113888245034034,0,0
36023,3,17,1,1,0.13588231906575257,0,0
36037,2,18,1,1,0.14035272048825653,0,1
36043,3,28,1,1,0.10906551369907282,0,1
36049,3,23,0,1,0.13330957530927195,0,0
36059,1,69,0,1,0.08101612632040962,0,0
36067,2,55,0,1,0.12762379990225922,0,0
36071,1,51,1,1,0.0833059386001597,0,0
36077,3,43,1,1,0.08995734298082769,0,0
36087,2,25,0,1,0.06922352102135003,0,0
36091,1,27,1,1,0.0692692183388729,0,0
36099,2,14,1,1,0.16561769082233957,0,1
36117,2,20,1,1,0.1238213505112586,0,0
37011,3,10,0,1,0.12393910635941495,0,0
37019,2,14,1,1,0.09878739423746287,0,0
37039,3,4,1,1,0.1494950810592912,0,0
37047,4,16,1,1,0.21341526942135633,0,0
37049,2,11,1,1,0.1284921728066801,0,0
37077,3,12,1,1,0.12420170457310181,0,0
37093,3,9,1,1,0.16267853191586218,0,1
37099,4,11,0,1,0.11929269180426798,0,0
37101,2,21,1,1,0.1291229671935718,0,0
37111,3,9,1,1,0.11076255638511921,0,0
37121,3,4,0,1,0.1185204000626068,0,0
37125,2,18,1,1,0.10137346466298988,0,0
37147,4,17,1,1,0.15980799619530617,0,0
37155,4,13,0,1,0.23490703333594554,0,0
37163,4,17,1,1,0.2200710096446367,0,1
37167,2,12,0,1,0.12786078692972908,0,0
37173,4,5,0,1,0.18890214168645011,0,0
37177,4,3,0,1,0.2530480767270217,0,0
37189,4,10,1,1,0.11067475063097007,0,1
37191,1,14,1,1,0.17851436403476179,0,0
38017,1,29,0,1,0.11005647143704055,0,0
38019,1,16,0,1,0.19818256912080764,0,0
38025,1,12,0,1,0.16938473022981915,0,0
38045,2,12,0,1,0.2141124135807091,0,0
38053,1,12,0,1,0.18500847101934223,0,0
38055,1,18,0,1,0.2544144209092853,0,0
38093,1,21,0,1,0.19413176532077966,0,0
38101,1,24,1,1,0.1516831079033747,0,0
38103,1,12,0,1,0.21088926843732642,0,0
38105,1,10,0,1,0.13634528143275576,0,0
39017,2,17,1,1,0.17931164497064175,0,0
39027,3,13,0,1,0.24847772278451363,0,0
39039,1,14,0,1,0.21200483754902352,0,0
39041,1,24,1,1,0.09751852973874768,0,0
39071,4,15,1,1,0.2548650709277018,0,1
39077,2,14,1,1,0.21883853615038643,0,1
39079,4,11,1,1,0.2027928570879836,0,0
39083,2,16,0,1,0.199553562676796,0,0
39089,2,28,1,1,0.15927475346736397,0,0
39101,3,14,1,1,0.24553901018712776,0,0
39105,4,15,0,1,0.20230211682944896,0,0
39109,1,18,0,1,0.19275192456882342,0,0
39125,1,15,1,1,0.23601604720827407,0,0
39133,1,24,1,1,0.1460510871492362,0,0
39147,2,20,1,1,0.22839570376914164,0,0
39161,2,14,0,1,0.26130060308162306,0,0
39169,2,25,1,1,0.17137734652879263,0,0
39173,2,32,1,1,0.2070829084837355,0,0
40007,3,7,0,1,0.3589032865906887,0,0
40013,4,14,1,1,0.32329322236857577,0,1
40015,4,16,1,1,0.3913065260610337,0,0
40017,1,13,1,1,0.2148044895418196,0,0
40023,4,12,1,1,0.3647633560118014,0,0
40031,3,19,0,1,0.3335026195600777,0,1
40035,4,10,1,1,0.38720147504093433,0,0
40045,3,7,1,1,0.29167567877194245,0,1
40047,1,22,1,1,0.258581695258834,0,1
40063,4,10,1,1,0.3384410876685498,0,0
40113,3,22,1,1,0.2943288390087704,0,1
40119,1,14,1,1,0.2765016474454112,0,0
40133,4,10,1,1,0.3256215999452715,0,0
40141,4,8,1,1,0.41003044604292727,0,1
40147,1,12,1,1,0.24095995289320737,0,1
41011,3,10,1,1,0.1998818642479827,0,0
41013,2,6,1,1,0.24045300356560842,0,0
41023,3,11,1,1,0.2802529240648266,0,1
41025,2,10,0,1,0.30179381692774143,0,0
41041,3,18,1,1,0.18636729252988093,0,1
41067,1,30,1,1,0.1114200399009066,0,0
42013,3,19,1,1,0.12691377194491132,0,0
42025,2,20,1,1,0.12891948602007325,0,0
42041,1,21,1,1,0.09950179247345621,0,0
42047,2,14,1,1,0.10197369313372609,0,1
42059,2,26,1,1,0.1251309864378636,0,0
42063,3,49,0,1,0.15816777233222482,0,0
42069,2,28,1,1,0.10619325939323143,0,0
42073,2,22,1,1,0.13587822481222686,0,1
42093,2,9,0,1,0.14424383210959116,0,0
42095,1,26,1,1,0.12353449371989898,0,0
42113,3,13,0,1,0.15450300583270082,0,0
42117,3,25,0,1,0.15483926704223122,0,0
42123,2,19,1,1,0.12835595288441645,0,0
42125,1,64,1,1,0.10017746180215471,0,0
42127,2,30,1,1,0.11219067504012149,0,1
42133,1,45,0,1,0.14785399096734683,0,0
45003,3,23,0,1,0.19291662447934516,0,0
45019,1,30,0,1,0.14927926637385347,0,0
45025,4,11,1,1,0.21015464765929318,0,0
45029,4,14,1,1,0.23935624173987846,0,1
45053,4,9,0,1,0.24793894424880475,0,0
45063,2,18,0,1,0.1729656426927462,0,0
46005,3,11,0,1,0.1675389690222252,0,0
46007,4,7,0,1,0.36238087302904853,0,0
46019,3,8,0,1,0.2277379661415819,0,0
46021,1,7,0,1,0.19088694772506828,0,0
46029,2,10,1,1,0.14080082239792024,0,0
46037,2,11,1,1,0.22804511777081435,0,1
46041,3,9,0,1,0.28399281582860864,0,0
46047,3,7,0,1,0.2234825448197055,0,0
46055,3,5,0,1,0.22174108497272252,0,0
46063,1,10,0,1,0.19222812842910822,0,0
46073,1,4,0,1,0.18123151752948036,0,0
46083,1,12,1,1,0.10325339896716133,0,1
46089,2,8,0,1,0.20265284337048547,0,0
46097,1,9,0,1,0.1822529100569967,0,0
46105,2,9,0,1,0.23291520869087834,0,0
46111,1,8,0,1,0.17532341607919785,0,0
46119,1,6,0,1,0.15935570374492375,0,0
46129,1,7,1,1,0.19413401904261907,0,1
47001,3,11,1,1,0.15618906501157612,0,1
47005,4,7,1,1,0.2422394124232187,0,0
47011,3,8,1,1,0.17645396991601986,0,0
47013,4,11,1,1,0.20749178743050836,0,0
47015,2,9,0,1,0.20832993503266276,0,0
47017,4,14,1,1,0.242722993576541,0,0
47027,4,7,1,1,0.2676029362301989,0,1
47037,2,35,0,1,0.15293544182407673,0,0
47067,4,5,1,1,0.2461333128232234,0,1
47071,4,13,1,1,0.21948724855900312,0,0
47079,4,9,1,1,0.2777972924543986,0,1
47089,3,10,1,1,0.19367405857763395,0,1
47097,4,4,1,1,0.3080166396397688,0,0
47117,3,12,1,1,0.178211688525606,0,1
47133,3,11,0,1,0.2136611327821646,0,0
47137,4,6,0,1,0.2151595919893502,0,0
47153,2,8,0,1,0.1278454110357521,0,0
47157,1,38,0,1,0.18027003902847324,0,1
47167,2,10,1,1,0.24274227213782976,0,0
47169,2,5,0,1,0.18551888644936793,0,0
47185,4,5,1,1,0.21399093412480952,0,0
47187,1,16,1,1,0.08015642849997785,0,0
48009,2,10,1,1,0.24424778372148648,0,1
48021,2,15,1,1,0.25613466992417433,0,0
48033,3,9,0,1,0.31117916854151656,0,0
48035,3,11,1,1,0.24632793603812275,0,0
48045,4,4,0,1,0.39197172970945693,0,0
48047,4,2,1,1,0.447505160796962,0,1
48059,2,9,0,1,0.2391403566609515,0,0
48081,3,4,1,1,0.26256075961194025,0,1
48095,3,6,0,1,0.13365777723822203,0,0
48103,2,2,0,1,0.3059931006489152,0,0
48113,3,93,0,1,0.19001007356294836,0,1
48117,4,6,1,1,0.3762691214505977,0,0
48121,1,37,0,1,0.13646946390751163,0,0
48137,4,4,0,1,0.3454490166471379,0,0
48141,1,30,0,1,0.2554801510546437,0,1
48147,2,19,1,1,0.2711428162888814,0,1
48153,3,6,0,1,0.3547655945204157,0,0
48163,4,5,0,1,0.38326944084290265,0,0
48165,3,5,0,1,0.30445167748964647,0,0
48167,2,18,0,1,0.17973132247155205,0,0
48169,4,4,1,1,0.3757135011889556,0,1
48187,2,14,0,1,0.2140811861222614,0,0
48201,3,141,0,1,0.18114364916680353,0,0
48203,3,12,1,1,0.18916001585872874,0,0
48213,3,15,0,1,0.22775742307397548,0,1
48217,2,19,1,1,0.27075745669973766,0,1
48243,2,2,0,1,0.2543838453384959,0,0
48247,4,1,1,1,0.42826778967672047,0,1
48251,2,16,1,1,0.19766568101159207,0,0
48271,4,1,0,1,0.35264981147052166,0,0
48275,4,6,1,1,0.3289103014940111,0,1
48285,2,7,1,1,0.2687186918316698,0,0
48311,3,7,0,1,0.2898605710991252,0,0
48315,4,7,1,1,0.2187748338252676,0,1
48321,1,12,1,1,0.28567416666251383,0,0
48329,1,9,1,1,0.18060559563472894,0,0
48349,4,17,1,1,0.27614363636922357,0,1
48359,1,6,0,1,0.2811187517534128,0,0
48363,4,12,1,1,0.2558105200995069,0,0
48367,1,18,1,1,0.18852283770893466,0,0
48369,3,5,0,1,0.33859649025537464,0,0
48379,2,6,0,1,0.22527443666963856,0,0
48393,4,5,0,1,0.3208954999026749,0,0
48397,1,9,1,1,0.13100327266413256,0,1
48399,3,11,1,1,0.3056029514342658,0,1
48409,3,9,1,1,0.2934449743160069,0,0
48419,4,7,1,1,0.23456681929610151,0,0
48473,2,11,1,1,0.2478480254180966,0,1
48475,3,6,1,1,0.2938193741631961,0,1
48499,3,12,1,1,0.18367314546625488,0,0
48503,2,6,1,1,0.2797278783950094,0,0
49003,2,20,1,1,0.232602875577061,0,1
49011,1,13,1,1,0.15467344559465165,0,0
49017,3,11,0,1,0.2114027337993291,0,0
49025,2,7,0,1,0.2335043625647486,0,0
49029,1,2,0,1,0.14504275416610996,0,0
49045,1,8,0,1,0.24913078817564116,0,0
49051,1,6,0,1,0.13909897958131728,0,0
50003,2,21,0,1,0.0953001914220948,0,0
50027,1,34,0,1,0.08126640352061323,0,0
51031,3,14,1,1,0.14739901478723394,0,1
51043,1,7,0,1,0.12127959078969426,0,0
51073,1,6,1,1,0.12844505835250158,0,1
51077,4,9,0,1,0.18639565544071152,0,0
51111,4,12,1,1,0.21583750769809204,0,0
51125,2,17,0,1,0.14868936039638259,0,0
51141,3,14,1,1,0.16533285047814114,0,0
51143,4,20,1,1,0.20662302479235775,0,0
51147,1,12,1,1,0.5922860856924036,1,0
51149,3,7,1,1,0.17329516859770086,0,1
51163,3,12,0,1,0.14565627676310258,0,0
51187,1,7,1,1,0.10939693049036603,0,1
51510,1,8,1,1,0.07147633546747763,0,0
51540,3,4,0,1,0.09337936083271596,0,0
51550,1,6,1,1,0.10352863962117914,0,0
51620,3,1,0,1,0.19470736553539764,0,0
51640,4,1,0,1,0.19265228736271553,0,0
51685,1,1,0,1,0.08590540424920337,0,0
51720,4,1,0,1,0.16419820523323544,0,0
53001,4,11,0,1,0.3366599575653746,0,0
53007,2,14,1,1,0.15957079696912105,0,0
53009,2,9,0,1,0.13084548837977297,0,0
53035,1,20,1,1,0.1112647818336002,0,0
53047,4,22,1,1,0.2671045665554603,0,1
53049,3,13,0,1,0.1978777296546524,0,0
53053,1,59,0,1,0.17336716992662407,0,0
53057,1,17,1,1,0.13080971349659548,0,0
53071,2,8,1,1,0.22705352619666494,0,0
53077,4,22,1,1,0.2847007841742665,0,0
54015,4,16,0,1,0.2670808168416249,0,0
54021,4,16,0,1,0.2019723618811093,0,0
54029,3,5,1,1,0.21458275447186795,0,1
54051,3,10,0,1,0.18828444681373488,0,0
54065,3,4,1,1,0.21469861735981963,0,0
54073,3,5,0,1,0.21372564862241225,0,0
54093,2,10,0,1,0.19434180594566441,0,0
54095,3,11,0,1,0.22964021280562663,0,0
54105,4,8,0,1,0.2597476004623854,0,0
55007,2,15,1,1,0.12064862803012125,0,0
55017,2,14,1,1,0.1169886120483511,0,0
55023,2,13,1,1,0.1220131050912005,0,0
55025,1,45,0,1,0.10104535340127017,0,0
55031,2,12,1,1,0.10012130505915665,0,1
55039,1,24,1,1,0.14734124143905247,0,0
55047,2,12,0,1,0.16395926558657675,0,0
55081,2,12,1,1,0.10857387199972929,0,0
55089,1,13,1,1,0.09100052656319443,0,1
55093,1,13,0,1,0.11067725565575466,0,0
55103,3,14,1,1,0.1432858457440464,0,0
55105,2,19,1,1,0.1371134746574127,0,0
55107,3,14,0,1,0.12525431586721622,0,0
55117,1,17,1,1,0.09575293230380379,0,0
55131,1,18,1,1,0.10027903150569047,0,0
55133,1,30,1,1,0.09280566794509014,0,0
56005,1,8,0,1,0.23268083219430555,0,0
56007,2,12,1,1,0.2301022913615926,0,0
56015,2,9,0,1,0.21953953299184106,0,0
56039,1,9,0,1,0.10621991332527626,0,0
56043,2,2,0,1,0.2197478501889289,0,0
01015,3,14,1,2,0.1889895413279507,0,0
01043,3,19,1,2,0.2038205320762237,0,0
01055,3,14,1,2,0.21007340710118008,0,0
01059,4,10,1,2,0.21052846443910228,0,0
01069,4,14,1,2,0.23823652234666093,0,0
01079,3,10,1,2,0.2439131128023337,0,1
01091,4,15,1,2,0.26252546553642303,0,0
01095,4,18,1,2,0.21860664077552885,0,0
01107,4,8,1,2,0.2405439214256056,0,0
01113,3,12,1,2,0.22066585193965552,0,0
01127,3,18,1,2,0.23123613197702503,0,0
01131,4,13,1,2,0.24457227501391046,0,0
04015,1,25,0,2,0.22609202252393204,0,1
04021,2,34,0,2,0.25161722702365186,0,1
05005,3,12,1,2,0.1647350061980566,0,0
05017,4,6,0,2,0.33405267257604954,0,0
05037,4,8,1,2,0.3344238569482164,0,0
05045,1,15,1,2,0.21772512219560733,0,0
05049,1,14,1,2,0.21778884276759577,0,0
05057,4,10,1,2,0.2969590719316776,0,0
05059,4,12,1,2,0.21498229360440518,0,1
05095,4,9,1,2,0.3343810898719913,0,1
05115,4,13,1,2,0.22635077736998013,0,1
05117,3,11,1,2,0.27476181539787503,0,1
05121,4,11,1,2,0.2761555260454804,0,0
05141,4,12,1,2,0.23079685834615704,0,0
05147,4,9,1,2,0.33053084519417075,0,1
06007,4,18,1,2,0.23554663877901572,0,0
06011,3,9,1,2,0.2942862338985716,0,0
06013,1,49,0,2,0.141890198318047,0,0
06029,1,52,0,2,0.32885380512321477,0,1
06067,2,57,0,2,0.22520383012284417,0,0
06081,1,30,0,2,0.1045558537070371,0,0
06083,2,24,1,2,0.17512778727378545,0,0
06089,3,30,0,2,0.2249239930611991,0,1
06093,3,23,1,2,0.23571033111256168,0,1
06099,3,28,0,2,0.2858680845339251,0,0
06107,4,41,0,2,0.3711971576669543,0,0
06113,3,19,1,2,0.21652234029574235,0,0
08001,2,35,1,2,0.16752958285883857,0,0
08003,4,5,0,2,0.20839927457774907,0,0
08009,4,8,1,2,0.2102184624147415,0,1
08021,4,8,0,2,0.011988443050885355,0,0
08023,4,7,0,2,0.2171479171318786,0,0
08027,2,4,0,2,0.11528781211132048,0,0
08029,4,8,0,2,0.14394954799175266,0,0
08031,2,36,0,2,0.15587671006581086,0,0
08035,1,18,1,2,0.09820817439614218,0,0
08037,1,13,1,2,0.10492669515521236,0,0
08039,1,14,0,2,0.13235246316569876,0,0
08055,2,4,1,2,0.20076479132780886,0,1
08077,2,19,1,2,0.1618452710280028,0,0
08079,1,3,0,2,0.09948532371948773,0,0
08083,3,7,0,2,0.1672251958990636,0,0
08085,3,12,0,2,0.13583489777283253,0,0
08099,3,6,1,2,0.19003372929218593,0,0
08105,4,4,0,2,0.16174704171596724,0,0
08125,3,13,0,2,0.1690329910632841,0,0
09009,1,41,1,2,0.10803242561292796,0,0
10005,2,24,1,2,0.13806140705891148,0,0
12001,3,23,1,2,0.12574282050428967,0,0
12011,2,53,0,2,0.12910074155745963,0,0
12017,3,15,1,2,0.11229605497419351,0,0
12019,2,12,1,2,0.12471782529769194,0,0
12029,4,6,0,2,0.18323370532990696,0,0
12035,2,7,1,2,0.11374675509204636,0,0
12045,2,2,0,2,0.1346173628076288,0,0
12069,2,28,0,2,0.14536932501393635,0,0
12073,3,10,1,2,0.1254698710811703,0,0
12083,3,31,1,2,0.1401743193955529,0,0
12086,3,79,0,2,0.19423520533643338,0,0
12087,2,11,1,2,0.13743086207297656,0,0
12091,2,14,1,2,0.09968042294742016,0,0
12127,3,29,0,2,0.1372550340529768,0,0
12131,2,12,1,2,0.11937759571461687,0,0
13001,4,7,1,2,0.26189218981481466,0,0
13023,4,6,1,2,0.24222638125548882,0,0
13033,4,9,1,2,0.28903639005185866,0,0
13035,4,5,1,2,0.2460552794665049,0,0
13051,3,14,0,2,0.17507741607497512,0,0
13057,1,15,1,2,0.08231131935515446,0,0
13061,4,6,0,2,0.29817356879075363,0,0
13065,4,7,0,2,0.2834024934783767,0,0
13075,4,5,1,2,0.2457809318833971,0,0
13077,1,10,1,2,0.1349602795835271,0,0
13083,3,5,1,2,0.14784551455798792,0,0
13093,4,8,1,2,0.28014213849852704,0,0
13097,2,8,1,2,0.16037574457773723,0,0
13129,4,8,1,2,0.18008027341862082,0,1
13131,4,6,0,2,0.259270111777349,0,0
13167,4,5,1,2,0.28319370416813877,0,1
13171,3,9,0,2,0.232004771030158,0,0
13195,3,11,1,2,0.17750444030236068,0,0
13197,4,4,1,2,0.24347430033343787,0,1
13199,4,10,0,2,0.2327313036714579,0,0
13201,4,5,0,2,0.2811988530237984,0,0
13207,2,9,0,2,0.17858967670945106,0,0
13213,3,6,0,2,0.15361631531152808,0,0
13217,3,11,1,2,0.23441573821374892,0,0
13229,4,7,0,2,0.2379758661804795,0,0
13235,4,5,1,2,0.2683995102806887,0,0
13239,4,2,0,2,0.24091847412212086,0,0
13241,4,9,0,2,0.15674548752710343,0,0
13245,1,11,0,2,0.2624314566132819,0,0
13249,3,7,0,2,0.2076969003820129,0,0
13269,1,6,0,2,0.13178464676851356,0,0
13271,4,7,0,2,0.2879512266812353,0,0
13275,3,9,1,2,0.21284010784184157,0,1
13277,4,9,1,2,0.2608157228815193,0,1
13281,3,3,1,2,0.11895932582236075,0,1
13285,4,7,1,2,0.23088661416991454,0,0
13287,4,4,1,2,0.29481708048910127,0,1
13289,4,6,0,2,0.28106428030780495,0,0
16007,3,10,0,2,0.05351700658691111,0,0
16029,2,7,0,2,0.17136429610810688,0,0
16031,3,9,1,2,0.24891147147448528,0,0
16045,2,7,1,2,0.17609125150056765,0,0
16053,4,5,0,2,0.26019995116986566,0,0
16069,2,10,1,2,0.1712732187305662,0,0
16073,3,12,1,2,0.26127491577781065,0,0
16079,4,15,1,2,0.17069960622235483,0,0
16085,1,4,0,2,0.13480086668847743,0,0
17003,1,8,1,2,0.1751579701438382,0,1
17007,1,15,1,2,0.16612376746656857,0,0
17013,2,7,1,2,0.14801797464844438,0,1
17015,1,11,0,2,0.15402853075469866,0,0
17023,2,11,0,2,0.1531862764125742,0,0
17031,2,176,0,2,0.14897766707559795,0,0
17033,2,10,1,2,0.16808833064116346,0,0
17035,3,12,0,2,0.17641425557499643,0,0
17037,2,22,0,2,0.1957552137678561,0,0
17043,1,43,1,2,0.09400387239262145,0,0
17055,4,19,1,2,0.22007103933887615,0,1
17073,1,23,1,2,0.16846333873770938,0,1
17077,4,22,0,2,0.18454283343522307,0,0
17089,1,33,0,2,0.1481063615394499,0,0
17091,2,21,1,2,0.21242308213094555,0,0
17097,1,35,1,2,0.12686296370331007,0,0
17113,2,33,1,2,0.16073273222483642,0,0
17141,2,27,1,2,0.16987971933681212,0,1
17149,3,16,1,2,0.17303483680265966,0,0
17165,4,11,1,2,0.2314201443879354,0,0
17167,2,29,1,2,0.1399533978903137,0,0
17191,3,20,0,2,0.18838995666616623,0,0
18007,3,10,0,2,0.2527914648829925,0,0
18011,1,12,1,2,0.1296404059590744,0,1
18037,1,13,1,2,0.15654525509522677,0,1
18039,2,17,1,2,0.2141495590348527,0,0
18053,3,15,1,2,0.2633558645949745,0,0
18083,3,11,1,2,0.23634571074584074,0,1
18093,2,12,1,2,0.2053986520085603,0,1
18097,3,40,0,2,0.2155995256727311,0,0
18099,3,13,0,2,0.22689023624220758,0,0
18107,2,16,1,2,0.17670612030068136,0,0
18111,2,12,0,2,0.20764716286358542,0,0
18113,1,17,0,2,0.19792050176530915,0,0
18119,3,14,0,2,0.2058486560631493,0,0
18125,2,11,0,2,0.19536054756818097,0,0
18127,1,15,1,2,0.1744823266852057,0,0
18129,1,7,1,2,0.17441072609376726,0,0
18131,3,13,0,2,0.23745242681704593,0,0
18133,1,15,1,2,0.18111017120420328,0,1
18137,2,12,0,2,0.17732146610094482,0,0
18157,3,18,1,2,0.1662163869902659,0,0
18171,2,11,0,2,0.19761030211441763,0,0
18175,2,12,1,2,0.17643731932747145,0,0
19007,3,11,1,2,0.17408874788912307,0,0
19031,1,18,1,2,0.1488337523367974,0,0
19075,1,16,0,2,0.15555578067880488,0,0
19087,2,11,1,2,0.16379077500023037,0,0
19091,2,17,0,2,0.16066052417542942,0,0
19093,1,12,0,2,0.15295408149700235,0,0
19101,1,16,0,2,0.13070357715082834,0,0
19105,2,16,1,2,0.165973393861784,0,0
19121,1,14,1,2,0.12309468301298418,0,0
19125,1,19,0,2,0.13191955347469136,0,0
19135,2,7,0,2,0.13822064924308633,0,0
19141,2,14,0,2,0.15786741769902607,0,0
19149,1,14,1,2,0.165264305964791,0,0
19151,2,16,1,2,0.18618253044474287,0,1
19163,2,22,1,2,0.1542328200050621,0,0
20001,3,11,1,2,0.26779822156984173,0,0
20003,3,10,0,2,0.25162190805388407,0,0
20023,3,5,0,2,0.22181166758957221,0,0
20039,2,8,1,2,0.1846732157896957,0,1
20047,3,7,1,2,0.21902273506251066,0,1
20055,3,7,1,2,0.2574380701906027,0,1
20061,3,8,1,2,0.2664419128392586,0,1
20093,3,4,0,2,0.30236723519190584,0,0
20097,2,7,1,2,0.1931620879438419,0,1
20099,4,13,1,2,0.2891234127779778,0,0
20127,2,9,1,2,0.25779282866794695,0,1
20135,3,9,1,2,0.16289137129854622,0,1
20139,2,15,1,2,0.2601414374857092,0,0
20143,2,11,0,2,0.18568782882804982,0,0
20147,2,9,1,2,0.14865126646583285,0,1
20167,2,11,1,2,0.1862038872250594,0,1
20179,1,11,1,2,0.16078504954378997,0,1
20187,3,3,0,2,0.2695638862257148,0,0
20191,2,18,0,2,0.20437592581842293,0,0
20199,2,4,0,2,0.19965028531330173,0,0
20209,4,11,0,2,0.2958250494573101,0,0
21001,4,10,1,2,0.23397373078796965,0,0
21007,1,6,0,2,0.14406572115143346,0,0
21009,4,11,1,2,0.27430012052806896,0,0
21021,3,5,1,2,0.19973845265503615,0,0
21031,4,10,0,2,0.22508399964967216,0,0
21037,2,10,1,2,0.13759200179704717,0,0
21057,4,3,1,2,0.2520411269253831,0,1
21085,4,9,1,2,0.2525490699273835,0,0
21087,4,8,0,2,0.2510166601567196,0,0
21089,3,11,0,2,0.19801327009476016,0,0
21097,3,6,1,2,0.22074260890510436,0,0
21101,3,8,1,2,0.24984861823116747,0,0
21103,3,13,1,2,0.21159058233708003,0,0
21141,4,7,1,2,0.2582088044550426,0,0
21149,2,7,1,2,0.24486433280670405,0,1
21155,1,11,0,2,0.23760137434431455,0,0
21171,4,6,1,2,0.15958804957887956,0,0
21177,3,17,0,2,0.23622669229980497,0,0
21179,1,9,1,2,0.14900969712861672,0,1
21185,1,11,1,2,0.10084475203441837,0,0
21187,3,9,0,2,0.2099570984229648,0,0
21191,3,10,1,2,0.19257437537416605,0,0
21193,1,21,0,2,0.16493405952437906,0,0
21197,4,4,1,2,0.17931232588049253,0,0
21211,2,14,1,2,0.16706601617974767,0,1
22009,4,15,1,2,0.25823296187125494,0,1
22013,4,13,1,2,0.27934925400844873,0,0
22015,3,15,0,2,0.22174817810476416,0,1
22027,4,11,1,2,0.294947837531123,0,0
22049,4,7,1,2,0.24960725086554125,0,0
22061,1,8,0,2,0.23774012455730587,0,1
22067,4,7,0,2,0.2987193329222367,0,0
22075,2,9,0,2,0.2532030215733567,0,0
22079,4,27,1,2,0.2374099228783905,0,0
22081,3,5,0,2,0.2158164143738008,0,0
22103,2,17,1,2,0.14212473568776396,0,0
22111,3,10,1,2,0.2363525131658027,0,0
22125,2,4,0,2,0.11884434319333174,0,0
23013,1,19,1,2,0.06980705851692545,0,1
23015,2,25,0,2,0.06602778276719576,0,0
23017,1,33,1,2,0.11262123125840205,0,0
23025,4,24,1,2,0.13199091284548797,0,0
24027,1,24,1,2,0.07511412870949881,0,0
24029,2,9,1,2,0.1892598304239127,0,0
24033,1,39,0,2,0.13713175567420868,0,0
24035,1,16,1,2,0.14132771917036127,0,0
25001,1,47,1,2,0.09408597556740084,0,0
25013,2,41,1,2,0.17050754691737702,0,0
25017,1,83,0,2,0.07115647310951911,0,0
25025,3,36,1,2,0.14138439012375356,0,0
26001,3,13,0,2,0.14539546876787962,0,0
26005,2,24,1,2,0.17528658876268863,0,0
26007,3,8,0,2,0.14701758012184085,0,0
26011,3,10,1,2,0.19956518527698758,0,0
26013,3,7,1,2,0.15665043139883852,0,1
26023,3,13,1,2,0.2369241878734262,0,0
26025,3,22,1,2,0.21189290501304656,0,0
26027,2,14,1,2,0.20155446680854558,0,1
26065,1,22,1,2,0.18627420982425613,0,0
26073,4,15,1,2,0.1792374988375643,0,0
26107,3,16,0,2,0.1576264540034434,0,0
26139,1,22,1,2,0.1312360496755416,0,0
26153,3,7,0,2,0.20546647168402568,0,0
26163,3,68,0,2,0.22358590215474686,0,0
26165,3,13,0,2,0.1549686343444004,0,0
27009,1,9,1,2,0.12241504083911114,0,1
27021,2,24,0,2,0.14664578817248958,0,0
27035,2,18,0,2,0.1053986850320877,0,0
27037,1,22,1,2,0.09318112545618337,0,0
27041,1,17,1,2,0.11723855110203368,0,1
27053,1,72,0,2,0.1085953906586587,0,0
27057,2,10,1,2,0.14374418615161752,0,0
27089,1,15,0,2,0.1687259567945927,0,0
27095,2,12,1,2,0.13504697076153363,0,0
27097,2,20,1,2,0.12866039880302266,0,1
27143,1,16,0,2,0.1492632364561954,0,0
27147,1,11,0,2,0.1674170656670588,0,0
27149,2,8,0,2,0.14165051025602005,0,0
27151,3,11,1,2,0.1651041668173943,0,1
27157,1,13,0,2,0.12001984781401122,0,0
27165,2,10,0,2,0.19167693972184718,0,0
27171,1,19,1,2,0.10790643639844094,0,0
27173,2,14,0,2,0.168432459533295,0,0
28017,4,8,0,2,0.22769392429337648,0,0
28027,4,11,1,2,0.35458825847090175,0,0
28031,4,8,1,2,0.194974777076313,0,0
28037,4,8,1,2,0.17894803582811625,0,1
28051,4,9,1,2,0.2775379319229202,0,0
28057,3,10,1,2,0.16225250172349012,0,0
28065,4,9,1,2,0.19940171397254142,0,0
28067,4,13,0,2,0.17465535777146143,0,1
28081,3,15,1,2,0.1490999877231742,0,0
28085,4,12,1,2,0.17707120431015025,0,1
28087,3,8,1,2,0.16720389300587876,0,0
28099,4,8,1,2,0.22529908325423384,0,0
28109,3,5,1,2,0.15507267327094876,0,1
28119,4,10,1,2,0.3264765420001804,0,1
28123,4,10,1,2,0.2232743853511211,0,0
28133,4,16,1,2,0.35357275046744774,0,1
28137,3,5,1,2,0.23580773508006192,0,0
28139,4,9,0,2,0.19480415123713812,0,0
28149,4,3,0,2,0.1912003792025139,0,0
28153,4,7,1,2,0.19287393006339604,0,0
28161,4,7,1,2,0.194761646525708,0,0
29001,4,9,1,2,0.15697936563301224,0,0
29003,2,17,0,2,0.21202087264445107,0,0
29013,3,13,1,2,0.22827909565370075,0,0
29015,3,13,1,2,0.1999192755823338,0,0
29027,2,19,0,2,0.14263073547715927,0,0
29029,3,18,1,2,0.14644255861054775,0,1
29045,3,11,0,2,0.20647027918850958,0,0
29059,4,13,1,2,0.22998236316404536,0,0
29063,2,10,1,2,0.24069660821724434,0,0
29071,1,23,1,2,0.18234349492735136,0,0
29079,3,7,1,2,0.2419588680350054,0,1
29087,3,6,0,2,0.23434247873495972,0,0
29103,4,12,1,2,0.24596077404857158,0,1
29113,2,17,1,2,0.21188952132863703,0,0
29119,1,14,1,2,0.1846006125306026,0,0
29121,2,15,1,2,0.18574639541921495,0,0
29125,3,10,0,2,0.17719727802422705,0,0
29127,3,10,1,2,0.20500750323732295,0,0
29153,4,18,1,2,0.25932932870930964,0,1
29157,2,8,0,2,0.19754126359418925,0,0
29169,2,11,1,2,0.1568454592604881,0,0
29179,3,11,0,2,0.2176753061737638,0,0
29189,1,46,0,2,0.15003554676881173,0,0
29203,4,9,0,2,0.24783095545321981,0,0
29217,4,13,1,2,0.243474945812163,0,0
29219,3,9,1,2,0.1821797550461481,0,1
30011,2,8,0,2,0.16395549740045012,0,0
30013,3,18,1,2,0.18543297944699824,0,1
30021,1,8,1,2,0.17125996880988106,0,1
30029,2,16,1,2,0.10630836879280106,0,0
30073,3,6,1,2,0.23157169505299674,0,1
30083,1,9,0,2,0.16581013844338854,0,0
30093,3,7,0,2,0.13968358937694073,0,0
30097,1,6,0,2,0.14997826148791243,0,0
30099,2,12,0,2,0.1700803637937849,0,0
30105,3,12,1,2,0.20996315217925157,0,1
31001,2,14,1,2,0.13698504950641915,0,1
31019,1,14,0,2,0.1294463708929025,0,0
31037,3,7,0,2,0.15771309513898082,0,0
31053,2,14,0,2,0.15994858370723433,0,0
31057,4,7,0,2,0.19471137702400593,0,0
31059,1,14,0,2,0.12725888435876012,0,0
31065,3,9,0,2,0.1688758837986154,0,0
31091,1,1,0,2,0.18163912056172793,0,0
31101,2,7,0,2,0.16212502353273822,0,0
31127,2,13,0,2,0.15916877072600605,0,0
31135,1,10,1,2,0.16549756569067783,0,1
31137,2,10,0,2,0.14897214483504684,0,0
31141,1,11,1,2,0.11596678195119191,0,1
31157,3,8,1,2,0.21606105545549312,0,0
31163,2,8,0,2,0.1639094064782916,0,0
31181,2,8,0,2,0.16685767297185317,0,0
32015,3,2,0,2,0.31483840428347903,0,0
32017,1,5,1,2,0.10201431870967524,0,1
32021,3,5,1,2,0.31821165366540466,0,1
33001,1,15,0,2,0.06842389490237741,0,0
33007,2,16,1,2,0.09747610219847087,0,1
33011,1,34,1,2,0.06788650354797528,0,0
33017,1,17,0,2,0.08662872975706601,0,0
33019,2,19,0,2,0.07676911174145117,0,0
34001,1,30,0,2,0.1538586564827616,0,0
34005,1,38,0,2,0.10223831475807404,0,0
34017,3,16,0,2,0.15595529450411932,0,0
34023,1,44,0,2,0.10785004289687714,0,0
34029,1,30,0,2,0.10998112935247287,0,0
34035,1,32,1,2,0.08081963347642154,0,0
35001,1,27,0,2,0.22093402036089632,0,0
35005,4,9,1,2,0.4023628625949172,0,1
35009,1,7,1,2,0.2534149487158292,0,1
35019,2,5,1,2,0.19104806174738206,0,1
35029,4,3,1,2,0.3346590385368416,0,0
35037,4,10,1,2,0.2917868224861544,0,1
36003,3,37,1,2,0.10900095395292259,0,0
36031,2,34,1,2,0.07780146420467901,0,1
36045,3,39,1,2,0.1201489669090448,0,0
36051,2,30,0,2,0.12522842823506133,0,0
36069,1,25,0,2,0.10884670555545001,0,0
36073,3,15,1,2,0.2028592252561916,0,0
36075,3,27,1,2,0.13807809707619334,0,0
36083,2,29,1,2,0.10259765788612418,0,0
36085,1,12,0,2,0.13516951653972928,0,0
36111,2,63,1,2,0.09843515985954537,0,0
36113,1,25,0,2,0.0922638015809641,0,0
36119,1,77,0,2,0.10072227960560363,0,0
37007,4,8,1,2,0.20338576124008342,0,0
37015,4,10,1,2,0.2324044466490052,0,0
37037,1,18,1,2,0.08710325605347066,0,0
37043,3,5,1,2,0.10918337789183884,0,1
37059,2,6,1,2,0.11899538534099031,0,1
37061,4,19,1,2,0.22279508722157326,0,0
37067,1,22,1,2,0.13400979888419448,0,0
37091,4,9,1,2,0.20258561502731995,0,0
37103,4,9,0,2,0.20571298423008122,0,0
37113,3,6,0,2,0.12021671552026887,0,0
37115,3,6,0,2,0.12042111757897471,0,0
37123,3,8,0,2,0.14685347926439127,0,0
37131,4,12,1,2,0.20499075326768407,0,0
37133,3,16,1,2,0.14696332422215466,0,0
37137,3,9,0,2,0.16868565467989957,0,0
37145,2,10,0,2,0.16025371464726837,0,0
37151,3,24,1,2,0.15781933021244776,0,0
37157,3,11,1,2,0.16510669730203026,0,0
37161,1,16,1,2,0.144516870839478,0,0
37165,4,7,1,2,0.23735571538434797,0,0
37199,3,5,0,2,0.13998519288143202,0,0
38001,1,6,0,2,0.20524068390512193,0,0
38009,1,14,0,2,0.17306450207865076,0,0
38031,1,8,0,2,0.15352782115158947,0,0
38039,2,9,0,2,0.18175162714896043,0,0
38043,2,13,0,2,0.18536792974502247,0,0
38061,2,12,0,2,0.21709562775378902,0,0
38067,1,13,1,2,0.13736781693985087,0,1
38069,3,11,0,2,0.193526184292966,0,0
38073,1,11,1,2,0.15341275129442242,0,1
38085,4,9,1,2,0.38800767804700104,0,1
38091,1,12,0,2,0.15602846111676247,0,0
38095,3,10,0,2,0.19481953364755453,0,0
39011,1,18,0,2,0.22721899298267204,0,0
39013,2,27,1,2,0.1733332402821009,0,0
39035,1,52,0,2,0.17593996995800404,0,0
39059,3,20,1,2,0.21285411661582698,0,0
39063,1,24,1,2,0.16637701055873164,0,0
39081,3,23,1,2,0.2175969523642654,0,0
39091,2,18,1,2,0.22497364443064827,0,0
39093,2,24,1,2,0.18490371284652551,0,0
39103,1,24,1,2,0.12995225594210627,0,0
39107,1,18,1,2,0.2160703307549177,0,1
39117,2,16,1,2,0.19407348545803324,0,1
39137,1,17,1,2,0.18132411272710647,0,0
39143,2,17,1,2,0.24625505664213343,0,0
39151,1,42,1,2,0.18327081318624394,0,0
39153,2,41,0,2,0.17713542559212614,0,0
39165,1,24,1,2,0.13416803506161842,0,0
40041,4,13,1,2,0.28164486849058784,0,1
40051,2,14,1,2,0.2720664731813239,0,0
40065,3,9,1,2,0.31090856755578405,0,0
40085,3,8,1,2,0.3524678092284625,0,1
40095,4,3,1,2,0.3131348376926668,0,0
40097,4,17,1,2,0.3270870689823466,0,1
40099,3,7,1,2,0.32940325572642143,0,0
40107,4,11,1,2,0.3464106131603942,0,0
40131,1,12,1,2,0.2622180533183874,0,0
40137,3,10,1,2,0.3316888746330231,0,1
41003,1,10,1,2,0.14840702070828451,0,1
41015,2,7,1,2,0.12835563900039396,0,0
41035,4,17,1,2,0.2614493832396027,0,1
42017,1,55,0,2,0.1070154639587,0,0
42021,1,51,1,2,0.1059503957095574,0,0
42023,3,4,0,2,0.13648619144235644,0,0
42055,1,30,1,2,0.1306458453399432,0,0
42061,2,33,1,2,0.14325781099599127,0,1
42091,1,69,0,2,0.10322770109021524,0,0
42103,1,19,0,2,0.11562954580444564,0,0
42129,1,86,1,2,0.10872380870628708,0,0
45009,4,8,1,2,0.31079416942661314,0,0
45021,4,8,1,2,0.2274986412536668,0,0
45027,4,11,1,2,0.28531043050819416,0,1
45031,4,10,1,2,0.2410196837672414,0,0
45037,3,10,1,2,0.19187691346382968,0,0
45045,1,27,0,2,0.136763163093529,0,0
45065,1,11,0,2,0.20258781003648182,0,0
45073,3,13,1,2,0.17999062302269395,0,1
45081,4,12,1,2,0.28269954106807216,0,0
45083,2,34,0,2,0.16708479539185506,0,0
45089,4,12,1,2,0.2913341294183209,0,0
45091,1,15,1,2,0.16802726166403803,0,0
46015,2,6,0,2,0.16069767018555697,0,0
46017,4,6,0,2,0.27107387768916624,0,0
46035,2,6,1,2,0.13678606437976856,0,0
46043,1,8,0,2,0.09183984896427656,0,0
46045,1,10,0,2,0.14799842250744044,0,0
46057,1,12,0,2,0.12522682926653933,0,0
46061,2,7,0,2,0.13221800938922523,0,0
46069,1,5,0,2,0.1370383460144422,0,0
46085,2,9,0,2,0.2145293335238643,0,0
46093,2,18,1,2,0.13670665744092214,0,0
46095,4,7,0,2,0.31979085554389064,0,0
46109,4,16,1,2,0.23706824790444406,0,1
46115,1,15,0,2,0.14357562919051808,0,0
46123,4,8,0,2,0.18060765504896995,0,0
46135,2,10,1,2,0.11792313419055667,0,0
47021,2,12,1,2,0.1710398245678109,0,1
47039,4,9,0,2,0.22387577948099036,0,0
47041,4,11,0,2,0.24372317606367866,0,0
47049,4,9,1,2,0.21450697028072832,0,0
47055,3,17,1,2,0.2242970607464891,0,0
47059,4,10,1,2,0.22345694657573859,0,0
47069,4,12,1,2,0.24574005654292652,0,0
47105,2,9,0,2,0.15888657172416723,0,0
47107,4,12,1,2,0.21060995790138254,0,0
47121,3,6,1,2,0.19209046891337409,0,0
47129,4,12,1,2,0.18875422466006725,0,0
47147,2,12,1,2,0.19985351525624392,0,0
47161,2,8,0,2,0.19205738751180787,0,0
47165,1,10,1,2,0.16994507736022205,0,0
47173,4,11,0,2,0.20771633245413876,0,0
47177,4,6,1,2,0.2654825269325552,0,1
47179,1,13,1,2,0.1639013935429993,0,0
47181,4,10,1,2,0.20690877338755384,0,0
48001,3,10,1,2,0.2542023395176082,0,0
48003,2,1,1,2,0.32970074973544555,0,0
48005,4,6,1,2,0.24444208794677472,0,0
48015,2,13,1,2,0.2604403655743834,0,0
48029,2,77,0,2,0.3017672910144592,0,0
48049,3,10,1,2,0.247188732273301,0,0
48061,4,17,0,2,0.4109412898420501,0,0
48065,1,6,0,2,0.23157741419398065,0,0
48067,4,14,1,2,0.23456430665791586,0,1
48073,4,12,1,2,0.23637817280198573,0,1
48077,2,9,1,2,0.2666067413269865,0,1
48087,4,5,1,2,0.2984635271209995,0,1
48093,2,14,1,2,0.2401761105480545,0,0
48105,2,6,0,2,0.32651700809029804,0,0
48107,4,9,0,2,0.3802270138088143,0,0
48123,3,9,1,2,0.30706050607030816,0,0
48133,4,9,1,2,0.2624973384260866,0,0
48139,1,20,1,2,0.24577974718665227,0,0
48143,1,13,1,2,0.2499617298384643,0,1
48159,1,7,1,2,0.17878964840943107,0,1
48195,4,3,0,2,0.3759694742137373,0,0
48221,1,8,1,2,0.20157400938265116,0,0
48225,4,7,1,2,0.27221371814594153,0,0
48237,3,11,0,2,0.2806976172185907,0,0
48259,1,8,1,2,0.15657179961739107,0,1
48319,2,6,0,2,0.2113692174007052,0,0
48325,1,15,0,2,0.25062190708577553,0,0
48345,3,6,0,2,0.2528246023174972,0,0
48351,3,11,0,2,0.23048707741566413,0,0
48365,3,13,1,2,0.24292127244315478,0,0
48371,3,6,1,2,0.3873782372027139,0,0
48381,1,15,1,2,0.23641176799927077,0,0
48387,4,9,1,2,0.290737967553368,0,0
48405,4,4,1,2,0.24250786326220555,0,1
48411,3,7,1,2,0.28948156199411507,0,1
48413,2,3,0,2,0.07279513359127088,0,0
48421,3,4,0,2,0.28926645741871304,0,0
48423,3,22,0,2,0.19236668090097223,0,1
48431,2,2,0,2,0.3136941744690762,0,0
48449,4,6,1,2,0.26954283984074107,0,1
48453,1,63,0,2,0.15252445556773522,0,0
48463,4,8,1,2,0.39369321724846007,0,0
48469,3,12,1,2,0.31614425358106224,0,0
49033,2,4,0,2,0.23020444612344554,0,0
49035,1,36,0,2,0.242444490816373,0,0
49039,3,15,1,2,0.2284169984491756,0,0
49041,3,12,1,2,0.2428836303815869,0,0
49049,2,24,0,2,0.16813575881297885,0,0
50013,1,5,1,2,0.07356678984138042,0,1
50021,1,29,1,2,0.07652922946007924,0,0
50025,2,24,1,2,0.08756383020801063,0,1
51003,2,24,1,2,0.08994110194466906,0,0
51011,3,8,0,2,0.17379901234680933,0,0
51019,1,18,1,2,0.10770427411538507,0,1
51025,3,16,1,2,0.21301243759402833,0,0
51037,4,14,1,2,0.05815087553952386,0,0
51047,1,18,1,2,0.14356725016414834,0,1
51049,3,7,0,2,0.18572719361740325,0,0
51059,1,48,0,2,0.06487299355959093,0,0
51069,1,12,1,2,0.09598547701119377,0,1
51085,1,12,1,2,0.08137607831345677,0,0
51087,2,16,1,2,0.1489624486660784,0,0
51091,2,7,0,2,0.12400334218329111,0,0
51103,2,6,1,2,0.1491335839599034,0,0
51115,2,15,0,2,0.12163189334626495,0,0
51121,3,10,1,2,0.1130888448685786,0,0
51127,1,6,1,2,0.10978721854691166,0,0
51157,1,10,0,2,0.1075887242604776,0,0
51167,4,11,0,2,0.19216594481206953,0,0
51169,3,12,0,2,0.17886102756465064,0,0
51179,1,5,1,2,0.09476082274625124,0,0
51185,1,18,1,2,0.13473190439532945,0,0
51197,3,11,0,2,0.1545958417297564,0,0
51530,4,1,0,2,0.18169730048531688,0,0
51570,2,1,1,2,0.11943601537665004,0,0
51775,1,1,0,2,0.0880201831238676,0,0
53011,1,20,0,2,0.12730652249765761,0,0
53019,4,9,0,2,0.21857827577310124,0,0
53023,3,2,1,2,0.23034509827740346,0,1
53027,1,21,0,2,0.16602383680168936,0,0
53033,1,84,0,2,0.10378609732004294,0,0
53041,2,23,1,2,0.1551204535484541,0,1
53059,1,8,1,2,0.13528045486542684,0,1
53065,3,21,0,2,0.18828712552328655,0,0
54019,1,42,0,2,0.12136906356517033,0,0
54033,3,21,0,2,0.1797716613443693,0,0
54039,1,46,1,2,0.2142347755469601,0,0
54063,3,13,0,2,0.2270206328509321,0,0
54067,3,25,1,2,0.23793966847167913,0,0
54079,2,17,1,2,0.18791231569652336,0,0
54089,4,15,0,2,0.22763227838673317,0,0
54091,3,10,0,2,0.19944038610278153,0,0
55005,2,19,1,2,0.10803986875443737,0,1
55013,3,11,0,2,0.1114351645339358,0,0
55021,1,20,1,2,0.11530575511965883,0,1
55029,1,13,1,2,0.10717917082229662,0,0
55033,2,22,0,2,0.12098617677904562,0,0
55035,2,15,0,2,0.11131461684568526,0,0
55049,1,19,0,2,0.1033658336990395,0,0
55051,3,12,0,2,0.11996373432581948,0,0
55055,1,19,1,2,0.12442986923407594,0,0
55057,3,14,1,2,0.13177324102127577,0,0
55061,1,6,1,2,0.11747037808775827,0,0
55069,1,7,1,2,0.09034734517864859,0,0
55073,1,28,1,2,0.08580848212754166,0,0
55079,3,37,0,2,0.1865154133143769,0,0
55085,1,14,1,2,0.09227633307802631,0,1
55101,2,16,0,2,0.1459734239885172,0,0
55113,3,12,0,2,0.11062848132458858,0,0
55129,2,12,0,2,0.0960577218602003,0,0
56001,1,10,1,2,0.24318307939512132,0,0
56003,2,15,1,2,0.15444704185485622,0,0
56017,3,3,1,2,0.19111428606616918,0,1
56023,1,15,0,2,0.13859445550912866,0,0
56029,1,8,1,2,0.129420685605573,0,0
56033,1,9,1,2,0.14902237635825114,0,0
56045,2,4,0,2,0.18666531906548225,0,0
01001,3,10,1,3,0.19146788417172012,0,1
01005,4,9,0,3,0.23239761846940787,0,0
01023,4,10,0,3,0.23800310055073207,0,0
01025,4,10,1,3,0.2413504453243525,0,0
01031,3,16,1,3,0.18960030727592955,0,1
01049,4,24,0,3,0.22879438986250497,0,0
01057,4,10,1,3,0.20977425357300003,0,0
01077,3,9,1,3,0.19792022554201463,0,0
01103,3,16,1,3,0.20194428399708314,0,0
01119,4,11,1,3,0.25487041657481757,0,0
01123,4,12,1,3,0.20019797563792277,0,1
01133,4,11,1,3,0.2087325172599466,0,0
04023,4,9,1,3,0.30771514260554944,0,1
04027,4,10,0,3,0.28723006932004336,0,1
05003,4,7,1,3,0.20029565434671084,0,0
05007,2,21,0,3,0.15517356459746195,0,0
05013,4,6,0,3,0.20115306939425448,0,0
05015,3,9,1,3,0.18448954011660573,0,0
05035,4,11,1,3,0.3041054191284453,0,0
05039,4,6,1,3,0.20129784370806741,0,1
05055,4,9,1,3,0.20684749713654738,0,1
05069,4,17,1,3,0.24050166245535234,0,0
05073,4,6,1,3,0.24596931461148963,0,1
05087,3,13,1,3,0.20348663372616735,0,0
05101,3,20,1,3,0.1952308639208971,0,1
05105,4,8,1,3,0.237248835965779,0,1
05109,4,10,0,3,0.1962797320648222,0,0
05131,3,16,0,3,0.18804572117968146,0,1
06019,4,56,0,3,0.2749755740124586,0,0
06033,3,15,1,3,0.24462545333406807,0,0
06073,1,108,0,3,0.16623237612824235,0,0
06079,2,26,1,3,0.15828213847410968,0,0
06111,1,33,0,3,0.1515418966524528,0,0
08005,1,33,1,3,0.13988606243577362,0,0
08007,1,5,1,3,0.14664245496143402,0,0
08015,2,5,0,3,0.14636164625846526,0,0
08017,2,4,0,3,0.21427540438759785,0,0
08019,1,6,0,3,0.11627748558361976,0,0
08051,2,11,0,3,0.17200220714306633,0,0
08053,1,3,0,3,0.1521579396635343,0,0
08057,1,2,0,3,0.1315378530210023,0,0
08081,2,5,1,3,0.2663976093082646,0,0
08089,4,7,0,3,0.3102775595574546,0,0
08095,2,3,0,3,0.22629931902645675,0,0
08097,1,7,0,3,0.132157154493694,0,0
08103,2,4,0,3,0.23649600328007025,0,0
08107,1,9,1,3,0.1597122469005974,0,0
08113,1,7,1,3,0.12525476843938904,0,1
08117,1,4,0,3,0.1758893562911681,0,0
09007,1,24,1,3,0.10613248755250526,0,0
12015,2,17,1,3,0.10531034740471275,0,0
12023,3,8,1,3,0.15218834859897157,0,0
12039,4,7,1,3,0.1976289790392308,0,1
12051,4,6,1,3,0.20441190286870545,0,0
12053,3,12,1,3,0.1398539893602625,0,0
12063,1,14,1,3,0.18298628678852308,0,1
12065,4,4,1,3,0.18975401700197167,0,0
12067,4,2,0,3,0.13922034367843722,0,0
12075,4,13,1,3,0.165423372721169,0,0
12077,4,2,0,3,0.15751916048493972,0,0
12085,1,12,1,3,0.11944307774254541,0,0
12097,3,17,1,3,0.15933527656877297,0,0
12101,2,31,1,3,0.13216805633955997,0,0
12111,2,17,1,3,0.14343563654286443,0,0
12133,4,10,1,3,0.1783673395658827,0,0
13005,4,3,1,3,0.22304609013715257,0,1
13017,4,4,1,3,0.2387067999701414,0,0
13027,4,10,0,3,0.21570048454659002,0,0
13045,1,11,1,3,0.17337711198677544,0,0
13047,1,8,0,3,0.1218914892591697,0,0
13059,1,9,1,3,0.20678918225675738,0,0
13063,1,16,1,3,0.206144435928346,0,0
13085,1,5,1,3,0.11914929189493241,0,0
13101,3,6,1,3,0.18957158128967252,0,1
13135,2,26,0,3,0.10471885232551494,0,0
13141,4,5,0,3,0.25133999370119087,0,0
13147,4,8,0,3,0.18230691842026228,0,0
13155,4,7,1,3,0.23578555598231665,0,1
13179,1,9,1,3,0.1787427450950849,0,1
13183,4,5,0,3,0.20279098029071718,0,0
13189,4,4,1,3,0.21023526758266076,0,0
13209,4,7,0,3,0.21111310227051489,0,0
13231,2,8,0,3,0.1945806181858758,0,0
13233,4,8,1,3,0.19324263884512802,0,1
13237,4,5,1,3,0.19812581592921455,0,0
13243,4,8,0,3,0.30970422039152007,0,0
13247,2,9,1,3,0.17356984707145123,0,1
13251,4,6,0,3,0.24095093335705667,0,0
13257,3,5,1,3,0.16778651755758447,0,0
13267,4,6,1,3,0.21826744387804797,0,0
13291,3,4,1,3,0.13471499038577664,0,0
13295,3,14,1,3,0.16854651844894297,0,0
13301,4,9,1,3,0.25153452565200785,0,1
13303,4,10,1,3,0.23483690790990788,0,0
13313,4,8,1,3,0.15866122744484995,0,0
13319,4,9,0,3,0.2241584688543178,0,0
16003,2,6,0,3,0.18316658566732003,0,0
16021,3,4,0,3,0.17999518892544153,0,0
16025,4,2,1,3,0.2784289504791239,0,1
16039,3,7,1,3,0.21275971337607444,0,0
16063,3,6,0,3,0.29215095562178756,0,0
16087,4,5,1,3,0.264592001592866,0,1
17005,3,12,0,3,0.19830999207888197,0,0
17017,3,7,1,3,0.17165609398444878,0,0
17019,3,35,1,3,0.17581552910307754,0,0
17027,1,17,1,3,0.16618723415064005,0,0
17041,2,13,1,3,0.21199616978619412,0,0
17047,2,6,0,3,0.18777161105088033,0,0
17053,2,21,1,3,0.2159688262278703,0,0
17063,1,16,1,3,0.16724729533396418,0,0
17067,2,19,0,3,0.1645530611989199,0,0
17081,3,17,1,3,0.1882914858887891,0,0
17085,1,15,0,3,0.14465107566824925,0,0
17101,3,7,0,3,0.19573276200249137,0,0
17137,3,16,1,3,0.1857388300635247,0,1
17139,2,11,0,3,0.20642629506391846,0,0
17151,3,10,0,3,0.19705309026800039,0,0
17155,1,8,0,3,0.16479992532713506,0,0
17175,3,10,0,3,0.23424952118676778,0,0
17177,3,19,0,3,0.19663492171218758,0,0
17179,1,21,1,3,0.1500409494907707,0,0
17181,3,13,1,3,0.1684452291740754,0,0
17187,3,14,1,3,0.20517613948187932,0,0
17197,1,45,0,3,0.13430107066920413,0,0
17201,2,26,1,3,0.17238786113237384,0,0
18031,2,10,0,3,0.2150688706885472,0,0
18043,2,10,1,3,0.1478973941778761,0,1
18063,1,19,1,3,0.1318488441521455,0,0
18065,3,22,0,3,0.24654682438902115,0,0
18067,2,10,1,3,0.23207378294119083,0,0
18075,3,9,0,3,0.2745666780510015,0,0
18079,2,13,1,3,0.1844415732927114,0,0
18139,2,16,1,3,0.2614424391102247,0,0
18145,2,17,1,3,0.22553634017866142,0,0
18161,2,6,0,3,0.22695493270042716,0,0
18169,2,14,1,3,0.22221254184798558,0,1
18179,2,16,0,3,0.22155035042712146,0,0
18183,1,10,0,3,0.17084233359892667,0,0
19001,2,14,0,3,0.17220434665019105,0,0
19003,2,9,1,3,0.17120975838652278,0,1
19011,1,24,1,3,0.15894563964042252,0,0
19025,2,14,0,3,0.20567076413310098,0,0
19039,3,9,1,3,0.1657359985640613,0,1
19045,2,20,1,3,0.180104357107139,0,0
19077,1,18,1,3,0.1556951731275913,0,1
19103,1,24,1,3,0.16386533343218534,0,0
19131,1,12,0,3,0.18714291921622286,0,0
19153,2,41,0,3,0.12773487671750988,0,0
19155,2,24,1,3,0.14596222551213325,0,0
19157,2,17,1,3,0.15526525418330006,0,0
19167,1,19,0,3,0.1576029072238962,0,0
19173,2,11,0,3,0.18598476170110254,0,0
19183,2,13,0,3,0.17018808023663154,0,0
19187,3,22,1,3,0.18554254174972518,0,0
19189,1,11,0,3,0.17243027289803137,0,0
19193,2,25,1,3,0.14999925947540618,0,0
19197,2,16,1,3,0.18023439992622942,0,0
20007,3,11,0,3,0.2407312125101704,0,0
20019,4,10,1,3,0.2716334837188433,0,1
20021,1,13,1,3,0.1990522504037238,0,0
20025,2,6,0,3,0.22906666188370767,0,0
20041,2,12,1,3,0.2491010907097736,0,0
20045,1,12,1,3,0.17748297368844237,0,0
20049,3,10,0,3,0.267722897158337,0,0
20057,4,10,1,3,0.2519407250483981,0,1
20065,2,13,0,3,0.18950727043443286,0,0
20069,1,7,0,3,0.24144836968471528,0,0
20101,3,5,0,3,0.260413186315848,0,0
20105,2,10,0,3,0.22251142102884772,0,0
20115,1,19,0,3,0.22283714306999264,0,0
20117,2,13,0,3,0.2325351862472578,0,0
20137,1,7,0,3,0.204035599469492,0,0
20145,2,9,0,3,0.21814177146301478,0,0
20171,1,4,0,3,0.2533971062121731,0,0
20175,4,6,1,3,0.30672674765122987,0,0
20177,1,29,0,3,0.22225390411894785,0,0
20189,4,4,0,3,0.2994658529975938,0,0
20195,1,8,0,3,0.21808246397956796,0,0
20197,1,16,0,3,0.20338283520565428,0,0
21011,4,8,1,3,0.2107255020740793,0,0
21013,4,11,1,3,0.22077554348371906,0,0
21017,3,9,0,3,0.22890371603995133,0,0
21029,1,11,1,3,0.16814347671115193,0,0
21035,4,10,0,3,0.20782462813171523,0,0
21067,2,17,1,3,0.14012973764048828,0,0
21071,4,33,1,3,0.20630360663097594,0,1
21079,3,5,1,3,0.19973983587092956,0,0
21105,4,7,1,3,0.27694609716826096,0,1
21113,3,4,1,3,0.16413251155366718,0,1
21115,4,19,1,3,0.174033326329685,0,0
21117,2,12,1,3,0.14490014227014197,0,0
21121,4,19,1,3,0.19567796930475417,0,1
21125,4,8,1,3,0.17887548438317824,0,1
21129,4,6,0,3,0.12793038784511243,0,0
21133,1,26,1,3,0.20779365501634467,0,0
21145,3,7,1,3,0.2209811638776758,0,1
21159,4,9,1,3,0.15529820119842588,0,0
21165,4,5,0,3,0.21780803157664316,0,0
21173,4,5,1,3,0.19933257144967104,0,0
21201,4,7,1,3,0.24072737698205016,0,1
21215,1,8,0,3,0.17554367952626054,0,0
21221,2,5,1,3,0.19892627582323033,0,0
21227,3,9,1,3,0.1702654357630239,0,0
21233,4,10,0,3,0.26586743850606076,0,0
21237,4,5,1,3,0.23149285628230112,0,1
22023,4,8,1,3,0.30624843282495035,0,1
22029,4,5,0,3,0.2958780251520138,0,0
22039,4,12,1,3,0.22200389079889415,0,1
22051,3,17,0,3,0.19810631623204308,0,0
22063,2,17,1,3,0.16861675834381412,0,0
22073,1,14,0,3,0.18473633945039147,0,1
22077,3,17,1,3,0.25032265519964986,0,0
22083,4,6,1,3,0.3057487067161736,0,0
22099,4,8,1,3,0.20301081166985396,0,1
22101,4,8,1,3,0.20788700352968936,0,0
22113,3,12,1,3,0.24550458688102125,0,1
22121,2,5,1,3,0.22529021481979886,0,0
23003,4,41,0,3,0.16655452736098245,0,0
23005,1,38,1,3,0.09044724395668051,0,0
23011,2,27,1,3,0.1083520666855368,0,0
23019,1,47,1,3,0.12948287189984165,0,0
23021,3,16,1,3,0.16338893056888193,0,0
24021,1,34,1,3,0.09821348691824348,0,0
24023,2,12,0,3,0.15344227495421597,0,0
24047,2,12,1,3,0.16050533113296317,0,1
24510,1,31,0,3,0.22581602884864915,0,1
25007,1,7,0,3,0.12488499903214915,0,0
25011,2,32,1,3,0.10052156420030715,0,0
26003,2,13,0,3,0.15667921030556303,0,0
26017,2,16,1,3,0.21114538231742808,0,0
26019,1,11,0,3,0.14594692248581073,0,0
26021,1,23,1,3,0.1926331087891145,0,0
26029,2,10,0,3,0.13987001361823814,0,0
26049,3,34,1,3,0.18298855473908948,0,0
26075,2,29,1,3,0.20019941777259675,0,0
26081,2,39,1,3,0.15800833186681526,0,0
26087,2,22,1,3,0.17268367171826107,0,0
26093,1,20,1,3,0.11698397704009145,0,0
26095,3,3,0,3,0.18961693387292927,0,0
26101,2,15,1,3,0.1503612775297759,0,0
26117,3,25,0,3,0.1972075916435764,0,0
26133,4,9,0,3,0.2014046663618399,0,0
26137,3,7,1,3,0.15751549924997404,0,0
26149,3,13,1,3,0.21083008906407152,0,1
26157,3,21,1,3,0.2077558654588147,0,0
26159,3,22,1,3,0.19028814195683638,0,0
27001,2,12,1,3,0.1492110648230901,0,0
27015,1,10,0,3,0.16094151713809984,0,0
27019,1,18,0,3,0.09812795843291641,0,0
27025,1,15,1,3,0.1262711952216163,0,0
27031,2,6,0,3,0.12647197519209188,0,0
27043,2,14,0,3,0.21203560279959263,0,0
27045,1,16,0,3,0.14518458536490633,0,0
27059,1,12,0,3,0.1304503113546071,0,0
27061,2,30,1,3,0.138408070563631,0,1
27077,1,4,0,3,0.04468653500245462,0,0
27079,1,13,1,3,0.14919737434264707,0,0
27081,2,12,0,3,0.20106902659369863,0,0
27093,1,13,0,3,0.1428694235023469,0,0
27099,2,19,1,3,0.17429638007104872,0,1
27107,2,14,0,3,0.19479510988709453,0,0
27113,1,7,0,3,0.18956658543197522,0,0
27117,2,9,0,3,0.21121003672729358,0,0
27123,2,26,1,3,0.12788900919211027,0,0
27125,2,9,0,3,0.19088877971244964,0,0
27127,2,22,1,3,0.18983756165782104,0,0
27155,1,9,0,3,0.20131536903704159,0,0
27167,1,12,0,3,0.17109134828534803,0,0
28011,4,17,1,3,0.32388524046523004,0,1
28021,4,5,0,3,0.19254170961961686,0,0
28025,4,8,1,3,0.21890659037186302,0,0
28029,4,9,1,3,0.1328599686237704,0,0
28033,1,10,1,3,0.13965112442276753,0,0
28035,1,8,1,3,0.08444174822584917,0,1
28039,4,3,1,3,0.15707262925807855,0,0
28041,3,7,1,3,0.15634374681287455,0,0
28043,4,7,1,3,0.1648026812020441,0,0
28061,4,14,1,3,0.178241896191724,0,0
28063,4,7,0,3,0.19159139851602067,0,0
28077,4,8,0,3,0.17347856061034103,0,0
28079,4,7,0,3,0.19765985970831268,0,0
28089,1,12,1,3,0.10714998965529841,0,0
28103,4,6,1,3,0.25984846022742,0,0
28105,4,6,0,3,0.16271276249472288,0,0
28113,4,8,1,3,0.1890112935093708,0,0
28121,1,12,1,3,0.11581253444198512,0,0
28155,4,10,0,3,0.1832396194956606,0,0
29007,3,14,0,3,0.23993505834310105,0,0
29031,3,19,1,3,0.18866906322609073,0,1
29037,1,18,1,3,0.17079677911919847,0,0
29055,4,12,1,3,0.20048987563854656,0,0
29085,4,13,1,3,0.1979520071063139,0,1
29093,3,16,1,3,0.2205063721685023,0,1
29095,2,55,0,3,0.20211297097340508,0,1
29101,2,19,0,3,0.2137079384359311,0,0
29109,3,21,1,3,0.22823435636673367,0,1
29111,3,12,0,3,0.23413610885696348,0,0
29131,3,17,1,3,0.1980848957307577,0,0
29135,2,13,1,3,0.18150829360141657,0,0
29139,3,11,1,3,0.23863928213497543,0,0
29149,4,12,0,3,0.2735414206730092,0,0
29209,1,17,1,3,0.1798762401053233,0,1
29221,1,16,0,3,0.17785443072678586,0,0
29229,4,11,1,3,0.26208597949143736,0,0
30009,1,13,0,3,0.18992308547852926,0,0
30039,2,5,0,3,0.20367536990902005,0,0
30053,4,6,1,3,0.19260043353192755,0,0
30057,1,18,0,3,0.16413745341116187,0,0
30063,2,16,0,3,0.15247223672448057,0,0
30101,2,8,0,3,0.25824633765223914,0,0
30109,2,2,0,3,0.2160558763721095,0,0
31005,2,8,0,3,0.21453571567742527,0,0
31007,2,8,1,3,0.17959853899468625,0,1
31023,1,14,1,3,0.15795383025033266,0,1
31027,1,13,0,3,0.172750489568512,0,0
31041,1,21,1,3,0.15153504885221303,0,0
31067,2,18,1,3,0.16083140899230067,0,0
31075,2,3,1,3,0.2280290344467145,0,1
31077,1,8,0,3,0.1944177188983924,0,0
31079,2,11,1,3,0.13392626598601387,0,0
31083,2,8,1,3,0.1833561724610719,0,1
31085,2,8,0,3,0.19615192248598565,0,0
31087,2,6,0,3,0.2024300391752814,0,0
31099,2,11,0,3,0.1443851558708782,0,0
31103,2,4,0,3,0.17202334146705653,0,0
31115,2,5,0,3,0.21338814637722708,0,0
31117,2,5,0,3,0.17388508338884875,0,0
31133,3,11,0,3,0.18226554681691867,0,0
31159,1,18,0,3,0.1370157615409582,0,0
31161,2,9,1,3,0.22403942701375382,0,1
31165,3,8,0,3,0.22401475486264583,0,0
32001,2,2,1,3,0.30863334415617794,0,0
32009,4,4,0,3,0.21495178185166014,0,0
32023,1,11,0,3,0.3135687793184541,0,1
34003,1,66,0,3,0.08953526732107117,0,0
34033,2,14,1,3,0.17210812842214543,0,1
35003,3,9,0,3,0.35969118576146186,0,0
35007,4,9,1,3,0.29530147193013423,0,0
35013,1,26,0,3,0.239487915553343,0,0
35017,4,16,1,3,0.23555638272058033,0,0
35035,4,18,1,3,0.332517125836302,0,0
35049,2,15,1,3,0.1717202121927616,0,0
36009,1,36,1,3,0.15145125956765743,0,0
36015,2,22,1,3,0.12912808650487506,0,0
36019,2,25,0,3,0.13851795354191607,0,0
36021,2,36,1,3,0.11430381643497307,0,1
36025,3,47,0,3,0.12614905665165813,0,0
36027,1,35,1,3,0.10114509207335534,0,0
36033,3,23,1,3,0.1446056357316033,0,0
36039,2,42,1,3,0.12358740801396084,0,1
36053,1,31,1,3,0.15882375336657192,0,1
36061,2,47,0,3,0.14124303180451359,0,0
36065,2,54,1,3,0.14723849923408458,0,0
36079,1,12,0,3,0.07807220634897598,0,0
36089,3,49,1,3,0.15627391714221253,0,0
36095,2,24,0,3,0.12805972773177246,0,0
36097,2,18,0,3,0.13483112936927563,0,0
36101,3,39,1,3,0.13068901392795718,0,0
36109,1,17,1,3,0.1421485399515529,0,0
36121,2,24,0,3,0.14343439251736917,0,0
36123,2,13,0,3,0.14379101287182405,0,0
37003,2,8,1,3,0.12369530661081729,0,0
37013,4,15,1,3,0.17223937795262026,0,1
37017,4,18,1,3,0.2010918323658046,0,0
37021,2,19,1,3,0.09751948412890345,0,0
37025,2,16,1,3,0.11865898788187862,0,0
37027,3,10,1,3,0.1255863305197606,0,0
37035,2,14,1,3,0.1255861251163199,0,0
37045,1,13,1,3,0.16776178898455368,0,0
37063,2,16,1,3,0.10394247397246154,0,0
37065,4,15,1,3,0.20225908638449758,0,1
37069,3,13,1,3,0.13923525108060775,0,0
37073,2,6,0,3,0.17714987619536635,0,0
37075,4,2,0,3,0.16362658277170858,0,0
37083,4,9,1,3,0.196656015440397,0,0
37097,2,16,0,3,0.12707356959650506,0,0
37117,4,11,0,3,0.1797802678038057,0,0
37127,3,15,1,3,0.1522818923475199,0,0
37149,2,7,0,3,0.1019840084541784,0,0
37175,3,10,1,3,0.10436142496071212,0,0
37181,4,8,1,3,0.18075945892064338,0,0
37183,1,39,0,3,0.07577934415230278,0,0
38003,1,19,0,3,0.18440813127633535,0,0
38007,2,8,0,3,0.18555149435752183,0,0
38013,1,9,0,3,0.19512896653086717,0,0
38027,2,7,1,3,0.22681726279582995,0,1
38029,2,8,0,3,0.20743942526898598,0,0
38037,2,13,1,3,0.2153920568218393,0,1
38041,2,5,0,3,0.2304105369068444,0,0
38047,1,7,0,3,0.21185545876087938,0,0
38049,1,18,0,3,0.19570310475313712,0,0
38051,2,6,0,3,0.2074517378863834,0,0
38063,1,9,0,3,0.20986009805466593,0,0
38065,1,6,0,3,0.17633823592134482,0,0
38075,1,9,0,3,0.1895235183615986,0,0
38077,1,19,0,3,0.158751464669545,0,0
38079,4,10,0,3,0.34929492457965905,0,0
38081,1,12,0,3,0.16210451338731385,0,0
38083,2,9,0,3,0.21514696383005102,0,0
38089,1,10,0,3,0.15603467600457777,0,0
39023,3,22,1,3,0.2182587637238741,0,0
39025,1,23,1,3,0.15161652620137975,0,0
39033,3,15,0,3,0.20582724428860422,0,0
39049,2,49,0,3,0.16695612104765215,0,0
39051,1,12,0,3,0.21417936776939028,0,0
39053,3,12,0,3,0.1891524126201279,0,0
39055,1,20,1,3,0.12497238201612888,0,0
39057,2,24,0,3,0.1782950288445531,0,0
39087,3,14,1,3,0.18603988962943072,0,0
39111,3,15,1,3,0.1891909046596805,0,0
39113,2,40,0,3,0.20960752333853822,0,0
39119,3,22,1,3,0.18478384528240827,0,0
39127,3,17,1,3,0.2040523379864253,0,1
39129,2,17,1,3,0.17040573571420095,0,1
39139,1,19,1,3,0.1747592639681319,0,0
39141,3,16,1,3,0.19096479395336172,0,0
39149,2,18,0,3,0.22170538489537495,0,0
39163,4,15,0,3,0.21380946325208303,0,0
39171,1,12,1,3,0.2115082460395679,0,1
40019,3,13,1,3,0.2832138503299051,0,0
40021,4,16,1,3,0.27907619719966953,0,1
40025,3,4,1,3,0.3414673096324714,0,1
40033,3,11,0,3,0.3625418213995036,0,0
40055,4,4,1,3,0.32923376052975006,0,1
40057,4,6,0,3,0.32969109213586867,0,0
40059,2,7,1,3,0.26231516097778007,0,1
40069,4,13,1,3,0.3354243777949272,0,1
40075,4,9,1,3,0.38043530650499496,0,1
40077,4,7,1,3,0.27067210282545473,0,1
40079,4,23,1,3,0.2605796751787946,0,0
40087,1,12,0,3,0.26433961235320413,0,0
40091,4,11,1,3,0.27798686143782503,0,0
40093,2,15,0,3,0.26503774486022685,0,0
40103,2,11,0,3,0.24235581114862745,0,0
40109,3,55,0,3,0.25086276823265274,0,1
40115,4,9,1,3,0.2867358806669596,0,1
40123,3,10,1,3,0.2514183862026138,0,1
40125,3,16,0,3,0.25665596321856854,0,1
40129,3,9,0,3,0.3121140196280834,0,0
40143,2,42,0,3,0.20556249703659563,0,0
40153,2,11,1,3,0.24086407808780017,0,0
41001,3,12,1,3,0.22716395258382346,0,0
41007,2,9,0,3,0.14923908369044095,0,0
41029,3,18,1,3,0.21298636593036732,0,0
41039,3,39,1,3,0.16077394789858793,0,0
41043,2,20,1,3,0.20439734366585416,0,0
41051,2,42,0,3,0.1536605228996814,0,0
41061,3,8,1,3,0.22960154892530515,0,0
41071,2,15,0,3,0.1636383988207783,0,0
42011,1,62,1,3,0.14797277872804854,0,0
42015,2,27,1,3,0.15178933034921263,0,0
42019,1,37,0,3,0.10449753497894027,0,0
42027,2,33,1,3,0.1261098130987168,0,0
42029,1,44,0,3,0.10095430318738766,0,0
42039,3,27,1,3,0.15399000781032215,0,1
42049,1,32,0,3,0.15645433775822667,0,0
42053,4,11,1,3,0.1541704867744058,0,1
42071,1,57,0,3,0.1538157199766119,0,0
42083,3,22,0,3,0.13745100680957958,0,0
42097,2,28,1,3,0.14315164664436308,0,0
42109,2,15,1,3,0.15260123498028288,0,0
42115,2,29,1,3,0.141029391261255,0,1
42119,1,14,1,3,0.12431288225931461,0,1
42121,3,23,0,3,0.13131108316794635,0,0
42131,1,15,0,3,0.1226702489180285,0,0
44009,1,20,1,3,0.09938060010320504,0,0
45015,2,17,1,3,0.16986407139915985,0,0
45017,4,7,1,3,0.21358383756429006,0,0
45035,2,15,1,3,0.15560891431875104,0,0
45055,3,13,1,3,0.16542903939039416,0,1
45059,4,16,1,3,0.18317204233230316,0,0
45085,4,15,1,3,0.21989244648230638,0,0
46025,2,13,0,3,0.1862050532013219,0,0
46049,2,10,0,3,0.21549763404325656,0,0
46059,1,8,1,3,0.20191078144924257,0,1
46065,1,3,1,3,0.15258360127041756,0,0
46099,1,23,1,3,0.13711002219996823,0,0
46103,2,20,1,3,0.13264577415572937,0,0
46117,1,4,0,3,0.1778795778163904,0,0
46125,1,15,0,3,0.18173737979103877,0,0
47003,3,13,1,3,0.22273651666912087,0,0
47029,4,8,0,3,0.2193279686660129,0,0
47053,4,11,1,3,0.24662885527552908,0,0
47061,4,10,0,3,0.22532917087199877,0,0
47065,1,31,0,3,0.14486271678164842,0,0
47085,3,4,1,3,0.21648262393073017,0,0
47091,4,5,0,3,0.2253842448680619,0,0
47099,4,11,1,3,0.21471610144414485,0,1
47111,4,8,1,3,0.21736828915333492,0,0
47115,3,12,0,3,0.16088119825528316,0,0
47139,3,12,1,3,0.2053298263614238,0,0
47141,1,10,1,3,0.19199594474313172,0,0
47149,1,20,1,3,0.18580957587319819,0,0
47151,4,9,0,3,0.1989778732855217,0,0
47159,3,15,1,3,0.21109022169243302,0,0
48011,1,6,0,3,0.27252978960632096,0,0
48017,1,6,1,3,0.280661361917632,0,1
48037,3,10,1,3,0.18924159851865915,0,0
48051,2,5,1,3,0.24718823353634614,0,0
48053,2,13,1,3,0.22168408893115438,0,1
48063,3,2,1,3,0.20607506499973718,0,0
48075,4,4,1,3,0.28622202036737276,0,1
48079,4,4,0,3,0.40620130093848666,0,0
48101,4,3,1,3,0.3107698647175977,0,1
48111,1,3,0,3,0.2881086272177304,0,0
48119,3,7,1,3,0.27050440684996874,0,1
48135,2,8,1,3,0.26240390797825475,0,0
48145,3,17,1,3,0.2915404090666632,0,0
48177,3,14,1,3,0.2731218647065844,0,0
48183,3,10,0,3,0.1749489645308913,0,1
48199,2,12,1,3,0.1711112002024438,0,0
48205,1,4,0,3,0.2840944923516146,0,0
48211,1,4,0,3,0.2311164081116748,0,0
48219,4,10,1,3,0.32143557651393384,0,0
48227,3,5,1,3,0.31036217537858773,0,0
48245,3,18,0,3,0.22551269557681194,0,0
48249,4,8,1,3,0.3028212194400117,0,1
48257,2,13,0,3,0.2295380110861198,0,1
48261,4,2,1,3,0.39305587064491065,0,1
48265,3,10,1,3,0.20439454260727097,0,1
48283,3,4,0,3,0.3016940085314528,0,0
48287,2,9,1,3,0.25137885318679365,0,0
48297,3,10,0,3,0.2825547455780342,0,0
48301,1,1,0,3,0.31365822895919077,0,0
48305,3,7,0,3,0.30378241779026766,0,0
48307,3,6,1,3,0.30079362581022706,0,1
48309,1,29,0,3,0.23563172948703617,0,0
48313,2,5,1,3,0.2215870418054372,0,0
48341,2,6,1,3,0.2933163888832131,0,0
48353,3,9,1,3,0.24851781846402932,0,0
48357,4,5,0,3,0.337442013374063,0,0
48375,4,16,1,3,0.27367593924179345,0,0
48383,2,2,0,3,0.29340282012505753,0,0
48389,3,4,1,3,0.1677097409175377,0,0
48391,3,5,1,3,0.27446848363987564,0,1
48415,3,8,1,3,0.3254834902638501,0,0
48425,3,7,0,3,0.23472260097641587,0,0
48427,4,10,1,3,0.3723136595120941,0,1
48429,4,8,1,3,0.27666147793969653,0,1
48433,3,7,0,3,0.29398662155450545,0,0
48441,1,17,1,3,0.21314387807858579,0,0
48451,1,14,1,3,0.16167434560854702,0,0
48457,3,10,1,3,0.16983715924349296,0,0
48461,2,4,0,3,0.30133737376050695,0,0
48467,3,13,1,3,0.24115839222444088,0,0
48477,2,7,1,3,0.2579136466533668,0,1
48479,4,10,0,3,0.2796711576481321,0,1
48481,1,13,1,3,0.2903374219403277,0,0
48483,3,6,0,3,0.26799097669839983,0,0
48493,2,12,1,3,0.24702518666272397,0,1
49001,2,4,0,3,0.22183107580791792,0,0
49005,3,16,1,3,0.23125334721758256,0,0
49007,3,6,0,3,0.29920883427983186,0,0
49053,2,21,0,3,0.20159056554380636,0,1
49057,1,9,1,3,0.21950854654625288,0,0
50005,2,22,1,3,0.11368536703555583,0,1
50007,1,21,1,3,0.12558851849791078,0,0
50015,2,11,0,3,0.1159774370220179,0,0
51013,1,11,1,3,0.07500674909860805,0,0
51015,2,27,1,3,0.1431098074879612,0,0
51017,4,7,0,3,0.14239409014614288,0,0
51021,2,6,0,3,0.13450931302777516,0,0
51027,4,16,1,3,0.1988339149931176,0,0
51033,1,11,0,3,0.1407210111274331,0,0
51035,3,17,0,3,0.18963216472102953,0,0
51041,1,16,0,3,0.10277719735342884,0,0
51057,4,8,1,3,0.21595269386935095,0,1
51067,3,16,0,3,0.15082641622770995,0,0
51089,4,12,0,3,0.17103054187695654,0,0
51093,1,8,1,3,0.15043556755116547,0,1
51101,1,6,0,3,0.16369920127776755,0,0
51109,2,12,0,3,0.1468430249449298,0,0
51113,2,21,1,3,0.21200172564349598,0,0
51155,3,8,0,3,0.1472332114701742,0,0
51161,1,14,1,3,0.09057564457587483,0,0
51193,2,8,1,3,0.1762380244426636,0,0
51195,4,8,0,3,0.16358956433586366,0,0
51199,1,9,1,3,0.08279421022667828,0,0
51590,4,2,1,3,0.17286482609573273,0,1
51610,1,4,0,3,0.06901429626039432,0,0
51650,2,9,1,3,0.18145223798263724,0,0
51678,3,1,1,3,0.14468193798329818,0,1
51680,3,5,1,3,0.1394946335171789,0,0
51690,4,1,1,3,0.16744116272615925,0,0
51700,3,8,1,3,0.16343884289199678,0,0
51740,1,8,1,3,0.1936784228399095,0,0
51810,1,12,0,3,0.12391367958603051,0,0
53045,2,15,1,3,0.15922861857655796,0,1
53055,1,9,0,3,0.11949345332827226,0,0
53067,1,14,1,3,0.14349439655211157,0,0
54005,4,31,1,3,0.210727485823183,0,0
54011,3,13,1,3,0.168994749126871,0,0
54031,3,10,0,3,0.23776522120181648,0,0
54041,4,11,1,3,0.2179956176542728,0,0
54043,4,19,0,3,0.21966884202475745,0,0
54049,3,18,1,3,0.18512053045488266,0,1
54061,3,16,1,3,0.14198589089802457,0,0
54069,2,6,1,3,0.1722792964627922,0,1
54075,3,13,0,3,0.2450716277689355,0,0
54087,4,13,0,3,0.2377744408132141,0,0
54101,4,11,0,3,0.2619568779970448,0,0
54103,4,12,1,3,0.21894757273432033,0,0
54109,4,39,0,3,0.034595064053936156,0,0
55003,3,11,0,3,0.13618510175172788,0,0
55015,1,14,1,3,0.12542479409897808,0,0
55045,1,12,1,3,0.1262402318361703,0,1
55059,1,17,1,3,0.13740511882380607,0,0
55065,2,14,1,3,0.1619025498080132,0,0
55067,2,15,0,3,0.13379914499321555,0,0
55071,1,19,1,3,0.13240217033351392,0,0
55083,1,19,1,3,0.13321356823646777,0,1
55087,1,24,1,3,0.12297161153810766,0,0
55095,1,20,1,3,0.12450994147892534,0,1
55109,1,18,0,3,0.11223054714306537,0,0
55127,1,16,1,3,0.13883125891674877,0,0
55139,1,18,1,3,0.13565108664988337,0,0
56013,2,11,1,3,0.27058164091943054,0,0
56025,1,11,1,3,0.22339983917950426,0,0
56027,3,5,0,3,0.2750728706122272,0,0
56031,2,5,1,3,0.2466068716151287,0,1
56041,1,5,0,3,0.23381273880723155,0,0
01019,4,11,1,4,0.24627115294237711,0,0
01021,3,14,1,4,0.23011024371395156,0,0
01035,4,13,1,4,0.2547230119913582,0,0
01039,4,13,1,4,0.23103813125414233,0,1
01051,2,13,1,4,0.17264918658600034,0,0
01053,4,9,1,4,0.24965719407924622,0,0
01065,4,9,1,4,0.2593984252211373,0,0
01083,2,15,1,4,0.21070002024532605,0,0
01087,4,13,1,4,0.2117000916934123,0,0
01093,4,12,1,4,0.2166519190177708,0,1
01101,1,24,1,4,0.189693185218074,0,0
01125,1,27,1,4,0.17256371974980816,0,0
04003,3,23,0,4,0.14180458370087845,0,1
04007,4,13,0,4,0.2375575514360708,0,1
04009,4,10,1,4,0.24450469557187854,0,1
04019,1,48,0,4,0.23467902299923654,0,1
05027,4,7,1,4,0.2503391778886157,0,0
05033,3,11,1,4,0.2775962294822756,0,1
05047,4,13,1,4,0.30784823909263853,0,0
05067,4,11,1,4,0.34291612815008327,0,0
05075,4,14,1,4,0.2664756869828085,0,0
05085,2,11,1,4,0.22305969915699342,0,0
05089,3,17,0,4,0.22779926305820455,0,0
05097,4,9,1,4,0.25577392749511935,0,1
05103,4,8,1,4,0.2625760611594523,0,0
05111,4,10,1,4,0.30498798599231136,0,0
05123,4,13,1,4,0.3092122441621008,0,0
05129,4,10,1,4,0.2671042573786682,0,1
05135,4,13,1,4,0.24762685972344284,0,0
05137,4,16,0,4,0.26657837389551536,0,0
06005,2,12,1,4,0.19562457161094007,0,1
06017,1,23,1,4,0.1504624035790624,0,0
06025,4,17,0,4,0.3193188967554158,0,1
06031,4,12,1,4,0.2884687229615964,0,0
06035,2,17,1,4,0.24173269456699484,0,1
06045,3,29,1,4,0.18377133925733674,0,0
06053,3,31,0,4,0.19094766967710597,0,0
06057,2,12,1,4,0.1758449955192976,0,0
06085,1,63,0,4,0.10378972166698944,0,0
06103,4,15,1,4,0.28189765296761,0,0
06109,1,16,1,4,0.14028882274489912,0,1
08013,1,22,1,4,0.144582149727055,0,0
08063,2,6,0,4,0.24081691531531385,0,0
08065,3,2,0,4,0.14048788432956014,0,0
08069,1,24,1,4,0.16367483203296476,0,0
08071,4,11,0,4,0.19879654015781242,0,0
08091,1,3,0,4,0.1203253368280333,0,0
08101,3,15,1,4,0.2378920876275111,0,0
08109,4,8,1,4,0.1674201765825604,0,1
08111,1,2,0,4,0.13909843971066058,0,0
11001,1,29,0,4,0.07539231940946689,0,1
12003,2,5,1,4,0.13074492096920287,0,0
12005,2,16,1,4,0.13368439441608945,0,0
12007,1,9,0,4,0.10859560671506581,0,0
12043,4,5,1,4,0.2121805320867754,0,0
12047,4,3,0,4,0.2083487279259628,0,0
12049,4,4,1,4,0.22348682493813177,0,0
12081,2,21,0,4,0.12854055200958875,0,0
12099,2,53,0,4,0.11435730694479038,0,0
12103,2,48,0,4,0.12588317509747948,0,0
12105,3,41,0,4,0.14572977034593435,0,0
12115,1,28,0,4,0.11903335705834872,0,0
12129,2,4,1,4,0.1491420494326867,0,0
13009,4,6,1,4,0.2568132434091597,0,0
13013,2,8,1,4,0.15763799380369617,0,0
13029,1,3,0,4,0.12781834134421047,0,0
13043,4,4,1,4,0.29429882883707226,0,1
13053,3,2,0,4,0.12934839034919698,0,0
13067,1,23,0,4,0.08873359497867675,0,0
13089,1,36,0,4,0.11703307733529322,0,0
13095,4,6,1,4,0.24000961516332286,0,0
13109,4,6,1,4,0.26843813534073596,0,1
13113,1,8,1,4,0.0898164816951759,0,0
13127,3,8,1,4,0.18447199527360952,0,0
13133,3,7,0,4,0.20033850266429998,0,0
13139,2,19,1,4,0.15083809693825984,0,0
13145,1,12,0,4,0.10537469087588576,0,0
13153,2,12,1,4,0.1993341811370605,0,0
13159,3,6,0,4,0.21070246159995726,0,0
13161,4,4,0,4,0.25314945521350735,0,0
13163,4,9,1,4,0.29051009150827317,0,0
13165,4,5,1,4,0.31543806808060953,0,1
13177,2,7,0,4,0.19308819297826957,0,0
13181,4,2,0,4,0.2437632688705441,0,0
13185,1,11,0,4,0.18928958959076259,0,1
13211,1,9,0,4,0.14208886158923908,0,0
13215,4,11,1,4,0.1742564844239809,0,0
13219,1,8,1,4,0.11246315283822338,0,1
13265,4,4,0,4,0.27920615046661845,0,0
13279,4,3,1,4,0.24122673226590555,0,0
13305,4,6,1,4,0.21902643704066557,0,0
13311,2,7,0,4,0.12435639121657117,0,0
16001,1,17,1,4,0.15036709591614497,0,0
16005,3,10,0,4,0.23759475609814004,0,0
16011,3,11,1,4,0.13961278382496015,0,0
16013,2,8,1,4,0.24381734347044207,0,0
16015,1,8,0,4,0.15568087454927926,0,0
16019,2,14,1,4,0.14114239866425454,0,0
16023,3,3,0,4,0.10385605416035479,0,0
16037,4,7,0,4,0.20595726050939467,0,0
16043,3,9,0,4,0.23315527797042793,0,0
16061,2,7,0,4,0.1286460261305921,0,0
16075,3,7,1,4,0.2744610516314005,0,0
16083,3,10,1,4,0.23708034150720514,0,1
17001,2,23,1,4,0.1427724863514457,0,0
17021,2,20,1,4,0.1805550559572575,0,1
17061,2,13,0,4,0.16865186897881007,0,0
17069,3,5,0,4,0.19379307928583422,0,0
17071,2,17,0,4,0.16844256489227363,0,0
17075,2,25,1,4,0.1989474072897977,0,0
17079,2,15,0,4,0.17711764838836933,0,0
17111,1,24,1,4,0.09732945560474766,0,0
17119,2,35,0,4,0.15290414945320016,0,0
17121,3,15,1,4,0.1903316175674805,0,1
17127,3,8,1,4,0.22142593705325112,0,0
17129,1,8,0,4,0.1332794424879068,0,0
17131,1,18,0,4,0.17717678214460097,0,0
17145,3,12,0,4,0.20510669545717838,0,0
17173,2,22,1,4,0.17225698224943706,0,0
17185,2,7,0,4,0.1750684334333425,0,0
17189,1,13,1,4,0.16951274420964232,0,0
17195,2,15,0,4,0.18004236018055134,0,0
17199,3,22,1,4,0.15443470020913533,0,0
18009,3,7,1,4,0.256228186604377,0,0
18015,2,17,0,4,0.1995246376009784,0,0
18021,2,17,1,4,0.18248523583718476,0,0
18029,1,9,1,4,0.13184193282415824,0,0
18051,2,16,1,4,0.16608635592203247,0,1
18069,2,9,1,4,0.16817930605023915,0,1
18073,1,13,1,4,0.15430259240292152,0,1
18085,1,21,1,4,0.1517412503031789,0,0
18087,1,12,1,4,0.17355236712918506,0,1
18089,2,28,0,4,0.15616853425439756,0,0
18091,3,15,1,4,0.1653018327273519,0,0
18109,1,14,1,4,0.1620570948899277,0,0
18121,3,12,0,4,0.20224056983602756,0,0
18159,2,10,0,4,0.1910325731634901,0,0
18167,1,18,1,4,0.14537724209241734,0,0
19013,3,17,1,4,0.1671405924354393,0,0
19021,2,13,1,4,0.1379689045125944,0,0
19023,1,16,1,4,0.16295602353498723,0,0
19029,2,13,0,4,0.2328925859721008,0,0
19035,2,15,0,4,0.2231082785970212,0,0
19041,2,15,1,4,0.14946555103268636,0,0
19063,2,7,0,4,0.19279331996074248,0,0
19067,3,13,1,4,0.16899789127679396,0,0
19073,2,13,0,4,0.18305361425782588,0,0
19079,1,15,1,4,0.17845205061273767,0,0
19085,2,15,0,4,0.17283631372779718,0,0
19117,2,9,0,4,0.17216353852690128,0,0
19143,2,8,0,4,0.19077485352655468,0,0
19147,1,14,0,4,0.16224956366956153,0,0
19169,3,22,1,4,0.1725857940461695,0,0
19171,2,19,0,4,0.22145106407536214,0,0
19175,2,10,0,4,0.19347393320772668,0,0
19177,2,13,0,4,0.1776458100641212,0,0
19179,3,12,1,4,0.18516515604035744,0,1
19185,3,12,0,4,0.2426963374154341,0,0
20009,3,10,1,4,0.23079432448278686,0,0
20027,1,10,1,4,0.1935452647518144,0,1
20031,2,10,0,4,0.24305593966214947,0,0
20037,1,15,1,4,0.2354750529159294,0,1
20043,2,10,0,4,0.20046879177321272,0,0
20063,2,10,0,4,0.278140317500157,0,0
20073,3,11,1,4,0.30117325352868535,0,1
20089,3,14,0,4,0.3121425782901293,0,0
20091,1,34,0,4,0.09301879079075573,0,0
20125,3,13,1,4,0.3099193172146358,0,1
20133,4,11,1,4,0.2885668891840754,0,0
20141,2,12,0,4,0.20833249447305083,0,0
20153,3,10,0,4,0.2332463491244612,0,0
20159,2,13,1,4,0.24544564168888663,0,1
20161,3,14,1,4,0.28214981299946756,0,0
20163,2,10,1,4,0.1571523383471464,0,1
20165,2,10,0,4,0.14877926795062743,0,0
20169,2,9,1,4,0.18046296720301272,0,1
20183,2,10,0,4,0.191554573501868,0,0
20201,2,15,1,4,0.13087928927458445,0,1
20203,1,3,0,4,0.2601067670896451,0,0
20207,3,10,0,4,0.2875605043555937,0,0
21015,1,9,1,4,0.11588468638494054,0,0
21023,3,7,1,4,0.1882469344705571,0,1
21033,3,6,1,4,0.24841415186030064,0,0
21043,4,10,0,4,0.22641177673842147,0,0
21047,4,15,1,4,0.23626264535605424,0,0
21055,4,5,0,4,0.30272514725527677,0,0
21069,4,7,1,4,0.2270939040598141,0,0
21075,4,3,1,4,0.3373346834959055,0,1
21077,3,6,1,4,0.16767548015361905,0,1
21091,2,5,0,4,0.17272247388498174,0,0
21093,2,17,1,4,0.18179848448689576,0,0
21095,4,27,0,4,0.1652964737680473,0,0
21107,4,13,1,4,0.2162558841164299,0,0
21109,4,5,0,4,0.21606636511539642,0,0
21127,4,10,1,4,0.2081881725995649,0,0
21153,4,4,1,4,0.22980350212090633,0,0
21169,4,10,0,4,0.26971445364712143,0,0
21183,3,16,1,4,0.21799054755148276,0,0
21207,4,7,1,4,0.2465740726040165,0,0
21217,4,6,1,4,0.21848632830891074,0,0
21231,4,5,1,4,0.25850051229524795,0,0
21235,4,7,1,4,0.18590943445899366,0,0
22001,4,15,1,4,0.2341648678699599,0,1
22003,3,13,1,4,0.18432591218349972,0,0
22005,1,8,1,4,0.14988811750011202,0,0
22007,4,9,0,4,0.20819468430290425,0,0
22041,4,7,1,4,0.3249406453324279,0,0
22043,3,8,1,4,0.2051855334033524,0,0
22053,3,10,1,4,0.2331577997435301,0,1
22059,4,8,0,4,0.24097121624093923,0,0
22087,4,6,1,4,0.2053362361843608,0,1
22097,1,18,0,4,0.21541313722547137,0,1
22107,4,4,1,4,0.24873485151631716,0,1
22115,3,13,1,4,0.19309285181915634,0,1
22117,4,6,1,4,0.23696656739120073,0,0
23031,1,36,1,4,0.11368851172405878,0,0
24001,3,15,1,4,0.18568865057597395,0,1
24009,1,14,0,4,0.1150936494557655,0,0
24015,1,15,0,4,0.17410500917620222,0,1
24037,1,26,1,4,0.13363899314552632,0,0
24045,3,16,0,4,0.18095287600753238,0,1
25003,2,36,0,4,0.11111814687296605,0,0
25009,1,45,0,4,0.10743684976804455,0,0
25019,1,2,0,4,0.08969463834771249,0,0
25027,1,87,1,4,0.10551465957845857,0,0
26045,1,19,1,4,0.17512999260598328,0,0
26055,1,9,1,4,0.11913127591716947,0,1
26061,4,20,1,4,0.14155429780096193,0,0
26071,3,8,0,4,0.14699948704758772,0,0
26079,3,8,0,4,0.18036212884719194,0,0
26083,3,6,0,4,0.12079472817837286,0,0
26091,2,23,1,4,0.1759442608415133,0,0
26099,2,39,1,4,0.1886776458730908,0,0
26103,2,15,1,4,0.1269808086835147,0,1
26111,2,15,0,4,0.12252360558697954,0,0
26115,1,25,1,4,0.2026412126439699,0,0
26119,3,5,0,4,0.1597730755963107,0,0
26123,3,21,1,4,0.18558723116734846,0,0
26143,4,7,0,4,0.16699377369540658,0,0
26151,3,22,1,4,0.19251268649899986,0,0
26155,2,19,1,4,0.16293662921779584,0,0
26161,2,27,1,4,0.13417548670044993,0,0
27003,1,20,1,4,0.1007496326712442,0,0
27007,3,18,1,4,0.18420171239844,0,0
27011,2,10,0,4,0.2020519093934218,0,0
27027,2,15,1,4,0.1936546785253453,0,0
27039,1,10,0,4,0.1407802761236168,0,0
27051,2,11,0,4,0.19641684731222558,0,0
27055,1,9,0,4,0.12791777313922,0,0
27071,2,13,0,4,0.18540549158582048,0,0
27073,1,10,0,4,0.2084697513335028,0,0
27083,3,14,1,4,0.18266016722775372,0,0
27091,2,15,0,4,0.19700783069223407,0,0
27101,1,16,0,4,0.19244167238430954,0,0
27109,1,19,1,4,0.10249284216320952,0,0
27129,2,16,1,4,0.1925009400954222,0,0
27133,1,12,0,4,0.17636733612899952,0,0
27145,2,33,1,4,0.13243570213112407,0,0
27161,2,13,0,4,0.18782829580036253,0,0
28005,4,9,0,4,0.13902321439494572,0,0
28007,4,11,1,4,0.19729067162030564,0,0
28045,3,10,1,4,0.18700815934957363,0,1
28047,1,13,0,4,0.13993096061025137,0,1
28049,1,21,0,4,0.17497841270941056,0,0
28053,4,8,0,4,0.29143252774085227,0,0
28069,4,11,1,4,0.20218222022092758,0,1
28071,4,13,1,4,0.07924169958938977,0,0
28083,4,11,1,4,0.2482021099724015,0,0
28093,3,8,1,4,0.1723651357674139,0,0
28129,4,15,0,4,0.1790282292434567,0,0
28131,4,6,1,4,0.16653037637072893,0,0
28135,4,18,1,4,0.1314019193463588,0,0
28145,3,11,1,4,0.14589369645076006,0,0
28157,4,4,0,4,0.178969139403251,0,0
28159,4,10,1,4,0.20507448266430872,0,0
29009,4,17,1,4,0.25920553024431064,0,0
29017,4,13,1,4,0.2673758430956929,0,0
29019,1,13,1,4,0.10570816841731874,0,0
29023,4,10,1,4,0.28256063284829613,0,0
29033,3,10,1,4,0.2455165061024437,0,1
29039,4,9,1,4,0.27708570368489976,0,0
29043,1,21,1,4,0.13767422626806933,0,1
29049,1,11,1,4,0.19191630136542248,0,0
29057,3,13,1,4,0.2894560790206171,0,1
29075,3,13,0,4,0.2178149560811672,0,0
29081,4,13,0,4,0.29732259391709015,0,0
29083,4,11,1,4,0.23429271893791495,0,0
29091,4,12,1,4,0.2580079362040563,0,0
29099,1,24,1,4,0.16329626895795513,0,0
29123,3,7,1,4,0.20355531906978402,0,0
29137,3,16,0,4,0.23819255405960935,0,0
29141,4,15,0,4,0.2559240459929493,0,0
29143,4,17,1,4,0.3348017829438063,0,0
29171,3,10,0,4,0.241165064508001,0,0
29175,3,12,1,4,0.20656817399048974,0,0
29177,2,12,1,4,0.20195078159352545,0,0
29181,4,9,1,4,0.29223412432004,0,0
29183,1,14,1,4,0.1493211042879342,0,0
29199,3,10,1,4,0.26001436565676267,0,1
29205,3,9,0,4,0.23350444663452352,0,0
29207,1,13,1,4,0.24525720769876874,0,1
29213,3,20,1,4,0.20469892648066262,0,1
29225,3,9,1,4,0.18719433553164672,0,1
29510,4,29,0,4,0.23160581889707313,0,1
30017,2,6,0,4,0.23066967528100601,0,0
30031,2,10,0,4,0.13581467534259023,0,0
30037,3,3,0,4,0.2628815358373254,0,0
30049,1,9,1,4,0.12692767643868869,0,0
30055,3,6,0,4,0.3026853397553546,0,0
30065,3,5,0,4,0.26219812250369046,0,0
30067,2,9,0,4,0.17276518500342697,0,0
30089,4,11,0,4,0.23223733088184093,0,0
30095,1,10,0,4,0.17100287583601548,0,0
30103,3,2,0,4,0.2719208693066526,0,0
30111,2,16,1,4,0.19190935496314698,0,0
31003,2,11,1,4,0.16730913259856534,0,1
31009,2,4,0,4,0.11912598643752323,0,0
31013,2,3,1,4,0.24381667362625942,0,0
31033,1,5,1,4,0.1841598370273386,0,1
31045,2,6,1,4,0.2007615259462778,0,1
31049,2,4,0,4,0.24259001169319266,0,0
31055,2,35,0,4,0.11462149610785312,0,0
31069,1,9,0,4,0.24350085513713865,0,0
31093,1,11,1,4,0.14732647670148027,0,1
31109,2,42,1,4,0.1327987208192067,0,0
31119,2,8,1,4,0.1344151530094972,0,1
31121,3,9,0,4,0.16172753437902615,0,0
31145,2,8,0,4,0.17831930751399178,0,0
31147,2,9,0,4,0.22240379573101096,0,0
31151,3,12,0,4,0.20891706696783993,0,0
31153,1,13,1,4,0.11286759288427428,0,0
31167,2,10,0,4,0.14208608773060005,0,0
31175,2,6,0,4,0.18095349394257626,0,0
31179,2,11,1,4,0.16208648935080872,0,1
32029,1,5,0,4,0.2029007060821995,0,0
32031,2,27,0,4,0.2095119355331521,0,0
34007,1,35,0,4,0.11553911517449973,0,0
34011,1,22,1,4,0.15377609996236574,0,0
34013,2,31,0,4,0.13131744295795117,0,0
34019,1,26,1,4,0.07687065796843147,0,0
34021,1,25,1,4,0.09504887548963635,0,0
34025,1,52,0,4,0.0893478756452116,0,0
34039,1,27,0,4,0.11566398411528321,0,0
35015,3,8,1,4,0.07847525125703503,0,1
35025,3,7,1,4,0.28091287877889487,0,0
35039,1,37,1,4,0.18447346473628343,0,0
35045,4,22,0,4,0.29399841548380556,0,1
35051,4,10,1,4,0.24320916099887027,0,0
35055,4,21,1,4,0.19826358004643369,0,1
35057,4,9,0,4,0.33984303223881557,0,0
36011,1,26,1,4,0.12618006715327076,0,0
36035,3,14,0,4,0.1138852079413319,0,0
36041,2,13,1,4,0.10097221381546065,0,1
36057,3,20,1,4,0.11706095631470707,0,1
36063,1,22,1,4,0.15191176483309346,0,0
36103,1,108,0,4,0.0919865977700878,0,0
36107,2,15,1,4,0.10443437713966935,0,0
37001,3,12,1,4,0.15213338731675435,0,0
37005,4,7,0,4,0.18754595973540372,0,0
37033,3,16,0,4,0.16673811382990755,0,0
37041,3,4,1,4,0.1666403779304363,0,0
37055,1,14,1,4,0.12906449940240247,0,0
37071,3,18,1,4,0.13581385444760385,0,0
37085,3,16,1,4,0.1335277247518061,0,0
37087,2,7,0,4,0.13871227597142624,0,0
37089,2,15,1,4,0.10790337199912504,0,0
37095,4,7,0,4,0.24776555494899768,0,0
37105,3,4,1,4,0.13828546417260118,0,1
37129,3,10,1,4,0.11409327003983473,0,0
37139,3,1,0,4,0.17645088884447616,0,0
37153,4,11,1,4,0.19546058528317273,0,0
37159,3,19,1,4,0.15006622754727547,0,0
37171,4,12,1,4,0.16772948716631364,0,0
37185,4,8,1,4,0.22366057770595937,0,0
37193,4,23,1,4,0.1554509251131608,0,0
37197,3,7,0,4,0.17007565040987724,0,0
38005,3,18,0,4,0.2549668126856414,0,0
38021,1,8,0,4,0.19484734883530336,0,0
38033,1,4,0,4,0.20438092588231668,0,0
38057,1,10,0,4,0.220662755246802,0,0
38071,1,12,0,4,0.08228865639646032,0,0
38087,1,9,0,4,0.1907096505786885,0,0
38097,1,12,0,4,0.15872637129319483,0,0
39009,4,18,1,4,0.1590699508325947,0,0
39019,2,20,1,4,0.17500960448294056,0,0
39061,1,57,0,4,0.13799760253510382,0,1
39067,3,16,0,4,0.2087419270748734,0,0
39069,1,17,0,4,0.2037535224114743,0,0
39099,2,36,1,4,0.21058027026441947,0,0
39121,2,15,1,4,0.13890836643144774,0,0
39135,1,16,1,4,0.24576059080782994,0,0
39155,3,30,1,4,0.20718444230097355,0,0
39157,2,27,0,4,0.16584125030523378,0,0
39159,1,20,1,4,0.160770829053995,0,1
40001,4,8,1,4,0.33469631715487397,0,0
40003,1,13,1,4,0.2539544768004246,0,1
40005,4,15,0,4,0.35123769740154986,0,0
40009,3,6,1,4,0.2849401574099382,0,0
40011,3,13,1,4,0.3346160183962565,0,1
40027,2,21,0,4,0.21522073899010832,0,0
40049,3,13,1,4,0.3156131567337879,0,0
40053,1,10,1,4,0.27258991635637,0,1
40067,4,8,1,4,0.41110170114777433,0,1
40071,4,10,1,4,0.33484200382690776,0,1
40073,2,12,1,4,0.3139822681877903,0,0
40083,2,15,1,4,0.26575743201683205,0,1
40105,3,7,1,4,0.368510832362593,0,1
40117,3,12,1,4,0.31157375299717205,0,0
40121,3,19,1,4,0.31995227203595217,0,1
40127,4,16,1,4,0.315194702393772,0,0
40145,2,15,1,4,0.26490410800285585,0,1
40149,3,18,1,4,0.2896007188312992,0,0
41005,1,37,1,4,0.15703984923413167,0,0
41009,2,9,1,4,0.18576193359618967,0,1
41017,1,7,1,4,0.17786998852296723,0,0
41021,2,4,0,4,0.2862778702843831,0,0
41031,3,8,1,4,0.27706609942658367,0,0
41047,3,26,1,4,0.2444544221248856,0,0
41049,3,7,1,4,0.34165711161500145,0,0
41053,2,11,1,4,0.20267700916828799,0,0
41055,2,5,0,4,0.343548292752176,0,0
41057,2,16,0,4,0.1820947131195091,0,0
41059,3,14,1,4,0.3367044200474641,0,0
41063,2,5,0,4,0.2257967761327637,0,0
42001,1,17,1,4,0.16692292837927783,0,0
42009,2,28,1,4,0.16935763746373428,0,0
42031,3,31,0,4,0.1629543079223895,0,0
42033,3,51,1,4,0.1501877746569153,0,0
42035,3,15,0,4,0.15444730715364924,0,0
42043,2,30,1,4,0.17444213648578663,0,0
42045,1,44,0,4,0.11466742577062677,0,0
42057,2,17,0,4,0.18126044494295698,0,0
42067,2,13,0,4,0.19374999205490093,0,0
42075,2,19,1,4,0.18295301472216818,0,0
42077,1,34,0,4,0.15063594401207103,0,0
42079,3,50,1,4,0.14162125838638498,0,0
42085,2,28,1,4,0.19020436206508537,0,0
42089,2,35,1,4,0.12105023533062512,0,0
42101,4,46,0,4,0.17863292345794995,0,1
42105,3,15,0,4,0.18844670510094835,0,0
42107,2,59,1,4,0.1843102267304244,0,0
42111,2,40,1,4,0.15826340794696345,0,0
44003,1,9,1,4,0.11079657154964487,0,0
44005,1,8,1,4,0.07897479678302446,0,0
44007,1,39,0,4,0.13665959316762696,0,0
45005,4,6,1,4,0.3178604802150826,0,1
45007,3,19,0,4,0.17015626884229218,0,0
45013,1,16,1,4,0.16758465040214646,0,0
45023,4,10,1,4,0.23381244628793246,0,1
45033,4,11,1,4,0.23078384291183313,0,1
45041,3,12,1,4,0.18741663249532536,0,0
45043,3,5,1,4,0.18246985510919517,0,0
45049,4,13,1,4,0.2668006403347731,0,0
45051,3,16,1,4,0.19393741806614076,0,0
45057,3,5,1,4,0.14155273909109944,0,0
45061,4,12,0,4,0.26907096504517974,0,0
45071,3,11,0,4,0.2352203217947933,0,0
45075,1,24,0,4,0.27619155126486333,0,1
45077,3,15,1,4,0.14905683124957464,0,0
45087,4,9,1,4,0.22337335778033987,0,0
46011,2,12,0,4,0.12083554966254795,0,0
46031,4,15,1,4,0.29190018921894295,0,1
46033,3,9,1,4,0.2105367256656197,0,1
46039,1,12,0,4,0.18775931614611252,0,0
46051,1,12,0,4,0.14636882417130465,0,0
46053,3,8,0,4,0.1803316713680856,0,0
46067,2,13,1,4,0.1648894816631958,0,1
46071,4,12,0,4,0.26711281576256923,0,0
46075,1,5,0,4,0.191559499319486,0,0
46079,2,14,0,4,0.13911617073841284,0,0
46087,2,12,0,4,0.14461258745807645,0,0
46101,2,13,0,4,0.13923311202336444,0,0
46102,4,11,0,4,0.014003742055133281,0,0
47033,4,8,1,4,0.295711173325319,0,0
47047,1,15,0,4,0.1438218767757904,0,0
47057,4,9,0,4,0.26289963535717437,0,0
47073,4,12,1,4,0.2524209542951808,0,0
47075,4,6,1,4,0.3008667764063074,0,0
47077,4,14,1,4,0.24465072077491504,0,0
47081,3,13,0,4,0.1960484239231362,0,0
47093,2,30,0,4,0.15994905740255,0,0
47101,4,7,1,4,0.19383153723984314,0,0
47103,3,12,0,4,0.22451080682979643,0,0
47109,4,15,1,4,0.2145427410162654,0,0
47113,3,13,0,4,0.2267938552081317,0,1
47123,4,9,1,4,0.19856001458927397,0,1
47127,3,10,0,4,0.1909448284518552,0,0
47145,2,10,1,4,0.16901123339065857,0,0
47155,3,10,1,4,0.22826881996904905,0,0
47171,4,6,0,4,0.22648217674112797,0,0
47175,4,7,1,4,0.24511892092702406,0,1
47183,4,12,1,4,0.24841233468385468,0,1
48019,2,7,1,4,0.2369234605948682,0,0
48023,2,2,1,4,0.24346707938196782,0,1
48031,1,8,1,4,0.26465527317583004,0,1
48039,1,20,0,4,0.19498575240033442,0,0
48043,3,4,1,4,0.23529772924143075,0,1
48055,3,14,1,4,0.29461818686082375,0,0
48069,3,10,0,4,0.29248366914486607,0,0
48089,2,18,1,4,0.2625245729480196,0,0
48091,1,14,1,4,0.1579462618147737,0,0
48097,2,14,1,4,0.23750764538685679,0,1
48099,1,17,1,4,0.1329485096201391,0,1
48125,4,7,1,4,0.31498718091487954,0,1
48127,4,6,1,4,0.39230897599140385,0,1
48129,3,6,0,4,0.3031115909971189,0,0
48155,4,3,0,4,0.29452207076230913,0,0
48157,1,34,0,4,0.13889265296627698,0,0
48161,4,9,1,4,0.24163219896704652,0,0
48179,4,7,0,4,0.28789133075895784,0,0
48185,3,11,1,4,0.28442755900071054,0,0
48193,3,10,1,4,0.2833617602809787,0,1
48209,2,14,1,4,0.1838634222835395,0,0
48215,4,28,0,4,0.35028874470945615,0,0
48223,3,13,1,4,0.23774457491840217,0,0
48229,3,6,0,4,0.24401656891022025,0,0
48235,2,4,0,4,0.17406758901462838,0,0
48241,4,9,1,4,0.2186105856290105,0,1
48263,3,4,0,4,0.2542227860330467,0,0
48267,1,6,0,4,0.17112098072587903,0,0
48269,4,2,1,4,0.2813302572170088,0,1
48273,4,4,1,4,0.31406189552326497,0,0
48281,2,6,1,4,0.2504875185171617,0,0
48293,4,14,1,4,0.28722303504578184,0,0
48295,2,7,0,4,0.23950232711868022,0,0
48299,1,10,1,4,0.19670723720356964,0,0
48303,1,25,1,4,0.2560172076077666,0,0
48317,1,8,1,4,0.1745832235353782,0,1
48323,4,3,1,4,0.40583322143737105,0,1
48331,3,13,1,4,0.3079771391934303,0,0
48337,3,10,1,4,0.29878668718150947,0,0
48339,1,27,0,4,0.15178718515645764,0,0
48343,4,7,1,4,0.2528070245249957,0,0
48361,2,4,1,4,0.208142012561119,0,0
48377,4,4,1,4,0.40019042495543694,0,1
48385,4,8,0,4,0.32316159499149855,0,0
48407,4,8,1,4,0.25211421722347066,0,0
48417,4,5,0,4,0.23230019533546659,0,0
48435,1,2,0,4,0.12511645177344619,0,0
48437,4,5,1,4,0.3634219822921262,0,1
48445,4,6,1,4,0.3369526949732692,0,0
48447,4,7,0,4,0.23544348567659612,0,0
48455,4,7,1,4,0.2185042483385362,0,0
48459,3,12,1,4,0.2049411032002304,0,0
48471,4,9,1,4,0.22395108793801008,0,0
48489,4,6,0,4,0.4530199316865733,0,0
48491,1,25,0,4,0.1554353955594222,0,0
48497,2,17,1,4,0.2291097845057544,0,1
48505,4,5,1,4,0.4254823411920209,0,0
49013,2,12,0,4,0.2800507466288627,0,0
49015,2,9,0,4,0.25148728931259795,0,0
49021,4,10,1,4,0.21926085724964312,0,0
49031,3,6,0,4,0.19674251770755904,0,0
49037,3,12,1,4,0.27510432740650753,0,0
49043,1,9,1,4,0.12572186208547262,0,1
49055,2,6,0,4,0.20717624229565243,0,0
51007,1,5,1,4,0.1755260752173343,0,0
51009,2,9,1,4,0.14754473241776533,0,1
51023,1,12,0,4,0.11316882265024439,0,0
51029,3,11,0,4,0.18410785546658215,0,0
51045,1,5,0,4,0.10918536824582913,0,0
51053,3,12,0,4,0.1932783740639793,0,0
51061,1,24,1,4,0.101912970500264,0,0
51071,2,10,0,4,0.11826945021511201,0,0
51075,1,15,1,4,0.08975262950217697,0,0
51081,4,4,1,4,0.1996035019807154,0,0
51083,3,14,1,4,0.21104425912472838,0,1
51095,1,4,1,4,0.09703021425049063,0,0
51097,2,14,0,4,0.1566454329679543,0,0
51105,4,11,1,4,0.20595113811824828,0,0
51107,1,21,1,4,0.06720702751192027,0,0
51117,3,13,1,4,0.19161692963340873,0,1
51119,1,12,1,4,0.14302222261612715,0,1
51131,3,11,1,4,0.07546910428389934,0,0
51135,4,7,1,4,0.19534155785554214,0,0
51159,3,5,1,4,0.20258583164099497,0,1
51165,2,22,0,4,0.15318460395829084,0,0
51171,2,14,1,4,0.139070670422712,0,1
51181,3,10,0,4,0.18622863332220904,0,0
51183,1,11,0,4,0.030935851642372704,0,0
51191,2,10,1,4,0.15248711320901512,0,0
51520,4,2,1,4,0.23353003613375783,0,0
51580,3,1,0,4,0.156793650714137,0,0
51595,4,1,1,4,0.19975003606896702,0,1
51710,1,15,1,4,0.17275409945561385,0,0
51730,3,2,1,4,0.18376877613853695,0,1
51735,1,1,0,4,0.10276533422641256,0,0
51760,1,15,0,4,0.1735249200151704,0,0
51790,1,2,0,4,0.13423327437659122,0,0
51820,3,1,0,4,0.15992458229976905,0,0
51830,1,2,0,4,0.11127376976720035,0,0
53003,3,3,1,4,0.3019970196372467,0,0
53005,2,12,1,4,0.21602510417956441,0,0
53013,3,5,0,4,0.243943512663658,0,0
53021,3,7,1,4,0.27970698965367713,0,0
53031,2,9,1,4,0.1655772366439373,0,0
53037,3,12,0,4,0.2600448255146977,0,0
53043,2,14,0,4,0.24339135826511166,0,0
53051,3,9,0,4,0.21479315913825417,0,0
53073,2,18,1,4,0.16454484156380572,0,0
54003,2,11,1,4,0.19138276082024977,0,0
54007,4,18,0,4,0.2328942674353897,0,0
54009,2,8,1,4,0.21657985174421454,0,0
54023,3,12,0,4,0.23997621645761336,0,0
54027,3,20,0,4,0.24225720106039517,0,0
54037,1,9,1,4,0.16955032150561455,0,0
54045,4,33,0,4,0.2329968608879222,0,0
54057,2,10,0,4,0.1875419735780321,0,0
54059,4,18,1,4,0.22140070679595564,0,0
54077,3,16,0,4,0.22987986181735887,0,0
54083,4,22,1,4,0.201099517243301,0,0
54099,4,17,1,4,0.23974841356797955,0,1
55009,1,19,1,4,0.10601446171148139,0,0
55011,1,9,0,4,0.15970612930391007,0,0
55063,2,15,1,4,0.1302387235744474,0,0
55091,1,6,0,4,0.14132481453547813,0,0
55097,2,21,1,4,0.11255459741288255,0,0
55121,1,14,1,4,0.12635371772610776,0,0
55123,3,18,1,4,0.1504875602748207,0,0
55125,2,12,1,4,0.1541177835114319,0,0
56021,1,12,1,4,0.1509667774015899,0,0
