county_fips,poverty_quartile,n_zctas_in_county,suppression_flag,fold,prob_high_risk,pred_high_risk,true_label
01009,3,17,1,0,0.29757063624581886,0,0
01011,4,7,1,0,0.245403430115245,0,1
01013,4,8,0,0,0.24505077788192922,0,0
01037,3,11,1,0,0.276717306211221,0,0
01041,3,11,0,0,0.25670921466176555,0,0
01047,4,10,1,0,0.2539920576138307,0,0
01061,4,14,0,0,0.2751406714972178,0,0
01073,1,62,0,0,0.3893502173104403,0,0
01089,1,25,1,0,0.39023581126077256,0,0
01097,1,36,0,0,0.3279036461736265,0,0
01099,4,17,1,0,0.2625003284682283,0,0
01109,1,9,1,0,0.3646296228114969,0,1
01111,3,8,1,0,0.27969518099928925,0,0
01121,4,12,1,0,0.27287696443857173,0,0
01129,4,16,1,0,0.2619884915019198,0,0
04011,2,3,0,0,0.2659292601333617,0,0
04012,4,8,0,0,0.18578870932187752,0,1
04013,1,136,0,0,0.35207071387142813,0,1
04017,4,33,0,0,0.25085458414308587,0,1
04025,2,31,0,0,0.2535090686944295,0,1
05009,3,9,1,0,0.29319839981587054,0,0
05011,4,7,1,0,0.3186516046499145,0,0
05021,4,13,1,0,0.2684694741630001,0,0
05025,4,7,1,0,0.3089477788841074,0,1
05029,4,15,1,0,0.3227846300669378,0,0
05031,1,16,1,0,0.32414255149535864,0,0
05043,4,9,1,0,0.2936806305096479,0,0
05051,3,10,1,0,0.3464073854832495,0,0
05061,4,8,1,0,0.2987024268538973,0,0
05083,4,12,1,0,0.31976677454621455,0,0
05127,4,10,1,0,0.304152007846259,0,1
05133,4,7,1,0,0.33044730560596136,0,0
05145,4,17,1,0,0.2953379293453572,0,0
05149,4,13,1,0,0.3061323656214008,0,0
06003,1,3,0,0,0.34698970930558914,0,0
06009,1,20,1,0,0.35450579890008205,0,1
06015,4,4,1,0,0.316344805843212,0,0
06021,3,7,1,0,0.27393643266536283,0,0
06023,4,36,1,0,0.3189540968714364,0,0
06037,1,292,0,0,0.6666880420233053,1,0
06041,1,29,1,0,0.40779080718671046,0,0
06043,3,13,1,0,0.3042687550892396,0,0
06047,4,24,0,0,0.29132148329611324,0,0
06049,3,13,0,0,0.26005779517765687,0,0
06051,1,9,0,0,0.3290159862636996,0,0
06055,1,12,1,0,0.35832560382816186,0,0
06059,1,91,0,0,0.4417455970048892,0,0
06061,1,34,0,0,0.41165408692682165,0,0
06063,2,17,1,0,0.3713478836294475,0,0
06069,2,7,1,0,0.34400744313245835,0,0
06071,3,93,0,0,0.3552471877594653,0,0
06077,1,36,0,0,0.343068207745077,0,0
06087,2,17,1,0,0.3835039149937275,0,0
06115,3,17,1,0,0.30163095162626713,0,1
08011,4,6,0,0,0.19668528866369794,0,0
08041,1,45,0,0,0.3598425588169319,0,0
08043,3,11,1,0,0.2864720814671805,0,1
08059,1,33,1,0,0.4203539352860777,0,0
08061,3,5,0,0,0.21415983457508478,0,0
08067,1,6,1,0,0.34408128975147567,0,1
08093,1,12,0,0,0.5751718976948745,1,0
08123,1,41,1,0,0.32230845763020144,0,0
09001,1,46,1,0,0.43313352283543816,0,0
09003,1,58,1,0,0.34783510113946003,0,0
09011,1,31,1,0,0.37146368022358034,0,0
09013,1,17,0,0,0.3910271780724529,0,0
10001,1,18,1,0,0.2968553659311084,0,0
12013,3,8,0,0,0.28713113627092907,0,0
12021,1,23,0,0,0.32758409190603527,0,0
12027,4,4,0,0,0.28390605145928927,0,0
12031,1,36,0,0,0.34973435096804506,0,0
12033,1,18,1,0,0.35278556583867343,0,0
12061,2,9,1,0,0.32147359628998057,0,0
12071,1,38,0,0,0.34555483144104676,0,0
12089,1,6,1,0,0.35166372802345225,0,0
12093,4,2,0,0,0.2703635471919499,0,0
12109,1,12,1,0,0.3690915862825107,0,0
12119,1,11,1,0,0.3405634989296407,0,0
12123,1,6,0,0,0.42991633935816675,0,0
12125,1,5,0,0,0.4025464252848148,0,0
13003,4,5,1,0,0.26377634987832854,0,1
13007,3,6,0,0,0.2755517039197992,0,0
13011,3,11,0,0,0.3171776331744435,0,0
13021,1,12,1,0,0.3417707385319083,0,0
13031,1,11,1,0,0.2796002820317701,0,0
13037,4,6,0,0,0.2500704995627802,0,0
13039,3,8,1,0,0.3170979465384923,0,1
13049,4,4,0,0,0.25722824908796343,0,0
13055,4,6,1,0,0.27082531533880494,0,0
13069,4,10,1,0,0.28189955655804244,0,1
13071,4,13,1,0,0.27200175758097844,0,0
13073,1,7,1,0,0.40854807467950505,0,0
13079,3,7,0,0,0.3184450109879736,0,0
13103,1,8,1,0,0.35851405246833346,0,1
13105,4,4,0,0,0.27233303544865145,0,0
13115,4,13,1,0,0.3088106213836907,0,0
13119,3,10,1,0,0.2712551272302695,0,0
13121,1,46,0,0,0.3873803885066915,0,0
13137,3,7,1,0,0.34663415699577216,0,1
13143,3,7,0,0,0.32203789113592596,0,0
13151,2,11,1,0,0.3924248429082547,0,0
13169,4,8,1,0,0.32483063101240817,0,0
13173,4,5,0,0,0.2752110563726024,0,0
13175,4,15,1,0,0.27636889729685843,0,1
13187,3,4,0,0,0.3507357509970627,0,0
13191,3,4,1,0,0.2688211087029277,0,0
13193,4,10,1,0,0.25531760343250565,0,0
13227,2,9,1,0,0.36092819649261076,0,0
13253,4,4,1,0,0.2445156407509514,0,1
13255,4,7,0,0,0.3200137434267004,0,0
13261,4,8,1,0,0.2672586709873606,0,0
13263,4,8,0,0,0.2624923664427665,0,0
13283,4,6,0,0,0.27523511995295624,0,0
13307,4,6,0,0,0.24501320776999788,0,0
13309,4,4,1,0,0.2880232035450675,0,1
13315,4,8,1,0,0.27398920325863546,0,1
13317,4,5,1,0,0.267082842811808,0,1
13321,4,12,0,0,0.26363559053912916,0,0
16033,4,3,0,0,0.2719257670787864,0,0
16055,2,13,1,0,0.36957273616816305,0,0
16059,3,10,1,0,0.2737662582535135,0,1
16065,1,8,0,0,0.5969218138576808,1,0
16067,3,5,0,0,0.28330657262470005,0,0
16077,4,4,0,0,0.29298586274241956,0,0
17009,2,5,0,0,0.3288889543038637,0,0
17011,2,30,1,0,0.343359864996808,0,1
17029,4,16,0,0,0.285650070015184,0,0
17049,2,15,1,0,0.3436865039829509,0,0
17059,4,9,1,0,0.26596805329299605,0,1
17065,2,13,0,0,0.3122564631051295,0,0
17083,1,11,0,0,0.3693612945099743,0,0
17095,3,22,1,0,0.31900233454390586,0,1
17099,2,28,1,0,0.3375522867351839,0,0
17103,2,24,1,0,0.33106157895652943,0,0
17109,4,17,1,0,0.28991224993437364,0,1
17135,3,28,0,0,0.3125982484649269,0,0
17143,1,27,0,0,0.38002167779084256,0,0
17147,1,16,0,0,0.33908310278327936,0,0
17157,2,18,1,0,0.3443757959457887,0,0
17159,3,9,1,0,0.2922236014843069,0,0
17163,2,34,0,0,0.36224105228604514,0,1
17169,3,12,0,0,0.3147698896702489,0,0
17171,2,9,1,0,0.3155762226669603,0,1
17183,3,27,1,0,0.29412892218165326,0,0
17203,1,16,1,0,0.38008431777566737,0,0
18001,3,8,1,0,0.26802359947501786,0,1
18003,2,33,1,0,0.3192267048918458,0,0
18019,2,15,1,0,0.35051789044849846,0,0
18023,3,12,1,0,0.27643529293675795,0,0
18025,3,9,0,0,0.25912290610543093,0,0
18027,3,7,0,0,0.2785383989411056,0,0
18035,4,21,1,0,0.3038127140100545,0,0
18041,4,8,0,0,0.2924039178317221,0,0
18045,2,10,0,0,0.2812751680860653,0,0
18047,1,15,1,0,0.3300326392829255,0,0
18057,1,23,0,0,0.4246066679819008,0,0
18061,2,16,1,0,0.30855507404024546,0,1
18081,1,12,1,0,0.363404694721859,0,0
18101,2,7,1,0,0.29422311995831285,0,1
18115,2,5,0,0,0.3202081041584176,0,0
18141,3,24,1,0,0.3429766649506917,0,0
18153,3,13,1,0,0.2930228304086305,0,0
18163,3,11,1,0,0.3230879724732845,0,0
18177,3,17,1,0,0.3023037415894289,0,0
19015,3,18,1,0,0.34986697090794816,0,0
19017,1,12,0,0,0.36840746630955146,0,0
19027,1,16,1,0,0.3236350342853375,0,0
19043,2,24,0,0,0.3393175944512415,0,0
19047,3,19,0,0,0.2857774595602205,0,0
19053,3,11,0,0,0.3047659968585787,0,0
19055,1,16,0,0,0.3400771451749434,0,0
19057,3,12,1,0,0.3579031906045916,0,1
19061,2,19,1,0,0.3861447612112664,0,0
19069,2,17,0,0,0.2990275297314126,0,0
19071,2,11,1,0,0.30870935245861847,0,1
19089,2,9,0,0,0.31810503983267874,0,0
19097,2,14,1,0,0.33853757562551673,0,0
19099,1,19,1,0,0.33527305400908136,0,1
19109,2,21,1,0,0.30991634260533235,0,0
19111,3,12,1,0,0.3587421857720103,0,0
19113,1,29,1,0,0.3841174791842716,0,0
19119,1,12,0,0,0.3324968457106503,0,0
19127,2,21,1,0,0.2977087547616566,0,1
19137,3,10,0,0,0.2972921024254266,0,0
19139,2,13,0,0,0.3849827838186794,0,0
19145,2,12,1,0,0.32284802422147596,0,0
19161,2,16,1,0,0.3099967470968905,0,1
19165,1,19,0,0,0.3149543026566112,0,0
19181,1,19,1,0,0.3941688874430173,0,1
19191,1,12,0,0,0.3468290298136368,0,0
20011,4,13,1,0,0.2794348711362707,0,0
20013,2,13,0,0,0.2671679008262583,0,0
20015,2,20,1,0,0.31507429269612525,0,0
20017,3,11,0,0,0.3085790844472232,0,0
20029,3,8,1,0,0.2488135175039191,0,1
20033,1,3,0,0,0.2634511073336294,0,0
20035,3,14,1,0,0.28997489167428764,0,1
20067,2,3,1,0,0.23453664007542976,0,1
20071,1,2,0,0,0.26833966034774565,0,0
20079,1,13,1,0,0.32309474859137305,0,1
20083,2,8,1,0,0.240217560621216,0,1
20103,1,13,1,0,0.35223834044654445,0,0
20107,3,11,0,0,0.28534911617292386,0,0
20109,2,7,0,0,0.32330770199278297,0,0
20111,3,12,1,0,0.32224789692287137,0,0
20119,1,5,0,0,0.23040400144636228,0,0
20121,1,11,1,0,0.34970851949168424,0,1
20151,2,11,0,0,0.2506364506027193,0,0
20155,2,22,1,0,0.26730476727253183,0,0
20157,2,15,0,0,0.28795776653384575,0,0
20173,2,50,0,0,0.3096162662194132,0,0
21019,3,4,1,0,0.3143222624789955,0,1
21027,3,18,1,0,0.2403491908066334,0,0
21039,4,4,0,0,0.24834229147513068,0,0
21041,4,8,1,0,0.278828568176628,0,1
21045,4,15,0,0,0.23206970026876209,0,0
21049,3,4,1,0,0.2700386931466853,0,1
21051,4,10,1,0,0.24941768455280247,0,0
21059,3,10,1,0,0.29254866219785025,0,0
21061,4,12,1,0,0.2482026472941928,0,0
21063,4,6,1,0,0.2602191879887935,0,1
21065,4,5,0,0,0.2521663679051725,0,0
21111,2,41,0,0,0.33792567745679325,0,0
21119,4,24,1,0,0.265060659290914,0,0
21137,4,11,1,0,0.23964989982279067,0,0
21143,3,4,0,0,0.22545864498811707,0,0
21147,4,8,0,0,0.24447677268485926,0,0
21151,1,5,1,0,0.28300326650034285,0,0
21161,4,5,1,0,0.24892051362590023,0,0
21167,2,5,1,0,0.2519338860904615,0,0
21175,4,8,1,0,0.2677440287546281,0,0
21189,4,6,0,0,0.24830728238282426,0,0
21203,4,7,1,0,0.26772703997532027,0,0
21209,2,6,1,0,0.28280647930870595,0,1
21225,4,5,1,0,0.24196358970882614,0,0
22019,3,16,1,0,0.33571158777327953,0,0
22031,4,10,1,0,0.30844190703905267,0,0
22035,4,4,0,0,0.22393947306174575,0,0
22037,3,8,0,0,0.3019198033670739,0,0
22055,1,16,1,0,0.31950453640556664,0,0
22069,4,16,1,0,0.28466599996166114,0,0
22091,3,7,0,0,0.2533333924302896,0,0
22095,3,6,1,0,0.3202974082461979,0,1
22109,3,13,1,0,0.2849311387936299,0,0
22119,4,12,1,0,0.2923344726189261,0,1
22123,4,4,1,0,0.24631658625166034,0,0
22127,4,12,1,0,0.30403357255851093,0,0
23023,1,8,0,0,0.32540990001677433,0,0
23027,2,18,1,0,0.3012245983558888,0,1
24005,1,54,0,0,0.44990456954754027,0,1
24013,1,15,1,0,0.3634892695365538,0,0
24019,3,18,1,0,0.2871728267837422,0,1
24041,1,16,1,0,0.3545008325631558,0,0
24043,1,20,1,0,0.3062813331347697,0,0
26009,2,16,1,0,0.32767858825467516,0,0
26015,1,15,1,0,0.36148048279675166,0,0
26039,3,4,0,0,0.30463323534699127,0,0
26041,3,13,1,0,0.32514361812862963,0,1
26051,4,7,0,0,0.2930149465720269,0,0
26053,4,7,0,0,0.28418674220056406,0,0
26059,3,18,1,0,0.29309029769206146,0,0
26063,2,18,1,0,0.29411607480986346,0,1
26097,3,15,0,0,0.29629524285316744,0,0
26109,3,14,0,0,0.31706007184950147,0,0
26125,1,71,0,0,0.4086746267903145,0,0
26127,3,12,1,0,0.3177280727504429,0,0
26135,3,8,0,0,0.26435748251385166,0,0
26145,3,28,1,0,0.3179606911160452,0,0
27013,3,20,0,0,0.33682961081052504,0,0
27017,2,15,0,0,0.3544775355399762,0,0
27029,3,11,0,0,0.2901022222020351,0,0
27049,1,17,1,0,0.3768165435151589,0,1
27065,2,9,0,0,0.3152461327846466,0,0
27067,2,16,0,0,0.29553719456027583,0,0
27087,4,8,0,0,0.23995594384737085,0,0
27103,1,10,0,0,0.35517172306060846,0,0
27105,3,17,0,0,0.29569287538523614,0,0
27115,2,16,1,0,0.3121647384599201,0,0
27131,1,16,1,0,0.3790247022749397,0,0
27153,2,19,1,0,0.3006372803489028,0,0
27169,2,14,1,0,0.3662940739286457,0,1
28003,4,5,1,0,0.30779778144924763,0,1
28019,4,9,1,0,0.29263440415859776,0,1
28023,4,9,1,0,0.3381706337661751,0,0
28055,4,6,0,0,0.28775298401876226,0,0
28073,3,6,1,0,0.3595474608149814,0,0
28091,4,8,1,0,0.2839205335133964,0,0
28097,4,7,1,0,0.2688340581499554,0,1
28101,4,11,1,0,0.2882687405200182,0,0
28115,4,11,1,0,0.29094386539978456,0,0
28117,4,8,0,0,0.28976807846315394,0,0
28125,1,7,0,0,0.69838865085014,1,0
28127,3,10,1,0,0.30118016137555204,0,0
28141,4,9,1,0,0.3021909143292616,0,0
28143,4,5,0,0,0.20119498674328065,0,0
28151,4,8,0,0,0.24048090980311604,0,1
28163,4,8,1,0,0.2547721665097725,0,0
29005,2,9,0,0,0.2944610777026317,0,0
29021,3,15,1,0,0.34098142326433956,0,0
29025,3,10,1,0,0.32529155466414555,0,1
29035,3,5,1,0,0.2921736258596607,0,1
29041,3,12,1,0,0.3037492755919545,0,1
29065,4,8,1,0,0.28183250504236096,0,0
29069,4,14,1,0,0.232991353464596,0,1
29073,2,11,0,0,0.3203549068894788,0,0
29077,3,21,0,0,0.32551414278859025,0,0
29089,3,10,0,0,0.30269912828185713,0,0
29107,2,16,1,0,0.32643838255325763,0,1
29115,3,15,1,0,0.2766333029231531,0,0
29133,4,6,1,0,0.23875109019630306,0,0
29147,4,18,1,0,0.300254616904176,0,0
29159,3,15,1,0,0.28477169562785126,0,1
29167,3,18,0,0,0.16099807911904324,0,0
29185,4,16,1,0,0.26900468436888175,0,1
29195,3,13,1,0,0.290460525757322,0,0
29223,4,14,1,0,0.26229672833481293,0,0
29227,3,7,0,0,0.30393550819574217,0,0
30001,3,10,0,0,0.2795920981164856,0,0
30005,4,9,1,0,0.20612551294648415,0,1
30019,1,4,0,0,0.2675260511599142,0,0
30023,4,5,0,0,0.2919368959265946,0,0
30033,2,8,0,0,0.2584061068075313,0,0
30041,3,10,0,0,0.22637404027849664,0,0
30043,2,9,0,0,0.31604953278736386,0,0
30047,3,15,1,0,0.2663711907046399,0,0
30075,3,6,0,0,0.24231805607994228,0,0
30091,1,11,0,0,0.24656091376831962,0,0
30107,2,6,0,0,0.2438146872380634,0,0
31011,2,8,1,0,0.30140326176150967,0,1
31017,3,4,0,0,0.2738020285770261,0,0
31025,1,20,1,0,0.36788795941453556,0,0
31029,2,7,1,0,0.33941297002771614,0,1
31031,3,18,0,0,0.28041955807529495,0,0
31035,2,15,0,0,0.32195339203289647,0,0
31039,2,11,0,0,0.3154430925928429,0,0
31043,3,8,0,0,0.3702417855045312,0,0
31047,3,11,0,0,0.29873293417514957,0,0
31061,2,8,1,0,0.2936863527557563,0,1
31063,2,12,0,0,0.28579482432735465,0,0
31071,2,3,0,0,0.28501874837737906,0,0
31073,2,9,0,0,0.29142033890968483,0,0
31105,3,5,0,0,0.2797510887769127,0,0
31125,2,8,0,0,0.298637205887206,0,0
31129,2,10,0,0,0.29672216119012224,0,0
31131,1,19,1,0,0.34064919353614953,0,0
31139,1,9,0,0,0.30845705741701224,0,0
31169,1,15,0,0,0.29164824284470475,0,0
31173,4,10,1,0,0.24207943469180154,0,1
31185,1,15,1,0,0.3351857725358177,0,0
32003,1,73,0,0,0.3476627265014288,0,1
32011,1,4,0,0,0.27241351548668086,0,0
32013,1,7,1,0,0.2991039644286523,0,0
32033,2,7,1,0,0.2805001801730407,0,1
32510,2,4,0,0,0.3563042641649803,0,0
33003,1,30,0,0,0.25328997595059666,0,0
33005,1,27,1,0,0.29817248851466416,0,1
33009,1,37,1,0,0.31974868906611864,0,0
34009,1,15,1,0,0.38069257797483663,0,0
34015,1,30,1,0,0.40285818006089885,0,0
34037,1,21,1,0,0.4474805524052817,0,0
35006,4,17,0,0,0.2025497019894734,0,0
35023,4,5,0,0,0.20518569264758493,0,0
35027,3,14,0,0,0.275458895357488,0,0
35041,4,9,1,0,0.18435012222894204,0,0
35043,1,21,1,0,0.3111263036086004,0,0
35061,4,8,1,0,0.2354070494475934,0,1
36005,4,28,0,0,0.2982605196607455,0,0
36007,3,31,1,0,0.29265010208906195,0,0
36013,3,36,1,0,0.2864189525434465,0,0
36029,2,70,0,0,0.3272168478377889,0,0
36047,3,39,0,0,0.31410027608371266,0,0
36055,1,50,1,0,0.33380608354742003,0,0
36081,2,63,0,0,0.3735653437978077,0,0
36093,1,19,1,0,0.3500457348328846,0,0
36105,2,62,1,0,0.30398223485173764,0,0
36115,2,27,1,0,0.3167465874216615,0,0
37009,1,12,0,0,0.32817441403651143,0,0
37023,4,16,1,0,0.3331286082313854,0,0
37029,2,5,0,0,0.2958365828206973,0,0
37031,2,19,1,0,0.323276989536287,0,0
37051,1,24,1,0,0.31310509217189475,0,0
37053,1,15,1,0,0.31105051921130333,0,0
37057,3,12,1,0,0.32793565427818805,0,0
37079,4,11,1,0,0.2711108177679707,0,0
37081,3,31,0,0,0.3407717942646144,0,0
37107,4,10,1,0,0.2673203358967944,0,0
37109,2,11,1,0,0.37468374998348064,0,0
37119,2,32,0,0,0.40535507370745505,0,0
37135,2,14,1,0,0.3794892714454297,0,0
37141,3,13,1,0,0.3212815945465619,0,1
37143,3,6,0,0,0.27538031767648513,0,0
37169,2,16,1,0,0.33583768608941456,0,0
37179,1,12,1,0,0.3870261710731802,0,0
37187,4,4,1,0,0.2488391679120475,0,0
37195,4,17,1,0,0.28578935699385205,0,0
38011,1,5,0,0,0.2670902934891363,0,0
38015,1,12,1,0,0.35866399778796965,0,0
38023,2,10,0,0,0.2905570123295538,0,0
38035,1,22,1,0,0.39015118340432237,0,1
38059,1,8,0,0,0.3340114996915594,0,0
38099,2,16,1,0,0.27026859854953833,0,0
39001,4,11,1,0,0.2510633270175494,0,0
39003,2,20,0,0,0.3141736819079904,0,0
39005,2,19,0,0,0.28681917926126105,0,0
39007,4,19,1,0,0.3263501287228794,0,0
39015,3,19,0,0,0.29940883442311117,0,0
39021,1,17,0,0,0.3012879371593182,0,0
39029,3,24,0,0,0.3434003590478154,0,0
39031,3,18,0,0,0.2751292756096671,0,0
39037,2,25,1,0,0.3100339852349051,0,0
39043,2,13,0,0,0.3322986925175106,0,0
39045,1,19,1,0,0.3199219974636784,0,0
39047,3,11,0,0,0.2435745157245151,0,0
39065,3,15,1,0,0.28774189154940766,0,1
39073,3,16,1,0,0.29741089771941565,0,0
39075,1,18,1,0,0.270150985544291,0,0
39085,1,11,1,0,0.4041460523303953,0,0
39095,3,30,0,0,0.3355085984745006,0,0
39097,1,12,0,0,0.3202498820539589,0,0
39115,4,11,0,0,0.2649707169998023,0,0
39123,2,18,1,0,0.331157901292677,0,0
39131,4,11,1,0,0.2739156613970607,0,0
39145,4,20,1,0,0.29369634608401757,0,0
39167,3,20,1,0,0.32058296059196023,0,0
39175,2,13,0,0,0.2802295185168936,0,0
40029,4,10,0,0,0.2315109363241491,0,0
40037,3,21,1,0,0.29922777644622245,0,0
40039,4,13,1,0,0.23179156025958764,0,0
40043,3,12,1,0,0.2446410629620878,0,1
40061,4,7,0,0,0.22565747802599923,0,0
40081,3,16,1,0,0.27307993091933713,0,0
40089,4,15,1,0,0.25514842750562994,0,0
40101,4,15,1,0,0.2413585348007196,0,0
40111,4,11,1,0,0.2546533849718068,0,1
40135,4,9,1,0,0.23781901357456484,0,0
40139,4,9,1,0,0.2082747724994916,0,0
40151,2,7,0,0,0.2540508396926842,0,0
41019,3,28,1,0,0.28517775269617296,0,0
41027,2,3,1,0,0.3476136086484907,0,0
41033,4,11,1,0,0.2958052072388395,0,0
41037,4,10,0,0,0.2314857603320315,0,0
41045,4,13,0,0,0.21344125394373412,0,0
41065,3,8,1,0,0.27177400057265816,0,0
41069,4,5,0,0,0.21763185605398064,0,0
42003,1,114,0,0,0.3910504547785468,0,0
42005,2,36,1,0,0.3534685194375586,0,0
42007,2,28,0,0,0.36753374724110005,0,0
42037,2,19,1,0,0.3231454155247587,0,0
42051,3,62,1,0,0.321328466970411,0,0
42065,3,30,1,0,0.3160824149049581,0,0
42081,2,25,1,0,0.33907450824565766,0,0
42087,3,13,1,0,0.3143899287092184,0,1
42099,2,16,1,0,0.32698864182051346,0,1
44001,1,3,0,0,0.3642791745440572,0,0
45001,4,13,1,0,0.2986350457576817,0,0
45011,4,7,1,0,0.2697837561296092,0,0
45039,4,9,1,0,0.29619870276964694,0,0
45047,4,9,1,0,0.32848386441257404,0,0
45067,4,7,1,0,0.2615563762966921,0,0
45069,4,8,1,0,0.26975891902485655,0,0
45079,1,24,0,0,0.4028394310850691,0,0
46003,1,9,0,0,0.270867493755732,0,0
46009,2,7,1,0,0.28707201002204574,0,1
46013,1,20,1,0,0.33636148569404206,0,1
46023,4,10,0,0,0.22610412158413704,0,0
46027,3,8,0,0,0.3135058502013388,0,0
46077,1,9,1,0,0.274963821441716,0,1
46081,1,9,0,0,0.4113081019901243,0,0
46091,1,10,1,0,0.2690083334487027,0,1
46107,1,5,0,0,0.26887319660279096,0,0
46121,4,9,1,0,0.17570630347269992,0,1
46127,1,9,0,0,0.3583256907871787,0,0
46137,4,7,0,0,0.17725790412789857,0,0
47007,3,9,0,0,0.271377435485933,0,0
47009,2,13,1,0,0.2990374551618479,0,0
47019,4,8,1,0,0.2905037747336749,0,0
47023,3,12,0,0,0.25783269814282544,0,0
47025,1,10,1,0,0.3037226924460086,0,0
47031,3,9,1,0,0.31205557843067216,0,0
47035,3,11,1,0,0.2931753488385373,0,0
47043,2,11,1,0,0.2980194972482115,0,1
47045,4,11,1,0,0.24780293855783178,0,1
47051,3,15,0,0,0.30375832349286935,0,0
47063,4,7,1,0,0.2798425839847285,0,1
47083,3,8,0,0,0.26098430613892143,0,0
47087,4,11,0,0,0.27994215916508636,0,0
47095,4,2,0,0,0.23575228483609403,0,0
47119,1,10,1,0,0.320154199482983,0,0
47125,3,15,1,0,0.3095768178166237,0,0
47131,4,12,1,0,0.2442429686820678,0,1
47135,4,4,1,0,0.23873621352329674,0,1
47143,4,6,0,0,0.2813774482927071,0,0
47163,3,12,1,0,0.3059672889565718,0,0
47189,1,12,1,0,0.3588223281927949,0,0
48007,4,5,1,0,0.2863870480812228,0,0
48013,3,15,1,0,0.30461880355467685,0,0
48025,4,11,1,0,0.30673512361653704,0,1
48027,3,23,0,0,0.32337984002558234,0,0
48041,3,9,0,0,0.32647850155285246,0,0
48057,3,6,1,0,0.25669341907582255,0,0
48071,2,11,1,0,0.3564500827368183,0,0
48083,2,15,1,0,0.23572726120783655,0,1
48085,1,38,0,0,0.42561745974442494,0,0
48109,4,2,1,0,0.4721173435226101,0,1
48115,4,4,0,0,0.23725658519873297,0,0
48131,4,8,1,0,0.2683671391716958,0,0
48149,2,15,1,0,0.30634644730939786,0,0
48151,3,9,1,0,0.2379939314719621,0,1
48171,2,7,1,0,0.3173105561237685,0,0
48173,3,4,0,0,0.26609834637284635,0,0
48175,3,6,0,0,0.2897781629366589,0,0
48181,2,21,0,0,0.34521187805718095,0,1
48189,3,9,0,0,0.2661139905946606,0,0
48191,4,6,0,0,0.21825728067848682,0,0
48197,3,2,1,0,0.21085723836466952,0,1
48207,4,11,1,0,0.2123671253397919,0,1
48231,3,17,0,0,0.32780358639119955,0,1
48233,3,7,1,0,0.28115492553614907,0,0
48239,2,10,1,0,0.2661689507222891,0,0
48253,4,10,0,0,0.2633668176536663,0,0
48255,3,8,1,0,0.3133794845543461,0,0
48277,3,13,1,0,0.2994576816062348,0,1
48279,4,13,0,0,0.21439454685372608,0,0
48289,3,8,1,0,0.2716833240595371,0,0
48291,3,14,1,0,0.3504306250302101,0,0
48327,3,4,0,0,0.27499875910154853,0,0
48333,2,8,0,0,0.2553418240219251,0,0
48335,2,3,1,0,0.2743520131250675,0,1
48347,1,10,1,0,0.3800165236639177,0,1
48355,3,26,0,0,0.3127484006368581,0,0
48373,3,9,1,0,0.354728462734724,0,1
48395,3,9,1,0,0.2964939994088083,0,0
48401,3,16,1,0,0.3333095336214306,0,1
48403,4,6,0,0,0.2865176127835099,0,0
48439,1,74,0,0,0.3691906677371921,0,0
48443,3,2,0,0,0.25727134162460835,0,0
48465,4,5,1,0,0.2371915996383832,0,0
48485,3,11,0,0,0.310698119702126,0,1
48487,4,6,1,0,0.21490395354614134,0,0
48495,3,2,1,0,0.24537377422386558,0,1
48501,2,4,1,0,0.27213887688068134,0,1
48507,4,4,1,0,0.2413004055676569,0,0
49009,1,2,0,0,0.2973325092903028,0,0
49019,1,2,1,0,0.25487029162980307,0,1
49023,2,6,0,0,0.29765154813946815,0,0
49027,3,11,0,0,0.2548184916841767,0,0
49047,3,10,0,0,0.2735549416566998,0,0
50001,1,20,1,0,0.3416568434901289,0,0
50009,3,10,0,0,0.2939510681693054,0,0
50011,1,17,0,0,0.3019709613257191,0,0
50017,2,31,1,0,0.31881949484014305,0,0
50019,2,24,1,0,0.2923725657012916,0,0
50023,1,26,1,0,0.339864786067608,0,1
51001,3,33,0,0,0.24354381173183098,0,0
51005,3,7,1,0,0.29987196522370374,0,0
51036,2,4,1,0,0.2594344750458004,0,1
51051,4,12,1,0,0.2811878444008207,0,0
51063,2,11,1,0,0.28977188935238934,0,0
51065,1,10,0,0,0.3275220771722628,0,0
51079,2,5,1,0,0.30344360729899983,0,0
51099,1,3,0,0,0.34262771662396996,0,0
51133,2,7,1,0,0.3070826599021801,0,0
51137,1,12,0,0,0.30927625851007484,0,0
51139,3,6,1,0,0.2964268132901412,0,0
51145,1,5,1,0,0.5871629708117024,1,0
51153,1,19,1,0,0.37405462674916123,0,0
51173,3,10,0,0,0.29141539808003447,0,0
51175,3,12,1,0,0.2605612810967094,0,0
51177,1,13,1,0,0.35382473683919546,0,0
51600,1,3,0,0,0.44078447027644146,0,0
51630,3,3,1,0,0.3035999083450159,0,0
51660,1,3,1,0,0.986213235096272,1,1
51670,4,1,0,0,0.2781350332264294,0,0
51683,1,1,1,0,0.3475577557398939,0,0
51750,1,2,1,0,0.95070855529079,1,0
51770,3,10,1,0,0.29125256320807374,0,0
51800,1,8,1,0,0.30123697046568176,0,0
51840,3,1,1,0,0.3089347401548894,0,0
53015,3,11,1,0,0.3167768018744336,0,0
53017,2,13,1,0,0.2537764976147663,0,0
53025,3,18,1,0,0.212589690984801,0,0
53029,1,8,1,0,0.3359258684938392,0,1
53039,3,15,0,0,0.26849047343559046,0,0
53061,1,30,0,0,0.3660165296723572,0,0
53063,1,45,0,0,0.31976103359433417,0,0
53069,1,6,0,0,0.3040823176719089,0,0
53075,4,20,0,0,0.25732954673071123,0,0
54001,4,12,0,0,0.2577607714401048,0,0
54013,4,16,0,0,0.2442570698651661,0,0
54017,3,10,0,0,0.26404618670145164,0,0
54025,4,21,0,0,0.22690498689100497,0,0
54035,3,15,1,0,0.27575418823334946,0,0
54047,4,36,0,0,0.27601616808376317,0,0
54053,3,19,1,0,0.272590283957262,0,0
54055,4,19,0,0,0.28081630182707085,0,0
54071,3,9,0,0,0.2549231824615206,0,0
54081,4,42,1,0,0.2905315198664294,0,0
54085,4,14,0,0,0.25811354923775903,0,0
54097,4,10,1,0,0.2687125300460842,0,0
54107,3,13,1,0,0.2676149728224673,0,0
55001,2,14,1,0,0.31488609197671086,0,0
55019,3,21,0,0,0.2796858956204974,0,0
55027,1,31,1,0,0.3559467663514352,0,0
55037,2,4,0,0,0.32032172091815087,0,0
55041,3,11,0,0,0.2745385504430454,0,0
55043,3,23,1,0,0.3056861478661022,0,1
55053,2,14,0,0,0.312130006430359,0,0
55075,3,16,1,0,0.3363128406395161,0,0
55077,2,14,1,0,0.32148067512522394,0,0
55078,4,4,1,0,0.2470557754149948,0,1
55099,2,14,1,0,0.29940750765751517,0,0
55111,1,17,1,0,0.35627722433707887,0,1
55115,2,25,1,0,0.32335395581674875,0,1
55119,2,14,1,0,0.29712052374425496,0,0
55135,1,16,1,0,0.3490882465575827,0,1
55137,2,17,1,0,0.32996521966860337,0,0
55141,2,15,1,0,0.32798591907517455,0,1
56009,1,4,1,0,0.29499147184954305,0,0
56011,1,10,0,0,0.28672706623181177,0,0
56019,2,4,0,0,0.3290553373325167,0,0
56035,1,6,1,0,0.31726147628385715,0,1
56037,1,12,0,0,0.31095771298334984,0,0
01003,2,23,1,1,0.319734606824796,0,0
01007,3,11,0,1,0.24910907156297082,0,0
01017,4,10,1,1,0.2546602836430007,0,1
01027,4,10,0,1,0.2416371118680381,0,0
01029,3,7,0,1,0.29385024600532045,0,0
01033,3,9,1,1,0.33203165997805284,0,0
01045,3,14,1,1,0.2971827932126666,0,1
01063,4,8,1,1,0.21449539915295798,0,1
01067,3,9,1,1,0.2659177095381993,0,0
01071,4,22,1,1,0.2965832273870914,0,1
01075,4,9,1,1,0.2783466204681483,0,0
01081,1,14,0,1,0.10964754219508127,0,1
01085,4,8,1,1,0.1984590423760975,0,0
01105,4,9,1,1,0.21318294831558696,0,1
01115,2,18,1,1,0.2908708125373578,0,1
01117,1,22,0,1,0.3633950906780876,0,0
04001,4,33,0,1,0.32481874056221605,0,1
04005,1,28,0,1,0.05713042522518918,0,1
05001,4,13,1,1,0.3866360007921365,0,0
05019,1,8,1,1,0.09741140027229883,0,0
05023,3,17,1,1,0.437817179519648,0,0
05041,4,12,1,1,0.3158792136012673,0,0
05053,2,14,1,1,0.4032885091873014,0,0
05063,4,20,1,1,0.4055723133658381,0,1
05065,1,20,0,1,0.039519345122986174,0,0
05071,4,12,1,1,0.37464618084595097,0,0
05077,3,11,1,1,0.28923366423901925,0,1
05079,4,8,1,1,0.31456710612266264,0,0
05081,4,7,1,1,0.34179687625440797,0,0
05091,4,6,1,1,0.3427440850928718,0,0
05093,4,15,1,1,0.4111258043589667,0,0
05099,4,10,1,1,0.3071735062654001,0,1
05107,4,12,1,1,0.33288715372056765,0,0
05113,4,7,1,1,0.438997091469349,0,0
05119,1,31,0,1,0.37525272285424977,0,0
05125,1,14,1,1,0.39069078003965424,0,0
05139,4,10,1,1,0.3408227525871206,0,1
05143,3,20,0,1,0.36159948389256646,0,0
06001,1,53,0,1,0.3986973092741469,0,0
06027,2,11,1,1,0.38865205740540343,0,0
06039,4,18,0,1,0.3631382407360566,0,0
06065,2,75,0,1,0.4688849888868557,0,1
06075,1,29,0,1,0.40931329621434737,0,0
06091,2,10,0,1,0.3753796352336693,0,0
06095,1,21,0,1,0.3892407892649268,0,0
06097,1,37,1,1,0.3358736763763998,0,0
06101,3,13,1,1,0.43481200787507157,0,0
06105,4,14,0,1,0.16192950180987206,0,0
08014,1,6,1,1,0.4199750662466509,0,1
08025,4,6,0,1,0.27732158410656826,0,0
08033,1,5,0,1,0.2873093874474382,0,0
08045,1,8,1,1,0.2671593487213029,0,1
08047,1,4,0,1,0.3129211573284675,0,0
08049,1,10,0,1,0.24163836386529286,0,0
08073,2,9,0,1,0.3439537421364678,0,0
08075,3,9,0,1,0.3463772008502165,0,0
08087,2,10,1,1,0.3289799345563998,0,0
08115,4,5,0,1,0.32274869370449666,0,0
08119,1,7,0,1,0.24670582553593087,0,0
08121,2,12,1,1,0.2864261301338138,0,1
09005,1,40,1,1,0.30934343334311093,0,0
09015,1,31,1,1,0.25934426282960266,0,0
10003,1,28,0,1,0.2739651939463738,0,0
12009,2,28,0,1,0.48934194173082196,0,0
12037,4,8,0,1,0.4336229824857072,0,0
12041,4,5,1,1,0.44756099122264814,0,0
12055,3,9,1,1,0.5071874762580412,1,0
12057,2,56,0,1,0.44724895335675174,0,0
12059,4,4,1,1,0.39032480611660253,0,0
12079,4,5,1,1,0.34456433524141244,0,0
12095,3,46,0,1,0.4280313616717101,0,0
12107,4,17,1,1,0.4546155797853449,0,0
12113,1,9,1,1,0.4114062016574669,0,0
12117,2,17,1,1,0.43676785944738306,0,0
12121,3,9,1,1,0.4723900194995397,0,1
13015,2,14,1,1,0.333429754331239,0,1
13019,4,6,1,1,0.28122315583594876,0,0
13025,4,6,1,1,0.2261480079237507,0,0
13081,4,5,0,1,0.31303688226588017,0,0
13087,4,8,1,1,0.25951859543923483,0,0
13091,4,8,0,1,0.26672708498458514,0,0
13099,4,7,0,1,0.23925922807378877,0,0
13107,4,13,1,1,0.27001220678006366,0,0
13111,3,8,1,1,0.3493375539043485,0,0
13117,1,10,0,1,0.36240553127554,0,0
13123,3,5,0,1,0.33198984819317173,0,0
13125,4,5,0,1,0.30225337674470654,0,0
13149,3,6,1,1,0.2715997247107296,0,0
13157,2,16,1,1,0.32798188617461754,0,0
13205,4,7,0,1,0.253749888555868,0,0
13221,3,10,0,1,0.2783624779179488,0,0
13223,1,11,1,1,0.3087612788462518,0,0
13225,4,3,1,1,0.2783127352441707,0,0
13259,4,6,0,1,0.1881562082425639,0,0
13273,4,7,1,1,0.22814347557786036,0,1
13293,4,7,1,1,0.3057073346673013,0,0
13297,2,11,1,1,0.33758564501657484,0,1
13299,4,7,1,1,0.3184745398203272,0,1
16009,3,9,0,1,0.11591863296008402,0,0
16017,2,18,1,1,0.2331603289560789,0,0
16027,3,13,0,1,0.30154846951371667,0,0
16035,3,7,1,1,0.2853543018922587,0,1
16041,1,7,1,1,0.30027597390108307,0,0
16047,3,6,1,1,0.22103732941098256,0,0
16049,3,16,0,1,0.31906974395665433,0,0
16051,1,10,0,1,0.3218841159316144,0,0
16057,1,14,0,1,0.09234008544812793,0,0
16071,2,4,0,1,0.3421822292571942,0,0
16081,1,5,1,1,0.13343378451552448,0,1
17025,3,13,1,1,0.4102084067589692,0,0
17039,2,13,1,1,0.38527119398683657,0,0
17045,2,15,1,1,0.3725921907397994,0,0
17051,3,20,0,1,0.3740581292363541,0,0
17057,3,24,1,1,0.38871236770031714,0,1
17087,2,10,1,1,0.3510736679641949,0,0
17093,1,19,1,1,0.3781953661280244,0,0
17105,3,29,1,1,0.40738274496266763,0,0
17107,1,20,1,1,0.3704143198702658,0,0
17115,3,27,1,1,0.40211199104626555,0,0
17117,2,28,1,1,0.4093920990117368,0,0
17123,2,19,1,1,0.41948371252965155,0,0
17125,3,11,1,1,0.38814332826881015,0,0
17133,1,9,1,1,0.17405509467716754,0,1
17153,4,10,0,1,0.2864616934494935,0,0
17161,2,20,1,1,0.4158720463391209,0,0
17193,3,11,1,1,0.34575737318107147,0,0
18005,2,14,1,1,0.3230782353209281,0,1
18013,1,9,1,1,0.2605109978842806,0,0
18017,3,12,1,1,0.3895029329587969,0,1
18033,1,14,0,1,0.38852657044170225,0,0
18049,2,16,0,1,0.40941164901692484,0,0
18055,2,16,1,1,0.3515319021265921,0,1
18059,1,15,1,1,0.3719424302222972,0,1
18071,3,8,1,1,0.30004358479291987,0,0
18077,2,11,0,1,0.3285761327669414,0,0
18095,3,18,1,1,0.40633685035591177,0,0
18103,3,13,0,1,0.3904389103392057,0,0
18105,1,18,1,1,0.033016313049388,0,0
18117,3,11,1,1,0.2751359733220329,0,0
18123,2,14,1,1,0.26418914368556745,0,0
18135,3,14,0,1,0.41227111555403667,0,0
18143,3,6,1,1,0.28099122209170974,0,0
18147,1,16,1,1,0.3028663736180799,0,0
18149,3,11,1,1,0.38167913294185624,0,0
18151,1,9,0,1,0.37346995744712336,0,0
18155,3,9,0,1,0.31785892286494716,0,0
18165,2,8,0,1,0.37007533893405176,0,0
18173,1,12,1,1,0.36060547636802404,0,1
18181,2,18,0,1,0.37746992437141097,0,0
19005,2,10,0,1,0.34644733119432053,0,0
19009,2,11,1,1,0.3760883695431117,0,1
19019,1,16,0,1,0.39021930968681984,0,0
19033,2,17,0,1,0.4043215395997497,0,0
19037,1,9,1,1,0.38706516899281335,0,0
19049,1,25,1,1,0.36991692826208095,0,0
19051,2,10,0,1,0.30397284775690764,0,0
19059,1,10,0,1,0.37691417309901076,0,0
19065,2,24,0,1,0.39819680254350787,0,0
19081,2,13,0,1,0.36042034195529654,0,0
19083,2,12,0,1,0.3563081007420862,0,0
19095,1,21,1,1,0.3344560687708167,0,0
19107,2,19,0,1,0.3664351146822903,0,0
19115,2,13,0,1,0.3882489081480261,0,0
19123,2,20,1,1,0.3571151764655148,0,0
19129,1,11,1,1,0.3218862033278765,0,0
19133,2,15,1,1,0.349945302377199,0,1
19159,2,12,0,1,0.3497040285615341,0,0
19195,1,10,0,1,0.37101689279873007,0,0
20005,2,10,1,1,0.26738335291902193,0,0
20051,3,11,1,1,0.27487922228796685,0,0
20053,2,9,0,1,0.2553656573812203,0,0
20059,2,13,1,1,0.30085538472451284,0,0
20075,2,4,0,1,0.24036765145754344,0,0
20077,3,10,0,1,0.2879378504574666,0,0
20081,3,3,0,1,0.22770311425800066,0,0
20085,2,18,1,1,0.2469664763533248,0,0
20087,2,15,1,1,0.27076883733420215,0,0
20095,1,12,1,1,0.2459919994624155,0,1
20113,1,12,1,1,0.3539199956778909,0,0
20123,2,7,0,1,0.2947744237994822,0,0
20129,2,5,1,1,0.278514352383108,0,1
20131,1,15,0,1,0.31957536832464095,0,0
20149,2,12,1,1,0.3180291996127433,0,0
20181,2,4,0,1,0.2378848204013398,0,0
20185,3,9,0,1,0.28476285778532373,0,0
20193,3,8,0,1,0.2319079350947414,0,0
20205,4,10,1,1,0.4023614920881384,0,1
21003,4,6,1,1,0.29961989932095917,0,0
21005,2,5,0,1,0.2813926080383022,0,0
21025,4,10,0,1,0.2191902655698859,0,0
21053,4,4,0,1,0.305404688392404,0,0
21073,2,5,1,1,0.2787262998710156,0,1
21081,3,8,1,1,0.29694340961062565,0,0
21083,4,18,1,1,0.3495161288721217,0,0
21099,4,10,1,1,0.26262844555639736,0,0
21123,3,9,0,1,0.25547015638922543,0,0
21131,1,22,0,1,0.0011762162379302863,0,0
21135,4,9,0,1,0.24443667491307222,0,0
21139,3,7,0,1,0.27146200836593437,0,0
21157,2,8,0,1,0.3342001887618198,0,0
21163,2,12,1,1,0.28977680011307194,0,0
21181,4,6,0,1,0.27910233546665747,0,0
21195,4,39,1,1,0.27372729290860387,0,0
21199,4,11,1,1,0.31351451273440484,0,0
21205,4,4,1,1,0.2854113938137052,0,0
21213,2,5,0,1,0.3085181664417705,0,0
21219,3,9,0,1,0.2869936845388661,0,0
21223,3,5,0,1,0.3083260172855593,0,0
21229,3,7,0,1,0.2658321698910262,0,0
21239,2,3,1,1,0.2647818618945974,0,0
22011,3,9,1,1,0.31278224587859127,0,1
22017,4,25,0,1,0.3436269120283468,0,1
22021,4,4,1,1,0.3040367628378009,0,1
22025,4,9,0,1,0.26780393866842495,0,0
22033,1,24,0,1,0.36372848423882886,0,0
22045,4,10,1,1,0.32961108521533944,0,0
22047,3,8,1,1,0.30476716299867357,0,1
22057,3,14,1,1,0.3371551252709616,0,0
22065,4,4,1,1,0.25157452741682623,0,0
22071,4,17,0,1,0.3482127500469936,0,0
22085,4,12,0,1,0.31173560044956794,0,0
22089,1,10,1,1,0.3150623148616203,0,1
22093,3,7,1,1,0.3116588684542117,0,0
22105,1,20,1,1,0.09664320610194915,0,0
23001,2,14,1,1,0.2875989278681892,0,0
23007,1,18,1,1,0.04193467262879904,0,1
23009,2,40,1,1,0.2684744072034409,0,1
23029,4,31,0,1,0.2671917247505832,0,0
24003,1,40,0,1,0.3814856086748089,0,0
24011,3,10,1,1,0.27789199396815895,0,1
24017,1,24,1,1,0.21755016859468956,0,0
24025,1,24,0,1,0.3319731893595622,0,0
24031,1,50,0,1,0.3575285346418587,0,0
24039,1,11,1,1,1.9239774609712182e-06,0,0
25005,2,36,1,1,0.37577579916687925,0,0
25015,1,28,1,1,0.20364049149123753,0,0
25021,1,41,0,1,0.34065006727424213,0,0
25023,1,34,1,1,0.3071566639539578,0,0
26031,3,15,0,1,0.35375910915791203,0,0
26033,3,17,0,1,0.2886351364119575,0,0
26035,4,8,0,1,0.36822609422202235,0,0
26037,2,17,0,1,0.3012204673205511,0,0
26043,2,11,0,1,0.29584695200985683,0,0
26047,2,11,0,1,0.32490457792696487,0,0
26057,3,20,0,1,0.35175270569982864,0,0
26067,2,21,1,1,0.34130546678318596,0,0
26069,3,12,0,1,0.3735607553832478,0,0
26077,2,25,1,1,0.358224495548361,0,0
26085,4,11,0,1,0.32679457227121356,0,0
26089,1,11,0,1,0.36859312254706894,0,0
26105,3,10,0,1,0.3836337258721324,0,0
26113,3,9,0,1,0.32866588558463683,0,0
26121,3,20,1,1,0.35533432399920706,0,0
26129,4,9,0,1,0.3513228053142651,0,0
26131,3,12,0,1,0.22040845514405696,0,0
26141,2,7,1,1,0.30257288917389347,0,0
26147,2,23,1,1,0.38672055706541525,0,0
27005,2,16,1,1,0.2773680194770099,0,1
27023,2,10,0,1,0.29000771285837046,0,0
27033,2,13,0,1,0.3572415608270126,0,0
27047,2,18,1,1,0.40937082217102067,0,1
27063,2,14,0,1,0.35370290582045905,0,0
27069,1,11,0,1,0.26805279625401135,0,0
27075,1,8,0,1,0.2262060062147076,0,0
27085,1,12,0,1,0.2896808290347582,0,0
27111,1,34,1,1,0.3323599356976351,0,0
27119,2,25,1,1,0.2724117178402964,0,1
27121,1,12,0,1,0.2874916048212887,0,0
27135,1,11,1,1,0.26923779915502083,0,0
27137,1,51,0,1,0.2250734459685883,0,0
27139,1,10,1,1,0.341360406666022,0,0
27141,1,9,1,1,0.28682334676164706,0,1
27159,3,7,0,1,0.28485864136822664,0,0
27163,1,19,1,1,0.37493967945468826,0,0
28001,4,2,1,1,0.24871485955867836,0,1
28009,3,11,0,1,0.22626089754823592,0,0
28013,4,11,1,1,0.27262345086175604,0,0
28015,4,13,1,1,0.24046185565193975,0,1
28059,3,10,0,1,0.3441749001023354,0,1
28075,1,12,1,1,0.11693888554345169,0,0
28095,4,12,1,1,0.27745483162849577,0,0
28107,4,11,1,1,0.26696841483464223,0,1
28111,4,8,0,1,0.24918749038031418,0,0
28147,4,6,1,1,0.2469159511537035,0,0
29011,4,8,1,1,0.38082782323227793,0,0
29047,1,23,0,1,0.43180415650193893,0,0
29051,1,9,1,1,0.33797839860704276,0,0
29053,2,14,0,1,0.3464640606682826,0,0
29061,3,16,0,1,0.4272390326571095,0,0
29067,4,16,1,1,0.31282542719449197,0,0
29097,3,19,0,1,0.3672745676719888,0,0
29105,4,12,1,1,0.3704633135244605,0,1
29117,3,12,1,1,0.373539658891848,0,0
29129,2,7,0,1,0.38383314662081414,0,0
29145,3,15,1,1,0.4050593444165485,0,0
29151,1,15,0,1,0.3418702984504257,0,0
29155,4,13,0,1,0.35643911008010337,0,0
29161,4,11,1,1,0.31377570088858076,0,1
29163,1,12,1,1,0.10179063029869823,0,0
29165,1,18,1,1,0.40097789332658673,0,0
29173,3,9,0,1,0.3678777433559539,0,0
29186,2,8,1,1,0.3768385836587514,0,0
29187,3,15,1,1,0.38308762555549647,0,1
29197,3,6,1,1,0.3729446397315266,0,1
29201,4,14,1,1,0.45695170799119833,0,1
29211,3,13,1,1,0.340940243609667,0,1
29215,4,21,1,1,0.20104607084501971,0,0
30003,4,18,1,1,0.23529408820545006,0,0
30007,2,6,0,1,0.2711634254261461,0,0
30015,2,13,1,1,0.33232912424213534,0,1
30025,1,4,0,1,0.2497629858324846,0,0
30027,3,11,0,1,0.32011562353970435,0,0
30035,4,5,1,1,0.2059724454554211,0,0
30045,2,12,0,1,0.2921000500448412,0,0
30051,4,5,0,1,0.2879346944449908,0,0
30059,3,4,0,1,0.27178099142115797,0,0
30061,4,5,1,1,0.24568213950231835,0,1
30069,2,4,0,1,0.28505444709445193,0,0
30071,3,8,0,1,0.2511880021942254,0,0
30077,2,8,0,1,0.2663153220070098,0,0
30079,3,7,0,1,0.28722689075352864,0,0
30081,2,9,1,1,0.2883628777638503,0,1
30085,4,10,0,1,0.21118055919661272,0,0
30087,3,8,1,1,0.21554964048278127,0,1
31015,2,5,0,1,0.2915097603955004,0,0
31021,2,8,0,1,0.33774544246262667,0,0
31051,1,12,0,1,0.2987410154008769,0,0
31081,1,14,0,1,0.25260206759934606,0,0
31089,1,14,0,1,0.2662812159417135,0,0
31095,3,12,1,1,0.3543021816645345,0,1
31097,2,12,0,1,0.27916581703221127,0,0
31107,2,11,0,1,0.27415252005769475,0,0
31111,2,14,1,1,0.2775422932018306,0,0
31113,2,3,0,1,0.26943984060341286,0,0
31123,2,7,0,1,0.29545052382496373,0,0
31143,1,10,0,1,0.3024035803433489,0,0
31149,1,4,0,1,0.27598007217860665,0,0
31155,1,18,1,1,0.3273631456686379,0,0
31171,1,4,0,1,0.24385454225639946,0,0
31177,1,15,1,1,0.31982831961368013,0,0
31183,2,6,0,1,0.28239993599625635,0,0
32005,1,9,1,1,0.5220834105536156,1,0
32007,1,14,1,1,0.318285261136631,0,1
32019,3,9,1,1,0.4509534955910218,0,0
32027,2,3,0,1,0.3643837624693235,0,0
33013,1,31,1,1,0.1960360399233704,0,0
33015,1,37,1,1,0.2533731996473523,0,0
34027,1,56,1,1,0.38708410640978347,0,0
34031,2,33,1,1,0.4172910712640055,0,0
34041,1,19,1,1,0.3760701001387903,0,0
35011,4,1,0,1,0.23741701669952842,0,0
35021,3,6,0,1,0.24206358247947882,0,0
35028,1,1,0,1,0.3347611967882338,0,0
35031,4,24,0,1,0.24763440943533707,0,1
35033,3,13,0,1,0.12200313885448683,0,0
35047,4,19,0,1,0.174163791350317,0,0
35053,4,14,1,1,0.2572338531678316,0,0
35059,3,8,0,1,0.258086125830698,0,0
36001,2,46,1,1,0.28271306882066183,0,0
36017,3,26,0,1,0.21521799423910934,0,0
36023,3,17,1,1,0.24565089436232357,0,0
36037,2,18,1,1,0.27783903215094485,0,1
36043,3,28,1,1,0.2701073332787247,0,1
36049,3,23,0,1,0.18435772009604415,0,0
36059,1,69,0,1,0.3857077332064763,0,0
36067,2,55,0,1,0.3204769733753202,0,0
36071,1,51,1,1,0.2558427614238637,0,0
36077,3,43,1,1,0.22731283687591106,0,0
36087,2,25,0,1,0.34684074635723255,0,0
36091,1,27,1,1,0.282884270683937,0,0
36099,2,14,1,1,0.30149813135653447,0,1
36117,2,20,1,1,0.2742003240008283,0,0
37011,3,10,0,1,0.31928008269522845,0,0
37019,2,14,1,1,0.3534926402870048,0,0
37039,3,4,1,1,0.3082894325164794,0,0
37047,4,16,1,1,0.25854601042213593,0,0
37049,2,11,1,1,0.27403704326889106,0,0
37077,3,12,1,1,0.2357153936765883,0,0
37093,3,9,1,1,0.2230645457346812,0,1
37099,4,11,0,1,0.28453753422620104,0,0
37101,2,21,1,1,0.2788445715048642,0,0
37111,3,9,1,1,0.33062933648163356,0,0
37121,3,4,0,1,0.35058118077124223,0,0
37125,2,18,1,1,0.3161769277583793,0,0
37147,4,17,1,1,0.2358559705259847,0,0
37155,4,13,0,1,0.2680871586959112,0,0
37163,4,17,1,1,0.28156295133697035,0,1
37167,2,12,0,1,0.3448046644133885,0,0
37173,4,5,0,1,0.2728465586644305,0,0
37177,4,3,0,1,0.22152220767054892,0,0
37189,4,10,1,1,0.2563740638262324,0,1
37191,1,14,1,1,0.19703158548183694,0,0
38017,1,29,0,1,0.23277114833118323,0,0
38019,1,16,0,1,0.2968563745510894,0,0
38025,1,12,0,1,0.2736787551422337,0,0
38045,2,12,0,1,0.29643994339880386,0,0
38053,1,12,0,1,0.2503395644251438,0,0
38055,1,18,0,1,0.2698275394695394,0,0
38093,1,21,0,1,0.13287075839754012,0,0
38101,1,24,1,1,0.08839344468167674,0,0
38103,1,12,0,1,0.30789848130161707,0,0
38105,1,10,0,1,0.3057340635930349,0,0
39017,2,17,1,1,0.38375786306919624,0,0
39027,3,13,0,1,0.36742987359173285,0,0
39039,1,14,0,1,0.4012293132514851,0,0
39041,1,24,1,1,0.34014279215868976,0,0
39071,4,15,1,1,0.3628096662364875,0,1
39077,2,14,1,1,0.35624996764154593,0,1
39079,4,11,1,1,0.2882014175663377,0,0
39083,2,16,0,1,0.32172478105752406,0,0
39089,2,28,1,1,0.3038394804994965,0,0
39101,3,14,1,1,0.3409232580178699,0,0
39105,4,15,0,1,0.3187653427992625,0,0
39109,1,18,0,1,0.4235401489118223,0,0
39125,1,15,1,1,0.40912634510875484,0,0
39133,1,24,1,1,0.1588342207012659,0,0
39147,2,20,1,1,0.40226044416524337,0,0
39161,2,14,0,1,0.4115029948253391,0,0
39169,2,25,1,1,0.35957559953554,0,0
39173,2,32,1,1,0.3711151279862281,0,0
40007,3,7,0,1,0.244798469628204,0,0
40013,4,14,1,1,0.3358830126683083,0,1
40015,4,16,1,1,0.3315716730865336,0,0
40017,1,13,1,1,0.3507830923475369,0,0
40023,4,12,1,1,0.27575973112422386,0,0
40031,3,19,0,1,0.29467592785758456,0,1
40035,4,10,1,1,0.3276195872303673,0,0
40045,3,7,1,1,0.28493556983477747,0,1
40047,1,22,1,1,0.2597691905924658,0,1
40063,4,10,1,1,0.256657748590021,0,0
40113,3,22,1,1,0.33797646412128446,0,1
40119,1,14,1,1,0.09157519852793498,0,0
40133,4,10,1,1,0.28269195282979775,0,0
40141,4,8,1,1,0.33454664408842033,0,1
40147,1,12,1,1,0.35081802404145784,0,1
41011,3,10,1,1,0.3230755941247373,0,0
41013,2,6,1,1,0.3062716714605405,0,0
41023,3,11,1,1,0.29248165727886255,0,1
41025,2,10,0,1,0.2740090850787399,0,0
41041,3,18,1,1,0.3165994883929863,0,1
41067,1,30,1,1,0.31145240172716776,0,0
42013,3,19,1,1,0.34940518396244147,0,0
42025,2,20,1,1,0.33533442730662183,0,0
42041,1,21,1,1,0.3245710678319949,0,0
42047,2,14,1,1,0.25988484829354674,0,1
42059,2,26,1,1,0.26816889077450434,0,0
42063,3,49,0,1,0.3133728096306007,0,0
42069,2,28,1,1,0.3466010513016068,0,0
42073,2,22,1,1,0.36120952257328603,0,1
42093,2,9,0,1,0.33541756448606436,0,0
42095,1,26,1,1,0.3970406860261826,0,0
42113,3,13,0,1,0.23758564706098656,0,0
42117,3,25,0,1,0.24058890302661093,0,0
42123,2,19,1,1,0.25660166602491485,0,0
42125,1,64,1,1,0.36726000304152395,0,0
42127,2,30,1,1,0.2784388169666306,0,1
42133,1,45,0,1,0.3054177028822301,0,0
45003,3,23,0,1,0.35451620791353605,0,0
45019,1,30,0,1,0.3493407779537987,0,0
45025,4,11,1,1,0.2933358339070852,0,0
45029,4,14,1,1,0.27633141595794425,0,1
45053,4,9,0,1,0.24118198855775574,0,0
45063,2,18,0,1,0.35004711056688687,0,0
46005,3,11,0,1,0.3404575979014576,0,0
46007,4,7,0,1,0.20281809452634758,0,0
46019,3,8,0,1,0.2843777004047033,0,0
46021,1,7,0,1,0.3056051261645878,0,0
46029,2,10,1,1,0.3168106325282537,0,0
46037,2,11,1,1,0.307444153444637,0,1
46041,3,9,0,1,0.22560523584879003,0,0
46047,3,7,0,1,0.34714268400222603,0,0
46055,3,5,0,1,0.3098666584220449,0,0
46063,1,10,0,1,0.24622346965448963,0,0
46073,1,4,0,1,0.2910820043151369,0,0
46083,1,12,1,1,0.3721775255056024,0,1
46089,2,8,0,1,0.3341110818921627,0,0
46097,1,9,0,1,0.2876019315186552,0,0
46105,2,9,0,1,0.27625799468112244,0,0
46111,1,8,0,1,0.2781430438258133,0,0
46119,1,6,0,1,0.2548335020309916,0,0
46129,1,7,1,1,0.29522307882540705,0,1
47001,3,11,1,1,0.36197603077467333,0,1
47005,4,7,1,1,0.33561059042765173,0,0
47011,3,8,1,1,0.3037659668455751,0,0
47013,4,11,1,1,0.31738967815294183,0,0
47015,2,9,0,1,0.37895853575767796,0,0
47017,4,14,1,1,0.3113305341179784,0,0
47027,4,7,1,1,0.3305010531745921,0,1
47037,2,35,0,1,0.373903286432451,0,0
47067,4,5,1,1,0.31181094119337643,0,1
47071,4,13,1,1,0.3180147376792895,0,0
47079,4,9,1,1,0.33409399736303746,0,1
47089,3,10,1,1,0.38649416909671,0,1
47097,4,4,1,1,0.26094816158361117,0,0
47117,3,12,1,1,0.36166967481878226,0,1
47133,3,11,0,1,0.34864114947284974,0,0
47137,4,6,0,1,0.32876913845740685,0,0
47153,2,8,0,1,0.29203582955902124,0,0
47157,1,38,0,1,0.36948297650077844,0,1
47167,2,10,1,1,0.31789552780872565,0,0
47169,2,5,0,1,0.3279678246389751,0,0
47185,4,5,1,1,0.3658795672185812,0,0
47187,1,16,1,1,0.3598927908488828,0,0
48009,2,10,1,1,0.4265388542388853,0,1
48021,2,15,1,1,0.3061202322031131,0,0
48033,3,9,0,1,0.37036910248095223,0,0
48035,3,11,1,1,0.4499898881039437,0,0
48045,4,4,0,1,0.3873096872149206,0,0
48047,4,2,1,1,0.31169211073340614,0,1
48059,2,9,0,1,0.3430607747397935,0,0
48081,3,4,1,1,0.3711528011976105,0,1
48095,3,6,0,1,0.3708564641518113,0,0
48103,2,2,0,1,0.2891559897541713,0,0
48113,3,93,0,1,0.4380454133652054,0,1
48117,4,6,1,1,0.27461433520978534,0,0
48121,1,37,0,1,0.45493676870102,0,0
48137,4,4,0,1,0.3509421360622497,0,0
48141,1,30,0,1,0.3914311089329608,0,1
48147,2,19,1,1,0.4583656562893924,0,1
48153,3,6,0,1,0.3536513671927663,0,0
48163,4,5,0,1,0.30612070339659025,0,0
48165,3,5,0,1,0.3576779857523027,0,0
48167,2,18,0,1,0.47173231714778063,0,0
48169,4,4,1,1,0.31859136996285836,0,1
48187,2,14,0,1,0.43285438595986836,0,0
48201,3,141,0,1,0.4548089630903797,0,0
48203,3,12,1,1,0.314045492425239,0,0
48213,3,15,0,1,0.4552183655016269,0,1
48217,2,19,1,1,0.45404471315386735,0,1
48243,2,2,0,1,0.3482991507853006,0,0
48247,4,1,1,1,0.269787499386929,0,1
48251,2,16,1,1,0.46970726314579325,0,0
48271,4,1,0,1,0.38940820417982386,0,0
48275,4,6,1,1,0.34700176229838137,0,1
48285,2,7,1,1,0.40030412730375425,0,0
48311,3,7,0,1,0.38846032572684175,0,0
48315,4,7,1,1,0.3206024675608672,0,1
48321,1,12,1,1,0.20225799001523906,0,0
48329,1,9,1,1,0.42387438822648865,0,0
48349,4,17,1,1,0.3987845457740543,0,1
48359,1,6,0,1,0.33924296092885814,0,0
48363,4,12,1,1,0.4530093065005291,0,0
48367,1,18,1,1,0.4705231627122114,0,0
48369,3,5,0,1,0.2587338235507484,0,0
48379,2,6,0,1,0.47419030686657293,0,0
48393,4,5,0,1,0.3410917681077764,0,0
48397,1,9,1,1,0.4554313552020242,0,1
48399,3,11,1,1,0.32702673550596617,0,1
48409,3,9,1,1,0.3721775093083357,0,0
48419,4,7,1,1,0.3283955359077795,0,0
48473,2,11,1,1,0.346224953925948,0,1
48475,3,6,1,1,0.42807381084384155,0,1
48499,3,12,1,1,0.44871068652880464,0,0
48503,2,6,1,1,0.4356548235255049,0,0
49003,2,20,1,1,0.3898919650627161,0,1
49011,1,13,1,1,0.438493936817984,0,0
49017,3,11,0,1,0.2916927738944455,0,0
49025,2,7,0,1,0.23972189003349084,0,0
49029,1,2,0,1,0.2822932824871987,0,0
49045,1,8,0,1,0.3174236833065404,0,0
49051,1,6,0,1,0.3330890958273062,0,0
50003,2,21,0,1,0.2717488816235327,0,0
50027,1,34,0,1,0.22601280893246264,0,0
51031,3,14,1,1,0.24909965593695887,0,1
51043,1,7,0,1,0.244201452391873,0,0
51073,1,6,1,1,0.22440793346604884,0,1
51077,4,9,0,1,0.2927375652227527,0,0
51111,4,12,1,1,0.20796067542258787,0,0
51125,2,17,0,1,0.18594677420516778,0,0
51141,3,14,1,1,0.24456768906650247,0,0
51143,4,20,1,1,0.24463452172196684,0,0
51147,1,12,1,1,0.0074281110048356165,0,0
51149,3,7,1,1,0.22093542513532266,0,1
51163,3,12,0,1,0.28548959311804584,0,0
51187,1,7,1,1,0.27011563991163073,0,1
51510,1,8,1,1,0.3332868133369963,0,0
51540,3,4,0,1,0.23088153336861078,0,0
51550,1,6,1,1,0.21864136912151524,0,0
51620,3,1,0,1,0.20278260429817077,0,0
51640,4,1,0,1,0.3116659446571451,0,0
51685,1,1,0,1,0.24746686499981665,0,0
51720,4,1,0,1,0.29793791139778075,0,0
53001,4,11,0,1,0.27867616143463936,0,0
53007,2,14,1,1,0.2830115378890155,0,0
53009,2,9,0,1,0.2881736816644678,0,0
53035,1,20,1,1,0.2500603689787009,0,0
53047,4,22,1,1,0.33878943771544856,0,1
53049,3,13,0,1,0.2813973893894013,0,0
53053,1,59,0,1,0.2922763706037965,0,0
53057,1,17,1,1,0.21348066289394813,0,0
53071,2,8,1,1,0.3222321395813822,0,0
53077,4,22,1,1,0.2965413243489362,0,0
54015,4,16,0,1,0.13824747906650092,0,0
54021,4,16,0,1,0.1961126906325262,0,0
54029,3,5,1,1,0.4030805250704423,0,1
54051,3,10,0,1,0.3305937340061818,0,0
54065,3,4,1,1,0.25425057658211325,0,0
54073,3,5,0,1,0.2711658528141838,0,0
54093,2,10,0,1,0.2429613299582272,0,0
54095,3,11,0,1,0.25889059012481747,0,0
54105,4,8,0,1,0.21166100180158573,0,0
55007,2,15,1,1,0.19400361788280182,0,0
55017,2,14,1,1,0.27371151229045604,0,0
55023,2,13,1,1,0.2714842434291289,0,0
55025,1,45,0,1,0.34638918813516945,0,0
55031,2,12,1,1,0.21020590415102244,0,1
55039,1,24,1,1,0.32188706318346993,0,0
55047,2,12,0,1,0.33339296589315653,0,0
55081,2,12,1,1,0.2481099477197465,0,0
55089,1,13,1,1,0.3746413722622262,0,1
55093,1,13,0,1,0.22391109689963462,0,0
55103,3,14,1,1,0.276647648269674,0,0
55105,2,19,1,1,0.3189033723132326,0,0
55107,3,14,0,1,0.23151399226043534,0,0
55117,1,17,1,1,0.380151151671373,0,0
55131,1,18,1,1,0.34870873257087726,0,0
55133,1,30,1,1,0.36279966339260444,0,0
56005,1,8,0,1,0.252185536225319,0,0
56007,2,12,1,1,0.30361559783138686,0,0
56015,2,9,0,1,0.4071157551653861,0,0
56039,1,9,0,1,0.23381391873687368,0,0
56043,2,2,0,1,0.38537376115132976,0,0
01015,3,14,1,2,0.219097185141415,0,0
01043,3,19,1,2,0.23143329224002057,0,0
01055,3,14,1,2,0.2019446313659599,0,0
01059,4,10,1,2,0.21167156724182676,0,0
01069,4,14,1,2,0.22463206527999746,0,0
01079,3,10,1,2,0.2014932064414196,0,1
01091,4,15,1,2,0.18322861586642153,0,0
01095,4,18,1,2,0.20037532340569003,0,0
01107,4,8,1,2,0.18667723091077676,0,0
01113,3,12,1,2,0.21123357975200607,0,0
01127,3,18,1,2,0.21417614820076053,0,0
01131,4,13,1,2,0.18807887393969308,0,0
04015,1,25,0,2,0.20132745437957242,0,1
04021,2,34,0,2,0.2204735106864184,0,1
05005,3,12,1,2,0.27094491703497947,0,0
05017,4,6,0,2,0.1982760401242413,0,0
05037,4,8,1,2,0.20871487499138314,0,0
05045,1,15,1,2,0.20554103605371773,0,0
05049,1,14,1,2,0.14049479232793124,0,0
05057,4,10,1,2,0.21041132532832288,0,0
05059,4,12,1,2,0.23776232403432776,0,1
05095,4,9,1,2,0.20442425202486297,0,1
05115,4,13,1,2,0.23066747150330766,0,1
05117,3,11,1,2,0.21401774906885068,0,1
05121,4,11,1,2,0.22010806974866862,0,0
05141,4,12,1,2,0.2354869825204831,0,0
05147,4,9,1,2,0.19916859323261402,0,1
06007,4,18,1,2,0.2002147131692586,0,0
06011,3,9,1,2,0.18817462941625662,0,0
06013,1,49,0,2,0.26047308484953696,0,0
06029,1,52,0,2,0.19657587751975308,0,1
06067,2,57,0,2,0.23660356451644338,0,0
06081,1,30,0,2,0.29221978868914417,0,0
06083,2,24,1,2,0.2189897373825711,0,0
06089,3,30,0,2,0.2129090168151214,0,1
06093,3,23,1,2,0.20128802885898867,0,1
06099,3,28,0,2,0.2174864660088898,0,0
06107,4,41,0,2,0.18736446156706502,0,0
06113,3,19,1,2,0.215761807609053,0,0
08001,2,35,1,2,0.21920162857959075,0,0
08003,4,5,0,2,0.1700795390730077,0,0
08009,4,8,1,2,0.16848128584579974,0,1
08021,4,8,0,2,0.22902268668421444,0,0
08023,4,7,0,2,0.1863622607450991,0,0
08027,2,4,0,2,0.19744728210556972,0,0
08029,4,8,0,2,0.19137202022754946,0,0
08031,2,36,0,2,0.2515144431288185,0,0
08035,1,18,1,2,0.2613208498375654,0,0
08037,1,13,1,2,0.20339997673861784,0,0
08039,1,14,0,2,0.19828461150507298,0,0
08055,2,4,1,2,0.167650937921441,0,1
08077,2,19,1,2,0.20433908096188777,0,0
08079,1,3,0,2,0.18652844523075876,0,0
08083,3,7,0,2,0.17463227575995582,0,0
08085,3,12,0,2,0.19957896395673783,0,0
08099,3,6,1,2,0.15798007953875162,0,0
08105,4,4,0,2,0.18985683922699928,0,0
08125,3,13,0,2,0.1722540490617196,0,0
09009,1,41,1,2,0.23523270855159523,0,0
10005,2,24,1,2,0.20972197577496235,0,0
12001,3,23,1,2,0.23767137369490962,0,0
12011,2,53,0,2,0.29653287450856314,0,0
12017,3,15,1,2,0.3072744538566976,0,0
12019,2,12,1,2,0.2741253343335976,0,0
12029,4,6,0,2,0.2461440940988586,0,0
12035,2,7,1,2,0.3087815024817988,0,0
12045,2,2,0,2,0.25346893862643055,0,0
12069,2,28,0,2,0.2971514975527073,0,0
12073,3,10,1,2,0.23286506466157153,0,0
12083,3,31,1,2,0.2878061206637787,0,0
12086,3,79,0,2,0.28204813788622407,0,0
12087,2,11,1,2,0.2572156612200896,0,0
12091,2,14,1,2,0.2822703722739072,0,0
12127,3,29,0,2,0.297460104193564,0,0
12131,2,12,1,2,0.2588156022218175,0,0
13001,4,7,1,2,0.20543949041073564,0,0
13023,4,6,1,2,0.18734239087755022,0,0
13033,4,9,1,2,0.18276732943929175,0,0
13035,4,5,1,2,0.18457914981754442,0,0
13051,3,14,0,2,0.22758430773573066,0,0
13057,1,15,1,2,0.20899626404418292,0,0
13061,4,6,0,2,0.1692587842602495,0,0
13065,4,7,0,2,0.18283449414379593,0,0
13075,4,5,1,2,0.20046649576871953,0,0
13077,1,10,1,2,0.23930034838483616,0,0
13083,3,5,1,2,0.18357468939329497,0,0
13093,4,8,1,2,0.2048542484101273,0,0
13097,2,8,1,2,0.21906656186932053,0,0
13129,4,8,1,2,0.21351642905822277,0,1
13131,4,6,0,2,0.20313053918074367,0,0
13167,4,5,1,2,0.19154441832591107,0,1
13171,3,9,0,2,0.19994141087943645,0,0
13195,3,11,1,2,0.21941970975242217,0,0
13197,4,4,1,2,0.17146024741016713,0,1
13199,4,10,0,2,0.1505868236037708,0,0
13201,4,5,0,2,0.1952631818652801,0,0
13207,2,9,0,2,0.22140024262586844,0,0
13213,3,6,0,2,0.20710812290741545,0,0
13217,3,11,1,2,0.20733081295621428,0,0
13229,4,7,0,2,0.210781826133629,0,0
13235,4,5,1,2,0.18476556555797416,0,0
13239,4,2,0,2,0.17983917447961478,0,0
13241,4,9,0,2,0.2256322191364346,0,0
13245,1,11,0,2,0.20042636759032048,0,0
13249,3,7,0,2,0.18182439729333366,0,0
13269,1,6,0,2,0.15715095313951738,0,0
13271,4,7,0,2,0.2013528590179921,0,0
13275,3,9,1,2,0.20887680297551395,0,1
13277,4,9,1,2,0.20843666454556625,0,1
13281,3,3,1,2,0.2477907376703043,0,1
13285,4,7,1,2,0.21372207615460742,0,0
13287,4,4,1,2,0.19459726738404012,0,1
13289,4,6,0,2,0.191718526116437,0,0
16007,3,10,0,2,0.2958911076652482,0,0
16029,2,7,0,2,0.19184790019799647,0,0
16031,3,9,1,2,0.1960391316208146,0,0
16045,2,7,1,2,0.21971554447563962,0,0
16053,4,5,0,2,0.1964420688111351,0,0
16069,2,10,1,2,0.21971049726941935,0,0
16073,3,12,1,2,0.18264860628444776,0,0
16079,4,15,1,2,0.23057178946532061,0,0
16085,1,4,0,2,0.1961615087665477,0,0
17003,1,8,1,2,0.0937266579758684,0,1
17007,1,15,1,2,0.2518358122670249,0,0
17013,2,7,1,2,0.22379529789652858,0,1
17015,1,11,0,2,0.2614282790880598,0,0
17023,2,11,0,2,0.23093102436914145,0,0
17031,2,176,0,2,0.2773149806439012,0,0
17033,2,10,1,2,0.22905172695639986,0,0
17035,3,12,0,2,0.23050284931797163,0,0
17037,2,22,0,2,0.21614733267830216,0,0
17043,1,43,1,2,0.2973687951015706,0,0
17055,4,19,1,2,0.23694439781581048,0,1
17073,1,23,1,2,0.25002829234484997,0,1
17077,4,22,0,2,0.19200313194209903,0,0
17089,1,33,0,2,0.2666690334560285,0,0
17091,2,21,1,2,0.2317826903575714,0,0
17097,1,35,1,2,0.27143383547722444,0,0
17113,2,33,1,2,0.23122050444636305,0,0
17141,2,27,1,2,0.24174852211286652,0,1
17149,3,16,1,2,0.2381424668529355,0,0
17165,4,11,1,2,0.2240944204249504,0,0
17167,2,29,1,2,0.25179653062012824,0,0
17191,3,20,0,2,0.2262551481461103,0,0
18007,3,10,0,2,0.20910897568599787,0,0
18011,1,12,1,2,0.24745377059414342,0,1
18037,1,13,1,2,0.23368561685086986,0,1
18039,2,17,1,2,0.23356988988444874,0,0
18053,3,15,1,2,0.20697492883456767,0,0
18083,3,11,1,2,0.2062727482133858,0,1
18093,2,12,1,2,0.20933260481375718,0,1
18097,3,40,0,2,0.22871497667080826,0,0
18099,3,13,0,2,0.21774923230794915,0,0
18107,2,16,1,2,0.21713245398560627,0,0
18111,2,12,0,2,0.21388269763415443,0,0
18113,1,17,0,2,0.22144519847982425,0,0
18119,3,14,0,2,0.18612444390563437,0,0
18125,2,11,0,2,0.20944571995334904,0,0
18127,1,15,1,2,0.23868257798561532,0,0
18129,1,7,1,2,0.2151268178864204,0,0
18131,3,13,0,2,0.2102808138513853,0,0
18133,1,15,1,2,0.20366076960898896,0,1
18137,2,12,0,2,0.22233107630551682,0,0
18157,3,18,1,2,0.18910138205542493,0,0
18171,2,11,0,2,0.20396141406772,0,0
18175,2,12,1,2,0.19012662640755085,0,0
19007,3,11,1,2,0.24537809184495563,0,0
19031,1,18,1,2,0.26325728590221664,0,0
19075,1,16,0,2,0.24438108106830872,0,0
19087,2,11,1,2,0.26513420588146985,0,0
19091,2,17,0,2,0.2727404319763247,0,0
19093,1,12,0,2,0.2528241058482851,0,0
19101,1,16,0,2,0.2595890673691102,0,0
19105,2,16,1,2,0.268086389166356,0,0
19121,1,14,1,2,0.26152176606538324,0,0
19125,1,19,0,2,0.2616398137510178,0,0
19135,2,7,0,2,0.25079763965960045,0,0
19141,2,14,0,2,0.26583460011781596,0,0
19149,1,14,1,2,0.25442270880097795,0,0
19151,2,16,1,2,0.27416742519191156,0,1
19163,2,22,1,2,0.26837631842095444,0,0
20001,3,11,1,2,0.22799433805930802,0,0
20003,3,10,0,2,0.2297076954320358,0,0
20023,3,5,0,2,0.2323150029623414,0,0
20039,2,8,1,2,0.20769307326178119,0,1
20047,3,7,1,2,0.22000734492392102,0,1
20055,3,7,1,2,0.19106997569554382,0,1
20061,3,8,1,2,0.19079016667654317,0,1
20093,3,4,0,2,0.18356775188091085,0,0
20097,2,7,1,2,0.20367755231800933,0,1
20099,4,13,1,2,0.21943709322972946,0,0
20127,2,9,1,2,0.22260084167422062,0,1
20135,3,9,1,2,0.182038586092713,0,1
20139,2,15,1,2,0.23281324988899124,0,0
20143,2,11,0,2,0.23280107940195546,0,0
20147,2,9,1,2,0.25264454696919053,0,1
20167,2,11,1,2,0.239043363593243,0,1
20179,1,11,1,2,0.08092407057910485,0,1
20187,3,3,0,2,0.2042526220396863,0,0
20191,2,18,0,2,0.22917814319660637,0,0
20199,2,4,0,2,0.22626009592090543,0,0
20209,4,11,0,2,0.2336139102386408,0,0
21001,4,10,1,2,0.17737069890225793,0,0
21007,1,6,0,2,0.05052852670621036,0,0
21009,4,11,1,2,0.19644978298474783,0,0
21021,3,5,1,2,0.20876133009618575,0,0
21031,4,10,0,2,0.17266624918491422,0,0
21037,2,10,1,2,0.2246074375675472,0,0
21057,4,3,1,2,0.1775042898837109,0,1
21085,4,9,1,2,0.1801467981787753,0,0
21087,4,8,0,2,0.18089051639861403,0,0
21089,3,11,0,2,0.21756196656750276,0,0
21097,3,6,1,2,0.19195908241978196,0,0
21101,3,8,1,2,0.1940050638389962,0,0
21103,3,13,1,2,0.1864270721329807,0,0
21141,4,7,1,2,0.192595626647727,0,0
21149,2,7,1,2,0.1882965296175507,0,1
21155,1,11,0,2,0.13180102537266522,0,0
21171,4,6,1,2,0.28361914143011346,0,0
21177,3,17,0,2,0.1912562436366528,0,0
21179,1,9,1,2,0.1920745550222712,0,1
21185,1,11,1,2,0.23208533804093265,0,0
21187,3,9,0,2,0.17858933582916084,0,0
21191,3,10,1,2,0.17824981136805068,0,0
21193,1,21,0,2,0.09531704291306206,0,0
21197,4,4,1,2,0.19912481649790256,0,0
21211,2,14,1,2,0.20459730587345756,0,1
22009,4,15,1,2,0.20152013768205876,0,1
22013,4,13,1,2,0.20616078616370923,0,0
22015,3,15,0,2,0.21523427247096796,0,1
22027,4,11,1,2,0.20341842294310403,0,0
22049,4,7,1,2,0.20717416785103424,0,0
22061,1,8,0,2,0.15622876817270617,0,1
22067,4,7,0,2,0.188977016530856,0,0
22075,2,9,0,2,0.22871771865933635,0,0
22079,4,27,1,2,0.2138106637097835,0,0
22081,3,5,0,2,0.22179725123206515,0,0
22103,2,17,1,2,0.2464388052146375,0,0
22111,3,10,1,2,0.2176433315000566,0,0
22125,2,4,0,2,0.04366058046316883,0,0
23013,1,19,1,2,0.14480250900981895,0,1
23015,2,25,0,2,0.22005608426671466,0,0
23017,1,33,1,2,0.1730894713702854,0,0
23025,4,24,1,2,0.16308942400280357,0,0
24027,1,24,1,2,0.2788856226454351,0,0
24029,2,9,1,2,0.21363862662352623,0,0
24033,1,39,0,2,0.21486039860862252,0,0
24035,1,16,1,2,0.24874739932438625,0,0
25001,1,47,1,2,0.2603917634594516,0,0
25013,2,41,1,2,0.20865268202467974,0,0
25017,1,83,0,2,0.25682794249461416,0,0
25025,3,36,1,2,0.22049990223971622,0,0
26001,3,13,0,2,0.2196862947474267,0,0
26005,2,24,1,2,0.2175253643875351,0,0
26007,3,8,0,2,0.22660888598004056,0,0
26011,3,10,1,2,0.21711180964401244,0,0
26013,3,7,1,2,0.18214523786555883,0,1
26023,3,13,1,2,0.2167121064026968,0,0
26025,3,22,1,2,0.21732460316520957,0,0
26027,2,14,1,2,0.21486555920101352,0,1
26065,1,22,1,2,0.15978214407526176,0,0
26073,4,15,1,2,0.1767547397500261,0,0
26107,3,16,0,2,0.1884210495937304,0,0
26139,1,22,1,2,0.23641680393390285,0,0
26153,3,7,0,2,0.19113632118314725,0,0
26163,3,68,0,2,0.23182401304454017,0,0
26165,3,13,0,2,0.20732657648399286,0,0
27009,1,9,1,2,0.25089554249280255,0,1
27021,2,24,0,2,0.22754185641067493,0,0
27035,2,18,0,2,0.24566672680120874,0,0
27037,1,22,1,2,0.28453714065839236,0,0
27041,1,17,1,2,0.2791560422662642,0,1
27053,1,72,0,2,0.27171145871476726,0,0
27057,2,10,1,2,0.23140626346320373,0,0
27089,1,15,0,2,0.23498765239616912,0,0
27095,2,12,1,2,0.23779423684298545,0,0
27097,2,20,1,2,0.24831593407968158,0,1
27143,1,16,0,2,0.2566140477326903,0,0
27147,1,11,0,2,0.27029652322052333,0,0
27149,2,8,0,2,0.21930274216464324,0,0
27151,3,11,1,2,0.25048481594177135,0,1
27157,1,13,0,2,0.2672450123282483,0,0
27165,2,10,0,2,0.2573768956861003,0,0
27171,1,19,1,2,0.2676821405343516,0,0
27173,2,14,0,2,0.24318087108864625,0,0
28017,4,8,0,2,0.2007080651532648,0,0
28027,4,11,1,2,0.18610733156198345,0,0
28031,4,8,1,2,0.2188566969793154,0,0
28037,4,8,1,2,0.15128019632998693,0,1
28051,4,9,1,2,0.16859575993213247,0,0
28057,3,10,1,2,0.21803716689283875,0,0
28065,4,9,1,2,0.2049600610746409,0,0
28067,4,13,0,2,0.23275810068749578,0,1
28081,3,15,1,2,0.23001583336616035,0,0
28085,4,12,1,2,0.16951711650510753,0,1
28087,3,8,1,2,0.22014620529339946,0,0
28099,4,8,1,2,0.20067454137286492,0,0
28109,3,5,1,2,0.22876973252387547,0,1
28119,4,10,1,2,0.17437496879035785,0,1
28123,4,10,1,2,0.19600181337301686,0,0
28133,4,16,1,2,0.18710056099151393,0,1
28137,3,5,1,2,0.20271918290249138,0,0
28139,4,9,0,2,0.21095157241996837,0,0
28149,4,3,0,2,0.22125889428403556,0,0
28153,4,7,1,2,0.19045549869529937,0,0
28161,4,7,1,2,0.20947004143569753,0,0
29001,4,9,1,2,0.18699343819820527,0,0
29003,2,17,0,2,0.24690590266326998,0,0
29013,3,13,1,2,0.21886695845451648,0,0
29015,3,13,1,2,0.24871981813783534,0,0
29027,2,19,0,2,0.21802584615527876,0,0
29029,3,18,1,2,0.21959951675650416,0,1
29045,3,11,0,2,0.2255314148308522,0,0
29059,4,13,1,2,0.2236610698889252,0,0
29063,2,10,1,2,0.2360303077851534,0,0
29071,1,23,1,2,0.2330732596099512,0,0
29079,3,7,1,2,0.23449685870538178,0,1
29087,3,6,0,2,0.25010343462597934,0,0
29103,4,12,1,2,0.2214609954047878,0,1
29113,2,17,1,2,0.2240328276111442,0,0
29119,1,14,1,2,0.10522452066854134,0,0
29121,2,15,1,2,0.2539611501026733,0,0
29125,3,10,0,2,0.22132963450046175,0,0
29127,3,10,1,2,0.24861080111001588,0,0
29153,4,18,1,2,0.17075366378391316,0,1
29157,2,8,0,2,0.24261512772163726,0,0
29169,2,11,1,2,0.21585675768230717,0,0
29179,3,11,0,2,0.1944191397073453,0,0
29189,1,46,0,2,0.2701881973101426,0,0
29203,4,9,0,2,0.18997247767622238,0,0
29217,4,13,1,2,0.21762524778541603,0,0
29219,3,9,1,2,0.2519648605765277,0,1
30011,2,8,0,2,0.2111263897225123,0,0
30013,3,18,1,2,0.21528667045193564,0,1
30021,1,8,1,2,0.19931434211219157,0,1
30029,2,16,1,2,0.20744356556347474,0,0
30073,3,6,1,2,0.1908778332371658,0,1
30083,1,9,0,2,0.20276433677041786,0,0
30093,3,7,0,2,0.2141960021263148,0,0
30097,1,6,0,2,0.2112141884839094,0,0
30099,2,12,0,2,0.1983386881857708,0,0
30105,3,12,1,2,0.1937850724781255,0,1
31001,2,14,1,2,0.283389035113094,0,1
31019,1,14,0,2,0.2625860301664535,0,0
31037,3,7,0,2,0.26833142614331734,0,0
31053,2,14,0,2,0.30773812204884643,0,0
31057,4,7,0,2,0.27395758850847257,0,0
31059,1,14,0,2,0.2814575408545474,0,0
31065,3,9,0,2,0.26619731026392185,0,0
31091,1,1,0,2,0.23672394397357874,0,0
31101,2,7,0,2,0.2540654019326204,0,0
31127,2,13,0,2,0.2682642603272338,0,0
31135,1,10,1,2,0.2493374283942849,0,1
31137,2,10,0,2,0.27563951748103993,0,0
31141,1,11,1,2,0.28028685210786647,0,1
31157,3,8,1,2,0.2710483764252598,0,0
31163,2,8,0,2,0.28135111957954423,0,0
31181,2,8,0,2,0.26461925303375605,0,0
32015,3,2,0,2,0.1561635209229969,0,0
32017,1,5,1,2,0.32735044982931144,0,1
32021,3,5,1,2,0.18604966741359516,0,1
33001,1,15,0,2,0.19167939924446456,0,0
33007,2,16,1,2,0.20335009088496067,0,1
33011,1,34,1,2,0.22038909357922915,0,0
33017,1,17,0,2,0.2043162567389687,0,0
33019,2,19,0,2,0.20055810988624584,0,0
34001,1,30,0,2,0.24019113448401003,0,0
34005,1,38,0,2,0.2717024112607712,0,0
34017,3,16,0,2,0.27187438298574057,0,0
34023,1,44,0,2,0.278961887578345,0,0
34029,1,30,0,2,0.2791274914513766,0,0
34035,1,32,1,2,0.2796887342385895,0,0
35001,1,27,0,2,0.20269041410067987,0,0
35005,4,9,1,2,0.15553044002281596,0,1
35009,1,7,1,2,0.14455092853611023,0,1
35019,2,5,1,2,0.2765256742774009,0,1
35029,4,3,1,2,0.17721511898276424,0,0
35037,4,10,1,2,0.18069365046598002,0,1
36003,3,37,1,2,0.18199857652450693,0,0
36031,2,34,1,2,0.14785024041800468,0,1
36045,3,39,1,2,0.18898071727059787,0,0
36051,2,30,0,2,0.19241372348591584,0,0
36069,1,25,0,2,0.18583861674821228,0,0
36073,3,15,1,2,0.19137768918152984,0,0
36075,3,27,1,2,0.17323400534375444,0,0
36083,2,29,1,2,0.21919566213399871,0,0
36085,1,12,0,2,0.24659315342494553,0,0
36111,2,63,1,2,0.20415084808804854,0,0
36113,1,25,0,2,0.21188266823052518,0,0
36119,1,77,0,2,0.2631587457110747,0,0
37007,4,8,1,2,0.21139499608114995,0,0
37015,4,10,1,2,0.19019108044479244,0,0
37037,1,18,1,2,0.25884076597099104,0,0
37043,3,5,1,2,0.20946573350041456,0,1
37059,2,6,1,2,0.2631375473057549,0,1
37061,4,19,1,2,0.19230479760810665,0,0
37067,1,22,1,2,0.23577642395474266,0,0
37091,4,9,1,2,0.1053144039444947,0,0
37103,4,9,0,2,0.20936733443715091,0,0
37113,3,6,0,2,0.269656097490203,0,0
37115,3,6,0,2,0.22747661505388522,0,0
37123,3,8,0,2,0.2226628033323644,0,0
37131,4,12,1,2,0.14543280653033225,0,0
37133,3,16,1,2,0.2100159218172583,0,0
37137,3,9,0,2,0.2149124004867252,0,0
37145,2,10,0,2,0.23050907974671908,0,0
37151,3,24,1,2,0.24769581917643677,0,0
37157,3,11,1,2,0.2409162366045919,0,0
37161,1,16,1,2,0.2114913356819444,0,0
37165,4,7,1,2,0.17377070108480183,0,0
37199,3,5,0,2,0.233589554118215,0,0
38001,1,6,0,2,0.2497033346859063,0,0
38009,1,14,0,2,0.25510358119763954,0,0
38031,1,8,0,2,0.2519746278573066,0,0
38039,2,9,0,2,0.2693435087230715,0,0
38043,2,13,0,2,0.2432743660441876,0,0
38061,2,12,0,2,0.22989543010671784,0,0
38067,1,13,1,2,0.23711983891841937,0,1
38069,3,11,0,2,0.2517871467786161,0,0
38073,1,11,1,2,0.2508541384738243,0,1
38085,4,9,1,2,0.14862229236074717,0,1
38091,1,12,0,2,0.24912510432473423,0,0
38095,3,10,0,2,0.2457331525850896,0,0
39011,1,18,0,2,0.246354834688678,0,0
39013,2,27,1,2,0.24171425765592877,0,0
39035,1,52,0,2,0.2564422617969208,0,0
39059,3,20,1,2,0.22760727808206188,0,0
39063,1,24,1,2,0.2263282414007124,0,0
39081,3,23,1,2,0.2379830890103463,0,0
39091,2,18,1,2,0.23031199200107627,0,0
39093,2,24,1,2,0.24967863486911204,0,0
39103,1,24,1,2,0.27302061639145586,0,0
39107,1,18,1,2,0.2531262844624521,0,1
39117,2,16,1,2,0.2299712069554754,0,1
39137,1,17,1,2,0.25234328134911543,0,0
39143,2,17,1,2,0.24868185815797186,0,0
39151,1,42,1,2,0.26779775707258796,0,0
39153,2,41,0,2,0.26717811561615185,0,0
39165,1,24,1,2,0.2677389139032271,0,0
40041,4,13,1,2,0.19611571119814897,0,1
40051,2,14,1,2,0.1393921399002001,0,0
40065,3,9,1,2,0.1911787769510133,0,0
40085,3,8,1,2,0.1911436875514296,0,1
40095,4,3,1,2,0.1998622062016884,0,0
40097,4,17,1,2,0.19211678338524948,0,1
40099,3,7,1,2,0.1997672671517466,0,0
40107,4,11,1,2,0.16732797534955426,0,0
40131,1,12,1,2,0.21175306944284877,0,0
40137,3,10,1,2,0.1975652590342955,0,1
41003,1,10,1,2,0.16513569265025163,0,1
41015,2,7,1,2,0.22297571045647205,0,0
41035,4,17,1,2,0.17713139128191613,0,1
42017,1,55,0,2,0.2576211420684116,0,0
42021,1,51,1,2,0.1010765748573553,0,0
42023,3,4,0,2,0.19382986400485414,0,0
42055,1,30,1,2,0.23390566940582486,0,0
42061,2,33,1,2,0.21028954990044488,0,1
42091,1,69,0,2,0.26551795941283907,0,0
42103,1,19,0,2,0.22669843761156258,0,0
42129,1,86,1,2,0.25317417732409386,0,0
45009,4,8,1,2,0.19314940415687964,0,0
45021,4,8,1,2,0.22292237691992034,0,0
45027,4,11,1,2,0.20259665457655116,0,1
45031,4,10,1,2,0.232601238425647,0,0
45037,3,10,1,2,0.22647099728684328,0,0
45045,1,27,0,2,0.2621840663153115,0,0
45065,1,11,0,2,0.0731937258738614,0,0
45073,3,13,1,2,0.23036774861806905,0,1
45081,4,12,1,2,0.21376043213458173,0,0
45083,2,34,0,2,0.23289332348259909,0,0
45089,4,12,1,2,0.18957119071530582,0,0
45091,1,15,1,2,0.23750281825972863,0,0
46015,2,6,0,2,0.23627854354603955,0,0
46017,4,6,0,2,0.18544170231761634,0,0
46035,2,6,1,2,0.2797247743895144,0,0
46043,1,8,0,2,0.0507305317336835,0,0
46045,1,10,0,2,0.23984996751073345,0,0
46057,1,12,0,2,0.24443424000918318,0,0
46061,2,7,0,2,0.26281168850087316,0,0
46069,1,5,0,2,0.23978333082230407,0,0
46085,2,9,0,2,0.2058805570941547,0,0
46093,2,18,1,2,0.25481237958778014,0,0
46095,4,7,0,2,0.17408874702974325,0,0
46109,4,16,1,2,0.22273193430285337,0,1
46115,1,15,0,2,0.2473175428402035,0,0
46123,4,8,0,2,0.23980236980378727,0,0
46135,2,10,1,2,0.28331917124793227,0,0
47021,2,12,1,2,0.19702123307744915,0,1
47039,4,9,0,2,0.19564409174305125,0,0
47041,4,11,0,2,0.19738220149578617,0,0
47049,4,9,1,2,0.18856948528968384,0,0
47055,3,17,1,2,0.18349991830806245,0,0
47059,4,10,1,2,0.2117443154397004,0,0
47069,4,12,1,2,0.176485579222053,0,0
47105,2,9,0,2,0.2492333427091413,0,0
47107,4,12,1,2,0.21143725217247758,0,0
47121,3,6,1,2,0.2038479132442097,0,0
47129,4,12,1,2,0.20346284782458227,0,0
47147,2,12,1,2,0.2063694557666511,0,0
47161,2,8,0,2,0.18824609368065942,0,0
47165,1,10,1,2,0.2241264918733234,0,0
47173,4,11,0,2,0.2021854597604991,0,0
47177,4,6,1,2,0.20295248818505293,0,1
47179,1,13,1,2,0.20384323857005116,0,0
47181,4,10,1,2,0.18501819305162162,0,0
48001,3,10,1,2,0.22733433919719132,0,0
48003,2,1,1,2,0.19164693616067716,0,0
48005,4,6,1,2,0.2386382453843731,0,0
48015,2,13,1,2,0.22320861920777763,0,0
48029,2,77,0,2,0.2598777857864843,0,0
48049,3,10,1,2,0.22346237650877734,0,0
48061,4,17,0,2,0.2576487788140615,0,0
48065,1,6,0,2,0.2214202651626071,0,0
48067,4,14,1,2,0.20897879013090004,0,1
48073,4,12,1,2,0.17997832102676786,0,1
48077,2,9,1,2,0.21927918963425147,0,1
48087,4,5,1,2,0.18999472016910346,0,1
48093,2,14,1,2,0.21635485904111545,0,0
48105,2,6,0,2,0.21233274679887015,0,0
48107,4,9,0,2,0.19498402851695423,0,0
48123,3,9,1,2,0.23014752634927732,0,0
48133,4,9,1,2,0.19977983700050425,0,0
48139,1,20,1,2,0.2378615880365081,0,0
48143,1,13,1,2,0.17416478739854147,0,1
48159,1,7,1,2,0.24294300127032017,0,1
48195,4,3,0,2,0.18332705895003606,0,0
48221,1,8,1,2,0.26809727414017254,0,0
48225,4,7,1,2,0.20695336518110108,0,0
48237,3,11,0,2,0.21392808926141355,0,0
48259,1,8,1,2,0.25284336685767944,0,1
48319,2,6,0,2,0.22102166007031201,0,0
48325,1,15,0,2,0.23723970984637105,0,0
48345,3,6,0,2,0.20809597489438986,0,0
48351,3,11,0,2,0.20755205590802256,0,0
48365,3,13,1,2,0.22263676917639738,0,0
48371,3,6,1,2,0.20210708534139787,0,0
48381,1,15,1,2,0.2507214969302648,0,0
48387,4,9,1,2,0.2010145913347756,0,0
48405,4,4,1,2,0.20432348835440578,0,1
48411,3,7,1,2,0.2028704665106848,0,1
48413,2,3,0,2,0.2208163480026288,0,0
48421,3,4,0,2,0.19563843912625184,0,0
48423,3,22,0,2,0.2199134080229657,0,1
48431,2,2,0,2,0.20974855830709258,0,0
48449,4,6,1,2,0.22508352633679454,0,1
48453,1,63,0,2,0.19865839933873503,0,0
48463,4,8,1,2,0.21333508461528383,0,0
48469,3,12,1,2,0.25207992068130175,0,0
49033,2,4,0,2,0.18457603053169513,0,0
49035,1,36,0,2,0.23094383647411043,0,0
49039,3,15,1,2,0.18368365062433448,0,0
49041,3,12,1,2,0.18948328782963625,0,0
49049,2,24,0,2,0.21385843447606975,0,0
50013,1,5,1,2,0.22437878446445705,0,1
50021,1,29,1,2,0.2079680040485637,0,0
50025,2,24,1,2,0.2000055942333182,0,1
51003,2,24,1,2,0.2179985317428144,0,0
51011,3,8,0,2,0.1914953620800187,0,0
51019,1,18,1,2,0.23508259920854832,0,1
51025,3,16,1,2,0.16037587321881588,0,0
51037,4,14,1,2,0.20225698613839585,0,0
51047,1,18,1,2,0.21324079148255903,0,1
51049,3,7,0,2,0.14586099236810746,0,0
51059,1,48,0,2,0.27921313781153556,0,0
51069,1,12,1,2,0.2411974273097087,0,1
51085,1,12,1,2,0.24123263941220774,0,0
51087,2,16,1,2,0.23613830077029735,0,0
51091,2,7,0,2,0.20471452141032515,0,0
51103,2,6,1,2,0.2307731865010291,0,0
51115,2,15,0,2,0.07864820327570171,0,0
51121,3,10,1,2,0.19285236324855576,0,0
51127,1,6,1,2,0.18559372084251965,0,0
51157,1,10,0,2,0.2058143017672786,0,0
51167,4,11,0,2,0.2019459358318874,0,0
51169,3,12,0,2,0.20274357146440272,0,0
51179,1,5,1,2,0.24067677233293674,0,0
51185,1,18,1,2,0.1668727792774158,0,0
51197,3,11,0,2,0.2167607424494946,0,0
51530,4,1,0,2,0.1985308986327734,0,0
51570,2,1,1,2,0.2454309372656407,0,0
51775,1,1,0,2,0.24884076303990854,0,0
53011,1,20,0,2,0.2178618255673827,0,0
53019,4,9,0,2,0.17696987899812422,0,0
53023,3,2,1,2,0.18617743848510687,0,1
53027,1,21,0,2,0.15781199076343339,0,0
53033,1,84,0,2,0.24498934955300244,0,0
53041,2,23,1,2,0.18720344239133796,0,1
53059,1,8,1,2,0.1877380866837414,0,1
53065,3,21,0,2,0.16662142218394552,0,0
54019,1,42,0,2,0.14592920491361022,0,0
54033,3,21,0,2,0.21001636891406603,0,0
54039,1,46,1,2,0.22142568057955153,0,0
54063,3,13,0,2,0.1856383549404274,0,0
54067,3,25,1,2,0.1865573617454172,0,0
54079,2,17,1,2,0.22547494780104135,0,0
54089,4,15,0,2,0.18921353005196714,0,0
54091,3,10,0,2,0.20655651472230036,0,0
55005,2,19,1,2,0.23504143513381354,0,1
55013,3,11,0,2,0.22254514314414534,0,0
55021,1,20,1,2,0.23876734157675567,0,1
55029,1,13,1,2,0.2595708683325694,0,0
55033,2,22,0,2,0.1936961794793466,0,0
55035,2,15,0,2,0.2161688885540866,0,0
55049,1,19,0,2,0.21899569406922909,0,0
55051,3,12,0,2,0.21214250545960453,0,0
55055,1,19,1,2,0.2295229839910937,0,0
55057,3,14,1,2,0.23470940242769744,0,0
55061,1,6,1,2,0.24530567810686407,0,0
55069,1,7,1,2,0.21742454473917278,0,0
55073,1,28,1,2,0.2428775043585461,0,0
55079,3,37,0,2,0.23048670171788743,0,0
55085,1,14,1,2,0.2279917115462821,0,1
55101,2,16,0,2,0.24212790331320405,0,0
55113,3,12,0,2,0.20770772480300764,0,0
55129,2,12,0,2,0.22325616821357294,0,0
56001,1,10,1,2,0.15526750880770163,0,0
56003,2,15,1,2,0.2503401644280493,0,0
56017,3,3,1,2,0.2108612892196383,0,1
56023,1,15,0,2,0.1767233448940053,0,0
56029,1,8,1,2,0.21128912180076978,0,0
56033,1,9,1,2,0.21901512903880294,0,0
56045,2,4,0,2,0.19964581260791509,0,0
01001,3,10,1,3,0.3223125189874331,0,1
01005,4,9,0,3,0.2751784350166747,0,0
01023,4,10,0,3,0.25332951725093533,0,0
01025,4,10,1,3,0.255390820790894,0,0
01031,3,16,1,3,0.32775992965586975,0,1
01049,4,24,0,3,0.3098559711246255,0,0
01057,4,10,1,3,0.30833448583050654,0,0
01077,3,9,1,3,0.3503407276385313,0,0
01103,3,16,1,3,0.355016304765651,0,0
01119,4,11,1,3,0.2296819924910663,0,0
01123,4,12,1,3,0.31073709865117893,0,1
01133,4,11,1,3,0.3115385375400078,0,0
04023,4,9,1,3,0.30043304635267215,0,1
04027,4,10,0,3,0.35973300644579,0,1
05003,4,7,1,3,0.3595612397823525,0,0
05007,2,21,0,3,0.41403210665382706,0,0
05013,4,6,0,3,0.37188932787080936,0,0
05015,3,9,1,3,0.37997812324587155,0,0
05035,4,11,1,3,0.3641593969960106,0,0
05039,4,6,1,3,0.3619927688705045,0,1
05055,4,9,1,3,0.38752734691903373,0,1
05069,4,17,1,3,0.36733805850134216,0,0
05073,4,6,1,3,0.32442142477135927,0,1
05087,3,13,1,3,0.3503067085134973,0,0
05101,3,20,1,3,0.32282752975102075,0,1
05105,4,8,1,3,0.37352648239998226,0,1
05109,4,10,0,3,0.37839850617237836,0,0
05131,3,16,0,3,0.4127882725754008,0,1
06019,4,56,0,3,0.4197867963060935,0,0
06033,3,15,1,3,0.3795837298466388,0,0
06073,1,108,0,3,0.46079353537283874,0,0
06079,2,26,1,3,0.3683141917015465,0,0
06111,1,33,0,3,0.46569019612609824,0,0
08005,1,33,1,3,0.42085661643402716,0,0
08007,1,5,1,3,0.27596010651733577,0,0
08015,2,5,0,3,0.33663996342452546,0,0
08017,2,4,0,3,0.2574129947451636,0,0
08019,1,6,0,3,0.3936359423183836,0,0
08051,2,11,0,3,0.2696084423833207,0,0
08053,1,3,0,3,0.2732297809257834,0,0
08057,1,2,0,3,0.23947106565313045,0,0
08081,2,5,1,3,0.2552165825075327,0,0
08089,4,7,0,3,0.2788884941604948,0,0
08095,2,3,0,3,0.2768809145003915,0,0
08097,1,7,0,3,0.31880953704927867,0,0
08103,2,4,0,3,0.25268793392043226,0,0
08107,1,9,1,3,0.3032416869240521,0,0
08113,1,7,1,3,0.29350146716086595,0,1
08117,1,4,0,3,0.25571424505395735,0,0
09007,1,24,1,3,0.3593115403602745,0,0
12015,2,17,1,3,0.5027119675422942,1,0
12023,3,8,1,3,0.4188719020884485,0,0
12039,4,7,1,3,0.3784254003630441,0,1
12051,4,6,1,3,0.3814452657450385,0,0
12053,3,12,1,3,0.5146004380677421,1,0
12063,1,14,1,3,0.34417839069721334,0,1
12065,4,4,1,3,0.37945098732447957,0,0
12067,4,2,0,3,0.3822001079833109,0,0
12075,4,13,1,3,0.40286443470475175,0,0
12077,4,2,0,3,0.32966905953931525,0,0
12085,1,12,1,3,0.47899018909420443,0,0
12097,3,17,1,3,0.4207778527798799,0,0
12101,2,31,1,3,0.4896288992741181,0,0
12111,2,17,1,3,0.43863632886810977,0,0
12133,4,10,1,3,0.37762198292661703,0,0
13005,4,3,1,3,0.3356154906934655,0,1
13017,4,4,1,3,0.3210457467084811,0,0
13027,4,10,0,3,0.30282358424981815,0,0
13045,1,11,1,3,0.3290426793966047,0,0
13047,1,8,0,3,0.3684650997771634,0,0
13059,1,9,1,3,0.27779938880869587,0,0
13063,1,16,1,3,0.3468702155753295,0,0
13085,1,5,1,3,0.38521307330506294,0,0
13101,3,6,1,3,0.32298597601930384,0,1
13135,2,26,0,3,0.42872162434717004,0,0
13141,4,5,0,3,0.28222000583650586,0,0
13147,4,8,0,3,0.3610520948869813,0,0
13155,4,7,1,3,0.31530835239642985,0,1
13179,1,9,1,3,0.2744529932894553,0,1
13183,4,5,0,3,0.2753377555834623,0,0
13189,4,4,1,3,0.3292107725645779,0,0
13209,4,7,0,3,0.305266810572665,0,0
13231,2,8,0,3,0.34697383495098044,0,0
13233,4,8,1,3,0.3452829358453313,0,1
13237,4,5,1,3,0.356959125621408,0,0
13243,4,8,0,3,0.24200307282740585,0,0
13247,2,9,1,3,0.3724992940099213,0,1
13251,4,6,0,3,0.2829650498497641,0,0
13257,3,5,1,3,0.3606450683585675,0,0
13267,4,6,1,3,0.3250637445487767,0,0
13291,3,4,1,3,0.4120914670394848,0,0
13295,3,14,1,3,0.344649157007485,0,0
13301,4,9,1,3,0.3020868503319985,0,1
13303,4,10,1,3,0.2973133645423824,0,0
13313,4,8,1,3,0.3607537528426239,0,0
13319,4,9,0,3,0.3160031528491799,0,0
16003,2,6,0,3,0.3172711386133185,0,0
16021,3,4,0,3,0.30826853169420926,0,0
16025,4,2,1,3,0.2826980858478808,0,1
16039,3,7,1,3,0.2945247867465926,0,0
16063,3,6,0,3,0.2971918836675781,0,0
16087,4,5,1,3,0.28798462347879616,0,1
17005,3,12,0,3,0.35942259760018985,0,0
17017,3,7,1,3,0.35839202760402294,0,0
17019,3,35,1,3,0.3588000390455043,0,0
17027,1,17,1,3,0.3866611341315687,0,0
17041,2,13,1,3,0.35830381255745974,0,0
17047,2,6,0,3,0.35283876333440206,0,0
17053,2,21,1,3,0.3875161865442498,0,0
17063,1,16,1,3,0.42361662332785466,0,0
17067,2,19,0,3,0.38973350169847265,0,0
17081,3,17,1,3,0.39086499349232917,0,0
17085,1,15,0,3,0.40385994556228766,0,0
17101,3,7,0,3,0.3531066093706298,0,0
17137,3,16,1,3,0.3738573921102815,0,1
17139,2,11,0,3,0.3701992394126544,0,0
17151,3,10,0,3,0.34102507460995185,0,0
17155,1,8,0,3,0.4254314711783752,0,0
17175,3,10,0,3,0.3844990085734868,0,0
17177,3,19,0,3,0.38010372935704095,0,0
17179,1,21,1,3,0.43800422634832453,0,0
17181,3,13,1,3,0.37275963205556006,0,0
17187,3,14,1,3,0.38533572874392386,0,0
17197,1,45,0,3,0.45611720386153065,0,0
17201,2,26,1,3,0.42941569896341847,0,0
18031,2,10,0,3,0.3818843881332881,0,0
18043,2,10,1,3,0.3835231356151807,0,1
18063,1,19,1,3,0.42573517926559495,0,0
18065,3,22,0,3,0.3849905906024581,0,0
18067,2,10,1,3,0.37475432814905585,0,0
18075,3,9,0,3,0.3640329032484866,0,0
18079,2,13,1,3,0.3260428647088698,0,0
18139,2,16,1,3,0.3577217406743908,0,0
18145,2,17,1,3,0.3837415796156478,0,0
18161,2,6,0,3,0.347330879139765,0,0
18169,2,14,1,3,0.3690056386501734,0,1
18179,2,16,0,3,0.36254486686509596,0,0
18183,1,10,0,3,0.3715044457024137,0,0
19001,2,14,0,3,0.38928580455913314,0,0
19003,2,9,1,3,0.38945101075739397,0,1
19011,1,24,1,3,0.39551771734960645,0,0
19025,2,14,0,3,0.41360027953383194,0,0
19039,3,9,1,3,0.3774630903181447,0,1
19045,2,20,1,3,0.4043424921869854,0,0
19077,1,18,1,3,0.39239303980902746,0,1
19103,1,24,1,3,0.3607478613443622,0,0
19131,1,12,0,3,0.40325637585077373,0,0
19153,2,41,0,3,0.4585752022681008,0,0
19155,2,24,1,3,0.408220921922272,0,0
19157,2,17,1,3,0.38823682613148325,0,0
19167,1,19,0,3,0.41732181235634264,0,0
19173,2,11,0,3,0.37066859554907367,0,0
19183,2,13,0,3,0.4369871369501302,0,0
19187,3,22,1,3,0.417799878739026,0,0
19189,1,11,0,3,0.38637244335242527,0,0
19193,2,25,1,3,0.39784616700873665,0,0
19197,2,16,1,3,0.40637592741513573,0,0
20007,3,11,0,3,0.29442293264935687,0,0
20019,4,10,1,3,0.34870703319971297,0,1
20021,1,13,1,3,0.32455872344933345,0,0
20025,2,6,0,3,0.31105583011064314,0,0
20041,2,12,1,3,0.34341844396502014,0,0
20045,1,12,1,3,0.3323293273773196,0,0
20049,3,10,0,3,0.35761615834032834,0,0
20057,4,10,1,3,0.30837391845556134,0,1
20065,2,13,0,3,0.33690530671064883,0,0
20069,1,7,0,3,0.2655424683464879,0,0
20101,3,5,0,3,0.3065162797001535,0,0
20105,2,10,0,3,0.31867383584949477,0,0
20115,1,19,0,3,0.3900672623912966,0,0
20117,2,13,0,3,0.3746285163849385,0,0
20137,1,7,0,3,0.32948410139976914,0,0
20145,2,9,0,3,0.30748529980527606,0,0
20171,1,4,0,3,0.3248391402937832,0,0
20175,4,6,1,3,0.27308467510028905,0,0
20177,1,29,0,3,0.3876299463881291,0,0
20189,4,4,0,3,0.2496285014304181,0,0
20195,1,8,0,3,0.3206277593366543,0,0
20197,1,16,0,3,0.3817025007871667,0,0
21011,4,8,1,3,0.2819038216786088,0,0
21013,4,11,1,3,0.2953863797977838,0,0
21017,3,9,0,3,0.29185294230345193,0,0
21029,1,11,1,3,0.35652420494698484,0,0
21035,4,10,0,3,0.2907659016960414,0,0
21067,2,17,1,3,0.3365647110627206,0,0
21071,4,33,1,3,0.28148889829427903,0,1
21079,3,5,1,3,0.2870857136193597,0,0
21105,4,7,1,3,0.29008799883935593,0,1
21113,3,4,1,3,0.30401448763142297,0,1
21115,4,19,1,3,0.3059029008603682,0,0
21117,2,12,1,3,0.38106941012748463,0,0
21121,4,19,1,3,0.28568726330379685,0,1
21125,4,8,1,3,0.3184389222700135,0,1
21129,4,6,0,3,0.27226605838266155,0,0
21133,1,26,1,3,0.24520417494890423,0,0
21145,3,7,1,3,0.3800339678402316,0,1
21159,4,9,1,3,0.2936632367361897,0,0
21165,4,5,0,3,0.27435990165662766,0,0
21173,4,5,1,3,0.3086239372052281,0,0
21201,4,7,1,3,0.2628903389590277,0,1
21215,1,8,0,3,0.3154038493316643,0,0
21221,2,5,1,3,0.29904084675587234,0,0
21227,3,9,1,3,0.3099602452250888,0,0
21233,4,10,0,3,0.27319099530338087,0,0
21237,4,5,1,3,0.28253194834226963,0,1
22023,4,8,1,3,0.3056826520206156,0,1
22029,4,5,0,3,0.27516120720821424,0,0
22039,4,12,1,3,0.31774205603057254,0,1
22051,3,17,0,3,0.38751814807146434,0,0
22063,2,17,1,3,0.36030198284027953,0,0
22073,1,14,0,3,0.37350236031327333,0,1
22077,3,17,1,3,0.3176636850710445,0,0
22083,4,6,1,3,0.2950987777543912,0,0
22099,4,8,1,3,0.33116173372819324,0,1
22101,4,8,1,3,0.3283977289479371,0,0
22113,3,12,1,3,0.3128466876913327,0,1
22121,2,5,1,3,0.36373477040149793,0,0
23003,4,41,0,3,0.2957738378131357,0,0
23005,1,38,1,3,0.3183310611733575,0,0
23011,2,27,1,3,0.30825944521296,0,0
23019,1,47,1,3,0.2728669476584246,0,0
23021,3,16,1,3,0.2632934234161089,0,0
24021,1,34,1,3,0.3730812695787428,0,0
24023,2,12,0,3,0.31949946623006653,0,0
24047,2,12,1,3,0.38301195885240175,0,1
24510,1,31,0,3,0.37381861242909586,0,1
25007,1,7,0,3,0.3505882025681538,0,0
25011,2,32,1,3,0.303446975772622,0,0
26003,2,13,0,3,0.3049948057740605,0,0
26017,2,16,1,3,0.3591363257282033,0,0
26019,1,11,0,3,0.366781076970761,0,0
26021,1,23,1,3,0.3951338089773667,0,0
26029,2,10,0,3,0.3574299518824088,0,0
26049,3,34,1,3,0.3741275945972018,0,0
26075,2,29,1,3,0.37284143013419857,0,0
26081,2,39,1,3,0.4020661697180877,0,0
26087,2,22,1,3,0.337035787182727,0,0
26093,1,20,1,3,0.4060530861986235,0,0
26095,3,3,0,3,0.28585214706026035,0,0
26101,2,15,1,3,0.3700009528236936,0,0
26117,3,25,0,3,0.33862785505984194,0,0
26133,4,9,0,3,0.32452233383744167,0,0
26137,3,7,1,3,0.3378291675575506,0,0
26149,3,13,1,3,0.3661442211546508,0,1
26157,3,21,1,3,0.33482168131466544,0,0
26159,3,22,1,3,0.36601027415940146,0,0
27001,2,12,1,3,0.3400112971225969,0,0
27015,1,10,0,3,0.3856343867408388,0,0
27019,1,18,0,3,0.4418572783231373,0,0
27025,1,15,1,3,0.38131995421082265,0,0
27031,2,6,0,3,0.2985740257906577,0,0
27043,2,14,0,3,0.3781336787874241,0,0
27045,1,16,0,3,0.3619418236941548,0,0
27059,1,12,0,3,0.36265935200582206,0,0
27061,2,30,1,3,0.3582762594813835,0,1
27077,1,4,0,3,0.26268425366078135,0,0
27079,1,13,1,3,0.39242822155878554,0,0
27081,2,12,0,3,0.3436429975963383,0,0
27093,1,13,0,3,0.36792537218189036,0,0
27099,2,19,1,3,0.38674365621862167,0,1
27107,2,14,0,3,0.3564613059006979,0,0
27113,1,7,0,3,0.3569853594254795,0,0
27117,2,9,0,3,0.3573691246431631,0,0
27123,2,26,1,3,0.45663811969376406,0,0
27125,2,9,0,3,0.3340108655936493,0,0
27127,2,22,1,3,0.3502152272271757,0,0
27155,1,9,0,3,0.33906870592321375,0,0
27167,1,12,0,3,0.34674885774894804,0,0
28011,4,17,1,3,0.297438471537888,0,1
28021,4,5,0,3,0.26192940392641434,0,0
28025,4,8,1,3,0.29986631602664393,0,0
28029,4,9,1,3,0.3232111030721592,0,0
28033,1,10,1,3,0.42792396164693797,0,0
28035,1,8,1,3,0.3127710482315485,0,1
28039,4,3,1,3,0.3061918185458048,0,0
28041,3,7,1,3,0.28909045981595344,0,0
28043,4,7,1,3,0.3249485375243615,0,0
28061,4,14,1,3,0.29572204222690535,0,0
28063,4,7,0,3,0.25995524440719164,0,0
28077,4,8,0,3,0.31781785768350784,0,0
28079,4,7,0,3,0.2788778739248747,0,0
28089,1,12,1,3,0.3776486793305553,0,0
28103,4,6,1,3,0.24919640892379055,0,0
28105,4,6,0,3,0.28655326153116784,0,0
28113,4,8,1,3,0.326899804647341,0,0
28121,1,12,1,3,0.38264900599877993,0,0
28155,4,10,0,3,0.30841104848679446,0,0
29007,3,14,0,3,0.3596922759266427,0,0
29031,3,19,1,3,0.39939117302623206,0,1
29037,1,18,1,3,0.3917982314513445,0,0
29055,4,12,1,3,0.32161732394364484,0,0
29085,4,13,1,3,0.35748788111520297,0,1
29093,3,16,1,3,0.30702604538525613,0,1
29095,2,55,0,3,0.4266923557351119,0,1
29101,2,19,0,3,0.3251303866613936,0,0
29109,3,21,1,3,0.36577187666873107,0,1
29111,3,12,0,3,0.33649854895568443,0,0
29131,3,17,1,3,0.32770762146559,0,0
29135,2,13,1,3,0.33416908419609975,0,0
29139,3,11,1,3,0.36325301701773705,0,0
29149,4,12,0,3,0.28545845813205767,0,0
29209,1,17,1,3,0.3689291069937384,0,1
29221,1,16,0,3,0.29835724330413477,0,0
29229,4,11,1,3,0.29445357878998446,0,0
30009,1,13,0,3,0.3414480669107945,0,0
30039,2,5,0,3,0.2529618393626987,0,0
30053,4,6,1,3,0.27572280861299503,0,0
30057,1,18,0,3,0.32572872547733395,0,0
30063,2,16,0,3,0.33441876218616284,0,0
30101,2,8,0,3,0.2762289405383442,0,0
30109,2,2,0,3,0.3150785384120468,0,0
31005,2,8,0,3,0.34211387957795414,0,0
31007,2,8,1,3,0.38012334685787486,0,1
31023,1,14,1,3,0.3823373321105712,0,1
31027,1,13,0,3,0.34490962902828404,0,0
31041,1,21,1,3,0.32689817208185235,0,0
31067,2,18,1,3,0.4339100485609072,0,0
31075,2,3,1,3,0.33373915147943295,0,1
31077,1,8,0,3,0.3438503617802189,0,0
31079,2,11,1,3,0.41406349217637406,0,0
31083,2,8,1,3,0.3673828493971134,0,1
31085,2,8,0,3,0.33695375777482894,0,0
31087,2,6,0,3,0.340682096885579,0,0
31099,2,11,0,3,0.3758172745376856,0,0
31103,2,4,0,3,0.3678467442368912,0,0
31115,2,5,0,3,0.33856385626865193,0,0
31117,2,5,0,3,0.34576671805710824,0,0
31133,3,11,0,3,0.4046093551765924,0,0
31159,1,18,0,3,0.3851578331509603,0,0
31161,2,9,1,3,0.37475581880217007,0,1
31165,3,8,0,3,0.4291460971605231,0,0
32001,2,2,1,3,0.3530539723496776,0,0
32009,4,4,0,3,0.3952454493997897,0,0
32023,1,11,0,3,0.40871864210053827,0,1
34003,1,66,0,3,0.48885608971400707,0,0
34033,2,14,1,3,0.3754386119834033,0,1
35003,3,9,0,3,0.201704479908423,0,0
35007,4,9,1,3,0.2743918892407487,0,0
35013,1,26,0,3,0.3006178395521464,0,0
35017,4,16,1,3,0.27852979788086674,0,0
35035,4,18,1,3,0.23802646676525524,0,0
35049,2,15,1,3,0.3503891134422631,0,0
36009,1,36,1,3,0.2595288715875042,0,0
36015,2,22,1,3,0.32675345878138967,0,0
36019,2,25,0,3,0.26456645277778096,0,0
36021,2,36,1,3,0.36034554519685863,0,1
36025,3,47,0,3,0.283294738862601,0,0
36027,1,35,1,3,0.35447619517750295,0,0
36033,3,23,1,3,0.2682318232322672,0,0
36039,2,42,1,3,0.31955147295655734,0,1
36053,1,31,1,3,0.27959918462430927,0,1
36061,2,47,0,3,0.42528185446513755,0,0
36065,2,54,1,3,0.341618426294203,0,0
36079,1,12,0,3,0.39157629717028514,0,0
36089,3,49,1,3,0.25944106212265133,0,0
36095,2,24,0,3,0.29154031825927196,0,0
36097,2,18,0,3,0.30090124586896216,0,0
36101,3,39,1,3,0.2894340271935471,0,0
36109,1,17,1,3,0.26377118906949043,0,0
36121,2,24,0,3,0.31887122940082374,0,0
36123,2,13,0,3,0.3231112923945414,0,0
37003,2,8,1,3,0.3878384520208058,0,0
37013,4,15,1,3,0.3362800560113058,0,1
37017,4,18,1,3,0.29738193183983314,0,0
37021,2,19,1,3,0.4104634692255803,0,0
37025,2,16,1,3,0.41922603729810376,0,0
37027,3,10,1,3,0.3860452610428291,0,0
37035,2,14,1,3,0.41240642103824526,0,0
37045,1,13,1,3,0.35884411609216404,0,0
37063,2,16,1,3,0.3566229558380252,0,0
37065,4,15,1,3,0.3083639495647622,0,1
37069,3,13,1,3,0.33095574624080326,0,0
37073,2,6,0,3,0.2800578915855689,0,0
37075,4,2,0,3,0.3322529718785144,0,0
37083,4,9,1,3,0.31160087398516767,0,0
37097,2,16,0,3,0.41456102723865246,0,0
37117,4,11,0,3,0.31496407541167026,0,0
37127,3,15,1,3,0.34464724581254014,0,0
37149,2,7,0,3,0.40752517823170065,0,0
37175,3,10,1,3,0.3979251701704828,0,0
37181,4,8,1,3,0.3257931615176516,0,0
37183,1,39,0,3,0.4045338478243,0,0
38003,1,19,0,3,0.3496103103490655,0,0
38007,2,8,0,3,0.3281006950490197,0,0
38013,1,9,0,3,0.3480499487352158,0,0
38027,2,7,1,3,0.32627442540825136,0,1
38029,2,8,0,3,0.3525315681410192,0,0
38037,2,13,1,3,0.3663507347910315,0,1
38041,2,5,0,3,0.35485294213155716,0,0
38047,1,7,0,3,0.3530910336337826,0,0
38049,1,18,0,3,0.34172851782435626,0,0
38051,2,6,0,3,0.355975477151858,0,0
38063,1,9,0,3,0.35574164289217264,0,0
38065,1,6,0,3,0.3606085252187753,0,0
38075,1,9,0,3,0.32884358124395086,0,0
38077,1,19,0,3,0.3475176583207284,0,0
38079,4,10,0,3,0.2360606697848178,0,0
38081,1,12,0,3,0.3462193397309065,0,0
38083,2,9,0,3,0.37188332597694446,0,0
38089,1,10,0,3,0.3615338277225996,0,0
39023,3,22,1,3,0.393022235389143,0,0
39025,1,23,1,3,0.40359106196471733,0,0
39033,3,15,0,3,0.3599606595056331,0,0
39049,2,49,0,3,0.388415275400103,0,0
39051,1,12,0,3,0.40530216934205493,0,0
39053,3,12,0,3,0.3269013875370548,0,0
39055,1,20,1,3,0.4275896734623383,0,0
39057,2,24,0,3,0.3956291642091243,0,0
39087,3,14,1,3,0.3467447568293869,0,0
39111,3,15,1,3,0.3277769326470604,0,0
39113,2,40,0,3,0.40958120836587203,0,0
39119,3,22,1,3,0.342342599253404,0,0
39127,3,17,1,3,0.2791097859494929,0,1
39129,2,17,1,3,0.343675754852796,0,1
39139,1,19,1,3,0.35224944414996245,0,0
39141,3,16,1,3,0.33362675563962846,0,0
39149,2,18,0,3,0.37689752908899943,0,0
39163,4,15,0,3,0.27817241247752195,0,0
39171,1,12,1,3,0.3959864259127693,0,1
40019,3,13,1,3,0.35061767283509543,0,0
40021,4,16,1,3,0.28218490946429464,0,1
40025,3,4,1,3,0.27814572138856464,0,1
40033,3,11,0,3,0.2948845129225195,0,0
40055,4,4,1,3,0.24686429266640011,0,1
40057,4,6,0,3,0.2399354335169923,0,0
40059,2,7,1,3,0.2708038517566769,0,1
40069,4,13,1,3,0.27268056539377855,0,1
40075,4,9,1,3,0.27843504431642496,0,1
40077,4,7,1,3,0.2578013604099401,0,1
40079,4,23,1,3,0.2885975047877118,0,0
40087,1,12,0,3,0.30120755926262716,0,0
40091,4,11,1,3,0.299969193605744,0,0
40093,2,15,0,3,0.330655209959318,0,0
40103,2,11,0,3,0.3063960523688491,0,0
40109,3,55,0,3,0.4145701188038706,0,1
40115,4,9,1,3,0.3129639530851249,0,1
40123,3,10,1,3,0.288299101776105,0,1
40125,3,16,0,3,0.3048717389940582,0,1
40129,3,9,0,3,0.2562928400888822,0,0
40143,2,42,0,3,0.3853481266784641,0,0
40153,2,11,1,3,0.28224456306339146,0,0
41001,3,12,1,3,0.2855539519958879,0,0
41007,2,9,0,3,0.3311449582330806,0,0
41029,3,18,1,3,0.36886449563756796,0,0
41039,3,39,1,3,0.3302044723185552,0,0
41043,2,20,1,3,0.3377225057443553,0,0
41051,2,42,0,3,0.37970757583513637,0,0
41061,3,8,1,3,0.2805412551098692,0,0
41071,2,15,0,3,0.3273776000516799,0,0
42011,1,62,1,3,0.41691149400231714,0,0
42015,2,27,1,3,0.3098899397925842,0,0
42019,1,37,0,3,0.3970872196320988,0,0
42027,2,33,1,3,0.33325775169654576,0,0
42029,1,44,0,3,0.42914359982790506,0,0
42039,3,27,1,3,0.3229711952197423,0,1
42049,1,32,0,3,0.3511472240347637,0,0
42053,4,11,1,3,0.27791505655715176,0,1
42071,1,57,0,3,0.3994360216273398,0,0
42083,3,22,0,3,0.28139499448150823,0,0
42097,2,28,1,3,0.38293850314808936,0,0
42109,2,15,1,3,0.3409866422309464,0,0
42115,2,29,1,3,0.30731991660218794,0,1
42119,1,14,1,3,0.3635776144735277,0,1
42121,3,23,0,3,0.32168559416129666,0,0
42131,1,15,0,3,0.31966065696441975,0,0
44009,1,20,1,3,0.35196301869559743,0,0
45015,2,17,1,3,0.39342031297360897,0,0
45017,4,7,1,3,0.34722247973913817,0,0
45035,2,15,1,3,0.4058742995269079,0,0
45055,3,13,1,3,0.3844166007769161,0,1
45059,4,16,1,3,0.35844816860098166,0,0
45085,4,15,1,3,0.3527853253411941,0,0
46025,2,13,0,3,0.3423035585505388,0,0
46049,2,10,0,3,0.3305071493016723,0,0
46059,1,8,1,3,0.33432639149744525,0,1
46065,1,3,1,3,0.32925750601106424,0,0
46099,1,23,1,3,0.4353345804705373,0,0
46103,2,20,1,3,0.42125022075476304,0,0
46117,1,4,0,3,0.2989060550637148,0,0
46125,1,15,0,3,0.35955458639759585,0,0
47003,3,13,1,3,0.33651132271443346,0,0
47029,4,8,0,3,0.3312456964051196,0,0
47053,4,11,1,3,0.33059116930631455,0,0
47061,4,10,0,3,0.31559335112834624,0,0
47065,1,31,0,3,0.3540074970216476,0,0
47085,3,4,1,3,0.3180501925215443,0,0
47091,4,5,0,3,0.2944785696904692,0,0
47099,4,11,1,3,0.31024256912604176,0,1
47111,4,8,1,3,0.3295733072677382,0,0
47115,3,12,0,3,0.32071458911375816,0,0
47139,3,12,1,3,0.30418093843923,0,0
47141,1,10,1,3,0.3403013766492088,0,0
47149,1,20,1,3,0.3723852622679236,0,0
47151,4,9,0,3,0.29286146742007735,0,0
47159,3,15,1,3,0.3416081488306775,0,0
48011,1,6,0,3,0.314515171436097,0,0
48017,1,6,1,3,0.28670882562382843,0,1
48037,3,10,1,3,0.3747507470165623,0,0
48051,2,5,1,3,0.3827895404518438,0,0
48053,2,13,1,3,0.3888330088387581,0,1
48063,3,2,1,3,0.4072182080093779,0,0
48075,4,4,1,3,0.3021441539573763,0,1
48079,4,4,0,3,0.2797607660356913,0,0
48101,4,3,1,3,0.28253578354055386,0,1
48111,1,3,0,3,0.2936318633369356,0,0
48119,3,7,1,3,0.35063831274720564,0,1
48135,2,8,1,3,0.40397614557993944,0,0
48145,3,17,1,3,0.3380753199911413,0,0
48177,3,14,1,3,0.3718162417812013,0,0
48183,3,10,0,3,0.4064399050133195,0,1
48199,2,12,1,3,0.3862068581570023,0,0
48205,1,4,0,3,0.2917662414540137,0,0
48211,1,4,0,3,0.3304922938752892,0,0
48219,4,10,1,3,0.31119727484783277,0,0
48227,3,5,1,3,0.35928008503993974,0,0
48245,3,18,0,3,0.42894263714921227,0,0
48249,4,8,1,3,0.3529381343454345,0,1
48257,2,13,0,3,0.40703569824416064,0,1
48261,4,2,1,3,0.3202600838031287,0,1
48265,3,10,1,3,0.45776961426157076,0,1
48283,3,4,0,3,0.3344053026289411,0,0
48287,2,9,1,3,0.3703257127219979,0,0
48297,3,10,0,3,0.38586417943957885,0,0
48301,1,1,0,3,0.38016579539318346,0,0
48305,3,7,0,3,0.3321152002615878,0,0
48307,3,6,1,3,0.32187855169997165,0,1
48309,1,29,0,3,0.3750406833085846,0,0
48313,2,5,1,3,0.35871973293779463,0,0
48341,2,6,1,3,0.2858798959447257,0,0
48353,3,9,1,3,0.3445334504294555,0,0
48357,4,5,0,3,0.28328302261019206,0,0
48375,4,16,1,3,0.41887079182904363,0,0
48383,2,2,0,3,0.33758715174809284,0,0
48389,3,4,1,3,0.4664307240782375,0,0
48391,3,5,1,3,0.34583983335192275,0,1
48415,3,8,1,3,0.31344935216915587,0,0
48425,3,7,0,3,0.4250417229289764,0,0
48427,4,10,1,3,0.31155308881759375,0,1
48429,4,8,1,3,0.30623026435819484,0,1
48433,3,7,0,3,0.3059792416370935,0,0
48441,1,17,1,3,0.3726049930974917,0,0
48451,1,14,1,3,0.36730739466558543,0,0
48457,3,10,1,3,0.3591824047810057,0,0
48461,2,4,0,3,0.34284067451537487,0,0
48467,3,13,1,3,0.38750996459313014,0,0
48477,2,7,1,3,0.41107387810011925,0,1
48479,4,10,0,3,0.3717243142547999,0,1
48481,1,13,1,3,0.3365620781372803,0,0
48483,3,6,0,3,0.3170521058794004,0,0
48493,2,12,1,3,0.3979494981935535,0,1
49001,2,4,0,3,0.30756044622279083,0,0
49005,3,16,1,3,0.33655075431914444,0,0
49007,3,6,0,3,0.3054376328859531,0,0
49053,2,21,0,3,0.34104354519262486,0,1
49057,1,9,1,3,0.3922727881469928,0,0
50005,2,22,1,3,0.3060256951645198,0,1
50007,1,21,1,3,0.2683214830120307,0,0
50015,2,11,0,3,0.281087176633493,0,0
51013,1,11,1,3,0.4475782505437596,0,0
51015,2,27,1,3,0.3350499405760507,0,0
51017,4,7,0,3,0.19730218213164188,0,0
51021,2,6,0,3,0.3215702341524035,0,0
51027,4,16,1,3,0.2987773617135541,0,0
51033,1,11,0,3,0.2838581303921898,0,0
51035,3,17,0,3,0.2911854812154295,0,0
51041,1,16,0,3,0.3517338476026922,0,0
51057,4,8,1,3,0.27468186049460813,0,1
51067,3,16,0,3,0.32262461205852233,0,0
51089,4,12,0,3,0.32597115451789344,0,0
51093,1,8,1,3,0.30427690247450706,0,1
51101,1,6,0,3,0.2623529923549655,0,0
51109,2,12,0,3,0.28232077248544785,0,0
51113,2,21,1,3,0.20178484251486545,0,0
51155,3,8,0,3,0.32025323670549927,0,0
51161,1,14,1,3,0.3866111316457048,0,0
51193,2,8,1,3,0.30837313139029926,0,0
51195,4,8,0,3,0.31955015394408093,0,0
51199,1,9,1,3,0.3814377442926468,0,0
51590,4,2,1,3,0.3317165009894029,0,1
51610,1,4,0,3,0.4534765004381298,0,0
51650,2,9,1,3,0.3124226578466474,0,0
51678,3,1,1,3,0.3171651940733279,0,1
51680,3,5,1,3,0.31819724697713925,0,0
51690,4,1,1,3,0.33014899829057576,0,0
51700,3,8,1,3,0.3153099283286267,0,0
51740,1,8,1,3,0.3238993833607991,0,0
51810,1,12,0,3,0.3968112247043746,0,0
53045,2,15,1,3,0.31377657757392297,0,1
53055,1,9,0,3,0.3541241368834064,0,0
53067,1,14,1,3,0.32329713648903624,0,0
54005,4,31,1,3,0.28542256405998717,0,0
54011,3,13,1,3,0.3372947121223676,0,0
54031,3,10,0,3,0.21858915299462864,0,0
54041,4,11,1,3,0.29836653559217297,0,0
54043,4,19,0,3,0.27167415314836085,0,0
54049,3,18,1,3,0.32111880040155233,0,1
54061,3,16,1,3,0.2972581153774716,0,0
54069,2,6,1,3,0.3626626061049648,0,1
54075,3,13,0,3,0.2456182645653982,0,0
54087,4,13,0,3,0.2572233416849178,0,0
54101,4,11,0,3,0.23714918680222,0,0
54103,4,12,1,3,0.2955626262569526,0,0
54109,4,39,0,3,0.2319001464898826,0,0
55003,3,11,0,3,0.27532722911421276,0,0
55015,1,14,1,3,0.3923614856385446,0,0
55045,1,12,1,3,0.3498844991908803,0,1
55059,1,17,1,3,0.38638323879765885,0,0
55065,2,14,1,3,0.32133868776059155,0,0
55067,2,15,0,3,0.3053383688301154,0,0
55071,1,19,1,3,0.3927963022945555,0,0
55083,1,19,1,3,0.3377717278024646,0,1
55087,1,24,1,3,0.3987257971368911,0,0
55095,1,20,1,3,0.3306259169604489,0,1
55109,1,18,0,3,0.35116988177214853,0,0
55127,1,16,1,3,0.3749649242073774,0,0
55139,1,18,1,3,0.3606332442116922,0,0
56013,2,11,1,3,0.28915670040261116,0,0
56025,1,11,1,3,0.3458566301255733,0,0
56027,3,5,0,3,0.3091822157689615,0,0
56031,2,5,1,3,0.3651085147805501,0,1
56041,1,5,0,3,0.3012857455472439,0,0
01019,4,11,1,4,0.3521704079386935,0,0
01021,3,14,1,4,0.33301646057664025,0,0
01035,4,13,1,4,0.2236476302866239,0,0
01039,4,13,1,4,0.3076471708226415,0,1
01051,2,13,1,4,0.3268300506873125,0,0
01053,4,9,1,4,0.2754986826969784,0,0
01065,4,9,1,4,0.22802213071126085,0,0
01083,2,15,1,4,0.3680412995434219,0,0
01087,4,13,1,4,0.2742836515996945,0,0
01093,4,12,1,4,0.34797266150376754,0,1
01101,1,24,1,4,0.33941321412377257,0,0
01125,1,27,1,4,0.32944974249905057,0,0
04003,3,23,0,4,0.31768232877530056,0,1
04007,4,13,0,4,0.3603951306757852,0,1
04009,4,10,1,4,0.35551785267906566,0,1
04019,1,48,0,4,0.46470841700424353,0,1
05027,4,7,1,4,0.3263766343715254,0,0
05033,3,11,1,4,0.4152478923314017,0,1
05047,4,13,1,4,0.3963368225242189,0,0
05067,4,11,1,4,0.38246733886892664,0,0
05075,4,14,1,4,0.4260336697420397,0,0
05085,2,11,1,4,0.4417850412961749,0,0
05089,3,17,0,4,0.38533830881342035,0,0
05097,4,9,1,4,0.38561484875310315,0,1
05103,4,8,1,4,0.3404489193052027,0,0
05111,4,10,1,4,0.3669650203590019,0,0
05123,4,13,1,4,0.33244060518109336,0,0
05129,4,10,1,4,0.33228184158568985,0,1
05135,4,13,1,4,0.3486240715530712,0,0
05137,4,16,0,4,0.3319878342218044,0,0
06005,2,12,1,4,0.4529640328163027,0,1
06017,1,23,1,4,0.44304898621981403,0,0
06025,4,17,0,4,0.39856780691398475,0,1
06031,4,12,1,4,0.4709847930462335,0,0
06035,2,17,1,4,0.41724573223353323,0,1
06045,3,29,1,4,0.3528254305343741,0,0
06053,3,31,0,4,0.4538739017988388,0,0
06057,2,12,1,4,0.4447999126432724,0,0
06085,1,63,0,4,0.5052778419748123,1,0
06103,4,15,1,4,0.4390862825677003,0,0
06109,1,16,1,4,0.34278607959431634,0,1
08013,1,22,1,4,0.4393276032676451,0,0
08063,2,6,0,4,0.33057953091447634,0,0
08065,3,2,0,4,0.3442916526574663,0,0
08069,1,24,1,4,0.46957343616946257,0,0
08071,4,11,0,4,0.3198494180572735,0,0
08091,1,3,0,4,0.30158320789966286,0,0
08101,3,15,1,4,0.3840275919216046,0,0
08109,4,8,1,4,0.32340992852575323,0,1
08111,1,2,0,4,0.34188026736708793,0,0
11001,1,29,0,4,0.38553853914138775,0,1
12003,2,5,1,4,0.4158839533376748,0,0
12005,2,16,1,4,0.5266595461168783,1,0
12007,1,9,0,4,0.34568713900780934,0,0
12043,4,5,1,4,0.47628194702863086,0,0
12047,4,3,0,4,0.4146496472971492,0,0
12049,4,4,1,4,0.4022449102902952,0,0
12081,2,21,0,4,0.548580734375411,1,0
12099,2,53,0,4,0.5361645477924624,1,0
12103,2,48,0,4,0.5828046342072879,1,0
12105,3,41,0,4,0.4886793505940396,0,0
12115,1,28,0,4,0.5508937146247608,1,0
12129,2,4,1,4,0.4376617611909368,0,0
13009,4,6,1,4,0.296641306348301,0,0
13013,2,8,1,4,0.36622361187603025,0,0
13029,1,3,0,4,0.3504788114922197,0,0
13043,4,4,1,4,0.31634237535562837,0,1
13053,3,2,0,4,0.4532657304423102,0,0
13067,1,23,0,4,0.4125755642242385,0,0
13089,1,36,0,4,0.3583920416863229,0,0
13095,4,6,1,4,0.3219630550741932,0,0
13109,4,6,1,4,0.31009522375792925,0,1
13113,1,8,1,4,0.3899642658031204,0,0
13127,3,8,1,4,0.3142344335183761,0,0
13133,3,7,0,4,0.310701308633178,0,0
13139,2,19,1,4,0.38577680867431074,0,0
13145,1,12,0,4,0.28652582641877855,0,0
13153,2,12,1,4,0.36289441386683374,0,0
13159,3,6,0,4,0.2722986554942265,0,0
13161,4,4,0,4,0.3126939084164137,0,0
13163,4,9,1,4,0.26506933247248554,0,0
13165,4,5,1,4,0.2806281010676503,0,1
13177,2,7,0,4,0.3450181102515708,0,0
13181,4,2,0,4,0.27131462429484743,0,0
13185,1,11,0,4,0.34366798606303767,0,1
13211,1,9,0,4,0.3233616870696663,0,0
13215,4,11,1,4,0.34365622639880017,0,0
13219,1,8,1,4,0.3863789792041399,0,1
13265,4,4,0,4,0.2276562300311808,0,0
13279,4,3,1,4,0.3097209360904942,0,0
13305,4,6,1,4,0.3250521974775153,0,0
13311,2,7,0,4,0.3993402182240806,0,0
16001,1,17,1,4,0.4320023034676598,0,0
16005,3,10,0,4,0.3965525454505567,0,0
16011,3,11,1,4,0.30009716674311576,0,0
16013,2,8,1,4,0.28248106604363954,0,0
16015,1,8,0,4,0.3116603259933495,0,0
16019,2,14,1,4,0.3496418705722707,0,0
16023,3,3,0,4,0.30537861224381957,0,0
16037,4,7,0,4,0.168167760975041,0,0
16043,3,9,0,4,0.3786474824334201,0,0
16061,2,7,0,4,0.3001225600653568,0,0
16075,3,7,1,4,0.31990855731964235,0,0
16083,3,10,1,4,0.4081538476825213,0,1
17001,2,23,1,4,0.4267413970277929,0,0
17021,2,20,1,4,0.4057657440284287,0,1
17061,2,13,0,4,0.3813983037978409,0,0
17069,3,5,0,4,0.3328728275973411,0,0
17071,2,17,0,4,0.40435226241053623,0,0
17075,2,25,1,4,0.4007327411614986,0,0
17079,2,15,0,4,0.3806093889154465,0,0
17111,1,24,1,4,0.45719512498309833,0,0
17119,2,35,0,4,0.4169534533235675,0,0
17121,3,15,1,4,0.37859260803617156,0,1
17127,3,8,1,4,0.367479689166632,0,0
17129,1,8,0,4,0.3774533908343073,0,0
17131,1,18,0,4,0.396240646898976,0,0
17145,3,12,0,4,0.39846590607414456,0,0
17173,2,22,1,4,0.39385948239439916,0,0
17185,2,7,0,4,0.4039884605038395,0,0
17189,1,13,1,4,0.39302497139652737,0,0
17195,2,15,0,4,0.3967476277280477,0,0
17199,3,22,1,4,0.41175828709360607,0,0
18009,3,7,1,4,0.38506192734551814,0,0
18015,2,17,0,4,0.36779456751960743,0,0
18021,2,17,1,4,0.3404928730279259,0,0
18029,1,9,1,4,0.35754157695625133,0,0
18051,2,16,1,4,0.3933580959698938,0,1
18069,2,9,1,4,0.39332906777246457,0,1
18073,1,13,1,4,0.42952828693091905,0,1
18085,1,21,1,4,0.406041486186056,0,0
18087,1,12,1,4,0.4374570099139983,0,1
18089,2,28,0,4,0.40147667587673097,0,0
18091,3,15,1,4,0.4157349516493002,0,0
18109,1,14,1,4,0.3686430035794055,0,0
18121,3,12,0,4,0.31156838431720635,0,0
18159,2,10,0,4,0.380740697419603,0,0
18167,1,18,1,4,0.3722661468673083,0,0
19013,3,17,1,4,0.4442384066903472,0,0
19021,2,13,1,4,0.41630353847774626,0,0
19023,1,16,1,4,0.35648445096323916,0,0
19029,2,13,0,4,0.36144808663154104,0,0
19035,2,15,0,4,0.3628886773840381,0,0
19041,2,15,1,4,0.4077214585253809,0,0
19063,2,7,0,4,0.3673082938736254,0,0
19067,3,13,1,4,0.38326891475056113,0,0
19073,2,13,0,4,0.3897550827543871,0,0
19079,1,15,1,4,0.37098485908156575,0,0
19085,2,15,0,4,0.34525157183892563,0,0
19117,2,9,0,4,0.36082003892400816,0,0
19143,2,8,0,4,0.3813621171298333,0,0
19147,1,14,0,4,0.3724159298335446,0,0
19169,3,22,1,4,0.46318759330724446,0,0
19171,2,19,0,4,0.33725462387878935,0,0
19175,2,10,0,4,0.37822648214368687,0,0
19177,2,13,0,4,0.2708221340853844,0,0
19179,3,12,1,4,0.38340981567845944,0,1
19185,3,12,0,4,0.33439607475609695,0,0
20009,3,10,1,4,0.3406302208630817,0,0
20027,1,10,1,4,0.32170931627592037,0,1
20031,2,10,0,4,0.343813904054616,0,0
20037,1,15,1,4,0.2979601592884034,0,1
20043,2,10,0,4,0.3162738308857211,0,0
20063,2,10,0,4,0.2816731694750175,0,0
20073,3,11,1,4,0.3131201313601848,0,1
20089,3,14,0,4,0.25924727487432814,0,0
20091,1,34,0,4,0.38815446174524715,0,0
20125,3,13,1,4,0.3452863137336369,0,1
20133,4,11,1,4,0.3448634530180575,0,0
20141,2,12,0,4,0.31979648792284243,0,0
20153,3,10,0,4,0.3003595730422436,0,0
20159,2,13,1,4,0.3175594892389878,0,1
20161,3,14,1,4,0.5381984041572649,1,0
20163,2,10,1,4,0.3414607580086747,0,1
20165,2,10,0,4,0.26318048007413386,0,0
20169,2,9,1,4,0.40504178851451544,0,1
20183,2,10,0,4,0.33527802829998116,0,0
20201,2,15,1,4,0.2657716368092937,0,1
20203,1,3,0,4,0.291011493657257,0,0
20207,3,10,0,4,0.3254088025718817,0,0
21015,1,9,1,4,0.4042327656976747,0,0
21023,3,7,1,4,0.31420758319384456,0,1
21033,3,6,1,4,0.31037058257866845,0,0
21043,4,10,0,4,0.30066334226384844,0,0
21047,4,15,1,4,0.35277985587609395,0,0
21055,4,5,0,4,0.27986903102778016,0,0
21069,4,7,1,4,0.32029461503487455,0,0
21075,4,3,1,4,0.29916965734928813,0,1
21077,3,6,1,4,0.34525783053547726,0,1
21091,2,5,0,4,0.3315563479199026,0,0
21093,2,17,1,4,0.32042035613880904,0,0
21095,4,27,0,4,0.2609202690185804,0,0
21107,4,13,1,4,0.32249365281414444,0,0
21109,4,5,0,4,0.27289062838559597,0,0
21127,4,10,1,4,0.2937809959787572,0,0
21153,4,4,1,4,0.2626639541693525,0,0
21169,4,10,0,4,0.27623912219855645,0,0
21183,3,16,1,4,0.2873133292737468,0,0
21207,4,7,1,4,0.3124927082755158,0,0
21217,4,6,1,4,0.3140229740219075,0,0
21231,4,5,1,4,0.2896551652142409,0,0
21235,4,7,1,4,0.3081570647612797,0,0
22001,4,15,1,4,0.395605717087124,0,1
22003,3,13,1,4,0.3346108391329834,0,0
22005,1,8,1,4,0.41782961976698985,0,0
22007,4,9,0,4,0.36479857051263836,0,0
22041,4,7,1,4,0.32210215560539335,0,0
22043,3,8,1,4,0.3409059155634955,0,0
22053,3,10,1,4,0.3843273321806834,0,1
22059,4,8,0,4,0.3534073282174831,0,0
22087,4,6,1,4,0.4465230149388174,0,1
22097,1,18,0,4,0.2971342630853144,0,1
22107,4,4,1,4,0.2676724139546969,0,1
22115,3,13,1,4,0.3620498171734283,0,1
22117,4,6,1,4,0.28519743260029445,0,0
23031,1,36,1,4,0.3087564997607836,0,0
24001,3,15,1,4,0.315050968478632,0,1
24009,1,14,0,4,0.31399100580949446,0,0
24015,1,15,0,4,0.39402424978335815,0,1
24037,1,26,1,4,0.2935845817332559,0,0
24045,3,16,0,4,0.33526013886160866,0,1
25003,2,36,0,4,0.3549529930368934,0,0
25009,1,45,0,4,0.38642566224013036,0,0
25019,1,2,0,4,0.3595651074319723,0,0
25027,1,87,1,4,0.35376274914434946,0,0
26045,1,19,1,4,0.3850814910221424,0,0
26055,1,9,1,4,0.3936826761048248,0,1
26061,4,20,1,4,0.3469990471699641,0,0
26071,3,8,0,4,0.2794198671985167,0,0
26079,3,8,0,4,0.3271913701152946,0,0
26083,3,6,0,4,0.2859323951987319,0,0
26091,2,23,1,4,0.4001159180901991,0,0
26099,2,39,1,4,0.4442486678170081,0,0
26103,2,15,1,4,0.31830635538400665,0,1
26111,2,15,0,4,0.36877449186601585,0,0
26115,1,25,1,4,0.3819832964794835,0,0
26119,3,5,0,4,0.2948320141086149,0,0
26123,3,21,1,4,0.3469186858675971,0,0
26143,4,7,0,4,0.3285598405823636,0,0
26151,3,22,1,4,0.40035238405669893,0,0
26155,2,19,1,4,0.3840574760290109,0,0
26161,2,27,1,4,0.43154444688951243,0,0
27003,1,20,1,4,0.3837217319910643,0,0
27007,3,18,1,4,0.34412579093347273,0,0
27011,2,10,0,4,0.3195235537294376,0,0
27027,2,15,1,4,0.40057245751104575,0,0
27039,1,10,0,4,0.358086329029059,0,0
27051,2,11,0,4,0.31611740610291694,0,0
27055,1,9,0,4,0.31511269637183137,0,0
27071,2,13,0,4,0.2968604585500032,0,0
27073,1,10,0,4,0.32478783910019937,0,0
27083,3,14,1,4,0.3640038000047744,0,0
27091,2,15,0,4,0.37431644833658406,0,0
27101,1,16,0,4,0.3521249671567538,0,0
27109,1,19,1,4,0.4028794190363116,0,0
27129,2,16,1,4,0.3213970587527998,0,0
27133,1,12,0,4,0.37687137398272313,0,0
27145,2,33,1,4,0.33742230418119745,0,0
27161,2,13,0,4,0.359827774822507,0,0
28005,4,9,0,4,0.2309904136529839,0,0
28007,4,11,1,4,0.2313534775555189,0,0
28045,3,10,1,4,0.3505536175098234,0,1
28047,1,13,0,4,0.3838392931105221,0,1
28049,1,21,0,4,0.2859146874861521,0,0
28053,4,8,0,4,0.2677106739800733,0,0
28069,4,11,1,4,0.23298028461617354,0,1
28071,4,13,1,4,0.3608207696298196,0,0
28083,4,11,1,4,0.27109956565181903,0,0
28093,3,8,1,4,0.2573455344655519,0,0
28129,4,15,0,4,0.24801257504536914,0,0
28131,4,6,1,4,0.27142957631157927,0,0
28135,4,18,1,4,0.2258388862292235,0,0
28145,3,11,1,4,0.3111445000852605,0,0
28157,4,4,0,4,0.20401253795340493,0,0
28159,4,10,1,4,0.23921307621318055,0,0
29009,4,17,1,4,0.3694387008854684,0,0
29017,4,13,1,4,0.32432861118651524,0,0
29019,1,13,1,4,0.4099952726889159,0,0
29023,4,10,1,4,0.3715887119014316,0,0
29033,3,10,1,4,0.3893495536588997,0,1
29039,4,9,1,4,0.3485416756282971,0,0
29043,1,21,1,4,0.41370075075940227,0,1
29049,1,11,1,4,0.4305446051361612,0,0
29057,3,13,1,4,0.36313151037376307,0,1
29075,3,13,0,4,0.4291912059808568,0,0
29081,4,13,0,4,0.3721037310465399,0,0
29083,4,11,1,4,0.385828420101688,0,0
29091,4,12,1,4,0.3343581866498313,0,0
29099,1,24,1,4,0.45057763389643296,0,0
29123,3,7,1,4,0.31763743504401487,0,0
29137,3,16,0,4,0.38186514190936005,0,0
29141,4,15,0,4,0.3096533525727436,0,0
29143,4,17,1,4,0.38446906610297665,0,0
29171,3,10,0,4,0.3641578745733257,0,0
29175,3,12,1,4,0.4057753334521625,0,0
29177,2,12,1,4,0.4412960630808441,0,0
29181,4,9,1,4,0.2701538504132549,0,0
29183,1,14,1,4,0.4408521437538604,0,0
29199,3,10,1,4,0.3789652186215318,0,1
29205,3,9,0,4,0.38988724286237375,0,0
29207,1,13,1,4,0.32675441725601545,0,1
29213,3,20,1,4,0.4274038584460259,0,1
29225,3,9,1,4,0.405891214849575,0,1
29510,4,29,0,4,0.5056597612880265,1,1
30017,2,6,0,4,0.3123006375241834,0,0
30031,2,10,0,4,0.3697546044751576,0,0
30037,3,3,0,4,0.3127106792120691,0,0
30049,1,9,1,4,0.36488517553973876,0,0
30055,3,6,0,4,0.29953417605187393,0,0
30065,3,5,0,4,0.3162539955910724,0,0
30067,2,9,0,4,0.35215937052284985,0,0
30089,4,11,0,4,0.2982951562846575,0,0
30095,1,10,0,4,0.33044957725353186,0,0
30103,3,2,0,4,0.3172368719686398,0,0
30111,2,16,1,4,0.43265423640739864,0,0
31003,2,11,1,4,0.33973163513172155,0,1
31009,2,4,0,4,0.25775518880195036,0,0
31013,2,3,1,4,0.29655949132335435,0,0
31033,1,5,1,4,0.3189441076696545,0,1
31045,2,6,1,4,0.3188793107066491,0,1
31049,2,4,0,4,0.30876637519739375,0,0
31055,2,35,0,4,0.42855766080254687,0,0
31069,1,9,0,4,0.28894818315257675,0,0
31093,1,11,1,4,0.32226662745102497,0,1
31109,2,42,1,4,0.45839310130405175,0,0
31119,2,8,1,4,0.37079255764693364,0,1
31121,3,9,0,4,0.3289822411710802,0,0
31145,2,8,0,4,0.3319029824443955,0,0
31147,2,9,0,4,0.3035815403073807,0,0
31151,3,12,0,4,0.3110948293207181,0,0
31153,1,13,1,4,0.383340557570899,0,0
31167,2,10,0,4,0.3326382930361805,0,0
31175,2,6,0,4,0.34835756997550194,0,0
31179,2,11,1,4,0.35614460059239805,0,1
32029,1,5,0,4,0.5495917054236233,1,0
32031,2,27,0,4,0.5608469238699496,1,0
34007,1,35,0,4,0.4395855901683061,0,0
34011,1,22,1,4,0.2766066601149726,0,0
34013,2,31,0,4,0.41934943651593404,0,0
34019,1,26,1,4,0.3964546938639949,0,0
34021,1,25,1,4,0.45999056615678796,0,0
34025,1,52,0,4,0.4545341519940096,0,0
34039,1,27,0,4,0.4678901355522774,0,0
35015,3,8,1,4,0.25762440651317303,0,1
35025,3,7,1,4,0.31723226116835057,0,0
35039,1,37,1,4,0.24554018329143265,0,0
35045,4,22,0,4,0.382215586106359,0,1
35051,4,10,1,4,0.38084765515115315,0,0
35055,4,21,1,4,0.24727586680826702,0,1
35057,4,9,0,4,0.28035593832328365,0,0
36011,1,26,1,4,0.22491587100057112,0,0
36035,3,14,0,4,0.31881598435704916,0,0
36041,2,13,1,4,0.24717780362644443,0,1
36057,3,20,1,4,0.33666342433962265,0,1
36063,1,22,1,4,0.35330293978647404,0,0
36103,1,108,0,4,0.4185164201034003,0,0
36107,2,15,1,4,0.25702036481929913,0,0
37001,3,12,1,4,0.3671594484419416,0,0
37005,4,7,0,4,0.3356874210642819,0,0
37033,3,16,0,4,0.30138249276634427,0,0
37041,3,4,1,4,0.3029990537606169,0,0
37055,1,14,1,4,0.42101152631986427,0,0
37071,3,18,1,4,0.38908437754351344,0,0
37085,3,16,1,4,0.323546222663993,0,0
37087,2,7,0,4,0.3451333301601017,0,0
37089,2,15,1,4,0.39137655907061286,0,0
37095,4,7,0,4,0.2506553303983523,0,0
37105,3,4,1,4,0.3077795831868059,0,1
37129,3,10,1,4,0.43826150189380475,0,0
37139,3,1,0,4,0.3142793763930787,0,0
37153,4,11,1,4,0.3177753442428921,0,0
37159,3,19,1,4,0.37517541121804365,0,0
37171,4,12,1,4,0.3613797998097479,0,0
37185,4,8,1,4,0.23202286774311778,0,0
37193,4,23,1,4,0.3448102030789598,0,0
37197,3,7,0,4,0.381154920123752,0,0
38005,3,18,0,4,0.2745757471512329,0,0
38021,1,8,0,4,0.3031257656245166,0,0
38033,1,4,0,4,0.27982895705627353,0,0
38057,1,10,0,4,0.28204278330810106,0,0
38071,1,12,0,4,0.32703139324658587,0,0
38087,1,9,0,4,0.28464977495989374,0,0
38097,1,12,0,4,0.30453468180720145,0,0
39009,4,18,1,4,0.3233369917507435,0,0
39019,2,20,1,4,0.35372389930450654,0,0
39061,1,57,0,4,0.4091282127298441,0,1
39067,3,16,0,4,0.3255496145728737,0,0
39069,1,17,0,4,0.37955388297786435,0,0
39099,2,36,1,4,0.4239381280096101,0,0
39121,2,15,1,4,0.297568621374032,0,0
39135,1,16,1,4,0.3876250885662651,0,0
39155,3,30,1,4,0.3799168002725011,0,0
39157,2,27,0,4,0.360014589948432,0,0
39159,1,20,1,4,0.3854413733011971,0,1
40001,4,8,1,4,0.265805913239568,0,0
40003,1,13,1,4,0.34703496585437166,0,1
40005,4,15,0,4,0.2934647993670811,0,0
40009,3,6,1,4,0.32178118433985814,0,0
40011,3,13,1,4,0.3324297248441419,0,1
40027,2,21,0,4,0.4286259835295497,0,0
40049,3,13,1,4,0.3277165740505741,0,0
40053,1,10,1,4,0.31586561994116297,0,1
40067,4,8,1,4,0.32064156923342735,0,1
40071,4,10,1,4,0.3644239322384143,0,1
40073,2,12,1,4,0.3282761530868054,0,0
40083,2,15,1,4,0.3509620891940979,0,1
40105,3,7,1,4,0.2893110568855692,0,1
40117,3,12,1,4,0.3146683235811775,0,0
40121,3,19,1,4,0.3034607629231508,0,1
40127,4,16,1,4,0.26891725714428727,0,0
40145,2,15,1,4,0.3300429719263394,0,1
40149,3,18,1,4,0.3265442738543113,0,0
41005,1,37,1,4,0.39745876413294,0,0
41009,2,9,1,4,0.36523995339068244,0,1
41017,1,7,1,4,0.4199063065843932,0,0
41021,2,4,0,4,0.34238976520685394,0,0
41031,3,8,1,4,0.36827393472215675,0,0
41047,3,26,1,4,0.374186888749461,0,0
41049,3,7,1,4,0.3813535378579246,0,0
41053,2,11,1,4,0.384169011745184,0,0
41055,2,5,0,4,0.3792909218019622,0,0
41057,2,16,0,4,0.36071704647512315,0,0
41059,3,14,1,4,0.37303498335854407,0,0
41063,2,5,0,4,0.3051839031089382,0,0
42001,1,17,1,4,0.3384213679757881,0,0
42009,2,28,1,4,0.3188919663662118,0,0
42031,3,31,0,4,0.3336005451761099,0,0
42033,3,51,1,4,0.3235417591738784,0,0
42035,3,15,0,4,0.3008432627709132,0,0
42043,2,30,1,4,0.3481238447950036,0,0
42045,1,44,0,4,0.42527405311060085,0,0
42057,2,17,0,4,0.2940476161701254,0,0
42067,2,13,0,4,0.32257263490921617,0,0
42075,2,19,1,4,0.4032160678522001,0,0
42077,1,34,0,4,0.4086360572645235,0,0
42079,3,50,1,4,0.3657071097867826,0,0
42085,2,28,1,4,0.35512346279814533,0,0
42089,2,35,1,4,0.33371891929044095,0,0
42101,4,46,0,4,0.466494833930006,0,1
42105,3,15,0,4,0.2394276967101613,0,0
42107,2,59,1,4,0.33035178477411586,0,0
42111,2,40,1,4,0.3053104720765575,0,0
44003,1,9,1,4,0.39210111992294405,0,0
44005,1,8,1,4,0.3432009068354215,0,0
44007,1,39,0,4,0.37785902038606345,0,0
45005,4,6,1,4,0.2764831554366687,0,1
45007,3,19,0,4,0.4222323655092636,0,0
45013,1,16,1,4,0.4248273608927092,0,0
45023,4,10,1,4,0.3379911335045336,0,1
45033,4,11,1,4,0.29935686510492127,0,1
45041,3,12,1,4,0.34924031176411996,0,0
45043,3,5,1,4,0.31673503681598647,0,0
45049,4,13,1,4,0.2951596136325334,0,0
45051,3,16,1,4,0.43768879194081967,0,0
45057,3,5,1,4,0.4023964338254648,0,0
45061,4,12,0,4,0.2986551206324878,0,0
45071,3,11,0,4,0.32559005740379854,0,0
45075,1,24,0,4,0.2932133984346081,0,1
45077,3,15,1,4,0.47153885787097227,0,0
45087,4,9,1,4,0.3195810426845283,0,0
46011,2,12,0,4,0.3955816216666058,0,0
46031,4,15,1,4,0.2519554359901724,0,1
46033,3,9,1,4,0.3022543966678878,0,1
46039,1,12,0,4,0.2815430876376763,0,0
46051,1,12,0,4,0.3209534132256478,0,0
46053,3,8,0,4,0.29319698355291646,0,0
46067,2,13,1,4,0.3516201523720607,0,1
46071,4,12,0,4,0.30174935316428786,0,0
46075,1,5,0,4,0.3101783833458487,0,0
46079,2,14,0,4,0.3553855203558688,0,0
46087,2,12,0,4,0.33440915858235026,0,0
46101,2,13,0,4,0.36331783426843656,0,0
46102,4,11,0,4,0.15188326340840125,0,0
47033,4,8,1,4,0.37725978672968946,0,0
47047,1,15,0,4,0.38947138593291175,0,0
47057,4,9,0,4,0.3648938263434234,0,0
47073,4,12,1,4,0.38296107720424294,0,0
47075,4,6,1,4,0.30211920628076955,0,0
47077,4,14,1,4,0.3246222148155108,0,0
47081,3,13,0,4,0.3192760100493426,0,0
47093,2,30,0,4,0.4174126308464833,0,0
47101,4,7,1,4,0.3215593012240201,0,0
47103,3,12,0,4,0.3882342729265207,0,0
47109,4,15,1,4,0.33810506087598635,0,0
47113,3,13,0,4,0.33147878742171066,0,1
47123,4,9,1,4,0.4042036433009767,0,1
47127,3,10,0,4,0.4106518394626769,0,0
47145,2,10,1,4,0.4017468546578745,0,0
47155,3,10,1,4,0.3631313800848573,0,0
47171,4,6,0,4,0.36268268196287,0,0
47175,4,7,1,4,0.3464793185151936,0,1
47183,4,12,1,4,0.3752161668059585,0,1
48019,2,7,1,4,0.4268511021433611,0,0
48023,2,2,1,4,0.3709692737720646,0,1
48031,1,8,1,4,0.35667996738622765,0,1
48039,1,20,0,4,0.4344003034776195,0,0
48043,3,4,1,4,0.3027068116579663,0,1
48055,3,14,1,4,0.39194146819130404,0,0
48069,3,10,0,4,0.3277698023916831,0,0
48089,2,18,1,4,0.38937951625742934,0,0
48091,1,14,1,4,0.47832418104311814,0,0
48097,2,14,1,4,0.4774529541542565,0,1
48099,1,17,1,4,0.37653418914307984,0,1
48125,4,7,1,4,0.3611426975215907,0,1
48127,4,6,1,4,0.33842178711132664,0,1
48129,3,6,0,4,0.38979268852545157,0,0
48155,4,3,0,4,0.3590159656970995,0,0
48157,1,34,0,4,0.46452003694211347,0,0
48161,4,9,1,4,0.40672789855608454,0,0
48179,4,7,0,4,0.3901339697484626,0,0
48185,3,11,1,4,0.38560741401444665,0,0
48193,3,10,1,4,0.4087050766946966,0,1
48209,2,14,1,4,0.48057904496412557,0,0
48215,4,28,0,4,0.3902610530095874,0,0
48223,3,13,1,4,0.43004049553187956,0,0
48229,3,6,0,4,0.4116467991271493,0,0
48235,2,4,0,4,0.3941444557434999,0,0
48241,4,9,1,4,0.36152860059168035,0,1
48263,3,4,0,4,0.3871251054361534,0,0
48267,1,6,0,4,0.3177154552818394,0,0
48269,4,2,1,4,0.3104407635310117,0,1
48273,4,4,1,4,0.4257582242569773,0,0
48281,2,6,1,4,0.37259199324144354,0,0
48293,4,14,1,4,0.4073816276078873,0,0
48295,2,7,0,4,0.39476615863787134,0,0
48299,1,10,1,4,0.34991323606653235,0,0
48303,1,25,1,4,0.4143120722173254,0,0
48317,1,8,1,4,0.4543605440088595,0,1
48323,4,3,1,4,0.31635239254333214,0,1
48331,3,13,1,4,0.3943054158586647,0,0
48337,3,10,1,4,0.46996638567619253,0,0
48339,1,27,0,4,0.4521970383294225,0,0
48343,4,7,1,4,0.377442920253662,0,0
48361,2,4,1,4,0.46032457098430357,0,0
48377,4,4,1,4,0.3125050455120817,0,1
48385,4,8,0,4,0.3467327095062366,0,0
48407,4,8,1,4,0.3686670202286376,0,0
48417,4,5,0,4,0.444096468373958,0,0
48435,1,2,0,4,0.3386211155503746,0,0
48437,4,5,1,4,0.3685537307121842,0,1
48445,4,6,1,4,0.34874890543590265,0,0
48447,4,7,0,4,0.3745070308675771,0,0
48455,4,7,1,4,0.3624787914552355,0,0
48459,3,12,1,4,0.42024666114647546,0,0
48471,4,9,1,4,0.40228052632797917,0,0
48489,4,6,0,4,0.3480670514191859,0,0
48491,1,25,0,4,0.4927835477289711,0,0
48497,2,17,1,4,0.4829823181519116,0,1
48505,4,5,1,4,0.31185229546590953,0,0
49013,2,12,0,4,0.38966649763956807,0,0
49015,2,9,0,4,0.3180217075364873,0,0
49021,4,10,1,4,0.32933053804591217,0,0
49031,3,6,0,4,0.38784440364874206,0,0
49037,3,12,1,4,0.30577585950374253,0,0
49043,1,9,1,4,0.39205741616802603,0,1
49055,2,6,0,4,0.37684341334185356,0,0
51007,1,5,1,4,0.21969660773739896,0,0
51009,2,9,1,4,0.2893330560111446,0,1
51023,1,12,0,4,0.3505103088791863,0,0
51029,3,11,0,4,0.2306706482081917,0,0
51045,1,5,0,4,0.1700662742016195,0,0
51053,3,12,0,4,0.22871942103246373,0,0
51061,1,24,1,4,0.3014602812957697,0,0
51071,2,10,0,4,0.32178103155340865,0,0
51075,1,15,1,4,0.29846650695604854,0,0
51081,4,4,1,4,0.2191427327894911,0,0
51083,3,14,1,4,0.2332996982042678,0,1
51095,1,4,1,4,0.33935171135177317,0,0
51097,2,14,0,4,0.20774353000609247,0,0
51105,4,11,1,4,0.29499503796956994,0,0
51107,1,21,1,4,0.381361493140444,0,0
51117,3,13,1,4,0.24153991709701889,0,1
51119,1,12,1,4,0.2991558136742939,0,1
51131,3,11,1,4,0.26453256949987286,0,0
51135,4,7,1,4,0.2667268121634207,0,0
51159,3,5,1,4,0.28215994767289465,0,1
51165,2,22,0,4,0.3550810487476598,0,0
51171,2,14,1,4,0.3220173849669436,0,1
51181,3,10,0,4,0.20643669987461882,0,0
51183,1,11,0,4,0.35822089075895075,0,0
51191,2,10,1,4,0.34133471497815004,0,0
51520,4,2,1,4,0.4158315723996681,0,0
51580,3,1,0,4,0.28775342536050263,0,0
51595,4,1,1,4,0.22043678443008577,0,1
51710,1,15,1,4,0.29468235481123295,0,0
51730,3,2,1,4,0.2494131783075861,0,1
51735,1,1,0,4,0.3840694872194585,0,0
51760,1,15,0,4,0.3731932480154265,0,0
51790,1,2,0,4,0.36913974253366444,0,0
51820,3,1,0,4,0.35684533400048113,0,0
51830,1,2,0,4,0.36357926075522456,0,0
53003,3,3,1,4,0.38136427287724983,0,0
53005,2,12,1,4,0.4153574570583388,0,0
53013,3,5,0,4,0.2859038274056668,0,0
53021,3,7,1,4,0.3818994752639715,0,0
53031,2,9,1,4,0.32105641797728257,0,0
53037,3,12,0,4,0.37805185622359366,0,0
53043,2,14,0,4,0.33450333587558256,0,0
53051,3,9,0,4,0.3141820393994771,0,0
53073,2,18,1,4,0.41002326013087065,0,0
54003,2,11,1,4,0.3221416731492466,0,0
54007,4,18,0,4,0.25777734173660266,0,0
54009,2,8,1,4,0.35614832272128616,0,0
54023,3,12,0,4,0.28107110799788504,0,0
54027,3,20,0,4,0.266683582295991,0,0
54037,1,9,1,4,0.33379896388629693,0,0
54045,4,33,0,4,0.2885295596523031,0,0
54057,2,10,0,4,0.35967897526978065,0,0
54059,4,18,1,4,0.2922428247743174,0,0
54077,3,16,0,4,0.26154852141491847,0,0
54083,4,22,1,4,0.24018128169423245,0,0
54099,4,17,1,4,0.31480063363148203,0,1
55009,1,19,1,4,0.3167744558742023,0,0
55011,1,9,0,4,0.2710550789409978,0,0
55063,2,15,1,4,0.3298249658836305,0,0
55091,1,6,0,4,0.26005310847272817,0,0
55097,2,21,1,4,0.3393421775304708,0,0
55121,1,14,1,4,0.29895138117035003,0,0
55123,3,18,1,4,0.25503913537771233,0,0
55125,2,12,1,4,0.2417353571377927,0,0
56021,1,12,1,4,0.4029603291466609,0,0
