county_fips,poverty_quartile,n_zctas_in_county,suppression_flag,fold,prob_high_risk,pred_high_risk,true_label
01009,3,17,1,0,0.33764847647379953,0,0
01011,4,7,1,0,0.4046612278107246,0,1
01013,4,8,0,0,0.4040560158412066,0,0
01037,3,11,1,0,0.35523785723552365,0,0
01041,3,11,0,0,0.36146663597897816,0,0
01047,4,10,1,0,0.40804552515288284,0,0
01061,4,14,0,0,0.36487623702084143,0,0
01073,1,62,0,0,0.3241070291741139,0,0
01089,1,25,1,0,0.2625312300176521,0,0
01097,1,36,0,0,0.3219378363830978,0,0
01099,4,17,1,0,0.3835794716595397,0,0
01109,1,9,1,0,0.44736571417503285,0,1
01111,3,8,1,0,0.3560779011080176,0,0
01121,4,12,1,0,0.37898873713813197,0,0
01129,4,16,1,0,0.3827155287224037,0,0
04011,2,3,0,0,0.3206172441142572,0,0
04012,4,8,0,0,0.4439685418108875,0,1
04013,1,136,0,0,0.33264433789586095,0,1
04017,4,33,0,0,0.4039040451658305,0,1
04025,2,31,0,0,0.32745641510542983,0,1
05009,3,9,1,0,0.3366334763734825,0,0
05011,4,7,1,0,0.3935184418791439,0,0
05021,4,13,1,0,0.4526716175667954,0,0
05025,4,7,1,0,0.3576671063837956,0,1
05029,4,15,1,0,0.41826685076340414,0,0
05031,1,16,1,0,0.3620665217720494,0,0
05043,4,9,1,0,0.34273071618601664,0,0
05051,3,10,1,0,0.32842414298667133,0,0
05061,4,8,1,0,0.4202479615982585,0,0
05083,4,12,1,0,0.40621495638459487,0,0
05127,4,10,1,0,0.429616125278201,0,1
05133,4,7,1,0,0.4055835628853256,0,0
05145,4,17,1,0,0.3910018374186485,0,0
05149,4,13,1,0,0.4167043762142635,0,0
06003,1,3,0,0,0.3226165190484015,0,0
06009,1,20,1,0,0.3433152188084932,0,1
06015,4,4,1,0,0.3151323562501299,0,0
06021,3,7,1,0,0.4521325464949897,0,0
06023,4,36,1,0,0.2981377595297992,0,0
06037,1,292,0,0,0.08673864567859026,0,0
06041,1,29,1,0,0.17636561960870503,0,0
06043,3,13,1,0,0.38591801037983564,0,0
06047,4,24,0,0,0.45398471027704373,0,0
06049,3,13,0,0,0.4671047293121178,0,0
06051,1,9,0,0,0.3094567717973074,0,0
06055,1,12,1,0,0.2654817010247625,0,0
06059,1,91,0,0,0.2408349959647242,0,0
06061,1,34,0,0,0.2518678222369732,0,0
06063,2,17,1,0,0.29794787167657755,0,0
06069,2,7,1,0,0.3201599925701994,0,0
06071,3,93,0,0,0.39715455982739284,0,0
06077,1,36,0,0,0.39068843482597737,0,0
06087,2,17,1,0,0.2334411048582829,0,0
06115,3,17,1,0,0.40382460978713797,0,1
08011,4,6,0,0,0.405890641682121,0,0
08041,1,45,0,0,0.251913842951442,0,0
08043,3,11,1,0,0.2683338377158087,0,1
08059,1,33,1,0,0.20755762561000107,0,0
08061,3,5,0,0,0.34603487545818673,0,0
08067,1,6,1,0,0.23364909840585601,0,1
08093,1,12,0,0,0.10606086375128945,0,0
08123,1,41,1,0,0.3070163047498279,0,0
09001,1,46,1,0,0.1788500817960452,0,0
09003,1,58,1,0,0.23471440795074977,0,0
09011,1,31,1,0,0.19901348522439094,0,0
09013,1,17,0,0,0.16386774912304364,0,0
10001,1,18,1,0,0.3361987817540474,0,0
12013,3,8,0,0,0.31918738017720344,0,0
12021,1,23,0,0,0.2274941341343304,0,0
12027,4,4,0,0,0.3609072965893819,0,0
12031,1,36,0,0,0.2435266211878471,0,0
12033,1,18,1,0,0.24156211921083026,0,0
12061,2,9,1,0,0.25600052254859673,0,0
12071,1,38,0,0,0.23403540394225475,0,0
12089,1,6,1,0,0.20839450821110947,0,0
12093,4,2,0,0,0.36125669385556164,0,0
12109,1,12,1,0,0.17625084702118293,0,0
12119,1,11,1,0,0.27066482584226653,0,0
12123,1,6,0,0,0.2250731489992682,0,0
12125,1,5,0,0,0.2753573423493511,0,0
13003,4,5,1,0,0.43021524097664954,0,1
13007,3,6,0,0,0.3751765891405488,0,0
13011,3,11,0,0,0.3027229417851442,0,0
13021,1,12,1,0,0.3945823158525358,0,0
13031,1,11,1,0,0.3318197811703647,0,0
13037,4,6,0,0,0.4710710646748045,0,0
13039,3,8,1,0,0.2438216507660151,0,1
13049,4,4,0,0,0.3942640270668666,0,0
13055,4,6,1,0,0.34776425884157897,0,0
13069,4,10,1,0,0.42934043223600826,0,1
13071,4,13,1,0,0.43580386396414517,0,0
13073,1,7,1,0,0.19713996160907427,0,0
13079,3,7,0,0,0.3808236574601879,0,0
13103,1,8,1,0,0.2456642052656671,0,1
13105,4,4,0,0,0.3964605323182221,0,0
13115,4,13,1,0,0.31400288791787473,0,0
13119,3,10,1,0,0.34433735248159514,0,0
13121,1,46,0,0,0.22079652623899834,0,0
13137,3,7,1,0,0.2607124103600918,0,1
13143,3,7,0,0,0.27753412981181563,0,0
13151,2,11,1,0,0.2396809222507193,0,0
13169,4,8,1,0,0.38195500894937884,0,0
13173,4,5,0,0,0.3909125536762019,0,0
13175,4,15,1,0,0.41561852169927066,0,1
13187,3,4,0,0,0.24408086508798577,0,0
13191,3,4,1,0,0.3710199933500616,0,0
13193,4,10,1,0,0.43958153854924853,0,0
13227,2,9,1,0,0.21524419011974436,0,0
13253,4,4,1,0,0.4383764509563106,0,1
13255,4,7,0,0,0.3441425104204106,0,0
13261,4,8,1,0,0.40637996589447584,0,0
13263,4,8,0,0,0.3544961380143491,0,0
13283,4,6,0,0,0.423790247639447,0,0
13307,4,6,0,0,0.38961854603620844,0,0
13309,4,4,1,0,0.41104635566940045,0,1
13315,4,8,1,0,0.42954165960983753,0,1
13317,4,5,1,0,0.4217357866799565,0,1
13321,4,12,0,0,0.4423869406532205,0,0
16033,4,3,0,0,0.379261157531537,0,0
16055,2,13,1,0,0.2438192714426009,0,0
16059,3,10,1,0,0.36422047616155695,0,1
16065,1,8,0,0,0.22934653730856897,0,0
16067,3,5,0,0,0.42657044284345175,0,0
16077,4,4,0,0,0.3997303703810656,0,0
17009,2,5,0,0,0.24619983686753588,0,0
17011,2,30,1,0,0.3164339844710913,0,1
17029,4,16,0,0,0.29921174339701023,0,0
17049,2,15,1,0,0.2504265073518678,0,0
17059,4,9,1,0,0.40113806664919577,0,1
17065,2,13,0,0,0.3181392403139712,0,0
17083,1,11,0,0,0.23843051999266085,0,0
17095,3,22,1,0,0.38503128776095497,0,1
17099,2,28,1,0,0.3279894127577327,0,0
17103,2,24,1,0,0.297964453839158,0,0
17109,4,17,1,0,0.3076952230967962,0,1
17135,3,28,0,0,0.31494966606857594,0,0
17143,1,27,0,0,0.282088865281553,0,0
17147,1,16,0,0,0.24214106025785825,0,0
17157,2,18,1,0,0.3255007219577063,0,0
17159,3,9,1,0,0.3266739203126508,0,0
17163,2,34,0,0,0.30279277205952915,0,1
17169,3,12,0,0,0.2688461596385448,0,0
17171,2,9,1,0,0.28412435411675124,0,1
17183,3,27,1,0,0.34138912010018596,0,0
17203,1,16,1,0,0.2293708194071693,0,0
18001,3,8,1,0,0.3974655923483416,0,1
18003,2,33,1,0,0.3026139128581531,0,0
18019,2,15,1,0,0.2928642363479566,0,0
18023,3,12,1,0,0.3811089265525192,0,0
18025,3,9,0,0,0.3679043835372801,0,0
18027,3,7,0,0,0.3570637626989247,0,0
18035,4,21,1,0,0.3958677118370412,0,0
18041,4,8,0,0,0.44516959100956055,0,0
18045,2,10,0,0,0.3421105442225658,0,0
18047,1,15,1,0,0.3126750185508438,0,0
18057,1,23,0,0,0.19682273757065585,0,0
18061,2,16,1,0,0.2784403887294395,0,1
18081,1,12,1,0,0.30538587262290945,0,0
18101,2,7,1,0,0.33174286016687676,0,1
18115,2,5,0,0,0.30066676808656617,0,0
18141,3,24,1,0,0.3638419242709449,0,0
18153,3,13,1,0,0.3466452367439767,0,0
18163,3,11,1,0,0.340555357719961,0,0
18177,3,17,1,0,0.41101767358892954,0,0
19015,3,18,1,0,0.30007397023889076,0,0
19017,1,12,0,0,0.21469124134049275,0,0
19027,1,16,1,0,0.2833846124191321,0,0
19043,2,24,0,0,0.2728679861336007,0,0
19047,3,19,0,0,0.31086612138737524,0,0
19053,3,11,0,0,0.3122914434533798,0,0
19055,1,16,0,0,0.24464278652866056,0,0
19057,3,12,1,0,0.3157872839499104,0,1
19061,2,19,1,0,0.19750590365062837,0,0
19069,2,17,0,0,0.28661778354446443,0,0
19071,2,11,1,0,0.32579893369269725,0,1
19089,2,9,0,0,0.262259838852288,0,0
19097,2,14,1,0,0.25526661525445743,0,0
19099,1,19,1,0,0.2764280049000167,0,1
19109,2,21,1,0,0.3057141306287293,0,0
19111,3,12,1,0,0.31918206456653325,0,0
19113,1,29,1,0,0.21982641038310116,0,0
19119,1,12,0,0,0.26040211532086516,0,0
19127,2,21,1,0,0.33335067693359016,0,1
19137,3,10,0,0,0.32911162895936485,0,0
19139,2,13,0,0,0.28788252593966474,0,0
19145,2,12,1,0,0.3071769774804473,0,0
19161,2,16,1,0,0.2839981088486048,0,1
19165,1,19,0,0,0.28372633280855125,0,0
19181,1,19,1,0,0.24078971762793647,0,1
19191,1,12,0,0,0.19718739482369754,0,0
20011,4,13,1,0,0.3974222273621498,0,0
20013,2,13,0,0,0.3552649772287171,0,0
20015,2,20,1,0,0.35986949988460587,0,0
20017,3,11,0,0,0.4042302628361555,0,0
20029,3,8,1,0,0.3380524360714606,0,1
20033,1,3,0,0,0.3092132843732654,0,0
20035,3,14,1,0,0.4266323410115233,0,1
20067,2,3,1,0,0.3853291717310173,0,1
20071,1,2,0,0,0.3804035432953627,0,0
20079,1,13,1,0,0.3377363677806567,0,1
20083,2,8,1,0,0.3356911997993869,0,1
20103,1,13,1,0,0.3101988303094181,0,0
20107,3,11,0,0,0.3650854157374327,0,0
20109,2,7,0,0,0.2854102004563615,0,0
20111,3,12,1,0,0.4022694289581676,0,0
20119,1,5,0,0,0.40839828832510366,0,0
20121,1,11,1,0,0.25274603125415296,0,1
20151,2,11,0,0,0.3307885583960167,0,0
20155,2,22,1,0,0.384881920174282,0,0
20157,2,15,0,0,0.2862755356039548,0,0
20173,2,50,0,0,0.3463132217860485,0,0
21019,3,4,1,0,0.3381747401713369,0,1
21027,3,18,1,0,0.39799289717359493,0,0
21039,4,4,0,0,0.4758312484921464,0,0
21041,4,8,1,0,0.3845303256921334,0,1
21045,4,15,0,0,0.412511177526648,0,0
21049,3,4,1,0,0.32363493586435244,0,1
21051,4,10,1,0,0.402189974604461,0,0
21059,3,10,1,0,0.3843869174044735,0,0
21061,4,12,1,0,0.37876456488242644,0,0
21063,4,6,1,0,0.3862734933886619,0,1
21065,4,5,0,0,0.4019581234208689,0,0
21111,2,41,0,0,0.3023042699644131,0,0
21119,4,24,1,0,0.3707600153303974,0,0
21137,4,11,1,0,0.40202269436165455,0,0
21143,3,4,0,0,0.45552113820041973,0,0
21147,4,8,0,0,0.3867296335124797,0,0
21151,1,5,1,0,0.3285188195065462,0,0
21161,4,5,1,0,0.3597562731315691,0,0
21167,2,5,1,0,0.35540244571744056,0,0
21175,4,8,1,0,0.3690942636173744,0,0
21189,4,6,0,0,0.39325677908163065,0,0
21203,4,7,1,0,0.36972912161257593,0,0
21209,2,6,1,0,0.2931947934611535,0,1
21225,4,5,1,0,0.40471199744049074,0,0
22019,3,16,1,0,0.3369139038332371,0,0
22031,4,10,1,0,0.38455979520980016,0,0
22035,4,4,0,0,0.4519495620013855,0,0
22037,3,8,0,0,0.3649697454957254,0,0
22055,1,16,1,0,0.2916402223425068,0,0
22069,4,16,1,0,0.41111138150535426,0,0
22091,3,7,0,0,0.3877992885633712,0,0
22095,3,6,1,0,0.3619874929777864,0,1
22109,3,13,1,0,0.36735808163233197,0,0
22119,4,12,1,0,0.45033915875500313,0,1
22123,4,4,1,0,0.4239133621181482,0,0
22127,4,12,1,0,0.39317273558615967,0,0
23023,1,8,0,0,0.16731228898282763,0,0
23027,2,18,1,0,0.21848891725872088,0,1
24005,1,54,0,0,0.2439977562898439,0,1
24013,1,15,1,0,0.17149709399123025,0,0
24019,3,18,1,0,0.35101726252395526,0,1
24041,1,16,1,0,0.24049392269745018,0,0
24043,1,20,1,0,0.2823925155095369,0,0
26009,2,16,1,0,0.26137689039366685,0,0
26015,1,15,1,0,0.278737032830853,0,0
26039,3,4,0,0,0.3065886984641197,0,0
26041,3,13,1,0,0.280530790608186,0,1
26051,4,7,0,0,0.35827282264290344,0,0
26053,4,7,0,0,0.2669040287677224,0,0
26059,3,18,1,0,0.3450867620656241,0,0
26063,2,18,1,0,0.3519085979433607,0,1
26097,3,15,0,0,0.32709234141696564,0,0
26109,3,14,0,0,0.28625473567588294,0,0
26125,1,71,0,0,0.20458154272613352,0,0
26127,3,12,1,0,0.31295988241154293,0,0
26135,3,8,0,0,0.31887170132541626,0,0
26145,3,28,1,0,0.3383402407331006,0,0
27013,3,20,0,0,0.23455116166744833,0,0
27017,2,15,0,0,0.20908514809709505,0,0
27029,3,11,0,0,0.3793634262111674,0,0
27049,1,17,1,0,0.22298782597601957,0,1
27065,2,9,0,0,0.24739811189455838,0,0
27067,2,16,0,0,0.2516318197158985,0,0
27087,4,8,0,0,0.4603416363901811,0,0
27103,1,10,0,0,0.20001114497124153,0,0
27105,3,17,0,0,0.3140433101062923,0,0
27115,2,16,1,0,0.2638172350715652,0,0
27131,1,16,1,0,0.25390699605680683,0,0
27153,2,19,1,0,0.27158335139303763,0,0
27169,2,14,1,0,0.2236288686869262,0,1
28003,4,5,1,0,0.30118923496767847,0,1
28019,4,9,1,0,0.3013853493019673,0,1
28023,4,9,1,0,0.2642086504882805,0,0
28055,4,6,0,0,0.3320503017614502,0,0
28073,3,6,1,0,0.2050013879943829,0,0
28091,4,8,1,0,0.34996170672695115,0,0
28097,4,7,1,0,0.3627608153497421,0,1
28101,4,11,1,0,0.32267652273757497,0,0
28115,4,11,1,0,0.2954876451727088,0,0
28117,4,8,0,0,0.34309189073716556,0,0
28125,1,7,0,0,0.127171238212745,0,0
28127,3,10,1,0,0.3087761937260854,0,0
28141,4,9,1,0,0.3123412305804685,0,0
28143,4,5,0,0,0.49428688127008696,0,0
28151,4,8,0,0,0.47261146633606677,0,1
28163,4,8,1,0,0.3874412507638138,0,0
29005,2,9,0,0,0.35894290634043374,0,0
29021,3,15,1,0,0.3672810231326434,0,0
29025,3,10,1,0,0.37057226341081545,0,1
29035,3,5,1,0,0.31230717279929615,0,1
29041,3,12,1,0,0.34243643502269483,0,1
29065,4,8,1,0,0.33906876794406876,0,0
29069,4,14,1,0,0.5243987041177789,1,1
29073,2,11,0,0,0.2996484511014471,0,0
29077,3,21,0,0,0.2994905365862385,0,0
29089,3,10,0,0,0.3285420357379229,0,0
29107,2,16,1,0,0.33242883054577005,0,1
29115,3,15,1,0,0.34932039957248023,0,0
29133,4,6,1,0,0.5356172942554419,1,0
29147,4,18,1,0,0.32760705352281244,0,0
29159,3,15,1,0,0.36742403249417616,0,1
29167,3,18,0,0,0.5547407376076181,1,0
29185,4,16,1,0,0.3853424256210149,0,1
29195,3,13,1,0,0.3474674130847066,0,0
29223,4,14,1,0,0.3873623186961689,0,0
29227,3,7,0,0,0.3730555589305419,0,0
30001,3,10,0,0,0.2922476793677206,0,0
30005,4,9,1,0,0.48826181536877455,0,1
30019,1,4,0,0,0.28916296204769787,0,0
30023,4,5,0,0,0.32766901476998855,0,0
30033,2,8,0,0,0.32751415718113075,0,0
30041,3,10,0,0,0.3958263294796719,0,0
30043,2,9,0,0,0.2607803495256189,0,0
30047,3,15,1,0,0.3405608643528422,0,0
30075,3,6,0,0,0.3712660679751007,0,0
30091,1,11,0,0,0.2784992172511384,0,0
30107,2,6,0,0,0.3957360845948182,0,0
31011,2,8,1,0,0.2737142321702124,0,1
31017,3,4,0,0,0.3152342246481214,0,0
31025,1,20,1,0,0.24344728847664107,0,0
31029,2,7,1,0,0.18780472930550973,0,1
31031,3,18,0,0,0.3345798865121312,0,0
31035,2,15,0,0,0.23523327055047794,0,0
31039,2,11,0,0,0.27855608270699583,0,0
31043,3,8,0,0,0.28063396742426366,0,0
31047,3,11,0,0,0.28165537232055804,0,0
31061,2,8,1,0,0.301696513155404,0,1
31063,2,12,0,0,0.2682567803241674,0,0
31071,2,3,0,0,0.29409180007842395,0,0
31073,2,9,0,0,0.2831865923419013,0,0
31105,3,5,0,0,0.38362227521612224,0,0
31125,2,8,0,0,0.2703983264421016,0,0
31129,2,10,0,0,0.2858220763040884,0,0
31131,1,19,1,0,0.26240866216815717,0,0
31139,1,9,0,0,0.23028831794889995,0,0
31169,1,15,0,0,0.27424139653662116,0,0
31173,4,10,1,0,0.4536846836854674,0,1
31185,1,15,1,0,0.2312638396502701,0,0
32003,1,73,0,0,0.37982007504045234,0,1
32011,1,4,0,0,0.42407671908464556,0,0
32013,1,7,1,0,0.4249765747545497,0,0
32033,2,7,1,0,0.3920542940998743,0,1
32510,2,4,0,0,0.3643413930241173,0,0
33003,1,30,0,0,0.2234326471621651,0,0
33005,1,27,1,0,0.18525354282878798,0,1
33009,1,37,1,0,0.16380414326504736,0,0
34009,1,15,1,0,0.2308650545414619,0,0
34015,1,30,1,0,0.19163857917994187,0,0
34037,1,21,1,0,0.14880555721682048,0,0
35006,4,17,0,0,0.498446653936062,0,0
35023,4,5,0,0,0.4345593294473131,0,0
35027,3,14,0,0,0.3167400634380131,0,0
35041,4,9,1,0,0.40117479191519045,0,0
35043,1,21,1,0,0.28550310290722913,0,0
35061,4,8,1,0,0.42567478627480326,0,1
36005,4,28,0,0,0.39566232851226923,0,0
36007,3,31,1,0,0.23833066350545348,0,0
36013,3,36,1,0,0.29503219986638685,0,0
36029,2,70,0,0,0.2692810290673466,0,0
36047,3,39,0,0,0.28662135293975843,0,0
36055,1,50,1,0,0.24793352394428506,0,0
36081,2,63,0,0,0.2418227417111025,0,0
36093,1,19,1,0,0.20667889726859856,0,0
36105,2,62,1,0,0.25118557402368646,0,0
36115,2,27,1,0,0.2197693006585857,0,0
37009,1,12,0,0,0.26616583984466163,0,0
37023,4,16,1,0,0.2606067129143843,0,0
37029,2,5,0,0,0.25061314010355756,0,0
37031,2,19,1,0,0.2293745426109697,0,0
37051,1,24,1,0,0.29108002285617807,0,0
37053,1,15,1,0,0.23209280783551064,0,0
37057,3,12,1,0,0.2621218738660431,0,0
37079,4,11,1,0,0.3620636308529111,0,0
37081,3,31,0,0,0.22179850580212665,0,0
37107,4,10,1,0,0.36054951044878625,0,0
37109,2,11,1,0,0.23750470508166832,0,0
37119,2,32,0,0,0.2017897428024108,0,0
37135,2,14,1,0,0.15444271492184697,0,0
37141,3,13,1,0,0.24271334737155578,0,1
37143,3,6,0,0,0.3220422664393512,0,0
37169,2,16,1,0,0.26162818223457496,0,0
37179,1,12,1,0,0.20014761848203189,0,0
37187,4,4,1,0,0.38747622986963604,0,0
37195,4,17,1,0,0.3250905136198331,0,0
38011,1,5,0,0,0.27334238086844853,0,0
38015,1,12,1,0,0.2093585859115177,0,0
38023,2,10,0,0,0.29474265587015497,0,0
38035,1,22,1,0,0.25354504264158056,0,1
38059,1,8,0,0,0.27084208035337737,0,0
38099,2,16,1,0,0.2984380073628032,0,0
39001,4,11,1,0,0.40779918588765773,0,0
39003,2,20,0,0,0.38238614852456615,0,0
39005,2,19,0,0,0.31585044749510893,0,0
39007,4,19,1,0,0.3778363693061491,0,0
39015,3,19,0,0,0.368828412752539,0,0
39021,1,17,0,0,0.3585692312240751,0,0
39029,3,24,0,0,0.37418008110750656,0,0
39031,3,18,0,0,0.351738382319009,0,0
39037,2,25,1,0,0.40960794466323447,0,0
39043,2,13,0,0,0.34566276865600787,0,0
39045,1,19,1,0,0.28047618982725114,0,0
39047,3,11,0,0,0.42283648730132095,0,0
39065,3,15,1,0,0.37344749682069084,0,1
39073,3,16,1,0,0.3260074205209488,0,0
39075,1,18,1,0,0.31025478898854414,0,0
39085,1,11,1,0,0.24827618106439123,0,0
39095,3,30,0,0,0.380289847270787,0,0
39097,1,12,0,0,0.3245141388452629,0,0
39115,4,11,0,0,0.3880810000226251,0,0
39123,2,18,1,0,0.3512961598011568,0,0
39131,4,11,1,0,0.35871974195733586,0,0
39145,4,20,1,0,0.3793913246667262,0,0
39167,3,20,1,0,0.3263306046130052,0,0
39175,2,13,0,0,0.3191624836411227,0,0
40029,4,10,0,0,0.5116201931705817,1,0
40037,3,21,1,0,0.4053345106177594,0,0
40039,4,13,1,0,0.4548953549108469,0,0
40043,3,12,1,0,0.46752016137760954,0,1
40061,4,7,0,0,0.4924289272487009,0,0
40081,3,16,1,0,0.429617254524362,0,0
40089,4,15,1,0,0.5031817599656678,1,0
40101,4,15,1,0,0.5021675256039934,1,0
40111,4,11,1,0,0.4888150181465996,0,1
40135,4,9,1,0,0.4804652587108392,0,0
40139,4,9,1,0,0.46412541809550656,0,0
40151,2,7,0,0,0.39930711942124314,0,0
41019,3,28,1,0,0.35771598286119144,0,0
41027,2,3,1,0,0.2765168539677703,0,0
41033,4,11,1,0,0.396329685050012,0,0
41037,4,10,0,0,0.517474716672209,1,0
41045,4,13,0,0,0.4942079843632476,0,0
41065,3,8,1,0,0.4198712453868941,0,0
41069,4,5,0,0,0.4462899150519888,0,0
42003,1,114,0,0,0.18984402375468307,0,0
42005,2,36,1,0,0.24390476844865996,0,0
42007,2,28,0,0,0.2293849802393817,0,0
42037,2,19,1,0,0.28022722842244424,0,0
42051,3,62,1,0,0.2792329402830918,0,0
42065,3,30,1,0,0.2810117350108946,0,0
42081,2,25,1,0,0.2392829692689013,0,0
42087,3,13,1,0,0.3032851591868971,0,1
42099,2,16,1,0,0.2703745630019297,0,1
44001,1,3,0,0,0.1831917719145807,0,0
45001,4,13,1,0,0.36749600855085723,0,0
45011,4,7,1,0,0.45349187822567427,0,0
45039,4,9,1,0,0.39224955368027226,0,0
45047,4,9,1,0,0.3559473757869863,0,0
45067,4,7,1,0,0.3986379277074282,0,0
45069,4,8,1,0,0.3999443331633509,0,0
45079,1,24,0,0,0.26657316480712007,0,0
46003,1,9,0,0,0.2661479761197595,0,0
46009,2,7,1,0,0.24977484176778278,0,1
46013,1,20,1,0,0.24397097383054914,0,1
46023,4,10,0,0,0.36672336281714757,0,0
46027,3,8,0,0,0.2586628444728824,0,0
46077,1,9,1,0,0.2568151572314987,0,1
46081,1,9,0,0,0.2675759941116895,0,0
46091,1,10,1,0,0.2710170797034387,0,1
46107,1,5,0,0,0.2779331876755322,0,0
46121,4,9,1,0,0.529803570264787,1,1
46127,1,9,0,0,0.283875090681137,0,0
46137,4,7,0,0,0.5177646957444934,1,0
47007,3,9,0,0,0.35005722095736824,0,0
47009,2,13,1,0,0.2947851149323777,0,0
47019,4,8,1,0,0.385105894942157,0,0
47023,3,12,0,0,0.3339275243843744,0,0
47025,1,10,1,0,0.34916140780801536,0,0
47031,3,9,1,0,0.3689643353853361,0,0
47035,3,11,1,0,0.33055348441770344,0,0
47043,2,11,1,0,0.3503288884190195,0,1
47045,4,11,1,0,0.43068499884771855,0,1
47051,3,15,0,0,0.3634460496619919,0,0
47063,4,7,1,0,0.4199316339920727,0,1
47083,3,8,0,0,0.40524143091941195,0,0
47087,4,11,0,0,0.37000733575859357,0,0
47095,4,2,0,0,0.4963486649092821,0,0
47119,1,10,1,0,0.28438241165641376,0,0
47125,3,15,1,0,0.3129834798384894,0,0
47131,4,12,1,0,0.45173261166657586,0,1
47135,4,4,1,0,0.38838021804619227,0,1
47143,4,6,0,0,0.36179415038250873,0,0
47163,3,12,1,0,0.36394748120743364,0,0
47189,1,12,1,0,0.28149023143426355,0,0
48007,4,5,1,0,0.4541120366890297,0,0
48013,3,15,1,0,0.4547674920753158,0,0
48025,4,11,1,0,0.45153222790790326,0,1
48027,3,23,0,0,0.38222229470599683,0,0
48041,3,9,0,0,0.2930616618076168,0,0
48057,3,6,1,0,0.46751519932864366,0,0
48071,2,11,1,0,0.37015126999702513,0,0
48083,2,15,1,0,0.3899262833933153,0,1
48085,1,38,0,0,0.23864425219799476,0,0
48109,4,2,1,0,0.20410403775466154,0,1
48115,4,4,0,0,0.517631691744171,1,0
48131,4,8,1,0,0.4823324197563833,0,0
48149,2,15,1,0,0.4075021778703688,0,0
48151,3,9,1,0,0.41833000607123777,0,1
48171,2,7,1,0,0.3611849961952915,0,0
48173,3,4,0,0,0.4408926857135073,0,0
48175,3,6,0,0,0.43785974031146474,0,0
48181,2,21,0,0,0.3873340562613266,0,1
48189,3,9,0,0,0.43685304252441853,0,0
48191,4,6,0,0,0.4715002881629357,0,0
48197,3,2,1,0,0.45842606072368586,0,1
48207,4,11,1,0,0.4912533837326167,0,1
48231,3,17,0,0,0.4184367311021079,0,1
48233,3,7,1,0,0.41288684245315493,0,0
48239,2,10,1,0,0.4155306931327431,0,0
48253,4,10,0,0,0.3775779363450322,0,0
48255,3,8,1,0,0.44431922150106834,0,0
48277,3,13,1,0,0.4160978472845761,0,1
48279,4,13,0,0,0.4776193230180251,0,0
48289,3,8,1,0,0.42227710081709885,0,0
48291,3,14,1,0,0.39553527631971097,0,0
48327,3,4,0,0,0.3866239517376542,0,0
48333,2,8,0,0,0.42081162857728477,0,0
48335,2,3,1,0,0.3688061674990209,0,1
48347,1,10,1,0,0.42187167869295006,0,1
48355,3,26,0,0,0.41796728000956995,0,0
48373,3,9,1,0,0.38814903286478947,0,1
48395,3,9,1,0,0.4038546632337584,0,0
48401,3,16,1,0,0.3625025249722448,0,1
48403,4,6,0,0,0.3899724905838527,0,0
48439,1,74,0,0,0.34820177986755246,0,0
48443,3,2,0,0,0.42016727182612074,0,0
48465,4,5,1,0,0.4951058787757594,0,0
48485,3,11,0,0,0.4121249742251597,0,1
48487,4,6,1,0,0.48899587242876086,0,0
48495,3,2,1,0,0.47749862608518784,0,1
48501,2,4,1,0,0.4046497978647458,0,1
48507,4,4,1,0,0.5692647384229302,1,0
49009,1,2,0,0,0.2630703303796932,0,0
49019,1,2,1,0,0.30249345532092825,0,1
49023,2,6,0,0,0.33493090216112886,0,0
49027,3,11,0,0,0.3374876034798782,0,0
49047,3,10,0,0,0.3767925949704444,0,0
50001,1,20,1,0,0.15776195699161796,0,0
50009,3,10,0,0,0.2342367863914641,0,0
50011,1,17,0,0,0.1945476924014588,0,0
50017,2,31,1,0,0.17822312164899567,0,0
50019,2,24,1,0,0.2031970737233261,0,0
50023,1,26,1,0,0.15590256144205297,0,1
51001,3,33,0,0,0.35716021448097174,0,0
51005,3,7,1,0,0.3026765108336934,0,0
51036,2,4,1,0,0.3398127354420899,0,1
51051,4,12,1,0,0.340730819352036,0,0
51063,2,11,1,0,0.24445449788896317,0,0
51065,1,10,0,0,0.20544303759501314,0,0
51079,2,5,1,0,0.22813421516501328,0,0
51099,1,3,0,0,0.18765580458560932,0,0
51133,2,7,1,0,0.30981208658764053,0,0
51137,1,12,0,0,0.24017065488881806,0,0
51139,3,6,1,0,0.29604014246602056,0,0
51145,1,5,1,0,0.2437482065663826,0,0
51153,1,19,1,0,0.16810580763650354,0,0
51173,3,10,0,0,0.319584335540608,0,0
51175,3,12,1,0,0.34254578103848293,0,0
51177,1,13,1,0,0.18603187563171486,0,0
51600,1,3,0,0,0.12758620195088594,0,0
51630,3,3,1,0,0.23491156836847057,0,0
51660,1,3,1,0,0.0016467647298926446,0,1
51670,4,1,0,0,0.36299701312564314,0,0
51683,1,1,1,0,0.19799702424228877,0,0
51750,1,2,1,0,0.9334553224792035,1,0
51770,3,10,1,0,0.3275595273502565,0,0
51800,1,8,1,0,0.2770328982682121,0,0
51840,3,1,1,0,0.2596684168951256,0,0
53015,3,11,1,0,0.3002030892137951,0,0
53017,2,13,1,0,0.3668404118014163,0,0
53025,3,18,1,0,0.45018042963741073,0,0
53029,1,8,1,0,0.27436573206146997,0,1
53039,3,15,0,0,0.3454732232039954,0,0
53061,1,30,0,0,0.22902125103310927,0,0
53063,1,45,0,0,0.31314561924020806,0,0
53069,1,6,0,0,0.2962060676817962,0,0
53075,4,20,0,0,0.3676624976195448,0,0
54001,4,12,0,0,0.37155358445602804,0,0
54013,4,16,0,0,0.4008790635240124,0,0
54017,3,10,0,0,0.3502109476260888,0,0
54025,4,21,0,0,0.4187450710157284,0,0
54035,3,15,1,0,0.3557402850848281,0,0
54047,4,36,0,0,0.34557415641913725,0,0
54053,3,19,1,0,0.38215808417936425,0,0
54055,4,19,0,0,0.38009356879525497,0,0
54071,3,9,0,0,0.36796234692008084,0,0
54081,4,42,1,0,0.3393847388368561,0,0
54085,4,14,0,0,0.38148159730746817,0,0
54097,4,10,1,0,0.3564209868360364,0,0
54107,3,13,1,0,0.3659248121406102,0,0
55001,2,14,1,0,0.25926375270888274,0,0
55019,3,21,0,0,0.2580463799094059,0,0
55027,1,31,1,0,0.2416624882307236,0,0
55037,2,4,0,0,0.20344445785261148,0,0
55041,3,11,0,0,0.26896418641848224,0,0
55043,3,23,1,0,0.23837147666414435,0,1
55053,2,14,0,0,0.23888190109239427,0,0
55075,3,16,1,0,0.23362566596722503,0,0
55077,2,14,1,0,0.25054173717545525,0,0
55078,4,4,1,0,0.38295456460543625,0,1
55099,2,14,1,0,0.21218974477144328,0,0
55111,1,17,1,0,0.20150551336300015,0,1
55115,2,25,1,0,0.2364905543196525,0,1
55119,2,14,1,0,0.23857536684221725,0,0
55135,1,16,1,0,0.21859437445835217,0,1
55137,2,17,1,0,0.24372386147882788,0,0
55141,2,15,1,0,0.18519222243155228,0,1
56009,1,4,1,0,0.320055106296328,0,0
56011,1,10,0,0,0.28886763809981947,0,0
56019,2,4,0,0,0.2777968338263661,0,0
56035,1,6,1,0,0.25816536397620066,0,1
56037,1,12,0,0,0.330312254699062,0,0
01003,2,23,1,1,0.2674414879381432,0,0
01007,3,11,0,1,0.35053879822431355,0,0
01017,4,10,1,1,0.3438536718995579,0,1
01027,4,10,0,1,0.38737306600213584,0,0
01029,3,7,0,1,0.32135461131998455,0,0
01033,3,9,1,1,0.32286441540686595,0,0
01045,3,14,1,1,0.3120164677811028,0,1
01063,4,8,1,1,0.42922638892820236,0,1
01067,3,9,1,1,0.36224515352218084,0,0
01071,4,22,1,1,0.3700403952439454,0,1
01075,4,9,1,1,0.3541929446406869,0,0
01081,1,14,0,1,0.26812894687676553,0,1
01085,4,8,1,1,0.4251965172054208,0,0
01105,4,9,1,1,0.40235192079610244,0,1
01115,2,18,1,1,0.307012582529061,0,1
01117,1,22,0,1,0.20023187425167718,0,0
04001,4,33,0,1,0.47563150756253364,0,1
04005,1,28,0,1,0.2553741008119188,0,1
05001,4,13,1,1,0.4060643375728016,0,0
05019,1,8,1,1,0.46996816050813933,0,0
05023,3,17,1,1,0.3090378948190201,0,0
05041,4,12,1,1,0.47826935967933487,0,0
05053,2,14,1,1,0.28722190977023404,0,0
05063,4,20,1,1,0.3372318685958124,0,1
05065,1,20,0,1,0.23300675464744983,0,0
05071,4,12,1,1,0.3809292872987006,0,0
05077,3,11,1,1,0.480841584155121,0,1
05079,4,8,1,1,0.39609896849938514,0,0
05081,4,7,1,1,0.400890178616164,0,0
05091,4,6,1,1,0.38874484187596126,0,0
05093,4,15,1,1,0.48694116060091475,0,0
05099,4,10,1,1,0.3696267494816566,0,1
05107,4,12,1,1,0.4649574958260853,0,0
05113,4,7,1,1,0.3779574973778015,0,0
05119,1,31,0,1,0.2795911760425474,0,0
05125,1,14,1,1,0.2544376190811648,0,0
05139,4,10,1,1,0.3225595837816797,0,1
05143,3,20,0,1,0.2690124789327054,0,0
06001,1,53,0,1,0.22226012729214567,0,0
06027,2,11,1,1,0.3985313744396832,0,0
06039,4,18,0,1,0.430244406300894,0,0
06065,2,75,0,1,0.3343617482656811,0,1
06075,1,29,0,1,0.19406010096287388,0,0
06091,2,10,0,1,0.35513762551258116,0,0
06095,1,21,0,1,0.2839614618444054,0,0
06097,1,37,1,1,0.2348201239532508,0,0
06101,3,13,1,1,0.3672403786287102,0,0
06105,4,14,0,1,0.3668701044841278,0,0
08014,1,6,1,1,0.2095342524446159,0,1
08025,4,6,0,1,0.430444497743083,0,0
08033,1,5,0,1,0.2694794009063457,0,0
08045,1,8,1,1,0.261844101581002,0,1
08047,1,4,0,1,0.20373462349814378,0,0
08049,1,10,0,1,0.27866274405283636,0,0
08073,2,9,0,1,0.4079972320217052,0,0
08075,3,9,0,1,0.3726874265963631,0,0
08087,2,10,1,1,0.39992813403224076,0,0
08115,4,5,0,1,0.42389399626028446,0,0
08119,1,7,0,1,0.2223680584319028,0,0
08121,2,12,1,1,0.39408411525993087,0,1
09005,1,40,1,1,0.14647484426161891,0,0
09015,1,31,1,1,0.20570654625160067,0,0
10003,1,28,0,1,0.20534441012350113,0,0
12009,2,28,0,1,0.23272252101804508,0,0
12037,4,8,0,1,0.3050352131492659,0,0
12041,4,5,1,1,0.2933908379333163,0,0
12055,3,9,1,1,0.29071715347984695,0,0
12057,2,56,0,1,0.20039734773834872,0,0
12059,4,4,1,1,0.31800804576158737,0,0
12079,4,5,1,1,0.3763971821780349,0,0
12095,3,46,0,1,0.19763020211963808,0,0
12107,4,17,1,1,0.2947547210103715,0,0
12113,1,9,1,1,0.19306383054001602,0,0
12117,2,17,1,1,0.1735540588830289,0,0
12121,3,9,1,1,0.3037087894370635,0,1
13015,2,14,1,1,0.2278270471251897,0,1
13019,4,6,1,1,0.38606481658031777,0,0
13025,4,6,1,1,0.37835600197918123,0,0
13081,4,5,0,1,0.4466680427148376,0,0
13087,4,8,1,1,0.37784315719302436,0,0
13091,4,8,0,1,0.3679155732984002,0,0
13099,4,7,0,1,0.4700330350745205,0,0
13107,4,13,1,1,0.38770471812571783,0,0
13111,3,8,1,1,0.2338585992456687,0,0
13117,1,10,0,1,0.13746791596630928,0,0
13123,3,5,0,1,0.2559754730236325,0,0
13125,4,5,0,1,0.3622450409544688,0,0
13149,3,6,1,1,0.28523628082500285,0,0
13157,2,16,1,1,0.22365165212675742,0,0
13205,4,7,0,1,0.4515151680779976,0,0
13221,3,10,0,1,0.3029923633877549,0,0
13223,1,11,1,1,0.20444379750509012,0,0
13225,4,3,1,1,0.3540563155069582,0,0
13259,4,6,0,1,0.4063069426972743,0,0
13273,4,7,1,1,0.4684143782697256,0,1
13293,4,7,1,1,0.3176857803943726,0,0
13297,2,11,1,1,0.23666091526912142,0,1
13299,4,7,1,1,0.37745679469137766,0,1
16009,3,9,0,1,0.30430750984598365,0,0
16017,2,18,1,1,0.3298124724336955,0,0
16027,3,13,0,1,0.3725697929780878,0,0
16035,3,7,1,1,0.30931618972262903,0,1
16041,1,7,1,1,0.35782966819538786,0,0
16047,3,6,1,1,0.44986564102118143,0,0
16049,3,16,0,1,0.3094666808627544,0,0
16051,1,10,0,1,0.3056832800212429,0,0
16057,1,14,0,1,0.25839254660884614,0,0
16071,2,4,0,1,0.3821498430231338,0,0
16081,1,5,1,1,0.2894938186958814,0,1
17025,3,13,1,1,0.3218090098552475,0,0
17039,2,13,1,1,0.3112879297263077,0,0
17045,2,15,1,1,0.30125901441972375,0,0
17051,3,20,0,1,0.3541031584319371,0,0
17057,3,24,1,1,0.32132066228798484,0,1
17087,2,10,1,1,0.33325812144853884,0,0
17093,1,19,1,1,0.23716382676342784,0,0
17105,3,29,1,1,0.35674725173309274,0,0
17107,1,20,1,1,0.2816334793484315,0,0
17115,3,27,1,1,0.3172716429890988,0,0
17117,2,28,1,1,0.27883749050572104,0,0
17123,2,19,1,1,0.307695048586661,0,0
17125,3,11,1,1,0.3460780481345728,0,0
17133,1,9,1,1,0.19120870051636804,0,1
17153,4,10,0,1,0.4135778300202051,0,0
17161,2,20,1,1,0.2765963045306347,0,0
17193,3,11,1,1,0.34012531174114785,0,0
18005,2,14,1,1,0.2937399090063279,0,1
18013,1,9,1,1,0.2815186706377731,0,0
18017,3,12,1,1,0.37815700636853844,0,1
18033,1,14,0,1,0.293516187496337,0,0
18049,2,16,0,1,0.33050490667973653,0,0
18055,2,16,1,1,0.3280684073721153,0,1
18059,1,15,1,1,0.295244877396973,0,1
18071,3,8,1,1,0.34666847599057293,0,0
18077,2,11,0,1,0.3066971461422728,0,0
18095,3,18,1,1,0.4055336814849226,0,0
18103,3,13,0,1,0.3676924168334999,0,0
18105,1,18,1,1,0.28237351700744706,0,0
18117,3,11,1,1,0.3443448673238906,0,0
18123,2,14,1,1,0.26996452181076874,0,0
18135,3,14,0,1,0.42773875689550755,0,0
18143,3,6,1,1,0.32831555273443025,0,0
18147,1,16,1,1,0.339718155477256,0,0
18149,3,11,1,1,0.3956290405490986,0,0
18151,1,9,0,1,0.29769680942450927,0,0
18155,3,9,0,1,0.36123555069135105,0,0
18165,2,8,0,1,0.34065433238848947,0,0
18173,1,12,1,1,0.218942813930037,0,1
18181,2,18,0,1,0.3422947405839857,0,0
19005,2,10,0,1,0.25308637349587787,0,0
19009,2,11,1,1,0.35565714974384016,0,1
19019,1,16,0,1,0.25799310814304416,0,0
19033,2,17,0,1,0.2562643266599363,0,0
19037,1,9,1,1,0.3041966334136596,0,0
19049,1,25,1,1,0.22613843830161193,0,0
19051,2,10,0,1,0.31006829949089515,0,0
19059,1,10,0,1,0.2737608564816107,0,0
19065,2,24,0,1,0.31210807300141374,0,0
19081,2,13,0,1,0.2963334310986152,0,0
19083,2,12,0,1,0.30802998394637454,0,0
19095,1,21,1,1,0.2740539257155117,0,0
19107,2,19,0,1,0.31492958508597246,0,0
19115,2,13,0,1,0.3243092006805924,0,0
19123,2,20,1,1,0.29795968030857356,0,0
19129,1,11,1,1,0.2731371348120644,0,0
19133,2,15,1,1,0.3623239801896546,0,1
19159,2,12,0,1,0.3192981867521222,0,0
19195,1,10,0,1,0.2914645712336738,0,0
20005,2,10,1,1,0.37271799405331785,0,0
20051,3,11,1,1,0.2984194518586394,0,0
20053,2,9,0,1,0.34712797808261353,0,0
20059,2,13,1,1,0.3562573396149716,0,0
20075,2,4,0,1,0.4536766256195864,0,0
20077,3,10,0,1,0.4295769084373462,0,0
20081,3,3,0,1,0.49768500706131846,0,0
20085,2,18,1,1,0.36593431273821314,0,0
20087,2,15,1,1,0.2979734089030722,0,0
20095,1,12,1,1,0.3338491198407221,0,1
20113,1,12,1,1,0.31467919119980226,0,0
20123,2,7,0,1,0.34223340629785776,0,0
20129,2,5,1,1,0.4360651759547063,0,1
20131,1,15,0,1,0.32634182671302325,0,0
20149,2,12,1,1,0.3277005803296995,0,0
20181,2,4,0,1,0.42605548996279574,0,0
20185,3,9,0,1,0.3788189301409801,0,0
20193,3,8,0,1,0.4185612697341733,0,0
20205,4,10,1,1,0.40609924730982117,0,1
21003,4,6,1,1,0.4220127286605326,0,0
21005,2,5,0,1,0.27032728519879723,0,0
21025,4,10,0,1,0.36207687937091093,0,0
21053,4,4,0,1,0.3980262825281516,0,0
21073,2,5,1,1,0.26692949361148405,0,1
21081,3,8,1,1,0.3518873396279539,0,0
21083,4,18,1,1,0.44682349549920636,0,0
21099,4,10,1,1,0.4153191388147506,0,0
21123,3,9,0,1,0.3909839037432883,0,0
21131,1,22,0,1,0.19067771693590074,0,0
21135,4,9,0,1,0.3880590211870634,0,0
21139,3,7,0,1,0.42298164770796104,0,0
21157,2,8,0,1,0.33188809794157853,0,0
21163,2,12,1,1,0.3189001967628958,0,0
21181,4,6,0,1,0.44048024794286256,0,0
21195,4,39,1,1,0.3200162094079106,0,0
21199,4,11,1,1,0.35548610303308287,0,0
21205,4,4,1,1,0.2541630802403879,0,0
21213,2,5,0,1,0.40263431663960375,0,0
21219,3,9,0,1,0.43551313971864447,0,0
21223,3,5,0,1,0.3779474668283397,0,0
21229,3,7,0,1,0.3889734447747933,0,0
21239,2,3,1,1,0.29980828028253004,0,0
22011,3,9,1,1,0.3292753136245924,0,1
22017,4,25,0,1,0.3513440134112764,0,1
22021,4,4,1,1,0.4060308097768619,0,1
22025,4,9,0,1,0.4259373109897575,0,0
22033,1,24,0,1,0.2815126051809638,0,0
22045,4,10,1,1,0.3912178556107019,0,0
22047,3,8,1,1,0.34666493191313685,0,1
22057,3,14,1,1,0.3384659855112884,0,0
22065,4,4,1,1,0.46079789075672906,0,0
22071,4,17,0,1,0.30958032725543166,0,0
22085,4,12,0,1,0.373116941435169,0,0
22089,1,10,1,1,0.26316341444820884,0,1
22093,3,7,1,1,0.32868586176885184,0,0
22105,1,20,1,1,0.3002817571154272,0,0
23001,2,14,1,1,0.2191004074864995,0,0
23007,1,18,1,1,0.1697361071777355,0,1
23009,2,40,1,1,0.19542717592541398,0,1
23029,4,31,0,1,0.32870602765606594,0,0
24003,1,40,0,1,0.1936397571393101,0,0
24011,3,10,1,1,0.3657302491001082,0,1
24017,1,24,1,1,0.21515668422590672,0,0
24025,1,24,0,1,0.1986734528938593,0,0
24031,1,50,0,1,0.13076616216980147,0,0
24039,1,11,1,1,0.42018624078043654,0,0
25005,2,36,1,1,0.19833506314081836,0,0
25015,1,28,1,1,0.17261876373796067,0,0
25021,1,41,0,1,0.1360982697133504,0,0
25023,1,34,1,1,0.16416370585673626,0,0
26031,3,15,0,1,0.2673595881660364,0,0
26033,3,17,0,1,0.3194560479458963,0,0
26035,4,8,0,1,0.35270718313952953,0,0
26037,2,17,0,1,0.26125581860961444,0,0
26043,2,11,0,1,0.21708421550159906,0,0
26047,2,11,0,1,0.20895444065788757,0,0
26057,3,20,0,1,0.31255053297071095,0,0
26067,2,21,1,1,0.3052284129395825,0,0
26069,3,12,0,1,0.3031325748341051,0,0
26077,2,25,1,1,0.24428667586626748,0,0
26085,4,11,0,1,0.35039558461385784,0,0
26089,1,11,0,1,0.20573924524461995,0,0
26105,3,10,0,1,0.2880370303299437,0,0
26113,3,9,0,1,0.32843258777174955,0,0
26121,3,20,1,1,0.30794498972961715,0,0
26129,4,9,0,1,0.33924587539675516,0,0
26131,3,12,0,1,0.3008848029878952,0,0
26141,2,7,1,1,0.2850429154257453,0,0
26147,2,23,1,1,0.26775684224405427,0,0
27005,2,16,1,1,0.31915075462034304,0,1
27023,2,10,0,1,0.3191069156616375,0,0
27033,2,13,0,1,0.3289497529878917,0,0
27047,2,18,1,1,0.29706082122966826,0,1
27063,2,14,0,1,0.29825488558055036,0,0
27069,1,11,0,1,0.29871935499396013,0,0
27075,1,8,0,1,0.2077553230458239,0,0
27085,1,12,0,1,0.268044284105872,0,0
27111,1,34,1,1,0.28549468791094734,0,0
27119,2,25,1,1,0.34345743728210915,0,1
27121,1,12,0,1,0.2629140369491599,0,0
27135,1,11,1,1,0.2902467828841342,0,0
27137,1,51,0,1,0.23083720553185788,0,0
27139,1,10,1,1,0.18480066619139096,0,0
27141,1,9,1,1,0.21267176103032645,0,1
27159,3,7,0,1,0.32550402585831856,0,0
27163,1,19,1,1,0.17030080343191398,0,0
28001,4,2,1,1,0.3448173768705002,0,1
28009,3,11,0,1,0.3400294741255506,0,0
28013,4,11,1,1,0.30040723068302716,0,0
28015,4,13,1,1,0.35778430641883724,0,1
28059,3,10,0,1,0.2378018194705759,0,1
28075,1,12,1,1,0.27656906586792157,0,0
28095,4,12,1,1,0.29162209426259766,0,0
28107,4,11,1,1,0.34824380094932667,0,1
28111,4,8,0,1,0.2785283500628683,0,0
28147,4,6,1,1,0.3480204564490778,0,0
29011,4,8,1,1,0.44870985779207817,0,0
29047,1,23,0,1,0.2790868682422705,0,0
29051,1,9,1,1,0.2382582806225648,0,0
29053,2,14,0,1,0.31134960959996844,0,0
29061,3,16,0,1,0.40595104631351564,0,0
29067,4,16,1,1,0.4144583843096479,0,0
29097,3,19,0,1,0.37276656173577316,0,0
29105,4,12,1,1,0.33427433726644296,0,1
29117,3,12,1,1,0.37523503736820457,0,0
29129,2,7,0,1,0.37354468991146106,0,0
29145,3,15,1,1,0.3499752644914882,0,0
29151,1,15,0,1,0.247448883074556,0,0
29155,4,13,0,1,0.5051289087814125,1,0
29161,4,11,1,1,0.2778851335435666,0,1
29163,1,12,1,1,0.2964519351615199,0,0
29165,1,18,1,1,0.23349121355000366,0,0
29173,3,9,0,1,0.3388272037829122,0,0
29186,2,8,1,1,0.29593605541241946,0,0
29187,3,15,1,1,0.32865630351886665,0,1
29197,3,6,1,1,0.43990025666491395,0,1
29201,4,14,1,1,0.41968395597093394,0,1
29211,3,13,1,1,0.41044581887071163,0,1
29215,4,21,1,1,0.41810489691516367,0,0
30003,4,18,1,1,0.5303193101499162,1,0
30007,2,6,0,1,0.3093632243094965,0,0
30015,2,13,1,1,0.36749368517524406,0,1
30025,1,4,0,1,0.33486582956899585,0,0
30027,3,11,0,1,0.3401288920862065,0,0
30035,4,5,1,1,0.5785914101060771,1,0
30045,2,12,0,1,0.2520688763550677,0,0
30051,4,5,0,1,0.5101892831374091,1,0
30059,3,4,0,1,0.34444603753675923,0,0
30061,4,5,1,1,0.36054926762206363,0,1
30069,2,4,0,1,0.37176285291969746,0,0
30071,3,8,0,1,0.4618039558277427,0,0
30077,2,8,0,1,0.3233004346468779,0,0
30079,3,7,0,1,0.4098214415293461,0,0
30081,2,9,1,1,0.29138012536270336,0,1
30085,4,10,0,1,0.5583846861391499,1,0
30087,3,8,1,1,0.4318682429319654,0,1
31015,2,5,0,1,0.3165219518069191,0,0
31021,2,8,0,1,0.3497507020917419,0,0
31051,1,12,0,1,0.293327294767189,0,0
31081,1,14,0,1,0.2894990476794949,0,0
31089,1,14,0,1,0.32209657561052024,0,0
31095,3,12,1,1,0.36736607432923396,0,1
31097,2,12,0,1,0.32129068238097175,0,0
31107,2,11,0,1,0.32949914149694065,0,0
31111,2,14,1,1,0.3061801728680704,0,0
31113,2,3,0,1,0.34773644414223553,0,0
31123,2,7,0,1,0.3993806620942754,0,0
31143,1,10,0,1,0.27718128923536206,0,0
31149,1,4,0,1,0.334876478118779,0,0
31155,1,18,1,1,0.280472409851336,0,0
31171,1,4,0,1,0.3326664118755906,0,0
31177,1,15,1,1,0.24509938868591283,0,0
31183,2,6,0,1,0.3568308279772981,0,0
32005,1,9,1,1,0.29907763035157603,0,0
32007,1,14,1,1,0.4438640398064536,0,1
32019,3,9,1,1,0.4804049574669954,0,0
32027,2,3,0,1,0.4668074122586592,0,0
33013,1,31,1,1,0.15428071662792314,0,0
33015,1,37,1,1,0.1392166825045982,0,0
34027,1,56,1,1,0.13227051649863347,0,0
34031,2,33,1,1,0.2134543986732148,0,0
34041,1,19,1,1,0.1894938292149904,0,0
35011,4,1,0,1,0.47217617866939665,0,0
35021,3,6,0,1,0.4142568522018766,0,0
35028,1,1,0,1,0.16416383880104418,0,0
35031,4,24,0,1,0.5466883736289299,1,1
35033,3,13,0,1,0.3577538628197248,0,0
35047,4,19,0,1,0.42881149371693245,0,0
35053,4,14,1,1,0.42829127559301994,0,0
35059,3,8,0,1,0.42424477770853924,0,0
36001,2,46,1,1,0.19534636650566323,0,0
36017,3,26,0,1,0.2634565699041698,0,0
36023,3,17,1,1,0.2519148199782117,0,0
36037,2,18,1,1,0.26944967139738063,0,1
36043,3,28,1,1,0.23193225414000948,0,1
36049,3,23,0,1,0.28180062615392176,0,0
36059,1,69,0,1,0.16407165867887114,0,0
36067,2,55,0,1,0.23697603155517055,0,0
36071,1,51,1,1,0.1858088347610819,0,0
36077,3,43,1,1,0.1997149576377707,0,0
36087,2,25,0,1,0.16101282846971968,0,0
36091,1,27,1,1,0.16049889848873072,0,0
36099,2,14,1,1,0.29798143402219146,0,1
36117,2,20,1,1,0.25069828620708245,0,0
37011,3,10,0,1,0.23347420657323303,0,0
37019,2,14,1,1,0.19217155845703898,0,0
37039,3,4,1,1,0.2769225720857154,0,0
37047,4,16,1,1,0.3546253473975115,0,0
37049,2,11,1,1,0.23555420924677084,0,0
37077,3,12,1,1,0.24040041892278197,0,0
37093,3,9,1,1,0.29107582547632443,0,1
37099,4,11,0,1,0.22673882122208097,0,0
37101,2,21,1,1,0.2499406880363603,0,0
37111,3,9,1,1,0.22111494124104836,0,0
37121,3,4,0,1,0.23635734601426248,0,0
37125,2,18,1,1,0.19985756331694432,0,0
37147,4,17,1,1,0.26427675309343385,0,0
37155,4,13,0,1,0.3804531219842255,0,0
37163,4,17,1,1,0.36005933940874457,0,1
37167,2,12,0,1,0.23945715282618615,0,0
37173,4,5,0,1,0.3365016195277637,0,0
37177,4,3,0,1,0.38794654444367066,0,0
37189,4,10,1,1,0.19243351916882662,0,1
37191,1,14,1,1,0.3093427145182767,0,0
38017,1,29,0,1,0.2233257913870206,0,0
38019,1,16,0,1,0.3276563619093119,0,0
38025,1,12,0,1,0.3019430571376729,0,0
38045,2,12,0,1,0.3453208720072111,0,0
38053,1,12,0,1,0.32402742937282747,0,0
38055,1,18,0,1,0.40040758131441767,0,0
38093,1,21,0,1,0.3353325153,0,0
38101,1,24,1,1,0.2791372103514652,0,0
38103,1,12,0,1,0.3455245941078055,0,0
38105,1,10,0,1,0.2595922626674555,0,0
39017,2,17,1,1,0.31201372860822313,0,0
39027,3,13,0,1,0.38686638813511953,0,0
39039,1,14,0,1,0.34458594407067383,0,0
39041,1,24,1,1,0.2001133266072513,0,0
39071,4,15,1,1,0.4046962530640846,0,1
39077,2,14,1,1,0.3618633716630064,0,1
39079,4,11,1,1,0.3571504001796932,0,0
39083,2,16,0,1,0.33438548091593906,0,0
39089,2,28,1,1,0.2819733189399053,0,0
39101,3,14,1,1,0.3951995665518556,0,0
39105,4,15,0,1,0.3376799808062471,0,0
39109,1,18,0,1,0.32921721489374506,0,0
39125,1,15,1,1,0.3764360491960697,0,0
39133,1,24,1,1,0.2775480275125063,0,0
39147,2,20,1,1,0.35755033256223295,0,0
39161,2,14,0,1,0.4020621483851276,0,0
39169,2,25,1,1,0.3020311105270699,0,0
39173,2,32,1,1,0.32176156944845813,0,0
40007,3,7,0,1,0.49806965221967553,0,0
40013,4,14,1,1,0.4642398174752362,0,1
40015,4,16,1,1,0.5275118317853332,1,0
40017,1,13,1,1,0.34934719233731976,0,0
40023,4,12,1,1,0.5113220908935744,1,0
40031,3,19,0,1,0.4607405366428139,0,1
40035,4,10,1,1,0.5208894652150962,1,0
40045,3,7,1,1,0.42277187714598674,0,1
40047,1,22,1,1,0.4077890081113016,0,1
40063,4,10,1,1,0.48835949105061877,0,0
40113,3,22,1,1,0.43729219856475343,0,1
40119,1,14,1,1,0.39597795595987656,0,0
40133,4,10,1,1,0.4752108242260486,0,0
40141,4,8,1,1,0.5325787656423456,1,1
40147,1,12,1,1,0.3726817764049607,0,1
41011,3,10,1,1,0.3334832235173594,0,0
41013,2,6,1,1,0.36841496749153985,0,0
41023,3,11,1,1,0.423250051336811,0,1
41025,2,10,0,1,0.4387905941340324,0,0
41041,3,18,1,1,0.3058184561363597,0,1
41067,1,30,1,1,0.20964563924443658,0,0
42013,3,19,1,1,0.23758638711734503,0,0
42025,2,20,1,1,0.24563356512140802,0,0
42041,1,21,1,1,0.19655641954206593,0,0
42047,2,14,1,1,0.2095932303534927,0,1
42059,2,26,1,1,0.23173614744202475,0,0
42063,3,49,0,1,0.2641830731656544,0,0
42069,2,28,1,1,0.2003744923222313,0,0
42073,2,22,1,1,0.24468660555834945,0,1
42093,2,9,0,1,0.2620426264246017,0,0
42095,1,26,1,1,0.22618659016628867,0,0
42113,3,13,0,1,0.2788828468029729,0,0
42117,3,25,0,1,0.27379145207594086,0,0
42123,2,19,1,1,0.24344977408271382,0,0
42125,1,64,1,1,0.19668881455231532,0,0
42127,2,30,1,1,0.21661380503755792,0,1
42133,1,45,0,1,0.27018047656024147,0,0
45003,3,23,0,1,0.31742001910765255,0,0
45019,1,30,0,1,0.2510073720767699,0,0
45025,4,11,1,1,0.34114728193538285,0,0
45029,4,14,1,1,0.37097255145782826,0,1
45053,4,9,0,1,0.3783833224697489,0,0
45063,2,18,0,1,0.28002590982200065,0,0
46005,3,11,0,1,0.3115397253053317,0,0
46007,4,7,0,1,0.5252226766089527,1,0
46019,3,8,0,1,0.38380486835807515,0,0
46021,1,7,0,1,0.3214727501914468,0,0
46029,2,10,1,1,0.256843987771338,0,0
46037,2,11,1,1,0.3764423331328974,0,1
46041,3,9,0,1,0.4389204655314861,0,0
46047,3,7,0,1,0.37465295607113064,0,0
46055,3,5,0,1,0.382617604276201,0,0
46063,1,10,0,1,0.335038312323286,0,0
46073,1,4,0,1,0.3058318481204525,0,0
46083,1,12,1,1,0.21052915071842007,0,1
46089,2,8,0,1,0.3726663784033696,0,0
46097,1,9,0,1,0.3047092961753553,0,0
46105,2,9,0,1,0.3753821682308328,0,0
46111,1,8,0,1,0.30546604286319606,0,0
46119,1,6,0,1,0.2836151692168182,0,0
46129,1,7,1,1,0.31058926074861787,0,1
47001,3,11,1,1,0.27117297695939174,0,1
47005,4,7,1,1,0.37966192763918155,0,0
47011,3,8,1,1,0.3077317733338967,0,0
47013,4,11,1,1,0.3374225803513714,0,0
47015,2,9,0,1,0.34961077192076656,0,0
47017,4,14,1,1,0.38944520144690625,0,0
47027,4,7,1,1,0.4063768876469674,0,1
47037,2,35,0,1,0.2624620130585948,0,0
47067,4,5,1,1,0.3977316433973054,0,1
47071,4,13,1,1,0.35428691773744664,0,0
47079,4,9,1,1,0.41983122524772787,0,1
47089,3,10,1,1,0.32833892498065753,0,1
47097,4,4,1,1,0.4709304533066493,0,0
47117,3,12,1,1,0.31346033218947644,0,1
47133,3,11,0,1,0.3492694771178958,0,0
47137,4,6,0,1,0.33887769017786146,0,0
47153,2,8,0,1,0.24229284107984186,0,0
47157,1,38,0,1,0.3162766014516763,0,1
47167,2,10,1,1,0.38508290932021605,0,0
47169,2,5,0,1,0.3326450596440986,0,0
47185,4,5,1,1,0.3593787251046823,0,0
47187,1,16,1,1,0.17767257806599102,0,0
48009,2,10,1,1,0.36647381368859566,0,1
48021,2,15,1,1,0.4026271816159258,0,0
48033,3,9,0,1,0.4454743445933259,0,0
48035,3,11,1,1,0.39177097812210254,0,0
48045,4,4,0,1,0.5168465563089638,1,0
48047,4,2,1,1,0.5774188248491687,1,1
48059,2,9,0,1,0.3627600567893733,0,0
48081,3,4,1,1,0.39349436973543434,0,1
48095,3,6,0,1,0.24456377996526027,0,0
48103,2,2,0,1,0.4288137890913217,0,0
48113,3,93,0,1,0.3133474770809378,0,1
48117,4,6,1,1,0.5004895560329169,1,0
48121,1,37,0,1,0.24671646519629478,0,0
48137,4,4,0,1,0.47765151367919045,0,0
48141,1,30,0,1,0.35412734987489064,0,1
48147,2,19,1,1,0.408272419627908,0,1
48153,3,6,0,1,0.48695481343490526,0,0
48163,4,5,0,1,0.4898861421881302,0,0
48165,3,5,0,1,0.4477999047621129,0,0
48167,2,18,0,1,0.3105547539959882,0,0
48169,4,4,1,1,0.48682131297472286,0,1
48187,2,14,0,1,0.33838515190604623,0,0
48201,3,141,0,1,0.3030169747156314,0,0
48203,3,12,1,1,0.32939639519339753,0,0
48213,3,15,0,1,0.35984873480444113,0,1
48217,2,19,1,1,0.41006460675125905,0,1
48243,2,2,0,1,0.39244950806946977,0,0
48247,4,1,1,1,0.5536587080498515,1,1
48251,2,16,1,1,0.3331349806570109,0,0
48271,4,1,0,1,0.48606700089238114,0,0
48275,4,6,1,1,0.46892659573658274,0,1
48285,2,7,1,1,0.42244639329487293,0,0
48311,3,7,0,1,0.4350777250676834,0,0
48315,4,7,1,1,0.36873378210429436,0,1
48321,1,12,1,1,0.42990014376738944,0,0
48329,1,9,1,1,0.29378785786030076,0,0
48349,4,17,1,1,0.4292940661824415,0,1
48359,1,6,0,1,0.42824911185197395,0,0
48363,4,12,1,1,0.4034564239937904,0,0
48367,1,18,1,1,0.3213619228592815,0,0
48369,3,5,0,1,0.46896193285682186,0,0
48379,2,6,0,1,0.36591450514535123,0,0
48393,4,5,0,1,0.4613814904999468,0,0
48397,1,9,1,1,0.24756797967358304,0,1
48399,3,11,1,1,0.43727174284232856,0,1
48409,3,9,1,1,0.42204788765881807,0,0
48419,4,7,1,1,0.3967722152260836,0,0
48473,2,11,1,1,0.39122443989794164,0,1
48475,3,6,1,1,0.4227519448490968,0,1
48499,3,12,1,1,0.3161304099344237,0,0
48503,2,6,1,1,0.4185415719421314,0,0
49003,2,20,1,1,0.3494644838101129,0,1
49011,1,13,1,1,0.26123545649309093,0,0
49017,3,11,0,1,0.32520597243766036,0,0
49025,2,7,0,1,0.34909161484695467,0,0
49029,1,2,0,1,0.2787628404483924,0,0
49045,1,8,0,1,0.36944991367392693,0,0
49051,1,6,0,1,0.25371670521251527,0,0
50003,2,21,0,1,0.18511616482969817,0,0
50027,1,34,0,1,0.16612782453091218,0,0
51031,3,14,1,1,0.25918758029493727,0,1
51043,1,7,0,1,0.2324590389876838,0,0
51073,1,6,1,1,0.24240366781966308,0,1
51077,4,9,0,1,0.32742914951692415,0,0
51111,4,12,1,1,0.3684865256808225,0,0
51125,2,17,0,1,0.28008772902404316,0,0
51141,3,14,1,1,0.2986121605331805,0,0
51143,4,20,1,1,0.34602351591335867,0,0
51147,1,12,1,1,0.6760146137253538,1,0
51149,3,7,1,1,0.3035479323189966,0,1
51163,3,12,0,1,0.2522279343065967,0,0
51187,1,7,1,1,0.22028858525900238,0,1
51510,1,8,1,1,0.15383731713193802,0,0
51540,3,4,0,1,0.17019216898806205,0,0
51550,1,6,1,1,0.20684280752502202,0,0
51620,3,1,0,1,0.3331833605501056,0,0
51640,4,1,0,1,0.3328173151123334,0,0
51685,1,1,0,1,0.17762102180174794,0,0
51720,4,1,0,1,0.31005282161946596,0,0
53001,4,11,0,1,0.4726362445614255,0,0
53007,2,14,1,1,0.2792340757554413,0,0
53009,2,9,0,1,0.24373745166116087,0,0
53035,1,20,1,1,0.21121724034493522,0,0
53047,4,22,1,1,0.4149628804349773,0,1
53049,3,13,0,1,0.3347230743948054,0,0
53053,1,59,0,1,0.27688873196683256,0,0
53057,1,17,1,1,0.23520260970470572,0,0
53071,2,8,1,1,0.33399347442616634,0,0
53077,4,22,1,1,0.41910526117055275,0,0
54015,4,16,0,1,0.3920903808060683,0,0
54021,4,16,0,1,0.341859062408241,0,0
54029,3,5,1,1,0.33823045458154705,0,1
54051,3,10,0,1,0.3112311100367552,0,0
54065,3,4,1,1,0.34575171363799384,0,0
54073,3,5,0,1,0.3485742420141391,0,0
54093,2,10,0,1,0.3253742223591121,0,0
54095,3,11,0,1,0.3684092069782666,0,0
54105,4,8,0,1,0.4068474690964096,0,0
55007,2,15,1,1,0.22339551208891642,0,0
55017,2,14,1,1,0.2223786265427563,0,0
55023,2,13,1,1,0.22795000715456468,0,0
55025,1,45,0,1,0.1956941571883454,0,0
55031,2,12,1,1,0.19310957616516738,0,1
55039,1,24,1,1,0.2518375340999191,0,0
55047,2,12,0,1,0.28156938528753517,0,0
55081,2,12,1,1,0.21779801495208784,0,0
55089,1,13,1,1,0.18061961926127587,0,1
55093,1,13,0,1,0.2048661978517815,0,0
55103,3,14,1,1,0.2602752714080899,0,0
55105,2,19,1,1,0.25056000147227864,0,0
55107,3,14,0,1,0.2415689697469829,0,0
55117,1,17,1,1,0.1898004321529738,0,0
55131,1,18,1,1,0.20003849683047017,0,0
55133,1,30,1,1,0.18711501754164805,0,0
56005,1,8,0,1,0.38089218443820644,0,0
56007,2,12,1,1,0.3876318917961916,0,0
56015,2,9,0,1,0.3767763501880899,0,0
56039,1,9,0,1,0.224590982101809,0,0
56043,2,2,0,1,0.36815636675977764,0,0
01015,3,14,1,2,0.31373743580688185,0,0
01043,3,19,1,2,0.32875838891493475,0,0
01055,3,14,1,2,0.33440798457221343,0,0
01059,4,10,1,2,0.3415938180207802,0,0
01069,4,14,1,2,0.36891973255626154,0,0
01079,3,10,1,2,0.3863546382251197,0,1
01091,4,15,1,2,0.39266820619275855,0,0
01095,4,18,1,2,0.3400759210028972,0,0
01107,4,8,1,2,0.3816052169084903,0,0
01113,3,12,1,2,0.351831181523838,0,0
01127,3,18,1,2,0.35941063349944335,0,0
01131,4,13,1,2,0.39777430039735656,0,0
04015,1,25,0,2,0.36924103574709527,0,1
04021,2,34,0,2,0.3871583530993223,0,1
05005,3,12,1,2,0.2781957197856463,0,0
05017,4,6,0,2,0.4722340610046376,0,0
05037,4,8,1,2,0.4579764909264584,0,0
05045,1,15,1,2,0.32739820476304693,0,0
05049,1,14,1,2,0.34406225170337973,0,0
05057,4,10,1,2,0.433085513106903,0,0
05059,4,12,1,2,0.33758900390525337,0,1
05095,4,9,1,2,0.4654561617090724,0,1
05115,4,13,1,2,0.3511009716377692,0,1
05117,3,11,1,2,0.39998604941489746,0,1
05121,4,11,1,2,0.4071683193461647,0,0
05141,4,12,1,2,0.3639148031452592,0,0
05147,4,9,1,2,0.46108718416816985,0,1
06007,4,18,1,2,0.3607943152181382,0,0
06011,3,9,1,2,0.4124944391676798,0,0
06013,1,49,0,2,0.2485212037014009,0,0
06029,1,52,0,2,0.45426125751914964,0,1
06067,2,57,0,2,0.3446515436325483,0,0
06081,1,30,0,2,0.2016722363638641,0,0
06083,2,24,1,2,0.28109038024357125,0,0
06089,3,30,0,2,0.3512776590644334,0,1
06093,3,23,1,2,0.3647250479544103,0,1
06099,3,28,0,2,0.4087264003898891,0,0
06107,4,41,0,2,0.48347127068889156,0,0
06113,3,19,1,2,0.33048978364925613,0,0
08001,2,35,1,2,0.2942329243373671,0,0
08003,4,5,0,2,0.32874191931765673,0,0
08009,4,8,1,2,0.3548475146318735,0,1
08021,4,8,0,2,0.23324054021736582,0,0
08023,4,7,0,2,0.35428595927509154,0,0
08027,2,4,0,2,0.2284405776913092,0,0
08029,4,8,0,2,0.27058919155787264,0,0
08031,2,36,0,2,0.2609968216486848,0,0
08035,1,18,1,2,0.2022230502146642,0,0
08037,1,13,1,2,0.19748345702251274,0,0
08039,1,14,0,2,0.2559211210815845,0,0
08055,2,4,1,2,0.3238221233466139,0,1
08077,2,19,1,2,0.28184870299524145,0,0
08079,1,3,0,2,0.2013432311580091,0,0
08083,3,7,0,2,0.30560854557379163,0,0
08085,3,12,0,2,0.2601106340115687,0,0
08099,3,6,1,2,0.32400930228357677,0,0
08105,4,4,0,2,0.2773299538186909,0,0
08125,3,13,0,2,0.31448165532195954,0,0
09009,1,41,1,2,0.21379239463977173,0,0
10005,2,24,1,2,0.2517775676100126,0,0
12001,3,23,1,2,0.22949764783324053,0,0
12011,2,53,0,2,0.2329283273224087,0,0
12017,3,15,1,2,0.2309429963837775,0,0
12019,2,12,1,2,0.2332389717028557,0,0
12029,4,6,0,2,0.31651933562971263,0,0
12035,2,7,1,2,0.21955949046932308,0,0
12045,2,2,0,2,0.2572721918417043,0,0
12069,2,28,0,2,0.2700144340248613,0,0
12073,3,10,1,2,0.23308394862845921,0,0
12083,3,31,1,2,0.27178145078267074,0,0
12086,3,79,0,2,0.28279727496278984,0,0
12087,2,11,1,2,0.24612502467782144,0,0
12091,2,14,1,2,0.19953248472580407,0,0
12127,3,29,0,2,0.24742904175307281,0,0
12131,2,12,1,2,0.22861420749006914,0,0
13001,4,7,1,2,0.40493304660012497,0,0
13023,4,6,1,2,0.36509220562435496,0,0
13033,4,9,1,2,0.4267945247138127,0,0
13035,4,5,1,2,0.3707778979038081,0,0
13051,3,14,0,2,0.28285742231104144,0,0
13057,1,15,1,2,0.16523228466649695,0,0
13061,4,6,0,2,0.4442242219978718,0,0
13065,4,7,0,2,0.4365448207107368,0,0
13075,4,5,1,2,0.38726564275439773,0,0
13077,1,10,1,2,0.2367102906026673,0,0
13083,3,5,1,2,0.25317336476821845,0,0
13093,4,8,1,2,0.4253896413960551,0,0
13097,2,8,1,2,0.2643388300876597,0,0
13129,4,8,1,2,0.31055026778266565,0,1
13131,4,6,0,2,0.402312366473442,0,0
13167,4,5,1,2,0.4271720396561606,0,1
13171,3,9,0,2,0.34506269528303424,0,0
13195,3,11,1,2,0.30646483254902096,0,0
13197,4,4,1,2,0.37065823814428484,0,1
13199,4,10,0,2,0.35857653332838224,0,0
13201,4,5,0,2,0.4135728168903001,0,0
13207,2,9,0,2,0.2996536829069482,0,0
13213,3,6,0,2,0.28624333925260004,0,0
13217,3,11,1,2,0.3502543999307347,0,0
13229,4,7,0,2,0.37594907862148874,0,0
13235,4,5,1,2,0.41608078057826237,0,0
13239,4,2,0,2,0.39518760937622216,0,0
13241,4,9,0,2,0.26480101817820384,0,0
13245,1,11,0,2,0.3900164029899723,0,0
13249,3,7,0,2,0.3425257291018028,0,0
13269,1,6,0,2,0.24594186546865296,0,0
13271,4,7,0,2,0.429271039833667,0,0
13275,3,9,1,2,0.34774133647105665,0,1
13277,4,9,1,2,0.3965249073298598,0,1
13281,3,3,1,2,0.21343721141530259,0,1
13285,4,7,1,2,0.3617058581768185,0,0
13287,4,4,1,2,0.4433330791614143,0,1
13289,4,6,0,2,0.421104268691686,0,0
16007,3,10,0,2,0.1431803080819859,0,0
16029,2,7,0,2,0.29722982578452467,0,0
16031,3,9,1,2,0.39464088509857725,0,0
16045,2,7,1,2,0.3061739023190965,0,0
16053,4,5,0,2,0.41047206866572755,0,0
16069,2,10,1,2,0.2943828217035131,0,0
16073,3,12,1,2,0.4123621880925445,0,0
16079,4,15,1,2,0.3206094832724173,0,0
16085,1,4,0,2,0.24624688459205354,0,0
17003,1,8,1,2,0.3104904652839554,0,1
17007,1,15,1,2,0.2946425612134988,0,0
17013,2,7,1,2,0.2640514466409138,0,1
17015,1,11,0,2,0.27770901410802007,0,0
17023,2,11,0,2,0.2809125407124804,0,0
17031,2,176,0,2,0.2583207361126459,0,0
17033,2,10,1,2,0.2983504585173384,0,0
17035,3,12,0,2,0.30332536655658765,0,0
17037,2,22,0,2,0.31217878612120903,0,0
17043,1,43,1,2,0.18756054777888734,0,0
17055,4,19,1,2,0.36961043541606886,0,1
17073,1,23,1,2,0.29662003458441516,0,1
17077,4,22,0,2,0.30571092720667387,0,0
17089,1,33,0,2,0.25842591263140496,0,0
17091,2,21,1,2,0.34708852212032415,0,0
17097,1,35,1,2,0.2285806896689557,0,0
17113,2,33,1,2,0.2721838392500629,0,0
17141,2,27,1,2,0.29866775507380944,0,1
17149,3,16,1,2,0.3030005033770235,0,0
17165,4,11,1,2,0.38358997617301965,0,0
17167,2,29,1,2,0.2591918554951292,0,0
17191,3,20,0,2,0.32241592066500346,0,0
18007,3,10,0,2,0.40543886655855516,0,0
18011,1,12,1,2,0.25468480450100744,0,1
18037,1,13,1,2,0.2939713866129407,0,1
18039,2,17,1,2,0.3820921584567571,0,0
18053,3,15,1,2,0.420261362329491,0,0
18083,3,11,1,2,0.39507977117933024,0,1
18093,2,12,1,2,0.36679413453341614,0,1
18097,3,40,0,2,0.36270206790426,0,0
18099,3,13,0,2,0.3889359143098095,0,0
18107,2,16,1,2,0.32164062557625583,0,0
18111,2,12,0,2,0.3524931031174121,0,0
18113,1,17,0,2,0.35633027085306984,0,0
18119,3,14,0,2,0.3562026698234416,0,0
18125,2,11,0,2,0.3408405181133972,0,0
18127,1,15,1,2,0.3050551276518773,0,0
18129,1,7,1,2,0.31382871472980894,0,0
18131,3,13,0,2,0.3958750711522829,0,0
18133,1,15,1,2,0.3114121843861914,0,1
18137,2,12,0,2,0.32968748982038665,0,0
18157,3,18,1,2,0.2799935292444444,0,0
18171,2,11,0,2,0.33682330571727787,0,0
18175,2,12,1,2,0.33529090005635676,0,0
19007,3,11,1,2,0.32212806859035514,0,0
19031,1,18,1,2,0.2745337834358594,0,0
19075,1,16,0,2,0.2696076620466498,0,0
19087,2,11,1,2,0.30288364180159477,0,0
19091,2,17,0,2,0.2891192916322227,0,0
19093,1,12,0,2,0.27347231003465794,0,0
19101,1,16,0,2,0.25878596882769517,0,0
19105,2,16,1,2,0.3015235461819826,0,0
19121,1,14,1,2,0.25203292761870016,0,0
19125,1,19,0,2,0.25289128175419445,0,0
19135,2,7,0,2,0.2733034501146049,0,0
19141,2,14,0,2,0.2880845357089605,0,0
19149,1,14,1,2,0.30565944564625064,0,0
19151,2,16,1,2,0.32350713125770036,0,1
19163,2,22,1,2,0.28781465881790913,0,0
20001,3,11,1,2,0.4037729756948576,0,0
20003,3,10,0,2,0.3863461245559067,0,0
20023,3,5,0,2,0.36836818072160676,0,0
20039,2,8,1,2,0.3146382953463042,0,1
20047,3,7,1,2,0.3579577443780926,0,1
20055,3,7,1,2,0.40162011989071744,0,1
20061,3,8,1,2,0.3854378257558072,0,1
20093,3,4,0,2,0.45590855431162874,0,0
20097,2,7,1,2,0.3096202468402179,0,1
20099,4,13,1,2,0.4363974357548078,0,0
20127,2,9,1,2,0.39565611198187894,0,1
20135,3,9,1,2,0.2892026944571779,0,1
20139,2,15,1,2,0.40747682935295915,0,0
20143,2,11,0,2,0.30953741538156576,0,0
20147,2,9,1,2,0.26514247616738107,0,1
20167,2,11,1,2,0.3264070425853789,0,1
20179,1,11,1,2,0.2687927506492298,0,1
20187,3,3,0,2,0.40973956103576886,0,0
20191,2,18,0,2,0.34469570724376053,0,0
20199,2,4,0,2,0.32853766951113594,0,0
20209,4,11,0,2,0.4340162587052425,0,0
21001,4,10,1,2,0.39166278287137923,0,0
21007,1,6,0,2,0.2739048109944536,0,0
21009,4,11,1,2,0.44040524934833075,0,0
21021,3,5,1,2,0.3584904629402478,0,0
21031,4,10,0,2,0.3931749268301067,0,0
21037,2,10,1,2,0.2596245401213779,0,0
21057,4,3,1,2,0.3994065397985824,0,1
21085,4,9,1,2,0.4021928046248544,0,0
21087,4,8,0,2,0.41014428174845363,0,0
21089,3,11,0,2,0.3449704003463545,0,0
21097,3,6,1,2,0.38493924896964266,0,0
21101,3,8,1,2,0.4048977966063805,0,0
21103,3,13,1,2,0.36590033186816334,0,0
21141,4,7,1,2,0.4241858650314324,0,0
21149,2,7,1,2,0.3975360770543069,0,1
21155,1,11,0,2,0.3859240507541343,0,0
21171,4,6,1,2,0.32937025771413964,0,0
21177,3,17,0,2,0.3962617470625769,0,0
21179,1,9,1,2,0.28769485995279187,0,1
21185,1,11,1,2,0.20645137296172505,0,0
21187,3,9,0,2,0.3683464496382719,0,0
21191,3,10,1,2,0.3491312572754508,0,0
21193,1,21,0,2,0.2777230964117099,0,0
21197,4,4,1,2,0.336845844205171,0,0
21211,2,14,1,2,0.30882695176798897,0,1
22009,4,15,1,2,0.3998278405759821,0,1
22013,4,13,1,2,0.4176671126766678,0,0
22015,3,15,0,2,0.3519699728792857,0,1
22027,4,11,1,2,0.4347348302195904,0,0
22049,4,7,1,2,0.38882776390070517,0,0
22061,1,8,0,2,0.37580682764308765,0,1
22067,4,7,0,2,0.4386333985429057,0,0
22075,2,9,0,2,0.3750749742050259,0,0
22079,4,27,1,2,0.36829321712649254,0,0
22081,3,5,0,2,0.34067132330665756,0,0
22103,2,17,1,2,0.24832514201976624,0,0
22111,3,10,1,2,0.36817874907979536,0,0
22125,2,4,0,2,0.20733435083974203,0,0
23013,1,19,1,2,0.15028587266731844,0,1
23015,2,25,0,2,0.15298991262054143,0,0
23017,1,33,1,2,0.2255700448828986,0,0
23025,4,24,1,2,0.2656478264271278,0,0
24027,1,24,1,2,0.15776538035285792,0,0
24029,2,9,1,2,0.2974781209810066,0,0
24033,1,39,0,2,0.27397085038211216,0,0
24035,1,16,1,2,0.24682257889120088,0,0
25001,1,47,1,2,0.1756786348254641,0,0
25013,2,41,1,2,0.28541172398753767,0,0
25017,1,83,0,2,0.15125810874141388,0,0
25025,3,36,1,2,0.24300772259431172,0,0
26001,3,13,0,2,0.2795682581958856,0,0
26005,2,24,1,2,0.3060994669056219,0,0
26007,3,8,0,2,0.2785411946792198,0,0
26011,3,10,1,2,0.34200940962050896,0,0
26013,3,7,1,2,0.2866161821209779,0,1
26023,3,13,1,2,0.39362504954118815,0,0
26025,3,22,1,2,0.357717846473416,0,0
26027,2,14,1,2,0.3525669605502624,0,1
26065,1,22,1,2,0.31888098258952335,0,0
26073,4,15,1,2,0.30289358700460894,0,0
26107,3,16,0,2,0.2794941049291239,0,0
26139,1,22,1,2,0.23967162767801556,0,0
26153,3,7,0,2,0.3431677251295444,0,0
26163,3,68,0,2,0.37730686324697327,0,0
26165,3,13,0,2,0.2858776066723196,0,0
27009,1,9,1,2,0.23211427284592268,0,1
27021,2,24,0,2,0.2526851840521539,0,0
27035,2,18,0,2,0.19162107626625635,0,0
27037,1,22,1,2,0.19081759338825738,0,0
27041,1,17,1,2,0.21194767511910578,0,1
27053,1,72,0,2,0.2036551059970147,0,0
27057,2,10,1,2,0.253401949348781,0,0
27089,1,15,0,2,0.2880529067407586,0,0
27095,2,12,1,2,0.2515427532879512,0,0
27097,2,20,1,2,0.23420466376587407,0,1
27143,1,16,0,2,0.2610393696605764,0,0
27147,1,11,0,2,0.2876485938958978,0,0
27149,2,8,0,2,0.23787956915107408,0,0
27151,3,11,1,2,0.27676331696555845,0,1
27157,1,13,0,2,0.2269908978570632,0,0
27165,2,10,0,2,0.3024269791503135,0,0
27171,1,19,1,2,0.20639565554936604,0,0
27173,2,14,0,2,0.27872590870316744,0,0
28017,4,8,0,2,0.3746294789640334,0,0
28027,4,11,1,2,0.5017310441132337,1,0
28031,4,8,1,2,0.32593661859558914,0,0
28037,4,8,1,2,0.303164823047694,0,1
28051,4,9,1,2,0.42278709850246793,0,0
28057,3,10,1,2,0.27525463837995406,0,0
28065,4,9,1,2,0.32951025770096587,0,0
28067,4,13,0,2,0.3001146430609494,0,1
28081,3,15,1,2,0.26541025574293914,0,0
28085,4,12,1,2,0.29696653999033445,0,1
28087,3,8,1,2,0.28936281910603395,0,0
28099,4,8,1,2,0.372498665422336,0,0
28109,3,5,1,2,0.28071859703719726,0,1
28119,4,10,1,2,0.4791913759286169,0,1
28123,4,10,1,2,0.36985796859122766,0,0
28133,4,16,1,2,0.4914505742325182,0,1
28137,3,5,1,2,0.3695349088921722,0,0
28139,4,9,0,2,0.3353040938723907,0,0
28149,4,3,0,2,0.3274683574123687,0,0
28153,4,7,1,2,0.3313806688839542,0,0
28161,4,7,1,2,0.32643593238615054,0,0
29001,4,9,1,2,0.29128058681994845,0,0
29003,2,17,0,2,0.3538147201836235,0,0
29013,3,13,1,2,0.37036859023753976,0,0
29015,3,13,1,2,0.3474791837681973,0,0
29027,2,19,0,2,0.26083288287502593,0,0
29029,3,18,1,2,0.26896762263808394,0,1
29045,3,11,0,2,0.34907898739942844,0,0
29059,4,13,1,2,0.37297761762204124,0,0
29063,2,10,1,2,0.37745630835221794,0,0
29071,1,23,1,2,0.31558456253153633,0,0
29079,3,7,1,2,0.38728174312230884,0,1
29087,3,6,0,2,0.3771413810597332,0,0
29103,4,12,1,2,0.39180698065531827,0,1
29113,2,17,1,2,0.3509896256323193,0,0
29119,1,14,1,2,0.3394987574814786,0,0
29121,2,15,1,2,0.32764724597677136,0,0
29125,3,10,0,2,0.3167455154417019,0,0
29127,3,10,1,2,0.34255769031603944,0,0
29153,4,18,1,2,0.3906554105402597,0,1
29157,2,8,0,2,0.3358218945160626,0,0
29169,2,11,1,2,0.2633861002562507,0,0
29179,3,11,0,2,0.3529032078665631,0,0
29189,1,46,0,2,0.26925747474769446,0,0
29203,4,9,0,2,0.3878801156444952,0,0
29217,4,13,1,2,0.3865848933279597,0,0
29219,3,9,1,2,0.3305513770642758,0,1
30011,2,8,0,2,0.2940384910410823,0,0
30013,3,18,1,2,0.31796599134887804,0,1
30021,1,8,1,2,0.2944821303389085,0,1
30029,2,16,1,2,0.21480211702498003,0,0
30073,3,6,1,2,0.37670663405412114,0,1
30083,1,9,0,2,0.2979357965345843,0,0
30093,3,7,0,2,0.26232798975590516,0,0
30097,1,6,0,2,0.2639009768734078,0,0
30099,2,12,0,2,0.2968780660999647,0,0
30105,3,12,1,2,0.35157648087351673,0,1
31001,2,14,1,2,0.25365083166913754,0,1
31019,1,14,0,2,0.24614605920840288,0,0
31037,3,7,0,2,0.2905605018324504,0,0
31053,2,14,0,2,0.2953930437906558,0,0
31057,4,7,0,2,0.3525117841892044,0,0
31059,1,14,0,2,0.23000904095129726,0,0
31065,3,9,0,2,0.3088263968742697,0,0
31091,1,1,0,2,0.29625719455661087,0,0
31101,2,7,0,2,0.2835477626093399,0,0
31127,2,13,0,2,0.2845116518467468,0,0
31135,1,10,1,2,0.29540567097942494,0,1
31137,2,10,0,2,0.2691833385979245,0,0
31141,1,11,1,2,0.22699556283042138,0,1
31157,3,8,1,2,0.35300530073001346,0,0
31163,2,8,0,2,0.2875337628133813,0,0
31181,2,8,0,2,0.29242728469433993,0,0
32015,3,2,0,2,0.46211455345696767,0,0
32017,1,5,1,2,0.22885788109334257,0,1
32021,3,5,1,2,0.4612583796971768,0,1
33001,1,15,0,2,0.1570826795424006,0,0
33007,2,16,1,2,0.21608787543317132,0,1
33011,1,34,1,2,0.1592974891699935,0,0
33017,1,17,0,2,0.18176869599524065,0,0
33019,2,19,0,2,0.1778780747412029,0,0
34001,1,30,0,2,0.26392561508207196,0,0
34005,1,38,0,2,0.19614808575830323,0,0
34017,3,16,0,2,0.25157665653794753,0,0
34023,1,44,0,2,0.19687797146688005,0,0
34029,1,30,0,2,0.20328625707651868,0,0
34035,1,32,1,2,0.16406363724155698,0,0
35001,1,27,0,2,0.32270790545079847,0,0
35005,4,9,1,2,0.5166121004444231,1,1
35009,1,7,1,2,0.37985252319299306,0,1
35019,2,5,1,2,0.3191179045822614,0,1
35029,4,3,1,2,0.48144517649473234,0,0
35037,4,10,1,2,0.43183401888317197,0,1
36003,3,37,1,2,0.23439207825208505,0,0
36031,2,34,1,2,0.18240209393546342,0,1
36045,3,39,1,2,0.2509388058062553,0,0
36051,2,30,0,2,0.2542466013666636,0,0
36069,1,25,0,2,0.22060220901123967,0,0
36073,3,15,1,2,0.36511714648943083,0,0
36075,3,27,1,2,0.2850066857643304,0,0
36083,2,29,1,2,0.21318272220051035,0,0
36085,1,12,0,2,0.24489440729826617,0,0
36111,2,63,1,2,0.2003733789281706,0,0
36113,1,25,0,2,0.1980849863184113,0,0
36119,1,77,0,2,0.19572610075333643,0,0
37007,4,8,1,2,0.33765336594941026,0,0
37015,4,10,1,2,0.37474161120995536,0,0
37037,1,18,1,2,0.174909161379395,0,0
37043,3,5,1,2,0.21226614067767477,0,1
37059,2,6,1,2,0.22694264003392875,0,1
37061,4,19,1,2,0.3729528533626814,0,0
37067,1,22,1,2,0.24147985896397436,0,0
37091,4,9,1,2,0.332462235946725,0,0
37103,4,9,0,2,0.33953559154491497,0,0
37113,3,6,0,2,0.23763112801223527,0,0
37115,3,6,0,2,0.23003046125215995,0,0
37123,3,8,0,2,0.2693168176859664,0,0
37131,4,12,1,2,0.3424822957343747,0,0
37133,3,16,1,2,0.2425067862248353,0,0
37137,3,9,0,2,0.29211431539438476,0,0
37145,2,10,0,2,0.286724182436996,0,0
37151,3,24,1,2,0.2856259446224414,0,0
37157,3,11,1,2,0.29427945524295146,0,0
37161,1,16,1,2,0.2611661264448015,0,0
37165,4,7,1,2,0.38107889431774655,0,0
37199,3,5,0,2,0.2675942745174032,0,0
38001,1,6,0,2,0.3217073768055653,0,0
38009,1,14,0,2,0.28351302756112173,0,0
38031,1,8,0,2,0.255144127820613,0,0
38039,2,9,0,2,0.30162389749126073,0,0
38043,2,13,0,2,0.30613162714893893,0,0
38061,2,12,0,2,0.35566627550503266,0,0
38067,1,13,1,2,0.2390888368816009,0,1
38069,3,11,0,2,0.30850885641659426,0,0
38073,1,11,1,2,0.261414164034254,0,1
38085,4,9,1,2,0.5375645217283976,1,1
38091,1,12,0,2,0.25645551136636513,0,0
38095,3,10,0,2,0.3179074215506335,0,0
39011,1,18,0,2,0.3627651848458065,0,0
39013,2,27,1,2,0.295473430434646,0,0
39035,1,52,0,2,0.306965982524768,0,0
39059,3,20,1,2,0.3567298248279528,0,0
39063,1,24,1,2,0.2907857588546457,0,0
39081,3,23,1,2,0.3582733568194807,0,0
39091,2,18,1,2,0.37308010615114273,0,0
39093,2,24,1,2,0.3235707686584823,0,0
39103,1,24,1,2,0.24216102112483784,0,0
39107,1,18,1,2,0.3588763536115104,0,1
39117,2,16,1,2,0.3388303602473097,0,1
39137,1,17,1,2,0.3090229638531668,0,0
39143,2,17,1,2,0.3962343102874838,0,0
39151,1,42,1,2,0.3237202687079629,0,0
39153,2,41,0,2,0.30980586288397416,0,0
39165,1,24,1,2,0.2516577288949015,0,0
40041,4,13,1,2,0.4335940731049133,0,1
40051,2,14,1,2,0.41386423546774576,0,0
40065,3,9,1,2,0.4351664677963847,0,0
40085,3,8,1,2,0.5000535862974507,1,1
40095,4,3,1,2,0.46647979949284196,0,0
40097,4,17,1,2,0.47276443132812285,0,1
40099,3,7,1,2,0.4689610674645881,0,0
40107,4,11,1,2,0.4886031384407421,0,0
40131,1,12,1,2,0.39412026102372993,0,0
40137,3,10,1,2,0.4765462471678634,0,1
41003,1,10,1,2,0.2531186780940693,0,1
41015,2,7,1,2,0.24810669249777348,0,0
41035,4,17,1,2,0.40574293391931293,0,1
42017,1,55,0,2,0.20548015517001472,0,0
42021,1,51,1,2,0.17861402267366372,0,0
42023,3,4,0,2,0.259478853064662,0,0
42055,1,30,1,2,0.2444163253850418,0,0
42061,2,33,1,2,0.26978994912027177,0,1
42091,1,69,0,2,0.1988068680112365,0,0
42103,1,19,0,2,0.22696131555562404,0,0
42129,1,86,1,2,0.20212587298127024,0,0
45009,4,8,1,2,0.43348363779576354,0,0
45021,4,8,1,2,0.35257171265437715,0,0
45027,4,11,1,2,0.41707936358695274,0,1
45031,4,10,1,2,0.37080742833410535,0,0
45037,3,10,1,2,0.30942140435755194,0,0
45045,1,27,0,2,0.24346994948882283,0,0
45065,1,11,0,2,0.3089398056911714,0,0
45073,3,13,1,2,0.2851270651454591,0,1
45081,4,12,1,2,0.41796393824226985,0,0
45083,2,34,0,2,0.27913721496511196,0,0
45089,4,12,1,2,0.42341353612348986,0,0
45091,1,15,1,2,0.27183950680505925,0,0
46015,2,6,0,2,0.2794596397471093,0,0
46017,4,6,0,2,0.42065869749397483,0,0
46035,2,6,1,2,0.24464963152460803,0,0
46043,1,8,0,2,0.13235656108783997,0,0
46045,1,10,0,2,0.2622369495848324,0,0
46057,1,12,0,2,0.23666919900073513,0,0
46061,2,7,0,2,0.24086323034563462,0,0
46069,1,5,0,2,0.23120157171447517,0,0
46085,2,9,0,2,0.34586857776666097,0,0
46093,2,18,1,2,0.2511578250718591,0,0
46095,4,7,0,2,0.47105677151757186,0,0
46109,4,16,1,2,0.376609846103909,0,1
46115,1,15,0,2,0.2536404905597314,0,0
46123,4,8,0,2,0.30817231778508214,0,0
46135,2,10,1,2,0.22915905423016877,0,0
47021,2,12,1,2,0.30378666929678055,0,1
47039,4,9,0,2,0.3518875335941503,0,0
47041,4,11,0,2,0.3896230003811594,0,0
47049,4,9,1,2,0.3419130023518266,0,0
47055,3,17,1,2,0.35806819537235335,0,0
47059,4,10,1,2,0.3691563992061301,0,0
47069,4,12,1,2,0.39046615757720315,0,0
47105,2,9,0,2,0.27982038580220475,0,0
47107,4,12,1,2,0.34505216103016423,0,0
47121,3,6,1,2,0.33045277797653,0,0
47129,4,12,1,2,0.322055503647895,0,0
47147,2,12,1,2,0.3374332756181234,0,0
47161,2,8,0,2,0.32705888083428764,0,0
47165,1,10,1,2,0.3027320016389969,0,0
47173,4,11,0,2,0.35035889915486734,0,0
47177,4,6,1,2,0.41408861175395895,0,1
47179,1,13,1,2,0.28886904529397517,0,0
47181,4,10,1,2,0.34672682287469814,0,0
48001,3,10,1,2,0.38978958667638036,0,0
48003,2,1,1,2,0.45239013064551253,0,0
48005,4,6,1,2,0.3864448218547431,0,0
48015,2,13,1,2,0.40123993889430176,0,0
48029,2,77,0,2,0.4058719642686203,0,0
48049,3,10,1,2,0.3856809793859027,0,0
48061,4,17,0,2,0.505228293199326,1,0
48065,1,6,0,2,0.36410660453391647,0,0
48067,4,14,1,2,0.380328320488359,0,1
48073,4,12,1,2,0.37410073576599756,0,1
48077,2,9,1,2,0.40762550913263207,0,1
48087,4,5,1,2,0.45121288878681265,0,1
48093,2,14,1,2,0.38283682899305577,0,0
48105,2,6,0,2,0.4345178156771326,0,0
48107,4,9,0,2,0.5099563406197437,1,0
48123,3,9,1,2,0.4540126765507432,0,0
48133,4,9,1,2,0.4007867568588089,0,0
48139,1,20,1,2,0.380359581173698,0,0
48143,1,13,1,2,0.3807201934866089,0,1
48159,1,7,1,2,0.311744978564405,0,1
48195,4,3,0,2,0.52038136150861,1,0
48221,1,8,1,2,0.33163300854307043,0,0
48225,4,7,1,2,0.40484129964525545,0,0
48237,3,11,0,2,0.43249578610349687,0,0
48259,1,8,1,2,0.27399379855924044,0,1
48319,2,6,0,2,0.3601734356376838,0,0
48325,1,15,0,2,0.3717192843180067,0,0
48345,3,6,0,2,0.39062121461776345,0,0
48351,3,11,0,2,0.37173433612147916,0,0
48365,3,13,1,2,0.39439862872624676,0,0
48371,3,6,1,2,0.4816674173905049,0,0
48381,1,15,1,2,0.3675883531311824,0,0
48387,4,9,1,2,0.42857060661337215,0,0
48405,4,4,1,2,0.39089216569315116,0,1
48411,3,7,1,2,0.42994209198278394,0,1
48413,2,3,0,2,0.15921758580525391,0,0
48421,3,4,0,2,0.43296950485285035,0,0
48423,3,22,0,2,0.3092390684538218,0,1
48431,2,2,0,2,0.4343390970626544,0,0
48449,4,6,1,2,0.41500975211349944,0,1
48453,1,63,0,2,0.24952673405961445,0,0
48463,4,8,1,2,0.49534633887524554,0,0
48469,3,12,1,2,0.4424866535415016,0,0
49033,2,4,0,2,0.3465187154505759,0,0
49035,1,36,0,2,0.33710729867310485,0,0
49039,3,15,1,2,0.3334223378854801,0,0
49041,3,12,1,2,0.35713270967807037,0,0
49049,2,24,0,2,0.27390304813466987,0,0
50013,1,5,1,2,0.1585641194684111,0,1
50021,1,29,1,2,0.15831747439133664,0,0
50025,2,24,1,2,0.17140371469025534,0,1
51003,2,24,1,2,0.17502030871272625,0,0
51011,3,8,0,2,0.3138226347487085,0,0
51019,1,18,1,2,0.21677867406102996,0,1
51025,3,16,1,2,0.3575260605461888,0,0
51037,4,14,1,2,0.3174516509383848,0,0
51047,1,18,1,2,0.2742807226461602,0,1
51049,3,7,0,2,0.31817651995248364,0,0
51059,1,48,0,2,0.14182791593953784,0,0
51069,1,12,1,2,0.19376487843330278,0,1
51085,1,12,1,2,0.17012877934371454,0,0
51087,2,16,1,2,0.2582651403620842,0,0
51091,2,7,0,2,0.23988084446061633,0,0
51103,2,6,1,2,0.2714428288830205,0,0
51115,2,15,0,2,0.22257969543867692,0,0
51121,3,10,1,2,0.20162077691099828,0,0
51127,1,6,1,2,0.21750686820777948,0,0
51157,1,10,0,2,0.21464107680511235,0,0
51167,4,11,0,2,0.3371935322446581,0,0
51169,3,12,0,2,0.32169916324947667,0,0
51179,1,5,1,2,0.1934831084436936,0,0
51185,1,18,1,2,0.25329871813921295,0,0
51197,3,11,0,2,0.29689456659362845,0,0
51530,4,1,0,2,0.3075181558527289,0,0
51570,2,1,1,2,0.23589124151731408,0,0
51775,1,1,0,2,0.18191452238923697,0,0
53011,1,20,0,2,0.24028838369350533,0,0
53019,4,9,0,2,0.36903857866967893,0,0
53023,3,2,1,2,0.36879851168979116,0,1
53027,1,21,0,2,0.28718775467748486,0,0
53033,1,84,0,2,0.19804000785179682,0,0
53041,2,23,1,2,0.28456464137014,0,1
53059,1,8,1,2,0.2500745061342296,0,1
53065,3,21,0,2,0.32936960008295607,0,0
54019,1,42,0,2,0.3127658637656053,0,0
54033,3,21,0,2,0.3088840451095138,0,0
54039,1,46,1,2,0.33888418918506336,0,0
54063,3,13,0,2,0.3664346299773777,0,0
54067,3,25,1,2,0.37555909926659914,0,0
54079,2,17,1,2,0.320775142030298,0,0
54089,4,15,0,2,0.3658826604044392,0,0
54091,3,10,0,2,0.3374822567669132,0,0
55005,2,19,1,2,0.20768299170512022,0,1
55013,3,11,0,2,0.2155319826260239,0,0
55021,1,20,1,2,0.21916222119061254,0,1
55029,1,13,1,2,0.1986876924050092,0,0
55033,2,22,0,2,0.22186179447563698,0,0
55035,2,15,0,2,0.20481943809920353,0,0
55049,1,19,0,2,0.20179721137912268,0,0
55051,3,12,0,2,0.22463581168454297,0,0
55055,1,19,1,2,0.23443106612047113,0,0
55057,3,14,1,2,0.25009073102729046,0,0
55061,1,6,1,2,0.21852991865118077,0,0
55069,1,7,1,2,0.187713325424898,0,0
55073,1,28,1,2,0.17706860582271164,0,0
55079,3,37,0,2,0.3051006113577225,0,0
55085,1,14,1,2,0.17822878293038863,0,1
55101,2,16,0,2,0.2601237139223811,0,0
55113,3,12,0,2,0.21412390907627465,0,0
55129,2,12,0,2,0.19027164002323912,0,0
56001,1,10,1,2,0.3538049657561931,0,0
56003,2,15,1,2,0.29830629441054535,0,0
56017,3,3,1,2,0.3375608653785487,0,1
56023,1,15,0,2,0.2629330590789599,0,0
56029,1,8,1,2,0.25278054677815054,0,0
56033,1,9,1,2,0.27246693301124336,0,0
56045,2,4,0,2,0.3316620812842434,0,0
01001,3,10,1,3,0.31477626546078985,0,1
01005,4,9,0,3,0.38485525098590434,0,0
01023,4,10,0,3,0.36492899655063094,0,0
01025,4,10,1,3,0.3723731450356869,0,0
01031,3,16,1,3,0.3072195812469391,0,1
01049,4,24,0,3,0.37298234377165285,0,0
01057,4,10,1,3,0.3309744846639737,0,0
01077,3,9,1,3,0.3117133909144873,0,0
01103,3,16,1,3,0.3304897927744517,0,0
01119,4,11,1,3,0.3921568121069643,0,0
01123,4,12,1,3,0.33205097652756815,0,1
01133,4,11,1,3,0.3417167438984275,0,0
04023,4,9,1,3,0.4288929539709717,0,1
04027,4,10,0,3,0.4083368779837205,0,1
05003,4,7,1,3,0.3415300788753588,0,0
05007,2,21,0,3,0.2625905536358259,0,0
05013,4,6,0,3,0.3356611332913229,0,0
05015,3,9,1,3,0.32426307510057106,0,0
05035,4,11,1,3,0.44001967222351607,0,0
05039,4,6,1,3,0.32710099429896095,0,1
05055,4,9,1,3,0.344370267268792,0,1
05069,4,17,1,3,0.3697213736103057,0,0
05073,4,6,1,3,0.3853874912941051,0,1
05087,3,13,1,3,0.33394577768743905,0,0
05101,3,20,1,3,0.31676286782229407,0,1
05105,4,8,1,3,0.36455385095648346,0,1
05109,4,10,0,3,0.3335888317620884,0,0
05131,3,16,0,3,0.3156862302302236,0,1
06019,4,56,0,3,0.40050546664174946,0,0
06033,3,15,1,3,0.39027216219269406,0,0
06073,1,108,0,3,0.2767884185854921,0,0
06079,2,26,1,3,0.275581508098514,0,0
06111,1,33,0,3,0.26437237849638984,0,0
08005,1,33,1,3,0.25903313595491434,0,0
08007,1,5,1,3,0.2692009379912834,0,0
08015,2,5,0,3,0.2642063499970646,0,0
08017,2,4,0,3,0.3640405685589937,0,0
08019,1,6,0,3,0.2278881528503566,0,0
08051,2,11,0,3,0.2820585668083492,0,0
08053,1,3,0,3,0.27015313114293676,0,0
08057,1,2,0,3,0.25818691836235647,0,0
08081,2,5,1,3,0.41587310849434234,0,0
08089,4,7,0,3,0.4539264904733271,0,0
08095,2,3,0,3,0.3745973624033577,0,0
08097,1,7,0,3,0.24242337242067183,0,0
08103,2,4,0,3,0.37218302881784077,0,0
08107,1,9,1,3,0.28766910525267236,0,0
08113,1,7,1,3,0.23875205056180857,0,1
08117,1,4,0,3,0.2974097014929589,0,0
09007,1,24,1,3,0.20333512471628074,0,0
12015,2,17,1,3,0.22477619611423366,0,0
12023,3,8,1,3,0.28746043972550883,0,0
12039,4,7,1,3,0.35637628287682727,0,1
12051,4,6,1,3,0.3453259344548886,0,0
12053,3,12,1,3,0.2670704383929308,0,0
12063,1,14,1,3,0.31185256629073943,0,1
12065,4,4,1,3,0.3440579768313686,0,0
12067,4,2,0,3,0.28134072215511496,0,0
12075,4,13,1,3,0.29958601570990934,0,0
12077,4,2,0,3,0.3136989698147698,0,0
12085,1,12,1,3,0.23392929096851628,0,0
12097,3,17,1,3,0.2773333415476412,0,0
12101,2,31,1,3,0.24738701025864593,0,0
12111,2,17,1,3,0.26732226452425556,0,0
12133,4,10,1,3,0.31902165878213695,0,0
13005,4,3,1,3,0.3736580758418684,0,1
13017,4,4,1,3,0.39001417443661734,0,0
13027,4,10,0,3,0.3398637364159132,0,0
13045,1,11,1,3,0.29031643037983745,0,0
13047,1,8,0,3,0.2250128047686848,0,0
13059,1,9,1,3,0.3168770412417097,0,0
13063,1,16,1,3,0.3303313420837451,0,0
13085,1,5,1,3,0.21992767046238507,0,0
13101,3,6,1,3,0.32171173642400064,0,1
13135,2,26,0,3,0.1967150052211649,0,0
13141,4,5,0,3,0.3991668145320497,0,0
13147,4,8,0,3,0.3081240968129001,0,0
13155,4,7,1,3,0.39031970703386887,0,1
13179,1,9,1,3,0.27734474237172696,0,1
13183,4,5,0,3,0.3364434535508052,0,0
13189,4,4,1,3,0.3451808748168358,0,0
13209,4,7,0,3,0.35452311072386267,0,0
13231,2,8,0,3,0.29285605547590354,0,0
13233,4,8,1,3,0.3131947691184978,0,1
13237,4,5,1,3,0.330835615922575,0,0
13243,4,8,0,3,0.4369170167340669,0,0
13247,2,9,1,3,0.285931222376469,0,1
13251,4,6,0,3,0.3801260826525347,0,0
13257,3,5,1,3,0.2767531200292316,0,0
13267,4,6,1,3,0.36353002037277937,0,0
13291,3,4,1,3,0.24571574188548204,0,0
13295,3,14,1,3,0.28502097129773757,0,0
13301,4,9,1,3,0.39781984163104595,0,1
13303,4,10,1,3,0.3733316112698753,0,0
13313,4,8,1,3,0.27371491519323987,0,0
13319,4,9,0,3,0.3568541058319531,0,0
16003,2,6,0,3,0.3163298620309935,0,0
16021,3,4,0,3,0.3102656386551674,0,0
16025,4,2,1,3,0.4358508729826974,0,1
16039,3,7,1,3,0.35266608103247293,0,0
16063,3,6,0,3,0.44459795514981776,0,0
16087,4,5,1,3,0.43297607578503444,0,1
17005,3,12,0,3,0.32595843928630136,0,0
17017,3,7,1,3,0.30893840282760004,0,0
17019,3,35,1,3,0.2787909290112812,0,0
17027,1,17,1,3,0.28098763750876987,0,0
17041,2,13,1,3,0.33604005554575866,0,0
17047,2,6,0,3,0.321693828894343,0,0
17053,2,21,1,3,0.348158232524486,0,0
17063,1,16,1,3,0.29297672666053864,0,0
17067,2,19,0,3,0.29169120271549626,0,0
17081,3,17,1,3,0.32332511501253747,0,0
17085,1,15,0,3,0.2627006622875471,0,0
17101,3,7,0,3,0.3377760130891217,0,0
17137,3,16,1,3,0.3190156645249504,0,1
17139,2,11,0,3,0.3261993810808933,0,0
17151,3,10,0,3,0.34004141768161394,0,0
17155,1,8,0,3,0.2880021810763947,0,0
17175,3,10,0,3,0.37206504131318735,0,0
17177,3,19,0,3,0.3266324916633637,0,0
17179,1,21,1,3,0.2702391676477076,0,0
17181,3,13,1,3,0.30878988841940785,0,0
17187,3,14,1,3,0.351664825607675,0,0
17197,1,45,0,3,0.25040582806793593,0,0
17201,2,26,1,3,0.31339952708355806,0,0
18031,2,10,0,3,0.36498370081026205,0,0
18043,2,10,1,3,0.2720128093157715,0,1
18063,1,19,1,3,0.253883315182652,0,0
18065,3,22,0,3,0.4014803363429479,0,0
18067,2,10,1,3,0.38346379608355247,0,0
18075,3,9,0,3,0.4260242075258102,0,0
18079,2,13,1,3,0.33231166389262434,0,0
18139,2,16,1,3,0.42242895396636526,0,0
18145,2,17,1,3,0.3845608132117548,0,0
18161,2,6,0,3,0.3822850236187129,0,0
18169,2,14,1,3,0.3631686513071644,0,1
18179,2,16,0,3,0.3547662273768408,0,0
18183,1,10,0,3,0.3021570272728999,0,0
19001,2,14,0,3,0.30995369316947924,0,0
19003,2,9,1,3,0.32285589002079573,0,1
19011,1,24,1,3,0.2834320018564359,0,0
19025,2,14,0,3,0.3446872430716145,0,0
19039,3,9,1,3,0.32299793992836534,0,1
19045,2,20,1,3,0.31447365302321767,0,0
19077,1,18,1,3,0.2884195803977441,0,1
19103,1,24,1,3,0.2686028076695011,0,0
19131,1,12,0,3,0.3076091871108385,0,0
19153,2,41,0,3,0.24795813514283038,0,0
19155,2,24,1,3,0.2787736937179514,0,0
19157,2,17,1,3,0.2830214549811935,0,0
19167,1,19,0,3,0.2902194575300664,0,0
19173,2,11,0,3,0.32911299716747633,0,0
19183,2,13,0,3,0.30848613789156687,0,0
19187,3,22,1,3,0.3155501908273727,0,0
19189,1,11,0,3,0.3056340662680626,0,0
19193,2,25,1,3,0.28848855781894084,0,0
19197,2,16,1,3,0.3248387375898122,0,0
20007,3,11,0,3,0.38357261065376835,0,0
20019,4,10,1,3,0.42340164000982333,0,1
20021,1,13,1,3,0.3138650531738981,0,0
20025,2,6,0,3,0.3696462666014267,0,0
20041,2,12,1,3,0.3762403875383541,0,0
20045,1,12,1,3,0.29451179753693235,0,0
20049,3,10,0,3,0.41973625999148145,0,0
20057,4,10,1,3,0.4053479246216441,0,1
20065,2,13,0,3,0.31254956681055035,0,0
20069,1,7,0,3,0.3983859823494948,0,0
20101,3,5,0,3,0.4127516721241561,0,0
20105,2,10,0,3,0.3501344502652388,0,0
20115,1,19,0,3,0.35108654591953237,0,0
20117,2,13,0,3,0.37440049857164087,0,0
20137,1,7,0,3,0.33827950613548136,0,0
20145,2,9,0,3,0.3466665195201743,0,0
20171,1,4,0,3,0.40763930739832416,0,0
20175,4,6,1,3,0.45047596407152385,0,0
20177,1,29,0,3,0.34733709605313795,0,0
20189,4,4,0,3,0.45274150308626887,0,0
20195,1,8,0,3,0.3308668408510498,0,0
20197,1,16,0,3,0.329556301765679,0,0
21011,4,8,1,3,0.3596002332960314,0,0
21013,4,11,1,3,0.3563670478023989,0,0
21017,3,9,0,3,0.38468744462151944,0,0
21029,1,11,1,3,0.3014002597457373,0,0
21035,4,10,0,3,0.35408114565061366,0,0
21067,2,17,1,3,0.2614060800701458,0,0
21071,4,33,1,3,0.34851877748702165,0,1
21079,3,5,1,3,0.3595257947195261,0,0
21105,4,7,1,3,0.43626341830158727,0,1
21113,3,4,1,3,0.3086145237846393,0,1
21115,4,19,1,3,0.3073103886516003,0,0
21117,2,12,1,3,0.26358132765325454,0,0
21121,4,19,1,3,0.32802601911556595,0,1
21125,4,8,1,3,0.32900918440983545,0,1
21129,4,6,0,3,0.34220666853181747,0,0
21133,1,26,1,3,0.33577806792277604,0,0
21145,3,7,1,3,0.35178965229824255,0,1
21159,4,9,1,3,0.297743334169881,0,0
21165,4,5,0,3,0.35338322233174985,0,0
21173,4,5,1,3,0.3581410547612952,0,0
21201,4,7,1,3,0.3744016094539055,0,1
21215,1,8,0,3,0.315166495015634,0,0
21221,2,5,1,3,0.3662765766706686,0,0
21227,3,9,1,3,0.31842772723002566,0,0
21233,4,10,0,3,0.41747812313303984,0,0
21237,4,5,1,3,0.36343398104144425,0,1
22023,4,8,1,3,0.4406300891077747,0,1
22029,4,5,0,3,0.42911416099776306,0,0
22039,4,12,1,3,0.365888438642059,0,1
22051,3,17,0,3,0.3052258647237138,0,0
22063,2,17,1,3,0.28130828612308906,0,0
22073,1,14,0,3,0.3042275540822734,0,1
22077,3,17,1,3,0.3762350999677882,0,0
22083,4,6,1,3,0.44670051956842943,0,0
22099,4,8,1,3,0.33722733907350994,0,1
22101,4,8,1,3,0.34252752249513574,0,0
22113,3,12,1,3,0.38354216494491655,0,1
22121,2,5,1,3,0.3321301778806459,0,0
23003,4,41,0,3,0.3119978895000683,0,0
23005,1,38,1,3,0.17937465881684728,0,0
23011,2,27,1,3,0.22420576520811153,0,0
23019,1,47,1,3,0.2547001513904686,0,0
23021,3,16,1,3,0.3019575613499484,0,0
24021,1,34,1,3,0.19425609169977662,0,0
24023,2,12,0,3,0.27500575867393423,0,0
24047,2,12,1,3,0.2718620483665279,0,1
24510,1,31,0,3,0.3449325089471941,0,1
25007,1,7,0,3,0.2224365532485615,0,0
25011,2,32,1,3,0.1989500848657992,0,0
26003,2,13,0,3,0.29088996708597115,0,0
26017,2,16,1,3,0.3438300873685363,0,0
26019,1,11,0,3,0.25380141624123614,0,0
26021,1,23,1,3,0.3317020837148407,0,0
26029,2,10,0,3,0.2532669541989281,0,0
26049,3,34,1,3,0.3232234841648288,0,0
26075,2,29,1,3,0.32785370374613765,0,0
26081,2,39,1,3,0.27207378698508045,0,0
26087,2,22,1,3,0.30654270629631636,0,0
26093,1,20,1,3,0.2266554718251941,0,0
26095,3,3,0,3,0.342165125622137,0,0
26101,2,15,1,3,0.27223479252797467,0,0
26117,3,25,0,3,0.32982564044706114,0,0
26133,4,9,0,3,0.3439811141182696,0,0
26137,3,7,1,3,0.27870846128566207,0,0
26149,3,13,1,3,0.3642897313014585,0,1
26157,3,21,1,3,0.3527410403533734,0,0
26159,3,22,1,3,0.3398338533015586,0,0
27001,2,12,1,3,0.2746358811880977,0,0
27015,1,10,0,3,0.2672612001297582,0,0
27019,1,18,0,3,0.1984032903834899,0,0
27025,1,15,1,3,0.22669602737179492,0,0
27031,2,6,0,3,0.22135348955471665,0,0
27043,2,14,0,3,0.327978008372852,0,0
27045,1,16,0,3,0.2504943675376057,0,0
27059,1,12,0,3,0.23292271937782794,0,0
27061,2,30,1,3,0.25943524105033866,0,1
27077,1,4,0,3,0.1271142079990523,0,0
27079,1,13,1,3,0.26387708959252876,0,0
27081,2,12,0,3,0.3108844237643252,0,0
27093,1,13,0,3,0.24800369079652965,0,0
27099,2,19,1,3,0.28851093255201277,0,1
27107,2,14,0,3,0.3244512538355644,0,0
27113,1,7,0,3,0.3164963419484266,0,0
27117,2,9,0,3,0.3426268172846787,0,0
27123,2,26,1,3,0.23119886193982847,0,0
27125,2,9,0,3,0.32646802896137506,0,0
27127,2,22,1,3,0.29368494857876004,0,0
27155,1,9,0,3,0.3135740465579879,0,0
27167,1,12,0,3,0.2835305183547948,0,0
28011,4,17,1,3,0.45035413839111366,0,1
28021,4,5,0,3,0.3378181355882058,0,0
28025,4,8,1,3,0.339505159197608,0,0
28029,4,9,1,3,0.2580385474052665,0,0
28033,1,10,1,3,0.2629606680424804,0,0
28035,1,8,1,3,0.2604607151277701,0,1
28039,4,3,1,3,0.287612084404359,0,0
28041,3,7,1,3,0.2833641544745079,0,0
28043,4,7,1,3,0.2902572096311215,0,0
28061,4,14,1,3,0.29765112478860967,0,0
28063,4,7,0,3,0.33436418604428,0,0
28077,4,8,0,3,0.30161977009738516,0,0
28079,4,7,0,3,0.3474770616936691,0,0
28089,1,12,1,3,0.21390972395650037,0,0
28103,4,6,1,3,0.3985963437181533,0,0
28105,4,6,0,3,0.2724834078896523,0,0
28113,4,8,1,3,0.31976114617493634,0,0
28121,1,12,1,3,0.2170392798344134,0,0
28155,4,10,0,3,0.3060364821825699,0,0
29007,3,14,0,3,0.3811030164651519,0,0
29031,3,19,1,3,0.31225676788453927,0,1
29037,1,18,1,3,0.289554040982108,0,0
29055,4,12,1,3,0.3427623321254426,0,0
29085,4,13,1,3,0.32797537081753925,0,1
29093,3,16,1,3,0.35097250386317747,0,1
29095,2,55,0,3,0.3215077908757903,0,1
29101,2,19,0,3,0.3198603493980442,0,0
29109,3,21,1,3,0.37730200073031067,0,1
29111,3,12,0,3,0.36879485315171,0,0
29131,3,17,1,3,0.326556206455633,0,0
29135,2,13,1,3,0.32061000449368926,0,0
29139,3,11,1,3,0.36482441592890696,0,0
29149,4,12,0,3,0.4004572339746526,0,0
29209,1,17,1,3,0.3235044360446509,0,1
29221,1,16,0,3,0.3260040623826304,0,0
29229,4,11,1,3,0.40604154784685204,0,0
30009,1,13,0,3,0.3307988862370056,0,0
30039,2,5,0,3,0.3449403921374749,0,0
30053,4,6,1,3,0.3446441190363103,0,0
30057,1,18,0,3,0.2854762698664799,0,0
30063,2,16,0,3,0.2585886162725512,0,0
30101,2,8,0,3,0.4052584764872776,0,0
30109,2,2,0,3,0.35996654490974284,0,0
31005,2,8,0,3,0.344810267230242,0,0
31007,2,8,1,3,0.32445743122994053,0,1
31023,1,14,1,3,0.2916656720449108,0,1
31027,1,13,0,3,0.28925904085890536,0,0
31041,1,21,1,3,0.252122463111608,0,0
31067,2,18,1,3,0.30916014702692013,0,0
31075,2,3,1,3,0.3557161938872415,0,1
31077,1,8,0,3,0.30614995880121726,0,0
31079,2,11,1,3,0.25842662710175907,0,0
31083,2,8,1,3,0.30174938817386215,0,1
31085,2,8,0,3,0.3331989306620879,0,0
31087,2,6,0,3,0.34249812241543187,0,0
31099,2,11,0,3,0.2624022405948692,0,0
31103,2,4,0,3,0.29576171996693623,0,0
31115,2,5,0,3,0.3261273769113083,0,0
31117,2,5,0,3,0.3063998832528008,0,0
31133,3,11,0,3,0.3318602901175623,0,0
31159,1,18,0,3,0.25890327007110037,0,0
31161,2,9,1,3,0.3787899755895372,0,1
31165,3,8,0,3,0.36546136755868514,0,0
32001,2,2,1,3,0.4498405450200324,0,0
32009,4,4,0,3,0.37232836161022403,0,0
32023,1,11,0,3,0.46912338797740466,0,1
34003,1,66,0,3,0.17705215821005438,0,0
34033,2,14,1,3,0.2931787080756479,0,1
35003,3,9,0,3,0.5086416819896978,1,0
35007,4,9,1,3,0.4192804606242999,0,0
35013,1,26,0,3,0.40086150265083237,0,0
35017,4,16,1,3,0.35320270756111,0,0
35035,4,18,1,3,0.47492069736298864,0,0
35049,2,15,1,3,0.27932497804411177,0,0
36009,1,36,1,3,0.3088409831861973,0,0
36015,2,22,1,3,0.2522763161238713,0,0
36019,2,25,0,3,0.26778453084000486,0,0
36021,2,36,1,3,0.2261427652053777,0,1
36025,3,47,0,3,0.24309779423753888,0,0
36027,1,35,1,3,0.20366059736037084,0,0
36033,3,23,1,3,0.288949105200647,0,0
36039,2,42,1,3,0.24305604429108882,0,1
36053,1,31,1,3,0.2868527428731943,0,1
36061,2,47,0,3,0.2394610693476566,0,0
36065,2,54,1,3,0.27967482931724974,0,0
36079,1,12,0,3,0.17177883777548944,0,0
36089,3,49,1,3,0.30272736723492755,0,0
36095,2,24,0,3,0.24935024338172915,0,0
36097,2,18,0,3,0.25787615797966335,0,0
36101,3,39,1,3,0.2594502135497611,0,0
36109,1,17,1,3,0.2517848635872133,0,0
36121,2,24,0,3,0.2827364099674949,0,0
36123,2,13,0,3,0.26806634551740116,0,0
37003,2,8,1,3,0.242902645940506,0,0
37013,4,15,1,3,0.30587703959041523,0,1
37017,4,18,1,3,0.3398491555305418,0,0
37021,2,19,1,3,0.1913242161696757,0,0
37025,2,16,1,3,0.22516555978751956,0,0
37027,3,10,1,3,0.24865321582569477,0,0
37035,2,14,1,3,0.2432388931050356,0,0
37045,1,13,1,3,0.2966347760772164,0,0
37063,2,16,1,3,0.19504775222176246,0,0
37065,4,15,1,3,0.3454560108144524,0,1
37069,3,13,1,3,0.2596474274907046,0,0
37073,2,6,0,3,0.3020741642606372,0,0
37075,4,2,0,3,0.30954634060367575,0,0
37083,4,9,1,3,0.3352018488510788,0,0
37097,2,16,0,3,0.2419697019149741,0,0
37117,4,11,0,3,0.31777499151442495,0,0
37127,3,15,1,3,0.2767059200859652,0,0
37149,2,7,0,3,0.20702187509401124,0,0
37175,3,10,1,3,0.2119545506837925,0,0
37181,4,8,1,3,0.3219729633662674,0,0
37183,1,39,0,3,0.16365164957856002,0,0
38003,1,19,0,3,0.2995591640492188,0,0
38007,2,8,0,3,0.32515721380892837,0,0
38013,1,9,0,3,0.308547973236265,0,0
38027,2,7,1,3,0.3579651300226683,0,1
38029,2,8,0,3,0.3299486267749227,0,0
38037,2,13,1,3,0.36759355163060975,0,1
38041,2,5,0,3,0.3716722665942704,0,0
38047,1,7,0,3,0.3414612659140935,0,0
38049,1,18,0,3,0.3215101017957098,0,0
38051,2,6,0,3,0.3532584407465594,0,0
38063,1,9,0,3,0.3321677011671177,0,0
38065,1,6,0,3,0.31897527638757783,0,0
38075,1,9,0,3,0.3083918921345964,0,0
38077,1,19,0,3,0.28358848658912805,0,0
38079,4,10,0,3,0.4509621366111938,0,0
38081,1,12,0,3,0.2812164149889852,0,0
38083,2,9,0,3,0.3606860412557062,0,0
38089,1,10,0,3,0.2771733160765859,0,0
39023,3,22,1,3,0.3595664424821081,0,0
39025,1,23,1,3,0.268692254247804,0,0
39033,3,15,0,3,0.351688257063351,0,0
39049,2,49,0,3,0.2815018048487786,0,0
39051,1,12,0,3,0.3611623406084884,0,0
39053,3,12,0,3,0.3250449695814725,0,0
39055,1,20,1,3,0.23627339649994739,0,0
39057,2,24,0,3,0.2948616883449528,0,0
39087,3,14,1,3,0.3272063778017972,0,0
39111,3,15,1,3,0.3197812304282725,0,0
39113,2,40,0,3,0.3357419666896939,0,0
39119,3,22,1,3,0.3263216814449791,0,0
39127,3,17,1,3,0.34495322416951285,0,1
39129,2,17,1,3,0.3282826731028405,0,1
39139,1,19,1,3,0.3027669850763189,0,0
39141,3,16,1,3,0.3345993885430066,0,0
39149,2,18,0,3,0.36375897387954664,0,0
39163,4,15,0,3,0.3541543377298512,0,0
39171,1,12,1,3,0.3560876489404191,0,1
40019,3,13,1,3,0.42688364102421295,0,0
40021,4,16,1,3,0.42142351855510424,0,1
40025,3,4,1,3,0.48279389854276933,0,1
40033,3,11,0,3,0.5013020381751997,1,0
40055,4,4,1,3,0.4594556792959771,0,1
40057,4,6,0,3,0.4749794454709505,0,0
40059,2,7,1,3,0.41651279029218635,0,1
40069,4,13,1,3,0.4819537178409239,0,1
40075,4,9,1,3,0.5111023044392423,1,1
40077,4,7,1,3,0.41185928090638835,0,1
40079,4,23,1,3,0.4135967788175117,0,0
40087,1,12,0,3,0.40119780767450625,0,0
40091,4,11,1,3,0.4312083790672152,0,0
40093,2,15,0,3,0.413895367892733,0,0
40103,2,11,0,3,0.3771701330042277,0,0
40109,3,55,0,3,0.37038780020366396,0,1
40115,4,9,1,3,0.4309624307581835,0,1
40123,3,10,1,3,0.3654193710437409,0,1
40125,3,16,0,3,0.3980089991894634,0,1
40129,3,9,0,3,0.4485193575281094,0,0
40143,2,42,0,3,0.32581580586262765,0,0
40153,2,11,1,3,0.38966079138736504,0,0
41001,3,12,1,3,0.3726687087509978,0,0
41007,2,9,0,3,0.26807380883385173,0,0
41029,3,18,1,3,0.33937087018921347,0,0
41039,3,39,1,3,0.2858744461989799,0,0
41043,2,20,1,3,0.34026054536888484,0,0
41051,2,42,0,3,0.2618508001485259,0,0
41061,3,8,1,3,0.364137227487256,0,0
41071,2,15,0,3,0.28527729540881747,0,0
42011,1,62,1,3,0.2746358802367042,0,0
42015,2,27,1,3,0.28269176999473317,0,0
42019,1,37,0,3,0.20181203774858195,0,0
42027,2,33,1,3,0.23199229818410402,0,0
42029,1,44,0,3,0.20901091992933596,0,0
42039,3,27,1,3,0.28184134804814337,0,1
42049,1,32,0,3,0.2811799725118734,0,0
42053,4,11,1,3,0.29498272760390937,0,1
42071,1,57,0,3,0.28298676269920453,0,0
42083,3,22,0,3,0.2647024495235896,0,0
42097,2,28,1,3,0.2783285522686745,0,0
42109,2,15,1,3,0.27710754455195896,0,0
42115,2,29,1,3,0.2708265049586881,0,1
42119,1,14,1,3,0.2353281391167066,0,1
42121,3,23,0,3,0.2518389873011348,0,0
42131,1,15,0,3,0.23414683628415092,0,0
44009,1,20,1,3,0.19371661533844528,0,0
45015,2,17,1,3,0.2847088809449931,0,0
45017,4,7,1,3,0.35045702052742245,0,0
45035,2,15,1,3,0.2667035911362597,0,0
45055,3,13,1,3,0.27976192053421917,0,1
45059,4,16,1,3,0.31098977078658835,0,0
45085,4,15,1,3,0.3450604734965407,0,0
46025,2,13,0,3,0.3138472434547506,0,0
46049,2,10,0,3,0.31521492486673375,0,0
46059,1,8,1,3,0.3059420171985065,0,1
46065,1,3,1,3,0.2790990299821025,0,0
46099,1,23,1,3,0.2385047207265828,0,0
46103,2,20,1,3,0.2456338441569724,0,0
46117,1,4,0,3,0.2893819112319766,0,0
46125,1,15,0,3,0.305097544267438,0,0
47003,3,13,1,3,0.36165986358709884,0,0
47029,4,8,0,3,0.36587730101597865,0,0
47053,4,11,1,3,0.3923945626275303,0,0
47061,4,10,0,3,0.35961097352907195,0,0
47065,1,31,0,3,0.26006659969886403,0,0
47085,3,4,1,3,0.3571430705761095,0,0
47091,4,5,0,3,0.3502763679798894,0,0
47099,4,11,1,3,0.3594894408035475,0,1
47111,4,8,1,3,0.3622663266304395,0,0
47115,3,12,0,3,0.27231201652671744,0,0
47139,3,12,1,3,0.33037210422885716,0,0
47141,1,10,1,3,0.3349206609591098,0,0
47149,1,20,1,3,0.30489542126021274,0,0
47151,4,9,0,3,0.3268033272114277,0,0
47159,3,15,1,3,0.34430356993460665,0,0
48011,1,6,0,3,0.40740239231485886,0,0
48017,1,6,1,3,0.41086241572713894,0,1
48037,3,10,1,3,0.32763082746725264,0,0
48051,2,5,1,3,0.39115368023719105,0,0
48053,2,13,1,3,0.3571839261084721,0,1
48063,3,2,1,3,0.3466959847619599,0,0
48075,4,4,1,3,0.4421916117014534,0,1
48079,4,4,0,3,0.5447165699966269,1,0
48101,4,3,1,3,0.4647635939038478,0,1
48111,1,3,0,3,0.42671190653844043,0,0
48119,3,7,1,3,0.41336000868905287,0,1
48135,2,8,1,3,0.3731963889867812,0,0
48145,3,17,1,3,0.4470881729554461,0,0
48177,3,14,1,3,0.416845689452465,0,0
48183,3,10,0,3,0.3056373845353632,0,1
48199,2,12,1,3,0.28783885859672537,0,0
48205,1,4,0,3,0.42109124476331616,0,0
48211,1,4,0,3,0.37645706347756214,0,0
48219,4,10,1,3,0.4428661083399989,0,0
48227,3,5,1,3,0.4434228361131649,0,0
48245,3,18,0,3,0.3545800677174003,0,0
48249,4,8,1,3,0.42570180217709824,0,1
48257,2,13,0,3,0.37351330931028554,0,1
48261,4,2,1,3,0.5174708237944605,1,1
48265,3,10,1,3,0.3374468566509432,0,1
48283,3,4,0,3,0.4208550915678094,0,0
48287,2,9,1,3,0.39148381730973225,0,0
48297,3,10,0,3,0.42602567462187535,0,0
48301,1,1,0,3,0.451917307343892,0,0
48305,3,7,0,3,0.42407567932968243,0,0
48307,3,6,1,3,0.4500272868702818,0,1
48309,1,29,0,3,0.36947042399451274,0,0
48313,2,5,1,3,0.3469037041153575,0,0
48341,2,6,1,3,0.4172971998693043,0,0
48353,3,9,1,3,0.38322852320764356,0,0
48357,4,5,0,3,0.4766324747937538,0,0
48375,4,16,1,3,0.40779636150475845,0,0
48383,2,2,0,3,0.41532704269417103,0,0
48389,3,4,1,3,0.279597568850613,0,0
48391,3,5,1,3,0.4264486750904716,0,1
48415,3,8,1,3,0.4499002441837365,0,0
48425,3,7,0,3,0.37171679303956956,0,0
48427,4,10,1,3,0.5007863698153511,1,1
48429,4,8,1,3,0.4182538731920607,0,1
48433,3,7,0,3,0.4301647963096898,0,0
48441,1,17,1,3,0.3342220985384102,0,0
48451,1,14,1,3,0.3528689679173391,0,0
48457,3,10,1,3,0.3138772260961737,0,0
48461,2,4,0,3,0.42792275485484466,0,0
48467,3,13,1,3,0.37823124550871373,0,0
48477,2,7,1,3,0.39763341616798925,0,1
48479,4,10,0,3,0.4025384999937788,0,1
48481,1,13,1,3,0.4122675439749949,0,0
48483,3,6,0,3,0.4110613240312014,0,0
48493,2,12,1,3,0.38338730632163953,0,1
49001,2,4,0,3,0.3284419559898657,0,0
49005,3,16,1,3,0.33374514338278055,0,0
49007,3,6,0,3,0.41055137662866775,0,0
49053,2,21,0,3,0.29896950403034883,0,1
49057,1,9,1,3,0.33131096937811755,0,0
50005,2,22,1,3,0.2127105540347101,0,1
50007,1,21,1,3,0.23051612583931008,0,0
50015,2,11,0,3,0.2043523453692431,0,0
51013,1,11,1,3,0.1582412914772341,0,0
51015,2,27,1,3,0.25878366978650186,0,0
51017,4,7,0,3,0.28159057171718627,0,0
51021,2,6,0,3,0.25550932667852505,0,0
51027,4,16,1,3,0.3317599647141227,0,0
51033,1,11,0,3,0.2582370992302076,0,0
51035,3,17,0,3,0.32288332410062764,0,0
51041,1,16,0,3,0.20535254838617975,0,0
51057,4,8,1,3,0.3542670962167086,0,1
51067,3,16,0,3,0.2738129883538651,0,0
51089,4,12,0,3,0.3114682662340165,0,0
51093,1,8,1,3,0.2793150337907626,0,1
51101,1,6,0,3,0.2840447744879436,0,0
51109,2,12,0,3,0.2804154301499481,0,0
51113,2,21,1,3,0.34723452134810723,0,0
51155,3,8,0,3,0.2715258348628157,0,0
51161,1,14,1,3,0.18778202628429377,0,0
51193,2,8,1,3,0.3149136472802105,0,0
51195,4,8,0,3,0.29852618159215366,0,0
51199,1,9,1,3,0.17580748792099893,0,0
51590,4,2,1,3,0.31470842820993095,0,1
51610,1,4,0,3,0.15160916086247753,0,0
51650,2,9,1,3,0.2969726264351309,0,0
51678,3,1,1,3,0.2427915911252432,0,1
51680,3,5,1,3,0.23882771801028205,0,0
51690,4,1,1,3,0.306064989791218,0,0
51700,3,8,1,3,0.2833221045651222,0,0
51740,1,8,1,3,0.3202409541367616,0,0
51810,1,12,0,3,0.21984898206538772,0,0
53045,2,15,1,3,0.28908497039111464,0,1
53055,1,9,0,3,0.22313949173259323,0,0
53067,1,14,1,3,0.25450171470073424,0,0
54005,4,31,1,3,0.3409608415399875,0,0
54011,3,13,1,3,0.3007738566861983,0,0
54031,3,10,0,3,0.3915681522355216,0,0
54041,4,11,1,3,0.34234679414704655,0,0
54043,4,19,0,3,0.35633116592357733,0,0
54049,3,18,1,3,0.30809262094536394,0,1
54061,3,16,1,3,0.24396337867545992,0,0
54069,2,6,1,3,0.2935396727906998,0,1
54075,3,13,0,3,0.3751760578247262,0,0
54087,4,13,0,3,0.37458943034989345,0,0
54101,4,11,0,3,0.3937133181168344,0,0
54103,4,12,1,3,0.345208751030376,0,0
54109,4,39,0,3,0.25313410960098215,0,0
55003,3,11,0,3,0.25290930278437235,0,0
55015,1,14,1,3,0.24297458248943266,0,0
55045,1,12,1,3,0.24415762357509513,0,1
55059,1,17,1,3,0.2516504388823265,0,0
55065,2,14,1,3,0.27350304043720275,0,0
55067,2,15,0,3,0.2604352125077764,0,0
55071,1,19,1,3,0.248705712820954,0,0
55083,1,19,1,3,0.2525189347443006,0,1
55087,1,24,1,3,0.23146327471984018,0,0
55095,1,20,1,3,0.234641593633131,0,1
55109,1,18,0,3,0.21728359483927856,0,0
55127,1,16,1,3,0.2551315830468096,0,0
55139,1,18,1,3,0.24852495231981733,0,0
56013,2,11,1,3,0.4104683291014164,0,0
56025,1,11,1,3,0.3622386544745581,0,0
56027,3,5,0,3,0.44473747839075944,0,0
56031,2,5,1,3,0.40679826194654284,0,1
56041,1,5,0,3,0.37980297343195885,0,0
01019,4,11,1,4,0.3603266977314476,0,0
01021,3,14,1,4,0.34720772144425077,0,0
01035,4,13,1,4,0.37896147955085013,0,0
01039,4,13,1,4,0.3608853916884676,0,1
01051,2,13,1,4,0.30086118920285954,0,0
01053,4,9,1,4,0.37342408267950544,0,0
01065,4,9,1,4,0.3834101568620411,0,0
01083,2,15,1,4,0.3215215043665658,0,0
01087,4,13,1,4,0.3159058647715078,0,0
01093,4,12,1,4,0.35084174030512527,0,1
01101,1,24,1,4,0.310151481977993,0,0
01125,1,27,1,4,0.29437756188002573,0,0
04003,3,23,0,4,0.3254477499533821,0,1
04007,4,13,0,4,0.35704918137701086,0,1
04009,4,10,1,4,0.33450039577308416,0,1
04019,1,48,0,4,0.3076162245347325,0,1
05027,4,7,1,4,0.37005537783481396,0,0
05033,3,11,1,4,0.3659553793268787,0,1
05047,4,13,1,4,0.38731452273576883,0,0
05067,4,11,1,4,0.41052763663533276,0,0
05075,4,14,1,4,0.3636277532851022,0,0
05085,2,11,1,4,0.32005022372504377,0,0
05089,3,17,0,4,0.35220495806443686,0,0
05097,4,9,1,4,0.37612272194223084,0,1
05103,4,8,1,4,0.3868913108582855,0,0
05111,4,10,1,4,0.38946924254538684,0,0
05123,4,13,1,4,0.38815197583935224,0,0
05129,4,10,1,4,0.3758180178284499,0,1
05135,4,13,1,4,0.37081628492122054,0,0
05137,4,16,0,4,0.3750263488096458,0,0
06005,2,12,1,4,0.32057625515836485,0,1
06017,1,23,1,4,0.2819064139637915,0,0
06025,4,17,0,4,0.3605720896618402,0,1
06031,4,12,1,4,0.34569468291387484,0,0
06035,2,17,1,4,0.32230128230206145,0,1
06045,3,29,1,4,0.32306183397819055,0,0
06053,3,31,0,4,0.29628466518859603,0,0
06057,2,12,1,4,0.2991916030929393,0,0
06085,1,63,0,4,0.24785862223019112,0,0
06103,4,15,1,4,0.3752349822734188,0,0
06109,1,16,1,4,0.263659372828288,0,1
08013,1,22,1,4,0.26847328265939124,0,0
08063,2,6,0,4,0.3406147439813105,0,0
08065,3,2,0,4,0.2680799229129324,0,0
08069,1,24,1,4,0.27425776480566283,0,0
08071,4,11,0,4,0.32065408313888355,0,0
08091,1,3,0,4,0.26781850484305436,0,0
08101,3,15,1,4,0.3338832121081187,0,0
08109,4,8,1,4,0.2974058749321405,0,1
08111,1,2,0,4,0.2697650350588975,0,0
11001,1,29,0,4,0.2439584227963884,0,1
12003,2,5,1,4,0.2968823064195251,0,0
12005,2,16,1,4,0.2876013900115446,0,0
12007,1,9,0,4,0.2513485010750208,0,0
12043,4,5,1,4,0.3526388542052868,0,0
12047,4,3,0,4,0.367722383853037,0,0
12049,4,4,1,4,0.36665892236471653,0,0
12081,2,21,0,4,0.2852269412482968,0,0
12099,2,53,0,4,0.2674836798539485,0,0
12103,2,48,0,4,0.27523469233715375,0,0
12105,3,41,0,4,0.3087438661046007,0,0
12115,1,28,0,4,0.27017426304299985,0,0
12129,2,4,1,4,0.2977858011303992,0,0
13009,4,6,1,4,0.36083149272494147,0,0
13013,2,8,1,4,0.29264743735239596,0,0
13029,1,3,0,4,0.281754601476388,0,0
13043,4,4,1,4,0.4001076513764116,0,1
13053,3,2,0,4,0.24769965002905167,0,0
13067,1,23,0,4,0.22995039506139436,0,0
13089,1,36,0,4,0.25991243930459806,0,0
13095,4,6,1,4,0.36998622698294764,0,0
13109,4,6,1,4,0.3891728849931601,0,1
13113,1,8,1,4,0.23658619965021982,0,0
13127,3,8,1,4,0.3055534282605885,0,0
13133,3,7,0,4,0.3451373516235812,0,0
13139,2,19,1,4,0.2800628032153775,0,0
13145,1,12,0,4,0.2642767326980528,0,0
13153,2,12,1,4,0.3202851710927963,0,0
13159,3,6,0,4,0.34644611423631244,0,0
13161,4,4,0,4,0.39603196849597616,0,0
13163,4,9,1,4,0.40340516124720976,0,0
13165,4,5,1,4,0.42082254052631596,0,1
13177,2,7,0,4,0.3199877231815049,0,0
13181,4,2,0,4,0.3728937326858482,0,0
13185,1,11,0,4,0.32960021352061936,0,1
13211,1,9,0,4,0.28692774448586555,0,0
13215,4,11,1,4,0.30850882781936967,0,0
13219,1,8,1,4,0.2503727197298455,0,1
13265,4,4,0,4,0.40236339382727343,0,0
13279,4,3,1,4,0.37792642471262716,0,0
13305,4,6,1,4,0.35594204572254995,0,0
13311,2,7,0,4,0.272743867957658,0,0
16001,1,17,1,4,0.2726785686322308,0,0
16005,3,10,0,4,0.3298816802914358,0,0
16011,3,11,1,4,0.31278550414534023,0,0
16013,2,8,1,4,0.33792884098973097,0,0
16015,1,8,0,4,0.3014162555431235,0,0
16019,2,14,1,4,0.2939770005586514,0,0
16023,3,3,0,4,0.314557116990976,0,0
16037,4,7,0,4,0.31532152912392464,0,0
16043,3,9,0,4,0.33259117307405417,0,0
16061,2,7,0,4,0.3194621864858939,0,0
16075,3,7,1,4,0.37544885146125756,0,0
16083,3,10,1,4,0.3310336431875424,0,1
17001,2,23,1,4,0.28837734693249445,0,0
17021,2,20,1,4,0.31388385707567446,0,1
17061,2,13,0,4,0.3134365213648643,0,0
17069,3,5,0,4,0.3508188789393916,0,0
17071,2,17,0,4,0.32066699905824714,0,0
17075,2,25,1,4,0.3339846687056665,0,0
17079,2,15,0,4,0.3163936704434686,0,0
17111,1,24,1,4,0.23891671381761556,0,0
17119,2,35,0,4,0.28753600188272777,0,0
17121,3,15,1,4,0.3350602926186494,0,1
17127,3,8,1,4,0.3625162194763627,0,0
17129,1,8,0,4,0.28347565516785306,0,0
17131,1,18,0,4,0.31792236535321905,0,0
17145,3,12,0,4,0.34038861618074595,0,0
17173,2,22,1,4,0.31456358512219734,0,0
17185,2,7,0,4,0.3108927513837152,0,0
17189,1,13,1,4,0.3075467594375308,0,0
17195,2,15,0,4,0.31376379784095193,0,0
17199,3,22,1,4,0.3058454316391413,0,0
18009,3,7,1,4,0.38676209856625493,0,0
18015,2,17,0,4,0.34410597385172126,0,0
18021,2,17,1,4,0.3403807979688815,0,0
18029,1,9,1,4,0.3004133513100372,0,0
18051,2,16,1,4,0.31837410714891057,0,1
18069,2,9,1,4,0.3182496180229276,0,1
18073,1,13,1,4,0.3105625177988258,0,1
18085,1,21,1,4,0.31112678706467073,0,0
18087,1,12,1,4,0.35116047822381813,0,1
18089,2,28,0,4,0.3115467906180392,0,0
18091,3,15,1,4,0.3347064588731845,0,0
18109,1,14,1,4,0.3322570242812319,0,0
18121,3,12,0,4,0.3555389788639017,0,0
18159,2,10,0,4,0.3401133130949399,0,0
18167,1,18,1,4,0.3305597484178384,0,0
19013,3,17,1,4,0.29272490043238464,0,0
19021,2,13,1,4,0.293552122580197,0,0
19023,1,16,1,4,0.3027764097613305,0,0
19029,2,13,0,4,0.3632079260095167,0,0
19035,2,15,0,4,0.34689349640580186,0,0
19041,2,15,1,4,0.2980282538896644,0,0
19063,2,7,0,4,0.3196633937918785,0,0
19067,3,13,1,4,0.3182604558997724,0,0
19073,2,13,0,4,0.33222550972255416,0,0
19079,1,15,1,4,0.3138886397126943,0,0
19085,2,15,0,4,0.3137353621876376,0,0
19117,2,9,0,4,0.33433202155172703,0,0
19143,2,8,0,4,0.32081580355961525,0,0
19147,1,14,0,4,0.2975012066202089,0,0
19169,3,22,1,4,0.27518619210382006,0,0
19171,2,19,0,4,0.3468988275974053,0,0
19175,2,10,0,4,0.33378591934224994,0,0
19177,2,13,0,4,0.3249050163632533,0,0
19179,3,12,1,4,0.338330394030307,0,1
19185,3,12,0,4,0.37945732115023806,0,0
20009,3,10,1,4,0.341245934928717,0,0
20027,1,10,1,4,0.326656796399725,0,1
20031,2,10,0,4,0.3526296892822025,0,0
20037,1,15,1,4,0.3288009482807956,0,1
20043,2,10,0,4,0.32752042975300943,0,0
20063,2,10,0,4,0.3819697534308856,0,0
20073,3,11,1,4,0.39973354955077484,0,1
20089,3,14,0,4,0.3986705506649778,0,0
20091,1,34,0,4,0.24223552855850342,0,0
20125,3,13,1,4,0.38657245582894234,0,1
20133,4,11,1,4,0.3863940006966205,0,0
20141,2,12,0,4,0.34174553412141634,0,0
20153,3,10,0,4,0.3580022693789386,0,0
20159,2,13,1,4,0.3376351558825792,0,1
20161,3,14,1,4,0.32282255224877354,0,0
20163,2,10,1,4,0.3129918394884338,0,1
20165,2,10,0,4,0.31886768005950394,0,0
20169,2,9,1,4,0.29897030819541953,0,1
20183,2,10,0,4,0.3362794013662259,0,0
20201,2,15,1,4,0.322075544607967,0,1
20203,1,3,0,4,0.35512085472812926,0,0
20207,3,10,0,4,0.4026801561973267,0,0
21015,1,9,1,4,0.2693749782634309,0,0
21023,3,7,1,4,0.35111826015872294,0,1
21033,3,6,1,4,0.38942830920706006,0,0
21043,4,10,0,4,0.3685065540800705,0,0
21047,4,15,1,4,0.36873216929135927,0,0
21055,4,5,0,4,0.4103980774726889,0,0
21069,4,7,1,4,0.37865647206554964,0,0
21075,4,3,1,4,0.43147018326313064,0,1
21077,3,6,1,4,0.34300422765168687,0,1
21091,2,5,0,4,0.34133269227539303,0,0
21093,2,17,1,4,0.32780703511568055,0,0
21095,4,27,0,4,0.37708515636345286,0,0
21107,4,13,1,4,0.36913289862645476,0,0
21109,4,5,0,4,0.37482519301010875,0,0
21127,4,10,1,4,0.3686536498994906,0,0
21153,4,4,1,4,0.3832896282802861,0,0
21169,4,10,0,4,0.39434012385335315,0,0
21183,3,16,1,4,0.3678476109258666,0,0
21207,4,7,1,4,0.3796000055596045,0,0
21217,4,6,1,4,0.3633702922637681,0,0
21231,4,5,1,4,0.387565505520788,0,0
21235,4,7,1,4,0.36127373263471985,0,0
22001,4,15,1,4,0.36648700368354303,0,1
22003,3,13,1,4,0.32771412693216,0,0
22005,1,8,1,4,0.27587597516502577,0,0
22007,4,9,0,4,0.35029486051616443,0,0
22041,4,7,1,4,0.41879093047199134,0,0
22043,3,8,1,4,0.3367259233076183,0,0
22053,3,10,1,4,0.3568520678054526,0,1
22059,4,8,0,4,0.37016950523748643,0,0
22087,4,6,1,4,0.33389905957372273,0,1
22097,1,18,0,4,0.34821330161492114,0,1
22107,4,4,1,4,0.39065969092863084,0,1
22115,3,13,1,4,0.31869905760937123,0,1
22117,4,6,1,4,0.37697624295845017,0,0
23031,1,36,1,4,0.2636349243229911,0,0
24001,3,15,1,4,0.31145614847627245,0,1
24009,1,14,0,4,0.25844253718858956,0,0
24015,1,15,0,4,0.2971236968552785,0,1
24037,1,26,1,4,0.26094700436357743,0,0
24045,3,16,0,4,0.2986454063177902,0,1
25003,2,36,0,4,0.26018390463429925,0,0
25009,1,45,0,4,0.24760221600089766,0,0
25019,1,2,0,4,0.23323821871071815,0,0
25027,1,87,1,4,0.25020626967892906,0,0
26045,1,19,1,4,0.3021844967780988,0,0
26055,1,9,1,4,0.2556850564739716,0,1
26061,4,20,1,4,0.27931948866681583,0,0
26071,3,8,0,4,0.32752944344384055,0,0
26079,3,8,0,4,0.329100461061847,0,0
26083,3,6,0,4,0.29475383126604215,0,0
26091,2,23,1,4,0.31422550334964383,0,0
26099,2,39,1,4,0.30860168017685236,0,0
26103,2,15,1,4,0.2676601929878348,0,1
26111,2,15,0,4,0.2670038850406007,0,0
26115,1,25,1,4,0.3236749243686627,0,0
26119,3,5,0,4,0.33619695495579643,0,0
26123,3,21,1,4,0.32481906450727516,0,0
26143,4,7,0,4,0.33487778621962555,0,0
26151,3,22,1,4,0.3323872502627042,0,0
26155,2,19,1,4,0.2984698515632088,0,0
26161,2,27,1,4,0.25789742855825243,0,0
27003,1,20,1,4,0.24335393285623497,0,0
27007,3,18,1,4,0.3074737718941123,0,0
27011,2,10,0,4,0.32204127995370346,0,0
27027,2,15,1,4,0.2903561263812416,0,0
27039,1,10,0,4,0.27034593724326716,0,0
27051,2,11,0,4,0.309645507717531,0,0
27055,1,9,0,4,0.2652369740589356,0,0
27071,2,13,0,4,0.3196318644531364,0,0
27073,1,10,0,4,0.3134300712825181,0,0
27083,3,14,1,4,0.28558183818457594,0,0
27091,2,15,0,4,0.30520615957150876,0,0
27101,1,16,0,4,0.30150730352820765,0,0
27109,1,19,1,4,0.24904597245839832,0,0
27129,2,16,1,4,0.304678326728207,0,0
27133,1,12,0,4,0.2889281625641174,0,0
27145,2,33,1,4,0.2745532703759474,0,0
27161,2,13,0,4,0.29976295993042695,0,0
28005,4,9,0,4,0.3323175051690173,0,0
28007,4,11,1,4,0.36563385376565977,0,0
28045,3,10,1,4,0.3230470964931356,0,1
28047,1,13,0,4,0.28703629312452184,0,1
28049,1,21,0,4,0.3213432979026176,0,0
28053,4,8,0,4,0.4080107494209872,0,0
28069,4,11,1,4,0.35674993585977205,0,1
28071,4,13,1,4,0.2631758055980863,0,0
28083,4,11,1,4,0.38351232773121724,0,0
28093,3,8,1,4,0.3291161409769758,0,0
28129,4,15,0,4,0.3444684189015825,0,0
28131,4,6,1,4,0.3313574482466628,0,0
28135,4,18,1,4,0.3768593792490689,0,0
28145,3,11,1,4,0.3139048965238073,0,0
28157,4,4,0,4,0.3612650442018545,0,0
28159,4,10,1,4,0.3556396119757972,0,0
29009,4,17,1,4,0.3880745029773734,0,0
29017,4,13,1,4,0.3851696845423603,0,0
29019,1,13,1,4,0.24255683468751663,0,0
29023,4,10,1,4,0.39900544981514097,0,0
29033,3,10,1,4,0.3685160387731657,0,1
29039,4,9,1,4,0.40249454798243944,0,0
29043,1,21,1,4,0.2869812717171527,0,1
29049,1,11,1,4,0.3229420159435818,0,0
29057,3,13,1,4,0.39970137218564555,0,1
29075,3,13,0,4,0.3614605026649348,0,0
29081,4,13,0,4,0.4025435599674064,0,0
29083,4,11,1,4,0.35950462652963305,0,0
29091,4,12,1,4,0.3778273503365984,0,0
29099,1,24,1,4,0.30196983344181716,0,0
29123,3,7,1,4,0.34901034731451563,0,0
29137,3,16,0,4,0.36324417617940463,0,0
29141,4,15,0,4,0.3856848509175501,0,0
29143,4,17,1,4,0.4223327258444203,0,0
29171,3,10,0,4,0.3796934274798108,0,0
29175,3,12,1,4,0.34319293838307974,0,0
29177,2,12,1,4,0.33744307764734,0,0
29181,4,9,1,4,0.40300720708214083,0,0
29183,1,14,1,4,0.27718102232881636,0,0
29199,3,10,1,4,0.38082878964374295,0,1
29205,3,9,0,4,0.3570071562920623,0,0
29207,1,13,1,4,0.3709968926472117,0,1
29213,3,20,1,4,0.3397779418639048,0,1
29225,3,9,1,4,0.3412298670967491,0,1
29510,4,29,0,4,0.33360982341902423,0,1
30017,2,6,0,4,0.3394800296396371,0,0
30031,2,10,0,4,0.2650164594192306,0,0
30037,3,3,0,4,0.3737992975006023,0,0
30049,1,9,1,4,0.2715487771897187,0,0
30055,3,6,0,4,0.39815175712733625,0,0
30065,3,5,0,4,0.377926594394956,0,0
30067,2,9,0,4,0.2974975691531752,0,0
30089,4,11,0,4,0.37814464467348535,0,0
30095,1,10,0,4,0.3054185053596057,0,0
30103,3,2,0,4,0.3720004287498287,0,0
30111,2,16,1,4,0.29958208517200474,0,0
31003,2,11,1,4,0.30650954968808497,0,1
31009,2,4,0,4,0.2830375188973377,0,0
31013,2,3,1,4,0.3570619955015371,0,0
31033,1,5,1,4,0.32056260517396273,0,1
31045,2,6,1,4,0.30791148204565344,0,1
31049,2,4,0,4,0.3591032831320792,0,0
31055,2,35,0,4,0.2728345038104946,0,0
31069,1,9,0,4,0.3503406567390195,0,0
31093,1,11,1,4,0.28987121674808264,0,1
31109,2,42,1,4,0.2627046253810693,0,0
31119,2,8,1,4,0.2786818622574027,0,1
31121,3,9,0,4,0.29880229435155836,0,0
31145,2,8,0,4,0.3070836104534975,0,0
31147,2,9,0,4,0.35190263488169427,0,0
31151,3,12,0,4,0.34019518905545676,0,0
31153,1,13,1,4,0.26351337315902773,0,0
31167,2,10,0,4,0.28472896529632824,0,0
31175,2,6,0,4,0.30579706180335214,0,0
31179,2,11,1,4,0.2754150047723123,0,1
32029,1,5,0,4,0.2973012807400377,0,0
32031,2,27,0,4,0.3087279509432094,0,0
34007,1,35,0,4,0.25413102821625383,0,0
34011,1,22,1,4,0.29147377999951574,0,0
34013,2,31,0,4,0.2825974824652357,0,0
34019,1,26,1,4,0.22277433383872128,0,0
34021,1,25,1,4,0.23834822339177442,0,0
34025,1,52,0,4,0.2262280711759771,0,0
34039,1,27,0,4,0.2564361200509783,0,0
35015,3,8,1,4,0.26396702132724664,0,1
35025,3,7,1,4,0.347051913909672,0,0
35039,1,37,1,4,0.2883293450904352,0,0
35045,4,22,0,4,0.36750904295188547,0,1
35051,4,10,1,4,0.37624925450218893,0,0
35055,4,21,1,4,0.3090421512602995,0,1
35057,4,9,0,4,0.3902517409824315,0,0
36011,1,26,1,4,0.28103155421765147,0,0
36035,3,14,0,4,0.30293756063821853,0,0
36041,2,13,1,4,0.3013377657805643,0,1
36057,3,20,1,4,0.30804195786855487,0,1
36063,1,22,1,4,0.32063994320382927,0,0
36103,1,108,0,4,0.23620777393962245,0,0
36107,2,15,1,4,0.2824385432259771,0,0
37001,3,12,1,4,0.2993854549256158,0,0
37005,4,7,0,4,0.34601478086771853,0,0
37033,3,16,0,4,0.3149888113485161,0,0
37041,3,4,1,4,0.32738552936856935,0,0
37055,1,14,1,4,0.26301323597011245,0,0
37071,3,18,1,4,0.29363090190883046,0,0
37085,3,16,1,4,0.28311293974197194,0,0
37087,2,7,0,4,0.3007729728153539,0,0
37089,2,15,1,4,0.26296491937998967,0,0
37095,4,7,0,4,0.3713584415625605,0,0
37105,3,4,1,4,0.2964904304830507,0,1
37129,3,10,1,4,0.24791175741476648,0,0
37139,3,1,0,4,0.3170976136436937,0,0
37153,4,11,1,4,0.3507176537703861,0,0
37159,3,19,1,4,0.3008921872230767,0,0
37171,4,12,1,4,0.32490922486326895,0,0
37185,4,8,1,4,0.36710235318695084,0,0
37193,4,23,1,4,0.3195583232284739,0,0
37197,3,7,0,4,0.32037340790258895,0,0
38005,3,18,0,4,0.3716294070382962,0,0
38021,1,8,0,4,0.31102444158262554,0,0
38033,1,4,0,4,0.3195500899098778,0,0
38057,1,10,0,4,0.3357915101206002,0,0
38071,1,12,0,4,0.20948898113612596,0,0
38087,1,9,0,4,0.32073966642960106,0,0
38097,1,12,0,4,0.2823120213672182,0,0
39009,4,18,1,4,0.29336772271822326,0,0
39019,2,20,1,4,0.3347285483181381,0,0
39061,1,57,0,4,0.2888623607575412,0,1
39067,3,16,0,4,0.3583584808621969,0,0
39069,1,17,0,4,0.32870128673236154,0,0
39099,2,36,1,4,0.349407067629472,0,0
39121,2,15,1,4,0.3300613950791656,0,0
39135,1,16,1,4,0.36372446886669746,0,0
39155,3,30,1,4,0.35314571305700043,0,0
39157,2,27,0,4,0.32729309067510354,0,0
39159,1,20,1,4,0.2874176275761205,0,1
40001,4,8,1,4,0.4308642341810887,0,0
40003,1,13,1,4,0.3475085142430377,0,1
40005,4,15,0,4,0.42108328463538824,0,0
40009,3,6,1,4,0.3630469257288409,0,0
40011,3,13,1,4,0.3781934778842181,0,1
40027,2,21,0,4,0.3087694771865536,0,0
40049,3,13,1,4,0.40178790273712683,0,0
40053,1,10,1,4,0.3698639629733494,0,1
40067,4,8,1,4,0.44759506608458055,0,1
40071,4,10,1,4,0.40877103696902606,0,1
40073,2,12,1,4,0.3881103481319151,0,0
40083,2,15,1,4,0.34543406351250056,0,1
40105,3,7,1,4,0.426334700256714,0,1
40117,3,12,1,4,0.3957280879087981,0,0
40121,3,19,1,4,0.397788868099702,0,1
40127,4,16,1,4,0.4164884307598976,0,0
40145,2,15,1,4,0.3519555685926732,0,1
40149,3,18,1,4,0.36301712356441995,0,0
41005,1,37,1,4,0.27998389743266255,0,0
41009,2,9,1,4,0.31229452592424617,0,1
41017,1,7,1,4,0.2920031695075563,0,0
41021,2,4,0,4,0.39183190932342427,0,0
41031,3,8,1,4,0.3603115146594922,0,0
41047,3,26,1,4,0.3403698573547647,0,0
41049,3,7,1,4,0.3959340470874893,0,0
41053,2,11,1,4,0.3084936654793968,0,0
41055,2,5,0,4,0.3855577665269303,0,0
41057,2,16,0,4,0.3252726485081872,0,0
41059,3,14,1,4,0.3837968885196512,0,0
41063,2,5,0,4,0.3523982076582604,0,0
42001,1,17,1,4,0.293570539712252,0,0
42009,2,28,1,4,0.3244837095914357,0,0
42031,3,31,0,4,0.29793034523770606,0,0
42033,3,51,1,4,0.3082283527463312,0,0
42035,3,15,0,4,0.29749068977563714,0,0
42043,2,30,1,4,0.3099375083946162,0,0
42045,1,44,0,4,0.2558475275568798,0,0
42057,2,17,0,4,0.32846629863708277,0,0
42067,2,13,0,4,0.3387950971991827,0,0
42075,2,19,1,4,0.3199651335473974,0,0
42077,1,34,0,4,0.29558362982174374,0,0
42079,3,50,1,4,0.29549526554902095,0,0
42085,2,28,1,4,0.3100662100898964,0,0
42089,2,35,1,4,0.2737580975321792,0,0
42101,4,46,0,4,0.2990302452877444,0,1
42105,3,15,0,4,0.34203302139083525,0,0
42107,2,59,1,4,0.3289104087887562,0,0
42111,2,40,1,4,0.3111680389929013,0,0
44003,1,9,1,4,0.24487999396810775,0,0
44005,1,8,1,4,0.22058752062593087,0,0
44007,1,39,0,4,0.26525863314345716,0,0
45005,4,6,1,4,0.3995816962881926,0,1
45007,3,19,0,4,0.30829474101991605,0,0
45013,1,16,1,4,0.2780402330404505,0,0
45023,4,10,1,4,0.3477100396585381,0,1
45033,4,11,1,4,0.37911132344180354,0,1
45041,3,12,1,4,0.3222502671845264,0,0
45043,3,5,1,4,0.3216710130160636,0,0
45049,4,13,1,4,0.3869099991915813,0,0
45051,3,16,1,4,0.3006846258003865,0,0
45057,3,5,1,4,0.29497978824653037,0,0
45061,4,12,0,4,0.37261851736878066,0,0
45071,3,11,0,4,0.35372152338605545,0,0
45075,1,24,0,4,0.3772868634984519,0,1
45077,3,15,1,4,0.275782066431181,0,0
45087,4,9,1,4,0.3557789789549821,0,0
46011,2,12,0,4,0.24882240578772663,0,0
46031,4,15,1,4,0.410414912076083,0,1
46033,3,9,1,4,0.3447339310026067,0,1
46039,1,12,0,4,0.3030527436323824,0,0
46051,1,12,0,4,0.2910269888503787,0,0
46053,3,8,0,4,0.3386192528875582,0,0
46067,2,13,1,4,0.30745419524299183,0,1
46071,4,12,0,4,0.4045797637078059,0,0
46075,1,5,0,4,0.29998784612494556,0,0
46079,2,14,0,4,0.27180640459776734,0,0
46087,2,12,0,4,0.2904157499078974,0,0
46101,2,13,0,4,0.27680373855756674,0,0
46102,4,11,0,4,0.41927820303673863,0,0
47033,4,8,1,4,0.40393180330626616,0,0
47047,1,15,0,4,0.2972700258390495,0,0
47057,4,9,0,4,0.3847315243355159,0,0
47073,4,12,1,4,0.3795403509891597,0,0
47075,4,6,1,4,0.4128195102698001,0,0
47077,4,14,1,4,0.3821784563091554,0,0
47081,3,13,0,4,0.3519970904689319,0,0
47093,2,30,0,4,0.29490366546309993,0,0
47101,4,7,1,4,0.35100839150610796,0,0
47103,3,12,0,4,0.3538258166989463,0,0
47109,4,15,1,4,0.36225698614324087,0,0
47113,3,13,0,4,0.3576817933817196,0,1
47123,4,9,1,4,0.3471346452539246,0,1
47127,3,10,0,4,0.3402538356576968,0,0
47145,2,10,1,4,0.31933796544310333,0,0
47155,3,10,1,4,0.3631125313775812,0,0
47171,4,6,0,4,0.3650420158998509,0,0
47175,4,7,1,4,0.37763872445816055,0,1
47183,4,12,1,4,0.3704490302182755,0,1
48019,2,7,1,4,0.3573832405644572,0,0
48023,2,2,1,4,0.3555029333483428,0,1
48031,1,8,1,4,0.35045597391741556,0,1
48039,1,20,0,4,0.31285577003220355,0,0
48043,3,4,1,4,0.3291176761867303,0,1
48055,3,14,1,4,0.36489157399144084,0,0
48069,3,10,0,4,0.3666943375650912,0,0
48089,2,18,1,4,0.37406963632784407,0,0
48091,1,14,1,4,0.28992376659058466,0,0
48097,2,14,1,4,0.3494833535788179,0,1
48099,1,17,1,4,0.20579485259680913,0,1
48125,4,7,1,4,0.39879140696560145,0,1
48127,4,6,1,4,0.42481852705640644,0,1
48129,3,6,0,4,0.37565984756216764,0,0
48155,4,3,0,4,0.39114404230258515,0,0
48157,1,34,0,4,0.27848060935700825,0,0
48161,4,9,1,4,0.36504239701360053,0,0
48179,4,7,0,4,0.38471797117335277,0,0
48185,3,11,1,4,0.3802339910210536,0,0
48193,3,10,1,4,0.38881622545794464,0,1
48209,2,14,1,4,0.2826571521208675,0,0
48215,4,28,0,4,0.38505763603579346,0,0
48223,3,13,1,4,0.3558694979679582,0,0
48229,3,6,0,4,0.3098980576680808,0,0
48235,2,4,0,4,0.3029218143506684,0,0
48241,4,9,1,4,0.3648732385692767,0,1
48263,3,4,0,4,0.36036403614004636,0,0
48267,1,6,0,4,0.3023009551312429,0,0
48269,4,2,1,4,0.4044221288236393,0,1
48273,4,4,1,4,0.35519367147708614,0,0
48281,2,6,1,4,0.3479603854505874,0,0
48293,4,14,1,4,0.3901973309028128,0,0
48295,2,7,0,4,0.3427748967278673,0,0
48299,1,10,1,4,0.32983486266855794,0,0
48303,1,25,1,4,0.32806190256129175,0,0
48317,1,8,1,4,0.29558636734426763,0,1
48323,4,3,1,4,0.394879341253468,0,1
48331,3,13,1,4,0.394931136581238,0,0
48337,3,10,1,4,0.3888333619815299,0,0
48339,1,27,0,4,0.2923405008052699,0,0
48343,4,7,1,4,0.37784364943774246,0,0
48361,2,4,1,4,0.3388531919817779,0,0
48377,4,4,1,4,0.4266563565010413,0,1
48385,4,8,0,4,0.41177788185118047,0,0
48407,4,8,1,4,0.3765128560250278,0,0
48417,4,5,0,4,0.31912811349041953,0,0
48435,1,2,0,4,0.2485491047640035,0,0
48437,4,5,1,4,0.4150456478670401,0,1
48445,4,6,1,4,0.40851898385475277,0,0
48447,4,7,0,4,0.3647048462045233,0,0
48455,4,7,1,4,0.3530838232168536,0,0
48459,3,12,1,4,0.3481775971623102,0,0
48471,4,9,1,4,0.31670173236911303,0,0
48489,4,6,0,4,0.4238036814136581,0,0
48491,1,25,0,4,0.27431121908340855,0,0
48497,2,17,1,4,0.3353771697853086,0,1
48505,4,5,1,4,0.4184675464756534,0,0
49013,2,12,0,4,0.3520040547068422,0,0
49015,2,9,0,4,0.3227849931599047,0,0
49021,4,10,1,4,0.30076734767049024,0,0
49031,3,6,0,4,0.3259157967972381,0,0
49037,3,12,1,4,0.3556829753082067,0,0
49043,1,9,1,4,0.26958561447452045,0,1
49055,2,6,0,4,0.3010602897689987,0,0
51007,1,5,1,4,0.33624235718181605,0,0
51009,2,9,1,4,0.3137138230136043,0,1
51023,1,12,0,4,0.27637186057622604,0,0
51029,3,11,0,4,0.33940398159838286,0,0
51045,1,5,0,4,0.2619840793467543,0,0
51053,3,12,0,4,0.3446388034120002,0,0
51061,1,24,1,4,0.2542798817755669,0,0
51071,2,10,0,4,0.29368161732667153,0,0
51075,1,15,1,4,0.24530409960644087,0,0
51081,4,4,1,4,0.36122418162055314,0,0
51083,3,14,1,4,0.3636927543347278,0,1
51095,1,4,1,4,0.24256570984000275,0,0
51097,2,14,0,4,0.32922394894276935,0,0
51105,4,11,1,4,0.3631511504074097,0,0
51107,1,21,1,4,0.2169635751947112,0,0
51117,3,13,1,4,0.3552051155415854,0,1
51119,1,12,1,4,0.3188331416313279,0,1
51131,3,11,1,4,0.33662474676180293,0,0
51135,4,7,1,4,0.34969928467070605,0,0
51159,3,5,1,4,0.3423225764253284,0,1
51165,2,22,0,4,0.2875235331433248,0,0
51171,2,14,1,4,0.3102004217603595,0,1
51181,3,10,0,4,0.34947380582218845,0,0
51183,1,11,0,4,0.10220529894558955,0,0
51191,2,10,1,4,0.3135718823704535,0,0
51520,4,2,1,4,0.3692258624719323,0,0
51580,3,1,0,4,0.3254492935951106,0,0
51595,4,1,1,4,0.3610855334346022,0,1
51710,1,15,1,4,0.29688144989458937,0,0
51730,3,2,1,4,0.3375768518059562,0,1
51735,1,1,0,4,0.24950489623748554,0,0
51760,1,15,0,4,0.2956493891248429,0,0
51790,1,2,0,4,0.2834573470755089,0,0
51820,3,1,0,4,0.31744383706962936,0,0
51830,1,2,0,4,0.24552259893393005,0,0
53003,3,3,1,4,0.3618692513292648,0,0
53005,2,12,1,4,0.3190060029968424,0,0
53013,3,5,0,4,0.3603226547700671,0,0
53021,3,7,1,4,0.33962089419031194,0,0
53031,2,9,1,4,0.30616824166856804,0,0
53037,3,12,0,4,0.32023417624765527,0,0
53043,2,14,0,4,0.35545189160030705,0,0
53051,3,9,0,4,0.34963824737505006,0,0
53073,2,18,1,4,0.27945181013472475,0,0
54003,2,11,1,4,0.33511562764667824,0,0
54007,4,18,0,4,0.37510053998794984,0,0
54009,2,8,1,4,0.34614274175150755,0,0
54023,3,12,0,4,0.3712680715709881,0,0
54027,3,20,0,4,0.3734293939230313,0,0
54037,1,9,1,4,0.3099727047057568,0,0
54045,4,33,0,4,0.3726493610126945,0,0
54057,2,10,0,4,0.3343624401670534,0,0
54059,4,18,1,4,0.37247062236850453,0,0
54077,3,16,0,4,0.3624087604511017,0,0
54083,4,22,1,4,0.34812352606708497,0,0
54099,4,17,1,4,0.37176410208466965,0,1
55009,1,19,1,4,0.24349899329605323,0,0
55011,1,9,0,4,0.29730005637606655,0,0
55063,2,15,1,4,0.26071446537165427,0,0
55091,1,6,0,4,0.28284618776347287,0,0
55097,2,21,1,4,0.2463760913940526,0,0
55121,1,14,1,4,0.27502295712902997,0,0
55123,3,18,1,4,0.29977505650590974,0,0
55125,2,12,1,4,0.2909761268373248,0,0
56021,1,12,1,4,0.3008788037091128,0,0
