county_fips,poverty_quartile,n_zctas_in_county,suppression_flag,fold,prob_high_risk,pred_high_risk,true_label
01009,3,17,1,0,0.20555782956349367,0,0
01011,4,7,1,0,0.2664307491843895,0,1
01013,4,8,0,0,0.2603524888292092,0,0
01037,3,11,1,0,0.22143786163971904,0,0
01041,3,11,0,0,0.22786486069746983,0,0
01047,4,10,1,0,0.2682649472605842,0,0
01061,4,14,0,0,0.23317892041371505,0,0
01073,1,62,0,0,0.20285711482369434,0,0
01089,1,25,1,0,0.14452654207483798,0,0
01097,1,36,0,0,0.19502746883259917,0,0
01099,4,17,1,0,0.24039258266642632,0,0
01109,1,9,1,0,0.35233410937004744,0,1
01111,3,8,1,0,0.22400980949400393,0,0
01121,4,12,1,0,0.24160321332931606,0,0
01129,4,16,1,0,0.24065487476471145,0,0
04011,2,3,0,0,0.20944220499101968,0,0
04012,4,8,0,0,0.29763757462992446,0,1
04013,1,136,0,0,0.22365975031580768,0,1
04017,4,33,0,0,0.2533822629857568,0,1
04025,2,31,0,0,0.20834619726410433,0,1
05009,3,9,1,0,0.20841705702029595,0,0
05011,4,7,1,0,0.25618838855562326,0,0
05021,4,13,1,0,0.314087758435555,0,0
05025,4,7,1,0,0.22802278341696713,0,1
05029,4,15,1,0,0.28825973007307587,0,0
05031,1,16,1,0,0.23100229742467784,0,0
05043,4,9,1,0,0.2177549014511866,0,0
05051,3,10,1,0,0.20601173628049643,0,0
05061,4,8,1,0,0.28082743264842186,0,0
05083,4,12,1,0,0.26865168449123267,0,0
05127,4,10,1,0,0.2843647599511612,0,1
05133,4,7,1,0,0.2662960696170241,0,0
05145,4,17,1,0,0.2635920394861421,0,0
05149,4,13,1,0,0.2799640237075539,0,0
06003,1,3,0,0,0.19835263542268547,0,0
06009,1,20,1,0,0.22139666251075102,0,1
06015,4,4,1,0,0.1851439743822387,0,0
06021,3,7,1,0,0.3239984289978628,0,0
06023,4,36,1,0,0.179733024784389,0,0
06037,1,292,0,0,0.037411492562793906,0,0
06041,1,29,1,0,0.09034955314865212,0,0
06043,3,13,1,0,0.24781952398179735,0,0
06047,4,24,0,0,0.3374246553723505,0,0
06049,3,13,0,0,0.3188772112653318,0,0
06051,1,9,0,0,0.19320375863859626,0,0
06055,1,12,1,0,0.15856430675069771,0,0
06059,1,91,0,0,0.14352544001315823,0,0
06061,1,34,0,0,0.14742605834758168,0,0
06063,2,17,1,0,0.1812925807039693,0,0
06069,2,7,1,0,0.20469368465654286,0,0
06071,3,93,0,0,0.2752824200928095,0,0
06077,1,36,0,0,0.2702532392424693,0,0
06087,2,17,1,0,0.13574401586517826,0,0
06115,3,17,1,0,0.27114528113443764,0,1
08011,4,6,0,0,0.2685780508784239,0,0
08041,1,45,0,0,0.14547299458272164,0,0
08043,3,11,1,0,0.14828257659661653,0,1
08059,1,33,1,0,0.10689343757612552,0,0
08061,3,5,0,0,0.19827480191726685,0,0
08067,1,6,1,0,0.12457671329345092,0,1
08093,1,12,0,0,0.04853730761585218,0,0
08123,1,41,1,0,0.18320677734466367,0,0
09001,1,46,1,0,0.0920428769723015,0,0
09003,1,58,1,0,0.1383675666260833,0,0
09011,1,31,1,0,0.10731063196414871,0,0
09013,1,17,0,0,0.08444816005171163,0,0
10001,1,18,1,0,0.2021515355010722,0,0
12013,3,8,0,0,0.18126699747362987,0,0
12021,1,23,0,0,0.12807761390006125,0,0
12027,4,4,0,0,0.20417503741392018,0,0
12031,1,36,0,0,0.1320151836939731,0,0
12033,1,18,1,0,0.13494958246236188,0,0
12061,2,9,1,0,0.14408840018507518,0,0
12071,1,38,0,0,0.13335968932442682,0,0
12089,1,6,1,0,0.10652362721589698,0,0
12093,4,2,0,0,0.21390443873504214,0,0
12109,1,12,1,0,0.09235851281517689,0,0
12119,1,11,1,0,0.14921614689669827,0,0
12123,1,6,0,0,0.1160263453999706,0,0
12125,1,5,0,0,0.14565611038388412,0,0
13003,4,5,1,0,0.27010749788250693,0,1
13007,3,6,0,0,0.2391806179940631,0,0
13011,3,11,0,0,0.17696664714803326,0,0
13021,1,12,1,0,0.2615385798930065,0,0
13031,1,11,1,0,0.21759248843906903,0,0
13037,4,6,0,0,0.3265047900598486,0,0
13039,3,8,1,0,0.139665378282291,0,1
13049,4,4,0,0,0.23970061910229368,0,0
13055,4,6,1,0,0.2150961219510095,0,0
13069,4,10,1,0,0.2691751497546261,0,1
13071,4,13,1,0,0.28073971723287466,0,0
13073,1,7,1,0,0.10115679707857064,0,0
13079,3,7,0,0,0.24425230239638235,0,0
13103,1,8,1,0,0.1316415534155688,0,1
13105,4,4,0,0,0.2576415831546141,0,0
13115,4,13,1,0,0.18883949931826027,0,0
13119,3,10,1,0,0.21332423642219137,0,0
13121,1,46,0,0,0.125446831494718,0,0
13137,3,7,1,0,0.15347056346873966,0,1
13143,3,7,0,0,0.16187840715328866,0,0
13151,2,11,1,0,0.13612373157486277,0,0
13169,4,8,1,0,0.24389059300397214,0,0
13173,4,5,0,0,0.24542964448176052,0,0
13175,4,15,1,0,0.26845636422928204,0,1
13187,3,4,0,0,0.1414385069934559,0,0
13191,3,4,1,0,0.2403757011620638,0,0
13193,4,10,1,0,0.28575894733774704,0,0
13227,2,9,1,0,0.11694321603698138,0,0
13253,4,4,1,0,0.29804170172352934,0,1
13255,4,7,0,0,0.220397266447023,0,0
13261,4,8,1,0,0.26345018461903996,0,0
13263,4,8,0,0,0.21828990648898478,0,0
13283,4,6,0,0,0.2770455444551869,0,0
13307,4,6,0,0,0.25176829417952357,0,0
13309,4,4,1,0,0.2669934796598956,0,1
13315,4,8,1,0,0.2821640227967749,0,1
13317,4,5,1,0,0.27058743606262203,0,1
13321,4,12,0,0,0.2948095518901256,0,0
16033,4,3,0,0,0.2264556635648519,0,0
16055,2,13,1,0,0.13456356554700258,0,0
16059,3,10,1,0,0.22137391859091707,0,1
16065,1,8,0,0,0.06865611555739702,0,0
16067,3,5,0,0,0.27749589697753957,0,0
16077,4,4,0,0,0.25584840642079654,0,0
17009,2,5,0,0,0.1330613527037608,0,0
17011,2,30,1,0,0.18953435936842133,0,1
17029,4,16,0,0,0.18563377033231623,0,0
17049,2,15,1,0,0.13578562052609336,0,0
17059,4,9,1,0,0.257593161712999,0,1
17065,2,13,0,0,0.18301946112728604,0,0
17083,1,11,0,0,0.13325523569024045,0,0
17095,3,22,1,0,0.2404983102122707,0,1
17099,2,28,1,0,0.19892184475848934,0,0
17103,2,24,1,0,0.17551261365294687,0,0
17109,4,17,1,0,0.19127073641305373,0,1
17135,3,28,0,0,0.1889700670242209,0,0
17143,1,27,0,0,0.1604088984781561,0,0
17147,1,16,0,0,0.13214545230359093,0,0
17157,2,18,1,0,0.19050980469246837,0,0
17159,3,9,1,0,0.19268051866827876,0,0
17163,2,34,0,0,0.17458434865381725,0,1
17169,3,12,0,0,0.1501978295061413,0,0
17171,2,9,1,0,0.16007090612352676,0,1
17183,3,27,1,0,0.20583093899643898,0,0
17203,1,16,1,0,0.12374261358023525,0,0
18001,3,8,1,0,0.24203924159035245,0,1
18003,2,33,1,0,0.17114046082046996,0,0
18019,2,15,1,0,0.15515776245433513,0,0
18023,3,12,1,0,0.22786378015106623,0,0
18025,3,9,0,0,0.2097873934415392,0,0
18027,3,7,0,0,0.20495779656767274,0,0
18035,4,21,1,0,0.24476968218965287,0,0
18041,4,8,0,0,0.2819021821999401,0,0
18045,2,10,0,0,0.19211335209712693,0,0
18047,1,15,1,0,0.16697807622415686,0,0
18057,1,23,0,0,0.0991938118976861,0,0
18061,2,16,1,0,0.14192336534497116,0,1
18081,1,12,1,0,0.16786644919928395,0,0
18101,2,7,1,0,0.1796115404628474,0,1
18115,2,5,0,0,0.161637449515707,0,0
18141,3,24,1,0,0.2243362442898279,0,0
18153,3,13,1,0,0.2048877997763994,0,0
18163,3,11,1,0,0.20261966986568217,0,0
18177,3,17,1,0,0.2548069099097023,0,0
19015,3,18,1,0,0.17852245643067177,0,0
19017,1,12,0,0,0.11447092062410434,0,0
19027,1,16,1,0,0.15171476158150704,0,0
19043,2,24,0,0,0.1503128853400593,0,0
19047,3,19,0,0,0.17456835967053,0,0
19053,3,11,0,0,0.17582429930158422,0,0
19055,1,16,0,0,0.13029300016300796,0,0
19057,3,12,1,0,0.17811450000412538,0,1
19061,2,19,1,0,0.10264459302558393,0,0
19069,2,17,0,0,0.16024887271210972,0,0
19071,2,11,1,0,0.18441234584846392,0,1
19089,2,9,0,0,0.1432040358610799,0,0
19097,2,14,1,0,0.13911051414884248,0,0
19099,1,19,1,0,0.15009335520459655,0,1
19109,2,21,1,0,0.17337608298685622,0,0
19111,3,12,1,0,0.1793843651851439,0,0
19113,1,29,1,0,0.11425706612835225,0,0
19119,1,12,0,0,0.13713926891465766,0,0
19127,2,21,1,0,0.19509459334268153,0,1
19137,3,10,0,0,0.18499385194781529,0,0
19139,2,13,0,0,0.15648799302800417,0,0
19145,2,12,1,0,0.16785269541594894,0,0
19161,2,16,1,0,0.15759753006016256,0,1
19165,1,19,0,0,0.1573698448879236,0,0
19181,1,19,1,0,0.12395171029434686,0,1
19191,1,12,0,0,0.10572190969537346,0,0
20011,4,13,1,0,0.25017472490699705,0,0
20013,2,13,0,0,0.21823830596783123,0,0
20015,2,20,1,0,0.22570823656856265,0,0
20017,3,11,0,0,0.27335204970221666,0,0
20029,3,8,1,0,0.21652141556553828,0,1
20033,1,3,0,0,0.18319245339019938,0,0
20035,3,14,1,0,0.294067363129263,0,1
20067,2,3,1,0,0.24244382683212543,0,1
20071,1,2,0,0,0.24456552232487092,0,0
20079,1,13,1,0,0.21141455329948539,0,1
20083,2,8,1,0,0.20661112779327365,0,1
20103,1,13,1,0,0.185367233786507,0,0
20107,3,11,0,0,0.22077330734132072,0,0
20109,2,7,0,0,0.15673922089847192,0,0
20111,3,12,1,0,0.27418656129169844,0,0
20119,1,5,0,0,0.2619574237729245,0,0
20121,1,11,1,0,0.13357832214974538,0,1
20151,2,11,0,0,0.20622076152171134,0,0
20155,2,22,1,0,0.24799033964591266,0,0
20157,2,15,0,0,0.16900618229721856,0,0
20173,2,50,0,0,0.227225733961998,0,0
21019,3,4,1,0,0.1942005256840382,0,1
21027,3,18,1,0,0.24006625195857803,0,0
21039,4,4,0,0,0.3141369547347233,0,0
21041,4,8,1,0,0.22381815209384368,0,1
21045,4,15,0,0,0.2555678725372711,0,0
21049,3,4,1,0,0.17794234986289276,0,1
21051,4,10,1,0,0.24616083404614786,0,0
21059,3,10,1,0,0.22596972046853675,0,0
21061,4,12,1,0,0.22507808483816721,0,0
21063,4,6,1,0,0.2352493845930308,0,1
21065,4,5,0,0,0.25364581328101843,0,0
21111,2,41,0,0,0.175164675859949,0,0
21119,4,24,1,0,0.22439491935552622,0,0
21137,4,11,1,0,0.24153912776532438,0,0
21143,3,4,0,0,0.29341185038334655,0,0
21147,4,8,0,0,0.2199424745573677,0,0
21151,1,5,1,0,0.18750587610093877,0,0
21161,4,5,1,0,0.20851332622523364,0,0
21167,2,5,1,0,0.1996541249063717,0,0
21175,4,8,1,0,0.21583524074003654,0,0
21189,4,6,0,0,0.24203195418905193,0,0
21203,4,7,1,0,0.21776799694317328,0,0
21209,2,6,1,0,0.1559301293512282,0,1
21225,4,5,1,0,0.2421436603096069,0,0
22019,3,16,1,0,0.20809929096990146,0,0
22031,4,10,1,0,0.23242645420709915,0,0
22035,4,4,0,0,0.29320537546213454,0,0
22037,3,8,0,0,0.22991839299624134,0,0
22055,1,16,1,0,0.17842628532558233,0,0
22069,4,16,1,0,0.2559762058312988,0,0
22091,3,7,0,0,0.2449940121958313,0,0
22095,3,6,1,0,0.236704441166463,0,1
22109,3,13,1,0,0.2313398154658248,0,0
22119,4,12,1,0,0.3049620751703838,0,1
22123,4,4,1,0,0.27907934819689434,0,0
22127,4,12,1,0,0.2456203181362136,0,0
23023,1,8,0,0,0.08031893533540031,0,0
23027,2,18,1,0,0.10438772107158935,0,1
24005,1,54,0,0,0.1335296179455569,0,1
24013,1,15,1,0,0.08599137282628846,0,0
24019,3,18,1,0,0.22069399600096004,0,1
24041,1,16,1,0,0.14272746341376488,0,0
24043,1,20,1,0,0.15451114531162155,0,0
26009,2,16,1,0,0.14454051595931486,0,0
26015,1,15,1,0,0.15050929514364855,0,0
26039,3,4,0,0,0.17202842175553534,0,0
26041,3,13,1,0,0.15858308520166503,0,1
26051,4,7,0,0,0.21625778165514503,0,0
26053,4,7,0,0,0.14893825593702095,0,0
26059,3,18,1,0,0.20094598368339053,0,0
26063,2,18,1,0,0.21193789429586227,0,1
26097,3,15,0,0,0.1954978679074969,0,0
26109,3,14,0,0,0.15933468556382108,0,0
26125,1,71,0,0,0.1085668957979018,0,0
26127,3,12,1,0,0.17913972486592974,0,0
26135,3,8,0,0,0.18047623731209092,0,0
26145,3,28,1,0,0.20663468298612533,0,0
27013,3,20,0,0,0.14312267350324312,0,0
27017,2,15,0,0,0.11201607761371456,0,0
27029,3,11,0,0,0.24415060369402258,0,0
27049,1,17,1,0,0.11974410906833058,0,1
27065,2,9,0,0,0.13828225095216648,0,0
27067,2,16,0,0,0.1476063151636821,0,0
27087,4,8,0,0,0.31315540903290695,0,0
27103,1,10,0,0,0.1090873454014791,0,0
27105,3,17,0,0,0.19528018056850907,0,0
27115,2,16,1,0,0.15037810709439733,0,0
27131,1,16,1,0,0.14145912405385294,0,0
27153,2,19,1,0,0.158225048505919,0,0
27169,2,14,1,0,0.12897923528993815,0,1
28003,4,5,1,0,0.17011577693521138,0,1
28019,4,9,1,0,0.17335367903036594,0,1
28023,4,9,1,0,0.1425231769930409,0,0
28055,4,6,0,0,0.188525583811754,0,0
28073,3,6,1,0,0.10419157146248739,0,0
28091,4,8,1,0,0.2073616943973231,0,0
28097,4,7,1,0,0.22170455801806985,0,1
28101,4,11,1,0,0.18854373995013052,0,0
28115,4,11,1,0,0.16433972167847818,0,0
28117,4,8,0,0,0.20297991814023283,0,0
28125,1,7,0,0,0.0713723334396436,0,0
28127,3,10,1,0,0.17591291404528347,0,0
28141,4,9,1,0,0.17882689135872315,0,0
28143,4,5,0,0,0.3471330186515145,0,0
28151,4,8,0,0,0.3235863492710709,0,1
28163,4,8,1,0,0.234604060554224,0,0
29005,2,9,0,0,0.2167324817680216,0,0
29021,3,15,1,0,0.22232220666992425,0,0
29025,3,10,1,0,0.22930726826850772,0,1
29035,3,5,1,0,0.16994259524591168,0,1
29041,3,12,1,0,0.2043917657463074,0,1
29065,4,8,1,0,0.19806359796524867,0,0
29069,4,14,1,0,0.37194128359792455,0,1
29073,2,11,0,0,0.17387655541470706,0,0
29077,3,21,0,0,0.17615114712680627,0,0
29089,3,10,0,0,0.19419614217925263,0,0
29107,2,16,1,0,0.19745900954968737,0,1
29115,3,15,1,0,0.20755524724798874,0,0
29133,4,6,1,0,0.3876995227289596,0,0
29147,4,18,1,0,0.20528628097729676,0,0
29159,3,15,1,0,0.22238099294622254,0,1
29167,3,18,0,0,0.4076253490114432,0,0
29185,4,16,1,0,0.24013557159716364,0,1
29195,3,13,1,0,0.21178067824728378,0,0
29223,4,14,1,0,0.24228014083528968,0,0
29227,3,7,0,0,0.22040414090775406,0,0
30001,3,10,0,0,0.16745147564976753,0,0
30005,4,9,1,0,0.33515433564214664,0,1
30019,1,4,0,0,0.17200819932343756,0,0
30023,4,5,0,0,0.19007995743769437,0,0
30033,2,8,0,0,0.19180738264136205,0,0
30041,3,10,0,0,0.252667903065214,0,0
30043,2,9,0,0,0.14158767490794857,0,0
30047,3,15,1,0,0.20347345523254884,0,0
30075,3,6,0,0,0.22703367650275988,0,0
30091,1,11,0,0,0.16006903407547832,0,0
30107,2,6,0,0,0.23959561838578175,0,0
31011,2,8,1,0,0.15607563449752446,0,1
31017,3,4,0,0,0.18143452808623328,0,0
31025,1,20,1,0,0.12426565271537396,0,0
31029,2,7,1,0,0.07441889821954832,0,1
31031,3,18,0,0,0.1953526311001117,0,0
31035,2,15,0,0,0.11755709878129887,0,0
31039,2,11,0,0,0.16174396864893886,0,0
31043,3,8,0,0,0.1497711589555956,0,0
31047,3,11,0,0,0.15249390201936056,0,0
31061,2,8,1,0,0.17178859765483814,0,1
31063,2,12,0,0,0.150845987520283,0,0
31071,2,3,0,0,0.18655540405299695,0,0
31073,2,9,0,0,0.16117934973627351,0,0
31105,3,5,0,0,0.2306218243136096,0,0
31125,2,8,0,0,0.1528001808545087,0,0
31129,2,10,0,0,0.1591088724098877,0,0
31131,1,19,1,0,0.14266712678537277,0,0
31139,1,9,0,0,0.12340032294834814,0,0
31169,1,15,0,0,0.16306743065595214,0,0
31173,4,10,1,0,0.3035099321688184,0,1
31185,1,15,1,0,0.1207733837978639,0,0
32003,1,73,0,0,0.2585139109810144,0,1
32011,1,4,0,0,0.2820727706356267,0,0
32013,1,7,1,0,0.28530763196332937,0,0
32033,2,7,1,0,0.2524308116670432,0,1
32510,2,4,0,0,0.2416464048391214,0,0
33003,1,30,0,0,0.11077426025283725,0,0
33005,1,27,1,0,0.09178431696858597,0,1
33009,1,37,1,0,0.07712762244359217,0,0
34009,1,15,1,0,0.1354333052020828,0,0
34015,1,30,1,0,0.10468146802470674,0,0
34037,1,21,1,0,0.07306822405711272,0,0
35006,4,17,0,0,0.36999277882136117,0,0
35023,4,5,0,0,0.3146750047901825,0,0
35027,3,14,0,0,0.19739536690868942,0,0
35041,4,9,1,0,0.27203940379746505,0,0
35043,1,21,1,0,0.1702838527968864,0,0
35061,4,8,1,0,0.3028110246646377,0,1
36005,4,28,0,0,0.27725807387714635,0,0
36007,3,31,1,0,0.1258707155329937,0,0
36013,3,36,1,0,0.1578209470126938,0,0
36029,2,70,0,0,0.15066445083189864,0,0
36047,3,39,0,0,0.18619030512026716,0,0
36055,1,50,1,0,0.14018235846155774,0,0
36081,2,63,0,0,0.14872717100706884,0,0
36093,1,19,1,0,0.10205711046190051,0,0
36105,2,62,1,0,0.12955365600716554,0,0
36115,2,27,1,0,0.10570634365461033,0,0
37009,1,12,0,0,0.14969719252860386,0,0
37023,4,16,1,0,0.1422843005578457,0,0
37029,2,5,0,0,0.1359944897735809,0,0
37031,2,19,1,0,0.12532523179319066,0,0
37051,1,24,1,0,0.1780858959170217,0,0
37053,1,15,1,0,0.12482753151849149,0,0
37057,3,12,1,0,0.1430750490974509,0,0
37079,4,11,1,0,0.21900637083587787,0,0
37081,3,31,0,0,0.12171902555144887,0,0
37107,4,10,1,0,0.22053154109909473,0,0
37109,2,11,1,0,0.12615352809535163,0,0
37119,2,32,0,0,0.10813456447321301,0,0
37135,2,14,1,0,0.07987263542055136,0,0
37141,3,13,1,0,0.13027955219741624,0,1
37143,3,6,0,0,0.19187742789766585,0,0
37169,2,16,1,0,0.14097200766791082,0,0
37179,1,12,1,0,0.10334907801402478,0,0
37187,4,4,1,0,0.24378089818215237,0,0
37195,4,17,1,0,0.19032714720812946,0,0
38011,1,5,0,0,0.16114435653566067,0,0
38015,1,12,1,0,0.10984595768139262,0,0
38023,2,10,0,0,0.17750147328815155,0,0
38035,1,22,1,0,0.15738345827488323,0,1
38059,1,8,0,0,0.14532654616442395,0,0
38099,2,16,1,0,0.18349806672380303,0,0
39001,4,11,1,0,0.25681441512479397,0,0
39003,2,20,0,0,0.24199497603633682,0,0
39005,2,19,0,0,0.1823191281706604,0,0
39007,4,19,1,0,0.22737023223151634,0,0
39015,3,19,0,0,0.22169748778653278,0,0
39021,1,17,0,0,0.21176845600589786,0,0
39029,3,24,0,0,0.22712255942584633,0,0
39031,3,18,0,0,0.2031549877267787,0,0
39037,2,25,1,0,0.2589164911058169,0,0
39043,2,13,0,0,0.20975513861510756,0,0
39045,1,19,1,0,0.15202746209918416,0,0
39047,3,11,0,0,0.2685811644563799,0,0
39065,3,15,1,0,0.23355750314751708,0,1
39073,3,16,1,0,0.18207897362343534,0,0
39075,1,18,1,0,0.1578442631222951,0,0
39085,1,11,1,0,0.1351192649981957,0,0
39095,3,30,0,0,0.23962504297473877,0,0
39097,1,12,0,0,0.1879184189151741,0,0
39115,4,11,0,0,0.23922262781354922,0,0
39123,2,18,1,0,0.2183590932245953,0,0
39131,4,11,1,0,0.21427582898564362,0,0
39145,4,20,1,0,0.23287488335920015,0,0
39167,3,20,1,0,0.18610570541054694,0,0
39175,2,13,0,0,0.1880767543005919,0,0
40029,4,10,0,0,0.363303435081364,0,0
40037,3,21,1,0,0.25887823436194607,0,0
40039,4,13,1,0,0.3202828714053444,0,0
40043,3,12,1,0,0.32134317624938696,0,1
40061,4,7,0,0,0.3409616766603777,0,0
40081,3,16,1,0,0.2790398119290652,0,0
40089,4,15,1,0,0.3501894788398829,0,0
40101,4,15,1,0,0.36234060310713423,0,0
40111,4,11,1,0,0.3432117389590933,0,1
40135,4,9,1,0,0.3282434889620162,0,0
40139,4,9,1,0,0.31856764842148716,0,0
40151,2,7,0,0,0.2714890010083005,0,0
41019,3,28,1,0,0.23199752064215395,0,0
41027,2,3,1,0,0.16235416000301064,0,0
41033,4,11,1,0,0.26288225560383466,0,0
41037,4,10,0,0,0.37566365749049113,0,0
41045,4,13,0,0,0.363967073748965,0,0
41065,3,8,1,0,0.27879476924253993,0,0
41069,4,5,0,0,0.293534901984171,0,0
42003,1,114,0,0,0.10164338355850701,0,0
42005,2,36,1,0,0.13415290927873094,0,0
42007,2,28,0,0,0.12522664305873507,0,0
42037,2,19,1,0,0.1589569993319262,0,0
42051,3,62,1,0,0.15903423358220348,0,0
42065,3,30,1,0,0.1567074005884834,0,0
42081,2,25,1,0,0.12707926592159033,0,0
42087,3,13,1,0,0.16877583230336576,0,1
42099,2,16,1,0,0.14409343066257405,0,1
44001,1,3,0,0,0.10002927110257115,0,0
45001,4,13,1,0,0.23736664871688729,0,0
45011,4,7,1,0,0.3074325686968488,0,0
45039,4,9,1,0,0.25423790484415426,0,0
45047,4,9,1,0,0.23017624153887878,0,0
45067,4,7,1,0,0.2608771977399548,0,0
45069,4,8,1,0,0.2537657721053195,0,0
45079,1,24,0,0,0.14843172658567028,0,0
46003,1,9,0,0,0.1528029923846288,0,0
46009,2,7,1,0,0.1395999258453274,0,1
46013,1,20,1,0,0.13077196030228094,0,1
46023,4,10,0,0,0.2312686960068716,0,0
46027,3,8,0,0,0.15824461625940583,0,0
46077,1,9,1,0,0.15220165500765923,0,1
46081,1,9,0,0,0.16606749573670887,0,0
46091,1,10,1,0,0.15760693514915414,0,1
46107,1,5,0,0,0.17168831964747527,0,0
46121,4,9,1,0,0.37759576959624475,0,1
46127,1,9,0,0,0.15723183424373588,0,0
46137,4,7,0,0,0.36721583368891464,0,0
47007,3,9,0,0,0.206638404420119,0,0
47009,2,13,1,0,0.1746951928757195,0,0
47019,4,8,1,0,0.2453799945600021,0,0
47023,3,12,0,0,0.19608196106188486,0,0
47025,1,10,1,0,0.21294865642987112,0,0
47031,3,9,1,0,0.2198949064690286,0,0
47035,3,11,1,0,0.1978563313221015,0,0
47043,2,11,1,0,0.1986020311556622,0,1
47045,4,11,1,0,0.2800794870946167,0,1
47051,3,15,0,0,0.22375007555911686,0,0
47063,4,7,1,0,0.26799597069577014,0,1
47083,3,8,0,0,0.2575115603490469,0,0
47087,4,11,0,0,0.22463199481462454,0,0
47095,4,2,0,0,0.33535827847949135,0,0
47119,1,10,1,0,0.16437613605073936,0,0
47125,3,15,1,0,0.1866498120716937,0,0
47131,4,12,1,0,0.3023152179865829,0,1
47135,4,4,1,0,0.24664266245830055,0,1
47143,4,6,0,0,0.21304233844175657,0,0
47163,3,12,1,0,0.22861986870366843,0,0
47189,1,12,1,0,0.1586996617205685,0,0
48007,4,5,1,0,0.3083744700827936,0,0
48013,3,15,1,0,0.33081267487970684,0,0
48025,4,11,1,0,0.3267178097818541,0,1
48027,3,23,0,0,0.2546302864696376,0,0
48041,3,9,0,0,0.19246777566083983,0,0
48057,3,6,1,0,0.33495709195262896,0,0
48071,2,11,1,0,0.23234742943612754,0,0
48083,2,15,1,0,0.24806583256131345,0,1
48085,1,38,0,0,0.13301718342420046,0,0
48109,4,2,1,0,0.09945591955619046,0,1
48115,4,4,0,0,0.38547386752546225,0,0
48131,4,8,1,0,0.3777117116825322,0,0
48149,2,15,1,0,0.26289185012987987,0,0
48151,3,9,1,0,0.27819281376988414,0,1
48171,2,7,1,0,0.22723797261520842,0,0
48173,3,4,0,0,0.3090868013479039,0,0
48175,3,6,0,0,0.29771025551227825,0,0
48181,2,21,0,0,0.2411065943258039,0,1
48189,3,9,0,0,0.3157021590994845,0,0
48191,4,6,0,0,0.3260337362727764,0,0
48197,3,2,1,0,0.3099439293683504,0,1
48207,4,11,1,0,0.349422022163279,0,1
48231,3,17,0,0,0.26615395513884754,0,1
48233,3,7,1,0,0.27664312874755775,0,0
48239,2,10,1,0,0.27269246649425577,0,0
48253,4,10,0,0,0.254054553375834,0,0
48255,3,8,1,0,0.3192898310409966,0,0
48277,3,13,1,0,0.26481012984323854,0,1
48279,4,13,0,0,0.33994666522801376,0,0
48289,3,8,1,0,0.2772491687254974,0,0
48291,3,14,1,0,0.2392301696698149,0,0
48327,3,4,0,0,0.24767539461183682,0,0
48333,2,8,0,0,0.2740284939571874,0,0
48335,2,3,1,0,0.24141634865664655,0,1
48347,1,10,1,0,0.2970357331582184,0,1
48355,3,26,0,0,0.30411505614064066,0,0
48373,3,9,1,0,0.23644923145141172,0,1
48395,3,9,1,0,0.2637193138198414,0,0
48401,3,16,1,0,0.21954981455614717,0,1
48403,4,6,0,0,0.23656548923137422,0,0
48439,1,74,0,0,0.2195668510918829,0,0
48443,3,2,0,0,0.30098130067987566,0,0
48465,4,5,1,0,0.39860640670449626,0,0
48485,3,11,0,0,0.28830882699589405,0,1
48487,4,6,1,0,0.3478653586884871,0,0
48495,3,2,1,0,0.3421003742734806,0,1
48501,2,4,1,0,0.2539776698343256,0,1
48507,4,4,1,0,0.4734106946136748,0,0
49009,1,2,0,0,0.15630736702427497,0,0
49019,1,2,1,0,0.18522434504343524,0,1
49023,2,6,0,0,0.2094558405290593,0,0
49027,3,11,0,0,0.22017070167334615,0,0
49047,3,10,0,0,0.23459259321730347,0,0
50001,1,20,1,0,0.07866959094135156,0,0
50009,3,10,0,0,0.1223987448116678,0,0
50011,1,17,0,0,0.09425306043104986,0,0
50017,2,31,1,0,0.09079161699449947,0,0
50019,2,24,1,0,0.09931721561070173,0,0
50023,1,26,1,0,0.07824178778036799,0,1
51001,3,33,0,0,0.20146947580236294,0,0
51005,3,7,1,0,0.16885167639954277,0,0
51036,2,4,1,0,0.19685905064871134,0,1
51051,4,12,1,0,0.1985792375460418,0,0
51063,2,11,1,0,0.12862992993188585,0,0
51065,1,10,0,0,0.10295890466741495,0,0
51079,2,5,1,0,0.11409484877131768,0,0
51099,1,3,0,0,0.08999067143894722,0,0
51133,2,7,1,0,0.17916335271794023,0,0
51137,1,12,0,0,0.12272368934089542,0,0
51139,3,6,1,0,0.1569831359675109,0,0
51145,1,5,1,0,0.16211583221737566,0,0
51153,1,19,1,0,0.08036378171642346,0,0
51173,3,10,0,0,0.17798588349408995,0,0
51175,3,12,1,0,0.20202837020651865,0,0
51177,1,13,1,0,0.09068589369003435,0,0
51600,1,3,0,0,0.05983627822351971,0,0
51630,3,3,1,0,0.1407991517114681,0,0
51660,1,3,1,0,6.360871270208557e-07,0,1
51670,4,1,0,0,0.2097389689823664,0,0
51683,1,1,1,0,0.10392897115843767,0,0
51750,1,2,1,0,0.9787536505578253,1,0
51770,3,10,1,0,0.18873993718931256,0,0
51800,1,8,1,0,0.1523669699845288,0,0
51840,3,1,1,0,0.14511771035345838,0,0
53015,3,11,1,0,0.17263617715639124,0,0
53017,2,13,1,0,0.23317784135099098,0,0
53025,3,18,1,0,0.31040514361032595,0,0
53029,1,8,1,0,0.17741703575187268,0,1
53039,3,15,0,0,0.2131910939424682,0,0
53061,1,30,0,0,0.12817860797618064,0,0
53063,1,45,0,0,0.19653039264875793,0,0
53069,1,6,0,0,0.16985455608866867,0,0
53075,4,20,0,0,0.25852570960047816,0,0
54001,4,12,0,0,0.22915480186983317,0,0
54013,4,16,0,0,0.25468647477664397,0,0
54017,3,10,0,0,0.21049298417538925,0,0
54025,4,21,0,0,0.2739564341260947,0,0
54035,3,15,1,0,0.21063553930663734,0,0
54047,4,36,0,0,0.1951932879890592,0,0
54053,3,19,1,0,0.2376655123109053,0,0
54055,4,19,0,0,0.24041494610629172,0,0
54071,3,9,0,0,0.2228213469024695,0,0
54081,4,42,1,0,0.20479118002426216,0,0
54085,4,14,0,0,0.23306061786850438,0,0
54097,4,10,1,0,0.21010570470545142,0,0
54107,3,13,1,0,0.22400900304724491,0,0
55001,2,14,1,0,0.1418661666649691,0,0
55019,3,21,0,0,0.1371845066974334,0,0
55027,1,31,1,0,0.1342495941294069,0,0
55037,2,4,0,0,0.10517334193379854,0,0
55041,3,11,0,0,0.1503606628211248,0,0
55043,3,23,1,0,0.13746140701189527,0,1
55053,2,14,0,0,0.12802143691171328,0,0
55075,3,16,1,0,0.12706652428567794,0,0
55077,2,14,1,0,0.14110019058520698,0,0
55078,4,4,1,0,0.2534217701185345,0,1
55099,2,14,1,0,0.11110911689777982,0,0
55111,1,17,1,0,0.10353732809336512,0,1
55115,2,25,1,0,0.13120375939961523,0,1
55119,2,14,1,0,0.12639947876061997,0,0
55135,1,16,1,0,0.11801576523511347,0,1
55137,2,17,1,0,0.13478241217315245,0,0
55141,2,15,1,0,0.0935849040850261,0,1
56009,1,4,1,0,0.1723806316039487,0,0
56011,1,10,0,0,0.15200399401912182,0,0
56019,2,4,0,0,0.15253826783413682,0,0
56035,1,6,1,0,0.13586328289670085,0,1
56037,1,12,0,0,0.19470729337586748,0,0
01003,2,23,1,1,0.15454501668136753,0,0
01007,3,11,0,1,0.21638343823605793,0,0
01017,4,10,1,1,0.2112957621896342,0,1
01027,4,10,0,1,0.24383748741227143,0,0
01029,3,7,0,1,0.19146825164260833,0,0
01033,3,9,1,1,0.19821231977942222,0,0
01045,3,14,1,1,0.190484717286531,0,1
01063,4,8,1,1,0.27805288396465794,0,1
01067,3,9,1,1,0.22735186479477956,0,0
01071,4,22,1,1,0.23395759275654088,0,1
01075,4,9,1,1,0.21634953395554488,0,0
01081,1,14,0,1,0.1545961648967519,0,1
01085,4,8,1,1,0.2790659086649877,0,0
01105,4,9,1,1,0.2594767763738389,0,1
01115,2,18,1,1,0.1810309921791023,0,1
01117,1,22,0,1,0.1059048841095509,0,0
04001,4,33,0,1,0.3236025786322148,0,1
04005,1,28,0,1,0.15199165261514855,0,1
05001,4,13,1,1,0.26849848427284523,0,0
05019,1,8,1,1,0.34626031581910544,0,0
05023,3,17,1,1,0.1817507402874182,0,0
05041,4,12,1,1,0.3420076256111631,0,0
05053,2,14,1,1,0.1684078562242132,0,0
05063,4,20,1,1,0.20582397824692975,0,1
05065,1,20,0,1,0.12729336233693278,0,0
05071,4,12,1,1,0.24765033263848768,0,0
05077,3,11,1,1,0.3430108634452622,0,1
05079,4,8,1,1,0.2611904632231884,0,0
05081,4,7,1,1,0.25672822806174644,0,0
05091,4,6,1,1,0.25081521730252015,0,0
05093,4,15,1,1,0.34310100371473634,0,0
05099,4,10,1,1,0.23369119282140596,0,1
05107,4,12,1,1,0.3199776468926059,0,0
05113,4,7,1,1,0.2365347050485078,0,0
05119,1,31,0,1,0.16152973881986837,0,0
05125,1,14,1,1,0.1449454556610493,0,0
05139,4,10,1,1,0.1939065969535086,0,1
05143,3,20,0,1,0.16186232999936084,0,0
06001,1,53,0,1,0.12289540658895087,0,0
06027,2,11,1,1,0.2595209979578717,0,0
06039,4,18,0,1,0.29528683198135414,0,0
06065,2,75,0,1,0.21110210846383762,0,1
06075,1,29,0,1,0.1040447254135417,0,0
06091,2,10,0,1,0.2147513825672347,0,0
06095,1,21,0,1,0.17034726760992022,0,0
06097,1,37,1,1,0.13190831478585843,0,0
06101,3,13,1,1,0.2374110663254207,0,0
06105,4,14,0,1,0.23411479791339554,0,0
08014,1,6,1,1,0.1089477662335103,0,1
08025,4,6,0,1,0.2894314056129228,0,0
08033,1,5,0,1,0.14620617160719585,0,0
08045,1,8,1,1,0.1465762631261819,0,1
08047,1,4,0,1,0.1026498396837906,0,0
08049,1,10,0,1,0.15625931555970426,0,0
08073,2,9,0,1,0.26170445436539097,0,0
08075,3,9,0,1,0.23163843987576965,0,0
08087,2,10,1,1,0.25357664939142927,0,0
08115,4,5,0,1,0.2654943111551881,0,0
08119,1,7,0,1,0.11710993296444502,0,0
08121,2,12,1,1,0.24614563961114858,0,1
09005,1,40,1,1,0.07043515410307782,0,0
09015,1,31,1,1,0.10583151046647317,0,0
10003,1,28,0,1,0.10848898746517258,0,0
12009,2,28,0,1,0.12668959170161068,0,0
12037,4,8,0,1,0.17487586357039925,0,0
12041,4,5,1,1,0.16477769294336694,0,0
12055,3,9,1,1,0.15905132700675337,0,0
12057,2,56,0,1,0.105431285808443,0,0
12059,4,4,1,1,0.1841756833240517,0,0
12079,4,5,1,1,0.22805674611836613,0,0
12095,3,46,0,1,0.10548308898854764,0,0
12107,4,17,1,1,0.1661012278023835,0,0
12113,1,9,1,1,0.10002981365718529,0,0
12117,2,17,1,1,0.08908470747151886,0,0
12121,3,9,1,1,0.1708762987736064,0,1
13015,2,14,1,1,0.12523482598537136,0,1
13019,4,6,1,1,0.23870491311020825,0,0
13025,4,6,1,1,0.2325093578870999,0,0
13081,4,5,0,1,0.29471428266088684,0,0
13087,4,8,1,1,0.23466445627181926,0,0
13091,4,8,0,1,0.23061919226196426,0,0
13099,4,7,0,1,0.3183642336989681,0,0
13107,4,13,1,1,0.23757512964027147,0,0
13111,3,8,1,1,0.1243509640991892,0,0
13117,1,10,0,1,0.06411546527080694,0,0
13123,3,5,0,1,0.1393282652995682,0,0
13125,4,5,0,1,0.22145637345046346,0,0
13149,3,6,1,1,0.1614349351117616,0,0
13157,2,16,1,1,0.11931826430626732,0,0
13205,4,7,0,1,0.29808546920726414,0,0
13221,3,10,0,1,0.17558190104814111,0,0
13223,1,11,1,1,0.11055341877071806,0,0
13225,4,3,1,1,0.22087128614522575,0,0
13259,4,6,0,1,0.2626351853977046,0,0
13273,4,7,1,1,0.31328445422565965,0,1
13293,4,7,1,1,0.1861919816586936,0,0
13297,2,11,1,1,0.13098191088335437,0,1
13299,4,7,1,1,0.23496785347435334,0,1
16009,3,9,0,1,0.18298902708896228,0,0
16017,2,18,1,1,0.18773176931370167,0,0
16027,3,13,0,1,0.23416694218758666,0,0
16035,3,7,1,1,0.17250315339169695,0,1
16041,1,7,1,1,0.21726320350276723,0,0
16047,3,6,1,1,0.2990018332836523,0,0
16049,3,16,0,1,0.16602947273204124,0,0
16051,1,10,0,1,0.178109077422299,0,0
16057,1,14,0,1,0.14241263297109108,0,0
16071,2,4,0,1,0.23684487345633262,0,0
16081,1,5,1,1,0.16076321716966355,0,1
17025,3,13,1,1,0.1876238178755501,0,0
17039,2,13,1,1,0.18420868700669701,0,0
17045,2,15,1,1,0.17525602713444413,0,0
17051,3,20,0,1,0.21547803082120923,0,0
17057,3,24,1,1,0.18741975615191903,0,1
17087,2,10,1,1,0.1920380254583163,0,0
17093,1,19,1,1,0.12922399919134284,0,0
17105,3,29,1,1,0.22162531604857794,0,0
17107,1,20,1,1,0.16522167783198144,0,0
17115,3,27,1,1,0.19065906530574167,0,0
17117,2,28,1,1,0.15944821078669885,0,0
17123,2,19,1,1,0.178308691034085,0,0
17125,3,11,1,1,0.2085562088461029,0,0
17133,1,9,1,1,0.09764737286436594,0,1
17153,4,10,0,1,0.2621127940776462,0,0
17161,2,20,1,1,0.15599227021899872,0,0
17193,3,11,1,1,0.2024681664868248,0,0
18005,2,14,1,1,0.16007308661235498,0,1
18013,1,9,1,1,0.14991331948422806,0,0
18017,3,12,1,1,0.2301529579177539,0,1
18033,1,14,0,1,0.16461264849269447,0,0
18049,2,16,0,1,0.19292548250529784,0,0
18055,2,16,1,1,0.18935304033864464,0,1
18059,1,15,1,1,0.16664687005361384,0,1
18071,3,8,1,1,0.19569839244073442,0,0
18077,2,11,0,1,0.17175317691140343,0,0
18095,3,18,1,1,0.2527679116125093,0,0
18103,3,13,0,1,0.2263839085920824,0,0
18105,1,18,1,1,0.15702648958532478,0,0
18117,3,11,1,1,0.19992643493521295,0,0
18123,2,14,1,1,0.143076320750417,0,0
18135,3,14,0,1,0.27322418176626234,0,0
18143,3,6,1,1,0.18647088282369936,0,0
18147,1,16,1,1,0.19929072970721634,0,0
18149,3,11,1,1,0.24461379530535524,0,0
18151,1,9,0,1,0.1686016695046936,0,0
18155,3,9,0,1,0.2139115537118183,0,0
18165,2,8,0,1,0.19696607964299312,0,0
18173,1,12,1,1,0.11435016564822853,0,1
18181,2,18,0,1,0.20552293597502996,0,0
19005,2,10,0,1,0.13493008829875597,0,0
19009,2,11,1,1,0.21277075211450808,0,1
19019,1,16,0,1,0.14228103575901369,0,0
19033,2,17,0,1,0.14447369821711328,0,0
19037,1,9,1,1,0.17544174504729906,0,0
19049,1,25,1,1,0.11698445402574204,0,0
19051,2,10,0,1,0.17086929333366496,0,0
19059,1,10,0,1,0.15864703239290995,0,0
19065,2,24,0,1,0.18366553728614607,0,0
19081,2,13,0,1,0.17145170694907316,0,0
19083,2,12,0,1,0.1796906611048876,0,0
19095,1,21,1,1,0.1533695531557497,0,0
19107,2,19,0,1,0.18017385870528804,0,0
19115,2,13,0,1,0.18738677109691676,0,0
19123,2,20,1,1,0.169833874310366,0,0
19129,1,11,1,1,0.1502761697145052,0,0
19133,2,15,1,1,0.21494382362947723,0,1
19159,2,12,0,1,0.18396033503490336,0,0
19195,1,10,0,1,0.16654433426852222,0,0
20005,2,10,1,1,0.236869032293333,0,0
20051,3,11,1,1,0.18614516158999386,0,0
20053,2,9,0,1,0.2152345821667936,0,0
20059,2,13,1,1,0.2194222233694242,0,0
20075,2,4,0,1,0.31400289279043186,0,0
20077,3,10,0,1,0.2781651962889731,0,0
20081,3,3,0,1,0.34126928153901065,0,0
20085,2,18,1,1,0.2252542435439898,0,0
20087,2,15,1,1,0.17933345923724997,0,0
20095,1,12,1,1,0.20559362240179574,0,1
20113,1,12,1,1,0.18639719254500428,0,0
20123,2,7,0,1,0.2087213249111593,0,0
20129,2,5,1,1,0.2955883101400991,0,1
20131,1,15,0,1,0.19085787886066335,0,0
20149,2,12,1,1,0.20277892885495727,0,0
20181,2,4,0,1,0.28075481646388956,0,0
20185,3,9,0,1,0.23810037960339198,0,0
20193,3,8,0,1,0.28364177965564696,0,0
20205,4,10,1,1,0.25512936993775065,0,1
21003,4,6,1,1,0.26384448286337464,0,0
21005,2,5,0,1,0.14426008269735968,0,0
21025,4,10,0,1,0.21658774228402575,0,0
21053,4,4,0,1,0.2511006727029482,0,0
21073,2,5,1,1,0.14617676921207745,0,1
21081,3,8,1,1,0.20397274671187626,0,0
21083,4,18,1,1,0.290919988694175,0,0
21099,4,10,1,1,0.26196763664295075,0,0
21123,3,9,0,1,0.24107344641053174,0,0
21131,1,22,0,1,0.07956739553102236,0,0
21135,4,9,0,1,0.24110879348938516,0,0
21139,3,7,0,1,0.26738693209340575,0,0
21157,2,8,0,1,0.18820147199805096,0,0
21163,2,12,1,1,0.18569407036160845,0,0
21181,4,6,0,1,0.28802650041633254,0,0
21195,4,39,1,1,0.1802237957650238,0,0
21199,4,11,1,1,0.21400294653844792,0,0
21205,4,4,1,1,0.12989739985959978,0,0
21213,2,5,0,1,0.24964939931476554,0,0
21219,3,9,0,1,0.27373652680279204,0,0
21223,3,5,0,1,0.22613096301546395,0,0
21229,3,7,0,1,0.2389736468827371,0,0
21239,2,3,1,1,0.16897440952378312,0,0
22011,3,9,1,1,0.19444697262042665,0,1
22017,4,25,0,1,0.21659491978997067,0,1
22021,4,4,1,1,0.25447651484979794,0,1
22025,4,9,0,1,0.27929812614704896,0,0
22033,1,24,0,1,0.17296552173645988,0,0
22045,4,10,1,1,0.2516192174096333,0,0
22047,3,8,1,1,0.2154429154288852,0,1
22057,3,14,1,1,0.20974875237390614,0,0
22065,4,4,1,1,0.3083096184636694,0,0
22071,4,17,0,1,0.19810403550153213,0,0
22085,4,12,0,1,0.22980045137022848,0,0
22089,1,10,1,1,0.15625028954907727,0,1
22093,3,7,1,1,0.20486342913053776,0,0
22105,1,20,1,1,0.1742620109510958,0,0
23001,2,14,1,1,0.11293698702132075,0,0
23007,1,18,1,1,0.08302414010862051,0,1
23009,2,40,1,1,0.09805544092500659,0,1
23029,4,31,0,1,0.19293567831867173,0,0
24003,1,40,0,1,0.10104037522306981,0,0
24011,3,10,1,1,0.2325889680974122,0,1
24017,1,24,1,1,0.11164509717349949,0,0
24025,1,24,0,1,0.10592572397182723,0,0
24031,1,50,0,1,0.061996984155827106,0,0
24039,1,11,1,1,0.2915057353236467,0,0
25005,2,36,1,1,0.10039046856442423,0,0
25015,1,28,1,1,0.09131872389265906,0,0
25021,1,41,0,1,0.06426856234352658,0,0
25023,1,34,1,1,0.08075305438889989,0,0
26031,3,15,0,1,0.1473902945819826,0,0
26033,3,17,0,1,0.18897115345679158,0,0
26035,4,8,0,1,0.2148719467874365,0,0
26037,2,17,0,1,0.15139681943462394,0,0
26043,2,11,0,1,0.11324913194700273,0,0
26047,2,11,0,1,0.10988938519084684,0,0
26057,3,20,0,1,0.18882692299184362,0,0
26067,2,21,1,1,0.1769041402758302,0,0
26069,3,12,0,1,0.16394161435537458,0,0
26077,2,25,1,1,0.13467860907393092,0,0
26085,4,11,0,1,0.20711631525060223,0,0
26089,1,11,0,1,0.1094721464601464,0,0
26105,3,10,0,1,0.16378450905210046,0,0
26113,3,9,0,1,0.1899437580211242,0,0
26121,3,20,1,1,0.18026571314675946,0,0
26129,4,9,0,1,0.20092462529848826,0,0
26131,3,12,0,1,0.16377529759228301,0,0
26141,2,7,1,1,0.1562302841747573,0,0
26147,2,23,1,1,0.15211940023523787,0,0
27005,2,16,1,1,0.18900623794779675,0,1
27023,2,10,0,1,0.19474816279572255,0,0
27033,2,13,0,1,0.203063072207124,0,0
27047,2,18,1,1,0.18023553874471382,0,1
27063,2,14,0,1,0.18161605940075568,0,0
27069,1,11,0,1,0.17626046167820894,0,0
27075,1,8,0,1,0.11205100248151341,0,0
27085,1,12,0,1,0.1566735851315427,0,0
27111,1,34,1,1,0.168798181274397,0,0
27119,2,25,1,1,0.2113459555462359,0,1
27121,1,12,0,1,0.15350204235867568,0,0
27135,1,11,1,1,0.16395034266553393,0,0
27137,1,51,0,1,0.12949468503580613,0,0
27139,1,10,1,1,0.0905831872976489,0,0
27141,1,9,1,1,0.11391970518278956,0,1
27159,3,7,0,1,0.19610912788088516,0,0
27163,1,19,1,1,0.08531748109672774,0,0
28001,4,2,1,1,0.20054512221585963,0,1
28009,3,11,0,1,0.19865573985281,0,0
28013,4,11,1,1,0.16468082989270608,0,0
28015,4,13,1,1,0.21417896039032677,0,1
28059,3,10,0,1,0.12985952642324083,0,1
28075,1,12,1,1,0.15357787277958573,0,0
28095,4,12,1,1,0.16478694156137846,0,0
28107,4,11,1,1,0.20548949234770666,0,1
28111,4,8,0,1,0.15189496689472953,0,0
28147,4,6,1,1,0.20831229457504294,0,0
29011,4,8,1,1,0.2942643331400206,0,0
29047,1,23,0,1,0.15838439697505294,0,0
29051,1,9,1,1,0.13549653118281177,0,0
29053,2,14,0,1,0.18432750067881384,0,0
29061,3,16,0,1,0.25596417083405776,0,0
29067,4,16,1,1,0.2653563889540444,0,0
29097,3,19,0,1,0.22889734377133972,0,0
29105,4,12,1,1,0.19577978262360646,0,1
29117,3,12,1,1,0.2354680876835956,0,0
29129,2,7,0,1,0.224196391694991,0,0
29145,3,15,1,1,0.20568576456104945,0,0
29151,1,15,0,1,0.1360202549218447,0,0
29155,4,13,0,1,0.35263775130281655,0,0
29161,4,11,1,1,0.1561929068635473,0,1
29163,1,12,1,1,0.17042158218928086,0,0
29165,1,18,1,1,0.12335771221141169,0,0
29173,3,9,0,1,0.20247850531897285,0,0
29186,2,8,1,1,0.17017106997427867,0,0
29187,3,15,1,1,0.1910717101631631,0,1
29197,3,6,1,1,0.281780786177476,0,1
29201,4,14,1,1,0.2739378185519238,0,1
29211,3,13,1,1,0.262366700661264,0,1
29215,4,21,1,1,0.2773674382803566,0,0
30003,4,18,1,1,0.3852876997632977,0,0
30007,2,6,0,1,0.1773534220289492,0,0
30015,2,13,1,1,0.22582826605380443,0,1
30025,1,4,0,1,0.20407090963433774,0,0
30027,3,11,0,1,0.20036245942106556,0,0
30035,4,5,1,1,0.4240227903026668,0,0
30045,2,12,0,1,0.12999162233338535,0,0
30051,4,5,0,1,0.36018884287280983,0,0
30059,3,4,0,1,0.1992233393995899,0,0
30061,4,5,1,1,0.20757873153478112,0,1
30069,2,4,0,1,0.2257543299766075,0,0
30071,3,8,0,1,0.3047661039126677,0,0
30077,2,8,0,1,0.18812930962858687,0,0
30079,3,7,0,1,0.2564261752866525,0,0
30081,2,9,1,1,0.16070793478277162,0,1
30085,4,10,0,1,0.40807864431208296,0,0
30087,3,8,1,1,0.28515907561982684,0,1
31015,2,5,0,1,0.1909027184227083,0,0
31021,2,8,0,1,0.20966816550676237,0,0
31051,1,12,0,1,0.1665240609526775,0,0
31081,1,14,0,1,0.16522272430610516,0,0
31089,1,14,0,1,0.18963471828266062,0,0
31095,3,12,1,1,0.2218422441386803,0,1
31097,2,12,0,1,0.18583164184154619,0,0
31107,2,11,0,1,0.1948905037757061,0,0
31111,2,14,1,1,0.1801359507058361,0,0
31113,2,3,0,1,0.20939278721440796,0,0
31123,2,7,0,1,0.2502836905142789,0,0
31143,1,10,0,1,0.15593984659972018,0,0
31149,1,4,0,1,0.20487425851012842,0,0
31155,1,18,1,1,0.15619359083790163,0,0
31171,1,4,0,1,0.19676570340797914,0,0
31177,1,15,1,1,0.1312280934216712,0,0
31183,2,6,0,1,0.21857845055569067,0,0
32005,1,9,1,1,0.18032040632594581,0,0
32007,1,14,1,1,0.3056036681540707,0,1
32019,3,9,1,1,0.33824200305520247,0,0
32027,2,3,0,1,0.32422306105532206,0,0
33013,1,31,1,1,0.07143288199162906,0,0
33015,1,37,1,1,0.06534190865572777,0,0
34027,1,56,1,1,0.061584013768742105,0,0
34031,2,33,1,1,0.11735135933802565,0,0
34041,1,19,1,1,0.09725228260046806,0,0
35011,4,1,0,1,0.31702926423678307,0,0
35021,3,6,0,1,0.2747656463439517,0,0
35028,1,1,0,1,0.08182642872320464,0,0
35031,4,24,0,1,0.40708756067762725,0,1
35033,3,13,0,1,0.18213581237465773,0,0
35047,4,19,0,1,0.3062722368597277,0,0
35053,4,14,1,1,0.3038095279971775,0,0
35059,3,8,0,1,0.2871093956693076,0,0
36001,2,46,1,1,0.10201512979121298,0,0
36017,3,26,0,1,0.13147402106841724,0,0
36023,3,17,1,1,0.1365537681571579,0,0
36037,2,18,1,1,0.1435847869400418,0,1
36043,3,28,1,1,0.11652909056782337,0,1
36049,3,23,0,1,0.14418543849534252,0,0
36059,1,69,0,1,0.08303605369750665,0,0
36067,2,55,0,1,0.1289500682906177,0,0
36071,1,51,1,1,0.08969580531084594,0,0
36077,3,43,1,1,0.09734407051728909,0,0
36087,2,25,0,1,0.07624067620773733,0,0
36091,1,27,1,1,0.07431404349370205,0,0
36099,2,14,1,1,0.16727303514367198,0,1
36117,2,20,1,1,0.13005672697556037,0,0
37011,3,10,0,1,0.12335983271312148,0,0
37019,2,14,1,1,0.09827340385072796,0,0
37039,3,4,1,1,0.15062044890141205,0,0
37047,4,16,1,1,0.21215113664743213,0,0
37049,2,11,1,1,0.12921235190233887,0,0
37077,3,12,1,1,0.12674360619740743,0,0
37093,3,9,1,1,0.16839403316704518,0,1
37099,4,11,0,1,0.12049780938267239,0,0
37101,2,21,1,1,0.13437478956296078,0,0
37111,3,9,1,1,0.11408435048137838,0,0
37121,3,4,0,1,0.12156096642223041,0,0
37125,2,18,1,1,0.1043609750014774,0,0
37147,4,17,1,1,0.15559144739328926,0,0
37155,4,13,0,1,0.23722088561785495,0,0
37163,4,17,1,1,0.2205665954929889,0,1
37167,2,12,0,1,0.12973358191837678,0,0
37173,4,5,0,1,0.19452479880033716,0,0
37177,4,3,0,1,0.244026998566294,0,0
37189,4,10,1,1,0.10564384205538269,0,1
37191,1,14,1,1,0.18137814227047233,0,0
38017,1,29,0,1,0.11657084885095743,0,0
38019,1,16,0,1,0.1973813439917267,0,0
38025,1,12,0,1,0.17583523057212982,0,0
38045,2,12,0,1,0.2105639382355794,0,0
38053,1,12,0,1,0.19277055762011752,0,0
38055,1,18,0,1,0.25332997485583686,0,0
38093,1,21,0,1,0.196734998779759,0,0
38101,1,24,1,1,0.1577866102925358,0,0
38103,1,12,0,1,0.21137985388386218,0,0
38105,1,10,0,1,0.14434476008772126,0,0
39017,2,17,1,1,0.1819158849227406,0,0
39027,3,13,0,1,0.2460949454999563,0,0
39039,1,14,0,1,0.21029955561661792,0,0
39041,1,24,1,1,0.10294265326498134,0,0
39071,4,15,1,1,0.2568384903600719,0,1
39077,2,14,1,1,0.219546614602634,0,1
39079,4,11,1,1,0.21044348546100106,0,0
39083,2,16,0,1,0.19975383655470438,0,0
39089,2,28,1,1,0.1606523379537207,0,0
39101,3,14,1,1,0.2472450527521507,0,0
39105,4,15,0,1,0.2006906201333135,0,0
39109,1,18,0,1,0.19533791329727748,0,0
39125,1,15,1,1,0.23454955309086808,0,0
39133,1,24,1,1,0.14958369729728538,0,0
39147,2,20,1,1,0.2231621726980384,0,0
39161,2,14,0,1,0.25862893318338076,0,0
39169,2,25,1,1,0.17410100461256117,0,0
39173,2,32,1,1,0.199434744457303,0,0
40007,3,7,0,1,0.3510981911530921,0,0
40013,4,14,1,1,0.3185679787407228,0,1
40015,4,16,1,1,0.38420572402833747,0,0
40017,1,13,1,1,0.21584619545449368,0,0
40023,4,12,1,1,0.3611888736955537,0,0
40031,3,19,0,1,0.3238376219829136,0,1
40035,4,10,1,1,0.37497060119134595,0,0
40045,3,7,1,1,0.2816100591817398,0,1
40047,1,22,1,1,0.26060009140894436,0,1
40063,4,10,1,1,0.3364811110499532,0,0
40113,3,22,1,1,0.29063921839913004,0,1
40119,1,14,1,1,0.26062887336682805,0,0
40133,4,10,1,1,0.32387145760894803,0,0
40141,4,8,1,1,0.3944751355262702,0,1
40147,1,12,1,1,0.23615107971792695,0,1
41011,3,10,1,1,0.19726022450114142,0,0
41013,2,6,1,1,0.23344263574805194,0,0
41023,3,11,1,1,0.2753314016579682,0,1
41025,2,10,0,1,0.2948125941489524,0,0
41041,3,18,1,1,0.17974244172492726,0,1
41067,1,30,1,1,0.11276730566936678,0,0
42013,3,19,1,1,0.12724901523492452,0,0
42025,2,20,1,1,0.1306811385107514,0,0
42041,1,21,1,1,0.10123093831719997,0,0
42047,2,14,1,1,0.10562049567955119,0,1
42059,2,26,1,1,0.1238170509508645,0,0
42063,3,49,0,1,0.1512544015530155,0,0
42069,2,28,1,1,0.10583572292840566,0,0
42073,2,22,1,1,0.13447266538100938,0,1
42093,2,9,0,1,0.1439547331982911,0,0
42095,1,26,1,1,0.12281148989679132,0,0
42113,3,13,0,1,0.15386665286436185,0,0
42117,3,25,0,1,0.15274159796727488,0,0
42123,2,19,1,1,0.1291228795398908,0,0
42125,1,64,1,1,0.10124119997847975,0,0
42127,2,30,1,1,0.11266442599175633,0,1
42133,1,45,0,1,0.14870916259946226,0,0
45003,3,23,0,1,0.19098444702918987,0,0
45019,1,30,0,1,0.14611970858768117,0,0
45025,4,11,1,1,0.2078224848079535,0,0
45029,4,14,1,1,0.23413817534885814,0,1
45053,4,9,0,1,0.2416070630067441,0,0
45063,2,18,0,1,0.16722931912931166,0,0
46005,3,11,0,1,0.17835519761119883,0,0
46007,4,7,0,1,0.3735024685346405,0,0
46019,3,8,0,1,0.2344511245117976,0,0
46021,1,7,0,1,0.1921597616876014,0,0
46029,2,10,1,1,0.1437298821027049,0,0
46037,2,11,1,1,0.23009977502676654,0,1
46041,3,9,0,1,0.2926901177350235,0,0
46047,3,7,0,1,0.22643902007906425,0,0
46055,3,5,0,1,0.23115293205080004,0,0
46063,1,10,0,1,0.19760646627297027,0,0
46073,1,4,0,1,0.181878607573386,0,0
46083,1,12,1,1,0.11010185642385115,0,1
46089,2,8,0,1,0.21831754067832965,0,0
46097,1,9,0,1,0.18032229267044864,0,0
46105,2,9,0,1,0.2346141963340241,0,0
46111,1,8,0,1,0.17979395206071563,0,0
46119,1,6,0,1,0.1623590858940876,0,0
46129,1,7,1,1,0.18902370211120115,0,1
47001,3,11,1,1,0.15414834635220895,0,1
47005,4,7,1,1,0.23794091355726296,0,0
47011,3,8,1,1,0.1773624561310872,0,0
47013,4,11,1,1,0.20306343737900948,0,0
47015,2,9,0,1,0.2097974214393924,0,0
47017,4,14,1,1,0.24284680835409522,0,0
47027,4,7,1,1,0.2611748095677398,0,1
47037,2,35,0,1,0.1527529420158961,0,0
47067,4,5,1,1,0.2477102335795733,0,1
47071,4,13,1,1,0.2172715028977136,0,0
47079,4,9,1,1,0.27225964745135817,0,1
47089,3,10,1,1,0.1934769996710682,0,1
47097,4,4,1,1,0.3130592945865212,0,0
47117,3,12,1,1,0.18333183799140418,0,1
47133,3,11,0,1,0.21113551547314,0,0
47137,4,6,0,1,0.20663907513491694,0,0
47153,2,8,0,1,0.12971111203193603,0,0
47157,1,38,0,1,0.18601426701817006,0,1
47167,2,10,1,1,0.2411097548376291,0,0
47169,2,5,0,1,0.19310251736284387,0,0
47185,4,5,1,1,0.2174730032134851,0,0
47187,1,16,1,1,0.08716405870592056,0,0
48009,2,10,1,1,0.23738419639319355,0,1
48021,2,15,1,1,0.2580391133223524,0,0
48033,3,9,0,1,0.3084187782083764,0,0
48035,3,11,1,1,0.24596810956055906,0,0
48045,4,4,0,1,0.3768133506861678,0,0
48047,4,2,1,1,0.44706145072821724,0,1
48059,2,9,0,1,0.2328741043781261,0,0
48081,3,4,1,1,0.25147307208326325,0,1
48095,3,6,0,1,0.1279919254481558,0,0
48103,2,2,0,1,0.2990754613869136,0,0
48113,3,93,0,1,0.19128232648462853,0,1
48117,4,6,1,1,0.36922527725282783,0,0
48121,1,37,0,1,0.13984861358604617,0,0
48137,4,4,0,1,0.3336855543691464,0,0
48141,1,30,0,1,0.24306481610736239,0,1
48147,2,19,1,1,0.26498770691206297,0,1
48153,3,6,0,1,0.34753077028502277,0,0
48163,4,5,0,1,0.3644627844718595,0,0
48165,3,5,0,1,0.3081843243458059,0,0
48167,2,18,0,1,0.18455849187857473,0,0
48169,4,4,1,1,0.3565916770412335,0,1
48187,2,14,0,1,0.2125246714711885,0,0
48201,3,141,0,1,0.18316098529766497,0,0
48203,3,12,1,1,0.19261683650516817,0,0
48213,3,15,0,1,0.22458757683095734,0,1
48217,2,19,1,1,0.2678012895966644,0,1
48243,2,2,0,1,0.24715007426246557,0,0
48247,4,1,1,1,0.4247233576590638,0,1
48251,2,16,1,1,0.20204192224453688,0,0
48271,4,1,0,1,0.33820373418304195,0,0
48275,4,6,1,1,0.32499378611930885,0,1
48285,2,7,1,1,0.2714401900413528,0,0
48311,3,7,0,1,0.2914543005251985,0,0
48315,4,7,1,1,0.22077356011887353,0,1
48321,1,12,1,1,0.2859822695971112,0,0
48329,1,9,1,1,0.18103445345855565,0,0
48349,4,17,1,1,0.2810076480137246,0,1
48359,1,6,0,1,0.28184908753561677,0,0
48363,4,12,1,1,0.25725105685004007,0,0
48367,1,18,1,1,0.19150598207159197,0,0
48369,3,5,0,1,0.3329697850195353,0,0
48379,2,6,0,1,0.2231762673169029,0,0
48393,4,5,0,1,0.31904738496225005,0,0
48397,1,9,1,1,0.1369874537507932,0,1
48399,3,11,1,1,0.29674933744214876,0,1
48409,3,9,1,1,0.2867329143035087,0,0
48419,4,7,1,1,0.24269824263246234,0,0
48473,2,11,1,1,0.25189259883787896,0,1
48475,3,6,1,1,0.2908349724873341,0,1
48499,3,12,1,1,0.18358422944024222,0,0
48503,2,6,1,1,0.2756705466905113,0,0
49003,2,20,1,1,0.2269742118926944,0,1
49011,1,13,1,1,0.15491002576941434,0,0
49017,3,11,0,1,0.20421425307398028,0,0
49025,2,7,0,1,0.2238258943467864,0,0
49029,1,2,0,1,0.15631873294138252,0,0
49045,1,8,0,1,0.24300114747625948,0,0
49051,1,6,0,1,0.1438735068121821,0,0
50003,2,21,0,1,0.09449753674812239,0,0
50027,1,34,0,1,0.08129311386130915,0,0
51031,3,14,1,1,0.14631417641737413,0,1
51043,1,7,0,1,0.12237370199045909,0,0
51073,1,6,1,1,0.1290522636170269,0,1
51077,4,9,0,1,0.18870542842864588,0,0
51111,4,12,1,1,0.21934901287336991,0,0
51125,2,17,0,1,0.15134980790654595,0,0
51141,3,14,1,1,0.16644449102310155,0,0
51143,4,20,1,1,0.20462064721173592,0,0
51147,1,12,1,1,0.5889456473996327,1,0
51149,3,7,1,1,0.17431045335178155,0,1
51163,3,12,0,1,0.1405384091102308,0,0
51187,1,7,1,1,0.11347838207562358,0,1
51510,1,8,1,1,0.07598220452900946,0,0
51540,3,4,0,1,0.09078996023088541,0,0
51550,1,6,1,1,0.10723404366989918,0,0
51620,3,1,0,1,0.1963010689340802,0,0
51640,4,1,0,1,0.19463970041628786,0,0
51685,1,1,0,1,0.08945553800157391,0,0
51720,4,1,0,1,0.17228119058347488,0,0
53001,4,11,0,1,0.3322258063537357,0,0
53007,2,14,1,1,0.15905314741372256,0,0
53009,2,9,0,1,0.13113681839383518,0,0
53035,1,20,1,1,0.11137684077099244,0,0
53047,4,22,1,1,0.2675521105631048,0,1
53049,3,13,0,1,0.19481540473830047,0,0
53053,1,59,0,1,0.16627665012402923,0,0
53057,1,17,1,1,0.12955191322961607,0,0
53071,2,8,1,1,0.21359958172515775,0,0
53077,4,22,1,1,0.27972647090928593,0,0
54015,4,16,0,1,0.2531366556152564,0,0
54021,4,16,0,1,0.20255502656889202,0,0
54029,3,5,1,1,0.20632803421521925,0,1
54051,3,10,0,1,0.1828335907975565,0,0
54065,3,4,1,1,0.20711360691672287,0,0
54073,3,5,0,1,0.20911294742716455,0,0
54093,2,10,0,1,0.1901651545598741,0,0
54095,3,11,0,1,0.22525435078950837,0,0
54105,4,8,0,1,0.2571430128131378,0,0
55007,2,15,1,1,0.1190326606136872,0,0
55017,2,14,1,1,0.1186978479895582,0,0
55023,2,13,1,1,0.12082940850300145,0,0
55025,1,45,0,1,0.10464693709632997,0,0
55031,2,12,1,1,0.0996824526881955,0,1
55039,1,24,1,1,0.1423197181689528,0,0
55047,2,12,0,1,0.16143213530674244,0,0
55081,2,12,1,1,0.11301519470576057,0,0
55089,1,13,1,1,0.09241023560809299,0,1
55093,1,13,0,1,0.1095163914161775,0,0
55103,3,14,1,1,0.1427371210817399,0,0
55105,2,19,1,1,0.13922926278071293,0,0
55107,3,14,0,1,0.12690708597444916,0,0
55117,1,17,1,1,0.09805092992296235,0,0
55131,1,18,1,1,0.10259929009618256,0,0
55133,1,30,1,1,0.09473357534431275,0,0
56005,1,8,0,1,0.23769648952030473,0,0
56007,2,12,1,1,0.23772032869925933,0,0
56015,2,9,0,1,0.22986297701992398,0,0
56039,1,9,0,1,0.11432242227443287,0,0
56043,2,2,0,1,0.22351599402969963,0,0
01015,3,14,1,2,0.18795116196604583,0,0
01043,3,19,1,2,0.2003235860237003,0,0
01055,3,14,1,2,0.20567820186867303,0,0
01059,4,10,1,2,0.2091400218863758,0,0
01069,4,14,1,2,0.23508919003722117,0,0
01079,3,10,1,2,0.24261097371086982,0,1
01091,4,15,1,2,0.2540104881866807,0,0
01095,4,18,1,2,0.21431059539248956,0,0
01107,4,8,1,2,0.23997353964707224,0,0
01113,3,12,1,2,0.2187589058069163,0,0
01127,3,18,1,2,0.22694759125637004,0,0
01131,4,13,1,2,0.24259846625439507,0,0
04015,1,25,0,2,0.22845742615072093,0,1
04021,2,34,0,2,0.2512156719345719,0,1
05005,3,12,1,2,0.1633708552820224,0,0
05017,4,6,0,2,0.3289763943490978,0,0
05037,4,8,1,2,0.32197766590202787,0,0
05045,1,15,1,2,0.2088599604139707,0,0
05049,1,14,1,2,0.21480510356190394,0,0
05057,4,10,1,2,0.2904316177044682,0,0
05059,4,12,1,2,0.21118760100097286,0,1
05095,4,9,1,2,0.32471375560694776,0,1
05115,4,13,1,2,0.22245379466967471,0,1
05117,3,11,1,2,0.26613863385559,0,1
05121,4,11,1,2,0.2681664875580612,0,0
05141,4,12,1,2,0.22751876507296073,0,0
05147,4,9,1,2,0.3203484984529152,0,1
06007,4,18,1,2,0.232261705075346,0,0
06011,3,9,1,2,0.2848110006319539,0,0
06013,1,49,0,2,0.14318333246018564,0,0
06029,1,52,0,2,0.32194399224643433,0,1
06067,2,57,0,2,0.22217491576762138,0,0
06081,1,30,0,2,0.10826158251925172,0,0
06083,2,24,1,2,0.17123483207260423,0,0
06089,3,30,0,2,0.22177542091166488,0,1
06093,3,23,1,2,0.2314497423016388,0,1
06099,3,28,0,2,0.2800019299930869,0,0
06107,4,41,0,2,0.3586815934590121,0,0
06113,3,19,1,2,0.2126144356680859,0,0
08001,2,35,1,2,0.1686750552754625,0,0
08003,4,5,0,2,0.20686113072834428,0,0
08009,4,8,1,2,0.2124937566064094,0,1
08021,4,8,0,2,0.07393685272558764,0,0
08023,4,7,0,2,0.21870970754849697,0,0
08027,2,4,0,2,0.1182984869220483,0,0
08029,4,8,0,2,0.14682336608259733,0,0
08031,2,36,0,2,0.15348347999635611,0,0
08035,1,18,1,2,0.10374179241112189,0,0
08037,1,13,1,2,0.10490121798132761,0,0
08039,1,14,0,2,0.1376400596685897,0,0
08055,2,4,1,2,0.19572706966872763,0,1
08077,2,19,1,2,0.16109943589439807,0,0
08079,1,3,0,2,0.10121118184408937,0,0
08083,3,7,0,2,0.171222568364269,0,0
08085,3,12,0,2,0.1404008801677126,0,0
08099,3,6,1,2,0.1924021030021852,0,0
08105,4,4,0,2,0.16285572392081454,0,0
08125,3,13,0,2,0.1760626473712349,0,0
09009,1,41,1,2,0.11112484058930894,0,0
10005,2,24,1,2,0.13848909804606352,0,0
12001,3,23,1,2,0.12679585753080494,0,0
12011,2,53,0,2,0.13178808512814186,0,0
12017,3,15,1,2,0.12009462744039676,0,0
12019,2,12,1,2,0.12810113969611267,0,0
12029,4,6,0,2,0.18452356393912067,0,0
12035,2,7,1,2,0.11695844518921202,0,0
12045,2,2,0,2,0.14014203522629418,0,0
12069,2,28,0,2,0.15169672927724298,0,0
12073,3,10,1,2,0.12748019629879778,0,0
12083,3,31,1,2,0.1479652580463615,0,0
12086,3,79,0,2,0.18502809982298446,0,0
12087,2,11,1,2,0.13835949308441078,0,0
12091,2,14,1,2,0.10410246572343997,0,0
12127,3,29,0,2,0.13879278040626572,0,0
12131,2,12,1,2,0.12366480330083197,0,0
13001,4,7,1,2,0.2592086070983738,0,0
13023,4,6,1,2,0.235901699277598,0,0
13033,4,9,1,2,0.2842393556668961,0,0
13035,4,5,1,2,0.23946447507985744,0,0
13051,3,14,0,2,0.17242310634793478,0,0
13057,1,15,1,2,0.08379398926491473,0,0
13061,4,6,0,2,0.29317519072793014,0,0
13065,4,7,0,2,0.2830870255877095,0,0
13075,4,5,1,2,0.24509858167950535,0,0
13077,1,10,1,2,0.13409712902718732,0,0
13083,3,5,1,2,0.14347423211787294,0,0
13093,4,8,1,2,0.2789718431861569,0,0
13097,2,8,1,2,0.1574058505324467,0,0
13129,4,8,1,2,0.18157141902427903,0,1
13131,4,6,0,2,0.2575883093377535,0,0
13167,4,5,1,2,0.28082099812160477,0,1
13171,3,9,0,2,0.22271400982940642,0,0
13195,3,11,1,2,0.180430113473465,0,0
13197,4,4,1,2,0.2364705291062801,0,1
13199,4,10,0,2,0.22515407975766524,0,0
13201,4,5,0,2,0.2737667561330632,0,0
13207,2,9,0,2,0.17841856646412566,0,0
13213,3,6,0,2,0.1594059900117553,0,0
13217,3,11,1,2,0.22655047259739033,0,0
13229,4,7,0,2,0.2373604823778279,0,0
13235,4,5,1,2,0.26664496674676663,0,0
13239,4,2,0,2,0.2441180161504021,0,0
13241,4,9,0,2,0.15295681931415775,0,0
13245,1,11,0,2,0.25620882808600975,0,0
13249,3,7,0,2,0.20924325351912293,0,0
13269,1,6,0,2,0.12086547997361767,0,0
13271,4,7,0,2,0.2824972671114266,0,0
13275,3,9,1,2,0.21259129221459033,0,1
13277,4,9,1,2,0.25594828987988927,0,1
13281,3,3,1,2,0.11695393813197985,0,1
13285,4,7,1,2,0.22901562830291114,0,0
13287,4,4,1,2,0.29464227348922717,0,1
13289,4,6,0,2,0.27529375961439684,0,0
16007,3,10,0,2,0.05617715687895824,0,0
16029,2,7,0,2,0.1710575485576892,0,0
16031,3,9,1,2,0.2502571527102216,0,0
16045,2,7,1,2,0.17709925326973117,0,0
16053,4,5,0,2,0.260726022172078,0,0
16069,2,10,1,2,0.169615104777355,0,0
16073,3,12,1,2,0.2624828019354841,0,0
16079,4,15,1,2,0.17501525650728042,0,0
16085,1,4,0,2,0.1337689513198457,0,0
17003,1,8,1,2,0.1813928948255072,0,1
17007,1,15,1,2,0.170398293983841,0,0
17013,2,7,1,2,0.14747070823594405,0,1
17015,1,11,0,2,0.15641964621644588,0,0
17023,2,11,0,2,0.15761451468090207,0,0
17031,2,176,0,2,0.15055090423688036,0,0
17033,2,10,1,2,0.172014746345517,0,0
17035,3,12,0,2,0.17656041133220468,0,0
17037,2,22,0,2,0.1921298911086952,0,0
17043,1,43,1,2,0.09759865628864717,0,0
17055,4,19,1,2,0.22303988281010173,0,1
17073,1,23,1,2,0.17043696029839214,0,1
17077,4,22,0,2,0.182627483482561,0,0
17089,1,33,0,2,0.14872408068160828,0,0
17091,2,21,1,2,0.21337874634223247,0,0
17097,1,35,1,2,0.1285008628486194,0,0
17113,2,33,1,2,0.15883049346273118,0,0
17141,2,27,1,2,0.1733921926696879,0,1
17149,3,16,1,2,0.17454667376960697,0,0
17165,4,11,1,2,0.23535928227843939,0,0
17167,2,29,1,2,0.1436644792252532,0,0
17191,3,20,0,2,0.18961830800110113,0,0
18007,3,10,0,2,0.253186727748466,0,0
18011,1,12,1,2,0.13580087626562418,0,1
18037,1,13,1,2,0.16148771703662507,0,1
18039,2,17,1,2,0.22601804215016658,0,0
18053,3,15,1,2,0.26665986940355496,0,0
18083,3,11,1,2,0.2415491894950001,0,1
18093,2,12,1,2,0.21222386941186122,0,1
18097,3,40,0,2,0.22059936343692943,0,0
18099,3,13,0,2,0.23513185871333198,0,0
18107,2,16,1,2,0.18375122614401193,0,0
18111,2,12,0,2,0.21090584541953347,0,0
18113,1,17,0,2,0.20656316625575238,0,0
18119,3,14,0,2,0.20952335418572401,0,0
18125,2,11,0,2,0.19872093510400549,0,0
18127,1,15,1,2,0.1764671651097174,0,0
18129,1,7,1,2,0.1784041052487458,0,0
18131,3,13,0,2,0.24212251716444547,0,0
18133,1,15,1,2,0.18171242530158266,0,1
18137,2,12,0,2,0.18507313918351098,0,0
18157,3,18,1,2,0.16408963627134154,0,0
18171,2,11,0,2,0.1994559271401376,0,0
18175,2,12,1,2,0.18578042352520371,0,0
19007,3,11,1,2,0.1814365807622133,0,0
19031,1,18,1,2,0.1517859609835109,0,0
19075,1,16,0,2,0.154618939983587,0,0
19087,2,11,1,2,0.16983576539500864,0,0
19091,2,17,0,2,0.1641389736917938,0,0
19093,1,12,0,2,0.15385638510142702,0,0
19101,1,16,0,2,0.1386723834536092,0,0
19105,2,16,1,2,0.16984807900900525,0,0
19121,1,14,1,2,0.13010626759012878,0,0
19125,1,19,0,2,0.13610313091550183,0,0
19135,2,7,0,2,0.14512463725530791,0,0
19141,2,14,0,2,0.16172213799273524,0,0
19149,1,14,1,2,0.17109231672966438,0,0
19151,2,16,1,2,0.18889640585903406,0,1
19163,2,22,1,2,0.1601507996533822,0,0
20001,3,11,1,2,0.2616485776187114,0,0
20003,3,10,0,2,0.24427519298473527,0,0
20023,3,5,0,2,0.22419027883999537,0,0
20039,2,8,1,2,0.18454651993608237,0,1
20047,3,7,1,2,0.21941966092257148,0,1
20055,3,7,1,2,0.26017124095498934,0,1
20061,3,8,1,2,0.2568311097458635,0,1
20093,3,4,0,2,0.30317183124222596,0,0
20097,2,7,1,2,0.18755029201413012,0,1
20099,4,13,1,2,0.28596108873509996,0,0
20127,2,9,1,2,0.2522554784557971,0,1
20135,3,9,1,2,0.16247482742731875,0,1
20139,2,15,1,2,0.25864263350124805,0,0
20143,2,11,0,2,0.1838470056132409,0,0
20147,2,9,1,2,0.14814385520344583,0,1
20167,2,11,1,2,0.19130243212722997,0,1
20179,1,11,1,2,0.15402893771482914,0,1
20187,3,3,0,2,0.26553479642261285,0,0
20191,2,18,0,2,0.20537631825135322,0,0
20199,2,4,0,2,0.19908273995060793,0,0
20209,4,11,0,2,0.2923496437986895,0,0
21001,4,10,1,2,0.23773392134112684,0,0
21007,1,6,0,2,0.1516247297580082,0,0
21009,4,11,1,2,0.27967186662310445,0,0
21021,3,5,1,2,0.20781079360736335,0,0
21031,4,10,0,2,0.23370935133354803,0,0
21037,2,10,1,2,0.14068884954540795,0,0
21057,4,3,1,2,0.24860881938646898,0,1
21085,4,9,1,2,0.2513624096674139,0,0
21087,4,8,0,2,0.2538486001760751,0,0
21089,3,11,0,2,0.20037488696377173,0,0
21097,3,6,1,2,0.22763627255188137,0,0
21101,3,8,1,2,0.2536149296100499,0,0
21103,3,13,1,2,0.21550958234389497,0,0
21141,4,7,1,2,0.2624736815246742,0,0
21149,2,7,1,2,0.24540433848313895,0,1
21155,1,11,0,2,0.2377523197424765,0,0
21171,4,6,1,2,0.16290707219877518,0,0
21177,3,17,0,2,0.2401148100018745,0,0
21179,1,9,1,2,0.15566999812234797,0,1
21185,1,11,1,2,0.10536695993585801,0,0
21187,3,9,0,2,0.2148538452391139,0,0
21191,3,10,1,2,0.19943335825575206,0,0
21193,1,21,0,2,0.15564464772220823,0,0
21197,4,4,1,2,0.18837986899007195,0,0
21211,2,14,1,2,0.17330177801853186,0,1
22009,4,15,1,2,0.25677694526864325,0,1
22013,4,13,1,2,0.27177831449226475,0,0
22015,3,15,0,2,0.220034307299905,0,1
22027,4,11,1,2,0.286942786795634,0,0
22049,4,7,1,2,0.24605156125839142,0,0
22061,1,8,0,2,0.23450759863868167,0,1
22067,4,7,0,2,0.2912348225556343,0,0
22075,2,9,0,2,0.24511594415603116,0,0
22079,4,27,1,2,0.23484463454536345,0,0
22081,3,5,0,2,0.2103852771892326,0,0
22103,2,17,1,2,0.14191006174764886,0,0
22111,3,10,1,2,0.23108711901233817,0,0
22125,2,4,0,2,0.11471752592153422,0,0
23013,1,19,1,2,0.06957431507050034,0,1
23015,2,25,0,2,0.06779040286722188,0,0
23017,1,33,1,2,0.11364068732503084,0,0
23025,4,24,1,2,0.13577376008410483,0,0
24027,1,24,1,2,0.07869971049277984,0,0
24029,2,9,1,2,0.18229578458250092,0,0
24033,1,39,0,2,0.15302400536280322,0,0
24035,1,16,1,2,0.13951111838326935,0,0
25001,1,47,1,2,0.09082992863688558,0,0
25013,2,41,1,2,0.16768576758914386,0,0
25017,1,83,0,2,0.07361096671072105,0,0
25025,3,36,1,2,0.14017021744093724,0,0
26001,3,13,0,2,0.14989916801922024,0,0
26005,2,24,1,2,0.17493102299825758,0,0
26007,3,8,0,2,0.14961319889586663,0,0
26011,3,10,1,2,0.20033218726554566,0,0
26013,3,7,1,2,0.15792892379371856,0,1
26023,3,13,1,2,0.23931598524553127,0,0
26025,3,22,1,2,0.21391073068712962,0,0
26027,2,14,1,2,0.2055552071864914,0,1
26065,1,22,1,2,0.18692011363238975,0,0
26073,4,15,1,2,0.17710545497505817,0,0
26107,3,16,0,2,0.15737470273720972,0,0
26139,1,22,1,2,0.1319447116452285,0,0
26153,3,7,0,2,0.20291233608583922,0,0
26163,3,68,0,2,0.22967763479972395,0,0
26165,3,13,0,2,0.15784136480958766,0,0
27009,1,9,1,2,0.12439451926579732,0,1
27021,2,24,0,2,0.14361960896046977,0,0
27035,2,18,0,2,0.10302616171408648,0,0
27037,1,22,1,2,0.09747403755352223,0,0
27041,1,17,1,2,0.11517159676202472,0,1
27053,1,72,0,2,0.11007905586878527,0,0
27057,2,10,1,2,0.14218818773258174,0,0
27089,1,15,0,2,0.16738261885854133,0,0
27095,2,12,1,2,0.13675021163122128,0,0
27097,2,20,1,2,0.1278965580883969,0,1
27143,1,16,0,2,0.14790273285333072,0,0
27147,1,11,0,2,0.16734612804060528,0,0
27149,2,8,0,2,0.13732345040287244,0,0
27151,3,11,1,2,0.16209576764537173,0,1
27157,1,13,0,2,0.12137404351965214,0,0
27165,2,10,0,2,0.18540985630515408,0,0
27171,1,19,1,2,0.10965771964970643,0,0
27173,2,14,0,2,0.16426246242540885,0,0
28017,4,8,0,2,0.22948003955231763,0,0
28027,4,11,1,2,0.3537068081793595,0,0
28031,4,8,1,2,0.19412693419343224,0,0
28037,4,8,1,2,0.17677317004265095,0,1
28051,4,9,1,2,0.2749870650980499,0,0
28057,3,10,1,2,0.15901457527681592,0,0
28065,4,9,1,2,0.19588957965747433,0,0
28067,4,13,0,2,0.17512790989203014,0,1
28081,3,15,1,2,0.15116325058322144,0,0
28085,4,12,1,2,0.17458819592508792,0,1
28087,3,8,1,2,0.1679291139228417,0,0
28099,4,8,1,2,0.22894536282493094,0,0
28109,3,5,1,2,0.15769717378595938,0,1
28119,4,10,1,2,0.3263846420820479,0,1
28123,4,10,1,2,0.22625844367022788,0,0
28133,4,16,1,2,0.3491220715269076,0,1
28137,3,5,1,2,0.23299559552469018,0,0
28139,4,9,0,2,0.1981472710773746,0,0
28149,4,3,0,2,0.1939993347308413,0,0
28153,4,7,1,2,0.19541600227896783,0,0
28161,4,7,1,2,0.1942390657598516,0,0
29001,4,9,1,2,0.1612762573185746,0,0
29003,2,17,0,2,0.21369556584826488,0,0
29013,3,13,1,2,0.22770142711625965,0,0
29015,3,13,1,2,0.20443374290769217,0,0
29027,2,19,0,2,0.14405710128574148,0,0
29029,3,18,1,2,0.14785330671136582,0,1
29045,3,11,0,2,0.20825255971575132,0,0
29059,4,13,1,2,0.2298069518750216,0,0
29063,2,10,1,2,0.23778956272638516,0,0
29071,1,23,1,2,0.183366291245526,0,0
29079,3,7,1,2,0.2429867966391242,0,1
29087,3,6,0,2,0.23353135988454407,0,0
29103,4,12,1,2,0.24576876369262263,0,1
29113,2,17,1,2,0.21194879714747553,0,0
29119,1,14,1,2,0.19509090795069037,0,0
29121,2,15,1,2,0.18919310454461258,0,0
29125,3,10,0,2,0.1807396675541124,0,0
29127,3,10,1,2,0.2051732482112646,0,0
29153,4,18,1,2,0.24917056010883287,0,1
29157,2,8,0,2,0.2000070487894272,0,0
29169,2,11,1,2,0.15442742973777815,0,0
29179,3,11,0,2,0.21406614360960444,0,0
29189,1,46,0,2,0.15240902226728137,0,0
29203,4,9,0,2,0.24343269302437667,0,0
29217,4,13,1,2,0.24352416666997595,0,0
29219,3,9,1,2,0.18792423469378647,0,1
30011,2,8,0,2,0.16483370034643743,0,0
30013,3,18,1,2,0.18538520261353852,0,1
30021,1,8,1,2,0.16955190713972546,0,1
30029,2,16,1,2,0.10871213736802952,0,0
30073,3,6,1,2,0.23249976411276513,0,1
30083,1,9,0,2,0.16872715341497735,0,0
30093,3,7,0,2,0.14328044088733977,0,0
30097,1,6,0,2,0.14635599182270606,0,0
30099,2,12,0,2,0.1685105933332966,0,0
30105,3,12,1,2,0.21003935266453827,0,1
31001,2,14,1,2,0.14043718993805285,0,1
31019,1,14,0,2,0.1333900856791142,0,0
31037,3,7,0,2,0.16356936186964158,0,0
31053,2,14,0,2,0.16532169706091815,0,0
31057,4,7,0,2,0.2009461603656185,0,0
31059,1,14,0,2,0.12512115439316643,0,0
31065,3,9,0,2,0.173542444349661,0,0
31091,1,1,0,2,0.1760109999860288,0,0
31101,2,7,0,2,0.16358095385235855,0,0
31127,2,13,0,2,0.1605367616917311,0,0
31135,1,10,1,2,0.16757163320650004,0,1
31137,2,10,0,2,0.15060006244147112,0,0
31141,1,11,1,2,0.12075024886160557,0,1
31157,3,8,1,2,0.21844573264320985,0,0
31163,2,8,0,2,0.16403952975690336,0,0
31181,2,8,0,2,0.16670214006863235,0,0
32015,3,2,0,2,0.31616301743227004,0,0
32017,1,5,1,2,0.10280748403251236,0,1
32021,3,5,1,2,0.31483454047133835,0,1
33001,1,15,0,2,0.07129842785374117,0,0
33007,2,16,1,2,0.10288541569375953,0,1
33011,1,34,1,2,0.07184845401866354,0,0
33017,1,17,0,2,0.08893575520022426,0,0
33019,2,19,0,2,0.08081552492620009,0,0
34001,1,30,0,2,0.15338776577609048,0,0
34005,1,38,0,2,0.10409051921948836,0,0
34017,3,16,0,2,0.15371274027136503,0,0
34023,1,44,0,2,0.10858293169863237,0,0
34029,1,30,0,2,0.11002978012879622,0,0
34035,1,32,1,2,0.08367543496969934,0,0
35001,1,27,0,2,0.21073420212849064,0,0
35005,4,9,1,2,0.3880017122980058,0,1
35009,1,7,1,2,0.2529001186229333,0,1
35019,2,5,1,2,0.18843766547682014,0,1
35029,4,3,1,2,0.3354187529380638,0,0
35037,4,10,1,2,0.2906126919778709,0,1
36003,3,37,1,2,0.11550130536432228,0,0
36031,2,34,1,2,0.08293930843594112,0,1
36045,3,39,1,2,0.12755660135003838,0,0
36051,2,30,0,2,0.13023924569920767,0,0
36069,1,25,0,2,0.111701608457654,0,0
36073,3,15,1,2,0.21023739252079315,0,0
36075,3,27,1,2,0.14646249314831974,0,0
36083,2,29,1,2,0.1064623450692274,0,0
36085,1,12,0,2,0.13717976418264355,0,0
36111,2,63,1,2,0.10106376885216387,0,0
36113,1,25,0,2,0.09598046439976922,0,0
36119,1,77,0,2,0.103002275114091,0,0
37007,4,8,1,2,0.20313984625038792,0,0
37015,4,10,1,2,0.23140594444540685,0,0
37037,1,18,1,2,0.08934338280848672,0,0
37043,3,5,1,2,0.10995733356596285,0,1
37059,2,6,1,2,0.12133629359197663,0,1
37061,4,19,1,2,0.22704890070301575,0,0
37067,1,22,1,2,0.13538666410151537,0,0
37091,4,9,1,2,0.199174122667567,0,0
37103,4,9,0,2,0.2049780634263629,0,0
37113,3,6,0,2,0.12408696798615405,0,0
37115,3,6,0,2,0.1213784535421506,0,0
37123,3,8,0,2,0.14925819453768485,0,0
37131,4,12,1,2,0.20290858356788974,0,0
37133,3,16,1,2,0.14350571674471999,0,0
37137,3,9,0,2,0.1688632562396369,0,0
37145,2,10,0,2,0.16273908534742904,0,0
37151,3,24,1,2,0.16105199628580896,0,0
37157,3,11,1,2,0.16716705532468992,0,0
37161,1,16,1,2,0.14491514310158,0,0
37165,4,7,1,2,0.23808015278718078,0,0
37199,3,5,0,2,0.1443975441306228,0,0
38001,1,6,0,2,0.19676069435817922,0,0
38009,1,14,0,2,0.16769507945205397,0,0
38031,1,8,0,2,0.1479794459952595,0,0
38039,2,9,0,2,0.1792630796314755,0,0
38043,2,13,0,2,0.1820500942744166,0,0
38061,2,12,0,2,0.2181586094261439,0,0
38067,1,13,1,2,0.13398572322185237,0,1
38069,3,11,0,2,0.18820385995234776,0,0
38073,1,11,1,2,0.15022624403985396,0,1
38085,4,9,1,2,0.38995536522211854,0,1
38091,1,12,0,2,0.14956378969904272,0,0
38095,3,10,0,2,0.19233056865643863,0,0
39011,1,18,0,2,0.22667924193826283,0,0
39013,2,27,1,2,0.1715526851505582,0,0
39035,1,52,0,2,0.1797890002417118,0,0
39059,3,20,1,2,0.21377102610689977,0,0
39063,1,24,1,2,0.16751172636328815,0,0
39081,3,23,1,2,0.21685320619485463,0,0
39091,2,18,1,2,0.2288356980604353,0,0
39093,2,24,1,2,0.18842333247985976,0,0
39103,1,24,1,2,0.1309653389612316,0,0
39107,1,18,1,2,0.21881952839114688,0,1
39117,2,16,1,2,0.19711404574778166,0,1
39137,1,17,1,2,0.1830672506452428,0,0
39143,2,17,1,2,0.24948310622653272,0,0
39151,1,42,1,2,0.18663563787337673,0,0
39153,2,41,0,2,0.17866007832639402,0,0
39165,1,24,1,2,0.1377333951582018,0,0
40041,4,13,1,2,0.2799967687963473,0,1
40051,2,14,1,2,0.2660508196254612,0,0
40065,3,9,1,2,0.30061233822458516,0,0
40085,3,8,1,2,0.34732619152119065,0,1
40095,4,3,1,2,0.3114033826854191,0,0
40097,4,17,1,2,0.32081813507003004,0,1
40099,3,7,1,2,0.32028338308536897,0,0
40107,4,11,1,2,0.3372027363797693,0,0
40131,1,12,1,2,0.2543910067232392,0,0
40137,3,10,1,2,0.32636381896622035,0,1
41003,1,10,1,2,0.14448525928297892,0,1
41015,2,7,1,2,0.1314464126509569,0,0
41035,4,17,1,2,0.260093235681475,0,1
42017,1,55,0,2,0.10806894372653073,0,0
42021,1,51,1,2,0.09451122430441679,0,0
42023,3,4,0,2,0.13783042068114812,0,0
42055,1,30,1,2,0.1312241560234334,0,0
42061,2,33,1,2,0.14490732470378317,0,1
42091,1,69,0,2,0.10464003403623733,0,0
42103,1,19,0,2,0.11784821905501112,0,0
42129,1,86,1,2,0.1069748330488249,0,0
45009,4,8,1,2,0.2977479926996444,0,0
45021,4,8,1,2,0.22482743872015157,0,0
45027,4,11,1,2,0.27980133184245604,0,1
45031,4,10,1,2,0.23852602951475216,0,0
45037,3,10,1,2,0.18957767603428682,0,0
45045,1,27,0,2,0.137950276202675,0,0
45065,1,11,0,2,0.19746098640437693,0,0
45073,3,13,1,2,0.17471210397956793,0,1
45081,4,12,1,2,0.27909356202955005,0,0
45083,2,34,0,2,0.1664258573091741,0,0
45089,4,12,1,2,0.2849456317891024,0,0
45091,1,15,1,2,0.1651903381641539,0,0
46015,2,6,0,2,0.16027757804039272,0,0
46017,4,6,0,2,0.27377027320342484,0,0
46035,2,6,1,2,0.134939949240014,0,0
46043,1,8,0,2,0.07377125044680681,0,0
46045,1,10,0,2,0.14796358972100762,0,0
46057,1,12,0,2,0.12802829161445936,0,0
46061,2,7,0,2,0.13197688814579647,0,0
46069,1,5,0,2,0.13103014772146063,0,0
46085,2,9,0,2,0.21327558236955305,0,0
46093,2,18,1,2,0.13848327422565188,0,0
46095,4,7,0,2,0.31738719705068213,0,0
46109,4,16,1,2,0.23594212431468017,0,1
46115,1,15,0,2,0.1429365881540339,0,0
46123,4,8,0,2,0.1806538907110768,0,0
46135,2,10,1,2,0.12206476344239492,0,0
47021,2,12,1,2,0.17369314461664248,0,1
47039,4,9,0,2,0.21958226157575242,0,0
47041,4,11,0,2,0.24472623211243738,0,0
47049,4,9,1,2,0.2101270977135589,0,0
47055,3,17,1,2,0.223838834930106,0,0
47059,4,10,1,2,0.2249082121669041,0,0
47069,4,12,1,2,0.2458338718184066,0,0
47105,2,9,0,2,0.16009912461122014,0,0
47107,4,12,1,2,0.211199573330217,0,0
47121,3,6,1,2,0.19479702904308627,0,0
47129,4,12,1,2,0.18971081320540215,0,0
47147,2,12,1,2,0.20297048721699165,0,0
47161,2,8,0,2,0.1935217513018687,0,0
47165,1,10,1,2,0.17332041943582696,0,0
47173,4,11,0,2,0.2088179533398407,0,0
47177,4,6,1,2,0.26577811912052435,0,1
47179,1,13,1,2,0.1660520236001013,0,0
47181,4,10,1,2,0.20904283345793404,0,0
48001,3,10,1,2,0.2513317653410883,0,0
48003,2,1,1,2,0.3222388484884146,0,0
48005,4,6,1,2,0.2461238155816082,0,0
48015,2,13,1,2,0.2625486019908857,0,0
48029,2,77,0,2,0.2877380125175869,0,0
48049,3,10,1,2,0.24754143264904374,0,0
48061,4,17,0,2,0.3921331809288197,0,0
48065,1,6,0,2,0.2303903583182729,0,0
48067,4,14,1,2,0.2348951549286484,0,1
48073,4,12,1,2,0.23543828462763852,0,1
48077,2,9,1,2,0.26627587123148017,0,1
48087,4,5,1,2,0.30248892188579934,0,1
48093,2,14,1,2,0.24168479518554722,0,0
48105,2,6,0,2,0.31122820355773906,0,0
48107,4,9,0,2,0.3737880990967561,0,0
48123,3,9,1,2,0.30940837118844006,0,0
48133,4,9,1,2,0.2607871182740795,0,0
48139,1,20,1,2,0.2448908288011718,0,0
48143,1,13,1,2,0.24582297655812924,0,1
48159,1,7,1,2,0.18347496780993955,0,1
48195,4,3,0,2,0.3748953441526188,0,0
48221,1,8,1,2,0.201559609220899,0,0
48225,4,7,1,2,0.265575349745806,0,0
48237,3,11,0,2,0.2831735815473767,0,0
48259,1,8,1,2,0.1582038945681386,0,1
48319,2,6,0,2,0.21793381193810832,0,0
48325,1,15,0,2,0.24604888886627974,0,0
48345,3,6,0,2,0.2529155150799851,0,0
48351,3,11,0,2,0.22974978225322562,0,0
48365,3,13,1,2,0.24492807092977717,0,0
48371,3,6,1,2,0.3678293913247093,0,0
48381,1,15,1,2,0.23334820503859977,0,0
48387,4,9,1,2,0.28292429677613773,0,0
48405,4,4,1,2,0.24339963561760083,0,1
48411,3,7,1,2,0.28599813956638154,0,1
48413,2,3,0,2,0.07625436962398606,0,0
48421,3,4,0,2,0.29071525468480025,0,0
48423,3,22,0,2,0.18881820823499665,0,1
48431,2,2,0,2,0.30513934704136947,0,0
48449,4,6,1,2,0.27165639100113925,0,1
48453,1,63,0,2,0.1485330140000942,0,0
48463,4,8,1,2,0.3768517464476251,0,0
48469,3,12,1,2,0.3096531869050161,0,0
49033,2,4,0,2,0.22040010073920974,0,0
49035,1,36,0,2,0.22724456781425542,0,0
49039,3,15,1,2,0.21680246803166045,0,0
49041,3,12,1,2,0.2310885956771398,0,0
49049,2,24,0,2,0.1642268285310329,0,0
50013,1,5,1,2,0.07566163314184043,0,1
50021,1,29,1,2,0.07600966756542425,0,0
50025,2,24,1,2,0.08582286789617757,0,1
51003,2,24,1,2,0.09004635066731088,0,0
51011,3,8,0,2,0.1767083002635104,0,0
51019,1,18,1,2,0.1106136634375523,0,1
51025,3,16,1,2,0.21407472345216047,0,0
51037,4,14,1,2,0.13569752189103543,0,0
51047,1,18,1,2,0.14839624341922805,0,1
51049,3,7,0,2,0.18461159999533214,0,0
51059,1,48,0,2,0.06844870076738954,0,0
51069,1,12,1,2,0.09852895294865567,0,1
51085,1,12,1,2,0.08382285455024653,0,0
51087,2,16,1,2,0.14814840267514798,0,0
51091,2,7,0,2,0.1253510527681511,0,0
51103,2,6,1,2,0.15024333641242732,0,0
51115,2,15,0,2,0.11713071311729657,0,0
51121,3,10,1,2,0.11000616047875104,0,0
51127,1,6,1,2,0.11139949462994087,0,0
51157,1,10,0,2,0.10940676062938852,0,0
51167,4,11,0,2,0.19362829345685764,0,0
51169,3,12,0,2,0.18153094522500304,0,0
51179,1,5,1,2,0.09755915840695828,0,0
51185,1,18,1,2,0.136003593961064,0,0
51197,3,11,0,2,0.16046783622529157,0,0
51530,4,1,0,2,0.17686820188835603,0,0
51570,2,1,1,2,0.12390635744754425,0,0
51775,1,1,0,2,0.09000357038276069,0,0
53011,1,20,0,2,0.12883456585850497,0,0
53019,4,9,0,2,0.2174207332816464,0,0
53023,3,2,1,2,0.227369077934867,0,1
53027,1,21,0,2,0.16366788681541203,0,0
53033,1,84,0,2,0.10515389267007695,0,0
53041,2,23,1,2,0.15674514572198064,0,1
53059,1,8,1,2,0.1357019468087275,0,1
53065,3,21,0,2,0.19006267112090963,0,0
54019,1,42,0,2,0.16518713437137864,0,0
54033,3,21,0,2,0.17893590467722298,0,0
54039,1,46,1,2,0.20821906604909232,0,0
54063,3,13,0,2,0.22370825622341706,0,0
54067,3,25,1,2,0.23158440229955057,0,0
54079,2,17,1,2,0.1862013628820551,0,0
54089,4,15,0,2,0.22316386969826432,0,0
54091,3,10,0,2,0.20003623545983423,0,0
55005,2,19,1,2,0.10727835955540471,0,1
55013,3,11,0,2,0.11159639246725671,0,0
55021,1,20,1,2,0.11541667995631781,0,1
55029,1,13,1,2,0.10503913652060744,0,0
55033,2,22,0,2,0.11926882915179081,0,0
55035,2,15,0,2,0.11000464919167362,0,0
55049,1,19,0,2,0.10363038949897736,0,0
55051,3,12,0,2,0.11861904074199964,0,0
55055,1,19,1,2,0.12505956148239553,0,0
55057,3,14,1,2,0.13311087558642992,0,0
55061,1,6,1,2,0.11597543407376258,0,0
55069,1,7,1,2,0.09173033788491444,0,0
55073,1,28,1,2,0.0876436866352532,0,0
55079,3,37,0,2,0.18336734047424033,0,0
55085,1,14,1,2,0.09044098858242648,0,1
55101,2,16,0,2,0.14599793192262078,0,0
55113,3,12,0,2,0.11058525820761853,0,0
55129,2,12,0,2,0.09572981227595712,0,0
56001,1,10,1,2,0.2324098262983405,0,0
56003,2,15,1,2,0.15959398550978549,0,0
56017,3,3,1,2,0.1959571775297182,0,1
56023,1,15,0,2,0.14222734033212903,0,0
56029,1,8,1,2,0.13441569609437035,0,0
56033,1,9,1,2,0.15160260157249447,0,0
56045,2,4,0,2,0.1915626765931446,0,0
01001,3,10,1,3,0.19030594387211835,0,1
01005,4,9,0,3,0.23754290274323517,0,0
01023,4,10,0,3,0.22753244989395113,0,0
01025,4,10,1,3,0.2341807710374794,0,0
01031,3,16,1,3,0.18645345755543583,0,1
01049,4,24,0,3,0.22982998864820647,0,0
01057,4,10,1,3,0.2036248610271781,0,0
01077,3,9,1,3,0.1911736419690437,0,0
01103,3,16,1,3,0.20027828547548165,0,0
01119,4,11,1,3,0.2516147702398326,0,0
01123,4,12,1,3,0.19940349959396156,0,1
01133,4,11,1,3,0.2069913963310181,0,0
04023,4,9,1,3,0.29927866525146,0,1
04027,4,10,0,3,0.2795716998671959,0,1
05003,4,7,1,3,0.20270834907105428,0,0
05007,2,21,0,3,0.15248666307571923,0,0
05013,4,6,0,3,0.1998105210378928,0,0
05015,3,9,1,3,0.1884673916161477,0,0
05035,4,11,1,3,0.29855372112450324,0,0
05039,4,6,1,3,0.19662584379477877,0,1
05055,4,9,1,3,0.21035828952056557,0,1
05069,4,17,1,3,0.2360800044971454,0,0
05073,4,6,1,3,0.2422602032997074,0,1
05087,3,13,1,3,0.2023893464272259,0,0
05101,3,20,1,3,0.18838573606094222,0,1
05105,4,8,1,3,0.230952468899578,0,1
05109,4,10,0,3,0.1985363303031905,0,0
05131,3,16,0,3,0.18857929672187043,0,1
06019,4,56,0,3,0.26926608688230075,0,0
06033,3,15,1,3,0.24689579516417837,0,0
06073,1,108,0,3,0.1673585977565141,0,0
06079,2,26,1,3,0.158873667959851,0,0
06111,1,33,0,3,0.15327057780548678,0,0
08005,1,33,1,3,0.14296606245936733,0,0
08007,1,5,1,3,0.14862016088916305,0,0
08015,2,5,0,3,0.14775116705290625,0,0
08017,2,4,0,3,0.22080737891542593,0,0
08019,1,6,0,3,0.11865295902962157,0,0
08051,2,11,0,3,0.16656265821927635,0,0
08053,1,3,0,3,0.15146324032995268,0,0
08057,1,2,0,3,0.12570535458367757,0,0
08081,2,5,1,3,0.2677367553238205,0,0
08089,4,7,0,3,0.30956958125160255,0,0
08095,2,3,0,3,0.2284878664876631,0,0
08097,1,7,0,3,0.13264894534271884,0,0
08103,2,4,0,3,0.2351568313314427,0,0
08107,1,9,1,3,0.16235493694148428,0,0
08113,1,7,1,3,0.12869597429366036,0,1
08117,1,4,0,3,0.17306145403636736,0,0
09007,1,24,1,3,0.10665034489159263,0,0
12015,2,17,1,3,0.11428956968327399,0,0
12023,3,8,1,3,0.15979253015744654,0,0
12039,4,7,1,3,0.20701989933028384,0,1
12051,4,6,1,3,0.2105496350801829,0,0
12053,3,12,1,3,0.14648241946776425,0,0
12063,1,14,1,3,0.18543334874657902,0,1
12065,4,4,1,3,0.19918060078150152,0,0
12067,4,2,0,3,0.15135168979495797,0,0
12075,4,13,1,3,0.1703921514876938,0,0
12077,4,2,0,3,0.17177479250902258,0,0
12085,1,12,1,3,0.12482194735044548,0,0
12097,3,17,1,3,0.1620136864730089,0,0
12101,2,31,1,3,0.1366775500938306,0,0
12111,2,17,1,3,0.14865499033771684,0,0
12133,4,10,1,3,0.1857661820189285,0,0
13005,4,3,1,3,0.22771351093182446,0,1
13017,4,4,1,3,0.23962414121964962,0,0
13027,4,10,0,3,0.20963307334309142,0,0
13045,1,11,1,3,0.1708341126707478,0,0
13047,1,8,0,3,0.1226784337913669,0,0
13059,1,9,1,3,0.1974348229854441,0,0
13063,1,16,1,3,0.20722751859571412,0,0
13085,1,5,1,3,0.1191131051015544,0,0
13101,3,6,1,3,0.1891601832858718,0,1
13135,2,26,0,3,0.10512374253841536,0,0
13141,4,5,0,3,0.2466382082594929,0,0
13147,4,8,0,3,0.182181840165833,0,0
13155,4,7,1,3,0.23939412932655846,0,1
13179,1,9,1,3,0.1712993721885993,0,1
13183,4,5,0,3,0.20479986583231813,0,0
13189,4,4,1,3,0.20685319587452872,0,0
13209,4,7,0,3,0.21324224513609605,0,0
13231,2,8,0,3,0.1814853344434907,0,0
13233,4,8,1,3,0.1890772096521541,0,1
13237,4,5,1,3,0.19671070439577604,0,0
13243,4,8,0,3,0.29342596021378603,0,0
13247,2,9,1,3,0.16951198839076015,0,1
13251,4,6,0,3,0.23778429622291702,0,0
13257,3,5,1,3,0.16423263155736506,0,0
13267,4,6,1,3,0.22044992355272117,0,0
13291,3,4,1,3,0.13466946510055858,0,0
13295,3,14,1,3,0.16558336150648562,0,0
13301,4,9,1,3,0.2463923760545434,0,1
13303,4,10,1,3,0.23157298963640413,0,0
13313,4,8,1,3,0.15857250828688121,0,0
13319,4,9,0,3,0.21922782642008587,0,0
16003,2,6,0,3,0.18223953445118116,0,0
16021,3,4,0,3,0.17664322259175189,0,0
16025,4,2,1,3,0.2807245243787307,0,1
16039,3,7,1,3,0.2159717347138917,0,0
16063,3,6,0,3,0.2949149732878582,0,0
16087,4,5,1,3,0.2725701113792384,0,1
17005,3,12,0,3,0.19695836871482794,0,0
17017,3,7,1,3,0.1783962817937534,0,0
17019,3,35,1,3,0.17078430893268146,0,0
17027,1,17,1,3,0.16443862619725844,0,0
17041,2,13,1,3,0.20674069122444022,0,0
17047,2,6,0,3,0.1902248316625652,0,0
17053,2,21,1,3,0.21487928686880953,0,0
17063,1,16,1,3,0.16898507325042192,0,0
17067,2,19,0,3,0.16657019575991386,0,0
17081,3,17,1,3,0.19194121776646753,0,0
17085,1,15,0,3,0.1453823670188423,0,0
17101,3,7,0,3,0.20215524523122136,0,0
17137,3,16,1,3,0.18959636685535947,0,1
17139,2,11,0,3,0.19981531021020885,0,0
17151,3,10,0,3,0.1997175628464461,0,0
17155,1,8,0,3,0.16452050443254665,0,0
17175,3,10,0,3,0.23057945778394337,0,0
17177,3,19,0,3,0.19641521521911806,0,0
17179,1,21,1,3,0.15154646086027748,0,0
17181,3,13,1,3,0.17441960365198483,0,0
17187,3,14,1,3,0.21104090047090512,0,0
17197,1,45,0,3,0.13843722591586632,0,0
17201,2,26,1,3,0.17937086058117765,0,0
18031,2,10,0,3,0.21856430127123413,0,0
18043,2,10,1,3,0.1507060954594817,0,1
18063,1,19,1,3,0.13707034834346796,0,0
18065,3,22,0,3,0.2500290329628781,0,0
18067,2,10,1,3,0.23612166909133067,0,0
18075,3,9,0,3,0.27450148082779446,0,0
18079,2,13,1,3,0.18977626497062985,0,0
18139,2,16,1,3,0.26548977848897654,0,0
18145,2,17,1,3,0.23172691162576114,0,0
18161,2,6,0,3,0.23000037094216683,0,0
18169,2,14,1,3,0.2221064173878969,0,1
18179,2,16,0,3,0.21883049007024602,0,0
18183,1,10,0,3,0.1731346915311007,0,0
19001,2,14,0,3,0.17612653046286256,0,0
19003,2,9,1,3,0.18173727249636815,0,1
19011,1,24,1,3,0.16055516466108974,0,0
19025,2,14,0,3,0.20450235195812383,0,0
19039,3,9,1,3,0.1773316924387752,0,1
19045,2,20,1,3,0.18212279194112677,0,0
19077,1,18,1,3,0.15954224855931767,0,1
19103,1,24,1,3,0.16006743866800585,0,0
19131,1,12,0,3,0.1826144706074672,0,0
19153,2,41,0,3,0.13358638710089604,0,0
19155,2,24,1,3,0.15228224737850013,0,0
19157,2,17,1,3,0.1580459411959508,0,0
19167,1,19,0,3,0.16344754838304001,0,0
19173,2,11,0,3,0.18980780969394437,0,0
19183,2,13,0,3,0.17453835630513556,0,0
19187,3,22,1,3,0.18656817024419306,0,0
19189,1,11,0,3,0.17690454169959177,0,0
19193,2,25,1,3,0.15797815988504246,0,0
19197,2,16,1,3,0.1871083502145027,0,0
20007,3,11,0,3,0.2401730969732583,0,0
20019,4,10,1,3,0.26860494812659386,0,1
20021,1,13,1,3,0.18787432906632195,0,0
20025,2,6,0,3,0.22931010063046373,0,0
20041,2,12,1,3,0.24024860894632769,0,0
20045,1,12,1,3,0.17365878600979626,0,0
20049,3,10,0,3,0.26574577186949633,0,0
20057,4,10,1,3,0.2575936850280889,0,1
20065,2,13,0,3,0.1868761091325979,0,0
20069,1,7,0,3,0.24679982604502082,0,0
20101,3,5,0,3,0.26171000739390005,0,0
20105,2,10,0,3,0.21741367337573214,0,0
20115,1,19,0,3,0.2180147595277237,0,0
20117,2,13,0,3,0.2308925600167776,0,0
20137,1,7,0,3,0.20481137050000087,0,0
20145,2,9,0,3,0.21531061449439315,0,0
20171,1,4,0,3,0.2571436450605489,0,0
20175,4,6,1,3,0.3039996142560701,0,0
20177,1,29,0,3,0.21510116583055022,0,0
20189,4,4,0,3,0.3022661325186208,0,0
20195,1,8,0,3,0.206284249863488,0,0
20197,1,16,0,3,0.20010808945617672,0,0
21011,4,8,1,3,0.21693535145084908,0,0
21013,4,11,1,3,0.21829342077319616,0,0
21017,3,9,0,3,0.2365763698606627,0,0
21029,1,11,1,3,0.1720075236930466,0,0
21035,4,10,0,3,0.21108769250734274,0,0
21067,2,17,1,3,0.14485514983644016,0,0
21071,4,33,1,3,0.2079062237804298,0,1
21079,3,5,1,3,0.2097082551050388,0,0
21105,4,7,1,3,0.28102001035905744,0,1
21113,3,4,1,3,0.1736155977663619,0,1
21115,4,19,1,3,0.17710623662996883,0,0
21117,2,12,1,3,0.14750987614128647,0,0
21121,4,19,1,3,0.1917014859958936,0,1
21125,4,8,1,3,0.186583640246138,0,1
21129,4,6,0,3,0.1812316963060678,0,0
21133,1,26,1,3,0.20223430336094023,0,0
21145,3,7,1,3,0.216839339214461,0,1
21159,4,9,1,3,0.16319245717885875,0,0
21165,4,5,0,3,0.21464331017274565,0,0
21173,4,5,1,3,0.21019103281366222,0,0
21201,4,7,1,3,0.23330404862164933,0,1
21215,1,8,0,3,0.1817814750073122,0,0
21221,2,5,1,3,0.21065509525147377,0,0
21227,3,9,1,3,0.17991135743378803,0,0
21233,4,10,0,3,0.26806166229617884,0,0
21237,4,5,1,3,0.2271158240050597,0,1
22023,4,8,1,3,0.3014024645523619,0,1
22029,4,5,0,3,0.28552060252685174,0,0
22039,4,12,1,3,0.22570690557184508,0,1
22051,3,17,0,3,0.19026620695626245,0,0
22063,2,17,1,3,0.16546666823168055,0,0
22073,1,14,0,3,0.1803687896477426,0,1
22077,3,17,1,3,0.2430465696797881,0,0
22083,4,6,1,3,0.2979707721691714,0,0
22099,4,8,1,3,0.20445431922410312,0,1
22101,4,8,1,3,0.20931814882185934,0,0
22113,3,12,1,3,0.24624916574126274,0,1
22121,2,5,1,3,0.21250293737464634,0,0
23003,4,41,0,3,0.17216971311469007,0,0
23005,1,38,1,3,0.09081250798793808,0,0
23011,2,27,1,3,0.11288797547871572,0,0
23019,1,47,1,3,0.13300966467506314,0,0
23021,3,16,1,3,0.16573526603067418,0,0
24021,1,34,1,3,0.10125699427076255,0,0
24023,2,12,0,3,0.15291447970423666,0,0
24047,2,12,1,3,0.1577116032588086,0,1
24510,1,31,0,3,0.2195375114356264,0,1
25007,1,7,0,3,0.12068634708206004,0,0
25011,2,32,1,3,0.1024897590132197,0,0
26003,2,13,0,3,0.1615474794245787,0,0
26017,2,16,1,3,0.2101376288920614,0,0
26019,1,11,0,3,0.14255871164296294,0,0
26021,1,23,1,3,0.19521923290464696,0,0
26029,2,10,0,3,0.13913493486713496,0,0
26049,3,34,1,3,0.1878645009167111,0,0
26075,2,29,1,3,0.1982650510585117,0,0
26081,2,39,1,3,0.15738982760992984,0,0
26087,2,22,1,3,0.17553575646302802,0,0
26093,1,20,1,3,0.11972441555804988,0,0
26095,3,3,0,3,0.19851085561726226,0,0
26101,2,15,1,3,0.15182434423597294,0,0
26117,3,25,0,3,0.1964534882455766,0,0
26133,4,9,0,3,0.20448944213271064,0,0
26137,3,7,1,3,0.1574705039477032,0,0
26149,3,13,1,3,0.21674617730628432,0,1
26157,3,21,1,3,0.2100857979982981,0,0
26159,3,22,1,3,0.19650938476034932,0,0
27001,2,12,1,3,0.15238738006492997,0,0
27015,1,10,0,3,0.156292898326584,0,0
27019,1,18,0,3,0.10213423436579047,0,0
27025,1,15,1,3,0.12498086118470089,0,0
27031,2,6,0,3,0.12215453764658295,0,0
27043,2,14,0,3,0.20381630705861814,0,0
27045,1,16,0,3,0.14194580200635937,0,0
27059,1,12,0,3,0.1295974508124575,0,0
27061,2,30,1,3,0.139848671581589,0,1
27077,1,4,0,3,0.06013923412328122,0,0
27079,1,13,1,3,0.14911102035612997,0,0
27081,2,12,0,3,0.19185253827669335,0,0
27093,1,13,0,3,0.1408528832585662,0,0
27099,2,19,1,3,0.17245330463285538,0,1
27107,2,14,0,3,0.1927254763098241,0,0
27113,1,7,0,3,0.19023647882356698,0,0
27117,2,9,0,3,0.21157594021702064,0,0
27123,2,26,1,3,0.12884047702566445,0,0
27125,2,9,0,3,0.19251156381843512,0,0
27127,2,22,1,3,0.17871346527398704,0,0
27155,1,9,0,3,0.19390144067022347,0,0
27167,1,12,0,3,0.16750055829952767,0,0
28011,4,17,1,3,0.3126528799933958,0,1
28021,4,5,0,3,0.19816984576892288,0,0
28025,4,8,1,3,0.20797605321113222,0,0
28029,4,9,1,3,0.13911773645147926,0,0
28033,1,10,1,3,0.14397155903312514,0,0
28035,1,8,1,3,0.1315242416762637,0,1
28039,4,3,1,3,0.16172386494792299,0,0
28041,3,7,1,3,0.1597514886355064,0,0
28043,4,7,1,3,0.1649053563080051,0,0
28061,4,14,1,3,0.17356200456791146,0,0
28063,4,7,0,3,0.19562563314340503,0,0
28077,4,8,0,3,0.17316869345307978,0,0
28079,4,7,0,3,0.204626732023252,0,0
28089,1,12,1,3,0.11109147658275383,0,0
28103,4,6,1,3,0.25489478758403805,0,0
28105,4,6,0,3,0.15969462057519854,0,0
28113,4,8,1,3,0.18772787700708396,0,0
28121,1,12,1,3,0.11369205772697087,0,0
28155,4,10,0,3,0.17961104639967024,0,0
29007,3,14,0,3,0.2399631574957276,0,0
29031,3,19,1,3,0.18676107852494972,0,1
29037,1,18,1,3,0.16886242027098233,0,0
29055,4,12,1,3,0.2037030529878502,0,0
29085,4,13,1,3,0.19504836170018625,0,1
29093,3,16,1,3,0.21511552327931396,0,1
29095,2,55,0,3,0.19649017840356933,0,1
29101,2,19,0,3,0.20406695077726839,0,0
29109,3,21,1,3,0.2309136193639582,0,1
29111,3,12,0,3,0.2297394689042556,0,0
29131,3,17,1,3,0.19495164973474577,0,0
29135,2,13,1,3,0.1858589375542266,0,0
29139,3,11,1,3,0.22909157421469165,0,0
29149,4,12,0,3,0.26116715305108257,0,0
29209,1,17,1,3,0.18291269677530428,0,1
29221,1,16,0,3,0.18804648848956335,0,0
29229,4,11,1,3,0.2601208040908023,0,0
30009,1,13,0,3,0.19354910221022426,0,0
30039,2,5,0,3,0.20287595207626635,0,0
30053,4,6,1,3,0.19746429105418986,0,0
30057,1,18,0,3,0.16164354099617045,0,0
30063,2,16,0,3,0.14871994258058352,0,0
30101,2,8,0,3,0.2586450760789237,0,0
30109,2,2,0,3,0.21764791785008,0,0
31005,2,8,0,3,0.20922601727448495,0,0
31007,2,8,1,3,0.1860153029726352,0,1
31023,1,14,1,3,0.16226803169700393,0,1
31027,1,13,0,3,0.16923088473838513,0,0
31041,1,21,1,3,0.14395504398291886,0,0
31067,2,18,1,3,0.1698401071888795,0,0
31075,2,3,1,3,0.2194704359973723,0,1
31077,1,8,0,3,0.18612040484379067,0,0
31079,2,11,1,3,0.14035461942361735,0,0
31083,2,8,1,3,0.17865201244174203,0,1
31085,2,8,0,3,0.19769920760413398,0,0
31087,2,6,0,3,0.2038675958985366,0,0
31099,2,11,0,3,0.14652284022668832,0,0
31103,2,4,0,3,0.17012009775039003,0,0
31115,2,5,0,3,0.20345269145594547,0,0
31117,2,5,0,3,0.17661243506652946,0,0
31133,3,11,0,3,0.18822676461979543,0,0
31159,1,18,0,3,0.14042221239488764,0,0
31161,2,9,1,3,0.22882117064658627,0,1
31165,3,8,0,3,0.2252942767601917,0,0
32001,2,2,1,3,0.3067854945109424,0,0
32009,4,4,0,3,0.2234125928697183,0,0
32023,1,11,0,3,0.31914418220731144,0,1
34003,1,66,0,3,0.0917764016751126,0,0
34033,2,14,1,3,0.17242670970725954,0,1
35003,3,9,0,3,0.35444353857093636,0,0
35007,4,9,1,3,0.2859223474818801,0,0
35013,1,26,0,3,0.26378179986020406,0,0
35017,4,16,1,3,0.22516467054279332,0,0
35035,4,18,1,3,0.3356867933302753,0,0
35049,2,15,1,3,0.16804876056189255,0,0
36009,1,36,1,3,0.16394023043236064,0,0
36015,2,22,1,3,0.13423139534377035,0,0
36019,2,25,0,3,0.14363210486631964,0,0
36021,2,36,1,3,0.11806086557126502,0,1
36025,3,47,0,3,0.1290688648308187,0,0
36027,1,35,1,3,0.10462333678778828,0,0
36033,3,23,1,3,0.15464388648186897,0,0
36039,2,42,1,3,0.12729051772580136,0,1
36053,1,31,1,3,0.1606079847243523,0,1
36061,2,47,0,3,0.1393080770177961,0,0
36065,2,54,1,3,0.1532632607814825,0,0
36079,1,12,0,3,0.08291110392874274,0,0
36089,3,49,1,3,0.16589289860295287,0,0
36095,2,24,0,3,0.1321223813983241,0,0
36097,2,18,0,3,0.13841082404429028,0,0
36101,3,39,1,3,0.1374591734642205,0,0
36109,1,17,1,3,0.14063765470834644,0,0
36121,2,24,0,3,0.15099343299313,0,0
36123,2,13,0,3,0.1458466285348263,0,0
37003,2,8,1,3,0.12999941420308067,0,0
37013,4,15,1,3,0.17465010326200675,0,1
37017,4,18,1,3,0.20153121592990772,0,0
37021,2,19,1,3,0.09889468740622163,0,0
37025,2,16,1,3,0.12160337541385019,0,0
37027,3,10,1,3,0.13195177915711906,0,0
37035,2,14,1,3,0.13121826980444165,0,0
37045,1,13,1,3,0.17009646434018205,0,0
37063,2,16,1,3,0.10383698198433776,0,0
37065,4,15,1,3,0.2056948559288047,0,1
37069,3,13,1,3,0.14309321173227144,0,0
37073,2,6,0,3,0.17691597011632276,0,0
37075,4,2,0,3,0.17061084189814746,0,0
37083,4,9,1,3,0.19794226780765878,0,0
37097,2,16,0,3,0.13146238871658575,0,0
37117,4,11,0,3,0.183667316652568,0,0
37127,3,15,1,3,0.15546601729984755,0,0
37149,2,7,0,3,0.10587348316636225,0,0
37175,3,10,1,3,0.10797761666128487,0,0
37181,4,8,1,3,0.18625497732555094,0,0
37183,1,39,0,3,0.07979733187324953,0,0
38003,1,19,0,3,0.17761813097138496,0,0
38007,2,8,0,3,0.19120253406294843,0,0
38013,1,9,0,3,0.1872473807902586,0,0
38027,2,7,1,3,0.2234027960508774,0,1
38029,2,8,0,3,0.20314794483078372,0,0
38037,2,13,1,3,0.22002217059765825,0,1
38041,2,5,0,3,0.22675446197881569,0,0
38047,1,7,0,3,0.20882303079530104,0,0
38049,1,18,0,3,0.1921617387837378,0,0
38051,2,6,0,3,0.21059712815430523,0,0
38063,1,9,0,3,0.20264379881162917,0,0
38065,1,6,0,3,0.18140258945488738,0,0
38075,1,9,0,3,0.18603216713886678,0,0
38077,1,19,0,3,0.160905130723935,0,0
38079,4,10,0,3,0.32383308008329875,0,0
38081,1,12,0,3,0.16202988857366213,0,0
38083,2,9,0,3,0.2170069979944392,0,0
38089,1,10,0,3,0.15713838061512161,0,0
39023,3,22,1,3,0.22021829643429272,0,0
39025,1,23,1,3,0.15253989263875062,0,0
39033,3,15,0,3,0.21044934142066063,0,0
39049,2,49,0,3,0.1662365833373021,0,0
39051,1,12,0,3,0.2185506605359918,0,0
39053,3,12,0,3,0.19030584028190015,0,0
39055,1,20,1,3,0.12637384125594017,0,0
39057,2,24,0,3,0.1762617298632685,0,0
39087,3,14,1,3,0.18946722173008376,0,0
39111,3,15,1,3,0.18719076338951965,0,0
39113,2,40,0,3,0.20675983956964158,0,0
39119,3,22,1,3,0.18906997493995428,0,0
39127,3,17,1,3,0.20415267122583028,0,1
39129,2,17,1,3,0.1870471301389135,0,1
39139,1,19,1,3,0.17706126465643834,0,0
39141,3,16,1,3,0.1968557488170656,0,0
39149,2,18,0,3,0.2242230688773373,0,0
39163,4,15,0,3,0.2134808596428428,0,0
39171,1,12,1,3,0.21541377626025562,0,1
40019,3,13,1,3,0.2790729014224029,0,0
40021,4,16,1,3,0.2743739219580799,0,1
40025,3,4,1,3,0.3352234568214089,0,1
40033,3,11,0,3,0.35306468394059914,0,0
40055,4,4,1,3,0.3194292991084493,0,1
40057,4,6,0,3,0.32607712601848565,0,0
40059,2,7,1,3,0.2672049288808298,0,1
40069,4,13,1,3,0.3308227371905228,0,1
40075,4,9,1,3,0.3686833124665235,0,1
40077,4,7,1,3,0.2647085443044361,0,1
40079,4,23,1,3,0.261200584606233,0,0
40087,1,12,0,3,0.2581278230191077,0,0
40091,4,11,1,3,0.2763598929193692,0,0
40093,2,15,0,3,0.2630848215111844,0,0
40103,2,11,0,3,0.2385183867041486,0,0
40109,3,55,0,3,0.24089491797690732,0,1
40115,4,9,1,3,0.2825706302038067,0,1
40123,3,10,1,3,0.23737336872132866,0,1
40125,3,16,0,3,0.25356327641246396,0,1
40129,3,9,0,3,0.30429242709909904,0,0
40143,2,42,0,3,0.20029941462915898,0,0
40153,2,11,1,3,0.24437970628435493,0,0
41001,3,12,1,3,0.22991451971535748,0,0
41007,2,9,0,3,0.14983872555228764,0,0
41029,3,18,1,3,0.2091509480284851,0,0
41039,3,39,1,3,0.16236985089448125,0,0
41043,2,20,1,3,0.20508731253684956,0,0
41051,2,42,0,3,0.15177190515327244,0,0
41061,3,8,1,3,0.2275371681381357,0,0
41071,2,15,0,3,0.16403100756423147,0,0
42011,1,62,1,3,0.15168684378266512,0,0
42015,2,27,1,3,0.15457859629577367,0,0
42019,1,37,0,3,0.1058932807543773,0,0
42027,2,33,1,3,0.1266473109942187,0,0
42029,1,44,0,3,0.1052629447145381,0,0
42039,3,27,1,3,0.15691759228199115,0,1
42049,1,32,0,3,0.1591281111853921,0,0
42053,4,11,1,3,0.16245606082015737,0,1
42071,1,57,0,3,0.1563586670388664,0,0
42083,3,22,0,3,0.14303552117756857,0,0
42097,2,28,1,3,0.1490812317640334,0,0
42109,2,15,1,3,0.15245223359781113,0,0
42115,2,29,1,3,0.14507552964014492,0,1
42119,1,14,1,3,0.12518121972740817,0,1
42121,3,23,0,3,0.13546621944287082,0,0
42131,1,15,0,3,0.12448430419660815,0,0
44009,1,20,1,3,0.10019948278507579,0,0
45015,2,17,1,3,0.1672836453507972,0,0
45017,4,7,1,3,0.21365115094306236,0,0
45035,2,15,1,3,0.1536201461684467,0,0
45055,3,13,1,3,0.1638110897116949,0,1
45059,4,16,1,3,0.18408108203136492,0,0
45085,4,15,1,3,0.21552388243991707,0,0
46025,2,13,0,3,0.18727707232716892,0,0
46049,2,10,0,3,0.19931733560676135,0,0
46059,1,8,1,3,0.1895927167977794,0,1
46065,1,3,1,3,0.15744540025326617,0,0
46099,1,23,1,3,0.1341289624207728,0,0
46103,2,20,1,3,0.13399800977170873,0,0
46117,1,4,0,3,0.173026089539379,0,0
46125,1,15,0,3,0.18180625772166048,0,0
47003,3,13,1,3,0.2243907748335711,0,0
47029,4,8,0,3,0.2212108127678103,0,0
47053,4,11,1,3,0.24774641617494705,0,0
47061,4,10,0,3,0.22184315634739593,0,0
47065,1,31,0,3,0.14565897415338297,0,0
47085,3,4,1,3,0.21658803977192315,0,0
47091,4,5,0,3,0.21713565361818618,0,0
47099,4,11,1,3,0.21775543407910902,0,1
47111,4,8,1,3,0.21975347797934433,0,0
47115,3,12,0,3,0.1572849985470041,0,0
47139,3,12,1,3,0.1993312714124996,0,0
47141,1,10,1,3,0.19448141577563602,0,0
47149,1,20,1,3,0.18333250914837163,0,0
47151,4,9,0,3,0.19659102643318158,0,0
47159,3,15,1,3,0.20819125366221844,0,0
48011,1,6,0,3,0.268377395141874,0,0
48017,1,6,1,3,0.27705964414579237,0,1
48037,3,10,1,3,0.19097770865912994,0,0
48051,2,5,1,3,0.2482581499474736,0,0
48053,2,13,1,3,0.2210339579375615,0,1
48063,3,2,1,3,0.20830687900333542,0,0
48075,4,4,1,3,0.2951679745557038,0,1
48079,4,4,0,3,0.40424113736312656,0,0
48101,4,3,1,3,0.3167014546463527,0,1
48111,1,3,0,3,0.287815082164959,0,0
48119,3,7,1,3,0.26835145457574916,0,1
48135,2,8,1,3,0.2520301113693235,0,0
48145,3,17,1,3,0.29591939630420794,0,0
48177,3,14,1,3,0.2710072425839,0,0
48183,3,10,0,3,0.17625005082163991,0,1
48199,2,12,1,3,0.16712899854551427,0,0
48205,1,4,0,3,0.2832768513865101,0,0
48211,1,4,0,3,0.23721193675380692,0,0
48219,4,10,1,3,0.3127182868757311,0,0
48227,3,5,1,3,0.30771416132903273,0,0
48245,3,18,0,3,0.2209707001086403,0,0
48249,4,8,1,3,0.29288259193522026,0,1
48257,2,13,0,3,0.2323998536852093,0,1
48261,4,2,1,3,0.383085300737121,0,1
48265,3,10,1,3,0.20491121960539663,0,1
48283,3,4,0,3,0.2907098986568602,0,0
48287,2,9,1,3,0.24946664554922074,0,0
48297,3,10,0,3,0.28120724879894266,0,0
48301,1,1,0,3,0.3135024369877159,0,0
48305,3,7,0,3,0.29422370551565125,0,0
48307,3,6,1,3,0.30042353914481545,0,1
48309,1,29,0,3,0.23256189128957602,0,0
48313,2,5,1,3,0.21741255832526443,0,0
48341,2,6,1,3,0.2867098434085544,0,0
48353,3,9,1,3,0.24843604878675898,0,0
48357,4,5,0,3,0.33547584136237546,0,0
48375,4,16,1,3,0.2682796215109557,0,0
48383,2,2,0,3,0.28551023752931415,0,0
48389,3,4,1,3,0.17110101994117147,0,0
48391,3,5,1,3,0.27780897468462373,0,1
48415,3,8,1,3,0.3156843945896626,0,0
48425,3,7,0,3,0.23271643960879865,0,0
48427,4,10,1,3,0.36515147183743385,0,1
48429,4,8,1,3,0.2759534711450604,0,1
48433,3,7,0,3,0.28859283367401917,0,0
48441,1,17,1,3,0.21404698880915268,0,0
48451,1,14,1,3,0.22683071355174014,0,0
48457,3,10,1,3,0.1765624544097705,0,0
48461,2,4,0,3,0.29405026978106386,0,0
48467,3,13,1,3,0.23887940416140235,0,0
48477,2,7,1,3,0.2562329613403457,0,1
48479,4,10,0,3,0.271328834296808,0,1
48481,1,13,1,3,0.2757255212515715,0,0
48483,3,6,0,3,0.26835470648535575,0,0
48493,2,12,1,3,0.24725041322833644,0,1
49001,2,4,0,3,0.21005417240245466,0,0
49005,3,16,1,3,0.21761124487409228,0,0
49007,3,6,0,3,0.28295407627827807,0,0
49053,2,21,0,3,0.18954867663129052,0,1
49057,1,9,1,3,0.21054845342612907,0,0
50005,2,22,1,3,0.11301800407751682,0,1
50007,1,21,1,3,0.1264557561498294,0,0
50015,2,11,0,3,0.1114039062167671,0,0
51013,1,11,1,3,0.07832783858630459,0,0
51015,2,27,1,3,0.14278044748085617,0,0
51017,4,7,0,3,0.1408192232294326,0,0
51021,2,6,0,3,0.1377207563867251,0,0
51027,4,16,1,3,0.1955926553345347,0,0
51033,1,11,0,3,0.14201126277294687,0,0
51035,3,17,0,3,0.18778590426869762,0,0
51041,1,16,0,3,0.10594058174851496,0,0
51057,4,8,1,3,0.21271897696342792,0,1
51067,3,16,0,3,0.1514331121931018,0,0
51089,4,12,0,3,0.17526545075491284,0,0
51093,1,8,1,3,0.15439292751234526,0,1
51101,1,6,0,3,0.1610775536877633,0,0
51109,2,12,0,3,0.15245369660983857,0,0
51113,2,21,1,3,0.20601340283600975,0,0
51155,3,8,0,3,0.15029155286457374,0,0
51161,1,14,1,3,0.09334072791834135,0,0
51193,2,8,1,3,0.17866808389019437,0,0
51195,4,8,0,3,0.1665587567468289,0,0
51199,1,9,1,3,0.08718271315753014,0,0
51590,4,2,1,3,0.1782616110063166,0,1
51610,1,4,0,3,0.07319659371140495,0,0
51650,2,9,1,3,0.17675764138224137,0,0
51678,3,1,1,3,0.13829837219237626,0,1
51680,3,5,1,3,0.13603011547788085,0,0
51690,4,1,1,3,0.17144287422022492,0,0
51700,3,8,1,3,0.16315539454115524,0,0
51740,1,8,1,3,0.1911654382176793,0,0
51810,1,12,0,3,0.12317632099082113,0,0
53045,2,15,1,3,0.161650388229023,0,1
53055,1,9,0,3,0.11731644285174099,0,0
53067,1,14,1,3,0.14334007242504027,0,0
54005,4,31,1,3,0.20542879599022879,0,0
54011,3,13,1,3,0.17031884674102796,0,0
54031,3,10,0,3,0.23969422103184507,0,0
54041,4,11,1,3,0.21025455167446788,0,0
54043,4,19,0,3,0.21696707757043449,0,0
54049,3,18,1,3,0.1821795925238359,0,1
54061,3,16,1,3,0.13981701237189403,0,0
54069,2,6,1,3,0.17032401158014437,0,1
54075,3,13,0,3,0.2356543420922629,0,0
54087,4,13,0,3,0.23346615739345147,0,0
54101,4,11,0,3,0.2525216841577805,0,0
54103,4,12,1,3,0.21124261929352822,0,0
54109,4,39,0,3,0.0922714516330038,0,0
55003,3,11,0,3,0.13716599900692755,0,0
55015,1,14,1,3,0.12969886947057713,0,0
55045,1,12,1,3,0.12994520257327283,0,1
55059,1,17,1,3,0.13984295560335655,0,0
55065,2,14,1,3,0.15789034911614022,0,0
55067,2,15,0,3,0.1375492067223272,0,0
55071,1,19,1,3,0.13476387876058796,0,0
55083,1,19,1,3,0.13522064591651978,0,1
55087,1,24,1,3,0.12447802659517393,0,0
55095,1,20,1,3,0.12535066874640027,0,1
55109,1,18,0,3,0.114700098406651,0,0
55127,1,16,1,3,0.1408108388797669,0,0
55139,1,18,1,3,0.13719118158974344,0,0
56013,2,11,1,3,0.26614383400547914,0,0
56025,1,11,1,3,0.2240851687122316,0,0
56027,3,5,0,3,0.28397294636066595,0,0
56031,2,5,1,3,0.250912470054822,0,1
56041,1,5,0,3,0.237186134827589,0,0
01019,4,11,1,4,0.23215707142338513,0,0
01021,3,14,1,4,0.2229746146114218,0,0
01035,4,13,1,4,0.2481443046889186,0,0
01039,4,13,1,4,0.22443015820445095,0,1
01051,2,13,1,4,0.168174677834857,0,0
01053,4,9,1,4,0.24455973586591756,0,0
01065,4,9,1,4,0.2612031141117516,0,0
01083,2,15,1,4,0.20524059837110015,0,0
01087,4,13,1,4,0.19291721243332638,0,0
01093,4,12,1,4,0.2082751565269618,0,1
01101,1,24,1,4,0.1844401849023278,0,0
01125,1,27,1,4,0.16711535982156794,0,0
04003,3,23,0,4,0.1775475935706844,0,1
04007,4,13,0,4,0.23678838983817244,0,1
04009,4,10,1,4,0.24028119027262376,0,1
04019,1,48,0,4,0.21481790571364706,0,1
05027,4,7,1,4,0.24642681773690403,0,0
05033,3,11,1,4,0.27010336076337776,0,1
05047,4,13,1,4,0.2953591403291645,0,0
05067,4,11,1,4,0.3306194043423028,0,0
05075,4,14,1,4,0.2559356300239033,0,0
05085,2,11,1,4,0.21625369035338374,0,0
05089,3,17,0,4,0.21942104814821783,0,0
05097,4,9,1,4,0.2507597438456693,0,1
05103,4,8,1,4,0.26158534193323796,0,0
05111,4,10,1,4,0.2946322711881638,0,0
05123,4,13,1,4,0.29819656758801943,0,0
05129,4,10,1,4,0.25569477021866766,0,1
05135,4,13,1,4,0.23954116317838364,0,0
05137,4,16,0,4,0.25017053933331335,0,0
06005,2,12,1,4,0.1937092504188315,0,1
06017,1,23,1,4,0.15049692673390366,0,0
06025,4,17,0,4,0.3054752794792058,0,1
06031,4,12,1,4,0.28105533866746496,0,0
06035,2,17,1,4,0.23328043071639784,0,1
06045,3,29,1,4,0.18545484292158385,0,0
06053,3,31,0,4,0.1849279948057562,0,0
06057,2,12,1,4,0.16891954656617464,0,0
06085,1,63,0,4,0.11234036219552863,0,0
06103,4,15,1,4,0.28405253545879117,0,0
06109,1,16,1,4,0.13132941797736786,0,1
08013,1,22,1,4,0.14473948158207392,0,0
08063,2,6,0,4,0.24066042459304687,0,0
08065,3,2,0,4,0.13683957021349374,0,0
08069,1,24,1,4,0.15917116088194438,0,0
08071,4,11,0,4,0.19260932097318814,0,0
08091,1,3,0,4,0.12335708656265937,0,0
08101,3,15,1,4,0.23020936462851135,0,0
08109,4,8,1,4,0.1637120317184559,0,1
08111,1,2,0,4,0.1408103067742675,0,0
11001,1,29,0,4,0.09380565895755903,0,1
12003,2,5,1,4,0.1423099923443331,0,0
12005,2,16,1,4,0.1394659380906497,0,0
12007,1,9,0,4,0.11371374160284167,0,0
12043,4,5,1,4,0.21576953425845566,0,0
12047,4,3,0,4,0.22479206238260596,0,0
12049,4,4,1,4,0.2353443618333627,0,0
12081,2,21,0,4,0.1303969594977171,0,0
12099,2,53,0,4,0.11662305911859007,0,0
12103,2,48,0,4,0.12652245748205168,0,0
12105,3,41,0,4,0.15273637736509607,0,0
12115,1,28,0,4,0.11647481749586822,0,0
12129,2,4,1,4,0.15694800576877577,0,0
13009,4,6,1,4,0.25246978562334144,0,0
13013,2,8,1,4,0.1592960930775522,0,0
13029,1,3,0,4,0.13896114292433528,0,0
13043,4,4,1,4,0.2862566703951567,0,1
13053,3,2,0,4,0.12627586437325516,0,0
13067,1,23,0,4,0.09274703478498803,0,0
13089,1,36,0,4,0.12074508987995324,0,0
13095,4,6,1,4,0.24755059854224473,0,0
13109,4,6,1,4,0.26977670698502726,0,1
13113,1,8,1,4,0.0922705595119514,0,0
13127,3,8,1,4,0.17713687570883518,0,0
13133,3,7,0,4,0.2009581936380897,0,0
13139,2,19,1,4,0.14756238448888265,0,0
13145,1,12,0,4,0.11013179972133784,0,0
13153,2,12,1,4,0.20007505001513756,0,0
13159,3,6,0,4,0.212453787683964,0,0
13161,4,4,0,4,0.2662226094193578,0,0
13163,4,9,1,4,0.28753741931707655,0,0
13165,4,5,1,4,0.31535425095801345,0,1
13177,2,7,0,4,0.19809654498103285,0,0
13181,4,2,0,4,0.23804778565794227,0,0
13185,1,11,0,4,0.19700930932217742,0,1
13211,1,9,0,4,0.142080196278911,0,0
13215,4,11,1,4,0.17366111595156913,0,0
13219,1,8,1,4,0.1126307950824434,0,1
13265,4,4,0,4,0.27425431421791585,0,0
13279,4,3,1,4,0.24860886584584552,0,0
13305,4,6,1,4,0.2223345145894142,0,0
13311,2,7,0,4,0.12261987528374745,0,0
16001,1,17,1,4,0.14886877469582194,0,0
16005,3,10,0,4,0.23432818401225858,0,0
16011,3,11,1,4,0.15167618570537517,0,0
16013,2,8,1,4,0.24933585560687488,0,0
16015,1,8,0,4,0.16424993561527482,0,0
16019,2,14,1,4,0.14804424307374078,0,0
16023,3,3,0,4,0.11630060196206966,0,0
16037,4,7,0,4,0.18544166818309493,0,0
16043,3,9,0,4,0.22958670038774331,0,0
16061,2,7,0,4,0.13736156935099708,0,0
16075,3,7,1,4,0.2746384067095866,0,0
16083,3,10,1,4,0.2312361984463541,0,1
17001,2,23,1,4,0.14303412891450829,0,0
17021,2,20,1,4,0.1796937075154624,0,1
17061,2,13,0,4,0.17022091624641256,0,0
17069,3,5,0,4,0.19668117568568833,0,0
17071,2,17,0,4,0.17543627322055025,0,0
17075,2,25,1,4,0.1990047490294084,0,0
17079,2,15,0,4,0.17977062662093954,0,0
17111,1,24,1,4,0.10120311815819719,0,0
17119,2,35,0,4,0.15329217202276654,0,0
17121,3,15,1,4,0.19713544739623468,0,1
17127,3,8,1,4,0.22456974721325257,0,0
17129,1,8,0,4,0.13833900015990852,0,0
17131,1,18,0,4,0.18028224022004474,0,0
17145,3,12,0,4,0.2087029351775766,0,0
17173,2,22,1,4,0.17366320596848034,0,0
17185,2,7,0,4,0.17295045905215517,0,0
17189,1,13,1,4,0.1713725739948845,0,0
17195,2,15,0,4,0.18001519032021346,0,0
17199,3,22,1,4,0.1613654211243284,0,0
18009,3,7,1,4,0.26532575195788355,0,0
18015,2,17,0,4,0.20664085819602027,0,0
18021,2,17,1,4,0.19343478635518768,0,0
18029,1,9,1,4,0.14186935379989654,0,0
18051,2,16,1,4,0.17472325389132706,0,1
18069,2,9,1,4,0.17372575681086788,0,1
18073,1,13,1,4,0.16375713815003373,0,1
18085,1,21,1,4,0.16361388313856828,0,0
18087,1,12,1,4,0.19824144384832976,0,1
18089,2,28,0,4,0.16409298326004856,0,0
18091,3,15,1,4,0.18187635143491718,0,0
18109,1,14,1,4,0.18004970097289594,0,0
18121,3,12,0,4,0.21276381250895132,0,0
18159,2,10,0,4,0.19877963878798127,0,0
18167,1,18,1,4,0.1696678454257283,0,0
19013,3,17,1,4,0.16723109525387433,0,0
19021,2,13,1,4,0.15141820769387357,0,0
19023,1,16,1,4,0.16363680768437952,0,0
19029,2,13,0,4,0.23375215794819507,0,0
19035,2,15,0,4,0.22552184452877078,0,0
19041,2,15,1,4,0.1570792974704383,0,0
19063,2,7,0,4,0.19196894891839278,0,0
19067,3,13,1,4,0.17244590675915786,0,0
19073,2,13,0,4,0.1934258229934061,0,0
19079,1,15,1,4,0.18206700033773668,0,0
19085,2,15,0,4,0.175798075328865,0,0
19117,2,9,0,4,0.18511280147973835,0,0
19143,2,8,0,4,0.19097200831414665,0,0
19147,1,14,0,4,0.16438720847062685,0,0
19169,3,22,1,4,0.16611804061478447,0,0
19171,2,19,0,4,0.2250288489692248,0,0
19175,2,10,0,4,0.199528759133439,0,0
19177,2,13,0,4,0.17945062555925786,0,0
19179,3,12,1,4,0.1984737968422735,0,1
19185,3,12,0,4,0.2504471298505123,0,0
20009,3,10,1,4,0.22204881281077163,0,0
20027,1,10,1,4,0.1879756570984081,0,1
20031,2,10,0,4,0.24243981454472083,0,0
20037,1,15,1,4,0.22341703044234734,0,1
20043,2,10,0,4,0.1922995465473767,0,0
20063,2,10,0,4,0.2766686880420324,0,0
20073,3,11,1,4,0.29697116864427353,0,1
20089,3,14,0,4,0.3116496315416896,0,0
20091,1,34,0,4,0.10074168191290717,0,0
20125,3,13,1,4,0.2991193846749222,0,1
20133,4,11,1,4,0.28724733469389563,0,0
20141,2,12,0,4,0.2066980417024841,0,0
20153,3,10,0,4,0.23455050920490503,0,0
20159,2,13,1,4,0.23171704815819005,0,1
20161,3,14,1,4,0.272717437981376,0,0
20163,2,10,1,4,0.15855804578316263,0,1
20165,2,10,0,4,0.14983782149746278,0,0
20169,2,9,1,4,0.1771193214428787,0,1
20183,2,10,0,4,0.18948346265404534,0,0
20201,2,15,1,4,0.13612450058401357,0,1
20203,1,3,0,4,0.25390002804933853,0,0
20207,3,10,0,4,0.29776522841048864,0,0
21015,1,9,1,4,0.12386337398344903,0,0
21023,3,7,1,4,0.1991771080256774,0,1
21033,3,6,1,4,0.25548586066070517,0,0
21043,4,10,0,4,0.22458476883489384,0,0
21047,4,15,1,4,0.24775192305920746,0,0
21055,4,5,0,4,0.2995493066269905,0,0
21069,4,7,1,4,0.23917280506219687,0,0
21075,4,3,1,4,0.3392024738099953,0,1
21077,3,6,1,4,0.1860937724579879,0,1
21091,2,5,0,4,0.18768507409048632,0,0
21093,2,17,1,4,0.18911564494236577,0,0
21095,4,27,0,4,0.20808636278472142,0,0
21107,4,13,1,4,0.22587389061437643,0,0
21109,4,5,0,4,0.22247193651358,0,0
21127,4,10,1,4,0.21397778782825777,0,0
21153,4,4,1,4,0.2370660580255739,0,0
21169,4,10,0,4,0.2686977920967884,0,0
21183,3,16,1,4,0.22497607329079006,0,0
21207,4,7,1,4,0.24326312066567718,0,0
21217,4,6,1,4,0.22423934141288057,0,0
21231,4,5,1,4,0.2552226094537159,0,0
21235,4,7,1,4,0.20043731449840352,0,0
22001,4,15,1,4,0.23956692250687453,0,1
22003,3,13,1,4,0.18610600933338367,0,0
22005,1,8,1,4,0.1495312152582216,0,0
22007,4,9,0,4,0.20721437718662966,0,0
22041,4,7,1,4,0.3244751236355514,0,0
22043,3,8,1,4,0.2049195163246001,0,0
22053,3,10,1,4,0.23506925408799487,0,1
22059,4,8,0,4,0.2418855454549312,0,0
22087,4,6,1,4,0.2109752063547907,0,1
22097,1,18,0,4,0.21306897818650616,0,1
22107,4,4,1,4,0.24106083129962003,0,1
22115,3,13,1,4,0.19085866793124856,0,1
22117,4,6,1,4,0.23869591488301853,0,0
23031,1,36,1,4,0.11200851376978918,0,0
24001,3,15,1,4,0.1734827618733533,0,1
24009,1,14,0,4,0.11691380385819464,0,0
24015,1,15,0,4,0.1715123900087766,0,1
24037,1,26,1,4,0.13178121352215208,0,0
24045,3,16,0,4,0.17252169332565417,0,1
25003,2,36,0,4,0.10712956056298535,0,0
25009,1,45,0,4,0.10483130665611733,0,0
25019,1,2,0,4,0.0918967294693874,0,0
25027,1,87,1,4,0.1045670576142564,0,0
26045,1,19,1,4,0.17162382468301515,0,0
26055,1,9,1,4,0.11509998360817049,0,1
26061,4,20,1,4,0.135023373299679,0,0
26071,3,8,0,4,0.15002541558877827,0,0
26079,3,8,0,4,0.17859410163994788,0,0
26083,3,6,0,4,0.12406499496159464,0,0
26091,2,23,1,4,0.17756961314678893,0,0
26099,2,39,1,4,0.18255048966709284,0,0
26103,2,15,1,4,0.12219420504684268,0,1
26111,2,15,0,4,0.12246209121479032,0,0
26115,1,25,1,4,0.19985214856300942,0,0
26119,3,5,0,4,0.16194555232808341,0,0
26123,3,21,1,4,0.18339166150433736,0,0
26143,4,7,0,4,0.16609900681538664,0,0
26151,3,22,1,4,0.19245062145102065,0,0
26155,2,19,1,4,0.16031281642564063,0,0
26161,2,27,1,4,0.13075556814829112,0,0
27003,1,20,1,4,0.10478062000108873,0,0
27007,3,18,1,4,0.18282459392229186,0,0
27011,2,10,0,4,0.19205007958942028,0,0
27027,2,15,1,4,0.18824431431717717,0,0
27039,1,10,0,4,0.14164651039513776,0,0
27051,2,11,0,4,0.1854894530549789,0,0
27055,1,9,0,4,0.1234569213267856,0,0
27071,2,13,0,4,0.17827780172442922,0,0
27073,1,10,0,4,0.1911126503335036,0,0
27083,3,14,1,4,0.17310991885240284,0,0
27091,2,15,0,4,0.18317892005888473,0,0
27101,1,16,0,4,0.17984562207563726,0,0
27109,1,19,1,4,0.10915475957045759,0,0
27129,2,16,1,4,0.1814587254500951,0,0
27133,1,12,0,4,0.16904988938612375,0,0
27145,2,33,1,4,0.1430347044842653,0,0
27161,2,13,0,4,0.18185177003797645,0,0
28005,4,9,0,4,0.14490627731926747,0,0
28007,4,11,1,4,0.20504732879675328,0,0
28045,3,10,1,4,0.1883278086035216,0,1
28047,1,13,0,4,0.14835639697818592,0,1
28049,1,21,0,4,0.17833451028733116,0,0
28053,4,8,0,4,0.2945296625946103,0,0
28069,4,11,1,4,0.20474371404189376,0,1
28071,4,13,1,4,0.10163834051103099,0,0
28083,4,11,1,4,0.25560463955976165,0,0
28093,3,8,1,4,0.17599996036683438,0,0
28129,4,15,0,4,0.18632962172362136,0,0
28131,4,6,1,4,0.17741185110280966,0,0
28135,4,18,1,4,0.20718963688211103,0,0
28145,3,11,1,4,0.15306399406286306,0,0
28157,4,4,0,4,0.1838427658726716,0,0
28159,4,10,1,4,0.20380227615049024,0,0
29009,4,17,1,4,0.26560891325171465,0,0
29017,4,13,1,4,0.263939402310451,0,0
29019,1,13,1,4,0.10436059285958536,0,0
29023,4,10,1,4,0.285772710726264,0,0
29033,3,10,1,4,0.24740778599768104,0,1
29039,4,9,1,4,0.2852911072806203,0,0
29043,1,21,1,4,0.14436416702291058,0,1
29049,1,11,1,4,0.19541049672916327,0,0
29057,3,13,1,4,0.2856927395495995,0,1
29075,3,13,0,4,0.22976849825692972,0,0
29081,4,13,0,4,0.2959707361992712,0,0
29083,4,11,1,4,0.2306774461555834,0,0
29091,4,12,1,4,0.2553297874054874,0,0
29099,1,24,1,4,0.16792318569934267,0,0
29123,3,7,1,4,0.20367881121699993,0,0
29137,3,16,0,4,0.23598203029924147,0,0
29141,4,15,0,4,0.2591970524356874,0,0
29143,4,17,1,4,0.3378275967280109,0,0
29171,3,10,0,4,0.24917367581000183,0,0
29175,3,12,1,4,0.21119193101073036,0,0
29177,2,12,1,4,0.2082680903279087,0,0
29181,4,9,1,4,0.2878246562575708,0,0
29183,1,14,1,4,0.1508595020923361,0,0
29199,3,10,1,4,0.2630284640206381,0,1
29205,3,9,0,4,0.23200814080407905,0,0
29207,1,13,1,4,0.2495346873044879,0,1
29213,3,20,1,4,0.20361532306766106,0,1
29225,3,9,1,4,0.19879169145400916,0,1
29510,4,29,0,4,0.22978560342365073,0,1
30017,2,6,0,4,0.22961784322475706,0,0
30031,2,10,0,4,0.13845511381868866,0,0
30037,3,3,0,4,0.25648061588992116,0,0
30049,1,9,1,4,0.13046030354965485,0,0
30055,3,6,0,4,0.31073987295237543,0,0
30065,3,5,0,4,0.26216531779778796,0,0
30067,2,9,0,4,0.16980370123786134,0,0
30089,4,11,0,4,0.24172499750774065,0,0
30095,1,10,0,4,0.1701073151841219,0,0
30103,3,2,0,4,0.2595355134917441,0,0
30111,2,16,1,4,0.18612193302372837,0,0
31003,2,11,1,4,0.1676744072221625,0,1
31009,2,4,0,4,0.11531531966433438,0,0
31013,2,3,1,4,0.25491370999391966,0,0
31033,1,5,1,4,0.1972720086786585,0,1
31045,2,6,1,4,0.19793166624445233,0,1
31049,2,4,0,4,0.24487778611321095,0,0
31055,2,35,0,4,0.12893951780778773,0,0
31069,1,9,0,4,0.233621457351073,0,0
31093,1,11,1,4,0.1493003688874525,0,1
31109,2,42,1,4,0.13470049862499542,0,0
31119,2,8,1,4,0.14053688535950903,0,1
31121,3,9,0,4,0.16587751668806583,0,0
31145,2,8,0,4,0.1764042015635529,0,0
31147,2,9,0,4,0.2218383855234275,0,0
31151,3,12,0,4,0.21732191429496883,0,0
31153,1,13,1,4,0.12405131320150568,0,0
31167,2,10,0,4,0.14645469457710508,0,0
31175,2,6,0,4,0.17526452501961126,0,0
31179,2,11,1,4,0.15644158688218943,0,1
32029,1,5,0,4,0.19342051117894898,0,0
32031,2,27,0,4,0.20440127755743065,0,0
34007,1,35,0,4,0.11508226853770014,0,0
34011,1,22,1,4,0.15327253175337532,0,0
34013,2,31,0,4,0.13967310080759127,0,0
34019,1,26,1,4,0.08019038742902793,0,0
34021,1,25,1,4,0.09768036998546464,0,0
34025,1,52,0,4,0.08875674837971796,0,0
34039,1,27,0,4,0.11887821705530291,0,0
35015,3,8,1,4,0.0829174754848481,0,1
35025,3,7,1,4,0.2712352287077526,0,0
35039,1,37,1,4,0.17024207332250638,0,0
35045,4,22,0,4,0.2886250355920766,0,1
35051,4,10,1,4,0.24725601732400157,0,0
35055,4,21,1,4,0.18564250506494853,0,1
35057,4,9,0,4,0.3274640681650815,0,0
36011,1,26,1,4,0.13156893747173556,0,0
36035,3,14,0,4,0.12514674453962768,0,0
36041,2,13,1,4,0.11196475708138981,0,1
36057,3,20,1,4,0.1313669851803036,0,1
36063,1,22,1,4,0.16209014461263643,0,0
36103,1,108,0,4,0.09351630564430599,0,0
36107,2,15,1,4,0.11215291146119066,0,0
37001,3,12,1,4,0.15150093450180876,0,0
37005,4,7,0,4,0.18455875508991332,0,0
37033,3,16,0,4,0.16646674315243262,0,0
37041,3,4,1,4,0.16933975468956786,0,0
37055,1,14,1,4,0.12435908744235047,0,0
37071,3,18,1,4,0.14235176425308005,0,0
37085,3,16,1,4,0.13724895617729768,0,0
37087,2,7,0,4,0.140550373755067,0,0
37089,2,15,1,4,0.1048275921282594,0,0
37095,4,7,0,4,0.24297423481789682,0,0
37105,3,4,1,4,0.14291842445043587,0,1
37129,3,10,1,4,0.10881038544921484,0,0
37139,3,1,0,4,0.17974939795476233,0,0
37153,4,11,1,4,0.19747005018774966,0,0
37159,3,19,1,4,0.1529989475107956,0,0
37171,4,12,1,4,0.16769598459055124,0,0
37185,4,8,1,4,0.21803700767237622,0,0
37193,4,23,1,4,0.1571511092795323,0,0
37197,3,7,0,4,0.17028090594691994,0,0
38005,3,18,0,4,0.25858221200939413,0,0
38021,1,8,0,4,0.18885661226395847,0,0
38033,1,4,0,4,0.19697442312825858,0,0
38057,1,10,0,4,0.21719939807632946,0,0
38071,1,12,0,4,0.07901074231605916,0,0
38087,1,9,0,4,0.1925290106047247,0,0
38097,1,12,0,4,0.1536906212496494,0,0
39009,4,18,1,4,0.1530653978245845,0,0
39019,2,20,1,4,0.17850636938325426,0,0
39061,1,57,0,4,0.14418757988554093,0,1
39067,3,16,0,4,0.2103322778132022,0,0
39069,1,17,0,4,0.20293158491493749,0,0
39099,2,36,1,4,0.2100674619571498,0,0
39121,2,15,1,4,0.14519240741665648,0,0
39135,1,16,1,4,0.24842624327599763,0,0
39155,3,30,1,4,0.2061362464265781,0,0
39157,2,27,0,4,0.16900125164239294,0,0
39159,1,20,1,4,0.1622442025877726,0,1
40001,4,8,1,4,0.3364610760673066,0,0
40003,1,13,1,4,0.2407347887912991,0,1
40005,4,15,0,4,0.34164151642233104,0,0
40009,3,6,1,4,0.2739779147813014,0,0
40011,3,13,1,4,0.31183629034666444,0,1
40027,2,21,0,4,0.20360666413424294,0,0
40049,3,13,1,4,0.30843476661152025,0,0
40053,1,10,1,4,0.2653571308757605,0,1
40067,4,8,1,4,0.4028689738740488,0,1
40071,4,10,1,4,0.32968124960602807,0,1
40073,2,12,1,4,0.30918740453942006,0,0
40083,2,15,1,4,0.2527099425950743,0,1
40105,3,7,1,4,0.3562269038592914,0,1
40117,3,12,1,4,0.2988904611400233,0,0
40121,3,19,1,4,0.30456255786251785,0,1
40127,4,16,1,4,0.30970565701508085,0,0
40145,2,15,1,4,0.25386338802899394,0,1
40149,3,18,1,4,0.2756734800716022,0,0
41005,1,37,1,4,0.1507917836193744,0,0
41009,2,9,1,4,0.17976057604492474,0,1
41017,1,7,1,4,0.17021981189593033,0,0
41021,2,4,0,4,0.2900871772063469,0,0
41031,3,8,1,4,0.2692284239449416,0,0
41047,3,26,1,4,0.23437090661943322,0,0
41049,3,7,1,4,0.33327698571306064,0,0
41053,2,11,1,4,0.19140842307054626,0,0
41055,2,5,0,4,0.31803263125441533,0,0
41057,2,16,0,4,0.1770432145851215,0,0
41059,3,14,1,4,0.3227336514410033,0,0
41063,2,5,0,4,0.22010119869436512,0,0
42001,1,17,1,4,0.1571198134727299,0,0
42009,2,28,1,4,0.1673309640569464,0,0
42031,3,31,0,4,0.15608430329200296,0,0
42033,3,51,1,4,0.14888065398634612,0,0
42035,3,15,0,4,0.14970647008958657,0,0
42043,2,30,1,4,0.17331565233070556,0,0
42045,1,44,0,4,0.1153562283100861,0,0
42057,2,17,0,4,0.18035304733044788,0,0
42067,2,13,0,4,0.19140995500610664,0,0
42075,2,19,1,4,0.1828510397041295,0,0
42077,1,34,0,4,0.1534188594636229,0,0
42079,3,50,1,4,0.13926804387188507,0,0
42085,2,28,1,4,0.17447120870679528,0,0
42089,2,35,1,4,0.122226502858651,0,0
42101,4,46,0,4,0.17505124415505283,0,1
42105,3,15,0,4,0.18685520352039622,0,0
42107,2,59,1,4,0.18228278634965997,0,0
42111,2,40,1,4,0.1542862250907978,0,0
44003,1,9,1,4,0.10482762726781739,0,0
44005,1,8,1,4,0.08018927223101027,0,0
44007,1,39,0,4,0.12944266568856916,0,0
45005,4,6,1,4,0.3051425480200812,0,1
45007,3,19,0,4,0.16882309120545644,0,0
45013,1,16,1,4,0.15767447383230046,0,0
45023,4,10,1,4,0.22663936857564757,0,1
45033,4,11,1,4,0.23932938009159052,0,1
45041,3,12,1,4,0.18689820271328003,0,0
45043,3,5,1,4,0.17428624821569128,0,0
45049,4,13,1,4,0.2683947143970103,0,0
45051,3,16,1,4,0.175487289391373,0,0
45057,3,5,1,4,0.14609209185789407,0,0
45061,4,12,0,4,0.2640614897281856,0,0
45071,3,11,0,4,0.23150254598907527,0,0
45075,1,24,0,4,0.2673552731189655,0,1
45077,3,15,1,4,0.14327245838187558,0,0
45087,4,9,1,4,0.22064382143117173,0,0
46011,2,12,0,4,0.12194991062320709,0,0
46031,4,15,1,4,0.3110367698385959,0,1
46033,3,9,1,4,0.21150613775381072,0,1
46039,1,12,0,4,0.17747366925457364,0,0
46051,1,12,0,4,0.14768139946681094,0,0
46053,3,8,0,4,0.1883854612748743,0,0
46067,2,13,1,4,0.169802229379561,0,1
46071,4,12,0,4,0.2916113020732089,0,0
46075,1,5,0,4,0.1783471457511074,0,0
46079,2,14,0,4,0.13882767452106368,0,0
46087,2,12,0,4,0.15150409617625057,0,0
46101,2,13,0,4,0.14470121475693154,0,0
46102,4,11,0,4,0.15109409439999685,0,0
47033,4,8,1,4,0.2974497473081943,0,0
47047,1,15,0,4,0.15148473042822375,0,0
47057,4,9,0,4,0.25639753929004183,0,0
47073,4,12,1,4,0.2489155750966504,0,0
47075,4,6,1,4,0.30760117262650144,0,0
47077,4,14,1,4,0.2498941191547406,0,0
47081,3,13,0,4,0.2045505389262048,0,0
47093,2,30,0,4,0.15749038841726673,0,0
47101,4,7,1,4,0.1970131759927792,0,0
47103,3,12,0,4,0.2207724365578444,0,0
47109,4,15,1,4,0.215798199733941,0,0
47113,3,13,0,4,0.23032013924187916,0,1
47123,4,9,1,4,0.19891368488447314,0,1
47127,3,10,0,4,0.1958411239782561,0,0
47145,2,10,1,4,0.16600768884885572,0,0
47155,3,10,1,4,0.22739445030188143,0,0
47171,4,6,0,4,0.21743191388255206,0,0
47175,4,7,1,4,0.24400237812144487,0,1
47183,4,12,1,4,0.24713469830299198,0,1
48019,2,7,1,4,0.23403066230425215,0,0
48023,2,2,1,4,0.23630769611084898,0,1
48031,1,8,1,4,0.2621062143469127,0,1
48039,1,20,0,4,0.19996196243787193,0,0
48043,3,4,1,4,0.22307166069006748,0,1
48055,3,14,1,4,0.28558429357733434,0,0
48069,3,10,0,4,0.28695780856973835,0,0
48089,2,18,1,4,0.2649452151034715,0,0
48091,1,14,1,4,0.16058702569879899,0,0
48097,2,14,1,4,0.24345788142043048,0,1
48099,1,17,1,4,0.12605027770215002,0,1
48125,4,7,1,4,0.30981600688012956,0,1
48127,4,6,1,4,0.37711397251388856,0,1
48129,3,6,0,4,0.2860427689915602,0,0
48155,4,3,0,4,0.28709250175856593,0,0
48157,1,34,0,4,0.1485508535385119,0,0
48161,4,9,1,4,0.24174002980057185,0,0
48179,4,7,0,4,0.29086892952297605,0,0
48185,3,11,1,4,0.2817188719957429,0,0
48193,3,10,1,4,0.2822898758822628,0,1
48209,2,14,1,4,0.1771569179505036,0,0
48215,4,28,0,4,0.33336447481476433,0,0
48223,3,13,1,4,0.2378949709276972,0,0
48229,3,6,0,4,0.2336707182262245,0,0
48235,2,4,0,4,0.1702038192500233,0,0
48241,4,9,1,4,0.22409946753001445,0,1
48263,3,4,0,4,0.2562276011525989,0,0
48267,1,6,0,4,0.16355414195388152,0,0
48269,4,2,1,4,0.2962498341219949,0,1
48273,4,4,1,4,0.2923751168888203,0,0
48281,2,6,1,4,0.2502270475644448,0,0
48293,4,14,1,4,0.28855132353122254,0,0
48295,2,7,0,4,0.23990074137955272,0,0
48299,1,10,1,4,0.19093913441603366,0,0
48303,1,25,1,4,0.23751772202712004,0,0
48317,1,8,1,4,0.17775931853399993,0,1
48323,4,3,1,4,0.375213041351956,0,1
48331,3,13,1,4,0.30374058652422536,0,0
48337,3,10,1,4,0.29653610705916644,0,0
48339,1,27,0,4,0.159642902779929,0,0
48343,4,7,1,4,0.25278360213859435,0,0
48361,2,4,1,4,0.21264974506855627,0,0
48377,4,4,1,4,0.37165334783041215,0,1
48385,4,8,0,4,0.31679904993653457,0,0
48407,4,8,1,4,0.2589155194957712,0,0
48417,4,5,0,4,0.22154599593470636,0,0
48435,1,2,0,4,0.12023686827093241,0,0
48437,4,5,1,4,0.3540137364031352,0,1
48445,4,6,1,4,0.3412737843113599,0,0
48447,4,7,0,4,0.23922853525031662,0,0
48455,4,7,1,4,0.2142641887688953,0,0
48459,3,12,1,4,0.21026367854878145,0,0
48471,4,9,1,4,0.20999352447197453,0,0
48489,4,6,0,4,0.4217834573903182,0,0
48491,1,25,0,4,0.15743795670337138,0,0
48497,2,17,1,4,0.23239548376464295,0,1
48505,4,5,1,4,0.4003394655844228,0,0
49013,2,12,0,4,0.2798978471368144,0,0
49015,2,9,0,4,0.2319718903982057,0,0
49021,4,10,1,4,0.20223774849975473,0,0
49031,3,6,0,4,0.19068295264808482,0,0
49037,3,12,1,4,0.2696727726957468,0,0
49043,1,9,1,4,0.136309137597262,0,1
49055,2,6,0,4,0.1902721327286042,0,0
51007,1,5,1,4,0.18207167226917495,0,0
51009,2,9,1,4,0.1516057573499251,0,1
51023,1,12,0,4,0.11655296649739816,0,0
51029,3,11,0,4,0.18679355398805045,0,0
51045,1,5,0,4,0.10697141916612497,0,0
51053,3,12,0,4,0.20062012371900864,0,0
51061,1,24,1,4,0.10619384783819098,0,0
51071,2,10,0,4,0.1260030307096498,0,0
51075,1,15,1,4,0.09290666825476036,0,0
51081,4,4,1,4,0.20621594819335765,0,0
51083,3,14,1,4,0.2103757994683459,0,1
51095,1,4,1,4,0.09571149439742505,0,0
51097,2,14,0,4,0.1624544625749915,0,0
51105,4,11,1,4,0.20682280676983936,0,0
51107,1,21,1,4,0.07515610754391885,0,0
51117,3,13,1,4,0.19414749172666257,0,1
51119,1,12,1,4,0.1490679416899946,0,1
51131,3,11,1,4,0.13676653412546877,0,0
51135,4,7,1,4,0.19592442827282566,0,0
51159,3,5,1,4,0.19704796125561244,0,1
51165,2,22,0,4,0.14860054200590034,0,0
51171,2,14,1,4,0.14567312544516847,0,1
51181,3,10,0,4,0.19289546559066625,0,0
51183,1,11,0,4,0.029986028025965082,0,0
51191,2,10,1,4,0.15392483194054513,0,0
51520,4,2,1,4,0.2325343947748524,0,0
51580,3,1,0,4,0.1592306444126574,0,0
51595,4,1,1,4,0.20626624171113564,0,1
51710,1,15,1,4,0.16803937702106342,0,0
51730,3,2,1,4,0.18955339224745085,0,1
51735,1,1,0,4,0.10341836792157405,0,0
51760,1,15,0,4,0.1668345642921209,0,0
51790,1,2,0,4,0.13176387255625016,0,0
51820,3,1,0,4,0.1638870815568386,0,0
51830,1,2,0,4,0.10558431711683113,0,0
53003,3,3,1,4,0.27550088872690126,0,0
53005,2,12,1,4,0.21367546034034354,0,0
53013,3,5,0,4,0.237179177545292,0,0
53021,3,7,1,4,0.2688323876849338,0,0
53031,2,9,1,4,0.158785586839823,0,0
53037,3,12,0,4,0.23660590820427452,0,0
53043,2,14,0,4,0.23884875539318245,0,0
53051,3,9,0,4,0.21518624372113318,0,0
53073,2,18,1,4,0.1541359540453729,0,0
54003,2,11,1,4,0.1956909332088685,0,0
54007,4,18,0,4,0.2251308113600306,0,0
54009,2,8,1,4,0.20213927664160256,0,0
54023,3,12,0,4,0.22985809407940402,0,0
54027,3,20,0,4,0.24014660385942735,0,0
54037,1,9,1,4,0.16846312072890793,0,0
54045,4,33,0,4,0.2241464318874827,0,0
54057,2,10,0,4,0.18180053409635588,0,0
54059,4,18,1,4,0.22033759809786557,0,0
54077,3,16,0,4,0.22196022483146918,0,0
54083,4,22,1,4,0.19377898538452662,0,0
54099,4,17,1,4,0.230595712292736,0,1
55009,1,19,1,4,0.10700569545225264,0,0
55011,1,9,0,4,0.15640109216898568,0,0
55063,2,15,1,4,0.12476020186880961,0,0
55091,1,6,0,4,0.13501312100041263,0,0
55097,2,21,1,4,0.10803253635505337,0,0
55121,1,14,1,4,0.12957377226042138,0,0
55123,3,18,1,4,0.14786449102664356,0,0
55125,2,12,1,4,0.14248295969017302,0,0
56021,1,12,1,4,0.16862961428579842,0,0
