county_fips,poverty_quartile,n_zctas_in_county,suppression_flag,fold,prob_high_risk,pred_high_risk,true_label
01009,3,17,1,0,0.4343285971926588,0,0
01011,4,7,1,0,0.5099485347564193,1,1
01013,4,8,0,0,0.5079765666431341,1,0
01037,3,11,1,0,0.45457869018669056,0,0
01041,3,11,0,0,0.46294214839254183,0,0
01047,4,10,1,0,0.5106889548096293,1,0
01061,4,14,0,0,0.464005924925877,0,0
01073,1,62,0,0,0.41431218797840524,0,0
01089,1,25,1,0,0.343528580551023,0,0
01097,1,36,0,0,0.41452051188982936,0,0
01099,4,17,1,0,0.48433060115738935,0,0
01109,1,9,1,0,0.5515241879183318,1,1
01111,3,8,1,0,0.45460961300775476,0,0
01121,4,12,1,0,0.47899342813884377,0,0
01129,4,16,1,0,0.48479571020656975,0,0
04011,2,3,0,0,0.41947723957607164,0,0
04012,4,8,0,0,0.548425928412016,1,1
04013,1,136,0,0,0.42680127518962846,0,1
04017,4,33,0,0,0.5065197013305979,1,1
04025,2,31,0,0,0.4243922952816574,0,1
05009,3,9,1,0,0.4313336483806733,0,0
05011,4,7,1,0,0.49126150318362694,0,0
05021,4,13,1,0,0.5544056349948343,1,0
05025,4,7,1,0,0.4553394284186069,0,1
05029,4,15,1,0,0.5177483809374817,1,0
05031,1,16,1,0,0.4593429420370366,0,0
05043,4,9,1,0,0.44055271251710343,0,0
05051,3,10,1,0,0.41855317028404526,0,0
05061,4,8,1,0,0.520835175766855,1,0
05083,4,12,1,0,0.5057041390813934,1,0
05127,4,10,1,0,0.5301881047304621,1,1
05133,4,7,1,0,0.5054842222603796,1,0
05145,4,17,1,0,0.4943255190933694,0,0
05149,4,13,1,0,0.5175055374704772,1,0
06003,1,3,0,0,0.41466581985436335,0,0
06009,1,20,1,0,0.43908287970967064,0,1
06015,4,4,1,0,0.40727279689175494,0,0
06021,3,7,1,0,0.5560775352337408,1,0
06023,4,36,1,0,0.3889432250066463,0,0
06037,1,292,0,0,0.11783083722921626,0,0
06041,1,29,1,0,0.2379616703371788,0,0
06043,3,13,1,0,0.4852831355251271,0,0
06047,4,24,0,0,0.5586969881023479,1,0
06049,3,13,0,0,0.5698987168188977,1,0
06051,1,9,0,0,0.40349682118570773,0,0
06055,1,12,1,0,0.34926702207244736,0,0
06059,1,91,0,0,0.3172469128871242,0,0
06061,1,34,0,0,0.33106594862849975,0,0
06063,2,17,1,0,0.3867309015773873,0,0
06069,2,7,1,0,0.4149507316042972,0,0
06071,3,93,0,0,0.4964989212866851,0,0
06077,1,36,0,0,0.489407298346781,0,0
06087,2,17,1,0,0.31150848065350434,0,0
06115,3,17,1,0,0.5065958985442159,1,1
08011,4,6,0,0,0.5134961545246457,1,0
08041,1,45,0,0,0.3343164105435258,0,0
08043,3,11,1,0,0.3557312203268328,0,1
08059,1,33,1,0,0.2764737102897547,0,0
08061,3,5,0,0,0.4440799122099083,0,0
08067,1,6,1,0,0.31379394081325707,0,1
08093,1,12,0,0,0.15071046644636066,0,0
08123,1,41,1,0,0.39915213806884814,0,0
09001,1,46,1,0,0.2415107524520473,0,0
09003,1,58,1,0,0.313713356164821,0,0
09011,1,31,1,0,0.2695380626523068,0,0
09013,1,17,0,0,0.22553613528777422,0,0
10001,1,18,1,0,0.43268222368526654,0,0
12013,3,8,0,0,0.41201810950007856,0,0
12021,1,23,0,0,0.30235915438832733,0,0
12027,4,4,0,0,0.4543935997287603,0,0
12031,1,36,0,0,0.3212084002230576,0,0
12033,1,18,1,0,0.319208631497765,0,0
12061,2,9,1,0,0.3341674987434866,0,0
12071,1,38,0,0,0.308322654616273,0,0
12089,1,6,1,0,0.2792368181352457,0,0
12093,4,2,0,0,0.45875332094455584,0,0
12109,1,12,1,0,0.23931737759515612,0,0
12119,1,11,1,0,0.34923561312607715,0,0
12123,1,6,0,0,0.2986523031128145,0,0
12125,1,5,0,0,0.3578874687756763,0,0
13003,4,5,1,0,0.5320312746955059,1,1
13007,3,6,0,0,0.4752641871070174,0,0
13011,3,11,0,0,0.39385640632899904,0,0
13021,1,12,1,0,0.49139969791673915,0,0
13031,1,11,1,0,0.4326636946710875,0,0
13037,4,6,0,0,0.575972384366596,1,0
13039,3,8,1,0,0.3274998247952588,0,1
13049,4,4,0,0,0.4957529525722077,0,0
13055,4,6,1,0,0.44574197154739553,0,0
13069,4,10,1,0,0.5298255491057681,1,1
13071,4,13,1,0,0.5363896875685842,1,0
13073,1,7,1,0,0.2645093318331432,0,0
13079,3,7,0,0,0.4804391658363831,0,0
13103,1,8,1,0,0.3267000417564417,0,1
13105,4,4,0,0,0.49606694522754485,0,0
13115,4,13,1,0,0.40621857993700106,0,0
13119,3,10,1,0,0.44230911712549986,0,0
13121,1,46,0,0,0.2960915456103921,0,0
13137,3,7,1,0,0.34402459285571313,0,1
13143,3,7,0,0,0.3655585009826831,0,0
13151,2,11,1,0,0.3196323338516195,0,0
13169,4,8,1,0,0.4807264261255651,0,0
13173,4,5,0,0,0.49295288556046485,0,0
13175,4,15,1,0,0.516695714900935,1,1
13187,3,4,0,0,0.32759586505525173,0,0
13191,3,4,1,0,0.47167492082500456,0,0
13193,4,10,1,0,0.5427598822775536,1,0
13227,2,9,1,0,0.28965354853147063,0,0
13253,4,4,1,0,0.5404645702045718,1,1
13255,4,7,0,0,0.4409055338626562,0,0
13261,4,8,1,0,0.5087293397220318,1,0
13263,4,8,0,0,0.4539490324861067,0,0
13283,4,6,0,0,0.5255745990478007,1,0
13307,4,6,0,0,0.49328438483175435,0,0
13309,4,4,1,0,0.5141891834388531,1,1
13315,4,8,1,0,0.5316219914975228,1,1
13317,4,5,1,0,0.522961715824562,1,1
13321,4,12,0,0,0.5451403577731371,1,0
16033,4,3,0,0,0.47870140145190426,0,0
16055,2,13,1,0,0.3228788387608291,0,0
16059,3,10,1,0,0.4610834772102479,0,1
16065,1,8,0,0,0.2847726820632565,0,0
16067,3,5,0,0,0.5256772905509756,1,0
16077,4,4,0,0,0.5019544300655121,1,0
17009,2,5,0,0,0.32838180271752865,0,0
17011,2,30,1,0,0.406198598690827,0,1
17029,4,16,0,0,0.3925973466150951,0,0
17049,2,15,1,0,0.3310061318603245,0,0
17059,4,9,1,0,0.5015859876552194,1,1
17065,2,13,0,0,0.4090801270965445,0,0
17083,1,11,0,0,0.31720130593331786,0,0
17095,3,22,1,0,0.48055974203639157,0,1
17099,2,28,1,0,0.41944307017494004,0,0
17103,2,24,1,0,0.38666944600071274,0,0
17109,4,17,1,0,0.4029080398386304,0,1
17135,3,28,0,0,0.4064724417066324,0,0
17143,1,27,0,0,0.36562938409083706,0,0
17147,1,16,0,0,0.32180397395942306,0,0
17157,2,18,1,0,0.4169667323660731,0,0
17159,3,9,1,0,0.41910456526629913,0,0
17163,2,34,0,0,0.3907739565567545,0,1
17169,3,12,0,0,0.35231077588092213,0,0
17171,2,9,1,0,0.37048704047181436,0,1
17183,3,27,1,0,0.43510564738695556,0,0
17203,1,16,1,0,0.30499436830200394,0,0
18001,3,8,1,0,0.4963901685510104,0,1
18003,2,33,1,0,0.39119688693725674,0,0
18019,2,15,1,0,0.3791354654156623,0,0
18023,3,12,1,0,0.4795435704884938,0,0
18025,3,9,0,0,0.4670969910485088,0,0
18027,3,7,0,0,0.4531609605530945,0,0
18035,4,21,1,0,0.49382781071297976,0,0
18041,4,8,0,0,0.5437953481851164,1,0
18045,2,10,0,0,0.43682245486413535,0,0
18047,1,15,1,0,0.40225274377240205,0,0
18057,1,23,0,0,0.26329334119850234,0,0
18061,2,16,1,0,0.3654907752292211,0,1
18081,1,12,1,0,0.393162761102805,0,0
18101,2,7,1,0,0.42600481295315534,0,1
18115,2,5,0,0,0.39011570539274676,0,0
18141,3,24,1,0,0.458562169726031,0,0
18153,3,13,1,0,0.44320362112930484,0,0
18163,3,11,1,0,0.4338676446374766,0,0
18177,3,17,1,0,0.5086815598131043,1,0
19015,3,18,1,0,0.38996420363976614,0,0
19017,1,12,0,0,0.28804650902744067,0,0
19027,1,16,1,0,0.3674094557537013,0,0
19043,2,24,0,0,0.3562577094474921,0,0
19047,3,19,0,0,0.40106418316348347,0,0
19053,3,11,0,0,0.40267558706440604,0,0
19055,1,16,0,0,0.32376568462516475,0,0
19057,3,12,1,0,0.4037144093833845,0,1
19061,2,19,1,0,0.26568436775812043,0,0
19069,2,17,0,0,0.3725211311450317,0,0
19071,2,11,1,0,0.415803522892428,0,1
19089,2,9,0,0,0.34485084085796885,0,0
19097,2,14,1,0,0.33646761768845035,0,0
19099,1,19,1,0,0.3604120507551795,0,1
19109,2,21,1,0,0.3936984761473212,0,0
19111,3,12,1,0,0.4072840764906364,0,0
19113,1,29,1,0,0.2930382351596941,0,0
19119,1,12,0,0,0.3427874140410649,0,0
19127,2,21,1,0,0.4260920031864178,0,1
19137,3,10,0,0,0.41908609753304216,0,0
19139,2,13,0,0,0.3724025016324572,0,0
19145,2,12,1,0,0.39461309937776445,0,0
19161,2,16,1,0,0.3688478500955167,0,1
19165,1,19,0,0,0.36816473532735633,0,0
19181,1,19,1,0,0.31804155093044106,0,1
19191,1,12,0,0,0.26769541721522383,0,0
20011,4,13,1,0,0.49557703635427286,0,0
20013,2,13,0,0,0.45128646489276725,0,0
20015,2,20,1,0,0.457467923594453,0,0
20017,3,11,0,0,0.5055327590807496,1,0
20029,3,8,1,0,0.4344906245921168,0,1
20033,1,3,0,0,0.40127770112142264,0,0
20035,3,14,1,0,0.5278053674310589,1,1
20067,2,3,1,0,0.4884712773129234,0,1
20071,1,2,0,0,0.4799440399738337,0,0
20079,1,13,1,0,0.43107993807986467,0,1
20083,2,8,1,0,0.43313445269042405,0,1
20103,1,13,1,0,0.40108678886115207,0,0
20107,3,11,0,0,0.46018491939070316,0,0
20109,2,7,0,0,0.3713830484203262,0,0
20111,3,12,1,0,0.5037434679724934,1,0
20119,1,5,0,0,0.5111045193326185,1,0
20121,1,11,1,0,0.3328611420211549,0,1
20151,2,11,0,0,0.42661564020141374,0,0
20155,2,22,1,0,0.48312517955739515,0,0
20157,2,15,0,0,0.37261853373793014,0,0
20173,2,50,0,0,0.4416354686488543,0,0
21019,3,4,1,0,0.4298425629128181,0,1
21027,3,18,1,0,0.5001713923926345,1,0
21039,4,4,0,0,0.5783354088771017,1,0
21041,4,8,1,0,0.4825258822889185,0,1
21045,4,15,0,0,0.5157197341679233,1,0
21049,3,4,1,0,0.41610605654262595,0,1
21051,4,10,1,0,0.5033970950732378,1,0
21059,3,10,1,0,0.4815356339735407,0,0
21061,4,12,1,0,0.480198975272381,0,0
21063,4,6,1,0,0.48676688446310445,0,1
21065,4,5,0,0,0.5032108848882124,1,0
21111,2,41,0,0,0.39065848227692634,0,0
21119,4,24,1,0,0.4695650727989129,0,0
21137,4,11,1,0,0.5025768656601234,1,0
21143,3,4,0,0,0.561964730340908,1,0
21147,4,8,0,0,0.4870193108691737,0,0
21151,1,5,1,0,0.42447539586883104,0,0
21161,4,5,1,0,0.45675851671725265,0,0
21167,2,5,1,0,0.45219661424207064,0,0
21175,4,8,1,0,0.4680895181820066,0,0
21189,4,6,0,0,0.4949130798988415,0,0
21203,4,7,1,0,0.46778938133329784,0,0
21209,2,6,1,0,0.38385479999528216,0,1
21225,4,5,1,0,0.5072816548160507,1,0
22019,3,16,1,0,0.4317936730759014,0,0
22031,4,10,1,0,0.4846104116077456,0,0
22035,4,4,0,0,0.5560914899437318,1,0
22037,3,8,0,0,0.46625436760145733,0,0
22055,1,16,1,0,0.3819504382307583,0,0
22069,4,16,1,0,0.5121667873367607,1,0
22091,3,7,0,0,0.49431367305946466,0,0
22095,3,6,1,0,0.4610881645211949,0,1
22109,3,13,1,0,0.4666295951679509,0,0
22119,4,12,1,0,0.5501049388611545,1,1
22123,4,4,1,0,0.5270522967457554,1,0
22127,4,12,1,0,0.4931424028391156,0,0
23023,1,8,0,0,0.22899234621930672,0,0
23027,2,18,1,0,0.29309287008671076,0,1
24005,1,54,0,0,0.3190828730093256,0,1
24013,1,15,1,0,0.23447625111505363,0,0
24019,3,18,1,0,0.44827206211162357,0,1
24041,1,16,1,0,0.31940385748061306,0,0
24043,1,20,1,0,0.3692036848561138,0,0
26009,2,16,1,0,0.34366117389233153,0,0
26015,1,15,1,0,0.3638785942167344,0,0
26039,3,4,0,0,0.3952782231071316,0,0
26041,3,13,1,0,0.36596684590906703,0,1
26051,4,7,0,0,0.4536431814216616,0,0
26053,4,7,0,0,0.3525565968134185,0,0
26059,3,18,1,0,0.4404709633317363,0,0
26063,2,18,1,0,0.44623991048009676,0,1
26097,3,15,0,0,0.4204599586064435,0,0
26109,3,14,0,0,0.3730317743808059,0,0
26125,1,71,0,0,0.27346961733566255,0,0
26127,3,12,1,0,0.4035297903069366,0,0
26135,3,8,0,0,0.4105080984758553,0,0
26145,3,28,1,0,0.4319824816180278,0,0
27013,3,20,0,0,0.31641802250433937,0,0
27017,2,15,0,0,0.28208605254170743,0,0
27029,3,11,0,0,0.4788981574972236,0,0
27049,1,17,1,0,0.2970959223887895,0,1
27065,2,9,0,0,0.3296468258813298,0,0
27067,2,16,0,0,0.3342158502975326,0,0
27087,4,8,0,0,0.5637146789006364,1,0
27103,1,10,0,0,0.2712931903567651,0,0
27105,3,17,0,0,0.4062350102317123,0,0
27115,2,16,1,0,0.3496789859114416,0,0
27131,1,16,1,0,0.3345666982849786,0,0
27153,2,19,1,0,0.3574955642113546,0,0
27169,2,14,1,0,0.3009299286865866,0,1
28003,4,5,1,0,0.38980537515058644,0,1
28019,4,9,1,0,0.39250332756020156,0,1
28023,4,9,1,0,0.3474537513424078,0,0
28055,4,6,0,0,0.42655928414600275,0,0
28073,3,6,1,0,0.2763074674606225,0,0
28091,4,8,1,0,0.445953669356644,0,0
28097,4,7,1,0,0.4611840663711903,0,1
28101,4,11,1,0,0.4173944524540119,0,0
28115,4,11,1,0,0.38450960187720123,0,0
28117,4,8,0,0,0.43789621482367735,0,0
28125,1,7,0,0,0.1768825955930297,0,0
28127,3,10,1,0,0.4005586410003851,0,0
28141,4,9,1,0,0.40244648126444754,0,0
28143,4,5,0,0,0.6050998942939402,1,0
28151,4,8,0,0,0.5745647062319849,1,1
28163,4,8,1,0,0.4882613299625575,0,0
29005,2,9,0,0,0.4535148166454704,0,0
29021,3,15,1,0,0.46153720944756216,0,0
29025,3,10,1,0,0.467238235095018,0,1
29035,3,5,1,0,0.4051875808282239,0,1
29041,3,12,1,0,0.43614070285209466,0,1
29065,4,8,1,0,0.4352244827582211,0,0
29069,4,14,1,0,0.6239516106370923,1,1
29073,2,11,0,0,0.3893232089243612,0,0
29077,3,21,0,0,0.38801946868812637,0,0
29089,3,10,0,0,0.42401406351078286,0,0
29107,2,16,1,0,0.42541582945302514,0,1
29115,3,15,1,0,0.44411448732948966,0,0
29133,4,6,1,0,0.6353914179962217,1,0
29147,4,18,1,0,0.42419643756206243,0,0
29159,3,15,1,0,0.4643788350547513,0,1
29167,3,18,0,0,0.6673561175960127,1,0
29185,4,16,1,0,0.48438703245898596,0,1
29195,3,13,1,0,0.44341599832823536,0,0
29223,4,14,1,0,0.4884525190074262,0,0
29227,3,7,0,0,0.46845497145962284,0,0
30001,3,10,0,0,0.3840342685526039,0,0
30005,4,9,1,0,0.593747824510052,1,1
30019,1,4,0,0,0.3788477801670292,0,0
30023,4,5,0,0,0.42085868662608655,0,0
30033,2,8,0,0,0.4230724812815682,0,0
30041,3,10,0,0,0.5012992870026727,1,0
30043,2,9,0,0,0.3446519308651905,0,0
30047,3,15,1,0,0.43718580906504,0,0
30075,3,6,0,0,0.4715313288017906,0,0
30091,1,11,0,0,0.3671019817824646,0,0
30107,2,6,0,0,0.49545156023606274,0,0
31011,2,8,1,0,0.3590542022437318,0,1
31017,3,4,0,0,0.4061597288949489,0,0
31025,1,20,1,0,0.3203835867366471,0,0
31029,2,7,1,0,0.24795698475758085,0,1
31031,3,18,0,0,0.4282863607219926,0,0
31035,2,15,0,0,0.31021867624727895,0,0
31039,2,11,0,0,0.3631538575229877,0,0
31043,3,8,0,0,0.3626988849322793,0,0
31047,3,11,0,0,0.3675682392044174,0,0
31061,2,8,1,0,0.38992398328283545,0,1
31063,2,12,0,0,0.3538390033127994,0,0
31071,2,3,0,0,0.3851955315423662,0,0
31073,2,9,0,0,0.3703437594541204,0,0
31105,3,5,0,0,0.4797889327826343,0,0
31125,2,8,0,0,0.35539672062436223,0,0
31129,2,10,0,0,0.3706924471773826,0,0
31131,1,19,1,0,0.3432023052090428,0,0
31139,1,9,0,0,0.3077396909202443,0,0
31169,1,15,0,0,0.35946393907018115,0,0
31173,4,10,1,0,0.5569714885620913,1,1
31185,1,15,1,0,0.3072895956557716,0,0
32003,1,73,0,0,0.47722602557876864,0,1
32011,1,4,0,0,0.5312448498964584,1,0
32013,1,7,1,0,0.5323223276208303,1,0
32033,2,7,1,0,0.4949768823044503,0,1
32510,2,4,0,0,0.45919098607781733,0,0
33003,1,30,0,0,0.30479282146565306,0,0
33005,1,27,1,0,0.25562141143224604,0,1
33009,1,37,1,0,0.2265451114350756,0,0
34009,1,15,1,0,0.3060621572603304,0,0
34015,1,30,1,0,0.2596665159601155,0,0
34037,1,21,1,0,0.20441186364552177,0,0
35006,4,17,0,0,0.6087366268113885,1,0
35023,4,5,0,0,0.5426194047838575,1,0
35027,3,14,0,0,0.4114394059514543,0,0
35041,4,9,1,0,0.5107085644323093,1,0
35043,1,21,1,0,0.37509645568354566,0,0
35061,4,8,1,0,0.5331467359546807,1,1
36005,4,28,0,0,0.49581743275266166,0,0
36007,3,31,1,0,0.31750863528532736,0,0
36013,3,36,1,0,0.3832252438731917,0,0
36029,2,70,0,0,0.35255373631962467,0,0
36047,3,39,0,0,0.37576398603978983,0,0
36055,1,50,1,0,0.3288531187600285,0,0
36081,2,63,0,0,0.32049980591122457,0,0
36093,1,19,1,0,0.2766738270344248,0,0
36105,2,62,1,0,0.33309236995301084,0,0
36115,2,27,1,0,0.2937863947361343,0,0
37009,1,12,0,0,0.3534473882125195,0,0
37023,4,16,1,0,0.34197347995383076,0,0
37029,2,5,0,0,0.33503567535646994,0,0
37031,2,19,1,0,0.30619471429293055,0,0
37051,1,24,1,0,0.3815716099954586,0,0
37053,1,15,1,0,0.31192206768462816,0,0
37057,3,12,1,0,0.34399951058165407,0,0
37079,4,11,1,0,0.46006578930952846,0,0
37081,3,31,0,0,0.29684291497223586,0,0
37107,4,10,1,0,0.4571411548794489,0,0
37109,2,11,1,0,0.3145674461541812,0,0
37119,2,32,0,0,0.27149109057097626,0,0
37135,2,14,1,0,0.21372670154112197,0,0
37141,3,13,1,0,0.3228245630602645,0,1
37143,3,6,0,0,0.41462284343174316,0,0
37169,2,16,1,0,0.3441422843618991,0,0
37179,1,12,1,0,0.2696388466461251,0,0
37187,4,4,1,0,0.48823237765738503,0,0
37195,4,17,1,0,0.41735469695000066,0,0
38011,1,5,0,0,0.360850130882247,0,0
38015,1,12,1,0,0.27987008948701014,0,0
38023,2,10,0,0,0.3827459691489796,0,0
38035,1,22,1,0,0.3356902976659827,0,1
38059,1,8,0,0,0.3549312304833853,0,0
38099,2,16,1,0,0.3885499398624483,0,0
39001,4,11,1,0,0.5091246390820242,1,0
39003,2,20,0,0,0.479204165976972,0,0
39005,2,19,0,0,0.40767719084313014,0,0
39007,4,19,1,0,0.47300842446394914,0,0
39015,3,19,0,0,0.465760348886433,0,0
39021,1,17,0,0,0.4549884362634598,0,0
39029,3,24,0,0,0.46872981643367767,0,0
39031,3,18,0,0,0.4469243007115858,0,0
39037,2,25,1,0,0.5071505103127947,1,0
39043,2,13,0,0,0.4377748769569342,0,0
39045,1,19,1,0,0.3661538116560844,0,0
39047,3,11,0,0,0.5236197549059626,1,0
39065,3,15,1,0,0.4727305400780063,0,1
39073,3,16,1,0,0.4193857563084483,0,0
39075,1,18,1,0,0.40012384401697026,0,0
39085,1,11,1,0,0.32532196430343324,0,0
39095,3,30,0,0,0.4756000208682398,0,0
39097,1,12,0,0,0.4177219232183747,0,0
39115,4,11,0,0,0.48777790150500144,0,0
39123,2,18,1,0,0.4440389840949107,0,0
39131,4,11,1,0,0.4554112798902939,0,0
39145,4,20,1,0,0.47659733896254813,0,0
39167,3,20,1,0,0.4175048921447588,0,0
39175,2,13,0,0,0.41091328248756137,0,0
40029,4,10,0,0,0.6143963021887854,1,0
40037,3,21,1,0,0.5049500435112192,1,0
40039,4,13,1,0,0.5607247601023821,1,0
40043,3,12,1,0,0.5702913105373392,1,1
40061,4,7,0,0,0.5953940930877449,1,0
40081,3,16,1,0,0.531694217119598,1,0
40089,4,15,1,0,0.6045937781322914,1,0
40101,4,15,1,0,0.604754553777412,1,0
40111,4,11,1,0,0.5913893760657466,1,1
40135,4,9,1,0,0.5827799002649984,1,0
40139,4,9,1,0,0.5720519690453784,1,0
40151,2,7,0,0,0.5043633281060004,1,0
41019,3,28,1,0,0.4547791689918137,0,0
41027,2,3,1,0,0.36367518378342323,0,0
41033,4,11,1,0,0.49562043140360634,0,0
41037,4,10,0,0,0.6198093211645043,1,0
41045,4,13,0,0,0.59908342299183,1,0
41065,3,8,1,0,0.5216012548169123,1,0
41069,4,5,0,0,0.5493434442485974,1,0
42003,1,114,0,0,0.2557577412316939,0,0
42005,2,36,1,0,0.32261259836087125,0,0
42007,2,28,0,0,0.30427034335809705,0,0
42037,2,19,1,0,0.3675319217491697,0,0
42051,3,62,1,0,0.36467679355057964,0,0
42065,3,30,1,0,0.367253202632708,0,0
42081,2,25,1,0,0.31788520030479406,0,0
42087,3,13,1,0,0.39092080023618003,0,1
42099,2,16,1,0,0.35506602879398536,0,1
44001,1,3,0,0,0.24960380354437706,0,0
45001,4,13,1,0,0.4665000740719557,0,0
45011,4,7,1,0,0.5563576040704069,1,0
45039,4,9,1,0,0.4932906900987083,0,0
45047,4,9,1,0,0.4524375020257736,0,0
45067,4,7,1,0,0.5007541010470046,1,0
45069,4,8,1,0,0.5010838820295539,1,0
45079,1,24,0,0,0.3472278478120063,0,0
46003,1,9,0,0,0.35232100731139443,0,0
46009,2,7,1,0,0.33179589037815077,0,1
46013,1,20,1,0,0.32187576270706053,0,1
46023,4,10,0,0,0.4665688035756635,0,0
46027,3,8,0,0,0.3468293159537858,0,0
46077,1,9,1,0,0.341454579943863,0,1
46081,1,9,0,0,0.3501735632066774,0,0
46091,1,10,1,0,0.3582101591845593,0,1
46107,1,5,0,0,0.3661988770193092,0,0
46121,4,9,1,0,0.6340118983353725,1,1
46127,1,9,0,0,0.3700190334989091,0,0
46137,4,7,0,0,0.6233747223346489,1,0
47007,3,9,0,0,0.4468927322592712,0,0
47009,2,13,1,0,0.38419694576957236,0,0
47019,4,8,1,0,0.48292994005288575,0,0
47023,3,12,0,0,0.43182047196052153,0,0
47025,1,10,1,0,0.4450935214228106,0,0
47031,3,9,1,0,0.4651148920692079,0,0
47035,3,11,1,0,0.4227365603475886,0,0
47043,2,11,1,0,0.44615481613172076,0,1
47045,4,11,1,0,0.5319570794572557,1,1
47051,3,15,0,0,0.4602582630853864,0,0
47063,4,7,1,0,0.517992810669453,1,1
47083,3,8,0,0,0.5074014789068374,1,0
47087,4,11,0,0,0.4679111457798223,0,0
47095,4,2,0,0,0.5987502357839924,1,0
47119,1,10,1,0,0.3731289192266857,0,0
47125,3,15,1,0,0.40715032976278603,0,0
47131,4,12,1,0,0.5534689438065542,1,1
47135,4,4,1,0,0.4917596486315894,0,1
47143,4,6,0,0,0.4577827143663782,0,0
47163,3,12,1,0,0.4586860305371111,0,0
47189,1,12,1,0,0.3672846730517945,0,0
48007,4,5,1,0,0.5506367827812924,1,0
48013,3,15,1,0,0.5576867334790577,1,0
48025,4,11,1,0,0.5554272450995933,1,1
48027,3,23,0,0,0.48249861847385017,0,0
48041,3,9,0,0,0.3857466415493612,0,0
48057,3,6,1,0,0.5709331950455724,1,0
48071,2,11,1,0,0.46680242270903854,0,0
48083,2,15,1,0,0.491250637807469,0,1
48085,1,38,0,0,0.31477709154504724,0,0
48109,4,2,1,0,0.27194451083941706,0,1
48115,4,4,0,0,0.6223429281197541,1,0
48131,4,8,1,0,0.5874519229397431,1,0
48149,2,15,1,0,0.5051104401141049,1,0
48151,3,9,1,0,0.5206543163369306,1,1
48171,2,7,1,0,0.4554300292084413,0,0
48173,3,4,0,0,0.5447320023475667,1,0
48175,3,6,0,0,0.5392881439050674,1,0
48181,2,21,0,0,0.48393835755413184,0,1
48189,3,9,0,0,0.5425756660857761,1,0
48191,4,6,0,0,0.5764962771455878,1,0
48197,3,2,1,0,0.5629025096436507,1,1
48207,4,11,1,0,0.594903178048966,1,1
48231,3,17,0,0,0.5172477669718906,1,1
48233,3,7,1,0,0.51329353254379,1,0
48239,2,10,1,0,0.5173905880898094,1,0
48253,4,10,0,0,0.48081064880989044,0,0
48255,3,8,1,0,0.5452735357321216,1,0
48277,3,13,1,0,0.515269405712024,1,1
48279,4,13,0,0,0.582730039597733,1,0
48289,3,8,1,0,0.5240902059977852,1,0
48291,3,14,1,0,0.4936344572676272,0,0
48327,3,4,0,0,0.4857801422188765,0,0
48333,2,8,0,0,0.5217849703217661,1,0
48335,2,3,1,0,0.4718288024162655,0,1
48347,1,10,1,0,0.5209719912792614,1,1
48355,3,26,0,0,0.5183214438015062,1,0
48373,3,9,1,0,0.4833799058357536,0,1
48395,3,9,1,0,0.5040659239957282,1,0
48401,3,16,1,0,0.4583613284052409,0,1
48403,4,6,0,0,0.4873243817018462,0,0
48439,1,74,0,0,0.44256451359707333,0,0
48443,3,2,0,0,0.5246986083497652,1,0
48465,4,5,1,0,0.6028430802893693,1,0
48485,3,11,0,0,0.5126253247254208,1,1
48487,4,6,1,0,0.5927951016683446,1,0
48495,3,2,1,0,0.5837892824334366,1,1
48501,2,4,1,0,0.5057543124662064,1,1
48507,4,4,1,0,0.6703336327076336,1,0
49009,1,2,0,0,0.3517529467239835,0,0
49019,1,2,1,0,0.40032223898411906,0,1
49023,2,6,0,0,0.4343075082384346,0,0
49027,3,11,0,0,0.4375369923256534,0,0
49047,3,10,0,0,0.4810151449048854,0,0
50001,1,20,1,0,0.21858132201011596,0,0
50009,3,10,0,0,0.314061191293944,0,0
50011,1,17,0,0,0.2646924999596789,0,0
50017,2,31,1,0,0.244809531336582,0,0
50019,2,24,1,0,0.2751171401795152,0,0
50023,1,26,1,0,0.21623418061709593,0,1
51001,3,33,0,0,0.4536519182753515,0,0
51005,3,7,1,0,0.3922247314164225,0,0
51036,2,4,1,0,0.43818941649233895,0,1
51051,4,12,1,0,0.43608164879595307,0,0
51063,2,11,1,0,0.3273940759697337,0,0
51065,1,10,0,0,0.2790531487446059,0,0
51079,2,5,1,0,0.30629505209241686,0,0
51099,1,3,0,0,0.2560913683667101,0,0
51133,2,7,1,0,0.3990981788284702,0,0
51137,1,12,0,0,0.3200187223053608,0,0
51139,3,6,1,0,0.3845875177263463,0,0
51145,1,5,1,0,0.320227102745032,0,0
51153,1,19,1,0,0.22927435046326508,0,0
51173,3,10,0,0,0.4117321750675229,0,0
51175,3,12,1,0,0.44021514008410817,0,0
51177,1,13,1,0,0.2531865352857295,0,0
51600,1,3,0,0,0.17559647290655928,0,0
51630,3,3,1,0,0.317354659653629,0,0
51660,1,3,1,0,0.0007519215835555821,0,1
51670,4,1,0,0,0.45987672361212,0,0
51683,1,1,1,0,0.2678626857886198,0,0
51750,1,2,1,0,0.9518660700620135,1,0
51770,3,10,1,0,0.41930893112894774,0,0
51800,1,8,1,0,0.3652424923543627,0,0
51840,3,1,1,0,0.34271005481975036,0,0
53015,3,11,1,0,0.3898657296961324,0,0
53017,2,13,1,0,0.4666921522862015,0,0
53025,3,18,1,0,0.5577075636514582,1,0
53029,1,8,1,0,0.36282698915914147,0,1
53039,3,15,0,0,0.44318191007192875,0,0
53061,1,30,0,0,0.30601971493842806,0,0
53063,1,45,0,0,0.4061753126522599,0,0
53069,1,6,0,0,0.38470350626710637,0,0
53075,4,20,0,0,0.4732393700187453,0,0
54001,4,12,0,0,0.4711045207638376,0,0
54013,4,16,0,0,0.5044420164721711,1,0
54017,3,10,0,0,0.4482575828001672,0,0
54025,4,21,0,0,0.5241304067628544,1,0
54035,3,15,1,0,0.45259020716731346,0,0
54047,4,36,0,0,0.4390581504746127,0,0
54053,3,19,1,0,0.48115386582496017,0,0
54055,4,19,0,0,0.4775743406204458,0,0
54071,3,9,0,0,0.46853748748220825,0,0
54081,4,42,1,0,0.4330930991130405,0,0
54085,4,14,0,0,0.48248809266129306,0,0
54097,4,10,1,0,0.45272095926666656,0,0
54107,3,13,1,0,0.46250892924599835,0,0
55001,2,14,1,0,0.34099487721916355,0,0
55019,3,21,0,0,0.3423499073293612,0,0
55027,1,31,1,0,0.3207621680160665,0,0
55037,2,4,0,0,0.2755421407449948,0,0
55041,3,11,0,0,0.3559764435539095,0,0
55043,3,23,1,0,0.32000386042755735,0,1
55053,2,14,0,0,0.3194142384825282,0,0
55075,3,16,1,0,0.3111726580398827,0,0
55077,2,14,1,0,0.33215629833758314,0,0
55078,4,4,1,0,0.4869667131719531,0,1
55099,2,14,1,0,0.2864522036487458,0,0
55111,1,17,1,0,0.2719543247417749,0,1
55115,2,25,1,0,0.31588739884790873,0,1
55119,2,14,1,0,0.31945414758228236,0,0
55135,1,16,1,0,0.29286677950022943,0,1
55137,2,17,1,0,0.3232617154077536,0,0
55141,2,15,1,0,0.25115669937624485,0,1
56009,1,4,1,0,0.41439240630975227,0,0
56011,1,10,0,0,0.37788087239287393,0,0
56019,2,4,0,0,0.36436319808814716,0,0
56035,1,6,1,0,0.34431831704039156,0,1
56037,1,12,0,0,0.42735213583219767,0,0
01003,2,23,1,1,0.38081927468190063,0,0
01007,3,11,0,1,0.43485872667351827,0,0
01017,4,10,1,1,0.4454473870017495,0,1
01027,4,10,0,1,0.47814146676724095,0,0
01029,3,7,0,1,0.42991176010461424,0,0
01033,3,9,1,1,0.425930777293051,0,0
01045,3,14,1,1,0.4148510452196994,0,1
01063,4,8,1,1,0.5076215578054911,1,1
01067,3,9,1,1,0.45629416146302093,0,0
01071,4,22,1,1,0.45714862148346613,0,1
01075,4,9,1,1,0.45971538106318893,0,0
01081,1,14,0,1,0.37967434526082616,0,1
01085,4,8,1,1,0.4987181703245657,0,0
01105,4,9,1,1,0.48448614740209794,0,1
01115,2,18,1,1,0.4060133063738784,0,1
01117,1,22,0,1,0.31977385554857063,0,0
04001,4,33,0,1,0.5157765112451277,1,1
04005,1,28,0,1,0.34396979395697747,0,1
05001,4,13,1,1,0.47687645923764777,0,0
05019,1,8,1,1,0.510592617652381,1,0
05023,3,17,1,1,0.43036157592046964,0,0
05041,4,12,1,1,0.5238248868047025,1,0
05053,2,14,1,1,0.396940761184395,0,0
05063,4,20,1,1,0.43814494930347825,0,1
05065,1,20,0,1,0.36962786805380243,0,0
05071,4,12,1,1,0.46899227117473224,0,0
05077,3,11,1,1,0.5170774792897765,1,1
05079,4,8,1,1,0.4693341512296762,0,0
05081,4,7,1,1,0.48390855504055913,0,0
05091,4,6,1,1,0.4638855361174634,0,0
05093,4,15,1,1,0.5176181362912669,1,0
05099,4,10,1,1,0.46534171855089823,0,1
05107,4,12,1,1,0.518506776946851,1,0
05113,4,7,1,1,0.471633389393185,0,0
05119,1,31,0,1,0.3854649875653456,0,0
05125,1,14,1,1,0.3629579559215543,0,0
05139,4,10,1,1,0.43249301137084856,0,1
05143,3,20,0,1,0.36461297682572374,0,0
06001,1,53,0,1,0.3287486442962564,0,0
06027,2,11,1,1,0.4561310417755246,0,0
06039,4,18,0,1,0.463809029825661,0,0
06065,2,75,0,1,0.4049016389201849,0,1
06075,1,29,0,1,0.3092171271941486,0,0
06091,2,10,0,1,0.4443636289940951,0,0
06095,1,21,0,1,0.37071043142839133,0,0
06097,1,37,1,1,0.3437069668151914,0,0
06101,3,13,1,1,0.42768733131424075,0,0
06105,4,14,0,1,0.46012213135736213,0,0
08014,1,6,1,1,0.3170120024543849,0,1
08025,4,6,0,1,0.4638067203384004,0,0
08033,1,5,0,1,0.3794944461005142,0,0
08045,1,8,1,1,0.352506046294254,0,1
08047,1,4,0,1,0.31917161020709456,0,0
08049,1,10,0,1,0.36531673223221667,0,0
08073,2,9,0,1,0.4564368455972548,0,0
08075,3,9,0,1,0.4297431921311451,0,0
08087,2,10,1,1,0.44692523912514315,0,0
08115,4,5,0,1,0.48720531351607554,0,0
08119,1,7,0,1,0.3329259452245803,0,0
08121,2,12,1,1,0.45335911469804485,0,1
09005,1,40,1,1,0.2813244607326498,0,0
09015,1,31,1,1,0.3304359512190729,0,0
10003,1,28,0,1,0.32638439995575624,0,0
12009,2,28,0,1,0.3625661132464021,0,0
12037,4,8,0,1,0.4206657396111772,0,0
12041,4,5,1,1,0.41291507149256,0,0
12055,3,9,1,1,0.4245735216428715,0,0
12057,2,56,0,1,0.3234072127966377,0,0
12059,4,4,1,1,0.4345324224330878,0,0
12079,4,5,1,1,0.47360700258360927,0,0
12095,3,46,0,1,0.31617657684888845,0,0
12107,4,17,1,1,0.4233677024522199,0,0
12113,1,9,1,1,0.3219076136501795,0,0
12117,2,17,1,1,0.2981495066811145,0,0
12121,3,9,1,1,0.42376009293588435,0,1
13015,2,14,1,1,0.34363142266812646,0,1
13019,4,6,1,1,0.4678236195424563,0,0
13025,4,6,1,1,0.46363881367254167,0,0
13081,4,5,0,1,0.5118896166589075,1,0
13087,4,8,1,1,0.46100939826798715,0,0
13091,4,8,0,1,0.45411429080364923,0,0
13099,4,7,0,1,0.5244429985365289,1,0
13107,4,13,1,1,0.4736168868801195,0,0
13111,3,8,1,1,0.3753303490302128,0,0
13117,1,10,0,1,0.26391682057165916,0,0
13123,3,5,0,1,0.38860656964239354,0,0
13125,4,5,0,1,0.4566427440088076,0,0
13149,3,6,1,1,0.3996699121726457,0,0
13157,2,16,1,1,0.3455827774994374,0,0
13205,4,7,0,1,0.5063057955837532,1,0
13221,3,10,0,1,0.41246774769387734,0,0
13223,1,11,1,1,0.31924605019437313,0,0
13225,4,3,1,1,0.43232322984735694,0,0
13259,4,6,0,1,0.4808015193995594,0,0
13273,4,7,1,1,0.5232345993729427,1,1
13293,4,7,1,1,0.4260676112080818,0,0
13297,2,11,1,1,0.35120626040468306,0,1
13299,4,7,1,1,0.469005211456425,0,1
16009,3,9,0,1,0.4330717019549405,0,0
16017,2,18,1,1,0.42457254641612174,0,0
16027,3,13,0,1,0.43586501871784133,0,0
16035,3,7,1,1,0.42931855864500273,0,1
16041,1,7,1,1,0.4274244097231051,0,0
16047,3,6,1,1,0.4762050226376471,0,0
16049,3,16,0,1,0.4319912330488815,0,0
16051,1,10,0,1,0.3876387444684759,0,0
16057,1,14,0,1,0.3733032114049052,0,0
16071,2,4,0,1,0.4531000763214665,0,0
16081,1,5,1,1,0.3659973991965875,0,1
17025,3,13,1,1,0.4247870073895212,0,0
17039,2,13,1,1,0.40335959599625393,0,0
17045,2,15,1,1,0.40217692527764154,0,0
17051,3,20,0,1,0.4412714539178767,0,0
17057,3,24,1,1,0.4250771786857732,0,1
17087,2,10,1,1,0.4383294980229835,0,0
17093,1,19,1,1,0.33298882859420337,0,0
17105,3,29,1,1,0.4338592751519868,0,0
17107,1,20,1,1,0.37630198702025186,0,0
17115,3,27,1,1,0.4130793704235484,0,0
17117,2,28,1,1,0.3880268924193604,0,0
17123,2,19,1,1,0.40921919449128913,0,0
17125,3,11,1,1,0.43982210267002125,0,0
17133,1,9,1,1,0.310450285578825,0,1
17153,4,10,0,1,0.4922559939702549,0,0
17161,2,20,1,1,0.3870608816033919,0,0
17193,3,11,1,1,0.4397202326132401,0,0
18005,2,14,1,1,0.3997674854165145,0,1
18013,1,9,1,1,0.3988093610459318,0,0
18017,3,12,1,1,0.45907746166784674,0,1
18033,1,14,0,1,0.39470784412894355,0,0
18049,2,16,0,1,0.4255316256506936,0,0
18055,2,16,1,1,0.4293783040388217,0,1
18059,1,15,1,1,0.38495135052110085,0,1
18071,3,8,1,1,0.4447976428942677,0,0
18077,2,11,0,1,0.4119335629343945,0,0
18095,3,18,1,1,0.47449608486338396,0,0
18103,3,13,0,1,0.4496312574676171,0,0
18105,1,18,1,1,0.3919786006548559,0,0
18117,3,11,1,1,0.4468716801156078,0,0
18123,2,14,1,1,0.3961241829002644,0,0
18135,3,14,0,1,0.48974054794120564,0,0
18143,3,6,1,1,0.4324645196702023,0,0
18147,1,16,1,1,0.42906217626795523,0,0
18149,3,11,1,1,0.4720940518864891,0,0
18151,1,9,0,1,0.4012744892019362,0,0
18155,3,9,0,1,0.45542332888420406,0,0
18165,2,8,0,1,0.4420235099707797,0,0
18173,1,12,1,1,0.3400493163090546,0,1
18181,2,18,0,1,0.42959288889264763,0,0
19005,2,10,0,1,0.3780033868401204,0,0
19009,2,11,1,1,0.4470915827722846,0,1
19019,1,16,0,1,0.3644589641510512,0,0
19033,2,17,0,1,0.3648794340524015,0,0
19037,1,9,1,1,0.4045508702088076,0,0
19049,1,25,1,1,0.3362492179187834,0,0
19051,2,10,0,1,0.41748925558486316,0,0
19059,1,10,0,1,0.3808894360293121,0,0
19065,2,24,0,1,0.41093418730155484,0,0
19081,2,13,0,1,0.3943761625181245,0,0
19083,2,12,0,1,0.40816862155448214,0,0
19095,1,21,1,1,0.38029297404918916,0,0
19107,2,19,0,1,0.4175091323743015,0,0
19115,2,13,0,1,0.4153851059519554,0,0
19123,2,20,1,1,0.397508962074829,0,0
19129,1,11,1,1,0.37998617101764515,0,0
19133,2,15,1,1,0.4552687947392257,0,1
19159,2,12,0,1,0.42402862512210093,0,0
19195,1,10,0,1,0.3925916525289244,0,0
20005,2,10,1,1,0.4459968879675255,0,0
20051,3,11,1,1,0.37929920005665696,0,0
20053,2,9,0,1,0.42929170960456314,0,0
20059,2,13,1,1,0.43247365831947704,0,0
20075,2,4,0,1,0.48189292955370067,0,0
20077,3,10,0,1,0.4934012469211762,0,0
20081,3,3,0,1,0.516527461507173,1,0
20085,2,18,1,1,0.444221482086312,0,0
20087,2,15,1,1,0.3881174553854279,0,0
20095,1,12,1,1,0.4200117905422217,0,1
20113,1,12,1,1,0.40799080340940913,0,0
20123,2,7,0,1,0.43607604134253847,0,0
20129,2,5,1,1,0.48375213003418327,0,1
20131,1,15,0,1,0.4247526471544301,0,0
20149,2,12,1,1,0.399987592126603,0,0
20181,2,4,0,1,0.47520483001488706,0,0
20185,3,9,0,1,0.4583948660364174,0,0
20193,3,8,0,1,0.4628064320856376,0,0
20205,4,10,1,1,0.48121963029586623,0,1
21003,4,6,1,1,0.49520614267832225,0,0
21005,2,5,0,1,0.38669023362921817,0,0
21025,4,10,0,1,0.47078455450093926,0,0
21053,4,4,0,1,0.48997835632718195,0,0
21073,2,5,1,1,0.383166868416072,0,1
21081,3,8,1,1,0.4411791443971633,0,0
21083,4,18,1,1,0.5078472562392274,1,0
21099,4,10,1,1,0.49211118677938737,0,0
21123,3,9,0,1,0.4724366393021451,0,0
21131,1,22,0,1,0.35294474925097064,0,0
21135,4,9,0,1,0.4833755663322266,0,0
21139,3,7,0,1,0.4958501927111581,0,0
21157,2,8,0,1,0.4416262328447625,0,0
21163,2,12,1,1,0.41148803111337157,0,0
21181,4,6,0,1,0.5085019756746089,1,0
21195,4,39,1,1,0.443229737290433,0,0
21199,4,11,1,1,0.45910687734651834,0,0
21205,4,4,1,1,0.3906042180334524,0,0
21213,2,5,0,1,0.47198118524291016,0,0
21219,3,9,0,1,0.4986404730579834,0,0
21223,3,5,0,1,0.46261757672308407,0,0
21229,3,7,0,1,0.4694726002451482,0,0
21239,2,3,1,1,0.3999895318528585,0,0
22011,3,9,1,1,0.4284592741896821,0,1
22017,4,25,0,1,0.44380983633020343,0,1
22021,4,4,1,1,0.4894099591652067,0,1
22025,4,9,0,1,0.4921137110055024,0,0
22033,1,24,0,1,0.3750462837617832,0,0
22045,4,10,1,1,0.4639811370734624,0,0
22047,3,8,1,1,0.4351332257176126,0,1
22057,3,14,1,1,0.4251199273030745,0,0
22065,4,4,1,1,0.5148277664130113,1,0
22071,4,17,0,1,0.39125610503311387,0,0
22085,4,12,0,1,0.4692080996420737,0,0
22089,1,10,1,1,0.3642193873195944,0,1
22093,3,7,1,1,0.4240121319489943,0,0
22105,1,20,1,1,0.4030093980791752,0,0
23001,2,14,1,1,0.35232313450983854,0,0
23007,1,18,1,1,0.30886649822954676,0,1
23009,2,40,1,1,0.3330465311184414,0,1
23029,4,31,0,1,0.442569496372263,0,0
24003,1,40,0,1,0.31332848274002,0,0
24011,3,10,1,1,0.44013900184785093,0,1
24017,1,24,1,1,0.33606554349752993,0,0
24025,1,24,0,1,0.31734562493647983,0,0
24031,1,50,0,1,0.25774418635301427,0,0
24039,1,11,1,1,0.47620466048172555,0,0
25005,2,36,1,1,0.32813592083100934,0,0
25015,1,28,1,1,0.29458874009589897,0,0
25021,1,41,0,1,0.26553875260295784,0,0
25023,1,34,1,1,0.2934697327428143,0,0
26031,3,15,0,1,0.3976730932869424,0,0
26033,3,17,0,1,0.42012892046836214,0,0
26035,4,8,0,1,0.4534407016811966,0,0
26037,2,17,0,1,0.3608039331851261,0,0
26043,2,11,0,1,0.35643316232183525,0,0
26047,2,11,0,1,0.33869537077350037,0,0
26057,3,20,0,1,0.4053783140962042,0,0
26067,2,21,1,1,0.3959788436375313,0,0
26069,3,12,0,1,0.4338220264707117,0,0
26077,2,25,1,1,0.3524111047461525,0,0
26085,4,11,0,1,0.45870617810462333,0,0
26089,1,11,0,1,0.3321477498675068,0,0
26105,3,10,0,1,0.40619232303234115,0,0
26113,3,9,0,1,0.4346838243828128,0,0
26121,3,20,1,1,0.4074734477077951,0,0
26129,4,9,0,1,0.45017327193970913,0,0
26131,3,12,0,1,0.4322358233767146,0,0
26141,2,7,1,1,0.41813302704915517,0,0
26147,2,23,1,1,0.3788209186715103,0,0
27005,2,16,1,1,0.4177081830550539,0,1
27023,2,10,0,1,0.4105665664775389,0,0
27033,2,13,0,1,0.41989995326578866,0,0
27047,2,18,1,1,0.3984604730175615,0,1
27063,2,14,0,1,0.3921595423904913,0,0
27069,1,11,0,1,0.4050665452872333,0,0
27075,1,8,0,1,0.33971856604011724,0,0
27085,1,12,0,1,0.3696287772164992,0,0
27111,1,34,1,1,0.38953681666387835,0,0
27119,2,25,1,1,0.4227240533975056,0,1
27121,1,12,0,1,0.3706620695968703,0,0
27135,1,11,1,1,0.38811743276211463,0,0
27137,1,51,0,1,0.3515389405191738,0,0
27139,1,10,1,1,0.3036594114988862,0,0
27141,1,9,1,1,0.3213160147563028,0,1
27159,3,7,0,1,0.4242847233357239,0,0
27163,1,19,1,1,0.2916622860107566,0,0
28001,4,2,1,1,0.4588181099754353,0,1
28009,3,11,0,1,0.446400105867347,0,0
28013,4,11,1,1,0.4313606841737078,0,0
28015,4,13,1,1,0.46067252151115917,0,1
28059,3,10,0,1,0.35797057025526224,0,1
28075,1,12,1,1,0.4019075193746011,0,0
28095,4,12,1,1,0.4122781975779568,0,0
28107,4,11,1,1,0.44664229850924775,0,1
28111,4,8,0,1,0.4024215973032744,0,0
28147,4,6,1,1,0.4580548530226621,0,0
29011,4,8,1,1,0.5076476331067407,1,0
29047,1,23,0,1,0.37837602434477496,0,0
29051,1,9,1,1,0.3491125108080406,0,0
29053,2,14,0,1,0.41054083809834585,0,0
29061,3,16,0,1,0.48113593953991685,0,0
29067,4,16,1,1,0.49564949659619684,0,0
29097,3,19,0,1,0.4487594325594976,0,0
29105,4,12,1,1,0.4364474357093811,0,1
29117,3,12,1,1,0.45918807534263145,0,0
29129,2,7,0,1,0.4667761938947039,0,0
29145,3,15,1,1,0.4454496461226247,0,0
29151,1,15,0,1,0.3647198832257998,0,0
29155,4,13,0,1,0.5421415074381681,1,0
29161,4,11,1,1,0.38983736972552546,0,1
29163,1,12,1,1,0.40423043296585426,0,0
29165,1,18,1,1,0.34596510129055263,0,0
29173,3,9,0,1,0.4359060156723909,0,0
29186,2,8,1,1,0.40958385125519337,0,0
29187,3,15,1,1,0.43276550412473047,0,1
29197,3,6,1,1,0.5062857507826594,1,1
29201,4,14,1,1,0.48094212215849674,0,1
29211,3,13,1,1,0.48413055046446657,0,1
29215,4,21,1,1,0.49342111310431974,0,0
30003,4,18,1,1,0.5323856476710612,1,0
30007,2,6,0,1,0.4044125070278421,0,0
30015,2,13,1,1,0.4388999108781628,0,1
30025,1,4,0,1,0.40995986864155265,0,0
30027,3,11,0,1,0.43246830299365135,0,0
30035,4,5,1,1,0.5735852101590408,1,0
30045,2,12,0,1,0.38608565410452134,0,0
30051,4,5,0,1,0.5359649689871175,1,0
30059,3,4,0,1,0.44002663450135343,0,0
30061,4,5,1,1,0.4645928534722361,0,1
30069,2,4,0,1,0.4525752335200338,0,0
30071,3,8,0,1,0.5065665342932753,1,0
30077,2,8,0,1,0.4177599255800076,0,0
30079,3,7,0,1,0.4780469155358595,0,0
30081,2,9,1,1,0.4034805986587257,0,1
30085,4,10,0,1,0.554500802403109,1,0
30087,3,8,1,1,0.47657406577110656,0,1
31015,2,5,0,1,0.4201356481516129,0,0
31021,2,8,0,1,0.4441246726480384,0,0
31051,1,12,0,1,0.3938587965001513,0,0
31081,1,14,0,1,0.3860056934116517,0,0
31089,1,14,0,1,0.4164699421352963,0,0
31095,3,12,1,1,0.45566046309271174,0,1
31097,2,12,0,1,0.4152661507300813,0,0
31107,2,11,0,1,0.4272347560345477,0,0
31111,2,14,1,1,0.3961891184357975,0,0
31113,2,3,0,1,0.4326881792152871,0,0
31123,2,7,0,1,0.46233618080785244,0,0
31143,1,10,0,1,0.38283218697743804,0,0
31149,1,4,0,1,0.4240617747452105,0,0
31155,1,18,1,1,0.3833786429308258,0,0
31171,1,4,0,1,0.41900709004014436,0,0
31177,1,15,1,1,0.3560076926523596,0,0
31183,2,6,0,1,0.4422793590184811,0,0
32005,1,9,1,1,0.3952717045818549,0,0
32007,1,14,1,1,0.460609053723153,0,1
32019,3,9,1,1,0.5055955609953626,1,0
32027,2,3,0,1,0.48248446700538705,0,0
33013,1,31,1,1,0.29021269236358177,0,0
33015,1,37,1,1,0.2718009449693144,0,0
34027,1,56,1,1,0.26354816627280075,0,0
34031,2,33,1,1,0.3291517003140203,0,0
34041,1,19,1,1,0.31516539178745595,0,0
35011,4,1,0,1,0.5175252692302893,1,0
35021,3,6,0,1,0.4754833767586962,0,0
35028,1,1,0,1,0.2838918706124525,0,0
35031,4,24,0,1,0.544678638425747,1,1
35033,3,13,0,1,0.44990855290565684,0,0
35047,4,19,0,1,0.463537560202768,0,0
35053,4,14,1,1,0.4674184681960132,0,0
35059,3,8,0,1,0.47029041814395106,0,0
36001,2,46,1,1,0.32139395702368123,0,0
36017,3,26,0,1,0.39819145764138786,0,0
36023,3,17,1,1,0.36348067295836795,0,0
36037,2,18,1,1,0.3855249773136125,0,1
36043,3,28,1,1,0.3670520214619673,0,1
36049,3,23,0,1,0.40292360504541,0,0
36059,1,69,0,1,0.28907621283077134,0,0
36067,2,55,0,1,0.3547009043608011,0,0
36071,1,51,1,1,0.31598207214813406,0,0
36077,3,43,1,1,0.33806493498873685,0,0
36087,2,25,0,1,0.29459040188121094,0,0
36091,1,27,1,1,0.29609226605782596,0,0
36099,2,14,1,1,0.40453637706107376,0,1
36117,2,20,1,1,0.3750220630875488,0,0
37011,3,10,0,1,0.3741569823405944,0,0
37019,2,14,1,1,0.33506931844887067,0,0
37039,3,4,1,1,0.4149407407165025,0,0
37047,4,16,1,1,0.4566383455975633,0,0
37049,2,11,1,1,0.36034550693940226,0,0
37077,3,12,1,1,0.36924766121809194,0,0
37093,3,9,1,1,0.3908284770138044,0,1
37099,4,11,0,1,0.3572919448916064,0,0
37101,2,21,1,1,0.36753926533446435,0,0
37111,3,9,1,1,0.3626778090832657,0,0
37121,3,4,0,1,0.3780502015698778,0,0
37125,2,18,1,1,0.3380613350174115,0,0
37147,4,17,1,1,0.36621511574843735,0,0
37155,4,13,0,1,0.4700846770026247,0,0
37163,4,17,1,1,0.45437808191915335,0,1
37167,2,12,0,1,0.3670018235766476,0,0
37173,4,5,0,1,0.44992560253915914,0,0
37177,4,3,0,1,0.47325453145021584,0,0
37189,4,10,1,1,0.3140897298069161,0,1
37191,1,14,1,1,0.41459883807610093,0,0
38017,1,29,0,1,0.33679104066700405,0,0
38019,1,16,0,1,0.4285216674237328,0,0
38025,1,12,0,1,0.3926878959623726,0,0
38045,2,12,0,1,0.4389172901817439,0,0
38053,1,12,0,1,0.4059552385858769,0,0
38055,1,18,0,1,0.46932599698177707,0,0
38093,1,21,0,1,0.43188445774732004,0,0
38101,1,24,1,1,0.3749638039515579,0,0
38103,1,12,0,1,0.4383931601478529,0,0
38105,1,10,0,1,0.3621948793510806,0,0
39017,2,17,1,1,0.4064941224712509,0,0
39027,3,13,0,1,0.4584339424202102,0,0
39039,1,14,0,1,0.43174906110818395,0,0
39041,1,24,1,1,0.3173959910557118,0,0
39071,4,15,1,1,0.4820182540153798,0,1
39077,2,14,1,1,0.4512303043354794,0,1
39079,4,11,1,1,0.4598381124480539,0,0
39083,2,16,0,1,0.4286342029102981,0,0
39089,2,28,1,1,0.3921331730906206,0,0
39101,3,14,1,1,0.47289867350723397,0,0
39105,4,15,0,1,0.4475112400323636,0,0
39109,1,18,0,1,0.42219268550773165,0,0
39125,1,15,1,1,0.4527451377303364,0,0
39133,1,24,1,1,0.3995096985161786,0,0
39147,2,20,1,1,0.44058678054425227,0,0
39161,2,14,0,1,0.4708931974945855,0,0
39169,2,25,1,1,0.4083437114924225,0,0
39173,2,32,1,1,0.4028020600223422,0,0
40007,3,7,0,1,0.5211295420918175,1,0
40013,4,14,1,1,0.5076420527444183,1,1
40015,4,16,1,1,0.5407117439799555,1,0
40017,1,13,1,1,0.4185034752649855,0,0
40023,4,12,1,1,0.5489958678610213,1,0
40031,3,19,0,1,0.4849487767742485,0,1
40035,4,10,1,1,0.5478900417313828,1,0
40045,3,7,1,1,0.4812301717003534,0,1
40047,1,22,1,1,0.46712010789702085,0,1
40063,4,10,1,1,0.5328234676063449,1,0
40113,3,22,1,1,0.49488097933385133,0,1
40119,1,14,1,1,0.4549724617462895,0,0
40133,4,10,1,1,0.5264400104247264,1,0
40141,4,8,1,1,0.5445711608637513,1,1
40147,1,12,1,1,0.45052513684388773,0,1
41011,3,10,1,1,0.44486782347652454,0,0
41013,2,6,1,1,0.4430658921696223,0,0
41023,3,11,1,1,0.4942050243797736,0,1
41025,2,10,0,1,0.4883691426953581,0,0
41041,3,18,1,1,0.42329567411411767,0,1
41067,1,30,1,1,0.32344787618194576,0,0
42013,3,19,1,1,0.3720284593919965,0,0
42025,2,20,1,1,0.3758217659999506,0,0
42041,1,21,1,1,0.32372987815939885,0,0
42047,2,14,1,1,0.3526024466755191,0,1
42059,2,26,1,1,0.3617995936235333,0,0
42063,3,49,0,1,0.3788952340921069,0,0
42069,2,28,1,1,0.33698043735735383,0,0
42073,2,22,1,1,0.37530946726970854,0,1
42093,2,9,0,1,0.3837803787203227,0,0
42095,1,26,1,1,0.3474903060921704,0,0
42113,3,13,0,1,0.4006961719739801,0,0
42117,3,25,0,1,0.39573447707580517,0,0
42123,2,19,1,1,0.3792782630675381,0,0
42125,1,64,1,1,0.3306349469633451,0,0
42127,2,30,1,1,0.35629855552809087,0,1
42133,1,45,0,1,0.38243607950868436,0,0
45003,3,23,0,1,0.41782778525231923,0,0
45019,1,30,0,1,0.35286865737199363,0,0
45025,4,11,1,1,0.4384500346728347,0,0
45029,4,14,1,1,0.46133608363753,0,1
45053,4,9,0,1,0.45352203667227425,0,0
45063,2,18,0,1,0.37975178127581743,0,0
46005,3,11,0,1,0.41233634601476615,0,0
46007,4,7,0,1,0.5432551512507338,1,0
46019,3,8,0,1,0.4552823238665433,0,0
46021,1,7,0,1,0.4197076211527389,0,0
46029,2,10,1,1,0.3646114940840677,0,0
46037,2,11,1,1,0.4634123145984489,0,1
46041,3,9,0,1,0.48757844545859647,0,0
46047,3,7,0,1,0.4638846555417526,0,0
46055,3,5,0,1,0.4666136007326368,0,0
46063,1,10,0,1,0.41749932639030163,0,0
46073,1,4,0,1,0.40598919212449736,0,0
46083,1,12,1,1,0.3194463319180877,0,1
46089,2,8,0,1,0.4621346165680751,0,0
46097,1,9,0,1,0.4046151290039503,0,0
46105,2,9,0,1,0.4546405500979157,0,0
46111,1,8,0,1,0.40095691582554815,0,0
46119,1,6,0,1,0.3766985750494958,0,0
46129,1,7,1,1,0.4118609917068804,0,1
47001,3,11,1,1,0.3974321988685456,0,1
47005,4,7,1,1,0.4766748158325527,0,0
47011,3,8,1,1,0.41608813470479933,0,0
47013,4,11,1,1,0.44941425569350585,0,0
47015,2,9,0,1,0.4455081305031516,0,0
47017,4,14,1,1,0.4768912192748817,0,0
47027,4,7,1,1,0.49345626258669917,0,1
47037,2,35,0,1,0.36372252004017813,0,0
47067,4,5,1,1,0.4902562046863072,0,1
47071,4,13,1,1,0.4575779033780881,0,0
47079,4,9,1,1,0.49771016621637265,0,1
47089,3,10,1,1,0.43239871219343246,0,1
47097,4,4,1,1,0.5187375857150037,1,0
47117,3,12,1,1,0.41312849613979863,0,1
47133,3,11,0,1,0.45364166307143516,0,0
47137,4,6,0,1,0.45322842713844785,0,0
47153,2,8,0,1,0.37404364718994093,0,0
47157,1,38,0,1,0.41234233761746203,0,1
47167,2,10,1,1,0.45707823344409176,0,0
47169,2,5,0,1,0.42978352667916464,0,0
47185,4,5,1,1,0.4619697344498089,0,0
47187,1,16,1,1,0.3015577013302336,0,0
48009,2,10,1,1,0.4285673548232415,0,1
48021,2,15,1,1,0.4496738973438656,0,0
48033,3,9,0,1,0.4809101807189293,0,0
48035,3,11,1,1,0.47051024782995826,0,0
48045,4,4,0,1,0.5377894723186165,1,0
48047,4,2,1,1,0.5727107824041211,1,1
48059,2,9,0,1,0.4315864648288509,0,0
48081,3,4,1,1,0.4746130630432252,0,1
48095,3,6,0,1,0.38198825641848067,0,0
48103,2,2,0,1,0.4567197401829866,0,0
48113,3,93,0,1,0.3933332420655433,0,1
48117,4,6,1,1,0.5045469717229788,1,0
48121,1,37,0,1,0.34070083430796483,0,0
48137,4,4,0,1,0.5186148951401429,1,0
48141,1,30,0,1,0.41290356301926406,0,1
48147,2,19,1,1,0.4714176353869644,0,1
48153,3,6,0,1,0.5150378588752814,1,0
48163,4,5,0,1,0.4999660237929145,0,0
48165,3,5,0,1,0.4698975240466349,0,0
48167,2,18,0,1,0.39676313235260463,0,0
48169,4,4,1,1,0.49552783715316984,0,1
48187,2,14,0,1,0.4110140880305337,0,0
48201,3,141,0,1,0.38715527575868625,0,0
48203,3,12,1,1,0.4305012300734383,0,0
48213,3,15,0,1,0.44932048128779106,0,1
48217,2,19,1,1,0.47160432230570815,0,1
48243,2,2,0,1,0.4736087462441097,0,0
48247,4,1,1,1,0.5519248755321009,1,1
48251,2,16,1,1,0.4089668886022286,0,0
48271,4,1,0,1,0.5335908981624929,1,0
48275,4,6,1,1,0.5122590701080497,1,1
48285,2,7,1,1,0.4900253123258209,0,0
48311,3,7,0,1,0.4867044749075786,0,0
48315,4,7,1,1,0.47177972417578895,0,1
48321,1,12,1,1,0.4825777390172652,0,0
48329,1,9,1,1,0.37184499000710663,0,0
48349,4,17,1,1,0.48477408019590595,0,1
48359,1,6,0,1,0.47130583126982817,0,0
48363,4,12,1,1,0.4691592622991748,0,0
48367,1,18,1,1,0.403847388720092,0,0
48369,3,5,0,1,0.4908711207017224,0,0
48379,2,6,0,1,0.4603287873995309,0,0
48393,4,5,0,1,0.49544469531384655,0,0
48397,1,9,1,1,0.34540033280320864,0,1
48399,3,11,1,1,0.489726384182024,0,1
48409,3,9,1,1,0.4717042033871355,0,0
48419,4,7,1,1,0.484831915810796,0,0
48473,2,11,1,1,0.43972559960261937,0,1
48475,3,6,1,1,0.4668812372294259,0,1
48499,3,12,1,1,0.43276215973019877,0,0
48503,2,6,1,1,0.4786260347099734,0,0
49003,2,20,1,1,0.40671913102496665,0,1
49011,1,13,1,1,0.3481243321784044,0,0
49017,3,11,0,1,0.40688096366149556,0,0
49025,2,7,0,1,0.4208936547792429,0,0
49029,1,2,0,1,0.3647261333219845,0,0
49045,1,8,0,1,0.416778108116744,0,0
49051,1,6,0,1,0.3450260617498136,0,0
50003,2,21,0,1,0.32080758300555123,0,0
50027,1,34,0,1,0.30398797102621533,0,0
51031,3,14,1,1,0.37427009448133025,0,1
51043,1,7,0,1,0.3551176027178342,0,0
51073,1,6,1,1,0.36114691668184884,0,1
51077,4,9,0,1,0.444077088747943,0,0
51111,4,12,1,1,0.46684078653521127,0,0
51125,2,17,0,1,0.40216984941330725,0,0
51141,3,14,1,1,0.4206888592517063,0,0
51143,4,20,1,1,0.4523271330674575,0,0
51147,1,12,1,1,0.6338281167844484,1,0
51149,3,7,1,1,0.40716764228696617,0,1
51163,3,12,0,1,0.37921973569128764,0,0
51187,1,7,1,1,0.34621580067273644,0,1
51510,1,8,1,1,0.27528671317683095,0,0
51540,3,4,0,1,0.29012490824120235,0,0
51550,1,6,1,1,0.32902903079540763,0,0
51620,3,1,0,1,0.43538253927271203,0,0
51640,4,1,0,1,0.44421426641200823,0,0
51685,1,1,0,1,0.30152323487264987,0,0
51720,4,1,0,1,0.4323582842250902,0,0
53001,4,11,0,1,0.4934956737449566,0,0
53007,2,14,1,1,0.3833989025338745,0,0
53009,2,9,0,1,0.3781458026662634,0,0
53035,1,20,1,1,0.3325418389235922,0,0
53047,4,22,1,1,0.48036629921867596,0,1
53049,3,13,0,1,0.44485458406426165,0,0
53053,1,59,0,1,0.371232391520097,0,0
53057,1,17,1,1,0.35068829015582087,0,0
53071,2,8,1,1,0.4037807445460399,0,0
53077,4,22,1,1,0.46555884658436464,0,0
54015,4,16,0,1,0.4917263741561406,0,0
54021,4,16,0,1,0.44135668179979043,0,0
54029,3,5,1,1,0.4505879840701802,0,1
54051,3,10,0,1,0.433848134662604,0,0
54065,3,4,1,1,0.45562639244829417,0,0
54073,3,5,0,1,0.45617483673660714,0,0
54093,2,10,0,1,0.44435992951256353,0,0
54095,3,11,0,1,0.4728419120977915,0,0
54105,4,8,0,1,0.4951950078597318,0,0
55007,2,15,1,1,0.35717468821633896,0,0
55017,2,14,1,1,0.3403655716198329,0,0
55023,2,13,1,1,0.35861540032071415,0,0
55025,1,45,0,1,0.30641160174379284,0,0
55031,2,12,1,1,0.3223600420917252,0,1
55039,1,24,1,1,0.35712380057452775,0,0
55047,2,12,0,1,0.3907681899303363,0,0
55081,2,12,1,1,0.34212764753109587,0,0
55089,1,13,1,1,0.3014075899800977,0,1
55093,1,13,0,1,0.31833171571588664,0,0
55103,3,14,1,1,0.3813651472603722,0,0
55105,2,19,1,1,0.3566319577053089,0,0
55107,3,14,0,1,0.3779250511620127,0,0
55117,1,17,1,1,0.3098786575390303,0,0
55131,1,18,1,1,0.3184131248201712,0,0
55133,1,30,1,1,0.30871185035262266,0,0
56005,1,8,0,1,0.4269621855933156,0,0
56007,2,12,1,1,0.44771600859132965,0,0
56015,2,9,0,1,0.44486098368787436,0,0
56039,1,9,0,1,0.33200926275146225,0,0
56043,2,2,0,1,0.443415403429595,0,0
01015,3,14,1,2,0.41871948219156346,0,0
01043,3,19,1,2,0.42902022326392375,0,0
01055,3,14,1,2,0.4351405830096045,0,0
01059,4,10,1,2,0.44004983980138834,0,0
01069,4,14,1,2,0.4531547311263138,0,0
01079,3,10,1,2,0.4703091814815752,0,1
01091,4,15,1,2,0.4787818694770642,0,0
01095,4,18,1,2,0.4304425526586061,0,0
01107,4,8,1,2,0.4727964870025595,0,0
01113,3,12,1,2,0.44147451328066406,0,0
01127,3,18,1,2,0.4520138899077014,0,0
01131,4,13,1,2,0.4973165694982429,0,0
04015,1,25,0,2,0.4541287789596882,0,1
04021,2,34,0,2,0.44168849855426684,0,1
05005,3,12,1,2,0.4036559602334135,0,0
05017,4,6,0,2,0.5211841114962353,1,0
05037,4,8,1,2,0.503218404648211,1,0
05045,1,15,1,2,0.40415637058516884,0,0
05049,1,14,1,2,0.440398073035449,0,0
05057,4,10,1,2,0.4988455875980248,0,0
05059,4,12,1,2,0.4364255070630802,0,1
05095,4,9,1,2,0.5206265003219549,1,1
05115,4,13,1,2,0.4333489534955889,0,1
05117,3,11,1,2,0.46844650513375724,0,1
05121,4,11,1,2,0.4856715410706821,0,0
05141,4,12,1,2,0.4638994425643236,0,0
05147,4,9,1,2,0.5159139318210731,1,1
06007,4,18,1,2,0.4300987106879444,0,0
06011,3,9,1,2,0.4480234783357725,0,0
06013,1,49,0,2,0.344606839678328,0,0
06029,1,52,0,2,0.47420357435607674,0,1
06067,2,57,0,2,0.4089649210587848,0,0
06081,1,30,0,2,0.31064270178135484,0,0
06083,2,24,1,2,0.3676996060854314,0,0
06089,3,30,0,2,0.4294784211912145,0,1
06093,3,23,1,2,0.4487270635355159,0,1
06099,3,28,0,2,0.44863534593936916,0,0
06107,4,41,0,2,0.49040383914748076,0,0
06113,3,19,1,2,0.39291809335798306,0,0
08001,2,35,1,2,0.381883757262784,0,0
08003,4,5,0,2,0.4047255126045529,0,0
08009,4,8,1,2,0.444890316042726,0,1
08021,4,8,0,2,0.38698575168300264,0,0
08023,4,7,0,2,0.44777910410774957,0,0
08027,2,4,0,2,0.3527495962307458,0,0
08029,4,8,0,2,0.39273703933128595,0,0
08031,2,36,0,2,0.35051705289120394,0,0
08035,1,18,1,2,0.3115473298878184,0,0
08037,1,13,1,2,0.3057611548992009,0,0
08039,1,14,0,2,0.35137099773091945,0,0
08055,2,4,1,2,0.41852750466185046,0,1
08077,2,19,1,2,0.3807228666606268,0,0
08079,1,3,0,2,0.3343952578363964,0,0
08083,3,7,0,2,0.40702296804714877,0,0
08085,3,12,0,2,0.375790270291136,0,0
08099,3,6,1,2,0.4100492288200704,0,0
08105,4,4,0,2,0.37955544752029385,0,0
08125,3,13,0,2,0.40734177395100296,0,0
09009,1,41,1,2,0.3369539959495638,0,0
10005,2,24,1,2,0.37660839674482,0,0
12001,3,23,1,2,0.3444239982125904,0,0
12011,2,53,0,2,0.34416438742155503,0,0
12017,3,15,1,2,0.37579607079917177,0,0
12019,2,12,1,2,0.3498301328048391,0,0
12029,4,6,0,2,0.43367870580552953,0,0
12035,2,7,1,2,0.35927447317548517,0,0
12045,2,2,0,2,0.3779922721880203,0,0
12069,2,28,0,2,0.3871041040023126,0,0
12073,3,10,1,2,0.3440313852081871,0,0
12083,3,31,1,2,0.4002002349339594,0,0
12086,3,79,0,2,0.36761341583094787,0,0
12087,2,11,1,2,0.3584723928776022,0,0
12091,2,14,1,2,0.324734540687385,0,0
12127,3,29,0,2,0.37452001446141897,0,0
12131,2,12,1,2,0.35542834824990904,0,0
13001,4,7,1,2,0.4832895198197658,0,0
13023,4,6,1,2,0.4415764964072712,0,0
13033,4,9,1,2,0.4849947409466205,0,0
13035,4,5,1,2,0.4442277865882969,0,0
13051,3,14,0,2,0.3765559139920987,0,0
13057,1,15,1,2,0.2862464983339694,0,0
13061,4,6,0,2,0.5193600278734164,1,0
13065,4,7,0,2,0.5113209786937083,1,0
13075,4,5,1,2,0.4656592600518735,0,0
13077,1,10,1,2,0.3428547776568401,0,0
13083,3,5,1,2,0.3737186975307705,0,0
13093,4,8,1,2,0.4889562137414964,0,0
13097,2,8,1,2,0.36114841954845506,0,0
13129,4,8,1,2,0.4113495878325327,0,1
13131,4,6,0,2,0.4775289434595262,0,0
13167,4,5,1,2,0.4933406343293461,0,1
13171,3,9,0,2,0.4243872848552304,0,0
13195,3,11,1,2,0.40846890282624915,0,0
13197,4,4,1,2,0.45524898349140047,0,1
13199,4,10,0,2,0.4471485378355083,0,0
13201,4,5,0,2,0.4856448550781825,0,0
13207,2,9,0,2,0.39569769548459555,0,0
13213,3,6,0,2,0.39782344027639444,0,0
13217,3,11,1,2,0.4216705067675984,0,0
13229,4,7,0,2,0.4603490095586835,0,0
13235,4,5,1,2,0.4851309431762677,0,0
13239,4,2,0,2,0.4913686646312155,0,0
13241,4,9,0,2,0.3914377679449177,0,0
13245,1,11,0,2,0.45761172655966914,0,0
13249,3,7,0,2,0.4325277109166639,0,0
13269,1,6,0,2,0.39380890007171554,0,0
13271,4,7,0,2,0.49801911970008567,0,0
13275,3,9,1,2,0.44190756190356706,0,1
13277,4,9,1,2,0.4653119743221083,0,1
13281,3,3,1,2,0.35468397931873935,0,1
13285,4,7,1,2,0.4465411402016395,0,0
13287,4,4,1,2,0.5071090988810463,1,1
13289,4,6,0,2,0.4960737627469971,0,0
16007,3,10,0,2,0.31774790347337556,0,0
16029,2,7,0,2,0.39612061147407907,0,0
16031,3,9,1,2,0.452879812435255,0,0
16045,2,7,1,2,0.4040755899106902,0,0
16053,4,5,0,2,0.4647669541867254,0,0
16069,2,10,1,2,0.4012780851267981,0,0
16073,3,12,1,2,0.4721617948442579,0,0
16079,4,15,1,2,0.449790172817209,0,0
16085,1,4,0,2,0.3627374497472591,0,0
17003,1,8,1,2,0.4066649915936912,0,1
17007,1,15,1,2,0.38591802268162906,0,0
17013,2,7,1,2,0.3834662376826556,0,1
17015,1,11,0,2,0.39218280122802474,0,0
17023,2,11,0,2,0.3902047270060291,0,0
17031,2,176,0,2,0.3549762677617847,0,0
17033,2,10,1,2,0.39899275922493016,0,0
17035,3,12,0,2,0.40633710983461824,0,0
17037,2,22,0,2,0.3852880399179846,0,0
17043,1,43,1,2,0.30167200008386563,0,0
17055,4,19,1,2,0.46435967820050167,0,1
17073,1,23,1,2,0.3979704743301788,0,1
17077,4,22,0,2,0.4001395834417756,0,0
17089,1,33,0,2,0.3529698239258613,0,0
17091,2,21,1,2,0.42407540654674947,0,0
17097,1,35,1,2,0.33135090535035566,0,0
17113,2,33,1,2,0.3637319221337581,0,0
17141,2,27,1,2,0.39333159353054153,0,1
17149,3,16,1,2,0.41682846918497096,0,0
17165,4,11,1,2,0.4720141100936141,0,0
17167,2,29,1,2,0.3686736834411765,0,0
17191,3,20,0,2,0.4234008070060439,0,0
18007,3,10,0,2,0.4760977778290213,0,0
18011,1,12,1,2,0.3593859366234666,0,1
18037,1,13,1,2,0.4017652634900085,0,1
18039,2,17,1,2,0.45714391382114294,0,0
18053,3,15,1,2,0.4878063278067492,0,0
18083,3,11,1,2,0.46703467659853687,0,1
18093,2,12,1,2,0.4630367714754997,0,1
18097,3,40,0,2,0.43779511985309094,0,0
18099,3,13,0,2,0.4653186390281447,0,0
18107,2,16,1,2,0.4177596870242885,0,0
18111,2,12,0,2,0.4401470404054131,0,0
18113,1,17,0,2,0.44065959536636856,0,0
18119,3,14,0,2,0.4513589298748924,0,0
18125,2,11,0,2,0.4394200870955329,0,0
18127,1,15,1,2,0.3977638979913122,0,0
18129,1,7,1,2,0.4098340980883978,0,0
18131,3,13,0,2,0.4738616877083545,0,0
18133,1,15,1,2,0.4038163412308722,0,1
18137,2,12,0,2,0.42976025381085914,0,0
18157,3,18,1,2,0.37199527184450354,0,0
18171,2,11,0,2,0.42499876286835203,0,0
18175,2,12,1,2,0.4387005736897503,0,0
19007,3,11,1,2,0.4318167515297044,0,0
19031,1,18,1,2,0.37423387571138916,0,0
19075,1,16,0,2,0.36773441269919194,0,0
19087,2,11,1,2,0.4003119116644265,0,0
19091,2,17,0,2,0.3949115381112703,0,0
19093,1,12,0,2,0.38169702344575296,0,0
19101,1,16,0,2,0.3706392404489678,0,0
19105,2,16,1,2,0.4013327682784013,0,0
19121,1,14,1,2,0.3639590787854814,0,0
19125,1,19,0,2,0.3638774687082281,0,0
19135,2,7,0,2,0.39237174875814906,0,0
19141,2,14,0,2,0.3920552546839703,0,0
19149,1,14,1,2,0.3993611385846394,0,0
19151,2,16,1,2,0.4220963676838452,0,1
19163,2,22,1,2,0.3844062511300022,0,0
20001,3,11,1,2,0.4758263646274868,0,0
20003,3,10,0,2,0.46826603009961354,0,0
20023,3,5,0,2,0.4559212876229446,0,0
20039,2,8,1,2,0.4208473902468806,0,1
20047,3,7,1,2,0.44316619278532865,0,1
20055,3,7,1,2,0.44714116165621853,0,1
20061,3,8,1,2,0.43330712787021913,0,1
20093,3,4,0,2,0.4959794939110085,0,0
20097,2,7,1,2,0.40579851477772044,0,1
20099,4,13,1,2,0.49996074516529426,0,0
20127,2,9,1,2,0.46958138621536244,0,1
20135,3,9,1,2,0.40829369439321084,0,1
20139,2,15,1,2,0.47405532034076325,0,0
20143,2,11,0,2,0.4047638333445412,0,0
20147,2,9,1,2,0.3908799458593067,0,1
20167,2,11,1,2,0.4293847756433248,0,1
20179,1,11,1,2,0.3812996537805793,0,1
20187,3,3,0,2,0.4677176265183447,0,0
20191,2,18,0,2,0.43287774232211335,0,0
20199,2,4,0,2,0.41939007277884316,0,0
20209,4,11,0,2,0.4844832965374413,0,0
21001,4,10,1,2,0.4836498923801732,0,0
21007,1,6,0,2,0.3714410437524865,0,0
21009,4,11,1,2,0.5138779652897758,1,0
21021,3,5,1,2,0.45671963507319246,0,0
21031,4,10,0,2,0.4830295166278437,0,0
21037,2,10,1,2,0.3746499883421705,0,0
21057,4,3,1,2,0.4935819999848633,0,1
21085,4,9,1,2,0.4905678422099169,0,0
21087,4,8,0,2,0.4954307989906762,0,0
21089,3,11,0,2,0.4571538912588128,0,0
21097,3,6,1,2,0.4784067545545331,0,0
21101,3,8,1,2,0.47743746486355054,0,0
21103,3,13,1,2,0.4586737218389198,0,0
21141,4,7,1,2,0.5018611068160665,1,0
21149,2,7,1,2,0.4787188434233237,0,1
21155,1,11,0,2,0.47482921013321205,0,0
21171,4,6,1,2,0.47588698576488797,0,0
21177,3,17,0,2,0.4863203224141351,0,0
21179,1,9,1,2,0.3983492443678894,0,1
21185,1,11,1,2,0.3256632146796569,0,0
21187,3,9,0,2,0.46830087085617395,0,0
21191,3,10,1,2,0.4469975411966992,0,0
21193,1,21,0,2,0.3992663600198365,0,0
21197,4,4,1,2,0.45252236391210715,0,0
21211,2,14,1,2,0.4071172281014987,0,1
22009,4,15,1,2,0.47801006332395973,0,1
22013,4,13,1,2,0.49951830484621756,0,0
22015,3,15,0,2,0.4314147154279088,0,1
22027,4,11,1,2,0.511880298408934,1,0
22049,4,7,1,2,0.47078860392336774,0,0
22061,1,8,0,2,0.46206943504880454,0,1
22067,4,7,0,2,0.5104486575946481,1,0
22075,2,9,0,2,0.43999497132519433,0,0
22079,4,27,1,2,0.451726882405853,0,0
22081,3,5,0,2,0.43670865017132604,0,0
22103,2,17,1,2,0.3579060671562995,0,0
22111,3,10,1,2,0.4574096110320814,0,0
22125,2,4,0,2,0.32083975515942204,0,0
23013,1,19,1,2,0.3000353756477162,0,1
23015,2,25,0,2,0.31177892236399996,0,0
23017,1,33,1,2,0.37107629458376185,0,0
23025,4,24,1,2,0.4107082091764549,0,0
24027,1,24,1,2,0.2775946032660553,0,0
24029,2,9,1,2,0.39281648515407236,0,0
24033,1,39,0,2,0.3739136554243481,0,0
24035,1,16,1,2,0.3510140322586996,0,0
25001,1,47,1,2,0.3160038751512303,0,0
25013,2,41,1,2,0.39430726774511454,0,0
25017,1,83,0,2,0.2789758461390791,0,0
25025,3,36,1,2,0.3454010249398127,0,0
26001,3,13,0,2,0.418312052910058,0,0
26005,2,24,1,2,0.40444164445259106,0,0
26007,3,8,0,2,0.41265907069499624,0,0
26011,3,10,1,2,0.45030040765477974,0,0
26013,3,7,1,2,0.41238455103972566,0,1
26023,3,13,1,2,0.47157902092950243,0,0
26025,3,22,1,2,0.4481695186382799,0,0
26027,2,14,1,2,0.44784561587213845,0,1
26065,1,22,1,2,0.4149044176358311,0,0
26073,4,15,1,2,0.39676325972348275,0,0
26107,3,16,0,2,0.3937060919107544,0,0
26139,1,22,1,2,0.34732892978488084,0,0
26153,3,7,0,2,0.45470713017361114,0,0
26163,3,68,0,2,0.45792137073616057,0,0
26165,3,13,0,2,0.40679315640949004,0,0
27009,1,9,1,2,0.3426098942238303,0,1
27021,2,24,0,2,0.3735314455578003,0,0
27035,2,18,0,2,0.32072601853303956,0,0
27037,1,22,1,2,0.3082338697121952,0,0
27041,1,17,1,2,0.33413814712631484,0,1
27053,1,72,0,2,0.31458169709444134,0,0
27057,2,10,1,2,0.3729842489151127,0,0
27089,1,15,0,2,0.3867357712693966,0,0
27095,2,12,1,2,0.3690747544442919,0,0
27097,2,20,1,2,0.3532854041417834,0,1
27143,1,16,0,2,0.3668750326594535,0,0
27147,1,11,0,2,0.38086278507203736,0,0
27149,2,8,0,2,0.33931959107686077,0,0
27151,3,11,1,2,0.3852266682120639,0,1
27157,1,13,0,2,0.3482664372894628,0,0
27165,2,10,0,2,0.39891194321185264,0,0
27171,1,19,1,2,0.3172089609440895,0,0
27173,2,14,0,2,0.38254740703941414,0,0
28017,4,8,0,2,0.46895624959962035,0,0
28027,4,11,1,2,0.5343982863885124,1,0
28031,4,8,1,2,0.4353531695885264,0,0
28037,4,8,1,2,0.41969343285427835,0,1
28051,4,9,1,2,0.5037566611199474,1,0
28057,3,10,1,2,0.392960118344628,0,0
28065,4,9,1,2,0.44278341440581914,0,0
28067,4,13,0,2,0.4148858399839194,0,1
28081,3,15,1,2,0.3774929984456432,0,0
28085,4,12,1,2,0.4101930134385461,0,1
28087,3,8,1,2,0.3985852423976317,0,0
28099,4,8,1,2,0.4696266531452285,0,0
28109,3,5,1,2,0.39892913663078444,0,1
28119,4,10,1,2,0.5299230899551877,1,1
28123,4,10,1,2,0.46351113394621196,0,0
28133,4,16,1,2,0.5184809077404867,1,1
28137,3,5,1,2,0.44558549752748555,0,0
28139,4,9,0,2,0.4428061815629992,0,0
28149,4,3,0,2,0.43227668048531454,0,0
28153,4,7,1,2,0.43917810234596,0,0
28161,4,7,1,2,0.4346290389211138,0,0
29001,4,9,1,2,0.3971127909636234,0,0
29003,2,17,0,2,0.4374748822508841,0,0
29013,3,13,1,2,0.45720039940883206,0,0
29015,3,13,1,2,0.45838550925254745,0,0
29027,2,19,0,2,0.3715964454310685,0,0
29029,3,18,1,2,0.39847536415648194,0,1
29045,3,11,0,2,0.44640010325990753,0,0
29059,4,13,1,2,0.4632826781769486,0,0
29063,2,10,1,2,0.45079279143222833,0,0
29071,1,23,1,2,0.41195398982647424,0,0
29079,3,7,1,2,0.4680594448753583,0,1
29087,3,6,0,2,0.46393143937195847,0,0
29103,4,12,1,2,0.475406238377395,0,1
29113,2,17,1,2,0.4297128793994572,0,0
29119,1,14,1,2,0.43134991690092256,0,0
29121,2,15,1,2,0.4355299257487341,0,0
29125,3,10,0,2,0.42630792430930486,0,0
29127,3,10,1,2,0.43851112210527193,0,0
29153,4,18,1,2,0.48361341157595134,0,1
29157,2,8,0,2,0.42848004676781676,0,0
29169,2,11,1,2,0.3640728539217157,0,0
29179,3,11,0,2,0.45923743929616795,0,0
29189,1,46,0,2,0.37392224491612885,0,0
29203,4,9,0,2,0.48109675726992457,0,0
29217,4,13,1,2,0.4693179552024566,0,0
29219,3,9,1,2,0.4295025592921386,0,1
30011,2,8,0,2,0.4002308658144125,0,0
30013,3,18,1,2,0.41132118262713824,0,1
30021,1,8,1,2,0.39024794352002995,0,1
30029,2,16,1,2,0.34134187637327157,0,0
30073,3,6,1,2,0.45284499102641157,0,1
30083,1,9,0,2,0.3909508932635083,0,0
30093,3,7,0,2,0.3791832393466879,0,0
30097,1,6,0,2,0.37630707124780044,0,0
30099,2,12,0,2,0.4044384186008811,0,0
30105,3,12,1,2,0.44211825220255363,0,1
31001,2,14,1,2,0.36051720821086675,0,1
31019,1,14,0,2,0.3509654666159221,0,0
31037,3,7,0,2,0.3878283837721513,0,0
31053,2,14,0,2,0.3997646318679435,0,0
31057,4,7,0,2,0.4513835083330758,0,0
31059,1,14,0,2,0.35549181282939374,0,0
31065,3,9,0,2,0.41870542375001985,0,0
31091,1,1,0,2,0.39710610306538646,0,0
31101,2,7,0,2,0.38611140653181064,0,0
31127,2,13,0,2,0.3888324940833355,0,0
31135,1,10,1,2,0.39370665786422787,0,1
31137,2,10,0,2,0.37261378181037297,0,0
31141,1,11,1,2,0.3396570542901787,0,1
31157,3,8,1,2,0.4266494615366058,0,0
31163,2,8,0,2,0.3983408524774257,0,0
31181,2,8,0,2,0.4004835442305196,0,0
32015,3,2,0,2,0.48289502901446446,0,0
32017,1,5,1,2,0.3735133999238673,0,1
32021,3,5,1,2,0.5088009484399282,1,1
33001,1,15,0,2,0.30364516569185007,0,0
33007,2,16,1,2,0.3679197218818487,0,1
33011,1,34,1,2,0.30125977685007643,0,0
33017,1,17,0,2,0.3160177907627254,0,0
33019,2,19,0,2,0.32896532093931774,0,0
34001,1,30,0,2,0.3713440331951119,0,0
34005,1,38,0,2,0.3150930073374489,0,0
34017,3,16,0,2,0.34109082299319704,0,0
34023,1,44,0,2,0.30768944724397373,0,0
34029,1,30,0,2,0.3286003613845688,0,0
34035,1,32,1,2,0.2830252375275018,0,0
35001,1,27,0,2,0.391982477140146,0,0
35005,4,9,1,2,0.5158000183964141,1,1
35009,1,7,1,2,0.4321710745564124,0,1
35019,2,5,1,2,0.4077196892789986,0,1
35029,4,3,1,2,0.5223908104469017,1,0
35037,4,10,1,2,0.48662351941276066,0,1
36003,3,37,1,2,0.3762980625755939,0,0
36031,2,34,1,2,0.3345596777192141,0,1
36045,3,39,1,2,0.37403699981848804,0,0
36051,2,30,0,2,0.3753860429894306,0,0
36069,1,25,0,2,0.3469468418567766,0,0
36073,3,15,1,2,0.4585037083532114,0,0
36075,3,27,1,2,0.4058002984211245,0,0
36083,2,29,1,2,0.34402094417538637,0,0
36085,1,12,0,2,0.3527473557447367,0,0
36111,2,63,1,2,0.33480477226146604,0,0
36113,1,25,0,2,0.3404971602534297,0,0
36119,1,77,0,2,0.3163173724717635,0,0
37007,4,8,1,2,0.43825269009575973,0,0
37015,4,10,1,2,0.46994456847813654,0,0
37037,1,18,1,2,0.3043451337907547,0,0
37043,3,5,1,2,0.35778503936822625,0,1
37059,2,6,1,2,0.3544518245805812,0,1
37061,4,19,1,2,0.4627581329002916,0,0
37067,1,22,1,2,0.35938637448567007,0,0
37091,4,9,1,2,0.4374238873288717,0,0
37103,4,9,0,2,0.4430432167457526,0,0
37113,3,6,0,2,0.38068132692065876,0,0
37115,3,6,0,2,0.36249143058682,0,0
37123,3,8,0,2,0.39167542609949174,0,0
37131,4,12,1,2,0.452651720073254,0,0
37133,3,16,1,2,0.3433022560518974,0,0
37137,3,9,0,2,0.4086856219699449,0,0
37145,2,10,0,2,0.40258365503776034,0,0
37151,3,24,1,2,0.4020172176078335,0,0
37157,3,11,1,2,0.41249133382374725,0,0
37161,1,16,1,2,0.3884772528511345,0,0
37165,4,7,1,2,0.4722155002902132,0,0
37199,3,5,0,2,0.3999103212485746,0,0
38001,1,6,0,2,0.4172187550380568,0,0
38009,1,14,0,2,0.39217116792099505,0,0
38031,1,8,0,2,0.36591255811854356,0,0
38039,2,9,0,2,0.4084373670633504,0,0
38043,2,13,0,2,0.40827850902648943,0,0
38061,2,12,0,2,0.43010519767428007,0,0
38067,1,13,1,2,0.35760453750872556,0,1
38069,3,11,0,2,0.4092224347063621,0,0
38073,1,11,1,2,0.3723695399910214,0,1
38085,4,9,1,2,0.5473430804624334,1,1
38091,1,12,0,2,0.3637982829508703,0,0
38095,3,10,0,2,0.41684871954752023,0,0
39011,1,18,0,2,0.43925093848139707,0,0
39013,2,27,1,2,0.4129391660706886,0,0
39035,1,52,0,2,0.4102364020695389,0,0
39059,3,20,1,2,0.463092654559315,0,0
39063,1,24,1,2,0.38835167576939883,0,0
39081,3,23,1,2,0.46195742515385246,0,0
39091,2,18,1,2,0.45182257427962785,0,0
39093,2,24,1,2,0.4257966695125053,0,0
39103,1,24,1,2,0.35868518864390314,0,0
39107,1,18,1,2,0.43855026074968306,0,1
39117,2,16,1,2,0.43832752870648095,0,1
39137,1,17,1,2,0.4004208032599689,0,0
39143,2,17,1,2,0.46715656009523443,0,0
39151,1,42,1,2,0.4308890895095152,0,0
39153,2,41,0,2,0.41579467836933615,0,0
39165,1,24,1,2,0.35848412348742265,0,0
40041,4,13,1,2,0.510088745099191,1,1
40051,2,14,1,2,0.4712021581497124,0,0
40065,3,9,1,2,0.47432467178035903,0,0
40085,3,8,1,2,0.5370239738249477,1,1
40095,4,3,1,2,0.5240806265140887,1,0
40097,4,17,1,2,0.5237768729541422,1,1
40099,3,7,1,2,0.5191321395192283,1,0
40107,4,11,1,2,0.5383928483969985,1,0
40131,1,12,1,2,0.45845442606611353,0,0
40137,3,10,1,2,0.518848578540741,1,1
41003,1,10,1,2,0.36255186365721254,0,1
41015,2,7,1,2,0.3930231500176123,0,0
41035,4,17,1,2,0.4750241777586585,0,1
42017,1,55,0,2,0.32587620486754726,0,0
42021,1,51,1,2,0.30823493471375185,0,0
42023,3,4,0,2,0.40187770340328094,0,0
42055,1,30,1,2,0.36993380498885886,0,0
42061,2,33,1,2,0.3977179753613975,0,1
42091,1,69,0,2,0.31887905285443907,0,0
42103,1,19,0,2,0.35829310438647555,0,0
42129,1,86,1,2,0.336286671167512,0,0
45009,4,8,1,2,0.49232704125336124,0,0
45021,4,8,1,2,0.43694924380716654,0,0
45027,4,11,1,2,0.48385621649160315,0,1
45031,4,10,1,2,0.45010401430123786,0,0
45037,3,10,1,2,0.4042095544122164,0,0
45045,1,27,0,2,0.3531852241414397,0,0
45065,1,11,0,2,0.41458911394683295,0,0
45073,3,13,1,2,0.392372870405307,0,1
45081,4,12,1,2,0.4794384596091189,0,0
45083,2,34,0,2,0.38089480196886566,0,0
45089,4,12,1,2,0.48848121370281666,0,0
45091,1,15,1,2,0.3642452839312428,0,0
46015,2,6,0,2,0.3851227251859024,0,0
46017,4,6,0,2,0.4764183153721233,0,0
46035,2,6,1,2,0.3576081078831804,0,0
46043,1,8,0,2,0.23798352336903086,0,0
46045,1,10,0,2,0.3685035744860789,0,0
46057,1,12,0,2,0.3477828942156081,0,0
46061,2,7,0,2,0.3522391598328952,0,0
46069,1,5,0,2,0.3485925230926993,0,0
46085,2,9,0,2,0.42773348881277873,0,0
46093,2,18,1,2,0.3584313507883856,0,0
46095,4,7,0,2,0.5241219937113766,1,0
46109,4,16,1,2,0.4595564098700004,0,1
46115,1,15,0,2,0.36551934976943723,0,0
46123,4,8,0,2,0.41409822341645874,0,0
46135,2,10,1,2,0.3478644414685481,0,0
47021,2,12,1,2,0.40502840934103146,0,1
47039,4,9,0,2,0.4557864487916709,0,0
47041,4,11,0,2,0.47376357988104073,0,0
47049,4,9,1,2,0.450928374781491,0,0
47055,3,17,1,2,0.4479083394290627,0,0
47059,4,10,1,2,0.4668547313020815,0,0
47069,4,12,1,2,0.4768663370181166,0,0
47105,2,9,0,2,0.39558336650162007,0,0
47107,4,12,1,2,0.44727129857577247,0,0
47121,3,6,1,2,0.43785886614778957,0,0
47129,4,12,1,2,0.43516349691749495,0,0
47147,2,12,1,2,0.4210348996176415,0,0
47161,2,8,0,2,0.43173449538378245,0,0
47165,1,10,1,2,0.4021287955394463,0,0
47173,4,11,0,2,0.4540532625536008,0,0
47177,4,6,1,2,0.49125906081576126,0,1
47179,1,13,1,2,0.3999974682949716,0,0
47181,4,10,1,2,0.4489335528524818,0,0
48001,3,10,1,2,0.45654268664037967,0,0
48003,2,1,1,2,0.46535244496469963,0,0
48005,4,6,1,2,0.46364519685521477,0,0
48015,2,13,1,2,0.4550784246547234,0,0
48029,2,77,0,2,0.44389603542755307,0,0
48049,3,10,1,2,0.45274205215550917,0,0
48061,4,17,0,2,0.5081856007725042,1,0
48065,1,6,0,2,0.4316694005312784,0,0
48067,4,14,1,2,0.4742294677213747,0,1
48073,4,12,1,2,0.45564483031594627,0,1
48077,2,9,1,2,0.46002394539993186,0,1
48087,4,5,1,2,0.5006125574694886,1,1
48093,2,14,1,2,0.45470969436445113,0,0
48105,2,6,0,2,0.4591257141218452,0,0
48107,4,9,0,2,0.5226377112499269,1,0
48123,3,9,1,2,0.4983994338875692,0,0
48133,4,9,1,2,0.4718066539737702,0,0
48139,1,20,1,2,0.43217378713100046,0,0
48143,1,13,1,2,0.4395674115720431,0,1
48159,1,7,1,2,0.4079240127060591,0,1
48195,4,3,0,2,0.5312765023624323,1,0
48221,1,8,1,2,0.42064726410271336,0,0
48225,4,7,1,2,0.47961194818511216,0,0
48237,3,11,0,2,0.48063907243906623,0,0
48259,1,8,1,2,0.37112616531597564,0,1
48319,2,6,0,2,0.44844658743986626,0,0
48325,1,15,0,2,0.42464129821663066,0,0
48345,3,6,0,2,0.45463277609495956,0,0
48351,3,11,0,2,0.4595882972639686,0,0
48365,3,13,1,2,0.4743096037911806,0,0
48371,3,6,1,2,0.4794693850042238,0,0
48381,1,15,1,2,0.4258599057963988,0,0
48387,4,9,1,2,0.49817598815794023,0,0
48405,4,4,1,2,0.48503023045305094,0,1
48411,3,7,1,2,0.48398828902174895,0,1
48413,2,3,0,2,0.3016593091818168,0,0
48421,3,4,0,2,0.46852159062844045,0,0
48423,3,22,0,2,0.4043558401808171,0,1
48431,2,2,0,2,0.469187934941139,0,0
48449,4,6,1,2,0.47130615578090457,0,1
48453,1,63,0,2,0.3383276278549204,0,0
48463,4,8,1,2,0.5033753805651584,1,0
48469,3,12,1,2,0.4778997344894322,0,0
49033,2,4,0,2,0.4155633440067472,0,0
49035,1,36,0,2,0.3928757830270786,0,0
49039,3,15,1,2,0.3988217565027021,0,0
49041,3,12,1,2,0.4284713963982341,0,0
49049,2,24,0,2,0.35783236262123,0,0
50013,1,5,1,2,0.2932861613361715,0,1
50021,1,29,1,2,0.3019849095679269,0,0
50025,2,24,1,2,0.31095423850491455,0,1
51003,2,24,1,2,0.3003428448755119,0,0
51011,3,8,0,2,0.4250302265743899,0,0
51019,1,18,1,2,0.3506599948836754,0,1
51025,3,16,1,2,0.45569273841463204,0,0
51037,4,14,1,2,0.4611301860391404,0,0
51047,1,18,1,2,0.3838462697869489,0,1
51049,3,7,0,2,0.41956232771420765,0,0
51059,1,48,0,2,0.26591193522759615,0,0
51069,1,12,1,2,0.31914901997364437,0,1
51085,1,12,1,2,0.2981611574236494,0,0
51087,2,16,1,2,0.3648750240960523,0,0
51091,2,7,0,2,0.3811001954610152,0,0
51103,2,6,1,2,0.40161552039901127,0,0
51115,2,15,0,2,0.35932631317543945,0,0
51121,3,10,1,2,0.3196309366196537,0,0
51127,1,6,1,2,0.3425639824097066,0,0
51157,1,10,0,2,0.34532017985739444,0,0
51167,4,11,0,2,0.4517050042951143,0,0
51169,3,12,0,2,0.4404619017694024,0,0
51179,1,5,1,2,0.3172530621994086,0,0
51185,1,18,1,2,0.38466055848234154,0,0
51197,3,11,0,2,0.42063489010612504,0,0
51530,4,1,0,2,0.429824460629092,0,0
51570,2,1,1,2,0.36427097080412885,0,0
51775,1,1,0,2,0.3195087297205245,0,0
53011,1,20,0,2,0.3552301981960833,0,0
53019,4,9,0,2,0.46944553562113306,0,0
53023,3,2,1,2,0.4535036349917231,0,1
53027,1,21,0,2,0.40019742647267426,0,0
53033,1,84,0,2,0.31370871032217534,0,0
53041,2,23,1,2,0.40423319420847276,0,1
53059,1,8,1,2,0.3642589194162199,0,1
53065,3,21,0,2,0.43301711091923345,0,0
54019,1,42,0,2,0.4443269540828353,0,0
54033,3,21,0,2,0.43186476564094145,0,0
54039,1,46,1,2,0.4504032196504191,0,0
54063,3,13,0,2,0.4728428529686553,0,0
54067,3,25,1,2,0.4791767645590159,0,0
54079,2,17,1,2,0.4338463386130242,0,0
54089,4,15,0,2,0.4757345043352156,0,0
54091,3,10,0,2,0.45072204162854584,0,0
55005,2,19,1,2,0.3433931434614422,0,1
55013,3,11,0,2,0.3568208426450943,0,0
55021,1,20,1,2,0.337495706121834,0,1
55029,1,13,1,2,0.3276654674294476,0,0
55033,2,22,0,2,0.33806170704177885,0,0
55035,2,15,0,2,0.32204369813626155,0,0
55049,1,19,0,2,0.32595716704210304,0,0
55051,3,12,0,2,0.3686815618133392,0,0
55055,1,19,1,2,0.3467439718288145,0,0
55057,3,14,1,2,0.3789562607400434,0,0
55061,1,6,1,2,0.3388276689918832,0,0
55069,1,7,1,2,0.32887554189614404,0,0
55073,1,28,1,2,0.30944404648714047,0,0
55079,3,37,0,2,0.3948955845817487,0,0
55085,1,14,1,2,0.32086570796045405,0,1
55101,2,16,0,2,0.3666286404118146,0,0
55113,3,12,0,2,0.35864596750393046,0,0
55129,2,12,0,2,0.3370563961466265,0,0
56001,1,10,1,2,0.40274321525362694,0,0
56003,2,15,1,2,0.4107125775339383,0,0
56017,3,3,1,2,0.43155983237506224,0,1
56023,1,15,0,2,0.36587901248783933,0,0
56029,1,8,1,2,0.3601176156703251,0,0
56033,1,9,1,2,0.36882563485789494,0,0
56045,2,4,0,2,0.41704749753353876,0,0
01001,3,10,1,3,0.4097503242933812,0,1
01005,4,9,0,3,0.48532458490051383,0,0
01023,4,10,0,3,0.46535985875236485,0,0
01025,4,10,1,3,0.474488117968622,0,0
01031,3,16,1,3,0.40014576464349716,0,1
01049,4,24,0,3,0.4719192235281881,0,0
01057,4,10,1,3,0.42626468730193745,0,0
01077,3,9,1,3,0.4034609282966981,0,0
01103,3,16,1,3,0.424268735190816,0,0
01119,4,11,1,3,0.49667845236195857,0,0
01123,4,12,1,3,0.42678854320089776,0,1
01133,4,11,1,3,0.43805024784772634,0,0
04023,4,9,1,3,0.5347490968326809,1,1
04027,4,10,0,3,0.5094645794725249,1,1
05003,4,7,1,3,0.4350097511171659,0,0
05007,2,21,0,3,0.34678752314676775,0,0
05013,4,6,0,3,0.4283817612978322,0,0
05015,3,9,1,3,0.41669210967394155,0,0
05035,4,11,1,3,0.5418564738560642,1,0
05039,4,6,1,3,0.4204245119036939,0,1
05055,4,9,1,3,0.44016082531671874,0,1
05069,4,17,1,3,0.46720742589772535,0,0
05073,4,6,1,3,0.48476297668260593,0,1
05087,3,13,1,3,0.4311507780393019,0,0
05101,3,20,1,3,0.4102303292804516,0,1
05105,4,8,1,3,0.46339894087718553,0,1
05109,4,10,0,3,0.42704939163541117,0,0
05131,3,16,0,3,0.40600064897798815,0,1
06019,4,56,0,3,0.49981906693011463,0,0
06033,3,15,1,3,0.48800221487153045,0,0
06073,1,108,0,3,0.36071981667023834,0,0
06079,2,26,1,3,0.36294814869480685,0,0
06111,1,33,0,3,0.3448713135122965,0,0
08005,1,33,1,3,0.3399726523100105,0,0
08007,1,5,1,3,0.3587096972201486,0,0
08015,2,5,0,3,0.3495645447762134,0,0
08017,2,4,0,3,0.4684164509741385,0,0
08019,1,6,0,3,0.30447282339627624,0,0
08051,2,11,0,3,0.37706300418709704,0,0
08053,1,3,0,3,0.3598970410205089,0,0
08057,1,2,0,3,0.33619899794185504,0,0
08081,2,5,1,3,0.5258139854410355,1,0
08089,4,7,0,3,0.5593260224026542,1,0
08095,2,3,0,3,0.47831576945189114,0,0
08097,1,7,0,3,0.32650045910648234,0,0
08103,2,4,0,3,0.48011738328718795,0,0
08107,1,9,1,3,0.3816993585882148,0,0
08113,1,7,1,3,0.3218430483367459,0,1
08117,1,4,0,3,0.3966042101163583,0,0
09007,1,24,1,3,0.27301678466523516,0,0
12015,2,17,1,3,0.29093043025216764,0,0
12023,3,8,1,3,0.37178385141904247,0,0
12039,4,7,1,3,0.45008210227876755,0,1
12051,4,6,1,3,0.4382672367396654,0,0
12053,3,12,1,3,0.3421365563494782,0,0
12063,1,14,1,3,0.40192054142771305,0,1
12065,4,4,1,3,0.43805485744732264,0,0
12067,4,2,0,3,0.3667603174096363,0,0
12075,4,13,1,3,0.38533117524690663,0,0
12077,4,2,0,3,0.40733078437198333,0,0
12085,1,12,1,3,0.30453515052568747,0,0
12097,3,17,1,3,0.3611415346605385,0,0
12101,2,31,1,3,0.3211689896916877,0,0
12111,2,17,1,3,0.34696494784394316,0,0
12133,4,10,1,3,0.4091785682968661,0,0
13005,4,3,1,3,0.4720016845699896,0,1
13017,4,4,1,3,0.4895917908843064,0,0
13027,4,10,0,3,0.4374634648572069,0,0
13045,1,11,1,3,0.3822388868861045,0,0
13047,1,8,0,3,0.3005423035409044,0,0
13059,1,9,1,3,0.4138869653798958,0,0
13063,1,16,1,3,0.423306158999118,0,0
13085,1,5,1,3,0.2946924301853372,0,0
13101,3,6,1,3,0.41640516384052484,0,1
13135,2,26,0,3,0.263671772003532,0,0
13141,4,5,0,3,0.4998732269250728,0,0
13147,4,8,0,3,0.39616957328133784,0,0
13155,4,7,1,3,0.49057554215688104,0,1
13179,1,9,1,3,0.3659658523081691,0,1
13183,4,5,0,3,0.4365269289685412,0,0
13189,4,4,1,3,0.4408717459658685,0,0
13209,4,7,0,3,0.45313790451162034,0,0
13231,2,8,0,3,0.38455007096619664,0,0
13233,4,8,1,3,0.40511430939251597,0,1
13237,4,5,1,3,0.4234836534919585,0,0
13243,4,8,0,3,0.5434500078060996,1,0
13247,2,9,1,3,0.3723732466800828,0,1
13251,4,6,0,3,0.48152505111322796,0,0
13257,3,5,1,3,0.3622240356098091,0,0
13267,4,6,1,3,0.4625619589569731,0,0
13291,3,4,1,3,0.3210730771538377,0,0
13295,3,14,1,3,0.3725920287198419,0,0
13301,4,9,1,3,0.49709403449213235,0,1
13303,4,10,1,3,0.4741146316448143,0,0
13313,4,8,1,3,0.3586555168317387,0,0
13319,4,9,0,3,0.455268825482457,0,0
16003,2,6,0,3,0.40984210977196994,0,0
16021,3,4,0,3,0.40350453657147567,0,0
16025,4,2,1,3,0.5422091739645033,1,1
16039,3,7,1,3,0.4549123928974637,0,0
16063,3,6,0,3,0.5503540327781401,1,0
16087,4,5,1,3,0.5364837097710349,1,1
17005,3,12,0,3,0.4204557630984361,0,0
17017,3,7,1,3,0.3993602644162877,0,0
17019,3,35,1,3,0.36725339626395376,0,0
17027,1,17,1,3,0.3677009769464612,0,0
17041,2,13,1,3,0.431438025965441,0,0
17047,2,6,0,3,0.4147928960617544,0,0
17053,2,21,1,3,0.4425893732780942,0,0
17063,1,16,1,3,0.3812927438315288,0,0
17067,2,19,0,3,0.3777864671058718,0,0
17081,3,17,1,3,0.41446564216199266,0,0
17085,1,15,0,3,0.3434726932071518,0,0
17101,3,7,0,3,0.43259450470335725,0,0
17137,3,16,1,3,0.4106092212321606,0,1
17139,2,11,0,3,0.41944349158378885,0,0
17151,3,10,0,3,0.4358752444366827,0,0
17155,1,8,0,3,0.37372756151537323,0,0
17175,3,10,0,3,0.4690775982466918,0,0
17177,3,19,0,3,0.418009342934699,0,0
17179,1,21,1,3,0.3529862014335362,0,0
17181,3,13,1,3,0.39809147173949977,0,0
17187,3,14,1,3,0.4466577038847428,0,0
17197,1,45,0,3,0.32874369276180093,0,0
17201,2,26,1,3,0.4008948709121342,0,0
18031,2,10,0,3,0.4625866037495924,0,0
18043,2,10,1,3,0.3557189393362009,0,1
18063,1,19,1,3,0.3336862818464694,0,0
18065,3,22,0,3,0.49936947061683157,0,0
18067,2,10,1,3,0.4796172592612962,0,0
18075,3,9,0,3,0.5265033695754308,1,0
18079,2,13,1,3,0.4279679057661701,0,0
18139,2,16,1,3,0.5234026316929375,1,0
18145,2,17,1,3,0.48286179777806165,0,0
18161,2,6,0,3,0.48143688303800425,0,0
18169,2,14,1,3,0.4588212042668121,0,1
18179,2,16,0,3,0.45106625860247324,0,0
18183,1,10,0,3,0.3912747205127963,0,0
19001,2,14,0,3,0.40083002754518177,0,0
19003,2,9,1,3,0.41432962988591526,0,1
19011,1,24,1,3,0.37121654543592025,0,0
19025,2,14,0,3,0.43817295280533974,0,0
19039,3,9,1,3,0.4152234666243991,0,1
19045,2,20,1,3,0.40447392914369007,0,0
19077,1,18,1,3,0.3760043635089206,0,1
19103,1,24,1,3,0.3574755028234916,0,0
19131,1,12,0,3,0.3971561954429242,0,0
19153,2,41,0,3,0.32639453269705215,0,0
19155,2,24,1,3,0.3642370552557145,0,0
19157,2,17,1,3,0.3707218404953214,0,0
19167,1,19,0,3,0.37891158624010257,0,0
19173,2,11,0,3,0.4231849897816165,0,0
19183,2,13,0,3,0.39706429202935223,0,0
19187,3,22,1,3,0.4059597496091894,0,0
19189,1,11,0,3,0.3960804545137225,0,0
19193,2,25,1,3,0.374785455075972,0,0
19197,2,16,1,3,0.4153155538455909,0,0
20007,3,11,0,3,0.48462762502805806,0,0
20019,4,10,1,3,0.5234254943325788,1,1
20021,1,13,1,3,0.4049481158193977,0,0
20025,2,6,0,3,0.4697692237162486,0,0
20041,2,12,1,3,0.47662581845818197,0,0
20045,1,12,1,3,0.3897510003714126,0,0
20049,3,10,0,3,0.5195325596601145,1,0
20057,4,10,1,3,0.5102098102989573,1,1
20065,2,13,0,3,0.4007927773067447,0,0
20069,1,7,0,3,0.505232357949036,1,0
20101,3,5,0,3,0.5162279884105693,1,0
20105,2,10,0,3,0.4478181955294404,0,0
20115,1,19,0,3,0.4469143570788942,0,0
20117,2,13,0,3,0.47261923353736995,0,0
20137,1,7,0,3,0.43448351355164244,0,0
20145,2,9,0,3,0.44500291814349174,0,0
20171,1,4,0,3,0.5108553911286994,1,0
20175,4,6,1,3,0.558344650673574,1,0
20177,1,29,0,3,0.44214865750907256,0,0
20189,4,4,0,3,0.5609295280095979,1,0
20195,1,8,0,3,0.4274113984234462,0,0
20197,1,16,0,3,0.4245175041075703,0,0
21011,4,8,1,3,0.45829703102293534,0,0
21013,4,11,1,3,0.45291055473227826,0,0
21017,3,9,0,3,0.48526238748829303,0,0
21029,1,11,1,3,0.39201543212422946,0,0
21035,4,10,0,3,0.4550074367233995,0,0
21067,2,17,1,3,0.34505155226762063,0,0
21071,4,33,1,3,0.4458227621841873,0,1
21079,3,5,1,3,0.4586656416221017,0,0
21105,4,7,1,3,0.5391949023822677,1,1
21113,3,4,1,3,0.4020274563657222,0,1
21115,4,19,1,3,0.39779167128213044,0,0
21117,2,12,1,3,0.3460745387521537,0,0
21121,4,19,1,3,0.41965777103344987,0,1
21125,4,8,1,3,0.422000225892174,0,1
21129,4,6,0,3,0.43362786464334574,0,0
21133,1,26,1,3,0.43247428879304284,0,0
21145,3,7,1,3,0.4455441858946233,0,1
21159,4,9,1,3,0.3888837958379759,0,0
21165,4,5,0,3,0.4521093223915888,0,0
21173,4,5,1,3,0.45540412910628564,0,0
21201,4,7,1,3,0.4770510824251398,0,1
21215,1,8,0,3,0.41045147585597364,0,0
21221,2,5,1,3,0.4650648873462672,0,0
21227,3,9,1,3,0.41376964980264025,0,0
21233,4,10,0,3,0.5217607717408633,1,0
21237,4,5,1,3,0.4620932665915599,0,1
22023,4,8,1,3,0.5473481602381307,1,1
22029,4,5,0,3,0.533608463304893,1,0
22039,4,12,1,3,0.46269576124195816,0,1
22051,3,17,0,3,0.3949349766982386,0,0
22063,2,17,1,3,0.3706431030302203,0,0
22073,1,14,0,3,0.39374359323050717,0,1
22077,3,17,1,3,0.47579207911564014,0,0
22083,4,6,1,3,0.5510807041952112,1,0
22099,4,8,1,3,0.4328638658639808,0,1
22101,4,8,1,3,0.43727128683048033,0,0
22113,3,12,1,3,0.48542279227873975,0,1
22121,2,5,1,3,0.42831189598211006,0,0
23003,4,41,0,3,0.4028956841883717,0,0
23005,1,38,1,3,0.24451728446213486,0,0
23011,2,27,1,3,0.29954172010993446,0,0
23019,1,47,1,3,0.34072242861863694,0,0
23021,3,16,1,3,0.3933784009649432,0,0
24021,1,34,1,3,0.2630743237724093,0,0
24023,2,12,0,3,0.36232716738300313,0,0
24047,2,12,1,3,0.3542653101088016,0,1
24510,1,31,0,3,0.4391615327854414,0,1
25007,1,7,0,3,0.2975802417701684,0,0
25011,2,32,1,3,0.2694280143743813,0,0
26003,2,13,0,3,0.3802006175523627,0,0
26017,2,16,1,3,0.4382443252689089,0,0
26019,1,11,0,3,0.33432183532095633,0,0
26021,1,23,1,3,0.4215526107032584,0,0
26029,2,10,0,3,0.3337302445909037,0,0
26049,3,34,1,3,0.4131186545735535,0,0
26075,2,29,1,3,0.42085255470667005,0,0
26081,2,39,1,3,0.3564488220466629,0,0
26087,2,22,1,3,0.39807574225627385,0,0
26093,1,20,1,3,0.3015582414217969,0,0
26095,3,3,0,3,0.43947176747589994,0,0
26101,2,15,1,3,0.35429040339247475,0,0
26117,3,25,0,3,0.42460636589445905,0,0
26133,4,9,0,3,0.43878042875538437,0,0
26137,3,7,1,3,0.3644741353082453,0,0
26149,3,13,1,3,0.4607575386930908,0,1
26157,3,21,1,3,0.4492975180543581,0,0
26159,3,22,1,3,0.43346687700937686,0,0
27001,2,12,1,3,0.35934186965986425,0,0
27015,1,10,0,3,0.3514655355364145,0,0
27019,1,18,0,3,0.26676018884785246,0,0
27025,1,15,1,3,0.3047050201246132,0,0
27031,2,6,0,3,0.2988461214222255,0,0
27043,2,14,0,3,0.4211498335001697,0,0
27045,1,16,0,3,0.33218403411010367,0,0
27059,1,12,0,3,0.31267920425263046,0,0
27061,2,30,1,3,0.3426305967083022,0,1
27077,1,4,0,3,0.17121630338452942,0,0
27079,1,13,1,3,0.34856205708845045,0,0
27081,2,12,0,3,0.40410473909689315,0,0
27093,1,13,0,3,0.3293359163308016,0,0
27099,2,19,1,3,0.3755576684931961,0,1
27107,2,14,0,3,0.41857276169903396,0,0
27113,1,7,0,3,0.4118150808531411,0,0
27117,2,9,0,3,0.43801354670559184,0,0
27123,2,26,1,3,0.3056061545540071,0,0
27125,2,9,0,3,0.42337389263089376,0,0
27127,2,22,1,3,0.38421664801685856,0,0
27155,1,9,0,3,0.40657583681949366,0,0
27167,1,12,0,3,0.37393289783566674,0,0
28011,4,17,1,3,0.5535932330459871,1,1
28021,4,5,0,3,0.43156658368989237,0,0
28025,4,8,1,3,0.43499334974789233,0,0
28029,4,9,1,3,0.33602034214703286,0,0
28033,1,10,1,3,0.3446543711374219,0,0
28035,1,8,1,3,0.34420643552409874,0,1
28039,4,3,1,3,0.37854730201383885,0,0
28041,3,7,1,3,0.3749442604668787,0,0
28043,4,7,1,3,0.3773088754787395,0,0
28061,4,14,1,3,0.3869562151163073,0,0
28063,4,7,0,3,0.4288864925834042,0,0
28077,4,8,0,3,0.39158665481832283,0,0
28079,4,7,0,3,0.444377421086251,0,0
28089,1,12,1,3,0.28643756973516377,0,0
28103,4,6,1,3,0.5020421597266244,1,0
28105,4,6,0,3,0.3633210816937088,0,0
28113,4,8,1,3,0.4097938218631596,0,0
28121,1,12,1,3,0.2910846763397522,0,0
28155,4,10,0,3,0.3979951110664547,0,0
29007,3,14,0,3,0.479859118566583,0,0
29031,3,19,1,3,0.4044749265573202,0,1
29037,1,18,1,3,0.3787820266176633,0,0
29055,4,12,1,3,0.4387609612934162,0,0
29085,4,13,1,3,0.41969555367629335,0,1
29093,3,16,1,3,0.4495031918038549,0,1
29095,2,55,0,3,0.4126284087601924,0,1
29101,2,19,0,3,0.41844998441589715,0,0
29109,3,21,1,3,0.4760150232101541,0,1
29111,3,12,0,3,0.46905761014148,0,0
29131,3,17,1,3,0.4227219397404892,0,0
29135,2,13,1,3,0.4164265750103638,0,0
29139,3,11,1,3,0.46299878925366605,0,0
29149,4,12,0,3,0.5041256999934337,1,0
29209,1,17,1,3,0.415546337138755,0,1
29221,1,16,0,3,0.42082913899568275,0,0
29229,4,11,1,3,0.5085680462332931,1,0
30009,1,13,0,3,0.42832641039241887,0,0
30039,2,5,0,3,0.4483698735706204,0,0
30053,4,6,1,3,0.44448506282267036,0,0
30057,1,18,0,3,0.3767491743320938,0,0
30063,2,16,0,3,0.3455131837921922,0,0
30101,2,8,0,3,0.513566497130322,1,0
30109,2,2,0,3,0.45977406200191584,0,0
31005,2,8,0,3,0.44241223621324627,0,0
31007,2,8,1,3,0.4182882192321783,0,1
31023,1,14,1,3,0.38051153212257743,0,1
31027,1,13,0,3,0.37983254303452496,0,0
31041,1,21,1,3,0.3330456096069416,0,0
31067,2,18,1,3,0.3977124822810909,0,0
31075,2,3,1,3,0.4564402563295984,0,1
31077,1,8,0,3,0.39896989319933307,0,0
31079,2,11,1,3,0.3391524039475453,0,0
31083,2,8,1,3,0.3921244791237755,0,1
31085,2,8,0,3,0.4293842968208676,0,0
31087,2,6,0,3,0.43936546496385986,0,0
31099,2,11,0,3,0.346629370134017,0,0
31103,2,4,0,3,0.38224916278846305,0,0
31115,2,5,0,3,0.42228656494230155,0,0
31117,2,5,0,3,0.399368981455383,0,0
31133,3,11,0,3,0.42200393904492844,0,0
31159,1,18,0,3,0.34332727105267397,0,0
31161,2,9,1,3,0.4780785186511157,0,1
31165,3,8,0,3,0.46061254339163266,0,0
32001,2,2,1,3,0.5557540188562433,1,0
32009,4,4,0,3,0.46252089777753114,0,0
32023,1,11,0,3,0.567630552386749,1,1
34003,1,66,0,3,0.23660361906904287,0,0
34033,2,14,1,3,0.3804169571900798,0,1
35003,3,9,0,3,0.6175899670718981,1,0
35007,4,9,1,3,0.5237037984419367,1,0
35013,1,26,0,3,0.5028916799383424,1,0
35017,4,16,1,3,0.4476220757980608,0,0
35035,4,18,1,3,0.5836215191389029,1,0
35049,2,15,1,3,0.36664532703842434,0,0
36009,1,36,1,3,0.39774399745596095,0,0
36015,2,22,1,3,0.33253256743258724,0,0
36019,2,25,0,3,0.3552078806285097,0,0
36021,2,36,1,3,0.29881928827089144,0,1
36025,3,47,0,3,0.3235935791629698,0,0
36027,1,35,1,3,0.2724065768704903,0,0
36033,3,23,1,3,0.3788687054949862,0,0
36039,2,42,1,3,0.3221349978620888,0,1
36053,1,31,1,3,0.3788848857473422,0,1
36061,2,47,0,3,0.3151706899461301,0,0
36065,2,54,1,3,0.3643424746368139,0,0
36079,1,12,0,3,0.23216942433656862,0,0
36089,3,49,1,3,0.395912725287822,0,0
36095,2,24,0,3,0.33155183146200257,0,0
36097,2,18,0,3,0.33998629327949786,0,0
36101,3,39,1,3,0.34251447390729095,0,0
36109,1,17,1,3,0.34054311474484134,0,0
36121,2,24,0,3,0.37080847691832736,0,0
36123,2,13,0,3,0.3514395154026058,0,0
37003,2,8,1,3,0.3204771596368537,0,0
37013,4,15,1,3,0.39452984322396006,0,1
37017,4,18,1,3,0.4354147153076771,0,0
37021,2,19,1,3,0.256995353063705,0,0
37025,2,16,1,3,0.29864867588234334,0,0
37027,3,10,1,3,0.32623508275519697,0,0
37035,2,14,1,3,0.3197606528693127,0,0
37045,1,13,1,3,0.38414664578237456,0,0
37063,2,16,1,3,0.26323121824079343,0,0
37065,4,15,1,3,0.43985664374447964,0,1
37069,3,13,1,3,0.3428696467118633,0,0
37073,2,6,0,3,0.3960001085030586,0,0
37075,4,2,0,3,0.39992577789028616,0,0
37083,4,9,1,3,0.42786579319099544,0,0
37097,2,16,0,3,0.31901501223015954,0,0
37117,4,11,0,3,0.40856231448631875,0,0
37127,3,15,1,3,0.3613170136796874,0,0
37149,2,7,0,3,0.2741216857878404,0,0
37175,3,10,1,3,0.28043654792633654,0,0
37181,4,8,1,3,0.41225886584816573,0,0
37183,1,39,0,3,0.22230126255106486,0,0
38003,1,19,0,3,0.3920014001843229,0,0
38007,2,8,0,3,0.4213944395643733,0,0
38013,1,9,0,3,0.402217142790632,0,0
38027,2,7,1,3,0.45646227648451765,0,1
38029,2,8,0,3,0.4236682626999339,0,0
38037,2,13,1,3,0.4645500891721855,0,1
38041,2,5,0,3,0.4702579690976069,0,0
38047,1,7,0,3,0.4361912409837418,0,0
38049,1,18,0,3,0.4172900243370695,0,0
38051,2,6,0,3,0.4478542465612324,0,0
38063,1,9,0,3,0.4265643178154173,0,0
38065,1,6,0,3,0.41363541754695515,0,0
38075,1,9,0,3,0.40317275103955014,0,0
38077,1,19,0,3,0.37420573947521635,0,0
38079,4,10,0,3,0.559678358534331,1,0
38081,1,12,0,3,0.3694762955960723,0,0
38083,2,9,0,3,0.4566854419120217,0,0
38089,1,10,0,3,0.3652693604867672,0,0
39023,3,22,1,3,0.45314121657264955,0,0
39025,1,23,1,3,0.35189432956748823,0,0
39033,3,15,0,3,0.4457081382498932,0,0
39049,2,49,0,3,0.367168009610005,0,0
39051,1,12,0,3,0.45673132538768296,0,0
39053,3,12,0,3,0.4179471377801792,0,0
39055,1,20,1,3,0.3107034153364284,0,0
39057,2,24,0,3,0.38231900906874644,0,0
39087,3,14,1,3,0.418984582364156,0,0
39111,3,15,1,3,0.41200973772598026,0,0
39113,2,40,0,3,0.426413657527747,0,0
39119,3,22,1,3,0.4184234083452766,0,0
39127,3,17,1,3,0.44360105405616806,0,1
39129,2,17,1,3,0.4218399213654648,0,1
39139,1,19,1,3,0.38896830215853395,0,0
39141,3,16,1,3,0.42927191596492126,0,0
39149,2,18,0,3,0.4608018704626744,0,0
39163,4,15,0,3,0.4537949616111245,0,0
39171,1,12,1,3,0.4504051101864041,0,1
40019,3,13,1,3,0.5287020979102786,1,0
40021,4,16,1,3,0.5259509506335317,1,1
40025,3,4,1,3,0.5878243306399232,1,1
40033,3,11,0,3,0.6062345113607751,1,0
40055,4,4,1,3,0.568736409688905,1,1
40057,4,6,0,3,0.5818645918503353,1,0
40059,2,7,1,3,0.5217725089892415,1,1
40069,4,13,1,3,0.5878222470889044,1,1
40075,4,9,1,3,0.6150182610726197,1,1
40077,4,7,1,3,0.5170402918395652,1,1
40079,4,23,1,3,0.5164634208235408,1,0
40087,1,12,0,3,0.5070754293925703,1,0
40091,4,11,1,3,0.5327851785764929,1,0
40093,2,15,0,3,0.5162534635592341,1,0
40103,2,11,0,3,0.47951401291071766,0,0
40109,3,55,0,3,0.466033905226645,0,1
40115,4,9,1,3,0.5323646703219921,1,1
40123,3,10,1,3,0.46700444774925487,0,1
40125,3,16,0,3,0.5004847812456024,1,1
40129,3,9,0,3,0.5563129992665862,1,0
40143,2,42,0,3,0.417660368584228,0,0
40153,2,11,1,3,0.49395266864539356,0,0
41001,3,12,1,3,0.47399872113829405,0,0
41007,2,9,0,3,0.3537314928996614,0,0
41029,3,18,1,3,0.4344436255754007,0,0
41039,3,39,1,3,0.3750587589826818,0,0
41043,2,20,1,3,0.4371870565428024,0,0
41051,2,42,0,3,0.3457887373333568,0,0
41061,3,8,1,3,0.4669945366932975,0,0
41071,2,15,0,3,0.3755553111014415,0,0
42011,1,62,1,3,0.35736438650515634,0,0
42015,2,27,1,3,0.37082908237230183,0,0
42019,1,37,0,3,0.27034391277853165,0,0
42027,2,33,1,3,0.31195083303898147,0,0
42029,1,44,0,3,0.2792233835308657,0,0
42039,3,27,1,3,0.3693875832254761,0,1
42049,1,32,0,3,0.36667839382481543,0,0
42053,4,11,1,3,0.3869962651083354,0,1
42071,1,57,0,3,0.3684117408811587,0,0
42083,3,22,0,3,0.35089334516746223,0,0
42097,2,28,1,3,0.36185625459865944,0,0
42109,2,15,1,3,0.3643358947144231,0,0
42115,2,29,1,3,0.35725129348668155,0,1
42119,1,14,1,3,0.3140414660072001,0,1
42121,3,23,0,3,0.33268427272774703,0,0
42131,1,15,0,3,0.313336567629745,0,0
44009,1,20,1,3,0.2606253508135656,0,0
45015,2,17,1,3,0.37383881592761814,0,0
45017,4,7,1,3,0.44739749038496446,0,0
45035,2,15,1,3,0.35149461894581346,0,0
45055,3,13,1,3,0.3660749846158221,0,1
45059,4,16,1,3,0.4020195377084952,0,0
45085,4,15,1,3,0.441400473976588,0,0
46025,2,13,0,3,0.406418832852583,0,0
46049,2,10,0,3,0.4107262787493627,0,0
46059,1,8,1,3,0.3996877291986812,0,1
46065,1,3,1,3,0.36906283116565985,0,0
46099,1,23,1,3,0.31668023709880877,0,0
46103,2,20,1,3,0.32542602436098794,0,0
46117,1,4,0,3,0.3847099261763618,0,0
46125,1,15,0,3,0.3968404104600937,0,0
47003,3,13,1,3,0.4592560154933123,0,0
47029,4,8,0,3,0.46210506694079806,0,0
47053,4,11,1,3,0.49181067348637525,0,0
47061,4,10,0,3,0.4565719040845037,0,0
47065,1,31,0,3,0.34043738517439215,0,0
47085,3,4,1,3,0.45610234537239436,0,0
47091,4,5,0,3,0.44769559898030853,0,0
47099,4,11,1,3,0.45744534769807826,0,1
47111,4,8,1,3,0.4599302093443121,0,0
47115,3,12,0,3,0.35843086143128705,0,0
47139,3,12,1,3,0.42629974983071955,0,0
47141,1,10,1,3,0.4323687530834184,0,0
47149,1,20,1,3,0.39893387967682487,0,0
47151,4,9,0,3,0.42169447648790537,0,0
47159,3,15,1,3,0.44080639747158984,0,0
48011,1,6,0,3,0.5114365000820326,1,0
48017,1,6,1,3,0.5174264811017657,1,1
48037,3,10,1,3,0.42057937473696017,0,0
48051,2,5,1,3,0.4901075404892557,0,0
48053,2,13,1,3,0.4545128908701653,0,1
48063,3,2,1,3,0.4390871221160251,0,0
48075,4,4,1,3,0.5486146726785758,1,1
48079,4,4,0,3,0.6479092025215026,1,0
48101,4,3,1,3,0.5714823389847905,1,1
48111,1,3,0,3,0.5358023122791192,1,0
48119,3,7,1,3,0.5156989249865404,1,1
48135,2,8,1,3,0.4715522126475013,0,0
48145,3,17,1,3,0.5502573689226364,1,0
48177,3,14,1,3,0.5165777538396608,1,0
48183,3,10,0,3,0.3937135190839691,0,1
48199,2,12,1,3,0.37615172006979114,0,0
48205,1,4,0,3,0.5304912462551403,1,0
48211,1,4,0,3,0.4791456524206568,0,0
48219,4,10,1,3,0.5492982279793305,1,0
48227,3,5,1,3,0.5468901205446138,1,0
48245,3,18,0,3,0.44807749250298096,0,0
48249,4,8,1,3,0.5290450956343251,1,1
48257,2,13,0,3,0.47197825760821144,0,1
48261,4,2,1,3,0.6226003664547359,1,1
48265,3,10,1,3,0.4262719080072391,0,1
48283,3,4,0,3,0.5268230795335062,1,0
48287,2,9,1,3,0.49169772547766527,0,0
48297,3,10,0,3,0.5271085812308893,1,0
48301,1,1,0,3,0.5531426895095759,1,0
48305,3,7,0,3,0.5291523652371877,1,0
48307,3,6,1,3,0.553942653716974,1,1
48309,1,29,0,3,0.46877706994979346,0,0
48313,2,5,1,3,0.44425519002302355,0,0
48341,2,6,1,3,0.5257603256544425,1,0
48353,3,9,1,3,0.48230725265802016,0,0
48357,4,5,0,3,0.5851534648813186,1,0
48375,4,16,1,3,0.506353273857266,1,0
48383,2,2,0,3,0.5205945928109246,1,0
48389,3,4,1,3,0.35490973841102597,0,0
48391,3,5,1,3,0.5288729783282992,1,1
48415,3,8,1,3,0.5558983970531796,1,0
48425,3,7,0,3,0.4678157806393275,0,0
48427,4,10,1,3,0.6053140458595135,1,1
48429,4,8,1,3,0.5223950766182097,1,1
48433,3,7,0,3,0.5344760328219454,1,0
48441,1,17,1,3,0.42922886845743696,0,0
48451,1,14,1,3,0.453127687004183,0,0
48457,3,10,1,3,0.4052239557294879,0,0
48461,2,4,0,3,0.5322080775345664,1,0
48467,3,13,1,3,0.47578125569288,0,0
48477,2,7,1,3,0.49629374213353294,0,1
48479,4,10,0,3,0.5040471538909767,1,1
48481,1,13,1,3,0.5120752452157648,1,0
48483,3,6,0,3,0.51417365949346,1,0
48493,2,12,1,3,0.48309805049907345,0,1
49001,2,4,0,3,0.4276055339906145,0,0
49005,3,16,1,3,0.43433001517503844,0,0
49007,3,6,0,3,0.5170870777417317,1,0
49053,2,21,0,3,0.39197141653857365,0,1
49057,1,9,1,3,0.4273574619481805,0,0
50005,2,22,1,3,0.28730787870755414,0,1
50007,1,21,1,3,0.3082758386578221,0,0
50015,2,11,0,3,0.2796485619182362,0,0
51013,1,11,1,3,0.2139568409862637,0,0
51015,2,27,1,3,0.3418368787269721,0,0
51017,4,7,0,3,0.3653285688175991,0,0
51021,2,6,0,3,0.33886918132516286,0,0
51027,4,16,1,3,0.42594016787996536,0,0
51033,1,11,0,3,0.3444045364748449,0,0
51035,3,17,0,3,0.4174720444164318,0,0
51041,1,16,0,3,0.2761422271412467,0,0
51057,4,8,1,3,0.45260059214922443,0,1
51067,3,16,0,3,0.35942246504396924,0,0
51089,4,12,0,3,0.40005152819437456,0,0
51093,1,8,1,3,0.36694307031841794,0,1
51101,1,6,0,3,0.3776212424469628,0,0
51109,2,12,0,3,0.3691428149048213,0,0
51113,2,21,1,3,0.44936551202626895,0,0
51155,3,8,0,3,0.35744206397229167,0,0
51161,1,14,1,3,0.25237020501438157,0,0
51193,2,8,1,3,0.4058441579993446,0,0
51195,4,8,0,3,0.38819112348052753,0,0
51199,1,9,1,3,0.23817688629517333,0,0
51590,4,2,1,3,0.4031082151669537,0,1
51610,1,4,0,3,0.20518655956483228,0,0
51650,2,9,1,3,0.38714104093152724,0,0
51678,3,1,1,3,0.32478382804498523,0,1
51680,3,5,1,3,0.3196601684088922,0,0
51690,4,1,1,3,0.39327011420271124,0,0
51700,3,8,1,3,0.37194016173511607,0,0
51740,1,8,1,3,0.41203433798466266,0,0
51810,1,12,0,3,0.2942578533386237,0,0
53045,2,15,1,3,0.378764995710925,0,1
53055,1,9,0,3,0.29840888835809287,0,0
53067,1,14,1,3,0.3389431620644858,0,0
54005,4,31,1,3,0.4359633841381837,0,0
54011,3,13,1,3,0.3883066236432049,0,0
54031,3,10,0,3,0.49755954493935456,0,0
54041,4,11,1,3,0.4381990929131573,0,0
54043,4,19,0,3,0.45513198563510393,0,0
54049,3,18,1,3,0.3976185911862286,0,1
54061,3,16,1,3,0.32669907120148545,0,0
54069,2,6,1,3,0.37878836955368994,0,1
54075,3,13,0,3,0.4778539860395271,0,0
54087,4,13,0,3,0.4759629617352783,0,0
54101,4,11,0,3,0.49785562033423625,0,0
54103,4,12,1,3,0.44143103648589044,0,0
54109,4,39,0,3,0.31996256404567913,0,0
55003,3,11,0,3,0.33716940647230886,0,0
55015,1,14,1,3,0.3215912127102995,0,0
55045,1,12,1,3,0.32382401918313947,0,1
55059,1,17,1,3,0.33179644283776044,0,0
55065,2,14,1,3,0.3612322223744598,0,0
55067,2,15,0,3,0.34451365462797545,0,0
55071,1,19,1,3,0.32731286411317817,0,0
55083,1,19,1,3,0.334981291713525,0,1
55087,1,24,1,3,0.30768760523620076,0,0
55095,1,20,1,3,0.3135552496433113,0,1
55109,1,18,0,3,0.2928264854884448,0,0
55127,1,16,1,3,0.33732743476227706,0,0
55139,1,18,1,3,0.3293009890846906,0,0
56013,2,11,1,3,0.5176296660346997,1,0
56025,1,11,1,3,0.46452311678669833,0,0
56027,3,5,0,3,0.5487281133851198,1,0
56031,2,5,1,3,0.5081017818767423,1,1
56041,1,5,0,3,0.4871886355885423,0,0
01019,4,11,1,4,0.45875112187350037,0,0
01021,3,14,1,4,0.444196109195621,0,0
01035,4,13,1,4,0.48077291730192084,0,0
01039,4,13,1,4,0.45905404824958446,0,1
01051,2,13,1,4,0.38812567672754317,0,0
01053,4,9,1,4,0.4745009035596999,0,0
01065,4,9,1,4,0.4869205902183002,0,0
01083,2,15,1,4,0.4148809061444949,0,0
01087,4,13,1,4,0.40642554431656974,0,0
01093,4,12,1,4,0.44661377569511307,0,1
01101,1,24,1,4,0.39915377230409854,0,0
01125,1,27,1,4,0.38018703270635557,0,0
04003,3,23,0,4,0.41891238819994914,0,1
04007,4,13,0,4,0.4564334803851264,0,1
04009,4,10,1,4,0.4320033505965806,0,1
04019,1,48,0,4,0.39856269868462435,0,1
05027,4,7,1,4,0.4705470402303077,0,0
05033,3,11,1,4,0.46801859922840106,0,1
05047,4,13,1,4,0.4922367484260523,0,0
05067,4,11,1,4,0.5188978335574445,1,0
05075,4,14,1,4,0.46361166940459986,0,0
05085,2,11,1,4,0.41337969182029605,0,0
05089,3,17,0,4,0.448825567741245,0,0
05097,4,9,1,4,0.4775377651983492,0,1
05103,4,8,1,4,0.48971032055694913,0,0
05111,4,10,1,4,0.4945654726788151,0,0
05123,4,13,1,4,0.4930205224658149,0,0
05129,4,10,1,4,0.4771393122677434,0,1
05135,4,13,1,4,0.47053821108246424,0,0
05137,4,16,0,4,0.4756781408128883,0,0
06005,2,12,1,4,0.41285597040954264,0,1
06017,1,23,1,4,0.36550601982120867,0,0
06025,4,17,0,4,0.4634463182434603,0,1
06031,4,12,1,4,0.44663688161771764,0,0
06035,2,17,1,4,0.4179412808941432,0,1
06045,3,29,1,4,0.4157143013730111,0,0
06053,3,31,0,4,0.38426584383666457,0,0
06057,2,12,1,4,0.38620874098162034,0,0
06085,1,63,0,4,0.32200965836661216,0,0
06103,4,15,1,4,0.47991159570110375,0,0
06109,1,16,1,4,0.34067759629428324,0,1
08013,1,22,1,4,0.34969564093340466,0,0
08063,2,6,0,4,0.44176659211415265,0,0
08065,3,2,0,4,0.34851496790319625,0,0
08069,1,24,1,4,0.35729069116010254,0,0
08071,4,11,0,4,0.4130385290319741,0,0
08091,1,3,0,4,0.34830631673200235,0,0
08101,3,15,1,4,0.4303141591182964,0,0
08109,4,8,1,4,0.3847873525842429,0,1
08111,1,2,0,4,0.35166420905554907,0,0
11001,1,29,0,4,0.3158043351164822,0,1
12003,2,5,1,4,0.3821470753405941,0,0
12005,2,16,1,4,0.3699145094895463,0,0
12007,1,9,0,4,0.3249674991717523,0,0
12043,4,5,1,4,0.449407560821709,0,0
12047,4,3,0,4,0.46807517302815604,0,0
12049,4,4,1,4,0.4671148557266917,0,0
12081,2,21,0,4,0.36574158990439914,0,0
12099,2,53,0,4,0.3438779906983003,0,0
12103,2,48,0,4,0.3535823938908517,0,0
12105,3,41,0,4,0.395433249615738,0,0
12115,1,28,0,4,0.3467503362935409,0,0
12129,2,4,1,4,0.38511528649494536,0,0
13009,4,6,1,4,0.4619422196059138,0,0
13013,2,8,1,4,0.3786640937385352,0,0
13029,1,3,0,4,0.36498986815163525,0,0
13043,4,4,1,4,0.5059667764906257,1,1
13053,3,2,0,4,0.32091179427468125,0,0
13067,1,23,0,4,0.297915158747994,0,0
13089,1,36,0,4,0.3363349056363276,0,0
13095,4,6,1,4,0.47209225801641985,0,0
13109,4,6,1,4,0.4936950611603827,0,1
13113,1,8,1,4,0.3054059704274001,0,0
13127,3,8,1,4,0.3946590942322755,0,0
13133,3,7,0,4,0.4409766847851122,0,0
13139,2,19,1,4,0.3620507267056966,0,0
13145,1,12,0,4,0.3408847865899401,0,0
13153,2,12,1,4,0.4133363045697354,0,0
13159,3,6,0,4,0.4436570365615486,0,0
13161,4,4,0,4,0.5012697463534805,1,0
13163,4,9,1,4,0.5100469678030464,1,0
13165,4,5,1,4,0.5297239751109621,1,1
13177,2,7,0,4,0.4134862757073619,0,0
13181,4,2,0,4,0.4743810052921066,0,0
13185,1,11,0,4,0.42412706294814057,0,1
13211,1,9,0,4,0.37013993493064806,0,0
13215,4,11,1,4,0.3967457640647068,0,0
13219,1,8,1,4,0.32449591727497085,0,1
13265,4,4,0,4,0.5083268069452779,1,0
13279,4,3,1,4,0.4806028048658068,0,0
13305,4,6,1,4,0.4547532521716042,0,0
13311,2,7,0,4,0.35099866765147286,0,0
16001,1,17,1,4,0.35546465572136743,0,0
16005,3,10,0,4,0.4266995553832522,0,0
16011,3,11,1,4,0.4029760735200494,0,0
16013,2,8,1,4,0.4422193418398307,0,0
16015,1,8,0,4,0.3913517099260126,0,0
16019,2,14,1,4,0.3804734922806243,0,0
16023,3,3,0,4,0.4007594535736246,0,0
16037,4,7,0,4,0.40679932490231907,0,0
16043,3,9,0,4,0.42992415626650554,0,0
16061,2,7,0,4,0.4083083365633848,0,0
16075,3,7,1,4,0.4807429892637777,0,0
16083,3,10,1,4,0.42795636208602056,0,1
17001,2,23,1,4,0.37138510423978033,0,0
17021,2,20,1,4,0.40419730043406404,0,1
17061,2,13,0,4,0.4030513327483739,0,0
17069,3,5,0,4,0.4473521586180959,0,0
17071,2,17,0,4,0.41220351988188614,0,0
17075,2,25,1,4,0.42834335255808803,0,0
17079,2,15,0,4,0.40733066390438066,0,0
17111,1,24,1,4,0.3095080957767985,0,0
17119,2,35,0,4,0.37162103418164966,0,0
17121,3,15,1,4,0.4295274739313257,0,1
17127,3,8,1,4,0.4621053743071555,0,0
17129,1,8,0,4,0.3663435220459047,0,0
17131,1,18,0,4,0.40946456183571034,0,0
17145,3,12,0,4,0.4368853917923739,0,0
17173,2,22,1,4,0.4045625596878121,0,0
17185,2,7,0,4,0.4000832121306884,0,0
17189,1,13,1,4,0.3967249739163079,0,0
17195,2,15,0,4,0.4039979248691761,0,0
17199,3,22,1,4,0.39404140367733387,0,0
18009,3,7,1,4,0.4915583032208464,0,0
18015,2,17,0,4,0.441180576137123,0,0
18021,2,17,1,4,0.436094823808217,0,0
18029,1,9,1,4,0.3868763329350636,0,0
18051,2,16,1,4,0.40978871707050296,0,1
18069,2,9,1,4,0.409415432246915,0,1
18073,1,13,1,4,0.40021145909333306,0,1
18085,1,21,1,4,0.4011638790976896,0,0
18087,1,12,1,4,0.44984714202725945,0,1
18089,2,28,0,4,0.4006636725312023,0,0
18091,3,15,1,4,0.42893602011548726,0,0
18109,1,14,1,4,0.42702638070026117,0,0
18121,3,12,0,4,0.454643694346296,0,0
18159,2,10,0,4,0.4364227580508913,0,0
18167,1,18,1,4,0.4240974015016889,0,0
19013,3,17,1,4,0.3789071632124372,0,0
19021,2,13,1,4,0.3795163383469114,0,0
19023,1,16,1,4,0.39062997147839496,0,0
19029,2,13,0,4,0.4640687064625294,0,0
19035,2,15,0,4,0.44525012917379725,0,0
19041,2,15,1,4,0.384852156422985,0,0
19063,2,7,0,4,0.41216234072583297,0,0
19067,3,13,1,4,0.40892092193820345,0,0
19073,2,13,0,4,0.42705697273058446,0,0
19079,1,15,1,4,0.40550414564438514,0,0
19085,2,15,0,4,0.40473354862836636,0,0
19117,2,9,0,4,0.42892298987787336,0,0
19143,2,8,0,4,0.4133376741290598,0,0
19147,1,14,0,4,0.3847114112799115,0,0
19169,3,22,1,4,0.3585569337609721,0,0
19171,2,19,0,4,0.44561016386934993,0,0
19175,2,10,0,4,0.4292921212178815,0,0
19177,2,13,0,4,0.41765017096747326,0,0
19179,3,12,1,4,0.43450091804675467,0,1
19185,3,12,0,4,0.4828089199242996,0,0
20009,3,10,1,4,0.4378103787625571,0,0
20027,1,10,1,4,0.41940626215927573,0,1
20031,2,10,0,4,0.45288500821075134,0,0
20037,1,15,1,4,0.4236082497362726,0,1
20043,2,10,0,4,0.42085007523931134,0,0
20063,2,10,0,4,0.48790649467896646,0,0
20073,3,11,1,4,0.5070121390444576,1,1
20089,3,14,0,4,0.5102112481504635,1,0
20091,1,34,0,4,0.3145856762426247,0,0
20125,3,13,1,4,0.4923406128779849,0,1
20133,4,11,1,4,0.49180513496676154,0,0
20141,2,12,0,4,0.43731223869287184,0,0
20153,3,10,0,4,0.45802546330056737,0,0
20159,2,13,1,4,0.43434045851895026,0,1
20161,3,14,1,4,0.4172102410790683,0,0
20163,2,10,1,4,0.4014290563973721,0,1
20165,2,10,0,4,0.40834332836168624,0,0
20169,2,9,1,4,0.38667662135812725,0,1
20183,2,10,0,4,0.4297960490667992,0,0
20201,2,15,1,4,0.41050050827446477,0,1
20203,1,3,0,4,0.4563157362713658,0,0
20207,3,10,0,4,0.5104032723146095,1,0
21015,1,9,1,4,0.3487540708480405,0,0
21023,3,7,1,4,0.44860591913832526,0,1
21033,3,6,1,4,0.4940955780440348,0,0
21043,4,10,0,4,0.4680992987278819,0,0
21047,4,15,1,4,0.47114090769709704,0,0
21055,4,5,0,4,0.5186077775280173,1,0
21069,4,7,1,4,0.4810036454333058,0,0
21075,4,3,1,4,0.5425536423700323,1,1
21077,3,6,1,4,0.43884765458448466,0,1
21091,2,5,0,4,0.4370929596209958,0,0
21093,2,17,1,4,0.4217188275496358,0,0
21095,4,27,0,4,0.47723450306545223,0,0
21107,4,13,1,4,0.46989054124912055,0,0
21109,4,5,0,4,0.4751443197428366,0,0
21127,4,10,1,4,0.4676400437425232,0,0
21153,4,4,1,4,0.48528196979979815,0,0
21169,4,10,0,4,0.4990625240526734,0,0
21183,3,16,1,4,0.4684697540666226,0,0
21207,4,7,1,4,0.48154023413852,0,0
21217,4,6,1,4,0.4632365445988283,0,0
21231,4,5,1,4,0.49056650348422565,0,0
21235,4,7,1,4,0.45911091710330576,0,0
22001,4,15,1,4,0.46693738712729743,0,1
22003,3,13,1,4,0.42015934498118124,0,0
22005,1,8,1,4,0.35785006198395564,0,0
22007,4,9,0,4,0.44661606474703736,0,0
22041,4,7,1,4,0.5278339798294062,1,0
22043,3,8,1,4,0.432043952762268,0,0
22053,3,10,1,4,0.4559808738538795,0,1
22059,4,8,0,4,0.4713885653089878,0,0
22087,4,6,1,4,0.4289523668170145,0,1
22097,1,18,0,4,0.444467959888527,0,1
22107,4,4,1,4,0.4927098034501648,0,1
22115,3,13,1,4,0.4102962840293493,0,1
22117,4,6,1,4,0.4782112784234429,0,0
23031,1,36,1,4,0.3407331165899992,0,0
24001,3,15,1,4,0.3998370103625797,0,1
24009,1,14,0,4,0.3346560324961814,0,0
24015,1,15,0,4,0.38451643586519785,0,1
24037,1,26,1,4,0.3392114036559721,0,0
24045,3,16,0,4,0.3856141561150595,0,1
25003,2,36,0,4,0.33502340478162773,0,0
25009,1,45,0,4,0.3198517722537147,0,0
25019,1,2,0,4,0.30225498214639734,0,0
25027,1,87,1,4,0.32339542750566086,0,0
26045,1,19,1,4,0.39063296641011114,0,0
26055,1,9,1,4,0.3306087696103669,0,1
26061,4,20,1,4,0.360009436087368,0,0
26071,3,8,0,4,0.4174647217284824,0,0
26079,3,8,0,4,0.4214600346057815,0,0
26083,3,6,0,4,0.3775672639700379,0,0
26091,2,23,1,4,0.40534431100532886,0,0
26099,2,39,1,4,0.39830740350752575,0,0
26103,2,15,1,4,0.3458007532602879,0,1
26111,2,15,0,4,0.3450956527169042,0,0
26115,1,25,1,4,0.41767152303420757,0,0
26119,3,5,0,4,0.4280690205744775,0,0
26123,3,21,1,4,0.41700413220054133,0,0
26143,4,7,0,4,0.4262899014918651,0,0
26151,3,22,1,4,0.42611836491379873,0,0
26155,2,19,1,4,0.3853815184949315,0,0
26161,2,27,1,4,0.3351528785811325,0,0
27003,1,20,1,4,0.3155803497181391,0,0
27007,3,18,1,4,0.3974417833753857,0,0
27011,2,10,0,4,0.4136290969958989,0,0
27027,2,15,1,4,0.37854904013016155,0,0
27039,1,10,0,4,0.35145270729343914,0,0
27051,2,11,0,4,0.3991012779816022,0,0
27055,1,9,0,4,0.3428779453923365,0,0
27071,2,13,0,4,0.4104205401008769,0,0
27073,1,10,0,4,0.40359478337047633,0,0
27083,3,14,1,4,0.3708978758961573,0,0
27091,2,15,0,4,0.39337293115280525,0,0
27101,1,16,0,4,0.3892428656808416,0,0
27109,1,19,1,4,0.32324785277697665,0,0
27129,2,16,1,4,0.39341088161387605,0,0
27133,1,12,0,4,0.37397349584847167,0,0
27145,2,33,1,4,0.3561083262385046,0,0
27161,2,13,0,4,0.3885338827988973,0,0
28005,4,9,0,4,0.4220964452377005,0,0
28007,4,11,1,4,0.4640718084089051,0,0
28045,3,10,1,4,0.416067337654644,0,1
28047,1,13,0,4,0.37028170467357,0,1
28049,1,21,0,4,0.41281955289174954,0,0
28053,4,8,0,4,0.515152774340811,1,0
28069,4,11,1,4,0.4540659313911691,0,1
28071,4,13,1,4,0.3396635623505986,0,0
28083,4,11,1,4,0.4868077408232243,0,0
28093,3,8,1,4,0.4214172143627572,0,0
28129,4,15,0,4,0.43957681443070296,0,0
28131,4,6,1,4,0.42461751475588266,0,0
28135,4,18,1,4,0.4791347914159059,0,0
28145,3,11,1,4,0.40231401523887017,0,0
28157,4,4,0,4,0.4577249778789186,0,0
28159,4,10,1,4,0.4526897786290388,0,0
29009,4,17,1,4,0.49266914925317706,0,0
29017,4,13,1,4,0.488983718118029,0,0
29019,1,13,1,4,0.3138734208857942,0,0
29023,4,10,1,4,0.5048249037014123,1,0
29033,3,10,1,4,0.46962685271268056,0,1
29039,4,9,1,4,0.5091382682571466,1,0
29043,1,21,1,4,0.37113394890787765,0,1
29049,1,11,1,4,0.4163980545632228,0,0
29057,3,13,1,4,0.5056486681405991,1,1
29075,3,13,0,4,0.4613512901787975,0,0
29081,4,13,0,4,0.5092332712925572,1,0
29083,4,11,1,4,0.458269767500448,0,0
29091,4,12,1,4,0.4800921495399675,0,0
29099,1,24,1,4,0.39002112061979205,0,0
29123,3,7,1,4,0.4453030226227436,0,0
29137,3,16,0,4,0.46290885294158196,0,0
29141,4,15,0,4,0.4899619446780232,0,0
29143,4,17,1,4,0.5326576479322059,1,0
29171,3,10,0,4,0.48262592892167755,0,0
29175,3,12,1,4,0.4392165814122204,0,0
29177,2,12,1,4,0.4331073334210064,0,0
29181,4,9,1,4,0.5088837835620686,1,0
29183,1,14,1,4,0.3599460610094103,0,0
29199,3,10,1,4,0.48391718641388504,0,1
29205,3,9,0,4,0.4559158477383471,0,0
29207,1,13,1,4,0.4724449740318742,0,1
29213,3,20,1,4,0.43484521810462756,0,1
29225,3,9,1,4,0.4368218737653423,0,1
29510,4,29,0,4,0.42946929826406766,0,1
30017,2,6,0,4,0.4384872960752387,0,0
30031,2,10,0,4,0.3455262022475876,0,0
30037,3,3,0,4,0.4773152923315645,0,0
30049,1,9,1,4,0.35235353350056664,0,0
30055,3,6,0,4,0.5071403389829673,1,0
30065,3,5,0,4,0.4826809427601878,0,0
30067,2,9,0,4,0.3859846957956084,0,0
30089,4,11,0,4,0.4822819581863223,0,0
30095,1,10,0,4,0.3955351520636525,0,0
30103,3,2,0,4,0.4753356615917562,0,0
30111,2,16,1,4,0.3888934335613664,0,0
31003,2,11,1,4,0.3948888316132631,0,1
31009,2,4,0,4,0.3635499664031565,0,0
31013,2,3,1,4,0.45968822438455,0,0
31033,1,5,1,4,0.4153370543317543,0,1
31045,2,6,1,4,0.40012292293964824,0,1
31049,2,4,0,4,0.46035918815666943,0,0
31055,2,35,0,4,0.35358236178492514,0,0
31069,1,9,0,4,0.4494070890588591,0,0
31093,1,11,1,4,0.37481258938040346,0,1
31109,2,42,1,4,0.3414896919512567,0,0
31119,2,8,1,4,0.36092641382601165,0,1
31121,3,9,0,4,0.3864021283045126,0,0
31145,2,8,0,4,0.39656531684143886,0,0
31147,2,9,0,4,0.45028701692203954,0,0
31151,3,12,0,4,0.4382887442813584,0,0
31153,1,13,1,4,0.34254574566906193,0,0
31167,2,10,0,4,0.3686515000821384,0,0
31175,2,6,0,4,0.3942978014615561,0,0
31179,2,11,1,4,0.35827057011474367,0,1
32029,1,5,0,4,0.3861485041353541,0,0
32031,2,27,0,4,0.4000119410453005,0,0
34007,1,35,0,4,0.3283070875329511,0,0
34011,1,22,1,4,0.37588823533518567,0,0
34013,2,31,0,4,0.3652468562919378,0,0
34019,1,26,1,4,0.2879595953711711,0,0
34021,1,25,1,4,0.3079364946518276,0,0
34025,1,52,0,4,0.29212938370700803,0,0
34039,1,27,0,4,0.33175691786743383,0,0
35015,3,8,1,4,0.33754810291340537,0,1
35025,3,7,1,4,0.44818587503584667,0,0
35039,1,37,1,4,0.372981095171745,0,0
35045,4,22,0,4,0.47186577080227154,0,1
35051,4,10,1,4,0.47836959472104384,0,0
35055,4,21,1,4,0.3994963661385669,0,1
35057,4,9,0,4,0.4998050858895426,0,0
36011,1,26,1,4,0.36349506382988767,0,0
36035,3,14,0,4,0.3880974800058555,0,0
36041,2,13,1,4,0.3855917421042533,0,1
36057,3,20,1,4,0.394560419130989,0,1
36063,1,22,1,4,0.4117357794404048,0,0
36103,1,108,0,4,0.305107539706462,0,0
36107,2,15,1,4,0.36351064652069914,0,0
37001,3,12,1,4,0.384743838243503,0,0
37005,4,7,0,4,0.44011009692778236,0,0
37033,3,16,0,4,0.40431927397035244,0,0
37041,3,4,1,4,0.41840334482910974,0,0
37055,1,14,1,4,0.34012953985216005,0,0
37071,3,18,1,4,0.37790542668012833,0,0
37085,3,16,1,4,0.3655383073809687,0,0
37087,2,7,0,4,0.38585842168144924,0,0
37089,2,15,1,4,0.3372022258579307,0,0
37095,4,7,0,4,0.47399953597063194,0,0
37105,3,4,1,4,0.38120729738644715,0,1
37129,3,10,1,4,0.3201615276679331,0,0
37139,3,1,0,4,0.4081870557791718,0,0
37153,4,11,1,4,0.4464687758762733,0,0
37159,3,19,1,4,0.38703448577471405,0,0
37171,4,12,1,4,0.41546485883254397,0,0
37185,4,8,1,4,0.46627234011102453,0,0
37193,4,23,1,4,0.4087608432146134,0,0
37197,3,7,0,4,0.41051525013563267,0,0
38005,3,18,0,4,0.4742389307704386,0,0
38021,1,8,0,4,0.40197838948628645,0,0
38033,1,4,0,4,0.41167204474310076,0,0
38057,1,10,0,4,0.4329974874975176,0,0
38071,1,12,0,4,0.2699684947088151,0,0
38087,1,9,0,4,0.4135423942888524,0,0
38097,1,12,0,4,0.36594955617963726,0,0
39009,4,18,1,4,0.37860484324930904,0,0
39019,2,20,1,4,0.42767009341900314,0,0
39061,1,57,0,4,0.3722692065907325,0,1
39067,3,16,0,4,0.45591688524181684,0,0
39069,1,17,0,4,0.42278130941271014,0,0
39099,2,36,1,4,0.4457068766580022,0,0
39121,2,15,1,4,0.4196588203136904,0,0
39135,1,16,1,4,0.4652320113507163,0,0
39155,3,30,1,4,0.4494954270333861,0,0
39157,2,27,0,4,0.41829734688395087,0,0
39159,1,20,1,4,0.37287772382013223,0,1
40001,4,8,1,4,0.5414915016076673,1,0
40003,1,13,1,4,0.44600523503145945,0,1
40005,4,15,0,4,0.5314797831279369,1,0
40009,3,6,1,4,0.4658385333899364,0,0
40011,3,13,1,4,0.4841309626029983,0,1
40027,2,21,0,4,0.40027144393176617,0,0
40049,3,13,1,4,0.5094567913970941,1,0
40053,1,10,1,4,0.47313584492645905,0,1
40067,4,8,1,4,0.5619942900125737,1,1
40071,4,10,1,4,0.5180262422945989,1,1
40073,2,12,1,4,0.4956365354503942,0,0
40083,2,15,1,4,0.44508553571865794,0,1
40105,3,7,1,4,0.5376743500371339,1,1
40117,3,12,1,4,0.5022909742359575,1,0
40121,3,19,1,4,0.5044220828357192,1,1
40127,4,16,1,4,0.5249259669004147,1,0
40145,2,15,1,4,0.452430458482848,0,1
40149,3,18,1,4,0.4654984964145486,0,0
41005,1,37,1,4,0.36316105855691877,0,0
41009,2,9,1,4,0.4027729665530922,0,1
41017,1,7,1,4,0.3787991872351409,0,0
41021,2,4,0,4,0.49913105504346317,0,0
41031,3,8,1,4,0.46290482065397714,0,0
41047,3,26,1,4,0.43828114232264725,0,0
41049,3,7,1,4,0.5050756070991588,1,0
41053,2,11,1,4,0.3991264827995169,0,0
41055,2,5,0,4,0.4925096553367894,0,0
41057,2,16,0,4,0.416955399330511,0,0
41059,3,14,1,4,0.49130345446316603,0,0
41063,2,5,0,4,0.45095607890817796,0,0
42001,1,17,1,4,0.37914511889785396,0,0
42009,2,28,1,4,0.41552225136712057,0,0
42031,3,31,0,4,0.38370933599600815,0,0
42033,3,51,1,4,0.39509875358743096,0,0
42035,3,15,0,4,0.382939903931952,0,0
42043,2,30,1,4,0.399801156925848,0,0
42045,1,44,0,4,0.33065726676443147,0,0
42057,2,17,0,4,0.42161722541757995,0,0
42067,2,13,0,4,0.43396794434345537,0,0
42075,2,19,1,4,0.4117700288903336,0,0
42077,1,34,0,4,0.3813277237027989,0,0
42079,3,50,1,4,0.3790269020829956,0,0
42085,2,28,1,4,0.3982310165378316,0,0
42089,2,35,1,4,0.35323573561287347,0,0
42101,4,46,0,4,0.38573179574153754,0,1
42105,3,15,0,4,0.4368041701393719,0,0
42107,2,59,1,4,0.4217947997767321,0,0
42111,2,40,1,4,0.3987704563045883,0,0
44003,1,9,1,4,0.3164530110012689,0,0
44005,1,8,1,4,0.28490016953377345,0,0
44007,1,39,0,4,0.3427804687868723,0,0
45005,4,6,1,4,0.5064999339669684,1,1
45007,3,19,0,4,0.3962559040328741,0,0
45013,1,16,1,4,0.36021119839428994,0,0
45023,4,10,1,4,0.4445856739680932,0,1
45033,4,11,1,4,0.48092803250299343,0,1
45041,3,12,1,4,0.41359654666638157,0,0
45043,3,5,1,4,0.4115723635044455,0,0
45049,4,13,1,4,0.49127755030073117,0,0
45051,3,16,1,4,0.3867409674653539,0,0
45057,3,5,1,4,0.37951907734543255,0,0
45061,4,12,0,4,0.4752735122450481,0,0
45071,3,11,0,4,0.4523044858654669,0,0
45075,1,24,0,4,0.4805671178086461,0,1
45077,3,15,1,4,0.3560079081730675,0,0
45087,4,9,1,4,0.45321511518168317,0,0
46011,2,12,0,4,0.32381852409877443,0,0
46031,4,15,1,4,0.5197106780395452,1,1
46033,3,9,1,4,0.44206304534785135,0,1
46039,1,12,0,4,0.3918672705977586,0,0
46051,1,12,0,4,0.37576399281373307,0,0
46053,3,8,0,4,0.4332197338143618,0,0
46067,2,13,1,4,0.39606151392398453,0,1
46071,4,12,0,4,0.5126194719430299,1,0
46075,1,5,0,4,0.3880983607197026,0,0
46079,2,14,0,4,0.3526098161551788,0,0
46087,2,12,0,4,0.3755748041508713,0,0
46101,2,13,0,4,0.3592605400645271,0,0
46102,4,11,0,4,0.5310644243235121,1,0
47033,4,8,1,4,0.5110216246901796,1,0
47047,1,15,0,4,0.3835250187761089,0,0
47057,4,9,0,4,0.48786399521138496,0,0
47073,4,12,1,4,0.4815259095219218,0,0
47075,4,6,1,4,0.5217485748152372,1,0
47077,4,14,1,4,0.4852677037339895,0,0
47081,3,13,0,4,0.44957481550494466,0,0
47093,2,30,0,4,0.3801055909776177,0,0
47101,4,7,1,4,0.44708794192349893,0,0
47103,3,12,0,4,0.4513296951980281,0,0
47109,4,15,1,4,0.46036540114658286,0,0
47113,3,13,0,4,0.45732942062743215,0,1
47123,4,9,1,4,0.44223385290739636,0,1
47127,3,10,0,4,0.434626260972568,0,0
47145,2,10,1,4,0.40818712521982936,0,0
47155,3,10,1,4,0.4629069746239972,0,0
47171,4,6,0,4,0.46322868927132205,0,0
47175,4,7,1,4,0.4792048285227355,0,1
47183,4,12,1,4,0.47233713982394065,0,1
48019,2,7,1,4,0.4566933342738317,0,0
48023,2,2,1,4,0.45468125772637485,0,1
48031,1,8,1,4,0.45408055916419243,0,1
48039,1,20,0,4,0.4050706935109831,0,0
48043,3,4,1,4,0.42471089663371003,0,1
48055,3,14,1,4,0.46835524160005654,0,0
48069,3,10,0,4,0.47021859700925894,0,0
48089,2,18,1,4,0.477287160036009,0,0
48091,1,14,1,4,0.3753387958434116,0,0
48097,2,14,1,4,0.449148250080435,0,1
48099,1,17,1,4,0.27116310026664003,0,1
48125,4,7,1,4,0.5060703629995952,1,1
48127,4,6,1,4,0.5357821814831204,1,1
48129,3,6,0,4,0.4795376717925927,0,0
48155,4,3,0,4,0.4965686581869285,0,0
48157,1,34,0,4,0.36142701637445435,0,0
48161,4,9,1,4,0.465130958226985,0,0
48179,4,7,0,4,0.4901679997412058,0,0
48185,3,11,1,4,0.4847423941952947,0,0
48193,3,10,1,4,0.4941132783391383,0,1
48209,2,14,1,4,0.3679385032988691,0,0
48215,4,28,0,4,0.4915615933665205,0,0
48223,3,13,1,4,0.45541690930723316,0,0
48229,3,6,0,4,0.4025596111700092,0,0
48235,2,4,0,4,0.3907526809763235,0,0
48241,4,9,1,4,0.46443079933500975,0,1
48263,3,4,0,4,0.46153910793516556,0,0
48267,1,6,0,4,0.38823002855488625,0,0
48269,4,2,1,4,0.5123610831838569,1,1
48273,4,4,1,4,0.4569955227647437,0,0
48281,2,6,1,4,0.448048118970878,0,0
48293,4,14,1,4,0.49580582616549757,0,0
48295,2,7,0,4,0.44147797191630883,0,0
48299,1,10,1,4,0.4221269491467913,0,0
48303,1,25,1,4,0.4234507599320195,0,0
48317,1,8,1,4,0.382965690417171,0,1
48323,4,3,1,4,0.5033759042967173,1,1
48331,3,13,1,4,0.5017191669103813,1,0
48337,3,10,1,4,0.4945456152607311,0,0
48339,1,27,0,4,0.37869169811737546,0,0
48343,4,7,1,4,0.479823572319341,0,0
48361,2,4,1,4,0.4346756023341321,0,0
48377,4,4,1,4,0.5375808903209317,1,1
48385,4,8,0,4,0.5202097830910763,1,0
48407,4,8,1,4,0.48063874207941054,0,0
48417,4,5,0,4,0.41274015673627323,0,0
48435,1,2,0,4,0.3213879406889392,0,0
48437,4,5,1,4,0.5250759100801934,1,1
48445,4,6,1,4,0.5181633951417617,1,0
48447,4,7,0,4,0.46542100914136153,0,0
48455,4,7,1,4,0.4497372490931051,0,0
48459,3,12,1,4,0.445071166388478,0,0
48471,4,9,1,4,0.4090781945076938,0,0
48489,4,6,0,4,0.5367271191935019,1,0
48491,1,25,0,4,0.35680274237755205,0,0
48497,2,17,1,4,0.43290996113103913,0,1
48505,4,5,1,4,0.5307626434432392,1,0
49013,2,12,0,4,0.4547957086040977,0,0
49015,2,9,0,4,0.4179605204026289,0,0
49021,4,10,1,4,0.39068304419170236,0,0
49031,3,6,0,4,0.41795652934401867,0,0
49037,3,12,1,4,0.4575982888905884,0,0
49043,1,9,1,4,0.3511433804264773,0,1
49055,2,6,0,4,0.38989207065395143,0,0
51007,1,5,1,4,0.4315736065639633,0,0
51009,2,9,1,4,0.4025068538484638,0,1
51023,1,12,0,4,0.35576296866977347,0,0
51029,3,11,0,4,0.4348747997549554,0,0
51045,1,5,0,4,0.33845862147669137,0,0
51053,3,12,0,4,0.44208708716749784,0,0
51061,1,24,1,4,0.32940040711232893,0,0
51071,2,10,0,4,0.3771857626800798,0,0
51075,1,15,1,4,0.31684082343353553,0,0
51081,4,4,1,4,0.46007738057380065,0,0
51083,3,14,1,4,0.46270215855665564,0,1
51095,1,4,1,4,0.3131969964981866,0,0
51097,2,14,0,4,0.42166410118629966,0,0
51105,4,11,1,4,0.4614249296032582,0,0
51107,1,21,1,4,0.2806140291020057,0,0
51117,3,13,1,4,0.45226556777117705,0,1
51119,1,12,1,4,0.4079218176094739,0,1
51131,3,11,1,4,0.4296158053804542,0,0
51135,4,7,1,4,0.44611479822852596,0,0
51159,3,5,1,4,0.4378781837300401,0,1
51165,2,22,0,4,0.37164249400688076,0,0
51171,2,14,1,4,0.3981311992211683,0,1
51181,3,10,0,4,0.44671630344048774,0,0
51183,1,11,0,4,0.1300568975513271,0,0
51191,2,10,1,4,0.40223167672969895,0,0
51520,4,2,1,4,0.46943408056011127,0,0
51580,3,1,0,4,0.4160311940101869,0,0
51595,4,1,1,4,0.4598986712253683,0,1
51710,1,15,1,4,0.3837883038485708,0,0
51730,3,2,1,4,0.43229683060973645,0,1
51735,1,1,0,4,0.32282733221305987,0,0
51760,1,15,0,4,0.38179886093573256,0,0
51790,1,2,0,4,0.36513728914174814,0,0
51820,3,1,0,4,0.4073385472295021,0,0
51830,1,2,0,4,0.31750530584344416,0,0
53003,3,3,1,4,0.46432658057560633,0,0
53005,2,12,1,4,0.4133793628070807,0,0
53013,3,5,0,4,0.4615701723966252,0,0
53021,3,7,1,4,0.44004504200621264,0,0
53031,2,9,1,4,0.39452218503017994,0,0
53037,3,12,0,4,0.4159042251253108,0,0
53043,2,14,0,4,0.45614734421902386,0,0
53051,3,9,0,4,0.4479654102141865,0,0
53073,2,18,1,4,0.36265904614594807,0,0
54003,2,11,1,4,0.4305078899310915,0,0
54007,4,18,0,4,0.47489941386163703,0,0
54009,2,8,1,4,0.44065066919905715,0,0
54023,3,12,0,4,0.4712069681993273,0,0
54027,3,20,0,4,0.47589572342269987,0,0
54037,1,9,1,4,0.3991850724530735,0,0
54045,4,33,0,4,0.4716716015075068,0,0
54057,2,10,0,4,0.42661075352346456,0,0
54059,4,18,1,4,0.4715744309151504,0,0
54077,3,16,0,4,0.46164367548175733,0,0
54083,4,22,1,4,0.44304903404031143,0,0
54099,4,17,1,4,0.47110079872087846,0,1
55009,1,19,1,4,0.31578113816897313,0,0
55011,1,9,0,4,0.384243651307835,0,0
55063,2,15,1,4,0.3382493718658143,0,0
55091,1,6,0,4,0.3650586185538216,0,0
55097,2,21,1,4,0.31913550673941987,0,0
55121,1,14,1,4,0.356033626271423,0,0
55123,3,18,1,4,0.385875949441492,0,0
55125,2,12,1,4,0.37417928024023783,0,0
56021,1,12,1,4,0.3908848988514648,0,0
