county_fips,poverty_quartile,n_zctas_in_county,suppression_flag,fold,prob_high_risk,pred_high_risk,true_label
01009,3,17,1,0,0.20299598618539905,0,0
01011,4,7,1,0,0.24802972832304163,0,1
01013,4,8,0,0,0.24931701075719273,0,0
01037,3,11,1,0,0.21514946351708933,0,0
01041,3,11,0,0,0.21792972161698226,0,0
01047,4,10,1,0,0.25328944428545547,0,0
01061,4,14,0,0,0.22199773860326708,0,0
01073,1,62,0,0,0.19558216960415206,0,0
01089,1,25,1,0,0.1551278271900279,0,0
01097,1,36,0,0,0.19230477316645228,0,0
01099,4,17,1,0,0.23696459453714888,0,0
01109,1,9,1,0,0.2740705970623839,0,1
01111,3,8,1,0,0.2160526496285095,0,0
01121,4,12,1,0,0.2323612388415589,0,0
01129,4,16,1,0,0.2345055266598484,0,0
04011,2,3,0,0,0.18609207406919726,0,0
04012,4,8,0,0,0.27836905784184096,0,1
04013,1,136,0,0,0.19750255422015947,0,1
04017,4,33,0,0,0.2501372690844678,0,1
04025,2,31,0,0,0.1935729953644817,0,1
05009,3,9,1,0,0.2038557493877434,0,0
05011,4,7,1,0,0.24604061134781977,0,0
05021,4,13,1,0,0.2890930278868094,0,0
05025,4,7,1,0,0.21799395398459442,0,1
05029,4,15,1,0,0.26331357908246483,0,0
05031,1,16,1,0,0.2201311543462978,0,0
05043,4,9,1,0,0.20579729684810777,0,0
05051,3,10,1,0,0.2003728337622633,0,0
05061,4,8,1,0,0.26426277658084,0,0
05083,4,12,1,0,0.2546931312222108,0,0
05127,4,10,1,0,0.272656936403675,0,1
05133,4,7,1,0,0.25306643174307347,0,0
05145,4,17,1,0,0.23722793550451424,0,0
05149,4,13,1,0,0.2611856790006939,0,0
06003,1,3,0,0,0.19467027702408973,0,0
06009,1,20,1,0,0.20656320468119882,0,1
06015,4,4,1,0,0.18852700294263058,0,0
06021,3,7,1,0,0.28334983722726226,0,0
06023,4,36,1,0,0.17601657008137295,0,0
06037,1,292,0,0,0.05278421421686576,0,0
06041,1,29,1,0,0.10195733754986011,0,0
06043,3,13,1,0,0.2380696070013799,0,0
06047,4,24,0,0,0.2825284284623136,0,0
06049,3,13,0,0,0.2992158304735747,0,0
06051,1,9,0,0,0.1814547021450752,0,0
06055,1,12,1,0,0.15475491903563587,0,0
06059,1,91,0,0,0.14041539515784934,0,0
06061,1,34,0,0,0.1476434913330755,0,0
06063,2,17,1,0,0.17765151296934892,0,0
06069,2,7,1,0,0.18813901125778235,0,0
06071,3,93,0,0,0.24368801927396597,0,0
06077,1,36,0,0,0.238645199476792,0,0
06087,2,17,1,0,0.13440645418964398,0,0
06115,3,17,1,0,0.24692930690160986,0,1
08011,4,6,0,0,0.24496973339219205,0,0
08041,1,45,0,0,0.14552845875202777,0,0
08043,3,11,1,0,0.1560025799430643,0,1
08059,1,33,1,0,0.12113977030948134,0,0
08061,3,5,0,0,0.20882009588833433,0,0
08067,1,6,1,0,0.13422896347283061,0,1
08093,1,12,0,0,0.058324975098215104,0,0
08123,1,41,1,0,0.18068458768842133,0,0
09001,1,46,1,0,0.10328227055697349,0,0
09003,1,58,1,0,0.13506154930596806,0,0
09011,1,31,1,0,0.11391886891114801,0,0
09013,1,17,0,0,0.09288551470438398,0,0
10001,1,18,1,0,0.2010566024764382,0,0
12013,3,8,0,0,0.19210329232758752,0,0
12021,1,23,0,0,0.1322966976149921,0,0
12027,4,4,0,0,0.2251282370596323,0,0
12031,1,36,0,0,0.14290265101778685,0,0
12033,1,18,1,0,0.14113643981115315,0,0
12061,2,9,1,0,0.15253161610579216,0,0
12071,1,38,0,0,0.13747081978698314,0,0
12089,1,6,1,0,0.1211612280622637,0,0
12093,4,2,0,0,0.22027652488763264,0,0
12109,1,12,1,0,0.1009923316825764,0,0
12119,1,11,1,0,0.1639939662421372,0,0
12123,1,6,0,0,0.132469210590648,0,0
12125,1,5,0,0,0.16552429492285692,0,0
13003,4,5,1,0,0.27141031217403233,0,1
13007,3,6,0,0,0.2285335233399101,0,0
13011,3,11,0,0,0.17961579080199408,0,0
13021,1,12,1,0,0.24513655002742749,0,0
13031,1,11,1,0,0.19253067387088435,0,0
13037,4,6,0,0,0.3002489308560937,0,0
13039,3,8,1,0,0.13891390596588132,0,1
13049,4,4,0,0,0.24366135728055655,0,0
13055,4,6,1,0,0.20984832012731688,0,0
13069,4,10,1,0,0.27130143743486246,0,1
13071,4,13,1,0,0.27652510605570113,0,0
13073,1,7,1,0,0.11428464769931922,0,0
13079,3,7,0,0,0.23324387475203706,0,0
13103,1,8,1,0,0.1428687878023183,0,1
13105,4,4,0,0,0.24618582861039917,0,0
13115,4,13,1,0,0.1873853353101691,0,0
13119,3,10,1,0,0.20616238397743844,0,0
13121,1,46,0,0,0.12618973310562634,0,0
13137,3,7,1,0,0.15269543719032524,0,1
13143,3,7,0,0,0.16235924409300737,0,0
13151,2,11,1,0,0.138160330128603,0,0
13169,4,8,1,0,0.23528645414377675,0,0
13173,4,5,0,0,0.2395915843259941,0,0
13175,4,15,1,0,0.26002512841217124,0,1
13187,3,4,0,0,0.1400483295699964,0,0
13191,3,4,1,0,0.22533459486904253,0,0
13193,4,10,1,0,0.2776980955104623,0,0
13227,2,9,1,0,0.12419854106427232,0,0
13253,4,4,1,0,0.2764599844415878,0,1
13255,4,7,0,0,0.20645817033677621,0,0
13261,4,8,1,0,0.2508847168734039,0,0
13263,4,8,0,0,0.21437185142966653,0,0
13283,4,6,0,0,0.2666251831350254,0,0
13307,4,6,0,0,0.23772593901214928,0,0
13309,4,4,1,0,0.2549172378462792,0,1
13315,4,8,1,0,0.2702614860780078,0,1
13317,4,5,1,0,0.2660751612037344,0,1
13321,4,12,0,0,0.2792153996370404,0,0
16033,4,3,0,0,0.23354960334934427,0,0
16055,2,13,1,0,0.14263802662501243,0,0
16059,3,10,1,0,0.22397898803234426,0,1
16065,1,8,0,0,0.14572159935423207,0,0
16067,3,5,0,0,0.2692961968682144,0,0
16077,4,4,0,0,0.24563094552981785,0,0
17009,2,5,0,0,0.14271989131882645,0,0
17011,2,30,1,0,0.19108725611259333,0,1
17029,4,16,0,0,0.1743916252695139,0,0
17049,2,15,1,0,0.14687535012031155,0,0
17059,4,9,1,0,0.2497670833770541,0,1
17065,2,13,0,0,0.1925579398775288,0,0
17083,1,11,0,0,0.13883692729786126,0,0
17095,3,22,1,0,0.24086757055898803,0,1
17099,2,28,1,0,0.198328063590563,0,0
17103,2,24,1,0,0.17724793286392326,0,0
17109,4,17,1,0,0.17968310966939713,0,1
17135,3,28,0,0,0.18869929033604513,0,0
17143,1,27,0,0,0.16859023652577143,0,0
17147,1,16,0,0,0.1407731005186355,0,0
17157,2,18,1,0,0.19738482747506872,0,0
17159,3,9,1,0,0.19745502343956803,0,0
17163,2,34,0,0,0.1815310613795885,0,1
17169,3,12,0,0,0.1595635925302968,0,0
17171,2,9,1,0,0.168928623795827,0,1
17183,3,27,1,0,0.20743525092500295,0,0
17203,1,16,1,0,0.1337313309321861,0,0
18001,3,8,1,0,0.24748935954482099,0,1
18003,2,33,1,0,0.1810312406539608,0,0
18019,2,15,1,0,0.17608904832844172,0,0
18023,3,12,1,0,0.23476435320464165,0,0
18025,3,9,0,0,0.22646560016248582,0,0
18027,3,7,0,0,0.21873557980195463,0,0
18035,4,21,1,0,0.24693744955642502,0,0
18041,4,8,0,0,0.2872737694371875,0,0
18045,2,10,0,0,0.20836804660142255,0,0
18047,1,15,1,0,0.18945058766226586,0,0
18057,1,23,0,0,0.11427943687005164,0,0
18061,2,16,1,0,0.16504359082411846,0,1
18081,1,12,1,0,0.18404391094359557,0,0
18101,2,7,1,0,0.20158917995634795,0,1
18115,2,5,0,0,0.18069279765190563,0,0
18141,3,24,1,0,0.2235331382470219,0,0
18153,3,13,1,0,0.2099205220080686,0,0
18163,3,11,1,0,0.20720270893145443,0,0
18177,3,17,1,0,0.2596498842728317,0,0
19015,3,18,1,0,0.1775836446313192,0,0
19017,1,12,0,0,0.12394806509605269,0,0
19027,1,16,1,0,0.17003675804329438,0,0
19043,2,24,0,0,0.16309365596106568,0,0
19047,3,19,0,0,0.18653211551162888,0,0
19053,3,11,0,0,0.18853444262714142,0,0
19055,1,16,0,0,0.1435402131313559,0,0
19057,3,12,1,0,0.19250783318983525,0,1
19061,2,19,1,0,0.11410098534075858,0,0
19069,2,17,0,0,0.17113098237170574,0,0
19071,2,11,1,0,0.19915333485003364,0,1
19089,2,9,0,0,0.1547701516567336,0,0
19097,2,14,1,0,0.15054760254523938,0,0
19099,1,19,1,0,0.164421148190674,0,1
19109,2,21,1,0,0.18461278085598437,0,0
19111,3,12,1,0,0.19523648600838148,0,0
19113,1,29,1,0,0.12797087946972077,0,0
19119,1,12,0,0,0.15351968272813044,0,0
19127,2,21,1,0,0.20162134691205927,0,1
19137,3,10,0,0,0.20150258074182006,0,0
19139,2,13,0,0,0.17300119650630436,0,0
19145,2,12,1,0,0.18642252696025488,0,0
19161,2,16,1,0,0.1700315564850758,0,1
19165,1,19,0,0,0.17002308591601975,0,0
19181,1,19,1,0,0.14184201468397473,0,1
19191,1,12,0,0,0.11247932345443365,0,0
20011,4,13,1,0,0.24902889978991666,0,0
20013,2,13,0,0,0.21681438795565033,0,0
20015,2,20,1,0,0.21798349212752297,0,0
20017,3,11,0,0,0.24953971100247335,0,0
20029,3,8,1,0,0.20222456592927443,0,1
20033,1,3,0,0,0.18490499510731326,0,0
20035,3,14,1,0,0.2670619381195801,0,1
20067,2,3,1,0,0.23298117873672286,0,1
20071,1,2,0,0,0.23336721915048278,0,0
20079,1,13,1,0,0.20426914734468046,0,1
20083,2,8,1,0,0.19978664092094392,0,1
20103,1,13,1,0,0.18466680147315356,0,0
20107,3,11,0,0,0.22609724406625134,0,0
20109,2,7,0,0,0.1721770151081655,0,0
20111,3,12,1,0,0.24738609672670897,0,0
20119,1,5,0,0,0.2527422590685124,0,0
20121,1,11,1,0,0.14922010283187914,0,1
20151,2,11,0,0,0.19704551537047535,0,0
20155,2,22,1,0,0.23732571523626358,0,0
20157,2,15,0,0,0.17089434490930352,0,0
20173,2,50,0,0,0.2082597986797318,0,0
21019,3,4,1,0,0.20806295658454302,0,1
21027,3,18,1,0,0.2469681229544486,0,0
21039,4,4,0,0,0.3083622006944987,0,0
21041,4,8,1,0,0.2396795144580612,0,1
21045,4,15,0,0,0.2577782719229361,0,0
21049,3,4,1,0,0.19558315122429165,0,1
21051,4,10,1,0,0.2513912366313098,0,0
21059,3,10,1,0,0.23937655091191273,0,0
21061,4,12,1,0,0.23227068631430786,0,0
21063,4,6,1,0,0.23953324870638154,0,1
21065,4,5,0,0,0.2508284849461611,0,0
21111,2,41,0,0,0.1807739763463819,0,0
21119,4,24,1,0,0.22860115840905065,0,0
21137,4,11,1,0,0.2516217399442638,0,0
21143,3,4,0,0,0.28690695878826133,0,0
21147,4,8,0,0,0.24156957358066997,0,0
21151,1,5,1,0,0.19572380221061222,0,0
21161,4,5,1,0,0.220335213344854,0,0
21167,2,5,1,0,0.21756146573680418,0,0
21175,4,8,1,0,0.22759413924426874,0,0
21189,4,6,0,0,0.2445572533255052,0,0
21203,4,7,1,0,0.2285743542033136,0,0
21209,2,6,1,0,0.17300892286155747,0,1
21225,4,5,1,0,0.25106174181529833,0,0
22019,3,16,1,0,0.20253997398141518,0,0
22031,4,10,1,0,0.23813777083193305,0,0
22035,4,4,0,0,0.28762582266693903,0,0
22037,3,8,0,0,0.22030206123447668,0,0
22055,1,16,1,0,0.1701300812892463,0,0
22069,4,16,1,0,0.25725936878707617,0,0
22091,3,7,0,0,0.23309357379728504,0,0
22095,3,6,1,0,0.21820420536410928,0,1
22109,3,13,1,0,0.22288061304754903,0,0
22119,4,12,1,0,0.2897902579930977,0,1
22123,4,4,1,0,0.2653750075076527,0,0
22127,4,12,1,0,0.24417962493982445,0,0
23023,1,8,0,0,0.09604973372779119,0,0
23027,2,18,1,0,0.12827391899995444,0,1
24005,1,54,0,0,0.143968643316014,0,1
24013,1,15,1,0,0.09768569664828305,0,0
24019,3,18,1,0,0.21193030400984797,0,1
24041,1,16,1,0,0.13972237915624258,0,0
24043,1,20,1,0,0.16701421125349,0,0
26009,2,16,1,0,0.15513264455762876,0,0
26015,1,15,1,0,0.16643103096875858,0,0
26039,3,4,0,0,0.18596382288118157,0,0
26041,3,13,1,0,0.16784337456041318,0,1
26051,4,7,0,0,0.22113576837529403,0,0
26053,4,7,0,0,0.15742293897985984,0,0
26059,3,18,1,0,0.21042425212379498,0,0
26063,2,18,1,0,0.21639222421076673,0,1
26097,3,15,0,0,0.19808247742531998,0,0
26109,3,14,0,0,0.171594334502067,0,0
26125,1,71,0,0,0.11898223733480835,0,0
26127,3,12,1,0,0.18905952951525554,0,0
26135,3,8,0,0,0.19355560120820317,0,0
26145,3,28,1,0,0.20529371957251505,0,0
27013,3,20,0,0,0.13260582946535923,0,0
27017,2,15,0,0,0.12069111079888835,0,0
27029,3,11,0,0,0.23333373448241915,0,0
27049,1,17,1,0,0.13016061048606847,0,1
27065,2,9,0,0,0.1440276034395511,0,0
27067,2,16,0,0,0.14574506752524374,0,0
27087,4,8,0,0,0.2941304371037956,0,0
27103,1,10,0,0,0.11382613039673857,0,0
27105,3,17,0,0,0.1864968900064234,0,0
27115,2,16,1,0,0.1540512454607931,0,0
27131,1,16,1,0,0.1489491451216977,0,0
27153,2,19,1,0,0.15964593379046735,0,0
27169,2,14,1,0,0.12824282141010981,0,1
28003,4,5,1,0,0.18140945217785892,0,1
28019,4,9,1,0,0.18008210855395682,0,1
28023,4,9,1,0,0.15763145920722418,0,0
28055,4,6,0,0,0.20198807172534294,0,0
28073,3,6,1,0,0.11855202372771673,0,0
28091,4,8,1,0,0.2141443205352512,0,0
28097,4,7,1,0,0.22205316069031528,0,1
28101,4,11,1,0,0.1938155486295947,0,0
28115,4,11,1,0,0.17583056555198737,0,0
28117,4,8,0,0,0.20942488352856092,0,0
28125,1,7,0,0,0.07162765566668737,0,0
28127,3,10,1,0,0.18493684023938703,0,0
28141,4,9,1,0,0.18921956317048896,0,0
28143,4,5,0,0,0.31054476578491746,0,0
28151,4,8,0,0,0.3039316446793585,0,1
28163,4,8,1,0,0.23887946640074892,0,0
29005,2,9,0,0,0.22129832627936544,0,0
29021,3,15,1,0,0.22722662529610738,0,0
29025,3,10,1,0,0.22863438368463254,0,1
29035,3,5,1,0,0.18797292441756658,0,1
29041,3,12,1,0,0.20962630388930745,0,1
29065,4,8,1,0,0.20549689154891573,0,0
29069,4,14,1,0,0.3492743559322077,0,1
29073,2,11,0,0,0.17922707635805224,0,0
29077,3,21,0,0,0.17827326603900814,0,0
29089,3,10,0,0,0.19686225791312556,0,0
29107,2,16,1,0,0.20141223475401773,0,1
29115,3,15,1,0,0.21384646719400505,0,0
29133,4,6,1,0,0.35743817976533443,0,0
29147,4,18,1,0,0.1937193362374474,0,0
29159,3,15,1,0,0.2256222021583443,0,1
29167,3,18,0,0,0.35439012091820893,0,0
29185,4,16,1,0,0.23918607185331328,0,1
29195,3,13,1,0,0.2105356222166863,0,0
29223,4,14,1,0,0.239745364026483,0,0
29227,3,7,0,0,0.2331832058530074,0,0
30001,3,10,0,0,0.17122411566210996,0,0
30005,4,9,1,0,0.313457304381001,0,1
30019,1,4,0,0,0.170490568368049,0,0
30023,4,5,0,0,0.1984998000781695,0,0
30033,2,8,0,0,0.19617847307685124,0,0
30041,3,10,0,0,0.23978662923074617,0,0
30043,2,9,0,0,0.15282449207851134,0,0
30047,3,15,1,0,0.2051207983963591,0,0
30075,3,6,0,0,0.2262373642897322,0,0
30091,1,11,0,0,0.1629851554754271,0,0
30107,2,6,0,0,0.24705501979590797,0,0
31011,2,8,1,0,0.16169914660189122,0,1
31017,3,4,0,0,0.19020166195469554,0,0
31025,1,20,1,0,0.1440926188679422,0,0
31029,2,7,1,0,0.11591943075781143,0,1
31031,3,18,0,0,0.20279415920071178,0,0
31035,2,15,0,0,0.14009122010064967,0,0
31039,2,11,0,0,0.16567284069125102,0,0
31043,3,8,0,0,0.16863355817340284,0,0
31047,3,11,0,0,0.1669735218545082,0,0
31061,2,8,1,0,0.1817718304795754,0,1
31063,2,12,0,0,0.15713128977738752,0,0
31071,2,3,0,0,0.172442484710344,0,0
31073,2,9,0,0,0.16747831022103238,0,0
31105,3,5,0,0,0.23937298607812932,0,0
31125,2,8,0,0,0.15929259638237875,0,0
31129,2,10,0,0,0.17201669453693458,0,0
31131,1,19,1,0,0.15596478628872554,0,0
31139,1,9,0,0,0.13321992234151944,0,0
31169,1,15,0,0,0.1619346905716587,0,0
31173,4,10,1,0,0.28711350300483135,0,1
31185,1,15,1,0,0.13536855050553295,0,0
32003,1,73,0,0,0.2314452530548158,0,1
32011,1,4,0,0,0.259602269044827,0,0
32013,1,7,1,0,0.25898336326639176,0,0
32033,2,7,1,0,0.23911234507107584,0,1
32510,2,4,0,0,0.2230886301771399,0,0
33003,1,30,0,0,0.12643133884635024,0,0
33005,1,27,1,0,0.10440596945437032,0,1
33009,1,37,1,0,0.0928294102509625,0,0
34009,1,15,1,0,0.13495690811869468,0,0
34015,1,30,1,0,0.10960076024621968,0,0
34037,1,21,1,0,0.08517605203622906,0,0
35006,4,17,0,0,0.31383060064527685,0,0
35023,4,5,0,0,0.2662692032966541,0,0
35027,3,14,0,0,0.18715719392956637,0,0
35041,4,9,1,0,0.23880333941261309,0,0
35043,1,21,1,0,0.16604659356706097,0,0
35061,4,8,1,0,0.25902765730538685,0,1
36005,4,28,0,0,0.24128024814685725,0,0
36007,3,31,1,0,0.13896741566695342,0,0
36013,3,36,1,0,0.1769779733487816,0,0
36029,2,70,0,0,0.15933380063386127,0,0
36047,3,39,0,0,0.1657922492393521,0,0
36055,1,50,1,0,0.14393506360411995,0,0
36081,2,63,0,0,0.13903502020409825,0,0
36093,1,19,1,0,0.12066664377822915,0,0
36105,2,62,1,0,0.14768174030673642,0,0
36115,2,27,1,0,0.12891088411841944,0,0
37009,1,12,0,0,0.15478086333710478,0,0
37023,4,16,1,0,0.15482375071010246,0,0
37029,2,5,0,0,0.14452306585530283,0,0
37031,2,19,1,0,0.13303378729395812,0,0
37051,1,24,1,0,0.16978996348621062,0,0
37053,1,15,1,0,0.13325916727858103,0,0
37057,3,12,1,0,0.15513267580083984,0,0
37079,4,11,1,0,0.2204952540776909,0,0
37081,3,31,0,0,0.12794859034451878,0,0
37107,4,10,1,0,0.2206029570417444,0,0
37109,2,11,1,0,0.13940022943937436,0,0
37119,2,32,0,0,0.11597136376658464,0,0
37135,2,14,1,0,0.08671050210954837,0,0
37141,3,13,1,0,0.14158737175675204,0,1
37143,3,6,0,0,0.1938921962251635,0,0
37169,2,16,1,0,0.15492185006847806,0,0
37179,1,12,1,0,0.11517902517169185,0,0
37187,4,4,1,0,0.2393045570491434,0,0
37195,4,17,1,0,0.196344728047032,0,0
38011,1,5,0,0,0.1595264839996319,0,0
38015,1,12,1,0,0.12129613496278692,0,0
38023,2,10,0,0,0.17621663017924039,0,0
38035,1,22,1,0,0.1451566036959551,0,1
38059,1,8,0,0,0.16033440546869165,0,0
38099,2,16,1,0,0.1765670052365747,0,0
39001,4,11,1,0,0.25516317353726564,0,0
39003,2,20,0,0,0.23692618648055838,0,0
39005,2,19,0,0,0.18979876172907098,0,0
39007,4,19,1,0,0.2369469534541123,0,0
39015,3,19,0,0,0.2276302100892964,0,0
39021,1,17,0,0,0.21949219472192041,0,0
39029,3,24,0,0,0.2340834641655487,0,0
39031,3,18,0,0,0.2161316629535273,0,0
39037,2,25,1,0,0.25850019693161397,0,0
39043,2,13,0,0,0.2125725944245015,0,0
39045,1,19,1,0,0.16673702555241862,0,0
39047,3,11,0,0,0.2661348529410155,0,0
39065,3,15,1,0,0.2283230289650754,0,1
39073,3,16,1,0,0.19775291145145532,0,0
39075,1,18,1,0,0.1888634065888927,0,0
39085,1,11,1,0,0.14765745124647653,0,0
39095,3,30,0,0,0.23637272201769322,0,0
39097,1,12,0,0,0.19470931865700483,0,0
39115,4,11,0,0,0.24135825753503973,0,0
39123,2,18,1,0,0.2159991296648683,0,0
39131,4,11,1,0,0.22046156877491302,0,0
39145,4,20,1,0,0.2363103700693112,0,0
39167,3,20,1,0,0.19945669207343225,0,0
39175,2,13,0,0,0.19159997323161426,0,0
40029,4,10,0,0,0.335771748862866,0,0
40037,3,21,1,0,0.2538648261371385,0,0
40039,4,13,1,0,0.2850453983021671,0,0
40043,3,12,1,0,0.29972302093461334,0,1
40061,4,7,0,0,0.3203148040462082,0,0
40081,3,16,1,0,0.27071321313826996,0,0
40089,4,15,1,0,0.33075892855086303,0,0
40101,4,15,1,0,0.3264932385076062,0,0
40111,4,11,1,0,0.3172643075355941,0,1
40135,4,9,1,0,0.311344606258169,0,0
40139,4,9,1,0,0.2901648830619054,0,0
40151,2,7,0,0,0.24255820834030337,0,0
41019,3,28,1,0,0.21806402550292495,0,0
41027,2,3,1,0,0.16202115945221135,0,0
41033,4,11,1,0,0.2465271655043347,0,0
41037,4,10,0,0,0.3401782719072021,0,0
41045,4,13,0,0,0.316633836080888,0,0
41065,3,8,1,0,0.26241942926636586,0,0
41069,4,5,0,0,0.28365669060809384,0,0
42003,1,114,0,0,0.10993352249901063,0,0
42005,2,36,1,0,0.14413016587096067,0,0
42007,2,28,0,0,0.13499582777043326,0,0
42037,2,19,1,0,0.1660453097504956,0,0
42051,3,62,1,0,0.16683204771674676,0,0
42065,3,30,1,0,0.16792989516538037,0,0
42081,2,25,1,0,0.14078822619029296,0,0
42087,3,13,1,0,0.18443266908723524,0,1
42099,2,16,1,0,0.16056440915313847,0,1
44001,1,3,0,0,0.10428554949575171,0,0
45001,4,13,1,0,0.2237135539942618,0,0
45011,4,7,1,0,0.288369967214153,0,0
45039,4,9,1,0,0.2415783912041396,0,0
45047,4,9,1,0,0.21586796863422686,0,0
45067,4,7,1,0,0.24564900964332825,0,0
45069,4,8,1,0,0.2479924967836208,0,0
45079,1,24,0,0,0.15762950557030686,0,0
46003,1,9,0,0,0.15503927580638507,0,0
46009,2,7,1,0,0.14562707893431884,0,1
46013,1,20,1,0,0.14338087252904727,0,1
46023,4,10,0,0,0.22267064760594726,0,0
46027,3,8,0,0,0.1464898432043981,0,0
46077,1,9,1,0,0.14880039189478778,0,1
46081,1,9,0,0,0.15595353254270083,0,0
46091,1,10,1,0,0.15790867005271317,0,1
46107,1,5,0,0,0.16257183397667604,0,0
46121,4,9,1,0,0.34747772203088884,0,1
46127,1,9,0,0,0.16843658670106076,0,0
46137,4,7,0,0,0.3361986473970273,0,0
47007,3,9,0,0,0.21320858590594596,0,0
47009,2,13,1,0,0.17424081625128376,0,0
47019,4,8,1,0,0.2393886214915695,0,0
47023,3,12,0,0,0.19906293725357257,0,0
47025,1,10,1,0,0.2127255581838735,0,0
47031,3,9,1,0,0.22788898274186498,0,0
47035,3,11,1,0,0.2014306682261561,0,0
47043,2,11,1,0,0.21399899107475617,0,1
47045,4,11,1,0,0.2711565090212213,0,1
47051,3,15,0,0,0.22303406769630366,0,0
47063,4,7,1,0,0.2661659187444244,0,1
47083,3,8,0,0,0.25216988685455466,0,0
47087,4,11,0,0,0.2272230941204377,0,0
47095,4,2,0,0,0.3235477674173766,0,0
47119,1,10,1,0,0.16663978869230242,0,0
47125,3,15,1,0,0.18427331197026808,0,0
47131,4,12,1,0,0.28809154637167494,0,1
47135,4,4,1,0,0.23817787880815783,0,1
47143,4,6,0,0,0.22322222535364958,0,0
47163,3,12,1,0,0.224765909823279,0,0
47189,1,12,1,0,0.16654760443006247,0,0
48007,4,5,1,0,0.2941456724755726,0,0
48013,3,15,1,0,0.28588275028364685,0,0
48025,4,11,1,0,0.28246298756652527,0,1
48027,3,23,0,0,0.2319267231483825,0,0
48041,3,9,0,0,0.16866420947150068,0,0
48057,3,6,1,0,0.2959404089447281,0,0
48071,2,11,1,0,0.22630198884378386,0,0
48083,2,15,1,0,0.23896165616523252,0,1
48085,1,38,0,0,0.1391925361200708,0,0
48109,4,2,1,0,0.1241956996485643,0,1
48115,4,4,0,0,0.3352057745192849,0,0
48131,4,8,1,0,0.30559525092800094,0,0
48149,2,15,1,0,0.2563175800073577,0,0
48151,3,9,1,0,0.25971844327837823,0,1
48171,2,7,1,0,0.22234275293778988,0,0
48173,3,4,0,0,0.2743669949236574,0,0
48175,3,6,0,0,0.27637005855031566,0,0
48181,2,21,0,0,0.24100703933825687,0,1
48189,3,9,0,0,0.2690255117336693,0,0
48191,4,6,0,0,0.29961808006216056,0,0
48197,3,2,1,0,0.29008345292241033,0,1
48207,4,11,1,0,0.3170299147471651,0,1
48231,3,17,0,0,0.2635989679281576,0,1
48233,3,7,1,0,0.25644888364789065,0,0
48239,2,10,1,0,0.2577355761108043,0,0
48253,4,10,0,0,0.2261276563119748,0,0
48255,3,8,1,0,0.2800400463822594,0,0
48277,3,13,1,0,0.2621382222858658,0,1
48279,4,13,0,0,0.30373324162535903,0,0
48289,3,8,1,0,0.264339734747028,0,0
48291,3,14,1,0,0.24708954970426883,0,0
48327,3,4,0,0,0.2394111261750875,0,0
48333,2,8,0,0,0.26410228408377806,0,0
48335,2,3,1,0,0.21994985607724443,0,1
48347,1,10,1,0,0.26107607928395105,0,1
48355,3,26,0,0,0.25864907539960963,0,0
48373,3,9,1,0,0.24490885773602766,0,1
48395,3,9,1,0,0.25037769875477633,0,0
48401,3,16,1,0,0.22248211294341844,0,1
48403,4,6,0,0,0.24470247031459633,0,0
48439,1,74,0,0,0.2099218995599663,0,0
48443,3,2,0,0,0.25905236632660195,0,0
48465,4,5,1,0,0.31121812935592197,0,0
48485,3,11,0,0,0.2546067644548543,0,1
48487,4,6,1,0,0.3142220897144498,0,0
48495,3,2,1,0,0.30093444578488915,0,1
48501,2,4,1,0,0.25147063726676144,0,1
48507,4,4,1,0,0.37996986863917764,0,0
49009,1,2,0,0,0.15045522634172467,0,0
49019,1,2,1,0,0.17335895365842602,0,1
49023,2,6,0,0,0.19756863180283135,0,0
49027,3,11,0,0,0.19835790783017543,0,0
49047,3,10,0,0,0.22634501012684557,0,0
50001,1,20,1,0,0.08891887923734396,0,0
50009,3,10,0,0,0.13687870861628387,0,0
50011,1,17,0,0,0.11182892365350805,0,0
50017,2,31,1,0,0.10142912568155917,0,0
50019,2,24,1,0,0.11775782444780977,0,0
50023,1,26,1,0,0.08797387902073729,0,1
51001,3,33,0,0,0.2195476690246607,0,0
51005,3,7,1,0,0.18233383648427492,0,0
51036,2,4,1,0,0.20343289984125965,0,1
51051,4,12,1,0,0.2080195149500304,0,0
51063,2,11,1,0,0.14158317974949294,0,0
51065,1,10,0,0,0.11778706838854523,0,0
51079,2,5,1,0,0.13207327151379533,0,0
51099,1,3,0,0,0.10715114418086229,0,0
51133,2,7,1,0,0.18758800857852018,0,0
51137,1,12,0,0,0.14013090582168733,0,0
51139,3,6,1,0,0.17805554229053167,0,0
51145,1,5,1,0,0.14008390210628577,0,0
51153,1,19,1,0,0.09624553021934754,0,0
51173,3,10,0,0,0.193686103683427,0,0
51175,3,12,1,0,0.20601861829060913,0,0
51177,1,13,1,0,0.10649429642005656,0,0
51600,1,3,0,0,0.0728428601960319,0,0
51630,3,3,1,0,0.13249713754469336,0,0
51660,1,3,1,0,0.003921951571142905,0,1
51670,4,1,0,0,0.22231395793378392,0,0
51683,1,1,1,0,0.11296002485815634,0,0
51750,1,2,1,0,0.8331147190904922,1,0
51770,3,10,1,0,0.19813138396682897,0,0
51800,1,8,1,0,0.1619978839772885,0,0
51840,3,1,1,0,0.1515753491460053,0,0
53015,3,11,1,0,0.17954919173936573,0,0
53017,2,13,1,0,0.22145946144796327,0,0
53025,3,18,1,0,0.27864376701328974,0,0
53029,1,8,1,0,0.1571469701016412,0,1
53039,3,15,0,0,0.20791177743428554,0,0
53061,1,30,0,0,0.13215094151924534,0,0
53063,1,45,0,0,0.18479437384000733,0,0
53069,1,6,0,0,0.17770534032290128,0,0
53075,4,20,0,0,0.2160363863721954,0,0
54001,4,12,0,0,0.22815424527717237,0,0
54013,4,16,0,0,0.248843128578435,0,0
54017,3,10,0,0,0.21322274813635692,0,0
54025,4,21,0,0,0.25944767538886465,0,0
54035,3,15,1,0,0.2187100706282361,0,0
54047,4,36,0,0,0.21591111621781386,0,0
54053,3,19,1,0,0.23729104531749898,0,0
54055,4,19,0,0,0.23665452438621246,0,0
54071,3,9,0,0,0.22578934079129226,0,0
54081,4,42,1,0,0.20783377453934693,0,0
54085,4,14,0,0,0.23560960946207432,0,0
54097,4,10,1,0,0.21993990265889715,0,0
54107,3,13,1,0,0.22556357309176903,0,0
55001,2,14,1,0,0.1537053163841203,0,0
55019,3,21,0,0,0.15120787024170518,0,0
55027,1,31,1,0,0.1409895179456706,0,0
55037,2,4,0,0,0.11791393581834901,0,0
55041,3,11,0,0,0.15815782213782764,0,0
55043,3,23,1,0,0.1368006042139125,0,1
55053,2,14,0,0,0.13892313334321452,0,0
55075,3,16,1,0,0.13703493056206223,0,0
55077,2,14,1,0,0.14673159592508592,0,0
55078,4,4,1,0,0.23229803566250798,0,1
55099,2,14,1,0,0.12308887409408936,0,0
55111,1,17,1,0,0.11654276940531207,0,1
55115,2,25,1,0,0.13749483517743263,0,1
55119,2,14,1,0,0.1388338931764702,0,0
55135,1,16,1,0,0.12722710785768904,0,1
55137,2,17,1,0,0.14313636051609058,0,0
55141,2,15,1,0,0.10688176162334345,0,1
56009,1,4,1,0,0.19104963799226948,0,0
56011,1,10,0,0,0.17117808264634232,0,0
56019,2,4,0,0,0.16454695214824405,0,0
56035,1,6,1,0,0.14892555201878005,0,1
56037,1,12,0,0,0.19544108074740968,0,0
01003,2,23,1,1,0.15715808921762495,0,0
01007,3,11,0,1,0.2071139209519941,0,0
01017,4,10,1,1,0.20827455269578876,0,1
01027,4,10,0,1,0.23796175816942172,0,0
01029,3,7,0,1,0.19228393760403997,0,0
01033,3,9,1,1,0.1943840450259876,0,0
01045,3,14,1,1,0.185680216143666,0,1
01063,4,8,1,1,0.26846074887162846,0,1
01067,3,9,1,1,0.22053619080980721,0,0
01071,4,22,1,1,0.22384626121376325,0,1
01075,4,9,1,1,0.21558216126615343,0,0
01081,1,14,0,1,0.15406667421701478,0,1
01085,4,8,1,1,0.2645537263372127,0,0
01105,4,9,1,1,0.24805025617783644,0,1
01115,2,18,1,1,0.18033306909153335,0,1
01117,1,22,0,1,0.11537030097173284,0,0
04001,4,33,0,1,0.3038767886756726,0,1
04005,1,28,0,1,0.14598947811719454,0,1
05001,4,13,1,1,0.252314486356962,0,0
05019,1,8,1,1,0.3117150083216325,0,0
05023,3,17,1,1,0.18802774598491215,0,0
05041,4,12,1,1,0.3083476031074084,0,0
05053,2,14,1,1,0.16962388853100474,0,0
05063,4,20,1,1,0.2043957256761433,0,1
05065,1,20,0,1,0.13882035479872898,0,0
05071,4,12,1,1,0.23712282062374845,0,0
05077,3,11,1,1,0.30597321111291564,0,1
05079,4,8,1,1,0.24316564259084575,0,0
05081,4,7,1,1,0.2495395517797323,0,0
05091,4,6,1,1,0.2388252192337122,0,0
05093,4,15,1,1,0.31523081368740485,0,0
05099,4,10,1,1,0.22686568709871907,0,1
05107,4,12,1,1,0.2982027032746011,0,0
05113,4,7,1,1,0.2340123137709703,0,0
05119,1,31,0,1,0.16599701089994265,0,0
05125,1,14,1,1,0.14734864933437125,0,0
05139,4,10,1,1,0.19518555423713044,0,1
05143,3,20,0,1,0.15539033346793832,0,0
06001,1,53,0,1,0.13001789065139563,0,0
06027,2,11,1,1,0.24521708205543205,0,0
06039,4,18,0,1,0.2668164384807393,0,0
06065,2,75,0,1,0.20141413578988748,0,1
06075,1,29,0,1,0.11386600701345949,0,0
06091,2,10,0,1,0.21676837184861242,0,0
06095,1,21,0,1,0.16790036002315262,0,0
06097,1,37,1,1,0.13679995323186267,0,0
06101,3,13,1,1,0.22363292479218969,0,0
06105,4,14,0,1,0.2250958844754018,0,0
08014,1,6,1,1,0.12207768518973297,0,1
08025,4,6,0,1,0.26390689377925947,0,0
08033,1,5,0,1,0.15733119059240264,0,0
08045,1,8,1,1,0.14908575729962306,0,1
08047,1,4,0,1,0.11707072092756522,0,0
08049,1,10,0,1,0.15824535590965896,0,0
08073,2,9,0,1,0.2494738335726338,0,0
08075,3,9,0,1,0.22391179851195417,0,0
08087,2,10,1,1,0.24335103716420511,0,0
08115,4,5,0,1,0.2660850838646829,0,0
08119,1,7,0,1,0.12598864782775218,0,0
08121,2,12,1,1,0.23990523901766944,0,1
09005,1,40,1,1,0.08449331588347142,0,0
09015,1,31,1,1,0.11833538386437557,0,0
10003,1,28,0,1,0.11904445343396892,0,0
12009,2,28,0,1,0.13955779269913907,0,0
12037,4,8,0,1,0.18390337119040523,0,0
12041,4,5,1,1,0.17712065797857254,0,0
12055,3,9,1,1,0.1800924310254244,0,0
12057,2,56,0,1,0.11765764043085811,0,0
12059,4,4,1,1,0.19251760329780424,0,0
12079,4,5,1,1,0.2339162353512042,0,0
12095,3,46,0,1,0.11509868220295616,0,0
12107,4,17,1,1,0.17990399935156992,0,0
12113,1,9,1,1,0.11212061438999059,0,0
12117,2,17,1,1,0.10092024401686363,0,0
12121,3,9,1,1,0.1855620245192725,0,1
13015,2,14,1,1,0.1320276339253502,0,1
13019,4,6,1,1,0.23784433736558333,0,0
13025,4,6,1,1,0.22861402048919002,0,0
13081,4,5,0,1,0.28575185531973146,0,0
13087,4,8,1,1,0.23276553309652173,0,0
13091,4,8,0,1,0.224642235458741,0,0
13099,4,7,0,1,0.30078833972163826,0,0
13107,4,13,1,1,0.2402107916933803,0,0
13111,3,8,1,1,0.13892148799071252,0,0
13117,1,10,0,1,0.07949730971920208,0,0
13123,3,5,0,1,0.15176424269022284,0,0
13125,4,5,0,1,0.2213786914347494,0,0
13149,3,6,1,1,0.1685105868309751,0,0
13157,2,16,1,1,0.13061739681324105,0,0
13205,4,7,0,1,0.28694400558517547,0,0
13221,3,10,0,1,0.18076774548855545,0,0
13223,1,11,1,1,0.11665085277936758,0,0
13225,4,3,1,1,0.21376457033173085,0,0
13259,4,6,0,1,0.24938690867300115,0,0
13273,4,7,1,1,0.29944445463163655,0,1
13293,4,7,1,1,0.19160743337058575,0,0
13297,2,11,1,1,0.13791358455185054,0,1
13299,4,7,1,1,0.23439081036429982,0,1
16009,3,9,0,1,0.18832675097124538,0,0
16017,2,18,1,1,0.1950173544430172,0,0
16027,3,13,0,1,0.22694391804524083,0,0
16035,3,7,1,1,0.18741193620525728,0,1
16041,1,7,1,1,0.21376719900363533,0,0
16047,3,6,1,1,0.274697586435972,0,0
16049,3,16,0,1,0.18884493051964657,0,0
16051,1,10,0,1,0.18009305982379106,0,0
16057,1,14,0,1,0.1484252452627227,0,0
16071,2,4,0,1,0.23395865000035554,0,0
16081,1,5,1,1,0.16082088725596547,0,1
17025,3,13,1,1,0.1948651505231628,0,0
17039,2,13,1,1,0.18564444092009913,0,0
17045,2,15,1,1,0.17945630102643434,0,0
17051,3,20,0,1,0.2150510870836585,0,0
17057,3,24,1,1,0.19488511602269454,0,1
17087,2,10,1,1,0.20281982420076303,0,0
17093,1,19,1,1,0.13611898512641307,0,0
17105,3,29,1,1,0.2168055515781643,0,0
17107,1,20,1,1,0.16497772434017502,0,0
17115,3,27,1,1,0.19151255630772115,0,0
17117,2,28,1,1,0.1658262458555748,0,0
17123,2,19,1,1,0.18527981762710855,0,0
17125,3,11,1,1,0.21105736856938734,0,0
17133,1,9,1,1,0.11115615375964265,0,1
17153,4,10,0,1,0.2603863356980818,0,0
17161,2,20,1,1,0.16581086663693947,0,0
17193,3,11,1,1,0.20708328703718173,0,0
18005,2,14,1,1,0.17591748025592985,0,1
18013,1,9,1,1,0.16708244385618343,0,0
18017,3,12,1,1,0.23405772105648948,0,1
18033,1,14,0,1,0.1749424351054951,0,0
18049,2,16,0,1,0.2008901471695972,0,0
18055,2,16,1,1,0.19811475848623736,0,1
18059,1,15,1,1,0.1743575835193062,0,1
18071,3,8,1,1,0.21171248925431682,0,0
18077,2,11,0,1,0.1830628471341359,0,0
18095,3,18,1,1,0.25458609178712577,0,0
18103,3,13,0,1,0.22597396727540273,0,0
18105,1,18,1,1,0.1613648437677045,0,0
18117,3,11,1,1,0.20871946671408498,0,0
18123,2,14,1,1,0.15973471402027895,0,0
18135,3,14,0,1,0.2708293820610548,0,0
18143,3,6,1,1,0.197993691329364,0,0
18147,1,16,1,1,0.20327815464305102,0,0
18149,3,11,1,1,0.24624770795578504,0,0
18151,1,9,0,1,0.17784364215774867,0,0
18155,3,9,0,1,0.22040173518931216,0,0
18165,2,8,0,1,0.20847899515709617,0,0
18173,1,12,1,1,0.12783311587171087,0,1
18181,2,18,0,1,0.20768618336390188,0,0
19005,2,10,0,1,0.14994702817016323,0,0
19009,2,11,1,1,0.21874407170031343,0,1
19019,1,16,0,1,0.1514153634902396,0,0
19033,2,17,0,1,0.15093942111331124,0,0
19037,1,9,1,1,0.1816660775595534,0,0
19049,1,25,1,1,0.13207535386530236,0,0
19051,2,10,0,1,0.18696436685978868,0,0
19059,1,10,0,1,0.1619245507549489,0,0
19065,2,24,0,1,0.18718871530102876,0,0
19081,2,13,0,1,0.17591238837233886,0,0
19083,2,12,0,1,0.18468258127295029,0,0
19095,1,21,1,1,0.16137030307544553,0,0
19107,2,19,0,1,0.1900180834948344,0,0
19115,2,13,0,1,0.19508701670982911,0,0
19123,2,20,1,1,0.1774149080284722,0,0
19129,1,11,1,1,0.16116982862521895,0,0
19133,2,15,1,1,0.22342812457124106,0,1
19159,2,12,0,1,0.1928942478298466,0,0
19195,1,10,0,1,0.1730688332144304,0,0
20005,2,10,1,1,0.2259118872050065,0,0
20051,3,11,1,1,0.17296250261987875,0,0
20053,2,9,0,1,0.20813401452665706,0,0
20059,2,13,1,1,0.21480756214739966,0,0
20075,2,4,0,1,0.2810123415235611,0,0
20077,3,10,0,1,0.2701660017448011,0,0
20081,3,3,0,1,0.31807970087716664,0,0
20085,2,18,1,1,0.22152161703485312,0,0
20087,2,15,1,1,0.1744638407878429,0,0
20095,1,12,1,1,0.1990547786349283,0,1
20113,1,12,1,1,0.18895604967192692,0,0
20123,2,7,0,1,0.20728633635402524,0,0
20129,2,5,1,1,0.2712814396519874,0,1
20131,1,15,0,1,0.19726135935018904,0,0
20149,2,12,1,1,0.1931823413073253,0,0
20181,2,4,0,1,0.26347307961122113,0,0
20185,3,9,0,1,0.23248349349926237,0,0
20193,3,8,0,1,0.25490178560252985,0,0
20205,4,10,1,1,0.25576554334249174,0,1
21003,4,6,1,1,0.2644567565491884,0,0
21005,2,5,0,1,0.1588968207723174,0,0
21025,4,10,0,1,0.22179936442265616,0,0
21053,4,4,0,1,0.24860246814821768,0,0
21073,2,5,1,1,0.15686715559179493,0,1
21081,3,8,1,1,0.2116752340681602,0,0
21083,4,18,1,1,0.2844793880219465,0,0
21099,4,10,1,1,0.2586101022861711,0,0
21123,3,9,0,1,0.23980518379848442,0,0
21131,1,22,0,1,0.11723488413969964,0,0
21135,4,9,0,1,0.23905104944090846,0,0
21139,3,7,0,1,0.26424087016305414,0,0
21157,2,8,0,1,0.20246159237720485,0,0
21163,2,12,1,1,0.18840135760037405,0,0
21181,4,6,0,1,0.27786859650964796,0,0
21195,4,39,1,1,0.19352016169044164,0,0
21199,4,11,1,1,0.21835379102748,0,0
21205,4,4,1,1,0.15020312750796375,0,0
21213,2,5,0,1,0.24993462542232772,0,0
21219,3,9,0,1,0.2737959083076391,0,0
21223,3,5,0,1,0.23068281847520947,0,0
21229,3,7,0,1,0.23849043339944392,0,0
21239,2,3,1,1,0.1774254697864545,0,0
22011,3,9,1,1,0.19717390048531575,0,1
22017,4,25,0,1,0.21558010706133598,0,1
22021,4,4,1,1,0.2528190329796722,0,1
22025,4,9,0,1,0.26511010000540913,0,0
22033,1,24,0,1,0.16598691979534907,0,0
22045,4,10,1,1,0.2416270029593006,0,0
22047,3,8,1,1,0.20942029276540122,0,1
22057,3,14,1,1,0.20269614263473393,0,0
22065,4,4,1,1,0.2931740372451367,0,0
22071,4,17,0,1,0.184221889281703,0,0
22085,4,12,0,1,0.22985392319551634,0,0
22089,1,10,1,1,0.15291692757248682,0,1
22093,3,7,1,1,0.19817666328903608,0,0
22105,1,20,1,1,0.1754839516314335,0,0
23001,2,14,1,1,0.12739531852321473,0,0
23007,1,18,1,1,0.09784206963238501,0,1
23009,2,40,1,1,0.11337303747200728,0,1
23029,4,31,0,1,0.19883738512774932,0,0
24003,1,40,0,1,0.11215507965889686,0,0
24011,3,10,1,1,0.22009194697836146,0,1
24017,1,24,1,1,0.12433533383535215,0,0
24025,1,24,0,1,0.11467265365373855,0,0
24031,1,50,0,1,0.07560206062312229,0,0
24039,1,11,1,1,0.25464855511430445,0,0
25005,2,36,1,1,0.11593745901606307,0,0
25015,1,28,1,1,0.09729755197410526,0,0
25021,1,41,0,1,0.07871877812475489,0,0
25023,1,34,1,1,0.09450933582971996,0,0
26031,3,15,0,1,0.15957028596109102,0,0
26033,3,17,0,1,0.19072406656529814,0,0
26035,4,8,0,1,0.2156601568078244,0,0
26037,2,17,0,1,0.15080420372902756,0,0
26043,2,11,0,1,0.12739656517501954,0,0
26047,2,11,0,1,0.12134496118176248,0,0
26057,3,20,0,1,0.18524347985098194,0,0
26067,2,21,1,1,0.1797828072458684,0,0
26069,3,12,0,1,0.18626145489667947,0,0
26077,2,25,1,1,0.1421975333869831,0,0
26085,4,11,0,1,0.21467487021985276,0,0
26089,1,11,0,1,0.11960183780800182,0,0
26105,3,10,0,1,0.1726327057966774,0,0
26113,3,9,0,1,0.19775855180168495,0,0
26121,3,20,1,1,0.18390922721144476,0,0
26129,4,9,0,1,0.20745211225351765,0,0
26131,3,12,0,1,0.1808296671400675,0,0
26141,2,7,1,1,0.1718489141974912,0,0
26147,2,23,1,1,0.15791467924724398,0,0
27005,2,16,1,1,0.190568557991661,0,1
27023,2,10,0,1,0.18977476968670845,0,0
27033,2,13,0,1,0.1977675516690534,0,0
27047,2,18,1,1,0.17749182673882188,0,1
27063,2,14,0,1,0.17607249715746845,0,0
27069,1,11,0,1,0.17742527023755286,0,0
27075,1,8,0,1,0.11901957909951555,0,0
27085,1,12,0,1,0.15605623611957806,0,0
27111,1,34,1,1,0.16818782481300573,0,0
27119,2,25,1,1,0.20543988992919393,0,1
27121,1,12,0,1,0.15329068478020283,0,0
27135,1,11,1,1,0.17026138050462605,0,0
27137,1,51,0,1,0.13399621679430104,0,0
27139,1,10,1,1,0.10692317480832109,0,0
27141,1,9,1,1,0.12078737472323199,0,1
27159,3,7,0,1,0.19452950165363742,0,0
27163,1,19,1,1,0.09843836208685411,0,0
28001,4,2,1,1,0.21159624888415265,0,1
28009,3,11,0,1,0.20545087844621107,0,0
28013,4,11,1,1,0.18171209963340906,0,0
28015,4,13,1,1,0.21946281918982347,0,1
28059,3,10,0,1,0.13974300897097935,0,1
28075,1,12,1,1,0.16413111197606883,0,0
28095,4,12,1,1,0.17458770296723847,0,0
28107,4,11,1,1,0.2120993317439127,0,1
28111,4,8,0,1,0.16504489577214332,0,0
28147,4,6,1,1,0.2124883733099997,0,0
29011,4,8,1,1,0.28592151648229114,0,0
29047,1,23,0,1,0.16500883558018253,0,0
29051,1,9,1,1,0.13755110249029526,0,0
29053,2,14,0,1,0.184937351074485,0,0
29061,3,16,0,1,0.2542718255513568,0,0
29067,4,16,1,1,0.25877370850512493,0,0
29097,3,19,0,1,0.22715457461237798,0,0
29105,4,12,1,1,0.20234512217082587,0,1
29117,3,12,1,1,0.23004069823151777,0,0
29129,2,7,0,1,0.23111668594013426,0,0
29145,3,15,1,1,0.21447138304184657,0,0
29151,1,15,0,1,0.14376731653372757,0,0
29155,4,13,0,1,0.33198976168777694,0,0
29161,4,11,1,1,0.16304393122677538,0,1
29163,1,12,1,1,0.1780934307245287,0,0
29165,1,18,1,1,0.13665789273283085,0,0
29173,3,9,0,1,0.20536449759739922,0,0
29186,2,8,1,1,0.17647072449983778,0,0
29187,3,15,1,1,0.19831487540539935,0,1
29197,3,6,1,1,0.2792762099971733,0,1
29201,4,14,1,1,0.2645265974924305,0,1
29211,3,13,1,1,0.2552313724004349,0,1
29215,4,21,1,1,0.25889730962055046,0,0
30003,4,18,1,1,0.34453823414548285,0,0
30007,2,6,0,1,0.18281871900316604,0,0
30015,2,13,1,1,0.22329512846637953,0,1
30025,1,4,0,1,0.19720454600484708,0,0
30027,3,11,0,1,0.20483367503762362,0,0
30035,4,5,1,1,0.38893139182017417,0,0
30045,2,12,0,1,0.1496706059907785,0,0
30051,4,5,0,1,0.3305367786276673,0,0
30059,3,4,0,1,0.2081059463348419,0,0
30061,4,5,1,1,0.2207764462772675,0,1
30069,2,4,0,1,0.22696044999789877,0,0
30071,3,8,0,1,0.292142490802695,0,0
30077,2,8,0,1,0.19217422300403014,0,0
30079,3,7,0,1,0.25529189714887474,0,0
30081,2,9,1,1,0.1732781090462509,0,1
30085,4,10,0,1,0.3696198446714711,0,0
30087,3,8,1,1,0.2665083008329302,0,1
31015,2,5,0,1,0.1898448007394313,0,0
31021,2,8,0,1,0.2142593733883103,0,0
31051,1,12,0,1,0.17342628891854495,0,0
31081,1,14,0,1,0.16959711885855508,0,0
31089,1,14,0,1,0.19196095749332412,0,0
31095,3,12,1,1,0.22629741208900991,0,1
31097,2,12,0,1,0.19217838714102145,0,0
31107,2,11,0,1,0.19841510987499328,0,0
31111,2,14,1,1,0.18066340220414062,0,0
31113,2,3,0,1,0.20917630826762085,0,0
31123,2,7,0,1,0.24614419334214793,0,0
31143,1,10,0,1,0.16353939030388034,0,0
31149,1,4,0,1,0.2000635427436918,0,0
31155,1,18,1,1,0.16599778512178404,0,0
31171,1,4,0,1,0.19806797528065384,0,0
31177,1,15,1,1,0.1437934326707751,0,0
31183,2,6,0,1,0.21647026921386903,0,0
32005,1,9,1,1,0.17944511838827457,0,0
32007,1,14,1,1,0.27069322095057385,0,1
32019,3,9,1,1,0.3062583228581295,0,0
32027,2,3,0,1,0.2914099103851704,0,0
33013,1,31,1,1,0.08809801707237841,0,0
33015,1,37,1,1,0.07985257503604754,0,0
34027,1,56,1,1,0.07692393235059757,0,0
34031,2,33,1,1,0.12490770888869064,0,0
34041,1,19,1,1,0.10979080476764337,0,0
35011,4,1,0,1,0.3023486440663016,0,0
35021,3,6,0,1,0.2565115440202629,0,0
35028,1,1,0,1,0.09434198221893304,0,0
35031,4,24,0,1,0.3575967124561429,0,1
35033,3,13,0,1,0.21981380471322476,0,0
35047,4,19,0,1,0.2599047397173975,0,0
35053,4,14,1,1,0.26418142280784945,0,0
35059,3,8,0,1,0.2611942512191925,0,0
36001,2,46,1,1,0.11314925166369154,0,0
36017,3,26,0,1,0.15645904758583018,0,0
36023,3,17,1,1,0.14527237768573992,0,0
36037,2,18,1,1,0.15902721339649317,0,1
36043,3,28,1,1,0.13721784364993034,0,1
36049,3,23,0,1,0.16590722446999287,0,0
36059,1,69,0,1,0.0957440464436071,0,0
36067,2,55,0,1,0.13866467898952559,0,0
36071,1,51,1,1,0.10757791794296898,0,0
36077,3,43,1,1,0.11592187305455029,0,0
36087,2,25,0,1,0.0943576819168103,0,0
36091,1,27,1,1,0.09312067473167548,0,0
36099,2,14,1,1,0.17758633909285743,0,1
36117,2,20,1,1,0.1478752330622207,0,0
37011,3,10,0,1,0.13766911303899776,0,0
37019,2,14,1,1,0.1135879383402078,0,0
37039,3,4,1,1,0.16649145875015064,0,0
37047,4,16,1,1,0.21658353676939468,0,0
37049,2,11,1,1,0.13739424051254684,0,0
37077,3,12,1,1,0.14103964249026743,0,0
37093,3,9,1,1,0.1707775293924622,0,1
37099,4,11,0,1,0.13185440901184514,0,0
37101,2,21,1,1,0.14633869784702075,0,0
37111,3,9,1,1,0.13038239930038073,0,0
37121,3,4,0,1,0.14063874161110032,0,0
37125,2,18,1,1,0.11731703543946355,0,0
37147,4,17,1,1,0.15258262965606728,0,0
37155,4,13,0,1,0.23508605910913102,0,0
37163,4,17,1,1,0.2203493085985616,0,1
37167,2,12,0,1,0.1412384393655515,0,0
37173,4,5,0,1,0.20490806744495893,0,0
37177,4,3,0,1,0.2375694299788311,0,0
37189,4,10,1,1,0.1086607860774172,0,1
37191,1,14,1,1,0.18560754310219998,0,0
38017,1,29,0,1,0.12964138865192676,0,0
38019,1,16,0,1,0.19753387730266975,0,0
38025,1,12,0,1,0.17762273423602282,0,0
38045,2,12,0,1,0.20923672599859347,0,0
38053,1,12,0,1,0.19159975684571126,0,0
38055,1,18,0,1,0.2476997993785275,0,0
38093,1,21,0,1,0.1999429480323926,0,0
38101,1,24,1,1,0.1627555488666575,0,0
38103,1,12,0,1,0.20982737371439805,0,0
38105,1,10,0,1,0.15134690485697755,0,0
39017,2,17,1,1,0.1870166493168925,0,0
39027,3,13,0,1,0.23770089076548356,0,0
39039,1,14,0,1,0.209327295810468,0,0
39041,1,24,1,1,0.11565505006570745,0,0
39071,4,15,1,1,0.25220654224704697,0,1
39077,2,14,1,1,0.22201198732078944,0,1
39079,4,11,1,1,0.21863140170719167,0,0
39083,2,16,0,1,0.20097573799955235,0,0
39089,2,28,1,1,0.1671829059454746,0,0
39101,3,14,1,1,0.2464966191970883,0,0
39105,4,15,0,1,0.20528232019825066,0,0
39109,1,18,0,1,0.19958652037071342,0,0
39125,1,15,1,1,0.23161059281246726,0,0
39133,1,24,1,1,0.16431951291665067,0,0
39147,2,20,1,1,0.2180264778779026,0,0
39161,2,14,0,1,0.2505087668399616,0,0
39169,2,25,1,1,0.18105755806544724,0,0
39173,2,32,1,1,0.19113128740070204,0,0
40007,3,7,0,1,0.3191969626169593,0,0
40013,4,14,1,1,0.295503185746531,0,1
40015,4,16,1,1,0.3457805114811945,0,0
40017,1,13,1,1,0.2100446465425304,0,0
40023,4,12,1,1,0.33447266724598534,0,0
40031,3,19,0,1,0.2891389281126202,0,1
40035,4,10,1,1,0.3426042296707183,0,0
40045,3,7,1,1,0.2627965876122669,0,1
40047,1,22,1,1,0.25211270670782837,0,1
40063,4,10,1,1,0.3147297135286528,0,0
40113,3,22,1,1,0.2758817274172084,0,1
40119,1,14,1,1,0.23626091379858025,0,0
40133,4,10,1,1,0.30550889482891597,0,0
40141,4,8,1,1,0.3501522182731992,0,1
40147,1,12,1,1,0.2288674053348783,0,1
41011,3,10,1,1,0.20309156505902107,0,0
41013,2,6,1,1,0.22297174844696294,0,0
41023,3,11,1,1,0.26524066763424853,0,1
41025,2,10,0,1,0.27349413612046497,0,0
41041,3,18,1,1,0.18395773345120733,0,1
41067,1,30,1,1,0.12086336442552986,0,0
42013,3,19,1,1,0.14083830381602305,0,0
42025,2,20,1,1,0.14499724356247246,0,0
42041,1,21,1,1,0.11440633829009246,0,0
42047,2,14,1,1,0.12219981238515239,0,1
42059,2,26,1,1,0.1346814716889674,0,0
42063,3,49,0,1,0.15374241613175474,0,0
42069,2,28,1,1,0.1175283498206823,0,0
42073,2,22,1,1,0.1449018253336212,0,1
42093,2,9,0,1,0.15528891475361503,0,0
42095,1,26,1,1,0.13302120672428724,0,0
42113,3,13,0,1,0.1631583060925369,0,0
42117,3,25,0,1,0.16029367732776273,0,0
42123,2,19,1,1,0.14266542682609387,0,0
42125,1,64,1,1,0.11505218668830397,0,0
42127,2,30,1,1,0.12670086462552274,0,1
42133,1,45,0,1,0.159524209021573,0,0
45003,3,23,0,1,0.19176347632659294,0,0
45019,1,30,0,1,0.14646856597279734,0,0
45025,4,11,1,1,0.2065839983020636,0,0
45029,4,14,1,1,0.2275702339755392,0,1
45053,4,9,0,1,0.22999362427293032,0,0
45063,2,18,0,1,0.16449204028375866,0,0
46005,3,11,0,1,0.18756590999322287,0,0
46007,4,7,0,1,0.3426673272876589,0,0
46019,3,8,0,1,0.23492289835996472,0,0
46021,1,7,0,1,0.19326939934244491,0,0
46029,2,10,1,1,0.15054386895887129,0,0
46037,2,11,1,1,0.2328954731979951,0,1
46041,3,9,0,1,0.2737917578475589,0,0
46047,3,7,0,1,0.23283330700135885,0,0
46055,3,5,0,1,0.23755425247067236,0,0
46063,1,10,0,1,0.19906228961685346,0,0
46073,1,4,0,1,0.18123775841173573,0,0
46083,1,12,1,1,0.12163611316805717,0,1
46089,2,8,0,1,0.23132501842400116,0,0
46097,1,9,0,1,0.18086002879057927,0,0
46105,2,9,0,1,0.22986487799389196,0,0
46111,1,8,0,1,0.1804181752871756,0,0
46119,1,6,0,1,0.16512079021582582,0,0
46129,1,7,1,1,0.18541022966146667,0,1
47001,3,11,1,1,0.16207447783229417,0,1
47005,4,7,1,1,0.23553923158553566,0,0
47011,3,8,1,1,0.1844388272769768,0,0
47013,4,11,1,1,0.20546547073625834,0,0
47015,2,9,0,1,0.21305578840829717,0,0
47017,4,14,1,1,0.24160503935562183,0,0
47027,4,7,1,1,0.25464217533756156,0,1
47037,2,35,0,1,0.1537147620384762,0,0
47067,4,5,1,1,0.24837057265626133,0,1
47071,4,13,1,1,0.21668568616784545,0,0
47079,4,9,1,1,0.26454769712305287,0,1
47089,3,10,1,1,0.20015148728202783,0,1
47097,4,4,1,1,0.3010162707121352,0,0
47117,3,12,1,1,0.18761822349648907,0,1
47133,3,11,0,1,0.21420396399730784,0,0
47137,4,6,0,1,0.20730887545585078,0,0
47153,2,8,0,1,0.14248403015696137,0,0
47157,1,38,0,1,0.1914312920216865,0,1
47167,2,10,1,1,0.235829082523683,0,0
47169,2,5,0,1,0.201053923030692,0,0
47185,4,5,1,1,0.22202627673473985,0,0
47187,1,16,1,1,0.10305009461095199,0,0
48009,2,10,1,1,0.2213748829531687,0,1
48021,2,15,1,1,0.24288989045527043,0,0
48033,3,9,0,1,0.278890358141417,0,0
48035,3,11,1,1,0.24425731306662612,0,0
48045,4,4,0,1,0.33731208233219173,0,0
48047,4,2,1,1,0.39047897335131065,0,1
48059,2,9,0,1,0.21813335878216022,0,0
48081,3,4,1,1,0.24444420135355385,0,1
48095,3,6,0,1,0.14625278730252672,0,0
48103,2,2,0,1,0.26251047903608393,0,0
48113,3,93,0,1,0.18746537167673355,0,1
48117,4,6,1,1,0.31795516433165494,0,0
48121,1,37,0,1,0.14341030821267478,0,0
48137,4,4,0,1,0.3067550007383075,0,0
48141,1,30,0,1,0.21353272195886058,0,1
48147,2,19,1,1,0.25443750547735133,0,1
48153,3,6,0,1,0.312105478321354,0,0
48163,4,5,0,1,0.31069453801508884,0,0
48165,3,5,0,1,0.27686503076688607,0,0
48167,2,18,0,1,0.18717149246693213,0,0
48169,4,4,1,1,0.3062584540425167,0,1
48187,2,14,0,1,0.20368639699695026,0,0
48201,3,141,0,1,0.1810867599969824,0,0
48203,3,12,1,1,0.19990027585944942,0,0
48213,3,15,0,1,0.22109915580054626,0,1
48217,2,19,1,1,0.25619943800526424,0,1
48243,2,2,0,1,0.24405710071393744,0,0
48247,4,1,1,1,0.36702506335657314,0,1
48251,2,16,1,1,0.20055124034423055,0,0
48271,4,1,0,1,0.31697707140835363,0,0
48275,4,6,1,1,0.299618883437547,0,1
48285,2,7,1,1,0.2668662537610226,0,0
48311,3,7,0,1,0.27467066272950225,0,0
48315,4,7,1,1,0.22842563992069487,0,1
48321,1,12,1,1,0.2706167476281581,0,0
48329,1,9,1,1,0.17258210344185226,0,0
48349,4,17,1,1,0.2707858489055696,0,1
48359,1,6,0,1,0.26454823066804617,0,0
48363,4,12,1,1,0.2511685621219206,0,0
48367,1,18,1,1,0.19257034095269915,0,0
48369,3,5,0,1,0.2938183106112127,0,0
48379,2,6,0,1,0.22745820088115684,0,0
48393,4,5,0,1,0.291201248068422,0,0
48397,1,9,1,1,0.14499321350748834,0,1
48399,3,11,1,1,0.27404897790413807,0,1
48409,3,9,1,1,0.2638698717058823,0,0
48419,4,7,1,1,0.24787648520105116,0,0
48473,2,11,1,1,0.23614137942203106,0,1
48475,3,6,1,1,0.2639681973794768,0,1
48499,3,12,1,1,0.1934429292993923,0,0
48503,2,6,1,1,0.26169805219862663,0,0
49003,2,20,1,1,0.20742570339258484,0,1
49011,1,13,1,1,0.1516546595118359,0,0
49017,3,11,0,1,0.1915069364465106,0,0
49025,2,7,0,1,0.20652308353305643,0,0
49029,1,2,0,1,0.16020962345340914,0,0
49045,1,8,0,1,0.21869033594619058,0,0
49051,1,6,0,1,0.1452594654136016,0,0
50003,2,21,0,1,0.10640514290498489,0,0
50027,1,34,0,1,0.09507731526161604,0,0
51031,3,14,1,1,0.1515097006404406,0,1
51043,1,7,0,1,0.13533495279958482,0,0
51073,1,6,1,1,0.1406948684385401,0,1
51077,4,9,0,1,0.19907569664193722,0,0
51111,4,12,1,1,0.22552927767790204,0,0
51125,2,17,0,1,0.16455677709461128,0,0
51141,3,14,1,1,0.1778056994457495,0,0
51143,4,20,1,1,0.21151083754897176,0,0
51147,1,12,1,1,0.5251442495151527,1,0
51149,3,7,1,1,0.1803064240689811,0,1
51163,3,12,0,1,0.14803507580588568,0,0
51187,1,7,1,1,0.1276121470978454,0,1
51510,1,8,1,1,0.08861436098397765,0,0
51540,3,4,0,1,0.09586218767012035,0,0
51550,1,6,1,1,0.1196388934080968,0,0
51620,3,1,0,1,0.20135018749049569,0,0
51640,4,1,0,1,0.20269882277950912,0,0
51685,1,1,0,1,0.10132787170065433,0,0
51720,4,1,0,1,0.1875491991306708,0,0
53001,4,11,0,1,0.29821896794265473,0,0
53007,2,14,1,1,0.16401042212044614,0,0
53009,2,9,0,1,0.14451002049430417,0,0
53035,1,20,1,1,0.12225669794519231,0,0
53047,4,22,1,1,0.25909908103251644,0,1
53049,3,13,0,1,0.20419121483576647,0,0
53053,1,59,0,1,0.1612671720847893,0,0
53057,1,17,1,1,0.13656357994175336,0,0
53071,2,8,1,1,0.19704082390964134,0,0
53077,4,22,1,1,0.25922950268650186,0,0
54015,4,16,0,1,0.24315742181269231,0,0
54021,4,16,0,1,0.20312121799659894,0,0
54029,3,5,1,1,0.2080744600349387,0,1
54051,3,10,0,1,0.18914546322476097,0,0
54065,3,4,1,1,0.20977611472339708,0,0
54073,3,5,0,1,0.21186564754344958,0,0
54093,2,10,0,1,0.1959616148820695,0,0
54095,3,11,0,1,0.2261281727309757,0,0
54105,4,8,0,1,0.25157949006531843,0,0
55007,2,15,1,1,0.12924944317035575,0,0
55017,2,14,1,1,0.12819615664561573,0,0
55023,2,13,1,1,0.13278353873034285,0,0
55025,1,45,0,1,0.1144771405369712,0,0
55031,2,12,1,1,0.11031784051119202,0,1
55039,1,24,1,1,0.14600446016731203,0,0
55047,2,12,0,1,0.16641993181282672,0,0
55081,2,12,1,1,0.1258476583525952,0,0
55089,1,13,1,1,0.10448517366581245,0,1
55093,1,13,0,1,0.11602234256594572,0,0
55103,3,14,1,1,0.1521316785845326,0,0
55105,2,19,1,1,0.14598992617842055,0,0
55107,3,14,0,1,0.14174047477521556,0,0
55117,1,17,1,1,0.1097653216496964,0,0
55131,1,18,1,1,0.11574250788069351,0,0
55133,1,30,1,1,0.10851261768242892,0,0
56005,1,8,0,1,0.2259550384398409,0,0
56007,2,12,1,1,0.23511864584491482,0,0
56015,2,9,0,1,0.2306792569493654,0,0
56039,1,9,0,1,0.12753606005824575,0,0
56043,2,2,0,1,0.22511222453605287,0,0
01015,3,14,1,2,0.18751591341251816,0,0
01043,3,19,1,2,0.1981242675816276,0,0
01055,3,14,1,2,0.20169296107858092,0,0
01059,4,10,1,2,0.20607806575618895,0,0
01069,4,14,1,2,0.2256908725970141,0,0
01079,3,10,1,2,0.23750382496891642,0,1
01091,4,15,1,2,0.2410869321163493,0,0
01095,4,18,1,2,0.2044364800511923,0,0
01107,4,8,1,2,0.23345619220347982,0,0
01113,3,12,1,2,0.21235530946557815,0,0
01127,3,18,1,2,0.2189911001592237,0,0
01131,4,13,1,2,0.24850858372730505,0,0
04015,1,25,0,2,0.22791684382652905,0,1
04021,2,34,0,2,0.23598348565622143,0,1
05005,3,12,1,2,0.16782443796856866,0,0
05017,4,6,0,2,0.3026598601997076,0,0
05037,4,8,1,2,0.2893338480486387,0,0
05045,1,15,1,2,0.1941452110494686,0,0
05049,1,14,1,2,0.20748524748215513,0,0
05057,4,10,1,2,0.27351920077008984,0,0
05059,4,12,1,2,0.20534797132846677,0,1
05095,4,9,1,2,0.29855362050769624,0,1
05115,4,13,1,2,0.21171213604130218,0,1
05117,3,11,1,2,0.2463379640806774,0,1
05121,4,11,1,2,0.2533625587589944,0,0
05141,4,12,1,2,0.22473287578826867,0,0
05147,4,9,1,2,0.2943249388332314,0,1
06007,4,18,1,2,0.21798163202460333,0,0
06011,3,9,1,2,0.25048305152254835,0,0
06013,1,49,0,2,0.14492490801079935,0,0
06029,1,52,0,2,0.2842937010985802,0,1
06067,2,57,0,2,0.20713643208267563,0,0
06081,1,30,0,2,0.11717294808834708,0,0
06083,2,24,1,2,0.16309645963424396,0,0
06089,3,30,0,2,0.21299541981990888,0,1
06093,3,23,1,2,0.2234602496032426,0,1
06099,3,28,0,2,0.25137611218999584,0,0
06107,4,41,0,2,0.30598518121648155,0,0
06113,3,19,1,2,0.1944664732335393,0,0
08001,2,35,1,2,0.17417036156106858,0,0
08003,4,5,0,2,0.19226797317073308,0,0
08009,4,8,1,2,0.21500761128771909,0,1
08021,4,8,0,2,0.14709203609711904,0,0
08023,4,7,0,2,0.21601549365924552,0,0
08027,2,4,0,2,0.13251202238823698,0,0
08029,4,8,0,2,0.16077660429924895,0,0
08031,2,36,0,2,0.15216617577572614,0,0
08035,1,18,1,2,0.11708300159006453,0,0
08037,1,13,1,2,0.11046663348821889,0,0
08039,1,14,0,2,0.1474821123550595,0,0
08055,2,4,1,2,0.1934307477588922,0,1
08077,2,19,1,2,0.16569134516011577,0,0
08079,1,3,0,2,0.11558416134082056,0,0
08083,3,7,0,2,0.18143687292544808,0,0
08085,3,12,0,2,0.15287981346253676,0,0
08099,3,6,1,2,0.18969222079802497,0,0
08105,4,4,0,2,0.1613163873209608,0,0
08125,3,13,0,2,0.18548794051921635,0,0
09009,1,41,1,2,0.12505986112960304,0,0
10005,2,24,1,2,0.14953535516515298,0,0
12001,3,23,1,2,0.13262406053609996,0,0
12011,2,53,0,2,0.13696349429188684,0,0
12017,3,15,1,2,0.1410395886387095,0,0
12019,2,12,1,2,0.1359256438283286,0,0
12029,4,6,0,2,0.19284079719229383,0,0
12035,2,7,1,2,0.1321586860787051,0,0
12045,2,2,0,2,0.151792864542518,0,0
12069,2,28,0,2,0.16293351086960556,0,0
12073,3,10,1,2,0.134358417353039,0,0
12083,3,31,1,2,0.16548890872399452,0,0
12086,3,79,0,2,0.16600813040625445,0,0
12087,2,11,1,2,0.14440035896844935,0,0
12091,2,14,1,2,0.1160482639794932,0,0
12127,3,29,0,2,0.14864750919894612,0,0
12131,2,12,1,2,0.13411652669079085,0,0
13001,4,7,1,2,0.2533123824240622,0,0
13023,4,6,1,2,0.21987520097336707,0,0
13033,4,9,1,2,0.26541723520618177,0,0
13035,4,5,1,2,0.22355648606083905,0,0
13051,3,14,0,2,0.16533069091017133,0,0
13057,1,15,1,2,0.09341248127230208,0,0
13061,4,6,0,2,0.2813337997637237,0,0
13065,4,7,0,2,0.2770064517662825,0,0
13075,4,5,1,2,0.23882598497007734,0,0
13077,1,10,1,2,0.13595917712057065,0,0
13083,3,5,1,2,0.14666906616378977,0,0
13093,4,8,1,2,0.2670280321648372,0,0
13097,2,8,1,2,0.15230734692618286,0,0
13129,4,8,1,2,0.18473846367354277,0,1
13131,4,6,0,2,0.24981591110722273,0,0
13167,4,5,1,2,0.2669015351103196,0,1
13171,3,9,0,2,0.20518480227755762,0,0
13195,3,11,1,2,0.1822199353933629,0,0
13197,4,4,1,2,0.22339026369426954,0,1
13199,4,10,0,2,0.2151461748905122,0,0
13201,4,5,0,2,0.25829095472201596,0,0
13207,2,9,0,2,0.176815197615321,0,0
13213,3,6,0,2,0.16878733180823988,0,0
13217,3,11,1,2,0.2078980833993306,0,0
13229,4,7,0,2,0.23118785971216949,0,0
13235,4,5,1,2,0.258639659120885,0,0
13239,4,2,0,2,0.2458236738178374,0,0
13241,4,9,0,2,0.15700203460675552,0,0
13245,1,11,0,2,0.24006278844700385,0,0
13249,3,7,0,2,0.20356306926241363,0,0
13269,1,6,0,2,0.15095261726889594,0,0
13271,4,7,0,2,0.270175251554658,0,0
13275,3,9,1,2,0.21097820706780684,0,1
13277,4,9,1,2,0.24487519065353744,0,1
13281,3,3,1,2,0.12550270546322348,0,1
13285,4,7,1,2,0.21903927329379438,0,0
13287,4,4,1,2,0.28209742170387814,0,1
13289,4,6,0,2,0.2652787112549806,0,0
16007,3,10,0,2,0.08853775418039421,0,0
16029,2,7,0,2,0.17488782396719457,0,0
16031,3,9,1,2,0.2420635636543975,0,0
16045,2,7,1,2,0.183427697293569,0,0
16053,4,5,0,2,0.2540538182150501,0,0
16069,2,10,1,2,0.17563990278264596,0,0
16073,3,12,1,2,0.2560803645521752,0,0
16079,4,15,1,2,0.19890981578060046,0,0
16085,1,4,0,2,0.14237891236509415,0,0
17003,1,8,1,2,0.18564815868811851,0,1
17007,1,15,1,2,0.17475191280079688,0,0
17013,2,7,1,2,0.1553896961423315,0,1
17015,1,11,0,2,0.16598842208075693,0,0
17023,2,11,0,2,0.16625478561160775,0,0
17031,2,176,0,2,0.15172527696323707,0,0
17033,2,10,1,2,0.1770860889511778,0,0
17035,3,12,0,2,0.18087641403027813,0,0
17037,2,22,0,2,0.18173116456275315,0,0
17043,1,43,1,2,0.10852418609187627,0,0
17055,4,19,1,2,0.23057039986678324,0,1
17073,1,23,1,2,0.17780213051917224,0,1
17077,4,22,0,2,0.18003939778245168,0,0
17089,1,33,0,2,0.1503389910579981,0,0
17091,2,21,1,2,0.20964161647639912,0,0
17097,1,35,1,2,0.13207155113729455,0,0
17113,2,33,1,2,0.15780340917108104,0,0
17141,2,27,1,2,0.17761162532140815,0,1
17149,3,16,1,2,0.1826697212393549,0,0
17165,4,11,1,2,0.2399525094520312,0,0
17167,2,29,1,2,0.1529951840697242,0,0
17191,3,20,0,2,0.1946207376555225,0,0
18007,3,10,0,2,0.25292156837165103,0,0
18011,1,12,1,2,0.1492640279027997,0,1
18037,1,13,1,2,0.17546423239225611,0,1
18039,2,17,1,2,0.2383898466293582,0,0
18053,3,15,1,2,0.26572596756264366,0,0
18083,3,11,1,2,0.2448438107570452,0,1
18093,2,12,1,2,0.2270649210453904,0,1
18097,3,40,0,2,0.22269260123735718,0,0
18099,3,13,0,2,0.24294079695484708,0,0
18107,2,16,1,2,0.19373816920668813,0,0
18111,2,12,0,2,0.21521751661630717,0,0
18113,1,17,0,2,0.21734538215777816,0,0
18119,3,14,0,2,0.2170352078459085,0,0
18125,2,11,0,2,0.20720256995385875,0,0
18127,1,15,1,2,0.1814800526919996,0,0
18129,1,7,1,2,0.18691793980021287,0,0
18131,3,13,0,2,0.24680603186952835,0,0
18133,1,15,1,2,0.18407032834980203,0,1
18137,2,12,0,2,0.2001115098842126,0,0
18157,3,18,1,2,0.16176086064056056,0,0
18171,2,11,0,2,0.20190035686252322,0,0
18175,2,12,1,2,0.2019475841011575,0,0
19007,3,11,1,2,0.19698599205606948,0,0
19031,1,18,1,2,0.16119034658375608,0,0
19075,1,16,0,2,0.15686948771410014,0,0
19087,2,11,1,2,0.18145205953889634,0,0
19091,2,17,0,2,0.17343352061144615,0,0
19093,1,12,0,2,0.16189430293597484,0,0
19101,1,16,0,2,0.1535264602447338,0,0
19105,2,16,1,2,0.1801002070665259,0,0
19121,1,14,1,2,0.14771974625780354,0,0
19125,1,19,0,2,0.1482492070192531,0,0
19135,2,7,0,2,0.16302335245630986,0,0
19141,2,14,0,2,0.17241417325086503,0,0
19149,1,14,1,2,0.1831569431279034,0,0
19151,2,16,1,2,0.1971054095550308,0,1
19163,2,22,1,2,0.17151607947079475,0,0
20001,3,11,1,2,0.2528062029636804,0,0
20003,3,10,0,2,0.24066292448537457,0,0
20023,3,5,0,2,0.22778735515103163,0,0
20039,2,8,1,2,0.18920825207965553,0,1
20047,3,7,1,2,0.21726019094264704,0,1
20055,3,7,1,2,0.2429588362568671,0,1
20061,3,8,1,2,0.23017536436155275,0,1
20093,3,4,0,2,0.286333411474927,0,0
20097,2,7,1,2,0.1824033651927453,0,1
20099,4,13,1,2,0.2778232832027633,0,0
20127,2,9,1,2,0.24684629042776432,0,1
20135,3,9,1,2,0.17243925495732929,0,1
20139,2,15,1,2,0.2545103741572397,0,0
20143,2,11,0,2,0.1836170819222745,0,0
20147,2,9,1,2,0.1587739121119746,0,1
20167,2,11,1,2,0.1981533526572725,0,1
20179,1,11,1,2,0.15359071325721785,0,1
20187,3,3,0,2,0.2523048397146503,0,0
20191,2,18,0,2,0.20878719091619669,0,0
20199,2,4,0,2,0.1971972891872001,0,0
20209,4,11,0,2,0.2748841517330732,0,0
21001,4,10,1,2,0.24244387791579164,0,0
21007,1,6,0,2,0.15964960762548222,0,0
21009,4,11,1,2,0.28197907244964676,0,0
21021,3,5,1,2,0.22054327639700916,0,0
21031,4,10,0,2,0.2435967538309878,0,0
21037,2,10,1,2,0.15298600317673006,0,0
21057,4,3,1,2,0.2481149341770011,0,1
21085,4,9,1,2,0.2502700518321396,0,0
21087,4,8,0,2,0.25620979318593945,0,0
21089,3,11,0,2,0.2126962600113441,0,0
21097,3,6,1,2,0.23864524500488932,0,0
21101,3,8,1,2,0.25229593307305914,0,0
21103,3,13,1,2,0.22341876309022335,0,0
21141,4,7,1,2,0.2685591657203449,0,0
21149,2,7,1,2,0.24647728749735964,0,1
21155,1,11,0,2,0.23954175215033136,0,0
21171,4,6,1,2,0.21121654159497433,0,0
21177,3,17,0,2,0.24765124152026124,0,0
21179,1,9,1,2,0.16920232146281694,0,1
21185,1,11,1,2,0.11881435915876315,0,0
21187,3,9,0,2,0.22571216105368477,0,0
21191,3,10,1,2,0.21080971246108213,0,0
21193,1,21,0,2,0.16495665309236926,0,0
21197,4,4,1,2,0.20599349187712224,0,0
21211,2,14,1,2,0.18359961250513376,0,1
22009,4,15,1,2,0.24751079401447776,0,1
22013,4,13,1,2,0.263349792620787,0,0
22015,3,15,0,2,0.21234632158068284,0,1
22027,4,11,1,2,0.277002958644531,0,0
22049,4,7,1,2,0.2399447376286848,0,0
22061,1,8,0,2,0.23069375231818962,0,1
22067,4,7,0,2,0.27880793425301226,0,0
22075,2,9,0,2,0.22690373388964602,0,0
22079,4,27,1,2,0.22524414522967148,0,0
22081,3,5,0,2,0.2063331379270872,0,0
22103,2,17,1,2,0.14424323212185608,0,0
22111,3,10,1,2,0.2252106058666497,0,0
22125,2,4,0,2,0.11125319503436747,0,0
23013,1,19,1,2,0.08669512048942471,0,1
23015,2,25,0,2,0.0901964415636411,0,0
23017,1,33,1,2,0.132714783637716,0,0
23025,4,24,1,2,0.1590570341516746,0,0
24027,1,24,1,2,0.09018811294747378,0,0
24029,2,9,1,2,0.17486861902526293,0,0
24033,1,39,0,2,0.16182373529101035,0,0
24035,1,16,1,2,0.14267859797762267,0,0
25001,1,47,1,2,0.10322288538566272,0,0
25013,2,41,1,2,0.1687026243927652,0,0
25017,1,83,0,2,0.08706268348068813,0,0
25025,3,36,1,2,0.14049937453938474,0,0
26001,3,13,0,2,0.17008722132061513,0,0
26005,2,24,1,2,0.1825785763757373,0,0
26007,3,8,0,2,0.1679813663970534,0,0
26011,3,10,1,2,0.21055292878231188,0,0
26013,3,7,1,2,0.1694714669268384,0,1
26023,3,13,1,2,0.24559374768066095,0,0
26025,3,22,1,2,0.2198264414122202,0,0
26027,2,14,1,2,0.21752344332229284,0,1
26065,1,22,1,2,0.19117327975092355,0,0
26073,4,15,1,2,0.17650855907628793,0,0
26107,3,16,0,2,0.1644392369125396,0,0
26139,1,22,1,2,0.13912636180966675,0,0
26153,3,7,0,2,0.20971367668672133,0,0
26163,3,68,0,2,0.23624093125143944,0,0
26165,3,13,0,2,0.17078906752136688,0,0
27009,1,9,1,2,0.13311939711821077,0,1
27021,2,24,0,2,0.14749870300361909,0,0
27035,2,18,0,2,0.11012434475044852,0,0
27037,1,22,1,2,0.11051283867337058,0,0
27041,1,17,1,2,0.12279194310549608,0,1
27053,1,72,0,2,0.11760223908478455,0,0
27057,2,10,1,2,0.14825322614168226,0,0
27089,1,15,0,2,0.16907927348320467,0,0
27095,2,12,1,2,0.14634005328066738,0,0
27097,2,20,1,2,0.135653131025843,0,1
27143,1,16,0,2,0.15223873450507489,0,0
27147,1,11,0,2,0.16911186598355313,0,0
27149,2,8,0,2,0.134851733138608,0,0
27151,3,11,1,2,0.16326291060862627,0,1
27157,1,13,0,2,0.13243772359449313,0,0
27165,2,10,0,2,0.18007352956385914,0,0
27171,1,19,1,2,0.11812979063896438,0,0
27173,2,14,0,2,0.16311588899353557,0,0
28017,4,8,0,2,0.23049097997871013,0,0
28027,4,11,1,2,0.3266817089394778,0,0
28031,4,8,1,2,0.1968606463407447,0,0
28037,4,8,1,2,0.17908209429047453,0,1
28051,4,9,1,2,0.264194890232784,0,0
28057,3,10,1,2,0.16194038715386017,0,0
28065,4,9,1,2,0.19933232843766602,0,0
28067,4,13,0,2,0.1802155828350834,0,1
28081,3,15,1,2,0.15565104020276763,0,0
28085,4,12,1,2,0.17515674427725994,0,1
28087,3,8,1,2,0.17114572836570333,0,0
28099,4,8,1,2,0.22914362436674493,0,0
28109,3,5,1,2,0.16592788513758217,0,1
28119,4,10,1,2,0.30852088515774045,0,1
28123,4,10,1,2,0.22607821981052856,0,0
28133,4,16,1,2,0.31545878724928517,0,1
28137,3,5,1,2,0.22339054469005043,0,0
28139,4,9,0,2,0.20309093788511587,0,0
28149,4,3,0,2,0.19766977689132265,0,0
28153,4,7,1,2,0.19937818004159408,0,0
28161,4,7,1,2,0.19607319294018002,0,0
29001,4,9,1,2,0.17069356933450314,0,0
29003,2,17,0,2,0.21581783433935472,0,0
29013,3,13,1,2,0.22641659365775194,0,0
29015,3,13,1,2,0.21498307256741056,0,0
29027,2,19,0,2,0.1511921635235887,0,0
29029,3,18,1,2,0.1609111061243914,0,1
29045,3,11,0,2,0.21273013122496426,0,0
29059,4,13,1,2,0.22941369427002103,0,0
29063,2,10,1,2,0.23160066726479955,0,0
29071,1,23,1,2,0.18911729854722922,0,0
29079,3,7,1,2,0.2415171043514982,0,1
29087,3,6,0,2,0.2341854236513675,0,0
29103,4,12,1,2,0.24290563409192742,0,1
29113,2,17,1,2,0.21050999062311776,0,0
29119,1,14,1,2,0.20481547752538817,0,0
29121,2,15,1,2,0.19953660642499155,0,0
29125,3,10,0,2,0.18977495675359166,0,0
29127,3,10,1,2,0.20841969292631873,0,0
29153,4,18,1,2,0.2408247565765124,0,1
29157,2,8,0,2,0.20326284468698222,0,0
29169,2,11,1,2,0.15020604973834262,0,0
29179,3,11,0,2,0.21409523454033855,0,0
29189,1,46,0,2,0.1603679269736552,0,0
29203,4,9,0,2,0.23876340824476197,0,0
29217,4,13,1,2,0.24001560953235723,0,0
29219,3,9,1,2,0.2005792960202061,0,1
30011,2,8,0,2,0.1741793359129143,0,0
30013,3,18,1,2,0.1902144717469714,0,1
30021,1,8,1,2,0.17185553259253292,0,1
30029,2,16,1,2,0.12434936862931431,0,0
30073,3,6,1,2,0.22921502625579387,0,1
30083,1,9,0,2,0.17409470499704108,0,0
30093,3,7,0,2,0.15448386616183798,0,0
30097,1,6,0,2,0.15398999342064415,0,0
30099,2,12,0,2,0.1761006933500581,0,0
30105,3,12,1,2,0.21304565475956408,0,1
31001,2,14,1,2,0.1488844388516899,0,1
31019,1,14,0,2,0.14276525054836636,0,0
31037,3,7,0,2,0.1719799845230796,0,0
31053,2,14,0,2,0.17822885515198394,0,0
31057,4,7,0,2,0.21917137238204784,0,0
31059,1,14,0,2,0.1351462623805313,0,0
31065,3,9,0,2,0.18684182731067145,0,0
31091,1,1,0,2,0.17515606443645698,0,0
31101,2,7,0,2,0.1682423383727931,0,0
31127,2,13,0,2,0.16846062681315793,0,0
31135,1,10,1,2,0.17461583238054512,0,1
31137,2,10,0,2,0.15772004445929771,0,0
31141,1,11,1,2,0.13189265189541752,0,1
31157,3,8,1,2,0.21463899742506276,0,0
31163,2,8,0,2,0.17209814185071476,0,0
31181,2,8,0,2,0.17425422631424806,0,0
32015,3,2,0,2,0.2860642988606176,0,0
32017,1,5,1,2,0.1394156158793267,0,1
32021,3,5,1,2,0.29469004402972054,0,1
33001,1,15,0,2,0.09090193538783603,0,0
33007,2,16,1,2,0.12776486403349166,0,1
33011,1,34,1,2,0.09235990870226167,0,0
33017,1,17,0,2,0.1042960662019676,0,0
33019,2,19,0,2,0.10382195227185116,0,0
34001,1,30,0,2,0.15508393059922448,0,0
34005,1,38,0,2,0.1132813847588621,0,0
34017,3,16,0,2,0.14610204039725294,0,0
34023,1,44,0,2,0.11305317004514712,0,0
34029,1,30,0,2,0.11885876363730619,0,0
34035,1,32,1,2,0.09400277992675161,0,0
35001,1,27,0,2,0.18912858728156914,0,0
35005,4,9,1,2,0.3288450000568627,0,1
35009,1,7,1,2,0.2250086935977041,0,1
35019,2,5,1,2,0.19063262897534558,0,1
35029,4,3,1,2,0.3082361831560623,0,0
35037,4,10,1,2,0.2685532530674081,0,1
36003,3,37,1,2,0.13783902184828709,0,0
36031,2,34,1,2,0.10572881174532307,0,1
36045,3,39,1,2,0.1472004483124238,0,0
36051,2,30,0,2,0.14870376470785965,0,0
36069,1,25,0,2,0.1277174150363048,0,0
36073,3,15,1,2,0.22468377240315895,0,0
36075,3,27,1,2,0.16905266066886682,0,0
36083,2,29,1,2,0.12424205619459518,0,0
36085,1,12,0,2,0.14359445626037198,0,0
36111,2,63,1,2,0.11611420543144815,0,0
36113,1,25,0,2,0.11620259458724225,0,0
36119,1,77,0,2,0.11398960613606339,0,0
37007,4,8,1,2,0.203454742144101,0,0
37015,4,10,1,2,0.22978460584339444,0,0
37037,1,18,1,2,0.1003687059160804,0,0
37043,3,5,1,2,0.12450501314055701,0,1
37059,2,6,1,2,0.13315990137548783,0,1
37061,4,19,1,2,0.22835632733697223,0,0
37067,1,22,1,2,0.14237314154684097,0,0
37091,4,9,1,2,0.1972626465758337,0,0
37103,4,9,0,2,0.20565065475327282,0,0
37113,3,6,0,2,0.14264797140218144,0,0
37115,3,6,0,2,0.13440508603368348,0,0
37123,3,8,0,2,0.15896746837213355,0,0
37131,4,12,1,2,0.20723280523657348,0,0
37133,3,16,1,2,0.13684926552883217,0,0
37137,3,9,0,2,0.1743353301137432,0,0
37145,2,10,0,2,0.17045955058007614,0,0
37151,3,24,1,2,0.1706086209266031,0,0
37157,3,11,1,2,0.17686124714304288,0,0
37161,1,16,1,2,0.15553002638785549,0,0
37165,4,7,1,2,0.23514922202907465,0,0
37199,3,5,0,2,0.1601742971104269,0,0
38001,1,6,0,2,0.19293044933064243,0,0
38009,1,14,0,2,0.16679835444452018,0,0
38031,1,8,0,2,0.14838361220776378,0,0
38039,2,9,0,2,0.1805974849905792,0,0
38043,2,13,0,2,0.18222879553015292,0,0
38061,2,12,0,2,0.2138038560926717,0,0
38067,1,13,1,2,0.13860184606745132,0,1
38069,3,11,0,2,0.1841721790274438,0,0
38073,1,11,1,2,0.15240856026893077,0,1
38085,4,9,1,2,0.3505223399097734,0,1
38091,1,12,0,2,0.1481749521006131,0,0
38095,3,10,0,2,0.19088905073138665,0,0
39011,1,18,0,2,0.22212253168722448,0,0
39013,2,27,1,2,0.177750712139671,0,0
39035,1,52,0,2,0.18681927499853343,0,0
39059,3,20,1,2,0.2203111536379709,0,0
39063,1,24,1,2,0.17251297581992675,0,0
39081,3,23,1,2,0.22253032898098607,0,0
39091,2,18,1,2,0.22901610997096966,0,0
39093,2,24,1,2,0.19807415255546806,0,0
39103,1,24,1,2,0.14199640441899902,0,0
39107,1,18,1,2,0.2205547336873779,0,1
39117,2,16,1,2,0.2062461313804846,0,1
39137,1,17,1,2,0.1845530938311295,0,0
39143,2,17,1,2,0.24756929660270519,0,0
39151,1,42,1,2,0.19930196159366473,0,0
39153,2,41,0,2,0.1880434762509631,0,0
39165,1,24,1,2,0.14752884917641884,0,0
40041,4,13,1,2,0.2768041022887545,0,1
40051,2,14,1,2,0.25517936762492643,0,0
40065,3,9,1,2,0.2690857171987518,0,0
40085,3,8,1,2,0.3271916552188532,0,1
40095,4,3,1,2,0.30264288664558764,0,0
40097,4,17,1,2,0.30516871976545795,0,1
40099,3,7,1,2,0.3021022446690438,0,0
40107,4,11,1,2,0.3158854592535482,0,0
40131,1,12,1,2,0.24200287792143232,0,0
40137,3,10,1,2,0.30768988490407556,0,1
41003,1,10,1,2,0.14593637997474385,0,1
41015,2,7,1,2,0.15000321669323272,0,0
41035,4,17,1,2,0.2521111045222957,0,1
42017,1,55,0,2,0.11940227877018608,0,0
42021,1,51,1,2,0.1028804058797332,0,0
42023,3,4,0,2,0.15372742880015308,0,0
42055,1,30,1,2,0.14362549877439582,0,0
42061,2,33,1,2,0.1599758268537756,0,1
42091,1,69,0,2,0.11549523066960371,0,0
42103,1,19,0,2,0.13222970378252052,0,0
42129,1,86,1,2,0.11846559352065092,0,0
45009,4,8,1,2,0.27033010033835986,0,0
45021,4,8,1,2,0.21268773304067562,0,0
45027,4,11,1,2,0.259256616211149,0,1
45031,4,10,1,2,0.22617137593788747,0,0
45037,3,10,1,2,0.18294687687906566,0,0
45045,1,27,0,2,0.14207140803498053,0,0
45065,1,11,0,2,0.18788530597423386,0,0
45073,3,13,1,2,0.168198967767089,0,1
45081,4,12,1,2,0.25921537333902256,0,0
45083,2,34,0,2,0.16354016312242955,0,0
45089,4,12,1,2,0.2622980395145329,0,0
45091,1,15,1,2,0.15743341700635619,0,0
46015,2,6,0,2,0.1637655425946906,0,0
46017,4,6,0,2,0.2591616096247886,0,0
46035,2,6,1,2,0.14294631814432285,0,0
46043,1,8,0,2,0.07357900906594335,0,0
46045,1,10,0,2,0.15284445267754518,0,0
46057,1,12,0,2,0.13613361353182932,0,0
46061,2,7,0,2,0.13964981128182835,0,0
46069,1,5,0,2,0.13297219931269852,0,0
46085,2,9,0,2,0.20627886473082008,0,0
46093,2,18,1,2,0.1464068311848319,0,0
46095,4,7,0,2,0.3018435243333471,0,0
46109,4,16,1,2,0.23118512957183043,0,1
46115,1,15,0,2,0.1477206710108166,0,0
46123,4,8,0,2,0.18498368619726493,0,0
46135,2,10,1,2,0.13416183857702724,0,0
47021,2,12,1,2,0.17970198078293667,0,1
47039,4,9,0,2,0.21436361081749644,0,0
47041,4,11,0,2,0.24211153782536973,0,0
47049,4,9,1,2,0.20757819045068204,0,0
47055,3,17,1,2,0.21679198648793285,0,0
47059,4,10,1,2,0.22918462160159328,0,0
47069,4,12,1,2,0.2400782159083006,0,0
47105,2,9,0,2,0.1677753895837701,0,0
47107,4,12,1,2,0.21091978883340712,0,0
47121,3,6,1,2,0.19967557219398335,0,0
47129,4,12,1,2,0.19422342244818355,0,0
47147,2,12,1,2,0.20214120001262686,0,0
47161,2,8,0,2,0.19590697967612822,0,0
47165,1,10,1,2,0.1804340353277633,0,0
47173,4,11,0,2,0.21406201838453495,0,0
47177,4,6,1,2,0.261397261521362,0,1
47179,1,13,1,2,0.17279709916444888,0,0
47181,4,10,1,2,0.20935349635748918,0,0
48001,3,10,1,2,0.23847502275627205,0,0
48003,2,1,1,2,0.2768160058294983,0,0
48005,4,6,1,2,0.2383009520500267,0,0
48015,2,13,1,2,0.24729509446666775,0,0
48029,2,77,0,2,0.24896466416275118,0,0
48049,3,10,1,2,0.23603146821335036,0,0
48061,4,17,0,2,0.32606558958611886,0,0
48065,1,6,0,2,0.21951357428753815,0,0
48067,4,14,1,2,0.23649723497744765,0,1
48073,4,12,1,2,0.22806873586242116,0,1
48077,2,9,1,2,0.25164803448785195,0,1
48087,4,5,1,2,0.28430907474546097,0,1
48093,2,14,1,2,0.23418154366859137,0,0
48105,2,6,0,2,0.26482032002734984,0,0
48107,4,9,0,2,0.3283257646747349,0,0
48123,3,9,1,2,0.28927040182516706,0,0
48133,4,9,1,2,0.24729525633216912,0,0
48139,1,20,1,2,0.2307096141293912,0,0
48143,1,13,1,2,0.2291973496369692,0,1
48159,1,7,1,2,0.18713172430167155,0,1
48195,4,3,0,2,0.3374353972952539,0,0
48221,1,8,1,2,0.20259199170530462,0,0
48225,4,7,1,2,0.2515660845265602,0,0
48237,3,11,0,2,0.27078936870260145,0,0
48259,1,8,1,2,0.1612259435563085,0,1
48319,2,6,0,2,0.22049611132128213,0,0
48325,1,15,0,2,0.2232648353419023,0,0
48345,3,6,0,2,0.23828482734110593,0,0
48351,3,11,0,2,0.22762219400405098,0,0
48365,3,13,1,2,0.2457870116185849,0,0
48371,3,6,1,2,0.2984236502261792,0,0
48381,1,15,1,2,0.22205760286741172,0,0
48387,4,9,1,2,0.2707303409940859,0,0
48405,4,4,1,2,0.2442561367774302,0,1
48411,3,7,1,2,0.2676046291242055,0,1
48413,2,3,0,2,0.0914960900017449,0,0
48421,3,4,0,2,0.26604913821435666,0,0
48423,3,22,0,2,0.18389109440912949,0,1
48431,2,2,0,2,0.26732528695623164,0,0
48449,4,6,1,2,0.25821027138137903,0,1
48453,1,63,0,2,0.14255770974019707,0,0
48463,4,8,1,2,0.31505289769090417,0,0
48469,3,12,1,2,0.27847218612435276,0,0
49033,2,4,0,2,0.20424153296279454,0,0
49035,1,36,0,2,0.19808014501395857,0,0
49039,3,15,1,2,0.19309365409632598,0,0
49041,3,12,1,2,0.21238095605337845,0,0
49049,2,24,0,2,0.15806624975494016,0,0
50013,1,5,1,2,0.09094702003169385,0,1
50021,1,29,1,2,0.09089726683824191,0,0
50025,2,24,1,2,0.09803023485784279,0,1
51003,2,24,1,2,0.09893792949641589,0,0
51011,3,8,0,2,0.18729732702741658,0,0
51019,1,18,1,2,0.12677723374322983,0,1
51025,3,16,1,2,0.21611119452277386,0,0
51037,4,14,1,2,0.2001944856015311,0,0
51047,1,18,1,2,0.15998570069716744,0,1
51049,3,7,0,2,0.18659363109826277,0,0
51059,1,48,0,2,0.08130802869058305,0,0
51069,1,12,1,2,0.11115229097317268,0,1
51085,1,12,1,2,0.0972157800709964,0,0
51087,2,16,1,2,0.15034122824450072,0,0
51091,2,7,0,2,0.1412161768041078,0,0
51103,2,6,1,2,0.16334384272100982,0,0
51115,2,15,0,2,0.12720632408705215,0,0
51121,3,10,1,2,0.11331773484492945,0,0
51127,1,6,1,2,0.12403630848361727,0,0
51157,1,10,0,2,0.12314398857371005,0,0
51167,4,11,0,2,0.20602655580691157,0,0
51169,3,12,0,2,0.19566495801408065,0,0
51179,1,5,1,2,0.11029165717308442,0,0
51185,1,18,1,2,0.15002546208550654,0,0
51197,3,11,0,2,0.17873536323399913,0,0
51530,4,1,0,2,0.18530784921838064,0,0
51570,2,1,1,2,0.13911858705936767,0,0
51775,1,1,0,2,0.10556566878550586,0,0
53011,1,20,0,2,0.14013951327338975,0,0
53019,4,9,0,2,0.22827911761222103,0,0
53023,3,2,1,2,0.22539013520850978,0,1
53027,1,21,0,2,0.1693335055753614,0,0
53033,1,84,0,2,0.11382863057028886,0,0
53041,2,23,1,2,0.16903282704586847,0,1
53059,1,8,1,2,0.14496914032782013,0,1
53065,3,21,0,2,0.198626136634269,0,0
54019,1,42,0,2,0.1936173586007653,0,0
54033,3,21,0,2,0.18737519089307067,0,0
54039,1,46,1,2,0.20762631367503395,0,0
54063,3,13,0,2,0.2255916606809322,0,0
54067,3,25,1,2,0.2314088319469278,0,0
54079,2,17,1,2,0.19436934914155024,0,0
54089,4,15,0,2,0.22572721734390028,0,0
54091,3,10,0,2,0.20611560626697348,0,0
55005,2,19,1,2,0.12100441535836787,0,1
55013,3,11,0,2,0.12622542214650154,0,0
55021,1,20,1,2,0.12643201336216836,0,1
55029,1,13,1,2,0.11556646417291395,0,0
55033,2,22,0,2,0.12571649337791677,0,0
55035,2,15,0,2,0.11654508593805721,0,0
55049,1,19,0,2,0.11539406609902639,0,0
55051,3,12,0,2,0.13169779735267736,0,0
55055,1,19,1,2,0.13618858356586627,0,0
55057,3,14,1,2,0.1478844137048752,0,0
55061,1,6,1,2,0.12674272624678978,0,0
55069,1,7,1,2,0.10810052385420539,0,0
55073,1,28,1,2,0.10172516684833464,0,0
55079,3,37,0,2,0.18124035271051503,0,0
55085,1,14,1,2,0.10287932559111947,0,1
55101,2,16,0,2,0.15291333975610422,0,0
55113,3,12,0,2,0.12503160337035113,0,0
55129,2,12,0,2,0.11097997849354953,0,0
56001,1,10,1,2,0.2049270461210907,0,0
56003,2,15,1,2,0.18145720863875067,0,0
56017,3,3,1,2,0.20502161750806905,0,1
56023,1,15,0,2,0.15160146693354185,0,0
56029,1,8,1,2,0.14648620311881444,0,0
56033,1,9,1,2,0.15854995914405773,0,0
56045,2,4,0,2,0.1978325343335544,0,0
01001,3,10,1,3,0.1854463422451398,0,1
01005,4,9,0,3,0.23687424219762035,0,0
01023,4,10,0,3,0.22217944898501796,0,0
01025,4,10,1,3,0.22607698983549496,0,0
01031,3,16,1,3,0.18128731479174817,0,1
01049,4,24,0,3,0.22834700130908106,0,0
01057,4,10,1,3,0.19884406819394848,0,0
01077,3,9,1,3,0.1857902237053679,0,0
01103,3,16,1,3,0.19903651758193178,0,0
01119,4,11,1,3,0.23895499661926292,0,0
01123,4,12,1,3,0.2002715368851041,0,1
01133,4,11,1,3,0.20660656070964606,0,0
04023,4,9,1,3,0.263821170762831,0,1
04027,4,10,0,3,0.25168195589357606,0,1
05003,4,7,1,3,0.20875648470426197,0,0
05007,2,21,0,3,0.15293453684093716,0,0
05013,4,6,0,3,0.20499090146287435,0,0
05015,3,9,1,3,0.19550623701185044,0,0
05035,4,11,1,3,0.2777511941573426,0,0
05039,4,6,1,3,0.19742883837904435,0,1
05055,4,9,1,3,0.20847989152816054,0,1
05069,4,17,1,3,0.2265285087235042,0,0
05073,4,6,1,3,0.23878936682659563,0,1
05087,3,13,1,3,0.19900073865467846,0,0
05101,3,20,1,3,0.18985973342888648,0,1
05105,4,8,1,3,0.22196130311395895,0,1
05109,4,10,0,3,0.20226006462152477,0,0
05131,3,16,0,3,0.18996428375126312,0,1
06019,4,56,0,3,0.24711861295848125,0,0
06033,3,15,1,3,0.242476157678204,0,0
06073,1,108,0,3,0.16274274458236668,0,0
06079,2,26,1,3,0.1608109207654415,0,0
06111,1,33,0,3,0.1563022896806232,0,0
08005,1,33,1,3,0.15249269954714964,0,0
08007,1,5,1,3,0.15516033409689348,0,0
08015,2,5,0,3,0.15386767264935863,0,0
08017,2,4,0,3,0.2169138169155891,0,0
08019,1,6,0,3,0.1320964811298851,0,0
08051,2,11,0,3,0.16010954787790718,0,0
08053,1,3,0,3,0.15575563570064027,0,0
08057,1,2,0,3,0.1575867744360289,0,0
08081,2,5,1,3,0.2510199674128957,0,0
08089,4,7,0,3,0.28553698439629493,0,0
08095,2,3,0,3,0.22570895724030887,0,0
08097,1,7,0,3,0.13763467545123673,0,0
08103,2,4,0,3,0.2187059350029568,0,0
08107,1,9,1,3,0.1653516432148217,0,0
08113,1,7,1,3,0.13571599565128775,0,1
08117,1,4,0,3,0.16777838638566658,0,0
09007,1,24,1,3,0.11786563354040726,0,0
12015,2,17,1,3,0.13690063494322546,0,0
12023,3,8,1,3,0.1729703456228717,0,0
12039,4,7,1,3,0.21983341632571252,0,1
12051,4,6,1,3,0.2101500157588523,0,0
12053,3,12,1,3,0.16339780047718505,0,0
12063,1,14,1,3,0.18654810706883,0,1
12065,4,4,1,3,0.20958989029874397,0,0
12067,4,2,0,3,0.1673277690976949,0,0
12075,4,13,1,3,0.18131707523182256,0,0
12077,4,2,0,3,0.18651756715129328,0,0
12085,1,12,1,3,0.1406809655371738,0,0
12097,3,17,1,3,0.16351316412754593,0,0
12101,2,31,1,3,0.14845354855865814,0,0
12111,2,17,1,3,0.16000675904761624,0,0
12133,4,10,1,3,0.19291507303337474,0,0
13005,4,3,1,3,0.22915688895362646,0,1
13017,4,4,1,3,0.2417236952033712,0,0
13027,4,10,0,3,0.20317444673540294,0,0
13045,1,11,1,3,0.1694247345954583,0,0
13047,1,8,0,3,0.13047410971460907,0,0
13059,1,9,1,3,0.18677634082636388,0,0
13063,1,16,1,3,0.19772988136308378,0,0
13085,1,5,1,3,0.1267704364089692,0,0
13101,3,6,1,3,0.19143568717229506,0,1
13135,2,26,0,3,0.11352367010984699,0,0
13141,4,5,0,3,0.24855562188649247,0,0
13147,4,8,0,3,0.18613519533250245,0,0
13155,4,7,1,3,0.24101699397596055,0,1
13179,1,9,1,3,0.15994754385805954,0,1
13183,4,5,0,3,0.19819444149997895,0,0
13189,4,4,1,3,0.20961899822161753,0,0
13209,4,7,0,3,0.21405579222377988,0,0
13231,2,8,0,3,0.17037753587617563,0,0
13233,4,8,1,3,0.18642731528346893,0,1
13237,4,5,1,3,0.20024574047492877,0,0
13243,4,8,0,3,0.2730422938978635,0,0
13247,2,9,1,3,0.16894086928812743,0,1
13251,4,6,0,3,0.2321662992596847,0,0
13257,3,5,1,3,0.162986176820422,0,0
13267,4,6,1,3,0.2204000038843133,0,0
13291,3,4,1,3,0.14680761567484954,0,0
13295,3,14,1,3,0.16862314357871255,0,0
13301,4,9,1,3,0.24886102126813925,0,1
13303,4,10,1,3,0.2273735189618222,0,0
13313,4,8,1,3,0.16082403045079627,0,0
13319,4,9,0,3,0.21610683209706483,0,0
16003,2,6,0,3,0.1893243213644459,0,0
16021,3,4,0,3,0.18489493044602512,0,0
16025,4,2,1,3,0.270566837137225,0,1
16039,3,7,1,3,0.20931092375118043,0,0
16063,3,6,0,3,0.27739964727786026,0,0
16087,4,5,1,3,0.27224580228914175,0,1
17005,3,12,0,3,0.19463572028136705,0,0
17017,3,7,1,3,0.1848614355127141,0,0
17019,3,35,1,3,0.16162426584319015,0,0
17027,1,17,1,3,0.16567954379414543,0,0
17041,2,13,1,3,0.2018890672284833,0,0
17047,2,6,0,3,0.19289259921352325,0,0
17053,2,21,1,3,0.21206972594028706,0,0
17063,1,16,1,3,0.17347751629017757,0,0
17067,2,19,0,3,0.175224814094433,0,0
17081,3,17,1,3,0.1955322467338271,0,0
17085,1,15,0,3,0.15645701915700694,0,0
17101,3,7,0,3,0.20366160978968,0,0
17137,3,16,1,3,0.19166427584022794,0,1
17139,2,11,0,3,0.19595961700855036,0,0
17151,3,10,0,3,0.2058089554052527,0,0
17155,1,8,0,3,0.17227430948793368,0,0
17175,3,10,0,3,0.22935458867870054,0,0
17177,3,19,0,3,0.19800178004044872,0,0
17179,1,21,1,3,0.16044817690921956,0,0
17181,3,13,1,3,0.18635819889722666,0,0
17187,3,14,1,3,0.21476983199898278,0,0
17197,1,45,0,3,0.14729566524316742,0,0
17201,2,26,1,3,0.19055150203921425,0,0
18031,2,10,0,3,0.22318468864471958,0,0
18043,2,10,1,3,0.1611776025623873,0,1
18063,1,19,1,3,0.14955124001454204,0,0
18065,3,22,0,3,0.25182483157147034,0,0
18067,2,10,1,3,0.2389239181858836,0,0
18075,3,9,0,3,0.26880962540440817,0,0
18079,2,13,1,3,0.19972846106345338,0,0
18139,2,16,1,3,0.2655244667678393,0,0
18145,2,17,1,3,0.23786030042726755,0,0
18161,2,6,0,3,0.2359437416706825,0,0
18169,2,14,1,3,0.22330003239152593,0,1
18179,2,16,0,3,0.21581933454537852,0,0
18183,1,10,0,3,0.18065806454459274,0,0
19001,2,14,0,3,0.18600698271692997,0,0
19003,2,9,1,3,0.1956554290890299,0,1
19011,1,24,1,3,0.1670583313626769,0,0
19025,2,14,0,3,0.21132152737563978,0,0
19039,3,9,1,3,0.19546484345680756,0,1
19045,2,20,1,3,0.18985344381137623,0,0
19077,1,18,1,3,0.17175969706595695,0,1
19103,1,24,1,3,0.15393624014957966,0,0
19131,1,12,0,3,0.18480869151649348,0,0
19153,2,41,0,3,0.14598467718885616,0,0
19155,2,24,1,3,0.1654204025835645,0,0
19157,2,17,1,3,0.16716314546066943,0,0
19167,1,19,0,3,0.17139265909480553,0,0
19173,2,11,0,3,0.19867345250379775,0,0
19183,2,13,0,3,0.18605935156410336,0,0
19187,3,22,1,3,0.1895878298128302,0,0
19189,1,11,0,3,0.18220274770507328,0,0
19193,2,25,1,3,0.17211375842986434,0,0
19197,2,16,1,3,0.19755664819444962,0,0
20007,3,11,0,3,0.23526280858303422,0,0
20019,4,10,1,3,0.26881997883073777,0,1
20021,1,13,1,3,0.18817764402040185,0,0
20025,2,6,0,3,0.22541317115089912,0,0
20041,2,12,1,3,0.22977610472339038,0,0
20045,1,12,1,3,0.17028073051442527,0,0
20049,3,10,0,3,0.2658365602215909,0,0
20057,4,10,1,3,0.24754820553679574,0,1
20065,2,13,0,3,0.19076779808467467,0,0
20069,1,7,0,3,0.24133817476570382,0,0
20101,3,5,0,3,0.2560493405935559,0,0
20105,2,10,0,3,0.21210548007779467,0,0
20115,1,19,0,3,0.2137410070583669,0,0
20117,2,13,0,3,0.2308177365221628,0,0
20137,1,7,0,3,0.20338727840030402,0,0
20145,2,9,0,3,0.20780671727234584,0,0
20171,1,4,0,3,0.2515635907276947,0,0
20175,4,6,1,3,0.2797950413748121,0,0
20177,1,29,0,3,0.21134254799019928,0,0
20189,4,4,0,3,0.2817237829331516,0,0
20195,1,8,0,3,0.19760410820926064,0,0
20197,1,16,0,3,0.19708580662120143,0,0
21011,4,8,1,3,0.21897230187232808,0,0
21013,4,11,1,3,0.21884082995548076,0,0
21017,3,9,0,3,0.23621626612144764,0,0
21029,1,11,1,3,0.17893335504617458,0,0
21035,4,10,0,3,0.21254057424834194,0,0
21067,2,17,1,3,0.1528629780565927,0,0
21071,4,33,1,3,0.21170497914246697,0,1
21079,3,5,1,3,0.2186094906964905,0,0
21105,4,7,1,3,0.2760808562989009,0,1
21113,3,4,1,3,0.18271460633704573,0,1
21115,4,19,1,3,0.18468787731997263,0,0
21117,2,12,1,3,0.15529548232430498,0,0
21121,4,19,1,3,0.20098692433041684,0,1
21125,4,8,1,3,0.2000132569275945,0,1
21129,4,6,0,3,0.21182642821315828,0,0
21133,1,26,1,3,0.20130654911851784,0,0
21145,3,7,1,3,0.2156921995472404,0,1
21159,4,9,1,3,0.17679339784376383,0,0
21165,4,5,0,3,0.214895105810443,0,0
21173,4,5,1,3,0.21897215489228258,0,0
21201,4,7,1,3,0.22755524069029834,0,1
21215,1,8,0,3,0.18596995538692684,0,0
21221,2,5,1,3,0.22480885701921965,0,0
21227,3,9,1,3,0.1888364042615555,0,0
21233,4,10,0,3,0.2591414193702404,0,0
21237,4,5,1,3,0.2225067487528256,0,1
22023,4,8,1,3,0.27261731643533144,0,1
22029,4,5,0,3,0.26782688231767143,0,0
22039,4,12,1,3,0.2248250840185729,0,1
22051,3,17,0,3,0.18099119626920154,0,0
22063,2,17,1,3,0.16364359215455526,0,0
22073,1,14,0,3,0.18208743517126577,0,1
22077,3,17,1,3,0.23032802834098615,0,0
22083,4,6,1,3,0.2818797081679487,0,0
22099,4,8,1,3,0.2024516026185263,0,1
22101,4,8,1,3,0.2074830505569593,0,0
22113,3,12,1,3,0.23316988428019586,0,1
22121,2,5,1,3,0.19743608266802273,0,0
23003,4,41,0,3,0.18887161194569982,0,0
23005,1,38,1,3,0.10281893097139463,0,0
23011,2,27,1,3,0.1313342127185682,0,0
23019,1,47,1,3,0.14815225268658996,0,0
23021,3,16,1,3,0.18101040640893973,0,0
24021,1,34,1,3,0.1111674488937553,0,0
24023,2,12,0,3,0.1619513980325078,0,0
24047,2,12,1,3,0.16181998213861992,0,1
24510,1,31,0,3,0.2087379056945658,0,1
25007,1,7,0,3,0.12905081523978568,0,0
25011,2,32,1,3,0.11457399837895209,0,0
26003,2,13,0,3,0.1726318734977214,0,0
26017,2,16,1,3,0.2092170510550521,0,0
26019,1,11,0,3,0.14985978373937203,0,0
26021,1,23,1,3,0.20362661645390306,0,0
26029,2,10,0,3,0.14950930415197852,0,0
26049,3,34,1,3,0.19699872866949758,0,0
26075,2,29,1,3,0.1976580497554605,0,0
26081,2,39,1,3,0.1601047201929698,0,0
26087,2,22,1,3,0.18248371218790763,0,0
26093,1,20,1,3,0.13240914014419894,0,0
26095,3,3,0,3,0.20631455678091337,0,0
26101,2,15,1,3,0.16320786129543796,0,0
26117,3,25,0,3,0.19822403325611368,0,0
26133,4,9,0,3,0.20979310137682858,0,0
26137,3,7,1,3,0.16566183696872458,0,0
26149,3,13,1,3,0.22416808279797484,0,1
26157,3,21,1,3,0.21523464170519752,0,0
26159,3,22,1,3,0.20695902585989784,0,0
27001,2,12,1,3,0.16349036818506302,0,0
27015,1,10,0,3,0.1569110613316885,0,0
27019,1,18,0,3,0.11455427625189624,0,0
27025,1,15,1,3,0.130129062507955,0,0
27031,2,6,0,3,0.12684308830040766,0,0
27043,2,14,0,3,0.19757125275770174,0,0
27045,1,16,0,3,0.1461039611834551,0,0
27059,1,12,0,3,0.13364259625017222,0,0
27061,2,30,1,3,0.15295632223309621,0,1
27077,1,4,0,3,0.0729193871956262,0,0
27079,1,13,1,3,0.15401267656976664,0,0
27081,2,12,0,3,0.1844862610653644,0,0
27093,1,13,0,3,0.14429782527109988,0,0
27099,2,19,1,3,0.17106944569393717,0,1
27107,2,14,0,3,0.19500001057884084,0,0
27113,1,7,0,3,0.18680603393732334,0,0
27117,2,9,0,3,0.20696023489824406,0,0
27123,2,26,1,3,0.13528349568593354,0,0
27125,2,9,0,3,0.19434075829517766,0,0
27127,2,22,1,3,0.17325318884860483,0,0
27155,1,9,0,3,0.18705611920044876,0,0
27167,1,12,0,3,0.1653993555821265,0,0
28011,4,17,1,3,0.2849266637371375,0,1
28021,4,5,0,3,0.20720113480834906,0,0
28025,4,8,1,3,0.2057672381976821,0,0
28029,4,9,1,3,0.15645686808692708,0,0
28033,1,10,1,3,0.1553486102010017,0,0
28035,1,8,1,3,0.1527862701666193,0,1
28039,4,3,1,3,0.1684162564345654,0,0
28041,3,7,1,3,0.16452503599539098,0,0
28043,4,7,1,3,0.17381928832746973,0,0
28061,4,14,1,3,0.17841918195253387,0,0
28063,4,7,0,3,0.20305012893896826,0,0
28077,4,8,0,3,0.18042339970154667,0,0
28079,4,7,0,3,0.21074971759496294,0,0
28089,1,12,1,3,0.12402760787775934,0,0
28103,4,6,1,3,0.24540998728520572,0,0
28105,4,6,0,3,0.15623795689901662,0,0
28113,4,8,1,3,0.19474957264877668,0,0
28121,1,12,1,3,0.12569041752147758,0,0
28155,4,10,0,3,0.18238642648025036,0,0
29007,3,14,0,3,0.2345214997180997,0,0
29031,3,19,1,3,0.18566920330997963,0,1
29037,1,18,1,3,0.17062191011759686,0,0
29055,4,12,1,3,0.20767459950383996,0,0
29085,4,13,1,3,0.19925595588566727,0,1
29093,3,16,1,3,0.21231759740046263,0,1
29095,2,55,0,3,0.19329713436613996,0,1
29101,2,19,0,3,0.18581545327808016,0,0
29109,3,21,1,3,0.2322319489114884,0,1
29111,3,12,0,3,0.22429110908839062,0,0
29131,3,17,1,3,0.19453491012266957,0,0
29135,2,13,1,3,0.1900417119493258,0,0
29139,3,11,1,3,0.22295378629236945,0,0
29149,4,12,0,3,0.24668809002115394,0,0
29209,1,17,1,3,0.19569889028854545,0,1
29221,1,16,0,3,0.19473738046677908,0,0
29229,4,11,1,3,0.251885874875161,0,0
30009,1,13,0,3,0.19652639932607746,0,0
30039,2,5,0,3,0.20341493329729754,0,0
30053,4,6,1,3,0.20638551738335428,0,0
30057,1,18,0,3,0.16693726974496476,0,0
30063,2,16,0,3,0.14850657352053384,0,0
30101,2,8,0,3,0.24507949230616427,0,0
30109,2,2,0,3,0.21778594341289595,0,0
31005,2,8,0,3,0.20778549880430025,0,0
31007,2,8,1,3,0.19458075369137323,0,1
31023,1,14,1,3,0.17326284132033967,0,1
31027,1,13,0,3,0.16990413942939547,0,0
31041,1,21,1,3,0.14699170907206588,0,0
31067,2,18,1,3,0.18723689774552474,0,0
31075,2,3,1,3,0.21386466354972872,0,1
31077,1,8,0,3,0.18111128917455535,0,0
31079,2,11,1,3,0.15278422509011533,0,0
31083,2,8,1,3,0.179899101827526,0,1
31085,2,8,0,3,0.19974948936389098,0,0
31087,2,6,0,3,0.206933726377966,0,0
31099,2,11,0,3,0.1532779186030249,0,0
31103,2,4,0,3,0.1791213958047286,0,0
31115,2,5,0,3,0.1939867916804611,0,0
31117,2,5,0,3,0.18114427998356225,0,0
31133,3,11,0,3,0.20428489283018766,0,0
31159,1,18,0,3,0.1507821901995726,0,0
31161,2,9,1,3,0.23303879794301074,0,1
31165,3,8,0,3,0.22491647816966,0,0
32001,2,2,1,3,0.2805492900317554,0,0
32009,4,4,0,3,0.23769806176123376,0,0
32023,1,11,0,3,0.30424782824512137,0,1
34003,1,66,0,3,0.10328409078542687,0,0
34033,2,14,1,3,0.17458716129653082,0,1
35003,3,9,0,3,0.32505955585012575,0,0
35007,4,9,1,3,0.2591885363858696,0,0
35013,1,26,0,3,0.24491543179570033,0,0
35017,4,16,1,3,0.21643334960180582,0,0
35035,4,18,1,3,0.29682544121037224,0,0
35049,2,15,1,3,0.16284890532859492,0,0
36009,1,36,1,3,0.18890066443786782,0,0
36015,2,22,1,3,0.14917891181151904,0,0
36019,2,25,0,3,0.15622976054280116,0,0
36021,2,36,1,3,0.1337487360303494,0,1
36025,3,47,0,3,0.1421499667650264,0,0
36027,1,35,1,3,0.11856587683320666,0,0
36033,3,23,1,3,0.17088942825508102,0,0
36039,2,42,1,3,0.14293327554390473,0,1
36053,1,31,1,3,0.16686883795626467,0,1
36061,2,47,0,3,0.14015497939902263,0,0
36065,2,54,1,3,0.1668258932729315,0,0
36079,1,12,0,3,0.09949717521210713,0,0
36089,3,49,1,3,0.17903938091913474,0,0
36095,2,24,0,3,0.14583170034799375,0,0
36097,2,18,0,3,0.152312004914246,0,0
36101,3,39,1,3,0.15284546050844433,0,0
36109,1,17,1,3,0.14282885459520658,0,0
36121,2,24,0,3,0.1672685082819704,0,0
36123,2,13,0,3,0.15904740741616447,0,0
37003,2,8,1,3,0.14311897220885664,0,0
37013,4,15,1,3,0.18483269295564078,0,1
37017,4,18,1,3,0.20573338056700216,0,0
37021,2,19,1,3,0.1111068459337561,0,0
37025,2,16,1,3,0.13143483292967775,0,0
37027,3,10,1,3,0.14788199821313908,0,0
37035,2,14,1,3,0.14385353866841058,0,0
37045,1,13,1,3,0.17799113537505246,0,0
37063,2,16,1,3,0.11188443826273173,0,0
37065,4,15,1,3,0.21102278003275185,0,1
37069,3,13,1,3,0.1519423774517783,0,0
37073,2,6,0,3,0.17718392720172266,0,0
37075,4,2,0,3,0.18678667823395778,0,0
37083,4,9,1,3,0.20477584645864175,0,0
37097,2,16,0,3,0.1421849292831314,0,0
37117,4,11,0,3,0.19237279070588958,0,0
37127,3,15,1,3,0.1642896655096168,0,0
37149,2,7,0,3,0.1227606142762294,0,0
37175,3,10,1,3,0.12581159852864535,0,0
37181,4,8,1,3,0.1959220318619639,0,0
37183,1,39,0,3,0.09419120126624253,0,0
38003,1,19,0,3,0.17685850081248478,0,0
38007,2,8,0,3,0.19343157800242872,0,0
38013,1,9,0,3,0.18271581203896245,0,0
38027,2,7,1,3,0.21739808449874126,0,1
38029,2,8,0,3,0.19893260850163863,0,0
38037,2,13,1,3,0.22689986828547934,0,1
38041,2,5,0,3,0.2288953463195714,0,0
38047,1,7,0,3,0.20750033246586233,0,0
38049,1,18,0,3,0.19151154423121208,0,0
38051,2,6,0,3,0.21698597271936745,0,0
38063,1,9,0,3,0.20081849708653127,0,0
38065,1,6,0,3,0.19015354362538905,0,0
38075,1,9,0,3,0.18151342506151869,0,0
38077,1,19,0,3,0.1660203298899127,0,0
38079,4,10,0,3,0.2803990176669452,0,0
38081,1,12,0,3,0.16593263652644857,0,0
38083,2,9,0,3,0.2219610394060561,0,0
38089,1,10,0,3,0.16209984352047063,0,0
39023,3,22,1,3,0.22230465487485823,0,0
39025,1,23,1,3,0.15854548729782683,0,0
39033,3,15,0,3,0.21638728954966746,0,0
39049,2,49,0,3,0.1662296339395287,0,0
39051,1,12,0,3,0.2215290870193124,0,0
39053,3,12,0,3,0.19654273179498322,0,0
39055,1,20,1,3,0.1402801625404188,0,0
39057,2,24,0,3,0.17563137574014226,0,0
39087,3,14,1,3,0.19928044594719166,0,0
39111,3,15,1,3,0.19318378462445351,0,0
39113,2,40,0,3,0.20524879462420484,0,0
39119,3,22,1,3,0.19815947275878698,0,0
39127,3,17,1,3,0.2075278094908786,0,1
39129,2,17,1,3,0.1979080082629164,0,1
39139,1,19,1,3,0.1830542005270092,0,0
39141,3,16,1,3,0.2022154697533061,0,0
39149,2,18,0,3,0.22225667021477716,0,0
39163,4,15,0,3,0.2140536231636718,0,0
39171,1,12,1,3,0.21900191606244054,0,1
40019,3,13,1,3,0.26816417838683376,0,0
40021,4,16,1,3,0.2616793016007055,0,1
40025,3,4,1,3,0.30912696868087614,0,1
40033,3,11,0,3,0.32487282825572716,0,0
40055,4,4,1,3,0.286471890574235,0,1
40057,4,6,0,3,0.30151949283919394,0,0
40059,2,7,1,3,0.25683406306594836,0,1
40069,4,13,1,3,0.30852179325880447,0,1
40075,4,9,1,3,0.3331742184598842,0,1
40077,4,7,1,3,0.2543929716155334,0,1
40079,4,23,1,3,0.2578001775811853,0,0
40087,1,12,0,3,0.2434367106546705,0,0
40091,4,11,1,3,0.2735093968654157,0,0
40093,2,15,0,3,0.2582233748037823,0,0
40103,2,11,0,3,0.22888514051965175,0,0
40109,3,55,0,3,0.22772026747107205,0,1
40115,4,9,1,3,0.2726699930429629,0,1
40123,3,10,1,3,0.21967129751006353,0,1
40125,3,16,0,3,0.245357121140417,0,1
40129,3,9,0,3,0.2795839683167146,0,0
40143,2,42,0,3,0.19638127226424384,0,0
40153,2,11,1,3,0.2367228198895585,0,0
41001,3,12,1,3,0.2266876876074705,0,0
41007,2,9,0,3,0.15739091452166284,0,0
41029,3,18,1,3,0.20474906761650036,0,0
41039,3,39,1,3,0.1685157358127536,0,0
41043,2,20,1,3,0.20475212625661338,0,0
41051,2,42,0,3,0.15255913776881855,0,0
41061,3,8,1,3,0.2185701445973188,0,0
41071,2,15,0,3,0.16691845672093286,0,0
42011,1,62,1,3,0.1641424492022515,0,0
42015,2,27,1,3,0.16790220645050577,0,0
42019,1,37,0,3,0.11761685877530463,0,0
42027,2,33,1,3,0.13310095760021395,0,0
42029,1,44,0,3,0.12212087060812277,0,0
42039,3,27,1,3,0.16711849046762262,0,1
42049,1,32,0,3,0.1680142252403658,0,0
42053,4,11,1,3,0.17407426948505308,0,1
42071,1,57,0,3,0.16897916361753626,0,0
42083,3,22,0,3,0.15510644754468994,0,0
42097,2,28,1,3,0.16791534985101095,0,0
42109,2,15,1,3,0.16376287376253038,0,0
42115,2,29,1,3,0.1599129865143789,0,1
42119,1,14,1,3,0.13706597821779615,0,1
42121,3,23,0,3,0.148753851531316,0,0
42131,1,15,0,3,0.13607359250058482,0,0
44009,1,20,1,3,0.11250760775529238,0,0
45015,2,17,1,3,0.1662714146410611,0,0
45017,4,7,1,3,0.21182086872936823,0,0
45035,2,15,1,3,0.1557396241810791,0,0
45055,3,13,1,3,0.16467218146648463,0,1
45059,4,16,1,3,0.18591175137938182,0,0
45085,4,15,1,3,0.2077869677908968,0,0
46025,2,13,0,3,0.18723263189529082,0,0
46049,2,10,0,3,0.18614764553189847,0,0
46059,1,8,1,3,0.1804663799759,0,1
46065,1,3,1,3,0.16207168463831326,0,0
46099,1,23,1,3,0.13882760326194896,0,0
46103,2,20,1,3,0.14374474686248537,0,0
46117,1,4,0,3,0.16610470256159574,0,0
46125,1,15,0,3,0.18067004599887523,0,0
47003,3,13,1,3,0.21964567395036877,0,0
47029,4,8,0,3,0.22629958571157832,0,0
47053,4,11,1,3,0.2434628983361068,0,0
47061,4,10,0,3,0.22018319571842226,0,0
47065,1,31,0,3,0.15445947474839797,0,0
47085,3,4,1,3,0.21640645999828087,0,0
47091,4,5,0,3,0.21212993754949033,0,0
47099,4,11,1,3,0.21912036630712312,0,1
47111,4,8,1,3,0.22116161778577648,0,0
47115,3,12,0,3,0.15983715666927792,0,0
47139,3,12,1,3,0.1981214678562466,0,0
47141,1,10,1,3,0.20103202350195992,0,0
47149,1,20,1,3,0.17819560914655566,0,0
47151,4,9,0,3,0.19609144564208103,0,0
47159,3,15,1,3,0.20813904598595054,0,0
48011,1,6,0,3,0.24986724558724022,0,0
48017,1,6,1,3,0.2490614955870095,0,1
48037,3,10,1,3,0.1974354681923483,0,0
48051,2,5,1,3,0.24141207471988724,0,0
48053,2,13,1,3,0.2161438416509636,0,1
48063,3,2,1,3,0.21273906956907238,0,0
48075,4,4,1,3,0.27382342455335207,0,1
48079,4,4,0,3,0.3594559853260677,0,0
48101,4,3,1,3,0.2920517968519855,0,1
48111,1,3,0,3,0.25867807447447916,0,0
48119,3,7,1,3,0.25644301101508504,0,1
48135,2,8,1,3,0.22585883448860464,0,0
48145,3,17,1,3,0.28214732625941996,0,0
48177,3,14,1,3,0.2615012203464279,0,0
48183,3,10,0,3,0.18392126606482312,0,1
48199,2,12,1,3,0.16978429730771147,0,0
48205,1,4,0,3,0.25400494340360696,0,0
48211,1,4,0,3,0.2259507135308969,0,0
48219,4,10,1,3,0.2736773982552216,0,0
48227,3,5,1,3,0.2768838705140324,0,0
48245,3,18,0,3,0.21695867194176696,0,0
48249,4,8,1,3,0.26405599252924433,0,1
48257,2,13,0,3,0.22760364275533396,0,1
48261,4,2,1,3,0.33488424951602885,0,1
48265,3,10,1,3,0.20791316288624714,0,1
48283,3,4,0,3,0.256863189250961,0,0
48287,2,9,1,3,0.240768626159649,0,0
48297,3,10,0,3,0.26702459219714875,0,0
48301,1,1,0,3,0.2871073690519269,0,0
48305,3,7,0,3,0.26083203131372706,0,0
48307,3,6,1,3,0.28419900953990956,0,1
48309,1,29,0,3,0.2242793909302887,0,0
48313,2,5,1,3,0.2077694721854786,0,0
48341,2,6,1,3,0.25139994812891364,0,0
48353,3,9,1,3,0.23499376277763068,0,0
48357,4,5,0,3,0.2984209241959717,0,0
48375,4,16,1,3,0.2542930579034278,0,0
48383,2,2,0,3,0.25274232627966176,0,0
48389,3,4,1,3,0.17409570301874694,0,0
48391,3,5,1,3,0.26686185518885014,0,1
48415,3,8,1,3,0.2800282071216376,0,0
48425,3,7,0,3,0.22854929672970387,0,0
48427,4,10,1,3,0.3226901407228732,0,1
48429,4,8,1,3,0.25833559931792155,0,1
48433,3,7,0,3,0.2679361970914154,0,0
48441,1,17,1,3,0.19923638193761548,0,0
48451,1,14,1,3,0.2065971545922239,0,0
48457,3,10,1,3,0.18874013728871747,0,0
48461,2,4,0,3,0.26417140082398644,0,0
48467,3,13,1,3,0.23257576746076833,0,0
48477,2,7,1,3,0.24662227034676304,0,1
48479,4,10,0,3,0.24708650557863351,0,1
48481,1,13,1,3,0.25563550202452817,0,0
48483,3,6,0,3,0.25360361747654686,0,0
48493,2,12,1,3,0.23365687829006507,0,1
49001,2,4,0,3,0.19205545559093662,0,0
49005,3,16,1,3,0.1947961108489144,0,0
49007,3,6,0,3,0.24963038364811246,0,0
49053,2,21,0,3,0.1741904639224216,0,1
49057,1,9,1,3,0.19647631727132164,0,0
50005,2,22,1,3,0.12253211674069178,0,1
50007,1,21,1,3,0.13482942908477474,0,0
50015,2,11,0,3,0.11539163549599668,0,0
51013,1,11,1,3,0.09144660157023277,0,0
51015,2,27,1,3,0.15173308454075377,0,0
51017,4,7,0,3,0.17204477158920364,0,0
51021,2,6,0,3,0.1494838497627324,0,0
51027,4,16,1,3,0.2012335546153304,0,0
51033,1,11,0,3,0.1490778451157616,0,0
51035,3,17,0,3,0.19333111025358196,0,0
51041,1,16,0,3,0.11866680910050646,0,0
51057,4,8,1,3,0.21509341603626606,0,1
51067,3,16,0,3,0.1619089227694755,0,0
51089,4,12,0,3,0.1895841587940155,0,0
51093,1,8,1,3,0.16432260557468442,0,1
51101,1,6,0,3,0.16389557237276936,0,0
51109,2,12,0,3,0.16456921849692166,0,0
51113,2,21,1,3,0.20597423031990564,0,0
51155,3,8,0,3,0.15973847034280925,0,0
51161,1,14,1,3,0.10945445044412427,0,0
51193,2,8,1,3,0.18976112829332673,0,0
51195,4,8,0,3,0.17868747406807345,0,0
51199,1,9,1,3,0.10134352453839074,0,0
51590,4,2,1,3,0.19195572871633235,0,1
51610,1,4,0,3,0.08782393737870356,0,0
51650,2,9,1,3,0.1755789187795386,0,0
51678,3,1,1,3,0.1399783889781499,0,1
51680,3,5,1,3,0.13731730036048906,0,0
51690,4,1,1,3,0.18645204379814748,0,0
51700,3,8,1,3,0.16632853293571861,0,0
51740,1,8,1,3,0.19252500330297895,0,0
51810,1,12,0,3,0.12630196496282692,0,0
53045,2,15,1,3,0.1708721805128748,0,1
53055,1,9,0,3,0.1299864703258292,0,0
53067,1,14,1,3,0.1473592932089729,0,0
54005,4,31,1,3,0.20819789002855335,0,0
54011,3,13,1,3,0.18217758423775873,0,0
54031,3,10,0,3,0.23727775314040928,0,0
54041,4,11,1,3,0.20804391055765706,0,0
54043,4,19,0,3,0.21687472391603047,0,0
54049,3,18,1,3,0.18590749184924912,0,1
54061,3,16,1,3,0.14028896274954397,0,0
54069,2,6,1,3,0.177667760414253,0,1
54075,3,13,0,3,0.2284873724285403,0,0
54087,4,13,0,3,0.22925380845362922,0,0
54101,4,11,0,3,0.24172273832445892,0,0
54103,4,12,1,3,0.21035544149703367,0,0
54109,4,39,0,3,0.16211992729738026,0,0
55003,3,11,0,3,0.14738364604904505,0,0
55015,1,14,1,3,0.14251617383514495,0,0
55045,1,12,1,3,0.14335131957866837,0,1
55059,1,17,1,3,0.1474311404418843,0,0
55065,2,14,1,3,0.15969175199608526,0,0
55067,2,15,0,3,0.1537099674107577,0,0
55071,1,19,1,3,0.1470213323698516,0,0
55083,1,19,1,3,0.14797578008694393,0,1
55087,1,24,1,3,0.13506765029672002,0,0
55095,1,20,1,3,0.13644683298642868,0,1
55109,1,18,0,3,0.12465727584901123,0,0
55127,1,16,1,3,0.14912721690473169,0,0
55139,1,18,1,3,0.14509728780382866,0,0
56013,2,11,1,3,0.24985855760183992,0,0
56025,1,11,1,3,0.21613015334737337,0,0
56027,3,5,0,3,0.280754539534887,0,0
56031,2,5,1,3,0.25308128620098813,0,1
56041,1,5,0,3,0.22508198412305908,0,0
01019,4,11,1,4,0.22241671693860499,0,0
01021,3,14,1,4,0.21352569569160498,0,0
01035,4,13,1,4,0.23907495365490908,0,0
01039,4,13,1,4,0.2184674810753254,0,1
01051,2,13,1,4,0.16600320870478996,0,0
01053,4,9,1,4,0.23677834733780695,0,0
01065,4,9,1,4,0.2519549272435252,0,0
01083,2,15,1,4,0.19603495591327433,0,0
01087,4,13,1,4,0.17917916222800864,0,0
01093,4,12,1,4,0.20494446004143865,0,1
01101,1,24,1,4,0.17863237966351633,0,0
01125,1,27,1,4,0.16276561499809505,0,0
04003,3,23,0,4,0.1923381501200943,0,1
04007,4,13,0,4,0.22939773022816504,0,1
04009,4,10,1,4,0.22033372913863492,0,1
04019,1,48,0,4,0.19257752229815142,0,1
05027,4,7,1,4,0.23562834019100778,0,0
05033,3,11,1,4,0.24730494668728872,0,1
05047,4,13,1,4,0.26772692381845886,0,0
05067,4,11,1,4,0.30105873169911856,0,0
05075,4,14,1,4,0.23532444210450246,0,0
05085,2,11,1,4,0.1988650794286411,0,0
05089,3,17,0,4,0.21113799964180535,0,0
05097,4,9,1,4,0.24243357927924958,0,1
05103,4,8,1,4,0.253214236976482,0,0
05111,4,10,1,4,0.270661544547986,0,0
05123,4,13,1,4,0.2724343475804983,0,0
05129,4,10,1,4,0.23954666040671443,0,1
05135,4,13,1,4,0.23014597966093225,0,0
05137,4,16,0,4,0.23540626148593266,0,0
06005,2,12,1,4,0.19351231964264765,0,1
06017,1,23,1,4,0.15506852002878294,0,0
06025,4,17,0,4,0.265762961183287,0,1
06031,4,12,1,4,0.2509161172589456,0,0
06035,2,17,1,4,0.21253951777009777,0,1
06045,3,29,1,4,0.18849478928682797,0,0
06053,3,31,0,4,0.176977795331692,0,0
06057,2,12,1,4,0.1682666517112653,0,0
06085,1,63,0,4,0.1255498613020953,0,0
06103,4,15,1,4,0.2691785897509915,0,0
06109,1,16,1,4,0.134756278737107,0,1
08013,1,22,1,4,0.14773821796136205,0,0
08063,2,6,0,4,0.23004621985190404,0,0
08065,3,2,0,4,0.1397876759285785,0,0
08069,1,24,1,4,0.1559520031405403,0,0
08071,4,11,0,4,0.1892492117699656,0,0
08091,1,3,0,4,0.1345912802171734,0,0
08101,3,15,1,4,0.21755448680171427,0,0
08109,4,8,1,4,0.16503949919191765,0,1
08111,1,2,0,4,0.14509867060624582,0,0
11001,1,29,0,4,0.11319747857849613,0,1
12003,2,5,1,4,0.15534168194202178,0,0
12005,2,16,1,4,0.14876856955532822,0,0
12007,1,9,0,4,0.12160546629874976,0,0
12043,4,5,1,4,0.21745299251914832,0,0
12047,4,3,0,4,0.23477146377151378,0,0
12049,4,4,1,4,0.23719681039475285,0,0
12081,2,21,0,4,0.14282905624715217,0,0
12099,2,53,0,4,0.12869450623919979,0,0
12103,2,48,0,4,0.13648787473858687,0,0
12105,3,41,0,4,0.16634914647803434,0,0
12115,1,28,0,4,0.12714191729464008,0,0
12129,2,4,1,4,0.16452106710106,0,0
13009,4,6,1,4,0.24042222283778802,0,0
13013,2,8,1,4,0.162177006008202,0,0
13029,1,3,0,4,0.14953182900416945,0,0
13043,4,4,1,4,0.27626151586272674,0,1
13053,3,2,0,4,0.11914893201060127,0,0
13067,1,23,0,4,0.10295475008402669,0,0
13089,1,36,0,4,0.12923286645482876,0,0
13095,4,6,1,4,0.24818953268451527,0,0
13109,4,6,1,4,0.2646686620763015,0,1
13113,1,8,1,4,0.10527435703411646,0,0
13127,3,8,1,4,0.1727965421474296,0,0
13133,3,7,0,4,0.20684138022806628,0,0
13139,2,19,1,4,0.148602860473363,0,0
13145,1,12,0,4,0.123292260674279,0,0
13153,2,12,1,4,0.19698944340036204,0,0
13159,3,6,0,4,0.212699943615876,0,0
13161,4,4,0,4,0.26917385347529627,0,0
13163,4,9,1,4,0.2801756285403514,0,0
13165,4,5,1,4,0.30237547663709036,0,1
13177,2,7,0,4,0.19624181483361375,0,0
13181,4,2,0,4,0.23870330463053066,0,0
13185,1,11,0,4,0.19991294859064612,0,1
13211,1,9,0,4,0.14914402905557647,0,0
13215,4,11,1,4,0.17341111000043383,0,0
13219,1,8,1,4,0.11980326988429005,0,1
13265,4,4,0,4,0.27005244710199156,0,0
13279,4,3,1,4,0.249796149845017,0,0
13305,4,6,1,4,0.2236557575165297,0,0
13311,2,7,0,4,0.1308442020953683,0,0
16001,1,17,1,4,0.14990244139003,0,0
16005,3,10,0,4,0.21729190699615622,0,0
16011,3,11,1,4,0.17394674031818383,0,0
16013,2,8,1,4,0.23823863672380813,0,0
16015,1,8,0,4,0.17329565134975972,0,0
16019,2,14,1,4,0.1621646766110708,0,0
16023,3,3,0,4,0.1520323029492435,0,0
16037,4,7,0,4,0.17972992061225235,0,0
16043,3,9,0,4,0.21764654437611505,0,0
16061,2,7,0,4,0.16462940939500928,0,0
16075,3,7,1,4,0.26672325108982003,0,0
16083,3,10,1,4,0.21710660682912478,0,1
17001,2,23,1,4,0.14960283839685956,0,0
17021,2,20,1,4,0.18194146708193107,0,1
17061,2,13,0,4,0.17609315542161622,0,0
17069,3,5,0,4,0.20720738480523138,0,0
17071,2,17,0,4,0.18585969539429345,0,0
17075,2,25,1,4,0.20199035578487715,0,0
17079,2,15,0,4,0.18282014656458018,0,0
17111,1,24,1,4,0.1117190730768442,0,0
17119,2,35,0,4,0.15655965255149648,0,0
17121,3,15,1,4,0.20114382351834462,0,1
17127,3,8,1,4,0.22955887841194167,0,0
17129,1,8,0,4,0.1487330247952539,0,0
17131,1,18,0,4,0.18643287177376963,0,0
17145,3,12,0,4,0.2120807166927343,0,0
17173,2,22,1,4,0.17878735017846104,0,0
17185,2,7,0,4,0.17562866110333777,0,0
17189,1,13,1,4,0.17587421511075793,0,0
17195,2,15,0,4,0.18274454088688522,0,0
17199,3,22,1,4,0.17061851851071522,0,0
18009,3,7,1,4,0.2685104233377422,0,0
18015,2,17,0,4,0.21513821618680987,0,0
18021,2,17,1,4,0.20534758169003792,0,0
18029,1,9,1,4,0.16056103606037403,0,0
18051,2,16,1,4,0.18562473761073206,0,1
18069,2,9,1,4,0.1844530414457723,0,1
18073,1,13,1,4,0.17776729183428747,0,1
18085,1,21,1,4,0.17907289284123643,0,0
18087,1,12,1,4,0.22261126628150418,0,1
18089,2,28,0,4,0.1776307748503394,0,0
18091,3,15,1,4,0.2010289108378471,0,0
18109,1,14,1,4,0.20031237827544496,0,0
18121,3,12,0,4,0.22285714177903818,0,0
18159,2,10,0,4,0.21140902871079065,0,0
18167,1,18,1,4,0.19303323234788378,0,0
19013,3,17,1,4,0.16671693600953982,0,0
19021,2,13,1,4,0.16339188230572416,0,0
19023,1,16,1,4,0.1689797129772105,0,0
19029,2,13,0,4,0.2376010902525476,0,0
19035,2,15,0,4,0.22406981022346278,0,0
19041,2,15,1,4,0.16604521542079326,0,0
19063,2,7,0,4,0.1916050089860451,0,0
19067,3,13,1,4,0.1818463076651899,0,0
19073,2,13,0,4,0.20314652534447722,0,0
19079,1,15,1,4,0.18745275162873723,0,0
19085,2,15,0,4,0.18159496641592315,0,0
19117,2,9,0,4,0.1986421030364971,0,0
19143,2,8,0,4,0.19248206559370534,0,0
19147,1,14,0,4,0.16758863297710325,0,0
19169,3,22,1,4,0.1576880540159253,0,0
19171,2,19,0,4,0.22435902017272025,0,0
19175,2,10,0,4,0.2052024300391261,0,0
19177,2,13,0,4,0.1877709574176922,0,0
19179,3,12,1,4,0.2087835160083117,0,1
19185,3,12,0,4,0.2533038988308261,0,0
20009,3,10,1,4,0.21337457579148228,0,0
20027,1,10,1,4,0.1904367821103629,0,1
20031,2,10,0,4,0.2356813852672281,0,0
20037,1,15,1,4,0.20719980492169027,0,1
20043,2,10,0,4,0.19240812164825669,0,0
20063,2,10,0,4,0.2661669210049856,0,0
20073,3,11,1,4,0.2873097988164927,0,1
20089,3,14,0,4,0.2933868073769945,0,0
20091,1,34,0,4,0.1154926039382857,0,0
20125,3,13,1,4,0.27749256717191584,0,1
20133,4,11,1,4,0.2732902339351164,0,0
20141,2,12,0,4,0.20579865783432627,0,0
20153,3,10,0,4,0.23098802226310525,0,0
20159,2,13,1,4,0.21347189043798803,0,1
20161,3,14,1,4,0.2365837115774404,0,0
20163,2,10,1,4,0.16901956835783913,0,1
20165,2,10,0,4,0.1667871737470078,0,0
20169,2,9,1,4,0.1730500567219198,0,1
20183,2,10,0,4,0.1949106724138345,0,0
20201,2,15,1,4,0.16265940057272177,0,1
20203,1,3,0,4,0.240989660193241,0,0
20207,3,10,0,4,0.2915250121015994,0,0
21015,1,9,1,4,0.13644229855190923,0,0
21023,3,7,1,4,0.209969959145161,0,1
21033,3,6,1,4,0.2590701449001033,0,0
21043,4,10,0,4,0.2246965590745548,0,0
21047,4,15,1,4,0.24647010258002588,0,0
21055,4,5,0,4,0.28981231751375963,0,0
21069,4,7,1,4,0.2435683011347525,0,0
21075,4,3,1,4,0.3242184515659399,0,1
21077,3,6,1,4,0.20304842377570476,0,1
21091,2,5,0,4,0.2013415525213489,0,0
21093,2,17,1,4,0.19480859756641813,0,0
21095,4,27,0,4,0.22754358444680325,0,0
21107,4,13,1,4,0.23358046442492245,0,0
21109,4,5,0,4,0.2276534023021667,0,0
21127,4,10,1,4,0.22065966015170568,0,0
21153,4,4,1,4,0.23914278969981803,0,0
21169,4,10,0,4,0.26089625342861045,0,0
21183,3,16,1,4,0.2296011997273038,0,0
21207,4,7,1,4,0.2417733529966442,0,0
21217,4,6,1,4,0.22680089202667533,0,0
21231,4,5,1,4,0.24941626704723133,0,0
21235,4,7,1,4,0.21326717692454977,0,0
22001,4,15,1,4,0.23736485868330812,0,1
22003,3,13,1,4,0.18797854465624897,0,0
22005,1,8,1,4,0.14843508635725555,0,0
22007,4,9,0,4,0.2102244230741997,0,0
22041,4,7,1,4,0.30553399557698424,0,0
22043,3,8,1,4,0.20183503494360946,0,0
22053,3,10,1,4,0.2291265739868914,0,1
22059,4,8,0,4,0.23841592392568736,0,0
22087,4,6,1,4,0.2092504499240882,0,1
22097,1,18,0,4,0.2129911744770648,0,1
22107,4,4,1,4,0.24266239171001136,0,1
22115,3,13,1,4,0.1855309843345224,0,1
22117,4,6,1,4,0.23795928936150804,0,0
23031,1,36,1,4,0.12234050325147447,0,0
24001,3,15,1,4,0.16938583839524785,0,1
24009,1,14,0,4,0.12575099325890143,0,0
24015,1,15,0,4,0.16983742896476478,0,1
24037,1,26,1,4,0.13236252345668184,0,0
24045,3,16,0,4,0.1666614218188651,0,1
25003,2,36,0,4,0.11650471978482406,0,0
25009,1,45,0,4,0.11263715634946866,0,0
25019,1,2,0,4,0.10328736373273578,0,0
25027,1,87,1,4,0.11375600564067172,0,0
26045,1,19,1,4,0.17282397777353456,0,0
26055,1,9,1,4,0.12062097465102961,0,1
26061,4,20,1,4,0.13671757302385645,0,0
26071,3,8,0,4,0.16836892324661823,0,0
26079,3,8,0,4,0.18468498627978738,0,0
26083,3,6,0,4,0.14004857666652856,0,0
26091,2,23,1,4,0.1836187892475429,0,0
26099,2,39,1,4,0.1810082928890378,0,0
26103,2,15,1,4,0.12704575107832713,0,1
26111,2,15,0,4,0.13039931852209968,0,0
26115,1,25,1,4,0.19951039951743244,0,0
26119,3,5,0,4,0.1791084719139957,0,0
26123,3,21,1,4,0.18609316176383053,0,0
26143,4,7,0,4,0.18070148136502007,0,0
26151,3,22,1,4,0.19596356455417732,0,0
26155,2,19,1,4,0.16392614291651672,0,0
26161,2,27,1,4,0.13267060120505356,0,0
27003,1,20,1,4,0.11523051047388527,0,0
27007,3,18,1,4,0.1777985020871471,0,0
27011,2,10,0,4,0.18565757913642625,0,0
27027,2,15,1,4,0.174412334878895,0,0
27039,1,10,0,4,0.14499748695773795,0,0
27051,2,11,0,4,0.17588441148236997,0,0
27055,1,9,0,4,0.12782127002470808,0,0
27071,2,13,0,4,0.17909662649588698,0,0
27073,1,10,0,4,0.1797091051896247,0,0
27083,3,14,1,4,0.1613408542577326,0,0
27091,2,15,0,4,0.17364947668397362,0,0
27101,1,16,0,4,0.17053028924909217,0,0
27109,1,19,1,4,0.1205620950003723,0,0
27129,2,16,1,4,0.1734531102137905,0,0
27133,1,12,0,4,0.16107251754145038,0,0
27145,2,33,1,4,0.14488222639897816,0,0
27161,2,13,0,4,0.17609972160851364,0,0
28005,4,9,0,4,0.16746518653580553,0,0
28007,4,11,1,4,0.21583823223884313,0,0
28045,3,10,1,4,0.1887685653460162,0,1
28047,1,13,0,4,0.15538517109287134,0,1
28049,1,21,0,4,0.1847479043722823,0,0
28053,4,8,0,4,0.28568802989995923,0,0
28069,4,11,1,4,0.20994990461856017,0,1
28071,4,13,1,4,0.1191170182758591,0,0
28083,4,11,1,4,0.25497413235764116,0,0
28093,3,8,1,4,0.1868589298691521,0,0
28129,4,15,0,4,0.1976230731631863,0,0
28131,4,6,1,4,0.18710578059514704,0,0
28135,4,18,1,4,0.24202292620339366,0,0
28145,3,11,1,4,0.1665530427143095,0,0
28157,4,4,0,4,0.2010713963735701,0,0
28159,4,10,1,4,0.2092439740404406,0,0
29009,4,17,1,4,0.2638369901719751,0,0
29017,4,13,1,4,0.25594199601254847,0,0
29019,1,13,1,4,0.110321713001926,0,0
29023,4,10,1,4,0.2758051344035009,0,0
29033,3,10,1,4,0.24140169760473995,0,1
29039,4,9,1,4,0.27989365863556825,0,0
29043,1,21,1,4,0.15381712825726118,0,1
29049,1,11,1,4,0.198079682903667,0,0
29057,3,13,1,4,0.2768901790721127,0,1
29075,3,13,0,4,0.23244696311656116,0,0
29081,4,13,0,4,0.28418100250603223,0,0
29083,4,11,1,4,0.22523736444354636,0,0
29091,4,12,1,4,0.24610254910128754,0,0
29099,1,24,1,4,0.17259160260142423,0,0
29123,3,7,1,4,0.20513544141020812,0,0
29137,3,16,0,4,0.23180901801492995,0,0
29141,4,15,0,4,0.2543229106921608,0,0
29143,4,17,1,4,0.3206559109179411,0,0
29171,3,10,0,4,0.2507210296986201,0,0
29175,3,12,1,4,0.21046567823924384,0,0
29177,2,12,1,4,0.20938862484711096,0,0
29181,4,9,1,4,0.2721389831624714,0,0
29183,1,14,1,4,0.15372276239469482,0,0
29199,3,10,1,4,0.2538448737493048,0,1
29205,3,9,0,4,0.22660862486738548,0,0
29207,1,13,1,4,0.24664608789864312,0,1
29213,3,20,1,4,0.20361596433484588,0,1
29225,3,9,1,4,0.20492626954924084,0,1
29510,4,29,0,4,0.21879851205227974,0,1
30017,2,6,0,4,0.22110191989207398,0,0
30031,2,10,0,4,0.14142766759175504,0,0
30037,3,3,0,4,0.25173279043433733,0,0
30049,1,9,1,4,0.13999099281002353,0,0
30055,3,6,0,4,0.29444745186424576,0,0
30065,3,5,0,4,0.2595400791481659,0,0
30067,2,9,0,4,0.17041557278990624,0,0
30089,4,11,0,4,0.24752588448217186,0,0
30095,1,10,0,4,0.17669258079857275,0,0
30103,3,2,0,4,0.25078064879095713,0,0
30111,2,16,1,4,0.17958793801563278,0,0
31003,2,11,1,4,0.17087184005066047,0,1
31009,2,4,0,4,0.13334448846566,0,0
31013,2,3,1,4,0.24933463331825326,0,0
31033,1,5,1,4,0.20169949539886822,0,1
31045,2,6,1,4,0.19068175828328843,0,1
31049,2,4,0,4,0.23934351213450247,0,0
31055,2,35,0,4,0.14391775570670726,0,0
31069,1,9,0,4,0.22519225717134692,0,0
31093,1,11,1,4,0.15610024877039344,0,1
31109,2,42,1,4,0.13890791766276495,0,0
31119,2,8,1,4,0.14829848403067905,0,1
31121,3,9,0,4,0.16979073295040223,0,0
31145,2,8,0,4,0.1759796593546875,0,0
31147,2,9,0,4,0.22224335997689723,0,0
31151,3,12,0,4,0.2192093234165738,0,0
31153,1,13,1,4,0.13767696036916666,0,0
31167,2,10,0,4,0.1534385988062411,0,0
31175,2,6,0,4,0.1725747755757008,0,0
31179,2,11,1,4,0.15159079691388466,0,1
32029,1,5,0,4,0.1830106885139662,0,0
32031,2,27,0,4,0.19491915944445967,0,0
34007,1,35,0,4,0.12196947080442697,0,0
34011,1,22,1,4,0.15727821155674154,0,0
34013,2,31,0,4,0.15286629715728145,0,0
34019,1,26,1,4,0.09380436309521284,0,0
34021,1,25,1,4,0.10843096333217843,0,0
34025,1,52,0,4,0.09754996121797835,0,0
34039,1,27,0,4,0.1280266689289845,0,0
35015,3,8,1,4,0.10943916075463285,0,1
35025,3,7,1,4,0.24426261254025325,0,0
35039,1,37,1,4,0.16222289470849485,0,0
35045,4,22,0,4,0.26639464373945015,0,1
35051,4,10,1,4,0.2499988077090848,0,0
35055,4,21,1,4,0.17908093021559776,0,1
35057,4,9,0,4,0.2945724083163048,0,0
36011,1,26,1,4,0.14597405049960738,0,0
36035,3,14,0,4,0.14988653845510766,0,0
36041,2,13,1,4,0.14108462440742103,0,1
36057,3,20,1,4,0.15705295243426368,0,1
36063,1,22,1,4,0.1821741651001775,0,0
36103,1,108,0,4,0.10504765525159128,0,0
36107,2,15,1,4,0.13386074054515462,0,0
37001,3,12,1,4,0.1578521878407017,0,0
37005,4,7,0,4,0.19417253659943445,0,0
37033,3,16,0,4,0.17247390684083697,0,0
37041,3,4,1,4,0.18032894484533027,0,0
37055,1,14,1,4,0.1301638394278856,0,0
37071,3,18,1,4,0.1542682133286292,0,0
37085,3,16,1,4,0.14535764356115982,0,0
37087,2,7,0,4,0.15270162068453305,0,0
37089,2,15,1,4,0.11654640614168284,0,0
37095,4,7,0,4,0.24046467890133458,0,0
37105,3,4,1,4,0.1537617669905633,0,1
37129,3,10,1,4,0.11419060703461366,0,0
37139,3,1,0,4,0.18351348218996755,0,0
37153,4,11,1,4,0.2052206939586428,0,0
37159,3,19,1,4,0.1618451586598821,0,0
37171,4,12,1,4,0.1777519547222793,0,0
37185,4,8,1,4,0.22192414329923194,0,0
37193,4,23,1,4,0.16909490675472075,0,0
37197,3,7,0,4,0.1770304889381087,0,0
38005,3,18,0,4,0.248665029673688,0,0
38021,1,8,0,4,0.18224856795692385,0,0
38033,1,4,0,4,0.18729215287573234,0,0
38057,1,10,0,4,0.21352326566489524,0,0
38071,1,12,0,4,0.08611682880492415,0,0
38087,1,9,0,4,0.18984383113622333,0,0
38097,1,12,0,4,0.1512634174750811,0,0
39009,4,18,1,4,0.15330851902804138,0,0
39019,2,20,1,4,0.18999765537398308,0,0
39061,1,57,0,4,0.15429993952153975,0,1
39067,3,16,0,4,0.2153700304794616,0,0
39069,1,17,0,4,0.20158793062922983,0,0
39099,2,36,1,4,0.21415265411880616,0,0
39121,2,15,1,4,0.16875572059185334,0,0
39135,1,16,1,4,0.2447799781310294,0,0
39155,3,30,1,4,0.21256660182806478,0,0
39157,2,27,0,4,0.18013826428878205,0,0
39159,1,20,1,4,0.16221728712475436,0,1
40001,4,8,1,4,0.31837088922445483,0,0
40003,1,13,1,4,0.22587972531978823,0,1
40005,4,15,0,4,0.31478539572750625,0,0
40009,3,6,1,4,0.2513101077601019,0,0
40011,3,13,1,4,0.2773849619218688,0,1
40027,2,21,0,4,0.19147224721519865,0,0
40049,3,13,1,4,0.2915256846357288,0,0
40053,1,10,1,4,0.25300567576335253,0,1
40067,4,8,1,4,0.3649802818253641,0,1
40071,4,10,1,4,0.3061753226251246,0,1
40073,2,12,1,4,0.2873463767208075,0,0
40083,2,15,1,4,0.23307610689206626,0,1
40105,3,7,1,4,0.3261304398682971,0,1
40117,3,12,1,4,0.2800788900396882,0,0
40121,3,19,1,4,0.28059806851236707,0,1
40127,4,16,1,4,0.2944293902687769,0,0
40145,2,15,1,4,0.2364938798337081,0,1
40149,3,18,1,4,0.2501162229521736,0,0
41005,1,37,1,4,0.15147991617200382,0,0
41009,2,9,1,4,0.17764064151202558,0,1
41017,1,7,1,4,0.16627648183476226,0,0
41021,2,4,0,4,0.28098070980051254,0,0
41031,3,8,1,4,0.250056145470194,0,0
41047,3,26,1,4,0.22174807505248742,0,0
41049,3,7,1,4,0.303514578797431,0,0
41053,2,11,1,4,0.18139329766761278,0,0
41055,2,5,0,4,0.2820332916694586,0,0
41057,2,16,0,4,0.1819500221841732,0,0
41059,3,14,1,4,0.28819684938983536,0,0
41063,2,5,0,4,0.21724426580649278,0,0
42001,1,17,1,4,0.15719869689871296,0,0
42009,2,28,1,4,0.17639715532868827,0,0
42031,3,31,0,4,0.15603186185413043,0,0
42033,3,51,1,4,0.157999555785553,0,0
42035,3,15,0,4,0.15198082512203842,0,0
42043,2,30,1,4,0.17744339449751553,0,0
42045,1,44,0,4,0.12323560681156674,0,0
42057,2,17,0,4,0.18558033504487328,0,0
42067,2,13,0,4,0.1972390820008586,0,0
42075,2,19,1,4,0.18721567497152342,0,0
42077,1,34,0,4,0.1620995175621005,0,0
42079,3,50,1,4,0.1478353375772203,0,0
42085,2,28,1,4,0.16884945214398106,0,0
42089,2,35,1,4,0.13385051268196155,0,0
42101,4,46,0,4,0.1714292739120156,0,1
42105,3,15,0,4,0.1916856566321952,0,0
42107,2,59,1,4,0.18741677191638065,0,0
42111,2,40,1,4,0.16226557491072455,0,0
44003,1,9,1,4,0.11097911000005015,0,0
44005,1,8,1,4,0.0929203229925557,0,0
44007,1,39,0,4,0.13142099402360508,0,0
45005,4,6,1,4,0.2842134436608652,0,1
45007,3,19,0,4,0.1714376335183162,0,0
45013,1,16,1,4,0.1512945501239344,0,0
45023,4,10,1,4,0.21667419358835333,0,1
45033,4,11,1,4,0.24386284157621035,0,1
45041,3,12,1,4,0.187148073425452,0,0
45043,3,5,1,4,0.17674789973777147,0,0
45049,4,13,1,4,0.2631254092392758,0,0
45051,3,16,1,4,0.16520966846689816,0,0
45057,3,5,1,4,0.15608343489781953,0,0
45061,4,12,0,4,0.25180253608854014,0,0
45071,3,11,0,4,0.22499715607181872,0,0
45075,1,24,0,4,0.2549671337100644,0,1
45077,3,15,1,4,0.1411336260228418,0,0
45087,4,9,1,4,0.21588983209154441,0,0
46011,2,12,0,4,0.12517412438818598,0,0
46031,4,15,1,4,0.3010175833008457,0,1
46033,3,9,1,4,0.21487262034490096,0,1
46039,1,12,0,4,0.1718597194788423,0,0
46051,1,12,0,4,0.15478430606448168,0,0
46053,3,8,0,4,0.19772733570459172,0,0
46067,2,13,1,4,0.17206317089309817,0,1
46071,4,12,0,4,0.291296770721752,0,0
46075,1,5,0,4,0.17004165294440232,0,0
46079,2,14,0,4,0.14177555656318477,0,0
46087,2,12,0,4,0.15710850811643146,0,0
46101,2,13,0,4,0.14949032855767283,0,0
46102,4,11,0,4,0.30262582692324425,0,0
47033,4,8,1,4,0.28805721647028565,0,0
47047,1,15,0,4,0.16275496596643538,0,0
47057,4,9,0,4,0.25329852548379383,0,0
47073,4,12,1,4,0.24662590572938747,0,0
47075,4,6,1,4,0.30130049662215413,0,0
47077,4,14,1,4,0.2504348681775379,0,0
47081,3,13,0,4,0.21166721353899323,0,0
47093,2,30,0,4,0.1596682474568461,0,0
47101,4,7,1,4,0.203284455140889,0,0
47103,3,12,0,4,0.21824694019105284,0,0
47109,4,15,1,4,0.21761367117652222,0,0
47113,3,13,0,4,0.2300437163910789,0,1
47123,4,9,1,4,0.20295706239053177,0,1
47127,3,10,0,4,0.2010937448062845,0,0
47145,2,10,1,4,0.1720194107636363,0,0
47155,3,10,1,4,0.22949556644980246,0,0
47171,4,6,0,4,0.21937714921538565,0,0
47175,4,7,1,4,0.24086372814462748,0,1
47183,4,12,1,4,0.24330968211250495,0,1
48019,2,7,1,4,0.23335970060187633,0,0
48023,2,2,1,4,0.22773381040633442,0,1
48031,1,8,1,4,0.24675616617988025,0,1
48039,1,20,0,4,0.19788888980377226,0,0
48043,3,4,1,4,0.20869200348435554,0,1
48055,3,14,1,4,0.26288907735122263,0,0
48069,3,10,0,4,0.26134258282339784,0,0
48089,2,18,1,4,0.25859160586911273,0,0
48091,1,14,1,4,0.16545176294481803,0,0
48097,2,14,1,4,0.236332207033062,0,1
48099,1,17,1,4,0.11137936921326184,0,1
48125,4,7,1,4,0.2896808236079118,0,1
48127,4,6,1,4,0.33200978197048236,0,1
48129,3,6,0,4,0.26114682327182426,0,0
48155,4,3,0,4,0.27240075155489857,0,0
48157,1,34,0,4,0.15793271003460124,0,0
48161,4,9,1,4,0.238146692372372,0,0
48179,4,7,0,4,0.2749972083030135,0,0
48185,3,11,1,4,0.26924681804246803,0,0
48193,3,10,1,4,0.2726805830633912,0,1
48209,2,14,1,4,0.1666462155639226,0,0
48215,4,28,0,4,0.2930550996948139,0,0
48223,3,13,1,4,0.23378504150431922,0,0
48229,3,6,0,4,0.20363996060536232,0,0
48235,2,4,0,4,0.17093782792727907,0,0
48241,4,9,1,4,0.22829858662523037,0,1
48263,3,4,0,4,0.2448070073527949,0,0
48267,1,6,0,4,0.1674956927043273,0,0
48269,4,2,1,4,0.2901860184167602,0,1
48273,4,4,1,4,0.255642345058327,0,0
48281,2,6,1,4,0.236212987703401,0,0
48293,4,14,1,4,0.2783089392782976,0,0
48295,2,7,0,4,0.22789450718864981,0,0
48299,1,10,1,4,0.19610420768080974,0,0
48303,1,25,1,4,0.21326850711411177,0,0
48317,1,8,1,4,0.17532602367125436,0,1
48323,4,3,1,4,0.30993515880793243,0,1
48331,3,13,1,4,0.2868131597493507,0,0
48337,3,10,1,4,0.2803978562522388,0,0
48339,1,27,0,4,0.1670994329841829,0,0
48343,4,7,1,4,0.24931847802132495,0,0
48361,2,4,1,4,0.2123867163278993,0,0
48377,4,4,1,4,0.3272032270542451,0,1
48385,4,8,0,4,0.30108511475951866,0,0
48407,4,8,1,4,0.257845659469528,0,0
48417,4,5,0,4,0.20206921173429696,0,0
48435,1,2,0,4,0.12345165506393092,0,0
48437,4,5,1,4,0.3192682199390825,0,1
48445,4,6,1,4,0.31428175708747774,0,0
48447,4,7,0,4,0.2367014946926916,0,0
48455,4,7,1,4,0.21330716689599183,0,0
48459,3,12,1,4,0.21512242821096458,0,0
48471,4,9,1,4,0.19516926040928634,0,0
48489,4,6,0,4,0.35315164888825346,0,0
48491,1,25,0,4,0.1558086859617967,0,0
48497,2,17,1,4,0.22443611086216392,0,1
48505,4,5,1,4,0.33971877635406483,0,0
49013,2,12,0,4,0.25320053875611864,0,0
49015,2,9,0,4,0.20624918205708423,0,0
49021,4,10,1,4,0.17954532537135554,0,0
49031,3,6,0,4,0.18851734269200093,0,0
49037,3,12,1,4,0.2448877963193263,0,0
49043,1,9,1,4,0.14662531010526408,0,1
49055,2,6,0,4,0.17563687339651876,0,0
51007,1,5,1,4,0.19586256193097906,0,0
51009,2,9,1,4,0.1663558184545614,0,1
51023,1,12,0,4,0.13229685588699905,0,0
51029,3,11,0,4,0.19765359478134137,0,0
51045,1,5,0,4,0.11826904502121038,0,0
51053,3,12,0,4,0.2096581691497815,0,0
51061,1,24,1,4,0.11897981603293385,0,0
51071,2,10,0,4,0.14426160881654784,0,0
51075,1,15,1,4,0.10782243874425212,0,0
51081,4,4,1,4,0.21911351249096508,0,0
51083,3,14,1,4,0.21961255830169196,0,1
51095,1,4,1,4,0.10671822359382671,0,0
51097,2,14,0,4,0.18098815247888467,0,0
51105,4,11,1,4,0.2157709906532369,0,0
51107,1,21,1,4,0.09010440620216773,0,0
51117,3,13,1,4,0.2080426934650849,0,1
51119,1,12,1,4,0.16869605208034763,0,1
51131,3,11,1,4,0.187108910585639,0,0
51135,4,7,1,4,0.20606848960561042,0,0
51159,3,5,1,4,0.20310346684967764,0,1
51165,2,22,0,4,0.151814626376527,0,0
51171,2,14,1,4,0.16336136240809318,0,1
51181,3,10,0,4,0.20776491145425083,0,0
51183,1,11,0,4,0.03276789821742037,0,0
51191,2,10,1,4,0.16705902273720882,0,0
51520,4,2,1,4,0.23558304546999334,0,0
51580,3,1,0,4,0.17399591611064757,0,0
51595,4,1,1,4,0.21903737493262543,0,1
51710,1,15,1,4,0.16750864816458427,0,0
51730,3,2,1,4,0.19993176380170805,0,1
51735,1,1,0,4,0.11597824148353025,0,0
51760,1,15,0,4,0.1645959851745244,0,0
51790,1,2,0,4,0.1422306161593657,0,0
51820,3,1,0,4,0.17551873316207975,0,0
51830,1,2,0,4,0.11202025109352069,0,0
53003,3,3,1,4,0.24848725571964553,0,0
53005,2,12,1,4,0.20519132561715012,0,0
53013,3,5,0,4,0.23362184372314432,0,0
53021,3,7,1,4,0.24008299242468747,0,0
53031,2,9,1,4,0.16483780472566525,0,0
53037,3,12,0,4,0.2085542746220042,0,0
53043,2,14,0,4,0.2336804219191765,0,0
53051,3,9,0,4,0.21697982524937634,0,0
53073,2,18,1,4,0.15033747732873695,0,0
54003,2,11,1,4,0.19945171283992763,0,0
54007,4,18,0,4,0.2246185026589756,0,0
54009,2,8,1,4,0.2003412246744847,0,0
54023,3,12,0,4,0.22656745119003294,0,0
54027,3,20,0,4,0.23518010581179422,0,0
54037,1,9,1,4,0.17278286508036098,0,0
54045,4,33,0,4,0.22243197200870127,0,0
54057,2,10,0,4,0.18530609943091123,0,0
54059,4,18,1,4,0.22239329134083005,0,0
54077,3,16,0,4,0.2193030549914779,0,0
54083,4,22,1,4,0.19540940720526076,0,0
54099,4,17,1,4,0.2264209373930383,0,1
55009,1,19,1,4,0.11493547118760251,0,0
55011,1,9,0,4,0.15996116061059198,0,0
55063,2,15,1,4,0.128376676954001,0,0
55091,1,6,0,4,0.14048709206574292,0,0
55097,2,21,1,4,0.11305985263845941,0,0
55121,1,14,1,4,0.13824898439770555,0,0
55123,3,18,1,4,0.1547670332647819,0,0
55125,2,12,1,4,0.1430056824117316,0,0
56021,1,12,1,4,0.1825873707596842,0,0
