county_fips,poverty_quartile,n_zctas_in_county,suppression_flag,fold,prob_high_risk,pred_high_risk,true_label
01009,3,17,1,0,0.5112470774928213,1,0
01011,4,7,1,0,0.5840511639780788,1,1
01013,4,8,0,0,0.5833410321221167,1,0
01037,3,11,1,0,0.5315172777158629,1,0
01041,3,11,0,0,0.5390592275688999,1,0
01047,4,10,1,0,0.5849084284899744,1,0
01061,4,14,0,0,0.5389405758464119,1,0
01073,1,62,0,0,0.4861218011624265,0,0
01089,1,25,1,0,0.41665529943722546,0,0
01097,1,36,0,0,0.48816688024258337,0,0
01099,4,17,1,0,0.5622981095342714,1,0
01109,1,9,1,0,0.609713605169402,1,1
01111,3,8,1,0,0.5305877470044774,1,0
01121,4,12,1,0,0.5541076211927244,1,0
01129,4,16,1,0,0.561722226563306,1,0
04011,2,3,0,0,0.4899131308119028,0,0
04012,4,8,0,0,0.6175371977277788,1,1
04013,1,136,0,0,0.49376171728922313,0,1
04017,4,33,0,0,0.5811432413648621,1,1
04025,2,31,0,0,0.4980082195809465,0,1
05009,3,9,1,0,0.507601487027361,1,0
05011,4,7,1,0,0.5653490744633394,1,0
05021,4,13,1,0,0.6233898663983893,1,0
05025,4,7,1,0,0.5312567076591477,1,1
05029,4,15,1,0,0.5881351047922345,1,0
05031,1,16,1,0,0.5326574655114596,1,0
05043,4,9,1,0,0.5159881198141643,1,0
05051,3,10,1,0,0.49222498700117195,0,0
05061,4,8,1,0,0.5927880423949039,1,0
05083,4,12,1,0,0.5791299426619672,1,0
05127,4,10,1,0,0.6030872490610395,1,1
05133,4,7,1,0,0.5781955655424184,1,0
05145,4,17,1,0,0.5658107815724766,1,0
05149,4,13,1,0,0.5890803300537304,1,0
06003,1,3,0,0,0.48828632192157856,0,0
06009,1,20,1,0,0.5099906186849165,1,1
06015,4,4,1,0,0.4823115423734503,0,0
06021,3,7,1,0,0.6199232776770615,1,0
06023,4,36,1,0,0.4626354857616824,0,0
06037,1,292,0,0,0.15939725433477703,0,0
06041,1,29,1,0,0.3003204932339962,0,0
06043,3,13,1,0,0.5578108610771422,1,0
06047,4,24,0,0,0.6193438547700575,1,0
06049,3,13,0,0,0.6375854006841841,1,0
06051,1,9,0,0,0.4746386067215601,0,0
06055,1,12,1,0,0.41804239168502133,0,0
06059,1,91,0,0,0.3818309254965533,0,0
06061,1,34,0,0,0.39929152961960973,0,0
06063,2,17,1,0,0.4595167478332084,0,0
06069,2,7,1,0,0.4837634739176404,0,0
06071,3,93,0,0,0.5626499108672189,1,0
06077,1,36,0,0,0.5546848933656802,1,0
06087,2,17,1,0,0.3787510913280175,0,0
06115,3,17,1,0,0.5750710998165653,1,1
08011,4,6,0,0,0.5841469262305634,1,0
08041,1,45,0,0,0.40409525014076847,0,0
08043,3,11,1,0,0.4313017236561116,0,1
08059,1,33,1,0,0.34366126150492254,0,0
08061,3,5,0,0,0.5217657694769924,1,0
08067,1,6,1,0,0.38573084417823955,0,1
08093,1,12,0,0,0.19755846022187268,0,0
08123,1,41,1,0,0.47108369257755606,0,0
09001,1,46,1,0,0.30492943850621373,0,0
09003,1,58,1,0,0.3827521686537375,0,0
09011,1,31,1,0,0.33703193250748015,0,0
09013,1,17,0,0,0.28838750029435783,0,0
10001,1,18,1,0,0.508525246505059,1,0
12013,3,8,0,0,0.490179727701552,0,0
12021,1,23,0,0,0.3706630156134288,0,0
12027,4,4,0,0,0.5340513826292279,1,0
12031,1,36,0,0,0.3922390562601217,0,0
12033,1,18,1,0,0.38872514237472117,0,0
12061,2,9,1,0,0.4058097244096964,0,0
12071,1,38,0,0,0.3759684836313478,0,0
12089,1,6,1,0,0.34874753105081613,0,0
12093,4,2,0,0,0.5342705513339011,1,0
12109,1,12,1,0,0.30236021082629466,0,0
12119,1,11,1,0,0.42240187423119796,0,0
12123,1,6,0,0,0.36982764603270235,0,0
12125,1,5,0,0,0.4333042728837563,0,0
13003,4,5,1,0,0.6055255718885935,1,1
13007,3,6,0,0,0.5483979747680873,1,0
13011,3,11,0,0,0.4690450223140011,0,0
13021,1,12,1,0,0.5611851279780687,1,0
13031,1,11,1,0,0.5039283345043248,1,0
13037,4,6,0,0,0.644152034111777,1,0
13039,3,8,1,0,0.39847723233401755,0,1
13049,4,4,0,0,0.5727095011527417,1,0
13055,4,6,1,0,0.5218780299399084,1,0
13069,4,10,1,0,0.6025671272625054,1,1
13071,4,13,1,0,0.6083971615097494,1,0
13073,1,7,1,0,0.33118146442775964,0,0
13079,3,7,0,0,0.5531045732149369,1,0
13103,1,8,1,0,0.4003930311906971,0,1
13105,4,4,0,0,0.5693396137422746,1,0
13115,4,13,1,0,0.481289721088463,0,0
13119,3,10,1,0,0.5172804890978434,1,0
13121,1,46,0,0,0.3624220677719728,0,0
13137,3,7,1,0,0.41598085589106437,0,1
13143,3,7,0,0,0.4395795514002144,0,0
13151,2,11,1,0,0.3896129960155737,0,0
13169,4,8,1,0,0.5540865248352331,1,0
13173,4,5,0,0,0.5672576150527245,1,0
13175,4,15,1,0,0.5895582815812722,1,1
13187,3,4,0,0,0.3998358581525804,0,0
13191,3,4,1,0,0.5453473888961959,1,0
13193,4,10,1,0,0.6153390070660875,1,0
13227,2,9,1,0,0.3596817004059052,0,0
13253,4,4,1,0,0.6096121054273285,1,1
13255,4,7,0,0,0.5132955585687817,1,0
13261,4,8,1,0,0.5807499448431792,1,0
13263,4,8,0,0,0.5310472061704609,1,0
13283,4,6,0,0,0.5989393568156677,1,0
13307,4,6,0,0,0.5680981911579452,1,0
13309,4,4,1,0,0.5874054340895897,1,1
13315,4,8,1,0,0.6034291941302209,1,1
13317,4,5,1,0,0.5977167215767423,1,1
13321,4,12,0,0,0.6150367056029364,1,0
16033,4,3,0,0,0.553944317651612,1,0
16055,2,13,1,0,0.39481331794195057,0,0
16059,3,10,1,0,0.5367157923778637,1,1
16065,1,8,0,0,0.36326374526028427,0,0
16067,3,5,0,0,0.5950066505289973,1,0
16077,4,4,0,0,0.5744548403172572,1,0
17009,2,5,0,0,0.40266571293139175,0,0
17011,2,30,1,0,0.4801774869512256,0,1
17029,4,16,0,0,0.4653258123262932,0,0
17049,2,15,1,0,0.4045554958296033,0,0
17059,4,9,1,0,0.5758515332280163,1,1
17065,2,13,0,0,0.48594137154904826,0,0
17083,1,11,0,0,0.3885650540034512,0,0
17095,3,22,1,0,0.5549347087617439,1,1
17099,2,28,1,0,0.49264139465206086,0,0
17103,2,24,1,0,0.46027186336708087,0,0
17109,4,17,1,0,0.47655158559313465,0,1
17135,3,28,0,0,0.48113353605046955,0,0
17143,1,27,0,0,0.43865482686725804,0,0
17147,1,16,0,0,0.3934111592284657,0,0
17157,2,18,1,0,0.4930307387185408,0,0
17159,3,9,1,0,0.4951884208279397,0,0
17163,2,34,0,0,0.4653987637951141,0,1
17169,3,12,0,0,0.42771145191662807,0,0
17171,2,9,1,0,0.4458305890950664,0,1
17183,3,27,1,0,0.5099563789799276,1,0
17203,1,16,1,0,0.3752993972506567,0,0
18001,3,8,1,0,0.5711358151278423,1,1
18003,2,33,1,0,0.46651419925222604,0,0
18019,2,15,1,0,0.45692416797754837,0,0
18023,3,12,1,0,0.5545553343416411,1,0
18025,3,9,0,0,0.5483693699015558,1,0
18027,3,7,0,0,0.5306344032005059,1,0
18035,4,21,1,0,0.5677781197640943,1,0
18041,4,8,0,0,0.6172604647139485,1,0
18045,2,10,0,0,0.5151907669174525,1,0
18047,1,15,1,0,0.4810126432424563,0,0
18057,1,23,0,0,0.3289197329474043,0,0
18061,2,16,1,0,0.4452537288552284,0,1
18081,1,12,1,0,0.46942794001598215,0,0
18101,2,7,1,0,0.5072580512183741,1,1
18115,2,5,0,0,0.4696836371942972,0,0
18141,3,24,1,0,0.5313167361735812,1,0
18153,3,13,1,0,0.5196607715826382,1,0
18163,3,11,1,0,0.509695402730142,1,0
18177,3,17,1,0,0.5823902829046856,1,0
19015,3,18,1,0,0.46271297286315,0,0
19017,1,12,0,0,0.35699691563846303,0,0
19027,1,16,1,0,0.44332197488567165,0,0
19043,2,24,0,0,0.4326674261500971,0,0
19047,3,19,0,0,0.4768704177718667,0,0
19053,3,11,0,0,0.4802652767802373,0,0
19055,1,16,0,0,0.396986114720036,0,0
19057,3,12,1,0,0.48013996875685827,0,1
19061,2,19,1,0,0.33246776915504733,0,0
19069,2,17,0,0,0.4477260363770742,0,0
19071,2,11,1,0,0.4930221333400301,0,1
19089,2,9,0,0,0.41906393536365305,0,0
19097,2,14,1,0,0.4107698056770803,0,0
19099,1,19,1,0,0.4350383500681109,0,1
19109,2,21,1,0,0.46964753703907625,0,0
19111,3,12,1,0,0.4843180481000158,0,0
19113,1,29,1,0,0.3635399209026238,0,0
19119,1,12,0,0,0.41787907673335356,0,0
19127,2,21,1,0,0.5007662423440794,1,1
19137,3,10,0,0,0.49584838338612025,0,0
19139,2,13,0,0,0.4479563712257363,0,0
19145,2,12,1,0,0.47215797770617857,0,0
19161,2,16,1,0,0.4443333659465747,0,1
19165,1,19,0,0,0.4430718218425853,0,0
19181,1,19,1,0,0.3916061758408986,0,1
19191,1,12,0,0,0.33451453551937044,0,0
20011,4,13,1,0,0.5704528994842422,1,0
20013,2,13,0,0,0.5258947486132687,1,0
20015,2,20,1,0,0.5308433118122651,1,0
20017,3,11,0,0,0.575630810243888,1,0
20029,3,8,1,0,0.5072193483103657,1,1
20033,1,3,0,0,0.4772262030464782,0,0
20035,3,14,1,0,0.5961645792766077,1,1
20067,2,3,1,0,0.560231537844997,1,1
20071,1,2,0,0,0.5527448165285841,1,0
20079,1,13,1,0,0.5039257250449747,1,1
20083,2,8,1,0,0.5072625381273057,1,1
20103,1,13,1,0,0.4742592521266456,0,0
20107,3,11,0,0,0.5365315783573062,1,0
20109,2,7,0,0,0.44887795741326764,0,0
20111,3,12,1,0,0.5732972656297312,1,0
20119,1,5,0,0,0.5841205212878999,1,0
20121,1,11,1,0,0.4077724673464741,0,1
20151,2,11,0,0,0.5000608969631718,1,0
20155,2,22,1,0,0.5554776980702553,1,0
20157,2,15,0,0,0.44655522936333963,0,0
20173,2,50,0,0,0.5116638307016188,1,0
21019,3,4,1,0,0.5088948040451532,1,1
21027,3,18,1,0,0.5787578069224909,1,0
21039,4,4,0,0,0.6495453069902728,1,0
21041,4,8,1,0,0.5616299830983281,1,1
21045,4,15,0,0,0.5934679507749909,1,0
21049,3,4,1,0,0.49536241562253935,0,1
21051,4,10,1,0,0.5819735880591786,1,0
21059,3,10,1,0,0.559060050009514,1,0
21061,4,12,1,0,0.5591789719905608,1,0
21063,4,6,1,0,0.5659650791083237,1,1
21065,4,5,0,0,0.5805166284942387,1,0
21111,2,41,0,0,0.465049980190998,0,0
21119,4,24,1,0,0.5487094912563312,1,0
21137,4,11,1,0,0.5810414707099908,1,0
21143,3,4,0,0,0.6352375124324946,1,0
21147,4,8,0,0,0.5710832229943588,1,0
21151,1,5,1,0,0.5027372638036792,1,0
21161,4,5,1,0,0.5350665466114017,1,0
21167,2,5,1,0,0.5322717319587209,1,0
21175,4,8,1,0,0.5489971100713816,1,0
21189,4,6,0,0,0.5742223443792868,1,0
21203,4,7,1,0,0.5479943545792016,1,0
21209,2,6,1,0,0.4630229210385634,0,1
21225,4,5,1,0,0.5844214085242917,1,0
22019,3,16,1,0,0.5055083774985292,1,0
22031,4,10,1,0,0.5627483822236277,1,0
22035,4,4,0,0,0.6288220781808689,1,0
22037,3,8,0,0,0.5415053881176519,1,0
22055,1,16,1,0,0.4530910115358206,0,0
22069,4,16,1,0,0.586990034485438,1,0
22091,3,7,0,0,0.5701252418687732,1,0
22095,3,6,1,0,0.5329989197024629,1,1
22109,3,13,1,0,0.5403554734408803,1,0
22119,4,12,1,0,0.6212239928750838,1,1
22123,4,4,1,0,0.599935056285437,1,0
22127,4,12,1,0,0.568630361694514,1,0
23023,1,8,0,0,0.2949573451689782,0,0
23027,2,18,1,0,0.3710769149400679,0,1
24005,1,54,0,0,0.38818663024268524,0,1
24013,1,15,1,0,0.2982981666820604,0,0
24019,3,18,1,0,0.5222412053853199,1,1
24041,1,16,1,0,0.38833919728650496,0,0
24043,1,20,1,0,0.44476555118024386,0,0
26009,2,16,1,0,0.4198425233861886,0,0
26015,1,15,1,0,0.44161449043546896,0,0
26039,3,4,0,0,0.4744951788453165,0,0
26041,3,13,1,0,0.4431974083889708,0,1
26051,4,7,0,0,0.531780067876731,1,0
26053,4,7,0,0,0.4301727981357578,0,0
26059,3,18,1,0,0.5192068618416781,1,0
26063,2,18,1,0,0.5231877940284936,1,1
26097,3,15,0,0,0.4982625932405331,0,0
26109,3,14,0,0,0.4518019002503748,0,0
26125,1,71,0,0,0.34059370429689356,0,0
26127,3,12,1,0,0.4816033915548393,0,0
26135,3,8,0,0,0.4903405118740901,0,0
26145,3,28,1,0,0.5071631956183742,1,0
27013,3,20,0,0,0.38403379354978134,0,0
27017,2,15,0,0,0.35294103759708806,0,0
27029,3,11,0,0,0.5533959958574854,1,0
27049,1,17,1,0,0.36795372296302314,0,1
27065,2,9,0,0,0.40431589005941304,0,0
27067,2,16,0,0,0.4051178054136634,0,0
27087,4,8,0,0,0.6341442571647775,1,0
27103,1,10,0,0,0.33765621142305674,0,0
27105,3,17,0,0,0.47818732504028894,0,0
27115,2,16,1,0,0.42540258091176886,0,0
27131,1,16,1,0,0.40641982587553527,0,0
27153,2,19,1,0,0.4320201834690866,0,0
27169,2,14,1,0,0.37030074552775755,0,1
28003,4,5,1,0,0.46771448217541217,0,1
28019,4,9,1,0,0.47077168290530913,0,1
28023,4,9,1,0,0.4257426809005645,0,0
28055,4,6,0,0,0.5063447249146638,1,0
28073,3,6,1,0,0.34703435561453827,0,0
28091,4,8,1,0,0.5247041372629796,1,0
28097,4,7,1,0,0.5391155656073409,1,1
28101,4,11,1,0,0.4961112439767766,0,0
28115,4,11,1,0,0.4611922536687688,0,0
28117,4,8,0,0,0.5160570147655876,1,0
28125,1,7,0,0,0.22565678106260662,0,0
28127,3,10,1,0,0.47897684893882997,0,0
28141,4,9,1,0,0.4808673977501515,0,0
28143,4,5,0,0,0.6709007040323678,1,0
28151,4,8,0,0,0.6424260286167226,1,1
28163,4,8,1,0,0.5651813469607353,1,0
29005,2,9,0,0,0.5289987605616634,1,0
29021,3,15,1,0,0.5358244227298095,1,0
29025,3,10,1,0,0.5421678009251631,1,1
29035,3,5,1,0,0.4867940287591919,0,1
29041,3,12,1,0,0.5128910790978141,1,1
29065,4,8,1,0,0.5144541799902749,1,0
29069,4,14,1,0,0.6877325421125446,1,1
29073,2,11,0,0,0.46600889629842845,0,0
29077,3,21,0,0,0.4612192144224263,0,0
29089,3,10,0,0,0.5008907146209713,1,0
29107,2,16,1,0,0.5009635103636682,1,1
29115,3,15,1,0,0.5209753594543128,1,0
29133,4,6,1,0,0.6969674556576988,1,0
29147,4,18,1,0,0.4968813311196293,0,0
29159,3,15,1,0,0.5403099064576501,1,1
29167,3,18,0,0,0.7275559203341738,1,0
29185,4,16,1,0,0.560482756620726,1,1
29195,3,13,1,0,0.5181903171285542,1,0
29223,4,14,1,0,0.5662574262507839,1,0
29227,3,7,0,0,0.5463955510057839,1,0
30001,3,10,0,0,0.45958319038378787,0,0
30005,4,9,1,0,0.6605594044192026,1,1
30019,1,4,0,0,0.45267289735689087,0,0
30023,4,5,0,0,0.4983094919520934,0,0
30033,2,8,0,0,0.49954434370100526,0,0
30041,3,10,0,0,0.5738466131718659,1,0
30043,2,9,0,0,0.4193262486662089,0,0
30047,3,15,1,0,0.513493400667268,1,0
30075,3,6,0,0,0.5467243754856945,1,0
30091,1,11,0,0,0.44158759653000995,0,0
30107,2,6,0,0,0.5719947766697034,1,0
31011,2,8,1,0,0.433713651257668,0,1
31017,3,4,0,0,0.48284613064398124,0,0
31025,1,20,1,0,0.39409202579437735,0,0
31029,2,7,1,0,0.3268762082726191,0,1
31031,3,18,0,0,0.5042520320573949,1,0
31035,2,15,0,0,0.38596994110743577,0,0
31039,2,11,0,0,0.43654954636563176,0,0
31043,3,8,0,0,0.4365828705036794,0,0
31047,3,11,0,0,0.44314915113081066,0,0
31061,2,8,1,0,0.46653380974163305,0,1
31063,2,12,0,0,0.428144787418366,0,0
31071,2,3,0,0,0.4566682826204441,0,0
31073,2,9,0,0,0.44525089147629837,0,0
31105,3,5,0,0,0.5548003465483375,1,0
31125,2,8,0,0,0.42973549594643534,0,0
31129,2,10,0,0,0.4467287194286622,0,0
31131,1,19,1,0,0.4171606438536731,0,0
31139,1,9,0,0,0.37862453119527717,0,0
31169,1,15,0,0,0.43229904759488436,0,0
31173,4,10,1,0,0.6259163436450516,1,1
31185,1,15,1,0,0.3799207983385941,0,0
32003,1,73,0,0,0.5433174774176701,1,1
32011,1,4,0,0,0.6006334916926365,1,0
32013,1,7,1,0,0.5997774747687428,1,0
32033,2,7,1,0,0.5668481035015215,1,1
32510,2,4,0,0,0.5282250774915455,1,0
33003,1,30,0,0,0.3819874652446794,0,0
33005,1,27,1,0,0.3262518818576966,0,1
33009,1,37,1,0,0.2934795754122243,0,0
34009,1,15,1,0,0.37390538084799424,0,0
34015,1,30,1,0,0.3245752824418923,0,0
34037,1,21,1,0,0.2643664382247883,0,0
35006,4,17,0,0,0.6707213947871691,1,0
35023,4,5,0,0,0.6085750405667338,1,0
35027,3,14,0,0,0.4843677146081004,0,0
35041,4,9,1,0,0.5801394896963751,1,0
35043,1,21,1,0,0.44631181628398076,0,0
35061,4,8,1,0,0.598994560257382,1,1
36005,4,28,0,0,0.5609053884404328,1,0
36007,3,31,1,0,0.39193071521539175,0,0
36013,3,36,1,0,0.4624691182413285,0,0
36029,2,70,0,0,0.42665719837824134,0,0
36047,3,39,0,0,0.44177145822684566,0,0
36055,1,50,1,0,0.4000493571760156,0,0
36081,2,63,0,0,0.3838997752909853,0,0
36093,1,19,1,0,0.3479525652033025,0,0
36105,2,62,1,0,0.4107945697216823,0,0
36115,2,27,1,0,0.3692561380532136,0,0
37009,1,12,0,0,0.4297216649310306,0,0
37023,4,16,1,0,0.4175140617570666,0,0
37029,2,5,0,0,0.4094438178112577,0,0
37031,2,19,1,0,0.3770219309387465,0,0
37051,1,24,1,0,0.45333066970000374,0,0
37053,1,15,1,0,0.38401364630741597,0,0
37057,3,12,1,0,0.4185485093125233,0,0
37079,4,11,1,0,0.5358926227133881,1,0
37081,3,31,0,0,0.3657927307900175,0,0
37107,4,10,1,0,0.5328449197961403,1,0
37109,2,11,1,0,0.3871644777769801,0,0
37119,2,32,0,0,0.33743272407228,0,0
37135,2,14,1,0,0.2734239729165974,0,0
37141,3,13,1,0,0.3967359919326165,0,1
37143,3,6,0,0,0.4905901601095056,0,0
37169,2,16,1,0,0.42024118902450286,0,0
37179,1,12,1,0,0.3368131897586311,0,0
37187,4,4,1,0,0.5645767731433655,1,0
37195,4,17,1,0,0.49350012457908393,0,0
38011,1,5,0,0,0.4340897223134337,0,0
38015,1,12,1,0,0.34657914985955407,0,0
38023,2,10,0,0,0.4567733593232913,0,0
38035,1,22,1,0,0.4010499330002549,0,1
38059,1,8,0,0,0.43037305030214246,0,0
38099,2,16,1,0,0.4609348476814952,0,0
39001,4,11,1,0,0.5856290633660796,1,0
39003,2,20,0,0,0.5524894213670435,1,0
39005,2,19,0,0,0.48489210527457377,0,0
39007,4,19,1,0,0.5509545745576502,1,0
39015,3,19,0,0,0.543091541186187,1,0
39021,1,17,0,0,0.5318940488806959,1,0
39029,3,24,0,0,0.5456163420301309,1,0
39031,3,18,0,0,0.5263598046249298,1,0
39037,2,25,1,0,0.5801813416508311,1,0
39043,2,13,0,0,0.5131421132449344,1,0
39045,1,19,1,0,0.44311977969627564,0,0
39047,3,11,0,0,0.5972319400328387,1,0
39065,3,15,1,0,0.5474462244272561,1,1
39073,3,16,1,0,0.5002656167304117,1,0
39075,1,18,1,0,0.4838824899828039,0,0
39085,1,11,1,0,0.397919269186892,0,0
39095,3,30,0,0,0.5485573594756914,1,0
39097,1,12,0,0,0.4935553879625375,0,0
39115,4,11,0,0,0.56603208676174,1,0
39123,2,18,1,0,0.5177120260393491,1,0
39131,4,11,1,0,0.5340247675199189,1,0
39145,4,20,1,0,0.5545128899450581,1,0
39167,3,20,1,0,0.4968966482188301,0,0
39175,2,13,0,0,0.48563243002920975,0,0
40029,4,10,0,0,0.6799198066137517,1,0
40037,3,21,1,0,0.5794373222969069,1,0
40039,4,13,1,0,0.6283447236520812,1,0
40043,3,12,1,0,0.6385293112724956,1,1
40061,4,7,0,0,0.6635097226412958,1,0
40081,3,16,1,0,0.6046545460936409,1,0
40089,4,15,1,0,0.6719634416892745,1,0
40101,4,15,1,0,0.668998088923624,1,0
40111,4,11,1,0,0.6585967896349771,1,1
40135,4,9,1,0,0.6520752757848887,1,0
40139,4,9,1,0,0.6394044859466008,1,0
40151,2,7,0,0,0.5752416254741866,1,0
41019,3,28,1,0,0.5288232706618993,1,0
41027,2,3,1,0,0.4368784322286058,0,0
41033,4,11,1,0,0.5686894639407963,1,0
41037,4,10,0,0,0.6830076367211981,1,0
41045,4,13,0,0,0.6614146607793763,1,0
41065,3,8,1,0,0.593086469510928,1,0
41069,4,5,0,0,0.620712538649824,1,0
42003,1,114,0,0,0.32151886509916966,0,0
42005,2,36,1,0,0.39731341517143554,0,0
42007,2,28,0,0,0.3765131401904434,0,0
42037,2,19,1,0,0.4450878881405828,0,0
42051,3,62,1,0,0.4418339044260773,0,0
42065,3,30,1,0,0.4457982854758132,0,0
42081,2,25,1,0,0.39359035345408905,0,0
42087,3,13,1,0,0.47003619370620114,0,1
42099,2,16,1,0,0.4330864244652748,0,1
44001,1,3,0,0,0.3136726202355279,0,0
45001,4,13,1,0,0.5401468973506629,1,0
45011,4,7,1,0,0.6263327749121284,1,0
45039,4,9,1,0,0.566818803869358,1,0
45047,4,9,1,0,0.5244649756285019,1,0
45067,4,7,1,0,0.5740324622877162,1,0
45069,4,8,1,0,0.5755348548801712,1,0
45079,1,24,0,0,0.4182232407630765,0,0
46003,1,9,0,0,0.4260833815044615,0,0
46009,2,7,1,0,0.40467767554029266,0,1
46013,1,20,1,0,0.39344865586760147,0,1
46023,4,10,0,0,0.5410938481438441,1,0
46027,3,8,0,0,0.41608735338108693,0,0
46077,1,9,1,0,0.41295346298259267,0,1
46081,1,9,0,0,0.41694628407279793,0,0
46091,1,10,1,0,0.43150390997019594,0,1
46107,1,5,0,0,0.4383129412999379,0,0
46121,4,9,1,0,0.696846091314523,1,1
46127,1,9,0,0,0.4452558270077139,0,0
46137,4,7,0,0,0.6871008558362971,1,0
47007,3,9,0,0,0.5251393282799638,1,0
47009,2,13,1,0,0.4576194787969566,0,0
47019,4,8,1,0,0.5577645348395651,1,0
47023,3,12,0,0,0.5090762486845705,1,0
47025,1,10,1,0,0.5212944900827827,1,0
47031,3,9,1,0,0.5413679328147172,1,0
47035,3,11,1,0,0.4996177211530048,0,0
47043,2,11,1,0,0.5247486626419073,1,1
47045,4,11,1,0,0.6027938533515479,1,1
47051,3,15,0,0,0.5361485741969516,1,0
47063,4,7,1,0,0.5906354129968769,1,1
47083,3,8,0,0,0.582733240092903,1,0
47087,4,11,0,0,0.5439117084926214,1,0
47095,4,2,0,0,0.6660979146761138,1,0
47119,1,10,1,0,0.44635231828477956,0,0
47125,3,15,1,0,0.4814135356501084,0,0
47131,4,12,1,0,0.623297473310626,1,1
47135,4,4,1,0,0.5686003466818658,1,1
47143,4,6,0,0,0.5363696291316283,1,0
47163,3,12,1,0,0.5329194775669953,1,0
47189,1,12,1,0,0.44059691755100205,0,0
48007,4,5,1,0,0.6180165861204743,1,0
48013,3,15,1,0,0.6203722988658958,1,0
48025,4,11,1,0,0.6185443592167535,1,1
48027,3,23,0,0,0.5521238923615697,1,0
48041,3,9,0,0,0.453959057945952,0,0
48057,3,6,1,0,0.6342566286192327,1,0
48071,2,11,1,0,0.5385184953085879,1,0
48083,2,15,1,0,0.5639451685143358,1,1
48085,1,38,0,0,0.38205045980057845,0,0
48109,4,2,1,0,0.3462167497856031,0,1
48115,4,4,0,0,0.6819174543160398,1,0
48131,4,8,1,0,0.6466559088462691,1,0
48149,2,15,1,0,0.5764170850628928,1,0
48151,3,9,1,0,0.5904283750731462,1,1
48171,2,7,1,0,0.5277436454355872,1,0
48173,3,4,0,0,0.6100001534852477,1,0
48175,3,6,0,0,0.6075096641961596,1,0
48181,2,21,0,0,0.5569864078337035,1,1
48189,3,9,0,0,0.606627936710397,1,0
48191,4,6,0,0,0.6433772654590743,1,0
48197,3,2,1,0,0.6316800572816977,1,1
48207,4,11,1,0,0.6598953064619756,1,1
48231,3,17,0,0,0.5889443485953658,1,1
48233,3,7,1,0,0.5820166191124647,1,0
48239,2,10,1,0,0.5869895823717188,1,0
48253,4,10,0,0,0.5503507380008982,1,0
48255,3,8,1,0,0.609306291457905,1,0
48277,3,13,1,0,0.5878464320476211,1,1
48279,4,13,0,0,0.647384790970191,1,0
48289,3,8,1,0,0.5963959100287085,1,0
48291,3,14,1,0,0.5688369230676373,1,0
48327,3,4,0,0,0.5590570384865727,1,0
48333,2,8,0,0,0.5932175572473686,1,0
48335,2,3,1,0,0.5423810534985025,1,1
48347,1,10,1,0,0.585667933574096,1,1
48355,3,26,0,0,0.5819777167524757,1,0
48373,3,9,1,0,0.5600794750133804,1,1
48395,3,9,1,0,0.5750764671092916,1,0
48401,3,16,1,0,0.5333568119362688,1,1
48403,4,6,0,0,0.564461276503765,1,0
48439,1,74,0,0,0.5123445976988161,1,0
48443,3,2,0,0,0.5917561441967679,1,0
48465,4,5,1,0,0.6582096318377545,1,0
48485,3,11,0,0,0.5785594573912327,1,1
48487,4,6,1,0,0.657284866312667,1,0
48495,3,2,1,0,0.6465973700833294,1,1
48501,2,4,1,0,0.5794588510558351,1,1
48507,4,4,1,0,0.721743997262987,1,0
49009,1,2,0,0,0.42377021922961605,0,0
49019,1,2,1,0,0.4732061082945437,0,1
49023,2,6,0,0,0.5083978636538575,1,0
49027,3,11,0,0,0.509088306242953,1,0
49047,3,10,0,0,0.555861262095528,1,0
50001,1,20,1,0,0.28129826112243256,0,0
50009,3,10,0,0,0.39173105456418467,0,0
50011,1,17,0,0,0.3367812861795241,0,0
50017,2,31,1,0,0.31250340296283086,0,0
50019,2,24,1,0,0.34894874737615583,0,0
50023,1,26,1,0,0.27909191844250075,0,1
51001,3,33,0,0,0.5343767184151744,1,0
51005,3,7,1,0,0.4716639802738687,0,0
51036,2,4,1,0,0.5163921559333083,1,1
51051,4,12,1,0,0.5161881413680629,1,0
51063,2,11,1,0,0.40332034660123256,0,0
51065,1,10,0,0,0.3515431753429936,0,0
51079,2,5,1,0,0.38134793179658394,0,0
51099,1,3,0,0,0.3257924451536457,0,0
51133,2,7,1,0,0.47624708843282787,0,0
51137,1,12,0,0,0.3956345595679297,0,0
51139,3,6,1,0,0.46522989934847636,0,0
51145,1,5,1,0,0.38406871044372365,0,0
51153,1,19,1,0,0.29374532474602083,0,0
51173,3,10,0,0,0.4922407825341369,0,0
51175,3,12,1,0,0.5176423644165358,1,0
51177,1,13,1,0,0.3215950769182174,0,0
51600,1,3,0,0,0.2291847894230898,0,0
51630,3,3,1,0,0.38621050957435776,0,0
51660,1,3,1,0,0.0020374489894089483,0,1
51670,4,1,0,0,0.5375160614429081,1,0
51683,1,1,1,0,0.3342273478884003,0,0
51750,1,2,1,0,0.9424818890943458,1,0
51770,3,10,1,0,0.4955077194871124,0,0
51800,1,8,1,0,0.44170491751745167,0,0
51840,3,1,1,0,0.41567620901390445,0,0
53015,3,11,1,0,0.46747004543390897,0,0
53017,2,13,1,0,0.5387931968724017,1,0
53025,3,18,1,0,0.6248225573013964,1,0
53029,1,8,1,0,0.428443682991991,0,1
53039,3,15,0,0,0.5182961733163829,1,0
53061,1,30,0,0,0.37536243877813424,0,0
53063,1,45,0,0,0.47754636651098836,0,0
53069,1,6,0,0,0.4618042847619124,0,0
53075,4,20,0,0,0.5417315684550735,1,0
54001,4,12,0,0,0.5491451839458394,1,0
54013,4,16,0,0,0.5825989037509611,1,0
54017,3,10,0,0,0.5278562159394822,1,0
54025,4,21,0,0,0.5991806843479227,1,0
54035,3,15,1,0,0.5327926559264804,1,0
54047,4,36,0,0,0.5246252523286739,1,0
54053,3,19,1,0,0.5591631530781184,1,0
54055,4,19,0,0,0.5547959125127327,1,0
54071,3,9,0,0,0.5488968338314705,1,0
54081,4,42,1,0,0.5117896088671263,1,0
54085,4,14,0,0,0.5620990938206758,1,0
54097,4,10,1,0,0.5337937852125415,1,0
54107,3,13,1,0,0.5398680765066773,1,0
55001,2,14,1,0,0.41719752323408615,0,0
55019,3,21,0,0,0.4200556263973223,0,0
55027,1,31,1,0,0.39276305660281496,0,0
55037,2,4,0,0,0.348574777446143,0,0
55041,3,11,0,0,0.4347659881077387,0,0
55043,3,23,1,0,0.3916297725484346,0,1
55053,2,14,0,0,0.39493361682824357,0,0
55075,3,16,1,0,0.38564772240933026,0,0
55077,2,14,1,0,0.4063103643276171,0,0
55078,4,4,1,0,0.5621883671335361,1,1
55099,2,14,1,0,0.35992977486320604,0,0
55111,1,17,1,0,0.3425007313111602,0,1
55115,2,25,1,0,0.3892730966492736,0,1
55119,2,14,1,0,0.39635199812598926,0,0
55135,1,16,1,0,0.3649547846157178,0,1
55137,2,17,1,0,0.39747768915741605,0,0
55141,2,15,1,0,0.3191350184926223,0,1
56009,1,4,1,0,0.4920429694982636,0,0
56011,1,10,0,0,0.4555138559240163,0,0
56019,2,4,0,0,0.4403377960701444,0,0
56035,1,6,1,0,0.41890729420337647,0,1
56037,1,12,0,0,0.5011251967466976,1,0
01003,2,23,1,1,0.42481801276713244,0,0
01007,3,11,0,1,0.5299286156246803,1,0
01017,4,10,1,1,0.5158020867202427,1,1
01027,4,10,0,1,0.5657757331189278,1,0
01029,3,7,0,1,0.4927728508686832,0,0
01033,3,9,1,1,0.4895858970077891,0,0
01045,3,14,1,1,0.47837501865825766,0,1
01063,4,8,1,1,0.6092482053643058,1,1
01067,3,9,1,1,0.5365213984775103,1,0
01071,4,22,1,1,0.5475291931134096,1,1
01075,4,9,1,1,0.5300131396667517,1,0
01081,1,14,0,1,0.4351889145696456,0,1
01085,4,8,1,1,0.6040570247198819,1,0
01105,4,9,1,1,0.5806783419762732,1,1
01115,2,18,1,1,0.4772609735270323,0,1
01117,1,22,0,1,0.33638654212033653,0,0
04001,4,33,0,1,0.6484812754416067,1,1
04005,1,28,0,1,0.40915616951078954,0,1
05001,4,13,1,1,0.5790076814628468,1,0
05019,1,8,1,1,0.6306902342962015,1,0
05023,3,17,1,1,0.4744758036553675,0,0
05041,4,12,1,1,0.6469949408118767,1,0
05053,2,14,1,1,0.4508463372024646,0,0
05063,4,20,1,1,0.507292834835563,1,1
05065,1,20,0,1,0.37864670207512985,0,0
05071,4,12,1,1,0.5511207643675935,1,0
05077,3,11,1,1,0.6529841984387651,1,1
05079,4,8,1,1,0.5707215688982912,1,0
05081,4,7,1,1,0.5764841471622218,1,0
05091,4,6,1,1,0.5626863165124849,1,0
05093,4,15,1,1,0.653021339562936,1,0
05099,4,10,1,1,0.544381798390023,1,1
05107,4,12,1,1,0.6359066929194227,1,0
05113,4,7,1,1,0.5522227832818333,1,0
05119,1,31,0,1,0.4370383001846064,0,0
05125,1,14,1,1,0.4105768899114945,0,0
05139,4,10,1,1,0.49022112903419457,0,1
05143,3,20,0,1,0.42647160968473485,0,0
06001,1,53,0,1,0.3598289962374734,0,0
06027,2,11,1,1,0.5719241069369815,1,0
06039,4,18,0,1,0.6004131683432741,1,0
06065,2,75,0,1,0.49604557780977865,0,1
06075,1,29,0,1,0.3198267530573922,0,0
06091,2,10,0,1,0.5287995258356585,1,0
06095,1,21,0,1,0.438252188477046,0,0
06097,1,37,1,1,0.3807000344624982,0,0
06101,3,13,1,1,0.533544463120613,1,0
06105,4,14,0,1,0.5422510355474516,1,0
08014,1,6,1,1,0.34569646247055874,0,1
08025,4,6,0,1,0.6060728077314543,1,0
08033,1,5,0,1,0.4344774662482008,0,0
08045,1,8,1,1,0.42366134514607984,0,1
08047,1,4,0,1,0.344888794268087,0,0
08049,1,10,0,1,0.4495130663504317,0,0
08073,2,9,0,1,0.5853165209424781,1,0
08075,3,9,0,1,0.5482126221248254,1,0
08087,2,10,1,1,0.5763951100264234,1,0
08115,4,5,0,1,0.6003979828894888,1,0
08119,1,7,0,1,0.3746561169726837,0,0
08121,2,12,1,1,0.5726034190853218,1,1
09005,1,40,1,1,0.2603699903461208,0,0
09015,1,31,1,1,0.3481175354977385,0,0
10003,1,28,0,1,0.3434056319794706,0,0
12009,2,28,0,1,0.37441782220971653,0,0
12037,4,8,0,1,0.47074387135163404,0,0
12041,4,5,1,1,0.45590057332184963,0,0
12055,3,9,1,1,0.44766093455384176,0,0
12057,2,56,0,1,0.33127810554430975,0,0
12059,4,4,1,1,0.48720375361508345,0,0
12079,4,5,1,1,0.5505749220413798,1,0
12095,3,46,0,1,0.3277388995007605,0,0
12107,4,17,1,1,0.45570907860281384,0,0
12113,1,9,1,1,0.32561786726513486,0,0
12117,2,17,1,1,0.29472984380507256,0,0
12121,3,9,1,1,0.46650745449990605,0,1
13015,2,14,1,1,0.37308450763129275,0,1
13019,4,6,1,1,0.5614844225437768,1,0
13025,4,6,1,1,0.559585981196762,1,0
13081,4,5,0,1,0.618547711553395,1,0
13087,4,8,1,1,0.5503973277772732,1,0
13091,4,8,0,1,0.5409329509350753,1,0
13099,4,7,0,1,0.6442693338060617,1,0
13107,4,13,1,1,0.5626314470962006,1,0
13111,3,8,1,1,0.38344061887976594,0,0
13117,1,10,0,1,0.24322655812027014,0,0
13123,3,5,0,1,0.41289036560812725,0,0
13125,4,5,0,1,0.5373024881713016,1,0
13149,3,6,1,1,0.44949091421036014,0,0
13157,2,16,1,1,0.3673853317332743,0,0
13205,4,7,0,1,0.624409576484592,1,0
13221,3,10,0,1,0.4695293616819106,0,0
13223,1,11,1,1,0.3430633280913179,0,0
13225,4,3,1,1,0.5246325311055177,1,0
13259,4,6,0,1,0.584919555768666,1,0
13273,4,7,1,1,0.6431588113364997,1,1
13293,4,7,1,1,0.4852220642022576,0,0
13297,2,11,1,1,0.3841572835683783,0,1
13299,4,7,1,1,0.5491089946050873,1,1
16009,3,9,0,1,0.4661528662566058,0,0
16017,2,18,1,1,0.5096563487457862,1,0
16027,3,13,0,1,0.5422739231170128,1,0
16035,3,7,1,1,0.4792514229768331,0,1
16041,1,7,1,1,0.5345223297425792,1,0
16047,3,6,1,1,0.6317851548299843,1,0
16049,3,16,0,1,0.4794204288465029,0,0
16051,1,10,0,1,0.47136702034810757,0,0
16057,1,14,0,1,0.4270025554432552,0,0
16071,2,4,0,1,0.5580276829111996,1,0
16081,1,5,1,1,0.4695098829930891,0,1
17025,3,13,1,1,0.48933948309068526,0,0
17039,2,13,1,1,0.47658897322344235,0,0
17045,2,15,1,1,0.46615188715529515,0,0
17051,3,20,0,1,0.5265770944321523,1,0
17057,3,24,1,1,0.48854072177459634,0,1
17087,2,10,1,1,0.5048432957271979,1,0
17093,1,19,1,1,0.3863470220242137,0,0
17105,3,29,1,1,0.5265636931562157,1,0
17107,1,20,1,1,0.441662956928017,0,0
17115,3,27,1,1,0.48058276524972204,0,0
17117,2,28,1,1,0.4374057262014929,0,0
17123,2,19,1,1,0.47226219913034995,0,0
17125,3,11,1,1,0.5167825817297436,1,0
17133,1,9,1,1,0.3219131760600475,0,1
17153,4,10,0,1,0.5882184207922463,1,0
17161,2,20,1,1,0.432126084001928,0,0
17193,3,11,1,1,0.5108922420036629,1,0
18005,2,14,1,1,0.4569892671739713,0,1
18013,1,9,1,1,0.44707650298586293,0,0
18017,3,12,1,1,0.5499158359354932,1,1
18033,1,14,0,1,0.4558354088605961,0,0
18049,2,16,0,1,0.4977623684783994,0,0
18055,2,16,1,1,0.4989669141732233,0,1
18059,1,15,1,1,0.45904755016410675,0,1
18071,3,8,1,1,0.5200519979918361,1,0
18077,2,11,0,1,0.47516574457113153,0,0
18095,3,18,1,1,0.5774065189193026,1,0
18103,3,13,0,1,0.5385184237748255,1,0
18105,1,18,1,1,0.46395018527154985,0,0
18117,3,11,1,1,0.519893747407852,1,0
18123,2,14,1,1,0.4334344896676221,0,0
18135,3,14,0,1,0.600386525716761,1,0
18143,3,6,1,1,0.5003978844107854,1,0
18147,1,16,1,1,0.5146382529046041,1,0
18149,3,11,1,1,0.5694616197464776,1,0
18151,1,9,0,1,0.46156184007955414,0,0
18155,3,9,0,1,0.5375751960095695,1,0
18165,2,8,0,1,0.5112472933797131,1,0
18173,1,12,1,1,0.36168318904161173,0,1
18181,2,18,0,1,0.5114333599391295,1,0
19005,2,10,0,1,0.4079455000308463,0,0
19009,2,11,1,1,0.5265799841090099,1,1
19019,1,16,0,1,0.4122472684885872,0,0
19033,2,17,0,1,0.4082167342146795,0,0
19037,1,9,1,1,0.4696385783233264,0,0
19049,1,25,1,1,0.37009857292717824,0,0
19051,2,10,0,1,0.4783939690799812,0,0
19059,1,10,0,1,0.4314586584883549,0,0
19065,2,24,0,1,0.4778551147976056,0,0
19081,2,13,0,1,0.4595754283742375,0,0
19083,2,12,0,1,0.473378745150043,0,0
19095,1,21,1,1,0.4340261937317268,0,0
19107,2,19,0,1,0.4822379499690737,0,0
19115,2,13,0,1,0.49256555159221566,0,0
19123,2,20,1,1,0.4617099276804393,0,0
19129,1,11,1,1,0.432814430997262,0,0
19133,2,15,1,1,0.5355759423989294,1,1
19159,2,12,0,1,0.4883145930841606,0,0
19195,1,10,0,1,0.45406435106850623,0,0
20005,2,10,1,1,0.5474864331432063,1,0
20051,3,11,1,1,0.4627254262896633,0,0
20053,2,9,0,1,0.5197556862636287,1,0
20059,2,13,1,1,0.5293058488349106,1,0
20075,2,4,0,1,0.6289292952578006,1,0
20077,3,10,0,1,0.6045447664378498,1,0
20081,3,3,0,1,0.6699867611569956,1,0
20085,2,18,1,1,0.5414679741209865,1,0
20087,2,15,1,1,0.46348301805212444,0,0
20095,1,12,1,1,0.505069415204207,1,1
20113,1,12,1,1,0.4799324718080273,0,0
20123,2,7,0,1,0.5135062761648357,1,0
20129,2,5,1,1,0.6112545418433732,1,1
20131,1,15,0,1,0.4956218089135075,0,0
20149,2,12,1,1,0.4971251196869737,0,0
20181,2,4,0,1,0.6028603138077308,1,0
20185,3,9,0,1,0.5526496877587146,1,0
20193,3,8,0,1,0.5954176733624337,1,0
20205,4,10,1,1,0.5786532376636797,1,1
21003,4,6,1,1,0.6001015128175796,1,0
21005,2,5,0,1,0.43300376587465117,0,0
21025,4,10,0,1,0.5403260305269703,1,0
21053,4,4,0,1,0.5738411930105582,1,0
21073,2,5,1,1,0.42713773193898213,0,1
21081,3,8,1,1,0.5295163610496318,1,0
21083,4,18,1,1,0.6211263266769208,1,0
21099,4,10,1,1,0.5937463223195698,1,0
21123,3,9,0,1,0.5700944201478868,1,0
21131,1,22,0,1,0.32147275923259994,0,0
21135,4,9,0,1,0.5678153371014617,1,0
21139,3,7,0,1,0.60245151614076,1,0
21157,2,8,0,1,0.5040877984912878,1,0
21163,2,12,1,1,0.49120330980239774,0,0
21181,4,6,0,1,0.6173460959840249,1,0
21195,4,39,1,1,0.49365708317099755,0,0
21199,4,11,1,1,0.528443220615847,1,0
21205,4,4,1,1,0.4147964072472412,0,0
21213,2,5,0,1,0.5775100763618056,1,0
21219,3,9,0,1,0.6133131535177349,1,0
21223,3,5,0,1,0.5570273305419556,1,0
21229,3,7,0,1,0.5673112685116799,1,0
21239,2,3,1,1,0.46648207482382315,0,0
22011,3,9,1,1,0.5013861624230813,1,1
22017,4,25,0,1,0.5187691972267976,1,1
22021,4,4,1,1,0.5837377497031621,1,1
22025,4,9,0,1,0.6031575303778723,1,0
22033,1,24,0,1,0.43629283300807425,0,0
22045,4,10,1,1,0.562098632825931,1,0
22047,3,8,1,1,0.51653527099914,1,1
22057,3,14,1,1,0.507993110237942,1,0
22065,4,4,1,1,0.6344359437152198,1,0
22071,4,17,0,1,0.4666572937068954,0,0
22085,4,12,0,1,0.5485843404759034,1,0
22089,1,10,1,1,0.4172833142919543,0,1
22093,3,7,1,1,0.49394409910658965,0,0
22105,1,20,1,1,0.4719056715715874,0,0
23001,2,14,1,1,0.36749522558006836,0,0
23007,1,18,1,1,0.2978120808330672,0,1
23009,2,40,1,1,0.33523571141693864,0,1
23029,4,31,0,1,0.5023903425877178,1,0
24003,1,40,0,1,0.3251542074007691,0,0
24011,3,10,1,1,0.5400217826772767,1,1
24017,1,24,1,1,0.3583953801795716,0,0
24025,1,24,0,1,0.3329583324507624,0,0
24031,1,50,0,1,0.23229641332249018,0,0
24039,1,11,1,1,0.5994478225296433,1,0
25005,2,36,1,1,0.3340952727146919,0,0
25015,1,28,1,1,0.30154081887572126,0,0
25021,1,41,0,1,0.24202391641489018,0,0
25023,1,34,1,1,0.28658006871254244,0,0
26031,3,15,0,1,0.42746614615529654,0,0
26033,3,17,0,1,0.4898298992788055,0,0
26035,4,8,0,1,0.5262000576363062,1,0
26037,2,17,0,1,0.41890683302679155,0,0
26043,2,11,0,1,0.3629615740231234,0,0
26047,2,11,0,1,0.3513434461054543,0,0
26057,3,20,0,1,0.4800592566464324,0,0
26067,2,21,1,1,0.4735814144026759,0,0
26069,3,12,0,1,0.4688312052460143,0,0
26077,2,25,1,1,0.3958625041511209,0,0
26085,4,11,0,1,0.5258336018456117,1,0
26089,1,11,0,1,0.3450095965260682,0,0
26105,3,10,0,1,0.45128886258705886,0,0
26113,3,9,0,1,0.5022841221622469,1,0
26121,3,20,1,1,0.4735710282407912,0,0
26129,4,9,0,1,0.5118118715103348,1,0
26131,3,12,0,1,0.47369837395463793,0,0
26141,2,7,1,1,0.45021201094350327,0,0
26147,2,23,1,1,0.42542514178531815,0,0
27005,2,16,1,1,0.4894738307391863,0,1
27023,2,10,0,1,0.4868664880504859,0,0
27033,2,13,0,1,0.49655709763398564,0,0
27047,2,18,1,1,0.4574585519830193,0,1
27063,2,14,0,1,0.4614088576423716,0,0
27069,1,11,0,1,0.46482563000056853,0,0
27075,1,8,0,1,0.35304063600496804,0,0
27085,1,12,0,1,0.42578372056692076,0,0
27111,1,34,1,1,0.44796703261254595,0,0
27119,2,25,1,1,0.5154960862551682,1,1
27121,1,12,0,1,0.4200975580585863,0,0
27135,1,11,1,1,0.45670530221312233,0,0
27137,1,51,0,1,0.3788779391603194,0,0
27139,1,10,1,1,0.31409918376776635,0,0
27141,1,9,1,1,0.3562182282929319,0,1
27159,3,7,0,1,0.4969589294087806,0,0
27163,1,19,1,1,0.2919801687855661,0,0
28001,4,2,1,1,0.5181741154768906,1,1
28009,3,11,0,1,0.5153777666089258,1,0
28013,4,11,1,1,0.46904167003377706,0,0
28015,4,13,1,1,0.5317531546901723,1,1
28059,3,10,0,1,0.38516608368426924,0,1
28075,1,12,1,1,0.4390707895566274,0,0
28095,4,12,1,1,0.45586493756590807,0,0
28107,4,11,1,1,0.5209331558655543,1,1
28111,4,8,0,1,0.4430595554631128,0,0
28147,4,6,1,1,0.5224013186993149,1,0
29011,4,8,1,1,0.6221710707398943,1,0
29047,1,23,0,1,0.43718358989322037,0,0
29051,1,9,1,1,0.3874026813147439,0,0
29053,2,14,0,1,0.479152456634089,0,0
29061,3,16,0,1,0.5797409708161013,1,0
29067,4,16,1,1,0.592168534740047,1,0
29097,3,19,0,1,0.5469612961648728,1,0
29105,4,12,1,1,0.5053098919955731,1,1
29117,3,12,1,1,0.5490634515119837,1,0
29129,2,7,0,1,0.5484625764917456,1,0
29145,3,15,1,1,0.5207501231326991,1,0
29151,1,15,0,1,0.40270539951666706,0,0
29155,4,13,0,1,0.6715561938696051,1,0
29161,4,11,1,1,0.44110464979144925,0,1
29163,1,12,1,1,0.45778472385930885,0,0
29165,1,18,1,1,0.3802812118955376,0,0
29173,3,9,0,1,0.5090882413042228,1,0
29186,2,8,1,1,0.46135878114344253,0,0
29187,3,15,1,1,0.49985278372207503,0,1
29197,3,6,1,1,0.6153317973191205,1,1
29201,4,14,1,1,0.5895910496297786,1,1
29211,3,13,1,1,0.5863994801932726,1,1
29215,4,21,1,1,0.5977009269879966,1,0
30003,4,18,1,1,0.6968406618719553,1,0
30007,2,6,0,1,0.48040224751333166,0,0
30015,2,13,1,1,0.5413451342973656,1,1
30025,1,4,0,1,0.5094978708600543,1,0
30027,3,11,0,1,0.5153997978032627,1,0
30035,4,5,1,1,0.7382574032708176,1,0
30045,2,12,0,1,0.4115891507465727,0,0
30051,4,5,0,1,0.6818847529077493,1,0
30059,3,4,0,1,0.5211666816427237,1,0
30061,4,5,1,1,0.5406086736159168,1,1
30069,2,4,0,1,0.5485618429263692,1,0
30071,3,8,0,1,0.6389067467271079,1,0
30077,2,8,0,1,0.49713510892037627,0,0
30079,3,7,0,1,0.5866858351505521,1,0
30081,2,9,1,1,0.45901481176358955,0,1
30085,4,10,0,1,0.7208892249333587,1,0
30087,3,8,1,1,0.6098505674727726,1,1
31015,2,5,0,1,0.48471852263887133,0,0
31021,2,8,0,1,0.5208385160673892,1,0
31051,1,12,0,1,0.458185366973176,0,0
31081,1,14,0,1,0.4544403285956369,0,0
31089,1,14,0,1,0.49291544001162785,0,0
31095,3,12,1,1,0.5406199290406893,1,1
31097,2,12,0,1,0.4912442341348927,0,0
31107,2,11,0,1,0.500010067881853,1,0
31111,2,14,1,1,0.4723262612293112,0,0
31113,2,3,0,1,0.5214227726823376,1,0
31123,2,7,0,1,0.5744913299769513,1,0
31143,1,10,0,1,0.43712204505986957,0,0
31149,1,4,0,1,0.5072123839384276,1,0
31155,1,18,1,1,0.44090205212415,0,0
31171,1,4,0,1,0.5060178690936445,1,0
31177,1,15,1,1,0.39559262141026863,0,0
31183,2,6,0,1,0.5303044295202248,1,0
32005,1,9,1,1,0.4589189773744977,0,0
32007,1,14,1,1,0.6204651975177982,1,1
32019,3,9,1,1,0.6511511890137861,1,0
32027,2,3,0,1,0.6398626925298135,1,0
33013,1,31,1,1,0.27651480398210504,0,0
33015,1,37,1,1,0.2497375624515279,0,0
34027,1,56,1,1,0.23548405277423576,0,0
34031,2,33,1,1,0.3488686450292079,0,0
34041,1,19,1,1,0.3216415824506909,0,0
35011,4,1,0,1,0.6450680837953444,1,0
35021,3,6,0,1,0.5891929720314534,1,0
35028,1,1,0,1,0.28373817244826793,0,0
35031,4,24,0,1,0.7109181911440282,1,1
35033,3,13,0,1,0.5347109708379191,1,0
35047,4,19,0,1,0.6053235976261798,1,0
35053,4,14,1,1,0.5992524469033942,1,0
35059,3,8,0,1,0.5992101913599164,1,0
36001,2,46,1,1,0.329561651850577,0,0
36017,3,26,0,1,0.4278797144119565,0,0
36023,3,17,1,1,0.4113512738413226,0,0
36037,2,18,1,1,0.43131954958005214,0,1
36043,3,28,1,1,0.3828263872536228,0,1
36049,3,23,0,1,0.4528153420495049,0,0
36059,1,69,0,1,0.28037619456601537,0,0
36067,2,55,0,1,0.38548577280126245,0,0
36071,1,51,1,1,0.31880343496883407,0,0
36077,3,43,1,1,0.34200426915091975,0,0
36087,2,25,0,1,0.2782285359524208,0,0
36091,1,27,1,1,0.2823439442708777,0,0
36099,2,14,1,1,0.46416710093002606,0,1
36117,2,20,1,1,0.4075097676494962,0,0
37011,3,10,0,1,0.3853654571157619,0,0
37019,2,14,1,1,0.32391541851616024,0,0
37039,3,4,1,1,0.4403788237007504,0,0
37047,4,16,1,1,0.529013610897852,1,0
37049,2,11,1,1,0.38534387342883447,0,0
37077,3,12,1,1,0.3930175273921059,0,0
37093,3,9,1,1,0.4546002137451465,0,1
37099,4,11,0,1,0.3768240057405599,0,0
37101,2,21,1,1,0.40373202935069247,0,0
37111,3,9,1,1,0.36751622893758784,0,0
37121,3,4,0,1,0.38818258169105424,0,0
37125,2,18,1,1,0.3354440600374137,0,0
37147,4,17,1,1,0.4216711385839727,0,0
37155,4,13,0,1,0.5538879946229558,1,0
37163,4,17,1,1,0.5321552600440947,1,1
37167,2,12,0,1,0.3889227698860724,0,0
37173,4,5,0,1,0.5104834045443549,1,0
37177,4,3,0,1,0.5664739013410109,1,0
37189,4,10,1,1,0.32940347334712644,0,1
37191,1,14,1,1,0.4738077185644972,0,0
38017,1,29,0,1,0.369659571856841,0,0
38019,1,16,0,1,0.49740435498472846,0,0
38025,1,12,0,1,0.46790278220429127,0,0
38045,2,12,0,1,0.5177395995817731,1,0
38053,1,12,0,1,0.4942286013568424,0,0
38055,1,18,0,1,0.5761124057083671,1,0
38093,1,21,0,1,0.514858108303927,1,0
38101,1,24,1,1,0.44202310190825034,0,0
38103,1,12,0,1,0.517176210046104,1,0
38105,1,10,0,1,0.4149148890055162,0,0
39017,2,17,1,1,0.4763576926355306,0,0
39027,3,13,0,1,0.5599189247210618,1,0
39039,1,14,0,1,0.5131748358732973,1,0
39041,1,24,1,1,0.33549410891153164,0,0
39071,4,15,1,1,0.5796580425116512,1,1
39077,2,14,1,1,0.5334184436855638,1,1
39079,4,11,1,1,0.5323923058517636,1,0
39083,2,16,0,1,0.505615386997926,1,0
39089,2,28,1,1,0.44234146928971707,0,0
39101,3,14,1,1,0.5669837112582504,1,0
39105,4,15,0,1,0.5106310041004986,1,0
39109,1,18,0,1,0.49551831740818153,0,0
39125,1,15,1,1,0.547836637513441,1,0
39133,1,24,1,1,0.4466804499333039,0,0
39147,2,20,1,1,0.5272056843285107,1,0
39161,2,14,0,1,0.5740475500017902,1,0
39169,2,25,1,1,0.46578792635434624,0,0
39173,2,32,1,1,0.48738010551774685,0,0
40007,3,7,0,1,0.669420638790162,1,0
40013,4,14,1,1,0.636497122635776,1,1
40015,4,16,1,1,0.6927061234176647,1,0
40017,1,13,1,1,0.519029711959726,1,0
40023,4,12,1,1,0.6808674869049374,1,0
40031,3,19,0,1,0.63120566328767,1,1
40035,4,10,1,1,0.6873997070418104,1,0
40045,3,7,1,1,0.5974519638156982,1,1
40047,1,22,1,1,0.5818689119127068,1,1
40063,4,10,1,1,0.6614559817263251,1,0
40113,3,22,1,1,0.610804450494483,1,1
40119,1,14,1,1,0.5823306506490723,1,0
40133,4,10,1,1,0.6481602125403779,1,0
40141,4,8,1,1,0.6962508076528574,1,1
40147,1,12,1,1,0.5442320265734005,1,1
41011,3,10,1,1,0.5060044991856244,1,0
41013,2,6,1,1,0.5436056637993535,1,0
41023,3,11,1,1,0.6007372256659911,1,1
41025,2,10,0,1,0.6158590660499413,1,0
41041,3,18,1,1,0.4738333871054971,0,1
41067,1,30,1,1,0.3487349370112128,0,0
42013,3,19,1,1,0.38811883214092535,0,0
42025,2,20,1,1,0.40080260062899475,0,0
42041,1,21,1,1,0.33154745697021343,0,0
42047,2,14,1,1,0.35582861943507116,0,1
42059,2,26,1,1,0.384244958736374,0,0
42063,3,49,0,1,0.42543603592747087,0,0
42069,2,28,1,1,0.3359710188862072,0,0
42073,2,22,1,1,0.3966760133115421,0,1
42093,2,9,0,1,0.4201745016640901,0,0
42095,1,26,1,1,0.37004442566183793,0,0
42113,3,13,0,1,0.44870394494470867,0,0
42117,3,25,0,1,0.4402688860982118,0,0
42123,2,19,1,1,0.40119189372233083,0,0
42125,1,64,1,1,0.3320549171253188,0,0
42127,2,30,1,1,0.36328064781908853,0,1
42133,1,45,0,1,0.4301738069965555,0,0
45003,3,23,0,1,0.481003553898217,0,0
45019,1,30,0,1,0.40006509826047554,0,0
45025,4,11,1,1,0.5109405872750337,1,0
45029,4,14,1,1,0.5440592710098581,1,1
45053,4,9,0,1,0.5521063412161461,1,0
45063,2,18,0,1,0.43763657256960553,0,0
46005,3,11,0,1,0.47671688119611083,0,0
46007,4,7,0,1,0.6929625331957944,1,0
46019,3,8,0,1,0.5603984201120583,1,0
46021,1,7,0,1,0.48984367081568686,0,0
46029,2,10,1,1,0.4105170291338084,0,0
46037,2,11,1,1,0.5504926257320286,1,1
46041,3,9,0,1,0.6139576975502197,1,0
46047,3,7,0,1,0.5478208028065322,1,0
46055,3,5,0,1,0.55714999896133,1,0
46063,1,10,0,1,0.5092206484559261,1,0
46073,1,4,0,1,0.47394084273771986,0,0
46083,1,12,1,1,0.34899737306343265,0,1
46089,2,8,0,1,0.5466012790977312,1,0
46097,1,9,0,1,0.47164365705632416,0,0
46105,2,9,0,1,0.5499357092946738,1,0
46111,1,8,0,1,0.4732663709935047,0,0
46119,1,6,0,1,0.4469879953117797,0,0
46129,1,7,1,1,0.47729509319466945,0,1
47001,3,11,1,1,0.42837716921019886,0,1
47005,4,7,1,1,0.5544215137085429,1,0
47011,3,8,1,1,0.4739948694262806,0,0
47013,4,11,1,1,0.5092343892798212,1,0
47015,2,9,0,1,0.5222930523725795,1,0
47017,4,14,1,1,0.5649770444687995,1,0
47027,4,7,1,1,0.5820839892494454,1,1
47037,2,35,0,1,0.415296710038374,0,0
47067,4,5,1,1,0.5748342532860141,1,1
47071,4,13,1,1,0.5275420287298975,1,0
47079,4,9,1,1,0.594649124086966,1,1
47089,3,10,1,1,0.49536746932548786,0,1
47097,4,4,1,1,0.6446664512301815,1,0
47117,3,12,1,1,0.47983548798411274,0,1
47133,3,11,0,1,0.5210904173056605,1,0
47137,4,6,0,1,0.5099580492588401,1,0
47153,2,8,0,1,0.3959157305540657,0,0
47157,1,38,0,1,0.4786043786804646,0,1
47167,2,10,1,1,0.5595230999147581,1,0
47169,2,5,0,1,0.5030180845851207,1,0
47185,4,5,1,1,0.5315304902760324,1,0
47187,1,16,1,1,0.30381687568194177,0,0
48009,2,10,1,1,0.535923157954405,1,1
48021,2,15,1,1,0.5812518398609008,1,0
48033,3,9,0,1,0.6153422515921876,1,0
48035,3,11,1,1,0.5642889834342836,1,0
48045,4,4,0,1,0.6828918765665764,1,0
48047,4,2,1,1,0.7314632036925457,1,1
48059,2,9,0,1,0.5340421056017561,1,0
48081,3,4,1,1,0.5673723200566203,1,1
48095,3,6,0,1,0.3963674251878148,0,0
48103,2,2,0,1,0.5995801497749257,1,0
48113,3,93,0,1,0.47293733824648404,0,1
48117,4,6,1,1,0.6672661547105521,1,0
48121,1,37,0,1,0.3943460752652898,0,0
48137,4,4,0,1,0.6478947925640438,1,0
48141,1,30,0,1,0.5140731860190738,1,1
48147,2,19,1,1,0.5805047381649596,1,1
48153,3,6,0,1,0.6556814174975492,1,0
48163,4,5,0,1,0.6563971674839202,1,0
48165,3,5,0,1,0.6199744646149212,1,0
48167,2,18,0,1,0.4694152593928582,0,0
48169,4,4,1,1,0.6563410313297587,1,1
48187,2,14,0,1,0.5026983358335524,1,0
48201,3,141,0,1,0.4600713484777308,0,0
48203,3,12,1,1,0.4972147682609024,0,0
48213,3,15,0,1,0.5293133610543559,1,1
48217,2,19,1,1,0.5808746889231541,1,1
48243,2,2,0,1,0.5662435535218012,1,0
48247,4,1,1,1,0.7122910524280911,1,1
48251,2,16,1,1,0.4978367854381698,0,0
48271,4,1,0,1,0.6541032632021073,1,0
48275,4,6,1,1,0.6393887173454632,1,1
48285,2,7,1,1,0.5952204419073845,1,0
48311,3,7,0,1,0.6047902672605598,1,0
48315,4,7,1,1,0.5436474511503876,1,1
48321,1,12,1,1,0.5999712375902981,1,0
48329,1,9,1,1,0.449965543953263,0,0
48349,4,17,1,1,0.5996145646621448,1,1
48359,1,6,0,1,0.6036074409647001,1,0
48363,4,12,1,1,0.5752775432223698,1,0
48367,1,18,1,1,0.4859770198631006,0,0
48369,3,5,0,1,0.6395845824954063,1,0
48379,2,6,0,1,0.5360872798763469,1,0
48393,4,5,0,1,0.6319464250515813,1,0
48397,1,9,1,1,0.39525360293838013,0,1
48399,3,11,1,1,0.6100705592401365,1,1
48409,3,9,1,1,0.5900185142093893,1,0
48419,4,7,1,1,0.5725508539084823,1,0
48473,2,11,1,1,0.5659723599059144,1,1
48475,3,6,1,1,0.5892159958977833,1,1
48499,3,12,1,1,0.4813416614444861,0,0
48503,2,6,1,1,0.590889740922946,1,0
49003,2,20,1,1,0.5184873056932576,1,1
49011,1,13,1,1,0.4127467170414536,0,0
49017,3,11,0,1,0.4957322187896432,0,0
49025,2,7,0,1,0.5238870222300781,1,0
49029,1,2,0,1,0.44429003322945065,0,0
49045,1,8,0,1,0.5433083925915888,1,0
49051,1,6,0,1,0.40956141830891707,0,0
50003,2,21,0,1,0.3206998615815006,0,0
50027,1,34,0,1,0.2937771943588426,0,0
51031,3,14,1,1,0.41562167874994543,0,1
51043,1,7,0,1,0.3828015251809735,0,0
51073,1,6,1,1,0.39725550075476207,0,1
51077,4,9,0,1,0.49938636762396454,0,0
51111,4,12,1,1,0.5462674307907469,1,0
51125,2,17,0,1,0.44876754792336215,0,0
51141,3,14,1,1,0.46960890055699445,0,0
51143,4,20,1,1,0.5186275382322385,1,0
51147,1,12,1,1,0.7894048300043915,1,0
51149,3,7,1,1,0.4698266903426866,0,1
51163,3,12,0,1,0.4086578999311358,0,0
51187,1,7,1,1,0.3672527073456803,0,1
51510,1,8,1,1,0.26693355142433123,0,0
51540,3,4,0,1,0.29573423182089265,0,0
51550,1,6,1,1,0.3455821260858371,0,0
51620,3,1,0,1,0.5036608043799637,1,0
51640,4,1,0,1,0.5038891834698683,1,0
51685,1,1,0,1,0.3061521095171177,0,0
51720,4,1,0,1,0.47943098803078227,0,0
53001,4,11,0,1,0.6434203919668217,1,0
53007,2,14,1,1,0.4417701930446689,0,0
53009,2,9,0,1,0.3976242411603397,0,0
53035,1,20,1,1,0.3530938235266305,0,0
53047,4,22,1,1,0.5900365935371049,1,1
53049,3,13,0,1,0.5075545169070553,1,0
53053,1,59,0,1,0.4359065480635518,0,0
53057,1,17,1,1,0.3852739041265881,0,0
53071,2,8,1,1,0.5039037549296078,1,0
53077,4,22,1,1,0.5914369716711102,1,0
54015,4,16,0,1,0.5710504899949329,1,0
54021,4,16,0,1,0.5217368735258737,1,0
54029,3,5,1,1,0.5068848745913627,1,1
54051,3,10,0,1,0.4778930296063104,0,0
54065,3,4,1,1,0.5222933967539243,1,0
54073,3,5,0,1,0.5244806659822527,1,0
54093,2,10,0,1,0.5006586399181628,1,0
54095,3,11,0,1,0.54618826323271,1,0
54105,4,8,0,1,0.5886841204323157,1,0
55007,2,15,1,1,0.3747652144414938,0,0
55017,2,14,1,1,0.3701050857691669,0,0
55023,2,13,1,1,0.3791417298023209,0,0
55025,1,45,0,1,0.3237990053627944,0,0
55031,2,12,1,1,0.33192812573795505,0,1
55039,1,24,1,1,0.4066250734804805,0,0
55047,2,12,0,1,0.44433550098199875,0,0
55081,2,12,1,1,0.3648598815066255,0,0
55089,1,13,1,1,0.30785980281956027,0,1
55093,1,13,0,1,0.3471744983445657,0,0
55103,3,14,1,1,0.42222165478651996,0,0
55105,2,19,1,1,0.40381828593993485,0,0
55107,3,14,0,1,0.398823282431258,0,0
55117,1,17,1,1,0.3210872795450533,0,0
55131,1,18,1,1,0.33703713045659633,0,0
55133,1,30,1,1,0.31765768636663755,0,0
56005,1,8,0,1,0.5598595915657044,1,0
56007,2,12,1,1,0.5656427855418069,1,0
56015,2,9,0,1,0.5505381753045733,1,0
56039,1,9,0,1,0.37721211373406766,0,0
56043,2,2,0,1,0.5413840606646267,1,0
01015,3,14,1,2,0.480601506607183,0,0
01043,3,19,1,2,0.49710822347127137,0,0
01055,3,14,1,2,0.5041008603414056,1,0
01059,4,10,1,2,0.5128426074850456,1,0
01069,4,14,1,2,0.5398735877580391,1,0
01079,3,10,1,2,0.5621911051165943,1,1
01091,4,15,1,2,0.5699114944124619,1,0
01095,4,18,1,2,0.5085979141998531,1,0
01107,4,8,1,2,0.5589340042696154,1,0
01113,3,12,1,2,0.5237947352684013,1,0
01127,3,18,1,2,0.5312466073608773,1,0
01131,4,13,1,2,0.5777521026086341,1,0
04015,1,25,0,2,0.5405496341386945,1,1
04021,2,34,0,2,0.5589922056938453,1,1
05005,3,12,1,2,0.4336199682905023,0,0
05017,4,6,0,2,0.6436990501430307,1,0
05037,4,8,1,2,0.6301613813565394,1,0
05045,1,15,1,2,0.4938104156092463,0,0
05049,1,14,1,2,0.5143088792087489,1,0
05057,4,10,1,2,0.6057263469399008,1,0
05059,4,12,1,2,0.5044005173564143,1,1
05095,4,9,1,2,0.636698876381012,1,1
05115,4,13,1,2,0.5213169229329014,1,1
05117,3,11,1,2,0.5736065922467637,1,1
05121,4,11,1,2,0.5817324204692155,1,0
05141,4,12,1,2,0.5351139181311321,1,0
05147,4,9,1,2,0.6331131277296311,1,1
06007,4,18,1,2,0.5310859836413894,1,0
06011,3,9,1,2,0.5845372894399203,1,0
06013,1,49,0,2,0.39560572554471757,0,0
06029,1,52,0,2,0.6224177558322933,1,1
06067,2,57,0,2,0.5090140133945228,1,0
06081,1,30,0,2,0.33267392035626325,0,0
06083,2,24,1,2,0.4394333679666917,0,0
06089,3,30,0,2,0.5202991878327587,1,1
06093,3,23,1,2,0.5357958392752128,1,1
06099,3,28,0,2,0.577282393523822,1,0
06107,4,41,0,2,0.6488278487877931,1,0
06113,3,19,1,2,0.49619670184142434,0,0
08001,2,35,1,2,0.4568500864440506,0,0
08003,4,5,0,2,0.49942133782880394,0,0
08009,4,8,1,2,0.5307577575304707,1,1
08021,4,8,0,2,0.3837408921732789,0,0
08023,4,7,0,2,0.5256683641889982,1,0
08027,2,4,0,2,0.38004835640521123,0,0
08029,4,8,0,2,0.43257694273343267,0,0
08031,2,36,0,2,0.41240048808592794,0,0
08035,1,18,1,2,0.33775113741369917,0,0
08037,1,13,1,2,0.3371991466114188,0,0
08039,1,14,0,2,0.414514460461863,0,0
08055,2,4,1,2,0.494158852357174,0,1
08077,2,19,1,2,0.44444631346021124,0,0
08079,1,3,0,2,0.34522867838166127,0,0
08083,3,7,0,2,0.47636937129225715,0,0
08085,3,12,0,2,0.41905989115635445,0,0
08099,3,6,1,2,0.49856812164342923,0,0
08105,4,4,0,2,0.43835803511424065,0,0
08125,3,13,0,2,0.48842734288000067,0,0
09009,1,41,1,2,0.35499061258940684,0,0
10005,2,24,1,2,0.40474702686206193,0,0
12001,3,23,1,2,0.3761180293167263,0,0
12011,2,53,0,2,0.3733115269788854,0,0
12017,3,15,1,2,0.37121527310941094,0,0
12019,2,12,1,2,0.37904374643505356,0,0
12029,4,6,0,2,0.4819741861227234,0,0
12035,2,7,1,2,0.35649890127470374,0,0
12045,2,2,0,2,0.4117682275671044,0,0
12069,2,28,0,2,0.4213265660089517,0,0
12073,3,10,1,2,0.38218476647686117,0,0
12083,3,31,1,2,0.4257720895067785,0,0
12086,3,79,0,2,0.4322594679437672,0,0
12087,2,11,1,2,0.3944904571869541,0,0
12091,2,14,1,2,0.33346895613281496,0,0
12127,3,29,0,2,0.3930252062004469,0,0
12131,2,12,1,2,0.37323286346472406,0,0
13001,4,7,1,2,0.5777612495887248,1,0
13023,4,6,1,2,0.5374636987206659,1,0
13033,4,9,1,2,0.6009628278003438,1,0
13035,4,5,1,2,0.5439941430240485,1,0
13051,3,14,0,2,0.44038219494993497,0,0
13057,1,15,1,2,0.28849635337457374,0,0
13061,4,6,0,2,0.6222492585922259,1,0
13065,4,7,0,2,0.6119271922587914,1,0
13075,4,5,1,2,0.5603934533599518,1,0
13077,1,10,1,2,0.38524325451832,0,0
13083,3,5,1,2,0.410566066599197,0,0
13093,4,8,1,2,0.5980442369396506,1,0
13097,2,8,1,2,0.4199479437237066,0,0
13129,4,8,1,2,0.47712061933804045,0,1
13131,4,6,0,2,0.5761060646614293,1,0
13167,4,5,1,2,0.6024025985140128,1,1
13171,3,9,0,2,0.5157299891249426,1,0
13195,3,11,1,2,0.4716469702863982,0,0
13197,4,4,1,2,0.5466912452112792,1,1
13199,4,10,0,2,0.534980363208735,1,0
13201,4,5,0,2,0.5871508631191452,1,0
13207,2,9,0,2,0.46335324796285954,0,0
13213,3,6,0,2,0.4503429006059473,0,0
13217,3,11,1,2,0.5210937084154473,1,0
13229,4,7,0,2,0.5476754476913538,1,0
13235,4,5,1,2,0.5925728445709211,1,0
13239,4,2,0,2,0.5735698467413901,1,0
13241,4,9,0,2,0.4207370507196124,0,0
13245,1,11,0,2,0.5604765127770488,1,0
13249,3,7,0,2,0.5164986950836461,1,0
13269,1,6,0,2,0.39729238074629825,0,0
13271,4,7,0,2,0.6029981286096366,1,0
13275,3,9,1,2,0.518826175246088,1,1
13277,4,9,1,2,0.5686845547103236,1,1
13281,3,3,1,2,0.3535176755903477,0,1
13285,4,7,1,2,0.5335973602531606,1,0
13287,4,4,1,2,0.6159049671871998,1,1
13289,4,6,0,2,0.5950784800324497,1,0
16007,3,10,0,2,0.2569775375442647,0,0
16029,2,7,0,2,0.46542614385784964,0,0
16031,3,9,1,2,0.568650838133349,1,0
16045,2,7,1,2,0.47124554166183497,0,0
16053,4,5,0,2,0.5852837871230221,1,0
16069,2,10,1,2,0.4586328191017334,0,0
16073,3,12,1,2,0.5874311760943677,1,0
16079,4,15,1,2,0.49035707524117134,0,0
16085,1,4,0,2,0.403517184558216,0,0
17003,1,8,1,2,0.4738208249014112,0,1
17007,1,15,1,2,0.45576892106925226,0,0
17013,2,7,1,2,0.42335285330599226,0,1
17015,1,11,0,2,0.4366254379556246,0,0
17023,2,11,0,2,0.44291809103490065,0,0
17031,2,176,0,2,0.40693908977586557,0,0
17033,2,10,1,2,0.46322100222956325,0,0
17035,3,12,0,2,0.46910584848130427,0,0
17037,2,22,0,2,0.4798245199015907,0,0
17043,1,43,1,2,0.3151546736913424,0,0
17055,4,19,1,2,0.5410150204426526,1,1
17073,1,23,1,2,0.458639569122518,0,1
17077,4,22,0,2,0.4734671442818562,0,0
17089,1,33,0,2,0.4104681391237697,0,0
17091,2,21,1,2,0.5163105750572822,1,0
17097,1,35,1,2,0.37132424797056873,0,0
17113,2,33,1,2,0.43109489990358685,0,0
17141,2,27,1,2,0.4614870690349118,0,1
17149,3,16,1,2,0.46789162567857284,0,0
17165,4,11,1,2,0.5561770658929961,1,0
17167,2,29,1,2,0.4129583525292532,0,0
17191,3,20,0,2,0.49073012288055456,0,0
18007,3,10,0,2,0.5804301366547626,1,0
18011,1,12,1,2,0.40936294166939724,0,1
18037,1,13,1,2,0.4592026611783129,0,1
18039,2,17,1,2,0.5532816041737375,1,0
18053,3,15,1,2,0.5936545808513375,1,0
18083,3,11,1,2,0.5704511926768182,1,1
18093,2,12,1,2,0.5421174734783129,1,1
18097,3,40,0,2,0.5315888018770301,1,0
18099,3,13,0,2,0.5612639871564443,1,0
18107,2,16,1,2,0.48960839654645844,0,0
18111,2,12,0,2,0.523469573050363,1,0
18113,1,17,0,2,0.5298959162813015,1,0
18119,3,14,0,2,0.5314732474314422,1,0
18125,2,11,0,2,0.5131728267562992,1,0
18127,1,15,1,2,0.46965674523962014,0,0
18129,1,7,1,2,0.48363925176088846,0,0
18131,3,13,0,2,0.570872604462458,1,0
18133,1,15,1,2,0.4798790531669967,0,1
18137,2,12,0,2,0.5006532717490342,1,0
18157,3,18,1,2,0.4429762054070794,0,0
18171,2,11,0,2,0.5091031095583997,1,0
18175,2,12,1,2,0.511567973790215,1,0
19007,3,11,1,2,0.4900783732744398,0,0
19031,1,18,1,2,0.4351710972211488,0,0
19075,1,16,0,2,0.4288413160443808,0,0
19087,2,11,1,2,0.4676989038885265,0,0
19091,2,17,0,2,0.449047760588087,0,0
19093,1,12,0,2,0.43229108214056794,0,0
19101,1,16,0,2,0.412705938417417,0,0
19105,2,16,1,2,0.46707493586291626,0,0
19121,1,14,1,2,0.40889897825410965,0,0
19125,1,19,0,2,0.407693872537616,0,0
19135,2,7,0,2,0.43449673106460823,0,0
19141,2,14,0,2,0.44890739546761754,0,0
19149,1,14,1,2,0.4708992619640178,0,0
19151,2,16,1,2,0.48931213015705766,0,1
19163,2,22,1,2,0.4481397886687287,0,0
20001,3,11,1,2,0.5765094611892849,1,0
20003,3,10,0,2,0.5592084882655156,1,0
20023,3,5,0,2,0.5401391776729065,1,0
20039,2,8,1,2,0.4824697199847784,0,1
20047,3,7,1,2,0.5310817689970279,1,1
20055,3,7,1,2,0.5768028171293529,1,1
20061,3,8,1,2,0.5613441177594524,1,1
20093,3,4,0,2,0.6312338389923033,1,0
20097,2,7,1,2,0.4787300430650837,0,1
20099,4,13,1,2,0.609277006078149,1,0
20127,2,9,1,2,0.5687295375410212,1,1
20135,3,9,1,2,0.45492971562459916,0,1
20139,2,15,1,2,0.5818162048584523,1,0
20143,2,11,0,2,0.47689687783391455,0,0
20147,2,9,1,2,0.42076934618002676,0,1
20167,2,11,1,2,0.49524155495100497,0,1
20179,1,11,1,2,0.437277012065485,0,1
20187,3,3,0,2,0.5856504619940692,1,0
20191,2,18,0,2,0.5172066697193761,1,0
20199,2,4,0,2,0.4978534151005869,0,0
20209,4,11,0,2,0.601965231052716,1,0
21001,4,10,1,2,0.5709832783534555,1,0
21007,1,6,0,2,0.43216990719726706,0,0
21009,4,11,1,2,0.6154695203533718,1,0
21021,3,5,1,2,0.533197750372091,1,0
21031,4,10,0,2,0.573226365311709,1,0
21037,2,10,1,2,0.4166700965267986,0,0
21057,4,3,1,2,0.5791125728566521,1,1
21085,4,9,1,2,0.5807068942619733,1,0
21087,4,8,0,2,0.5893823123357845,1,0
21089,3,11,0,2,0.5177807022987378,1,0
21097,3,6,1,2,0.563488032831813,1,0
21101,3,8,1,2,0.5800882947437757,1,0
21103,3,13,1,2,0.5436751606595293,1,0
21141,4,7,1,2,0.6012984019870112,1,0
21149,2,7,1,2,0.5755632895711434,1,1
21155,1,11,0,2,0.5612777190498507,1,0
21171,4,6,1,2,0.5027534069658149,1,0
21177,3,17,0,2,0.5740044512921212,1,0
21179,1,9,1,2,0.4561800138365935,0,1
21185,1,11,1,2,0.3475410680707445,0,0
21187,3,9,0,2,0.5476049378159519,1,0
21191,3,10,1,2,0.5274422164801356,1,0
21193,1,21,0,2,0.4380898698031556,0,0
21197,4,4,1,2,0.5111673951419503,1,0
21211,2,14,1,2,0.4780478275487512,0,1
22009,4,15,1,2,0.5745201632613773,1,1
22013,4,13,1,2,0.5921026242326733,1,0
22015,3,15,0,2,0.521456324206771,1,1
22027,4,11,1,2,0.6080873389990217,1,0
22049,4,7,1,2,0.5632235862654853,1,0
22061,1,8,0,2,0.549497099240914,1,1
22067,4,7,0,2,0.6124936187084712,1,0
22075,2,9,0,2,0.5465865708341445,1,0
22079,4,27,1,2,0.5386124364613207,1,0
22081,3,5,0,2,0.5106335559644877,1,0
22103,2,17,1,2,0.39937609727273626,0,0
22111,3,10,1,2,0.5410819624260191,1,0
22125,2,4,0,2,0.36214360428800213,0,0
23013,1,19,1,2,0.27203138735283655,0,1
23015,2,25,0,2,0.27476948612815105,0,0
23017,1,33,1,2,0.37753491245373016,0,0
23025,4,24,1,2,0.4310913731121784,0,0
24027,1,24,1,2,0.2743077496260206,0,0
24029,2,9,1,2,0.46107923682038676,0,0
24033,1,39,0,2,0.430563279627,0,0
24035,1,16,1,2,0.399217910214935,0,0
25001,1,47,1,2,0.30128647002366316,0,0
25013,2,41,1,2,0.4473950675712728,0,0
25017,1,83,0,2,0.2658659965685753,0,0
25025,3,36,1,2,0.39190663288369393,0,0
26001,3,13,0,2,0.4417159825082427,0,0
26005,2,24,1,2,0.47409598873931696,0,0
26007,3,8,0,2,0.4423869659136707,0,0
26011,3,10,1,2,0.5138372742170736,1,0
26013,3,7,1,2,0.4561611069161523,0,1
26023,3,13,1,2,0.5690956604610206,1,0
26025,3,22,1,2,0.5306592804518656,1,0
26027,2,14,1,2,0.5248281394038793,1,1
26065,1,22,1,2,0.4874988687375671,0,0
26073,4,15,1,2,0.47433771695603827,0,0
26107,3,16,0,2,0.44451810200905545,0,0
26139,1,22,1,2,0.3902286960725128,0,0
26153,3,7,0,2,0.5183090839070554,1,0
26163,3,68,0,2,0.5464525167078341,1,0
26165,3,13,0,2,0.4514559467477963,0,0
27009,1,9,1,2,0.3835900762902614,0,1
27021,2,24,0,2,0.40864477358585705,0,0
27035,2,18,0,2,0.3259478193171825,0,0
27037,1,22,1,2,0.3217918551052068,0,0
27041,1,17,1,2,0.3533185208627682,0,1
27053,1,72,0,2,0.33840887784958396,0,0
27057,2,10,1,2,0.4097631132281794,0,0
27089,1,15,0,2,0.45266445703879254,0,0
27095,2,12,1,2,0.40937468537593213,0,0
27097,2,20,1,2,0.3851807810658517,0,1
27143,1,16,0,2,0.41794114657078923,0,0
27147,1,11,0,2,0.4499202899683777,0,0
27149,2,8,0,2,0.39002904830928914,0,0
27151,3,11,1,2,0.43601517145310265,0,1
27157,1,13,0,2,0.37427535011020485,0,0
27165,2,10,0,2,0.4645157674680395,0,0
27171,1,19,1,2,0.3456622339379349,0,0
27173,2,14,0,2,0.44023603256454197,0,0
28017,4,8,0,2,0.5499253106744388,1,0
28027,4,11,1,2,0.6694868103506995,1,0
28031,4,8,1,2,0.4955213032445175,0,0
28037,4,8,1,2,0.4739106638784767,0,1
28051,4,9,1,2,0.6013499405593004,1,0
28057,3,10,1,2,0.43606040783880706,0,0
28065,4,9,1,2,0.5012624567453222,1,0
28067,4,13,0,2,0.46344780289303783,0,1
28081,3,15,1,2,0.42178772563634737,0,0
28085,4,12,1,2,0.4643485365511327,0,1
28087,3,8,1,2,0.45199173397038217,0,0
28099,4,8,1,2,0.5474944040274415,1,0
28109,3,5,1,2,0.4437308397883845,0,1
28119,4,10,1,2,0.652102343276693,1,1
28123,4,10,1,2,0.5449709793191208,1,0
28133,4,16,1,2,0.660145564270877,1,1
28137,3,5,1,2,0.5435461836867626,1,0
28139,4,9,0,2,0.507169046353803,1,0
28149,4,3,0,2,0.496176770965418,0,0
28153,4,7,1,2,0.5041348607398348,1,0
28161,4,7,1,2,0.497736161541183,0,0
29001,4,9,1,2,0.46013514708912157,0,0
29003,2,17,0,2,0.5244426861745789,1,0
29013,3,13,1,2,0.545359117647088,1,0
29015,3,13,1,2,0.5181758858055929,1,0
29027,2,19,0,2,0.4205573067844579,0,0
29029,3,18,1,2,0.4274311085686582,0,1
29045,3,11,0,2,0.5215425461809056,1,0
29059,4,13,1,2,0.5470626671138125,1,0
29063,2,10,1,2,0.5495039421495616,1,0
29071,1,23,1,2,0.48314161280483053,0,0
29079,3,7,1,2,0.55851368415726,1,1
29087,3,6,0,2,0.5489424948138714,1,0
29103,4,12,1,2,0.5667468637802827,1,1
29113,2,17,1,2,0.5250525339147841,1,0
29119,1,14,1,2,0.5101744263455726,1,0
29121,2,15,1,2,0.4971130939736995,0,0
29125,3,10,0,2,0.4877221148408477,0,0
29127,3,10,1,2,0.5128607349844039,1,0
29153,4,18,1,2,0.568696914577954,1,1
29157,2,8,0,2,0.5051395119105554,1,0
29169,2,11,1,2,0.42373832924291016,0,0
29179,3,11,0,2,0.5293805245794186,1,0
29189,1,46,0,2,0.42267840005121,0,0
29203,4,9,0,2,0.5662127996158285,1,0
29217,4,13,1,2,0.5589299191443111,1,0
29219,3,9,1,2,0.501062675818508,1,1
30011,2,8,0,2,0.4618860005874085,0,0
30013,3,18,1,2,0.487582545910491,0,1
30021,1,8,1,2,0.4634777044652934,0,1
30029,2,16,1,2,0.36177812462321096,0,0
30073,3,6,1,2,0.5543714121534464,1,1
30083,1,9,0,2,0.4672918397254422,0,0
30093,3,7,0,2,0.4210587874417376,0,0
30097,1,6,0,2,0.42575878021821023,0,0
30099,2,12,0,2,0.46558279798079144,0,0
30105,3,12,1,2,0.5274631789918732,1,1
31001,2,14,1,2,0.40541808127984585,0,1
31019,1,14,0,2,0.3986774781508166,0,0
31037,3,7,0,2,0.45220863620840046,0,0
31053,2,14,0,2,0.4566304105132445,0,0
31057,4,7,0,2,0.5234804128939362,1,0
31059,1,14,0,2,0.3769371942541648,0,0
31065,3,9,0,2,0.4754286250215328,0,0
31091,1,1,0,2,0.46138588665214364,0,0
31101,2,7,0,2,0.4428614160572889,0,0
31127,2,13,0,2,0.44713930564106136,0,0
31135,1,10,1,2,0.461631169853278,0,1
31137,2,10,0,2,0.4281868098229552,0,0
31141,1,11,1,2,0.37201809354028065,0,1
31157,3,8,1,2,0.5205407171486777,1,0
31163,2,8,0,2,0.44862164016534467,0,0
31181,2,8,0,2,0.45633281409834214,0,0
32015,3,2,0,2,0.6381284148616567,1,0
32017,1,5,1,2,0.3814203883043144,0,1
32021,3,5,1,2,0.6328164677641535,1,1
33001,1,15,0,2,0.2811041928636814,0,0
33007,2,16,1,2,0.3659072688215499,0,1
33011,1,34,1,2,0.283370353581264,0,0
33017,1,17,0,2,0.3156777468323377,0,0
33019,2,19,0,2,0.31253817733910566,0,0
34001,1,30,0,2,0.4180006721004924,0,0
34005,1,38,0,2,0.32928038068235016,0,0
34017,3,16,0,2,0.39587392568303664,0,0
34023,1,44,0,2,0.3277608067328578,0,0
34029,1,30,0,2,0.3378336016123178,0,0
34035,1,32,1,2,0.2826785842719798,0,0
35001,1,27,0,2,0.48754331841637477,0,0
35005,4,9,1,2,0.6850015513790708,1,1
35009,1,7,1,2,0.5549170205187383,1,1
35019,2,5,1,2,0.4866208830540367,0,1
35029,4,3,1,2,0.65342027465908,1,0
35037,4,10,1,2,0.6072947397296121,1,1
36003,3,37,1,2,0.3904382278137414,0,0
36031,2,34,1,2,0.32141000460770797,0,1
36045,3,39,1,2,0.41040328751948957,0,0
36051,2,30,0,2,0.4154292912193547,0,0
36069,1,25,0,2,0.3706385445696839,0,0
36073,3,15,1,2,0.5415102010201295,1,0
36075,3,27,1,2,0.4557742441728352,0,0
36083,2,29,1,2,0.35861814521735735,0,0
36085,1,12,0,2,0.39196256311938477,0,0
36111,2,63,1,2,0.34066505766701816,0,0
36113,1,25,0,2,0.33773303142510663,0,0
36119,1,77,0,2,0.3271673874518529,0,0
37007,4,8,1,2,0.5093927954521109,1,0
37015,4,10,1,2,0.5513522240421835,1,0
37037,1,18,1,2,0.3011402408111724,0,0
37043,3,5,1,2,0.35598890025581437,0,1
37059,2,6,1,2,0.3721746930304602,0,1
37061,4,19,1,2,0.5483487200213106,1,0
37067,1,22,1,2,0.388115948304198,0,0
37091,4,9,1,2,0.5092849309875758,1,0
37103,4,9,0,2,0.5111971889950074,1,0
37113,3,6,0,2,0.38633143595826264,0,0
37115,3,6,0,2,0.3802723141363044,0,0
37123,3,8,0,2,0.42912760081898804,0,0
37131,4,12,1,2,0.5185747958838495,1,0
37133,3,16,1,2,0.3957219381905188,0,0
37137,3,9,0,2,0.45530875426829437,0,0
37145,2,10,0,2,0.4494428640739174,0,0
37151,3,24,1,2,0.44672603689523693,0,0
37157,3,11,1,2,0.45739611808840924,0,0
37161,1,16,1,2,0.41598893527156655,0,0
37165,4,7,1,2,0.555880129075858,1,0
37199,3,5,0,2,0.42650429630289494,0,0
38001,1,6,0,2,0.4900067085412949,0,0
38009,1,14,0,2,0.4469808655227865,0,0
38031,1,8,0,2,0.410572799036256,0,0
38039,2,9,0,2,0.46584436484646746,0,0
38043,2,13,0,2,0.47273390557404305,0,0
38061,2,12,0,2,0.5294586556588533,1,0
38067,1,13,1,2,0.3914868371416857,0,1
38069,3,11,0,2,0.47348669904102886,0,0
38073,1,11,1,2,0.4195788554330709,0,1
38085,4,9,1,2,0.7048243092467146,1,1
38091,1,12,0,2,0.4136698084903141,0,0
38095,3,10,0,2,0.4841243179817253,0,0
39011,1,18,0,2,0.5318208242719421,1,0
39013,2,27,1,2,0.45817014389050603,0,0
39035,1,52,0,2,0.46686639007739056,0,0
39059,3,20,1,2,0.529326551040265,1,0
39063,1,24,1,2,0.4520802601622623,0,0
39081,3,23,1,2,0.5290662345902706,1,0
39091,2,18,1,2,0.5458311404382766,1,0
39093,2,24,1,2,0.48864228504005847,0,0
39103,1,24,1,2,0.3931394877304805,0,0
39107,1,18,1,2,0.5276826806868016,1,1
39117,2,16,1,2,0.5103957368013717,1,1
39137,1,17,1,2,0.47282467984222687,0,0
39143,2,17,1,2,0.5672689894687076,1,0
39151,1,42,1,2,0.4885895426996113,0,0
39153,2,41,0,2,0.4738695674321771,0,0
39165,1,24,1,2,0.40397222653201753,0,0
40041,4,13,1,2,0.6080232337218792,1,1
40051,2,14,1,2,0.5921250180704998,1,0
40065,3,9,1,2,0.6085257343390829,1,0
40085,3,8,1,2,0.6690026344376896,1,1
40095,4,3,1,2,0.6376287387079365,1,0
40097,4,17,1,2,0.6448707019284271,1,1
40099,3,7,1,2,0.6407282696123658,1,0
40107,4,11,1,2,0.6617815002662195,1,0
40131,1,12,1,2,0.5690438585592581,1,0
40137,3,10,1,2,0.6472892403901027,1,1
41003,1,10,1,2,0.4105644678220944,0,1
41015,2,7,1,2,0.40075794233828776,0,0
41035,4,17,1,2,0.5817221361514955,1,1
42017,1,55,0,2,0.3436334281829141,0,0
42021,1,51,1,2,0.3048252925219405,0,0
42023,3,4,0,2,0.4224431713936858,0,0
42055,1,30,1,2,0.39881809459505196,0,0
42061,2,33,1,2,0.43363118562244063,0,1
42091,1,69,0,2,0.33328743962008456,0,0
42103,1,19,0,2,0.37785666086481834,0,0
42129,1,86,1,2,0.33944100930035775,0,0
45009,4,8,1,2,0.6073327073908155,1,0
45021,4,8,1,2,0.5212512331039751,1,0
45027,4,11,1,2,0.5904894768341257,1,1
45031,4,10,1,2,0.5409559637708332,1,0
45037,3,10,1,2,0.47336397421684046,0,0
45045,1,27,0,2,0.3909228649287217,0,0
45065,1,11,0,2,0.4656781415120197,0,0
45073,3,13,1,2,0.4430997809121361,0,1
45081,4,12,1,2,0.59055206806786,1,0
45083,2,34,0,2,0.4363396421358266,0,0
45089,4,12,1,2,0.5985826565625647,1,0
45091,1,15,1,2,0.4269786506844139,0,0
46015,2,6,0,2,0.4425303295179777,0,0
46017,4,6,0,2,0.5979460658448951,1,0
46035,2,6,1,2,0.39674647978469624,0,0
46043,1,8,0,2,0.23162841569722825,0,0
46045,1,10,0,2,0.42053172196035443,0,0
46057,1,12,0,2,0.3894469290330293,0,0
46061,2,7,0,2,0.39313970085246075,0,0
46069,1,5,0,2,0.38161050000805335,0,0
46085,2,9,0,2,0.5196155124380569,1,0
46093,2,18,1,2,0.4052520725937217,0,0
46095,4,7,0,2,0.6452693184907584,1,0
46109,4,16,1,2,0.5508495992851181,1,1
46115,1,15,0,2,0.40936045266678783,0,0
46123,4,8,0,2,0.4739234253352716,0,0
46135,2,10,1,2,0.3753306872779518,0,0
47021,2,12,1,2,0.47150671438801967,0,1
47039,4,9,0,2,0.52451831227388,1,0
47041,4,11,0,2,0.5631823999572776,1,0
47049,4,9,1,2,0.5138256989704505,1,0
47055,3,17,1,2,0.5310570355558589,1,0
47059,4,10,1,2,0.541206246515583,1,0
47069,4,12,1,2,0.5675178635852799,1,0
47105,2,9,0,2,0.43679097976811065,0,0
47107,4,12,1,2,0.5141597988037699,1,0
47121,3,6,1,2,0.501411775266493,1,0
47129,4,12,1,2,0.49162747732413153,0,0
47147,2,12,1,2,0.5074190179097968,1,0
47161,2,8,0,2,0.499041780526884,0,0
47165,1,10,1,2,0.4677293665778801,0,0
47173,4,11,0,2,0.5234801867769528,1,0
47177,4,6,1,2,0.5865715098671407,1,1
47179,1,13,1,2,0.4488276060880702,0,0
47181,4,10,1,2,0.5213309715746755,1,0
48001,3,10,1,2,0.5621040481691686,1,0
48003,2,1,1,2,0.6248813152193522,1,0
48005,4,6,1,2,0.5573393852463923,1,0
48015,2,13,1,2,0.5716651982767859,1,0
48029,2,77,0,2,0.5714312359861592,1,0
48049,3,10,1,2,0.5575371281826755,1,0
48061,4,17,0,2,0.6636964693022211,1,0
48065,1,6,0,2,0.5358011674603073,1,0
48067,4,14,1,2,0.5538525910150419,1,1
48073,4,12,1,2,0.5477902925823736,1,1
48077,2,9,1,2,0.5798883716714932,1,1
48087,4,5,1,2,0.6248791686958592,1,1
48093,2,14,1,2,0.5560579526580693,1,0
48105,2,6,0,2,0.6055187928979269,1,0
48107,4,9,0,2,0.6762721311156931,1,0
48123,3,9,1,2,0.6227259565252601,1,0
48133,4,9,1,2,0.5748470816423237,1,0
48139,1,20,1,2,0.550638872961188,1,0
48143,1,13,1,2,0.5552723297330141,1,1
48159,1,7,1,2,0.4756669720798595,0,1
48195,4,3,0,2,0.6867714940570855,1,0
48221,1,8,1,2,0.4946975457982318,0,0
48225,4,7,1,2,0.5780620515963925,1,0
48237,3,11,0,2,0.6051854335490553,1,0
48259,1,8,1,2,0.4302407653173213,0,1
48319,2,6,0,2,0.5315602935640547,1,0
48325,1,15,0,2,0.5405720187317408,1,0
48345,3,6,0,2,0.5640794170580089,1,0
48351,3,11,0,2,0.5458597915343636,1,0
48365,3,13,1,2,0.5677636819607914,1,0
48371,3,6,1,2,0.6488440876378858,1,0
48381,1,15,1,2,0.5379856772454605,1,0
48387,4,9,1,2,0.6022337525507562,1,0
48405,4,4,1,2,0.5654301234987875,1,1
48411,3,7,1,2,0.603843278655861,1,1
48413,2,3,0,2,0.28062486341402676,0,0
48421,3,4,0,2,0.6070828736306466,1,0
48423,3,22,0,2,0.47277870821336276,0,1
48431,2,2,0,2,0.6058784209456646,1,0
48449,4,6,1,2,0.5859845559683841,1,1
48453,1,63,0,2,0.4000966905084419,0,0
48463,4,8,1,2,0.6596382169073555,1,0
48469,3,12,1,2,0.6091484455915145,1,0
49033,2,4,0,2,0.5210317695767328,1,0
49035,1,36,0,2,0.5024202586589749,1,0
49039,3,15,1,2,0.5064289559905204,1,0
49041,3,12,1,2,0.5320550039188561,1,0
49049,2,24,0,2,0.43235920341062833,0,0
50013,1,5,1,2,0.28082490081582057,0,1
50021,1,29,1,2,0.28262101819356583,0,0
50025,2,24,1,2,0.3019846431263676,0,1
51003,2,24,1,2,0.30432041257246384,0,0
51011,3,8,0,2,0.4859883397400764,0,0
51019,1,18,1,2,0.36193447016277214,0,1
51025,3,16,1,2,0.5349890798429674,1,0
51037,4,14,1,2,0.49157796839043816,0,0
51047,1,18,1,2,0.4385784234108465,0,1
51049,3,7,0,2,0.4935663526723513,0,0
51059,1,48,0,2,0.25026549907444234,0,0
51069,1,12,1,2,0.3298842355053474,0,1
51085,1,12,1,2,0.2961992469794773,0,0
51087,2,16,1,2,0.41241814206765975,0,0
51091,2,7,0,2,0.3949608187409503,0,0
51103,2,6,1,2,0.4294425361037458,0,0
51115,2,15,0,2,0.37766885773756226,0,0
51121,3,10,1,2,0.34339124643655783,0,0
51127,1,6,1,2,0.36761935648971467,0,0
51157,1,10,0,2,0.363280905048499,0,0
51167,4,11,0,2,0.5107701297094086,1,0
51169,3,12,0,2,0.4929371726575181,0,0
51179,1,5,1,2,0.33159392355064604,0,0
51185,1,18,1,2,0.4084180440912377,0,0
51197,3,11,0,2,0.4649384373022668,0,0
51530,4,1,0,2,0.4761969060465771,0,0
51570,2,1,1,2,0.3852091857301294,0,0
51775,1,1,0,2,0.31294974355118366,0,0
53011,1,20,0,2,0.39254942756214395,0,0
53019,4,9,0,2,0.5468242778145155,1,0
53023,3,2,1,2,0.5449577366863119,1,1
53027,1,21,0,2,0.45324308049435846,0,0
53033,1,84,0,2,0.3328004412694468,0,0
53041,2,23,1,2,0.4512757529863595,0,1
53059,1,8,1,2,0.4082397323856427,0,1
53065,3,21,0,2,0.503017236893219,1,0
54019,1,42,0,2,0.47990940172598995,0,0
54033,3,21,0,2,0.4757845146778424,0,0
54039,1,46,1,2,0.5083286312276505,1,0
54063,3,13,0,2,0.5428638508148682,1,0
54067,3,25,1,2,0.5536349780246064,1,0
54079,2,17,1,2,0.4908054591735613,0,0
54089,4,15,0,2,0.5423110150180908,1,0
54091,3,10,0,2,0.5094582131062135,1,0
55005,2,19,1,2,0.35075582107560277,0,1
55013,3,11,0,2,0.3622654926858822,0,0
55021,1,20,1,2,0.3660096495227379,0,1
55029,1,13,1,2,0.3355968455873281,0,0
55033,2,22,0,2,0.3734222504744102,0,0
55035,2,15,0,2,0.346530152130794,0,0
55049,1,19,0,2,0.34432290585594794,0,0
55051,3,12,0,2,0.37528070991827217,0,0
55055,1,19,1,2,0.38540052485084847,0,0
55057,3,14,1,2,0.4068439890396266,0,0
55061,1,6,1,2,0.36409584604234246,0,0
55069,1,7,1,2,0.3268032905777622,0,0
55073,1,28,1,2,0.3075929346746296,0,0
55079,3,37,0,2,0.468614204240093,0,0
55085,1,14,1,2,0.3103336004273929,0,1
55101,2,16,0,2,0.4153355068280813,0,0
55113,3,12,0,2,0.3617361824838348,0,0
55129,2,12,0,2,0.32744948981435357,0,0
56001,1,10,1,2,0.5302114066623735,1,0
56003,2,15,1,2,0.46358467225944716,0,0
56017,3,3,1,2,0.5090534737457547,1,1
56023,1,15,0,2,0.42573507992258225,0,0
56029,1,8,1,2,0.4112386457814613,0,0
56033,1,9,1,2,0.4338274334762447,0,0
56045,2,4,0,2,0.5048361835288806,1,0
01001,3,10,1,3,0.4833406425686015,0,1
01005,4,9,0,3,0.5605902020209503,1,0
01023,4,10,0,3,0.5419437508032217,1,0
01025,4,10,1,3,0.5499520095736872,1,0
01031,3,16,1,3,0.4734270171739756,0,1
01049,4,24,0,3,0.5468969160024503,1,0
01057,4,10,1,3,0.5015013220250641,1,0
01077,3,9,1,3,0.4764792237652185,0,0
01103,3,16,1,3,0.4985477627821484,0,0
01119,4,11,1,3,0.5703522826702458,1,0
01123,4,12,1,3,0.5029928108544813,1,1
01133,4,11,1,3,0.5143849332941832,1,0
04023,4,9,1,3,0.6011811219507731,1,1
04027,4,10,0,3,0.5764461158225856,1,1
05003,4,7,1,3,0.512039342620414,1,0
05007,2,21,0,3,0.41826658441301884,0,0
05013,4,6,0,3,0.5058987463288517,1,0
05015,3,9,1,3,0.49333462972985,0,0
05035,4,11,1,3,0.6103608179538031,1,0
05039,4,6,1,3,0.4970020584171914,0,1
05055,4,9,1,3,0.5149731979728545,1,1
05069,4,17,1,3,0.5405675594988082,1,0
05073,4,6,1,3,0.560429293429528,1,1
05087,3,13,1,3,0.5064424254082939,1,0
05101,3,20,1,3,0.4874820870609231,0,1
05105,4,8,1,3,0.5381069282843993,1,1
05109,4,10,0,3,0.5034944849292007,1,0
05131,3,16,0,3,0.4801839441901901,0,1
06019,4,56,0,3,0.5677410923225688,1,0
06033,3,15,1,3,0.561122895188564,1,0
06073,1,108,0,3,0.4289930581370596,0,0
06079,2,26,1,3,0.43548124569370184,0,0
06111,1,33,0,3,0.41402991797418615,0,0
08005,1,33,1,3,0.4118158440000348,0,0
08007,1,5,1,3,0.4336365891107354,0,0
08015,2,5,0,3,0.42270956158618617,0,0
08017,2,4,0,3,0.5431771847906078,1,0
08019,1,6,0,3,0.37634318690843477,0,0
08051,2,11,0,3,0.44919041509337393,0,0
08053,1,3,0,3,0.4344307168223453,0,0
08057,1,2,0,3,0.4178961618861303,0,0
08081,2,5,1,3,0.5964340491366242,1,0
08089,4,7,0,3,0.6268417401900966,1,0
08095,2,3,0,3,0.5534521350926564,1,0
08097,1,7,0,3,0.39784401986156065,0,0
08103,2,4,0,3,0.5520489584666679,1,0
08107,1,9,1,3,0.45620819855846706,0,0
08113,1,7,1,3,0.39304171458894993,0,1
08117,1,4,0,3,0.4717803131691344,0,0
09007,1,24,1,3,0.3411606211458206,0,0
12015,2,17,1,3,0.362317936638561,0,0
12023,3,8,1,3,0.4474781087105385,0,0
12039,4,7,1,3,0.5273907837754143,1,1
12051,4,6,1,3,0.5110211145689688,1,0
12053,3,12,1,3,0.4155075106578617,0,0
12063,1,14,1,3,0.47515344907513,0,1
12065,4,4,1,3,0.5153286224351568,1,0
12067,4,2,0,3,0.44307677632364606,0,0
12075,4,13,1,3,0.4609312808096816,0,0
12077,4,2,0,3,0.4855959114075063,0,0
12085,1,12,1,3,0.3755234049798245,0,0
12097,3,17,1,3,0.4318799466005459,0,0
12101,2,31,1,3,0.3916853738589697,0,0
12111,2,17,1,3,0.4199358908417077,0,0
12133,4,10,1,3,0.4848228165611824,0,0
13005,4,3,1,3,0.5469889444118469,1,1
13017,4,4,1,3,0.5651847842990168,1,0
13027,4,10,0,3,0.5115838463562923,1,0
13045,1,11,1,3,0.45753132224802434,0,0
13047,1,8,0,3,0.37025419901916745,0,0
13059,1,9,1,3,0.4882881619447239,0,0
13063,1,16,1,3,0.4933940999644501,0,0
13085,1,5,1,3,0.3638840201940138,0,0
13101,3,6,1,3,0.49194493955904306,0,1
13135,2,26,0,3,0.32782301159976507,0,0
13141,4,5,0,3,0.5761164906379016,1,0
13147,4,8,0,3,0.47064178065831563,0,0
13155,4,7,1,3,0.5657757481270211,1,1
13179,1,9,1,3,0.4349635677687006,0,1
13183,4,5,0,3,0.5103891059904673,1,0
13189,4,4,1,3,0.517294259509137,1,0
13209,4,7,0,3,0.5287004300633855,1,0
13231,2,8,0,3,0.45536883546831486,0,0
13233,4,8,1,3,0.478326253458559,0,1
13237,4,5,1,3,0.49914070288382834,0,0
13243,4,8,0,3,0.6153006705592088,1,0
13247,2,9,1,3,0.443703281402633,0,1
13251,4,6,0,3,0.5564068679454433,1,0
13257,3,5,1,3,0.43449125176212017,0,0
13267,4,6,1,3,0.5373028898264796,1,0
13291,3,4,1,3,0.3937295604554221,0,0
13295,3,14,1,3,0.4467786809063258,0,0
13301,4,9,1,3,0.5732727653343876,1,1
13303,4,10,1,3,0.5494411464134995,1,0
13313,4,8,1,3,0.43034837601131876,0,0
13319,4,9,0,3,0.530405688466166,1,0
16003,2,6,0,3,0.4875329308197976,0,0
16021,3,4,0,3,0.48159590325627805,0,0
16025,4,2,1,3,0.6132470186659218,1,1
16039,3,7,1,3,0.5285267875806313,1,0
16063,3,6,0,3,0.61878278315099,1,0
16087,4,5,1,3,0.6097940557013226,1,1
17005,3,12,0,3,0.49427608552552804,0,0
17017,3,7,1,3,0.474142063565511,0,0
17019,3,35,1,3,0.43618234940537143,0,0
17027,1,17,1,3,0.4401787037046278,0,0
17041,2,13,1,3,0.504837610064163,1,0
17047,2,6,0,3,0.4898826070418773,0,0
17053,2,21,1,3,0.5159224353579022,1,0
17063,1,16,1,3,0.4547846443291369,0,0
17067,2,19,0,3,0.4529488014180997,0,0
17081,3,17,1,3,0.48925163670725663,0,0
17085,1,15,0,3,0.4176104137457738,0,0
17101,3,7,0,3,0.5071113045468313,1,0
17137,3,16,1,3,0.48463939785318916,0,1
17139,2,11,0,3,0.49283813947223937,0,0
17151,3,10,0,3,0.5134758893429335,1,0
17155,1,8,0,3,0.44827992235622094,0,0
17175,3,10,0,3,0.5435653453660362,1,0
17177,3,19,0,3,0.49229206235112827,0,0
17179,1,21,1,3,0.4265838771857291,0,0
17181,3,13,1,3,0.4753960766717492,0,0
17187,3,14,1,3,0.5217836039585418,1,0
17197,1,45,0,3,0.39915153542756193,0,0
17201,2,26,1,3,0.47611822495627165,0,0
18031,2,10,0,3,0.5381897747599366,1,0
18043,2,10,1,3,0.4297892847012878,0,1
18063,1,19,1,3,0.4061722344860823,0,0
18065,3,22,0,3,0.5731863817553843,1,0
18067,2,10,1,3,0.553552649129331,1,0
18075,3,9,0,3,0.5982537835159535,1,0
18079,2,13,1,3,0.5053740775437432,1,0
18139,2,16,1,3,0.5962868476388106,1,0
18145,2,17,1,3,0.5577626082860452,1,0
18161,2,6,0,3,0.5571995169481492,1,0
18169,2,14,1,3,0.5332122522524984,1,1
18179,2,16,0,3,0.524565886952136,1,0
18183,1,10,0,3,0.46581431585170896,0,0
19001,2,14,0,3,0.47776336290761195,0,0
19003,2,9,1,3,0.4919923107234286,0,1
19011,1,24,1,3,0.44553017309508514,0,0
19025,2,14,0,3,0.5147710679185548,1,0
19039,3,9,1,3,0.49427335094348696,0,1
19045,2,20,1,3,0.4800548501687217,0,0
19077,1,18,1,3,0.45277092491919985,0,1
19103,1,24,1,3,0.4284538134150086,0,0
19131,1,12,0,3,0.4717858377387331,0,0
19153,2,41,0,3,0.3985920504796414,0,0
19155,2,24,1,3,0.4396712433882515,0,0
19157,2,17,1,3,0.4460631280892435,0,0
19167,1,19,0,3,0.4532931055775522,0,0
19173,2,11,0,3,0.500833313133037,1,0
19183,2,13,0,3,0.4731352429998181,0,0
19187,3,22,1,3,0.4799404052842785,0,0
19189,1,11,0,3,0.47071119343218254,0,0
19193,2,25,1,3,0.4503246907036341,0,0
19197,2,16,1,3,0.49141108913987064,0,0
20007,3,11,0,3,0.558793047952484,1,0
20019,4,10,1,3,0.5980410316568334,1,1
20021,1,13,1,3,0.4791757082572827,0,0
20025,2,6,0,3,0.5446153877885157,1,0
20041,2,12,1,3,0.5501169042122338,1,0
20045,1,12,1,3,0.46560598475482584,0,0
20049,3,10,0,3,0.5940756501598456,1,0
20057,4,10,1,3,0.5817736176652555,1,1
20065,2,13,0,3,0.47518718011432737,0,0
20069,1,7,0,3,0.5787785459879882,1,0
20101,3,5,0,3,0.5893448281406888,1,0
20105,2,10,0,3,0.5226075870411219,1,0
20115,1,19,0,3,0.5211913747456717,1,0
20117,2,13,0,3,0.548476676296117,1,0
20137,1,7,0,3,0.5087636901653299,1,0
20145,2,9,0,3,0.5181800644587453,1,0
20171,1,4,0,3,0.5836530991750294,1,0
20175,4,6,1,3,0.6254866864886335,1,0
20177,1,29,0,3,0.516346194642828,1,0
20189,4,4,0,3,0.6290168630973526,1,0
20195,1,8,0,3,0.5011828844371964,1,0
20197,1,16,0,3,0.4985964084438292,0,0
21011,4,8,1,3,0.5347296180611647,1,0
21013,4,11,1,3,0.5301082410810855,1,0
21017,3,9,0,3,0.5594779702170628,1,0
21029,1,11,1,3,0.46729337211940924,0,0
21035,4,10,0,3,0.5315971628161898,1,0
21067,2,17,1,3,0.41752936614637237,0,0
21071,4,33,1,3,0.5242409531968885,1,1
21079,3,5,1,3,0.5362591292960128,1,0
21105,4,7,1,3,0.6122874122551617,1,1
21113,3,4,1,3,0.4782383447513255,0,1
21115,4,19,1,3,0.47475678627871476,0,0
21117,2,12,1,3,0.4185660784766235,0,0
21121,4,19,1,3,0.4984440402595982,0,1
21125,4,8,1,3,0.5006498034818074,1,1
21129,4,6,0,3,0.5151918763955323,1,0
21133,1,26,1,3,0.5096374478750063,1,0
21145,3,7,1,3,0.5197286993670447,1,1
21159,4,9,1,3,0.4674676332765791,0,0
21165,4,5,0,3,0.5297241825318364,1,0
21173,4,5,1,3,0.5323676967822399,1,0
21201,4,7,1,3,0.5532432458957227,1,1
21215,1,8,0,3,0.48590923775172457,0,0
21221,2,5,1,3,0.5445233175986921,1,0
21227,3,9,1,3,0.4905632071867794,0,0
21233,4,10,0,3,0.5945858271772317,1,0
21237,4,5,1,3,0.5385095679018198,1,1
22023,4,8,1,3,0.6145942963266745,1,1
22029,4,5,0,3,0.6045519084000357,1,0
22039,4,12,1,3,0.5373061188111442,1,1
22051,3,17,0,3,0.4651330129741651,0,0
22063,2,17,1,3,0.44313867163951354,0,0
22073,1,14,0,3,0.46822586849193704,0,1
22077,3,17,1,3,0.5484812664528557,1,0
22083,4,6,1,3,0.6215114848797821,1,0
22099,4,8,1,3,0.5066112827883106,1,1
22101,4,8,1,3,0.5109031546260063,1,0
22113,3,12,1,3,0.5571195410874095,1,1
22121,2,5,1,3,0.49953992355473403,0,0
23003,4,41,0,3,0.482625151624179,0,0
23005,1,38,1,3,0.3104876535514477,0,0
23011,2,27,1,3,0.3738238499220761,0,0
23019,1,47,1,3,0.42008335899341365,0,0
23021,3,16,1,3,0.47394917073164683,0,0
24021,1,34,1,3,0.3292341739062857,0,0
24023,2,12,0,3,0.4388542891752376,0,0
24047,2,12,1,3,0.42680377115334855,0,1
24510,1,31,0,3,0.5101445391363171,1,1
25007,1,7,0,3,0.36761228139846214,0,0
25011,2,32,1,3,0.33847403525962216,0,0
26003,2,13,0,3,0.4576877873735501,0,0
26017,2,16,1,3,0.512572019580392,1,0
26019,1,11,0,3,0.40744095962455856,0,0
26021,1,23,1,3,0.4971772640550797,0,0
26029,2,10,0,3,0.40757994119697866,0,0
26049,3,34,1,3,0.48895659357888216,0,0
26075,2,29,1,3,0.49524406938311066,0,0
26081,2,39,1,3,0.4281782835666108,0,0
26087,2,22,1,3,0.4737961864633823,0,0
26093,1,20,1,3,0.3727570609635208,0,0
26095,3,3,0,3,0.5172752502093708,1,0
26101,2,15,1,3,0.4294098252579948,0,0
26117,3,25,0,3,0.5001598635762303,1,0
26133,4,9,0,3,0.5154542827839214,1,0
26137,3,7,1,3,0.4399521411288292,0,0
26149,3,13,1,3,0.5372601248189669,1,1
26157,3,21,1,3,0.5258591135717771,1,0
26159,3,22,1,3,0.5105026531219488,1,0
27001,2,12,1,3,0.43587462109627434,0,0
27015,1,10,0,3,0.42313248348084864,0,0
27019,1,18,0,3,0.3336775456701733,0,0
27025,1,15,1,3,0.37459253860939895,0,0
27031,2,6,0,3,0.36953269165319974,0,0
27043,2,14,0,3,0.4946244365963976,0,0
27045,1,16,0,3,0.40423397342958217,0,0
27059,1,12,0,3,0.3828023585190332,0,0
27061,2,30,1,3,0.41961345643916803,0,1
27077,1,4,0,3,0.2197264290053379,0,0
27079,1,13,1,3,0.42131162281886736,0,0
27081,2,12,0,3,0.47765739281897446,0,0
27093,1,13,0,3,0.40044777542446164,0,0
27099,2,19,1,3,0.44756884604220637,0,1
27107,2,14,0,3,0.49498225546037433,0,0
27113,1,7,0,3,0.48591154938739106,0,0
27117,2,9,0,3,0.511377683998235,1,0
27123,2,26,1,3,0.37390068650859115,0,0
27125,2,9,0,3,0.5000256123018382,1,0
27127,2,22,1,3,0.45734007108404817,0,0
27155,1,9,0,3,0.4804590733297548,0,0
27167,1,12,0,3,0.4473031606861908,0,0
28011,4,17,1,3,0.6207124304792321,1,1
28021,4,5,0,3,0.5091062493064556,1,0
28025,4,8,1,3,0.5107947621087847,1,0
28029,4,9,1,3,0.4106913757238269,0,0
28033,1,10,1,3,0.41805853970137113,0,0
28035,1,8,1,3,0.4219774873251446,0,1
28039,4,3,1,3,0.454423894767261,0,0
28041,3,7,1,3,0.4509751763789326,0,0
28043,4,7,1,3,0.4535429725711598,0,0
28061,4,14,1,3,0.4635630278749538,0,0
28063,4,7,0,3,0.5058291884442083,1,0
28077,4,8,0,3,0.46820221735701667,0,0
28079,4,7,0,3,0.5214959639138647,1,0
28089,1,12,1,3,0.356277071698368,0,0
28103,4,6,1,3,0.5761982974537967,1,0
28105,4,6,0,3,0.4358528046436657,0,0
28113,4,8,1,3,0.48638272309792463,0,0
28121,1,12,1,3,0.36227259991628075,0,0
28155,4,10,0,3,0.4743399656895827,0,0
29007,3,14,0,3,0.5529938151339265,1,0
29031,3,19,1,3,0.47838558694628946,0,1
29037,1,18,1,3,0.45239159750070224,0,0
29055,4,12,1,3,0.5155662794651904,1,0
29085,4,13,1,3,0.4962814050078472,0,1
29093,3,16,1,3,0.5259626222177981,1,1
29095,2,55,0,3,0.48527925895457935,0,1
29101,2,19,0,3,0.4889986352591502,0,0
29109,3,21,1,3,0.5519390058854065,1,1
29111,3,12,0,3,0.5438408314393756,1,0
29131,3,17,1,3,0.4992156760766995,0,0
29135,2,13,1,3,0.49241559576080723,0,0
29139,3,11,1,3,0.5378028176674229,1,0
29149,4,12,0,3,0.5779125444384325,1,0
29209,1,17,1,3,0.49488340812083276,0,1
29221,1,16,0,3,0.4974325390534233,0,0
29229,4,11,1,3,0.5823396463503282,1,0
30009,1,13,0,3,0.50446888708811,1,0
30039,2,5,0,3,0.5278226853722925,1,0
30053,4,6,1,3,0.5248520961967614,1,0
30057,1,18,0,3,0.4531260248116161,0,0
30063,2,16,0,3,0.4177504553165198,0,0
30101,2,8,0,3,0.5858504458039022,1,0
30109,2,2,0,3,0.5357555597735904,1,0
31005,2,8,0,3,0.5177604396242792,1,0
31007,2,8,1,3,0.494811328615262,0,1
31023,1,14,1,3,0.4570744173966251,0,1
31027,1,13,0,3,0.45421022167664615,0,0
31041,1,21,1,3,0.40320915653494493,0,0
31067,2,18,1,3,0.4757873650956096,0,0
31075,2,3,1,3,0.5315597294426014,1,1
31077,1,8,0,3,0.4727544666987074,0,0
31079,2,11,1,3,0.4123344222880147,0,0
31083,2,8,1,3,0.4670236989024419,0,1
31085,2,8,0,3,0.5050860328413943,1,0
31087,2,6,0,3,0.5157883624344004,1,0
31099,2,11,0,3,0.4191984981249933,0,0
31103,2,4,0,3,0.45800178916322215,0,0
31115,2,5,0,3,0.4959016876939032,0,0
31117,2,5,0,3,0.47451367671316697,0,0
31133,3,11,0,3,0.5003104227416526,1,0
31159,1,18,0,3,0.417532750426893,0,0
31161,2,9,1,3,0.5539191935316256,1,1
31165,3,8,0,3,0.534271815130181,1,0
32001,2,2,1,3,0.6225362226912692,1,0
32009,4,4,0,3,0.5377568522330716,1,0
32023,1,11,0,3,0.6347551874046531,1,1
34003,1,66,0,3,0.2979924633123353,0,0
34033,2,14,1,3,0.4531724729755023,0,1
35003,3,9,0,3,0.6838596336863026,1,0
35007,4,9,1,3,0.5928163629378205,1,0
35013,1,26,0,3,0.5715047437882786,1,0
35017,4,16,1,3,0.5205336060540918,1,0
35035,4,18,1,3,0.647624767004372,1,0
35049,2,15,1,3,0.4362060922618444,0,0
36009,1,36,1,3,0.47847030716488226,0,0
36015,2,22,1,3,0.40736169171787884,0,0
36019,2,25,0,3,0.43207461947038167,0,0
36021,2,36,1,3,0.3703166260859237,0,1
36025,3,47,0,3,0.3983335487556357,0,0
36027,1,35,1,3,0.340477414924627,0,0
36033,3,23,1,3,0.45717961954074743,0,0
36039,2,42,1,3,0.39716800887697945,0,1
36053,1,31,1,3,0.4552567820135284,0,1
36061,2,47,0,3,0.3813074623047154,0,0
36065,2,54,1,3,0.43989995524354436,0,0
36079,1,12,0,3,0.2964464278317335,0,0
36089,3,49,1,3,0.47424198365001713,0,0
36095,2,24,0,3,0.4068683934285055,0,0
36097,2,18,0,3,0.4153158933889942,0,0
36101,3,39,1,3,0.41842912005150074,0,0
36109,1,17,1,3,0.41615095263653135,0,0
36121,2,24,0,3,0.44838714510247074,0,0
36123,2,13,0,3,0.42671999051244025,0,0
37003,2,8,1,3,0.39325851437909903,0,0
37013,4,15,1,3,0.4712658101505968,0,1
37017,4,18,1,3,0.5120373307771962,1,0
37021,2,19,1,3,0.3233011273018541,0,0
37025,2,16,1,3,0.3674995076098056,0,0
37027,3,10,1,3,0.40039268641651327,0,0
37035,2,14,1,3,0.39153074283197636,0,0
37045,1,13,1,3,0.4600368948070023,0,0
37063,2,16,1,3,0.32828748184210704,0,0
37065,4,15,1,3,0.5159070210119817,1,1
37069,3,13,1,3,0.41631263962143156,0,0
37073,2,6,0,3,0.4714178823959292,0,0
37075,4,2,0,3,0.4793892954104587,0,0
37083,4,9,1,3,0.5045794663228285,1,0
37097,2,16,0,3,0.39008309274770675,0,0
37117,4,11,0,3,0.4854084902482547,0,0
37127,3,15,1,3,0.43555245842878876,0,0
37149,2,7,0,3,0.3440869435030878,0,0
37175,3,10,1,3,0.35191612913539255,0,0
37181,4,8,1,3,0.48865617779827025,0,0
37183,1,39,0,3,0.28421819495259426,0,0
38003,1,19,0,3,0.46714978170703275,0,0
38007,2,8,0,3,0.4973823006107403,0,0
38013,1,9,0,3,0.4766826756819148,0,0
38027,2,7,1,3,0.5312437973017005,1,1
38029,2,8,0,3,0.4978370736475748,0,0
38037,2,13,1,3,0.5416096849397825,1,1
38041,2,5,0,3,0.5468129071024722,1,0
38047,1,7,0,3,0.5111765269711311,1,0
38049,1,18,0,3,0.49338702732954975,0,0
38051,2,6,0,3,0.523931061774236,1,0
38063,1,9,0,3,0.5021154683216678,1,0
38065,1,6,0,3,0.4909945074000549,0,0
38075,1,9,0,3,0.4775179107055643,0,0
38077,1,19,0,3,0.45065037271399006,0,0
38079,4,10,0,3,0.6262019979468614,1,0
38081,1,12,0,3,0.44391335310326996,0,0
38083,2,9,0,3,0.5331746205751279,1,0
38089,1,10,0,3,0.4390230076186286,0,0
39023,3,22,1,3,0.5276242051507036,1,0
39025,1,23,1,3,0.4243299898864658,0,0
39033,3,15,0,3,0.5216339770884014,1,0
39049,2,49,0,3,0.43810423950980043,0,0
39051,1,12,0,3,0.5313077706026927,1,0
39053,3,12,0,3,0.49504319450423057,0,0
39055,1,20,1,3,0.3827467316663496,0,0
39057,2,24,0,3,0.4545073349401821,0,0
39087,3,14,1,3,0.496899906874747,0,0
39111,3,15,1,3,0.4894164857906491,0,0
39113,2,40,0,3,0.49948758955126443,0,0
39119,3,22,1,3,0.4956462002725969,0,0
39127,3,17,1,3,0.5218525036452129,1,1
39129,2,17,1,3,0.49837625371365774,0,1
39139,1,19,1,3,0.4631968760331024,0,0
39141,3,16,1,3,0.5057483030365,1,0
39149,2,18,0,3,0.5344999798244017,1,0
39163,4,15,0,3,0.5309114933663852,1,0
39171,1,12,1,3,0.5253127153647706,1,1
40019,3,13,1,3,0.6002488202330231,1,0
40021,4,16,1,3,0.5982336885684759,1,1
40025,3,4,1,3,0.6535514923623916,1,1
40033,3,11,0,3,0.6712051874224304,1,0
40055,4,4,1,3,0.6358201898939119,1,1
40057,4,6,0,3,0.6487995846690969,1,0
40059,2,7,1,3,0.5936285992971613,1,1
40069,4,13,1,3,0.6555606749269459,1,1
40075,4,9,1,3,0.677733159775895,1,1
40077,4,7,1,3,0.5913368901200332,1,1
40079,4,23,1,3,0.5910744708386192,1,0
40087,1,12,0,3,0.5798027054354636,1,0
40091,4,11,1,3,0.6067877133537826,1,0
40093,2,15,0,3,0.5899635997183063,1,0
40103,2,11,0,3,0.5533987920019716,1,0
40109,3,55,0,3,0.5365710205069273,1,1
40115,4,9,1,3,0.6044483565107484,1,1
40123,3,10,1,3,0.5392418584622917,1,1
40125,3,16,0,3,0.5740820399514458,1,1
40129,3,9,0,3,0.6250031003435895,1,0
40143,2,42,0,3,0.4903281977704553,0,0
40153,2,11,1,3,0.567320136285199,1,0
41001,3,12,1,3,0.5494666360989923,1,0
41007,2,9,0,3,0.42904646854726497,0,0
41029,3,18,1,3,0.508677175628567,1,0
41039,3,39,1,3,0.45065896147470635,0,0
41043,2,20,1,3,0.5130289607613656,1,0
41051,2,42,0,3,0.41682795893092783,0,0
41061,3,8,1,3,0.5419275474066954,1,0
41071,2,15,0,3,0.4503111965317605,0,0
42011,1,62,1,3,0.4325566819026972,0,0
42015,2,27,1,3,0.4492286864126271,0,0
42019,1,37,0,3,0.33824783304377504,0,0
42027,2,33,1,3,0.3832412987998711,0,0
42029,1,44,0,3,0.3502093131815322,0,0
42039,3,27,1,3,0.4460358103775078,0,1
42049,1,32,0,3,0.44243601989204223,0,0
42053,4,11,1,3,0.46550672104111196,0,1
42071,1,57,0,3,0.44455861316017353,0,0
42083,3,22,0,3,0.42793666780649425,0,0
42097,2,28,1,3,0.44048646446027195,0,0
42109,2,15,1,3,0.4412998690972714,0,0
42115,2,29,1,3,0.4356045035956526,0,1
42119,1,14,1,3,0.3874863649945333,0,1
42121,3,23,0,3,0.40820768007747,0,0
42131,1,15,0,3,0.3870995534111149,0,0
44009,1,20,1,3,0.32775868521474566,0,0
45015,2,17,1,3,0.4465167013933184,0,0
45017,4,7,1,3,0.5219451360734433,1,0
45035,2,15,1,3,0.42359127712448,0,0
45055,3,13,1,3,0.43858991139401077,0,1
45059,4,16,1,3,0.4767994664769661,0,0
45085,4,15,1,3,0.5145249299338442,1,0
46025,2,13,0,3,0.48076224858316813,0,0
46049,2,10,0,3,0.4838080526734261,0,0
46059,1,8,1,3,0.47322352576743015,0,1
46065,1,3,1,3,0.4429664133088004,0,0
46099,1,23,1,3,0.3867800566414318,0,0
46103,2,20,1,3,0.39812849547327656,0,0
46117,1,4,0,3,0.4577911395211225,0,0
46125,1,15,0,3,0.4702524333785679,0,0
47003,3,13,1,3,0.5322412376194927,1,0
47029,4,8,0,3,0.5393381283078234,1,0
47053,4,11,1,3,0.565728820401818,1,0
47061,4,10,0,3,0.5322381419255952,1,0
47065,1,31,0,3,0.4128294068110693,0,0
47085,3,4,1,3,0.5325996475988584,1,0
47091,4,5,0,3,0.522963609555377,1,0
47099,4,11,1,3,0.5334406160974499,1,1
47111,4,8,1,3,0.5355610278479609,1,0
47115,3,12,0,3,0.4319774372410937,0,0
47139,3,12,1,3,0.5023178851658361,1,0
47141,1,10,1,3,0.512666969467597,1,0
47149,1,20,1,3,0.4723358990656913,0,0
47151,4,9,0,3,0.4976429727987758,0,0
47159,3,15,1,3,0.5165789276815466,1,0
48011,1,6,0,3,0.5814068168430135,1,0
48017,1,6,1,3,0.5848616948576102,1,1
48037,3,10,1,3,0.49657296644517807,0,0
48051,2,5,1,3,0.562276666556079,1,0
48053,2,13,1,3,0.5281196617584306,1,1
48063,3,2,1,3,0.5141651269318951,1,0
48075,4,4,1,3,0.6159679952315706,1,1
48079,4,4,0,3,0.7053693027860221,1,0
48101,4,3,1,3,0.6378249064680712,1,1
48111,1,3,0,3,0.6024413725258376,1,0
48119,3,7,1,3,0.587153695532129,1,1
48135,2,8,1,3,0.538173970654302,1,0
48145,3,17,1,3,0.6193617080546652,1,0
48177,3,14,1,3,0.5877323070974662,1,0
48183,3,10,0,3,0.4685630441716064,0,1
48199,2,12,1,3,0.4502282213075317,0,0
48205,1,4,0,3,0.5973907891327725,1,0
48211,1,4,0,3,0.5501073704156857,1,0
48219,4,10,1,3,0.6134316314815267,1,0
48227,3,5,1,3,0.6120674603273571,1,0
48245,3,18,0,3,0.5201952520804062,1,0
48249,4,8,1,3,0.5967126193096094,1,1
48257,2,13,0,3,0.5444289305661647,1,1
48261,4,2,1,3,0.6825224050787722,1,1
48265,3,10,1,3,0.5000975784309034,1,1
48283,3,4,0,3,0.5936191788529843,1,0
48287,2,9,1,3,0.5636149946520311,1,0
48297,3,10,0,3,0.5971153924082089,1,0
48301,1,1,0,3,0.6191025278182516,1,0
48305,3,7,0,3,0.5954045958221805,1,0
48307,3,6,1,3,0.6232320428952945,1,1
48309,1,29,0,3,0.5418574417161942,1,0
48313,2,5,1,3,0.5163179975348396,1,0
48341,2,6,1,3,0.5921902742407729,1,0
48353,3,9,1,3,0.5531364724894166,1,0
48357,4,5,0,3,0.6480642375312926,1,0
48375,4,16,1,3,0.5755603326679788,1,0
48383,2,2,0,3,0.5864658816359444,1,0
48389,3,4,1,3,0.42076350597264056,0,0
48391,3,5,1,3,0.6001691247233621,1,1
48415,3,8,1,3,0.6206696108302604,1,0
48425,3,7,0,3,0.5406388879596737,1,0
48427,4,10,1,3,0.6671814173530325,1,1
48429,4,8,1,3,0.5926015113910831,1,1
48433,3,7,0,3,0.6040285378149689,1,0
48441,1,17,1,3,0.49873171992096804,0,0
48451,1,14,1,3,0.5190048612233625,1,0
48457,3,10,1,3,0.48319140154660706,0,0
48461,2,4,0,3,0.5985464530820707,1,0
48467,3,13,1,3,0.5488592827547333,1,0
48477,2,7,1,3,0.5677242181760218,1,1
48479,4,10,0,3,0.5723013251504104,1,1
48481,1,13,1,3,0.5798571413754205,1,0
48483,3,6,0,3,0.5845446014156527,1,0
48493,2,12,1,3,0.5533221040778005,1,1
49001,2,4,0,3,0.4983200477067769,0,0
49005,3,16,1,3,0.5042689363877619,1,0
49007,3,6,0,3,0.5850648076992173,1,0
49053,2,21,0,3,0.4620715190399636,0,1
49057,1,9,1,3,0.497977254701784,0,0
50005,2,22,1,3,0.358036595454465,0,1
50007,1,21,1,3,0.3800359717130865,0,0
50015,2,11,0,3,0.3480915843589614,0,0
51013,1,11,1,3,0.2730249800575177,0,0
51015,2,27,1,3,0.4156781399356131,0,0
51017,4,7,0,3,0.45059169239496055,0,0
51021,2,6,0,3,0.41416149555697307,0,0
51027,4,16,1,3,0.5035740313588309,1,0
51033,1,11,0,3,0.418477523193089,0,0
51035,3,17,0,3,0.4951219999119213,0,0
51041,1,16,0,3,0.3447634191334959,0,0
51057,4,8,1,3,0.5293479076520547,1,1
51067,3,16,0,3,0.4351213139444003,0,0
51089,4,12,0,3,0.4782041466300274,0,0
51093,1,8,1,3,0.44222004319658764,0,1
51101,1,6,0,3,0.4533485623662374,0,0
51109,2,12,0,3,0.44569089014034946,0,0
51113,2,21,1,3,0.5272867859358746,1,0
51155,3,8,0,3,0.4327436972452155,0,0
51161,1,14,1,3,0.31969282514000363,0,0
51193,2,8,1,3,0.48322130581443007,0,0
51195,4,8,0,3,0.4661819202341312,0,0
51199,1,9,1,3,0.3025952782346524,0,0
51590,4,2,1,3,0.4805468818876607,0,1
51610,1,4,0,3,0.2637832894347136,0,0
51650,2,9,1,3,0.459885799034391,0,0
51678,3,1,1,3,0.3960459912405103,0,1
51680,3,5,1,3,0.3893991219266853,0,0
51690,4,1,1,3,0.4713179813450077,0,0
51700,3,8,1,3,0.44523329685012364,0,0
51740,1,8,1,3,0.4856493371874413,0,0
51810,1,12,0,3,0.360575635178697,0,0
53045,2,15,1,3,0.4562483314934648,0,1
53055,1,9,0,3,0.37115990772539564,0,0
53067,1,14,1,3,0.4116725383165174,0,0
54005,4,31,1,3,0.5137393690053199,1,0
54011,3,13,1,3,0.46563901487951215,0,0
54031,3,10,0,3,0.574875233679475,1,0
54041,4,11,1,3,0.5146887900568614,1,0
54043,4,19,0,3,0.5325990798418503,1,0
54049,3,18,1,3,0.4733219549417866,0,1
54061,3,16,1,3,0.39724979608267985,0,0
54069,2,6,1,3,0.4540568924626768,0,1
54075,3,13,0,3,0.5544447262355843,1,0
54087,4,13,0,3,0.5526798720873234,1,0
54101,4,11,0,3,0.5733613414980312,1,0
54103,4,12,1,3,0.5185543768725799,1,0
54109,4,39,0,3,0.4091753607881693,0,0
55003,3,11,0,3,0.4132695688521613,0,0
55015,1,14,1,3,0.39425989524674976,0,0
55045,1,12,1,3,0.3974672921230647,0,1
55059,1,17,1,3,0.40278357664956843,0,0
55065,2,14,1,3,0.4345457664159003,0,0
55067,2,15,0,3,0.42268463414928775,0,0
55071,1,19,1,3,0.4003633867363236,0,0
55083,1,19,1,3,0.41044485896107796,0,1
55087,1,24,1,3,0.37845930697465063,0,0
55095,1,20,1,3,0.3867821788054684,0,1
55109,1,18,0,3,0.36255410725298537,0,0
55127,1,16,1,3,0.4099811592027615,0,0
55139,1,18,1,3,0.4012507766334141,0,0
56013,2,11,1,3,0.589049368110778,1,0
56025,1,11,1,3,0.5375025940430529,1,0
56027,3,5,0,3,0.6201619349779814,1,0
56031,2,5,1,3,0.5826147717454435,1,1
56041,1,5,0,3,0.5604108485623565,1,0
01019,4,11,1,4,0.5331014671164538,1,0
01021,3,14,1,4,0.5187903965200916,1,0
01035,4,13,1,4,0.5537244814498281,1,0
01039,4,13,1,4,0.5342121325305357,1,1
01051,2,13,1,4,0.46630951559153105,0,0
01053,4,9,1,4,0.5473637287777557,1,0
01065,4,9,1,4,0.5577977795370236,1,0
01083,2,15,1,4,0.48920788362565326,0,0
01087,4,13,1,4,0.48440130713634616,0,0
01093,4,12,1,4,0.5234586875021144,1,1
01101,1,24,1,4,0.47600078076062113,0,0
01125,1,27,1,4,0.45814314354991204,0,0
04003,3,23,0,4,0.49359695556895133,0,1
04007,4,13,0,4,0.5281702025499133,1,1
04009,4,10,1,4,0.5029451336203047,1,1
04019,1,48,0,4,0.4711669761067213,0,1
05027,4,7,1,4,0.5430448540147158,1,0
05033,3,11,1,4,0.5377666322328913,1,1
05047,4,13,1,4,0.5603609332255831,1,0
05067,4,11,1,4,0.5831553093491871,1,0
05075,4,14,1,4,0.5357341730414998,1,0
05085,2,11,1,4,0.4868401622988462,0,0
05089,3,17,0,4,0.5245175934491604,1,0
05097,4,9,1,4,0.5490168899859854,1,1
05103,4,8,1,4,0.5603608799906343,1,0
05111,4,10,1,4,0.5624965032359001,1,0
05123,4,13,1,4,0.5606729496542255,1,0
05129,4,10,1,4,0.5499021425878734,1,1
05135,4,13,1,4,0.5445307216977945,1,0
05137,4,16,0,4,0.5491121000913695,1,0
06005,2,12,1,4,0.48646776551928095,0,1
06017,1,23,1,4,0.44143375935921764,0,0
06025,4,17,0,4,0.529161314456896,1,1
06031,4,12,1,4,0.5125585333661169,1,0
06035,2,17,1,4,0.48812921904986406,0,1
06045,3,29,1,4,0.49134938913656934,0,0
06053,3,31,0,4,0.45833467483970586,0,0
06057,2,12,1,4,0.46227711554915674,0,0
06085,1,63,0,4,0.398288014733208,0,0
06103,4,15,1,4,0.5455791926662914,1,0
06109,1,16,1,4,0.41796280956414106,0,1
08013,1,22,1,4,0.4243688728318639,0,0
08063,2,6,0,4,0.5103750581597147,1,0
08065,3,2,0,4,0.4264695181658762,0,0
08069,1,24,1,4,0.4315306679501421,0,0
08071,4,11,0,4,0.4883484025971276,0,0
08091,1,3,0,4,0.4271602163784374,0,0
08101,3,15,1,4,0.5012502969315051,1,0
08109,4,8,1,4,0.4620841673658266,0,1
08111,1,2,0,4,0.4278312122193059,0,0
11001,1,29,0,4,0.3954825428481467,0,1
12003,2,5,1,4,0.4621787300302669,0,0
12005,2,16,1,4,0.4499216799913213,0,0
12007,1,9,0,4,0.4046543332316443,0,0
12043,4,5,1,4,0.5234799875316652,1,0
12047,4,3,0,4,0.5400260436415312,1,0
12049,4,4,1,4,0.5389118514745875,1,0
12081,2,21,0,4,0.4465072826267863,0,0
12099,2,53,0,4,0.42503195831863855,0,0
12103,2,48,0,4,0.4341086981839944,0,0
12105,3,41,0,4,0.47434455837851314,0,0
12115,1,28,0,4,0.4289405893103335,0,0
12129,2,4,1,4,0.4625727422553194,0,0
13009,4,6,1,4,0.5319892108186358,1,0
13013,2,8,1,4,0.45583024973906916,0,0
13029,1,3,0,4,0.44308937071233195,0,0
13043,4,4,1,4,0.5734811176014345,1,1
13053,3,2,0,4,0.40139190486428356,0,0
13067,1,23,0,4,0.3776277841905045,0,0
13089,1,36,0,4,0.4156416246678371,0,0
13095,4,6,1,4,0.5415589603254896,1,0
13109,4,6,1,4,0.5622961316274281,1,1
13113,1,8,1,4,0.3860522058809855,0,0
13127,3,8,1,4,0.47197225186763897,0,0
13133,3,7,0,4,0.5157011727223884,1,0
13139,2,19,1,4,0.4406110401404052,0,0
13145,1,12,0,4,0.42307315691999203,0,0
13153,2,12,1,4,0.48669917637357674,0,0
13159,3,6,0,4,0.5178956052818594,1,0
13161,4,4,0,4,0.5695097760162662,1,0
13163,4,9,1,4,0.5770462275451718,1,0
13165,4,5,1,4,0.5944005346360719,1,1
13177,2,7,0,4,0.48708664705381305,0,0
13181,4,2,0,4,0.546077107516418,1,0
13185,1,11,0,4,0.4981996131427621,0,1
13211,1,9,0,4,0.4497076808649448,0,0
13215,4,11,1,4,0.47463581163802976,0,0
13219,1,8,1,4,0.40417220884155064,0,1
13265,4,4,0,4,0.5768637863878225,1,0
13279,4,3,1,4,0.550747023585975,1,0
13305,4,6,1,4,0.5276907521471706,1,0
13311,2,7,0,4,0.4328986329880959,0,0
16001,1,17,1,4,0.4308837897491753,0,0
16005,3,10,0,4,0.4968980459371955,0,0
16011,3,11,1,4,0.4784890559085726,0,0
16013,2,8,1,4,0.5080276963291536,1,0
16015,1,8,0,4,0.4662821558409097,0,0
16019,2,14,1,4,0.4561389701635202,0,0
16023,3,3,0,4,0.48135932340531473,0,0
16037,4,7,0,4,0.4828803773063142,0,0
16043,3,9,0,4,0.5002818070467334,1,0
16061,2,7,0,4,0.4873350838956918,0,0
16075,3,7,1,4,0.5466235833111951,1,0
16083,3,10,1,4,0.4981466619588026,0,1
17001,2,23,1,4,0.45103860128126116,0,0
17021,2,20,1,4,0.4800091520258688,0,1
17061,2,13,0,4,0.4801327786528312,0,0
17069,3,5,0,4,0.5224971009068405,1,0
17071,2,17,0,4,0.48751944476922987,0,0
17075,2,25,1,4,0.5025386088941867,1,0
17079,2,15,0,4,0.4834317067548202,0,0
17111,1,24,1,4,0.3884971987057752,0,0
17119,2,35,0,4,0.44905626286867356,0,0
17121,3,15,1,4,0.5043430487269707,1,1
17127,3,8,1,4,0.5339261072972702,1,0
17129,1,8,0,4,0.4447631905673641,0,0
17131,1,18,0,4,0.48432703594796683,0,0
17145,3,12,0,4,0.5095382986271046,1,0
17173,2,22,1,4,0.4812116546199679,0,0
17185,2,7,0,4,0.47695708496304495,0,0
17189,1,13,1,4,0.4726996867661961,0,0
17195,2,15,0,4,0.4795871072236079,0,0
17199,3,22,1,4,0.47099891322266463,0,0
18009,3,7,1,4,0.5584031412623899,1,0
18015,2,17,0,4,0.5138729408765389,1,0
18021,2,17,1,4,0.5104774365440393,1,0
18029,1,9,1,4,0.46535139521000357,0,0
18051,2,16,1,4,0.4853753919535848,0,1
18069,2,9,1,4,0.48510224590746825,0,1
18073,1,13,1,4,0.4762541027449259,0,1
18085,1,21,1,4,0.47679226957656806,0,0
18087,1,12,1,4,0.5211412777130189,1,1
18089,2,28,0,4,0.47691246377608676,0,0
18091,3,15,1,4,0.5031421508425076,1,0
18109,1,14,1,4,0.5008128280334148,1,0
18121,3,12,0,4,0.5273240620017197,1,0
18159,2,10,0,4,0.5089673581533354,1,0
18167,1,18,1,4,0.49924133758515393,0,0
19013,3,17,1,4,0.45498420430706127,0,0
19021,2,13,1,4,0.45595697894701426,0,0
19023,1,16,1,4,0.4675354241684199,0,0
19029,2,13,0,4,0.5341621317759632,1,0
19035,2,15,0,4,0.5160194331243909,1,0
19041,2,15,1,4,0.4615016051367824,0,0
19063,2,7,0,4,0.48660430563069157,0,0
19067,3,13,1,4,0.4852484970711083,0,0
19073,2,13,0,4,0.5000502414938234,1,0
19079,1,15,1,4,0.47924579673954315,0,0
19085,2,15,0,4,0.4803449566636051,0,0
19117,2,9,0,4,0.5035486459175502,1,0
19143,2,8,0,4,0.48753879652836507,0,0
19147,1,14,0,4,0.46096907422709626,0,0
19169,3,22,1,4,0.4330793690675075,0,0
19171,2,19,0,4,0.5165335753386593,1,0
19175,2,10,0,4,0.5023956312340838,1,0
19177,2,13,0,4,0.49344005691771703,0,0
19179,3,12,1,4,0.5076813179397572,1,1
19185,3,12,0,4,0.551790626306168,1,0
20009,3,10,1,4,0.5109622921052672,1,0
20027,1,10,1,4,0.4943561215635633,0,1
20031,2,10,0,4,0.5219412679728547,1,0
20037,1,15,1,4,0.4959714465824119,0,1
20043,2,10,0,4,0.49573722650260654,0,0
20063,2,10,0,4,0.5545860039934001,1,0
20073,3,11,1,4,0.5712880258071793,1,1
20089,3,14,0,4,0.5733854042457466,1,0
20091,1,34,0,4,0.39256441166602657,0,0
20125,3,13,1,4,0.5578242440081114,1,1
20133,4,11,1,4,0.5579947463808959,1,0
20141,2,12,0,4,0.5118513193509271,1,0
20153,3,10,0,4,0.5293563500770375,1,0
20159,2,13,1,4,0.5071092133831664,1,1
20161,3,14,1,4,0.4831165479685095,0,0
20163,2,10,1,4,0.4798038638605455,0,1
20165,2,10,0,4,0.4873175973019315,0,0
20169,2,9,1,4,0.4623164405109924,0,1
20183,2,10,0,4,0.5058434785662451,1,0
20201,2,15,1,4,0.49033850008718344,0,1
20203,1,3,0,4,0.5247669803130245,1,0
20207,3,10,0,4,0.5744391643659946,1,0
21015,1,9,1,4,0.4277540252689805,0,0
21023,3,7,1,4,0.5238439237907622,1,1
21033,3,6,1,4,0.5632881682961494,1,0
21043,4,10,0,4,0.5426972926438525,1,0
21047,4,15,1,4,0.5408080125933882,1,0
21055,4,5,0,4,0.5841746642203047,1,0
21069,4,7,1,4,0.552562215398049,1,0
21075,4,3,1,4,0.6041575496621847,1,1
21077,3,6,1,4,0.51424174255412,1,1
21091,2,5,0,4,0.512651849230363,1,0
21093,2,17,1,4,0.49695937064988427,0,0
21095,4,27,0,4,0.5519423680395454,1,0
21107,4,13,1,4,0.5422004351570865,1,0
21109,4,5,0,4,0.5495971276548554,1,0
21127,4,10,1,4,0.5429502606704674,1,0
21153,4,4,1,4,0.5584612980187426,1,0
21169,4,10,0,4,0.5691270305821233,1,0
21183,3,16,1,4,0.5416257353865821,1,0
21207,4,7,1,4,0.5536734372890983,1,0
21217,4,6,1,4,0.5365551107562612,1,0
21231,4,5,1,4,0.5623211955318786,1,0
21235,4,7,1,4,0.5349633274986445,1,0
22001,4,15,1,4,0.538673045779805,1,1
22003,3,13,1,4,0.4974868051305066,0,0
22005,1,8,1,4,0.43560392978019463,0,0
22007,4,9,0,4,0.5220766085562107,1,0
22041,4,7,1,4,0.5919540238704247,1,0
22043,3,8,1,4,0.5072216978483971,1,0
22053,3,10,1,4,0.5282254308933545,1,1
22059,4,8,0,4,0.543104405516928,1,0
22087,4,6,1,4,0.5022607819001312,1,1
22097,1,18,0,4,0.5188620618155844,1,1
22107,4,4,1,4,0.5653187673318709,1,1
22115,3,13,1,4,0.4868569635823479,0,1
22117,4,6,1,4,0.5511385539209618,1,0
23031,1,36,1,4,0.4228435180146744,0,0
24001,3,15,1,4,0.4791698556647653,0,1
24009,1,14,0,4,0.41457277804975173,0,0
24015,1,15,0,4,0.4604028136945766,0,1
24037,1,26,1,4,0.4178906740405747,0,0
24045,3,16,0,4,0.46325063001714506,0,1
25003,2,36,0,4,0.4181979949289858,0,0
25009,1,45,0,4,0.40119109032525674,0,0
25019,1,2,0,4,0.3825419618305061,0,0
25027,1,87,1,4,0.40503514309803973,0,0
26045,1,19,1,4,0.4662522029925824,0,0
26055,1,9,1,4,0.41133599074062666,0,1
26061,4,20,1,4,0.4418168132243645,0,0
26071,3,8,0,4,0.49870584821541863,0,0
26079,3,8,0,4,0.4990620994806224,0,0
26083,3,6,0,4,0.4608256967018432,0,0
26091,2,23,1,4,0.480170913962173,0,0
26099,2,39,1,4,0.4731722668732108,0,0
26103,2,15,1,4,0.42763653600274,0,1
26111,2,15,0,4,0.42545469393796453,0,0
26115,1,25,1,4,0.49042954301089836,0,0
26119,3,5,0,4,0.5079659703459141,1,0
26123,3,21,1,4,0.4936528438107614,0,0
26143,4,7,0,4,0.5055524353450425,1,0
26151,3,22,1,4,0.5014376007058581,1,0
26155,2,19,1,4,0.46282489243409225,0,0
26161,2,27,1,4,0.4124345701451255,0,0
27003,1,20,1,4,0.3945544763123726,0,0
27007,3,18,1,4,0.47322890335480267,0,0
27011,2,10,0,4,0.489978167404715,0,0
27027,2,15,1,4,0.452018948107949,0,0
27039,1,10,0,4,0.42803946420883143,0,0
27051,2,11,0,4,0.475885243103493,0,0
27055,1,9,0,4,0.4236285239509693,0,0
27071,2,13,0,4,0.48771345439333635,0,0
27073,1,10,0,4,0.4801400439288466,0,0
27083,3,14,1,4,0.44721658278468196,0,0
27091,2,15,0,4,0.4698795189833217,0,0
27101,1,16,0,4,0.4658152325353612,0,0
27109,1,19,1,4,0.4018876768714218,0,0
27129,2,16,1,4,0.4699715494008871,0,0
27133,1,12,0,4,0.45048707146228584,0,0
27145,2,33,1,4,0.43425714709294044,0,0
27161,2,13,0,4,0.4630414728078377,0,0
28005,4,9,0,4,0.5039901606098911,1,0
28007,4,11,1,4,0.5398120927224787,1,0
28045,3,10,1,4,0.4920027170329288,0,1
28047,1,13,0,4,0.4482342412809164,0,1
28049,1,21,0,4,0.4893146144650125,0,0
28053,4,8,0,4,0.5818195051705353,1,0
28069,4,11,1,4,0.5301778901383061,1,1
28071,4,13,1,4,0.4219784895186379,0,0
28083,4,11,1,4,0.5568688271559409,1,0
28093,3,8,1,4,0.49855704594297945,0,0
28129,4,15,0,4,0.5167193489244892,1,0
28131,4,6,1,4,0.5024518944048567,1,0
28135,4,18,1,4,0.5503536156387357,1,0
28145,3,11,1,4,0.4820965309953859,0,0
28157,4,4,0,4,0.5357144115956929,1,0
28159,4,10,1,4,0.5288474367046708,1,0
29009,4,17,1,4,0.5610010370603842,1,0
29017,4,13,1,4,0.558698069443759,1,0
29019,1,13,1,4,0.3947930682363615,0,0
29023,4,10,1,4,0.5723454477777054,1,0
29033,3,10,1,4,0.5404391609112174,1,1
29039,4,9,1,4,0.5759382560141562,1,0
29043,1,21,1,4,0.44890164590030096,0,1
29049,1,11,1,4,0.4895644071176686,0,0
29057,3,13,1,4,0.5726833699104557,1,1
29075,3,13,0,4,0.5326914066889954,1,0
29081,4,13,0,4,0.5752779382411918,1,0
29083,4,11,1,4,0.5316394808594972,1,0
29091,4,12,1,4,0.5514820878177229,1,0
29099,1,24,1,4,0.4658764401470524,0,0
29123,3,7,1,4,0.5216588524545509,1,0
29137,3,16,0,4,0.5350488284247198,1,0
29141,4,15,0,4,0.5602011270533535,1,0
29143,4,17,1,4,0.5941755291656544,1,0
29171,3,10,0,4,0.5524333124342876,1,0
29175,3,12,1,4,0.5133353727080646,1,0
29177,2,12,1,4,0.5064299907963206,1,0
29181,4,9,1,4,0.5779305905998828,1,0
29183,1,14,1,4,0.43556926593768563,0,0
29199,3,10,1,4,0.553916879480189,1,1
29205,3,9,0,4,0.5284947843892197,1,0
29207,1,13,1,4,0.5420627428834686,1,1
29213,3,20,1,4,0.5099666440241484,1,1
29225,3,9,1,4,0.5119111530333232,1,1
29510,4,29,0,4,0.5002503020792632,1,1
30017,2,6,0,4,0.5088313635532148,1,0
30031,2,10,0,4,0.42189019091238333,0,0
30037,3,3,0,4,0.5456969071606498,1,0
30049,1,9,1,4,0.4303124781713631,0,0
30055,3,6,0,4,0.5705067534784956,1,0
30065,3,5,0,4,0.5500811732286589,1,0
30067,2,9,0,4,0.46117501002210587,0,0
30089,4,11,0,4,0.5519161679745755,1,0
30095,1,10,0,4,0.47001176395698074,0,0
30103,3,2,0,4,0.5438034846128353,1,0
30111,2,16,1,4,0.46249719075791124,0,0
31003,2,11,1,4,0.472082499529301,0,1
31009,2,4,0,4,0.4451469769021183,0,0
31013,2,3,1,4,0.5266330834429045,1,0
31033,1,5,1,4,0.4869195801117273,0,1
31045,2,6,1,4,0.47242941663563665,0,1
31049,2,4,0,4,0.5296547782876044,1,0
31055,2,35,0,4,0.43076920293064824,0,0
31069,1,9,0,4,0.5203563840617447,1,0
31093,1,11,1,4,0.45258091398178374,0,1
31109,2,42,1,4,0.4181583817370431,0,0
31119,2,8,1,4,0.43874836124265226,0,1
31121,3,9,0,4,0.4625670914922964,0,0
31145,2,8,0,4,0.4726385661890574,0,0
31147,2,9,0,4,0.5221743347196489,1,0
31151,3,12,0,4,0.5091053138951347,1,0
31153,1,13,1,4,0.41925258949468114,0,0
31167,2,10,0,4,0.4462208721987597,0,0
31175,2,6,0,4,0.47115695708571353,0,0
31179,2,11,1,4,0.43481218572176134,0,1
32029,1,5,0,4,0.458497570071692,0,0
32031,2,27,0,4,0.4716988300821261,0,0
34007,1,35,0,4,0.4082813613913377,0,0
34011,1,22,1,4,0.45413637505466814,0,0
34013,2,31,0,4,0.44207962385487104,0,0
34019,1,26,1,4,0.3682496691566136,0,0
34021,1,25,1,4,0.38803538330899995,0,0
34025,1,52,0,4,0.3726314897659777,0,0
34039,1,27,0,4,0.41004817728447146,0,0
35015,3,8,1,4,0.421396024018722,0,1
35025,3,7,1,4,0.5159185976003741,1,0
35039,1,37,1,4,0.44920727984413417,0,0
35045,4,22,0,4,0.5374276575605977,1,1
35051,4,10,1,4,0.5479532088064946,1,0
35055,4,21,1,4,0.4755552165468378,0,1
35057,4,9,0,4,0.5629547311146517,1,0
36011,1,26,1,4,0.442060066573985,0,0
36035,3,14,0,4,0.46979870785435757,0,0
36041,2,13,1,4,0.46922458766917036,0,1
36057,3,20,1,4,0.4751015228079349,0,1
36063,1,22,1,4,0.4877604615616775,0,0
36103,1,108,0,4,0.3855511536651644,0,0
36107,2,15,1,4,0.44588062506670584,0,0
37001,3,12,1,4,0.4646597351653377,0,0
37005,4,7,0,4,0.5182113805831732,1,0
37033,3,16,0,4,0.48318144853154227,0,0
37041,3,4,1,4,0.4970087616329366,0,0
37055,1,14,1,4,0.4198918751833358,0,0
37071,3,18,1,4,0.45727823170273296,0,0
37085,3,16,1,4,0.44551717232470894,0,0
37087,2,7,0,4,0.46678775071696804,0,0
37089,2,15,1,4,0.42112817002441805,0,0
37095,4,7,0,4,0.5451087810489021,1,0
37105,3,4,1,4,0.4615465626628335,0,1
37129,3,10,1,4,0.40135176415732243,0,0
37139,3,1,0,4,0.48472025144687486,0,0
37153,4,11,1,4,0.5228927450215004,1,0
37159,3,19,1,4,0.4658618508536459,0,0
37171,4,12,1,4,0.49446703861010516,0,0
37185,4,8,1,4,0.541016467233899,1,0
37193,4,23,1,4,0.4889504058206224,0,0
37197,3,7,0,4,0.48906469575806116,0,0
38005,3,18,0,4,0.5440224154909791,1,0
38021,1,8,0,4,0.47706174495048076,0,0
38033,1,4,0,4,0.48717866531997756,0,0
38057,1,10,0,4,0.504250313860557,1,0
38071,1,12,0,4,0.34875163087403166,0,0
38087,1,9,0,4,0.4884908838070974,0,0
38097,1,12,0,4,0.44369385098681097,0,0
39009,4,18,1,4,0.4587703795742635,0,0
39019,2,20,1,4,0.5047855075498664,1,0
39061,1,57,0,4,0.4504215274448002,0,1
39067,3,16,0,4,0.530861653172323,1,0
39069,1,17,0,4,0.4963563751679884,0,0
39099,2,36,1,4,0.5192334018061371,1,0
39121,2,15,1,4,0.5009074414136627,1,0
39135,1,16,1,4,0.5341751802556397,1,0
39155,3,30,1,4,0.524072398394082,1,0
39157,2,27,0,4,0.49686598567223644,0,0
39159,1,20,1,4,0.4489198607222107,0,1
40001,4,8,1,4,0.6042016742644994,1,0
40003,1,13,1,4,0.5172245492710256,1,1
40005,4,15,0,4,0.5939813639653218,1,0
40009,3,6,1,4,0.534298635738503,1,0
40011,3,13,1,4,0.549160023488999,1,1
40027,2,21,0,4,0.4727951167065329,0,0
40049,3,13,1,4,0.5737789109826091,1,0
40053,1,10,1,4,0.5411370472269997,1,1
40067,4,8,1,4,0.6181028682290372,1,1
40071,4,10,1,4,0.5807684031596831,1,1
40073,2,12,1,4,0.5593862575126528,1,0
40083,2,15,1,4,0.5142186195177264,1,1
40105,3,7,1,4,0.5983974433424281,1,1
40117,3,12,1,4,0.5683017190477915,1,0
40121,3,19,1,4,0.5709869308107431,1,1
40127,4,16,1,4,0.5905110151564962,1,0
40145,2,15,1,4,0.5219326963797903,1,1
40149,3,18,1,4,0.5341494485318924,1,0
41005,1,37,1,4,0.43989117022057256,0,0
41009,2,9,1,4,0.4793904860083961,0,1
41017,1,7,1,4,0.4541103764576772,0,0
41021,2,4,0,4,0.5641251859929532,1,0
41031,3,8,1,4,0.530508739198059,1,0
41047,3,26,1,4,0.5091377781091844,1,0
41049,3,7,1,4,0.5669227639654789,1,0
41053,2,11,1,4,0.474186127409824,0,0
41055,2,5,0,4,0.5570006293671339,1,0
41057,2,16,0,4,0.49429717812687424,0,0
41059,3,14,1,4,0.554656536385939,1,0
41063,2,5,0,4,0.5239401874061336,1,0
42001,1,17,1,4,0.4576634880200506,0,0
42009,2,28,1,4,0.494106322502096,0,0
42031,3,31,0,4,0.4636682365194857,0,0
42033,3,51,1,4,0.47607578683457663,0,0
42035,3,15,0,4,0.46399840601473935,0,0
42043,2,30,1,4,0.47568285842762026,0,0
42045,1,44,0,4,0.41044363981084714,0,0
42057,2,17,0,4,0.49867334010534525,0,0
42067,2,13,0,4,0.5096088549300835,1,0
42075,2,19,1,4,0.4868193728561867,0,0
42077,1,34,0,4,0.4581812524405252,0,0
42079,3,50,1,4,0.4606084919120468,0,0
42085,2,28,1,4,0.4770270638214594,0,0
42089,2,35,1,4,0.43380894376603707,0,0
42101,4,46,0,4,0.4620093788449374,0,1
42105,3,15,0,4,0.5148736942395523,1,0
42107,2,59,1,4,0.49832698281867566,0,0
42111,2,40,1,4,0.47903797398892284,0,0
44003,1,9,1,4,0.39745974704730475,0,0
44005,1,8,1,4,0.3647037248493113,0,0
44007,1,39,0,4,0.4225739404797308,0,0
45005,4,6,1,4,0.5728232833355323,1,1
45007,3,19,0,4,0.474366922963533,0,0
45013,1,16,1,4,0.4373760736061419,0,0
45023,4,10,1,4,0.5186168955535712,1,1
45033,4,11,1,4,0.5527446541773413,1,1
45041,3,12,1,4,0.49049517536163767,0,0
45043,3,5,1,4,0.49055659059955525,0,0
45049,4,13,1,4,0.5600129459709782,1,0
45051,3,16,1,4,0.46562442733674486,0,0
45057,3,5,1,4,0.4589699075647484,0,0
45061,4,12,0,4,0.544820551408783,1,0
45071,3,11,0,4,0.5249603489082293,1,0
45075,1,24,0,4,0.5497005574146248,1,1
45077,3,15,1,4,0.4362939177869798,0,0
45087,4,9,1,4,0.5285006721891807,1,0
46011,2,12,0,4,0.4013556193843908,0,0
46031,4,15,1,4,0.5835931875005156,1,1
46033,3,9,1,4,0.514267024856579,1,1
46039,1,12,0,4,0.46822999251416303,0,0
46051,1,12,0,4,0.45400363070374095,0,0
46053,3,8,0,4,0.5088770970469594,1,0
46067,2,13,1,4,0.47307115810604744,0,1
46071,4,12,0,4,0.5774621691486458,1,0
46075,1,5,0,4,0.4644656089891509,0,0
46079,2,14,0,4,0.4307351741934763,0,0
46087,2,12,0,4,0.4531216406747145,0,0
46101,2,13,0,4,0.4361501511804741,0,0
46102,4,11,0,4,0.5929161352634502,1,0
47033,4,8,1,4,0.5766367465112349,1,0
47047,1,15,0,4,0.4610283970018768,0,0
47057,4,9,0,4,0.558032988451127,1,0
47073,4,12,1,4,0.5525421579193555,1,0
47075,4,6,1,4,0.5857897608200895,1,0
47077,4,14,1,4,0.5558607274985756,1,0
47081,3,13,0,4,0.52465081441654,1,0
47093,2,30,0,4,0.4587640283883444,0,0
47101,4,7,1,4,0.5240453590846643,1,0
47103,3,12,0,4,0.5253938096005945,1,0
47109,4,15,1,4,0.5357474935734514,1,0
47113,3,13,0,4,0.529094646279116,1,1
47123,4,9,1,4,0.5188464674058514,1,1
47127,3,10,0,4,0.5105056553575923,1,0
47145,2,10,1,4,0.4879755914290151,0,0
47155,3,10,1,4,0.535428514287021,1,0
47171,4,6,0,4,0.5381081631154206,1,0
47175,4,7,1,4,0.5514408791372342,1,1
47183,4,12,1,4,0.5428803302599629,1,1
48019,2,7,1,4,0.5273153329699081,1,0
48023,2,2,1,4,0.5268052545241713,1,1
48031,1,8,1,4,0.5207042506795938,1,1
48039,1,20,0,4,0.47675437106473423,0,0
48043,3,4,1,4,0.4974572081815221,0,1
48055,3,14,1,4,0.5344165211693163,1,0
48069,3,10,0,4,0.5375119305760834,1,0
48089,2,18,1,4,0.5448641417422895,1,0
48091,1,14,1,4,0.4505209651938554,0,0
48097,2,14,1,4,0.5181524347589836,1,1
48099,1,17,1,4,0.3414019133959666,0,1
48125,4,7,1,4,0.5711951752902059,1,1
48127,4,6,1,4,0.5961585945737216,1,1
48129,3,6,0,4,0.5476916401889314,1,0
48155,4,3,0,4,0.5641577118919638,1,0
48157,1,34,0,4,0.4360451680106426,0,0
48161,4,9,1,4,0.5363545607350623,1,0
48179,4,7,0,4,0.556746954729268,1,0
48185,3,11,1,4,0.5513898731415849,1,0
48193,3,10,1,4,0.5608455904343256,1,1
48209,2,14,1,4,0.4418812064573013,0,0
48215,4,28,0,4,0.5550179071354027,1,0
48223,3,13,1,4,0.525947111223375,1,0
48229,3,6,0,4,0.47364782691972324,0,0
48235,2,4,0,4,0.4676080401625423,0,0
48241,4,9,1,4,0.5374166541905282,1,1
48263,3,4,0,4,0.5309513964414279,1,0
48267,1,6,0,4,0.46519359481091593,0,0
48269,4,2,1,4,0.5777506958155462,1,1
48273,4,4,1,4,0.523883475394036,1,0
48281,2,6,1,4,0.517079806874556,1,0
48293,4,14,1,4,0.5617257874593026,1,0
48295,2,7,0,4,0.5118439361740895,1,0
48299,1,10,1,4,0.49661370829547524,0,0
48303,1,25,1,4,0.49488595747440123,0,0
48317,1,8,1,4,0.45742217738256397,0,1
48323,4,3,1,4,0.565566913059245,1,1
48331,3,13,1,4,0.5666779089758249,1,0
48337,3,10,1,4,0.5598626639861652,1,0
48339,1,27,0,4,0.45393243100432673,0,0
48343,4,7,1,4,0.550026234518396,1,0
48361,2,4,1,4,0.5075897613037366,1,0
48377,4,4,1,4,0.599218377928996,1,1
48385,4,8,0,4,0.5841176389781365,1,0
48407,4,8,1,4,0.5486721875809624,1,0
48417,4,5,0,4,0.48570251587225555,0,0
48435,1,2,0,4,0.3992390096166505,0,0
48437,4,5,1,4,0.5867038524201413,1,1
48445,4,6,1,4,0.5799753401402452,1,0
48447,4,7,0,4,0.536710480804049,1,0
48455,4,7,1,4,0.5249112105466464,1,0
48459,3,12,1,4,0.518603267581262,1,0
48471,4,9,1,4,0.4828916133014669,0,0
48489,4,6,0,4,0.5940494921863202,1,0
48491,1,25,0,4,0.43148867563338494,0,0
48497,2,17,1,4,0.5024740027400383,1,1
48505,4,5,1,4,0.589465569821081,1,0
49013,2,12,0,4,0.5208870088315679,1,0
49015,2,9,0,4,0.4901846994052079,0,0
49021,4,10,1,4,0.4658175000745509,0,0
49031,3,6,0,4,0.4944385570893492,0,0
49037,3,12,1,4,0.5264684325884798,1,0
49043,1,9,1,4,0.4266433063945232,0,1
49055,2,6,0,4,0.4654527690637645,0,0
51007,1,5,1,4,0.5077753756412914,1,0
51009,2,9,1,4,0.48242539875775386,0,1
51023,1,12,0,4,0.4377740633859894,0,0
51029,3,11,0,4,0.5112926055247455,1,0
51045,1,5,0,4,0.4217441971177161,0,0
51053,3,12,0,4,0.5165143722525966,1,0
51061,1,24,1,4,0.4103648839874416,0,0
51071,2,10,0,4,0.4592645601376589,0,0
51075,1,15,1,4,0.3990704703015165,0,0
51081,4,4,1,4,0.5345960125232033,1,0
51083,3,14,1,4,0.5374312636847135,1,1
51095,1,4,1,4,0.3952831289551502,0,0
51097,2,14,0,4,0.5000254820683633,1,0
51105,4,11,1,4,0.5369227770486831,1,0
51107,1,21,1,4,0.36084744018799114,0,0
51117,3,13,1,4,0.5282718773476615,1,1
51119,1,12,1,4,0.48764377207339965,0,1
51131,3,11,1,4,0.5067743255765851,1,0
51135,4,7,1,4,0.5221713453341089,1,0
51159,3,5,1,4,0.5133931902340941,1,1
51165,2,22,0,4,0.45081329567298034,0,0
51171,2,14,1,4,0.4779754654297905,0,1
51181,3,10,0,4,0.521975370026763,1,0
51183,1,11,0,4,0.18716048850949582,0,0
51191,2,10,1,4,0.481775861596296,0,0
51520,4,2,1,4,0.5412725906660247,1,0
51580,3,1,0,4,0.4959695960660844,0,0
51595,4,1,1,4,0.5344316502128265,1,1
51710,1,15,1,4,0.4606940518405086,0,0
51730,3,2,1,4,0.5080750719201501,1,1
51735,1,1,0,4,0.4033399526796579,0,0
51760,1,15,0,4,0.4592258053915949,0,0
51790,1,2,0,4,0.4458302671621242,0,0
51820,3,1,0,4,0.48564082342513126,0,0
51830,1,2,0,4,0.3987694739446629,0,0
53003,3,3,1,4,0.5326279291293518,1,0
53005,2,12,1,4,0.4842763358399408,0,0
53013,3,5,0,4,0.5321197488360893,1,0
53021,3,7,1,4,0.5070631335550178,1,0
53031,2,9,1,4,0.47265402720942884,0,0
53037,3,12,0,4,0.4867692402536267,0,0
53043,2,14,0,4,0.5258328727392281,1,0
53051,3,9,0,4,0.5206167780739281,1,0
53073,2,18,1,4,0.44002967512155977,0,0
54003,2,11,1,4,0.5059286305125306,1,0
54007,4,18,0,4,0.550121462377369,1,0
54009,2,8,1,4,0.517461683243607,1,0
54023,3,12,0,4,0.5456806027759665,1,0
54027,3,20,0,4,0.5486294922138855,1,0
54037,1,9,1,4,0.4770404684652823,0,0
54045,4,33,0,4,0.5471895077508467,1,0
54057,2,10,0,4,0.5055558082213537,1,0
54059,4,18,1,4,0.5470493352472392,1,0
54077,3,16,0,4,0.5364241470127062,1,0
54083,4,22,1,4,0.5214343225323526,1,0
54099,4,17,1,4,0.5456990694678221,1,1
55009,1,19,1,4,0.3950346600926208,0,0
55011,1,9,0,4,0.46226970330004774,0,0
55063,2,15,1,4,0.4176604402262381,0,0
55091,1,6,0,4,0.4457673456691433,0,0
55097,2,21,1,4,0.40013091737856715,0,0
55121,1,14,1,4,0.4355154548142393,0,0
55123,3,18,1,4,0.46600471019154227,0,0
55125,2,12,1,4,0.456196657652645,0,0
56021,1,12,1,4,0.46308834751809375,0,0
