county_fips,poverty_quartile,n_zctas_in_county,suppression_flag,fold,prob_high_risk,pred_high_risk,true_label
01009,3,17,1,0,0.21510314268790492,0,0
01011,4,7,1,0,0.25645228416214744,0,1
01013,4,8,0,0,0.2557353827429633,0,0
01037,3,11,1,0,0.23810343190595515,0,0
01041,3,11,0,0,0.2428471002597203,0,0
01047,4,10,1,0,0.2673594811260576,0,0
01061,4,14,0,0,0.25328167811140234,0,0
01073,1,62,0,0,0.19656575768538276,0,0
01089,1,25,1,0,0.1259546191845965,0,0
01097,1,36,0,0,0.17680354162096237,0,0
01099,4,17,1,0,0.23652716216475594,0,0
01109,1,9,1,0,0.39933453615340264,0,1
01111,3,8,1,0,0.2365539425446351,0,0
01121,4,12,1,0,0.2527937146803114,0,0
01129,4,16,1,0,0.257136732053216,0,0
04011,2,3,0,0,0.2554653491143887,0,0
04012,4,8,0,0,0.2981841290052192,0,1
04013,1,136,0,0,0.23024979654609623,0,1
04017,4,33,0,0,0.23574717250422114,0,1
04025,2,31,0,0,0.22104888225728395,0,1
05009,3,9,1,0,0.22098925922535723,0,0
05011,4,7,1,0,0.27816873881457077,0,0
05021,4,13,1,0,0.3423678139586855,0,0
05025,4,7,1,0,0.25264121879194046,0,1
05029,4,15,1,0,0.3303682759035894,0,0
05031,1,16,1,0,0.24498560921263132,0,0
05043,4,9,1,0,0.24822071244281596,0,0
05051,3,10,1,0,0.2182663060885913,0,0
05061,4,8,1,0,0.2946626268483534,0,0
05083,4,12,1,0,0.3017869164442017,0,0
05127,4,10,1,0,0.29147740119772886,0,1
05133,4,7,1,0,0.27584175789771775,0,0
05145,4,17,1,0,0.2823974983033449,0,0
05149,4,13,1,0,0.3045882611771614,0,0
06003,1,3,0,0,0.21735041953240708,0,0
06009,1,20,1,0,0.2604886045237325,0,1
06015,4,4,1,0,0.18990103972550804,0,0
06021,3,7,1,0,0.3659365668923147,0,0
06023,4,36,1,0,0.18786524369126664,0,0
06037,1,292,0,0,0.03657908332521858,0,0
06041,1,29,1,0,0.0907009010555023,0,0
06043,3,13,1,0,0.2569684728608815,0,0
06047,4,24,0,0,0.36969950997091905,0,0
06049,3,13,0,0,0.31251439888202004,0,0
06051,1,9,0,0,0.20212628142077207,0,0
06055,1,12,1,0,0.16876784074510456,0,0
06059,1,91,0,0,0.14969815565180983,0,0
06061,1,34,0,0,0.15160843499798204,0,0
06063,2,17,1,0,0.2068998452873782,0,0
06069,2,7,1,0,0.22396584740702652,0,0
06071,3,93,0,0,0.2954435456470058,0,0
06077,1,36,0,0,0.29952649664242625,0,0
06087,2,17,1,0,0.14676397789051326,0,0
06115,3,17,1,0,0.2872101607422167,0,1
08011,4,6,0,0,0.28053516261610517,0,0
08041,1,45,0,0,0.15127709052293387,0,0
08043,3,11,1,0,0.14586658005961253,0,1
08059,1,33,1,0,0.10291997753474191,0,0
08061,3,5,0,0,0.18265274824074215,0,0
08067,1,6,1,0,0.11796729027320378,0,1
08093,1,12,0,0,0.04240253572776844,0,0
08123,1,41,1,0,0.18146491249535618,0,0
09001,1,46,1,0,0.08435900347108283,0,0
09003,1,58,1,0,0.14942352433642278,0,0
09011,1,31,1,0,0.1151033036635169,0,0
09013,1,17,0,0,0.08999490721410407,0,0
10001,1,18,1,0,0.2076788038235139,0,0
12013,3,8,0,0,0.1641542224460659,0,0
12021,1,23,0,0,0.12297583236895611,0,0
12027,4,4,0,0,0.1849042572195311,0,0
12031,1,36,0,0,0.12307180901759844,0,0
12033,1,18,1,0,0.12894647859450714,0,0
12061,2,9,1,0,0.1316408148943234,0,0
12071,1,38,0,0,0.1291218316019328,0,0
12089,1,6,1,0,0.09644888846121336,0,0
12093,4,2,0,0,0.20061708801448502,0,0
12109,1,12,1,0,0.08677494521560064,0,0
12119,1,11,1,0,0.14745218423877554,0,0
12123,1,6,0,0,0.10672996869394476,0,0
12125,1,5,0,0,0.13638846571167249,0,0
13003,4,5,1,0,0.24824076405338374,0,1
13007,3,6,0,0,0.24289141562687191,0,0
13011,3,11,0,0,0.17523596876670078,0,0
13021,1,12,1,0,0.26532676360954055,0,0
13031,1,11,1,0,0.2331718799366852,0,0
13037,4,6,0,0,0.3303360544912439,0,0
13039,3,8,1,0,0.14071418188115536,0,1
13049,4,4,0,0,0.2196985699916085,0,0
13055,4,6,1,0,0.2218930429067573,0,0
13069,4,10,1,0,0.26181633203991805,0,1
13071,4,13,1,0,0.2626609256715831,0,0
13073,1,7,1,0,0.09651958203776571,0,0
13079,3,7,0,0,0.25543898838770357,0,0
13103,1,8,1,0,0.13267364503021037,0,1
13105,4,4,0,0,0.247236747959001,0,0
13115,4,13,1,0,0.19111601854892582,0,0
13119,3,10,1,0,0.22471495787306092,0,0
13121,1,46,0,0,0.12445522217850948,0,0
13137,3,7,1,0,0.15696357650756823,0,1
13143,3,7,0,0,0.1765511462914659,0,0
13151,2,11,1,0,0.13863821086583758,0,0
13169,4,8,1,0,0.24452524596164762,0,0
13173,4,5,0,0,0.24031272915491964,0,0
13175,4,15,1,0,0.2646004208673875,0,1
13187,3,4,0,0,0.15826184447321318,0,0
13191,3,4,1,0,0.24546784487784423,0,0
13193,4,10,1,0,0.27038592358283303,0,0
13227,2,9,1,0,0.1246971245666235,0,0
13253,4,4,1,0,0.28361447336784534,0,1
13255,4,7,0,0,0.2285223702944811,0,0
13261,4,8,1,0,0.2533339472152113,0,0
13263,4,8,0,0,0.21062307776769532,0,0
13283,4,6,0,0,0.28075160570782937,0,0
13307,4,6,0,0,0.2448316957188399,0,0
13309,4,4,1,0,0.25195465963054486,0,1
13315,4,8,1,0,0.2764673566272951,0,1
13317,4,5,1,0,0.25909309342152953,0,1
13321,4,12,0,0,0.28233329880451674,0,0
16033,4,3,0,0,0.22496002714386518,0,0
16055,2,13,1,0,0.13481994650907786,0,0
16059,3,10,1,0,0.21452191976299598,0,1
16065,1,8,0,0,0.005517527395778616,0,0
16067,3,5,0,0,0.2869097260421385,0,0
16077,4,4,0,0,0.2579293261884505,0,0
17009,2,5,0,0,0.1399007409317789,0,0
17011,2,30,1,0,0.1896045303804661,0,1
17029,4,16,0,0,0.1933056464586794,0,0
17049,2,15,1,0,0.13456513628684183,0,0
17059,4,9,1,0,0.2820764028856984,0,1
17065,2,13,0,0,0.19552685812213988,0,0
17083,1,11,0,0,0.14081447913588982,0,0
17095,3,22,1,0,0.24521209132332136,0,1
17099,2,28,1,0,0.20251503944183671,0,0
17103,2,24,1,0,0.18742960306537615,0,0
17109,4,17,1,0,0.19550004137093505,0,1
17135,3,28,0,0,0.19741749329866728,0,0
17143,1,27,0,0,0.15365304017001885,0,0
17147,1,16,0,0,0.1318113839978561,0,0
17157,2,18,1,0,0.19774801327097902,0,0
17159,3,9,1,0,0.1949928321796119,0,0
17163,2,34,0,0,0.17385077654064013,0,1
17169,3,12,0,0,0.15625637988879099,0,0
17171,2,9,1,0,0.1571857576742403,0,1
17183,3,27,1,0,0.20115341433452394,0,0
17203,1,16,1,0,0.11464372265518592,0,0
18001,3,8,1,0,0.21746829319643293,0,1
18003,2,33,1,0,0.16519969638941304,0,0
18019,2,15,1,0,0.14383184864024487,0,0
18023,3,12,1,0,0.20941348223241085,0,0
18025,3,9,0,0,0.20280346618094997,0,0
18027,3,7,0,0,0.1766015251224584,0,0
18035,4,21,1,0,0.24111137351011175,0,0
18041,4,8,0,0,0.2731064525960483,0,0
18045,2,10,0,0,0.18170070065746718,0,0
18047,1,15,1,0,0.14851363994246045,0,0
18057,1,23,0,0,0.0930145445416871,0,0
18061,2,16,1,0,0.12885964705983152,0,1
18081,1,12,1,0,0.15951904154691737,0,0
18101,2,7,1,0,0.15839902732107758,0,1
18115,2,5,0,0,0.15941565051454346,0,0
18141,3,24,1,0,0.21763018793586006,0,0
18153,3,13,1,0,0.20902670275090837,0,0
18163,3,11,1,0,0.20065088664062905,0,0
18177,3,17,1,0,0.23698515480105548,0,0
19015,3,18,1,0,0.1837703953745576,0,0
19017,1,12,0,0,0.11534682508033534,0,0
19027,1,16,1,0,0.14058155046730852,0,0
19043,2,24,0,0,0.15535784987029153,0,0
19047,3,19,0,0,0.15593457779485936,0,0
19053,3,11,0,0,0.16671272788358252,0,0
19055,1,16,0,0,0.1252753135004698,0,0
19057,3,12,1,0,0.17045783161963665,0,1
19061,2,19,1,0,0.09843329406446896,0,0
19069,2,17,0,0,0.15767403720794262,0,0
19071,2,11,1,0,0.1766739983773042,0,1
19089,2,9,0,0,0.12974506943733888,0,0
19097,2,14,1,0,0.13374170935024426,0,0
19099,1,19,1,0,0.14210879013067573,0,1
19109,2,21,1,0,0.1749518370432752,0,0
19111,3,12,1,0,0.17341263711706953,0,0
19113,1,29,1,0,0.11048269826597534,0,0
19119,1,12,0,0,0.12667881041291895,0,0
19127,2,21,1,0,0.1779871627042428,0,1
19137,3,10,0,0,0.18169855501513069,0,0
19139,2,13,0,0,0.14742576178627556,0,0
19145,2,12,1,0,0.1588875486595829,0,0
19161,2,16,1,0,0.1502966761001812,0,1
19165,1,19,0,0,0.15177180301203066,0,0
19181,1,19,1,0,0.12003428326304996,0,1
19191,1,12,0,0,0.11435241790744194,0,0
20011,4,13,1,0,0.25774869909396414,0,0
20013,2,13,0,0,0.21766579570416097,0,0
20015,2,20,1,0,0.223315849508239,0,0
20017,3,11,0,0,0.28059511258250686,0,0
20029,3,8,1,0,0.2169610040841717,0,1
20033,1,3,0,0,0.20291714577403994,0,0
20035,3,14,1,0,0.31293764663643553,0,1
20067,2,3,1,0,0.23180691962444522,0,1
20071,1,2,0,0,0.30870108350452885,0,0
20079,1,13,1,0,0.21164297185871211,0,1
20083,2,8,1,0,0.21294055687848204,0,1
20103,1,13,1,0,0.1978134252107624,0,0
20107,3,11,0,0,0.22592603439964976,0,0
20109,2,7,0,0,0.16638347457211314,0,0
20111,3,12,1,0,0.2911005791200508,0,0
20119,1,5,0,0,0.2716365336383016,0,0
20121,1,11,1,0,0.12994673193396508,0,1
20151,2,11,0,0,0.21944673121127484,0,0
20155,2,22,1,0,0.2511758335030986,0,0
20157,2,15,0,0,0.1729583643990026,0,0
20173,2,50,0,0,0.2435788246769211,0,0
21019,3,4,1,0,0.19247709848195543,0,1
21027,3,18,1,0,0.23933338114377056,0,0
21039,4,4,0,0,0.3019406234709581,0,0
21041,4,8,1,0,0.2119630564333254,0,1
21045,4,15,0,0,0.2571719479701008,0,0
21049,3,4,1,0,0.17590613607902653,0,1
21051,4,10,1,0,0.24883825370912932,0,0
21059,3,10,1,0,0.21970117480859458,0,0
21061,4,12,1,0,0.23300364794711628,0,0
21063,4,6,1,0,0.26350765473225224,0,1
21065,4,5,0,0,0.2661385827083709,0,0
21111,2,41,0,0,0.17938404334628769,0,0
21119,4,24,1,0,0.23813025286284537,0,0
21137,4,11,1,0,0.2306962663783827,0,0
21143,3,4,0,0,0.34127365178733166,0,0
21147,4,8,0,0,0.23770737493703234,0,0
21151,1,5,1,0,0.19938335565113033,0,0
21161,4,5,1,0,0.1966686098408243,0,0
21167,2,5,1,0,0.18407687401921013,0,0
21175,4,8,1,0,0.23244065285181087,0,0
21189,4,6,0,0,0.2573699103246468,0,0
21203,4,7,1,0,0.2243325876749347,0,0
21209,2,6,1,0,0.15212033947974424,0,1
21225,4,5,1,0,0.24757077832150468,0,0
22019,3,16,1,0,0.2177155272345906,0,0
22031,4,10,1,0,0.23195660968100434,0,0
22035,4,4,0,0,0.28740834793815945,0,0
22037,3,8,0,0,0.23114929069094867,0,0
22055,1,16,1,0,0.18469572154645073,0,0
22069,4,16,1,0,0.24157281656835586,0,0
22091,3,7,0,0,0.24468240141292272,0,0
22095,3,6,1,0,0.23912134480943223,0,1
22109,3,13,1,0,0.22532249726087997,0,0
22119,4,12,1,0,0.3273026609213366,0,1
22123,4,4,1,0,0.2778122107796469,0,0
22127,4,12,1,0,0.26062601253208045,0,0
23023,1,8,0,0,0.07624058687183995,0,0
23027,2,18,1,0,0.090206577537128,0,1
24005,1,54,0,0,0.10096490646317065,0,1
24013,1,15,1,0,0.08410152262100185,0,0
24019,3,18,1,0,0.22911941120351265,0,1
24041,1,16,1,0,0.16543684012767734,0,0
24043,1,20,1,0,0.15260950718513563,0,0
26009,2,16,1,0,0.13815347288083482,0,0
26015,1,15,1,0,0.14429661831980145,0,0
26039,3,4,0,0,0.15979028468271295,0,0
26041,3,13,1,0,0.15828046222958322,0,1
26051,4,7,0,0,0.20356884359696198,0,0
26053,4,7,0,0,0.1364205218841104,0,0
26059,3,18,1,0,0.18848040512208886,0,0
26063,2,18,1,0,0.21215817227500017,0,1
26097,3,15,0,0,0.1848257444693778,0,0
26109,3,14,0,0,0.16103164260194758,0,0
26125,1,71,0,0,0.10809157935751279,0,0
26127,3,12,1,0,0.1721336627383632,0,0
26135,3,8,0,0,0.16174688358520872,0,0
26145,3,28,1,0,0.2151931821095935,0,0
27013,3,20,0,0,0.15510549724539083,0,0
27017,2,15,0,0,0.11681502969724634,0,0
27029,3,11,0,0,0.23178936880043435,0,0
27049,1,17,1,0,0.11617924324054225,0,1
27065,2,9,0,0,0.14462514685163588,0,0
27067,2,16,0,0,0.15259699454630676,0,0
27087,4,8,0,0,0.2979206043332536,0,0
27103,1,10,0,0,0.11099981157261311,0,0
27105,3,17,0,0,0.19452005279914186,0,0
27115,2,16,1,0,0.16063173011675844,0,0
27131,1,16,1,0,0.1362992796141554,0,0
27153,2,19,1,0,0.15556087835548446,0,0
27169,2,14,1,0,0.1335492304254235,0,1
28003,4,5,1,0,0.17393676333143762,0,1
28019,4,9,1,0,0.1806594875284658,0,1
28023,4,9,1,0,0.14088852741171784,0,0
28055,4,6,0,0,0.1767561747948156,0,0
28073,3,6,1,0,0.09805336781212232,0,0
28091,4,8,1,0,0.1982761237879624,0,0
28097,4,7,1,0,0.23205194680348318,0,1
28101,4,11,1,0,0.19026674128187368,0,0
28115,4,11,1,0,0.1550671595726439,0,0
28117,4,8,0,0,0.18945983830585075,0,0
28125,1,7,0,0,0.08719122957777298,0,0
28127,3,10,1,0,0.16520932225647234,0,0
28141,4,9,1,0,0.17691746553507798,0,0
28143,4,5,0,0,0.3411289595129589,0,0
28151,4,8,0,0,0.3201573006758303,0,1
28163,4,8,1,0,0.2291286213912388,0,0
29005,2,9,0,0,0.21430149916109179,0,0
29021,3,15,1,0,0.21059346117138292,0,0
29025,3,10,1,0,0.2272102681158155,0,1
29035,3,5,1,0,0.15621029508491058,0,1
29041,3,12,1,0,0.21205610642295705,0,1
29065,4,8,1,0,0.1929994753831203,0,0
29069,4,14,1,0,0.3645032461654385,0,1
29073,2,11,0,0,0.1796834759143216,0,0
29077,3,21,0,0,0.17379426865211425,0,0
29089,3,10,0,0,0.1947304235456114,0,0
29107,2,16,1,0,0.1974593849366201,0,1
29115,3,15,1,0,0.2018483303695125,0,0
29133,4,6,1,0,0.3788965198384636,0,0
29147,4,18,1,0,0.20730641068948802,0,0
29159,3,15,1,0,0.20315590857531907,0,1
29167,3,18,0,0,0.41164233361141833,0,0
29185,4,16,1,0,0.23404026786069598,0,1
29195,3,13,1,0,0.21472493499170436,0,0
29223,4,14,1,0,0.23937521171968257,0,0
29227,3,7,0,0,0.2140411783785477,0,0
30001,3,10,0,0,0.17208380874008838,0,0
30005,4,9,1,0,0.32293360905146024,0,1
30019,1,4,0,0,0.1646810231860406,0,0
30023,4,5,0,0,0.19477230406276788,0,0
30033,2,8,0,0,0.1922079577564448,0,0
30041,3,10,0,0,0.2550341374280387,0,0
30043,2,9,0,0,0.13676273712289264,0,0
30047,3,15,1,0,0.1919113178124218,0,0
30075,3,6,0,0,0.22872474729146505,0,0
30091,1,11,0,0,0.15768019479375517,0,0
30107,2,6,0,0,0.21183823703140103,0,0
31011,2,8,1,0,0.15989570751382684,0,1
31017,3,4,0,0,0.17152141491090667,0,0
31025,1,20,1,0,0.1104180476084433,0,0
31029,2,7,1,0,0.07613217512421,0,1
31031,3,18,0,0,0.19753508290171784,0,0
31035,2,15,0,0,0.12025577466470952,0,0
31039,2,11,0,0,0.1675986563190495,0,0
31043,3,8,0,0,0.1344498309427602,0,0
31047,3,11,0,0,0.13854769116423124,0,0
31061,2,8,1,0,0.1900594298614301,0,1
31063,2,12,0,0,0.14907486507051895,0,0
31071,2,3,0,0,0.22314880104781876,0,0
31073,2,9,0,0,0.17334168588373558,0,0
31105,3,5,0,0,0.20159117934679668,0,0
31125,2,8,0,0,0.15849372370827422,0,0
31129,2,10,0,0,0.1543670397121289,0,0
31131,1,19,1,0,0.13899021663797928,0,0
31139,1,9,0,0,0.11820467037308721,0,0
31169,1,15,0,0,0.17568555277387096,0,0
31173,4,10,1,0,0.2724916747577047,0,1
31185,1,15,1,0,0.1203143494474038,0,0
32003,1,73,0,0,0.2646294130258472,0,1
32011,1,4,0,0,0.3211005642523547,0,0
32013,1,7,1,0,0.28777613620611686,0,0
32033,2,7,1,0,0.2767675208048951,0,1
32510,2,4,0,0,0.2751113940305207,0,0
33003,1,30,0,0,0.10614984932349356,0,0
33005,1,27,1,0,0.09396471162251577,0,1
33009,1,37,1,0,0.07343723836582947,0,0
34009,1,15,1,0,0.13531670644783692,0,0
34015,1,30,1,0,0.10607528671200189,0,0
34037,1,21,1,0,0.07031571262180368,0,0
35006,4,17,0,0,0.39071848430109996,0,0
35023,4,5,0,0,0.3659981456227986,0,0
35027,3,14,0,0,0.20806996810992326,0,0
35041,4,9,1,0,0.29753899738323175,0,0
35043,1,21,1,0,0.17392086460500378,0,0
35061,4,8,1,0,0.3335973447127388,0,1
36005,4,28,0,0,0.29598844975339755,0,0
36007,3,31,1,0,0.12227607734375846,0,0
36013,3,36,1,0,0.14669561524629582,0,0
36029,2,70,0,0,0.15198084250382904,0,0
36047,3,39,0,0,0.18852454059548343,0,0
36055,1,50,1,0,0.1463981226433003,0,0
36081,2,63,0,0,0.14575891013903092,0,0
36093,1,19,1,0,0.09456311236577829,0,0
36105,2,62,1,0,0.12942073906034535,0,0
36115,2,27,1,0,0.0966134636136404,0,0
37009,1,12,0,0,0.15269260104396304,0,0
37023,4,16,1,0,0.13947495090576895,0,0
37029,2,5,0,0,0.12537185050347802,0,0
37031,2,19,1,0,0.1285753029867973,0,0
37051,1,24,1,0,0.19524336188182986,0,0
37053,1,15,1,0,0.12064776621027787,0,0
37057,3,12,1,0,0.1364712620360783,0,0
37079,4,11,1,0,0.21528614906537663,0,0
37081,3,31,0,0,0.12044260874154179,0,0
37107,4,10,1,0,0.21973463697571502,0,0
37109,2,11,1,0,0.12046208092606397,0,0
37119,2,32,0,0,0.10580323652809699,0,0
37135,2,14,1,0,0.0794280140695041,0,0
37141,3,13,1,0,0.12508051063175346,0,1
37143,3,6,0,0,0.1808365483526801,0,0
37169,2,16,1,0,0.1374759778318633,0,0
37179,1,12,1,0,0.09384217339251068,0,0
37187,4,4,1,0,0.2421935777387829,0,0
37195,4,17,1,0,0.18459289901246623,0,0
38011,1,5,0,0,0.16667898102345627,0,0
38015,1,12,1,0,0.10535688990974462,0,0
38023,2,10,0,0,0.1899836037539458,0,0
38035,1,22,1,0,0.16914306560478948,0,1
38059,1,8,0,0,0.1391746870922828,0,0
38099,2,16,1,0,0.201058966562998,0,0
39001,4,11,1,0,0.2633912213678643,0,0
39003,2,20,0,0,0.24902900404251999,0,0
39005,2,19,0,0,0.17038780588943195,0,0
39007,4,19,1,0,0.21748084172140084,0,0
39015,3,19,0,0,0.2255432489067754,0,0
39021,1,17,0,0,0.20933654809859653,0,0
39029,3,24,0,0,0.22315712451224518,0,0
39031,3,18,0,0,0.1903251106224482,0,0
39037,2,25,1,0,0.25732725191549743,0,0
39043,2,13,0,0,0.2167520642565217,0,0
39045,1,19,1,0,0.14618862613166983,0,0
39047,3,11,0,0,0.2685304681606638,0,0
39065,3,15,1,0,0.22369380132789138,0,1
39073,3,16,1,0,0.18488402258815329,0,0
39075,1,18,1,0,0.11731539476253337,0,0
39085,1,11,1,0,0.13727616858666478,0,0
39095,3,30,0,0,0.24563399908081163,0,0
39097,1,12,0,0,0.1927350630187607,0,0
39115,4,11,0,0,0.25171964790863494,0,0
39123,2,18,1,0,0.23339492631470043,0,0
39131,4,11,1,0,0.22270200420097833,0,0
39145,4,20,1,0,0.24688088944874248,0,0
39167,3,20,1,0,0.1918593316654406,0,0
39175,2,13,0,0,0.19275567640469427,0,0
40029,4,10,0,0,0.36356918949146383,0,0
40037,3,21,1,0,0.2653690692010872,0,0
40039,4,13,1,0,0.3441503026129987,0,0
40043,3,12,1,0,0.33223225385379207,0,1
40061,4,7,0,0,0.3408471670181993,0,0
40081,3,16,1,0,0.2827353955584047,0,0
40089,4,15,1,0,0.3426688500618766,0,0
40101,4,15,1,0,0.3622967342189252,0,0
40111,4,11,1,0,0.3431604290212035,0,1
40135,4,9,1,0,0.32434323032356666,0,0
40139,4,9,1,0,0.3112941355052626,0,0
40151,2,7,0,0,0.28658633790923355,0,0
41019,3,28,1,0,0.25701126448627276,0,0
41027,2,3,1,0,0.1771054903091884,0,0
41033,4,11,1,0,0.2799462296053841,0,0
41037,4,10,0,0,0.39218319648145816,0,0
41045,4,13,0,0,0.3854979253282152,0,0
41065,3,8,1,0,0.3009552029458879,0,0
41069,4,5,0,0,0.30662706723834304,0,0
42003,1,114,0,0,0.10461204274547532,0,0
42005,2,36,1,0,0.14062109594717762,0,0
42007,2,28,0,0,0.13161378309389737,0,0
42037,2,19,1,0,0.16488684863656156,0,0
42051,3,62,1,0,0.16759799862915378,0,0
42065,3,30,1,0,0.1553108868842327,0,0
42081,2,25,1,0,0.12799530787130572,0,0
42087,3,13,1,0,0.15857149209631774,0,1
42099,2,16,1,0,0.1383964070872381,0,1
44001,1,3,0,0,0.10819513487721903,0,0
45001,4,13,1,0,0.2372712557124272,0,0
45011,4,7,1,0,0.31049829311072524,0,0
45039,4,9,1,0,0.2518423280173107,0,0
45047,4,9,1,0,0.23190812617203954,0,0
45067,4,7,1,0,0.2525126256867676,0,0
45069,4,8,1,0,0.24417775322831836,0,0
45079,1,24,0,0,0.11427820880636301,0,0
46003,1,9,0,0,0.16564647779992817,0,0
46009,2,7,1,0,0.14437904866867168,0,1
46013,1,20,1,0,0.11976969388032609,0,1
46023,4,10,0,0,0.21097749483630993,0,0
46027,3,8,0,0,0.17132697547399353,0,0
46077,1,9,1,0,0.16919062382898845,0,1
46081,1,9,0,0,0.17647403971161002,0,0
46091,1,10,1,0,0.16232633704944874,0,1
46107,1,5,0,0,0.1940727012073911,0,0
46121,4,9,1,0,0.3136609323950532,0,1
46127,1,9,0,0,0.1643001081905317,0,0
46137,4,7,0,0,0.31327791613293404,0,0
47007,3,9,0,0,0.20651032732606656,0,0
47009,2,13,1,0,0.1748890771695904,0,0
47019,4,8,1,0,0.2488245306654064,0,0
47023,3,12,0,0,0.17789400251249635,0,0
47025,1,10,1,0,0.23393562300318277,0,0
47031,3,9,1,0,0.22835529467457535,0,0
47035,3,11,1,0,0.20315715446010713,0,0
47043,2,11,1,0,0.19081327429049896,0,1
47045,4,11,1,0,0.2822026829799209,0,1
47051,3,15,0,0,0.2386188655134987,0,0
47063,4,7,1,0,0.27011719123197975,0,1
47083,3,8,0,0,0.2552388287350009,0,0
47087,4,11,0,0,0.2189501157773968,0,0
47095,4,2,0,0,0.3287524945174602,0,0
47119,1,10,1,0,0.1707807832759503,0,0
47125,3,15,1,0,0.19810731164991513,0,0
47131,4,12,1,0,0.30446178605359503,0,1
47135,4,4,1,0,0.2400132849243943,0,1
47143,4,6,0,0,0.20977280480933017,0,0
47163,3,12,1,0,0.23630474316008188,0,0
47189,1,12,1,0,0.1561935319966869,0,0
48007,4,5,1,0,0.2896279759885432,0,0
48013,3,15,1,0,0.3270180368368998,0,0
48025,4,11,1,0,0.32968383828407105,0,1
48027,3,23,0,0,0.2659004050419187,0,0
48041,3,9,0,0,0.20987653176283277,0,0
48057,3,6,1,0,0.35411424881108816,0,0
48071,2,11,1,0,0.21789201175337475,0,0
48083,2,15,1,0,0.2307763851496408,0,1
48085,1,38,0,0,0.12479815881048549,0,0
48109,4,2,1,0,0.0965132109223294,0,1
48115,4,4,0,0,0.39093381342598144,0,0
48131,4,8,1,0,0.408470147085157,0,0
48149,2,15,1,0,0.24857752062210264,0,0
48151,3,9,1,0,0.2726785363899293,0,1
48171,2,7,1,0,0.2145243584532951,0,0
48173,3,4,0,0,0.3142228887704541,0,0
48175,3,6,0,0,0.282387002255708,0,0
48181,2,21,0,0,0.23461488878625666,0,1
48189,3,9,0,0,0.3219433745994527,0,0
48191,4,6,0,0,0.3246735941591463,0,0
48197,3,2,1,0,0.30569943675667377,0,1
48207,4,11,1,0,0.3394520312590805,0,1
48231,3,17,0,0,0.25090065782497545,0,1
48233,3,7,1,0,0.2724968246306621,0,0
48239,2,10,1,0,0.2735469587954809,0,0
48253,4,10,0,0,0.2678492264324819,0,0
48255,3,8,1,0,0.33078764808179684,0,0
48277,3,13,1,0,0.256352178557612,0,1
48279,4,13,0,0,0.33490657617220215,0,0
48289,3,8,1,0,0.2850512879420567,0,0
48291,3,14,1,0,0.22310282372266743,0,0
48327,3,4,0,0,0.25649331265196285,0,0
48333,2,8,0,0,0.25669025887460295,0,0
48335,2,3,1,0,0.25068371515418914,0,1
48347,1,10,1,0,0.3119852135532886,0,1
48355,3,26,0,0,0.3251412748355574,0,0
48373,3,9,1,0,0.23057897049574289,0,1
48395,3,9,1,0,0.24477890622143214,0,0
48401,3,16,1,0,0.209801542094461,0,1
48403,4,6,0,0,0.21111383104381173,0,0
48439,1,74,0,0,0.2165716443880609,0,0
48443,3,2,0,0,0.34578900725947376,0,0
48465,4,5,1,0,0.4265656470229742,0,0
48485,3,11,0,0,0.31044590032833613,0,1
48487,4,6,1,0,0.3631708279990688,0,0
48495,3,2,1,0,0.3237574156325733,0,1
48501,2,4,1,0,0.25336970798164715,0,1
48507,4,4,1,0,0.49718322086678435,0,0
49009,1,2,0,0,0.14108074452979452,0,0
49019,1,2,1,0,0.1712898806177501,0,1
49023,2,6,0,0,0.21390530848777356,0,0
49027,3,11,0,0,0.22782256583771948,0,0
49047,3,10,0,0,0.21973922096530846,0,0
50001,1,20,1,0,0.08332759984901249,0,0
50009,3,10,0,0,0.1320020843439482,0,0
50011,1,17,0,0,0.09223864984830395,0,0
50017,2,31,1,0,0.0994742293582934,0,0
50019,2,24,1,0,0.09840771291503521,0,0
50023,1,26,1,0,0.08223824294636406,0,1
51001,3,33,0,0,0.1983927326142893,0,0
51005,3,7,1,0,0.16421717134898153,0,0
51036,2,4,1,0,0.18910124171079498,0,1
51051,4,12,1,0,0.20065016447319958,0,0
51063,2,11,1,0,0.12833823117966783,0,0
51065,1,10,0,0,0.09907994094127068,0,0
51079,2,5,1,0,0.10720330228548788,0,0
51099,1,3,0,0,0.08153433648443947,0,0
51133,2,7,1,0,0.16621369624337062,0,0
51137,1,12,0,0,0.11556822609336648,0,0
51139,3,6,1,0,0.15042679742982734,0,0
51145,1,5,1,0,0.2570126574527087,0,0
51153,1,19,1,0,0.07253894977079735,0,0
51173,3,10,0,0,0.1710808267036399,0,0
51175,3,12,1,0,0.20494879230404098,0,0
51177,1,13,1,0,0.08212980887660618,0,0
51600,1,3,0,0,0.05400698162267953,0,0
51630,3,3,1,0,0.14641947808223119,0,0
51660,1,3,1,0,8.673688222356912e-17,0,1
51670,4,1,0,0,0.20574507355286556,0,0
51683,1,1,1,0,0.09465364048327096,0,0
51750,1,2,1,0,0.9927762063913672,1,0
51770,3,10,1,0,0.17412373343191537,0,0
51800,1,8,1,0,0.1491620135966085,0,0
51840,3,1,1,0,0.1484123831197604,0,0
53015,3,11,1,0,0.18696412164948983,0,0
53017,2,13,1,0,0.2574184024275503,0,0
53025,3,18,1,0,0.3226162520951485,0,0
53029,1,8,1,0,0.18886129987405922,0,1
53039,3,15,0,0,0.2297892254867448,0,0
53061,1,30,0,0,0.13592573758542087,0,0
53063,1,45,0,0,0.21077023365935435,0,0
53069,1,6,0,0,0.18448562580713215,0,0
53075,4,20,0,0,0.28170568797386814,0,0
54001,4,12,0,0,0.22958707354519456,0,0
54013,4,16,0,0,0.27505184627904894,0,0
54017,3,10,0,0,0.21581036389241368,0,0
54025,4,21,0,0,0.29286260350969096,0,0
54035,3,15,1,0,0.21671279089393858,0,0
54047,4,36,0,0,0.22031376552788348,0,0
54053,3,19,1,0,0.24741601577389444,0,0
54055,4,19,0,0,0.2599446442510896,0,0
54071,3,9,0,0,0.23669587178188461,0,0
54081,4,42,1,0,0.22016147213833123,0,0
54085,4,14,0,0,0.2422588157428276,0,0
54097,4,10,1,0,0.20080188490296466,0,0
54107,3,13,1,0,0.23454296338736397,0,0
55001,2,14,1,0,0.14303643946068567,0,0
55019,3,21,0,0,0.11683718855162126,0,0
55027,1,31,1,0,0.14115132146882994,0,0
55037,2,4,0,0,0.10250562292687118,0,0
55041,3,11,0,0,0.15593498662089586,0,0
55043,3,23,1,0,0.14435154413145168,0,1
55053,2,14,0,0,0.12575096466460234,0,0
55075,3,16,1,0,0.13948115330084962,0,0
55077,2,14,1,0,0.14837382192201115,0,0
55078,4,4,1,0,0.2519810850717916,0,1
55099,2,14,1,0,0.11532701377741629,0,0
55111,1,17,1,0,0.1073130680047433,0,1
55115,2,25,1,0,0.13746728569996025,0,1
55119,2,14,1,0,0.11903224538242085,0,0
55135,1,16,1,0,0.12809686079213628,0,1
55137,2,17,1,0,0.13832271942790297,0,0
55141,2,15,1,0,0.09813750298224283,0,1
56009,1,4,1,0,0.16040926261404795,0,0
56011,1,10,0,0,0.12987607337737692,0,0
56019,2,4,0,0,0.1377636119741178,0,0
56035,1,6,1,0,0.12775287551158473,0,1
56037,1,12,0,0,0.1887007758822378,0,0
01003,2,23,1,1,0.1600767895763964,0,0
01007,3,11,0,1,0.22512899620066987,0,0
01017,4,10,1,1,0.22061031303924308,0,1
01027,4,10,0,1,0.24993744237892454,0,0
01029,3,7,0,1,0.19373998863099856,0,0
01033,3,9,1,1,0.21123872823700363,0,0
01045,3,14,1,1,0.19879204447084106,0,1
01063,4,8,1,1,0.2727979957332453,0,1
01067,3,9,1,1,0.24031504312441063,0,0
01071,4,22,1,1,0.24332743202089907,0,1
01075,4,9,1,1,0.21767618358733895,0,0
01081,1,14,0,1,0.1607002026522633,0,1
01085,4,8,1,1,0.2855749512999884,0,0
01105,4,9,1,1,0.2612938710600351,0,1
01115,2,18,1,1,0.18308271024422118,0,1
01117,1,22,0,1,0.10272311972117243,0,0
04001,4,33,0,1,0.307944047875707,0,1
04005,1,28,0,1,0.1522919678675008,0,1
05001,4,13,1,1,0.27164145926008937,0,0
05019,1,8,1,1,0.36854727901414724,0,0
05023,3,17,1,1,0.18859769912874833,0,0
05041,4,12,1,1,0.36653914475169247,0,0
05053,2,14,1,1,0.17361161280313148,0,0
05063,4,20,1,1,0.20194324733577532,0,1
05065,1,20,0,1,0.12590711723990497,0,0
05071,4,12,1,1,0.2556160023760143,0,0
05077,3,11,1,1,0.3645381304166232,0,1
05079,4,8,1,1,0.27429062755833855,0,0
05081,4,7,1,1,0.26260894013582764,0,0
05091,4,6,1,1,0.24976357882103675,0,0
05093,4,15,1,1,0.3387040289142128,0,0
05099,4,10,1,1,0.24546131470992977,0,1
05107,4,12,1,1,0.31844859550664845,0,0
05113,4,7,1,1,0.2318777227749224,0,0
05119,1,31,0,1,0.15800672531852822,0,0
05125,1,14,1,1,0.14501159479469394,0,0
05139,4,10,1,1,0.1906460542308442,0,1
05143,3,20,0,1,0.16430900823990346,0,0
06001,1,53,0,1,0.12046695513577162,0,0
06027,2,11,1,1,0.263676141601573,0,0
06039,4,18,0,1,0.30070320859436556,0,0
06065,2,75,0,1,0.21216310920451095,0,1
06075,1,29,0,1,0.10479033802377369,0,0
06091,2,10,0,1,0.21660039298122524,0,0
06095,1,21,0,1,0.1733379864504359,0,0
06097,1,37,1,1,0.13784723185899514,0,0
06101,3,13,1,1,0.23853903674252364,0,0
06105,4,14,0,1,0.24621725836086902,0,0
08014,1,6,1,1,0.09987117399749554,0,1
08025,4,6,0,1,0.2923669580562553,0,0
08033,1,5,0,1,0.14299422060099615,0,0
08045,1,8,1,1,0.13648862991366847,0,1
08047,1,4,0,1,0.09747827253705765,0,0
08049,1,10,0,1,0.15616658976478226,0,0
08073,2,9,0,1,0.25580578373090135,0,0
08075,3,9,0,1,0.22346671052439454,0,0
08087,2,10,1,1,0.24034334336240873,0,0
08115,4,5,0,1,0.23696440020704185,0,0
08119,1,7,0,1,0.11729552803185248,0,0
08121,2,12,1,1,0.23771031952748592,0,1
09005,1,40,1,1,0.0689250678317337,0,0
09015,1,31,1,1,0.10408758416571129,0,0
10003,1,28,0,1,0.10505568550537199,0,0
12009,2,28,0,1,0.12409388000686417,0,0
12037,4,8,0,1,0.17384549530943702,0,0
12041,4,5,1,1,0.15665451916746542,0,0
12055,3,9,1,1,0.1499266637095811,0,0
12057,2,56,0,1,0.09657928105485447,0,0
12059,4,4,1,1,0.17598563102775422,0,0
12079,4,5,1,1,0.2222390869410633,0,0
12095,3,46,0,1,0.09843610805186075,0,0
12107,4,17,1,1,0.157323636890365,0,0
12113,1,9,1,1,0.09391526223775519,0,0
12117,2,17,1,1,0.08379895920313744,0,0
12121,3,9,1,1,0.15989689812374203,0,1
13015,2,14,1,1,0.12129193926332693,0,1
13019,4,6,1,1,0.23242659852641764,0,0
13025,4,6,1,1,0.23103521491552875,0,0
13081,4,5,0,1,0.29091636557292194,0,0
13087,4,8,1,1,0.2286445112400616,0,0
13091,4,8,0,1,0.23672141045514844,0,0
13099,4,7,0,1,0.32088090033333644,0,0
13107,4,13,1,1,0.223343235500944,0,0
13111,3,8,1,1,0.12354628953190808,0,0
13117,1,10,0,1,0.054757063986534474,0,0
13123,3,5,0,1,0.1375329997430241,0,0
13125,4,5,0,1,0.2255899919023199,0,0
13149,3,6,1,1,0.157216158432637,0,0
13157,2,16,1,1,0.11365788921842247,0,0
13205,4,7,0,1,0.29607950483641193,0,0
13221,3,10,0,1,0.17526773423123707,0,0
13223,1,11,1,1,0.10815345014982353,0,0
13225,4,3,1,1,0.23002400525270136,0,0
13259,4,6,0,1,0.27080096208090837,0,0
13273,4,7,1,1,0.3078091918998834,0,1
13293,4,7,1,1,0.1780995263191146,0,0
13297,2,11,1,1,0.12708918840830094,0,1
13299,4,7,1,1,0.23692053112008254,0,1
16009,3,9,0,1,0.19116855177747774,0,0
16017,2,18,1,1,0.18275385278967102,0,0
16027,3,13,0,1,0.23131581886525135,0,0
16035,3,7,1,1,0.16910941326669454,0,1
16041,1,7,1,1,0.20873271078130695,0,0
16047,3,6,1,1,0.29312831594713856,0,0
16049,3,16,0,1,0.15292875765388972,0,0
16051,1,10,0,1,0.1691227951944122,0,0
16057,1,14,0,1,0.14800147552079443,0,0
16071,2,4,0,1,0.23122093850779335,0,0
16081,1,5,1,1,0.1466216431092275,0,1
17025,3,13,1,1,0.18066974882884013,0,0
17039,2,13,1,1,0.1852782031250169,0,0
17045,2,15,1,1,0.17530957126252755,0,0
17051,3,20,0,1,0.21332687632707975,0,0
17057,3,24,1,1,0.18692858390941092,0,1
17087,2,10,1,1,0.18691573994780655,0,0
17093,1,19,1,1,0.11859048607796366,0,0
17105,3,29,1,1,0.22505162719785007,0,0
17107,1,20,1,1,0.17078329923181726,0,0
17115,3,27,1,1,0.191382457674007,0,0
17117,2,28,1,1,0.15702165800290752,0,0
17123,2,19,1,1,0.1746994603042022,0,0
17125,3,11,1,1,0.2120155762077517,0,0
17133,1,9,1,1,0.09286395662214697,0,1
17153,4,10,0,1,0.26079731370660325,0,0
17161,2,20,1,1,0.15210859519895423,0,0
17193,3,11,1,1,0.20015874433558192,0,0
18005,2,14,1,1,0.14515109586386732,0,1
18013,1,9,1,1,0.14217609387419244,0,0
18017,3,12,1,1,0.22200746662804538,0,1
18033,1,14,0,1,0.15807724462302364,0,0
18049,2,16,0,1,0.1868480875498746,0,0
18055,2,16,1,1,0.18444676286442396,0,1
18059,1,15,1,1,0.15735712531398097,0,1
18071,3,8,1,1,0.1801921567736204,0,0
18077,2,11,0,1,0.16454485168733884,0,0
18095,3,18,1,1,0.24931819134374053,0,0
18103,3,13,0,1,0.22953450364592645,0,0
18105,1,18,1,1,0.1645659114857433,0,0
18117,3,11,1,1,0.19445840978233744,0,0
18123,2,14,1,1,0.13599009398837364,0,0
18135,3,14,0,1,0.2691010444174025,0,0
18143,3,6,1,1,0.1766354651669181,0,0
18147,1,16,1,1,0.198937278621404,0,0
18149,3,11,1,1,0.2413916142587608,0,0
18151,1,9,0,1,0.17076040523190866,0,0
18155,3,9,0,1,0.21093014565997803,0,0
18165,2,8,0,1,0.19080769893503413,0,0
18173,1,12,1,1,0.10983553851368671,0,1
18181,2,18,0,1,0.20537315951380994,0,0
19005,2,10,0,1,0.12829076045385157,0,0
19009,2,11,1,1,0.21156724359162504,0,1
19019,1,16,0,1,0.1365662407411472,0,0
19033,2,17,0,1,0.14752462466340055,0,0
19037,1,9,1,1,0.17555609930643465,0,0
19049,1,25,1,1,0.10322384975148856,0,0
19051,2,10,0,1,0.15213548673521649,0,0
19059,1,10,0,1,0.17000071906240424,0,0
19065,2,24,0,1,0.1893402429154503,0,0
19081,2,13,0,1,0.16989116690945177,0,0
19083,2,12,0,1,0.18421484639091976,0,0
19095,1,21,1,1,0.15389902179458131,0,0
19107,2,19,0,1,0.17653355627205214,0,0
19115,2,13,0,1,0.1829337003575319,0,0
19123,2,20,1,1,0.16468982418568964,0,0
19129,1,11,1,1,0.14911726514308848,0,0
19133,2,15,1,1,0.21376485202950812,0,1
19159,2,12,0,1,0.17746733560598188,0,0
19195,1,10,0,1,0.1633493662536928,0,0
20005,2,10,1,1,0.24948260111343784,0,0
20051,3,11,1,1,0.20171195107819945,0,0
20053,2,9,0,1,0.22478714737919556,0,0
20059,2,13,1,1,0.22506667756616647,0,0
20075,2,4,0,1,0.3330272093005601,0,0
20077,3,10,0,1,0.2740289451499287,0,0
20081,3,3,0,1,0.3351256273206543,0,0
20085,2,18,1,1,0.22746929508489974,0,0
20087,2,15,1,1,0.18774849127919824,0,0
20095,1,12,1,1,0.21082671219212673,0,1
20113,1,12,1,1,0.18475814818287142,0,0
20123,2,7,0,1,0.20839772786256633,0,0
20129,2,5,1,1,0.3181812849971799,0,1
20131,1,15,0,1,0.1795247917708881,0,0
20149,2,12,1,1,0.20414504947752354,0,0
20181,2,4,0,1,0.28707602380665237,0,0
20185,3,9,0,1,0.24019098111153134,0,0
20193,3,8,0,1,0.29411233832846484,0,0
20205,4,10,1,1,0.24589678913399837,0,1
21003,4,6,1,1,0.2564353816974899,0,0
21005,2,5,0,1,0.1315528678211612,0,0
21025,4,10,0,1,0.20471127816289952,0,0
21053,4,4,0,1,0.24692275440459266,0,0
21073,2,5,1,1,0.14456244138911303,0,1
21081,3,8,1,1,0.19347611894968267,0,0
21083,4,18,1,1,0.28753608648624673,0,0
21099,4,10,1,1,0.2471775651986747,0,0
21123,3,9,0,1,0.2393169258255138,0,0
21131,1,22,0,1,0.031477932506565706,0,0
21135,4,9,0,1,0.24518819000899073,0,0
21139,3,7,0,1,0.26864955274928515,0,0
21157,2,8,0,1,0.18250042299984617,0,0
21163,2,12,1,1,0.1854272473736494,0,0
21181,4,6,0,1,0.2844925342307958,0,0
21195,4,39,1,1,0.17865569142408097,0,0
21199,4,11,1,1,0.21156918150882698,0,0
21205,4,4,1,1,0.12276885061714396,0,0
21213,2,5,0,1,0.24176859022173336,0,0
21219,3,9,0,1,0.25590115296478294,0,0
21223,3,5,0,1,0.2172212616077629,0,0
21229,3,7,0,1,0.23532157626728714,0,0
21239,2,3,1,1,0.16568045675655788,0,0
22011,3,9,1,1,0.19054896863283072,0,1
22017,4,25,0,1,0.21672315012389973,0,1
22021,4,4,1,1,0.24937795427556256,0,1
22025,4,9,0,1,0.28732597528580783,0,0
22033,1,24,0,1,0.17957923911181714,0,0
22045,4,10,1,1,0.2533148886335337,0,0
22047,3,8,1,1,0.22365115815708927,0,1
22057,3,14,1,1,0.213893881893401,0,0
22065,4,4,1,1,0.30015691978970555,0,0
22071,4,17,0,1,0.21173742764530784,0,0
22085,4,12,0,1,0.23290753002338085,0,0
22089,1,10,1,1,0.1637778470860827,0,1
22093,3,7,1,1,0.21654564669621867,0,0
22105,1,20,1,1,0.17161856946681683,0,0
23001,2,14,1,1,0.10949204435405448,0,0
23007,1,18,1,1,0.0818621824390106,0,1
23009,2,40,1,1,0.09637897347865838,0,1
23029,4,31,0,1,0.1964165661982598,0,0
24003,1,40,0,1,0.0961561897445239,0,0
24011,3,10,1,1,0.24556627638298476,0,1
24017,1,24,1,1,0.10745362789665222,0,0
24025,1,24,0,1,0.1048765075423141,0,0
24031,1,50,0,1,0.05561907223024092,0,0
24039,1,11,1,1,0.31719071493680495,0,0
25005,2,36,1,1,0.0951524748477291,0,0
25015,1,28,1,1,0.09797979744443883,0,0
25021,1,41,0,1,0.059828860692425656,0,0
25023,1,34,1,1,0.07796039892011435,0,0
26031,3,15,0,1,0.14861871469642904,0,0
26033,3,17,0,1,0.1911183864296949,0,0
26035,4,8,0,1,0.2196769144857977,0,0
26037,2,17,0,1,0.15903451720994852,0,0
26043,2,11,0,1,0.11384493710091119,0,0
26047,2,11,0,1,0.11068954600688415,0,0
26057,3,20,0,1,0.19697355108551196,0,0
26067,2,21,1,1,0.17613829002478404,0,0
26069,3,12,0,1,0.14019489723608208,0,0
26077,2,25,1,1,0.1310436451898555,0,0
26085,4,11,0,1,0.20768910579004254,0,0
26089,1,11,0,1,0.11120627481552303,0,0
26105,3,10,0,1,0.16710384379797905,0,0
26113,3,9,0,1,0.183755377641308,0,0
26121,3,20,1,1,0.18016815272337805,0,0
26129,4,9,0,1,0.2044992159961279,0,0
26131,3,12,0,1,0.1624308695928781,0,0
26141,2,7,1,1,0.15670763129918241,0,0
26147,2,23,1,1,0.1555383458544772,0,0
27005,2,16,1,1,0.1917984030175798,0,1
27023,2,10,0,1,0.19604310281088902,0,0
27033,2,13,0,1,0.2037995113706837,0,0
27047,2,18,1,1,0.18647543482725482,0,1
27063,2,14,0,1,0.18906785181368144,0,0
27069,1,11,0,1,0.17643891253521515,0,0
27075,1,8,0,1,0.11659430437226172,0,0
27085,1,12,0,1,0.16720591239843763,0,0
27111,1,34,1,1,0.17403375412276437,0,0
27119,2,25,1,1,0.2138553068430644,0,1
27121,1,12,0,1,0.1604900443412173,0,0
27135,1,11,1,1,0.15713252849306938,0,0
27137,1,51,0,1,0.135206114306267,0,0
27139,1,10,1,1,0.07778290342242727,0,0
27141,1,9,1,1,0.11144854807362677,0,1
27159,3,7,0,1,0.19563103110032903,0,0
27163,1,19,1,1,0.07978777491745102,0,0
28001,4,2,1,1,0.1912897999594659,0,1
28009,3,11,0,1,0.19593283527624666,0,0
28013,4,11,1,1,0.15735528197674817,0,0
28015,4,13,1,1,0.20548266194957027,0,1
28059,3,10,0,1,0.12470761045496599,0,1
28075,1,12,1,1,0.1477506439403942,0,0
28095,4,12,1,1,0.15971676452910244,0,0
28107,4,11,1,1,0.19271210380926662,0,1
28111,4,8,0,1,0.14248476987377837,0,0
28147,4,6,1,1,0.21441267854984608,0,0
29011,4,8,1,1,0.2858037464357598,0,0
29047,1,23,0,1,0.1541918573996484,0,0
29051,1,9,1,1,0.13929660142855665,0,0
29053,2,14,0,1,0.18812884818059752,0,0
29061,3,16,0,1,0.24933359626214638,0,0
29067,4,16,1,1,0.2653709298443388,0,0
29097,3,19,0,1,0.2252510810205052,0,0
29105,4,12,1,1,0.18182422299869108,0,1
29117,3,12,1,1,0.24214662654431152,0,0
29129,2,7,0,1,0.21603118490228013,0,0
29145,3,15,1,1,0.19471110879166265,0,0
29151,1,15,0,1,0.1341919389852519,0,0
29155,4,13,0,1,0.3485021978277018,0,0
29161,4,11,1,1,0.1528344639335164,0,1
29163,1,12,1,1,0.16642959173291208,0,0
29165,1,18,1,1,0.11437507624988015,0,0
29173,3,9,0,1,0.2022832156970251,0,0
29186,2,8,1,1,0.17609606334948272,0,0
29187,3,15,1,1,0.1886571351757169,0,1
29197,3,6,1,1,0.2665006266271354,0,1
29201,4,14,1,1,0.2727979360837827,0,1
29211,3,13,1,1,0.2657425149685296,0,1
29215,4,21,1,1,0.29333242334670706,0,0
30003,4,18,1,1,0.37338756155074493,0,0
30007,2,6,0,1,0.1719073194531334,0,0
30015,2,13,1,1,0.22002068916851408,0,1
30025,1,4,0,1,0.20875114090453994,0,0
30027,3,11,0,1,0.18968344459037778,0,0
30035,4,5,1,1,0.39761476320826417,0,0
30045,2,12,0,1,0.125592213301888,0,0
30051,4,5,0,1,0.38667584893972523,0,0
30059,3,4,0,1,0.18317953209084922,0,0
30061,4,5,1,1,0.20328610648310008,0,1
30069,2,4,0,1,0.2203233395895635,0,0
30071,3,8,0,1,0.29617100405924734,0,0
30077,2,8,0,1,0.1917944731624704,0,0
30079,3,7,0,1,0.2513127830870725,0,0
30081,2,9,1,1,0.15636972653221973,0,1
30085,4,10,0,1,0.3858627944154157,0,0
30087,3,8,1,1,0.28745720801315133,0,1
31015,2,5,0,1,0.2013575205679943,0,0
31021,2,8,0,1,0.20782850330508898,0,0
31051,1,12,0,1,0.16165199967722196,0,0
31081,1,14,0,1,0.16452814078521197,0,0
31089,1,14,0,1,0.18660325093574587,0,0
31095,3,12,1,1,0.2213804486862766,0,1
31097,2,12,0,1,0.1867391786374694,0,0
31107,2,11,0,1,0.19135904929841957,0,0
31111,2,14,1,1,0.18388716538447641,0,0
31113,2,3,0,1,0.2055522005718155,0,0
31123,2,7,0,1,0.2435536107739302,0,0
31143,1,10,0,1,0.1511655643063991,0,0
31149,1,4,0,1,0.21100308365944392,0,0
31155,1,18,1,1,0.1495484523627909,0,0
31171,1,4,0,1,0.19117752780341243,0,0
31177,1,15,1,1,0.12405557295598776,0,0
31183,2,6,0,1,0.22021414732873665,0,0
32005,1,9,1,1,0.19549043316403636,0,0
32007,1,14,1,1,0.3052204225202258,0,1
32019,3,9,1,1,0.3582262944757952,0,0
32027,2,3,0,1,0.32749355372292477,0,0
33013,1,31,1,1,0.0675721982999878,0,0
33015,1,37,1,1,0.06319087585678745,0,0
34027,1,56,1,1,0.056054187370493544,0,0
34031,2,33,1,1,0.1145928881382278,0,0
34041,1,19,1,1,0.09466540361037643,0,0
35011,4,1,0,1,0.2986886427093586,0,0
35021,3,6,0,1,0.2903757927680853,0,0
35028,1,1,0,1,0.07681754646790426,0,0
35031,4,24,0,1,0.40360650956549055,0,1
35033,3,13,0,1,0.062093970518544976,0,0
35047,4,19,0,1,0.3375007197389347,0,0
35053,4,14,1,1,0.33199043157889263,0,0
35059,3,8,0,1,0.29998143213589745,0,0
36001,2,46,1,1,0.10253075157379116,0,0
36017,3,26,0,1,0.11742796304550757,0,0
36023,3,17,1,1,0.13639793927649024,0,0
36037,2,18,1,1,0.14072276950838364,0,1
36043,3,28,1,1,0.10584176998714742,0,1
36049,3,23,0,1,0.12950929513303036,0,0
36059,1,69,0,1,0.08036375401088638,0,0
36067,2,55,0,1,0.12731744326600733,0,0
36071,1,51,1,1,0.08087754014960837,0,0
36077,3,43,1,1,0.08580115935648291,0,0
36087,2,25,0,1,0.06601082223753293,0,0
36091,1,27,1,1,0.06758357333741019,0,0
36099,2,14,1,1,0.16632988108593133,0,1
36117,2,20,1,1,0.12167402306895911,0,0
37011,3,10,0,1,0.1252089996829287,0,0
37019,2,14,1,1,0.10015684909612074,0,0
37039,3,4,1,1,0.14995757072604385,0,0
37047,4,16,1,1,0.21543912118569059,0,0
37049,2,11,1,1,0.12811159830145144,0,0
37077,3,12,1,1,0.12406740102419406,0,0
37093,3,9,1,1,0.15908883059160325,0,1
37099,4,11,0,1,0.11871772119482837,0,0
37101,2,21,1,1,0.12734766035608863,0,0
37111,3,9,1,1,0.1095958351612635,0,0
37121,3,4,0,1,0.11830791856964361,0,0
37125,2,18,1,1,0.09957725973871939,0,0
37147,4,17,1,1,0.16154805464447392,0,0
37155,4,13,0,1,0.23349835565764665,0,0
37163,4,17,1,1,0.2201351167308651,0,1
37167,2,12,0,1,0.12740267142776018,0,0
37173,4,5,0,1,0.1859538709522893,0,0
37177,4,3,0,1,0.2588522363070051,0,0
37189,4,10,1,1,0.11305884111445057,0,1
37191,1,14,1,1,0.17719641214734738,0,0
38017,1,29,0,1,0.10733620690045305,0,0
38019,1,16,0,1,0.19815135573047632,0,0
38025,1,12,0,1,0.16575340154557125,0,0
38045,2,12,0,1,0.2163540383452043,0,0
38053,1,12,0,1,0.18001671390644677,0,0
38055,1,18,0,1,0.2556542791296648,0,0
38093,1,21,0,1,0.19300845525952534,0,0
38101,1,24,1,1,0.14860108704170755,0,0
38103,1,12,0,1,0.20944426288480542,0,0
38105,1,10,0,1,0.132172376100491,0,0
39017,2,17,1,1,0.1787554966493158,0,0
39027,3,13,0,1,0.24984682042512932,0,0
39039,1,14,0,1,0.21340580898276468,0,0
39041,1,24,1,1,0.09509828696537571,0,0
39071,4,15,1,1,0.2535627420099841,0,1
39077,2,14,1,1,0.21998788021018192,0,1
39079,4,11,1,1,0.19899693283545125,0,0
39083,2,16,0,1,0.19984466058707143,0,0
39089,2,28,1,1,0.15906953192706397,0,0
39101,3,14,1,1,0.2457090135071099,0,0
39105,4,15,0,1,0.20361900304659208,0,0
39109,1,18,0,1,0.19176782677002346,0,0
39125,1,15,1,1,0.23779241104773555,0,0
39133,1,24,1,1,0.14512707846313425,0,0
39147,2,20,1,1,0.23195917813351352,0,0
39161,2,14,0,1,0.26288922634276424,0,0
39169,2,25,1,1,0.17079101144271375,0,0
39173,2,32,1,1,0.21150465124127038,0,0
40007,3,7,0,1,0.3625919572581856,0,0
40013,4,14,1,1,0.32404915978676957,0,1
40015,4,16,1,1,0.39278163099250896,0,0
40017,1,13,1,1,0.21393394119518525,0,0
40023,4,12,1,1,0.36445534712644423,0,0
40031,3,19,0,1,0.3368694399085039,0,1
40035,4,10,1,1,0.39281572319831076,0,0
40045,3,7,1,1,0.2974232700768793,0,1
40047,1,22,1,1,0.2590396073601903,0,1
40063,4,10,1,1,0.33756939434280264,0,0
40113,3,22,1,1,0.29534446334322606,0,1
40119,1,14,1,1,0.28477956683426475,0,0
40133,4,10,1,1,0.32529633800999846,0,0
40141,4,8,1,1,0.41706970590685094,0,1
40147,1,12,1,1,0.24307898548635448,0,1
41011,3,10,1,1,0.2013944196081845,0,0
41013,2,6,1,1,0.24316314516783832,0,0
41023,3,11,1,1,0.2815090210803004,0,1
41025,2,10,0,1,0.3029777205353811,0,0
41041,3,18,1,1,0.19025033086107046,0,1
41067,1,30,1,1,0.11086805927554204,0,0
42013,3,19,1,1,0.12746665255738177,0,0
42025,2,20,1,1,0.12863933589238302,0,0
42041,1,21,1,1,0.09923456823359819,0,0
42047,2,14,1,1,0.1004021297820346,0,1
42059,2,26,1,1,0.12688445581421387,0,0
42063,3,49,0,1,0.16234052007494476,0,0
42069,2,28,1,1,0.10676458171476477,0,0
42073,2,22,1,1,0.1370726709148142,0,1
42093,2,9,0,1,0.14541137130906176,0,0
42095,1,26,1,1,0.12427042710930028,0,0
42113,3,13,0,1,0.15531463568490755,0,0
42117,3,25,0,1,0.1564496383777789,0,0
42123,2,19,1,1,0.12858540129889062,0,0
42125,1,64,1,1,0.1001959589214868,0,0
42127,2,30,1,1,0.11257519770948728,0,1
42133,1,45,0,1,0.14878936872847232,0,0
45003,3,23,0,1,0.19387893671079273,0,0
45019,1,30,0,1,0.15088559648119482,0,0
45025,4,11,1,1,0.21174943197936413,0,0
45029,4,14,1,1,0.2418211968576942,0,1
45053,4,9,0,1,0.2516866605336636,0,0
45063,2,18,0,1,0.17637674444393178,0,0
46005,3,11,0,1,0.16182732397896218,0,0
46007,4,7,0,1,0.35282753587036886,0,0
46019,3,8,0,1,0.22413967995833048,0,0
46021,1,7,0,1,0.18945398549956388,0,0
46029,2,10,1,1,0.13945851323244857,0,0
46037,2,11,1,1,0.22730800642295515,0,1
46041,3,9,0,1,0.2757128223437309,0,0
46047,3,7,0,1,0.22219745674131944,0,0
46055,3,5,0,1,0.2167795398422283,0,0
46063,1,10,0,1,0.18930500094403613,0,0
46073,1,4,0,1,0.17927251974484132,0,0
46083,1,12,1,1,0.09986999211828351,0,1
46089,2,8,0,1,0.19459169713565858,0,0
46097,1,9,0,1,0.18320164350216578,0,0
46105,2,9,0,1,0.2308024939540554,0,0
46111,1,8,0,1,0.17169366106133666,0,0
46119,1,6,0,1,0.15787133994047609,0,0
46129,1,7,1,1,0.19550528802350547,0,1
47001,3,11,1,1,0.15783599454634326,0,1
47005,4,7,1,1,0.2437965524309094,0,0
47011,3,8,1,1,0.17725491864015966,0,0
47013,4,11,1,1,0.21047469822457948,0,0
47015,2,9,0,1,0.2077588911611979,0,0
47017,4,14,1,1,0.24269855736379434,0,0
47027,4,7,1,1,0.27112024304781757,0,1
47037,2,35,0,1,0.15246398328023117,0,0
47067,4,5,1,1,0.24476267491211073,0,1
47071,4,13,1,1,0.2201946786632656,0,0
47079,4,9,1,1,0.2809125163918565,0,1
47089,3,10,1,1,0.19481379313918565,0,1
47097,4,4,1,1,0.30484246091167844,0,0
47117,3,12,1,1,0.17510417392248126,0,1
47133,3,11,0,1,0.21573752464476348,0,0
47137,4,6,0,1,0.22020300914978813,0,0
47153,2,8,0,1,0.12747371650925574,0,0
47157,1,38,0,1,0.17710374632993284,0,1
47167,2,10,1,1,0.24478704188729966,0,0
47169,2,5,0,1,0.18179587496967692,0,0
47185,4,5,1,1,0.21162583181544295,0,0
47187,1,16,1,1,0.0767838810508197,0,0
48009,2,10,1,1,0.24725198465768566,0,1
48021,2,15,1,1,0.25412715089131654,0,0
48033,3,9,0,1,0.3101457234611927,0,0
48035,3,11,1,1,0.24660740764840047,0,0
48045,4,4,0,1,0.39869052572495084,0,0
48047,4,2,1,1,0.440015534481902,0,1
48059,2,9,0,1,0.24207549897322933,0,0
48081,3,4,1,1,0.27004691767650346,0,1
48095,3,6,0,1,0.14018405589028926,0,0
48103,2,2,0,1,0.30790448134706644,0,0
48113,3,93,0,1,0.18886262646813523,0,1
48117,4,6,1,1,0.37632591054524134,0,0
48121,1,37,0,1,0.1340987491100075,0,0
48137,4,4,0,1,0.35171036075845863,0,0
48141,1,30,0,1,0.2596957738975472,0,1
48147,2,19,1,1,0.2750728717581478,0,1
48153,3,6,0,1,0.35565102510041363,0,0
48163,4,5,0,1,0.3899892978811486,0,0
48165,3,5,0,1,0.29976876291141197,0,0
48167,2,18,0,1,0.17691628563822398,0,0
48169,4,4,1,1,0.38387940045940355,0,1
48187,2,14,0,1,0.21407542768543109,0,0
48201,3,141,0,1,0.17954876519589683,0,0
48203,3,12,1,1,0.18855960821561008,0,0
48213,3,15,0,1,0.22926028565971035,0,1
48217,2,19,1,1,0.27192433058360466,0,1
48243,2,2,0,1,0.25975959396483445,0,0
48247,4,1,1,1,0.422718351605583,0,1
48251,2,16,1,1,0.19518827317607432,0,0
48271,4,1,0,1,0.3613309752805903,0,0
48275,4,6,1,1,0.3295939832578998,0,1
48285,2,7,1,1,0.2671433511526981,0,0
48311,3,7,0,1,0.2874324268538889,0,0
48315,4,7,1,1,0.21833619472645133,0,1
48321,1,12,1,1,0.2848498173769713,0,0
48329,1,9,1,1,0.1794140895166251,0,0
48349,4,17,1,1,0.27292631570748066,0,1
48359,1,6,0,1,0.2802989122562652,0,0
48363,4,12,1,1,0.2551865270504385,0,0
48367,1,18,1,1,0.18717598957108675,0,0
48369,3,5,0,1,0.33947473382803994,0,0
48379,2,6,0,1,0.22767189475801627,0,0
48393,4,5,0,1,0.32054292182478505,0,0
48397,1,9,1,1,0.12772007693220339,0,1
48399,3,11,1,1,0.3098816057519179,0,1
48409,3,9,1,1,0.29649827425685626,0,0
48419,4,7,1,1,0.23060351718610575,0,0
48473,2,11,1,1,0.2437254600352509,0,1
48475,3,6,1,1,0.29296488611942295,0,1
48499,3,12,1,1,0.18462151154816153,0,0
48503,2,6,1,1,0.2816174083479135,0,0
49003,2,20,1,1,0.2335693586758944,0,1
49011,1,13,1,1,0.15334759949728813,0,0
49017,3,11,0,1,0.21350786649849351,0,0
49025,2,7,0,1,0.23623351269506357,0,0
49029,1,2,0,1,0.13768276733346618,0,0
49045,1,8,0,1,0.2502987733891636,0,0
49051,1,6,0,1,0.13516786475639894,0,0
50003,2,21,0,1,0.0960609999452909,0,0
50027,1,34,0,1,0.08202666250412857,0,0
51031,3,14,1,1,0.1484191248963168,0,1
51043,1,7,0,1,0.12221554646098882,0,0
51073,1,6,1,1,0.12983720396018905,0,1
51077,4,9,0,1,0.18572134211668548,0,0
51111,4,12,1,1,0.21488507807589716,0,0
51125,2,17,0,1,0.1486130707513777,0,0
51141,3,14,1,1,0.16561651298004101,0,0
51143,4,20,1,1,0.209504544842223,0,0
51147,1,12,1,1,0.5913732442427594,1,0
51149,3,7,1,1,0.17397210867684196,0,1
51163,3,12,0,1,0.14957144251763366,0,0
51187,1,7,1,1,0.10838282231712124,0,1
51510,1,8,1,1,0.06940974775734705,0,0
51540,3,4,0,1,0.09467186646007437,0,0
51550,1,6,1,1,0.10250665043131395,0,0
51620,3,1,0,1,0.19475029635253363,0,0
51640,4,1,0,1,0.1921273295975714,0,0
51685,1,1,0,1,0.08484417277130014,0,0
51720,4,1,0,1,0.16063777681576297,0,0
53001,4,11,0,1,0.33715024827158563,0,0
53007,2,14,1,1,0.16042974585753586,0,0
53009,2,9,0,1,0.13089740366570704,0,0
53035,1,20,1,1,0.11206153407865406,0,0
53047,4,22,1,1,0.26581842952813106,0,1
53049,3,13,0,1,0.20122507678468948,0,0
53053,1,59,0,1,0.17708927124724397,0,0
53057,1,17,1,1,0.1318963567555106,0,0
53071,2,8,1,1,0.23367473517168696,0,0
53077,4,22,1,1,0.2870415873735385,0,0
54015,4,16,0,1,0.27176139759806456,0,0
54021,4,16,0,1,0.20110640495706045,0,0
54029,3,5,1,1,0.21949802523975398,0,1
54051,3,10,0,1,0.19224150964496817,0,0
54065,3,4,1,1,0.22010982928805886,0,0
54073,3,5,0,1,0.21716460355572162,0,0
54093,2,10,0,1,0.19717138722641162,0,0
54095,3,11,0,1,0.23266990398767598,0,0
54105,4,8,0,1,0.2606450058144042,0,0
55007,2,15,1,1,0.12184880638476438,0,0
55017,2,14,1,1,0.11632687272871448,0,0
55023,2,13,1,1,0.12360785958317375,0,0
55025,1,45,0,1,0.09920930851571665,0,0
55031,2,12,1,1,0.10097249325334688,0,1
55039,1,24,1,1,0.15129746198579871,0,0
55047,2,12,0,1,0.16570786973040966,0,0
55081,2,12,1,1,0.10666912248795013,0,0
55089,1,13,1,1,0.09066494513431385,0,1
55093,1,13,0,1,0.11181588395981668,0,0
55103,3,14,1,1,0.1442835311505193,0,0
55105,2,19,1,1,0.13591888187794973,0,0
55107,3,14,0,1,0.12514537891459507,0,0
55117,1,17,1,1,0.09490217974968569,0,0
55131,1,18,1,1,0.09982273732009433,0,0
55133,1,30,1,1,0.09262710422229269,0,0
56005,1,8,0,1,0.23008181642514997,0,0
56007,2,12,1,1,0.22626292466589173,0,0
56015,2,9,0,1,0.21254616148270317,0,0
56039,1,9,0,1,0.10231671417855588,0,0
56043,2,2,0,1,0.21818830959993477,0,0
01015,3,14,1,2,0.18737084581151323,0,0
01043,3,19,1,2,0.2124240610952623,0,0
01055,3,14,1,2,0.21598229976171157,0,0
01059,4,10,1,2,0.21840031106661276,0,0
01069,4,14,1,2,0.24206988218534695,0,0
01079,3,10,1,2,0.24000578811198905,0,1
01091,4,15,1,2,0.2631141486100343,0,0
01095,4,18,1,2,0.22663010309120304,0,0
01107,4,8,1,2,0.22781115285606482,0,0
01113,3,12,1,2,0.2162406264127221,0,0
01127,3,18,1,2,0.23163628100354516,0,0
01131,4,13,1,2,0.24746281885965807,0,0
04015,1,25,0,2,0.2229344090028879,0,1
04021,2,34,0,2,0.247784789396341,0,1
05005,3,12,1,2,0.16098889509249587,0,0
05017,4,6,0,2,0.3222503434233477,0,0
05037,4,8,1,2,0.333503356345013,0,0
05045,1,15,1,2,0.22294090143686138,0,0
05049,1,14,1,2,0.21867879537952287,0,0
05057,4,10,1,2,0.2918209623525723,0,0
05059,4,12,1,2,0.2068578357419442,0,1
05095,4,9,1,2,0.3407332339239385,0,1
05115,4,13,1,2,0.22243004440910266,0,1
05117,3,11,1,2,0.27160783206481665,0,1
05121,4,11,1,2,0.27201388350454847,0,0
05141,4,12,1,2,0.22596426555596671,0,0
05147,4,9,1,2,0.3217633533237073,0,1
06007,4,18,1,2,0.2245498478695067,0,0
06011,3,9,1,2,0.2877924810346527,0,0
06013,1,49,0,2,0.12992546155893514,0,0
06029,1,52,0,2,0.3198969858411183,0,1
06067,2,57,0,2,0.21432475222422506,0,0
06081,1,30,0,2,0.09602191067216698,0,0
06083,2,24,1,2,0.17773514334249482,0,0
06089,3,30,0,2,0.2157013845052233,0,1
06093,3,23,1,2,0.22856864082641798,0,1
06099,3,28,0,2,0.26830493993833,0,0
06107,4,41,0,2,0.3588499051071324,0,0
06113,3,19,1,2,0.20596402863212654,0,0
08001,2,35,1,2,0.17401423299590607,0,0
08003,4,5,0,2,0.19801340965028003,0,0
08009,4,8,1,2,0.19762992215686379,0,1
08021,4,8,0,2,0.002058266506931234,0,0
08023,4,7,0,2,0.20300936846622433,0,0
08027,2,4,0,2,0.12097819918606355,0,0
08029,4,8,0,2,0.14501509201792437,0,0
08031,2,36,0,2,0.1622889824359769,0,0
08035,1,18,1,2,0.09069572232997318,0,0
08037,1,13,1,2,0.11823614180064404,0,0
08039,1,14,0,2,0.12600680021990318,0,0
08055,2,4,1,2,0.19874697665436794,0,1
08077,2,19,1,2,0.1734015881403191,0,0
08079,1,3,0,2,0.10741484986936808,0,0
08083,3,7,0,2,0.17279409037834453,0,0
08085,3,12,0,2,0.13898758681886697,0,0
08099,3,6,1,2,0.17920988306856442,0,0
08105,4,4,0,2,0.1445125790186336,0,0
08125,3,13,0,2,0.1690241162208992,0,0
09009,1,41,1,2,0.10575175010186087,0,0
10005,2,24,1,2,0.14035621067392032,0,0
12001,3,23,1,2,0.12993578354832705,0,0
12011,2,53,0,2,0.13405413179196637,0,0
12017,3,15,1,2,0.10812418081080832,0,0
12019,2,12,1,2,0.125611504291467,0,0
12029,4,6,0,2,0.18515300519024994,0,0
12035,2,7,1,2,0.12207758366051377,0,0
12045,2,2,0,2,0.1270543087823156,0,0
12069,2,28,0,2,0.1414130756197197,0,0
12073,3,10,1,2,0.1288016448657435,0,0
12083,3,31,1,2,0.14035832567731932,0,0
12086,3,79,0,2,0.2067589342228115,0,0
12087,2,11,1,2,0.15208531018346982,0,0
12091,2,14,1,2,0.0974042994379652,0,0
12127,3,29,0,2,0.14121418834009003,0,0
12131,2,12,1,2,0.11765828846738571,0,0
13001,4,7,1,2,0.2719004228509355,0,0
13023,4,6,1,2,0.24146609568884447,0,0
13033,4,9,1,2,0.2871760534271309,0,0
13035,4,5,1,2,0.25545484590568274,0,0
13051,3,14,0,2,0.17625313010534302,0,0
13057,1,15,1,2,0.08632830734742185,0,0
13061,4,6,0,2,0.3253988770331034,0,0
13065,4,7,0,2,0.2909858366351036,0,0
13075,4,5,1,2,0.24607812245272112,0,0
13077,1,10,1,2,0.1397347113912273,0,0
13083,3,5,1,2,0.1568491329145451,0,0
13093,4,8,1,2,0.27947973624070455,0,0
13097,2,8,1,2,0.16992322246744423,0,0
13129,4,8,1,2,0.18160321479917105,0,1
13131,4,6,0,2,0.2621270349474885,0,0
13167,4,5,1,2,0.28503153092519184,0,1
13171,3,9,0,2,0.24995855558865732,0,0
13195,3,11,1,2,0.1747488687019494,0,0
13197,4,4,1,2,0.2569221473356416,0,1
13199,4,10,0,2,0.2382545626680685,0,0
13201,4,5,0,2,0.30788564616700437,0,0
13207,2,9,0,2,0.1783168452497635,0,0
13213,3,6,0,2,0.16008617625843116,0,0
13217,3,11,1,2,0.24131788418666114,0,0
13229,4,7,0,2,0.2477367689464369,0,0
13235,4,5,1,2,0.2638307225525489,0,0
13239,4,2,0,2,0.249801401616148,0,0
13241,4,9,0,2,0.16826113002526782,0,0
13245,1,11,0,2,0.2639374764293339,0,0
13249,3,7,0,2,0.2009746243105207,0,0
13269,1,6,0,2,0.15269220782158938,0,0
13271,4,7,0,2,0.30304936110303293,0,0
13275,3,9,1,2,0.21583413972380797,0,1
13277,4,9,1,2,0.27393715852679673,0,1
13281,3,3,1,2,0.1286922046125769,0,1
13285,4,7,1,2,0.2252333809809536,0,0
13287,4,4,1,2,0.28664370973828907,0,1
13289,4,6,0,2,0.28571042127023843,0,0
16007,3,10,0,2,0.052941024702911954,0,0
16029,2,7,0,2,0.1692005532922506,0,0
16031,3,9,1,2,0.2449875722612945,0,0
16045,2,7,1,2,0.1769860186829012,0,0
16053,4,5,0,2,0.2776587123506441,0,0
16069,2,10,1,2,0.17230494660112505,0,0
16073,3,12,1,2,0.26069896275054505,0,0
16079,4,15,1,2,0.1719466468596247,0,0
16085,1,4,0,2,0.14092512900055382,0,0
17003,1,8,1,2,0.16609166475257464,0,1
17007,1,15,1,2,0.16007501371432123,0,0
17013,2,7,1,2,0.13328676993535502,0,1
17015,1,11,0,2,0.15583031720791102,0,0
17023,2,11,0,2,0.1415622287233199,0,0
17031,2,176,0,2,0.14829563581205138,0,0
17033,2,10,1,2,0.15508231167094302,0,0
17035,3,12,0,2,0.17312802373419042,0,0
17037,2,22,0,2,0.19832632320091795,0,0
17043,1,43,1,2,0.09255938989789826,0,0
17055,4,19,1,2,0.20990426541691612,0,1
17073,1,23,1,2,0.16565998244314678,0,1
17077,4,22,0,2,0.1824140721600787,0,0
17089,1,33,0,2,0.14982992139222617,0,0
17091,2,21,1,2,0.2051660186526835,0,0
17097,1,35,1,2,0.12458633204076058,0,0
17113,2,33,1,2,0.161910192079066,0,0
17141,2,27,1,2,0.16153471892381602,0,1
17149,3,16,1,2,0.16632630902933648,0,0
17165,4,11,1,2,0.20674814569389713,0,0
17167,2,29,1,2,0.13256720253644783,0,0
17191,3,20,0,2,0.1844507067962427,0,0
18007,3,10,0,2,0.25634622858959544,0,0
18011,1,12,1,2,0.12500671929732335,0,1
18037,1,13,1,2,0.15482754779070448,0,1
18039,2,17,1,2,0.21503021240897696,0,0
18053,3,15,1,2,0.26491281705574987,0,0
18083,3,11,1,2,0.22803163080894473,0,1
18093,2,12,1,2,0.20141390333297193,0,1
18097,3,40,0,2,0.2152718380168161,0,0
18099,3,13,0,2,0.23156899203143017,0,0
18107,2,16,1,2,0.17264977907971563,0,0
18111,2,12,0,2,0.20374449526103844,0,0
18113,1,17,0,2,0.19284560035601464,0,0
18119,3,14,0,2,0.2088906134022001,0,0
18125,2,11,0,2,0.18538510202665384,0,0
18127,1,15,1,2,0.1790670906090109,0,0
18129,1,7,1,2,0.172233078542144,0,0
18131,3,13,0,2,0.24297857056686498,0,0
18133,1,15,1,2,0.1813854631778066,0,1
18137,2,12,0,2,0.17677857179666026,0,0
18157,3,18,1,2,0.17407216069150638,0,0
18171,2,11,0,2,0.19324004679402398,0,0
18175,2,12,1,2,0.1669866966856285,0,0
19007,3,11,1,2,0.16499026342220485,0,0
19031,1,18,1,2,0.14501030700178924,0,0
19075,1,16,0,2,0.15333785030546204,0,0
19087,2,11,1,2,0.14886093724895438,0,0
19091,2,17,0,2,0.1497372095232476,0,0
19093,1,12,0,2,0.14764377426700542,0,0
19101,1,16,0,2,0.12118772599981158,0,0
19105,2,16,1,2,0.16157953868380578,0,0
19121,1,14,1,2,0.11279591050233397,0,0
19125,1,19,0,2,0.11925540871721596,0,0
19135,2,7,0,2,0.12849236018662344,0,0
19141,2,14,0,2,0.14824208776255948,0,0
19149,1,14,1,2,0.15769231826852764,0,0
19151,2,16,1,2,0.17685819625416369,0,1
19163,2,22,1,2,0.1476588745652467,0,0
20001,3,11,1,2,0.2643702535578068,0,0
20003,3,10,0,2,0.27739577854106295,0,0
20023,3,5,0,2,0.21938289507359893,0,0
20039,2,8,1,2,0.18524310955559026,0,1
20047,3,7,1,2,0.214330040627866,0,1
20055,3,7,1,2,0.24917894784650488,0,1
20061,3,8,1,2,0.2618126764741518,0,1
20093,3,4,0,2,0.31153163810707646,0,0
20097,2,7,1,2,0.2064683842573412,0,1
20099,4,13,1,2,0.29002773320848574,0,0
20127,2,9,1,2,0.26048217287862685,0,1
20135,3,9,1,2,0.16920796387038542,0,1
20139,2,15,1,2,0.26316449598478125,0,0
20143,2,11,0,2,0.18533187841126733,0,0
20147,2,9,1,2,0.14595851679562288,0,1
20167,2,11,1,2,0.1786369257675883,0,1
20179,1,11,1,2,0.16476824671526208,0,1
20187,3,3,0,2,0.2701931567623638,0,0
20191,2,18,0,2,0.20094102553191157,0,0
20199,2,4,0,2,0.18791029066575907,0,0
20209,4,11,0,2,0.2994101851110732,0,0
21001,4,10,1,2,0.22037124667054878,0,0
21007,1,6,0,2,0.13887999723891065,0,0
21009,4,11,1,2,0.2607903266791986,0,0
21021,3,5,1,2,0.18807856428209874,0,0
21031,4,10,0,2,0.21027515273348976,0,0
21037,2,10,1,2,0.13506514312973225,0,0
21057,4,3,1,2,0.2673368177262455,0,1
21085,4,9,1,2,0.24190758987870875,0,0
21087,4,8,0,2,0.23049949678114737,0,0
21089,3,11,0,2,0.19212898682593899,0,0
21097,3,6,1,2,0.21288866243894825,0,0
21101,3,8,1,2,0.22982688770325427,0,0
21103,3,13,1,2,0.21049086932239738,0,0
21141,4,7,1,2,0.25827974251988434,0,0
21149,2,7,1,2,0.23469416342822377,0,1
21155,1,11,0,2,0.22096453562638727,0,0
21171,4,6,1,2,0.15642625506586247,0,0
21177,3,17,0,2,0.22359804059989827,0,0
21179,1,9,1,2,0.13180341294625886,0,1
21185,1,11,1,2,0.09730057166112431,0,0
21187,3,9,0,2,0.21037993427351825,0,0
21191,3,10,1,2,0.17439542028102842,0,0
21193,1,21,0,2,0.1524311923069663,0,0
21197,4,4,1,2,0.15801143321985023,0,0
21211,2,14,1,2,0.16272681907493905,0,1
22009,4,15,1,2,0.24732574167289972,0,1
22013,4,13,1,2,0.28522858178201393,0,0
22015,3,15,0,2,0.22377594492675526,0,1
22027,4,11,1,2,0.30709148458350227,0,0
22049,4,7,1,2,0.24628514130564907,0,0
22061,1,8,0,2,0.23751804917872177,0,1
22067,4,7,0,2,0.3159205669443604,0,0
22075,2,9,0,2,0.2454569281346294,0,0
22079,4,27,1,2,0.23499063273078297,0,0
22081,3,5,0,2,0.22643448566383922,0,0
22103,2,17,1,2,0.13863586014450124,0,0
22111,3,10,1,2,0.24154833380624532,0,0
22125,2,4,0,2,0.11169438160887726,0,0
23013,1,19,1,2,0.07860749380873959,0,1
23015,2,25,0,2,0.07454056238078668,0,0
23017,1,33,1,2,0.11867688294487135,0,0
23025,4,24,1,2,0.1345619812255948,0,0
24027,1,24,1,2,0.07024623455924232,0,0
24029,2,9,1,2,0.1919291260961813,0,0
24033,1,39,0,2,0.1322054029291345,0,0
24035,1,16,1,2,0.14211365254367564,0,0
25001,1,47,1,2,0.10066527598945511,0,0
25013,2,41,1,2,0.15998617466650372,0,0
25017,1,83,0,2,0.06755038060746459,0,0
25025,3,36,1,2,0.13277936399675977,0,0
26001,3,13,0,2,0.1392652396300765,0,0
26005,2,24,1,2,0.1799107143597736,0,0
26007,3,8,0,2,0.14547094662493684,0,0
26011,3,10,1,2,0.20061015725275141,0,0
26013,3,7,1,2,0.15306902237853098,0,1
26023,3,13,1,2,0.2503081640966753,0,0
26025,3,22,1,2,0.20748298890634673,0,0
26027,2,14,1,2,0.19802231176930116,0,1
26065,1,22,1,2,0.18264113816632702,0,0
26073,4,15,1,2,0.18764657313494185,0,0
26107,3,16,0,2,0.1616849185493912,0,0
26139,1,22,1,2,0.1288359036020448,0,0
26153,3,7,0,2,0.20292774598567276,0,0
26163,3,68,0,2,0.21441313277801732,0,0
26165,3,13,0,2,0.15458760988151635,0,0
27009,1,9,1,2,0.11398462686510565,0,1
27021,2,24,0,2,0.14839098819631633,0,0
27035,2,18,0,2,0.10533039539906272,0,0
27037,1,22,1,2,0.08673416079343382,0,0
27041,1,17,1,2,0.11588950263198129,0,1
27053,1,72,0,2,0.10384529685166326,0,0
27057,2,10,1,2,0.13910227816590315,0,0
27089,1,15,0,2,0.1618500380531579,0,0
27095,2,12,1,2,0.1269960880558935,0,0
27097,2,20,1,2,0.12763024731144065,0,1
27143,1,16,0,2,0.14992690286785862,0,0
27147,1,11,0,2,0.16045846117615553,0,0
27149,2,8,0,2,0.13314401152508878,0,0
27151,3,11,1,2,0.15971316614125464,0,1
27157,1,13,0,2,0.11459002361206357,0,0
27165,2,10,0,2,0.20450396187581432,0,0
27171,1,19,1,2,0.10061918219346261,0,0
27173,2,14,0,2,0.16489338959195868,0,0
28017,4,8,0,2,0.22869816132308704,0,0
28027,4,11,1,2,0.3658129551080621,0,0
28031,4,8,1,2,0.197685555781056,0,0
28037,4,8,1,2,0.18147209350532822,0,1
28051,4,9,1,2,0.287287473839168,0,0
28057,3,10,1,2,0.16677871716114276,0,0
28065,4,9,1,2,0.2175022492848794,0,0
28067,4,13,0,2,0.1759455972123671,0,1
28081,3,15,1,2,0.14693177971511112,0,0
28085,4,12,1,2,0.18810294952206977,0,1
28087,3,8,1,2,0.17651260794521928,0,0
28099,4,8,1,2,0.21526094860267583,0,0
28109,3,5,1,2,0.15558034476202676,0,1
28119,4,10,1,2,0.3432956516840082,0,1
28123,4,10,1,2,0.21093411277658994,0,0
28133,4,16,1,2,0.3672642300896789,0,1
28137,3,5,1,2,0.24663905538231662,0,0
28139,4,9,0,2,0.1907916012375545,0,0
28149,4,3,0,2,0.18561400902699318,0,0
28153,4,7,1,2,0.1814583307076801,0,0
28161,4,7,1,2,0.2020631723825256,0,0
29001,4,9,1,2,0.16085112621843817,0,0
29003,2,17,0,2,0.21003060605276497,0,0
29013,3,13,1,2,0.23560599342300623,0,0
29015,3,13,1,2,0.19785899345313795,0,0
29027,2,19,0,2,0.14682945411291826,0,0
29029,3,18,1,2,0.1552970991532132,0,1
29045,3,11,0,2,0.21832904974390865,0,0
29059,4,13,1,2,0.23152783080181535,0,0
29063,2,10,1,2,0.24759179362134787,0,0
29071,1,23,1,2,0.18576343750394017,0,0
29079,3,7,1,2,0.25146491290571904,0,1
29087,3,6,0,2,0.23839462930800245,0,0
29103,4,12,1,2,0.26093040957109886,0,1
29113,2,17,1,2,0.21068538433371833,0,0
29119,1,14,1,2,0.18953644715507587,0,0
29121,2,15,1,2,0.19093673869679462,0,0
29125,3,10,0,2,0.17623260399355137,0,0
29127,3,10,1,2,0.21605468330692693,0,0
29153,4,18,1,2,0.2839611331530198,0,1
29157,2,8,0,2,0.1932667422699983,0,0
29169,2,11,1,2,0.15346603269923306,0,0
29179,3,11,0,2,0.22331973462278085,0,0
29189,1,46,0,2,0.1482082002339241,0,0
29203,4,9,0,2,0.2603857770107343,0,0
29217,4,13,1,2,0.24602220409034098,0,0
29219,3,9,1,2,0.17986752944304438,0,1
30011,2,8,0,2,0.18094669199295518,0,0
30013,3,18,1,2,0.18917606580337307,0,1
30021,1,8,1,2,0.16285710540909232,0,1
30029,2,16,1,2,0.11263571022655366,0,0
30073,3,6,1,2,0.22285216480425799,0,1
30083,1,9,0,2,0.16749181862128668,0,0
30093,3,7,0,2,0.12544280208920766,0,0
30097,1,6,0,2,0.1591919147794532,0,0
30099,2,12,0,2,0.18023474482628898,0,0
30105,3,12,1,2,0.21036214390415292,0,1
31001,2,14,1,2,0.13119909653654505,0,1
31019,1,14,0,2,0.1271629172604204,0,0
31037,3,7,0,2,0.15895705910562627,0,0
31053,2,14,0,2,0.15910925740764392,0,0
31057,4,7,0,2,0.2042979521530642,0,0
31059,1,14,0,2,0.1299842556787598,0,0
31065,3,9,0,2,0.1605809012324985,0,0
31091,1,1,0,2,0.18518370861338204,0,0
31101,2,7,0,2,0.16489145456322285,0,0
31127,2,13,0,2,0.15519762585757713,0,0
31135,1,10,1,2,0.16052863694766986,0,1
31137,2,10,0,2,0.14414204047338822,0,0
31141,1,11,1,2,0.11557628229231282,0,1
31157,3,8,1,2,0.20812302777822242,0,0
31163,2,8,0,2,0.16542710781739983,0,0
31181,2,8,0,2,0.164344333495244,0,0
32015,3,2,0,2,0.29547161888966655,0,0
32017,1,5,1,2,0.10907532921790465,0,1
32021,3,5,1,2,0.32481444202372367,0,1
33001,1,15,0,2,0.06921839771693195,0,0
33007,2,16,1,2,0.09581549262594272,0,1
33011,1,34,1,2,0.06910163702476203,0,0
33017,1,17,0,2,0.08701028363718516,0,0
33019,2,19,0,2,0.08141328896403985,0,0
34001,1,30,0,2,0.15130425411131193,0,0
34005,1,38,0,2,0.09759168153106997,0,0
34017,3,16,0,2,0.15661155614908398,0,0
34023,1,44,0,2,0.10533651260635311,0,0
34029,1,30,0,2,0.11051441603844356,0,0
34035,1,32,1,2,0.07864126849153934,0,0
35001,1,27,0,2,0.22526971087535733,0,0
35005,4,9,1,2,0.3906987409192877,0,1
35009,1,7,1,2,0.238440003547029,0,1
35019,2,5,1,2,0.16149502843470387,0,1
35029,4,3,1,2,0.3127198557137851,0,0
35037,4,10,1,2,0.2658557231794172,0,1
36003,3,37,1,2,0.10305277160990119,0,0
36031,2,34,1,2,0.0705311847848642,0,1
36045,3,39,1,2,0.11095260002114586,0,0
36051,2,30,0,2,0.11840712809097131,0,0
36069,1,25,0,2,0.10519241821822276,0,0
36073,3,15,1,2,0.1891647996509228,0,0
36075,3,27,1,2,0.1305690531581996,0,0
36083,2,29,1,2,0.09722151142622705,0,0
36085,1,12,0,2,0.12656519123713592,0,0
36111,2,63,1,2,0.09712097171311422,0,0
36113,1,25,0,2,0.08911489713330334,0,0
36119,1,77,0,2,0.09778392336030016,0,0
37007,4,8,1,2,0.20325508788294316,0,0
37015,4,10,1,2,0.2327928256803591,0,0
37037,1,18,1,2,0.08702541403620154,0,0
37043,3,5,1,2,0.11372462031869372,0,1
37059,2,6,1,2,0.11848702676728921,0,1
37061,4,19,1,2,0.22254247237783295,0,0
37067,1,22,1,2,0.14194672620460194,0,0
37091,4,9,1,2,0.1964048014775911,0,0
37103,4,9,0,2,0.20612080248166928,0,0
37113,3,6,0,2,0.12418576996249878,0,0
37115,3,6,0,2,0.12478405734883988,0,0
37123,3,8,0,2,0.14810287955708878,0,0
37131,4,12,1,2,0.2071791873036258,0,0
37133,3,16,1,2,0.13724974116438193,0,0
37137,3,9,0,2,0.16921853284284935,0,0
37145,2,10,0,2,0.1523817990083765,0,0
37151,3,24,1,2,0.16243041465340297,0,0
37157,3,11,1,2,0.16982581720181547,0,0
37161,1,16,1,2,0.14667923092761295,0,0
37165,4,7,1,2,0.2393258155677206,0,0
37199,3,5,0,2,0.13917697992898798,0,0
38001,1,6,0,2,0.23052030095727652,0,0
38009,1,14,0,2,0.16873988217826338,0,0
38031,1,8,0,2,0.1500017628381041,0,0
38039,2,9,0,2,0.17184660329061058,0,0
38043,2,13,0,2,0.19241240275428337,0,0
38061,2,12,0,2,0.21732947736045663,0,0
38067,1,13,1,2,0.14582543887422977,0,1
38069,3,11,0,2,0.1917250117024519,0,0
38073,1,11,1,2,0.1444371317063127,0,1
38085,4,9,1,2,0.3961255178938452,0,1
38091,1,12,0,2,0.1599810341146,0,0
38095,3,10,0,2,0.20717057021856133,0,0
39011,1,18,0,2,0.22635813394339077,0,0
39013,2,27,1,2,0.17464098983121626,0,0
39035,1,52,0,2,0.16852667237707178,0,0
39059,3,20,1,2,0.20946114804956903,0,0
39063,1,24,1,2,0.16428309048993112,0,0
39081,3,23,1,2,0.21908099398714773,0,0
39091,2,18,1,2,0.22109679343354655,0,0
39093,2,24,1,2,0.1788003483602265,0,0
39103,1,24,1,2,0.1307723332577124,0,0
39107,1,18,1,2,0.21211841831257347,0,1
39117,2,16,1,2,0.18834136399339477,0,1
39137,1,17,1,2,0.1762359428141352,0,0
39143,2,17,1,2,0.23595249368680304,0,0
39151,1,42,1,2,0.18698338963356587,0,0
39153,2,41,0,2,0.18059945939257288,0,0
39165,1,24,1,2,0.12965295074919791,0,0
40041,4,13,1,2,0.2931605319273991,0,1
40051,2,14,1,2,0.2790059473146794,0,0
40065,3,9,1,2,0.31808506191652497,0,0
40085,3,8,1,2,0.3620134692140497,0,1
40095,4,3,1,2,0.3220745516831249,0,0
40097,4,17,1,2,0.3411616949042935,0,1
40099,3,7,1,2,0.34088611938292385,0,0
40107,4,11,1,2,0.3699920148116275,0,0
40131,1,12,1,2,0.2782465981971437,0,0
40137,3,10,1,2,0.3401674079885162,0,1
41003,1,10,1,2,0.15234080276550538,0,1
41015,2,7,1,2,0.12166761685251451,0,0
41035,4,17,1,2,0.2608604653247777,0,1
42017,1,55,0,2,0.10690529904713497,0,0
42021,1,51,1,2,0.10833463799460515,0,0
42023,3,4,0,2,0.12948221930733328,0,0
42055,1,30,1,2,0.13873212235357932,0,0
42061,2,33,1,2,0.13760274719593413,0,1
42091,1,69,0,2,0.10081211103275668,0,0
42103,1,19,0,2,0.11101904151767109,0,0
42129,1,86,1,2,0.10822874117941475,0,0
45009,4,8,1,2,0.3182438995849121,0,0
45021,4,8,1,2,0.22849944329089344,0,0
45027,4,11,1,2,0.2760059855669622,0,1
45031,4,10,1,2,0.23678109712821227,0,0
45037,3,10,1,2,0.18612631232480947,0,0
45045,1,27,0,2,0.13711703867398195,0,0
45065,1,11,0,2,0.20008077196748433,0,0
45073,3,13,1,2,0.1773113281673,0,1
45081,4,12,1,2,0.2835709250699969,0,0
45083,2,34,0,2,0.16363381742792382,0,0
45089,4,12,1,2,0.28624328620304,0,0
45091,1,15,1,2,0.17250995646757114,0,0
46015,2,6,0,2,0.15922666131593874,0,0
46017,4,6,0,2,0.2623307463465634,0,0
46035,2,6,1,2,0.14198244730991744,0,0
46043,1,8,0,2,0.10365477143528741,0,0
46045,1,10,0,2,0.1443928264386775,0,0
46057,1,12,0,2,0.12481123401416366,0,0
46061,2,7,0,2,0.1324366017632911,0,0
46069,1,5,0,2,0.14527439754397609,0,0
46085,2,9,0,2,0.21782220308542002,0,0
46093,2,18,1,2,0.13746119701238368,0,0
46095,4,7,0,2,0.354936251084881,0,0
46109,4,16,1,2,0.2598833609708593,0,1
46115,1,15,0,2,0.143732378204336,0,0
46123,4,8,0,2,0.1897599561164603,0,0
46135,2,10,1,2,0.11077443192087039,0,0
47021,2,12,1,2,0.17002368091421755,0,1
47039,4,9,0,2,0.23882297927665033,0,0
47041,4,11,0,2,0.24491168516773393,0,0
47049,4,9,1,2,0.2095348845048907,0,0
47055,3,17,1,2,0.22705444786221998,0,0
47059,4,10,1,2,0.22226179006625169,0,0
47069,4,12,1,2,0.24497221836773483,0,0
47105,2,9,0,2,0.1678730165137173,0,0
47107,4,12,1,2,0.21136175992364967,0,0
47121,3,6,1,2,0.19165845292738498,0,0
47129,4,12,1,2,0.18723968132688784,0,0
47147,2,12,1,2,0.19193014847621206,0,0
47161,2,8,0,2,0.18358341493914979,0,0
47165,1,10,1,2,0.16982472054568423,0,0
47173,4,11,0,2,0.21714597302353805,0,0
47177,4,6,1,2,0.2636064838018946,0,1
47179,1,13,1,2,0.16099994689610875,0,0
47181,4,10,1,2,0.20446873122321613,0,0
48001,3,10,1,2,0.26208042302135365,0,0
48003,2,1,1,2,0.34300107088710774,0,0
48005,4,6,1,2,0.24402749527562384,0,0
48015,2,13,1,2,0.2604845883093673,0,0
48029,2,77,0,2,0.30696106985932226,0,0
48049,3,10,1,2,0.2499416542157134,0,0
48061,4,17,0,2,0.4195278050008908,0,0
48065,1,6,0,2,0.24385093575859262,0,0
48067,4,14,1,2,0.24056434876689772,0,1
48073,4,12,1,2,0.255521132675929,0,1
48077,2,9,1,2,0.2643374658182597,0,1
48087,4,5,1,2,0.2954122931217119,0,1
48093,2,14,1,2,0.23603051252774268,0,0
48105,2,6,0,2,0.35402426714857643,0,0
48107,4,9,0,2,0.3717108258818382,0,0
48123,3,9,1,2,0.29666798382778725,0,0
48133,4,9,1,2,0.2624141088861649,0,0
48139,1,20,1,2,0.25470446100877225,0,0
48143,1,13,1,2,0.26402750897419797,0,1
48159,1,7,1,2,0.18089838125543262,0,1
48195,4,3,0,2,0.38182923544385383,0,0
48221,1,8,1,2,0.22779060796372205,0,0
48225,4,7,1,2,0.28227680597820154,0,0
48237,3,11,0,2,0.2804901784788764,0,0
48259,1,8,1,2,0.15812528096746378,0,1
48319,2,6,0,2,0.21532558045060793,0,0
48325,1,15,0,2,0.2385743531603002,0,0
48345,3,6,0,2,0.26190821555399457,0,0
48351,3,11,0,2,0.2435330217183593,0,0
48365,3,13,1,2,0.2524563614908483,0,0
48371,3,6,1,2,0.39755103536134095,0,0
48381,1,15,1,2,0.2507623843271102,0,0
48387,4,9,1,2,0.31452375695448986,0,0
48405,4,4,1,2,0.24279573424130474,0,1
48411,3,7,1,2,0.29893867599424145,0,1
48413,2,3,0,2,0.07650616679743373,0,0
48421,3,4,0,2,0.28798614745454965,0,0
48423,3,22,0,2,0.20741734171398254,0,1
48431,2,2,0,2,0.33311133975173407,0,0
48449,4,6,1,2,0.27837203103409985,0,1
48453,1,63,0,2,0.16100731294618278,0,0
48463,4,8,1,2,0.3851020367947175,0,0
48469,3,12,1,2,0.3144734517108354,0,0
49033,2,4,0,2,0.23059456773694043,0,0
49035,1,36,0,2,0.2599705959418511,0,0
49039,3,15,1,2,0.24235625796684288,0,0
49041,3,12,1,2,0.26413161170482125,0,0
49049,2,24,0,2,0.17490353899719752,0,0
50013,1,5,1,2,0.0746723860925158,0,1
50021,1,29,1,2,0.07811212131306572,0,0
50025,2,24,1,2,0.09113125992896051,0,1
51003,2,24,1,2,0.09540678377220832,0,0
51011,3,8,0,2,0.1715200871753167,0,0
51019,1,18,1,2,0.10973216832911961,0,1
51025,3,16,1,2,0.20502491379529167,0,0
51037,4,14,1,2,0.027336294050722288,0,0
51047,1,18,1,2,0.14443086362965515,0,1
51049,3,7,0,2,0.18616920346509874,0,0
51059,1,48,0,2,0.06457749163723801,0,0
51069,1,12,1,2,0.09681653453855872,0,1
51085,1,12,1,2,0.0804800553203634,0,0
51087,2,16,1,2,0.15045994624778578,0,0
51091,2,7,0,2,0.12143231681432153,0,0
51103,2,6,1,2,0.15764704967298532,0,0
51115,2,15,0,2,0.1295163417620082,0,0
51121,3,10,1,2,0.12072535250061482,0,0
51127,1,6,1,2,0.10870792574668342,0,0
51157,1,10,0,2,0.10782289383169139,0,0
51167,4,11,0,2,0.19569917173251064,0,0
51169,3,12,0,2,0.17540785988288976,0,0
51179,1,5,1,2,0.09759083990419018,0,0
51185,1,18,1,2,0.13722109303833557,0,0
51197,3,11,0,2,0.15392188405388332,0,0
51530,4,1,0,2,0.21213764273077373,0,0
51570,2,1,1,2,0.11877334836773007,0,0
51775,1,1,0,2,0.09329260635814964,0,0
53011,1,20,0,2,0.12597606389423902,0,0
53019,4,9,0,2,0.20990894607765356,0,0
53023,3,2,1,2,0.22785448923993953,0,1
53027,1,21,0,2,0.16023625415516315,0,0
53033,1,84,0,2,0.10082035366548155,0,0
53041,2,23,1,2,0.15072057395399746,0,1
53059,1,8,1,2,0.1314509889166209,0,1
53065,3,21,0,2,0.18062542044717372,0,0
54019,1,42,0,2,0.09031332449709963,0,0
54033,3,21,0,2,0.17772895669908914,0,0
54039,1,46,1,2,0.21946972191467412,0,0
54063,3,13,0,2,0.23233293125623372,0,0
54067,3,25,1,2,0.24096022585049873,0,0
54079,2,17,1,2,0.19762741040174786,0,0
54089,4,15,0,2,0.21693698316469515,0,0
54091,3,10,0,2,0.19108477234583604,0,0
55005,2,19,1,2,0.11202635858783505,0,1
55013,3,11,0,2,0.11337353077191424,0,0
55021,1,20,1,2,0.11668587980851679,0,1
55029,1,13,1,2,0.11070775839888455,0,0
55033,2,22,0,2,0.12228209775302469,0,0
55035,2,15,0,2,0.11305900389897534,0,0
55049,1,19,0,2,0.10331958613543757,0,0
55051,3,12,0,2,0.12179060035610538,0,0
55055,1,19,1,2,0.12583599298998202,0,0
55057,3,14,1,2,0.1317758533844995,0,0
55061,1,6,1,2,0.1183113090620611,0,0
55069,1,7,1,2,0.08824341334002164,0,0
55073,1,28,1,2,0.08566223266302052,0,0
55079,3,37,0,2,0.18810264318960346,0,0
55085,1,14,1,2,0.09632511482382963,0,1
55101,2,16,0,2,0.14307771125850124,0,0
55113,3,12,0,2,0.11640716129445462,0,0
55129,2,12,0,2,0.09818587460384526,0,0
56001,1,10,1,2,0.2585945121427579,0,0
56003,2,15,1,2,0.16422750600528038,0,0
56017,3,3,1,2,0.19327786470963282,0,1
56023,1,15,0,2,0.1416700110841936,0,0
56029,1,8,1,2,0.1304883153574123,0,0
56033,1,9,1,2,0.15615229218419574,0,0
56045,2,4,0,2,0.19436805388371137,0,0
01001,3,10,1,3,0.18200440309620905,0,1
01005,4,9,0,3,0.22628596792588748,0,0
01023,4,10,0,3,0.2412848040755422,0,0
01025,4,10,1,3,0.24514555858845632,0,0
01031,3,16,1,3,0.18708960364322721,0,1
01049,4,24,0,3,0.24540941760734186,0,0
01057,4,10,1,3,0.20413402905972988,0,0
01077,3,9,1,3,0.20906433701929053,0,0
01103,3,16,1,3,0.20596749138195675,0,0
01119,4,11,1,3,0.2504637893568375,0,0
01123,4,12,1,3,0.19472616843697815,0,1
01133,4,11,1,3,0.21291987975177365,0,0
04023,4,9,1,3,0.2989613892760159,0,1
04027,4,10,0,3,0.29434739626668566,0,1
05003,4,7,1,3,0.1934270746022614,0,0
05007,2,21,0,3,0.1607118158338059,0,0
05013,4,6,0,3,0.19427550468559496,0,0
05015,3,9,1,3,0.18766614309888682,0,0
05035,4,11,1,3,0.3006688583228628,0,0
05039,4,6,1,3,0.19352999662827958,0,1
05055,4,9,1,3,0.18694356685333338,0,1
05069,4,17,1,3,0.230924527517922,0,0
05073,4,6,1,3,0.23820115410280196,0,1
05087,3,13,1,3,0.20160795711934157,0,0
05101,3,20,1,3,0.19175823812052506,0,1
05105,4,8,1,3,0.21958778069855334,0,1
05109,4,10,0,3,0.18971921058324323,0,0
05131,3,16,0,3,0.18075196268457824,0,1
06019,4,56,0,3,0.2631504151799791,0,0
06033,3,15,1,3,0.23258253024727474,0,0
06073,1,108,0,3,0.16266776749105255,0,0
06079,2,26,1,3,0.15723244140724912,0,0
06111,1,33,0,3,0.14718821090748882,0,0
08005,1,33,1,3,0.1436501854461523,0,0
08007,1,5,1,3,0.15389920451922182,0,0
08015,2,5,0,3,0.14941617642368307,0,0
08017,2,4,0,3,0.21601426892384487,0,0
08019,1,6,0,3,0.12380906095303526,0,0
08051,2,11,0,3,0.18884577981712736,0,0
08053,1,3,0,3,0.15950968746969366,0,0
08057,1,2,0,3,0.1589062782874388,0,0
08081,2,5,1,3,0.28026285153695774,0,0
08089,4,7,0,3,0.29503617448751734,0,0
08095,2,3,0,3,0.23470323617351244,0,0
08097,1,7,0,3,0.14544048730251818,0,0
08103,2,4,0,3,0.25112679351012773,0,0
08107,1,9,1,3,0.16484041540420574,0,0
08113,1,7,1,3,0.13443201536315416,0,1
08117,1,4,0,3,0.19685763245764537,0,0
09007,1,24,1,3,0.10906550773452921,0,0
12015,2,17,1,3,0.10045311520255387,0,0
12023,3,8,1,3,0.14556110290604177,0,0
12039,4,7,1,3,0.19361989924348394,0,1
12051,4,6,1,3,0.20294962117824664,0,0
12053,3,12,1,3,0.1398005337905741,0,0
12063,1,14,1,3,0.17362428783613987,0,1
12065,4,4,1,3,0.18041039635038156,0,0
12067,4,2,0,3,0.1340481863342799,0,0
12075,4,13,1,3,0.1675025000539809,0,0
12077,4,2,0,3,0.14640698277951691,0,0
12085,1,12,1,3,0.12235516132976118,0,0
12097,3,17,1,3,0.15229148973083076,0,0
12101,2,31,1,3,0.13277335707546623,0,0
12111,2,17,1,3,0.14704527096300632,0,0
12133,4,10,1,3,0.17227993434686206,0,0
13005,4,3,1,3,0.21886292624891387,0,1
13017,4,4,1,3,0.2533806834061666,0,0
13027,4,10,0,3,0.2336693763467902,0,0
13045,1,11,1,3,0.17751588016803943,0,0
13047,1,8,0,3,0.12757909028634756,0,0
13059,1,9,1,3,0.22372193314723543,0,0
13063,1,16,1,3,0.21802165904205173,0,0
13085,1,5,1,3,0.12505838134420214,0,0
13101,3,6,1,3,0.20233222614285798,0,1
13135,2,26,0,3,0.11420941669274053,0,0
13141,4,5,0,3,0.271787381825783,0,0
13147,4,8,0,3,0.18372067732026576,0,0
13155,4,7,1,3,0.24532264446088428,0,1
13179,1,9,1,3,0.1804665946316643,0,1
13183,4,5,0,3,0.18965982539803683,0,0
13189,4,4,1,3,0.22340606404098193,0,0
13209,4,7,0,3,0.21168780939586015,0,0
13231,2,8,0,3,0.21456548735250652,0,0
13233,4,8,1,3,0.19886478515149042,0,1
13237,4,5,1,3,0.21102831893220222,0,0
13243,4,8,0,3,0.3345030613207411,0,0
13247,2,9,1,3,0.18945016892063096,0,1
13251,4,6,0,3,0.24582644589484445,0,0
13257,3,5,1,3,0.16366786090033392,0,0
13267,4,6,1,3,0.2203918521855095,0,0
13291,3,4,1,3,0.1406968163655504,0,0
13295,3,14,1,3,0.17280165426126307,0,0
13301,4,9,1,3,0.2789956433437588,0,1
13303,4,10,1,3,0.23326019193581424,0,0
13313,4,8,1,3,0.1695875412132548,0,0
13319,4,9,0,3,0.2327379435263395,0,0
16003,2,6,0,3,0.189042914685204,0,0
16021,3,4,0,3,0.197033985134033,0,0
16025,4,2,1,3,0.2906725279665003,0,1
16039,3,7,1,3,0.20670714848782717,0,0
16063,3,6,0,3,0.29699237198035117,0,0
16087,4,5,1,3,0.2604074699924368,0,1
17005,3,12,0,3,0.1967158317546734,0,0
17017,3,7,1,3,0.16400342108492783,0,0
17019,3,35,1,3,0.17776885281587546,0,0
17027,1,17,1,3,0.15980622419833715,0,0
17041,2,13,1,3,0.22577115366553893,0,0
17047,2,6,0,3,0.18279409934910587,0,0
17053,2,21,1,3,0.21171378523784595,0,0
17063,1,16,1,3,0.16294055817163858,0,0
17067,2,19,0,3,0.15879533347078514,0,0
17081,3,17,1,3,0.1721149569838554,0,0
17085,1,15,0,3,0.14824345858169927,0,0
17101,3,7,0,3,0.18401868653409634,0,0
17137,3,16,1,3,0.17219514935023494,0,1
17139,2,11,0,3,0.22212247571243668,0,0
17151,3,10,0,3,0.18355932880872827,0,0
17155,1,8,0,3,0.16195303524659785,0,0
17175,3,10,0,3,0.24378325691507585,0,0
17177,3,19,0,3,0.19532835828855666,0,0
17179,1,21,1,3,0.14707259408817955,0,0
17181,3,13,1,3,0.1561418871186349,0,0
17187,3,14,1,3,0.19650178119749137,0,0
17197,1,45,0,3,0.1309016465560283,0,0
17201,2,26,1,3,0.16647163154469077,0,0
18031,2,10,0,3,0.2129199860338257,0,0
18043,2,10,1,3,0.14617805417329452,0,1
18063,1,19,1,3,0.13046592068603705,0,0
18065,3,22,0,3,0.24338708014939067,0,0
18067,2,10,1,3,0.22823593822728844,0,0
18075,3,9,0,3,0.2744470785966115,0,0
18079,2,13,1,3,0.18070828012926043,0,0
18139,2,16,1,3,0.26585205528819067,0,0
18145,2,17,1,3,0.22436617428842104,0,0
18161,2,6,0,3,0.23419469522204128,0,0
18169,2,14,1,3,0.2335000962832703,0,1
18179,2,16,0,3,0.22802540460200957,0,0
18183,1,10,0,3,0.17280606257310668,0,0
19001,2,14,0,3,0.164440510487135,0,0
19003,2,9,1,3,0.16236229505335054,0,1
19011,1,24,1,3,0.15326594856013495,0,0
19025,2,14,0,3,0.2073152608863932,0,0
19039,3,9,1,3,0.15382997445586058,0,1
19045,2,20,1,3,0.1758565167961495,0,0
19077,1,18,1,3,0.14616634387189245,0,1
19103,1,24,1,3,0.17042957631256425,0,0
19131,1,12,0,3,0.1929614948726757,0,0
19153,2,41,0,3,0.12017872437117746,0,0
19155,2,24,1,3,0.1392607873691124,0,0
19157,2,17,1,3,0.16116911930772107,0,0
19167,1,19,0,3,0.14991081689662647,0,0
19173,2,11,0,3,0.17875198611996576,0,0
19183,2,13,0,3,0.16954873675299523,0,0
19187,3,22,1,3,0.180912251450511,0,0
19189,1,11,0,3,0.16152064100872965,0,0
19193,2,25,1,3,0.14125711139669037,0,0
19197,2,16,1,3,0.17385341809613697,0,0
20007,3,11,0,3,0.23946808160043037,0,0
20019,4,10,1,3,0.2786679609697181,0,1
20021,1,13,1,3,0.20792052665762126,0,0
20025,2,6,0,3,0.21935321919621414,0,0
20041,2,12,1,3,0.2528233455087876,0,0
20045,1,12,1,3,0.18226360449733012,0,0
20049,3,10,0,3,0.2638907634425105,0,0
20057,4,10,1,3,0.2536763616178984,0,1
20065,2,13,0,3,0.19374338212860215,0,0
20069,1,7,0,3,0.2523786871769229,0,0
20101,3,5,0,3,0.26213899035212357,0,0
20105,2,10,0,3,0.22258741651113653,0,0
20115,1,19,0,3,0.2260468103464279,0,0
20117,2,13,0,3,0.2315851955535943,0,0
20137,1,7,0,3,0.20763085307861448,0,0
20145,2,9,0,3,0.21964592634971422,0,0
20171,1,4,0,3,0.2551962466147367,0,0
20175,4,6,1,3,0.32989335219332727,0,0
20177,1,29,0,3,0.22983825997528715,0,0
20189,4,4,0,3,0.31317622135751483,0,0
20195,1,8,0,3,0.22849483334822965,0,0
20197,1,16,0,3,0.19958380085925684,0,0
21011,4,8,1,3,0.1845641414755028,0,0
21013,4,11,1,3,0.2062746689439198,0,0
21017,3,9,0,3,0.21501209948648256,0,0
21029,1,11,1,3,0.15988901149694906,0,0
21035,4,10,0,3,0.20445903777567673,0,0
21067,2,17,1,3,0.13860400370983736,0,0
21071,4,33,1,3,0.18898109131716467,0,1
21079,3,5,1,3,0.19058789143762647,0,0
21105,4,7,1,3,0.2611981117762013,0,1
21113,3,4,1,3,0.15255889692965213,0,1
21115,4,19,1,3,0.15540391427547526,0,0
21117,2,12,1,3,0.14090394461384856,0,0
21121,4,19,1,3,0.1949016400488428,0,1
21125,4,8,1,3,0.1712697406657415,0,1
21129,4,6,0,3,0.07357285346902613,0,0
21133,1,26,1,3,0.19394147429959593,0,0
21145,3,7,1,3,0.22357790769031594,0,1
21159,4,9,1,3,0.13995514358551417,0,0
21165,4,5,0,3,0.20090249724799214,0,0
21173,4,5,1,3,0.1782399178153419,0,0
21201,4,7,1,3,0.25204043317639735,0,1
21215,1,8,0,3,0.15826126889906517,0,0
21221,2,5,1,3,0.1843513611579772,0,0
21227,3,9,1,3,0.15676250180065365,0,0
21233,4,10,0,3,0.24737181006153428,0,0
21237,4,5,1,3,0.20568308674328534,0,1
22023,4,8,1,3,0.3078087429372894,0,1
22029,4,5,0,3,0.3237790927291157,0,0
22039,4,12,1,3,0.21190490206016427,0,1
22051,3,17,0,3,0.20650626750819898,0,0
22063,2,17,1,3,0.17309141145660945,0,0
22073,1,14,0,3,0.1925164101185307,0,1
22077,3,17,1,3,0.2485324741506532,0,0
22083,4,6,1,3,0.32608716616379924,0,0
22099,4,8,1,3,0.20317866078318764,0,1
22101,4,8,1,3,0.19821297696955614,0,0
22113,3,12,1,3,0.23345034437411002,0,1
22121,2,5,1,3,0.23134170144556235,0,0
23003,4,41,0,3,0.1665027138728295,0,0
23005,1,38,1,3,0.09625820211194573,0,0
23011,2,27,1,3,0.1111388595731565,0,0
23019,1,47,1,3,0.13168000514004524,0,0
23021,3,16,1,3,0.16893708036220323,0,0
24021,1,34,1,3,0.0932632103450922,0,0
24023,2,12,0,3,0.15632541605119807,0,0
24047,2,12,1,3,0.16119168961581826,0,1
24510,1,31,0,3,0.22138325010273746,0,1
25007,1,7,0,3,0.1430263278764102,0,0
25011,2,32,1,3,0.09539589121195045,0,0
26003,2,13,0,3,0.15424941769470027,0,0
26017,2,16,1,3,0.21495121785376928,0,0
26019,1,11,0,3,0.15290866033096095,0,0
26021,1,23,1,3,0.1909776009323904,0,0
26029,2,10,0,3,0.14955110758841614,0,0
26049,3,34,1,3,0.17720018779309898,0,0
26075,2,29,1,3,0.2002771491406118,0,0
26081,2,39,1,3,0.15783527132191358,0,0
26087,2,22,1,3,0.1791670314494463,0,0
26093,1,20,1,3,0.11722700863576012,0,0
26095,3,3,0,3,0.17026487579014743,0,0
26101,2,15,1,3,0.15072284238134612,0,0
26117,3,25,0,3,0.1989918537346422,0,0
26133,4,9,0,3,0.20219716040460894,0,0
26137,3,7,1,3,0.1585462132155036,0,0
26149,3,13,1,3,0.21029112790625565,0,1
26157,3,21,1,3,0.2063853591727463,0,0
26159,3,22,1,3,0.19011101036269504,0,0
27001,2,12,1,3,0.1397036912942162,0,0
27015,1,10,0,3,0.16684992245350738,0,0
27019,1,18,0,3,0.09141193630468074,0,0
27025,1,15,1,3,0.12386186908027236,0,0
27031,2,6,0,3,0.12801211604921572,0,0
27043,2,14,0,3,0.2193000395138627,0,0
27045,1,16,0,3,0.15190270212167412,0,0
27059,1,12,0,3,0.12396545625784715,0,0
27061,2,30,1,3,0.13478894663673727,0,1
27077,1,4,0,3,0.03686492095692623,0,0
27079,1,13,1,3,0.14920469082156843,0,0
27081,2,12,0,3,0.20482920548079162,0,0
27093,1,13,0,3,0.14354224810908106,0,0
27099,2,19,1,3,0.17517802365480606,0,1
27107,2,14,0,3,0.19823269131797552,0,0
27113,1,7,0,3,0.17333075899803757,0,0
27117,2,9,0,3,0.2054192972265547,0,0
27123,2,26,1,3,0.12174447803672286,0,0
27125,2,9,0,3,0.1773138211365178,0,0
27127,2,22,1,3,0.20537654066245614,0,0
27155,1,9,0,3,0.19067639419443416,0,0
27167,1,12,0,3,0.16062146407837022,0,0
28011,4,17,1,3,0.3283058899835358,0,1
28021,4,5,0,3,0.19543385013234496,0,0
28025,4,8,1,3,0.2567967657702614,0,0
28029,4,9,1,3,0.13422115149533792,0,0
28033,1,10,1,3,0.13965248299514593,0,0
28035,1,8,1,3,0.06234715346795924,0,1
28039,4,3,1,3,0.15045876123011112,0,0
28041,3,7,1,3,0.14563645403150585,0,0
28043,4,7,1,3,0.16339241603811525,0,0
28061,4,14,1,3,0.18389717115835605,0,0
28063,4,7,0,3,0.20458644868406425,0,0
28077,4,8,0,3,0.1772016313348069,0,0
28079,4,7,0,3,0.18651087969830385,0,0
28089,1,12,1,3,0.10463218023095473,0,0
28103,4,6,1,3,0.2627943994479024,0,0
28105,4,6,0,3,0.17289606422761936,0,0
28113,4,8,1,3,0.20228976210911104,0,0
28121,1,12,1,3,0.12042655253343974,0,0
28155,4,10,0,3,0.18145563947266932,0,0
29007,3,14,0,3,0.23860303324877571,0,0
29031,3,19,1,3,0.18991562970854436,0,1
29037,1,18,1,3,0.1740517195645405,0,0
29055,4,12,1,3,0.20122346060003699,0,0
29085,4,13,1,3,0.20545693488698316,0,1
29093,3,16,1,3,0.21984385121518663,0,1
29095,2,55,0,3,0.21262687843463254,0,1
29101,2,19,0,3,0.22355423082007636,0,0
29109,3,21,1,3,0.23195230178134857,0,1
29111,3,12,0,3,0.2470204246166857,0,0
29131,3,17,1,3,0.20395966077636501,0,0
29135,2,13,1,3,0.1870108790506862,0,0
29139,3,11,1,3,0.2570283010769025,0,0
29149,4,12,0,3,0.2848581899723207,0,0
29209,1,17,1,3,0.18190315722597225,0,1
29221,1,16,0,3,0.16898600865724425,0,0
29229,4,11,1,3,0.26865879108789076,0,0
30009,1,13,0,3,0.18499160143015075,0,0
30039,2,5,0,3,0.19322143169617859,0,0
30053,4,6,1,3,0.18839827008140816,0,0
30057,1,18,0,3,0.1724745753030874,0,0
30063,2,16,0,3,0.15776350295893304,0,0
30101,2,8,0,3,0.2466886673603727,0,0
30109,2,2,0,3,0.22643630682509128,0,0
31005,2,8,0,3,0.23226519289684333,0,0
31007,2,8,1,3,0.17311411180685485,0,1
31023,1,14,1,3,0.15756648548546726,0,1
31027,1,13,0,3,0.17336227859660822,0,0
31041,1,21,1,3,0.15368614368344236,0,0
31067,2,18,1,3,0.1489717297839203,0,0
31075,2,3,1,3,0.2464697980900923,0,1
31077,1,8,0,3,0.20038788511420122,0,0
31079,2,11,1,3,0.13278275989328128,0,0
31083,2,8,1,3,0.18446964496415577,0,1
31085,2,8,0,3,0.19481153186814007,0,0
31087,2,6,0,3,0.20059248643430666,0,0
31099,2,11,0,3,0.14796431135215274,0,0
31103,2,4,0,3,0.1794336564920493,0,0
31115,2,5,0,3,0.21017870471907296,0,0
31117,2,5,0,3,0.17280094697547121,0,0
31133,3,11,0,3,0.17846187442149677,0,0
31159,1,18,0,3,0.13295329672957754,0,0
31161,2,9,1,3,0.22194204954402544,0,1
31165,3,8,0,3,0.2232701567150886,0,0
32001,2,2,1,3,0.30510154123443006,0,0
32009,4,4,0,3,0.22290000030831544,0,0
32023,1,11,0,3,0.3139405528846887,0,1
34003,1,66,0,3,0.09159743427011889,0,0
34033,2,14,1,3,0.16847005121172548,0,1
35003,3,9,0,3,0.3464939698785195,0,0
35007,4,9,1,3,0.27518971863734565,0,0
35013,1,26,0,3,0.2135268997605207,0,0
35017,4,16,1,3,0.2160446538856311,0,0
35035,4,18,1,3,0.2997774845027859,0,0
35049,2,15,1,3,0.1789766690326635,0,0
36009,1,36,1,3,0.14256260645147084,0,0
36015,2,22,1,3,0.1220049635336617,0,0
36019,2,25,0,3,0.12984780415793823,0,0
36021,2,36,1,3,0.11154583344427751,0,1
36025,3,47,0,3,0.12262885479147254,0,0
36027,1,35,1,3,0.09850277939986397,0,0
36033,3,23,1,3,0.1308277935753967,0,0
36039,2,42,1,3,0.12145491289934672,0,1
36053,1,31,1,3,0.15782086556243052,0,1
36061,2,47,0,3,0.14224888287247495,0,0
36065,2,54,1,3,0.13910519906611182,0,0
36079,1,12,0,3,0.07565553080012972,0,0
36089,3,49,1,3,0.14441804577677475,0,0
36095,2,24,0,3,0.12218466954270207,0,0
36097,2,18,0,3,0.12945612225379935,0,0
36101,3,39,1,3,0.1224777349251739,0,0
36109,1,17,1,3,0.14376755140867864,0,0
36121,2,24,0,3,0.13634536239637665,0,0
36123,2,13,0,3,0.15674025538893016,0,0
37003,2,8,1,3,0.11773447686687954,0,0
37013,4,15,1,3,0.17810564040317747,0,1
37017,4,18,1,3,0.20472193381068057,0,0
37021,2,19,1,3,0.10380051761247841,0,0
37025,2,16,1,3,0.11910231390566238,0,0
37027,3,10,1,3,0.1262120227783218,0,0
37035,2,14,1,3,0.12723667300314573,0,0
37045,1,13,1,3,0.17004526092855868,0,0
37063,2,16,1,3,0.1099076582073133,0,0
37065,4,15,1,3,0.2023284932471606,0,1
37069,3,13,1,3,0.13514710637182406,0,0
37073,2,6,0,3,0.1627219550152637,0,0
37075,4,2,0,3,0.1661528082951335,0,0
37083,4,9,1,3,0.20235605641481913,0,0
37097,2,16,0,3,0.12708104353167388,0,0
37117,4,11,0,3,0.1768828563392498,0,0
37127,3,15,1,3,0.14819142145163558,0,0
37149,2,7,0,3,0.10168560312987977,0,0
37175,3,10,1,3,0.11031525192682351,0,0
37181,4,8,1,3,0.17721315845604016,0,0
37183,1,39,0,3,0.07652108804896786,0,0
38003,1,19,0,3,0.19035615108410064,0,0
38007,2,8,0,3,0.17198577650046057,0,0
38013,1,9,0,3,0.19827344349164755,0,0
38027,2,7,1,3,0.21407972016833768,0,1
38029,2,8,0,3,0.20274826405108054,0,0
38037,2,13,1,3,0.21098988896071263,0,1
38041,2,5,0,3,0.24641149615532648,0,0
38047,1,7,0,3,0.2091985432368487,0,0
38049,1,18,0,3,0.1927892116064162,0,0
38051,2,6,0,3,0.2063339467391421,0,0
38063,1,9,0,3,0.21637908708446293,0,0
38065,1,6,0,3,0.1798308174438514,0,0
38075,1,9,0,3,0.17727727182012512,0,0
38077,1,19,0,3,0.15165968875188615,0,0
38079,4,10,0,3,0.3634907767186701,0,0
38081,1,12,0,3,0.16012345922507426,0,0
38083,2,9,0,3,0.21231328789778228,0,0
38089,1,10,0,3,0.1622515474533287,0,0
39023,3,22,1,3,0.2152740573842598,0,0
39025,1,23,1,3,0.1471922871071957,0,0
39033,3,15,0,3,0.20088762162933124,0,0
39049,2,49,0,3,0.16886424507293238,0,0
39051,1,12,0,3,0.2117165497939962,0,0
39053,3,12,0,3,0.1857561509573484,0,0
39055,1,20,1,3,0.12847024354930048,0,0
39057,2,24,0,3,0.17550836606621645,0,0
39087,3,14,1,3,0.1745359414401362,0,0
39111,3,15,1,3,0.1862685285249808,0,0
39113,2,40,0,3,0.21197518964026463,0,0
39119,3,22,1,3,0.17820780968764283,0,0
39127,3,17,1,3,0.18922643284698534,0,1
39129,2,17,1,3,0.1504908569069689,0,1
39139,1,19,1,3,0.17349751812015304,0,0
39141,3,16,1,3,0.17542851723282396,0,0
39149,2,18,0,3,0.21350853111970666,0,0
39163,4,15,0,3,0.203378705600522,0,0
39171,1,12,1,3,0.20771383401085622,0,1
40019,3,13,1,3,0.2920588770720272,0,0
40021,4,16,1,3,0.2947356542043937,0,1
40025,3,4,1,3,0.3585829838743217,0,1
40033,3,11,0,3,0.3737785424269446,0,0
40055,4,4,1,3,0.3300927473670827,0,1
40057,4,6,0,3,0.33293364855595226,0,0
40059,2,7,1,3,0.2578785066943728,0,1
40069,4,13,1,3,0.3430871157026445,0,1
40075,4,9,1,3,0.39132750200809996,0,1
40077,4,7,1,3,0.28077672924455577,0,1
40079,4,23,1,3,0.2636246534932887,0,0
40087,1,12,0,3,0.28332402096526177,0,0
40091,4,11,1,3,0.2960488369741803,0,0
40093,2,15,0,3,0.2777093820672996,0,0
40103,2,11,0,3,0.24292342071643266,0,0
40109,3,55,0,3,0.26625956456472727,0,1
40115,4,9,1,3,0.29897342681861644,0,1
40123,3,10,1,3,0.2730670365173585,0,1
40125,3,16,0,3,0.2691137291195158,0,1
40129,3,9,0,3,0.3303203665047872,0,0
40143,2,42,0,3,0.2214355157211047,0,0
40153,2,11,1,3,0.23948098536352044,0,0
41001,3,12,1,3,0.2170285899104743,0,0
41007,2,9,0,3,0.1474049984775552,0,0
41029,3,18,1,3,0.21663803402632772,0,0
41039,3,39,1,3,0.16037594909850564,0,0
41043,2,20,1,3,0.2005243353356905,0,0
41051,2,42,0,3,0.1553178602016773,0,0
41061,3,8,1,3,0.22452579811116027,0,0
41071,2,15,0,3,0.16035507023736512,0,0
42011,1,62,1,3,0.14456442931444044,0,0
42015,2,27,1,3,0.15533825908496735,0,0
42019,1,37,0,3,0.10152300114360306,0,0
42027,2,33,1,3,0.12908062105623871,0,0
42029,1,44,0,3,0.10042955294538153,0,0
42039,3,27,1,3,0.15454780137274748,0,1
42049,1,32,0,3,0.15096082960317236,0,0
42053,4,11,1,3,0.13696470490372703,0,1
42071,1,57,0,3,0.16281708377277831,0,0
42083,3,22,0,3,0.12486612007210396,0,0
42097,2,28,1,3,0.138369844615177,0,0
42109,2,15,1,3,0.16602424208338826,0,0
42115,2,29,1,3,0.14388360579416362,0,1
42119,1,14,1,3,0.13061718995346364,0,1
42121,3,23,0,3,0.12541494977612397,0,0
42131,1,15,0,3,0.12123548945170202,0,0
44009,1,20,1,3,0.10204486552037961,0,0
45015,2,17,1,3,0.17060748793461292,0,0
45017,4,7,1,3,0.21283761648024963,0,0
45035,2,15,1,3,0.15920473276899308,0,0
45055,3,13,1,3,0.16531593092296268,0,1
45059,4,16,1,3,0.17919054764057316,0,0
45085,4,15,1,3,0.21605829228968126,0,0
46025,2,13,0,3,0.17924886551517916,0,0
46049,2,10,0,3,0.232090622770396,0,0
46059,1,8,1,3,0.2081496990540281,0,1
46065,1,3,1,3,0.14620972730491644,0,0
46099,1,23,1,3,0.14335505895829131,0,0
46103,2,20,1,3,0.13539879762545656,0,0
46117,1,4,0,3,0.1735084005266977,0,0
46125,1,15,0,3,0.1730924018130087,0,0
47003,3,13,1,3,0.22028663348884991,0,0
47029,4,8,0,3,0.21923138937827166,0,0
47053,4,11,1,3,0.23712492266404492,0,0
47061,4,10,0,3,0.22993753285864638,0,0
47065,1,31,0,3,0.1470542254790894,0,0
47085,3,4,1,3,0.2101505601321753,0,0
47091,4,5,0,3,0.23754597059179217,0,0
47099,4,11,1,3,0.21494576858865488,0,1
47111,4,8,1,3,0.21244314219372604,0,0
47115,3,12,0,3,0.16090883432543115,0,0
47139,3,12,1,3,0.21546228086848174,0,0
47141,1,10,1,3,0.19309659640511453,0,0
47149,1,20,1,3,0.19043843816808234,0,0
47151,4,9,0,3,0.19123700548210681,0,0
47159,3,15,1,3,0.2089604536346938,0,0
48011,1,6,0,3,0.284738873786988,0,0
48017,1,6,1,3,0.2809017336077491,0,1
48037,3,10,1,3,0.20224516512093266,0,0
48051,2,5,1,3,0.2506221620707458,0,0
48053,2,13,1,3,0.22307092966640008,0,1
48063,3,2,1,3,0.20893687928335955,0,0
48075,4,4,1,3,0.2743860318616006,0,1
48079,4,4,0,3,0.40880360974753666,0,0
48101,4,3,1,3,0.2954022435917849,0,1
48111,1,3,0,3,0.28909622858778034,0,0
48119,3,7,1,3,0.27074103770481284,0,1
48135,2,8,1,3,0.2789042150610121,0,0
48145,3,17,1,3,0.2857930238299356,0,0
48177,3,14,1,3,0.2679612868040097,0,0
48183,3,10,0,3,0.18600608448596825,0,1
48199,2,12,1,3,0.1785388464640924,0,0
48205,1,4,0,3,0.2858883542332132,0,0
48211,1,4,0,3,0.2301785029615455,0,0
48219,4,10,1,3,0.32919712799684203,0,0
48227,3,5,1,3,0.304591630422047,0,0
48245,3,18,0,3,0.23953084574830427,0,0
48249,4,8,1,3,0.2978577575248468,0,1
48257,2,13,0,3,0.23267173635481353,0,1
48261,4,2,1,3,0.3797773816103125,0,1
48265,3,10,1,3,0.2114705695714651,0,1
48283,3,4,0,3,0.2954066276565909,0,0
48287,2,9,1,3,0.263783434484079,0,0
48297,3,10,0,3,0.2798888142118839,0,0
48301,1,1,0,3,0.29887658208727536,0,0
48305,3,7,0,3,0.3032022184889021,0,0
48307,3,6,1,3,0.2953070054426972,0,1
48309,1,29,0,3,0.24545181360596954,0,0
48313,2,5,1,3,0.23134112374316199,0,0
48341,2,6,1,3,0.29805271266723965,0,0
48353,3,9,1,3,0.241791488405546,0,0
48357,4,5,0,3,0.349229995427491,0,0
48375,4,16,1,3,0.2966838424243774,0,0
48383,2,2,0,3,0.3077641785941009,0,0
48389,3,4,1,3,0.17138057222168535,0,0
48391,3,5,1,3,0.25801875777611477,0,1
48415,3,8,1,3,0.33562718049968504,0,0
48425,3,7,0,3,0.2481152274753571,0,0
48427,4,10,1,3,0.36084021901884317,0,1
48429,4,8,1,3,0.2794806641406626,0,1
48433,3,7,0,3,0.29085901228280825,0,0
48441,1,17,1,3,0.21198410444894047,0,0
48451,1,14,1,3,0.132109769916293,0,0
48457,3,10,1,3,0.1678509130023659,0,0
48461,2,4,0,3,0.316650381910251,0,0
48467,3,13,1,3,0.25383917274295686,0,0
48477,2,7,1,3,0.2639486834151593,0,1
48479,4,10,0,3,0.2860227926415494,0,1
48481,1,13,1,3,0.31029938114711586,0,0
48483,3,6,0,3,0.2774385921042782,0,0
48493,2,12,1,3,0.24374538401711063,0,1
49001,2,4,0,3,0.23773358672763242,0,0
49005,3,16,1,3,0.2391900182620928,0,0
49007,3,6,0,3,0.3196689885905203,0,0
49053,2,21,0,3,0.2215672991178733,0,1
49057,1,9,1,3,0.2277192615151707,0,0
50005,2,22,1,3,0.11207696047420126,0,1
50007,1,21,1,3,0.12027903237558016,0,0
50015,2,11,0,3,0.12112101185592829,0,0
51013,1,11,1,3,0.07554183892363882,0,0
51015,2,27,1,3,0.1519955162472361,0,0
51017,4,7,0,3,0.15366539358647743,0,0
51021,2,6,0,3,0.13116851841522614,0,0
51027,4,16,1,3,0.20921857308689748,0,0
51033,1,11,0,3,0.14067224744551032,0,0
51035,3,17,0,3,0.2003962453710331,0,0
51041,1,16,0,3,0.10380163324482677,0,0
51057,4,8,1,3,0.23210805160515469,0,1
51067,3,16,0,3,0.1592300655006155,0,0
51089,4,12,0,3,0.17459359250110731,0,0
51093,1,8,1,3,0.1449297814604619,0,1
51101,1,6,0,3,0.16314690305784044,0,0
51109,2,12,0,3,0.14441766510712153,0,0
51113,2,21,1,3,0.22542886295420167,0,0
51155,3,8,0,3,0.1453884886252952,0,0
51161,1,14,1,3,0.09657758522533069,0,0
51193,2,8,1,3,0.1888288963240167,0,0
51195,4,8,0,3,0.16314613920007204,0,0
51199,1,9,1,3,0.07951438024779527,0,0
51590,4,2,1,3,0.17187875359611834,0,1
51610,1,4,0,3,0.06583119528551204,0,0
51650,2,9,1,3,0.18342856818351347,0,0
51678,3,1,1,3,0.15611555076477743,0,1
51680,3,5,1,3,0.14723007473714492,0,0
51690,4,1,1,3,0.16861413201968248,0,0
51700,3,8,1,3,0.16698341662641325,0,0
51740,1,8,1,3,0.19960064496268917,0,0
51810,1,12,0,3,0.12591840452914546,0,0
53045,2,15,1,3,0.15289851733950602,0,1
53055,1,9,0,3,0.13387145670589778,0,0
53067,1,14,1,3,0.14091342720936453,0,0
54005,4,31,1,3,0.20219875713684762,0,0
54011,3,13,1,3,0.17552254815431248,0,0
54031,3,10,0,3,0.23625200600906449,0,0
54041,4,11,1,3,0.2189056291570844,0,0
54043,4,19,0,3,0.2119824789368996,0,0
54049,3,18,1,3,0.18110173363638976,0,1
54061,3,16,1,3,0.1429629525963975,0,0
54069,2,6,1,3,0.17552659741433035,0,1
54075,3,13,0,3,0.24280377557537286,0,0
54087,4,13,0,3,0.2273138877049313,0,0
54101,4,11,0,3,0.2609250980527295,0,0
54103,4,12,1,3,0.222485202374427,0,0
54109,4,39,0,3,0.009983446681946524,0,0
55003,3,11,0,3,0.13471421727816552,0,0
55015,1,14,1,3,0.12369215384401246,0,0
55045,1,12,1,3,0.12721752395831978,0,1
55059,1,17,1,3,0.13786566739832734,0,0
55065,2,14,1,3,0.17315136206854034,0,0
55067,2,15,0,3,0.13578944016710107,0,0
55071,1,19,1,3,0.1353361155808072,0,0
55083,1,19,1,3,0.13456684669768884,0,1
55087,1,24,1,3,0.12310058692929926,0,0
55095,1,20,1,3,0.12770810827703163,0,1
55109,1,18,0,3,0.11099841921535196,0,0
55127,1,16,1,3,0.14192827836993466,0,0
55139,1,18,1,3,0.13942713114213046,0,0
56013,2,11,1,3,0.27945045218099973,0,0
56025,1,11,1,3,0.22707351890745553,0,0
56027,3,5,0,3,0.28395087735373103,0,0
56031,2,5,1,3,0.24952147816648326,0,1
56041,1,5,0,3,0.2156114010331237,0,0
01019,4,11,1,4,0.2542215664380248,0,0
01021,3,14,1,4,0.22984587649040808,0,0
01035,4,13,1,4,0.2663002438949735,0,0
01039,4,13,1,4,0.237023520117156,0,1
01051,2,13,1,4,0.16775141142918648,0,0
01053,4,9,1,4,0.2619674762379523,0,0
01065,4,9,1,4,0.2551661146858085,0,0
01083,2,15,1,4,0.20798108277203553,0,0
01087,4,13,1,4,0.22400852053785383,0,0
01093,4,12,1,4,0.2142992052288645,0,1
01101,1,24,1,4,0.19210832812923037,0,0
01125,1,27,1,4,0.17444687428973155,0,0
04003,3,23,0,4,0.011232539456205346,0,1
04007,4,13,0,4,0.2328889086117941,0,1
04009,4,10,1,4,0.23512252887936455,0,1
04019,1,48,0,4,0.2378103894616556,0,1
05027,4,7,1,4,0.2411445355970214,0,0
05033,3,11,1,4,0.26506546757488914,0,1
05047,4,13,1,4,0.29485835117659903,0,0
05067,4,11,1,4,0.337738864075105,0,0
05075,4,14,1,4,0.256946476081119,0,0
05085,2,11,1,4,0.22433413649268194,0,0
05089,3,17,0,4,0.2233473032534953,0,0
05097,4,9,1,4,0.25552696183213036,0,1
05103,4,8,1,4,0.25983083786529965,0,0
05111,4,10,1,4,0.31137305830071943,0,0
05123,4,13,1,4,0.31254742737823915,0,0
05129,4,10,1,4,0.26469994189675106,0,1
05135,4,13,1,4,0.2399447280673087,0,0
05137,4,16,0,4,0.26829454898180116,0,0
06005,2,12,1,4,0.18392296669073135,0,1
06017,1,23,1,4,0.14623644264341507,0,0
06025,4,17,0,4,0.29736911060110033,0,1
06031,4,12,1,4,0.27545560762456966,0,0
06035,2,17,1,4,0.21995757763898863,0,1
06045,3,29,1,4,0.17852875345142932,0,0
06053,3,31,0,4,0.19076798510059886,0,0
06057,2,12,1,4,0.18159061899419018,0,0
06085,1,63,0,4,0.09696848160639221,0,0
06103,4,15,1,4,0.26299920788463904,0,0
06109,1,16,1,4,0.13458181144124787,0,1
08013,1,22,1,4,0.1467451327965218,0,0
08063,2,6,0,4,0.23478242976920877,0,0
08065,3,2,0,4,0.1445367305677445,0,0
08069,1,24,1,4,0.16891087632846644,0,0
08071,4,11,0,4,0.18924206036067392,0,0
08091,1,3,0,4,0.1258173379871179,0,0
08101,3,15,1,4,0.22487794722324714,0,0
08109,4,8,1,4,0.17318171670310575,0,1
08111,1,2,0,4,0.14908474964993274,0,0
11001,1,29,0,4,0.018740183422672262,0,1
12003,2,5,1,4,0.1256762680221835,0,0
12005,2,16,1,4,0.13056305004985772,0,0
12007,1,9,0,4,0.11220536286957235,0,0
12043,4,5,1,4,0.21521698778290616,0,0
12047,4,3,0,4,0.19307729459304304,0,0
12049,4,4,1,4,0.2211824594633993,0,0
12081,2,21,0,4,0.13407826561711844,0,0
12099,2,53,0,4,0.11832214107873187,0,0
12103,2,48,0,4,0.1297126440337407,0,0
12105,3,41,0,4,0.14604211520976682,0,0
12115,1,28,0,4,0.12658634742048563,0,0
12129,2,4,1,4,0.14237476277922226,0,0
13009,4,6,1,4,0.053718570445766535,0,0
13013,2,8,1,4,0.15741123404537252,0,0
13029,1,3,0,4,0.12279464710980487,0,0
13043,4,4,1,4,0.31079329045753323,0,1
13053,3,2,0,4,0.12382693507801332,0,0
13067,1,23,0,4,0.09234768911026747,0,0
13089,1,36,0,4,0.12320399952706547,0,0
13095,4,6,1,4,0.2426622442493182,0,0
13109,4,6,1,4,0.2701667545056476,0,1
13113,1,8,1,4,0.09125476087606943,0,0
13127,3,8,1,4,0.18927919151820707,0,0
13133,3,7,0,4,0.21418842362840176,0,0
13139,2,19,1,4,0.15986992014194717,0,0
13145,1,12,0,4,0.09696410114366273,0,0
13153,2,12,1,4,0.20177341908531696,0,0
13159,3,6,0,4,0.2077871180066422,0,0
13161,4,4,0,4,0.25062510542360067,0,0
13163,4,9,1,4,0.30747012266400514,0,0
13165,4,5,1,4,0.3324350715794085,0,1
13177,2,7,0,4,0.1948800953549325,0,0
13181,4,2,0,4,0.259753289233102,0,0
13185,1,11,0,4,0.20115908623795606,0,1
13211,1,9,0,4,0.14671619115233847,0,0
13215,4,11,1,4,0.16909223729573447,0,0
13219,1,8,1,4,0.11507768476925156,0,1
13265,4,4,0,4,0.29171664272704767,0,0
13279,4,3,1,4,0.24297017396396062,0,0
13305,4,6,1,4,0.2254214701152236,0,0
13311,2,7,0,4,0.125868475900388,0,0
16001,1,17,1,4,0.1536546698494974,0,0
16005,3,10,0,4,0.23277836872001026,0,0
16011,3,11,1,4,0.12909105679122163,0,0
16013,2,8,1,4,0.2506215180118676,0,0
16015,1,8,0,4,0.15156088325262557,0,0
16019,2,14,1,4,0.13534143186784803,0,0
16023,3,3,0,4,0.10443943089504999,0,0
16037,4,7,0,4,0.20670764548864579,0,0
16043,3,9,0,4,0.22450181554454576,0,0
16061,2,7,0,4,0.12526257187768827,0,0
16075,3,7,1,4,0.2682843100145051,0,0
16083,3,10,1,4,0.2398851787319814,0,1
17001,2,23,1,4,0.1393880171318476,0,0
17021,2,20,1,4,0.17823039464661297,0,1
17061,2,13,0,4,0.16668866838867744,0,0
17069,3,5,0,4,0.19351946310538845,0,0
17071,2,17,0,4,0.16345636311279083,0,0
17075,2,25,1,4,0.19572267709731214,0,0
17079,2,15,0,4,0.16765130991825433,0,0
17111,1,24,1,4,0.09524541666890217,0,0
17119,2,35,0,4,0.1517181177413148,0,0
17121,3,15,1,4,0.18033382512732993,0,1
17127,3,8,1,4,0.2104432922095686,0,0
17129,1,8,0,4,0.12502351140223023,0,0
17131,1,18,0,4,0.17273120053014002,0,0
17145,3,12,0,4,0.1902196369676759,0,0
17173,2,22,1,4,0.1712423532544055,0,0
17185,2,7,0,4,0.17068101982024353,0,0
17189,1,13,1,4,0.1665148053115958,0,0
17195,2,15,0,4,0.17367093821627905,0,0
17199,3,22,1,4,0.14417654578565917,0,0
18009,3,7,1,4,0.24329729567547256,0,0
18015,2,17,0,4,0.20135031244579357,0,0
18021,2,17,1,4,0.16760175065629707,0,0
18029,1,9,1,4,0.13015402058528802,0,0
18051,2,16,1,4,0.16299459145433354,0,1
18069,2,9,1,4,0.17229083794946687,0,1
18073,1,13,1,4,0.1473806851702614,0,1
18085,1,21,1,4,0.15397711364394076,0,0
18087,1,12,1,4,0.18512950177634382,0,1
18089,2,28,0,4,0.1550773519854674,0,0
18091,3,15,1,4,0.16252771894571494,0,0
18109,1,14,1,4,0.15636350599869284,0,0
18121,3,12,0,4,0.19632430497311873,0,0
18159,2,10,0,4,0.19054782543017518,0,0
18167,1,18,1,4,0.08589820540856766,0,0
19013,3,17,1,4,0.16335816427168415,0,0
19021,2,13,1,4,0.13584601878037533,0,0
19023,1,16,1,4,0.1634712048638754,0,0
19029,2,13,0,4,0.23387625819622748,0,0
19035,2,15,0,4,0.22381860230267261,0,0
19041,2,15,1,4,0.13689770803821485,0,0
19063,2,7,0,4,0.18974722106045766,0,0
19067,3,13,1,4,0.16961824546525542,0,0
19073,2,13,0,4,0.16675616482410988,0,0
19079,1,15,1,4,0.1747931797875536,0,0
19085,2,15,0,4,0.165625874442254,0,0
19117,2,9,0,4,0.15811079565948546,0,0
19143,2,8,0,4,0.1893963708387799,0,0
19147,1,14,0,4,0.15626300340140423,0,0
19169,3,22,1,4,0.1729922541637778,0,0
19171,2,19,0,4,0.22777579392712233,0,0
19175,2,10,0,4,0.1869775117172992,0,0
19177,2,13,0,4,0.17592622795550603,0,0
19179,3,12,1,4,0.1739044392443519,0,1
19185,3,12,0,4,0.237947380590749,0,0
20009,3,10,1,4,0.23790493898226472,0,0
20027,1,10,1,4,0.1984054992550112,0,1
20031,2,10,0,4,0.24147528258661494,0,0
20037,1,15,1,4,0.24222939783789035,0,1
20043,2,10,0,4,0.21498926614417932,0,0
20063,2,10,0,4,0.28540925684480967,0,0
20073,3,11,1,4,0.30018712186905655,0,1
20089,3,14,0,4,0.3090001580139157,0,0
20091,1,34,0,4,0.09211759589759055,0,0
20125,3,13,1,4,0.31654782175123913,0,1
20133,4,11,1,4,0.28940666352816097,0,0
20141,2,12,0,4,0.21083461867613706,0,0
20153,3,10,0,4,0.220699447513896,0,0
20159,2,13,1,4,0.24338871670504406,0,1
20161,3,14,1,4,0.27583323630096546,0,0
20163,2,10,1,4,0.1594770614298221,0,1
20165,2,10,0,4,0.1527861324786453,0,0
20169,2,9,1,4,0.18137298017278752,0,1
20183,2,10,0,4,0.19325453489608002,0,0
20201,2,15,1,4,0.13123268177371092,0,1
20203,1,3,0,4,0.24311098253083338,0,0
20207,3,10,0,4,0.282809135234821,0,0
21015,1,9,1,4,0.11088101382807103,0,0
21023,3,7,1,4,0.18445799652691047,0,1
21033,3,6,1,4,0.2392569956783482,0,0
21043,4,10,0,4,0.22125442812036328,0,0
21047,4,15,1,4,0.22484157659859477,0,0
21055,4,5,0,4,0.2941972360552379,0,0
21069,4,7,1,4,0.2151144736161734,0,0
21075,4,3,1,4,0.326447508326553,0,1
21077,3,6,1,4,0.1609745852022971,0,1
21091,2,5,0,4,0.15250163242593323,0,0
21093,2,17,1,4,0.1711067091288828,0,0
21095,4,27,0,4,0.14416561630771021,0,0
21107,4,13,1,4,0.20969297099604212,0,0
21109,4,5,0,4,0.1957601838393263,0,0
21127,4,10,1,4,0.2025972677871935,0,0
21153,4,4,1,4,0.20966622394373327,0,0
21169,4,10,0,4,0.24915378077665531,0,0
21183,3,16,1,4,0.20533311971925608,0,0
21207,4,7,1,4,0.24509351510600616,0,0
21217,4,6,1,4,0.20204824847881026,0,0
21231,4,5,1,4,0.2607661874858334,0,0
21235,4,7,1,4,0.17271303093869272,0,0
22001,4,15,1,4,0.22745220991494658,0,1
22003,3,13,1,4,0.17772195998807602,0,0
22005,1,8,1,4,0.1459176134362941,0,0
22007,4,9,0,4,0.2002665116872975,0,0
22041,4,7,1,4,0.330475565822702,0,0
22043,3,8,1,4,0.19758791096471923,0,0
22053,3,10,1,4,0.22682369965265406,0,1
22059,4,8,0,4,0.24759189681483867,0,0
22087,4,6,1,4,0.194424036714418,0,1
22097,1,18,0,4,0.22546177846031726,0,1
22107,4,4,1,4,0.2962700957712177,0,1
22115,3,13,1,4,0.18685662602869071,0,1
22117,4,6,1,4,0.23110389151985933,0,0
23031,1,36,1,4,0.11831397817332841,0,0
24001,3,15,1,4,0.18313131573558664,0,1
24009,1,14,0,4,0.11175543524458624,0,0
24015,1,15,0,4,0.1684434615212101,0,1
24037,1,26,1,4,0.13171510933413513,0,0
24045,3,16,0,4,0.18626580203766255,0,1
25003,2,36,0,4,0.11246641998478192,0,0
25009,1,45,0,4,0.10380872910549858,0,0
25019,1,2,0,4,0.08700487390402199,0,0
25027,1,87,1,4,0.10330736025517004,0,0
26045,1,19,1,4,0.16933220511709815,0,0
26055,1,9,1,4,0.1263961283596386,0,1
26061,4,20,1,4,0.1509700885456535,0,0
26071,3,8,0,4,0.14779646768590976,0,0
26079,3,8,0,4,0.1842768499068437,0,0
26083,3,6,0,4,0.1213420916500659,0,0
26091,2,23,1,4,0.17335363283586486,0,0
26099,2,39,1,4,0.19291587284538986,0,0
26103,2,15,1,4,0.12799455864974618,0,1
26111,2,15,0,4,0.12174534941122712,0,0
26115,1,25,1,4,0.20198470847198788,0,0
26119,3,5,0,4,0.15696491194285925,0,0
26123,3,21,1,4,0.18140859643414367,0,0
26143,4,7,0,4,0.16352012057345158,0,0
26151,3,22,1,4,0.19038033821636213,0,0
26155,2,19,1,4,0.16401959492267917,0,0
26161,2,27,1,4,0.1347560102973696,0,0
27003,1,20,1,4,0.09560649146006754,0,0
27007,3,18,1,4,0.18058922968225344,0,0
27011,2,10,0,4,0.20411004835167784,0,0
27027,2,15,1,4,0.18918097455086091,0,0
27039,1,10,0,4,0.13793994192914485,0,0
27051,2,11,0,4,0.1985098047436709,0,0
27055,1,9,0,4,0.13195173016066447,0,0
27071,2,13,0,4,0.17461215181369372,0,0
27073,1,10,0,4,0.20672543800344584,0,0
27083,3,14,1,4,0.18413423621170408,0,0
27091,2,15,0,4,0.20127678143346753,0,0
27101,1,16,0,4,0.1920999821319825,0,0
27109,1,19,1,4,0.09605657942977538,0,0
27129,2,16,1,4,0.20066814870099864,0,0
27133,1,12,0,4,0.17812071965694387,0,0
27145,2,33,1,4,0.03358226162389482,0,0
27161,2,13,0,4,0.18413574739488728,0,0
28005,4,9,0,4,0.1383771214338542,0,0
28007,4,11,1,4,0.1921790334348485,0,0
28045,3,10,1,4,0.18438537141655914,0,1
28047,1,13,0,4,0.14013641718457626,0,1
28049,1,21,0,4,0.18218861083232224,0,0
28053,4,8,0,4,0.2903946111636726,0,0
28069,4,11,1,4,0.19994618754332852,0,1
28071,4,13,1,4,5.064831941588777e-07,0,0
28083,4,11,1,4,0.26932640387034323,0,0
28093,3,8,1,4,0.17577237520622516,0,0
28129,4,15,0,4,0.17754769340684953,0,0
28131,4,6,1,4,0.16190192778483875,0,0
28135,4,18,1,4,0.11624484210905944,0,0
28145,3,11,1,4,0.14163222884551105,0,0
28157,4,4,0,4,0.17414014952772858,0,0
28159,4,10,1,4,0.2067502018437901,0,0
29009,4,17,1,4,0.2575816000338225,0,0
29017,4,13,1,4,0.27112898385278905,0,0
29019,1,13,1,4,0.10743715636278484,0,0
29023,4,10,1,4,0.2820151381840048,0,0
29033,3,10,1,4,0.2532386885448469,0,1
29039,4,9,1,4,0.2793171872129888,0,0
29043,1,21,1,4,0.1354482911681134,0,1
29049,1,11,1,4,0.19275666698803573,0,0
29057,3,13,1,4,0.2990254485645755,0,1
29075,3,13,0,4,0.21832009227886892,0,0
29081,4,13,0,4,0.30006785591102453,0,0
29083,4,11,1,4,0.23705129127176414,0,0
29091,4,12,1,4,0.2641684098387639,0,0
29099,1,24,1,4,0.16488062957188593,0,0
29123,3,7,1,4,0.2007397335954166,0,0
29137,3,16,0,4,0.24332228339836678,0,0
29141,4,15,0,4,0.26491565778755277,0,0
29143,4,17,1,4,0.3377449762215583,0,0
29171,3,10,0,4,0.24664823872890151,0,0
29175,3,12,1,4,0.20820203979787863,0,0
29177,2,12,1,4,0.2127910572054341,0,0
29181,4,9,1,4,0.28882922107580666,0,0
29183,1,14,1,4,0.15024818306243404,0,0
29199,3,10,1,4,0.28503124236820704,0,1
29205,3,9,0,4,0.2419957209917882,0,0
29207,1,13,1,4,0.24491890440905006,0,1
29213,3,20,1,4,0.21836784055788785,0,1
29225,3,9,1,4,0.18169867558199057,0,1
29510,4,29,0,4,0.2371853697494841,0,1
30017,2,6,0,4,0.21798074312012677,0,0
30031,2,10,0,4,0.14155994247529172,0,0
30037,3,3,0,4,0.266426026100155,0,0
30049,1,9,1,4,0.12361986228958965,0,0
30055,3,6,0,4,0.3086665321519577,0,0
30065,3,5,0,4,0.26459584651523854,0,0
30067,2,9,0,4,0.18947190176220097,0,0
30089,4,11,0,4,0.22922259883782645,0,0
30095,1,10,0,4,0.1731490304711227,0,0
30103,3,2,0,4,0.2764552808413705,0,0
30111,2,16,1,4,0.19701084348060716,0,0
31003,2,11,1,4,0.16099544923120065,0,1
31009,2,4,0,4,0.12010495047492,0,0
31013,2,3,1,4,0.24182923244016533,0,0
31033,1,5,1,4,0.1723162561056411,0,1
31045,2,6,1,4,0.2092818078924778,0,1
31049,2,4,0,4,0.25132921871762526,0,0
31055,2,35,0,4,0.07431567729301461,0,0
31069,1,9,0,4,0.25307616051831944,0,0
31093,1,11,1,4,0.1446335394780118,0,1
31109,2,42,1,4,0.13069548840892,0,0
31119,2,8,1,4,0.13278464087508923,0,1
31121,3,9,0,4,0.16038968841679485,0,0
31145,2,8,0,4,0.17838549387267005,0,0
31147,2,9,0,4,0.22206939827915045,0,0
31151,3,12,0,4,0.20597518979248666,0,0
31153,1,13,1,4,0.10618073992252487,0,0
31167,2,10,0,4,0.14070476010803765,0,0
31175,2,6,0,4,0.1836241457046157,0,0
31179,2,11,1,4,0.15649931864267713,0,1
32029,1,5,0,4,0.2102364976059016,0,0
32031,2,27,0,4,0.21689474826257513,0,0
34007,1,35,0,4,0.11405728096251116,0,0
34011,1,22,1,4,0.15382299411495345,0,0
34013,2,31,0,4,0.13078888911794836,0,0
34019,1,26,1,4,0.07522519076335982,0,0
34021,1,25,1,4,0.09516072736348756,0,0
34025,1,52,0,4,0.09068122636987422,0,0
34039,1,27,0,4,0.1179052601969224,0,0
35015,3,8,1,4,0.07814426094427702,0,1
35025,3,7,1,4,0.2883493533471765,0,0
35039,1,37,1,4,0.17516836037629818,0,0
35045,4,22,0,4,0.2941446730796017,0,1
35051,4,10,1,4,0.21925411621288904,0,0
35055,4,21,1,4,0.19035343277112976,0,1
35057,4,9,0,4,0.311772849503123,0,0
36011,1,26,1,4,0.12783297702589325,0,0
36035,3,14,0,4,0.10730073609495568,0,0
36041,2,13,1,4,0.09285702301569435,0,1
36057,3,20,1,4,0.10921920466476857,0,1
36063,1,22,1,4,0.1444979156119306,0,0
36103,1,108,0,4,0.0912738861543282,0,0
36107,2,15,1,4,0.09874345849623781,0,0
37001,3,12,1,4,0.15678756448327244,0,0
37005,4,7,0,4,0.18750949704210015,0,0
37033,3,16,0,4,0.1647145734217438,0,0
37041,3,4,1,4,0.17692971218296102,0,0
37055,1,14,1,4,0.1404692682754979,0,0
37071,3,18,1,4,0.13598663769504213,0,0
37085,3,16,1,4,0.1333992662948574,0,0
37087,2,7,0,4,0.14054009769059678,0,0
37089,2,15,1,4,0.11389495328968056,0,0
37095,4,7,0,4,0.25450185448899953,0,0
37105,3,4,1,4,0.13459227350483516,0,1
37129,3,10,1,4,0.12120517999806481,0,0
37139,3,1,0,4,0.1758420743791002,0,0
37153,4,11,1,4,0.1948055108159676,0,0
37159,3,19,1,4,0.15078198422710606,0,0
37171,4,12,1,4,0.16726491373630908,0,0
37185,4,8,1,4,0.23017955748585006,0,0
37193,4,23,1,4,0.15697878072944482,0,0
37197,3,7,0,4,0.1704997063537803,0,0
38005,3,18,0,4,0.2471544667175916,0,0
38021,1,8,0,4,0.1992853933938024,0,0
38033,1,4,0,4,0.2157931733459339,0,0
38057,1,10,0,4,0.2338580037049266,0,0
38071,1,12,0,4,0.07937501234908768,0,0
38087,1,9,0,4,0.1822269117004481,0,0
38097,1,12,0,4,0.16198527596950235,0,0
39009,4,18,1,4,0.1606507522231407,0,0
39019,2,20,1,4,0.18255609338584516,0,0
39061,1,57,0,4,0.13359917966956358,0,1
39067,3,16,0,4,0.21408838520530785,0,0
39069,1,17,0,4,0.20327095481474833,0,0
39099,2,36,1,4,0.21369421973980413,0,0
39121,2,15,1,4,0.13505533905696843,0,0
39135,1,16,1,4,0.245856668938631,0,0
39155,3,30,1,4,0.2148377107691508,0,0
39157,2,27,0,4,0.17357657887023792,0,0
39159,1,20,1,4,0.16079218269935647,0,1
40001,4,8,1,4,0.33983872741078347,0,0
40003,1,13,1,4,0.25656312059760067,0,1
40005,4,15,0,4,0.359924781283875,0,0
40009,3,6,1,4,0.29686424221532437,0,0
40011,3,13,1,4,0.3379849659990187,0,1
40027,2,21,0,4,0.22307763920138712,0,0
40049,3,13,1,4,0.33500656710648974,0,0
40053,1,10,1,4,0.2778049250712188,0,1
40067,4,8,1,4,0.417651824914986,0,1
40071,4,10,1,4,0.3376304187970636,0,1
40073,2,12,1,4,0.3195172491280081,0,0
40083,2,15,1,4,0.27665961877843254,0,1
40105,3,7,1,4,0.3981373106701467,0,1
40117,3,12,1,4,0.3367601614054448,0,0
40121,3,19,1,4,0.33134005474899403,0,1
40127,4,16,1,4,0.32430588303866853,0,0
40145,2,15,1,4,0.2743205338226814,0,1
40149,3,18,1,4,0.3068090181264608,0,0
41005,1,37,1,4,0.1629419589136053,0,0
41009,2,9,1,4,0.18170353323313368,0,1
41017,1,7,1,4,0.18871365551140334,0,0
41021,2,4,0,4,0.27348681361172844,0,0
41031,3,8,1,4,0.27173008550463035,0,0
41047,3,26,1,4,0.2301392129707887,0,0
41049,3,7,1,4,0.3313714765760976,0,0
41053,2,11,1,4,0.2016968740522661,0,0
41055,2,5,0,4,0.35623456794326114,0,0
41057,2,16,0,4,0.17868327829371616,0,0
41059,3,14,1,4,0.3313466941127585,0,0
41063,2,5,0,4,0.2207018143372082,0,0
42001,1,17,1,4,0.17251430138678403,0,0
42009,2,28,1,4,0.17355068666875836,0,0
42031,3,31,0,4,0.16585630472385718,0,0
42033,3,51,1,4,0.1454100608949942,0,0
42035,3,15,0,4,0.1542740117312063,0,0
42043,2,30,1,4,0.17578012991422148,0,0
42045,1,44,0,4,0.11394940639118342,0,0
42057,2,17,0,4,0.18494468567009786,0,0
42067,2,13,0,4,0.20882898353860713,0,0
42075,2,19,1,4,0.19224446916142596,0,0
42077,1,34,0,4,0.14886483748835277,0,0
42079,3,50,1,4,0.14083033061513042,0,0
42085,2,28,1,4,0.19860759252158589,0,0
42089,2,35,1,4,0.11723752983649476,0,0
42101,4,46,0,4,0.1736224884000806,0,1
42105,3,15,0,4,0.18713034853754737,0,0
42107,2,59,1,4,0.18500646187858408,0,0
42111,2,40,1,4,0.16211017336978423,0,0
44003,1,9,1,4,0.11131856725722834,0,0
44005,1,8,1,4,0.08356539403898627,0,0
44007,1,39,0,4,0.1374141855924365,0,0
45005,4,6,1,4,0.3150948495656492,0,1
45007,3,19,0,4,0.16852722760602507,0,0
45013,1,16,1,4,0.17557473442457472,0,0
45023,4,10,1,4,0.23754842320641517,0,1
45033,4,11,1,4,0.23155472167113147,0,1
45041,3,12,1,4,0.18826178781296643,0,0
45043,3,5,1,4,0.1880997295318577,0,0
45049,4,13,1,4,0.26808395369293736,0,0
45051,3,16,1,4,0.20634235627877112,0,0
45057,3,5,1,4,0.1399131011142471,0,0
45061,4,12,0,4,0.2675406728105981,0,0
45071,3,11,0,4,0.23590734661670465,0,0
45075,1,24,0,4,0.28785145675001383,0,1
45077,3,15,1,4,0.14939671058532872,0,0
45087,4,9,1,4,0.22801299426006286,0,0
46011,2,12,0,4,0.12043403980241947,0,0
46031,4,15,1,4,0.306564625444254,0,1
46033,3,9,1,4,0.20112147304617878,0,1
46039,1,12,0,4,0.1927372380463918,0,0
46051,1,12,0,4,0.14793098270608665,0,0
46053,3,8,0,4,0.1874318989922822,0,0
46067,2,13,1,4,0.15496005079115308,0,1
46071,4,12,0,4,0.27499804758472396,0,0
46075,1,5,0,4,0.21882899120938182,0,0
46079,2,14,0,4,0.13625919645265633,0,0
46087,2,12,0,4,0.14373279669602024,0,0
46101,2,13,0,4,0.14012895598679273,0,0
46102,4,11,0,4,0.006497983941630181,0,0
47033,4,8,1,4,0.2899216936921325,0,0
47047,1,15,0,4,0.1375664063541507,0,0
47057,4,9,0,4,0.2600320425244767,0,0
47073,4,12,1,4,0.24765219219035983,0,0
47075,4,6,1,4,0.2969333537184551,0,0
47077,4,14,1,4,0.24296418938169884,0,0
47081,3,13,0,4,0.18615378510912184,0,0
47093,2,30,0,4,0.16507661965645493,0,0
47101,4,7,1,4,0.20017323244893565,0,0
47103,3,12,0,4,0.22649312311083203,0,0
47109,4,15,1,4,0.218988151333347,0,0
47113,3,13,0,4,0.23096758954121982,0,1
47123,4,9,1,4,0.19592837083378828,0,1
47127,3,10,0,4,0.1930431137590715,0,0
47145,2,10,1,4,0.17262566750739886,0,0
47155,3,10,1,4,0.2385040495401472,0,0
47171,4,6,0,4,0.23091225685556133,0,0
47175,4,7,1,4,0.24259886079745743,0,1
47183,4,12,1,4,0.24704608193064256,0,1
48019,2,7,1,4,0.23546652981545418,0,0
48023,2,2,1,4,0.25967834544306106,0,1
48031,1,8,1,4,0.2700094770809759,0,1
48039,1,20,0,4,0.20322804649631676,0,0
48043,3,4,1,4,0.23936653858397555,0,1
48055,3,14,1,4,0.3039481260988758,0,0
48069,3,10,0,4,0.307173350557524,0,0
48089,2,18,1,4,0.26979355928547544,0,0
48091,1,14,1,4,0.15751188300599536,0,0
48097,2,14,1,4,0.2461553168724094,0,1
48099,1,17,1,4,0.14131234219882663,0,1
48125,4,7,1,4,0.3175137121037988,0,1
48127,4,6,1,4,0.37780013216938635,0,1
48129,3,6,0,4,0.3293447025400925,0,0
48155,4,3,0,4,0.2938700597284635,0,0
48157,1,34,0,4,0.13872201139549728,0,0
48161,4,9,1,4,0.24203381473127075,0,0
48179,4,7,0,4,0.28609214220293394,0,0
48185,3,11,1,4,0.29115156814301607,0,0
48193,3,10,1,4,0.2776734097502449,0,1
48209,2,14,1,4,0.19377071711002392,0,0
48215,4,28,0,4,0.34659250926575663,0,0
48223,3,13,1,4,0.24713595058597448,0,0
48229,3,6,0,4,0.2425056136500002,0,0
48235,2,4,0,4,0.1843551292752528,0,0
48241,4,9,1,4,0.22801843403483746,0,1
48263,3,4,0,4,0.2545958607411594,0,0
48267,1,6,0,4,0.17394848903994092,0,0
48269,4,2,1,4,0.25640772808778073,0,1
48273,4,4,1,4,0.32230981676001547,0,0
48281,2,6,1,4,0.244020045623711,0,0
48293,4,14,1,4,0.2910897445984196,0,0
48295,2,7,0,4,0.2451935120847297,0,0
48299,1,10,1,4,0.20037322902489105,0,0
48303,1,25,1,4,0.26616232312784294,0,0
48317,1,8,1,4,0.177977659706525,0,1
48323,4,3,1,4,0.4020962554389896,0,1
48331,3,13,1,4,0.31306221005416224,0,0
48337,3,10,1,4,0.30599217654263794,0,0
48339,1,27,0,4,0.1567364690782708,0,0
48343,4,7,1,4,0.2648459082028412,0,0
48361,2,4,1,4,0.2115597187714436,0,0
48377,4,4,1,4,0.41972504714701636,0,1
48385,4,8,0,4,0.3281809981201759,0,0
48407,4,8,1,4,0.2531512379962563,0,0
48417,4,5,0,4,0.2248156104102344,0,0
48435,1,2,0,4,0.13499261082139544,0,0
48437,4,5,1,4,0.3674491475162843,0,1
48445,4,6,1,4,0.3329442610808486,0,0
48447,4,7,0,4,0.2346266670796069,0,0
48455,4,7,1,4,0.2236150469308146,0,0
48459,3,12,1,4,0.2054753372155315,0,0
48471,4,9,1,4,0.24757332378173877,0,0
48489,4,6,0,4,0.44251914944314646,0,0
48491,1,25,0,4,0.15922047491819147,0,0
48497,2,17,1,4,0.2304165154146426,0,1
48505,4,5,1,4,0.4078334674159319,0,0
49013,2,12,0,4,0.28136574473088366,0,0
49015,2,9,0,4,0.24869915339039939,0,0
49021,4,10,1,4,0.23229652486552393,0,0
49031,3,6,0,4,0.19888895431923734,0,0
49037,3,12,1,4,0.2722642422883953,0,0
49043,1,9,1,4,0.12221157937753908,0,1
49055,2,6,0,4,0.22461280498278458,0,0
51007,1,5,1,4,0.1756838170770386,0,0
51009,2,9,1,4,0.15039668306722506,0,1
51023,1,12,0,4,0.11347830169627163,0,0
51029,3,11,0,4,0.18868357046882536,0,0
51045,1,5,0,4,0.1058509883591731,0,0
51053,3,12,0,4,0.19002416699653515,0,0
51061,1,24,1,4,0.10414039016220998,0,0
51071,2,10,0,4,0.12386296749363379,0,0
51075,1,15,1,4,0.09021306307278525,0,0
51081,4,4,1,4,0.20585386673149528,0,0
51083,3,14,1,4,0.21707256613448156,0,1
51095,1,4,1,4,0.09954572689345327,0,0
51097,2,14,0,4,0.15894429785234376,0,0
51105,4,11,1,4,0.2112088097743766,0,0
51107,1,21,1,4,0.06438898157817514,0,0
51117,3,13,1,4,0.1925568396727893,0,1
51119,1,12,1,4,0.148042426729413,0,1
51131,3,11,1,4,0.06746141209160085,0,0
51135,4,7,1,4,0.1964248847629087,0,0
51159,3,5,1,4,0.2093352233245049,0,1
51165,2,22,0,4,0.1646143936763097,0,0
51171,2,14,1,4,0.14123148883668288,0,1
51181,3,10,0,4,0.19361649368339284,0,0
51183,1,11,0,4,0.03908454595506177,0,0
51191,2,10,1,4,0.1553094422149002,0,0
51520,4,2,1,4,0.23819142201802038,0,0
51580,3,1,0,4,0.16183473043025726,0,0
51595,4,1,1,4,0.20482561269730104,0,1
51710,1,15,1,4,0.18271351591583657,0,0
51730,3,2,1,4,0.18172749880473,0,1
51735,1,1,0,4,0.09742765578046018,0,0
51760,1,15,0,4,0.1801612644774046,0,0
51790,1,2,0,4,0.1447694522603189,0,0
51820,3,1,0,4,0.17256547026639402,0,0
51830,1,2,0,4,0.1179738833380714,0,0
53003,3,3,1,4,0.3011450703786551,0,0
53005,2,12,1,4,0.20923783080703318,0,0
53013,3,5,0,4,0.22966160367965202,0,0
53021,3,7,1,4,0.2834530720262986,0,0
53031,2,9,1,4,0.16543036273211986,0,0
53037,3,12,0,4,0.2683940256987058,0,0
53043,2,14,0,4,0.22568352608785028,0,0
53051,3,9,0,4,0.20716832315447226,0,0
53073,2,18,1,4,0.16747675879268184,0,0
54003,2,11,1,4,0.18793612411498506,0,0
54007,4,18,0,4,0.2304239436722734,0,0
54009,2,8,1,4,0.2284891663864708,0,0
54023,3,12,0,4,0.24512955293100283,0,0
54027,3,20,0,4,0.23757521106210708,0,0
54037,1,9,1,4,0.16783180185330848,0,0
54045,4,33,0,4,0.2336304094812815,0,0
54057,2,10,0,4,0.18610103175968853,0,0
54059,4,18,1,4,0.20901438265538574,0,0
54077,3,16,0,4,0.23282447970211587,0,0
54083,4,22,1,4,0.214573697394308,0,0
54099,4,17,1,4,0.2443901026517241,0,1
55009,1,19,1,4,0.10690532494323209,0,0
55011,1,9,0,4,0.16676542702772612,0,0
55063,2,15,1,4,0.13135759036374697,0,0
55091,1,6,0,4,0.1505083698693592,0,0
55097,2,21,1,4,0.11214225312943453,0,0
55121,1,14,1,4,0.13107340198541576,0,0
55123,3,18,1,4,0.16505910750026137,0,0
55125,2,12,1,4,0.15959126668283363,0,0
56021,1,12,1,4,0.1443404321703092,0,0
