county_fips,poverty_quartile,n_zctas_in_county,suppression_flag,fold,prob_high_risk,pred_high_risk,true_label
01009,3,17,1,0,0.20299598618539968,0,0
01011,4,7,1,0,0.2480297283230423,0,1
01013,4,8,0,0,0.2493170107571934,0,0
01037,3,11,1,0,0.21514946351708986,0,0
01041,3,11,0,0,0.2179297216169828,0,0
01047,4,10,1,0,0.253289444285456,0,0
01061,4,14,0,0,0.22199773860326769,0,0
01073,1,62,0,0,0.1955821696041528,0,0
01089,1,25,1,0,0.15512782719002866,0,0
01097,1,36,0,0,0.19230477316645297,0,0
01099,4,17,1,0,0.23696459453714946,0,0
01109,1,9,1,0,0.27407059706238546,0,1
01111,3,8,1,0,0.21605264962851004,0,0
01121,4,12,1,0,0.23236123884155943,0,0
01129,4,16,1,0,0.23450552665984903,0,0
04011,2,3,0,0,0.18609207406919798,0,0
04012,4,8,0,0,0.2783690578418415,0,1
04013,1,136,0,0,0.1975025542201603,0,1
04017,4,33,0,0,0.2501372690844685,0,1
04025,2,31,0,0,0.1935729953644825,0,1
05009,3,9,1,0,0.20385574938774395,0,0
05011,4,7,1,0,0.2460406113478203,0,0
05021,4,13,1,0,0.2890930278868099,0,0
05025,4,7,1,0,0.217993953984595,0,1
05029,4,15,1,0,0.26331357908246544,0,0
05031,1,16,1,0,0.22013115434629846,0,0
05043,4,9,1,0,0.2057972968481084,0,0
05051,3,10,1,0,0.2003728337622638,0,0
05061,4,8,1,0,0.26426277658084063,0,0
05083,4,12,1,0,0.25469313122221143,0,0
05127,4,10,1,0,0.27265693640367555,0,1
05133,4,7,1,0,0.253066431743074,0,0
05145,4,17,1,0,0.23722793550451493,0,0
05149,4,13,1,0,0.2611856790006944,0,0
06003,1,3,0,0,0.19467027702409057,0,0
06009,1,20,1,0,0.20656320468119974,0,1
06015,4,4,1,0,0.18852700294263117,0,0
06021,3,7,1,0,0.2833498372272629,0,0
06023,4,36,1,0,0.1760165700813736,0,0
06037,1,292,0,0,0.05278421421686605,0,0
06041,1,29,1,0,0.10195733754986075,0,0
06043,3,13,1,0,0.23806960700138072,0,0
06047,4,24,0,0,0.2825284284623143,0,0
06049,3,13,0,0,0.2992158304735753,0,0
06051,1,9,0,0,0.18145470214507603,0,0
06055,1,12,1,0,0.15475491903563665,0,0
06059,1,91,0,0,0.14041539515785006,0,0
06061,1,34,0,0,0.1476434913330763,0,0
06063,2,17,1,0,0.17765151296934972,0,0
06069,2,7,1,0,0.18813901125778318,0,0
06071,3,93,0,0,0.2436880192739668,0,0
06077,1,36,0,0,0.2386451994767929,0,0
06087,2,17,1,0,0.13440645418964467,0,0
06115,3,17,1,0,0.24692930690161066,0,1
08011,4,6,0,0,0.2449697333921927,0,0
08041,1,45,0,0,0.14552845875202855,0,0
08043,3,11,1,0,0.15600257994306507,0,1
08059,1,33,1,0,0.12113977030948211,0,0
08061,3,5,0,0,0.20882009588833508,0,0
08067,1,6,1,0,0.13422896347283145,0,1
08093,1,12,0,0,0.05832497509821589,0,0
08123,1,41,1,0,0.18068458768842227,0,0
09001,1,46,1,0,0.1032822705569742,0,0
09003,1,58,1,0,0.13506154930596884,0,0
09011,1,31,1,0,0.11391886891114875,0,0
09013,1,17,0,0,0.09288551470438465,0,0
10001,1,18,1,0,0.20105660247643914,0,0
12013,3,8,0,0,0.19210329232758808,0,0
12021,1,23,0,0,0.13229669761499271,0,0
12027,4,4,0,0,0.22512823705963275,0,0
12031,1,36,0,0,0.14290265101778746,0,0
12033,1,18,1,0,0.14113643981115373,0,0
12061,2,9,1,0,0.15253161610579274,0,0
12071,1,38,0,0,0.13747081978698372,0,0
12089,1,6,1,0,0.12116122806226422,0,0
12093,4,2,0,0,0.22027652488763305,0,0
12109,1,12,1,0,0.10099233168257696,0,0
12119,1,11,1,0,0.16399396624213772,0,0
12123,1,6,0,0,0.1324692105906487,0,0
12125,1,5,0,0,0.16552429492285775,0,0
13003,4,5,1,0,0.2714103121740329,0,1
13007,3,6,0,0,0.2285335233399108,0,0
13011,3,11,0,0,0.1796157908019947,0,0
13021,1,12,1,0,0.24513655002742832,0,0
13031,1,11,1,0,0.19253067387088524,0,0
13037,4,6,0,0,0.3002489308560944,0,0
13039,3,8,1,0,0.138913905965882,0,1
13049,4,4,0,0,0.2436613572805571,0,0
13055,4,6,1,0,0.2098483201273174,0,0
13069,4,10,1,0,0.2713014374348631,0,1
13071,4,13,1,0,0.2765251060557017,0,0
13073,1,7,1,0,0.11428464769931984,0,0
13079,3,7,0,0,0.23324387475203778,0,0
13103,1,8,1,0,0.14286878780231907,0,1
13105,4,4,0,0,0.24618582861039984,0,0
13115,4,13,1,0,0.18738533531016976,0,0
13119,3,10,1,0,0.2061623839774391,0,0
13121,1,46,0,0,0.12618973310562706,0,0
13137,3,7,1,0,0.1526954371903258,0,1
13143,3,7,0,0,0.16235924409300795,0,0
13151,2,11,1,0,0.13816033012860376,0,0
13169,4,8,1,0,0.23528645414377752,0,0
13173,4,5,0,0,0.23959158432599473,0,0
13175,4,15,1,0,0.2600251284121719,0,1
13187,3,4,0,0,0.14004832956999705,0,0
13191,3,4,1,0,0.22533459486904325,0,0
13193,4,10,1,0,0.277698095510463,0,0
13227,2,9,1,0,0.12419854106427292,0,0
13253,4,4,1,0,0.27645998444158837,0,1
13255,4,7,0,0,0.20645817033677688,0,0
13261,4,8,1,0,0.2508847168734046,0,0
13263,4,8,0,0,0.21437185142966717,0,0
13283,4,6,0,0,0.266625183135026,0,0
13307,4,6,0,0,0.23772593901214992,0,0
13309,4,4,1,0,0.2549172378462798,0,1
13315,4,8,1,0,0.2702614860780083,0,1
13317,4,5,1,0,0.2660751612037351,0,1
13321,4,12,0,0,0.27921539963704106,0,0
16033,4,3,0,0,0.2335496033493449,0,0
16055,2,13,1,0,0.14263802662501318,0,0
16059,3,10,1,0,0.22397898803234514,0,1
16065,1,8,0,0,0.14572159935423296,0,0
16067,3,5,0,0,0.26929619686821515,0,0
16077,4,4,0,0,0.24563094552981876,0,0
17009,2,5,0,0,0.14271989131882715,0,0
17011,2,30,1,0,0.1910872561125942,0,1
17029,4,16,0,0,0.1743916252695146,0,0
17049,2,15,1,0,0.14687535012031228,0,0
17059,4,9,1,0,0.24976708337705483,0,1
17065,2,13,0,0,0.19255793987752956,0,0
17083,1,11,0,0,0.13883692729786198,0,0
17095,3,22,1,0,0.2408675705589888,0,1
17099,2,28,1,0,0.1983280635905638,0,0
17103,2,24,1,0,0.1772479328639241,0,0
17109,4,17,1,0,0.17968310966939788,0,1
17135,3,28,0,0,0.18869929033604585,0,0
17143,1,27,0,0,0.16859023652577226,0,0
17147,1,16,0,0,0.1407731005186363,0,0
17157,2,18,1,0,0.19738482747506952,0,0
17159,3,9,1,0,0.19745502343956878,0,0
17163,2,34,0,0,0.18153106137958935,0,1
17169,3,12,0,0,0.15956359253029748,0,0
17171,2,9,1,0,0.16892862379582768,0,1
17183,3,27,1,0,0.20743525092500364,0,0
17203,1,16,1,0,0.13373133093218686,0,0
18001,3,8,1,0,0.24748935954482176,0,1
18003,2,33,1,0,0.18103124065396162,0,0
18019,2,15,1,0,0.17608904832844244,0,0
18023,3,12,1,0,0.23476435320464234,0,0
18025,3,9,0,0,0.22646560016248646,0,0
18027,3,7,0,0,0.2187355798019553,0,0
18035,4,21,1,0,0.2469374495564258,0,0
18041,4,8,0,0,0.2872737694371882,0,0
18045,2,10,0,0,0.20836804660142325,0,0
18047,1,15,1,0,0.18945058766226663,0,0
18057,1,23,0,0,0.1142794368700524,0,0
18061,2,16,1,0,0.16504359082411918,0,1
18081,1,12,1,0,0.18404391094359643,0,0
18101,2,7,1,0,0.20158917995634867,0,1
18115,2,5,0,0,0.18069279765190635,0,0
18141,3,24,1,0,0.22353313824702264,0,0
18153,3,13,1,0,0.2099205220080693,0,0
18163,3,11,1,0,0.2072027089314552,0,0
18177,3,17,1,0,0.25964988427283237,0,0
19015,3,18,1,0,0.17758364463132,0,0
19017,1,12,0,0,0.12394806509605345,0,0
19027,1,16,1,0,0.17003675804329524,0,0
19043,2,24,0,0,0.16309365596106642,0,0
19047,3,19,0,0,0.18653211551162957,0,0
19053,3,11,0,0,0.18853444262714217,0,0
19055,1,16,0,0,0.14354021313135668,0,0
19057,3,12,1,0,0.19250783318983603,0,1
19061,2,19,1,0,0.11410098534075921,0,0
19069,2,17,0,0,0.17113098237170643,0,0
19071,2,11,1,0,0.19915333485003445,0,1
19089,2,9,0,0,0.15477015165673433,0,0
19097,2,14,1,0,0.15054760254524016,0,0
19099,1,19,1,0,0.1644211481906748,0,1
19109,2,21,1,0,0.1846127808559852,0,0
19111,3,12,1,0,0.19523648600838228,0,0
19113,1,29,1,0,0.12797087946972152,0,0
19119,1,12,0,0,0.15351968272813127,0,0
19127,2,21,1,0,0.20162134691206,0,1
19137,3,10,0,0,0.20150258074182087,0,0
19139,2,13,0,0,0.17300119650630522,0,0
19145,2,12,1,0,0.18642252696025577,0,0
19161,2,16,1,0,0.17003155648507662,0,1
19165,1,19,0,0,0.17002308591602056,0,0
19181,1,19,1,0,0.14184201468397556,0,1
19191,1,12,0,0,0.11247932345443433,0,0
20011,4,13,1,0,0.24902889978991744,0,0
20013,2,13,0,0,0.21681438795565108,0,0
20015,2,20,1,0,0.21798349212752394,0,0
20017,3,11,0,0,0.24953971100247424,0,0
20029,3,8,1,0,0.20222456592927515,0,1
20033,1,3,0,0,0.184904995107314,0,0
20035,3,14,1,0,0.2670619381195809,0,1
20067,2,3,1,0,0.23298117873672364,0,1
20071,1,2,0,0,0.23336721915048372,0,0
20079,1,13,1,0,0.2042691473446814,0,1
20083,2,8,1,0,0.19978664092094478,0,1
20103,1,13,1,0,0.18466680147315448,0,0
20107,3,11,0,0,0.22609724406625206,0,0
20109,2,7,0,0,0.17217701510816621,0,0
20111,3,12,1,0,0.24738609672670994,0,0
20119,1,5,0,0,0.2527422590685133,0,0
20121,1,11,1,0,0.14922010283188003,0,1
20151,2,11,0,0,0.19704551537047618,0,0
20155,2,22,1,0,0.23732571523626447,0,0
20157,2,15,0,0,0.17089434490930422,0,0
20173,2,50,0,0,0.20825979867973263,0,0
21019,3,4,1,0,0.20806295658454366,0,1
21027,3,18,1,0,0.24696812295444925,0,0
21039,4,4,0,0,0.3083622006944994,0,0
21041,4,8,1,0,0.23967951445806182,0,1
21045,4,15,0,0,0.25777827192293673,0,0
21049,3,4,1,0,0.1955831512242923,0,1
21051,4,10,1,0,0.25139123663131036,0,0
21059,3,10,1,0,0.2393765509119135,0,0
21061,4,12,1,0,0.23227068631430844,0,0
21063,4,6,1,0,0.2395332487063821,0,1
21065,4,5,0,0,0.25082848494616167,0,0
21111,2,41,0,0,0.18077397634638262,0,0
21119,4,24,1,0,0.2286011584090512,0,0
21137,4,11,1,0,0.25162173994426434,0,0
21143,3,4,0,0,0.2869069587882622,0,0
21147,4,8,0,0,0.24156957358067058,0,0
21151,1,5,1,0,0.19572380221061306,0,0
21161,4,5,1,0,0.2203352133448545,0,0
21167,2,5,1,0,0.21756146573680485,0,0
21175,4,8,1,0,0.22759413924426936,0,0
21189,4,6,0,0,0.24455725332550574,0,0
21203,4,7,1,0,0.2285743542033142,0,0
21209,2,6,1,0,0.17300892286155822,0,1
21225,4,5,1,0,0.25106174181529906,0,0
22019,3,16,1,0,0.20253997398141585,0,0
22031,4,10,1,0,0.23813777083193371,0,0
22035,4,4,0,0,0.2876258226669395,0,0
22037,3,8,0,0,0.22030206123447738,0,0
22055,1,16,1,0,0.17013008128924698,0,0
22069,4,16,1,0,0.2572593687870768,0,0
22091,3,7,0,0,0.23309357379728576,0,0
22095,3,6,1,0,0.21820420536411003,0,1
22109,3,13,1,0,0.22288061304754958,0,0
22119,4,12,1,0,0.28979025799309827,0,1
22123,4,4,1,0,0.2653750075076531,0,0
22127,4,12,1,0,0.24417962493982498,0,0
23023,1,8,0,0,0.09604973372779181,0,0
23027,2,18,1,0,0.12827391899995516,0,1
24005,1,54,0,0,0.14396864331601483,0,1
24013,1,15,1,0,0.09768569664828369,0,0
24019,3,18,1,0,0.21193030400984877,0,1
24041,1,16,1,0,0.13972237915624336,0,0
24043,1,20,1,0,0.1670142112534908,0,0
26009,2,16,1,0,0.1551326445576295,0,0
26015,1,15,1,0,0.16643103096875947,0,0
26039,3,4,0,0,0.18596382288118235,0,0
26041,3,13,1,0,0.1678433745604139,0,1
26051,4,7,0,0,0.22113576837529472,0,0
26053,4,7,0,0,0.15742293897986048,0,0
26059,3,18,1,0,0.21042425212379579,0,0
26063,2,18,1,0,0.21639222421076756,0,1
26097,3,15,0,0,0.19808247742532076,0,0
26109,3,14,0,0,0.17159433450206774,0,0
26125,1,71,0,0,0.1189822373348091,0,0
26127,3,12,1,0,0.18905952951525626,0,0
26135,3,8,0,0,0.19355560120820375,0,0
26145,3,28,1,0,0.20529371957251588,0,0
27013,3,20,0,0,0.13260582946535995,0,0
27017,2,15,0,0,0.1206911107988891,0,0
27029,3,11,0,0,0.23333373448242,0,0
27049,1,17,1,0,0.1301606104860693,0,1
27065,2,9,0,0,0.14402760343955187,0,0
27067,2,16,0,0,0.14574506752524446,0,0
27087,4,8,0,0,0.2941304371037964,0,0
27103,1,10,0,0,0.1138261303967393,0,0
27105,3,17,0,0,0.18649689000642428,0,0
27115,2,16,1,0,0.1540512454607939,0,0
27131,1,16,1,0,0.14894914512169857,0,0
27153,2,19,1,0,0.15964593379046815,0,0
27169,2,14,1,0,0.12824282141011054,0,1
28003,4,5,1,0,0.18140945217785953,0,1
28019,4,9,1,0,0.18008210855395748,0,1
28023,4,9,1,0,0.15763145920722485,0,0
28055,4,6,0,0,0.20198807172534355,0,0
28073,3,6,1,0,0.11855202372771738,0,0
28091,4,8,1,0,0.2141443205352518,0,0
28097,4,7,1,0,0.22205316069031597,0,1
28101,4,11,1,0,0.19381554862959535,0,0
28115,4,11,1,0,0.17583056555198798,0,0
28117,4,8,0,0,0.2094248835285614,0,0
28125,1,7,0,0,0.07162765566668829,0,0
28127,3,10,1,0,0.18493684023938772,0,0
28141,4,9,1,0,0.18921956317048955,0,0
28143,4,5,0,0,0.3105447657849184,0,0
28151,4,8,0,0,0.3039316446793592,0,1
28163,4,8,1,0,0.23887946640074953,0,0
29005,2,9,0,0,0.22129832627936613,0,0
29021,3,15,1,0,0.22722662529610796,0,0
29025,3,10,1,0,0.22863438368463318,0,1
29035,3,5,1,0,0.18797292441756716,0,1
29041,3,12,1,0,0.20962630388930806,0,1
29065,4,8,1,0,0.20549689154891632,0,0
29069,4,14,1,0,0.3492743559322081,0,1
29073,2,11,0,0,0.1792270763580529,0,0
29077,3,21,0,0,0.17827326603900873,0,0
29089,3,10,0,0,0.19686225791312623,0,0
29107,2,16,1,0,0.20141223475401848,0,1
29115,3,15,1,0,0.21384646719400568,0,0
29133,4,6,1,0,0.3574381797653349,0,0
29147,4,18,1,0,0.19371933623744805,0,0
29159,3,15,1,0,0.22562220215834483,0,1
29167,3,18,0,0,0.35439012091821,0,0
29185,4,16,1,0,0.23918607185331378,0,1
29195,3,13,1,0,0.21053562221668695,0,0
29223,4,14,1,0,0.2397453640264835,0,0
29227,3,7,0,0,0.2331832058530081,0,0
30001,3,10,0,0,0.1712241156621108,0,0
30005,4,9,1,0,0.31345730438100167,0,1
30019,1,4,0,0,0.17049056836804977,0,0
30023,4,5,0,0,0.19849980007817022,0,0
30033,2,8,0,0,0.1961784730768521,0,0
30041,3,10,0,0,0.2397866292307469,0,0
30043,2,9,0,0,0.15282449207851206,0,0
30047,3,15,1,0,0.20512079839635988,0,0
30075,3,6,0,0,0.22623736428973304,0,0
30091,1,11,0,0,0.16298515547542788,0,0
30107,2,6,0,0,0.24705501979590874,0,0
31011,2,8,1,0,0.16169914660189208,0,1
31017,3,4,0,0,0.19020166195469632,0,0
31025,1,20,1,0,0.14409261886794306,0,0
31029,2,7,1,0,0.11591943075781216,0,1
31031,3,18,0,0,0.20279415920071264,0,0
31035,2,15,0,0,0.14009122010065048,0,0
31039,2,11,0,0,0.16567284069125188,0,0
31043,3,8,0,0,0.16863355817340367,0,0
31047,3,11,0,0,0.16697352185450903,0,0
31061,2,8,1,0,0.1817718304795763,0,1
31063,2,12,0,0,0.15713128977738836,0,0
31071,2,3,0,0,0.1724424847103449,0,0
31073,2,9,0,0,0.16747831022103324,0,0
31105,3,5,0,0,0.23937298607813018,0,0
31125,2,8,0,0,0.15929259638237955,0,0
31129,2,10,0,0,0.1720166945369353,0,0
31131,1,19,1,0,0.15596478628872637,0,0
31139,1,9,0,0,0.1332199223415202,0,0
31169,1,15,0,0,0.1619346905716595,0,0
31173,4,10,1,0,0.28711350300483207,0,1
31185,1,15,1,0,0.13536855050553376,0,0
32003,1,73,0,0,0.23144525305481647,0,1
32011,1,4,0,0,0.25960226904482786,0,0
32013,1,7,1,0,0.2589833632663929,0,0
32033,2,7,1,0,0.23911234507107654,0,1
32510,2,4,0,0,0.2230886301771406,0,0
33003,1,30,0,0,0.12643133884635108,0,0
33005,1,27,1,0,0.10440596945437097,0,1
33009,1,37,1,0,0.0928294102509631,0,0
34009,1,15,1,0,0.13495690811869537,0,0
34015,1,30,1,0,0.10960076024622034,0,0
34037,1,21,1,0,0.08517605203622967,0,0
35006,4,17,0,0,0.3138306006452777,0,0
35023,4,5,0,0,0.2662692032966548,0,0
35027,3,14,0,0,0.1871571939295672,0,0
35041,4,9,1,0,0.23880333941261386,0,0
35043,1,21,1,0,0.16604659356706183,0,0
35061,4,8,1,0,0.25902765730538774,0,1
36005,4,28,0,0,0.24128024814685808,0,0
36007,3,31,1,0,0.13896741566695406,0,0
36013,3,36,1,0,0.17697797334878232,0,0
36029,2,70,0,0,0.15933380063386204,0,0
36047,3,39,0,0,0.16579224923935276,0,0
36055,1,50,1,0,0.14393506360412073,0,0
36081,2,63,0,0,0.1390350202040989,0,0
36093,1,19,1,0,0.12066664377822986,0,0
36105,2,62,1,0,0.14768174030673714,0,0
36115,2,27,1,0,0.12891088411842014,0,0
37009,1,12,0,0,0.15478086333710564,0,0
37023,4,16,1,0,0.15482375071010301,0,0
37029,2,5,0,0,0.14452306585530353,0,0
37031,2,19,1,0,0.13303378729395876,0,0
37051,1,24,1,0,0.16978996348621142,0,0
37053,1,15,1,0,0.1332591672785817,0,0
37057,3,12,1,0,0.15513267580084042,0,0
37079,4,11,1,0,0.22049525407769155,0,0
37081,3,31,0,0,0.12794859034451941,0,0
37107,4,10,1,0,0.220602957041745,0,0
37109,2,11,1,0,0.13940022943937502,0,0
37119,2,32,0,0,0.11597136376658533,0,0
37135,2,14,1,0,0.08671050210954888,0,0
37141,3,13,1,0,0.14158737175675268,0,1
37143,3,6,0,0,0.19389219622516418,0,0
37169,2,16,1,0,0.1549218500684787,0,0
37179,1,12,1,0,0.11517902517169246,0,0
37187,4,4,1,0,0.23930455704914413,0,0
37195,4,17,1,0,0.1963447280470326,0,0
38011,1,5,0,0,0.1595264839996327,0,0
38015,1,12,1,0,0.12129613496278763,0,0
38023,2,10,0,0,0.17621663017924116,0,0
38035,1,22,1,0,0.1451566036959561,0,1
38059,1,8,0,0,0.16033440546869257,0,0
38099,2,16,1,0,0.17656700523657545,0,0
39001,4,11,1,0,0.2551631735372662,0,0
39003,2,20,0,0,0.23692618648055908,0,0
39005,2,19,0,0,0.18979876172907162,0,0
39007,4,19,1,0,0.23694695345411293,0,0
39015,3,19,0,0,0.22763021008929712,0,0
39021,1,17,0,0,0.21949219472192122,0,0
39029,3,24,0,0,0.23408346416554943,0,0
39031,3,18,0,0,0.21613166295352787,0,0
39037,2,25,1,0,0.25850019693161475,0,0
39043,2,13,0,0,0.2125725944245023,0,0
39045,1,19,1,0,0.16673702555241937,0,0
39047,3,11,0,0,0.2661348529410162,0,0
39065,3,15,1,0,0.2283230289650761,0,1
39073,3,16,1,0,0.197752911451456,0,0
39075,1,18,1,0,0.18886340658889333,0,0
39085,1,11,1,0,0.14765745124647725,0,0
39095,3,30,0,0,0.236372722017694,0,0
39097,1,12,0,0,0.19470931865700564,0,0
39115,4,11,0,0,0.2413582575350403,0,0
39123,2,18,1,0,0.21599912966486914,0,0
39131,4,11,1,0,0.22046156877491352,0,0
39145,4,20,1,0,0.23631037006931188,0,0
39167,3,20,1,0,0.1994566920734329,0,0
39175,2,13,0,0,0.19159997323161487,0,0
40029,4,10,0,0,0.3357717488628666,0,0
40037,3,21,1,0,0.2538648261371393,0,0
40039,4,13,1,0,0.28504539830216785,0,0
40043,3,12,1,0,0.2997230209346141,0,1
40061,4,7,0,0,0.3203148040462088,0,0
40081,3,16,1,0,0.2707132131382708,0,0
40089,4,15,1,0,0.33075892855086375,0,0
40101,4,15,1,0,0.32649323850760686,0,0
40111,4,11,1,0,0.3172643075355948,0,1
40135,4,9,1,0,0.31134460625816957,0,0
40139,4,9,1,0,0.2901648830619062,0,0
40151,2,7,0,0,0.2425582083403043,0,0
41019,3,28,1,0,0.2180640255029256,0,0
41027,2,3,1,0,0.16202115945221215,0,0
41033,4,11,1,0,0.24652716550433548,0,0
41037,4,10,0,0,0.3401782719072028,0,0
41045,4,13,0,0,0.3166338360808886,0,0
41065,3,8,1,0,0.2624194292663667,0,0
41069,4,5,0,0,0.2836566906080945,0,0
42003,1,114,0,0,0.10993352249901131,0,0
42005,2,36,1,0,0.1441301658709614,0,0
42007,2,28,0,0,0.13499582777043398,0,0
42037,2,19,1,0,0.16604530975049642,0,0
42051,3,62,1,0,0.1668320477167474,0,0
42065,3,30,1,0,0.16792989516538107,0,0
42081,2,25,1,0,0.14078822619029363,0,0
42087,3,13,1,0,0.1844326690872359,0,1
42099,2,16,1,0,0.1605644091531392,0,1
44001,1,3,0,0,0.10428554949575243,0,0
45001,4,13,1,0,0.22371355399426232,0,0
45011,4,7,1,0,0.2883699672141536,0,0
45039,4,9,1,0,0.24157839120414032,0,0
45047,4,9,1,0,0.21586796863422744,0,0
45067,4,7,1,0,0.24564900964332867,0,0
45069,4,8,1,0,0.24799249678362134,0,0
45079,1,24,0,0,0.15762950557030758,0,0
46003,1,9,0,0,0.15503927580638593,0,0
46009,2,7,1,0,0.14562707893431961,0,1
46013,1,20,1,0,0.14338087252904808,0,1
46023,4,10,0,0,0.222670647605948,0,0
46027,3,8,0,0,0.1464898432043989,0,0
46077,1,9,1,0,0.14880039189478858,0,1
46081,1,9,0,0,0.15595353254270197,0,0
46091,1,10,1,0,0.15790867005271395,0,1
46107,1,5,0,0,0.16257183397667688,0,0
46121,4,9,1,0,0.3474777220308894,0,1
46127,1,9,0,0,0.16843658670106182,0,0
46137,4,7,0,0,0.33619864739702804,0,0
47007,3,9,0,0,0.21320858590594646,0,0
47009,2,13,1,0,0.17424081625128426,0,0
47019,4,8,1,0,0.23938862149157006,0,0
47023,3,12,0,0,0.1990629372535731,0,0
47025,1,10,1,0,0.21272555818387417,0,0
47031,3,9,1,0,0.22788898274186556,0,0
47035,3,11,1,0,0.2014306682261566,0,0
47043,2,11,1,0,0.21399899107475678,0,1
47045,4,11,1,0,0.27115650902122174,0,1
47051,3,15,0,0,0.22303406769630427,0,0
47063,4,7,1,0,0.2661659187444249,0,1
47083,3,8,0,0,0.2521698868545552,0,0
47087,4,11,0,0,0.2272230941204382,0,0
47095,4,2,0,0,0.32354776741737706,0,0
47119,1,10,1,0,0.16663978869230303,0,0
47125,3,15,1,0,0.1842733119702688,0,0
47131,4,12,1,0,0.2880915463716754,0,1
47135,4,4,1,0,0.23817787880815833,0,1
47143,4,6,0,0,0.2232222253536501,0,0
47163,3,12,1,0,0.2247659098232795,0,0
47189,1,12,1,0,0.16654760443006317,0,0
48007,4,5,1,0,0.2941456724755731,0,0
48013,3,15,1,0,0.28588275028364757,0,0
48025,4,11,1,0,0.28246298756652594,0,1
48027,3,23,0,0,0.2319267231483833,0,0
48041,3,9,0,0,0.1686642094715014,0,0
48057,3,6,1,0,0.29594040894472873,0,0
48071,2,11,1,0,0.22630198884378466,0,0
48083,2,15,1,0,0.23896165616523304,0,1
48085,1,38,0,0,0.13919253612007162,0,0
48109,4,2,1,0,0.1241956996485646,0,1
48115,4,4,0,0,0.3352057745192854,0,0
48131,4,8,1,0,0.30559525092800155,0,0
48149,2,15,1,0,0.25631758000735844,0,0
48151,3,9,1,0,0.25971844327837873,0,1
48171,2,7,1,0,0.22234275293779063,0,0
48173,3,4,0,0,0.27436699492365796,0,0
48175,3,6,0,0,0.2763700585503164,0,0
48181,2,21,0,0,0.24100703933825768,0,1
48189,3,9,0,0,0.26902551173367,0,0
48191,4,6,0,0,0.29961808006216106,0,0
48197,3,2,1,0,0.29008345292241083,0,1
48207,4,11,1,0,0.3170299147471654,0,1
48231,3,17,0,0,0.2635989679281584,0,1
48233,3,7,1,0,0.2564488836478912,0,0
48239,2,10,1,0,0.257735576110805,0,0
48253,4,10,0,0,0.22612765631197543,0,0
48255,3,8,1,0,0.28004004638226004,0,0
48277,3,13,1,0,0.2621382222858664,0,1
48279,4,13,0,0,0.3037332416253595,0,0
48289,3,8,1,0,0.26433973474702865,0,0
48291,3,14,1,0,0.24708954970426958,0,0
48327,3,4,0,0,0.2394111261750881,0,0
48333,2,8,0,0,0.26410228408377867,0,0
48335,2,3,1,0,0.2199498560772451,0,1
48347,1,10,1,0,0.2610760792839524,0,1
48355,3,26,0,0,0.25864907539961035,0,0
48373,3,9,1,0,0.2449088577360283,0,1
48395,3,9,1,0,0.250377698754777,0,0
48401,3,16,1,0,0.22248211294341907,0,1
48403,4,6,0,0,0.24470247031459696,0,0
48439,1,74,0,0,0.2099218995599672,0,0
48443,3,2,0,0,0.2590523663266026,0,0
48465,4,5,1,0,0.31121812935592247,0,0
48485,3,11,0,0,0.254606764454855,0,1
48487,4,6,1,0,0.31422208971445026,0,0
48495,3,2,1,0,0.3009344457848898,0,1
48501,2,4,1,0,0.2514706372667621,0,1
48507,4,4,1,0,0.3799698686391781,0,0
49009,1,2,0,0,0.15045522634172553,0,0
49019,1,2,1,0,0.17335895365842685,0,1
49023,2,6,0,0,0.19756863180283227,0,0
49027,3,11,0,0,0.19835790783017618,0,0
49047,3,10,0,0,0.2263450101268465,0,0
50001,1,20,1,0,0.08891887923734457,0,0
50009,3,10,0,0,0.1368787086162845,0,0
50011,1,17,0,0,0.11182892365350872,0,0
50017,2,31,1,0,0.10142912568155978,0,0
50019,2,24,1,0,0.1177578244478104,0,0
50023,1,26,1,0,0.08797387902073789,0,1
51001,3,33,0,0,0.21954766902466147,0,0
51005,3,7,1,0,0.18233383648427554,0,0
51036,2,4,1,0,0.2034328998412605,0,1
51051,4,12,1,0,0.208019514950031,0,0
51063,2,11,1,0,0.14158317974949353,0,0
51065,1,10,0,0,0.11778706838854598,0,0
51079,2,5,1,0,0.13207327151379597,0,0
51099,1,3,0,0,0.10715114418086297,0,0
51133,2,7,1,0,0.18758800857852104,0,0
51137,1,12,0,0,0.14013090582168802,0,0
51139,3,6,1,0,0.17805554229053228,0,0
51145,1,5,1,0,0.14008390210628707,0,0
51153,1,19,1,0,0.09624553021934815,0,0
51173,3,10,0,0,0.19368610368342765,0,0
51175,3,12,1,0,0.20601861829060988,0,0
51177,1,13,1,0,0.1064942964200572,0,0
51600,1,3,0,0,0.07284286019603241,0,0
51630,3,3,1,0,0.13249713754469397,0,0
51660,1,3,1,0,0.003921951571142988,0,1
51670,4,1,0,0,0.22231395793378456,0,0
51683,1,1,1,0,0.11296002485815695,0,0
51750,1,2,1,0,0.833114719090497,1,0
51770,3,10,1,0,0.19813138396682958,0,0
51800,1,8,1,0,0.1619978839772893,0,0
51840,3,1,1,0,0.15157534914600596,0,0
53015,3,11,1,0,0.17954919173936648,0,0
53017,2,13,1,0,0.22145946144796405,0,0
53025,3,18,1,0,0.27864376701329063,0,0
53029,1,8,1,0,0.15714697010164205,0,1
53039,3,15,0,0,0.2079117774342863,0,0
53061,1,30,0,0,0.13215094151924606,0,0
53063,1,45,0,0,0.18479437384000816,0,0
53069,1,6,0,0,0.17770534032290208,0,0
53075,4,20,0,0,0.21603638637219633,0,0
54001,4,12,0,0,0.228154245277173,0,0
54013,4,16,0,0,0.24884312857843555,0,0
54017,3,10,0,0,0.2132227481363575,0,0
54025,4,21,0,0,0.2594476753888653,0,0
54035,3,15,1,0,0.2187100706282367,0,0
54047,4,36,0,0,0.21591111621781445,0,0
54053,3,19,1,0,0.2372910453174997,0,0
54055,4,19,0,0,0.23665452438621296,0,0
54071,3,9,0,0,0.2257893407912929,0,0
54081,4,42,1,0,0.2078337745393475,0,0
54085,4,14,0,0,0.23560960946207496,0,0
54097,4,10,1,0,0.21993990265889776,0,0
54107,3,13,1,0,0.22556357309176966,0,0
55001,2,14,1,0,0.15370531638412113,0,0
55019,3,21,0,0,0.15120787024170593,0,0
55027,1,31,1,0,0.1409895179456715,0,0
55037,2,4,0,0,0.11791393581834975,0,0
55041,3,11,0,0,0.15815782213782845,0,0
55043,3,23,1,0,0.1368006042139133,0,1
55053,2,14,0,0,0.13892313334321535,0,0
55075,3,16,1,0,0.137034930562063,0,0
55077,2,14,1,0,0.14673159592508675,0,0
55078,4,4,1,0,0.23229803566250884,0,1
55099,2,14,1,0,0.1230888740940901,0,0
55111,1,17,1,0,0.11654276940531283,0,1
55115,2,25,1,0,0.13749483517743344,0,1
55119,2,14,1,0,0.13883389317647102,0,0
55135,1,16,1,0,0.12722710785768987,0,1
55137,2,17,1,0,0.14313636051609138,0,0
55141,2,15,1,0,0.10688176162334413,0,1
56009,1,4,1,0,0.19104963799227034,0,0
56011,1,10,0,0,0.17117808264634315,0,0
56019,2,4,0,0,0.1645469521482449,0,0
56035,1,6,1,0,0.14892555201878083,0,1
56037,1,12,0,0,0.19544108074741054,0,0
01003,2,23,1,1,0.15715808921762564,0,0
01007,3,11,0,1,0.20711392095199485,0,0
01017,4,10,1,1,0.20827455269578937,0,1
01027,4,10,0,1,0.23796175816942233,0,0
01029,3,7,0,1,0.19228393760404058,0,0
01033,3,9,1,1,0.19438404502598824,0,0
01045,3,14,1,1,0.18568021614366667,0,1
01063,4,8,1,1,0.2684607488716291,0,1
01067,3,9,1,1,0.22053619080980782,0,0
01071,4,22,1,1,0.22384626121376391,0,1
01075,4,9,1,1,0.21558216126615395,0,0
01081,1,14,0,1,0.15406667421701556,0,1
01085,4,8,1,1,0.2645537263372133,0,0
01105,4,9,1,1,0.248050256177837,0,1
01115,2,18,1,1,0.18033306909153413,0,1
01117,1,22,0,1,0.11537030097173359,0,0
04001,4,33,0,1,0.3038767886756732,0,1
04005,1,28,0,1,0.14598947811719548,0,1
05001,4,13,1,1,0.2523144863569627,0,0
05019,1,8,1,1,0.31171500832163324,0,0
05023,3,17,1,1,0.18802774598491276,0,0
05041,4,12,1,1,0.308347603107409,0,0
05053,2,14,1,1,0.16962388853100546,0,0
05063,4,20,1,1,0.20439572567614392,0,1
05065,1,20,0,1,0.13882035479872964,0,0
05071,4,12,1,1,0.23712282062374923,0,0
05077,3,11,1,1,0.3059732111129163,0,1
05079,4,8,1,1,0.2431656425908464,0,0
05081,4,7,1,1,0.24953955177973297,0,0
05091,4,6,1,1,0.23882521923371286,0,0
05093,4,15,1,1,0.31523081368740546,0,0
05099,4,10,1,1,0.2268656870987197,0,1
05107,4,12,1,1,0.2982027032746016,0,0
05113,4,7,1,1,0.2340123137709708,0,0
05119,1,31,0,1,0.16599701089994337,0,0
05125,1,14,1,1,0.14734864933437203,0,0
05139,4,10,1,1,0.19518555423713105,0,1
05143,3,20,0,1,0.15539033346793912,0,0
06001,1,53,0,1,0.1300178906513964,0,0
06027,2,11,1,1,0.24521708205543302,0,0
06039,4,18,0,1,0.2668164384807402,0,0
06065,2,75,0,1,0.20141413578988832,0,1
06075,1,29,0,1,0.11386600701346021,0,0
06091,2,10,0,1,0.21676837184861317,0,0
06095,1,21,0,1,0.1679003600231535,0,0
06097,1,37,1,1,0.13679995323186353,0,0
06101,3,13,1,1,0.2236329247921905,0,0
06105,4,14,0,1,0.22509588447540288,0,0
08014,1,6,1,1,0.12207768518973387,0,1
08025,4,6,0,1,0.2639068937792606,0,0
08033,1,5,0,1,0.15733119059240352,0,0
08045,1,8,1,1,0.149085757299624,0,1
08047,1,4,0,1,0.1170707209275661,0,0
08049,1,10,0,1,0.15824535590966002,0,0
08073,2,9,0,1,0.24947383357263486,0,0
08075,3,9,0,1,0.2239117985119553,0,0
08087,2,10,1,1,0.24335103716420622,0,0
08115,4,5,0,1,0.2660850838646837,0,0
08119,1,7,0,1,0.12598864782775301,0,0
08121,2,12,1,1,0.23990523901767047,0,1
09005,1,40,1,1,0.08449331588347196,0,0
09015,1,31,1,1,0.11833538386437632,0,0
10003,1,28,0,1,0.1190444534339696,0,0
12009,2,28,0,1,0.13955779269913968,0,0
12037,4,8,0,1,0.1839033711904059,0,0
12041,4,5,1,1,0.17712065797857318,0,0
12055,3,9,1,1,0.18009243102542485,0,0
12057,2,56,0,1,0.11765764043085872,0,0
12059,4,4,1,1,0.1925176032978048,0,0
12079,4,5,1,1,0.23391623535120484,0,0
12095,3,46,0,1,0.11509868220295683,0,0
12107,4,17,1,1,0.1799039993515704,0,0
12113,1,9,1,1,0.11212061438999127,0,0
12117,2,17,1,1,0.10092024401686428,0,0
12121,3,9,1,1,0.18556202451927314,0,1
13015,2,14,1,1,0.13202763392535086,0,1
13019,4,6,1,1,0.23784433736558405,0,0
13025,4,6,1,1,0.22861402048919072,0,0
13081,4,5,0,1,0.285751855319732,0,0
13087,4,8,1,1,0.23276553309652243,0,0
13091,4,8,0,1,0.22464223545874165,0,0
13099,4,7,0,1,0.3007883397216389,0,0
13107,4,13,1,1,0.24021079169338097,0,0
13111,3,8,1,1,0.13892148799071302,0,0
13117,1,10,0,1,0.0794973097192027,0,0
13123,3,5,0,1,0.1517642426902234,0,0
13125,4,5,0,1,0.22137869143475,0,0
13149,3,6,1,1,0.16851058683097578,0,0
13157,2,16,1,1,0.13061739681324175,0,0
13205,4,7,0,1,0.28694400558517613,0,0
13221,3,10,0,1,0.18076774548855612,0,0
13223,1,11,1,1,0.11665085277936832,0,0
13225,4,3,1,1,0.21376457033173166,0,0
13259,4,6,0,1,0.2493869086730018,0,0
13273,4,7,1,1,0.29944445463163716,0,1
13293,4,7,1,1,0.1916074333705863,0,0
13297,2,11,1,1,0.13791358455185126,0,1
13299,4,7,1,1,0.2343908103643005,0,1
16009,3,9,0,1,0.18832675097124643,0,0
16017,2,18,1,1,0.1950173544430181,0,0
16027,3,13,0,1,0.2269439180452418,0,0
16035,3,7,1,1,0.18741193620525798,0,1
16041,1,7,1,1,0.21376719900363644,0,0
16047,3,6,1,1,0.27469758643597314,0,0
16049,3,16,0,1,0.18884493051964726,0,0
16051,1,10,0,1,0.18009305982379212,0,0
16057,1,14,0,1,0.14842524526272352,0,0
16071,2,4,0,1,0.2339586500003564,0,0
16081,1,5,1,1,0.1608208872559666,0,1
17025,3,13,1,1,0.1948651505231635,0,0
17039,2,13,1,1,0.18564444092010002,0,0
17045,2,15,1,1,0.17945630102643517,0,0
17051,3,20,0,1,0.21505108708365933,0,0
17057,3,24,1,1,0.19488511602269523,0,1
17087,2,10,1,1,0.20281982420076375,0,0
17093,1,19,1,1,0.136118985126414,0,0
17105,3,29,1,1,0.2168055515781652,0,0
17107,1,20,1,1,0.16497772434017588,0,0
17115,3,27,1,1,0.1915125563077219,0,0
17117,2,28,1,1,0.16582624585557554,0,0
17123,2,19,1,1,0.18527981762710932,0,0
17125,3,11,1,1,0.21105736856938812,0,0
17133,1,9,1,1,0.11115615375964348,0,1
17153,4,10,0,1,0.2603863356980825,0,0
17161,2,20,1,1,0.16581086663694022,0,0
17193,3,11,1,1,0.20708328703718248,0,0
18005,2,14,1,1,0.17591748025593074,0,1
18013,1,9,1,1,0.1670824438561843,0,0
18017,3,12,1,1,0.2340577210564902,0,1
18033,1,14,0,1,0.17494243510549587,0,0
18049,2,16,0,1,0.20089014716959797,0,0
18055,2,16,1,1,0.19811475848623808,0,1
18059,1,15,1,1,0.17435758351930716,0,1
18071,3,8,1,1,0.21171248925431765,0,0
18077,2,11,0,1,0.1830628471341367,0,0
18095,3,18,1,1,0.25458609178712666,0,0
18103,3,13,0,1,0.22597396727540345,0,0
18105,1,18,1,1,0.16136484376770546,0,0
18117,3,11,1,1,0.20871946671408567,0,0
18123,2,14,1,1,0.1597347140202797,0,0
18135,3,14,0,1,0.2708293820610555,0,0
18143,3,6,1,1,0.19799369132936476,0,0
18147,1,16,1,1,0.20327815464305188,0,0
18149,3,11,1,1,0.24624770795578577,0,0
18151,1,9,0,1,0.1778436421577495,0,0
18155,3,9,0,1,0.22040173518931286,0,0
18165,2,8,0,1,0.2084789951570969,0,0
18173,1,12,1,1,0.1278331158717116,0,1
18181,2,18,0,1,0.2076861833639027,0,0
19005,2,10,0,1,0.14994702817016398,0,0
19009,2,11,1,1,0.2187440717003143,0,1
19019,1,16,0,1,0.15141536349024046,0,0
19033,2,17,0,1,0.15093942111331204,0,0
19037,1,9,1,1,0.18166607755955433,0,0
19049,1,25,1,1,0.13207535386530328,0,0
19051,2,10,0,1,0.1869643668597896,0,0
19059,1,10,0,1,0.16192455075494971,0,0
19065,2,24,0,1,0.1871887153010296,0,0
19081,2,13,0,1,0.17591238837233975,0,0
19083,2,12,0,1,0.18468258127295117,0,0
19095,1,21,1,1,0.16137030307544642,0,0
19107,2,19,0,1,0.19001808349483526,0,0
19115,2,13,0,1,0.19508701670983009,0,0
19123,2,20,1,1,0.17741490802847318,0,0
19129,1,11,1,1,0.16116982862521986,0,0
19133,2,15,1,1,0.22342812457124195,0,1
19159,2,12,0,1,0.19289424782984743,0,0
19195,1,10,0,1,0.17306883321443126,0,0
20005,2,10,1,1,0.2259118872050075,0,0
20051,3,11,1,1,0.1729625026198797,0,0
20053,2,9,0,1,0.208134014526658,0,0
20059,2,13,1,1,0.21480756214740063,0,0
20075,2,4,0,1,0.2810123415235621,0,0
20077,3,10,0,1,0.2701660017448019,0,0
20081,3,3,0,1,0.31807970087716775,0,0
20085,2,18,1,1,0.2215216170348541,0,0
20087,2,15,1,1,0.17446384078784385,0,0
20095,1,12,1,1,0.19905477863492918,0,1
20113,1,12,1,1,0.18895604967192778,0,0
20123,2,7,0,1,0.20728633635402605,0,0
20129,2,5,1,1,0.2712814396519883,0,1
20131,1,15,0,1,0.1972613593501899,0,0
20149,2,12,1,1,0.19318234130732634,0,0
20181,2,4,0,1,0.2634730796112222,0,0
20185,3,9,0,1,0.23248349349926317,0,0
20193,3,8,0,1,0.25490178560253085,0,0
20205,4,10,1,1,0.25576554334249246,0,1
21003,4,6,1,1,0.2644567565491891,0,0
21005,2,5,0,1,0.15889682077231815,0,0
21025,4,10,0,1,0.22179936442265677,0,0
21053,4,4,0,1,0.24860246814821824,0,0
21073,2,5,1,1,0.15686715559179568,0,1
21081,3,8,1,1,0.2116752340681611,0,0
21083,4,18,1,1,0.28447938802194717,0,0
21099,4,10,1,1,0.25861010228617176,0,0
21123,3,9,0,1,0.23980518379848523,0,0
21131,1,22,0,1,0.11723488413970051,0,0
21135,4,9,0,1,0.23905104944090907,0,0
21139,3,7,0,1,0.26424087016305486,0,0
21157,2,8,0,1,0.2024615923772056,0,0
21163,2,12,1,1,0.18840135760037494,0,0
21181,4,6,0,1,0.27786859650964857,0,0
21195,4,39,1,1,0.1935201616904422,0,0
21199,4,11,1,1,0.2183537910274806,0,0
21205,4,4,1,1,0.15020312750796438,0,0
21213,2,5,0,1,0.2499346254223286,0,0
21219,3,9,0,1,0.27379590830763995,0,0
21223,3,5,0,1,0.23068281847521027,0,0
21229,3,7,0,1,0.23849043339944473,0,0
21239,2,3,1,1,0.17742546978645535,0,0
22011,3,9,1,1,0.19717390048531655,0,1
22017,4,25,0,1,0.21558010706133665,0,1
22021,4,4,1,1,0.2528190329796728,0,1
22025,4,9,0,1,0.2651101000054098,0,0
22033,1,24,0,1,0.1659869197953498,0,0
22045,4,10,1,1,0.24162700295930126,0,0
22047,3,8,1,1,0.20942029276540194,0,1
22057,3,14,1,1,0.2026961426347347,0,0
22065,4,4,1,1,0.29317403724513724,0,0
22071,4,17,0,1,0.18422188928170372,0,0
22085,4,12,0,1,0.22985392319551695,0,0
22089,1,10,1,1,0.15291692757248757,0,1
22093,3,7,1,1,0.1981766632890367,0,0
22105,1,20,1,1,0.1754839516314343,0,0
23001,2,14,1,1,0.12739531852321542,0,0
23007,1,18,1,1,0.09784206963238568,0,1
23009,2,40,1,1,0.11337303747200789,0,1
23029,4,31,0,1,0.19883738512774998,0,0
24003,1,40,0,1,0.11215507965889754,0,0
24011,3,10,1,1,0.22009194697836226,0,1
24017,1,24,1,1,0.12433533383535292,0,0
24025,1,24,0,1,0.11467265365373927,0,0
24031,1,50,0,1,0.07560206062312284,0,0
24039,1,11,1,1,0.25464855511430745,0,0
25005,2,36,1,1,0.11593745901606371,0,0
25015,1,28,1,1,0.09729755197410594,0,0
25021,1,41,0,1,0.07871877812475543,0,0
25023,1,34,1,1,0.09450933582972061,0,0
26031,3,15,0,1,0.1595702859610916,0,0
26033,3,17,0,1,0.19072406656529892,0,0
26035,4,8,0,1,0.21566015680782502,0,0
26037,2,17,0,1,0.15080420372902842,0,0
26043,2,11,0,1,0.12739656517502015,0,0
26047,2,11,0,1,0.12134496118176316,0,0
26057,3,20,0,1,0.1852434798509828,0,0
26067,2,21,1,1,0.17978280724586934,0,0
26069,3,12,0,1,0.18626145489668006,0,0
26077,2,25,1,1,0.14219753338698396,0,0
26085,4,11,0,1,0.21467487021985335,0,0
26089,1,11,0,1,0.1196018378080025,0,0
26105,3,10,0,1,0.17263270579667803,0,0
26113,3,9,0,1,0.19775855180168567,0,0
26121,3,20,1,1,0.18390922721144554,0,0
26129,4,9,0,1,0.20745211225351826,0,0
26131,3,12,0,1,0.18082966714006815,0,0
26141,2,7,1,1,0.17184891419749176,0,0
26147,2,23,1,1,0.1579146792472447,0,0
27005,2,16,1,1,0.19056855799166192,0,1
27023,2,10,0,1,0.18977476968670928,0,0
27033,2,13,0,1,0.19776755166905416,0,0
27047,2,18,1,1,0.1774918267388226,0,1
27063,2,14,0,1,0.1760724971574693,0,0
27069,1,11,0,1,0.17742527023755367,0,0
27075,1,8,0,1,0.11901957909951619,0,0
27085,1,12,0,1,0.15605623611957892,0,0
27111,1,34,1,1,0.16818782481300654,0,0
27119,2,25,1,1,0.20543988992919493,0,1
27121,1,12,0,1,0.15329068478020366,0,0
27135,1,11,1,1,0.17026138050462705,0,0
27137,1,51,0,1,0.13399621679430182,0,0
27139,1,10,1,1,0.10692317480832186,0,0
27141,1,9,1,1,0.12078737472323288,0,1
27159,3,7,0,1,0.19452950165363825,0,0
27163,1,19,1,1,0.09843836208685482,0,0
28001,4,2,1,1,0.21159624888415315,0,1
28009,3,11,0,1,0.2054508784462117,0,0
28013,4,11,1,1,0.1817120996334096,0,0
28015,4,13,1,1,0.21946281918982405,0,1
28059,3,10,0,1,0.13974300897098002,0,1
28075,1,12,1,1,0.16413111197606955,0,0
28095,4,12,1,1,0.17458770296723908,0,0
28107,4,11,1,1,0.21209933174391338,0,1
28111,4,8,0,1,0.165044895772144,0,0
28147,4,6,1,1,0.21248837331000026,0,0
29011,4,8,1,1,0.2859215164822919,0,0
29047,1,23,0,1,0.16500883558018342,0,0
29051,1,9,1,1,0.13755110249029603,0,0
29053,2,14,0,1,0.18493735107448583,0,0
29061,3,16,0,1,0.2542718255513576,0,0
29067,4,16,1,1,0.2587737085051255,0,0
29097,3,19,0,1,0.22715457461237887,0,0
29105,4,12,1,1,0.20234512217082662,0,1
29117,3,12,1,1,0.23004069823151851,0,0
29129,2,7,0,1,0.23111668594013493,0,0
29145,3,15,1,1,0.21447138304184735,0,0
29151,1,15,0,1,0.14376731653372835,0,0
29155,4,13,0,1,0.3319897616877775,0,0
29161,4,11,1,1,0.16304393122677613,0,1
29163,1,12,1,1,0.17809343072452954,0,0
29165,1,18,1,1,0.13665789273283174,0,0
29173,3,9,0,1,0.20536449759739997,0,0
29186,2,8,1,1,0.1764707244998385,0,0
29187,3,15,1,1,0.1983148754054001,0,1
29197,3,6,1,1,0.27927620999717406,0,1
29201,4,14,1,1,0.26452659749243124,0,1
29211,3,13,1,1,0.2552313724004357,0,1
29215,4,21,1,1,0.25889730962055135,0,0
30003,4,18,1,1,0.3445382341454838,0,0
30007,2,6,0,1,0.18281871900316699,0,0
30015,2,13,1,1,0.22329512846638053,0,1
30025,1,4,0,1,0.1972045460048482,0,0
30027,3,11,0,1,0.20483367503762454,0,0
30035,4,5,1,1,0.38893139182017505,0,0
30045,2,12,0,1,0.14967060599077925,0,0
30051,4,5,0,1,0.3305367786276681,0,0
30059,3,4,0,1,0.20810594633484283,0,0
30061,4,5,1,1,0.22077644627726833,0,1
30069,2,4,0,1,0.22696044999789974,0,0
30071,3,8,0,1,0.292142490802696,0,0
30077,2,8,0,1,0.19217422300403111,0,0
30079,3,7,0,1,0.2552918971488756,0,0
30081,2,9,1,1,0.17327810904625174,0,1
30085,4,10,0,1,0.36961984467147196,0,0
30087,3,8,1,1,0.2665083008329312,0,1
31015,2,5,0,1,0.18984480073943208,0,0
31021,2,8,0,1,0.21425937338831122,0,0
31051,1,12,0,1,0.1734262889185459,0,0
31081,1,14,0,1,0.16959711885855608,0,0
31089,1,14,0,1,0.1919609574933251,0,0
31095,3,12,1,1,0.22629741208901077,0,1
31097,2,12,0,1,0.19217838714102242,0,0
31107,2,11,0,1,0.1984151098749941,0,0
31111,2,14,1,1,0.18066340220414162,0,0
31113,2,3,0,1,0.2091763082676218,0,0
31123,2,7,0,1,0.246144193342149,0,0
31143,1,10,0,1,0.1635393903038812,0,0
31149,1,4,0,1,0.20006354274369267,0,0
31155,1,18,1,1,0.165997785121785,0,0
31171,1,4,0,1,0.19806797528065487,0,0
31177,1,15,1,1,0.14379343267077602,0,0
31183,2,6,0,1,0.21647026921386994,0,0
32005,1,9,1,1,0.1794451183882753,0,0
32007,1,14,1,1,0.2706932209505751,0,1
32019,3,9,1,1,0.3062583228581303,0,0
32027,2,3,0,1,0.29140991038517156,0,0
33013,1,31,1,1,0.08809801707237905,0,0
33015,1,37,1,1,0.07985257503604815,0,0
34027,1,56,1,1,0.07692393235059813,0,0
34031,2,33,1,1,0.12490770888869134,0,0
34041,1,19,1,1,0.10979080476764408,0,0
35011,4,1,0,1,0.3023486440663023,0,0
35021,3,6,0,1,0.2565115440202636,0,0
35028,1,1,0,1,0.09434198221893372,0,0
35031,4,24,0,1,0.3575967124561435,0,1
35033,3,13,0,1,0.21981380471322579,0,0
35047,4,19,0,1,0.25990473971739825,0,0
35053,4,14,1,1,0.2641814228078502,0,0
35059,3,8,0,1,0.2611942512191933,0,0
36001,2,46,1,1,0.11314925166369216,0,0
36017,3,26,0,1,0.1564590475858309,0,0
36023,3,17,1,1,0.14527237768574078,0,0
36037,2,18,1,1,0.159027213396494,0,1
36043,3,28,1,1,0.13721784364993103,0,1
36049,3,23,0,1,0.16590722446999373,0,0
36059,1,69,0,1,0.09574404644360769,0,0
36067,2,55,0,1,0.13866467898952634,0,0
36071,1,51,1,1,0.10757791794296967,0,0
36077,3,43,1,1,0.11592187305455093,0,0
36087,2,25,0,1,0.09435768191681086,0,0
36091,1,27,1,1,0.09312067473167615,0,0
36099,2,14,1,1,0.1775863390928582,0,1
36117,2,20,1,1,0.14787523306222145,0,0
37011,3,10,0,1,0.13766911303899831,0,0
37019,2,14,1,1,0.11358793834020833,0,0
37039,3,4,1,1,0.1664914587501512,0,0
37047,4,16,1,1,0.21658353676939532,0,0
37049,2,11,1,1,0.1373942405125475,0,0
37077,3,12,1,1,0.1410396424902681,0,0
37093,3,9,1,1,0.170777529392463,0,1
37099,4,11,0,1,0.1318544090118458,0,0
37101,2,21,1,1,0.14633869784702153,0,0
37111,3,9,1,1,0.1303823993003813,0,0
37121,3,4,0,1,0.14063874161110093,0,0
37125,2,18,1,1,0.11731703543946409,0,0
37147,4,17,1,1,0.1525826296560681,0,0
37155,4,13,0,1,0.23508605910913155,0,0
37163,4,17,1,1,0.22034930859856222,0,1
37167,2,12,0,1,0.14123843936555214,0,0
37173,4,5,0,1,0.20490806744495954,0,0
37177,4,3,0,1,0.23756942997883182,0,0
37189,4,10,1,1,0.10866078607741783,0,1
37191,1,14,1,1,0.18560754310220076,0,0
38017,1,29,0,1,0.12964138865192762,0,0
38019,1,16,0,1,0.1975338773026705,0,0
38025,1,12,0,1,0.17762273423602376,0,0
38045,2,12,0,1,0.20923672599859428,0,0
38053,1,12,0,1,0.19159975684571223,0,0
38055,1,18,0,1,0.24769979937852848,0,0
38093,1,21,0,1,0.19994294803239357,0,0
38101,1,24,1,1,0.1627555488666586,0,0
38103,1,12,0,1,0.20982737371439888,0,0
38105,1,10,0,1,0.1513469048569785,0,0
39017,2,17,1,1,0.1870166493168934,0,0
39027,3,13,0,1,0.23770089076548437,0,0
39039,1,14,0,1,0.2093272958104688,0,0
39041,1,24,1,1,0.11565505006570823,0,0
39071,4,15,1,1,0.25220654224704764,0,1
39077,2,14,1,1,0.2220119873207902,0,1
39079,4,11,1,1,0.21863140170719234,0,0
39083,2,16,0,1,0.20097573799955318,0,0
39089,2,28,1,1,0.16718290594547536,0,0
39101,3,14,1,1,0.246496619197089,0,0
39105,4,15,0,1,0.2052823201982512,0,0
39109,1,18,0,1,0.19958652037071423,0,0
39125,1,15,1,1,0.23161059281246818,0,0
39133,1,24,1,1,0.16431951291665145,0,0
39147,2,20,1,1,0.21802647787790347,0,0
39161,2,14,0,1,0.2505087668399624,0,0
39169,2,25,1,1,0.18105755806544796,0,0
39173,2,32,1,1,0.19113128740070293,0,0
40007,3,7,0,1,0.3191969626169601,0,0
40013,4,14,1,1,0.2955031857465317,0,1
40015,4,16,1,1,0.34578051148119526,0,0
40017,1,13,1,1,0.21004464654253144,0,0
40023,4,12,1,1,0.33447266724598596,0,0
40031,3,19,0,1,0.2891389281126211,0,1
40035,4,10,1,1,0.34260422967071896,0,0
40045,3,7,1,1,0.26279658761226765,0,1
40047,1,22,1,1,0.2521127067078293,0,1
40063,4,10,1,1,0.3147297135286534,0,0
40113,3,22,1,1,0.27588172741720907,0,1
40119,1,14,1,1,0.23626091379858133,0,0
40133,4,10,1,1,0.3055088948289166,0,0
40141,4,8,1,1,0.35015221827319987,0,1
40147,1,12,1,1,0.2288674053348791,0,1
41011,3,10,1,1,0.20309156505902168,0,0
41013,2,6,1,1,0.22297174844696382,0,0
41023,3,11,1,1,0.26524066763424925,0,1
41025,2,10,0,1,0.27349413612046586,0,0
41041,3,18,1,1,0.183957733451208,0,1
41067,1,30,1,1,0.12086336442553064,0,0
42013,3,19,1,1,0.1408383038160237,0,0
42025,2,20,1,1,0.14499724356247315,0,0
42041,1,21,1,1,0.11440633829009318,0,0
42047,2,14,1,1,0.12219981238515305,0,1
42059,2,26,1,1,0.13468147168896807,0,0
42063,3,49,0,1,0.1537424161317555,0,0
42069,2,28,1,1,0.11752834982068291,0,0
42073,2,22,1,1,0.14490182533362186,0,1
42093,2,9,0,1,0.15528891475361578,0,0
42095,1,26,1,1,0.13302120672428797,0,0
42113,3,13,0,1,0.1631583060925376,0,0
42117,3,25,0,1,0.16029367732776345,0,0
42123,2,19,1,1,0.14266542682609457,0,0
42125,1,64,1,1,0.11505218668830455,0,0
42127,2,30,1,1,0.12670086462552335,0,1
42133,1,45,0,1,0.15952420902157388,0,0
45003,3,23,0,1,0.19176347632659363,0,0
45019,1,30,0,1,0.14646856597279811,0,0
45025,4,11,1,1,0.20658399830206423,0,0
45029,4,14,1,1,0.22757023397553977,0,1
45053,4,9,0,1,0.22999362427293107,0,0
45063,2,18,0,1,0.16449204028375944,0,0
46005,3,11,0,1,0.18756590999322373,0,0
46007,4,7,0,1,0.34266732728765964,0,0
46019,3,8,0,1,0.2349228983599658,0,0
46021,1,7,0,1,0.19326939934244572,0,0
46029,2,10,1,1,0.15054386895887212,0,0
46037,2,11,1,1,0.23289547319799594,0,1
46041,3,9,0,1,0.2737917578475597,0,0
46047,3,7,0,1,0.2328333070013596,0,0
46055,3,5,0,1,0.23755425247067316,0,0
46063,1,10,0,1,0.19906228961685454,0,0
46073,1,4,0,1,0.18123775841173656,0,0
46083,1,12,1,1,0.121636113168058,0,1
46089,2,8,0,1,0.23132501842400202,0,0
46097,1,9,0,1,0.18086002879058014,0,0
46105,2,9,0,1,0.22986487799389285,0,0
46111,1,8,0,1,0.18041817528717655,0,0
46119,1,6,0,1,0.16512079021582682,0,0
46129,1,7,1,1,0.18541022966146742,0,1
47001,3,11,1,1,0.1620744778322947,0,1
47005,4,7,1,1,0.23553923158553614,0,0
47011,3,8,1,1,0.18443882727697755,0,0
47013,4,11,1,1,0.20546547073625887,0,0
47015,2,9,0,1,0.21305578840829786,0,0
47017,4,14,1,1,0.2416050393556225,0,0
47027,4,7,1,1,0.25464217533756206,0,1
47037,2,35,0,1,0.15371476203847695,0,0
47067,4,5,1,1,0.2483705726562619,0,1
47071,4,13,1,1,0.21668568616784595,0,0
47079,4,9,1,1,0.2645476971230534,0,1
47089,3,10,1,1,0.2001514872820285,0,1
47097,4,4,1,1,0.301016270712136,0,0
47117,3,12,1,1,0.18761822349648977,0,1
47133,3,11,0,1,0.21420396399730843,0,0
47137,4,6,0,1,0.20730887545585122,0,0
47153,2,8,0,1,0.14248403015696198,0,0
47157,1,38,0,1,0.19143129202168724,0,1
47167,2,10,1,1,0.2358290825236839,0,0
47169,2,5,0,1,0.20105392303069278,0,0
47185,4,5,1,1,0.22202627673474043,0,0
47187,1,16,1,1,0.10305009461095269,0,0
48009,2,10,1,1,0.2213748829531696,0,1
48021,2,15,1,1,0.24288989045527146,0,0
48033,3,9,0,1,0.2788903581414178,0,0
48035,3,11,1,1,0.2442573130666268,0,0
48045,4,4,0,1,0.33731208233219234,0,0
48047,4,2,1,1,0.3904789733513112,0,1
48059,2,9,0,1,0.2181333587821611,0,0
48081,3,4,1,1,0.2444442013535545,0,1
48095,3,6,0,1,0.14625278730252717,0,0
48103,2,2,0,1,0.2625104790360849,0,0
48113,3,93,0,1,0.1874653716767344,0,1
48117,4,6,1,1,0.3179551643316558,0,0
48121,1,37,0,1,0.1434103082126757,0,0
48137,4,4,0,1,0.3067550007383082,0,0
48141,1,30,0,1,0.21353272195886128,0,1
48147,2,19,1,1,0.2544375054773521,0,1
48153,3,6,0,1,0.3121054783213547,0,0
48163,4,5,0,1,0.31069453801508967,0,0
48165,3,5,0,1,0.276865030766887,0,0
48167,2,18,0,1,0.187171492466933,0,0
48169,4,4,1,1,0.3062584540425176,0,1
48187,2,14,0,1,0.20368639699695118,0,0
48201,3,141,0,1,0.1810867599969832,0,0
48203,3,12,1,1,0.1999002758594501,0,0
48213,3,15,0,1,0.22109915580054687,0,1
48217,2,19,1,1,0.256199438005265,0,1
48243,2,2,0,1,0.24405710071393807,0,0
48247,4,1,1,1,0.3670250633565738,0,1
48251,2,16,1,1,0.20055124034423144,0,0
48271,4,1,0,1,0.3169770714083542,0,0
48275,4,6,1,1,0.29961888343754767,0,1
48285,2,7,1,1,0.26686625376102335,0,0
48311,3,7,0,1,0.27467066272950297,0,0
48315,4,7,1,1,0.2284256399206955,0,1
48321,1,12,1,1,0.27061674762815896,0,0
48329,1,9,1,1,0.17258210344185312,0,0
48349,4,17,1,1,0.2707858489055704,0,1
48359,1,6,0,1,0.26454823066804717,0,0
48363,4,12,1,1,0.2511685621219214,0,0
48367,1,18,1,1,0.19257034095270012,0,0
48369,3,5,0,1,0.29381831061121366,0,0
48379,2,6,0,1,0.22745820088115742,0,0
48393,4,5,0,1,0.29120124806842285,0,0
48397,1,9,1,1,0.14499321350748928,0,1
48399,3,11,1,1,0.2740489779041388,0,1
48409,3,9,1,1,0.2638698717058831,0,0
48419,4,7,1,1,0.24787648520105177,0,0
48473,2,11,1,1,0.23614137942203195,0,1
48475,3,6,1,1,0.2639681973794775,0,1
48499,3,12,1,1,0.19344292929939289,0,0
48503,2,6,1,1,0.2616980521986274,0,0
49003,2,20,1,1,0.2074257033925859,0,1
49011,1,13,1,1,0.15165465951183688,0,0
49017,3,11,0,1,0.19150693644651146,0,0
49025,2,7,0,1,0.20652308353305734,0,0
49029,1,2,0,1,0.16020962345341017,0,0
49045,1,8,0,1,0.21869033594619178,0,0
49051,1,6,0,1,0.14525946541360255,0,0
50003,2,21,0,1,0.10640514290498547,0,0
50027,1,34,0,1,0.09507731526161663,0,0
51031,3,14,1,1,0.15150970064044128,0,1
51043,1,7,0,1,0.13533495279958557,0,0
51073,1,6,1,1,0.1406948684385409,0,1
51077,4,9,0,1,0.1990756966419378,0,0
51111,4,12,1,1,0.22552927767790268,0,0
51125,2,17,0,1,0.164556777094612,0,0
51141,3,14,1,1,0.17780569944575011,0,0
51143,4,20,1,1,0.21151083754897232,0,0
51147,1,12,1,1,0.5251442495151528,1,0
51149,3,7,1,1,0.18030642406898187,0,1
51163,3,12,0,1,0.1480350758058863,0,0
51187,1,7,1,1,0.12761214709784613,0,1
51510,1,8,1,1,0.0886143609839783,0,0
51540,3,4,0,1,0.09586218767012097,0,0
51550,1,6,1,1,0.11963889340809751,0,0
51620,3,1,0,1,0.20135018749049638,0,0
51640,4,1,0,1,0.2026988227795097,0,0
51685,1,1,0,1,0.10132787170065496,0,0
51720,4,1,0,1,0.18754919913067147,0,0
53001,4,11,0,1,0.29821896794265573,0,0
53007,2,14,1,1,0.164010422120447,0,0
53009,2,9,0,1,0.14451002049430475,0,0
53035,1,20,1,1,0.1222566979451931,0,0
53047,4,22,1,1,0.25909908103251716,0,1
53049,3,13,0,1,0.20419121483576713,0,0
53053,1,59,0,1,0.16126717208479013,0,0
53057,1,17,1,1,0.13656357994175417,0,0
53071,2,8,1,1,0.1970408239096423,0,0
53077,4,22,1,1,0.25922950268650286,0,0
54015,4,16,0,1,0.2431574218126931,0,0
54021,4,16,0,1,0.2031212179965997,0,0
54029,3,5,1,1,0.20807446003493915,0,1
54051,3,10,0,1,0.1891454632247615,0,0
54065,3,4,1,1,0.20977611472339772,0,0
54073,3,5,0,1,0.21186564754345014,0,0
54093,2,10,0,1,0.1959616148820701,0,0
54095,3,11,0,1,0.22612817273097624,0,0
54105,4,8,0,1,0.25157949006531904,0,0
55007,2,15,1,1,0.12924944317035647,0,0
55017,2,14,1,1,0.12819615664561657,0,0
55023,2,13,1,1,0.1327835387303436,0,0
55025,1,45,0,1,0.11447714053697199,0,0
55031,2,12,1,1,0.11031784051119271,0,1
55039,1,24,1,1,0.14600446016731292,0,0
55047,2,12,0,1,0.16641993181282755,0,0
55081,2,12,1,1,0.12584765835259598,0,0
55089,1,13,1,1,0.10448517366581318,0,1
55093,1,13,0,1,0.11602234256594648,0,0
55103,3,14,1,1,0.1521316785845334,0,0
55105,2,19,1,1,0.14598992617842135,0,0
55107,3,14,0,1,0.14174047477521629,0,0
55117,1,17,1,1,0.10976532164969711,0,0
55131,1,18,1,1,0.11574250788069433,0,0
55133,1,30,1,1,0.1085126176824297,0,0
56005,1,8,0,1,0.22595503843984222,0,0
56007,2,12,1,1,0.235118645844916,0,0
56015,2,9,0,1,0.23067925694936633,0,0
56039,1,9,0,1,0.1275360600582467,0,0
56043,2,2,0,1,0.22511222453605376,0,0
01015,3,14,1,2,0.18751591341251844,0,0
01043,3,19,1,2,0.19812426758162788,0,0
01055,3,14,1,2,0.20169296107858117,0,0
01059,4,10,1,2,0.20607806575618903,0,0
01069,4,14,1,2,0.22569087259701423,0,0
01079,3,10,1,2,0.23750382496891648,0,1
01091,4,15,1,2,0.24108693211634918,0,0
01095,4,18,1,2,0.20443648005119253,0,0
01107,4,8,1,2,0.23345619220347968,0,0
01113,3,12,1,2,0.2123553094655784,0,0
01127,3,18,1,2,0.21899110015922377,0,0
01131,4,13,1,2,0.2485085837273046,0,0
04015,1,25,0,2,0.22791684382652933,0,1
04021,2,34,0,2,0.2359834856562222,0,1
05005,3,12,1,2,0.1678244379685689,0,0
05017,4,6,0,2,0.30265986019970714,0,0
05037,4,8,1,2,0.2893338480486387,0,0
05045,1,15,1,2,0.19414521104946955,0,0
05049,1,14,1,2,0.2074852474821556,0,0
05057,4,10,1,2,0.2735192007700895,0,0
05059,4,12,1,2,0.20534797132846688,0,1
05095,4,9,1,2,0.29855362050769574,0,1
05115,4,13,1,2,0.21171213604130254,0,1
05117,3,11,1,2,0.24633796408067757,0,1
05121,4,11,1,2,0.2533625587589941,0,0
05141,4,12,1,2,0.2247328757882686,0,0
05147,4,9,1,2,0.29432493883323096,0,1
06007,4,18,1,2,0.21798163202460383,0,0
06011,3,9,1,2,0.2504830515225489,0,0
06013,1,49,0,2,0.14492490801080035,0,0
06029,1,52,0,2,0.2842937010985807,0,1
06067,2,57,0,2,0.20713643208267646,0,0
06081,1,30,0,2,0.11717294808834804,0,0
06083,2,24,1,2,0.16309645963424477,0,0
06089,3,30,0,2,0.21299541981990938,0,1
06093,3,23,1,2,0.22346024960324276,0,1
06099,3,28,0,2,0.25137611218999645,0,0
06107,4,41,0,2,0.30598518121648177,0,0
06113,3,19,1,2,0.19446647323354027,0,0
08001,2,35,1,2,0.1741703615610696,0,0
08003,4,5,0,2,0.19226797317073366,0,0
08009,4,8,1,2,0.21500761128771934,0,1
08021,4,8,0,2,0.1470920360971195,0,0
08023,4,7,0,2,0.21601549365924544,0,0
08027,2,4,0,2,0.13251202238823773,0,0
08029,4,8,0,2,0.16077660429924945,0,0
08031,2,36,0,2,0.15216617577572722,0,0
08035,1,18,1,2,0.11708300159006561,0,0
08037,1,13,1,2,0.11046663348821989,0,0
08039,1,14,0,2,0.14748211235506067,0,0
08055,2,4,1,2,0.1934307477588927,0,1
08077,2,19,1,2,0.16569134516011663,0,0
08079,1,3,0,2,0.11558416134082126,0,0
08083,3,7,0,2,0.18143687292544877,0,0
08085,3,12,0,2,0.15287981346253748,0,0
08099,3,6,1,2,0.1896922207980255,0,0
08105,4,4,0,2,0.1613163873209613,0,0
08125,3,13,0,2,0.18548794051921702,0,0
09009,1,41,1,2,0.12505986112960388,0,0
10005,2,24,1,2,0.1495353551651536,0,0
12001,3,23,1,2,0.1326240605361007,0,0
12011,2,53,0,2,0.13696349429188756,0,0
12017,3,15,1,2,0.14103958863870977,0,0
12019,2,12,1,2,0.13592564382832933,0,0
12029,4,6,0,2,0.19284079719229394,0,0
12035,2,7,1,2,0.1321586860787055,0,0
12045,2,2,0,2,0.15179286454251853,0,0
12069,2,28,0,2,0.16293351086960609,0,0
12073,3,10,1,2,0.13435841735303988,0,0
12083,3,31,1,2,0.16548890872399485,0,0
12086,3,79,0,2,0.1660081304062551,0,0
12087,2,11,1,2,0.14440035896845002,0,0
12091,2,14,1,2,0.11604826397949392,0,0
12127,3,29,0,2,0.14864750919894656,0,0
12131,2,12,1,2,0.13411652669079138,0,0
13001,4,7,1,2,0.2533123824240619,0,0
13023,4,6,1,2,0.21987520097336732,0,0
13033,4,9,1,2,0.2654172352061817,0,0
13035,4,5,1,2,0.2235564860608395,0,0
13051,3,14,0,2,0.165330690910172,0,0
13057,1,15,1,2,0.09341248127230298,0,0
13061,4,6,0,2,0.28133379976372314,0,0
13065,4,7,0,2,0.2770064517662819,0,0
13075,4,5,1,2,0.23882598497007734,0,0
13077,1,10,1,2,0.13595917712057154,0,0
13083,3,5,1,2,0.1466690661637903,0,0
13093,4,8,1,2,0.26702803216483706,0,0
13097,2,8,1,2,0.1523073469261837,0,0
13129,4,8,1,2,0.18473846367354319,0,1
13131,4,6,0,2,0.24981591110722262,0,0
13167,4,5,1,2,0.2669015351103194,0,1
13171,3,9,0,2,0.20518480227755814,0,0
13195,3,11,1,2,0.1822199353933633,0,0
13197,4,4,1,2,0.22339026369426954,0,1
13199,4,10,0,2,0.21514617489051246,0,0
13201,4,5,0,2,0.25829095472201585,0,0
13207,2,9,0,2,0.17681519761532166,0,0
13213,3,6,0,2,0.1687873318082403,0,0
13217,3,11,1,2,0.2078980833993313,0,0
13229,4,7,0,2,0.23118785971216946,0,0
13235,4,5,1,2,0.25863965912088493,0,0
13239,4,2,0,2,0.24582367381783693,0,0
13241,4,9,0,2,0.15700203460675577,0,0
13245,1,11,0,2,0.2400627884470041,0,0
13249,3,7,0,2,0.20356306926241385,0,0
13269,1,6,0,2,0.1509526172688968,0,0
13271,4,7,0,2,0.2701752515546576,0,0
13275,3,9,1,2,0.210978207067807,0,1
13277,4,9,1,2,0.2448751906535375,0,1
13281,3,3,1,2,0.12550270546322384,0,1
13285,4,7,1,2,0.21903927329379458,0,0
13287,4,4,1,2,0.2820974217038777,0,1
13289,4,6,0,2,0.2652787112549803,0,0
16007,3,10,0,2,0.08853775418039439,0,0
16029,2,7,0,2,0.1748878239671953,0,0
16031,3,9,1,2,0.24206356365439802,0,0
16045,2,7,1,2,0.1834276972935696,0,0
16053,4,5,0,2,0.25405381821505046,0,0
16069,2,10,1,2,0.1756399027826465,0,0
16073,3,12,1,2,0.25608036455217537,0,0
16079,4,15,1,2,0.19890981578060044,0,0
16085,1,4,0,2,0.1423789123650949,0,0
17003,1,8,1,2,0.18564815868811982,0,1
17007,1,15,1,2,0.1747519128007978,0,0
17013,2,7,1,2,0.15538969614233214,0,1
17015,1,11,0,2,0.16598842208075762,0,0
17023,2,11,0,2,0.16625478561160845,0,0
17031,2,176,0,2,0.15172527696323806,0,0
17033,2,10,1,2,0.17708608895117853,0,0
17035,3,12,0,2,0.18087641403027876,0,0
17037,2,22,0,2,0.1817311645627543,0,0
17043,1,43,1,2,0.10852418609187729,0,0
17055,4,19,1,2,0.23057039986678343,0,1
17073,1,23,1,2,0.17780213051917296,0,1
17077,4,22,0,2,0.18003939778245226,0,0
17089,1,33,0,2,0.1503389910579992,0,0
17091,2,21,1,2,0.2096416164763999,0,0
17097,1,35,1,2,0.13207155113729555,0,0
17113,2,33,1,2,0.1578034091710821,0,0
17141,2,27,1,2,0.17761162532140898,0,1
17149,3,16,1,2,0.18266972123935526,0,0
17165,4,11,1,2,0.23995250945203125,0,0
17167,2,29,1,2,0.15299518406972507,0,0
17191,3,20,0,2,0.19462073765552299,0,0
18007,3,10,0,2,0.25292156837165136,0,0
18011,1,12,1,2,0.14926402790280074,0,1
18037,1,13,1,2,0.17546423239225684,0,1
18039,2,17,1,2,0.2383898466293587,0,0
18053,3,15,1,2,0.26572596756264383,0,0
18083,3,11,1,2,0.24484381075704564,0,1
18093,2,12,1,2,0.22706492104539067,0,1
18097,3,40,0,2,0.2226926012373578,0,0
18099,3,13,0,2,0.24294079695484738,0,0
18107,2,16,1,2,0.19373816920668868,0,0
18111,2,12,0,2,0.2152175166163076,0,0
18113,1,17,0,2,0.21734538215777874,0,0
18119,3,14,0,2,0.2170352078459087,0,0
18125,2,11,0,2,0.2072025699538592,0,0
18127,1,15,1,2,0.18148005269200052,0,0
18129,1,7,1,2,0.1869179398002137,0,0
18131,3,13,0,2,0.24680603186952857,0,0
18133,1,15,1,2,0.18407032834980275,0,1
18137,2,12,0,2,0.2001115098842132,0,0
18157,3,18,1,2,0.16176086064056144,0,0
18171,2,11,0,2,0.2019003568625239,0,0
18175,2,12,1,2,0.20194758410115787,0,0
19007,3,11,1,2,0.19698599205606984,0,0
19031,1,18,1,2,0.1611903465837572,0,0
19075,1,16,0,2,0.15686948771410117,0,0
19087,2,11,1,2,0.18145205953889726,0,0
19091,2,17,0,2,0.17343352061144687,0,0
19093,1,12,0,2,0.16189430293597562,0,0
19101,1,16,0,2,0.15352646024473462,0,0
19105,2,16,1,2,0.18010020706652682,0,0
19121,1,14,1,2,0.14771974625780457,0,0
19125,1,19,0,2,0.14824920701925398,0,0
19135,2,7,0,2,0.1630233524563105,0,0
19141,2,14,0,2,0.17241417325086586,0,0
19149,1,14,1,2,0.18315694312790431,0,0
19151,2,16,1,2,0.19710540955503147,0,1
19163,2,22,1,2,0.17151607947079575,0,0
20001,3,11,1,2,0.2528062029636807,0,0
20003,3,10,0,2,0.24066292448537485,0,0
20023,3,5,0,2,0.22778735515103182,0,0
20039,2,8,1,2,0.18920825207965591,0,1
20047,3,7,1,2,0.21726019094264729,0,1
20055,3,7,1,2,0.2429588362568677,0,1
20061,3,8,1,2,0.2301753643615537,0,1
20093,3,4,0,2,0.28633341147492714,0,0
20097,2,7,1,2,0.1824033651927459,0,1
20099,4,13,1,2,0.2778232832027633,0,0
20127,2,9,1,2,0.24684629042776463,0,1
20135,3,9,1,2,0.17243925495732962,0,1
20139,2,15,1,2,0.2545103741572402,0,0
20143,2,11,0,2,0.18361708192227522,0,0
20147,2,9,1,2,0.1587739121119749,0,1
20167,2,11,1,2,0.19815335265727285,0,1
20179,1,11,1,2,0.15359071325721868,0,1
20187,3,3,0,2,0.2523048397146505,0,0
20191,2,18,0,2,0.2087871909161972,0,0
20199,2,4,0,2,0.19719728918720053,0,0
20209,4,11,0,2,0.27488415173307323,0,0
21001,4,10,1,2,0.24244387791579144,0,0
21007,1,6,0,2,0.15964960762548397,0,0
21009,4,11,1,2,0.2819790724496464,0,0
21021,3,5,1,2,0.22054327639700938,0,0
21031,4,10,0,2,0.2435967538309877,0,0
21037,2,10,1,2,0.15298600317673083,0,0
21057,4,3,1,2,0.2481149341770007,0,1
21085,4,9,1,2,0.25027005183213935,0,0
21087,4,8,0,2,0.2562097931859392,0,0
21089,3,11,0,2,0.21269626001134423,0,0
21097,3,6,1,2,0.23864524500488926,0,0
21101,3,8,1,2,0.2522959330730593,0,0
21103,3,13,1,2,0.22341876309022357,0,0
21141,4,7,1,2,0.2685591657203446,0,0
21149,2,7,1,2,0.2464772874973598,0,1
21155,1,11,0,2,0.2395417521503317,0,0
21171,4,6,1,2,0.21121654159497416,0,0
21177,3,17,0,2,0.24765124152026124,0,0
21179,1,9,1,2,0.16920232146281755,0,1
21185,1,11,1,2,0.11881435915876408,0,0
21187,3,9,0,2,0.22571216105368477,0,0
21191,3,10,1,2,0.21080971246108252,0,0
21193,1,21,0,2,0.16495665309237026,0,0
21197,4,4,1,2,0.2059934918771223,0,0
21211,2,14,1,2,0.18359961250513446,0,1
22009,4,15,1,2,0.24751079401447765,0,1
22013,4,13,1,2,0.2633497926207866,0,0
22015,3,15,0,2,0.21234632158068326,0,1
22027,4,11,1,2,0.2770029586445304,0,0
22049,4,7,1,2,0.23994473762868473,0,0
22061,1,8,0,2,0.2306937523181901,0,1
22067,4,7,0,2,0.2788079342530117,0,0
22075,2,9,0,2,0.22690373388964657,0,0
22079,4,27,1,2,0.22524414522967154,0,0
22081,3,5,0,2,0.20633313792708746,0,0
22103,2,17,1,2,0.1442432321218568,0,0
22111,3,10,1,2,0.22521060586664976,0,0
22125,2,4,0,2,0.11125319503436852,0,0
23013,1,19,1,2,0.08669512048942545,0,1
23015,2,25,0,2,0.09019644156364166,0,0
23017,1,33,1,2,0.1327147836377165,0,0
23025,4,24,1,2,0.1590570341516749,0,0
24027,1,24,1,2,0.09018811294747472,0,0
24029,2,9,1,2,0.17486861902526363,0,0
24033,1,39,0,2,0.16182373529101135,0,0
24035,1,16,1,2,0.14267859797762367,0,0
25001,1,47,1,2,0.10322288538566339,0,0
25013,2,41,1,2,0.16870262439276573,0,0
25017,1,83,0,2,0.08706268348068898,0,0
25025,3,36,1,2,0.14049937453938563,0,0
26001,3,13,0,2,0.1700872213206153,0,0
26005,2,24,1,2,0.1825785763757381,0,0
26007,3,8,0,2,0.1679813663970537,0,0
26011,3,10,1,2,0.21055292878231213,0,0
26013,3,7,1,2,0.16947146692683876,0,1
26023,3,13,1,2,0.24559374768066136,0,0
26025,3,22,1,2,0.21982644141222069,0,0
26027,2,14,1,2,0.21752344332229326,0,1
26065,1,22,1,2,0.19117327975092446,0,0
26073,4,15,1,2,0.1765085590762887,0,0
26107,3,16,0,2,0.16443923691254017,0,0
26139,1,22,1,2,0.13912636180966773,0,0
26153,3,7,0,2,0.2097136766867215,0,0
26163,3,68,0,2,0.2362409312514398,0,0
26165,3,13,0,2,0.1707890675213674,0,0
27009,1,9,1,2,0.13311939711821177,0,1
27021,2,24,0,2,0.14749870300361964,0,0
27035,2,18,0,2,0.11012434475044926,0,0
27037,1,22,1,2,0.11051283867337164,0,0
27041,1,17,1,2,0.122791943105497,0,1
27053,1,72,0,2,0.11760223908478558,0,0
27057,2,10,1,2,0.14825322614168296,0,0
27089,1,15,0,2,0.1690792734832055,0,0
27095,2,12,1,2,0.14634005328066818,0,0
27097,2,20,1,2,0.1356531310258438,0,1
27143,1,16,0,2,0.15223873450507577,0,0
27147,1,11,0,2,0.16911186598355418,0,0
27149,2,8,0,2,0.13485173313860893,0,0
27151,3,11,1,2,0.1632629106086269,0,1
27157,1,13,0,2,0.13243772359449402,0,0
27165,2,10,0,2,0.18007352956385972,0,0
27171,1,19,1,2,0.11812979063896542,0,0
27173,2,14,0,2,0.16311588899353632,0,0
28017,4,8,0,2,0.23049097997871004,0,0
28027,4,11,1,2,0.3266817089394773,0,0
28031,4,8,1,2,0.19686064634074482,0,0
28037,4,8,1,2,0.17908209429047486,0,1
28051,4,9,1,2,0.26419489023278353,0,0
28057,3,10,1,2,0.16194038715386058,0,0
28065,4,9,1,2,0.1993323284376661,0,0
28067,4,13,0,2,0.18021558283508363,0,1
28081,3,15,1,2,0.1556510402027682,0,0
28085,4,12,1,2,0.17515674427726036,0,1
28087,3,8,1,2,0.17114572836570388,0,0
28099,4,8,1,2,0.22914362436674474,0,0
28109,3,5,1,2,0.1659278851375826,0,1
28119,4,10,1,2,0.3085208851577399,0,1
28123,4,10,1,2,0.22607821981052845,0,0
28133,4,16,1,2,0.315458787249285,0,1
28137,3,5,1,2,0.22339054469005087,0,0
28139,4,9,0,2,0.20309093788511595,0,0
28149,4,3,0,2,0.1976697768913229,0,0
28153,4,7,1,2,0.19937818004159422,0,0
28161,4,7,1,2,0.19607319294018022,0,0
29001,4,9,1,2,0.17069356933450375,0,0
29003,2,17,0,2,0.21581783433935528,0,0
29013,3,13,1,2,0.22641659365775219,0,0
29015,3,13,1,2,0.21498307256741056,0,0
29027,2,19,0,2,0.15119216352358944,0,0
29029,3,18,1,2,0.16091110612439183,0,1
29045,3,11,0,2,0.21273013122496445,0,0
29059,4,13,1,2,0.22941369427002112,0,0
29063,2,10,1,2,0.23160066726480003,0,0
29071,1,23,1,2,0.18911729854722997,0,0
29079,3,7,1,2,0.2415171043514982,0,1
29087,3,6,0,2,0.23418542365136774,0,0
29103,4,12,1,2,0.24290563409192742,0,1
29113,2,17,1,2,0.21050999062311862,0,0
29119,1,14,1,2,0.20481547752538914,0,0
29121,2,15,1,2,0.19953660642499185,0,0
29125,3,10,0,2,0.18977495675359196,0,0
29127,3,10,1,2,0.20841969292631915,0,0
29153,4,18,1,2,0.24082475657651217,0,1
29157,2,8,0,2,0.20326284468698275,0,0
29169,2,11,1,2,0.15020604973834345,0,0
29179,3,11,0,2,0.21409523454033846,0,0
29189,1,46,0,2,0.1603679269736561,0,0
29203,4,9,0,2,0.23876340824476178,0,0
29217,4,13,1,2,0.24001560953235712,0,0
29219,3,9,1,2,0.2005792960202067,0,1
30011,2,8,0,2,0.17417933591291496,0,0
30013,3,18,1,2,0.19021447174697215,0,1
30021,1,8,1,2,0.17185553259253372,0,1
30029,2,16,1,2,0.12434936862931513,0,0
30073,3,6,1,2,0.22921502625579426,0,1
30083,1,9,0,2,0.1740947049970419,0,0
30093,3,7,0,2,0.1544838661618386,0,0
30097,1,6,0,2,0.15398999342064493,0,0
30099,2,12,0,2,0.17610069335005868,0,0
30105,3,12,1,2,0.21304565475956452,0,1
31001,2,14,1,2,0.1488844388516908,0,1
31019,1,14,0,2,0.14276525054836744,0,0
31037,3,7,0,2,0.1719799845230804,0,0
31053,2,14,0,2,0.17822885515198472,0,0
31057,4,7,0,2,0.2191713723820482,0,0
31059,1,14,0,2,0.13514626238053198,0,0
31065,3,9,0,2,0.18684182731067198,0,0
31091,1,1,0,2,0.1751560644364577,0,0
31101,2,7,0,2,0.16824233837279384,0,0
31127,2,13,0,2,0.16846062681315882,0,0
31135,1,10,1,2,0.17461583238054593,0,1
31137,2,10,0,2,0.1577200444592987,0,0
31141,1,11,1,2,0.13189265189541843,0,1
31157,3,8,1,2,0.21463899742506348,0,0
31163,2,8,0,2,0.17209814185071545,0,0
31181,2,8,0,2,0.1742542263142488,0,0
32015,3,2,0,2,0.286064298860618,0,0
32017,1,5,1,2,0.13941561587932752,0,1
32021,3,5,1,2,0.29469004402972027,0,1
33001,1,15,0,2,0.09090193538783672,0,0
33007,2,16,1,2,0.12776486403349213,0,1
33011,1,34,1,2,0.09235990870226245,0,0
33017,1,17,0,2,0.10429606620196834,0,0
33019,2,19,0,2,0.10382195227185177,0,0
34001,1,30,0,2,0.1550839305992252,0,0
34005,1,38,0,2,0.11328138475886301,0,0
34017,3,16,0,2,0.14610204039725389,0,0
34023,1,44,0,2,0.11305317004514805,0,0
34029,1,30,0,2,0.11885876363730698,0,0
34035,1,32,1,2,0.09400277992675253,0,0
35001,1,27,0,2,0.18912858728157,0,0
35005,4,9,1,2,0.32884500005686274,0,1
35009,1,7,1,2,0.22500869359770462,0,1
35019,2,5,1,2,0.19063262897534625,0,1
35029,4,3,1,2,0.30823618315606177,0,0
35037,4,10,1,2,0.26855325306740807,0,1
36003,3,37,1,2,0.13783902184828753,0,0
36031,2,34,1,2,0.10572881174532368,0,1
36045,3,39,1,2,0.1472004483124246,0,0
36051,2,30,0,2,0.1487037647078605,0,0
36069,1,25,0,2,0.1277174150363057,0,0
36073,3,15,1,2,0.22468377240315932,0,0
36075,3,27,1,2,0.16905266066886754,0,0
36083,2,29,1,2,0.124242056194596,0,0
36085,1,12,0,2,0.1435944562603728,0,0
36111,2,63,1,2,0.11611420543144882,0,0
36113,1,25,0,2,0.11620259458724287,0,0
36119,1,77,0,2,0.11398960613606426,0,0
37007,4,8,1,2,0.20345474214410117,0,0
37015,4,10,1,2,0.22978460584339433,0,0
37037,1,18,1,2,0.10036870591608112,0,0
37043,3,5,1,2,0.1245050131405574,0,1
37059,2,6,1,2,0.13315990137548844,0,1
37061,4,19,1,2,0.22835632733697234,0,0
37067,1,22,1,2,0.14237314154684172,0,0
37091,4,9,1,2,0.19726264657583406,0,0
37103,4,9,0,2,0.2056506547532729,0,0
37113,3,6,0,2,0.14264797140218174,0,0
37115,3,6,0,2,0.13440508603368403,0,0
37123,3,8,0,2,0.1589674683721339,0,0
37131,4,12,1,2,0.20723280523657361,0,0
37133,3,16,1,2,0.13684926552883303,0,0
37137,3,9,0,2,0.17433533011374355,0,0
37145,2,10,0,2,0.17045955058007656,0,0
37151,3,24,1,2,0.17060862092660348,0,0
37157,3,11,1,2,0.17686124714304322,0,0
37161,1,16,1,2,0.15553002638785596,0,0
37165,4,7,1,2,0.2351492220290746,0,0
37199,3,5,0,2,0.16017429711042716,0,0
38001,1,6,0,2,0.19293044933064307,0,0
38009,1,14,0,2,0.16679835444452093,0,0
38031,1,8,0,2,0.14838361220776458,0,0
38039,2,9,0,2,0.18059748499057973,0,0
38043,2,13,0,2,0.1822287955301535,0,0
38061,2,12,0,2,0.21380385609267247,0,0
38067,1,13,1,2,0.1386018460674521,0,1
38069,3,11,0,2,0.18417217902744434,0,0
38073,1,11,1,2,0.1524085602689316,0,1
38085,4,9,1,2,0.35052233990977283,0,1
38091,1,12,0,2,0.148174952100614,0,0
38095,3,10,0,2,0.19088905073138715,0,0
39011,1,18,0,2,0.2221225316872251,0,0
39013,2,27,1,2,0.17775071213967134,0,0
39035,1,52,0,2,0.18681927499853396,0,0
39059,3,20,1,2,0.22031115363797088,0,0
39063,1,24,1,2,0.1725129758199277,0,0
39081,3,23,1,2,0.22253032898098613,0,0
39091,2,18,1,2,0.22901610997097013,0,0
39093,2,24,1,2,0.1980741525554685,0,0
39103,1,24,1,2,0.14199640441899994,0,0
39107,1,18,1,2,0.2205547336873785,0,1
39117,2,16,1,2,0.206246131380485,0,1
39137,1,17,1,2,0.18455309383113025,0,0
39143,2,17,1,2,0.24756929660270552,0,0
39151,1,42,1,2,0.19930196159366523,0,0
39153,2,41,0,2,0.18804347625096374,0,0
39165,1,24,1,2,0.1475288491764198,0,0
40041,4,13,1,2,0.2768041022887541,0,1
40051,2,14,1,2,0.2551793676249271,0,0
40065,3,9,1,2,0.2690857171987522,0,0
40085,3,8,1,2,0.32719165521885285,0,1
40095,4,3,1,2,0.30264288664558725,0,0
40097,4,17,1,2,0.3051687197654577,0,1
40099,3,7,1,2,0.30210224466904356,0,0
40107,4,11,1,2,0.31588545925354755,0,0
40131,1,12,1,2,0.24200287792143285,0,0
40137,3,10,1,2,0.30768988490407545,0,1
41003,1,10,1,2,0.1459363799747447,0,1
41015,2,7,1,2,0.1500032166932329,0,0
41035,4,17,1,2,0.25211110452229585,0,1
42017,1,55,0,2,0.11940227877018707,0,0
42021,1,51,1,2,0.10288040587973438,0,0
42023,3,4,0,2,0.1537274288001533,0,0
42055,1,30,1,2,0.1436254987743965,0,0
42061,2,33,1,2,0.15997582685377607,0,1
42091,1,69,0,2,0.11549523066960468,0,0
42103,1,19,0,2,0.13222970378252127,0,0
42129,1,86,1,2,0.11846559352065161,0,0
45009,4,8,1,2,0.27033010033835975,0,0
45021,4,8,1,2,0.21268773304067579,0,0
45027,4,11,1,2,0.25925661621114887,0,1
45031,4,10,1,2,0.2261713759378876,0,0
45037,3,10,1,2,0.18294687687906605,0,0
45045,1,27,0,2,0.14207140803498128,0,0
45065,1,11,0,2,0.18788530597423495,0,0
45073,3,13,1,2,0.1681989677670894,0,1
45081,4,12,1,2,0.2592153733390225,0,0
45083,2,34,0,2,0.16354016312243008,0,0
45089,4,12,1,2,0.2622980395145327,0,0
45091,1,15,1,2,0.15743341700635707,0,0
46015,2,6,0,2,0.16376554259469137,0,0
46017,4,6,0,2,0.25916160962478885,0,0
46035,2,6,1,2,0.14294631814432385,0,0
46043,1,8,0,2,0.07357900906594492,0,0
46045,1,10,0,2,0.152844452677546,0,0
46057,1,12,0,2,0.13613361353183026,0,0
46061,2,7,0,2,0.13964981128182935,0,0
46069,1,5,0,2,0.1329721993126993,0,0
46085,2,9,0,2,0.20627886473082066,0,0
46093,2,18,1,2,0.14640683118483283,0,0
46095,4,7,0,2,0.30184352433334655,0,0
46109,4,16,1,2,0.23118512957183063,0,1
46115,1,15,0,2,0.14772067101081737,0,0
46123,4,8,0,2,0.18498368619726538,0,0
46135,2,10,1,2,0.13416183857702813,0,0
47021,2,12,1,2,0.17970198078293717,0,1
47039,4,9,0,2,0.21436361081749628,0,0
47041,4,11,0,2,0.24211153782536962,0,0
47049,4,9,1,2,0.20757819045068182,0,0
47055,3,17,1,2,0.21679198648793294,0,0
47059,4,10,1,2,0.2291846216015931,0,0
47069,4,12,1,2,0.24007821590830045,0,0
47105,2,9,0,2,0.16777538958377056,0,0
47107,4,12,1,2,0.21091978883340712,0,0
47121,3,6,1,2,0.19967557219398346,0,0
47129,4,12,1,2,0.19422342244818358,0,0
47147,2,12,1,2,0.2021412000126274,0,0
47161,2,8,0,2,0.1959069796761284,0,0
47165,1,10,1,2,0.18043403532776395,0,0
47173,4,11,0,2,0.21406201838453498,0,0
47177,4,6,1,2,0.2613972615213616,0,1
47179,1,13,1,2,0.17279709916444938,0,0
47181,4,10,1,2,0.20935349635748918,0,0
48001,3,10,1,2,0.23847502275627241,0,0
48003,2,1,1,2,0.2768160058294989,0,0
48005,4,6,1,2,0.2383009520500267,0,0
48015,2,13,1,2,0.24729509446666817,0,0
48029,2,77,0,2,0.24896466416275181,0,0
48049,3,10,1,2,0.23603146821335072,0,0
48061,4,17,0,2,0.3260655895861187,0,0
48065,1,6,0,2,0.21951357428753882,0,0
48067,4,14,1,2,0.23649723497744754,0,1
48073,4,12,1,2,0.22806873586242135,0,1
48077,2,9,1,2,0.25164803448785245,0,1
48087,4,5,1,2,0.2843090747454607,0,1
48093,2,14,1,2,0.23418154366859162,0,0
48105,2,6,0,2,0.2648203200273504,0,0
48107,4,9,0,2,0.3283257646747347,0,0
48123,3,9,1,2,0.28927040182516695,0,0
48133,4,9,1,2,0.24729525633216906,0,0
48139,1,20,1,2,0.23070961412939203,0,0
48143,1,13,1,2,0.2291973496369699,0,1
48159,1,7,1,2,0.18713172430167216,0,1
48195,4,3,0,2,0.33743539729525357,0,0
48221,1,8,1,2,0.20259199170530512,0,0
48225,4,7,1,2,0.25156608452656015,0,0
48237,3,11,0,2,0.2707893687026017,0,0
48259,1,8,1,2,0.16122594355630943,0,1
48319,2,6,0,2,0.2204961113212822,0,0
48325,1,15,0,2,0.22326483534190308,0,0
48345,3,6,0,2,0.23828482734110623,0,0
48351,3,11,0,2,0.22762219400405106,0,0
48365,3,13,1,2,0.2457870116185849,0,0
48371,3,6,1,2,0.2984236502261796,0,0
48381,1,15,1,2,0.22205760286741272,0,0
48387,4,9,1,2,0.27073034099408566,0,0
48405,4,4,1,2,0.24425613677742988,0,1
48411,3,7,1,2,0.26760462912420546,0,1
48413,2,3,0,2,0.09149609000174504,0,0
48421,3,4,0,2,0.266049138214357,0,0
48423,3,22,0,2,0.18389109440913,0,1
48431,2,2,0,2,0.267325286956232,0,0
48449,4,6,1,2,0.2582102713813792,0,1
48453,1,63,0,2,0.1425577097401982,0,0
48463,4,8,1,2,0.3150528976909041,0,0
48469,3,12,1,2,0.278472186124353,0,0
49033,2,4,0,2,0.20424153296279532,0,0
49035,1,36,0,2,0.19808014501395957,0,0
49039,3,15,1,2,0.19309365409632692,0,0
49041,3,12,1,2,0.2123809560533791,0,0
49049,2,24,0,2,0.1580662497549413,0,0
50013,1,5,1,2,0.09094702003169466,0,1
50021,1,29,1,2,0.09089726683824258,0,0
50025,2,24,1,2,0.09803023485784346,0,1
51003,2,24,1,2,0.09893792949641667,0,0
51011,3,8,0,2,0.18729732702741697,0,0
51019,1,18,1,2,0.1267772337432305,0,1
51025,3,16,1,2,0.21611119452277397,0,0
51037,4,14,1,2,0.20019448560153105,0,0
51047,1,18,1,2,0.1599857006971682,0,1
51049,3,7,0,2,0.18659363109826324,0,0
51059,1,48,0,2,0.08130802869058389,0,0
51069,1,12,1,2,0.11115229097317347,0,1
51085,1,12,1,2,0.09721578007099724,0,0
51087,2,16,1,2,0.1503412282445015,0,0
51091,2,7,0,2,0.14121617680410817,0,0
51103,2,6,1,2,0.1633438427210102,0,0
51115,2,15,0,2,0.12720632408705293,0,0
51121,3,10,1,2,0.11331773484493025,0,0
51127,1,6,1,2,0.12403630848361809,0,0
51157,1,10,0,2,0.12314398857371078,0,0
51167,4,11,0,2,0.20602655580691165,0,0
51169,3,12,0,2,0.1956649580140807,0,0
51179,1,5,1,2,0.11029165717308531,0,0
51185,1,18,1,2,0.1500254620855071,0,0
51197,3,11,0,2,0.17873536323399947,0,0
51530,4,1,0,2,0.18530784921838084,0,0
51570,2,1,1,2,0.13911858705936828,0,0
51775,1,1,0,2,0.1055656687855066,0,0
53011,1,20,0,2,0.14013951327339053,0,0
53019,4,9,0,2,0.22827911761222094,0,0
53023,3,2,1,2,0.2253901352085101,0,1
53027,1,21,0,2,0.1693335055753619,0,0
53033,1,84,0,2,0.11382863057028972,0,0
53041,2,23,1,2,0.1690328270458689,0,1
53059,1,8,1,2,0.14496914032782096,0,1
53065,3,21,0,2,0.19862613663426937,0,0
54019,1,42,0,2,0.19361735860076562,0,0
54033,3,21,0,2,0.1873751908930707,0,0
54039,1,46,1,2,0.20762631367503395,0,0
54063,3,13,0,2,0.22559166068093192,0,0
54067,3,25,1,2,0.23140883194692755,0,0
54079,2,17,1,2,0.19436934914155057,0,0
54089,4,15,0,2,0.2257272173439001,0,0
54091,3,10,0,2,0.20611560626697348,0,0
55005,2,19,1,2,0.12100441535836852,0,1
55013,3,11,0,2,0.1262254221465021,0,0
55021,1,20,1,2,0.12643201336216933,0,1
55029,1,13,1,2,0.1155664641729148,0,0
55033,2,22,0,2,0.12571649337791765,0,0
55035,2,15,0,2,0.11654508593805812,0,0
55049,1,19,0,2,0.11539406609902728,0,0
55051,3,12,0,2,0.1316977973526778,0,0
55055,1,19,1,2,0.13618858356586727,0,0
55057,3,14,1,2,0.14788441370487587,0,0
55061,1,6,1,2,0.12674272624679073,0,0
55069,1,7,1,2,0.10810052385420611,0,0
55073,1,28,1,2,0.10172516684833542,0,0
55079,3,37,0,2,0.18124035271051595,0,0
55085,1,14,1,2,0.10287932559112009,0,1
55101,2,16,0,2,0.15291333975610516,0,0
55113,3,12,0,2,0.12503160337035166,0,0
55129,2,12,0,2,0.1109799784935501,0,0
56001,1,10,1,2,0.2049270461210918,0,0
56003,2,15,1,2,0.18145720863875126,0,0
56017,3,3,1,2,0.20502161750806946,0,1
56023,1,15,0,2,0.15160146693354282,0,0
56029,1,8,1,2,0.14648620311881538,0,0
56033,1,9,1,2,0.15854995914405873,0,0
56045,2,4,0,2,0.19783253433355513,0,0
01001,3,10,1,3,0.18544634224513962,0,1
01005,4,9,0,3,0.23687424219762002,0,0
01023,4,10,0,3,0.22217944898501757,0,0
01025,4,10,1,3,0.22607698983549454,0,0
01031,3,16,1,3,0.181287314791748,0,1
01049,4,24,0,3,0.22834700130908078,0,0
01057,4,10,1,3,0.19884406819394826,0,0
01077,3,9,1,3,0.18579022370536777,0,0
01103,3,16,1,3,0.19903651758193153,0,0
01119,4,11,1,3,0.23895499661926242,0,0
01123,4,12,1,3,0.20027153688510377,0,1
01133,4,11,1,3,0.2066065607096458,0,0
04023,4,9,1,3,0.2638211707628309,0,1
04027,4,10,0,3,0.2516819558935759,0,1
05003,4,7,1,3,0.2087564847042617,0,0
05007,2,21,0,3,0.15293453684093716,0,0
05013,4,6,0,3,0.20499090146287405,0,0
05015,3,9,1,3,0.19550623701185038,0,0
05035,4,11,1,3,0.27775119415734234,0,0
05039,4,6,1,3,0.19742883837904404,0,1
05055,4,9,1,3,0.20847989152816046,0,1
05069,4,17,1,3,0.2265285087235039,0,0
05073,4,6,1,3,0.2387893668265953,0,1
05087,3,13,1,3,0.1990007386546784,0,0
05101,3,20,1,3,0.18985973342888632,0,1
05105,4,8,1,3,0.2219613031139588,0,1
05109,4,10,0,3,0.20226006462152465,0,0
05131,3,16,0,3,0.18996428375126304,0,1
06019,4,56,0,3,0.2471186129584812,0,0
06033,3,15,1,3,0.242476157678204,0,0
06073,1,108,0,3,0.16274274458236682,0,0
06079,2,26,1,3,0.16081092076544154,0,0
06111,1,33,0,3,0.15630228968062335,0,0
08005,1,33,1,3,0.1524926995471497,0,0
08007,1,5,1,3,0.15516033409689348,0,0
08015,2,5,0,3,0.1538676726493587,0,0
08017,2,4,0,3,0.2169138169155892,0,0
08019,1,6,0,3,0.13209648112988517,0,0
08051,2,11,0,3,0.16010954787790727,0,0
08053,1,3,0,3,0.15575563570064027,0,0
08057,1,2,0,3,0.1575867744360293,0,0
08081,2,5,1,3,0.25101996741289584,0,0
08089,4,7,0,3,0.2855369843962949,0,0
08095,2,3,0,3,0.22570895724030893,0,0
08097,1,7,0,3,0.13763467545123678,0,0
08103,2,4,0,3,0.2187059350029569,0,0
08107,1,9,1,3,0.16535164321482188,0,0
08113,1,7,1,3,0.13571599565128784,0,1
08117,1,4,0,3,0.16777838638566664,0,0
09007,1,24,1,3,0.11786563354040716,0,0
12015,2,17,1,3,0.13690063494322546,0,0
12023,3,8,1,3,0.1729703456228717,0,0
12039,4,7,1,3,0.2198334163257122,0,1
12051,4,6,1,3,0.2101500157588523,0,0
12053,3,12,1,3,0.16339780047718505,0,0
12063,1,14,1,3,0.1865481070688299,0,1
12065,4,4,1,3,0.20958989029874397,0,0
12067,4,2,0,3,0.16732776909769492,0,0
12075,4,13,1,3,0.18131707523182247,0,0
12077,4,2,0,3,0.18651756715129317,0,0
12085,1,12,1,3,0.14068096553717385,0,0
12097,3,17,1,3,0.1635131641275459,0,0
12101,2,31,1,3,0.1484535485586582,0,0
12111,2,17,1,3,0.16000675904761621,0,0
12133,4,10,1,3,0.19291507303337468,0,0
13005,4,3,1,3,0.22915688895362626,0,1
13017,4,4,1,3,0.24172369520337084,0,0
13027,4,10,0,3,0.20317444673540264,0,0
13045,1,11,1,3,0.16942473459545807,0,0
13047,1,8,0,3,0.13047410971460896,0,0
13059,1,9,1,3,0.18677634082636338,0,0
13063,1,16,1,3,0.19772988136308353,0,0
13085,1,5,1,3,0.1267704364089692,0,0
13101,3,6,1,3,0.1914356871722949,0,1
13135,2,26,0,3,0.11352367010984699,0,0
13141,4,5,0,3,0.2485556218864922,0,0
13147,4,8,0,3,0.18613519533250228,0,0
13155,4,7,1,3,0.2410169939759603,0,1
13179,1,9,1,3,0.15994754385805993,0,1
13183,4,5,0,3,0.19819444149997872,0,0
13189,4,4,1,3,0.20961899822161723,0,0
13209,4,7,0,3,0.21405579222377957,0,0
13231,2,8,0,3,0.17037753587617555,0,0
13233,4,8,1,3,0.18642731528346881,0,1
13237,4,5,1,3,0.20024574047492855,0,0
13243,4,8,0,3,0.273042293897863,0,0
13247,2,9,1,3,0.16894086928812724,0,1
13251,4,6,0,3,0.23216629925968443,0,0
13257,3,5,1,3,0.16298617682042188,0,0
13267,4,6,1,3,0.22040000388431305,0,0
13291,3,4,1,3,0.14680761567484948,0,0
13295,3,14,1,3,0.1686231435787124,0,0
13301,4,9,1,3,0.2488610212681388,0,1
13303,4,10,1,3,0.22737351896182184,0,0
13313,4,8,1,3,0.16082403045079616,0,0
13319,4,9,0,3,0.21610683209706452,0,0
16003,2,6,0,3,0.18932432136444585,0,0
16021,3,4,0,3,0.184894930446025,0,0
16025,4,2,1,3,0.270566837137225,0,1
16039,3,7,1,3,0.20931092375118052,0,0
16063,3,6,0,3,0.2773996472778604,0,0
16087,4,5,1,3,0.2722458022891416,0,1
17005,3,12,0,3,0.19463572028136691,0,0
17017,3,7,1,3,0.18486143551271406,0,0
17019,3,35,1,3,0.16162426584319015,0,0
17027,1,17,1,3,0.16567954379414535,0,0
17041,2,13,1,3,0.2018890672284832,0,0
17047,2,6,0,3,0.19289259921352317,0,0
17053,2,21,1,3,0.21206972594028697,0,0
17063,1,16,1,3,0.1734775162901776,0,0
17067,2,19,0,3,0.17522481409443286,0,0
17081,3,17,1,3,0.19553224673382705,0,0
17085,1,15,0,3,0.15645701915700683,0,0
17101,3,7,0,3,0.20366160978967995,0,0
17137,3,16,1,3,0.1916642758402278,0,1
17139,2,11,0,3,0.1959596170085503,0,0
17151,3,10,0,3,0.20580895540525257,0,0
17155,1,8,0,3,0.17227430948793362,0,0
17175,3,10,0,3,0.2293545886787005,0,0
17177,3,19,0,3,0.19800178004044855,0,0
17179,1,21,1,3,0.16044817690921953,0,0
17181,3,13,1,3,0.18635819889722657,0,0
17187,3,14,1,3,0.2147698319989826,0,0
17197,1,45,0,3,0.14729566524316742,0,0
17201,2,26,1,3,0.19055150203921412,0,0
18031,2,10,0,3,0.22318468864471944,0,0
18043,2,10,1,3,0.16117760256238722,0,1
18063,1,19,1,3,0.14955124001454204,0,0
18065,3,22,0,3,0.2518248315714702,0,0
18067,2,10,1,3,0.23892391818588335,0,0
18075,3,9,0,3,0.26880962540440806,0,0
18079,2,13,1,3,0.1997284610634532,0,0
18139,2,16,1,3,0.2655244667678392,0,0
18145,2,17,1,3,0.23786030042726736,0,0
18161,2,6,0,3,0.2359437416706824,0,0
18169,2,14,1,3,0.22330003239152577,0,1
18179,2,16,0,3,0.2158193345453784,0,0
18183,1,10,0,3,0.18065806454459268,0,0
19001,2,14,0,3,0.1860069827169299,0,0
19003,2,9,1,3,0.1956554290890298,0,1
19011,1,24,1,3,0.16705833136267678,0,0
19025,2,14,0,3,0.21132152737563967,0,0
19039,3,9,1,3,0.1954648434568074,0,1
19045,2,20,1,3,0.18985344381137603,0,0
19077,1,18,1,3,0.17175969706595687,0,1
19103,1,24,1,3,0.15393624014957957,0,0
19131,1,12,0,3,0.1848086915164934,0,0
19153,2,41,0,3,0.14598467718885616,0,0
19155,2,24,1,3,0.1654204025835644,0,0
19157,2,17,1,3,0.16716314546066943,0,0
19167,1,19,0,3,0.17139265909480556,0,0
19173,2,11,0,3,0.19867345250379764,0,0
19183,2,13,0,3,0.18605935156410336,0,0
19187,3,22,1,3,0.1895878298128302,0,0
19189,1,11,0,3,0.18220274770507322,0,0
19193,2,25,1,3,0.1721137584298643,0,0
19197,2,16,1,3,0.1975566481944495,0,0
20007,3,11,0,3,0.23526280858303403,0,0
20019,4,10,1,3,0.26881997883073744,0,1
20021,1,13,1,3,0.18817764402040135,0,0
20025,2,6,0,3,0.22541317115089896,0,0
20041,2,12,1,3,0.2297761047233902,0,0
20045,1,12,1,3,0.1702807305144251,0,0
20049,3,10,0,3,0.26583656022159063,0,0
20057,4,10,1,3,0.24754820553679552,0,1
20065,2,13,0,3,0.19076779808467467,0,0
20069,1,7,0,3,0.24133817476570377,0,0
20101,3,5,0,3,0.25604934059355566,0,0
20105,2,10,0,3,0.21210548007779448,0,0
20115,1,19,0,3,0.2137410070583668,0,0
20117,2,13,0,3,0.23081773652216264,0,0
20137,1,7,0,3,0.20338727840030393,0,0
20145,2,9,0,3,0.2078067172723458,0,0
20171,1,4,0,3,0.25156359072769463,0,0
20175,4,6,1,3,0.27979504137481187,0,0
20177,1,29,0,3,0.211342547990199,0,0
20189,4,4,0,3,0.28172378293315137,0,0
20195,1,8,0,3,0.1976041082092605,0,0
20197,1,16,0,3,0.19708580662120134,0,0
21011,4,8,1,3,0.21897230187232783,0,0
21013,4,11,1,3,0.21884082995548035,0,0
21017,3,9,0,3,0.23621626612144744,0,0
21029,1,11,1,3,0.1789333550461745,0,0
21035,4,10,0,3,0.21254057424834177,0,0
21067,2,17,1,3,0.1528629780565926,0,0
21071,4,33,1,3,0.21170497914246653,0,1
21079,3,5,1,3,0.2186094906964902,0,0
21105,4,7,1,3,0.2760808562989006,0,1
21113,3,4,1,3,0.18271460633704556,0,1
21115,4,19,1,3,0.18468787731997235,0,0
21117,2,12,1,3,0.15529548232430493,0,0
21121,4,19,1,3,0.20098692433041657,0,1
21125,4,8,1,3,0.20001325692759406,0,1
21129,4,6,0,3,0.211826428213158,0,0
21133,1,26,1,3,0.20130654911851725,0,0
21145,3,7,1,3,0.21569219954724025,0,1
21159,4,9,1,3,0.1767933978437636,0,0
21165,4,5,0,3,0.2148951058104427,0,0
21173,4,5,1,3,0.2189721548922823,0,0
21201,4,7,1,3,0.22755524069029798,0,1
21215,1,8,0,3,0.18596995538692673,0,0
21221,2,5,1,3,0.22480885701921938,0,0
21227,3,9,1,3,0.18883640426155535,0,0
21233,4,10,0,3,0.25914141937024004,0,0
21237,4,5,1,3,0.22250674875282522,0,1
22023,4,8,1,3,0.27261731643533127,0,1
22029,4,5,0,3,0.267826882317671,0,0
22039,4,12,1,3,0.22482508401857274,0,1
22051,3,17,0,3,0.18099119626920146,0,0
22063,2,17,1,3,0.16364359215455515,0,0
22073,1,14,0,3,0.1820874351712657,0,1
22077,3,17,1,3,0.23032802834098584,0,0
22083,4,6,1,3,0.28187970816794833,0,0
22099,4,8,1,3,0.20245160261852607,0,1
22101,4,8,1,3,0.207483050556959,0,0
22113,3,12,1,3,0.23316988428019567,0,1
22121,2,5,1,3,0.19743608266802254,0,0
23003,4,41,0,3,0.1888716119456995,0,0
23005,1,38,1,3,0.10281893097139456,0,0
23011,2,27,1,3,0.13133421271856807,0,0
23019,1,47,1,3,0.14815225268658969,0,0
23021,3,16,1,3,0.18101040640893942,0,0
24021,1,34,1,3,0.11116744889375525,0,0
24023,2,12,0,3,0.16195139803250752,0,0
24047,2,12,1,3,0.1618199821386197,0,1
24510,1,31,0,3,0.20873790569456552,0,1
25007,1,7,0,3,0.12905081523978568,0,0
25011,2,32,1,3,0.114573998378952,0,0
26003,2,13,0,3,0.17263187349772124,0,0
26017,2,16,1,3,0.20921705105505187,0,0
26019,1,11,0,3,0.14985978373937195,0,0
26021,1,23,1,3,0.2036266164539029,0,0
26029,2,10,0,3,0.14950930415197844,0,0
26049,3,34,1,3,0.1969987286694973,0,0
26075,2,29,1,3,0.19765804975546036,0,0
26081,2,39,1,3,0.16010472019296984,0,0
26087,2,22,1,3,0.18248371218790743,0,0
26093,1,20,1,3,0.13240914014419894,0,0
26095,3,3,0,3,0.20631455678091312,0,0
26101,2,15,1,3,0.16320786129543788,0,0
26117,3,25,0,3,0.19822403325611354,0,0
26133,4,9,0,3,0.20979310137682838,0,0
26137,3,7,1,3,0.16566183696872444,0,0
26149,3,13,1,3,0.2241680827979747,0,1
26157,3,21,1,3,0.2152346417051972,0,0
26159,3,22,1,3,0.20695902585989773,0,0
27001,2,12,1,3,0.1634903681850628,0,0
27015,1,10,0,3,0.15691106133168845,0,0
27019,1,18,0,3,0.11455427625189628,0,0
27025,1,15,1,3,0.13012906250795495,0,0
27031,2,6,0,3,0.12684308830040758,0,0
27043,2,14,0,3,0.1975712527577016,0,0
27045,1,16,0,3,0.146103961183455,0,0
27059,1,12,0,3,0.13364259625017216,0,0
27061,2,30,1,3,0.15295632223309596,0,1
27077,1,4,0,3,0.07291938719562571,0,0
27079,1,13,1,3,0.15401267656976658,0,0
27081,2,12,0,3,0.18448626106536428,0,0
27093,1,13,0,3,0.14429782527109983,0,0
27099,2,19,1,3,0.17106944569393717,0,1
27107,2,14,0,3,0.1950000105788407,0,0
27113,1,7,0,3,0.18680603393732337,0,0
27117,2,9,0,3,0.20696023489824397,0,0
27123,2,26,1,3,0.13528349568593354,0,0
27125,2,9,0,3,0.19434075829517752,0,0
27127,2,22,1,3,0.17325318884860466,0,0
27155,1,9,0,3,0.18705611920044857,0,0
27167,1,12,0,3,0.1653993555821264,0,0
28011,4,17,1,3,0.2849266637371371,0,1
28021,4,5,0,3,0.20720113480834879,0,0
28025,4,8,1,3,0.2057672381976817,0,0
28029,4,9,1,3,0.15645686808692696,0,0
28033,1,10,1,3,0.15534861020100163,0,0
28035,1,8,1,3,0.15278627016661903,0,1
28039,4,3,1,3,0.1684162564345653,0,0
28041,3,7,1,3,0.16452503599539084,0,0
28043,4,7,1,3,0.17381928832746937,0,0
28061,4,14,1,3,0.1784191819525336,0,0
28063,4,7,0,3,0.20305012893896798,0,0
28077,4,8,0,3,0.18042339970154636,0,0
28079,4,7,0,3,0.21074971759496264,0,0
28089,1,12,1,3,0.12402760787775925,0,0
28103,4,6,1,3,0.2454099872852052,0,0
28105,4,6,0,3,0.15623795689901643,0,0
28113,4,8,1,3,0.1947495726487763,0,0
28121,1,12,1,3,0.12569041752147747,0,0
28155,4,10,0,3,0.18238642648025008,0,0
29007,3,14,0,3,0.23452149971809952,0,0
29031,3,19,1,3,0.18566920330997957,0,1
29037,1,18,1,3,0.17062191011759675,0,0
29055,4,12,1,3,0.20767459950383976,0,0
29085,4,13,1,3,0.19925595588566708,0,1
29093,3,16,1,3,0.21231759740046238,0,1
29095,2,55,0,3,0.19329713436613985,0,1
29101,2,19,0,3,0.18581545327808016,0,0
29109,3,21,1,3,0.23223194891148827,0,1
29111,3,12,0,3,0.2242911090883904,0,0
29131,3,17,1,3,0.19453491012266938,0,0
29135,2,13,1,3,0.19004171194932565,0,0
29139,3,11,1,3,0.22295378629236917,0,0
29149,4,12,0,3,0.2466880900211535,0,0
29209,1,17,1,3,0.1956988902885452,0,1
29221,1,16,0,3,0.1947373804667787,0,0
29229,4,11,1,3,0.2518858748751607,0,0
30009,1,13,0,3,0.19652639932607752,0,0
30039,2,5,0,3,0.2034149332972974,0,0
30053,4,6,1,3,0.2063855173833542,0,0
30057,1,18,0,3,0.16693726974496476,0,0
30063,2,16,0,3,0.1485065735205338,0,0
30101,2,8,0,3,0.2450794923061643,0,0
30109,2,2,0,3,0.21778594341289595,0,0
31005,2,8,0,3,0.2077854988043002,0,0
31007,2,8,1,3,0.19458075369137312,0,1
31023,1,14,1,3,0.17326284132033953,0,1
31027,1,13,0,3,0.1699041394293954,0,0
31041,1,21,1,3,0.14699170907206557,0,0
31067,2,18,1,3,0.18723689774552466,0,0
31075,2,3,1,3,0.21386466354972863,0,1
31077,1,8,0,3,0.18111128917455524,0,0
31079,2,11,1,3,0.1527842250901152,0,0
31083,2,8,1,3,0.17989910182752583,0,1
31085,2,8,0,3,0.19974948936389084,0,0
31087,2,6,0,3,0.20693372637796578,0,0
31099,2,11,0,3,0.15327791860302484,0,0
31103,2,4,0,3,0.17912139580472847,0,0
31115,2,5,0,3,0.19398679168046096,0,0
31117,2,5,0,3,0.1811442799835621,0,0
31133,3,11,0,3,0.20428489283018758,0,0
31159,1,18,0,3,0.15078219019957256,0,0
31161,2,9,1,3,0.2330387979430106,0,1
31165,3,8,0,3,0.22491647816965993,0,0
32001,2,2,1,3,0.28054929003175544,0,0
32009,4,4,0,3,0.237698061761234,0,0
32023,1,11,0,3,0.30424782824512114,0,1
34003,1,66,0,3,0.10328409078542694,0,0
34033,2,14,1,3,0.17458716129653074,0,1
35003,3,9,0,3,0.32505955585012536,0,0
35007,4,9,1,3,0.2591885363858694,0,0
35013,1,26,0,3,0.24491543179570022,0,0
35017,4,16,1,3,0.21643334960180582,0,0
35035,4,18,1,3,0.2968254412103721,0,0
35049,2,15,1,3,0.16284890532859497,0,0
36009,1,36,1,3,0.1889006644378673,0,0
36015,2,22,1,3,0.14917891181151885,0,0
36019,2,25,0,3,0.1562297605428009,0,0
36021,2,36,1,3,0.1337487360303493,0,1
36025,3,47,0,3,0.14214996676502625,0,0
36027,1,35,1,3,0.11856587683320659,0,0
36033,3,23,1,3,0.17088942825508077,0,0
36039,2,42,1,3,0.14293327554390456,0,1
36053,1,31,1,3,0.1668688379562645,0,1
36061,2,47,0,3,0.14015497939902266,0,0
36065,2,54,1,3,0.16682589327293137,0,0
36079,1,12,0,3,0.09949717521210713,0,0
36089,3,49,1,3,0.17903938091913452,0,0
36095,2,24,0,3,0.14583170034799353,0,0
36097,2,18,0,3,0.15231200491424587,0,0
36101,3,39,1,3,0.15284546050844416,0,0
36109,1,17,1,3,0.14282885459520633,0,0
36121,2,24,0,3,0.16726850828197026,0,0
36123,2,13,0,3,0.15904740741616438,0,0
37003,2,8,1,3,0.14311897220885658,0,0
37013,4,15,1,3,0.1848326929556405,0,1
37017,4,18,1,3,0.20573338056700183,0,0
37021,2,19,1,3,0.1111068459337561,0,0
37025,2,16,1,3,0.13143483292967775,0,0
37027,3,10,1,3,0.14788199821313897,0,0
37035,2,14,1,3,0.14385353866841052,0,0
37045,1,13,1,3,0.17799113537505223,0,0
37063,2,16,1,3,0.11188443826273164,0,0
37065,4,15,1,3,0.21102278003275146,0,1
37069,3,13,1,3,0.15194237745177816,0,0
37073,2,6,0,3,0.1771839272017224,0,0
37075,4,2,0,3,0.1867866782339577,0,0
37083,4,9,1,3,0.20477584645864136,0,0
37097,2,16,0,3,0.14218492928313134,0,0
37117,4,11,0,3,0.1923727907058893,0,0
37127,3,15,1,3,0.16428966550961654,0,0
37149,2,7,0,3,0.1227606142762293,0,0
37175,3,10,1,3,0.12581159852864526,0,0
37181,4,8,1,3,0.19592203186196358,0,0
37183,1,39,0,3,0.09419120126624249,0,0
38003,1,19,0,3,0.17685850081248455,0,0
38007,2,8,0,3,0.19343157800242855,0,0
38013,1,9,0,3,0.1827158120389623,0,0
38027,2,7,1,3,0.21739808449874107,0,1
38029,2,8,0,3,0.19893260850163852,0,0
38037,2,13,1,3,0.22689986828547914,0,1
38041,2,5,0,3,0.2288953463195712,0,0
38047,1,7,0,3,0.20750033246586216,0,0
38049,1,18,0,3,0.1915115442312119,0,0
38051,2,6,0,3,0.21698597271936734,0,0
38063,1,9,0,3,0.200818497086531,0,0
38065,1,6,0,3,0.19015354362538897,0,0
38075,1,9,0,3,0.1815134250615185,0,0
38077,1,19,0,3,0.16602032988991247,0,0
38079,4,10,0,3,0.28039901766694464,0,0
38081,1,12,0,3,0.16593263652644852,0,0
38083,2,9,0,3,0.22196103940605602,0,0
38089,1,10,0,3,0.16209984352047055,0,0
39023,3,22,1,3,0.22230465487485793,0,0
39025,1,23,1,3,0.15854548729782678,0,0
39033,3,15,0,3,0.21638728954966718,0,0
39049,2,49,0,3,0.16622963393952858,0,0
39051,1,12,0,3,0.22152908701931223,0,0
39053,3,12,0,3,0.19654273179498294,0,0
39055,1,20,1,3,0.14028016254041875,0,0
39057,2,24,0,3,0.17563137574014215,0,0
39087,3,14,1,3,0.19928044594719127,0,0
39111,3,15,1,3,0.19318378462445324,0,0
39113,2,40,0,3,0.20524879462420462,0,0
39119,3,22,1,3,0.19815947275878662,0,0
39127,3,17,1,3,0.2075278094908783,0,1
39129,2,17,1,3,0.1979080082629162,0,1
39139,1,19,1,3,0.18305420052700938,0,0
39141,3,16,1,3,0.20221546975330582,0,0
39149,2,18,0,3,0.22225667021477696,0,0
39163,4,15,0,3,0.21405362316367138,0,0
39171,1,12,1,3,0.2190019160624404,0,1
40019,3,13,1,3,0.26816417838683343,0,0
40021,4,16,1,3,0.2616793016007051,0,1
40025,3,4,1,3,0.30912696868087597,0,1
40033,3,11,0,3,0.32487282825572683,0,0
40055,4,4,1,3,0.28647189057423467,0,1
40057,4,6,0,3,0.30151949283919355,0,0
40059,2,7,1,3,0.25683406306594814,0,1
40069,4,13,1,3,0.3085217932588041,0,1
40075,4,9,1,3,0.3331742184598838,0,1
40077,4,7,1,3,0.25439297161553304,0,1
40079,4,23,1,3,0.2578001775811849,0,0
40087,1,12,0,3,0.24343671065467024,0,0
40091,4,11,1,3,0.2735093968654152,0,0
40093,2,15,0,3,0.25822337480378205,0,0
40103,2,11,0,3,0.22888514051965156,0,0
40109,3,55,0,3,0.22772026747107194,0,1
40115,4,9,1,3,0.2726699930429625,0,1
40123,3,10,1,3,0.2196712975100633,0,1
40125,3,16,0,3,0.24535712114041672,0,1
40129,3,9,0,3,0.2795839683167144,0,0
40143,2,42,0,3,0.1963812722642437,0,0
40153,2,11,1,3,0.2367228198895583,0,0
41001,3,12,1,3,0.2266876876074704,0,0
41007,2,9,0,3,0.1573909145216628,0,0
41029,3,18,1,3,0.2047490676165003,0,0
41039,3,39,1,3,0.16851573581275345,0,0
41043,2,20,1,3,0.2047521262566132,0,0
41051,2,42,0,3,0.15255913776881855,0,0
41061,3,8,1,3,0.21857014459731866,0,0
41071,2,15,0,3,0.16691845672093278,0,0
42011,1,62,1,3,0.1641424492022514,0,0
42015,2,27,1,3,0.16790220645050552,0,0
42019,1,37,0,3,0.11761685877530459,0,0
42027,2,33,1,3,0.13310095760021395,0,0
42029,1,44,0,3,0.12212087060812271,0,0
42039,3,27,1,3,0.16711849046762242,0,1
42049,1,32,0,3,0.16801422524036552,0,0
42053,4,11,1,3,0.1740742694850529,0,1
42071,1,57,0,3,0.16897916361753618,0,0
42083,3,22,0,3,0.15510644754468975,0,0
42097,2,28,1,3,0.16791534985101078,0,0
42109,2,15,1,3,0.1637628737625303,0,0
42115,2,29,1,3,0.15991298651437863,0,1
42119,1,14,1,3,0.1370659782177961,0,1
42121,3,23,0,3,0.14875385153131584,0,0
42131,1,15,0,3,0.13607359250058465,0,0
44009,1,20,1,3,0.11250760775529228,0,0
45015,2,17,1,3,0.16627141464106096,0,0
45017,4,7,1,3,0.21182086872936798,0,0
45035,2,15,1,3,0.15573962418107892,0,0
45055,3,13,1,3,0.16467218146648455,0,1
45059,4,16,1,3,0.18591175137938154,0,0
45085,4,15,1,3,0.2077869677908965,0,0
46025,2,13,0,3,0.18723263189529082,0,0
46049,2,10,0,3,0.18614764553189841,0,0
46059,1,8,1,3,0.18046637997589993,0,1
46065,1,3,1,3,0.16207168463831323,0,0
46099,1,23,1,3,0.13882760326194887,0,0
46103,2,20,1,3,0.1437447468624853,0,0
46117,1,4,0,3,0.16610470256159568,0,0
46125,1,15,0,3,0.18067004599887523,0,0
47003,3,13,1,3,0.2196456739503687,0,0
47029,4,8,0,3,0.22629958571157796,0,0
47053,4,11,1,3,0.2434628983361066,0,0
47061,4,10,0,3,0.22018319571842201,0,0
47065,1,31,0,3,0.15445947474839775,0,0
47085,3,4,1,3,0.2164064599982807,0,0
47091,4,5,0,3,0.2121299375494901,0,0
47099,4,11,1,3,0.21912036630712287,0,1
47111,4,8,1,3,0.22116161778577637,0,0
47115,3,12,0,3,0.1598371566692778,0,0
47139,3,12,1,3,0.19812146785624635,0,0
47141,1,10,1,3,0.20103202350195964,0,0
47149,1,20,1,3,0.1781956091465556,0,0
47151,4,9,0,3,0.19609144564208075,0,0
47159,3,15,1,3,0.20813904598595037,0,0
48011,1,6,0,3,0.24986724558724027,0,0
48017,1,6,1,3,0.2490614955870095,0,1
48037,3,10,1,3,0.19743546819234814,0,0
48051,2,5,1,3,0.24141207471988724,0,0
48053,2,13,1,3,0.21614384165096356,0,1
48063,3,2,1,3,0.21273906956907224,0,0
48075,4,4,1,3,0.2738234245533522,0,1
48079,4,4,0,3,0.3594559853260676,0,0
48101,4,3,1,3,0.2920517968519854,0,1
48111,1,3,0,3,0.25867807447447927,0,0
48119,3,7,1,3,0.256443011015085,0,1
48135,2,8,1,3,0.2258588344886046,0,0
48145,3,17,1,3,0.28214732625941985,0,0
48177,3,14,1,3,0.2615012203464279,0,0
48183,3,10,0,3,0.183921266064823,0,1
48199,2,12,1,3,0.1697842973077114,0,0
48205,1,4,0,3,0.2540049434036071,0,0
48211,1,4,0,3,0.22595071353089705,0,0
48219,4,10,1,3,0.2736773982552215,0,0
48227,3,5,1,3,0.2768838705140323,0,0
48245,3,18,0,3,0.21695867194176688,0,0
48249,4,8,1,3,0.26405599252924417,0,1
48257,2,13,0,3,0.22760364275533396,0,1
48261,4,2,1,3,0.3348842495160285,0,1
48265,3,10,1,3,0.20791316288624714,0,1
48283,3,4,0,3,0.2568631892509609,0,0
48287,2,9,1,3,0.240768626159649,0,0
48297,3,10,0,3,0.26702459219714864,0,0
48301,1,1,0,3,0.28710736905192696,0,0
48305,3,7,0,3,0.260832031313727,0,0
48307,3,6,1,3,0.28419900953990945,0,1
48309,1,29,0,3,0.22427939093028854,0,0
48313,2,5,1,3,0.20776947218547853,0,0
48341,2,6,1,3,0.2513999481289136,0,0
48353,3,9,1,3,0.2349937627776306,0,0
48357,4,5,0,3,0.2984209241959717,0,0
48375,4,16,1,3,0.25429305790342777,0,0
48383,2,2,0,3,0.2527423262796617,0,0
48389,3,4,1,3,0.17409570301874733,0,0
48391,3,5,1,3,0.26686185518885,0,1
48415,3,8,1,3,0.2800282071216377,0,0
48425,3,7,0,3,0.22854929672970387,0,0
48427,4,10,1,3,0.3226901407228729,0,1
48429,4,8,1,3,0.2583355993179215,0,1
48433,3,7,0,3,0.2679361970914153,0,0
48441,1,17,1,3,0.19923638193761545,0,0
48451,1,14,1,3,0.20659715459222414,0,0
48457,3,10,1,3,0.18874013728871733,0,0
48461,2,4,0,3,0.26417140082398644,0,0
48467,3,13,1,3,0.2325757674607683,0,0
48477,2,7,1,3,0.24662227034676304,0,1
48479,4,10,0,3,0.24708650557863324,0,1
48481,1,13,1,3,0.2556355020245278,0,0
48483,3,6,0,3,0.2536036174765468,0,0
48493,2,12,1,3,0.23365687829006507,0,1
49001,2,4,0,3,0.19205545559093662,0,0
49005,3,16,1,3,0.1947961108489145,0,0
49007,3,6,0,3,0.2496303836481123,0,0
49053,2,21,0,3,0.17419046392242155,0,1
49057,1,9,1,3,0.19647631727132164,0,0
50005,2,22,1,3,0.12253211674069169,0,1
50007,1,21,1,3,0.13482942908477435,0,0
50015,2,11,0,3,0.11539163549599658,0,0
51013,1,11,1,3,0.09144660157023277,0,0
51015,2,27,1,3,0.15173308454075363,0,0
51017,4,7,0,3,0.17204477158920364,0,0
51021,2,6,0,3,0.1494838497627323,0,0
51027,4,16,1,3,0.20123355461533005,0,0
51033,1,11,0,3,0.1490778451157614,0,0
51035,3,17,0,3,0.1933311102535817,0,0
51041,1,16,0,3,0.11866680910050632,0,0
51057,4,8,1,3,0.21509341603626564,0,1
51067,3,16,0,3,0.16190892276947533,0,0
51089,4,12,0,3,0.1895841587940151,0,0
51093,1,8,1,3,0.16432260557468417,0,1
51101,1,6,0,3,0.16389557237276914,0,0
51109,2,12,0,3,0.16456921849692147,0,0
51113,2,21,1,3,0.20597423031990533,0,0
51155,3,8,0,3,0.1597384703428091,0,0
51161,1,14,1,3,0.10945445044412415,0,0
51193,2,8,1,3,0.18976112829332645,0,0
51195,4,8,0,3,0.17868747406807314,0,0
51199,1,9,1,3,0.10134352453839067,0,0
51590,4,2,1,3,0.19195572871633193,0,1
51610,1,4,0,3,0.08782393737870356,0,0
51650,2,9,1,3,0.17557891877953827,0,0
51678,3,1,1,3,0.1399783889781498,0,1
51680,3,5,1,3,0.13731730036048892,0,0
51690,4,1,1,3,0.18645204379814712,0,0
51700,3,8,1,3,0.16632853293571834,0,0
51740,1,8,1,3,0.19252500330297856,0,0
51810,1,12,0,3,0.12630196496282692,0,0
53045,2,15,1,3,0.17087218051287464,0,1
53055,1,9,0,3,0.1299864703258291,0,0
53067,1,14,1,3,0.14735929320897279,0,0
54005,4,31,1,3,0.208197890028553,0,0
54011,3,13,1,3,0.1821775842377584,0,0
54031,3,10,0,3,0.2372777531404089,0,0
54041,4,11,1,3,0.20804391055765672,0,0
54043,4,19,0,3,0.21687472391603002,0,0
54049,3,18,1,3,0.18590749184924887,0,1
54061,3,16,1,3,0.14028896274954386,0,0
54069,2,6,1,3,0.17766776041425275,0,1
54075,3,13,0,3,0.2284873724285399,0,0
54087,4,13,0,3,0.22925380845362875,0,0
54101,4,11,0,3,0.2417227383244585,0,0
54103,4,12,1,3,0.21035544149703328,0,0
54109,4,39,0,3,0.16211992729738037,0,0
55003,3,11,0,3,0.1473836460490448,0,0
55015,1,14,1,3,0.14251617383514484,0,0
55045,1,12,1,3,0.14335131957866826,0,1
55059,1,17,1,3,0.14743114044188413,0,0
55065,2,14,1,3,0.1596917519960852,0,0
55067,2,15,0,3,0.1537099674107574,0,0
55071,1,19,1,3,0.14702133236985152,0,0
55083,1,19,1,3,0.14797578008694373,0,1
55087,1,24,1,3,0.13506765029672,0,0
55095,1,20,1,3,0.13644683298642854,0,1
55109,1,18,0,3,0.12465727584901115,0,0
55127,1,16,1,3,0.14912721690473157,0,0
55139,1,18,1,3,0.14509728780382863,0,0
56013,2,11,1,3,0.24985855760183998,0,0
56025,1,11,1,3,0.21613015334737354,0,0
56027,3,5,0,3,0.2807545395348871,0,0
56031,2,5,1,3,0.25308128620098813,0,1
56041,1,5,0,3,0.2250819841230592,0,0
01019,4,11,1,4,0.2178000874142718,0,0
01021,3,14,1,4,0.20926104171623763,0,0
01035,4,13,1,4,0.22919336801362805,0,0
01039,4,13,1,4,0.21862487432028477,0,1
01051,2,13,1,4,0.18230579745833886,0,0
01053,4,9,1,4,0.22549853759087773,0,0
01065,4,9,1,4,0.23085783295101991,0,0
01083,2,15,1,4,0.19267732260031475,0,0
01087,4,13,1,4,0.19139492771328978,0,0
01093,4,12,1,4,0.21313231192393886,0,1
01101,1,24,1,4,0.18756085723853055,0,0
01125,1,27,1,4,0.17846281172315204,0,0
04003,3,23,0,4,0.19533452834437642,0,1
04007,4,13,0,4,0.21386243141171146,0,1
04009,4,10,1,4,0.19872380648878998,0,1
04019,1,48,0,4,0.18342093765086934,0,1
05027,4,7,1,4,0.2230801652816346,0,0
05033,3,11,1,4,0.21837624304283734,0,1
05047,4,13,1,4,0.23171839921264656,0,0
05067,4,11,1,4,0.24545944073988396,0,0
05075,4,14,1,4,0.21860658764876265,0,0
05085,2,11,1,4,0.19130111926878485,0,0
05089,3,17,0,4,0.21322109664775837,0,0
05097,4,9,1,4,0.22645313380876433,0,1
05103,4,8,1,4,0.23335701938129996,0,0
05111,4,10,1,4,0.2332501448388424,0,0
05123,4,13,1,4,0.23231882803648976,0,0
05129,4,10,1,4,0.22698032438555768,0,1
05135,4,13,1,4,0.22456163214326227,0,0
05137,4,16,0,4,0.22697074043524815,0,0
06005,2,12,1,4,0.19182407386822548,0,1
06017,1,23,1,4,0.16976870323169835,0,0
06025,4,17,0,4,0.21269461260097436,0,1
06031,4,12,1,4,0.2031228498025048,0,0
06035,2,17,1,4,0.19063429709766452,0,1
06045,3,29,1,4,0.19427208783263336,0,0
06053,3,31,0,4,0.17730886749377503,0,0
06057,2,12,1,4,0.18015299976761562,0,0
06085,1,63,0,4,0.15076689299545293,0,0
06103,4,15,1,4,0.22205031221403604,0,0
06109,1,16,1,4,0.16103218794052895,0,1
08013,1,22,1,4,0.1613610447166122,0,0
08063,2,6,0,4,0.20039612933435813,0,0
08065,3,2,0,4,0.1626024012977837,0,0
08069,1,24,1,4,0.16438391297669774,0,0
08071,4,11,0,4,0.19265613369306084,0,0
08091,1,3,0,4,0.16253156555527407,0,0
08101,3,15,1,4,0.1986420058799139,0,0
08109,4,8,1,4,0.17948562133489648,0,1
08111,1,2,0,4,0.16242377673162947,0,0
11001,1,29,0,4,0.1503375319716903,0,1
12003,2,5,1,4,0.18093685042285196,0,0
12005,2,16,1,4,0.1756839397653347,0,0
12007,1,9,0,4,0.15505722570625224,0,0
12043,4,5,1,4,0.2127059699958344,0,0
12047,4,3,0,4,0.22110893133928528,0,0
12049,4,4,1,4,0.2203482257372974,0,0
12081,2,21,0,4,0.17489570580316746,0,0
12099,2,53,0,4,0.16467937043516806,0,0
12103,2,48,0,4,0.16891083262323944,0,0
12105,3,41,0,4,0.18797375343640452,0,0
12115,1,28,0,4,0.16670350171981832,0,0
12129,2,4,1,4,0.17973749712867143,0,0
13009,4,6,1,4,0.21533166712974722,0,0
13013,2,8,1,4,0.17676038430125085,0,0
13029,1,3,0,4,0.17070848970834104,0,0
13043,4,4,1,4,0.24035258690370084,0,1
13053,3,2,0,4,0.15272648669414857,0,0
13067,1,23,0,4,0.14253899770257164,0,0
13089,1,36,0,4,0.15915127109931787,0,0
13095,4,6,1,4,0.2210949924801488,0,0
13109,4,6,1,4,0.23348031430545377,0,1
13113,1,8,1,4,0.1468398716199885,0,0
13127,3,8,1,4,0.18441860607963104,0,0
13133,3,7,0,4,0.20802164323060585,0,0
13139,2,19,1,4,0.17030388657885637,0,0
13145,1,12,0,4,0.16288628440351444,0,0
13153,2,12,1,4,0.19149841818409527,0,0
13159,3,6,0,4,0.20841948439141073,0,0
13161,4,4,0,4,0.23798399970730028,0,0
13163,4,9,1,4,0.2422069953472463,0,0
13165,4,5,1,4,0.2529537212023341,0,1
13177,2,7,0,4,0.1912157760244545,0,0
13181,4,2,0,4,0.22424842139778806,0,0
13185,1,11,0,4,0.1978199156614929,0,1
13211,1,9,0,4,0.17472881224540254,0,0
13215,4,11,1,4,0.1870985199189659,0,0
13219,1,8,1,4,0.15368952606803624,0,1
13265,4,4,0,4,0.24233174783479822,0,0
13279,4,3,1,4,0.2267927881321166,0,0
13305,4,6,1,4,0.2139028392566081,0,0
13311,2,7,0,4,0.16781162245663586,0,0
16001,1,17,1,4,0.16381154255611965,0,0
16005,3,10,0,4,0.19545505421688475,0,0
16011,3,11,1,4,0.18814128259097954,0,0
16013,2,8,1,4,0.19617391153076236,0,0
16015,1,8,0,4,0.1801542727807748,0,0
16019,2,14,1,4,0.1768296921456604,0,0
16023,3,3,0,4,0.19265971518390604,0,0
16037,4,7,0,4,0.18943334376629098,0,0
16043,3,9,0,4,0.19705116936301467,0,0
16061,2,7,0,4,0.19440831203938755,0,0
16075,3,7,1,4,0.22205517038446576,0,0
16083,3,10,1,4,0.1961103338649565,0,1
17001,2,23,1,4,0.175830215329328,0,0
17021,2,20,1,4,0.18902982737293056,0,1
17061,2,13,0,4,0.18945921955954018,0,0
17069,3,5,0,4,0.21191579974543534,0,0
17071,2,17,0,4,0.19287281528389322,0,0
17075,2,25,1,4,0.20069834486378055,0,0
17079,2,15,0,4,0.19060093024527933,0,0
17111,1,24,1,4,0.14720111195962193,0,0
17119,2,35,0,4,0.17410994679553884,0,0
17121,3,15,1,4,0.2016962761444275,0,1
17127,3,8,1,4,0.2176342626567722,0,0
17129,1,8,0,4,0.1720945381086142,0,0
17131,1,18,0,4,0.19084215416870745,0,0
17145,3,12,0,4,0.20369080614334228,0,0
17173,2,22,1,4,0.18989178460757622,0,0
17185,2,7,0,4,0.1877807142739087,0,0
17189,1,13,1,4,0.1851293140028518,0,0
17195,2,15,0,4,0.1888684536064101,0,0
17199,3,22,1,4,0.18468997545632787,0,0
18009,3,7,1,4,0.23075502520244498,0,0
18015,2,17,0,4,0.2061463655428388,0,0
18021,2,17,1,4,0.20478077654048454,0,0
18029,1,9,1,4,0.18227028136419265,0,0
18051,2,16,1,4,0.19163002670624105,0,1
18069,2,9,1,4,0.1917004519533273,0,1
18073,1,13,1,4,0.18711460654075288,0,1
18085,1,21,1,4,0.1871797511757627,0,0
18087,1,12,1,4,0.2098278002502144,0,1
18089,2,28,0,4,0.18810128465001147,0,0
18091,3,15,1,4,0.2012529304981997,0,0
18109,1,14,1,4,0.19916453407106918,0,0
18121,3,12,0,4,0.21340471863889063,0,0
18159,2,10,0,4,0.20355356584084322,0,0
18167,1,18,1,4,0.19911898588095117,0,0
19013,3,17,1,4,0.17637947414322927,0,0
19021,2,13,1,4,0.17699287910898745,0,0
19023,1,16,1,4,0.18275048563399507,0,0
19029,2,13,0,4,0.2168552476097927,0,0
19035,2,15,0,4,0.20663047280424043,0,0
19041,2,15,1,4,0.17976507310179843,0,0
19063,2,7,0,4,0.191612990762116,0,0
19067,3,13,1,4,0.19200920747329342,0,0
19073,2,13,0,4,0.19865387095911538,0,0
19079,1,15,1,4,0.1876119207313383,0,0
19085,2,15,0,4,0.18852803684973865,0,0
19117,2,9,0,4,0.20085194934014877,0,0
19143,2,8,0,4,0.19225639072899328,0,0
19147,1,14,0,4,0.17912435685822997,0,0
19169,3,22,1,4,0.16503463015180408,0,0
19171,2,19,0,4,0.206641374853568,0,0
19175,2,10,0,4,0.19959735944460094,0,0
19177,2,13,0,4,0.19550508341392822,0,0
19179,3,12,1,4,0.2025851786332999,0,1
19185,3,12,0,4,0.22692790875525437,0,0
20009,3,10,1,4,0.20453290541805874,0,0
20027,1,10,1,4,0.19639595932290432,0,1
20031,2,10,0,4,0.20921159627686195,0,0
20037,1,15,1,4,0.19667796207623936,0,1
20043,2,10,0,4,0.19690036259062063,0,0
20063,2,10,0,4,0.2266626584451624,0,0
20073,3,11,1,4,0.2377787456767644,0,1
20089,3,14,0,4,0.23477043577527856,0,0
20091,1,34,0,4,0.14830632217252676,0,0
20125,3,13,1,4,0.22962630500725867,0,1
20133,4,11,1,4,0.22994129863553345,0,0
20141,2,12,0,4,0.2056900698777198,0,0
20153,3,10,0,4,0.2140721917412326,0,0
20159,2,13,1,4,0.20181730721245367,0,1
20161,3,14,1,4,0.19075612199258177,0,0
20163,2,10,1,4,0.19003154710405823,0,1
20165,2,10,0,4,0.19386947087975573,0,0
20169,2,9,1,4,0.17981530730888004,0,1
20183,2,10,0,4,0.20324905560919088,0,0
20201,2,15,1,4,0.1967540682826428,0,1
20203,1,3,0,4,0.21035218998133356,0,0
20207,3,10,0,4,0.23962854411508278,0,0
21015,1,9,1,4,0.16422583433724938,0,0
21023,3,7,1,4,0.21200531099764094,0,1
21033,3,6,1,4,0.23376332916248993,0,0
21043,4,10,0,4,0.22329274292687984,0,0
21047,4,15,1,4,0.22020420574014832,0,0
21055,4,5,0,4,0.24595179455856792,0,0
21069,4,7,1,4,0.2281399511490667,0,0
21075,4,3,1,4,0.25845214262292165,0,1
21077,3,6,1,4,0.20700582353449648,0,1
21091,2,5,0,4,0.2059004708322441,0,0
21093,2,17,1,4,0.1971839560150457,0,0
21095,4,27,0,4,0.22925898212017676,0,0
21107,4,13,1,4,0.2222524820637897,0,0
21109,4,5,0,4,0.22748034925658692,0,0
21127,4,10,1,4,0.22393326229113533,0,0
21153,4,4,1,4,0.23237519595889977,0,0
21169,4,10,0,4,0.23786240377219303,0,0
21183,3,16,1,4,0.2217685435203346,0,0
21207,4,7,1,4,0.22921892498046423,0,0
21217,4,6,1,4,0.2189819001839244,0,0
21231,4,5,1,4,0.2344029970475201,0,0
21235,4,7,1,4,0.21935902964727094,0,0
22001,4,15,1,4,0.22034364265422626,0,1
22003,3,13,1,4,0.19847679999104287,0,0
22005,1,8,1,4,0.1672414795851091,0,0
22007,4,9,0,4,0.21203141201736125,0,0
22041,4,7,1,4,0.25120085205519505,0,0
22043,3,8,1,4,0.20271397259546398,0,0
22053,3,10,1,4,0.21425258351072474,0,1
22059,4,8,0,4,0.2225161612083497,0,0
22087,4,6,1,4,0.20027194466431164,0,1
22097,1,18,0,4,0.21043907085950156,0,1
22107,4,4,1,4,0.23745306039493747,0,1
22115,3,13,1,4,0.1922792738768356,0,1
22117,4,6,1,4,0.22800950495279576,0,0
23031,1,36,1,4,0.16223026737464555,0,0
24001,3,15,1,4,0.18953229873978797,0,1
24009,1,14,0,4,0.15841232454834767,0,0
24015,1,15,0,4,0.17879592945748007,0,1
24037,1,26,1,4,0.1590108472888597,0,0
24045,3,16,0,4,0.18073184898742686,0,1
25003,2,36,0,4,0.16111944057888902,0,0
25009,1,45,0,4,0.15316009490057186,0,0
25019,1,2,0,4,0.14448388719891328,0,0
25027,1,87,1,4,0.15465458974863305,0,0
26045,1,19,1,4,0.18167229856833747,0,0
26055,1,9,1,4,0.15728090262458036,0,1
26061,4,20,1,4,0.1714226352385725,0,0
26071,3,8,0,4,0.20057648998805222,0,0
26079,3,8,0,4,0.19945941488283087,0,0
26083,3,6,0,4,0.1814427299392348,0,0
26091,2,23,1,4,0.18852905679845275,0,0
26099,2,39,1,4,0.1853362573695756,0,0
26103,2,15,1,4,0.164519407875574,0,1
26111,2,15,0,4,0.1635415071209691,0,0
26115,1,25,1,4,0.193205387473172,0,0
26119,3,5,0,4,0.20539396198420556,0,0
26123,3,21,1,4,0.19622437839822168,0,0
26143,4,7,0,4,0.20439842650714107,0,0
26151,3,22,1,4,0.2002994160306533,0,0
26155,2,19,1,4,0.1804592330345703,0,0
26161,2,27,1,4,0.156731813023432,0,0
27003,1,20,1,4,0.14951012712918416,0,0
27007,3,18,1,4,0.18474161327989852,0,0
27011,2,10,0,4,0.19425777256984061,0,0
27027,2,15,1,4,0.1730498704553727,0,0
27039,1,10,0,4,0.16330256600983867,0,0
27051,2,11,0,4,0.18675836502249712,0,0
27055,1,9,0,4,0.16254882428594078,0,0
27071,2,13,0,4,0.19319988290273263,0,0
27073,1,10,0,4,0.1889611596582244,0,0
27083,3,14,1,4,0.17197631085337714,0,0
27091,2,15,0,4,0.18410359187718278,0,0
27101,1,16,0,4,0.18174729174142853,0,0
27109,1,19,1,4,0.15236117192254875,0,0
27129,2,16,1,4,0.1835789748945164,0,0
27133,1,12,0,4,0.1742344496755092,0,0
27145,2,33,1,4,0.16663405284457444,0,0
27161,2,13,0,4,0.17948641763646142,0,0
28005,4,9,0,4,0.2043996353609321,0,0
28007,4,11,1,4,0.22210221883003128,0,0
28045,3,10,1,4,0.19433509946872593,0,1
28047,1,13,0,4,0.17443273113202248,0,1
28049,1,21,0,4,0.1940631236806821,0,0
28053,4,8,0,4,0.245345116329644,0,0
28069,4,11,1,4,0.2163906283464426,0,1
28071,4,13,1,4,0.1623942898536758,0,0
28083,4,11,1,4,0.23067101345642152,0,0
28093,3,8,1,4,0.19936751032322333,0,0
28129,4,15,0,4,0.20898558778276685,0,0
28131,4,6,1,4,0.20083176335986316,0,0
28135,4,18,1,4,0.22670092754427829,0,0
28145,3,11,1,4,0.19130820803111934,0,0
28157,4,4,0,4,0.22076952408821066,0,0
28159,4,10,1,4,0.21570371534395505,0,0
29009,4,17,1,4,0.23245407834823636,0,0
29017,4,13,1,4,0.23133962768204946,0,0
29019,1,13,1,4,0.15010001716655336,0,0
29023,4,10,1,4,0.23956941659675599,0,0
29033,3,10,1,4,0.22095576329617075,0,1
29039,4,9,1,4,0.24130052777800132,0,0
29043,1,21,1,4,0.1738315767856186,0,1
29049,1,11,1,4,0.19297161704638607,0,0
29057,3,13,1,4,0.23970812628530125,0,1
29075,3,13,0,4,0.2165341085748912,0,0
29081,4,13,0,4,0.2410034139513496,0,0
29083,4,11,1,4,0.21659261287700396,0,0
29091,4,12,1,4,0.22749326988777388,0,0
29099,1,24,1,4,0.18175512152416634,0,0
29123,3,7,1,4,0.21139731694114114,0,0
29137,3,16,0,4,0.21837177169267089,0,0
29141,4,15,0,4,0.23173286045514233,0,0
29143,4,17,1,4,0.2519702783642954,0,0
29171,3,10,0,4,0.22763862835292517,0,0
29175,3,12,1,4,0.20658714850824955,0,0
29177,2,12,1,4,0.20229581596317675,0,0
29181,4,9,1,4,0.24323773813428406,0,0
29183,1,14,1,4,0.1669287562917118,0,0
29199,3,10,1,4,0.22866608778377337,0,1
29205,3,9,0,4,0.21443046768686824,0,0
29207,1,13,1,4,0.22238817543703662,0,1
29213,3,20,1,4,0.20481715916021692,0,1
29225,3,9,1,4,0.20569415022371096,0,1
29510,4,29,0,4,0.19864451727087754,0,1
30017,2,6,0,4,0.20109682765782808,0,0
30031,2,10,0,4,0.15988812327061974,0,0
30037,3,3,0,4,0.222475144906244,0,0
30049,1,9,1,4,0.16460157193903305,0,0
30055,3,6,0,4,0.23567306232978238,0,0
30065,3,5,0,4,0.22452596887889942,0,0
30067,2,9,0,4,0.17818178599747478,0,0
30089,4,11,0,4,0.22582450103696378,0,0
30095,1,10,0,4,0.18266277486412325,0,0
30103,3,2,0,4,0.2213095038641485,0,0
30111,2,16,1,4,0.17883447332198882,0,0
31003,2,11,1,4,0.18509748385541755,0,1
31009,2,4,0,4,0.17373486502447322,0,0
31013,2,3,1,4,0.21054964832226597,0,0
31033,1,5,1,4,0.19016110260930746,0,1
31045,2,6,1,4,0.18284545816592104,0,1
31049,2,4,0,4,0.213395099439757,0,0
31055,2,35,0,4,0.16527623421208593,0,0
31069,1,9,0,4,0.20879447777071947,0,0
31093,1,11,1,4,0.17534201397719923,0,1
31109,2,42,1,4,0.159094632653615,0,0
31119,2,8,1,4,0.16888981167889874,0,1
31121,3,9,0,4,0.17990030706174792,0,0
31145,2,8,0,4,0.1846976695468092,0,0
31147,2,9,0,4,0.2105357293514224,0,0
31151,3,12,0,4,0.2021457774824367,0,0
31153,1,13,1,4,0.15951223079792498,0,0
31167,2,10,0,4,0.17223116075817138,0,0
31175,2,6,0,4,0.18443478714320002,0,0
31179,2,11,1,4,0.16610081954205716,0,1
32029,1,5,0,4,0.1770066687868833,0,0
32031,2,27,0,4,0.1836118341114577,0,0
34007,1,35,0,4,0.1563230252109376,0,0
34011,1,22,1,4,0.17707816273682095,0,0
34013,2,31,0,4,0.1710226573652676,0,0
34019,1,26,1,4,0.13895892043952254,0,0
34021,1,25,1,4,0.1475868198711526,0,0
34025,1,52,0,4,0.1410919388007714,0,0
34039,1,27,0,4,0.1567704604735617,0,0
35015,3,8,1,4,0.1644354814930678,0,1
35025,3,7,1,4,0.20482347834011283,0,0
35039,1,37,1,4,0.17440532637444447,0,0
35045,4,22,0,4,0.21684613414660658,0,1
35051,4,10,1,4,0.22541308994205914,0,0
35055,4,21,1,4,0.18570851470797956,0,1
35057,4,9,0,4,0.22983441391514697,0,0
36011,1,26,1,4,0.17091431182885333,0,0
36035,3,14,0,4,0.1856566755582402,0,0
36041,2,13,1,4,0.185470304282034,0,1
36057,3,20,1,4,0.18818719898934294,0,1
36063,1,22,1,4,0.19339344857987203,0,0
36103,1,108,0,4,0.14650321815044967,0,0
36107,2,15,1,4,0.17345790426599664,0,0
37001,3,12,1,4,0.18257193820143003,0,0
37005,4,7,0,4,0.21076813272212463,0,0
37033,3,16,0,4,0.19138198617962848,0,0
37041,3,4,1,4,0.1991064075648087,0,0
37055,1,14,1,4,0.16099298629993286,0,0
37071,3,18,1,4,0.17883877234144602,0,0
37085,3,16,1,4,0.17269152333338447,0,0
37087,2,7,0,4,0.18379392293910524,0,0
37089,2,15,1,4,0.1633851497062911,0,0
37095,4,7,0,4,0.22248857393229168,0,0
37105,3,4,1,4,0.1810186391482075,0,1
37129,3,10,1,4,0.1533277729197315,0,0
37139,3,1,0,4,0.19130879888366709,0,0
37153,4,11,1,4,0.21288486969703257,0,0
37159,3,19,1,4,0.18287096226854824,0,0
37171,4,12,1,4,0.19776729652418984,0,0
37185,4,8,1,4,0.2224165723892579,0,0
37193,4,23,1,4,0.1950076827100589,0,0
37197,3,7,0,4,0.19460748971649167,0,0
38005,3,18,0,4,0.22221665395882673,0,0
38021,1,8,0,4,0.1864307119317474,0,0
38033,1,4,0,4,0.19201627105776936,0,0
38057,1,10,0,4,0.1995397342949628,0,0
38071,1,12,0,4,0.13226833936940735,0,0
38087,1,9,0,4,0.19236557958020783,0,0
38097,1,12,0,4,0.170760960390392,0,0
39009,4,18,1,4,0.17874387025601843,0,0
39019,2,20,1,4,0.2029290717624247,0,0
39061,1,57,0,4,0.1755129878521755,0,1
39067,3,16,0,4,0.21692126758872804,0,0
39069,1,17,0,4,0.1969615239033569,0,0
39099,2,36,1,4,0.2104126476320094,0,0
39121,2,15,1,4,0.20256579643065076,0,0
39135,1,16,1,4,0.2165842280129339,0,0
39155,3,30,1,4,0.21351588326256743,0,0
39157,2,27,0,4,0.19910512638807246,0,0
39159,1,20,1,4,0.1730742941528432,0,1
40001,4,8,1,4,0.2587535674269064,0,0
40003,1,13,1,4,0.2073237317806889,0,1
40005,4,15,0,4,0.251474884319535,0,0
40009,3,6,1,4,0.2156332687558275,0,0
40011,3,13,1,4,0.223522667631356,0,1
40027,2,21,0,4,0.18394094173472153,0,0
40049,3,13,1,4,0.23934143610226913,0,0
40053,1,10,1,4,0.21976339476398604,0,1
40067,4,8,1,4,0.26622411004399277,0,1
40071,4,10,1,4,0.2430417775592687,0,1
40073,2,12,1,4,0.22929881807205257,0,0
40083,2,15,1,4,0.2046618788674253,0,1
40105,3,7,1,4,0.25408263311971235,0,1
40117,3,12,1,4,0.23617475902672455,0,0
40121,3,19,1,4,0.23793691228791314,0,1
40127,4,16,1,4,0.25033698487547174,0,0
40145,2,15,1,4,0.20909226178639834,0,1
40149,3,18,1,4,0.21578976859133686,0,0
41005,1,37,1,4,0.16900454478070928,0,0
41009,2,9,1,4,0.18816606319675547,0,1
41017,1,7,1,4,0.17522882592904382,0,0
41021,2,4,0,4,0.23244811509533372,0,0
41031,3,8,1,4,0.21319481448684532,0,0
41047,3,26,1,4,0.20252353825167005,0,0
41049,3,7,1,4,0.23345443433822352,0,0
41053,2,11,1,4,0.18493501503599563,0,0
41055,2,5,0,4,0.22792562191148516,0,0
41057,2,16,0,4,0.1968031233684301,0,0
41059,3,14,1,4,0.2261357328619547,0,0
41063,2,5,0,4,0.21127505437173255,0,0
42001,1,17,1,4,0.17797595094536012,0,0
42009,2,28,1,4,0.19703063209976818,0,0
42031,3,31,0,4,0.181441534074429,0,0
42033,3,51,1,4,0.18839470066742006,0,0
42035,3,15,0,4,0.18167155858345127,0,0
42043,2,30,1,4,0.1864807026796736,0,0
42045,1,44,0,4,0.15711795227216227,0,0
42057,2,17,0,4,0.1984179031904736,0,0
42067,2,13,0,4,0.20422576511361684,0,0
42075,2,19,1,4,0.19224050822763344,0,0
42077,1,34,0,4,0.17859364812106526,0,0
42079,3,50,1,4,0.1811810658096701,0,0
42085,2,28,1,4,0.18840389042919656,0,0
42089,2,35,1,4,0.1675674566039001,0,0
42101,4,46,0,4,0.18059662030941714,0,1
42105,3,15,0,4,0.20770633904871488,0,0
42107,2,59,1,4,0.19859161323042795,0,0
42111,2,40,1,4,0.18985808809563645,0,0
44003,1,9,1,4,0.1514681616664737,0,0
44005,1,8,1,4,0.13790217577031985,0,0
44007,1,39,0,4,0.1624624228975986,0,0
45005,4,6,1,4,0.23906516984614565,0,1
45007,3,19,0,4,0.18701498184238075,0,0
45013,1,16,1,4,0.16829831306634374,0,0
45023,4,10,1,4,0.20941763842324324,0,1
45033,4,11,1,4,0.2288635962406858,0,1
45041,3,12,1,4,0.1949586169077159,0,0
45043,3,5,1,4,0.1957894890587503,0,0
45049,4,13,1,4,0.2319814353926794,0,0
45051,3,16,1,4,0.18287298969603052,0,0
45057,3,5,1,4,0.17969419863225378,0,0
45061,4,12,0,4,0.2228428405976663,0,0
45071,3,11,0,4,0.21229820688326348,0,0
45075,1,24,0,4,0.2257403189751917,0,1
45077,3,15,1,4,0.16870258367538127,0,0
45087,4,9,1,4,0.21537909078539882,0,0
46011,2,12,0,4,0.15167438453445514,0,0
46031,4,15,1,4,0.2448339395382688,0,1
46033,3,9,1,4,0.20599172412194608,0,1
46039,1,12,0,4,0.18231693104679808,0,0
46051,1,12,0,4,0.1763600563229776,0,0
46053,3,8,0,4,0.20425029679922801,0,0
46067,2,13,1,4,0.18555198093689967,0,1
46071,4,12,0,4,0.24140365167745134,0,0
46075,1,5,0,4,0.18048986590862787,0,0
46079,2,14,0,4,0.16488136058936956,0,0
46087,2,12,0,4,0.17551523323003004,0,0
46101,2,13,0,4,0.16720777035313786,0,0
46102,4,11,0,4,0.24898336271236293,0,0
47033,4,8,1,4,0.24173508186732767,0,0
47047,1,15,0,4,0.17981398970709953,0,0
47057,4,9,0,4,0.2314959529084715,0,0
47073,4,12,1,4,0.22858361172247393,0,0
47075,4,6,1,4,0.24679293352622597,0,0
47077,4,14,1,4,0.22990372209928212,0,0
47081,3,13,0,4,0.21249756923395455,0,0
47093,2,30,0,4,0.17917168982271306,0,0
47101,4,7,1,4,0.21318312078189758,0,0
47103,3,12,0,4,0.21341281232869935,0,0
47109,4,15,1,4,0.21970322727084685,0,0
47113,3,13,0,4,0.2143438776931267,0,1
47123,4,9,1,4,0.21067012463452042,0,1
47127,3,10,0,4,0.20579978472604485,0,0
47145,2,10,1,4,0.19489316507957016,0,0
47155,3,10,1,4,0.21838353793173587,0,0
47171,4,6,0,4,0.2213350879469769,0,0
47175,4,7,1,4,0.22796066136366727,0,1
47183,4,12,1,4,0.22196690810024594,0,1
48019,2,7,1,4,0.21354841968063015,0,0
48023,2,2,1,4,0.21300237034999378,0,1
48031,1,8,1,4,0.20537634237791952,0,1
48039,1,20,0,4,0.1860497051655684,0,0
48043,3,4,1,4,0.19634933770558977,0,1
48055,3,14,1,4,0.21552145210772755,0,0
48069,3,10,0,4,0.21736745142982306,0,0
48089,2,18,1,4,0.2225290326697231,0,0
48091,1,14,1,4,0.17425881798412576,0,0
48097,2,14,1,4,0.20730132908480536,0,1
48099,1,17,1,4,0.1257080990344221,0,1
48125,4,7,1,4,0.2376945991642971,0,1
48127,4,6,1,4,0.25300420333234686,0,1
48129,3,6,0,4,0.22384025146930545,0,0
48155,4,3,0,4,0.23400837963406343,0,0
48157,1,34,0,4,0.1673460275199512,0,0
48161,4,9,1,4,0.21912255045102588,0,0
48179,4,7,0,4,0.2290683121350712,0,0
48185,3,11,1,4,0.22617026445769303,0,0
48193,3,10,1,4,0.2318603859020443,0,1
48209,2,14,1,4,0.16912786418342843,0,0
48215,4,28,0,4,0.22757434347884223,0,0
48223,3,13,1,4,0.212500005156719,0,0
48229,3,6,0,4,0.18389252235923578,0,0
48235,2,4,0,4,0.1829874557059883,0,0
48241,4,9,1,4,0.21988796463690036,0,1
48263,3,4,0,4,0.21467597886806214,0,0
48267,1,6,0,4,0.18387924350699864,0,0
48269,4,2,1,4,0.24169167727957241,0,1
48273,4,4,1,4,0.20981166487994443,0,0
48281,2,6,1,4,0.20621434735446478,0,0
48293,4,14,1,4,0.23253531534719707,0,0
48295,2,7,0,4,0.2036895185518014,0,0
48299,1,10,1,4,0.19892660097084708,0,0
48303,1,25,1,4,0.195439608739298,0,0
48317,1,8,1,4,0.17724726305833705,0,1
48323,4,3,1,4,0.23327166186669854,0,1
48331,3,13,1,4,0.23497566060843314,0,0
48337,3,10,1,4,0.23112980356027502,0,0
48339,1,27,0,4,0.17560583153926568,0,0
48343,4,7,1,4,0.2269531491751589,0,0
48361,2,4,1,4,0.2030675656736306,0,0
48377,4,4,1,4,0.25502015660478505,0,1
48385,4,8,0,4,0.24596611788553582,0,0
48407,4,8,1,4,0.22420773952480144,0,0
48417,4,5,0,4,0.19045089986546715,0,0
48435,1,2,0,4,0.15324299012762327,0,0
48437,4,5,1,4,0.24682951196900318,0,1
48445,4,6,1,4,0.24239276404745919,0,0
48447,4,7,0,4,0.21856328400836855,0,0
48455,4,7,1,4,0.2136565768019026,0,0
48459,3,12,1,4,0.2093486097814224,0,0
48471,4,9,1,4,0.189521641172776,0,0
48489,4,6,0,4,0.2500605183805136,0,0
48491,1,25,0,4,0.16480025047747912,0,0
48497,2,17,1,4,0.19865971376068806,0,1
48505,4,5,1,4,0.24708724675497978,0,0
49013,2,12,0,4,0.2068237484371213,0,0
49015,2,9,0,4,0.19209510296949592,0,0
49021,4,10,1,4,0.18024881332698278,0,0
49031,3,6,0,4,0.19689133616922486,0,0
49037,3,12,1,4,0.2109241258743163,0,0
49043,1,9,1,4,0.16218269379715164,0,1
49055,2,6,0,4,0.18080430514886547,0,0
51007,1,5,1,4,0.20276026268906708,0,0
51009,2,9,1,4,0.19107652273998446,0,1
51023,1,12,0,4,0.16988970055786223,0,0
51029,3,11,0,4,0.20503640779041196,0,0
51045,1,5,0,4,0.16170393133626232,0,0
51053,3,12,0,4,0.20717439738218252,0,0
51061,1,24,1,4,0.15635404403660028,0,0
51071,2,10,0,4,0.18009199398490866,0,0
51075,1,15,1,4,0.15211851862794085,0,0
51081,4,4,1,4,0.2183721417601955,0,0
51083,3,14,1,4,0.22007021014935207,0,1
51095,1,4,1,4,0.1506028894379841,0,0
51097,2,14,0,4,0.19980524652170578,0,0
51105,4,11,1,4,0.22035692385957742,0,0
51107,1,21,1,4,0.13577803411014766,0,0
51117,3,13,1,4,0.2152955297204462,0,1
51119,1,12,1,4,0.19429776947382624,0,1
51131,3,11,1,4,0.20412532876232034,0,0
51135,4,7,1,4,0.21174028863092403,0,0
51159,3,5,1,4,0.2066174592908604,0,1
51165,2,22,0,4,0.17477865853109714,0,0
51171,2,14,1,4,0.18890807198056403,0,1
51181,3,10,0,4,0.21093502747665166,0,0
51183,1,11,0,4,0.07059545858749543,0,0
51191,2,10,1,4,0.19086868113838648,0,0
51520,4,2,1,4,0.22227078420693266,0,0
51580,3,1,0,4,0.1985043327775084,0,0
51595,4,1,1,4,0.21829963499349364,0,1
51710,1,15,1,4,0.17939370613395011,0,0
51730,3,2,1,4,0.2038812961629763,0,1
51735,1,1,0,4,0.15366874164144537,0,0
51760,1,15,0,4,0.17898931323114098,0,0
51790,1,2,0,4,0.17336404139620679,0,0
51820,3,1,0,4,0.19264099707629592,0,0
51830,1,2,0,4,0.15181797587969714,0,0
53003,3,3,1,4,0.21468311170008023,0,0
53005,2,12,1,4,0.18915572110239945,0,0
53013,3,5,0,4,0.2148243413334827,0,0
53021,3,7,1,4,0.1996069388737905,0,0
53031,2,9,1,4,0.18515057739149735,0,0
53037,3,12,0,4,0.1895765266079442,0,0
53043,2,14,0,4,0.2112805631041665,0,0
53051,3,9,0,4,0.2093455053375209,0,0
53073,2,18,1,4,0.1689313291221918,0,0
54003,2,11,1,4,0.201752188719002,0,0
54007,4,18,0,4,0.2282082467849268,0,0
54009,2,8,1,4,0.21029474722978617,0,0
54023,3,12,0,4,0.22503685097522938,0,0
54027,3,20,0,4,0.22480405009304147,0,0
54037,1,9,1,4,0.1876792359814691,0,0
54045,4,33,0,4,0.22692457127407767,0,0
54057,2,10,0,4,0.20374907256317756,0,0
54059,4,18,1,4,0.22673144473619947,0,0
54077,3,16,0,4,0.21916152008329928,0,0
54083,4,22,1,4,0.21217573237504356,0,0
54099,4,17,1,4,0.22574925170799465,0,1
55009,1,19,1,4,0.14976010751514462,0,0
55011,1,9,0,4,0.17967969857296096,0,0
55063,2,15,1,4,0.15920485103169726,0,0
55091,1,6,0,4,0.17268068657024535,0,0
55097,2,21,1,4,0.15201892700467481,0,0
55121,1,14,1,4,0.16740442045007814,0,0
55123,3,18,1,4,0.18252478243142076,0,0
55125,2,12,1,4,0.17824932243439742,0,0
56021,1,12,1,4,0.178894000335974,0,0
